target,cell_line,y_true,y_pred_proba
Hum_XLOC_000006,HAP1,0.0,0.03721088916063309
Hum_XLOC_000008,HAP1,0.0,0.13427887856960297
Hum_XLOC_000016,HAP1,0.0,0.029390733689069748
Hum_XLOC_000030,HAP1,0.0,0.058941248804330826
Hum_XLOC_000033,HAP1,0.0,0.10735400766134262
Hum_XLOC_000039,HAP1,0.0,0.09893453866243362
Hum_XLOC_000053,HAP1,0.0,0.09197206050157547
Hum_XLOC_000057,HAP1,0.0,0.04381851851940155
Hum_XLOC_000060,HAP1,0.0,0.07209550589323044
Hum_XLOC_000080,HAP1,0.0,0.026776114478707314
Hum_XLOC_000094,HAP1,0.0,0.05307075008749962
Hum_XLOC_000100,HAP1,0.0,0.02773500792682171
Hum_XLOC_000105,HAP1,0.0,0.009963512420654297
Hum_XLOC_000107,HAP1,1.0,0.01405274122953415
Hum_XLOC_000111,HAP1,0.0,0.048928722739219666
Hum_XLOC_000134,HAP1,0.0,0.021566815674304962
Hum_XLOC_000143,HAP1,0.0,0.04646085202693939
Hum_XLOC_000145,HAP1,0.0,0.12116696685552597
Hum_XLOC_000149,HAP1,0.0,0.06573337316513062
Hum_XLOC_000155,HAP1,1.0,0.000988401472568512
Hum_XLOC_000169,HAP1,0.0,0.03775201737880707
Hum_XLOC_000170,HAP1,0.0,0.0577847994863987
Hum_XLOC_000194,HAP1,0.0,0.08697258681058884
Hum_XLOC_000201,HAP1,0.0,0.09948614239692688
Hum_XLOC_000231,HAP1,0.0,0.10865409672260284
Hum_XLOC_000233,HAP1,0.0,0.005731767974793911
Hum_XLOC_000245,HAP1,0.0,0.09260662645101547
Hum_XLOC_000247,HAP1,0.0,0.11117802560329437
Hum_XLOC_000248,HAP1,0.0,0.045055635273456573
Hum_XLOC_000265,HAP1,0.0,0.021741198375821114
Hum_XLOC_000282,HAP1,0.0,0.0653892233967781
Hum_XLOC_000286,HAP1,0.0,0.15758217871189117
Hum_XLOC_000292,HAP1,0.0,0.08169125765562057
Hum_XLOC_000307,HAP1,1.0,0.08919553458690643
Hum_XLOC_000308,HAP1,0.0,0.033497944474220276
Hum_XLOC_000312,HAP1,0.0,0.03949318081140518
Hum_XLOC_000314,HAP1,0.0,0.0020613668020814657
Hum_XLOC_000317,HAP1,0.0,0.03002779185771942
Hum_XLOC_000319,HAP1,0.0,0.0003058967413380742
Hum_XLOC_000332,HAP1,0.0,0.006348146125674248
Hum_XLOC_000338,HAP1,0.0,0.024234803393483162
Hum_XLOC_000342,HAP1,0.0,0.03866761922836304
Hum_XLOC_000345,HAP1,0.0,0.024249613285064697
Hum_XLOC_000362,HAP1,0.0,0.08840969204902649
Hum_XLOC_000377,HAP1,0.0,0.21829913556575775
Hum_XLOC_000390,HAP1,0.0,0.06448855996131897
Hum_XLOC_000394,HAP1,0.0,0.04917040094733238
Hum_XLOC_000411,HAP1,0.0,0.04028268903493881
Hum_XLOC_000415,HAP1,0.0,0.06499937921762466
Hum_XLOC_000430,HAP1,0.0,0.2650805115699768
Hum_XLOC_000436,HAP1,0.0,0.2556886076927185
Hum_XLOC_000437,HAP1,0.0,0.012225447222590446
Hum_XLOC_000456,HAP1,0.0,0.2967376708984375
Hum_XLOC_000461,HAP1,0.0,0.13797229528427124
Hum_XLOC_000462,HAP1,0.0,0.2639400064945221
Hum_XLOC_000465,HAP1,0.0,0.09374702721834183
Hum_XLOC_000472,HAP1,0.0,0.0837964192032814
Hum_XLOC_000474,HAP1,0.0,0.015630526468157768
Hum_XLOC_000478,HAP1,0.0,0.26454630494117737
Hum_XLOC_000486,HAP1,0.0,0.026217397302389145
Hum_XLOC_000490,HAP1,0.0,0.018871387466788292
Hum_XLOC_000498,HAP1,0.0,0.038371216505765915
Hum_XLOC_000500,HAP1,0.0,0.01329121645539999
Hum_XLOC_000510,HAP1,0.0,0.13727320730686188
Hum_XLOC_000535,HAP1,0.0,0.17648334801197052
Hum_XLOC_000540,HAP1,0.0,0.05799685791134834
Hum_XLOC_000556,HAP1,0.0,0.004846683703362942
Hum_XLOC_000574,HAP1,0.0,0.08284220099449158
Hum_XLOC_000575,HAP1,0.0,0.07223016768693924
Hum_XLOC_000582,HAP1,0.0,0.0017311794217675924
Hum_XLOC_000590,HAP1,0.0,0.022347688674926758
Hum_XLOC_000601,HAP1,0.0,0.0367441326379776
Hum_XLOC_000604,HAP1,0.0,0.019245570525527
Hum_XLOC_000608,HAP1,0.0,0.14525647461414337
Hum_XLOC_000612,HAP1,0.0,0.0257594995200634
Hum_XLOC_000636,HAP1,0.0,0.07346513122320175
Hum_XLOC_000638,HAP1,0.0,0.09593357890844345
Hum_XLOC_000641,HAP1,0.0,0.10768701136112213
Hum_XLOC_000655,HAP1,0.0,0.27839532494544983
Hum_XLOC_000668,HAP1,0.0,0.11880423128604889
Hum_XLOC_000680,HAP1,0.0,0.008402267470955849
Hum_XLOC_000681,HAP1,0.0,0.037543028593063354
Hum_XLOC_000695,HAP1,0.0,0.13718731701374054
Hum_XLOC_000702,HAP1,0.0,0.06609494239091873
Hum_XLOC_000726,HAP1,0.0,0.1547766476869583
Hum_XLOC_000727,HAP1,0.0,0.0017615837277844548
Hum_XLOC_000758,HAP1,0.0,0.015765082091093063
Hum_XLOC_000773,HAP1,0.0,0.12774138152599335
Hum_XLOC_000774,HAP1,0.0,0.14085815846920013
Hum_XLOC_000797,HAP1,0.0,0.1910315304994583
Hum_XLOC_000799,HAP1,0.0,0.10874521732330322
Hum_XLOC_000800,HAP1,0.0,0.07025443762540817
Hum_XLOC_000807,HAP1,0.0,0.016181785613298416
Hum_XLOC_000818,HAP1,0.0,0.07193166762590408
Hum_XLOC_000828,HAP1,0.0,0.05941810458898544
Hum_XLOC_000831,HAP1,0.0,0.03255848214030266
Hum_XLOC_000835,HAP1,0.0,0.07930150628089905
Hum_XLOC_000840,HAP1,0.0,0.13744543492794037
Hum_XLOC_000841,HAP1,0.0,0.1371702402830124
Hum_XLOC_000842,HAP1,0.0,0.025198888033628464
Hum_XLOC_000854,HAP1,0.0,0.02120766043663025
Hum_XLOC_000855,HAP1,0.0,0.012458140030503273
Hum_XLOC_000883,HAP1,0.0,0.050354864448308945
Hum_XLOC_000885,HAP1,0.0,0.03161304444074631
Hum_XLOC_000905,HAP1,0.0,0.014804619364440441
Hum_XLOC_000917,HAP1,0.0,0.04814400151371956
Hum_XLOC_000925,HAP1,0.0,0.009472747333347797
Hum_XLOC_000944,HAP1,0.0,0.01026961486786604
Hum_XLOC_000949,HAP1,0.0,0.032727643847465515
Hum_XLOC_000953,HAP1,0.0,0.0080338716506958
Hum_XLOC_000964,HAP1,0.0,0.02877451851963997
Hum_XLOC_000990,HAP1,0.0,0.0005392999155446887
Hum_XLOC_000994,HAP1,0.0,0.03936498239636421
Hum_XLOC_001020,HAP1,0.0,0.013833549804985523
Hum_XLOC_001029,HAP1,0.0,0.2168661504983902
Hum_XLOC_001066,HAP1,1.0,0.00967148132622242
Hum_XLOC_001120,HAP1,0.0,0.03708731010556221
Hum_XLOC_001121,HAP1,0.0,0.06982993334531784
Hum_XLOC_001122,HAP1,0.0,0.20875968039035797
Hum_XLOC_001125,HAP1,0.0,0.14881451427936554
Hum_XLOC_001132,HAP1,0.0,0.05977114662528038
Hum_XLOC_001138,HAP1,0.0,0.02157718688249588
Hum_XLOC_001144,HAP1,0.0,0.04022593796253204
Hum_XLOC_001146,HAP1,0.0,0.030983904376626015
Hum_XLOC_001188,HAP1,0.0,0.013181114569306374
Hum_XLOC_001191,HAP1,0.0,0.06008465588092804
Hum_XLOC_001192,HAP1,0.0,0.029840199276804924
Hum_XLOC_001217,HAP1,0.0,0.07067357003688812
Hum_XLOC_001222,HAP1,0.0,0.0057336920872330666
Hum_XLOC_001228,HAP1,0.0,0.01241601724177599
Hum_XLOC_001230,HAP1,0.0,0.03255776688456535
Hum_XLOC_001237,HAP1,0.0,0.10667189955711365
Hum_XLOC_001243,HAP1,0.0,0.17367132008075714
Hum_XLOC_001275,HAP1,0.0,0.02624119445681572
Hum_XLOC_001279,HAP1,0.0,0.010463244281709194
Hum_XLOC_001291,HAP1,0.0,0.2823329567909241
Hum_XLOC_001296,HAP1,0.0,0.24761681258678436
Hum_XLOC_001297,HAP1,0.0,0.1475095897912979
Hum_XLOC_001309,HAP1,0.0,0.05768457427620888
Hum_XLOC_001329,HAP1,0.0,0.010454094037413597
Hum_XLOC_001330,HAP1,0.0,0.003348368452861905
Hum_XLOC_001355,HAP1,0.0,0.040101148188114166
Hum_XLOC_001366,HAP1,0.0,0.006800438743084669
Hum_XLOC_001367,HAP1,0.0,0.12208323925733566
Hum_XLOC_001375,HAP1,0.0,0.08395976573228836
Hum_XLOC_001390,HAP1,0.0,1.1857989193231333e-05
Hum_XLOC_001405,HAP1,0.0,0.025714747607707977
Hum_XLOC_001461,HAP1,0.0,0.08798076212406158
Hum_XLOC_001465,HAP1,0.0,0.06246041879057884
Hum_XLOC_001488,HAP1,0.0,0.058837246149778366
Hum_XLOC_001490,HAP1,0.0,0.01615150086581707
Hum_XLOC_001509,HAP1,0.0,0.0714549720287323
Hum_XLOC_001516,HAP1,0.0,0.23404823243618011
Hum_XLOC_001532,HAP1,0.0,0.021271854639053345
Hum_XLOC_001539,HAP1,0.0,0.001650834921747446
Hum_XLOC_001541,HAP1,0.0,0.18057069182395935
Hum_XLOC_001542,HAP1,0.0,0.2063538134098053
Hum_XLOC_001548,HAP1,1.0,0.004729675594717264
Hum_XLOC_001559,HAP1,0.0,0.031827785074710846
Hum_XLOC_001565,HAP1,0.0,0.06474936008453369
Hum_XLOC_001566,HAP1,0.0,0.047362275421619415
Hum_XLOC_001575,HAP1,0.0,0.16978320479393005
Hum_XLOC_001580,HAP1,0.0,0.061855532228946686
Hum_XLOC_001590,HAP1,0.0,0.04869306832551956
Hum_XLOC_001615,HAP1,0.0,0.07639933377504349
Hum_XLOC_001624,HAP1,0.0,0.17571726441383362
Hum_XLOC_001639,HAP1,0.0,0.030224690213799477
Hum_XLOC_001661,HAP1,0.0,0.012921123765408993
Hum_XLOC_001666,HAP1,0.0,0.0005562754813581705
Hum_XLOC_001668,HAP1,0.0,0.04059790447354317
Hum_XLOC_001688,HAP1,0.0,0.04966998100280762
Hum_XLOC_001689,HAP1,0.0,0.014448538422584534
Hum_XLOC_001695,HAP1,0.0,0.11438596248626709
Hum_XLOC_001696,HAP1,0.0,0.10304135084152222
Hum_XLOC_001698,HAP1,0.0,0.014953644946217537
Hum_XLOC_001707,HAP1,0.0,0.10309859365224838
Hum_XLOC_001760,HAP1,0.0,0.1517007052898407
Hum_XLOC_001761,HAP1,0.0,0.08186235278844833
Hum_XLOC_001773,HAP1,0.0,0.12654893100261688
Hum_XLOC_001775,HAP1,0.0,0.284779816865921
Hum_XLOC_001779,HAP1,0.0,0.010807966813445091
Hum_XLOC_001783,HAP1,0.0,0.1321454495191574
Hum_XLOC_001791,HAP1,0.0,0.10095234960317612
Hum_XLOC_001805,HAP1,0.0,0.0679679811000824
Hum_XLOC_001809,HAP1,0.0,0.00047848219401203096
Hum_XLOC_001848,HAP1,0.0,0.005535040982067585
Hum_XLOC_001919,HAP1,1.0,0.02246875874698162
Hum_XLOC_001941,HAP1,0.0,0.04747503623366356
Hum_XLOC_001942,HAP1,0.0,0.0097434027120471
Hum_XLOC_001949,HAP1,0.0,0.0017114091897383332
Hum_XLOC_001950,HAP1,0.0,0.10466914623975754
Hum_XLOC_001953,HAP1,0.0,0.02974255010485649
Hum_XLOC_001957,HAP1,0.0,0.007843593135476112
Hum_XLOC_001961,HAP1,0.0,0.021108277142047882
Hum_XLOC_001969,HAP1,0.0,0.14563556015491486
Hum_XLOC_002024,HAP1,0.0,0.06731011718511581
Hum_XLOC_002028,HAP1,0.0,0.002280948916450143
Hum_XLOC_002033,HAP1,0.0,0.131247416138649
Hum_XLOC_002036,HAP1,0.0,0.13272063434123993
Hum_XLOC_002037,HAP1,0.0,0.011615894734859467
Hum_XLOC_002041,HAP1,0.0,0.01932845264673233
Hum_XLOC_002059,HAP1,0.0,0.02263251692056656
Hum_XLOC_002061,HAP1,0.0,0.00011042611004086211
Hum_XLOC_002068,HAP1,0.0,0.005811173003166914
Hum_XLOC_002081,HAP1,0.0,0.0982431098818779
Hum_XLOC_002093,HAP1,0.0,0.2166605144739151
Hum_XLOC_002099,HAP1,0.0,0.0734909251332283
Hum_XLOC_002144,HAP1,0.0,0.033123016357421875
Hum_XLOC_002150,HAP1,0.0,0.0031081573106348515
Hum_XLOC_002152,HAP1,0.0,0.07288645952939987
Hum_XLOC_002154,HAP1,0.0,0.04970458522439003
Hum_XLOC_002169,HAP1,0.0,0.2747306823730469
Hum_XLOC_002170,HAP1,0.0,0.01768590323626995
Hum_XLOC_002176,HAP1,0.0,0.08993594348430634
Hum_XLOC_002178,HAP1,0.0,0.02197648212313652
Hum_XLOC_002186,HAP1,1.0,0.008015401661396027
Hum_XLOC_002204,HAP1,0.0,0.12298846244812012
Hum_XLOC_002205,HAP1,0.0,0.011424530297517776
Hum_XLOC_002219,HAP1,0.0,0.12107854336500168
Hum_XLOC_002244,HAP1,0.0,0.0281412024050951
Hum_XLOC_002252,HAP1,0.0,0.013297654688358307
Hum_XLOC_002261,HAP1,0.0,0.08906948566436768
Hum_XLOC_002262,HAP1,0.0,0.009384931065142155
Hum_XLOC_002265,HAP1,0.0,0.13594886660575867
Hum_XLOC_002271,HAP1,0.0,0.044256094843149185
Hum_XLOC_002280,HAP1,0.0,0.06895268708467484
Hum_XLOC_002282,HAP1,1.0,0.09361385554075241
Hum_XLOC_002283,HAP1,0.0,0.002176398877054453
Hum_XLOC_002284,HAP1,0.0,0.021179616451263428
Hum_XLOC_002294,HAP1,0.0,0.02639724500477314
Hum_XLOC_002296,HAP1,0.0,0.20286856591701508
Hum_XLOC_002299,HAP1,0.0,0.11874234676361084
Hum_XLOC_002301,HAP1,0.0,0.01906457357108593
Hum_XLOC_002306,HAP1,0.0,0.02857365272939205
Hum_XLOC_002311,HAP1,0.0,0.13970105350017548
Hum_XLOC_002313,HAP1,1.0,0.07466977834701538
Hum_XLOC_002314,HAP1,1.0,0.15437518060207367
Hum_XLOC_002327,HAP1,0.0,0.028710102662444115
Hum_XLOC_002330,HAP1,0.0,0.019524987787008286
Hum_XLOC_002338,HAP1,0.0,0.18013231456279755
Hum_XLOC_002344,HAP1,0.0,0.06597571820020676
Hum_XLOC_002347,HAP1,0.0,0.001039506634697318
Hum_XLOC_002348,HAP1,0.0,0.018592752516269684
Hum_XLOC_002362,HAP1,0.0,0.043802376836538315
Hum_XLOC_002364,HAP1,0.0,0.007108062971383333
Hum_XLOC_002383,HAP1,0.0,0.019893614575266838
Hum_XLOC_002386,HAP1,0.0,0.03345717489719391
Hum_XLOC_002390,HAP1,0.0,0.05824040621519089
Hum_XLOC_002394,HAP1,0.0,0.06059079244732857
Hum_XLOC_002398,HAP1,0.0,0.01455765776336193
Hum_XLOC_002399,HAP1,0.0,0.0013418837916105986
Hum_XLOC_002408,HAP1,0.0,0.01589381881058216
Hum_XLOC_002414,HAP1,0.0,0.00352681172080338
Hum_XLOC_002418,HAP1,0.0,0.053951628506183624
Hum_XLOC_002435,HAP1,1.0,0.013047424145042896
Hum_XLOC_002440,HAP1,0.0,0.01888144202530384
Hum_XLOC_002489,HAP1,0.0,0.13577429950237274
Hum_XLOC_002490,HAP1,0.0,0.004442101810127497
Hum_XLOC_002493,HAP1,0.0,0.021329812705516815
Hum_XLOC_002520,HAP1,0.0,0.1515047252178192
Hum_XLOC_002524,HAP1,0.0,0.019227616488933563
Hum_XLOC_002546,HAP1,0.0,0.06579314172267914
Hum_XLOC_002560,HAP1,0.0,0.08811327815055847
Hum_XLOC_002570,HAP1,0.0,0.021735655143857002
Hum_XLOC_002577,HAP1,0.0,0.2272084802389145
Hum_XLOC_002579,HAP1,0.0,0.00045312134898267686
Hum_XLOC_002586,HAP1,0.0,0.00018550181994214654
Hum_XLOC_002589,HAP1,0.0,0.03062630258500576
Hum_XLOC_002629,HAP1,0.0,0.058727968484163284
Hum_XLOC_002631,HAP1,0.0,0.14704281091690063
Hum_XLOC_002635,HAP1,0.0,0.03384312242269516
Hum_XLOC_002644,HAP1,0.0,0.12588365375995636
Hum_XLOC_002646,HAP1,0.0,0.021305758506059647
Hum_XLOC_002653,HAP1,0.0,0.06682895869016647
Hum_XLOC_002681,HAP1,0.0,0.10842417925596237
Hum_XLOC_002695,HAP1,0.0,0.0770939290523529
Hum_XLOC_002702,HAP1,0.0,0.001460551400668919
Hum_XLOC_002705,HAP1,0.0,0.04891752079129219
Hum_XLOC_002711,HAP1,0.0,0.1256856620311737
Hum_XLOC_002714,HAP1,0.0,0.11733736842870712
Hum_XLOC_002717,HAP1,0.0,0.17394745349884033
Hum_XLOC_002725,HAP1,0.0,0.022346267476677895
Hum_XLOC_002741,HAP1,0.0,0.005562705919146538
Hum_XLOC_002742,HAP1,1.0,0.025547021999955177
Hum_XLOC_002744,HAP1,0.0,0.010031231679022312
Hum_XLOC_002760,HAP1,0.0,0.02805987000465393
Hum_XLOC_002788,HAP1,0.0,0.06863138824701309
Hum_XLOC_002792,HAP1,0.0,0.14386916160583496
Hum_XLOC_002796,HAP1,0.0,0.03812732547521591
Hum_XLOC_002817,HAP1,0.0,0.020254170522093773
Hum_XLOC_002836,HAP1,1.0,0.3876137435436249
Hum_XLOC_002844,HAP1,0.0,0.023481352254748344
Hum_XLOC_002845,HAP1,0.0,0.21077607572078705
Hum_XLOC_002859,HAP1,0.0,0.02715657651424408
Hum_XLOC_002889,HAP1,0.0,0.03682287037372589
Hum_XLOC_002911,HAP1,0.0,0.0007396846194751561
Hum_XLOC_002935,HAP1,0.0,0.03798804059624672
Hum_XLOC_002937,HAP1,0.0,0.07787501066923141
Hum_XLOC_002967,HAP1,0.0,0.004502556286752224
Hum_XLOC_002983,HAP1,0.0,0.08991486579179764
Hum_XLOC_002986,HAP1,0.0,0.12585380673408508
Hum_XLOC_002990,HAP1,0.0,0.027984417974948883
Hum_XLOC_003039,HAP1,0.0,0.2663179636001587
Hum_XLOC_003061,HAP1,0.0,0.2604275643825531
Hum_XLOC_003086,HAP1,0.0,0.13689179718494415
Hum_XLOC_003099,HAP1,0.0,0.00938521046191454
Hum_XLOC_003109,HAP1,0.0,0.03012048825621605
Hum_XLOC_003128,HAP1,0.0,0.09599968045949936
Hum_XLOC_003134,HAP1,0.0,0.025260064750909805
Hum_XLOC_003137,HAP1,0.0,0.25912973284721375
Hum_XLOC_003154,HAP1,0.0,0.14985547959804535
Hum_XLOC_003155,HAP1,0.0,0.05294023081660271
Hum_XLOC_003171,HAP1,0.0,0.014058464206755161
Hum_XLOC_003209,HAP1,0.0,0.029851647093892097
Hum_XLOC_003215,HAP1,0.0,0.09126673638820648
Hum_XLOC_003221,HAP1,0.0,0.0036901573184877634
Hum_XLOC_003232,HAP1,0.0,0.07833980023860931
Hum_XLOC_003268,HAP1,1.0,0.11798536032438278
Hum_XLOC_003269,HAP1,0.0,0.04397626966238022
Hum_XLOC_003286,HAP1,0.0,0.169853076338768
Hum_XLOC_003290,HAP1,0.0,0.009598666802048683
Hum_XLOC_003294,HAP1,0.0,0.024383295327425003
Hum_XLOC_003321,HAP1,0.0,0.14326730370521545
Hum_XLOC_003324,HAP1,0.0,0.01312053669244051
Hum_XLOC_003334,HAP1,0.0,0.11030655354261398
Hum_XLOC_003337,HAP1,0.0,0.0059515684843063354
Hum_XLOC_003338,HAP1,0.0,0.031337056308984756
Hum_XLOC_003352,HAP1,0.0,0.013850264251232147
Hum_XLOC_003357,HAP1,0.0,0.01893860660493374
Hum_XLOC_003361,HAP1,0.0,0.025688454508781433
Hum_XLOC_003371,HAP1,0.0,0.00796753354370594
Hum_XLOC_003381,HAP1,0.0,1.7335016309516504e-05
Hum_XLOC_003408,HAP1,0.0,0.048112403601408005
Hum_XLOC_003436,HAP1,0.0,0.014340655878186226
Hum_XLOC_003440,HAP1,0.0,0.03421332687139511
Hum_XLOC_003450,HAP1,0.0,0.030887961387634277
Hum_XLOC_003466,HAP1,0.0,0.13886451721191406
Hum_XLOC_003488,HAP1,0.0,0.07244858145713806
Hum_XLOC_003491,HAP1,0.0,0.0005396598717197776
Hum_XLOC_003497,HAP1,0.0,0.028043540194630623
Hum_XLOC_003498,HAP1,0.0,0.14893318712711334
Hum_XLOC_003502,HAP1,0.0,0.05164286121726036
Hum_XLOC_003518,HAP1,0.0,0.10454767942428589
Hum_XLOC_003532,HAP1,0.0,0.1111137717962265
Hum_XLOC_003543,HAP1,0.0,0.00020883728575427085
Hum_XLOC_003554,HAP1,1.0,0.15880317986011505
Hum_XLOC_003563,HAP1,0.0,0.061451688408851624
Hum_XLOC_003567,HAP1,0.0,0.11024599522352219
Hum_XLOC_003568,HAP1,0.0,0.0400574617087841
Hum_XLOC_003570,HAP1,0.0,0.013810411095619202
Hum_XLOC_003571,HAP1,0.0,0.027039650827646255
Hum_XLOC_003593,HAP1,0.0,0.02278897538781166
Hum_XLOC_003594,HAP1,0.0,0.07957179844379425
Hum_XLOC_003598,HAP1,0.0,0.015197968110442162
Hum_XLOC_003626,HAP1,0.0,0.008331211283802986
Hum_XLOC_003628,HAP1,0.0,0.0026562383864074945
Hum_XLOC_003630,HAP1,0.0,0.03868451714515686
Hum_XLOC_003641,HAP1,0.0,0.349885493516922
Hum_XLOC_003662,HAP1,0.0,0.0781257152557373
Hum_XLOC_003665,HAP1,0.0,0.028433440253138542
Hum_XLOC_003672,HAP1,0.0,0.2700028419494629
Hum_XLOC_003673,HAP1,0.0,0.0494132936000824
Hum_XLOC_003674,HAP1,0.0,0.07999884337186813
Hum_XLOC_003676,HAP1,0.0,0.08194340765476227
Hum_XLOC_003686,HAP1,0.0,0.07649774104356766
Hum_XLOC_003697,HAP1,0.0,0.031529106199741364
Hum_XLOC_003717,HAP1,0.0,0.07761441171169281
Hum_XLOC_003725,HAP1,0.0,0.06387235224246979
Hum_XLOC_003743,HAP1,0.0,0.054582852870225906
Hum_XLOC_003754,HAP1,0.0,0.1477552205324173
Hum_XLOC_003766,HAP1,0.0,0.07375349849462509
Hum_XLOC_003775,HAP1,0.0,0.028539810329675674
Hum_XLOC_003790,HAP1,0.0,0.0401935949921608
Hum_XLOC_003799,HAP1,0.0,0.009362030774354935
Hum_XLOC_003853,HAP1,0.0,0.00421117851510644
Hum_XLOC_003865,HAP1,0.0,0.06572452187538147
Hum_XLOC_003871,HAP1,0.0,0.028917817398905754
Hum_XLOC_003891,HAP1,0.0,0.07226197421550751
Hum_XLOC_003892,HAP1,0.0,0.012876316905021667
Hum_XLOC_003910,HAP1,0.0,0.12340065836906433
Hum_XLOC_003911,HAP1,0.0,0.14028029143810272
Hum_XLOC_003952,HAP1,0.0,0.016829751431941986
Hum_XLOC_003971,HAP1,0.0,0.07152365893125534
Hum_XLOC_003988,HAP1,0.0,0.010018903762102127
Hum_XLOC_004020,HAP1,0.0,0.04788362234830856
Hum_XLOC_004035,HAP1,0.0,0.12907670438289642
Hum_XLOC_004036,HAP1,0.0,0.02224569022655487
Hum_XLOC_004048,HAP1,0.0,0.05384279415011406
Hum_XLOC_004068,HAP1,0.0,0.01667841523885727
Hum_XLOC_004069,HAP1,0.0,0.03873244673013687
Hum_XLOC_004095,HAP1,0.0,0.03407902270555496
Hum_XLOC_004096,HAP1,0.0,0.12631000578403473
Hum_XLOC_004116,HAP1,1.0,0.07461807876825333
Hum_XLOC_004123,HAP1,0.0,0.004919839557260275
Hum_XLOC_004134,HAP1,0.0,0.012301910668611526
Hum_XLOC_004161,HAP1,0.0,0.0680149495601654
Hum_XLOC_004168,HAP1,0.0,0.06269611418247223
Hum_XLOC_004169,HAP1,0.0,0.05544261634349823
Hum_XLOC_004177,HAP1,0.0,0.08888284862041473
Hum_XLOC_004200,HAP1,0.0,0.009353694505989552
Hum_XLOC_004201,HAP1,0.0,0.023470668122172356
Hum_XLOC_004219,HAP1,0.0,0.0060460749082267284
Hum_XLOC_004226,HAP1,0.0,0.013519296422600746
Hum_XLOC_004227,HAP1,0.0,0.007169587071985006
Hum_XLOC_004236,HAP1,1.0,0.00336093595251441
Hum_XLOC_004254,HAP1,1.0,0.067133828997612
Hum_XLOC_004255,HAP1,0.0,0.06026492640376091
Hum_XLOC_004262,HAP1,1.0,0.21342946588993073
Hum_XLOC_004269,HAP1,0.0,0.0969373807311058
Hum_XLOC_004277,HAP1,0.0,0.027760054916143417
Hum_XLOC_004278,HAP1,0.0,0.024959370493888855
Hum_XLOC_004282,HAP1,0.0,0.022541284561157227
Hum_XLOC_004287,HAP1,0.0,0.035635609179735184
Hum_XLOC_004293,HAP1,0.0,0.21510660648345947
Hum_XLOC_004302,HAP1,0.0,0.050800636410713196
Hum_XLOC_004303,HAP1,0.0,0.007525385357439518
Hum_XLOC_004306,HAP1,0.0,0.05215182527899742
Hum_XLOC_004309,HAP1,0.0,0.20873220264911652
Hum_XLOC_004314,HAP1,0.0,0.05493253841996193
Hum_XLOC_004317,HAP1,0.0,0.01876562274992466
Hum_XLOC_004336,HAP1,0.0,0.053216636180877686
Hum_XLOC_004343,HAP1,0.0,0.06905470788478851
Hum_XLOC_004350,HAP1,0.0,0.06319259852170944
Hum_XLOC_004361,HAP1,0.0,0.042134687304496765
Hum_XLOC_004363,HAP1,0.0,0.11931689828634262
Hum_XLOC_004401,HAP1,0.0,0.022933270782232285
Hum_XLOC_004405,HAP1,1.0,0.0020442476961761713
Hum_XLOC_004407,HAP1,0.0,0.010373035445809364
Hum_XLOC_004424,HAP1,0.0,0.0014525335282087326
Hum_XLOC_004437,HAP1,0.0,0.06022575870156288
Hum_XLOC_004446,HAP1,0.0,0.19446368515491486
Hum_XLOC_004457,HAP1,0.0,0.11067745089530945
Hum_XLOC_004482,HAP1,0.0,0.202841117978096
Hum_XLOC_004502,HAP1,0.0,0.12810543179512024
Hum_XLOC_004515,HAP1,0.0,0.05669013038277626
Hum_XLOC_004529,HAP1,0.0,0.11309594660997391
Hum_XLOC_004535,HAP1,0.0,0.1115279495716095
Hum_XLOC_004553,HAP1,0.0,0.1586533933877945
Hum_XLOC_004566,HAP1,0.0,0.0307738296687603
Hum_XLOC_004567,HAP1,0.0,0.028013350442051888
Hum_XLOC_004572,HAP1,0.0,0.1330329179763794
Hum_XLOC_004578,HAP1,0.0,0.01817668043076992
Hum_XLOC_004580,HAP1,0.0,0.17717428505420685
Hum_XLOC_004581,HAP1,0.0,0.05536041781306267
Hum_XLOC_004587,HAP1,0.0,0.07966308295726776
Hum_XLOC_004600,HAP1,0.0,0.12353299558162689
Hum_XLOC_004601,HAP1,0.0,0.004815119318664074
Hum_XLOC_004607,HAP1,0.0,0.06688760966062546
Hum_XLOC_004617,HAP1,0.0,0.007992662489414215
Hum_XLOC_004619,HAP1,0.0,0.013769757002592087
Hum_XLOC_004620,HAP1,0.0,0.1407269835472107
Hum_XLOC_004632,HAP1,0.0,0.061614688485860825
Hum_XLOC_004636,HAP1,0.0,0.025235692039132118
Hum_XLOC_004652,HAP1,0.0,0.05572206899523735
Hum_XLOC_004653,HAP1,0.0,0.04946966841816902
Hum_XLOC_004657,HAP1,1.0,0.008679870516061783
Hum_XLOC_004661,HAP1,0.0,0.04666711390018463
Hum_XLOC_004683,HAP1,0.0,0.006086247507482767
Hum_XLOC_004684,HAP1,0.0,0.08243383467197418
Hum_XLOC_004688,HAP1,0.0,0.0081849480047822
Hum_XLOC_004689,HAP1,0.0,0.013137971982359886
Hum_XLOC_004705,HAP1,0.0,0.03740140050649643
Hum_XLOC_004717,HAP1,1.0,0.18780536949634552
Hum_XLOC_004718,HAP1,0.0,0.009439748711884022
Hum_XLOC_004733,HAP1,0.0,0.13355280458927155
Hum_XLOC_004741,HAP1,0.0,0.002658326178789139
Hum_XLOC_004762,HAP1,0.0,0.11887933313846588
Hum_XLOC_004771,HAP1,0.0,0.010939107276499271
Hum_XLOC_004777,HAP1,0.0,0.10294857621192932
Hum_XLOC_004788,HAP1,1.0,0.04261385276913643
Hum_XLOC_004791,HAP1,1.0,0.014089860953390598
Hum_XLOC_004795,HAP1,0.0,0.06347183138132095
Hum_XLOC_004803,HAP1,0.0,0.1314489096403122
Hum_XLOC_004805,HAP1,0.0,0.06347957253456116
Hum_XLOC_004813,HAP1,0.0,0.05184176564216614
Hum_XLOC_004815,HAP1,0.0,0.12913040816783905
Hum_XLOC_004822,HAP1,0.0,0.10525330156087875
Hum_XLOC_004823,HAP1,1.0,0.05840931087732315
Hum_XLOC_004827,HAP1,0.0,0.007546105422079563
Hum_XLOC_004837,HAP1,0.0,0.1282055526971817
Hum_XLOC_004839,HAP1,0.0,0.05462305620312691
Hum_XLOC_004855,HAP1,0.0,0.023072410374879837
Hum_XLOC_004874,HAP1,0.0,0.03014419972896576
Hum_XLOC_004875,HAP1,0.0,0.05613875016570091
Hum_XLOC_004878,HAP1,0.0,0.049440134316682816
Hum_XLOC_004884,HAP1,0.0,0.018471142277121544
Hum_XLOC_004911,HAP1,0.0,0.2071705013513565
Hum_XLOC_004915,HAP1,1.0,0.06451760232448578
Hum_XLOC_004927,HAP1,0.0,0.03467143326997757
Hum_XLOC_004929,HAP1,0.0,0.01760065369307995
Hum_XLOC_004936,HAP1,0.0,0.03591663017868996
Hum_XLOC_004957,HAP1,0.0,0.006814643740653992
Hum_XLOC_004960,HAP1,0.0,0.04730406403541565
Hum_XLOC_004965,HAP1,0.0,0.03941933810710907
Hum_XLOC_000006,HEK293FT,0.0,0.05861084908246994
Hum_XLOC_000008,HEK293FT,0.0,0.1913824826478958
Hum_XLOC_000016,HEK293FT,0.0,0.031199121847748756
Hum_XLOC_000030,HEK293FT,0.0,0.06323128193616867
Hum_XLOC_000033,HEK293FT,0.0,0.1048130989074707
Hum_XLOC_000039,HEK293FT,0.0,0.11767031997442245
Hum_XLOC_000053,HEK293FT,0.0,0.07289653271436691
Hum_XLOC_000057,HEK293FT,0.0,0.03228888288140297
Hum_XLOC_000060,HEK293FT,0.0,0.046488869935274124
Hum_XLOC_000080,HEK293FT,0.0,0.04530896618962288
Hum_XLOC_000094,HEK293FT,0.0,0.04591410607099533
Hum_XLOC_000100,HEK293FT,1.0,0.026317588984966278
Hum_XLOC_000105,HEK293FT,0.0,0.022053973749279976
Hum_XLOC_000107,HEK293FT,0.0,0.015277082100510597
Hum_XLOC_000111,HEK293FT,0.0,0.07775305211544037
Hum_XLOC_000134,HEK293FT,0.0,0.02945219725370407
Hum_XLOC_000143,HEK293FT,0.0,0.024574117735028267
Hum_XLOC_000145,HEK293FT,0.0,0.11814043670892715
Hum_XLOC_000149,HEK293FT,0.0,0.08514993637800217
Hum_XLOC_000155,HEK293FT,0.0,0.0006775347283110023
Hum_XLOC_000169,HEK293FT,0.0,0.023571737110614777
Hum_XLOC_000170,HEK293FT,0.0,0.048774681985378265
Hum_XLOC_000194,HEK293FT,0.0,0.11941751092672348
Hum_XLOC_000201,HEK293FT,0.0,0.14769621193408966
Hum_XLOC_000231,HEK293FT,0.0,0.07575740665197372
Hum_XLOC_000233,HEK293FT,0.0,0.01254410482943058
Hum_XLOC_000245,HEK293FT,1.0,0.12190870195627213
Hum_XLOC_000247,HEK293FT,0.0,0.07954812049865723
Hum_XLOC_000248,HEK293FT,0.0,0.0639801099896431
Hum_XLOC_000265,HEK293FT,0.0,0.018856912851333618
Hum_XLOC_000282,HEK293FT,0.0,0.09205622971057892
Hum_XLOC_000286,HEK293FT,0.0,0.1640763282775879
Hum_XLOC_000292,HEK293FT,0.0,0.13170453906059265
Hum_XLOC_000307,HEK293FT,0.0,0.09190133213996887
Hum_XLOC_000308,HEK293FT,0.0,0.04571682587265968
Hum_XLOC_000312,HEK293FT,0.0,0.030133236199617386
Hum_XLOC_000314,HEK293FT,0.0,0.00916507001966238
Hum_XLOC_000317,HEK293FT,0.0,0.07784266769886017
Hum_XLOC_000319,HEK293FT,0.0,0.0002230796089861542
Hum_XLOC_000332,HEK293FT,0.0,0.005274464376270771
Hum_XLOC_000338,HEK293FT,0.0,0.022520381957292557
Hum_XLOC_000342,HEK293FT,0.0,0.018641391769051552
Hum_XLOC_000345,HEK293FT,0.0,0.022678613662719727
Hum_XLOC_000362,HEK293FT,0.0,0.14846040308475494
Hum_XLOC_000377,HEK293FT,0.0,0.2205897867679596
Hum_XLOC_000390,HEK293FT,0.0,0.07883213460445404
Hum_XLOC_000394,HEK293FT,0.0,0.04754486307501793
Hum_XLOC_000411,HEK293FT,0.0,0.04269082099199295
Hum_XLOC_000415,HEK293FT,0.0,0.05591622740030289
Hum_XLOC_000430,HEK293FT,0.0,0.22554197907447815
Hum_XLOC_000436,HEK293FT,0.0,0.2250206023454666
Hum_XLOC_000437,HEK293FT,0.0,0.00832741055637598
Hum_XLOC_000456,HEK293FT,1.0,0.32406073808670044
Hum_XLOC_000461,HEK293FT,0.0,0.2016502022743225
Hum_XLOC_000462,HEK293FT,0.0,0.2520363926887512
Hum_XLOC_000465,HEK293FT,0.0,0.09898889809846878
Hum_XLOC_000472,HEK293FT,0.0,0.08714999258518219
Hum_XLOC_000474,HEK293FT,0.0,0.02128738723695278
Hum_XLOC_000478,HEK293FT,0.0,0.4184526801109314
Hum_XLOC_000486,HEK293FT,0.0,0.04139986261725426
Hum_XLOC_000490,HEK293FT,0.0,0.0359116867184639
Hum_XLOC_000498,HEK293FT,0.0,0.0521710030734539
Hum_XLOC_000500,HEK293FT,0.0,0.006534678861498833
Hum_XLOC_000510,HEK293FT,0.0,0.17300960421562195
Hum_XLOC_000535,HEK293FT,0.0,0.1302524209022522
Hum_XLOC_000540,HEK293FT,0.0,0.07429083436727524
Hum_XLOC_000556,HEK293FT,0.0,0.0016954867169260979
Hum_XLOC_000574,HEK293FT,0.0,0.10752850025892258
Hum_XLOC_000575,HEK293FT,0.0,0.08838479220867157
Hum_XLOC_000582,HEK293FT,0.0,0.0029757313895970583
Hum_XLOC_000590,HEK293FT,0.0,0.05082089453935623
Hum_XLOC_000601,HEK293FT,0.0,0.04815848171710968
Hum_XLOC_000604,HEK293FT,0.0,0.020483076572418213
Hum_XLOC_000608,HEK293FT,1.0,0.19351206719875336
Hum_XLOC_000612,HEK293FT,0.0,0.03427321836352348
Hum_XLOC_000636,HEK293FT,0.0,0.040875207632780075
Hum_XLOC_000638,HEK293FT,0.0,0.11314001679420471
Hum_XLOC_000641,HEK293FT,0.0,0.16186484694480896
Hum_XLOC_000655,HEK293FT,1.0,0.2270011007785797
Hum_XLOC_000668,HEK293FT,0.0,0.1264558583498001
Hum_XLOC_000680,HEK293FT,0.0,0.018279075622558594
Hum_XLOC_000681,HEK293FT,0.0,0.05555496737360954
Hum_XLOC_000695,HEK293FT,0.0,0.1635085791349411
Hum_XLOC_000702,HEK293FT,0.0,0.09387962520122528
Hum_XLOC_000726,HEK293FT,0.0,0.15432922542095184
Hum_XLOC_000727,HEK293FT,0.0,0.0019697966054081917
Hum_XLOC_000758,HEK293FT,0.0,0.015372802503407001
Hum_XLOC_000773,HEK293FT,0.0,0.13127543032169342
Hum_XLOC_000774,HEK293FT,0.0,0.13555842638015747
Hum_XLOC_000797,HEK293FT,0.0,0.2214670330286026
Hum_XLOC_000799,HEK293FT,0.0,0.09396539628505707
Hum_XLOC_000800,HEK293FT,0.0,0.13755612075328827
Hum_XLOC_000807,HEK293FT,0.0,0.02048971690237522
Hum_XLOC_000818,HEK293FT,1.0,0.05647697299718857
Hum_XLOC_000828,HEK293FT,0.0,0.09322638809680939
Hum_XLOC_000831,HEK293FT,0.0,0.06864359229803085
Hum_XLOC_000835,HEK293FT,0.0,0.09421730786561966
Hum_XLOC_000840,HEK293FT,0.0,0.13852520287036896
Hum_XLOC_000841,HEK293FT,1.0,0.09561393409967422
Hum_XLOC_000842,HEK293FT,0.0,0.04240735247731209
Hum_XLOC_000854,HEK293FT,0.0,0.01845620945096016
Hum_XLOC_000855,HEK293FT,0.0,0.029682880267500877
Hum_XLOC_000883,HEK293FT,0.0,0.046306829899549484
Hum_XLOC_000885,HEK293FT,0.0,0.07666084915399551
Hum_XLOC_000905,HEK293FT,0.0,0.018597887828946114
Hum_XLOC_000917,HEK293FT,0.0,0.07474179565906525
Hum_XLOC_000925,HEK293FT,0.0,0.017552871257066727
Hum_XLOC_000944,HEK293FT,0.0,0.0163973867893219
Hum_XLOC_000949,HEK293FT,0.0,0.042352259159088135
Hum_XLOC_000953,HEK293FT,0.0,0.01357150450348854
Hum_XLOC_000964,HEK293FT,0.0,0.07108137011528015
Hum_XLOC_000990,HEK293FT,0.0,0.001600676216185093
Hum_XLOC_000994,HEK293FT,0.0,0.061474986374378204
Hum_XLOC_001020,HEK293FT,0.0,0.021534031257033348
Hum_XLOC_001029,HEK293FT,0.0,0.2559160888195038
Hum_XLOC_001066,HEK293FT,0.0,0.006037143524736166
Hum_XLOC_001120,HEK293FT,0.0,0.03294311463832855
Hum_XLOC_001121,HEK293FT,0.0,0.06982773542404175
Hum_XLOC_001122,HEK293FT,0.0,0.16211119294166565
Hum_XLOC_001125,HEK293FT,0.0,0.14289255440235138
Hum_XLOC_001132,HEK293FT,0.0,0.07307985424995422
Hum_XLOC_001138,HEK293FT,0.0,0.03857411444187164
Hum_XLOC_001144,HEK293FT,0.0,0.03986315801739693
Hum_XLOC_001146,HEK293FT,0.0,0.060253169387578964
Hum_XLOC_001188,HEK293FT,0.0,0.01172701921314001
Hum_XLOC_001191,HEK293FT,0.0,0.09062332659959793
Hum_XLOC_001192,HEK293FT,0.0,0.03261401876807213
Hum_XLOC_001217,HEK293FT,0.0,0.05926542356610298
Hum_XLOC_001222,HEK293FT,0.0,0.007409169338643551
Hum_XLOC_001228,HEK293FT,0.0,0.01478880550712347
Hum_XLOC_001230,HEK293FT,0.0,0.02491755783557892
Hum_XLOC_001237,HEK293FT,0.0,0.24592263996601105
Hum_XLOC_001243,HEK293FT,0.0,0.1740279495716095
Hum_XLOC_001275,HEK293FT,0.0,0.03218976408243179
Hum_XLOC_001279,HEK293FT,0.0,0.014576179906725883
Hum_XLOC_001291,HEK293FT,0.0,0.3011191785335541
Hum_XLOC_001296,HEK293FT,0.0,0.33370229601860046
Hum_XLOC_001297,HEK293FT,0.0,0.14006012678146362
Hum_XLOC_001309,HEK293FT,0.0,0.05438055470585823
Hum_XLOC_001329,HEK293FT,0.0,0.027460094541311264
Hum_XLOC_001330,HEK293FT,0.0,0.005052861757576466
Hum_XLOC_001355,HEK293FT,0.0,0.028657879680395126
Hum_XLOC_001366,HEK293FT,0.0,0.011976819485425949
Hum_XLOC_001367,HEK293FT,0.0,0.31215524673461914
Hum_XLOC_001375,HEK293FT,0.0,0.09247346222400665
Hum_XLOC_001390,HEK293FT,0.0,1.681420144450385e-05
Hum_XLOC_001405,HEK293FT,0.0,0.07914665341377258
Hum_XLOC_001461,HEK293FT,0.0,0.11856313049793243
Hum_XLOC_001465,HEK293FT,0.0,0.062391381710767746
Hum_XLOC_001488,HEK293FT,0.0,0.06768172979354858
Hum_XLOC_001490,HEK293FT,0.0,0.02512938156723976
Hum_XLOC_001509,HEK293FT,0.0,0.08559848368167877
Hum_XLOC_001516,HEK293FT,0.0,0.25654998421669006
Hum_XLOC_001532,HEK293FT,0.0,0.01584930345416069
Hum_XLOC_001539,HEK293FT,0.0,0.0016914650332182646
Hum_XLOC_001541,HEK293FT,0.0,0.1456926167011261
Hum_XLOC_001542,HEK293FT,0.0,0.15632474422454834
Hum_XLOC_001548,HEK293FT,0.0,0.004567368887364864
Hum_XLOC_001559,HEK293FT,0.0,0.03820076212286949
Hum_XLOC_001565,HEK293FT,0.0,0.08608276396989822
Hum_XLOC_001566,HEK293FT,0.0,0.09742549061775208
Hum_XLOC_001575,HEK293FT,0.0,0.09212476760149002
Hum_XLOC_001580,HEK293FT,0.0,0.1256098598241806
Hum_XLOC_001590,HEK293FT,0.0,0.11089056730270386
Hum_XLOC_001615,HEK293FT,0.0,0.07145826518535614
Hum_XLOC_001624,HEK293FT,0.0,0.16258378326892853
Hum_XLOC_001639,HEK293FT,0.0,0.07715398073196411
Hum_XLOC_001661,HEK293FT,0.0,0.01043776422739029
Hum_XLOC_001666,HEK293FT,0.0,0.0012234412133693695
Hum_XLOC_001668,HEK293FT,0.0,0.047000519931316376
Hum_XLOC_001688,HEK293FT,0.0,0.05927324667572975
Hum_XLOC_001689,HEK293FT,0.0,0.016959350556135178
Hum_XLOC_001695,HEK293FT,0.0,0.10957001894712448
Hum_XLOC_001696,HEK293FT,0.0,0.14472633600234985
Hum_XLOC_001698,HEK293FT,0.0,0.022583501413464546
Hum_XLOC_001707,HEK293FT,0.0,0.10025990754365921
Hum_XLOC_001760,HEK293FT,0.0,0.21245551109313965
Hum_XLOC_001761,HEK293FT,0.0,0.19047264754772186
Hum_XLOC_001773,HEK293FT,0.0,0.0719580128788948
Hum_XLOC_001775,HEK293FT,0.0,0.24266593158245087
Hum_XLOC_001779,HEK293FT,0.0,0.010227418504655361
Hum_XLOC_001783,HEK293FT,0.0,0.17673826217651367
Hum_XLOC_001791,HEK293FT,0.0,0.09143760800361633
Hum_XLOC_001805,HEK293FT,0.0,0.05829789862036705
Hum_XLOC_001809,HEK293FT,0.0,0.0013605108251795173
Hum_XLOC_001848,HEK293FT,0.0,0.007162147667258978
Hum_XLOC_001919,HEK293FT,0.0,0.0490342415869236
Hum_XLOC_001941,HEK293FT,0.0,0.08798252046108246
Hum_XLOC_001942,HEK293FT,0.0,0.00894971750676632
Hum_XLOC_001949,HEK293FT,0.0,0.0037236735224723816
Hum_XLOC_001950,HEK293FT,0.0,0.16320139169692993
Hum_XLOC_001953,HEK293FT,0.0,0.03257150575518608
Hum_XLOC_001957,HEK293FT,0.0,0.008042970672249794
Hum_XLOC_001961,HEK293FT,0.0,0.014433811418712139
Hum_XLOC_001969,HEK293FT,0.0,0.14411520957946777
Hum_XLOC_002024,HEK293FT,0.0,0.06385500729084015
Hum_XLOC_002028,HEK293FT,0.0,0.0029622570145875216
Hum_XLOC_002033,HEK293FT,0.0,0.1609894335269928
Hum_XLOC_002036,HEK293FT,0.0,0.16939948499202728
Hum_XLOC_002037,HEK293FT,0.0,0.009791464544832706
Hum_XLOC_002041,HEK293FT,0.0,0.01425112783908844
Hum_XLOC_002059,HEK293FT,0.0,0.02408722974359989
Hum_XLOC_002061,HEK293FT,0.0,5.834643525304273e-05
Hum_XLOC_002068,HEK293FT,0.0,0.01658962294459343
Hum_XLOC_002081,HEK293FT,0.0,0.1376032531261444
Hum_XLOC_002093,HEK293FT,0.0,0.21748457849025726
Hum_XLOC_002099,HEK293FT,0.0,0.10634643584489822
Hum_XLOC_002144,HEK293FT,0.0,0.024209806695580482
Hum_XLOC_002150,HEK293FT,0.0,0.0035769902169704437
Hum_XLOC_002152,HEK293FT,0.0,0.12329667806625366
Hum_XLOC_002154,HEK293FT,0.0,0.07964814454317093
Hum_XLOC_002169,HEK293FT,1.0,0.291790634393692
Hum_XLOC_002170,HEK293FT,0.0,0.023084187880158424
Hum_XLOC_002176,HEK293FT,0.0,0.10810761898756027
Hum_XLOC_002178,HEK293FT,0.0,0.027800654992461205
Hum_XLOC_002186,HEK293FT,0.0,0.01326867938041687
Hum_XLOC_002204,HEK293FT,1.0,0.1502976268529892
Hum_XLOC_002205,HEK293FT,1.0,0.009781806729733944
Hum_XLOC_002219,HEK293FT,1.0,0.27239179611206055
Hum_XLOC_002244,HEK293FT,0.0,0.052182476967573166
Hum_XLOC_002252,HEK293FT,0.0,0.010101761668920517
Hum_XLOC_002261,HEK293FT,0.0,0.1260187178850174
Hum_XLOC_002262,HEK293FT,0.0,0.0077142841182649136
Hum_XLOC_002265,HEK293FT,0.0,0.20749321579933167
Hum_XLOC_002271,HEK293FT,0.0,0.05780636519193649
Hum_XLOC_002280,HEK293FT,0.0,0.05006870999932289
Hum_XLOC_002282,HEK293FT,0.0,0.13850997388362885
Hum_XLOC_002283,HEK293FT,0.0,0.0016432419652119279
Hum_XLOC_002284,HEK293FT,0.0,0.02768096514046192
Hum_XLOC_002294,HEK293FT,0.0,0.033092956990003586
Hum_XLOC_002296,HEK293FT,0.0,0.20454807579517365
Hum_XLOC_002299,HEK293FT,0.0,0.1055770218372345
Hum_XLOC_002301,HEK293FT,0.0,0.016889773309230804
Hum_XLOC_002306,HEK293FT,0.0,0.020212648436427116
Hum_XLOC_002311,HEK293FT,1.0,0.15827828645706177
Hum_XLOC_002313,HEK293FT,0.0,0.0664578527212143
Hum_XLOC_002314,HEK293FT,0.0,0.10916990041732788
Hum_XLOC_002327,HEK293FT,0.0,0.023626767098903656
Hum_XLOC_002330,HEK293FT,0.0,0.035179197788238525
Hum_XLOC_002338,HEK293FT,0.0,0.16637440025806427
Hum_XLOC_002344,HEK293FT,0.0,0.05588357895612717
Hum_XLOC_002347,HEK293FT,0.0,0.0015969063388183713
Hum_XLOC_002348,HEK293FT,0.0,0.040001656860113144
Hum_XLOC_002362,HEK293FT,0.0,0.09341368824243546
Hum_XLOC_002364,HEK293FT,0.0,0.011524438858032227
Hum_XLOC_002383,HEK293FT,0.0,0.034049142152071
Hum_XLOC_002386,HEK293FT,0.0,0.027842001989483833
Hum_XLOC_002390,HEK293FT,0.0,0.026247920468449593
Hum_XLOC_002394,HEK293FT,0.0,0.06523970514535904
Hum_XLOC_002398,HEK293FT,0.0,0.022265180945396423
Hum_XLOC_002399,HEK293FT,0.0,0.0015939008444547653
Hum_XLOC_002408,HEK293FT,0.0,0.05648437887430191
Hum_XLOC_002414,HEK293FT,0.0,0.007801498752087355
Hum_XLOC_002418,HEK293FT,0.0,0.060721203684806824
Hum_XLOC_002435,HEK293FT,0.0,0.03438057005405426
Hum_XLOC_002440,HEK293FT,1.0,0.03889640048146248
Hum_XLOC_002489,HEK293FT,0.0,0.13739077746868134
Hum_XLOC_002490,HEK293FT,0.0,0.01142197847366333
Hum_XLOC_002493,HEK293FT,0.0,0.03016808070242405
Hum_XLOC_002520,HEK293FT,0.0,0.15644453465938568
Hum_XLOC_002524,HEK293FT,0.0,0.019349388778209686
Hum_XLOC_002546,HEK293FT,0.0,0.07808128744363785
Hum_XLOC_002560,HEK293FT,0.0,0.06759928166866302
Hum_XLOC_002570,HEK293FT,0.0,0.017749903723597527
Hum_XLOC_002577,HEK293FT,0.0,0.3252532184123993
Hum_XLOC_002579,HEK293FT,0.0,0.0006389846093952656
Hum_XLOC_002586,HEK293FT,0.0,0.00029788771644234657
Hum_XLOC_002589,HEK293FT,0.0,0.03339718282222748
Hum_XLOC_002629,HEK293FT,0.0,0.11458519846200943
Hum_XLOC_002631,HEK293FT,0.0,0.22552675008773804
Hum_XLOC_002635,HEK293FT,0.0,0.043265607208013535
Hum_XLOC_002644,HEK293FT,0.0,0.14554353058338165
Hum_XLOC_002646,HEK293FT,0.0,0.027975376695394516
Hum_XLOC_002653,HEK293FT,0.0,0.12088265269994736
Hum_XLOC_002681,HEK293FT,0.0,0.10388633608818054
Hum_XLOC_002695,HEK293FT,0.0,0.05581536516547203
Hum_XLOC_002702,HEK293FT,0.0,0.0023967765737324953
Hum_XLOC_002705,HEK293FT,0.0,0.046137142926454544
Hum_XLOC_002711,HEK293FT,0.0,0.17292435467243195
Hum_XLOC_002714,HEK293FT,0.0,0.15851576626300812
Hum_XLOC_002717,HEK293FT,0.0,0.1598232537508011
Hum_XLOC_002725,HEK293FT,0.0,0.015771210193634033
Hum_XLOC_002741,HEK293FT,0.0,0.004867549054324627
Hum_XLOC_002742,HEK293FT,0.0,0.01933957263827324
Hum_XLOC_002744,HEK293FT,0.0,0.008182122372090816
Hum_XLOC_002760,HEK293FT,0.0,0.024894526228308678
Hum_XLOC_002788,HEK293FT,0.0,0.0434734970331192
Hum_XLOC_002792,HEK293FT,1.0,0.2201087772846222
Hum_XLOC_002796,HEK293FT,0.0,0.0771595686674118
Hum_XLOC_002817,HEK293FT,0.0,0.0551297627389431
Hum_XLOC_002836,HEK293FT,0.0,0.45467695593833923
Hum_XLOC_002844,HEK293FT,1.0,0.03463473916053772
Hum_XLOC_002845,HEK293FT,0.0,0.2722158432006836
Hum_XLOC_002859,HEK293FT,0.0,0.04745957627892494
Hum_XLOC_002889,HEK293FT,0.0,0.04197011515498161
Hum_XLOC_002911,HEK293FT,0.0,0.001076341257430613
Hum_XLOC_002935,HEK293FT,0.0,0.04212749004364014
Hum_XLOC_002937,HEK293FT,0.0,0.08440502732992172
Hum_XLOC_002967,HEK293FT,0.0,0.015543393790721893
Hum_XLOC_002983,HEK293FT,0.0,0.11631108075380325
Hum_XLOC_002986,HEK293FT,0.0,0.11905738711357117
Hum_XLOC_002990,HEK293FT,0.0,0.030107514932751656
Hum_XLOC_003039,HEK293FT,0.0,0.2109675258398056
Hum_XLOC_003061,HEK293FT,0.0,0.34527555108070374
Hum_XLOC_003086,HEK293FT,0.0,0.1314866691827774
Hum_XLOC_003099,HEK293FT,0.0,0.013590795919299126
Hum_XLOC_003109,HEK293FT,0.0,0.036943718791007996
Hum_XLOC_003128,HEK293FT,0.0,0.13760924339294434
Hum_XLOC_003134,HEK293FT,0.0,0.03841833770275116
Hum_XLOC_003137,HEK293FT,0.0,0.29519277811050415
Hum_XLOC_003154,HEK293FT,0.0,0.11105605214834213
Hum_XLOC_003155,HEK293FT,0.0,0.0738566666841507
Hum_XLOC_003171,HEK293FT,0.0,0.025344742462038994
Hum_XLOC_003209,HEK293FT,0.0,0.04806718975305557
Hum_XLOC_003215,HEK293FT,0.0,0.06609942018985748
Hum_XLOC_003221,HEK293FT,0.0,0.011127257719635963
Hum_XLOC_003232,HEK293FT,0.0,0.09284942597150803
Hum_XLOC_003268,HEK293FT,0.0,0.12928317487239838
Hum_XLOC_003269,HEK293FT,0.0,0.05485047027468681
Hum_XLOC_003286,HEK293FT,0.0,0.1269507110118866
Hum_XLOC_003290,HEK293FT,0.0,0.01009404007345438
Hum_XLOC_003294,HEK293FT,0.0,0.043546099215745926
Hum_XLOC_003321,HEK293FT,0.0,0.12366835027933121
Hum_XLOC_003324,HEK293FT,0.0,0.033540695905685425
Hum_XLOC_003334,HEK293FT,0.0,0.19944588840007782
Hum_XLOC_003337,HEK293FT,0.0,0.027109164744615555
Hum_XLOC_003338,HEK293FT,0.0,0.034983810037374496
Hum_XLOC_003352,HEK293FT,0.0,0.01378616876900196
Hum_XLOC_003357,HEK293FT,0.0,0.0183819979429245
Hum_XLOC_003361,HEK293FT,0.0,0.021294929087162018
Hum_XLOC_003371,HEK293FT,0.0,0.00978492945432663
Hum_XLOC_003381,HEK293FT,0.0,3.8254969695117325e-05
Hum_XLOC_003408,HEK293FT,0.0,0.06250226497650146
Hum_XLOC_003436,HEK293FT,0.0,0.025807823985815048
Hum_XLOC_003440,HEK293FT,0.0,0.04374241083860397
Hum_XLOC_003450,HEK293FT,0.0,0.05308360606431961
Hum_XLOC_003466,HEK293FT,0.0,0.1556701809167862
Hum_XLOC_003488,HEK293FT,0.0,0.11689316481351852
Hum_XLOC_003491,HEK293FT,0.0,0.0004981451784260571
Hum_XLOC_003497,HEK293FT,0.0,0.03798019886016846
Hum_XLOC_003498,HEK293FT,0.0,0.17290736734867096
Hum_XLOC_003502,HEK293FT,0.0,0.05148706212639809
Hum_XLOC_003518,HEK293FT,0.0,0.15032900869846344
Hum_XLOC_003532,HEK293FT,0.0,0.07857897132635117
Hum_XLOC_003543,HEK293FT,0.0,0.0016267752507701516
Hum_XLOC_003554,HEK293FT,0.0,0.18049873411655426
Hum_XLOC_003563,HEK293FT,0.0,0.06778019666671753
Hum_XLOC_003567,HEK293FT,0.0,0.18236471712589264
Hum_XLOC_003568,HEK293FT,1.0,0.05382119119167328
Hum_XLOC_003570,HEK293FT,0.0,0.018419403582811356
Hum_XLOC_003571,HEK293FT,0.0,0.041397906839847565
Hum_XLOC_003593,HEK293FT,0.0,0.03939347341656685
Hum_XLOC_003594,HEK293FT,0.0,0.1093294695019722
Hum_XLOC_003598,HEK293FT,0.0,0.020248161628842354
Hum_XLOC_003626,HEK293FT,0.0,0.0128941610455513
Hum_XLOC_003628,HEK293FT,0.0,0.003719242988154292
Hum_XLOC_003630,HEK293FT,0.0,0.047122422605752945
Hum_XLOC_003641,HEK293FT,0.0,0.26683953404426575
Hum_XLOC_003662,HEK293FT,0.0,0.09594062715768814
Hum_XLOC_003665,HEK293FT,0.0,0.030646754428744316
Hum_XLOC_003672,HEK293FT,0.0,0.23931387066841125
Hum_XLOC_003673,HEK293FT,0.0,0.026913166046142578
Hum_XLOC_003674,HEK293FT,0.0,0.12205883860588074
Hum_XLOC_003676,HEK293FT,0.0,0.07340913265943527
Hum_XLOC_003686,HEK293FT,0.0,0.12179561704397202
Hum_XLOC_003697,HEK293FT,0.0,0.09582151472568512
Hum_XLOC_003717,HEK293FT,0.0,0.0824926421046257
Hum_XLOC_003725,HEK293FT,0.0,0.06670499593019485
Hum_XLOC_003743,HEK293FT,0.0,0.05877870321273804
Hum_XLOC_003754,HEK293FT,0.0,0.22961311042308807
Hum_XLOC_003766,HEK293FT,0.0,0.09738293290138245
Hum_XLOC_003775,HEK293FT,0.0,0.0354185476899147
Hum_XLOC_003790,HEK293FT,0.0,0.03716621920466423
Hum_XLOC_003799,HEK293FT,0.0,0.023534461855888367
Hum_XLOC_003853,HEK293FT,0.0,0.00500273983925581
Hum_XLOC_003865,HEK293FT,0.0,0.0827479287981987
Hum_XLOC_003871,HEK293FT,0.0,0.038438502699136734
Hum_XLOC_003891,HEK293FT,0.0,0.08421166986227036
Hum_XLOC_003892,HEK293FT,0.0,0.015002862550318241
Hum_XLOC_003910,HEK293FT,0.0,0.12550753355026245
Hum_XLOC_003911,HEK293FT,0.0,0.061985477805137634
Hum_XLOC_003952,HEK293FT,0.0,0.03347107768058777
Hum_XLOC_003971,HEK293FT,0.0,0.10513505339622498
Hum_XLOC_003988,HEK293FT,0.0,0.009389972314238548
Hum_XLOC_004020,HEK293FT,0.0,0.053277187049388885
Hum_XLOC_004035,HEK293FT,0.0,0.1599532812833786
Hum_XLOC_004036,HEK293FT,0.0,0.02022295817732811
Hum_XLOC_004048,HEK293FT,0.0,0.04583102837204933
Hum_XLOC_004068,HEK293FT,0.0,0.023879235610365868
Hum_XLOC_004069,HEK293FT,0.0,0.03954089805483818
Hum_XLOC_004095,HEK293FT,0.0,0.05116722732782364
Hum_XLOC_004096,HEK293FT,0.0,0.1449364423751831
Hum_XLOC_004116,HEK293FT,0.0,0.04188588261604309
Hum_XLOC_004123,HEK293FT,0.0,0.023348290473222733
Hum_XLOC_004134,HEK293FT,0.0,0.03448930010199547
Hum_XLOC_004161,HEK293FT,0.0,0.0573677234351635
Hum_XLOC_004168,HEK293FT,0.0,0.04958046227693558
Hum_XLOC_004169,HEK293FT,0.0,0.03940853476524353
Hum_XLOC_004177,HEK293FT,0.0,0.1109531819820404
Hum_XLOC_004200,HEK293FT,0.0,0.00516457250341773
Hum_XLOC_004201,HEK293FT,0.0,0.019625544548034668
Hum_XLOC_004219,HEK293FT,1.0,0.008928646333515644
Hum_XLOC_004226,HEK293FT,0.0,0.024865860119462013
Hum_XLOC_004227,HEK293FT,1.0,0.018448280170559883
Hum_XLOC_004236,HEK293FT,0.0,0.002771387342363596
Hum_XLOC_004254,HEK293FT,1.0,0.09266067296266556
Hum_XLOC_004255,HEK293FT,0.0,0.05543437600135803
Hum_XLOC_004262,HEK293FT,1.0,0.1872517168521881
Hum_XLOC_004269,HEK293FT,0.0,0.11695072799921036
Hum_XLOC_004277,HEK293FT,0.0,0.026422176510095596
Hum_XLOC_004278,HEK293FT,0.0,0.09923253208398819
Hum_XLOC_004282,HEK293FT,0.0,0.03478538990020752
Hum_XLOC_004287,HEK293FT,0.0,0.03504105657339096
Hum_XLOC_004293,HEK293FT,0.0,0.22219020128250122
Hum_XLOC_004302,HEK293FT,0.0,0.05968675762414932
Hum_XLOC_004303,HEK293FT,0.0,0.012543031014502048
Hum_XLOC_004306,HEK293FT,0.0,0.09103458374738693
Hum_XLOC_004309,HEK293FT,0.0,0.2533900737762451
Hum_XLOC_004314,HEK293FT,0.0,0.08540523052215576
Hum_XLOC_004317,HEK293FT,0.0,0.015587743371725082
Hum_XLOC_004336,HEK293FT,0.0,0.09877833724021912
Hum_XLOC_004343,HEK293FT,0.0,0.11408522725105286
Hum_XLOC_004350,HEK293FT,0.0,0.06577640771865845
Hum_XLOC_004361,HEK293FT,0.0,0.0740768164396286
Hum_XLOC_004363,HEK293FT,0.0,0.15871314704418182
Hum_XLOC_004401,HEK293FT,0.0,0.013957706280052662
Hum_XLOC_004405,HEK293FT,0.0,0.0031490253750234842
Hum_XLOC_004407,HEK293FT,0.0,0.020535871386528015
Hum_XLOC_004424,HEK293FT,1.0,0.0032533712219446898
Hum_XLOC_004437,HEK293FT,0.0,0.06132430210709572
Hum_XLOC_004446,HEK293FT,0.0,0.20532011985778809
Hum_XLOC_004457,HEK293FT,0.0,0.08486590534448624
Hum_XLOC_004482,HEK293FT,0.0,0.2041502743959427
Hum_XLOC_004502,HEK293FT,0.0,0.1505308896303177
Hum_XLOC_004515,HEK293FT,0.0,0.06693116575479507
Hum_XLOC_004529,HEK293FT,0.0,0.19199605286121368
Hum_XLOC_004535,HEK293FT,0.0,0.19918237626552582
Hum_XLOC_004553,HEK293FT,0.0,0.17817263305187225
Hum_XLOC_004566,HEK293FT,0.0,0.020384829491376877
Hum_XLOC_004567,HEK293FT,0.0,0.03210054337978363
Hum_XLOC_004572,HEK293FT,0.0,0.06689399480819702
Hum_XLOC_004578,HEK293FT,0.0,0.04202133044600487
Hum_XLOC_004580,HEK293FT,0.0,0.25364354252815247
Hum_XLOC_004581,HEK293FT,0.0,0.047760337591171265
Hum_XLOC_004587,HEK293FT,0.0,0.11281101405620575
Hum_XLOC_004600,HEK293FT,0.0,0.09840432554483414
Hum_XLOC_004601,HEK293FT,1.0,0.01054016500711441
Hum_XLOC_004607,HEK293FT,0.0,0.05635916441679001
Hum_XLOC_004617,HEK293FT,0.0,0.01443982869386673
Hum_XLOC_004619,HEK293FT,0.0,0.0305513683706522
Hum_XLOC_004620,HEK293FT,0.0,0.09707524627447128
Hum_XLOC_004632,HEK293FT,0.0,0.07500836253166199
Hum_XLOC_004636,HEK293FT,1.0,0.02676527574658394
Hum_XLOC_004652,HEK293FT,0.0,0.10475509613752365
Hum_XLOC_004653,HEK293FT,0.0,0.093739353120327
Hum_XLOC_004657,HEK293FT,1.0,0.015471089631319046
Hum_XLOC_004661,HEK293FT,0.0,0.05669459328055382
Hum_XLOC_004683,HEK293FT,0.0,0.015872033312916756
Hum_XLOC_004684,HEK293FT,0.0,0.08667559921741486
Hum_XLOC_004688,HEK293FT,0.0,0.009373089298605919
Hum_XLOC_004689,HEK293FT,0.0,0.016543012112379074
Hum_XLOC_004705,HEK293FT,0.0,0.0320524126291275
Hum_XLOC_004717,HEK293FT,0.0,0.2382642924785614
Hum_XLOC_004718,HEK293FT,0.0,0.014439523220062256
Hum_XLOC_004733,HEK293FT,0.0,0.2072649747133255
Hum_XLOC_004741,HEK293FT,0.0,0.005596138536930084
Hum_XLOC_004762,HEK293FT,0.0,0.09393689781427383
Hum_XLOC_004771,HEK293FT,0.0,0.010799070820212364
Hum_XLOC_004777,HEK293FT,0.0,0.12007749080657959
Hum_XLOC_004788,HEK293FT,0.0,0.06674621254205704
Hum_XLOC_004791,HEK293FT,0.0,0.011321463622152805
Hum_XLOC_004795,HEK293FT,0.0,0.055539458990097046
Hum_XLOC_004803,HEK293FT,0.0,0.18776275217533112
Hum_XLOC_004805,HEK293FT,0.0,0.09136747568845749
Hum_XLOC_004813,HEK293FT,0.0,0.05578255280852318
Hum_XLOC_004815,HEK293FT,0.0,0.16096895933151245
Hum_XLOC_004822,HEK293FT,0.0,0.19404250383377075
Hum_XLOC_004823,HEK293FT,0.0,0.07166344672441483
Hum_XLOC_004827,HEK293FT,0.0,0.013953132554888725
Hum_XLOC_004837,HEK293FT,0.0,0.09387419372797012
Hum_XLOC_004839,HEK293FT,0.0,0.06467270851135254
Hum_XLOC_004855,HEK293FT,0.0,0.016131941229104996
Hum_XLOC_004874,HEK293FT,0.0,0.05201680213212967
Hum_XLOC_004875,HEK293FT,0.0,0.09190966933965683
Hum_XLOC_004878,HEK293FT,0.0,0.08756909519433975
Hum_XLOC_004884,HEK293FT,0.0,0.02434452436864376
Hum_XLOC_004911,HEK293FT,0.0,0.29480233788490295
Hum_XLOC_004915,HEK293FT,0.0,0.04675746709108353
Hum_XLOC_004927,HEK293FT,0.0,0.020212441682815552
Hum_XLOC_004929,HEK293FT,0.0,0.018808333203196526
Hum_XLOC_004936,HEK293FT,0.0,0.055755507200956345
Hum_XLOC_004957,HEK293FT,0.0,0.011958743445575237
Hum_XLOC_004960,HEK293FT,0.0,0.04401751607656479
Hum_XLOC_004965,HEK293FT,0.0,0.021565426141023636
Hum_XLOC_000006,K562,0.0,0.14038033783435822
Hum_XLOC_000008,K562,0.0,0.13505102694034576
Hum_XLOC_000016,K562,0.0,0.26533353328704834
Hum_XLOC_000030,K562,0.0,0.6444589495658875
Hum_XLOC_000033,K562,0.0,0.5487022399902344
Hum_XLOC_000039,K562,0.0,0.6289820075035095
Hum_XLOC_000053,K562,0.0,0.6311865448951721
Hum_XLOC_000057,K562,1.0,0.39096733927726746
Hum_XLOC_000060,K562,1.0,0.732846200466156
Hum_XLOC_000080,K562,0.0,0.0404321514070034
Hum_XLOC_000094,K562,0.0,0.2408662587404251
Hum_XLOC_000100,K562,1.0,0.22542037069797516
Hum_XLOC_000105,K562,0.0,0.010468295775353909
Hum_XLOC_000107,K562,0.0,0.002966664033010602
Hum_XLOC_000111,K562,1.0,0.13307519257068634
Hum_XLOC_000134,K562,0.0,0.021093375980854034
Hum_XLOC_000143,K562,1.0,0.47227218747138977
Hum_XLOC_000145,K562,0.0,0.34072554111480713
Hum_XLOC_000149,K562,0.0,0.172051802277565
Hum_XLOC_000155,K562,1.0,0.001007160753943026
Hum_XLOC_000169,K562,0.0,0.20265311002731323
Hum_XLOC_000170,K562,0.0,0.25228947401046753
Hum_XLOC_000194,K562,0.0,0.0688738077878952
Hum_XLOC_000201,K562,0.0,0.21597199141979218
Hum_XLOC_000231,K562,1.0,0.5641252398490906
Hum_XLOC_000233,K562,1.0,0.13123397529125214
Hum_XLOC_000245,K562,0.0,0.31399068236351013
Hum_XLOC_000247,K562,0.0,0.7825524210929871
Hum_XLOC_000248,K562,0.0,0.08179211616516113
Hum_XLOC_000265,K562,0.0,0.053343821316957474
Hum_XLOC_000282,K562,0.0,0.16855739057064056
Hum_XLOC_000286,K562,1.0,0.20098178088665009
Hum_XLOC_000292,K562,0.0,0.16077443957328796
Hum_XLOC_000307,K562,0.0,0.052555106580257416
Hum_XLOC_000308,K562,0.0,0.06356212496757507
Hum_XLOC_000312,K562,1.0,0.3109973669052124
Hum_XLOC_000314,K562,0.0,0.002000113483518362
Hum_XLOC_000317,K562,0.0,0.01761692762374878
Hum_XLOC_000319,K562,0.0,0.0003075764689128846
Hum_XLOC_000332,K562,0.0,0.06831999123096466
Hum_XLOC_000338,K562,0.0,0.043948352336883545
Hum_XLOC_000342,K562,0.0,0.317069947719574
Hum_XLOC_000345,K562,0.0,0.46371182799339294
Hum_XLOC_000362,K562,0.0,0.1692095547914505
Hum_XLOC_000377,K562,1.0,0.2677232325077057
Hum_XLOC_000390,K562,0.0,0.2585844397544861
Hum_XLOC_000394,K562,0.0,0.10662355273962021
Hum_XLOC_000411,K562,0.0,0.03849947825074196
Hum_XLOC_000415,K562,0.0,0.6963149905204773
Hum_XLOC_000430,K562,0.0,0.2347591370344162
Hum_XLOC_000436,K562,0.0,0.6694146990776062
Hum_XLOC_000437,K562,1.0,0.1930054873228073
Hum_XLOC_000456,K562,1.0,0.35119616985321045
Hum_XLOC_000461,K562,0.0,0.5190811157226562
Hum_XLOC_000462,K562,0.0,0.41246065497398376
Hum_XLOC_000465,K562,0.0,0.04193850979208946
Hum_XLOC_000472,K562,0.0,0.09322138875722885
Hum_XLOC_000474,K562,0.0,0.023096857592463493
Hum_XLOC_000478,K562,0.0,0.6714980602264404
Hum_XLOC_000486,K562,0.0,0.01598699577152729
Hum_XLOC_000490,K562,0.0,0.06370586156845093
Hum_XLOC_000498,K562,0.0,0.03795913979411125
Hum_XLOC_000500,K562,1.0,0.05049753561615944
Hum_XLOC_000510,K562,0.0,0.507501482963562
Hum_XLOC_000535,K562,0.0,0.7409740090370178
Hum_XLOC_000540,K562,0.0,0.06190526485443115
Hum_XLOC_000556,K562,0.0,0.01634589210152626
Hum_XLOC_000574,K562,0.0,0.11803144216537476
Hum_XLOC_000575,K562,0.0,0.09581464529037476
Hum_XLOC_000582,K562,0.0,0.0028071629349142313
Hum_XLOC_000590,K562,0.0,0.023025237023830414
Hum_XLOC_000601,K562,0.0,0.26162415742874146
Hum_XLOC_000604,K562,0.0,0.012213245034217834
Hum_XLOC_000608,K562,1.0,0.18717657029628754
Hum_XLOC_000612,K562,0.0,0.04502398893237114
Hum_XLOC_000636,K562,1.0,0.09238684177398682
Hum_XLOC_000638,K562,0.0,0.5359412431716919
Hum_XLOC_000641,K562,0.0,0.06583298742771149
Hum_XLOC_000655,K562,0.0,0.41761136054992676
Hum_XLOC_000668,K562,0.0,0.23117537796497345
Hum_XLOC_000680,K562,0.0,0.008773097768425941
Hum_XLOC_000681,K562,0.0,0.04258428514003754
Hum_XLOC_000695,K562,0.0,0.17182639241218567
Hum_XLOC_000702,K562,0.0,0.16345848143100739
Hum_XLOC_000726,K562,0.0,0.4264928996562958
Hum_XLOC_000727,K562,0.0,0.009127400815486908
Hum_XLOC_000758,K562,0.0,0.007414557505398989
Hum_XLOC_000773,K562,0.0,0.12341108918190002
Hum_XLOC_000774,K562,0.0,0.09396230429410934
Hum_XLOC_000797,K562,0.0,0.07990019023418427
Hum_XLOC_000799,K562,0.0,0.12437170743942261
Hum_XLOC_000800,K562,0.0,0.04122437536716461
Hum_XLOC_000807,K562,0.0,0.052985064685344696
Hum_XLOC_000818,K562,0.0,0.12509341537952423
Hum_XLOC_000828,K562,0.0,0.04113416001200676
Hum_XLOC_000831,K562,0.0,0.013710049912333488
Hum_XLOC_000835,K562,0.0,0.09417310357093811
Hum_XLOC_000840,K562,0.0,0.19214347004890442
Hum_XLOC_000841,K562,0.0,0.12351498007774353
Hum_XLOC_000842,K562,0.0,0.020092934370040894
Hum_XLOC_000854,K562,1.0,0.012946174480021
Hum_XLOC_000855,K562,0.0,0.012037629261612892
Hum_XLOC_000883,K562,0.0,0.03506142646074295
Hum_XLOC_000885,K562,0.0,0.0073465704917907715
Hum_XLOC_000905,K562,0.0,0.013754747807979584
Hum_XLOC_000917,K562,0.0,0.03607429191470146
Hum_XLOC_000925,K562,0.0,0.009660288691520691
Hum_XLOC_000944,K562,0.0,0.005803687497973442
Hum_XLOC_000949,K562,0.0,0.033037930727005005
Hum_XLOC_000953,K562,0.0,0.00353589141741395
Hum_XLOC_000964,K562,0.0,0.020773490890860558
Hum_XLOC_000990,K562,0.0,0.00013402517652139068
Hum_XLOC_000994,K562,0.0,0.008288285695016384
Hum_XLOC_001020,K562,0.0,0.05714232847094536
Hum_XLOC_001029,K562,0.0,0.044626615941524506
Hum_XLOC_001066,K562,0.0,0.01897270232439041
Hum_XLOC_001120,K562,0.0,0.023348551243543625
Hum_XLOC_001121,K562,0.0,0.041206300258636475
Hum_XLOC_001122,K562,0.0,0.2625771462917328
Hum_XLOC_001125,K562,0.0,0.24046289920806885
Hum_XLOC_001132,K562,0.0,0.19962318241596222
Hum_XLOC_001138,K562,0.0,0.013023070059716702
Hum_XLOC_001144,K562,0.0,0.019720017910003662
Hum_XLOC_001146,K562,0.0,0.012820043601095676
Hum_XLOC_001188,K562,0.0,0.0032942004036158323
Hum_XLOC_001191,K562,0.0,0.03909723088145256
Hum_XLOC_001192,K562,0.0,0.008038904517889023
Hum_XLOC_001217,K562,0.0,0.03082667477428913
Hum_XLOC_001222,K562,0.0,0.0031835169065743685
Hum_XLOC_001228,K562,0.0,0.06124062091112137
Hum_XLOC_001230,K562,0.0,0.017354095354676247
Hum_XLOC_001237,K562,0.0,0.15305612981319427
Hum_XLOC_001243,K562,0.0,0.2272413969039917
Hum_XLOC_001275,K562,0.0,0.014363947324454784
Hum_XLOC_001279,K562,0.0,0.00485017616301775
Hum_XLOC_001291,K562,0.0,0.14227209985256195
Hum_XLOC_001296,K562,1.0,0.36681583523750305
Hum_XLOC_001297,K562,0.0,0.13285306096076965
Hum_XLOC_001309,K562,0.0,0.034844644367694855
Hum_XLOC_001329,K562,0.0,0.006845826283097267
Hum_XLOC_001330,K562,0.0,0.0015298714861273766
Hum_XLOC_001355,K562,0.0,0.05790865421295166
Hum_XLOC_001366,K562,0.0,0.019016679376363754
Hum_XLOC_001367,K562,0.0,0.1013374775648117
Hum_XLOC_001375,K562,0.0,0.0753101333975792
Hum_XLOC_001390,K562,0.0,2.303772998857312e-05
Hum_XLOC_001405,K562,0.0,0.11292099207639694
Hum_XLOC_001461,K562,0.0,0.08468040823936462
Hum_XLOC_001465,K562,0.0,0.016786860302090645
Hum_XLOC_001488,K562,0.0,0.03890365734696388
Hum_XLOC_001490,K562,1.0,0.18543142080307007
Hum_XLOC_001509,K562,0.0,0.09393514692783356
Hum_XLOC_001516,K562,0.0,0.1248754933476448
Hum_XLOC_001532,K562,0.0,0.027832234278321266
Hum_XLOC_001539,K562,0.0,0.0009696900960989296
Hum_XLOC_001541,K562,0.0,0.10210756957530975
Hum_XLOC_001542,K562,0.0,0.2972583770751953
Hum_XLOC_001548,K562,0.0,0.0031173517927527428
Hum_XLOC_001559,K562,0.0,0.020142322406172752
Hum_XLOC_001565,K562,1.0,0.31501883268356323
Hum_XLOC_001566,K562,0.0,0.12049107253551483
Hum_XLOC_001575,K562,0.0,0.29303044080734253
Hum_XLOC_001580,K562,0.0,0.04459879547357559
Hum_XLOC_001590,K562,0.0,0.09326212108135223
Hum_XLOC_001615,K562,0.0,0.612989604473114
Hum_XLOC_001624,K562,0.0,0.3079352080821991
Hum_XLOC_001639,K562,0.0,0.11306518316268921
Hum_XLOC_001661,K562,0.0,0.01028701476752758
Hum_XLOC_001666,K562,0.0,0.00017390359425917268
Hum_XLOC_001668,K562,0.0,0.03954548016190529
Hum_XLOC_001688,K562,0.0,0.010355296544730663
Hum_XLOC_001689,K562,0.0,0.014763599261641502
Hum_XLOC_001695,K562,0.0,0.19892722368240356
Hum_XLOC_001696,K562,0.0,0.18201467394828796
Hum_XLOC_001698,K562,0.0,0.007848763838410378
Hum_XLOC_001707,K562,0.0,0.05478813499212265
Hum_XLOC_001760,K562,0.0,0.16578660905361176
Hum_XLOC_001761,K562,0.0,0.21115803718566895
Hum_XLOC_001773,K562,0.0,0.16113166511058807
Hum_XLOC_001775,K562,0.0,0.10076605528593063
Hum_XLOC_001779,K562,0.0,0.09298665076494217
Hum_XLOC_001783,K562,1.0,0.2199983447790146
Hum_XLOC_001791,K562,0.0,0.07377438247203827
Hum_XLOC_001805,K562,0.0,0.05050354823470116
Hum_XLOC_001809,K562,0.0,0.00036460935370996594
Hum_XLOC_001848,K562,0.0,0.00219858530908823
Hum_XLOC_001919,K562,0.0,0.007786063943058252
Hum_XLOC_001941,K562,0.0,0.03258506953716278
Hum_XLOC_001942,K562,0.0,0.0022299743723124266
Hum_XLOC_001949,K562,0.0,0.00235437392257154
Hum_XLOC_001950,K562,1.0,0.2786490321159363
Hum_XLOC_001953,K562,0.0,0.012366313487291336
Hum_XLOC_001957,K562,0.0,0.0013878496829420328
Hum_XLOC_001961,K562,0.0,0.038942400366067886
Hum_XLOC_001969,K562,0.0,0.07024838030338287
Hum_XLOC_002024,K562,0.0,0.03611268848180771
Hum_XLOC_002028,K562,0.0,0.0010292885126546025
Hum_XLOC_002033,K562,1.0,0.13342663645744324
Hum_XLOC_002036,K562,0.0,0.30607980489730835
Hum_XLOC_002037,K562,0.0,0.03435426577925682
Hum_XLOC_002041,K562,0.0,0.013135159388184547
Hum_XLOC_002059,K562,0.0,0.0414334274828434
Hum_XLOC_002061,K562,0.0,0.00017916440265253186
Hum_XLOC_002068,K562,0.0,0.005285162944346666
Hum_XLOC_002081,K562,0.0,0.3317413032054901
Hum_XLOC_002093,K562,0.0,0.1500873565673828
Hum_XLOC_002099,K562,0.0,0.03679196909070015
Hum_XLOC_002144,K562,0.0,0.2206750065088272
Hum_XLOC_002150,K562,0.0,0.0013490822166204453
Hum_XLOC_002152,K562,0.0,0.2008950263261795
Hum_XLOC_002154,K562,0.0,0.0379011370241642
Hum_XLOC_002169,K562,0.0,0.325687050819397
Hum_XLOC_002170,K562,0.0,0.006448142696171999
Hum_XLOC_002176,K562,0.0,0.1912916898727417
Hum_XLOC_002178,K562,0.0,0.009872670285403728
Hum_XLOC_002186,K562,0.0,0.021875618025660515
Hum_XLOC_002204,K562,0.0,0.0776929259300232
Hum_XLOC_002205,K562,0.0,0.004447923507541418
Hum_XLOC_002219,K562,0.0,0.14355580508708954
Hum_XLOC_002244,K562,0.0,0.029174083843827248
Hum_XLOC_002252,K562,0.0,0.0018520534504204988
Hum_XLOC_002261,K562,0.0,0.032620545476675034
Hum_XLOC_002262,K562,0.0,0.004618360660970211
Hum_XLOC_002265,K562,0.0,0.2177688628435135
Hum_XLOC_002271,K562,0.0,0.054864462465047836
Hum_XLOC_002280,K562,0.0,0.14311276376247406
Hum_XLOC_002282,K562,0.0,0.027867168188095093
Hum_XLOC_002283,K562,0.0,0.0010123850079253316
Hum_XLOC_002284,K562,1.0,0.5331770777702332
Hum_XLOC_002294,K562,0.0,0.05125920847058296
Hum_XLOC_002296,K562,0.0,0.13165099918842316
Hum_XLOC_002299,K562,0.0,0.19989416003227234
Hum_XLOC_002301,K562,0.0,0.38307449221611023
Hum_XLOC_002306,K562,0.0,0.09052237123250961
Hum_XLOC_002311,K562,0.0,0.06808952987194061
Hum_XLOC_002313,K562,0.0,0.23882783949375153
Hum_XLOC_002314,K562,1.0,0.5769603848457336
Hum_XLOC_002327,K562,0.0,0.21264700591564178
Hum_XLOC_002330,K562,0.0,0.023959608748555183
Hum_XLOC_002338,K562,0.0,0.13974913954734802
Hum_XLOC_002344,K562,0.0,0.018929846584796906
Hum_XLOC_002347,K562,0.0,0.001797218224965036
Hum_XLOC_002348,K562,0.0,0.008640305139124393
Hum_XLOC_002362,K562,0.0,0.050313401967287064
Hum_XLOC_002364,K562,0.0,0.010602644644677639
Hum_XLOC_002383,K562,0.0,0.01085877325385809
Hum_XLOC_002386,K562,0.0,0.0560997799038887
Hum_XLOC_002390,K562,0.0,0.394605427980423
Hum_XLOC_002394,K562,0.0,0.12306267768144608
Hum_XLOC_002398,K562,0.0,0.0057870191521942616
Hum_XLOC_002399,K562,0.0,0.005277732852846384
Hum_XLOC_002408,K562,0.0,0.010404528118669987
Hum_XLOC_002414,K562,0.0,0.0023346783127635717
Hum_XLOC_002418,K562,0.0,0.09844309836626053
Hum_XLOC_002435,K562,0.0,0.006401555147022009
Hum_XLOC_002440,K562,0.0,0.08494767546653748
Hum_XLOC_002489,K562,0.0,0.01867642253637314
Hum_XLOC_002490,K562,0.0,0.0021745027042925358
Hum_XLOC_002493,K562,0.0,0.027683774009346962
Hum_XLOC_002520,K562,0.0,0.8661535382270813
Hum_XLOC_002524,K562,0.0,0.21647216379642487
Hum_XLOC_002546,K562,0.0,0.4477393329143524
Hum_XLOC_002560,K562,0.0,0.1324746459722519
Hum_XLOC_002570,K562,0.0,0.47578611969947815
Hum_XLOC_002577,K562,0.0,0.5059046745300293
Hum_XLOC_002579,K562,0.0,0.0024118092842400074
Hum_XLOC_002586,K562,0.0,0.0009400200215168297
Hum_XLOC_002589,K562,1.0,0.2338981181383133
Hum_XLOC_002629,K562,0.0,0.1104249581694603
Hum_XLOC_002631,K562,0.0,0.1468673199415207
Hum_XLOC_002635,K562,0.0,0.02780485711991787
Hum_XLOC_002644,K562,0.0,0.1300475001335144
Hum_XLOC_002646,K562,0.0,0.04165219888091087
Hum_XLOC_002653,K562,0.0,0.036079805344343185
Hum_XLOC_002681,K562,0.0,0.24561180174350739
Hum_XLOC_002695,K562,0.0,0.10177423059940338
Hum_XLOC_002702,K562,0.0,0.004050696734338999
Hum_XLOC_002705,K562,1.0,0.15136240422725677
Hum_XLOC_002711,K562,0.0,0.1290597766637802
Hum_XLOC_002714,K562,0.0,0.46466517448425293
Hum_XLOC_002717,K562,0.0,0.15433776378631592
Hum_XLOC_002725,K562,0.0,0.13580572605133057
Hum_XLOC_002741,K562,0.0,0.02973410300910473
Hum_XLOC_002742,K562,0.0,0.036021798849105835
Hum_XLOC_002744,K562,0.0,0.01115222368389368
Hum_XLOC_002760,K562,0.0,0.12219484895467758
Hum_XLOC_002788,K562,0.0,0.256595641374588
Hum_XLOC_002792,K562,0.0,0.31545719504356384
Hum_XLOC_002796,K562,0.0,0.2310127317905426
Hum_XLOC_002817,K562,0.0,0.037894997745752335
Hum_XLOC_002836,K562,0.0,0.14753097295761108
Hum_XLOC_002844,K562,0.0,0.021566418930888176
Hum_XLOC_002845,K562,0.0,0.7050193548202515
Hum_XLOC_002859,K562,0.0,0.013679880648851395
Hum_XLOC_002889,K562,0.0,0.15583063662052155
Hum_XLOC_002911,K562,0.0,0.015689615160226822
Hum_XLOC_002935,K562,0.0,0.018773619085550308
Hum_XLOC_002937,K562,0.0,0.09244997799396515
Hum_XLOC_002967,K562,0.0,0.004253021441400051
Hum_XLOC_002983,K562,0.0,0.18130391836166382
Hum_XLOC_002986,K562,0.0,0.42915013432502747
Hum_XLOC_002990,K562,0.0,0.1942041516304016
Hum_XLOC_003039,K562,0.0,0.10986720025539398
Hum_XLOC_003061,K562,1.0,0.5660617351531982
Hum_XLOC_003086,K562,0.0,0.27093297243118286
Hum_XLOC_003099,K562,0.0,0.012150111608207226
Hum_XLOC_003109,K562,0.0,0.03316750377416611
Hum_XLOC_003128,K562,0.0,0.19018685817718506
Hum_XLOC_003134,K562,1.0,0.3434654176235199
Hum_XLOC_003137,K562,0.0,0.10004100203514099
Hum_XLOC_003154,K562,0.0,0.14698201417922974
Hum_XLOC_003155,K562,0.0,0.4108516275882721
Hum_XLOC_003171,K562,0.0,0.015622193925082684
Hum_XLOC_003209,K562,0.0,0.052374571561813354
Hum_XLOC_003215,K562,0.0,0.11902185529470444
Hum_XLOC_003221,K562,0.0,0.0007600540411658585
Hum_XLOC_003232,K562,0.0,0.09532752633094788
Hum_XLOC_003268,K562,0.0,0.3298598825931549
Hum_XLOC_003269,K562,1.0,0.11979606002569199
Hum_XLOC_003286,K562,0.0,0.454289048910141
Hum_XLOC_003290,K562,0.0,0.009423346258699894
Hum_XLOC_003294,K562,0.0,0.01966438814997673
Hum_XLOC_003321,K562,0.0,0.20633156597614288
Hum_XLOC_003324,K562,0.0,0.005864996463060379
Hum_XLOC_003334,K562,0.0,0.05778370797634125
Hum_XLOC_003337,K562,0.0,0.004413037095218897
Hum_XLOC_003338,K562,0.0,0.04049671068787575
Hum_XLOC_003352,K562,0.0,0.03757015988230705
Hum_XLOC_003357,K562,0.0,0.05866566300392151
Hum_XLOC_003361,K562,0.0,0.10376878827810287
Hum_XLOC_003371,K562,0.0,0.0064980946481227875
Hum_XLOC_003381,K562,0.0,1.504089141235454e-05
Hum_XLOC_003408,K562,0.0,0.014741233550012112
Hum_XLOC_003436,K562,0.0,0.010310621000826359
Hum_XLOC_003440,K562,0.0,0.012116692960262299
Hum_XLOC_003450,K562,1.0,0.10243434458971024
Hum_XLOC_003466,K562,0.0,0.2560909390449524
Hum_XLOC_003488,K562,0.0,0.025428904220461845
Hum_XLOC_003491,K562,0.0,0.0002039984246948734
Hum_XLOC_003497,K562,0.0,0.031473126262426376
Hum_XLOC_003498,K562,0.0,0.03227803111076355
Hum_XLOC_003502,K562,0.0,0.07119552046060562
Hum_XLOC_003518,K562,0.0,0.04505426809191704
Hum_XLOC_003532,K562,0.0,0.3142501413822174
Hum_XLOC_003543,K562,0.0,0.0009189681732095778
Hum_XLOC_003554,K562,0.0,0.07111933082342148
Hum_XLOC_003563,K562,0.0,0.06111510097980499
Hum_XLOC_003567,K562,0.0,0.16440421342849731
Hum_XLOC_003568,K562,0.0,0.06931950896978378
Hum_XLOC_003570,K562,0.0,0.007397809065878391
Hum_XLOC_003571,K562,0.0,0.01945769041776657
Hum_XLOC_003593,K562,0.0,0.032640911638736725
Hum_XLOC_003594,K562,0.0,0.18512095510959625
Hum_XLOC_003598,K562,0.0,0.013187496922910213
Hum_XLOC_003626,K562,0.0,0.003977754153311253
Hum_XLOC_003628,K562,0.0,0.0017210852820426226
Hum_XLOC_003630,K562,0.0,0.04336116835474968
Hum_XLOC_003641,K562,1.0,0.3096408247947693
Hum_XLOC_003662,K562,0.0,0.21008288860321045
Hum_XLOC_003665,K562,1.0,0.1698918640613556
Hum_XLOC_003672,K562,0.0,0.37147071957588196
Hum_XLOC_003673,K562,0.0,0.052625540643930435
Hum_XLOC_003674,K562,0.0,0.4037882089614868
Hum_XLOC_003676,K562,0.0,0.055961742997169495
Hum_XLOC_003686,K562,0.0,0.06657689064741135
Hum_XLOC_003697,K562,0.0,0.028757324442267418
Hum_XLOC_003717,K562,0.0,0.03482880815863609
Hum_XLOC_003725,K562,0.0,0.09172104299068451
Hum_XLOC_003743,K562,0.0,0.08477720618247986
Hum_XLOC_003754,K562,0.0,0.3890380561351776
Hum_XLOC_003766,K562,0.0,0.37337562441825867
Hum_XLOC_003775,K562,0.0,0.13263775408267975
Hum_XLOC_003790,K562,0.0,0.046964552253484726
Hum_XLOC_003799,K562,0.0,0.007878581061959267
Hum_XLOC_003853,K562,0.0,0.0050831930711865425
Hum_XLOC_003865,K562,0.0,0.04734198376536369
Hum_XLOC_003871,K562,0.0,0.11882413178682327
Hum_XLOC_003891,K562,0.0,0.1420699506998062
Hum_XLOC_003892,K562,1.0,0.014427991583943367
Hum_XLOC_003910,K562,0.0,0.5042473077774048
Hum_XLOC_003911,K562,0.0,0.5417672395706177
Hum_XLOC_003952,K562,0.0,0.027892932295799255
Hum_XLOC_003971,K562,0.0,0.08507246524095535
Hum_XLOC_003988,K562,1.0,0.006092071533203125
Hum_XLOC_004020,K562,0.0,0.02268180064857006
Hum_XLOC_004035,K562,0.0,0.21443414688110352
Hum_XLOC_004036,K562,0.0,0.23434822261333466
Hum_XLOC_004048,K562,0.0,0.01834835112094879
Hum_XLOC_004068,K562,0.0,0.04141728952527046
Hum_XLOC_004069,K562,0.0,0.028919456526637077
Hum_XLOC_004095,K562,0.0,0.2548941373825073
Hum_XLOC_004096,K562,0.0,0.6311681270599365
Hum_XLOC_004116,K562,0.0,0.4045027792453766
Hum_XLOC_004123,K562,0.0,0.012308621779084206
Hum_XLOC_004134,K562,0.0,0.021630248054862022
Hum_XLOC_004161,K562,0.0,0.04169637709856033
Hum_XLOC_004168,K562,0.0,0.03171464055776596
Hum_XLOC_004169,K562,0.0,0.05790906026959419
Hum_XLOC_004177,K562,0.0,0.09402209520339966
Hum_XLOC_004200,K562,0.0,0.0430464930832386
Hum_XLOC_004201,K562,0.0,0.02254953421652317
Hum_XLOC_004219,K562,0.0,0.0016122706001624465
Hum_XLOC_004226,K562,0.0,0.013575474731624126
Hum_XLOC_004227,K562,0.0,0.00535670155659318
Hum_XLOC_004236,K562,0.0,0.0007532297167927027
Hum_XLOC_004254,K562,1.0,0.13853728771209717
Hum_XLOC_004255,K562,0.0,0.4237031936645508
Hum_XLOC_004262,K562,0.0,0.1414654403924942
Hum_XLOC_004269,K562,0.0,0.04598255082964897
Hum_XLOC_004277,K562,0.0,0.005236978176981211
Hum_XLOC_004278,K562,0.0,0.006696364376693964
Hum_XLOC_004282,K562,0.0,0.16805805265903473
Hum_XLOC_004287,K562,0.0,0.036328814923763275
Hum_XLOC_004293,K562,0.0,0.46553948521614075
Hum_XLOC_004302,K562,0.0,0.13393069803714752
Hum_XLOC_004303,K562,0.0,0.008417298085987568
Hum_XLOC_004306,K562,0.0,0.02211020700633526
Hum_XLOC_004309,K562,0.0,0.5801408290863037
Hum_XLOC_004314,K562,0.0,0.08146700263023376
Hum_XLOC_004317,K562,0.0,0.03880354389548302
Hum_XLOC_004336,K562,0.0,0.020168935880064964
Hum_XLOC_004343,K562,0.0,0.11467424035072327
Hum_XLOC_004350,K562,0.0,0.09835232049226761
Hum_XLOC_004361,K562,0.0,0.03173848241567612
Hum_XLOC_004363,K562,0.0,0.15597964823246002
Hum_XLOC_004401,K562,0.0,0.02465822733938694
Hum_XLOC_004405,K562,0.0,0.002438385970890522
Hum_XLOC_004407,K562,0.0,0.008032766170799732
Hum_XLOC_004424,K562,0.0,0.0009867835324257612
Hum_XLOC_004437,K562,0.0,0.04004134610295296
Hum_XLOC_004446,K562,0.0,0.32637840509414673
Hum_XLOC_004457,K562,0.0,0.32742610573768616
Hum_XLOC_004482,K562,0.0,0.16557735204696655
Hum_XLOC_004502,K562,0.0,0.08042275160551071
Hum_XLOC_004515,K562,0.0,0.013724888674914837
Hum_XLOC_004529,K562,0.0,0.11468128859996796
Hum_XLOC_004535,K562,0.0,0.04344474896788597
Hum_XLOC_004553,K562,0.0,0.41379499435424805
Hum_XLOC_004566,K562,0.0,0.01817576214671135
Hum_XLOC_004567,K562,0.0,0.011731264181435108
Hum_XLOC_004572,K562,0.0,0.42156457901000977
Hum_XLOC_004578,K562,0.0,0.020346596837043762
Hum_XLOC_004580,K562,0.0,0.19866406917572021
Hum_XLOC_004581,K562,0.0,0.1033935472369194
Hum_XLOC_004587,K562,0.0,0.1644384115934372
Hum_XLOC_004600,K562,0.0,0.34217238426208496
Hum_XLOC_004601,K562,0.0,0.009855732321739197
Hum_XLOC_004607,K562,0.0,0.08885661512613297
Hum_XLOC_004617,K562,0.0,0.014569982886314392
Hum_XLOC_004619,K562,0.0,0.012594718486070633
Hum_XLOC_004620,K562,1.0,0.8077660799026489
Hum_XLOC_004632,K562,0.0,0.0246241707354784
Hum_XLOC_004636,K562,0.0,0.08281441777944565
Hum_XLOC_004652,K562,0.0,0.05827964469790459
Hum_XLOC_004653,K562,0.0,0.026058362796902657
Hum_XLOC_004657,K562,0.0,0.01918480172753334
Hum_XLOC_004661,K562,0.0,0.02632335014641285
Hum_XLOC_004683,K562,0.0,0.0016675385413691401
Hum_XLOC_004684,K562,0.0,0.17809176445007324
Hum_XLOC_004688,K562,0.0,0.006206496153026819
Hum_XLOC_004689,K562,0.0,0.009340262971818447
Hum_XLOC_004705,K562,0.0,0.055869314819574356
Hum_XLOC_004717,K562,0.0,0.1455094814300537
Hum_XLOC_004718,K562,0.0,0.032620202749967575
Hum_XLOC_004733,K562,0.0,0.11248669773340225
Hum_XLOC_004741,K562,0.0,0.0017983595607802272
Hum_XLOC_004762,K562,0.0,0.8478223085403442
Hum_XLOC_004771,K562,0.0,0.008326997049152851
Hum_XLOC_004777,K562,0.0,0.06596969813108444
Hum_XLOC_004788,K562,0.0,0.06578133255243301
Hum_XLOC_004791,K562,0.0,0.021323295310139656
Hum_XLOC_004795,K562,0.0,0.03794529289007187
Hum_XLOC_004803,K562,0.0,0.23237638175487518
Hum_XLOC_004805,K562,0.0,0.036819733679294586
Hum_XLOC_004813,K562,0.0,0.05881074070930481
Hum_XLOC_004815,K562,1.0,0.055746521800756454
Hum_XLOC_004822,K562,0.0,0.12944144010543823
Hum_XLOC_004823,K562,0.0,0.03273404389619827
Hum_XLOC_004827,K562,0.0,0.004179422743618488
Hum_XLOC_004837,K562,1.0,0.08221518248319626
Hum_XLOC_004839,K562,0.0,0.18946687877178192
Hum_XLOC_004855,K562,0.0,0.039270173758268356
Hum_XLOC_004874,K562,0.0,0.014901183545589447
Hum_XLOC_004875,K562,0.0,0.013030610978603363
Hum_XLOC_004878,K562,0.0,0.01968250423669815
Hum_XLOC_004884,K562,0.0,0.004778278060257435
Hum_XLOC_004911,K562,0.0,0.10828664898872375
Hum_XLOC_004915,K562,0.0,0.11547117680311203
Hum_XLOC_004927,K562,0.0,0.06762395054101944
Hum_XLOC_004929,K562,0.0,0.19421003758907318
Hum_XLOC_004936,K562,0.0,0.08654080331325531
Hum_XLOC_004957,K562,0.0,0.016776300966739655
Hum_XLOC_004960,K562,0.0,0.01714842952787876
Hum_XLOC_004965,K562,0.0,0.008007591590285301
Hum_XLOC_000006,MDA-MB-231,0.0,0.019596528261899948
Hum_XLOC_000008,MDA-MB-231,0.0,0.15372657775878906
Hum_XLOC_000016,MDA-MB-231,0.0,0.02461482770740986
Hum_XLOC_000030,MDA-MB-231,0.0,0.02739078179001808
Hum_XLOC_000033,MDA-MB-231,0.0,0.04590518772602081
Hum_XLOC_000039,MDA-MB-231,0.0,0.05737890675663948
Hum_XLOC_000053,MDA-MB-231,0.0,0.024422537535429
Hum_XLOC_000057,MDA-MB-231,0.0,0.02153554931282997
Hum_XLOC_000060,MDA-MB-231,0.0,0.016368862241506577
Hum_XLOC_000080,MDA-MB-231,0.0,0.005156642757356167
Hum_XLOC_000094,MDA-MB-231,0.0,0.01543413009494543
Hum_XLOC_000100,MDA-MB-231,0.0,0.014421260915696621
Hum_XLOC_000105,MDA-MB-231,0.0,0.006558890454471111
Hum_XLOC_000107,MDA-MB-231,0.0,0.005230163689702749
Hum_XLOC_000111,MDA-MB-231,0.0,0.029795369133353233
Hum_XLOC_000134,MDA-MB-231,0.0,0.013360408134758472
Hum_XLOC_000143,MDA-MB-231,0.0,0.014328811317682266
Hum_XLOC_000145,MDA-MB-231,1.0,0.17938780784606934
Hum_XLOC_000149,MDA-MB-231,0.0,0.0532221719622612
Hum_XLOC_000155,MDA-MB-231,0.0,0.00012271107698325068
Hum_XLOC_000169,MDA-MB-231,0.0,0.008851725608110428
Hum_XLOC_000170,MDA-MB-231,0.0,0.04173732548952103
Hum_XLOC_000194,MDA-MB-231,0.0,0.03080941177904606
Hum_XLOC_000201,MDA-MB-231,0.0,0.02842440828680992
Hum_XLOC_000231,MDA-MB-231,0.0,0.03263673558831215
Hum_XLOC_000233,MDA-MB-231,0.0,0.008959788829088211
Hum_XLOC_000245,MDA-MB-231,0.0,0.03186381235718727
Hum_XLOC_000247,MDA-MB-231,0.0,0.04395005479454994
Hum_XLOC_000248,MDA-MB-231,0.0,0.008566908538341522
Hum_XLOC_000265,MDA-MB-231,0.0,0.01591729372739792
Hum_XLOC_000282,MDA-MB-231,0.0,0.026004906743764877
Hum_XLOC_000286,MDA-MB-231,0.0,0.0985633134841919
Hum_XLOC_000292,MDA-MB-231,0.0,0.04026440531015396
Hum_XLOC_000307,MDA-MB-231,0.0,0.04068624973297119
Hum_XLOC_000308,MDA-MB-231,0.0,0.006166279315948486
Hum_XLOC_000312,MDA-MB-231,0.0,0.016774751245975494
Hum_XLOC_000314,MDA-MB-231,0.0,0.0012324560666456819
Hum_XLOC_000317,MDA-MB-231,0.0,0.008305364288389683
Hum_XLOC_000319,MDA-MB-231,0.0,0.00020745322399307042
Hum_XLOC_000332,MDA-MB-231,0.0,0.0017504692077636719
Hum_XLOC_000338,MDA-MB-231,1.0,0.011537699960172176
Hum_XLOC_000342,MDA-MB-231,0.0,0.01048927940428257
Hum_XLOC_000345,MDA-MB-231,0.0,0.0085209421813488
Hum_XLOC_000362,MDA-MB-231,0.0,0.0345890186727047
Hum_XLOC_000377,MDA-MB-231,0.0,0.11153557896614075
Hum_XLOC_000390,MDA-MB-231,0.0,0.01806119829416275
Hum_XLOC_000394,MDA-MB-231,0.0,0.026719020679593086
Hum_XLOC_000411,MDA-MB-231,0.0,0.013084497302770615
Hum_XLOC_000415,MDA-MB-231,0.0,0.01958443969488144
Hum_XLOC_000430,MDA-MB-231,0.0,0.03873622417449951
Hum_XLOC_000436,MDA-MB-231,0.0,0.07540211081504822
Hum_XLOC_000437,MDA-MB-231,0.0,0.0029839195776730776
Hum_XLOC_000456,MDA-MB-231,1.0,0.23767147958278656
Hum_XLOC_000461,MDA-MB-231,0.0,0.03246935456991196
Hum_XLOC_000462,MDA-MB-231,0.0,0.16303567588329315
Hum_XLOC_000465,MDA-MB-231,0.0,0.027476876974105835
Hum_XLOC_000472,MDA-MB-231,0.0,0.02704530768096447
Hum_XLOC_000474,MDA-MB-231,0.0,0.003788285655900836
Hum_XLOC_000478,MDA-MB-231,0.0,0.12703180313110352
Hum_XLOC_000486,MDA-MB-231,0.0,0.00815937016159296
Hum_XLOC_000490,MDA-MB-231,0.0,0.006988421082496643
Hum_XLOC_000498,MDA-MB-231,0.0,0.01935768313705921
Hum_XLOC_000500,MDA-MB-231,0.0,0.008091907948255539
Hum_XLOC_000510,MDA-MB-231,0.0,0.06171862408518791
Hum_XLOC_000535,MDA-MB-231,0.0,0.08389566093683243
Hum_XLOC_000540,MDA-MB-231,0.0,0.019811823964118958
Hum_XLOC_000556,MDA-MB-231,0.0,0.001271160552278161
Hum_XLOC_000574,MDA-MB-231,0.0,0.045647621154785156
Hum_XLOC_000575,MDA-MB-231,0.0,0.02717624045908451
Hum_XLOC_000582,MDA-MB-231,0.0,0.0002914145006798208
Hum_XLOC_000590,MDA-MB-231,0.0,0.007527533452957869
Hum_XLOC_000601,MDA-MB-231,0.0,0.01761634275317192
Hum_XLOC_000604,MDA-MB-231,0.0,0.010540110990405083
Hum_XLOC_000608,MDA-MB-231,0.0,0.07941663265228271
Hum_XLOC_000612,MDA-MB-231,0.0,0.00618320144712925
Hum_XLOC_000636,MDA-MB-231,0.0,0.016719834879040718
Hum_XLOC_000638,MDA-MB-231,0.0,0.04443700239062309
Hum_XLOC_000641,MDA-MB-231,0.0,0.02494633011519909
Hum_XLOC_000655,MDA-MB-231,0.0,0.06513284146785736
Hum_XLOC_000668,MDA-MB-231,0.0,0.049514949321746826
Hum_XLOC_000680,MDA-MB-231,0.0,0.0033256709575653076
Hum_XLOC_000681,MDA-MB-231,0.0,0.026152757927775383
Hum_XLOC_000695,MDA-MB-231,0.0,0.06781996786594391
Hum_XLOC_000702,MDA-MB-231,0.0,0.04651136323809624
Hum_XLOC_000726,MDA-MB-231,0.0,0.048362091183662415
Hum_XLOC_000727,MDA-MB-231,0.0,0.000746370991691947
Hum_XLOC_000758,MDA-MB-231,0.0,0.006331780459731817
Hum_XLOC_000773,MDA-MB-231,0.0,0.04123980179429054
Hum_XLOC_000774,MDA-MB-231,0.0,0.03159071132540703
Hum_XLOC_000797,MDA-MB-231,0.0,0.13323524594306946
Hum_XLOC_000799,MDA-MB-231,0.0,0.04223532974720001
Hum_XLOC_000800,MDA-MB-231,0.0,0.02377600036561489
Hum_XLOC_000807,MDA-MB-231,0.0,0.005670580081641674
Hum_XLOC_000818,MDA-MB-231,0.0,0.012440546415746212
Hum_XLOC_000828,MDA-MB-231,0.0,0.03098253160715103
Hum_XLOC_000831,MDA-MB-231,0.0,0.007585504092276096
Hum_XLOC_000835,MDA-MB-231,0.0,0.019547585397958755
Hum_XLOC_000840,MDA-MB-231,0.0,0.05098200589418411
Hum_XLOC_000841,MDA-MB-231,0.0,0.03281319513916969
Hum_XLOC_000842,MDA-MB-231,0.0,0.008404290303587914
Hum_XLOC_000854,MDA-MB-231,0.0,0.011916009709239006
Hum_XLOC_000855,MDA-MB-231,0.0,0.0040473719127476215
Hum_XLOC_000883,MDA-MB-231,0.0,0.0075656757690012455
Hum_XLOC_000885,MDA-MB-231,0.0,0.007853254675865173
Hum_XLOC_000905,MDA-MB-231,0.0,0.004694309085607529
Hum_XLOC_000917,MDA-MB-231,0.0,0.012850070372223854
Hum_XLOC_000925,MDA-MB-231,0.0,0.002100839279592037
Hum_XLOC_000944,MDA-MB-231,0.0,0.00262271286919713
Hum_XLOC_000949,MDA-MB-231,0.0,0.005404244177043438
Hum_XLOC_000953,MDA-MB-231,0.0,0.005567065440118313
Hum_XLOC_000964,MDA-MB-231,0.0,0.007676165550947189
Hum_XLOC_000990,MDA-MB-231,0.0,0.0006807998288422823
Hum_XLOC_000994,MDA-MB-231,0.0,0.017015814781188965
Hum_XLOC_001020,MDA-MB-231,0.0,0.005721280351281166
Hum_XLOC_001029,MDA-MB-231,0.0,0.1554567813873291
Hum_XLOC_001066,MDA-MB-231,1.0,0.0010829969542101026
Hum_XLOC_001120,MDA-MB-231,0.0,0.011929750442504883
Hum_XLOC_001121,MDA-MB-231,0.0,0.02208612859249115
Hum_XLOC_001122,MDA-MB-231,0.0,0.06719039380550385
Hum_XLOC_001125,MDA-MB-231,0.0,0.10008635371923447
Hum_XLOC_001132,MDA-MB-231,0.0,0.030024094507098198
Hum_XLOC_001138,MDA-MB-231,0.0,0.010154850780963898
Hum_XLOC_001144,MDA-MB-231,0.0,0.01153308991342783
Hum_XLOC_001146,MDA-MB-231,0.0,0.0197585616260767
Hum_XLOC_001188,MDA-MB-231,0.0,0.005260792560875416
Hum_XLOC_001191,MDA-MB-231,0.0,0.013898242264986038
Hum_XLOC_001192,MDA-MB-231,0.0,0.021062536165118217
Hum_XLOC_001217,MDA-MB-231,0.0,0.011617986485362053
Hum_XLOC_001222,MDA-MB-231,0.0,0.001702045788988471
Hum_XLOC_001228,MDA-MB-231,0.0,0.009319068863987923
Hum_XLOC_001230,MDA-MB-231,0.0,0.004363707732409239
Hum_XLOC_001237,MDA-MB-231,0.0,0.07304146885871887
Hum_XLOC_001243,MDA-MB-231,0.0,0.08850210160017014
Hum_XLOC_001275,MDA-MB-231,0.0,0.00805593840777874
Hum_XLOC_001279,MDA-MB-231,0.0,0.011705414392054081
Hum_XLOC_001291,MDA-MB-231,0.0,0.15378260612487793
Hum_XLOC_001296,MDA-MB-231,0.0,0.0520913265645504
Hum_XLOC_001297,MDA-MB-231,0.0,0.127701073884964
Hum_XLOC_001309,MDA-MB-231,0.0,0.02956313081085682
Hum_XLOC_001329,MDA-MB-231,0.0,0.006457402370870113
Hum_XLOC_001330,MDA-MB-231,0.0,0.0010674908990040421
Hum_XLOC_001355,MDA-MB-231,0.0,0.013386783190071583
Hum_XLOC_001366,MDA-MB-231,0.0,0.0064195506274700165
Hum_XLOC_001367,MDA-MB-231,0.0,0.03082847222685814
Hum_XLOC_001375,MDA-MB-231,0.0,0.016656117513775826
Hum_XLOC_001390,MDA-MB-231,0.0,1.0832312000275124e-05
Hum_XLOC_001405,MDA-MB-231,0.0,0.02651984989643097
Hum_XLOC_001461,MDA-MB-231,0.0,0.01554412953555584
Hum_XLOC_001465,MDA-MB-231,0.0,0.012064698152244091
Hum_XLOC_001488,MDA-MB-231,0.0,0.025374989956617355
Hum_XLOC_001490,MDA-MB-231,0.0,0.020215146243572235
Hum_XLOC_001509,MDA-MB-231,0.0,0.017598263919353485
Hum_XLOC_001516,MDA-MB-231,0.0,0.07101839035749435
Hum_XLOC_001532,MDA-MB-231,0.0,0.0048387967981398106
Hum_XLOC_001539,MDA-MB-231,0.0,0.0007539862999692559
Hum_XLOC_001541,MDA-MB-231,0.0,0.08506586402654648
Hum_XLOC_001542,MDA-MB-231,0.0,0.06865684688091278
Hum_XLOC_001548,MDA-MB-231,0.0,0.004750113934278488
Hum_XLOC_001559,MDA-MB-231,0.0,0.010560479015111923
Hum_XLOC_001565,MDA-MB-231,0.0,0.03683590516448021
Hum_XLOC_001566,MDA-MB-231,0.0,0.026237934827804565
Hum_XLOC_001575,MDA-MB-231,0.0,0.03683633357286453
Hum_XLOC_001580,MDA-MB-231,0.0,0.01719708740711212
Hum_XLOC_001590,MDA-MB-231,0.0,0.02895534783601761
Hum_XLOC_001615,MDA-MB-231,0.0,0.03930949419736862
Hum_XLOC_001624,MDA-MB-231,0.0,0.09848745912313461
Hum_XLOC_001639,MDA-MB-231,0.0,0.01226192805916071
Hum_XLOC_001661,MDA-MB-231,0.0,0.003573976457118988
Hum_XLOC_001666,MDA-MB-231,0.0,0.00020456932543311268
Hum_XLOC_001668,MDA-MB-231,0.0,0.02025442197918892
Hum_XLOC_001688,MDA-MB-231,0.0,0.01410763617604971
Hum_XLOC_001689,MDA-MB-231,0.0,0.005863542668521404
Hum_XLOC_001695,MDA-MB-231,0.0,0.03756198659539223
Hum_XLOC_001696,MDA-MB-231,0.0,0.047220584005117416
Hum_XLOC_001698,MDA-MB-231,0.0,0.006372130010277033
Hum_XLOC_001707,MDA-MB-231,0.0,0.05331311374902725
Hum_XLOC_001760,MDA-MB-231,0.0,0.04483169689774513
Hum_XLOC_001761,MDA-MB-231,1.0,0.02665506675839424
Hum_XLOC_001773,MDA-MB-231,0.0,0.07533439248800278
Hum_XLOC_001775,MDA-MB-231,0.0,0.09706267714500427
Hum_XLOC_001779,MDA-MB-231,1.0,0.008070090785622597
Hum_XLOC_001783,MDA-MB-231,0.0,0.0312039777636528
Hum_XLOC_001791,MDA-MB-231,1.0,0.04239332675933838
Hum_XLOC_001805,MDA-MB-231,0.0,0.015665391460061073
Hum_XLOC_001809,MDA-MB-231,0.0,0.0010845611104741693
Hum_XLOC_001848,MDA-MB-231,0.0,0.0033663997892290354
Hum_XLOC_001919,MDA-MB-231,0.0,0.004403980914503336
Hum_XLOC_001941,MDA-MB-231,0.0,0.019539568573236465
Hum_XLOC_001942,MDA-MB-231,0.0,0.003743682522326708
Hum_XLOC_001949,MDA-MB-231,0.0,0.0009171723504550755
Hum_XLOC_001950,MDA-MB-231,0.0,0.04275253415107727
Hum_XLOC_001953,MDA-MB-231,0.0,0.0249033086001873
Hum_XLOC_001957,MDA-MB-231,0.0,0.004992897156625986
Hum_XLOC_001961,MDA-MB-231,0.0,0.005633702035993338
Hum_XLOC_001969,MDA-MB-231,0.0,0.017233269289135933
Hum_XLOC_002024,MDA-MB-231,0.0,0.01332257129251957
Hum_XLOC_002028,MDA-MB-231,0.0,0.0007042327779345214
Hum_XLOC_002033,MDA-MB-231,0.0,0.02485506236553192
Hum_XLOC_002036,MDA-MB-231,0.0,0.04227747395634651
Hum_XLOC_002037,MDA-MB-231,0.0,0.009244867600500584
Hum_XLOC_002041,MDA-MB-231,0.0,0.005395644344389439
Hum_XLOC_002059,MDA-MB-231,0.0,0.0148157374933362
Hum_XLOC_002061,MDA-MB-231,0.0,7.578109216410667e-05
Hum_XLOC_002068,MDA-MB-231,0.0,0.0037844576872885227
Hum_XLOC_002081,MDA-MB-231,0.0,0.02345108985900879
Hum_XLOC_002093,MDA-MB-231,0.0,0.04534811154007912
Hum_XLOC_002099,MDA-MB-231,0.0,0.025679606944322586
Hum_XLOC_002144,MDA-MB-231,0.0,0.004124859347939491
Hum_XLOC_002150,MDA-MB-231,0.0,0.0015469645150005817
Hum_XLOC_002152,MDA-MB-231,0.0,0.025370225310325623
Hum_XLOC_002154,MDA-MB-231,0.0,0.02586229518055916
Hum_XLOC_002169,MDA-MB-231,0.0,0.05778225511312485
Hum_XLOC_002170,MDA-MB-231,0.0,0.004772836342453957
Hum_XLOC_002176,MDA-MB-231,0.0,0.045421287417411804
Hum_XLOC_002178,MDA-MB-231,0.0,0.004162350669503212
Hum_XLOC_002186,MDA-MB-231,0.0,0.002951534930616617
Hum_XLOC_002204,MDA-MB-231,0.0,0.013710726983845234
Hum_XLOC_002205,MDA-MB-231,0.0,0.003476389916613698
Hum_XLOC_002219,MDA-MB-231,0.0,0.09845133125782013
Hum_XLOC_002244,MDA-MB-231,0.0,0.0074267033487558365
Hum_XLOC_002252,MDA-MB-231,0.0,0.008594240993261337
Hum_XLOC_002261,MDA-MB-231,0.0,0.058497726917266846
Hum_XLOC_002262,MDA-MB-231,0.0,0.0012650639982894063
Hum_XLOC_002265,MDA-MB-231,0.0,0.02620038203895092
Hum_XLOC_002271,MDA-MB-231,0.0,0.015815934166312218
Hum_XLOC_002280,MDA-MB-231,0.0,0.03507294878363609
Hum_XLOC_002282,MDA-MB-231,0.0,0.03458496555685997
Hum_XLOC_002283,MDA-MB-231,0.0,0.00022655550856143236
Hum_XLOC_002284,MDA-MB-231,0.0,0.025953078642487526
Hum_XLOC_002294,MDA-MB-231,0.0,0.0184700395911932
Hum_XLOC_002296,MDA-MB-231,0.0,0.04424738511443138
Hum_XLOC_002299,MDA-MB-231,0.0,0.0675978735089302
Hum_XLOC_002301,MDA-MB-231,0.0,0.00840374268591404
Hum_XLOC_002306,MDA-MB-231,0.0,0.008768505416810513
Hum_XLOC_002311,MDA-MB-231,1.0,0.08998653292655945
Hum_XLOC_002313,MDA-MB-231,0.0,0.026971226558089256
Hum_XLOC_002314,MDA-MB-231,0.0,0.0677213966846466
Hum_XLOC_002327,MDA-MB-231,0.0,0.021003492176532745
Hum_XLOC_002330,MDA-MB-231,0.0,0.021511618047952652
Hum_XLOC_002338,MDA-MB-231,0.0,0.10489244759082794
Hum_XLOC_002344,MDA-MB-231,0.0,0.03558254614472389
Hum_XLOC_002347,MDA-MB-231,0.0,0.00038433753070421517
Hum_XLOC_002348,MDA-MB-231,0.0,0.005914858542382717
Hum_XLOC_002362,MDA-MB-231,0.0,0.01675477996468544
Hum_XLOC_002364,MDA-MB-231,0.0,0.0035526070278137922
Hum_XLOC_002383,MDA-MB-231,0.0,0.004164066631346941
Hum_XLOC_002386,MDA-MB-231,0.0,0.006673813331872225
Hum_XLOC_002390,MDA-MB-231,0.0,0.018324101343750954
Hum_XLOC_002394,MDA-MB-231,0.0,0.014292208477854729
Hum_XLOC_002398,MDA-MB-231,0.0,0.011318357661366463
Hum_XLOC_002399,MDA-MB-231,0.0,0.0011067637242376804
Hum_XLOC_002408,MDA-MB-231,0.0,0.01240511890500784
Hum_XLOC_002414,MDA-MB-231,0.0,0.0024416218511760235
Hum_XLOC_002418,MDA-MB-231,0.0,0.015832196921110153
Hum_XLOC_002435,MDA-MB-231,0.0,0.011515713296830654
Hum_XLOC_002440,MDA-MB-231,0.0,0.0201994851231575
Hum_XLOC_002489,MDA-MB-231,0.0,0.0472586415708065
Hum_XLOC_002490,MDA-MB-231,0.0,0.003276228904724121
Hum_XLOC_002493,MDA-MB-231,0.0,0.011107285507023335
Hum_XLOC_002520,MDA-MB-231,0.0,0.06969595700502396
Hum_XLOC_002524,MDA-MB-231,0.0,0.014096233993768692
Hum_XLOC_002546,MDA-MB-231,0.0,0.027696114033460617
Hum_XLOC_002560,MDA-MB-231,0.0,0.037908945232629776
Hum_XLOC_002570,MDA-MB-231,0.0,0.010173963382840157
Hum_XLOC_002577,MDA-MB-231,0.0,0.11005068570375443
Hum_XLOC_002579,MDA-MB-231,1.0,0.00041281621088273823
Hum_XLOC_002586,MDA-MB-231,0.0,0.0001535539049655199
Hum_XLOC_002589,MDA-MB-231,0.0,0.014513123780488968
Hum_XLOC_002629,MDA-MB-231,0.0,0.029116706922650337
Hum_XLOC_002631,MDA-MB-231,0.0,0.0568038634955883
Hum_XLOC_002635,MDA-MB-231,0.0,0.01382264494895935
Hum_XLOC_002644,MDA-MB-231,0.0,0.06634686887264252
Hum_XLOC_002646,MDA-MB-231,0.0,0.009516227059066296
Hum_XLOC_002653,MDA-MB-231,0.0,0.03241199254989624
Hum_XLOC_002681,MDA-MB-231,0.0,0.026709938421845436
Hum_XLOC_002695,MDA-MB-231,0.0,0.009040484204888344
Hum_XLOC_002702,MDA-MB-231,0.0,0.001298950519412756
Hum_XLOC_002705,MDA-MB-231,0.0,0.013218505308032036
Hum_XLOC_002711,MDA-MB-231,0.0,0.05925422161817551
Hum_XLOC_002714,MDA-MB-231,0.0,0.02969355508685112
Hum_XLOC_002717,MDA-MB-231,0.0,0.05704822763800621
Hum_XLOC_002725,MDA-MB-231,0.0,0.012131239287555218
Hum_XLOC_002741,MDA-MB-231,0.0,0.0019108151318505406
Hum_XLOC_002742,MDA-MB-231,0.0,0.0043363724835217
Hum_XLOC_002744,MDA-MB-231,0.0,0.001963686430826783
Hum_XLOC_002760,MDA-MB-231,0.0,0.028505219146609306
Hum_XLOC_002788,MDA-MB-231,0.0,0.05272668972611427
Hum_XLOC_002792,MDA-MB-231,0.0,0.12095289677381516
Hum_XLOC_002796,MDA-MB-231,0.0,0.04649563506245613
Hum_XLOC_002817,MDA-MB-231,0.0,0.016763202846050262
Hum_XLOC_002836,MDA-MB-231,1.0,0.33186087012290955
Hum_XLOC_002844,MDA-MB-231,0.0,0.013277935795485973
Hum_XLOC_002845,MDA-MB-231,0.0,0.16009119153022766
Hum_XLOC_002859,MDA-MB-231,0.0,0.031626418232917786
Hum_XLOC_002889,MDA-MB-231,1.0,0.008466021157801151
Hum_XLOC_002911,MDA-MB-231,0.0,0.000462963740574196
Hum_XLOC_002935,MDA-MB-231,0.0,0.029439497739076614
Hum_XLOC_002937,MDA-MB-231,0.0,0.026108266785740852
Hum_XLOC_002967,MDA-MB-231,0.0,0.00402468116953969
Hum_XLOC_002983,MDA-MB-231,0.0,0.03238211199641228
Hum_XLOC_002986,MDA-MB-231,0.0,0.10755637288093567
Hum_XLOC_002990,MDA-MB-231,0.0,0.008683018386363983
Hum_XLOC_003039,MDA-MB-231,0.0,0.09314579516649246
Hum_XLOC_003061,MDA-MB-231,0.0,0.16284458339214325
Hum_XLOC_003086,MDA-MB-231,1.0,0.04011664539575577
Hum_XLOC_003099,MDA-MB-231,0.0,0.004701985977590084
Hum_XLOC_003109,MDA-MB-231,0.0,0.010975410230457783
Hum_XLOC_003128,MDA-MB-231,0.0,0.0731130838394165
Hum_XLOC_003134,MDA-MB-231,0.0,0.015554933808743954
Hum_XLOC_003137,MDA-MB-231,0.0,0.06852484494447708
Hum_XLOC_003154,MDA-MB-231,0.0,0.03929898515343666
Hum_XLOC_003155,MDA-MB-231,0.0,0.029727753251791
Hum_XLOC_003171,MDA-MB-231,0.0,0.003588214749470353
Hum_XLOC_003209,MDA-MB-231,0.0,0.00708301505073905
Hum_XLOC_003215,MDA-MB-231,0.0,0.0697980672121048
Hum_XLOC_003221,MDA-MB-231,0.0,0.0015574130229651928
Hum_XLOC_003232,MDA-MB-231,0.0,0.027268461883068085
Hum_XLOC_003268,MDA-MB-231,0.0,0.028566895052790642
Hum_XLOC_003269,MDA-MB-231,0.0,0.024301903322339058
Hum_XLOC_003286,MDA-MB-231,0.0,0.03917378932237625
Hum_XLOC_003290,MDA-MB-231,0.0,0.0012036871630698442
Hum_XLOC_003294,MDA-MB-231,0.0,0.009468954056501389
Hum_XLOC_003321,MDA-MB-231,0.0,0.058320797979831696
Hum_XLOC_003324,MDA-MB-231,0.0,0.0036521516740322113
Hum_XLOC_003334,MDA-MB-231,0.0,0.040146686136722565
Hum_XLOC_003337,MDA-MB-231,0.0,0.008442776277661324
Hum_XLOC_003338,MDA-MB-231,0.0,0.0072001321241259575
Hum_XLOC_003352,MDA-MB-231,0.0,0.010923187248408794
Hum_XLOC_003357,MDA-MB-231,0.0,0.010492873378098011
Hum_XLOC_003361,MDA-MB-231,0.0,0.005895317532122135
Hum_XLOC_003371,MDA-MB-231,0.0,0.002348091220483184
Hum_XLOC_003381,MDA-MB-231,0.0,2.300255982845556e-05
Hum_XLOC_003408,MDA-MB-231,0.0,0.014241558499634266
Hum_XLOC_003436,MDA-MB-231,0.0,0.0042048124596476555
Hum_XLOC_003440,MDA-MB-231,0.0,0.0037796625401824713
Hum_XLOC_003450,MDA-MB-231,0.0,0.017149120569229126
Hum_XLOC_003466,MDA-MB-231,0.0,0.04022882878780365
Hum_XLOC_003488,MDA-MB-231,0.0,0.05008072033524513
Hum_XLOC_003491,MDA-MB-231,0.0,0.0002907495654653758
Hum_XLOC_003497,MDA-MB-231,0.0,0.010666903108358383
Hum_XLOC_003498,MDA-MB-231,0.0,0.08835078030824661
Hum_XLOC_003502,MDA-MB-231,0.0,0.013273900374770164
Hum_XLOC_003518,MDA-MB-231,0.0,0.041583385318517685
Hum_XLOC_003532,MDA-MB-231,0.0,0.04846620932221413
Hum_XLOC_003543,MDA-MB-231,0.0,0.00017935755022335798
Hum_XLOC_003554,MDA-MB-231,0.0,0.052290063351392746
Hum_XLOC_003563,MDA-MB-231,0.0,0.02397674322128296
Hum_XLOC_003567,MDA-MB-231,0.0,0.08402193337678909
Hum_XLOC_003568,MDA-MB-231,0.0,0.01097778044641018
Hum_XLOC_003570,MDA-MB-231,0.0,0.0020996839739382267
Hum_XLOC_003571,MDA-MB-231,0.0,0.00995172280818224
Hum_XLOC_003593,MDA-MB-231,0.0,0.011795437894761562
Hum_XLOC_003594,MDA-MB-231,0.0,0.0580989308655262
Hum_XLOC_003598,MDA-MB-231,0.0,0.007385190110653639
Hum_XLOC_003626,MDA-MB-231,0.0,0.0022313601803034544
Hum_XLOC_003628,MDA-MB-231,0.0,0.001668678130954504
Hum_XLOC_003630,MDA-MB-231,0.0,0.01587609387934208
Hum_XLOC_003641,MDA-MB-231,0.0,0.07969390600919724
Hum_XLOC_003662,MDA-MB-231,0.0,0.04576238989830017
Hum_XLOC_003665,MDA-MB-231,0.0,0.00613396568223834
Hum_XLOC_003672,MDA-MB-231,0.0,0.10844877362251282
Hum_XLOC_003673,MDA-MB-231,0.0,0.010283509269356728
Hum_XLOC_003674,MDA-MB-231,0.0,0.05765702947974205
Hum_XLOC_003676,MDA-MB-231,0.0,0.02868472971022129
Hum_XLOC_003686,MDA-MB-231,0.0,0.02389032579958439
Hum_XLOC_003697,MDA-MB-231,0.0,0.01007354911416769
Hum_XLOC_003717,MDA-MB-231,0.0,0.02556547336280346
Hum_XLOC_003725,MDA-MB-231,0.0,0.021912680938839912
Hum_XLOC_003743,MDA-MB-231,0.0,0.028395267203450203
Hum_XLOC_003754,MDA-MB-231,0.0,0.05691816285252571
Hum_XLOC_003766,MDA-MB-231,0.0,0.06337486207485199
Hum_XLOC_003775,MDA-MB-231,0.0,0.017096059396862984
Hum_XLOC_003790,MDA-MB-231,0.0,0.01985102705657482
Hum_XLOC_003799,MDA-MB-231,1.0,0.00450689485296607
Hum_XLOC_003853,MDA-MB-231,0.0,0.001326781464740634
Hum_XLOC_003865,MDA-MB-231,0.0,0.0242577213793993
Hum_XLOC_003871,MDA-MB-231,0.0,0.021411903202533722
Hum_XLOC_003891,MDA-MB-231,0.0,0.04527939856052399
Hum_XLOC_003892,MDA-MB-231,0.0,0.009112698957324028
Hum_XLOC_003910,MDA-MB-231,0.0,0.04558732360601425
Hum_XLOC_003911,MDA-MB-231,0.0,0.0139828035607934
Hum_XLOC_003952,MDA-MB-231,0.0,0.007962262257933617
Hum_XLOC_003971,MDA-MB-231,0.0,0.019472846761345863
Hum_XLOC_003988,MDA-MB-231,0.0,0.003026900812983513
Hum_XLOC_004020,MDA-MB-231,0.0,0.016082940623164177
Hum_XLOC_004035,MDA-MB-231,0.0,0.10188706964254379
Hum_XLOC_004036,MDA-MB-231,1.0,0.014123515225946903
Hum_XLOC_004048,MDA-MB-231,0.0,0.013553482480347157
Hum_XLOC_004068,MDA-MB-231,0.0,0.0057313330471515656
Hum_XLOC_004069,MDA-MB-231,0.0,0.01328528393059969
Hum_XLOC_004095,MDA-MB-231,0.0,0.009602203033864498
Hum_XLOC_004096,MDA-MB-231,0.0,0.07864592224359512
Hum_XLOC_004116,MDA-MB-231,0.0,0.018664326518774033
Hum_XLOC_004123,MDA-MB-231,0.0,0.004087838809937239
Hum_XLOC_004134,MDA-MB-231,0.0,0.008827285841107368
Hum_XLOC_004161,MDA-MB-231,0.0,0.012306593358516693
Hum_XLOC_004168,MDA-MB-231,0.0,0.03487734869122505
Hum_XLOC_004169,MDA-MB-231,0.0,0.004305687732994556
Hum_XLOC_004177,MDA-MB-231,0.0,0.019215719774365425
Hum_XLOC_004200,MDA-MB-231,0.0,0.001060432754456997
Hum_XLOC_004201,MDA-MB-231,0.0,0.0072122598066926
Hum_XLOC_004219,MDA-MB-231,0.0,0.004563574213534594
Hum_XLOC_004226,MDA-MB-231,0.0,0.004829373210668564
Hum_XLOC_004227,MDA-MB-231,0.0,0.0023356147576123476
Hum_XLOC_004236,MDA-MB-231,0.0,0.0003924411430489272
Hum_XLOC_004254,MDA-MB-231,1.0,0.0665752962231636
Hum_XLOC_004255,MDA-MB-231,0.0,0.009203128516674042
Hum_XLOC_004262,MDA-MB-231,1.0,0.0749935433268547
Hum_XLOC_004269,MDA-MB-231,0.0,0.03782317787408829
Hum_XLOC_004277,MDA-MB-231,0.0,0.012135754339396954
Hum_XLOC_004278,MDA-MB-231,0.0,0.016772234812378883
Hum_XLOC_004282,MDA-MB-231,0.0,0.016134824603796005
Hum_XLOC_004287,MDA-MB-231,0.0,0.02259363792836666
Hum_XLOC_004293,MDA-MB-231,0.0,0.07217899709939957
Hum_XLOC_004302,MDA-MB-231,0.0,0.022065062075853348
Hum_XLOC_004303,MDA-MB-231,0.0,0.0022143975365906954
Hum_XLOC_004306,MDA-MB-231,0.0,0.015282225795090199
Hum_XLOC_004309,MDA-MB-231,0.0,0.052461542189121246
Hum_XLOC_004314,MDA-MB-231,0.0,0.03683169186115265
Hum_XLOC_004317,MDA-MB-231,0.0,0.019278718158602715
Hum_XLOC_004336,MDA-MB-231,0.0,0.06474137306213379
Hum_XLOC_004343,MDA-MB-231,0.0,0.03717341646552086
Hum_XLOC_004350,MDA-MB-231,0.0,0.032463010400533676
Hum_XLOC_004361,MDA-MB-231,0.0,0.017379125580191612
Hum_XLOC_004363,MDA-MB-231,0.0,0.021879103034734726
Hum_XLOC_004401,MDA-MB-231,0.0,0.0029723718762397766
Hum_XLOC_004405,MDA-MB-231,0.0,0.0005850900197401643
Hum_XLOC_004407,MDA-MB-231,0.0,0.0014550151536241174
Hum_XLOC_004424,MDA-MB-231,0.0,0.001498908270150423
Hum_XLOC_004437,MDA-MB-231,0.0,0.004847157280892134
Hum_XLOC_004446,MDA-MB-231,0.0,0.04775741323828697
Hum_XLOC_004457,MDA-MB-231,0.0,0.03142029047012329
Hum_XLOC_004482,MDA-MB-231,0.0,0.10342688858509064
Hum_XLOC_004502,MDA-MB-231,0.0,0.03694862499833107
Hum_XLOC_004515,MDA-MB-231,0.0,0.022058309987187386
Hum_XLOC_004529,MDA-MB-231,0.0,0.07333550602197647
Hum_XLOC_004535,MDA-MB-231,0.0,0.10486879199743271
Hum_XLOC_004553,MDA-MB-231,0.0,0.12650062143802643
Hum_XLOC_004566,MDA-MB-231,0.0,0.007147866301238537
Hum_XLOC_004567,MDA-MB-231,0.0,0.015513994731009007
Hum_XLOC_004572,MDA-MB-231,1.0,0.03981933742761612
Hum_XLOC_004578,MDA-MB-231,0.0,0.006150921806693077
Hum_XLOC_004580,MDA-MB-231,0.0,0.021961335092782974
Hum_XLOC_004581,MDA-MB-231,0.0,0.008145304396748543
Hum_XLOC_004587,MDA-MB-231,0.0,0.02576693892478943
Hum_XLOC_004600,MDA-MB-231,0.0,0.07713548839092255
Hum_XLOC_004601,MDA-MB-231,0.0,0.004325979854911566
Hum_XLOC_004607,MDA-MB-231,0.0,0.022891616448760033
Hum_XLOC_004617,MDA-MB-231,0.0,0.002470084000378847
Hum_XLOC_004619,MDA-MB-231,0.0,0.003756304271519184
Hum_XLOC_004620,MDA-MB-231,0.0,0.03446134552359581
Hum_XLOC_004632,MDA-MB-231,0.0,0.04571831226348877
Hum_XLOC_004636,MDA-MB-231,0.0,0.016433749347925186
Hum_XLOC_004652,MDA-MB-231,0.0,0.028249450027942657
Hum_XLOC_004653,MDA-MB-231,0.0,0.03646097704768181
Hum_XLOC_004657,MDA-MB-231,1.0,0.007922755554318428
Hum_XLOC_004661,MDA-MB-231,0.0,0.025747086852788925
Hum_XLOC_004683,MDA-MB-231,0.0,0.0017724252538755536
Hum_XLOC_004684,MDA-MB-231,0.0,0.053049881011247635
Hum_XLOC_004688,MDA-MB-231,0.0,0.005122749600559473
Hum_XLOC_004689,MDA-MB-231,0.0,0.004410709720104933
Hum_XLOC_004705,MDA-MB-231,0.0,0.005587161052972078
Hum_XLOC_004717,MDA-MB-231,0.0,0.06525787711143494
Hum_XLOC_004718,MDA-MB-231,0.0,0.0026618579868227243
Hum_XLOC_004733,MDA-MB-231,0.0,0.14459018409252167
Hum_XLOC_004741,MDA-MB-231,0.0,0.0004894232843071222
Hum_XLOC_004762,MDA-MB-231,0.0,0.07100771367549896
Hum_XLOC_004771,MDA-MB-231,0.0,0.005674784071743488
Hum_XLOC_004777,MDA-MB-231,0.0,0.030779588967561722
Hum_XLOC_004788,MDA-MB-231,0.0,0.02009466290473938
Hum_XLOC_004791,MDA-MB-231,0.0,0.007828934118151665
Hum_XLOC_004795,MDA-MB-231,0.0,0.01888429932296276
Hum_XLOC_004803,MDA-MB-231,0.0,0.032145917415618896
Hum_XLOC_004805,MDA-MB-231,0.0,0.019608790054917336
Hum_XLOC_004813,MDA-MB-231,0.0,0.024249501526355743
Hum_XLOC_004815,MDA-MB-231,0.0,0.0276243407279253
Hum_XLOC_004822,MDA-MB-231,0.0,0.03942833095788956
Hum_XLOC_004823,MDA-MB-231,0.0,0.013164855539798737
Hum_XLOC_004827,MDA-MB-231,0.0,0.0021993094123899937
Hum_XLOC_004837,MDA-MB-231,0.0,0.021021900698542595
Hum_XLOC_004839,MDA-MB-231,0.0,0.02393992431461811
Hum_XLOC_004855,MDA-MB-231,0.0,0.008576691150665283
Hum_XLOC_004874,MDA-MB-231,0.0,0.00841902568936348
Hum_XLOC_004875,MDA-MB-231,0.0,0.019413365051150322
Hum_XLOC_004878,MDA-MB-231,0.0,0.024865610525012016
Hum_XLOC_004884,MDA-MB-231,1.0,0.01298071350902319
Hum_XLOC_004911,MDA-MB-231,0.0,0.21013692021369934
Hum_XLOC_004915,MDA-MB-231,0.0,0.010509724728763103
Hum_XLOC_004927,MDA-MB-231,1.0,0.004097510129213333
Hum_XLOC_004929,MDA-MB-231,0.0,0.003745473688468337
Hum_XLOC_004936,MDA-MB-231,0.0,0.015651235356926918
Hum_XLOC_004957,MDA-MB-231,0.0,0.002265478251501918
Hum_XLOC_004960,MDA-MB-231,0.0,0.02232162281870842
Hum_XLOC_004965,MDA-MB-231,0.0,0.010495408438146114
Hum_XLOC_000006,THP1,0.0,0.02497844398021698
Hum_XLOC_000008,THP1,0.0,0.12688034772872925
Hum_XLOC_000016,THP1,0.0,0.03130694106221199
Hum_XLOC_000030,THP1,0.0,0.02969551272690296
Hum_XLOC_000033,THP1,0.0,0.09481681883335114
Hum_XLOC_000039,THP1,0.0,0.0730021670460701
Hum_XLOC_000053,THP1,0.0,0.025699106976389885
Hum_XLOC_000057,THP1,0.0,0.026989558711647987
Hum_XLOC_000060,THP1,0.0,0.026733459904789925
Hum_XLOC_000080,THP1,0.0,0.016846509650349617
Hum_XLOC_000094,THP1,0.0,0.0600937157869339
Hum_XLOC_000100,THP1,0.0,0.021797874942421913
Hum_XLOC_000105,THP1,0.0,0.01589258201420307
Hum_XLOC_000107,THP1,0.0,0.006028285715728998
Hum_XLOC_000111,THP1,0.0,0.02528638392686844
Hum_XLOC_000134,THP1,0.0,0.021920494735240936
Hum_XLOC_000143,THP1,0.0,0.025608254596590996
Hum_XLOC_000145,THP1,0.0,0.07238548249006271
Hum_XLOC_000149,THP1,0.0,0.06310369819402695
Hum_XLOC_000155,THP1,0.0,0.00040867007919587195
Hum_XLOC_000169,THP1,0.0,0.028975604102015495
Hum_XLOC_000170,THP1,0.0,0.04330555349588394
Hum_XLOC_000194,THP1,0.0,0.06773540377616882
Hum_XLOC_000201,THP1,0.0,0.04543941095471382
Hum_XLOC_000231,THP1,0.0,0.05640862137079239
Hum_XLOC_000233,THP1,0.0,0.00992551352828741
Hum_XLOC_000245,THP1,0.0,0.05242585763335228
Hum_XLOC_000247,THP1,0.0,0.06101769953966141
Hum_XLOC_000248,THP1,0.0,0.03535289689898491
Hum_XLOC_000265,THP1,0.0,0.01750536635518074
Hum_XLOC_000282,THP1,0.0,0.06167528033256531
Hum_XLOC_000286,THP1,0.0,0.1453849822282791
Hum_XLOC_000292,THP1,0.0,0.046134624630212784
Hum_XLOC_000307,THP1,0.0,0.08685724437236786
Hum_XLOC_000308,THP1,0.0,0.0210607647895813
Hum_XLOC_000312,THP1,0.0,0.025405433028936386
Hum_XLOC_000314,THP1,0.0,0.005503657273948193
Hum_XLOC_000317,THP1,0.0,0.03989851847290993
Hum_XLOC_000319,THP1,0.0,0.00021293890313245356
Hum_XLOC_000332,THP1,0.0,0.004323834087699652
Hum_XLOC_000338,THP1,1.0,0.0208491962403059
Hum_XLOC_000342,THP1,0.0,0.01677241548895836
Hum_XLOC_000345,THP1,0.0,0.017066309228539467
Hum_XLOC_000362,THP1,0.0,0.06468445062637329
Hum_XLOC_000377,THP1,0.0,0.18042686581611633
Hum_XLOC_000390,THP1,0.0,0.04506983235478401
Hum_XLOC_000394,THP1,0.0,0.03320068120956421
Hum_XLOC_000411,THP1,0.0,0.031219735741615295
Hum_XLOC_000415,THP1,0.0,0.02732359804213047
Hum_XLOC_000430,THP1,0.0,0.11005144566297531
Hum_XLOC_000436,THP1,1.0,0.16128112375736237
Hum_XLOC_000437,THP1,0.0,0.0033100303262472153
Hum_XLOC_000456,THP1,1.0,0.19516196846961975
Hum_XLOC_000461,THP1,0.0,0.10601538419723511
Hum_XLOC_000462,THP1,0.0,0.1932503879070282
Hum_XLOC_000465,THP1,0.0,0.06546851992607117
Hum_XLOC_000472,THP1,0.0,0.05797671899199486
Hum_XLOC_000474,THP1,0.0,0.008376650512218475
Hum_XLOC_000478,THP1,0.0,0.16868449747562408
Hum_XLOC_000486,THP1,0.0,0.020798273384571075
Hum_XLOC_000490,THP1,0.0,0.014084973372519016
Hum_XLOC_000498,THP1,0.0,0.035521600395441055
Hum_XLOC_000500,THP1,0.0,0.013538330793380737
Hum_XLOC_000510,THP1,0.0,0.1397395133972168
Hum_XLOC_000535,THP1,0.0,0.19596457481384277
Hum_XLOC_000540,THP1,0.0,0.04520979896187782
Hum_XLOC_000556,THP1,0.0,0.0027173401322215796
Hum_XLOC_000574,THP1,0.0,0.058408044278621674
Hum_XLOC_000575,THP1,0.0,0.06619497388601303
Hum_XLOC_000582,THP1,0.0,0.0011829022550955415
Hum_XLOC_000590,THP1,0.0,0.02686484344303608
Hum_XLOC_000601,THP1,0.0,0.029044872149825096
Hum_XLOC_000604,THP1,0.0,0.015955451875925064
Hum_XLOC_000608,THP1,0.0,0.12984134256839752
Hum_XLOC_000612,THP1,0.0,0.026241058483719826
Hum_XLOC_000636,THP1,1.0,0.04363813251256943
Hum_XLOC_000638,THP1,0.0,0.04844384640455246
Hum_XLOC_000641,THP1,0.0,0.10086052864789963
Hum_XLOC_000655,THP1,0.0,0.1809702068567276
Hum_XLOC_000668,THP1,0.0,0.06511566042900085
Hum_XLOC_000680,THP1,0.0,0.006266653072088957
Hum_XLOC_000681,THP1,0.0,0.024491744115948677
Hum_XLOC_000695,THP1,0.0,0.10710926353931427
Hum_XLOC_000702,THP1,0.0,0.06793806701898575
Hum_XLOC_000726,THP1,0.0,0.04469550773501396
Hum_XLOC_000727,THP1,0.0,0.001041295239701867
Hum_XLOC_000758,THP1,0.0,0.014115405268967152
Hum_XLOC_000773,THP1,0.0,0.09526604413986206
Hum_XLOC_000774,THP1,0.0,0.06536325067281723
Hum_XLOC_000797,THP1,0.0,0.21682657301425934
Hum_XLOC_000799,THP1,0.0,0.0706166923046112
Hum_XLOC_000800,THP1,0.0,0.08834229409694672
Hum_XLOC_000807,THP1,0.0,0.010166668333113194
Hum_XLOC_000818,THP1,0.0,0.02251015603542328
Hum_XLOC_000828,THP1,0.0,0.03592245280742645
Hum_XLOC_000831,THP1,0.0,0.03860793262720108
Hum_XLOC_000835,THP1,0.0,0.05652618408203125
Hum_XLOC_000840,THP1,0.0,0.153061643242836
Hum_XLOC_000841,THP1,0.0,0.06045364588499069
Hum_XLOC_000842,THP1,0.0,0.032891903072595596
Hum_XLOC_000854,THP1,0.0,0.008686092682182789
Hum_XLOC_000855,THP1,0.0,0.011843188665807247
Hum_XLOC_000883,THP1,0.0,0.016405895352363586
Hum_XLOC_000885,THP1,0.0,0.030265577137470245
Hum_XLOC_000905,THP1,0.0,0.012956006452441216
Hum_XLOC_000917,THP1,0.0,0.038068655878305435
Hum_XLOC_000925,THP1,0.0,0.0104889627546072
Hum_XLOC_000944,THP1,0.0,0.009234919212758541
Hum_XLOC_000949,THP1,0.0,0.024788493290543556
Hum_XLOC_000953,THP1,0.0,0.0037880768068134785
Hum_XLOC_000964,THP1,0.0,0.03176377713680267
Hum_XLOC_000990,THP1,0.0,0.0006420185090973973
Hum_XLOC_000994,THP1,0.0,0.058740343898534775
Hum_XLOC_001020,THP1,0.0,0.011102719232439995
Hum_XLOC_001029,THP1,0.0,0.1727207601070404
Hum_XLOC_001066,THP1,0.0,0.004746967926621437
Hum_XLOC_001120,THP1,0.0,0.03119080513715744
Hum_XLOC_001121,THP1,0.0,0.04705551639199257
Hum_XLOC_001122,THP1,0.0,0.15219460427761078
Hum_XLOC_001125,THP1,0.0,0.10763618350028992
Hum_XLOC_001132,THP1,0.0,0.035523053258657455
Hum_XLOC_001138,THP1,0.0,0.026154153048992157
Hum_XLOC_001144,THP1,0.0,0.029590649530291557
Hum_XLOC_001146,THP1,0.0,0.050166137516498566
Hum_XLOC_001188,THP1,1.0,0.005838095210492611
Hum_XLOC_001191,THP1,0.0,0.021830124780535698
Hum_XLOC_001192,THP1,0.0,0.023217109963297844
Hum_XLOC_001217,THP1,0.0,0.04766535758972168
Hum_XLOC_001222,THP1,0.0,0.0029644351452589035
Hum_XLOC_001228,THP1,0.0,0.006463235709816217
Hum_XLOC_001230,THP1,0.0,0.013518832623958588
Hum_XLOC_001237,THP1,0.0,0.12848733365535736
Hum_XLOC_001243,THP1,0.0,0.1193251833319664
Hum_XLOC_001275,THP1,0.0,0.027609916403889656
Hum_XLOC_001279,THP1,0.0,0.0073327370919287205
Hum_XLOC_001291,THP1,0.0,0.25195077061653137
Hum_XLOC_001296,THP1,0.0,0.21524293720722198
Hum_XLOC_001297,THP1,0.0,0.11822683364152908
Hum_XLOC_001309,THP1,0.0,0.03849194943904877
Hum_XLOC_001329,THP1,0.0,0.01621192693710327
Hum_XLOC_001330,THP1,0.0,0.003447933355346322
Hum_XLOC_001355,THP1,0.0,0.016620611771941185
Hum_XLOC_001366,THP1,0.0,0.0043203867971897125
Hum_XLOC_001367,THP1,0.0,0.15260986983776093
Hum_XLOC_001375,THP1,0.0,0.05363474041223526
Hum_XLOC_001390,THP1,0.0,1.618670103198383e-05
Hum_XLOC_001405,THP1,0.0,0.04097812622785568
Hum_XLOC_001461,THP1,0.0,0.05117851495742798
Hum_XLOC_001465,THP1,0.0,0.042374301701784134
Hum_XLOC_001488,THP1,0.0,0.05301889404654503
Hum_XLOC_001490,THP1,0.0,0.01394313108175993
Hum_XLOC_001509,THP1,1.0,0.025635022670030594
Hum_XLOC_001516,THP1,0.0,0.28329330682754517
Hum_XLOC_001532,THP1,0.0,0.007707199081778526
Hum_XLOC_001539,THP1,0.0,0.0016730057541280985
Hum_XLOC_001541,THP1,0.0,0.12704695761203766
Hum_XLOC_001542,THP1,0.0,0.13441704213619232
Hum_XLOC_001548,THP1,0.0,0.00447458028793335
Hum_XLOC_001559,THP1,0.0,0.017498010769486427
Hum_XLOC_001565,THP1,0.0,0.05056169256567955
Hum_XLOC_001566,THP1,0.0,0.03677617013454437
Hum_XLOC_001575,THP1,0.0,0.09541404247283936
Hum_XLOC_001580,THP1,0.0,0.04623588174581528
Hum_XLOC_001590,THP1,0.0,0.07123669981956482
Hum_XLOC_001615,THP1,1.0,0.026143930852413177
Hum_XLOC_001624,THP1,0.0,0.1619991511106491
Hum_XLOC_001639,THP1,0.0,0.029377248138189316
Hum_XLOC_001661,THP1,0.0,0.00835434440523386
Hum_XLOC_001666,THP1,0.0,0.0006087433430366218
Hum_XLOC_001668,THP1,0.0,0.026740742847323418
Hum_XLOC_001688,THP1,0.0,0.041033126413822174
Hum_XLOC_001689,THP1,0.0,0.014482786878943443
Hum_XLOC_001695,THP1,0.0,0.06888648867607117
Hum_XLOC_001696,THP1,0.0,0.11647489666938782
Hum_XLOC_001698,THP1,0.0,0.011221447959542274
Hum_XLOC_001707,THP1,0.0,0.0603034682571888
Hum_XLOC_001760,THP1,0.0,0.2371124029159546
Hum_XLOC_001761,THP1,0.0,0.06402208656072617
Hum_XLOC_001773,THP1,0.0,0.10313856601715088
Hum_XLOC_001775,THP1,0.0,0.2637016773223877
Hum_XLOC_001779,THP1,0.0,0.005385108757764101
Hum_XLOC_001783,THP1,0.0,0.09213610738515854
Hum_XLOC_001791,THP1,0.0,0.1131347194314003
Hum_XLOC_001805,THP1,0.0,0.04755600169301033
Hum_XLOC_001809,THP1,0.0,0.0008603068999946117
Hum_XLOC_001848,THP1,0.0,0.003946000710129738
Hum_XLOC_001919,THP1,0.0,0.02590269036591053
Hum_XLOC_001941,THP1,0.0,0.06745181977748871
Hum_XLOC_001942,THP1,0.0,0.0044428142718970776
Hum_XLOC_001949,THP1,0.0,0.0018830586923286319
Hum_XLOC_001950,THP1,0.0,0.0846262276172638
Hum_XLOC_001953,THP1,0.0,0.03399459272623062
Hum_XLOC_001957,THP1,0.0,0.004258997272700071
Hum_XLOC_001961,THP1,1.0,0.007879882119596004
Hum_XLOC_001969,THP1,0.0,0.12546409666538239
Hum_XLOC_002024,THP1,0.0,0.05286714434623718
Hum_XLOC_002028,THP1,0.0,0.0017136852256953716
Hum_XLOC_002033,THP1,0.0,0.09529697895050049
Hum_XLOC_002036,THP1,0.0,0.08227741718292236
Hum_XLOC_002037,THP1,0.0,0.007459478452801704
Hum_XLOC_002041,THP1,0.0,0.0174822136759758
Hum_XLOC_002059,THP1,0.0,0.016562961041927338
Hum_XLOC_002061,THP1,0.0,8.443282422376797e-05
Hum_XLOC_002068,THP1,0.0,0.01217933464795351
Hum_XLOC_002081,THP1,0.0,0.05113409459590912
Hum_XLOC_002093,THP1,0.0,0.09983675926923752
Hum_XLOC_002099,THP1,0.0,0.06693544238805771
Hum_XLOC_002144,THP1,0.0,0.026357710361480713
Hum_XLOC_002150,THP1,0.0,0.0025501796044409275
Hum_XLOC_002152,THP1,0.0,0.07305889576673508
Hum_XLOC_002154,THP1,0.0,0.02881646901369095
Hum_XLOC_002169,THP1,1.0,0.17252972722053528
Hum_XLOC_002170,THP1,0.0,0.01918279379606247
Hum_XLOC_002176,THP1,0.0,0.0658990815281868
Hum_XLOC_002178,THP1,0.0,0.022243957966566086
Hum_XLOC_002186,THP1,0.0,0.008891120553016663
Hum_XLOC_002204,THP1,0.0,0.09688665717840195
Hum_XLOC_002205,THP1,0.0,0.009970189072191715
Hum_XLOC_002219,THP1,0.0,0.1424991339445114
Hum_XLOC_002244,THP1,0.0,0.023724986240267754
Hum_XLOC_002252,THP1,0.0,0.012083332054316998
Hum_XLOC_002261,THP1,0.0,0.09350432455539703
Hum_XLOC_002262,THP1,0.0,0.0034875613637268543
Hum_XLOC_002265,THP1,0.0,0.11465615779161453
Hum_XLOC_002271,THP1,0.0,0.027513647451996803
Hum_XLOC_002280,THP1,0.0,0.058667562901973724
Hum_XLOC_002282,THP1,0.0,0.06272369623184204
Hum_XLOC_002283,THP1,0.0,0.0011770614655688405
Hum_XLOC_002284,THP1,0.0,0.030408110469579697
Hum_XLOC_002294,THP1,0.0,0.022376105189323425
Hum_XLOC_002296,THP1,0.0,0.09146686643362045
Hum_XLOC_002299,THP1,0.0,0.08899190276861191
Hum_XLOC_002301,THP1,0.0,0.00514896959066391
Hum_XLOC_002306,THP1,0.0,0.013112635351717472
Hum_XLOC_002311,THP1,0.0,0.1271107792854309
Hum_XLOC_002313,THP1,0.0,0.03645515814423561
Hum_XLOC_002314,THP1,0.0,0.1050504744052887
Hum_XLOC_002327,THP1,0.0,0.02175011858344078
Hum_XLOC_002330,THP1,0.0,0.00887269712984562
Hum_XLOC_002338,THP1,0.0,0.1224171370267868
Hum_XLOC_002344,THP1,0.0,0.040970370173454285
Hum_XLOC_002347,THP1,0.0,0.0012098737061023712
Hum_XLOC_002348,THP1,0.0,0.01973888650536537
Hum_XLOC_002362,THP1,0.0,0.05137130618095398
Hum_XLOC_002364,THP1,0.0,0.010134462267160416
Hum_XLOC_002383,THP1,0.0,0.02408672496676445
Hum_XLOC_002386,THP1,0.0,0.0212891586124897
Hum_XLOC_002390,THP1,0.0,0.043540678918361664
Hum_XLOC_002394,THP1,0.0,0.026676440611481667
Hum_XLOC_002398,THP1,0.0,0.01825455017387867
Hum_XLOC_002399,THP1,0.0,0.0005368734709918499
Hum_XLOC_002408,THP1,0.0,0.028852194547653198
Hum_XLOC_002414,THP1,0.0,0.0033432452473789454
Hum_XLOC_002418,THP1,0.0,0.059107858687639236
Hum_XLOC_002435,THP1,0.0,0.011524341069161892
Hum_XLOC_002440,THP1,0.0,0.021286403760313988
Hum_XLOC_002489,THP1,0.0,0.10485142469406128
Hum_XLOC_002490,THP1,0.0,0.003900530282407999
Hum_XLOC_002493,THP1,0.0,0.014609187841415405
Hum_XLOC_002520,THP1,0.0,0.10568087548017502
Hum_XLOC_002524,THP1,0.0,0.013319556601345539
Hum_XLOC_002546,THP1,0.0,0.04263288527727127
Hum_XLOC_002560,THP1,0.0,0.06240560859441757
Hum_XLOC_002570,THP1,0.0,0.011580937542021275
Hum_XLOC_002577,THP1,0.0,0.1603102833032608
Hum_XLOC_002579,THP1,0.0,0.0006840314599685371
Hum_XLOC_002586,THP1,0.0,0.0001647525350563228
Hum_XLOC_002589,THP1,0.0,0.04646085947751999
Hum_XLOC_002629,THP1,0.0,0.04126105457544327
Hum_XLOC_002631,THP1,0.0,0.10711323469877243
Hum_XLOC_002635,THP1,0.0,0.01402344461530447
Hum_XLOC_002644,THP1,0.0,0.11959758400917053
Hum_XLOC_002646,THP1,0.0,0.01200381014496088
Hum_XLOC_002653,THP1,0.0,0.03795284777879715
Hum_XLOC_002681,THP1,0.0,0.07967091351747513
Hum_XLOC_002695,THP1,0.0,0.0401480570435524
Hum_XLOC_002702,THP1,0.0,0.0015574649441987276
Hum_XLOC_002705,THP1,0.0,0.048428408801555634
Hum_XLOC_002711,THP1,0.0,0.08458418399095535
Hum_XLOC_002714,THP1,0.0,0.0858464390039444
Hum_XLOC_002717,THP1,0.0,0.1661866009235382
Hum_XLOC_002725,THP1,0.0,0.02415270358324051
Hum_XLOC_002741,THP1,0.0,0.0023105742875486612
Hum_XLOC_002742,THP1,0.0,0.015282138250768185
Hum_XLOC_002744,THP1,0.0,0.007599692326039076
Hum_XLOC_002760,THP1,0.0,0.015347035601735115
Hum_XLOC_002788,THP1,0.0,0.05046019330620766
Hum_XLOC_002792,THP1,0.0,0.14898383617401123
Hum_XLOC_002796,THP1,0.0,0.015007471665740013
Hum_XLOC_002817,THP1,0.0,0.022736454382538795
Hum_XLOC_002836,THP1,1.0,0.39714515209198
Hum_XLOC_002844,THP1,0.0,0.01574697345495224
Hum_XLOC_002845,THP1,0.0,0.1775427758693695
Hum_XLOC_002859,THP1,0.0,0.04243241995573044
Hum_XLOC_002889,THP1,0.0,0.022185025736689568
Hum_XLOC_002911,THP1,0.0,0.00042976465192623436
Hum_XLOC_002935,THP1,1.0,0.05391216650605202
Hum_XLOC_002937,THP1,0.0,0.06788512319326401
Hum_XLOC_002967,THP1,0.0,0.0071726529859006405
Hum_XLOC_002983,THP1,0.0,0.08141246438026428
Hum_XLOC_002986,THP1,0.0,0.1066344603896141
Hum_XLOC_002990,THP1,0.0,0.011310090310871601
Hum_XLOC_003039,THP1,0.0,0.1736987680196762
Hum_XLOC_003061,THP1,0.0,0.17158158123493195
Hum_XLOC_003086,THP1,1.0,0.10360795259475708
Hum_XLOC_003099,THP1,0.0,0.013956182636320591
Hum_XLOC_003109,THP1,1.0,0.03333524987101555
Hum_XLOC_003128,THP1,0.0,0.08153128623962402
Hum_XLOC_003134,THP1,0.0,0.029227951541543007
Hum_XLOC_003137,THP1,0.0,0.24408495426177979
Hum_XLOC_003154,THP1,0.0,0.07994703948497772
Hum_XLOC_003155,THP1,0.0,0.05836879462003708
Hum_XLOC_003171,THP1,0.0,0.01139120478183031
Hum_XLOC_003209,THP1,0.0,0.019411159679293633
Hum_XLOC_003215,THP1,0.0,0.10251870006322861
Hum_XLOC_003221,THP1,0.0,0.0029486066196113825
Hum_XLOC_003232,THP1,0.0,0.06469608098268509
Hum_XLOC_003268,THP1,0.0,0.07229802757501602
Hum_XLOC_003269,THP1,0.0,0.04290566220879555
Hum_XLOC_003286,THP1,0.0,0.13070614635944366
Hum_XLOC_003290,THP1,0.0,0.005321588832885027
Hum_XLOC_003294,THP1,0.0,0.030192162841558456
Hum_XLOC_003321,THP1,0.0,0.08172168582677841
Hum_XLOC_003324,THP1,0.0,0.014137092977762222
Hum_XLOC_003334,THP1,0.0,0.163107231259346
Hum_XLOC_003337,THP1,0.0,0.01637095957994461
Hum_XLOC_003338,THP1,0.0,0.04739540070295334
Hum_XLOC_003352,THP1,0.0,0.02083275280892849
Hum_XLOC_003357,THP1,0.0,0.020412104204297066
Hum_XLOC_003361,THP1,0.0,0.013799576088786125
Hum_XLOC_003371,THP1,0.0,0.0070330193266272545
Hum_XLOC_003381,THP1,0.0,1.794504169083666e-05
Hum_XLOC_003408,THP1,0.0,0.03947961702942848
Hum_XLOC_003436,THP1,0.0,0.00816730409860611
Hum_XLOC_003440,THP1,0.0,0.02690574899315834
Hum_XLOC_003450,THP1,0.0,0.02113562636077404
Hum_XLOC_003466,THP1,0.0,0.10331439971923828
Hum_XLOC_003488,THP1,0.0,0.06889710575342178
Hum_XLOC_003491,THP1,0.0,0.0005089857149869204
Hum_XLOC_003497,THP1,0.0,0.026094594970345497
Hum_XLOC_003498,THP1,0.0,0.10105215013027191
Hum_XLOC_003502,THP1,0.0,0.04699317365884781
Hum_XLOC_003518,THP1,0.0,0.12329822033643723
Hum_XLOC_003532,THP1,0.0,0.10373067110776901
Hum_XLOC_003543,THP1,0.0,0.0005014598136767745
Hum_XLOC_003554,THP1,1.0,0.15168754756450653
Hum_XLOC_003563,THP1,0.0,0.043680589646101
Hum_XLOC_003567,THP1,0.0,0.1017606258392334
Hum_XLOC_003568,THP1,0.0,0.03314980864524841
Hum_XLOC_003570,THP1,0.0,0.007935880683362484
Hum_XLOC_003571,THP1,0.0,0.02030232362449169
Hum_XLOC_003593,THP1,0.0,0.012447409331798553
Hum_XLOC_003594,THP1,0.0,0.037324052304029465
Hum_XLOC_003598,THP1,0.0,0.0215752050280571
Hum_XLOC_003626,THP1,0.0,0.00401824526488781
Hum_XLOC_003628,THP1,1.0,0.0042345658876001835
Hum_XLOC_003630,THP1,0.0,0.016229625791311264
Hum_XLOC_003641,THP1,0.0,0.1258798986673355
Hum_XLOC_003662,THP1,0.0,0.05043772608041763
Hum_XLOC_003665,THP1,0.0,0.013922887854278088
Hum_XLOC_003672,THP1,0.0,0.19992971420288086
Hum_XLOC_003673,THP1,0.0,0.04494773969054222
Hum_XLOC_003674,THP1,0.0,0.05726891756057739
Hum_XLOC_003676,THP1,0.0,0.07568929344415665
Hum_XLOC_003686,THP1,0.0,0.061440594494342804
Hum_XLOC_003697,THP1,0.0,0.05188834294676781
Hum_XLOC_003717,THP1,0.0,0.036825913935899734
Hum_XLOC_003725,THP1,0.0,0.09638424962759018
Hum_XLOC_003743,THP1,0.0,0.03789379075169563
Hum_XLOC_003754,THP1,0.0,0.1306573897600174
Hum_XLOC_003766,THP1,0.0,0.07262735813856125
Hum_XLOC_003775,THP1,0.0,0.014723819680511951
Hum_XLOC_003790,THP1,0.0,0.025981536135077477
Hum_XLOC_003799,THP1,0.0,0.013638265430927277
Hum_XLOC_003853,THP1,0.0,0.004629124887287617
Hum_XLOC_003865,THP1,0.0,0.053922489285469055
Hum_XLOC_003871,THP1,0.0,0.02027728594839573
Hum_XLOC_003891,THP1,0.0,0.03105553612112999
Hum_XLOC_003892,THP1,1.0,0.006477701477706432
Hum_XLOC_003910,THP1,0.0,0.08598008751869202
Hum_XLOC_003911,THP1,0.0,0.09627378731966019
Hum_XLOC_003952,THP1,0.0,0.020334387198090553
Hum_XLOC_003971,THP1,0.0,0.03286280110478401
Hum_XLOC_003988,THP1,0.0,0.009340849705040455
Hum_XLOC_004020,THP1,0.0,0.03160758316516876
Hum_XLOC_004035,THP1,0.0,0.12062735855579376
Hum_XLOC_004036,THP1,0.0,0.007756670471280813
Hum_XLOC_004048,THP1,0.0,0.06006979942321777
Hum_XLOC_004068,THP1,0.0,0.016391634941101074
Hum_XLOC_004069,THP1,0.0,0.05268740653991699
Hum_XLOC_004095,THP1,0.0,0.03231145441532135
Hum_XLOC_004096,THP1,0.0,0.10555731505155563
Hum_XLOC_004116,THP1,0.0,0.032635048031806946
Hum_XLOC_004123,THP1,0.0,0.007984137162566185
Hum_XLOC_004134,THP1,0.0,0.028310827910900116
Hum_XLOC_004161,THP1,0.0,0.024007048457860947
Hum_XLOC_004168,THP1,0.0,0.036477431654930115
Hum_XLOC_004169,THP1,0.0,0.03733469173312187
Hum_XLOC_004177,THP1,0.0,0.06527059525251389
Hum_XLOC_004200,THP1,0.0,0.0037641492672264576
Hum_XLOC_004201,THP1,0.0,0.015012047253549099
Hum_XLOC_004219,THP1,0.0,0.003342911833897233
Hum_XLOC_004226,THP1,0.0,0.008703370578587055
Hum_XLOC_004227,THP1,0.0,0.006125919055193663
Hum_XLOC_004236,THP1,0.0,0.002402553567662835
Hum_XLOC_004254,THP1,1.0,0.07089202851057053
Hum_XLOC_004255,THP1,0.0,0.03892040252685547
Hum_XLOC_004262,THP1,1.0,0.1525343954563141
Hum_XLOC_004269,THP1,0.0,0.08084671199321747
Hum_XLOC_004277,THP1,0.0,0.02629191055893898
Hum_XLOC_004278,THP1,0.0,0.026482168585062027
Hum_XLOC_004282,THP1,0.0,0.019486431032419205
Hum_XLOC_004287,THP1,0.0,0.03247026726603508
Hum_XLOC_004293,THP1,0.0,0.12537570297718048
Hum_XLOC_004302,THP1,0.0,0.03571082651615143
Hum_XLOC_004303,THP1,0.0,0.010023189708590508
Hum_XLOC_004306,THP1,0.0,0.04239492118358612
Hum_XLOC_004309,THP1,0.0,0.1103106290102005
Hum_XLOC_004314,THP1,0.0,0.058805741369724274
Hum_XLOC_004317,THP1,0.0,0.015008698217570782
Hum_XLOC_004336,THP1,1.0,0.05577538534998894
Hum_XLOC_004343,THP1,0.0,0.0482025220990181
Hum_XLOC_004350,THP1,0.0,0.04313371330499649
Hum_XLOC_004361,THP1,0.0,0.042466092854738235
Hum_XLOC_004363,THP1,0.0,0.054488107562065125
Hum_XLOC_004401,THP1,0.0,0.01843731850385666
Hum_XLOC_004405,THP1,0.0,0.002176546026021242
Hum_XLOC_004407,THP1,0.0,0.006898632273077965
Hum_XLOC_004424,THP1,0.0,0.0007907807012088597
Hum_XLOC_004437,THP1,0.0,0.03357873484492302
Hum_XLOC_004446,THP1,0.0,0.11689043045043945
Hum_XLOC_004457,THP1,0.0,0.05403870344161987
Hum_XLOC_004482,THP1,0.0,0.19290761649608612
Hum_XLOC_004502,THP1,0.0,0.09706533700227737
Hum_XLOC_004515,THP1,0.0,0.044186607003211975
Hum_XLOC_004529,THP1,0.0,0.10228507220745087
Hum_XLOC_004535,THP1,0.0,0.15500980615615845
Hum_XLOC_004553,THP1,0.0,0.09451370686292648
Hum_XLOC_004566,THP1,0.0,0.010911376215517521
Hum_XLOC_004567,THP1,0.0,0.02010166272521019
Hum_XLOC_004572,THP1,1.0,0.07335836440324783
Hum_XLOC_004578,THP1,0.0,0.022646276280283928
Hum_XLOC_004580,THP1,0.0,0.15312466025352478
Hum_XLOC_004581,THP1,0.0,0.05168842896819115
Hum_XLOC_004587,THP1,0.0,0.05289432406425476
Hum_XLOC_004600,THP1,0.0,0.06191057711839676
Hum_XLOC_004601,THP1,0.0,0.00368280871771276
Hum_XLOC_004607,THP1,0.0,0.05310293287038803
Hum_XLOC_004617,THP1,0.0,0.007875335402786732
Hum_XLOC_004619,THP1,0.0,0.006274357903748751
Hum_XLOC_004620,THP1,0.0,0.048590175807476044
Hum_XLOC_004632,THP1,0.0,0.05709630995988846
Hum_XLOC_004636,THP1,0.0,0.029110709205269814
Hum_XLOC_004652,THP1,0.0,0.05643344670534134
Hum_XLOC_004653,THP1,0.0,0.04505312070250511
Hum_XLOC_004657,THP1,0.0,0.007845266722142696
Hum_XLOC_004661,THP1,0.0,0.05697444826364517
Hum_XLOC_004683,THP1,0.0,0.007327008061110973
Hum_XLOC_004684,THP1,0.0,0.05641772970557213
Hum_XLOC_004688,THP1,0.0,0.00839031022042036
Hum_XLOC_004689,THP1,0.0,0.01718953624367714
Hum_XLOC_004705,THP1,0.0,0.0241304449737072
Hum_XLOC_004717,THP1,0.0,0.15446774661540985
Hum_XLOC_004718,THP1,0.0,0.007850434631109238
Hum_XLOC_004733,THP1,0.0,0.19717654585838318
Hum_XLOC_004741,THP1,0.0,0.005768612027168274
Hum_XLOC_004762,THP1,0.0,0.059246957302093506
Hum_XLOC_004771,THP1,0.0,0.00479481928050518
Hum_XLOC_004777,THP1,0.0,0.10028064996004105
Hum_XLOC_004788,THP1,0.0,0.03155149146914482
Hum_XLOC_004791,THP1,0.0,0.0115962577983737
Hum_XLOC_004795,THP1,0.0,0.03311612829566002
Hum_XLOC_004803,THP1,0.0,0.08866614103317261
Hum_XLOC_004805,THP1,0.0,0.03783520683646202
Hum_XLOC_004813,THP1,0.0,0.061738524585962296
Hum_XLOC_004815,THP1,0.0,0.10137975960969925
Hum_XLOC_004822,THP1,0.0,0.13302847743034363
Hum_XLOC_004823,THP1,0.0,0.03087666444480419
Hum_XLOC_004827,THP1,0.0,0.0126401511952281
Hum_XLOC_004837,THP1,0.0,0.06134950369596481
Hum_XLOC_004839,THP1,0.0,0.030376171693205833
Hum_XLOC_004855,THP1,0.0,0.008076934143900871
Hum_XLOC_004874,THP1,0.0,0.02818649634718895
Hum_XLOC_004875,THP1,0.0,0.05014318227767944
Hum_XLOC_004878,THP1,0.0,0.05034417286515236
Hum_XLOC_004884,THP1,0.0,0.021502653136849403
Hum_XLOC_004911,THP1,0.0,0.20555658638477325
Hum_XLOC_004915,THP1,1.0,0.07348331063985825
Hum_XLOC_004927,THP1,0.0,0.03583448752760887
Hum_XLOC_004929,THP1,0.0,0.01381452102214098
Hum_XLOC_004936,THP1,0.0,0.022892581298947334
Hum_XLOC_004957,THP1,0.0,0.00575320515781641
Hum_XLOC_004960,THP1,0.0,0.04005300626158714
Hum_XLOC_004965,THP1,0.0,0.017727164551615715
