target,cell_line,y_true,y_pred_proba
Hum_XLOC_000006,HAP1,0.0,0.4779597222805023
Hum_XLOC_000008,HAP1,0.0,0.4781554341316223
Hum_XLOC_000016,HAP1,0.0,0.5852750539779663
Hum_XLOC_000030,HAP1,0.0,0.5859647989273071
Hum_XLOC_000033,HAP1,0.0,0.5446904897689819
Hum_XLOC_000039,HAP1,0.0,0.5745139718055725
Hum_XLOC_000053,HAP1,0.0,0.5685878992080688
Hum_XLOC_000057,HAP1,0.0,0.5456947684288025
Hum_XLOC_000060,HAP1,0.0,0.5771046876907349
Hum_XLOC_000080,HAP1,0.0,0.5005944967269897
Hum_XLOC_000094,HAP1,0.0,0.5037173628807068
Hum_XLOC_000100,HAP1,0.0,0.5256893038749695
Hum_XLOC_000105,HAP1,0.0,0.44941943883895874
Hum_XLOC_000107,HAP1,1.0,0.4483502507209778
Hum_XLOC_000111,HAP1,0.0,0.5012046098709106
Hum_XLOC_000134,HAP1,0.0,0.48627954721450806
Hum_XLOC_000143,HAP1,0.0,0.5479042530059814
Hum_XLOC_000145,HAP1,0.0,0.5638531446456909
Hum_XLOC_000149,HAP1,0.0,0.5208051204681396
Hum_XLOC_000155,HAP1,1.0,0.4462008476257324
Hum_XLOC_000169,HAP1,0.0,0.4963010847568512
Hum_XLOC_000170,HAP1,0.0,0.5530173778533936
Hum_XLOC_000194,HAP1,0.0,0.5142424702644348
Hum_XLOC_000201,HAP1,0.0,0.5043444633483887
Hum_XLOC_000231,HAP1,0.0,0.5403764247894287
Hum_XLOC_000233,HAP1,0.0,0.5954346060752869
Hum_XLOC_000245,HAP1,0.0,0.5180177688598633
Hum_XLOC_000247,HAP1,0.0,0.5877509713172913
Hum_XLOC_000248,HAP1,0.0,0.5425918102264404
Hum_XLOC_000265,HAP1,0.0,0.49308282136917114
Hum_XLOC_000282,HAP1,0.0,0.5030707120895386
Hum_XLOC_000286,HAP1,0.0,0.5112360715866089
Hum_XLOC_000292,HAP1,0.0,0.5183863639831543
Hum_XLOC_000307,HAP1,1.0,0.4750198423862457
Hum_XLOC_000308,HAP1,0.0,0.46335697174072266
Hum_XLOC_000312,HAP1,0.0,0.6061394214630127
Hum_XLOC_000314,HAP1,0.0,0.39825865626335144
Hum_XLOC_000317,HAP1,0.0,0.4409618675708771
Hum_XLOC_000319,HAP1,0.0,0.5038188099861145
Hum_XLOC_000332,HAP1,0.0,0.5633095502853394
Hum_XLOC_000338,HAP1,0.0,0.49625715613365173
Hum_XLOC_000342,HAP1,0.0,0.5735860466957092
Hum_XLOC_000345,HAP1,0.0,0.5587700009346008
Hum_XLOC_000362,HAP1,0.0,0.5091164112091064
Hum_XLOC_000377,HAP1,0.0,0.5104761123657227
Hum_XLOC_000390,HAP1,0.0,0.4939707815647125
Hum_XLOC_000394,HAP1,0.0,0.53287273645401
Hum_XLOC_000411,HAP1,0.0,0.4829423427581787
Hum_XLOC_000415,HAP1,0.0,0.587035059928894
Hum_XLOC_000430,HAP1,0.0,0.43411001563072205
Hum_XLOC_000436,HAP1,0.0,0.5129150152206421
Hum_XLOC_000437,HAP1,0.0,0.5425798296928406
Hum_XLOC_000456,HAP1,0.0,0.5301430225372314
Hum_XLOC_000461,HAP1,0.0,0.5309154987335205
Hum_XLOC_000462,HAP1,0.0,0.5030756592750549
Hum_XLOC_000465,HAP1,0.0,0.4743362367153168
Hum_XLOC_000472,HAP1,0.0,0.48922717571258545
Hum_XLOC_000474,HAP1,0.0,0.4680880606174469
Hum_XLOC_000478,HAP1,0.0,0.5318401455879211
Hum_XLOC_000486,HAP1,0.0,0.4570424258708954
Hum_XLOC_000490,HAP1,0.0,0.4890272915363312
Hum_XLOC_000498,HAP1,0.0,0.5028092265129089
Hum_XLOC_000500,HAP1,0.0,0.5483293533325195
Hum_XLOC_000510,HAP1,0.0,0.5423316359519958
Hum_XLOC_000535,HAP1,0.0,0.5605816841125488
Hum_XLOC_000540,HAP1,0.0,0.4516281485557556
Hum_XLOC_000556,HAP1,0.0,0.521209180355072
Hum_XLOC_000574,HAP1,0.0,0.4826883375644684
Hum_XLOC_000575,HAP1,0.0,0.4717542827129364
Hum_XLOC_000582,HAP1,0.0,0.4869738221168518
Hum_XLOC_000590,HAP1,0.0,0.4450508654117584
Hum_XLOC_000601,HAP1,0.0,0.5421333312988281
Hum_XLOC_000604,HAP1,0.0,0.4590892493724823
Hum_XLOC_000608,HAP1,0.0,0.4925076961517334
Hum_XLOC_000612,HAP1,0.0,0.48311349749565125
Hum_XLOC_000636,HAP1,0.0,0.4691700339317322
Hum_XLOC_000638,HAP1,0.0,0.5864417552947998
Hum_XLOC_000641,HAP1,0.0,0.47883960604667664
Hum_XLOC_000655,HAP1,0.0,0.5251528024673462
Hum_XLOC_000668,HAP1,0.0,0.46431416273117065
Hum_XLOC_000680,HAP1,0.0,0.4382636845111847
Hum_XLOC_000681,HAP1,0.0,0.4653979539871216
Hum_XLOC_000695,HAP1,0.0,0.4546719789505005
Hum_XLOC_000702,HAP1,0.0,0.5384409427642822
Hum_XLOC_000726,HAP1,0.0,0.5099485516548157
Hum_XLOC_000727,HAP1,0.0,0.4024740755558014
Hum_XLOC_000758,HAP1,0.0,0.4198231101036072
Hum_XLOC_000773,HAP1,0.0,0.4407567083835602
Hum_XLOC_000774,HAP1,0.0,0.4840538203716278
Hum_XLOC_000797,HAP1,0.0,0.46459364891052246
Hum_XLOC_000799,HAP1,0.0,0.5240775942802429
Hum_XLOC_000800,HAP1,0.0,0.46156659722328186
Hum_XLOC_000807,HAP1,0.0,0.4734998643398285
Hum_XLOC_000818,HAP1,0.0,0.4845564365386963
Hum_XLOC_000828,HAP1,0.0,0.4458580017089844
Hum_XLOC_000831,HAP1,0.0,0.41754841804504395
Hum_XLOC_000835,HAP1,0.0,0.47097790241241455
Hum_XLOC_000840,HAP1,0.0,0.450283944606781
Hum_XLOC_000841,HAP1,0.0,0.46355724334716797
Hum_XLOC_000842,HAP1,0.0,0.38586053252220154
Hum_XLOC_000854,HAP1,0.0,0.48137718439102173
Hum_XLOC_000855,HAP1,0.0,0.4205966293811798
Hum_XLOC_000883,HAP1,0.0,0.3975409269332886
Hum_XLOC_000885,HAP1,0.0,0.4347187578678131
Hum_XLOC_000905,HAP1,0.0,0.43672269582748413
Hum_XLOC_000917,HAP1,0.0,0.4379390478134155
Hum_XLOC_000925,HAP1,0.0,0.450175404548645
Hum_XLOC_000944,HAP1,0.0,0.45549383759498596
Hum_XLOC_000949,HAP1,0.0,0.3943694829940796
Hum_XLOC_000953,HAP1,0.0,0.41653841733932495
Hum_XLOC_000964,HAP1,0.0,0.43173643946647644
Hum_XLOC_000990,HAP1,0.0,0.41912829875946045
Hum_XLOC_000994,HAP1,0.0,0.4346015453338623
Hum_XLOC_001020,HAP1,0.0,0.4967997074127197
Hum_XLOC_001029,HAP1,0.0,0.4710405170917511
Hum_XLOC_001066,HAP1,1.0,0.43031495809555054
Hum_XLOC_001120,HAP1,0.0,0.49011921882629395
Hum_XLOC_001121,HAP1,0.0,0.4550740718841553
Hum_XLOC_001122,HAP1,0.0,0.534647524356842
Hum_XLOC_001125,HAP1,0.0,0.5500544905662537
Hum_XLOC_001132,HAP1,0.0,0.5233830809593201
Hum_XLOC_001138,HAP1,0.0,0.4827655851840973
Hum_XLOC_001144,HAP1,0.0,0.421286940574646
Hum_XLOC_001146,HAP1,0.0,0.45944705605506897
Hum_XLOC_001188,HAP1,0.0,0.439975768327713
Hum_XLOC_001191,HAP1,0.0,0.38537323474884033
Hum_XLOC_001192,HAP1,0.0,0.45847591757774353
Hum_XLOC_001217,HAP1,0.0,0.3741963505744934
Hum_XLOC_001222,HAP1,0.0,0.40924790501594543
Hum_XLOC_001228,HAP1,0.0,0.5743783712387085
Hum_XLOC_001230,HAP1,0.0,0.443655788898468
Hum_XLOC_001237,HAP1,0.0,0.48853105306625366
Hum_XLOC_001243,HAP1,0.0,0.47130414843559265
Hum_XLOC_001275,HAP1,0.0,0.452862024307251
Hum_XLOC_001279,HAP1,0.0,0.44333943724632263
Hum_XLOC_001291,HAP1,0.0,0.4967808723449707
Hum_XLOC_001296,HAP1,0.0,0.46284037828445435
Hum_XLOC_001297,HAP1,0.0,0.5105916261672974
Hum_XLOC_001309,HAP1,0.0,0.47513213753700256
Hum_XLOC_001329,HAP1,0.0,0.4029243290424347
Hum_XLOC_001330,HAP1,0.0,0.4909766912460327
Hum_XLOC_001355,HAP1,0.0,0.4561174213886261
Hum_XLOC_001366,HAP1,0.0,0.5111985206604004
Hum_XLOC_001367,HAP1,0.0,0.40794384479522705
Hum_XLOC_001375,HAP1,0.0,0.4587762951850891
Hum_XLOC_001390,HAP1,0.0,0.511493444442749
Hum_XLOC_001405,HAP1,0.0,0.5050279498100281
Hum_XLOC_001461,HAP1,0.0,0.41725918650627136
Hum_XLOC_001465,HAP1,0.0,0.4576192796230316
Hum_XLOC_001488,HAP1,0.0,0.5616248846054077
Hum_XLOC_001490,HAP1,0.0,0.6326521635055542
Hum_XLOC_001509,HAP1,0.0,0.5106397867202759
Hum_XLOC_001516,HAP1,0.0,0.5147942900657654
Hum_XLOC_001532,HAP1,0.0,0.49456787109375
Hum_XLOC_001539,HAP1,0.0,0.4538496434688568
Hum_XLOC_001541,HAP1,0.0,0.49043649435043335
Hum_XLOC_001542,HAP1,0.0,0.4987921118736267
Hum_XLOC_001548,HAP1,1.0,0.5202502012252808
Hum_XLOC_001559,HAP1,0.0,0.44074341654777527
Hum_XLOC_001565,HAP1,0.0,0.5470068454742432
Hum_XLOC_001566,HAP1,0.0,0.516751766204834
Hum_XLOC_001575,HAP1,0.0,0.5110338926315308
Hum_XLOC_001580,HAP1,0.0,0.4694708287715912
Hum_XLOC_001590,HAP1,0.0,0.4499720633029938
Hum_XLOC_001615,HAP1,0.0,0.553687572479248
Hum_XLOC_001624,HAP1,0.0,0.532777726650238
Hum_XLOC_001639,HAP1,0.0,0.47407567501068115
Hum_XLOC_001661,HAP1,0.0,0.47035837173461914
Hum_XLOC_001666,HAP1,0.0,0.37983816862106323
Hum_XLOC_001668,HAP1,0.0,0.46890199184417725
Hum_XLOC_001688,HAP1,0.0,0.43937164545059204
Hum_XLOC_001689,HAP1,0.0,0.43208882212638855
Hum_XLOC_001695,HAP1,0.0,0.5219541192054749
Hum_XLOC_001696,HAP1,0.0,0.5343797206878662
Hum_XLOC_001698,HAP1,0.0,0.42819398641586304
Hum_XLOC_001707,HAP1,0.0,0.46936365962028503
Hum_XLOC_001760,HAP1,0.0,0.437520295381546
Hum_XLOC_001761,HAP1,0.0,0.4429408013820648
Hum_XLOC_001773,HAP1,0.0,0.5079002976417542
Hum_XLOC_001775,HAP1,0.0,0.4670334756374359
Hum_XLOC_001779,HAP1,0.0,0.6339170336723328
Hum_XLOC_001783,HAP1,0.0,0.45054417848587036
Hum_XLOC_001791,HAP1,0.0,0.484425812959671
Hum_XLOC_001805,HAP1,0.0,0.5059026479721069
Hum_XLOC_001809,HAP1,0.0,0.4273337721824646
Hum_XLOC_001848,HAP1,0.0,0.494354248046875
Hum_XLOC_001919,HAP1,1.0,0.38515862822532654
Hum_XLOC_001941,HAP1,0.0,0.4837159514427185
Hum_XLOC_001942,HAP1,0.0,0.4687941372394562
Hum_XLOC_001949,HAP1,0.0,0.4035552144050598
Hum_XLOC_001950,HAP1,0.0,0.4629157781600952
Hum_XLOC_001953,HAP1,0.0,0.4434438645839691
Hum_XLOC_001957,HAP1,0.0,0.44835522770881653
Hum_XLOC_001961,HAP1,0.0,0.4694216847419739
Hum_XLOC_001969,HAP1,0.0,0.4689156413078308
Hum_XLOC_002024,HAP1,0.0,0.4657260775566101
Hum_XLOC_002028,HAP1,0.0,0.4902499318122864
Hum_XLOC_002033,HAP1,0.0,0.4795778691768646
Hum_XLOC_002036,HAP1,0.0,0.5336087346076965
Hum_XLOC_002037,HAP1,0.0,0.5100083351135254
Hum_XLOC_002041,HAP1,0.0,0.4701370298862457
Hum_XLOC_002059,HAP1,0.0,0.5759141445159912
Hum_XLOC_002061,HAP1,0.0,0.4951589107513428
Hum_XLOC_002068,HAP1,0.0,0.4134831130504608
Hum_XLOC_002081,HAP1,0.0,0.49812954664230347
Hum_XLOC_002093,HAP1,0.0,0.4739663898944855
Hum_XLOC_002099,HAP1,0.0,0.47849714756011963
Hum_XLOC_002144,HAP1,0.0,0.5282824635505676
Hum_XLOC_002150,HAP1,0.0,0.38883262872695923
Hum_XLOC_002152,HAP1,0.0,0.44388893246650696
Hum_XLOC_002154,HAP1,0.0,0.4758170545101166
Hum_XLOC_002169,HAP1,0.0,0.43401646614074707
Hum_XLOC_002170,HAP1,0.0,0.5002961158752441
Hum_XLOC_002176,HAP1,0.0,0.4896254539489746
Hum_XLOC_002178,HAP1,0.0,0.4626598656177521
Hum_XLOC_002186,HAP1,1.0,0.45494523644447327
Hum_XLOC_002204,HAP1,0.0,0.4329482614994049
Hum_XLOC_002205,HAP1,0.0,0.43739697337150574
Hum_XLOC_002219,HAP1,0.0,0.4260261058807373
Hum_XLOC_002244,HAP1,0.0,0.4464735686779022
Hum_XLOC_002252,HAP1,0.0,0.4845031499862671
Hum_XLOC_002261,HAP1,0.0,0.42066335678100586
Hum_XLOC_002262,HAP1,0.0,0.40324750542640686
Hum_XLOC_002265,HAP1,0.0,0.4749997556209564
Hum_XLOC_002271,HAP1,0.0,0.45570704340934753
Hum_XLOC_002280,HAP1,0.0,0.5045061111450195
Hum_XLOC_002282,HAP1,1.0,0.4000636637210846
Hum_XLOC_002283,HAP1,0.0,0.48446163535118103
Hum_XLOC_002284,HAP1,0.0,0.6087860465049744
Hum_XLOC_002294,HAP1,0.0,0.48467525839805603
Hum_XLOC_002296,HAP1,0.0,0.41201043128967285
Hum_XLOC_002299,HAP1,0.0,0.5308017730712891
Hum_XLOC_002301,HAP1,0.0,0.5520065426826477
Hum_XLOC_002306,HAP1,0.0,0.5197497010231018
Hum_XLOC_002311,HAP1,0.0,0.47267618775367737
Hum_XLOC_002313,HAP1,1.0,0.5217249989509583
Hum_XLOC_002314,HAP1,1.0,0.5764050483703613
Hum_XLOC_002327,HAP1,0.0,0.5634303689002991
Hum_XLOC_002330,HAP1,0.0,0.4836824834346771
Hum_XLOC_002338,HAP1,0.0,0.48704206943511963
Hum_XLOC_002344,HAP1,0.0,0.5178675055503845
Hum_XLOC_002347,HAP1,0.0,0.37701621651649475
Hum_XLOC_002348,HAP1,0.0,0.40276631712913513
Hum_XLOC_002362,HAP1,0.0,0.4689245820045471
Hum_XLOC_002364,HAP1,0.0,0.44341832399368286
Hum_XLOC_002383,HAP1,0.0,0.3792704939842224
Hum_XLOC_002386,HAP1,0.0,0.47968342900276184
Hum_XLOC_002390,HAP1,0.0,0.6022917628288269
Hum_XLOC_002394,HAP1,0.0,0.43978598713874817
Hum_XLOC_002398,HAP1,0.0,0.4400869309902191
Hum_XLOC_002399,HAP1,0.0,0.5050029754638672
Hum_XLOC_002408,HAP1,0.0,0.4042690098285675
Hum_XLOC_002414,HAP1,0.0,0.47127407789230347
Hum_XLOC_002418,HAP1,0.0,0.43313613533973694
Hum_XLOC_002435,HAP1,1.0,0.4207782745361328
Hum_XLOC_002440,HAP1,0.0,0.566005527973175
Hum_XLOC_002489,HAP1,0.0,0.4506845772266388
Hum_XLOC_002490,HAP1,0.0,0.3331786096096039
Hum_XLOC_002493,HAP1,0.0,0.48828867077827454
Hum_XLOC_002520,HAP1,0.0,0.5765432715415955
Hum_XLOC_002524,HAP1,0.0,0.5750686526298523
Hum_XLOC_002546,HAP1,0.0,0.5527398586273193
Hum_XLOC_002560,HAP1,0.0,0.5379723310470581
Hum_XLOC_002570,HAP1,0.0,0.578365683555603
Hum_XLOC_002577,HAP1,0.0,0.5660608410835266
Hum_XLOC_002579,HAP1,0.0,0.4799506366252899
Hum_XLOC_002586,HAP1,0.0,0.37330129742622375
Hum_XLOC_002589,HAP1,0.0,0.501839816570282
Hum_XLOC_002629,HAP1,0.0,0.49482014775276184
Hum_XLOC_002631,HAP1,0.0,0.4755590260028839
Hum_XLOC_002635,HAP1,0.0,0.45333436131477356
Hum_XLOC_002644,HAP1,0.0,0.49123436212539673
Hum_XLOC_002646,HAP1,0.0,0.49858567118644714
Hum_XLOC_002653,HAP1,0.0,0.4377017319202423
Hum_XLOC_002681,HAP1,0.0,0.5095328092575073
Hum_XLOC_002695,HAP1,0.0,0.49038463830947876
Hum_XLOC_002702,HAP1,0.0,0.4953790307044983
Hum_XLOC_002705,HAP1,0.0,0.48179495334625244
Hum_XLOC_002711,HAP1,0.0,0.49768298864364624
Hum_XLOC_002714,HAP1,0.0,0.49085235595703125
Hum_XLOC_002717,HAP1,0.0,0.5016888976097107
Hum_XLOC_002725,HAP1,0.0,0.6145555377006531
Hum_XLOC_002741,HAP1,0.0,0.5791042447090149
Hum_XLOC_002742,HAP1,1.0,0.44985413551330566
Hum_XLOC_002744,HAP1,0.0,0.5190972089767456
Hum_XLOC_002760,HAP1,0.0,0.5485581755638123
Hum_XLOC_002788,HAP1,0.0,0.5662547945976257
Hum_XLOC_002792,HAP1,0.0,0.5238803029060364
Hum_XLOC_002796,HAP1,0.0,0.5275362133979797
Hum_XLOC_002817,HAP1,0.0,0.48829931020736694
Hum_XLOC_002836,HAP1,1.0,0.45472291111946106
Hum_XLOC_002844,HAP1,0.0,0.45730823278427124
Hum_XLOC_002845,HAP1,0.0,0.5064757466316223
Hum_XLOC_002859,HAP1,0.0,0.4279342293739319
Hum_XLOC_002889,HAP1,0.0,0.5166541337966919
Hum_XLOC_002911,HAP1,0.0,0.5707115530967712
Hum_XLOC_002935,HAP1,0.0,0.4987555742263794
Hum_XLOC_002937,HAP1,0.0,0.4722311198711395
Hum_XLOC_002967,HAP1,0.0,0.4465932846069336
Hum_XLOC_002983,HAP1,0.0,0.46286284923553467
Hum_XLOC_002986,HAP1,0.0,0.5597590804100037
Hum_XLOC_002990,HAP1,0.0,0.5529775023460388
Hum_XLOC_003039,HAP1,0.0,0.4758893549442291
Hum_XLOC_003061,HAP1,0.0,0.5435463190078735
Hum_XLOC_003086,HAP1,0.0,0.5193317532539368
Hum_XLOC_003099,HAP1,0.0,0.42696821689605713
Hum_XLOC_003109,HAP1,0.0,0.5366771817207336
Hum_XLOC_003128,HAP1,0.0,0.556666374206543
Hum_XLOC_003134,HAP1,0.0,0.5049934387207031
Hum_XLOC_003137,HAP1,0.0,0.46999257802963257
Hum_XLOC_003154,HAP1,0.0,0.4967822730541229
Hum_XLOC_003155,HAP1,0.0,0.5470772981643677
Hum_XLOC_003171,HAP1,0.0,0.48371779918670654
Hum_XLOC_003209,HAP1,0.0,0.47376981377601624
Hum_XLOC_003215,HAP1,0.0,0.534851610660553
Hum_XLOC_003221,HAP1,0.0,0.4082671105861664
Hum_XLOC_003232,HAP1,0.0,0.4725475311279297
Hum_XLOC_003268,HAP1,1.0,0.5004699230194092
Hum_XLOC_003269,HAP1,0.0,0.5002425909042358
Hum_XLOC_003286,HAP1,0.0,0.5365087389945984
Hum_XLOC_003290,HAP1,0.0,0.4221479296684265
Hum_XLOC_003294,HAP1,0.0,0.41488680243492126
Hum_XLOC_003321,HAP1,0.0,0.5057911276817322
Hum_XLOC_003324,HAP1,0.0,0.4341498911380768
Hum_XLOC_003334,HAP1,0.0,0.4199402928352356
Hum_XLOC_003337,HAP1,0.0,0.4181160032749176
Hum_XLOC_003338,HAP1,0.0,0.3949372470378876
Hum_XLOC_003352,HAP1,0.0,0.587584376335144
Hum_XLOC_003357,HAP1,0.0,0.4605516791343689
Hum_XLOC_003361,HAP1,0.0,0.46699875593185425
Hum_XLOC_003371,HAP1,0.0,0.42484745383262634
Hum_XLOC_003381,HAP1,0.0,0.4362240135669708
Hum_XLOC_003408,HAP1,0.0,0.4056541323661804
Hum_XLOC_003436,HAP1,0.0,0.35695624351501465
Hum_XLOC_003440,HAP1,0.0,0.4166649580001831
Hum_XLOC_003450,HAP1,0.0,0.574262261390686
Hum_XLOC_003466,HAP1,0.0,0.5029594302177429
Hum_XLOC_003488,HAP1,0.0,0.4337095022201538
Hum_XLOC_003491,HAP1,0.0,0.42105162143707275
Hum_XLOC_003497,HAP1,0.0,0.4553197920322418
Hum_XLOC_003498,HAP1,0.0,0.42890283465385437
Hum_XLOC_003502,HAP1,0.0,0.458249032497406
Hum_XLOC_003518,HAP1,0.0,0.4665876626968384
Hum_XLOC_003532,HAP1,0.0,0.47217482328414917
Hum_XLOC_003543,HAP1,0.0,0.566425621509552
Hum_XLOC_003554,HAP1,1.0,0.450350284576416
Hum_XLOC_003563,HAP1,0.0,0.4781320095062256
Hum_XLOC_003567,HAP1,0.0,0.4377959370613098
Hum_XLOC_003568,HAP1,0.0,0.42189469933509827
Hum_XLOC_003570,HAP1,0.0,0.37264010310173035
Hum_XLOC_003571,HAP1,0.0,0.4202057719230652
Hum_XLOC_003593,HAP1,0.0,0.4447811543941498
Hum_XLOC_003594,HAP1,0.0,0.5260041952133179
Hum_XLOC_003598,HAP1,0.0,0.38723111152648926
Hum_XLOC_003626,HAP1,0.0,0.38793542981147766
Hum_XLOC_003628,HAP1,0.0,0.4227171838283539
Hum_XLOC_003630,HAP1,0.0,0.46894535422325134
Hum_XLOC_003641,HAP1,0.0,0.5187578201293945
Hum_XLOC_003662,HAP1,0.0,0.5155673623085022
Hum_XLOC_003665,HAP1,0.0,0.5372672080993652
Hum_XLOC_003672,HAP1,0.0,0.48171499371528625
Hum_XLOC_003673,HAP1,0.0,0.4334588050842285
Hum_XLOC_003674,HAP1,0.0,0.5220661163330078
Hum_XLOC_003676,HAP1,0.0,0.4903978407382965
Hum_XLOC_003686,HAP1,0.0,0.40580862760543823
Hum_XLOC_003697,HAP1,0.0,0.47062766551971436
Hum_XLOC_003717,HAP1,0.0,0.44057658314704895
Hum_XLOC_003725,HAP1,0.0,0.47738221287727356
Hum_XLOC_003743,HAP1,0.0,0.4877130687236786
Hum_XLOC_003754,HAP1,0.0,0.5104317665100098
Hum_XLOC_003766,HAP1,0.0,0.5982515811920166
Hum_XLOC_003775,HAP1,0.0,0.55077064037323
Hum_XLOC_003790,HAP1,0.0,0.4726247787475586
Hum_XLOC_003799,HAP1,0.0,0.44581204652786255
Hum_XLOC_003853,HAP1,0.0,0.47623440623283386
Hum_XLOC_003865,HAP1,0.0,0.44921669363975525
Hum_XLOC_003871,HAP1,0.0,0.502801775932312
Hum_XLOC_003891,HAP1,0.0,0.5750610828399658
Hum_XLOC_003892,HAP1,0.0,0.5156345963478088
Hum_XLOC_003910,HAP1,0.0,0.6188855171203613
Hum_XLOC_003911,HAP1,0.0,0.5397340059280396
Hum_XLOC_003952,HAP1,0.0,0.5010424256324768
Hum_XLOC_003971,HAP1,0.0,0.4626757800579071
Hum_XLOC_003988,HAP1,0.0,0.4496820867061615
Hum_XLOC_004020,HAP1,0.0,0.47219589352607727
Hum_XLOC_004035,HAP1,0.0,0.5416136384010315
Hum_XLOC_004036,HAP1,0.0,0.6225749254226685
Hum_XLOC_004048,HAP1,0.0,0.4569554924964905
Hum_XLOC_004068,HAP1,0.0,0.4299207329750061
Hum_XLOC_004069,HAP1,0.0,0.41224074363708496
Hum_XLOC_004095,HAP1,0.0,0.5476942658424377
Hum_XLOC_004096,HAP1,0.0,0.590850293636322
Hum_XLOC_004116,HAP1,1.0,0.5767045021057129
Hum_XLOC_004123,HAP1,0.0,0.4919087886810303
Hum_XLOC_004134,HAP1,0.0,0.385877788066864
Hum_XLOC_004161,HAP1,0.0,0.41517049074172974
Hum_XLOC_004168,HAP1,0.0,0.4654739797115326
Hum_XLOC_004169,HAP1,0.0,0.46523088216781616
Hum_XLOC_004177,HAP1,0.0,0.45955613255500793
Hum_XLOC_004200,HAP1,0.0,0.4606950283050537
Hum_XLOC_004201,HAP1,0.0,0.47884321212768555
Hum_XLOC_004219,HAP1,0.0,0.4421186149120331
Hum_XLOC_004226,HAP1,0.0,0.461815744638443
Hum_XLOC_004227,HAP1,0.0,0.48292481899261475
Hum_XLOC_004236,HAP1,1.0,0.43174514174461365
Hum_XLOC_004254,HAP1,1.0,0.5439535975456238
Hum_XLOC_004255,HAP1,0.0,0.5750629901885986
Hum_XLOC_004262,HAP1,1.0,0.48101288080215454
Hum_XLOC_004269,HAP1,0.0,0.4451228976249695
Hum_XLOC_004277,HAP1,0.0,0.49981826543807983
Hum_XLOC_004278,HAP1,0.0,0.4193709194660187
Hum_XLOC_004282,HAP1,0.0,0.5008999109268188
Hum_XLOC_004287,HAP1,0.0,0.48524072766304016
Hum_XLOC_004293,HAP1,0.0,0.5177751183509827
Hum_XLOC_004302,HAP1,0.0,0.538688600063324
Hum_XLOC_004303,HAP1,0.0,0.4718167781829834
Hum_XLOC_004306,HAP1,0.0,0.40489500761032104
Hum_XLOC_004309,HAP1,0.0,0.5264674425125122
Hum_XLOC_004314,HAP1,0.0,0.4922803044319153
Hum_XLOC_004317,HAP1,0.0,0.5541049242019653
Hum_XLOC_004336,HAP1,0.0,0.4572815001010895
Hum_XLOC_004343,HAP1,0.0,0.49205321073532104
Hum_XLOC_004350,HAP1,0.0,0.4908898174762726
Hum_XLOC_004361,HAP1,0.0,0.42290422320365906
Hum_XLOC_004363,HAP1,0.0,0.43634188175201416
Hum_XLOC_004401,HAP1,0.0,0.37929263710975647
Hum_XLOC_004405,HAP1,1.0,0.29914289712905884
Hum_XLOC_004407,HAP1,0.0,0.41482076048851013
Hum_XLOC_004424,HAP1,0.0,0.5265021324157715
Hum_XLOC_004437,HAP1,0.0,0.41588878631591797
Hum_XLOC_004446,HAP1,0.0,0.5087627172470093
Hum_XLOC_004457,HAP1,0.0,0.5035738945007324
Hum_XLOC_004482,HAP1,0.0,0.5157397985458374
Hum_XLOC_004502,HAP1,0.0,0.4857799708843231
Hum_XLOC_004515,HAP1,0.0,0.4798664152622223
Hum_XLOC_004529,HAP1,0.0,0.4396345019340515
Hum_XLOC_004535,HAP1,0.0,0.47453179955482483
Hum_XLOC_004553,HAP1,0.0,0.5475360155105591
Hum_XLOC_004566,HAP1,0.0,0.46065476536750793
Hum_XLOC_004567,HAP1,0.0,0.4653486907482147
Hum_XLOC_004572,HAP1,0.0,0.5257548093795776
Hum_XLOC_004578,HAP1,0.0,0.446783185005188
Hum_XLOC_004580,HAP1,0.0,0.43538898229599
Hum_XLOC_004581,HAP1,0.0,0.4781377911567688
Hum_XLOC_004587,HAP1,0.0,0.5093100070953369
Hum_XLOC_004600,HAP1,0.0,0.5730421543121338
Hum_XLOC_004601,HAP1,0.0,0.522413969039917
Hum_XLOC_004607,HAP1,0.0,0.4850991368293762
Hum_XLOC_004617,HAP1,0.0,0.4770405888557434
Hum_XLOC_004619,HAP1,0.0,0.494686096906662
Hum_XLOC_004620,HAP1,0.0,0.5652177333831787
Hum_XLOC_004632,HAP1,0.0,0.4761086702346802
Hum_XLOC_004636,HAP1,0.0,0.5760207772254944
Hum_XLOC_004652,HAP1,0.0,0.4601428210735321
Hum_XLOC_004653,HAP1,0.0,0.4502381384372711
Hum_XLOC_004657,HAP1,1.0,0.5396873354911804
Hum_XLOC_004661,HAP1,0.0,0.44531145691871643
Hum_XLOC_004683,HAP1,0.0,0.41083717346191406
Hum_XLOC_004684,HAP1,0.0,0.4802248477935791
Hum_XLOC_004688,HAP1,0.0,0.4421375095844269
Hum_XLOC_004689,HAP1,0.0,0.4261733889579773
Hum_XLOC_004705,HAP1,0.0,0.4264396131038666
Hum_XLOC_004717,HAP1,1.0,0.5082154870033264
Hum_XLOC_004718,HAP1,0.0,0.4609273076057434
Hum_XLOC_004733,HAP1,0.0,0.4801501929759979
Hum_XLOC_004741,HAP1,0.0,0.4406147003173828
Hum_XLOC_004762,HAP1,0.0,0.5593962669372559
Hum_XLOC_004771,HAP1,0.0,0.466374009847641
Hum_XLOC_004777,HAP1,0.0,0.4732578992843628
Hum_XLOC_004788,HAP1,1.0,0.47865742444992065
Hum_XLOC_004791,HAP1,1.0,0.47650232911109924
Hum_XLOC_004795,HAP1,0.0,0.43235334753990173
Hum_XLOC_004803,HAP1,0.0,0.4630358815193176
Hum_XLOC_004805,HAP1,0.0,0.4451468884944916
Hum_XLOC_004813,HAP1,0.0,0.467057466506958
Hum_XLOC_004815,HAP1,0.0,0.4515557885169983
Hum_XLOC_004822,HAP1,0.0,0.43998995423316956
Hum_XLOC_004823,HAP1,1.0,0.4565090239048004
Hum_XLOC_004827,HAP1,0.0,0.3980124592781067
Hum_XLOC_004837,HAP1,0.0,0.465459406375885
Hum_XLOC_004839,HAP1,0.0,0.5199440121650696
Hum_XLOC_004855,HAP1,0.0,0.5258311033248901
Hum_XLOC_004874,HAP1,0.0,0.4767763018608093
Hum_XLOC_004875,HAP1,0.0,0.4565202593803406
Hum_XLOC_004878,HAP1,0.0,0.4453711211681366
Hum_XLOC_004884,HAP1,0.0,0.41291680932044983
Hum_XLOC_004911,HAP1,0.0,0.46531689167022705
Hum_XLOC_004915,HAP1,1.0,0.4873703122138977
Hum_XLOC_004927,HAP1,0.0,0.4708300828933716
Hum_XLOC_004929,HAP1,0.0,0.5295255780220032
Hum_XLOC_004936,HAP1,0.0,0.46546414494514465
Hum_XLOC_004957,HAP1,0.0,0.32714003324508667
Hum_XLOC_004960,HAP1,0.0,0.451063871383667
Hum_XLOC_004965,HAP1,0.0,0.49189984798431396
Hum_XLOC_000006,HEK293FT,0.0,0.508861243724823
Hum_XLOC_000008,HEK293FT,0.0,0.5090572834014893
Hum_XLOC_000016,HEK293FT,0.0,0.6149418950080872
Hum_XLOC_000030,HEK293FT,0.0,0.615614652633667
Hum_XLOC_000033,HEK293FT,0.0,0.5751530528068542
Hum_XLOC_000039,HEK293FT,0.0,0.6044302582740784
Hum_XLOC_000053,HEK293FT,0.0,0.5986297726631165
Hum_XLOC_000057,HEK293FT,0.0,0.5761424899101257
Hum_XLOC_000060,HEK293FT,0.0,0.6069634556770325
Hum_XLOC_000080,HEK293FT,0.0,0.5314695835113525
Hum_XLOC_000094,HEK293FT,0.0,0.5345789194107056
Hum_XLOC_000100,HEK293FT,1.0,0.556387722492218
Hum_XLOC_000105,HEK293FT,0.0,0.4801729619503021
Hum_XLOC_000107,HEK293FT,0.0,0.4790942072868347
Hum_XLOC_000111,HEK293FT,0.0,0.5320771932601929
Hum_XLOC_000134,HEK293FT,0.0,0.5171860456466675
Hum_XLOC_000143,HEK293FT,0.0,0.5783182382583618
Hum_XLOC_000145,HEK293FT,0.0,0.5939892530441284
Hum_XLOC_000149,HEK293FT,0.0,0.551550030708313
Hum_XLOC_000155,HEK293FT,0.0,0.47692495584487915
Hum_XLOC_000169,HEK293FT,0.0,0.5271909236907959
Hum_XLOC_000170,HEK293FT,0.0,0.5833489894866943
Hum_XLOC_000194,HEK293FT,0.0,0.5450406074523926
Hum_XLOC_000201,HEK293FT,0.0,0.5352029800415039
Hum_XLOC_000231,HEK293FT,0.0,0.5709002017974854
Hum_XLOC_000233,HEK293FT,0.0,0.6248404383659363
Hum_XLOC_000245,HEK293FT,1.0,0.5487865805625916
Hum_XLOC_000247,HEK293FT,0.0,0.6173564791679382
Hum_XLOC_000248,HEK293FT,0.0,0.5730847120285034
Hum_XLOC_000265,HEK293FT,0.0,0.5239807367324829
Hum_XLOC_000282,HEK293FT,0.0,0.5339352488517761
Hum_XLOC_000286,HEK293FT,0.0,0.5420551300048828
Hum_XLOC_000292,HEK293FT,0.0,0.5491521954536438
Hum_XLOC_000307,HEK293FT,0.0,0.5059154629707336
Hum_XLOC_000308,HEK293FT,0.0,0.4942081570625305
Hum_XLOC_000312,HEK293FT,0.0,0.635243833065033
Hum_XLOC_000314,HEK293FT,0.0,0.4282342195510864
Hum_XLOC_000317,HEK293FT,0.0,0.4716324210166931
Hum_XLOC_000319,HEK293FT,0.0,0.5346798300743103
Hum_XLOC_000332,HEK293FT,0.0,0.5934562087059021
Hum_XLOC_000338,HEK293FT,0.0,0.5271471738815308
Hum_XLOC_000342,HEK293FT,0.0,0.6035225987434387
Hum_XLOC_000345,HEK293FT,0.0,0.5890013575553894
Hum_XLOC_000362,HEK293FT,0.0,0.5399488210678101
Hum_XLOC_000377,HEK293FT,0.0,0.5413000583648682
Hum_XLOC_000390,HEK293FT,0.0,0.5248667597770691
Hum_XLOC_000394,HEK293FT,0.0,0.5634923577308655
Hum_XLOC_000411,HEK293FT,0.0,0.5138489007949829
Hum_XLOC_000415,HEK293FT,0.0,0.6166584491729736
Hum_XLOC_000430,HEK293FT,0.0,0.46470019221305847
Hum_XLOC_000436,HEK293FT,0.0,0.5437226891517639
Hum_XLOC_000437,HEK293FT,0.0,0.5730729103088379
Hum_XLOC_000456,HEK293FT,1.0,0.5607940554618835
Hum_XLOC_000461,HEK293FT,0.0,0.5615578293800354
Hum_XLOC_000462,HEK293FT,0.0,0.5339401960372925
Hum_XLOC_000465,HEK293FT,0.0,0.505230188369751
Hum_XLOC_000472,HEK293FT,0.0,0.5201313495635986
Hum_XLOC_000474,HEK293FT,0.0,0.49896135926246643
Hum_XLOC_000478,HEK293FT,0.0,0.5624719262123108
Hum_XLOC_000486,HEK293FT,0.0,0.4878554344177246
Hum_XLOC_000490,HEK293FT,0.0,0.5199317336082458
Hum_XLOC_000498,HEK293FT,0.0,0.533674955368042
Hum_XLOC_000500,HEK293FT,0.0,0.5787367224693298
Hum_XLOC_000510,HEK293FT,0.0,0.5728282332420349
Hum_XLOC_000535,HEK293FT,0.0,0.5907798409461975
Hum_XLOC_000540,HEK293FT,0.0,0.4824003279209137
Hum_XLOC_000556,HEK293FT,0.0,0.5519504547119141
Hum_XLOC_000574,HEK293FT,0.0,0.5135948061943054
Hum_XLOC_000575,HEK293FT,0.0,0.5026409029960632
Hum_XLOC_000582,HEK293FT,0.0,0.5178799629211426
Hum_XLOC_000590,HEK293FT,0.0,0.4757637679576874
Hum_XLOC_000601,HEK293FT,0.0,0.5726327896118164
Hum_XLOC_000604,HEK293FT,0.0,0.4899156391620636
Hum_XLOC_000608,HEK293FT,1.0,0.5234068036079407
Hum_XLOC_000612,HEK293FT,0.0,0.5140201449394226
Hum_XLOC_000636,HEK293FT,0.0,0.5000475645065308
Hum_XLOC_000638,HEK293FT,0.0,0.6160798072814941
Hum_XLOC_000641,HEK293FT,0.0,0.5097424387931824
Hum_XLOC_000655,HEK293FT,1.0,0.5558566451072693
Hum_XLOC_000668,HEK293FT,0.0,0.4951702654361725
Hum_XLOC_000680,HEK293FT,0.0,0.4689039885997772
Hum_XLOC_000681,HEK293FT,0.0,0.49625927209854126
Hum_XLOC_000695,HEK293FT,0.0,0.4854680299758911
Hum_XLOC_000702,HEK293FT,0.0,0.5689907670021057
Hum_XLOC_000726,HEK293FT,0.0,0.5407758355140686
Hum_XLOC_000727,HEK293FT,0.0,0.4325389266014099
Hum_XLOC_000758,HEK293FT,0.0,0.4502074718475342
Hum_XLOC_000773,HEK293FT,0.0,0.47142499685287476
Hum_XLOC_000774,HEK293FT,0.0,0.5149606466293335
Hum_XLOC_000797,HEK293FT,0.0,0.4954511225223541
Hum_XLOC_000799,HEK293FT,0.0,0.554792046546936
Hum_XLOC_000800,HEK293FT,0.0,0.4924079179763794
Hum_XLOC_000807,HEK293FT,0.0,0.5043916702270508
Hum_XLOC_000818,HEK293FT,1.0,0.5154632925987244
Hum_XLOC_000828,HEK293FT,0.0,0.4765787720680237
Hum_XLOC_000831,HEK293FT,0.0,0.44789522886276245
Hum_XLOC_000835,HEK293FT,0.0,0.5018619298934937
Hum_XLOC_000840,HEK293FT,0.0,0.4810449481010437
Hum_XLOC_000841,HEK293FT,1.0,0.4944094717502594
Hum_XLOC_000842,HEK293FT,0.0,0.41554737091064453
Hum_XLOC_000854,HEK293FT,0.0,0.5122828483581543
Hum_XLOC_000855,HEK293FT,0.0,0.4509933590888977
Hum_XLOC_000883,HEK293FT,0.0,0.42750084400177
Hum_XLOC_000885,HEK293FT,0.0,0.4653165638446808
Hum_XLOC_000905,HEK293FT,0.0,0.46734485030174255
Hum_XLOC_000917,HEK293FT,0.0,0.468575656414032
Hum_XLOC_000925,HEK293FT,0.0,0.4809355139732361
Hum_XLOC_000944,HEK293FT,0.0,0.4862959384918213
Hum_XLOC_000949,HEK293FT,0.0,0.4242587089538574
Hum_XLOC_000953,HEK293FT,0.0,0.44686809182167053
Hum_XLOC_000964,HEK293FT,0.0,0.4622959494590759
Hum_XLOC_000990,HEK293FT,0.0,0.44950130581855774
Hum_XLOC_000994,HEK293FT,0.0,0.4651978611946106
Hum_XLOC_001020,HEK293FT,0.0,0.5276880860328674
Hum_XLOC_001029,HEK293FT,0.0,0.5019248127937317
Hum_XLOC_001066,HEK293FT,0.0,0.4608553946018219
Hum_XLOC_001120,HEK293FT,0.0,0.5210222601890564
Hum_XLOC_001121,HEK293FT,0.0,0.4858730435371399
Hum_XLOC_001122,HEK293FT,0.0,0.5652456879615784
Hum_XLOC_001125,HEK293FT,0.0,0.5804346203804016
Hum_XLOC_001132,HEK293FT,0.0,0.554104208946228
Hum_XLOC_001138,HEK293FT,0.0,0.5136721134185791
Hum_XLOC_001144,HEK293FT,0.0,0.4516947269439697
Hum_XLOC_001146,HEK293FT,0.0,0.4902757406234741
Hum_XLOC_001188,HEK293FT,0.0,0.47063544392585754
Hum_XLOC_001191,HEK293FT,0.0,0.41504791378974915
Hum_XLOC_001192,HEK293FT,0.0,0.48929840326309204
Hum_XLOC_001217,HEK293FT,0.0,0.4035755395889282
Hum_XLOC_001222,HEK293FT,0.0,0.4394465684890747
Hum_XLOC_001228,HEK293FT,0.0,0.6042976975440979
Hum_XLOC_001230,HEK293FT,0.0,0.47435474395751953
Hum_XLOC_001237,HEK293FT,0.0,0.5194360017776489
Hum_XLOC_001243,HEK293FT,0.0,0.5021893382072449
Hum_XLOC_001275,HEK293FT,0.0,0.48364412784576416
Hum_XLOC_001279,HEK293FT,0.0,0.4740351736545563
Hum_XLOC_001291,HEK293FT,0.0,0.5276692509651184
Hum_XLOC_001296,HEK293FT,0.0,0.49368879199028015
Hum_XLOC_001297,HEK293FT,0.0,0.5414148569107056
Hum_XLOC_001309,HEK293FT,0.0,0.5060279965400696
Hum_XLOC_001329,HEK293FT,0.0,0.4329984188079834
Hum_XLOC_001330,HEK293FT,0.0,0.5218784809112549
Hum_XLOC_001355,HEK293FT,0.0,0.4869239628314972
Hum_XLOC_001366,HEK293FT,0.0,0.5420178174972534
Hum_XLOC_001367,HEK293FT,0.0,0.4381175935268402
Hum_XLOC_001375,HEK293FT,0.0,0.4896007776260376
Hum_XLOC_001390,HEK293FT,0.0,0.5423108339309692
Hum_XLOC_001405,HEK293FT,0.0,0.5358831286430359
Hum_XLOC_001461,HEK293FT,0.0,0.4476011097431183
Hum_XLOC_001465,HEK293FT,0.0,0.48843616247177124
Hum_XLOC_001488,HEK293FT,0.0,0.5918035507202148
Hum_XLOC_001490,HEK293FT,0.0,0.6608935594558716
Hum_XLOC_001509,HEK293FT,0.0,0.5414626598358154
Hum_XLOC_001516,HEK293FT,0.0,0.5455883741378784
Hum_XLOC_001532,HEK293FT,0.0,0.5254623293876648
Hum_XLOC_001539,HEK293FT,0.0,0.48463940620422363
Hum_XLOC_001541,HEK293FT,0.0,0.5213390588760376
Hum_XLOC_001542,HEK293FT,0.0,0.5296739339828491
Hum_XLOC_001548,HEK293FT,0.0,0.5509999990463257
Hum_XLOC_001559,HEK293FT,0.0,0.47141164541244507
Hum_XLOC_001565,HEK293FT,0.0,0.5774346590042114
Hum_XLOC_001566,HEK293FT,0.0,0.5475308299064636
Hum_XLOC_001575,HEK293FT,0.0,0.5418542623519897
Hum_XLOC_001580,HEK293FT,0.0,0.5003495216369629
Hum_XLOC_001590,HEK293FT,0.0,0.48073044419288635
Hum_XLOC_001615,HEK293FT,0.0,0.5840079188346863
Hum_XLOC_001624,HEK293FT,0.0,0.5633984804153442
Hum_XLOC_001639,HEK293FT,0.0,0.5049689412117004
Hum_XLOC_001661,HEK293FT,0.0,0.5012402534484863
Hum_XLOC_001666,HEK293FT,0.0,0.409370481967926
Hum_XLOC_001668,HEK293FT,0.0,0.49977853894233704
Hum_XLOC_001688,HEK293FT,0.0,0.47002455592155457
Hum_XLOC_001689,HEK293FT,0.0,0.4626530110836029
Hum_XLOC_001695,HEK293FT,0.0,0.5526886582374573
Hum_XLOC_001696,HEK293FT,0.0,0.5649811625480652
Hum_XLOC_001698,HEK293FT,0.0,0.4587051570415497
Hum_XLOC_001707,HEK293FT,0.0,0.5002419352531433
Hum_XLOC_001760,HEK293FT,0.0,0.46815189719200134
Hum_XLOC_001761,HEK293FT,0.0,0.47363242506980896
Hum_XLOC_001773,HEK293FT,0.0,0.5387399196624756
Hum_XLOC_001775,HEK293FT,0.0,0.49790236353874207
Hum_XLOC_001779,HEK293FT,0.0,0.6621130704879761
Hum_XLOC_001783,HEK293FT,0.0,0.48130735754966736
Hum_XLOC_001791,HEK293FT,0.0,0.5153326392173767
Hum_XLOC_001805,HEK293FT,0.0,0.536753237247467
Hum_XLOC_001809,HEK293FT,0.0,0.4578327238559723
Hum_XLOC_001848,HEK293FT,0.0,0.525249183177948
Hum_XLOC_001919,HEK293FT,0.0,0.41482797265052795
Hum_XLOC_001941,HEK293FT,0.0,0.5146227478981018
Hum_XLOC_001942,HEK293FT,0.0,0.49967023730278015
Hum_XLOC_001949,HEK293FT,0.0,0.4336422085762024
Hum_XLOC_001950,HEK293FT,0.0,0.49376457929611206
Hum_XLOC_001953,HEK293FT,0.0,0.47414064407348633
Hum_XLOC_001957,HEK293FT,0.0,0.479099303483963
Hum_XLOC_001961,HEK293FT,0.0,0.5003002285957336
Hum_XLOC_001969,HEK293FT,0.0,0.4997922480106354
Hum_XLOC_002024,HEK293FT,0.0,0.4965890049934387
Hum_XLOC_002028,HEK293FT,0.0,0.5211528539657593
Hum_XLOC_002033,HEK293FT,0.0,0.5104817152023315
Hum_XLOC_002036,HEK293FT,0.0,0.5642195343971252
Hum_XLOC_002037,HEK293FT,0.0,0.5408352613449097
Hum_XLOC_002041,HEK293FT,0.0,0.5010181665420532
Hum_XLOC_002059,HEK293FT,0.0,0.6057996153831482
Hum_XLOC_002061,HEK293FT,0.0,0.526051938533783
Hum_XLOC_002068,HEK293FT,0.0,0.443759560585022
Hum_XLOC_002081,HEK293FT,0.0,0.5290136337280273
Hum_XLOC_002093,HEK293FT,0.0,0.504859447479248
Hum_XLOC_002099,HEK293FT,0.0,0.5093995332717896
Hum_XLOC_002144,HEK293FT,0.0,0.5589539408683777
Hum_XLOC_002150,HEK293FT,0.0,0.418592244386673
Hum_XLOC_002152,HEK293FT,0.0,0.4745902121067047
Hum_XLOC_002154,HEK293FT,0.0,0.5067145228385925
Hum_XLOC_002169,HEK293FT,1.0,0.4646054804325104
Hum_XLOC_002170,HEK293FT,0.0,0.5311723351478577
Hum_XLOC_002176,HEK293FT,0.0,0.5205291509628296
Hum_XLOC_002178,HEK293FT,0.0,0.4935073256492615
Hum_XLOC_002186,HEK293FT,0.0,0.48574328422546387
Hum_XLOC_002204,HEK293FT,1.0,0.4635235369205475
Hum_XLOC_002205,HEK293FT,1.0,0.46802714467048645
Hum_XLOC_002219,HEK293FT,1.0,0.4565061032772064
Hum_XLOC_002244,HEK293FT,0.0,0.47720015048980713
Hum_XLOC_002252,HEK293FT,0.0,0.5154100656509399
Hum_XLOC_002261,HEK293FT,0.0,0.4510612487792969
Hum_XLOC_002262,HEK293FT,0.0,0.43332818150520325
Hum_XLOC_002265,HEK293FT,0.0,0.5058953762054443
Hum_XLOC_002271,HEK293FT,0.0,0.486510694026947
Hum_XLOC_002280,HEK293FT,0.0,0.5353637933731079
Hum_XLOC_002282,HEK293FT,0.0,0.43007799983024597
Hum_XLOC_002283,HEK293FT,0.0,0.5153685212135315
Hum_XLOC_002284,HEK293FT,0.0,0.6378117799758911
Hum_XLOC_002294,HEK293FT,0.0,0.5155820846557617
Hum_XLOC_002296,HEK293FT,0.0,0.44226035475730896
Hum_XLOC_002299,HEK293FT,0.0,0.561445415019989
Hum_XLOC_002301,HEK293FT,0.0,0.5823549628257751
Hum_XLOC_002306,HEK293FT,0.0,0.5505039095878601
Hum_XLOC_002311,HEK293FT,1.0,0.5035656094551086
Hum_XLOC_002313,HEK293FT,0.0,0.5524616837501526
Hum_XLOC_002314,HEK293FT,0.0,0.6062795519828796
Hum_XLOC_002327,HEK293FT,0.0,0.5935746431350708
Hum_XLOC_002330,HEK293FT,0.0,0.5145893692970276
Hum_XLOC_002338,HEK293FT,0.0,0.5179482102394104
Hum_XLOC_002344,HEK293FT,0.0,0.5486375689506531
Hum_XLOC_002347,HEK293FT,0.0,0.40647295117378235
Hum_XLOC_002348,HEK293FT,0.0,0.4328370988368988
Hum_XLOC_002362,HEK293FT,0.0,0.49980124831199646
Hum_XLOC_002364,HEK293FT,0.0,0.4741148054599762
Hum_XLOC_002383,HEK293FT,0.0,0.4087878465652466
Hum_XLOC_002386,HEK293FT,0.0,0.5105873942375183
Hum_XLOC_002390,HEK293FT,0.0,0.6315076947212219
Hum_XLOC_002394,HEK293FT,0.0,0.4704435467720032
Hum_XLOC_002398,HEK293FT,0.0,0.47074785828590393
Hum_XLOC_002399,HEK293FT,0.0,0.535858154296875
Hum_XLOC_002408,HEK293FT,0.0,0.43437039852142334
Hum_XLOC_002414,HEK293FT,0.0,0.5021591782569885
Hum_XLOC_002418,HEK293FT,0.0,0.4637138545513153
Hum_XLOC_002435,HEK293FT,0.0,0.4511779844760895
Hum_XLOC_002440,HEK293FT,1.0,0.5960994958877563
Hum_XLOC_002489,HEK293FT,0.0,0.4814489781856537
Hum_XLOC_002490,HEK293FT,0.0,0.3611961305141449
Hum_XLOC_002493,HEK293FT,0.0,0.5191938877105713
Hum_XLOC_002520,HEK293FT,0.0,0.6064146757125854
Hum_XLOC_002524,HEK293FT,0.0,0.604972779750824
Hum_XLOC_002546,HEK293FT,0.0,0.5830761194229126
Hum_XLOC_002560,HEK293FT,0.0,0.5685283541679382
Hum_XLOC_002570,HEK293FT,0.0,0.6081959009170532
Hum_XLOC_002577,HEK293FT,0.0,0.5961536765098572
Hum_XLOC_002579,HEK293FT,0.0,0.5108548998832703
Hum_XLOC_002586,HEK293FT,0.0,0.40265536308288574
Hum_XLOC_002589,HEK293FT,0.0,0.5327098369598389
Hum_XLOC_002629,HEK293FT,0.0,0.5257139801979065
Hum_XLOC_002631,HEK293FT,0.0,0.5064558982849121
Hum_XLOC_002635,HEK293FT,0.0,0.48412024974823
Hum_XLOC_002644,HEK293FT,0.0,0.5221357345581055
Hum_XLOC_002646,HEK293FT,0.0,0.5294682383537292
Hum_XLOC_002653,HEK293FT,0.0,0.46833547949790955
Hum_XLOC_002681,HEK293FT,0.0,0.5403626561164856
Hum_XLOC_002695,HEK293FT,0.0,0.5212872624397278
Hum_XLOC_002702,HEK293FT,0.0,0.526271402835846
Hum_XLOC_002705,HEK293FT,0.0,0.5127009153366089
Hum_XLOC_002711,HEK293FT,0.0,0.5285685062408447
Hum_XLOC_002714,HEK293FT,0.0,0.5217543840408325
Hum_XLOC_002717,HEK293FT,0.0,0.5325595140457153
Hum_XLOC_002725,HEK293FT,0.0,0.643403947353363
Hum_XLOC_002741,HEK293FT,0.0,0.6089175939559937
Hum_XLOC_002742,HEK293FT,0.0,0.4806114137172699
Hum_XLOC_002744,HEK293FT,0.0,0.5498570203781128
Hum_XLOC_002760,HEK293FT,0.0,0.578961968421936
Hum_XLOC_002788,HEK293FT,0.0,0.5963438153266907
Hum_XLOC_002792,HEK293FT,1.0,0.5545967221260071
Hum_XLOC_002796,HEK293FT,0.0,0.5582156777381897
Hum_XLOC_002817,HEK293FT,0.0,0.5192044377326965
Hum_XLOC_002836,HEK293FT,0.0,0.48551928997039795
Hum_XLOC_002844,HEK293FT,1.0,0.48812296986579895
Hum_XLOC_002845,HEK293FT,0.0,0.5373232960700989
Hum_XLOC_002859,HEK293FT,0.0,0.45844173431396484
Hum_XLOC_002889,HEK293FT,0.0,0.5474339723587036
Hum_XLOC_002911,HEK293FT,0.0,0.6007093191146851
Hum_XLOC_002935,HEK293FT,0.0,0.5296375155448914
Hum_XLOC_002937,HEK293FT,0.0,0.5031192302703857
Hum_XLOC_002967,HEK293FT,0.0,0.4773210287094116
Hum_XLOC_002983,HEK293FT,0.0,0.4937114715576172
Hum_XLOC_002986,HEK293FT,0.0,0.5899724364280701
Hum_XLOC_002990,HEK293FT,0.0,0.5833097696304321
Hum_XLOC_003039,HEK293FT,0.0,0.5067869424819946
Hum_XLOC_003061,HEK293FT,0.0,0.574025571346283
Hum_XLOC_003086,HEK293FT,0.0,0.5500895977020264
Hum_XLOC_003099,HEK293FT,0.0,0.457461953163147
Hum_XLOC_003109,HEK293FT,0.0,0.5672499537467957
Hum_XLOC_003128,HEK293FT,0.0,0.5869353413581848
Hum_XLOC_003134,HEK293FT,0.0,0.5358487963676453
Hum_XLOC_003137,HEK293FT,0.0,0.5008732676506042
Hum_XLOC_003154,HEK293FT,0.0,0.527670681476593
Hum_XLOC_003155,HEK293FT,0.0,0.5775040984153748
Hum_XLOC_003171,HEK293FT,0.0,0.5146245956420898
Hum_XLOC_003209,HEK293FT,0.0,0.504662275314331
Hum_XLOC_003215,HEK293FT,0.0,0.5654472708702087
Hum_XLOC_003221,HEK293FT,0.0,0.43844708800315857
Hum_XLOC_003232,HEK293FT,0.0,0.5034365653991699
Hum_XLOC_003268,HEK293FT,0.0,0.531345546245575
Hum_XLOC_003269,HEK293FT,0.0,0.5311190485954285
Hum_XLOC_003286,HEK293FT,0.0,0.5670835971832275
Hum_XLOC_003290,HEK293FT,0.0,0.45256927609443665
Hum_XLOC_003294,HEK293FT,0.0,0.445188045501709
Hum_XLOC_003321,HEK293FT,0.0,0.53664231300354
Hum_XLOC_003324,HEK293FT,0.0,0.4647405743598938
Hum_XLOC_003334,HEK293FT,0.0,0.45032650232315063
Hum_XLOC_003337,HEK293FT,0.0,0.4484722912311554
Hum_XLOC_003338,HEK293FT,0.0,0.4248393774032593
Hum_XLOC_003352,HEK293FT,0.0,0.6171939969062805
Hum_XLOC_003357,HEK293FT,0.0,0.49138715863227844
Hum_XLOC_003361,HEK293FT,0.0,0.4978674650192261
Hum_XLOC_003371,HEK293FT,0.0,0.45531007647514343
Hum_XLOC_003381,HEK293FT,0.0,0.4668402075767517
Hum_XLOC_003408,HEK293FT,0.0,0.4357832670211792
Hum_XLOC_003436,HEK293FT,0.0,0.3858163058757782
Hum_XLOC_003440,HEK293FT,0.0,0.4469967782497406
Hum_XLOC_003450,HEK293FT,0.0,0.6041840314865112
Hum_XLOC_003466,HEK293FT,0.0,0.5338244438171387
Hum_XLOC_003488,HEK293FT,0.0,0.46429458260536194
Hum_XLOC_003491,HEK293FT,0.0,0.451455682516098
Hum_XLOC_003497,HEK293FT,0.0,0.4861206114292145
Hum_XLOC_003498,HEK293FT,0.0,0.4594239294528961
Hum_XLOC_003502,HEK293FT,0.0,0.4890700578689575
Hum_XLOC_003518,HEK293FT,0.0,0.49745455384254456
Hum_XLOC_003532,HEK293FT,0.0,0.5030627250671387
Hum_XLOC_003543,HEK293FT,0.0,0.5965112447738647
Hum_XLOC_003554,HEK293FT,0.0,0.4811118245124817
Hum_XLOC_003563,HEK293FT,0.0,0.5090338587760925
Hum_XLOC_003567,HEK293FT,0.0,0.4684307873249054
Hum_XLOC_003568,HEK293FT,1.0,0.45231205224990845
Hum_XLOC_003570,HEK293FT,0.0,0.4019755721092224
Hum_XLOC_003571,HEK293FT,0.0,0.45059630274772644
Hum_XLOC_003593,HEK293FT,0.0,0.47549140453338623
Hum_XLOC_003594,HEK293FT,0.0,0.5566995143890381
Hum_XLOC_003598,HEK293FT,0.0,0.4169517755508423
Hum_XLOC_003626,HEK293FT,0.0,0.4176733195781708
Hum_XLOC_003628,HEK293FT,0.0,0.45314741134643555
Hum_XLOC_003630,HEK293FT,0.0,0.49982208013534546
Hum_XLOC_003641,HEK293FT,0.0,0.5495204925537109
Hum_XLOC_003662,HEK293FT,0.0,0.546355664730072
Hum_XLOC_003665,HEK293FT,0.0,0.5678324699401855
Hum_XLOC_003672,HEK293FT,0.0,0.5126209259033203
Hum_XLOC_003673,HEK293FT,0.0,0.4640406668186188
Hum_XLOC_003674,HEK293FT,0.0,0.5527995824813843
Hum_XLOC_003676,HEK293FT,0.0,0.5213004946708679
Hum_XLOC_003686,HEK293FT,0.0,0.43594077229499817
Hum_XLOC_003697,HEK293FT,0.0,0.5015105605125427
Hum_XLOC_003717,HEK293FT,0.0,0.47124290466308594
Hum_XLOC_003725,HEK293FT,0.0,0.5082826614379883
Hum_XLOC_003743,HEK293FT,0.0,0.5186187028884888
Hum_XLOC_003754,HEK293FT,0.0,0.5412560105323792
Hum_XLOC_003766,HEK293FT,0.0,0.6275807619094849
Hum_XLOC_003775,HEK293FT,0.0,0.5811392664909363
Hum_XLOC_003790,HEK293FT,0.0,0.5035140514373779
Hum_XLOC_003799,HEK293FT,0.0,0.47653231024742126
Hum_XLOC_003853,HEK293FT,0.0,0.5071327090263367
Hum_XLOC_003865,HEK293FT,0.0,0.47996848821640015
Hum_XLOC_003871,HEK293FT,0.0,0.5336675643920898
Hum_XLOC_003891,HEK293FT,0.0,0.604965329170227
Hum_XLOC_003892,HEK293FT,0.0,0.5464223623275757
Hum_XLOC_003910,HEK293FT,0.0,0.6475956439971924
Hum_XLOC_003911,HEK293FT,0.0,0.5702665448188782
Hum_XLOC_003952,HEK293FT,0.0,0.5319157242774963
Hum_XLOC_003971,HEK293FT,0.0,0.4935232996940613
Hum_XLOC_003988,HEK293FT,0.0,0.4804379343986511
Hum_XLOC_004020,HEK293FT,0.0,0.5030838847160339
Hum_XLOC_004035,HEK293FT,0.0,0.5721203088760376
Hum_XLOC_004036,HEK293FT,0.0,0.6511638164520264
Hum_XLOC_004048,HEK293FT,0.0,0.4877678453922272
Hum_XLOC_004068,HEK293FT,0.0,0.4604558050632477
Hum_XLOC_004069,HEK293FT,0.0,0.44249480962753296
Hum_XLOC_004095,HEK293FT,0.0,0.5781115293502808
Hum_XLOC_004096,HEK293FT,0.0,0.6203769445419312
Hum_XLOC_004116,HEK293FT,0.0,0.6065722703933716
Hum_XLOC_004123,HEK293FT,0.0,0.5228089690208435
Hum_XLOC_004134,HEK293FT,0.0,0.4155650734901428
Hum_XLOC_004161,HEK293FT,0.0,0.4454766511917114
Hum_XLOC_004168,HEK293FT,0.0,0.4963357448577881
Hum_XLOC_004169,HEK293FT,0.0,0.4960915148258209
Hum_XLOC_004177,HEK293FT,0.0,0.490385502576828
Hum_XLOC_004200,HEK293FT,0.0,0.4915313720703125
Hum_XLOC_004201,HEK293FT,0.0,0.5097460746765137
Hum_XLOC_004219,HEK293FT,1.0,0.4728015065193176
Hum_XLOC_004226,HEK293FT,0.0,0.4926585853099823
Hum_XLOC_004227,HEK293FT,1.0,0.513831377029419
Hum_XLOC_004236,HEK293FT,0.0,0.4623047709465027
Hum_XLOC_004254,HEK293FT,1.0,0.5744270086288452
Hum_XLOC_004255,HEK293FT,0.0,0.6049672365188599
Hum_XLOC_004262,HEK293FT,1.0,0.5119182467460632
Hum_XLOC_004269,HEK293FT,0.0,0.47583648562431335
Hum_XLOC_004277,HEK293FT,0.0,0.5306963324546814
Hum_XLOC_004278,HEK293FT,0.0,0.4497479200363159
Hum_XLOC_004282,HEK293FT,0.0,0.5317738056182861
Hum_XLOC_004287,HEK293FT,0.0,0.5161475539207458
Hum_XLOC_004293,HEK293FT,0.0,0.5485459566116333
Hum_XLOC_004302,HEK293FT,0.0,0.5692352056503296
Hum_XLOC_004303,HEK293FT,0.0,0.5027035474777222
Hum_XLOC_004306,HEK293FT,0.0,0.4350089430809021
Hum_XLOC_004309,HEK293FT,0.0,0.5571579337120056
Hum_XLOC_004314,HEK293FT,0.0,0.523179829120636
Hum_XLOC_004317,HEK293FT,0.0,0.5844181776046753
Hum_XLOC_004336,HEK293FT,0.0,0.48809614777565
Hum_XLOC_004343,HEK293FT,0.0,0.5229532122612
Hum_XLOC_004350,HEK293FT,0.0,0.5217917561531067
Hum_XLOC_004361,HEK293FT,0.0,0.45333731174468994
Hum_XLOC_004363,HEK293FT,0.0,0.46695950627326965
Hum_XLOC_004401,HEK293FT,0.0,0.408810555934906
Hum_XLOC_004405,HEK293FT,0.0,0.32569620013237
Hum_XLOC_004407,HEK293FT,0.0,0.44512081146240234
Hum_XLOC_004424,HEK293FT,1.0,0.5571923851966858
Hum_XLOC_004437,HEK293FT,0.0,0.44620734453201294
Hum_XLOC_004446,HEK293FT,0.0,0.5395972728729248
Hum_XLOC_004457,HEK293FT,0.0,0.534436047077179
Hum_XLOC_004482,HEK293FT,0.0,0.5465267300605774
Hum_XLOC_004502,HEK293FT,0.0,0.5166866779327393
Hum_XLOC_004515,HEK293FT,0.0,0.5107704997062683
Hum_XLOC_004529,HEK293FT,0.0,0.47029033303260803
Hum_XLOC_004535,HEK293FT,0.0,0.505426287651062
Hum_XLOC_004553,HEK293FT,0.0,0.5779557228088379
Hum_XLOC_004566,HEK293FT,0.0,0.49149075150489807
Hum_XLOC_004567,HEK293FT,0.0,0.4962098300457001
Hum_XLOC_004572,HEK293FT,0.0,0.5564525723457336
Hum_XLOC_004578,HEK293FT,0.0,0.47751274704933167
Hum_XLOC_004580,HEK293FT,0.0,0.4659949541091919
Hum_XLOC_004581,HEK293FT,0.0,0.509039580821991
Hum_XLOC_004587,HEK293FT,0.0,0.540141224861145
Hum_XLOC_004600,HEK293FT,0.0,0.602990448474884
Hum_XLOC_004601,HEK293FT,1.0,0.5531442761421204
Hum_XLOC_004607,HEK293FT,0.0,0.5160059928894043
Hum_XLOC_004617,HEK293FT,0.0,0.5079405307769775
Hum_XLOC_004619,HEK293FT,0.0,0.5255802869796753
Hum_XLOC_004620,HEK293FT,0.0,0.5953273177146912
Hum_XLOC_004632,HEK293FT,0.0,0.5070067048072815
Hum_XLOC_004636,HEK293FT,1.0,0.6059038043022156
Hum_XLOC_004652,HEK293FT,0.0,0.4909757971763611
Hum_XLOC_004653,HEK293FT,0.0,0.4809987246990204
Hum_XLOC_004657,HEK293FT,1.0,0.5702205300331116
Hum_XLOC_004661,HEK293FT,0.0,0.47602689266204834
Hum_XLOC_004683,HEK293FT,0.0,0.44106554985046387
Hum_XLOC_004684,HEK293FT,0.0,0.5111294388771057
Hum_XLOC_004688,HEK293FT,0.0,0.4728206396102905
Hum_XLOC_004689,HEK293FT,0.0,0.4566555917263031
Hum_XLOC_004705,HEK293FT,0.0,0.456925630569458
Hum_XLOC_004717,HEK293FT,0.0,0.5390532612800598
Hum_XLOC_004718,HEK293FT,0.0,0.49176499247550964
Hum_XLOC_004733,HEK293FT,0.0,0.5110546946525574
Hum_XLOC_004741,HEK293FT,0.0,0.4712814390659332
Hum_XLOC_004762,HEK293FT,0.0,0.5896162390708923
Hum_XLOC_004771,HEK293FT,0.0,0.497239887714386
Hum_XLOC_004777,HEK293FT,0.0,0.5041490197181702
Hum_XLOC_004788,HEK293FT,0.0,0.5095600485801697
Hum_XLOC_004791,HEK293FT,0.0,0.507401168346405
Hum_XLOC_004795,HEK293FT,0.0,0.4629209339618683
Hum_XLOC_004803,HEK293FT,0.0,0.493885338306427
Hum_XLOC_004805,HEK293FT,0.0,0.47586071491241455
Hum_XLOC_004813,HEK293FT,0.0,0.4979264736175537
Hum_XLOC_004815,HEK293FT,0.0,0.4823274314403534
Hum_XLOC_004822,HEK293FT,0.0,0.4706498086452484
Hum_XLOC_004823,HEK293FT,0.0,0.48731833696365356
Hum_XLOC_004827,HEK293FT,0.0,0.4279826879501343
Hum_XLOC_004837,HEK293FT,0.0,0.4963211119174957
Hum_XLOC_004839,HEK293FT,0.0,0.5506965517997742
Hum_XLOC_004855,HEK293FT,0.0,0.5565281510353088
Hum_XLOC_004874,HEK293FT,0.0,0.5076757073402405
Hum_XLOC_004875,HEK293FT,0.0,0.4873296618461609
Hum_XLOC_004878,HEK293FT,0.0,0.47608715295791626
Hum_XLOC_004884,HEK293FT,0.0,0.4431830644607544
Hum_XLOC_004911,HEK293FT,0.0,0.49617791175842285
Hum_XLOC_004915,HEK293FT,0.0,0.5182762145996094
Hum_XLOC_004927,HEK293FT,0.0,0.5017136335372925
Hum_XLOC_004929,HEK293FT,0.0,0.5601835250854492
Hum_XLOC_004936,HEK293FT,0.0,0.49632588028907776
Hum_XLOC_004957,HEK293FT,0.0,0.35491999983787537
Hum_XLOC_004960,HEK293FT,0.0,0.48183149099349976
Hum_XLOC_004965,HEK293FT,0.0,0.5228000283241272
Hum_XLOC_000006,K562,0.0,0.5983407497406006
Hum_XLOC_000008,K562,0.0,0.5985292792320251
Hum_XLOC_000016,K562,0.0,0.6966172456741333
Hum_XLOC_000030,K562,0.0,0.6972176432609558
Hum_XLOC_000033,K562,0.0,0.6606101989746094
Hum_XLOC_000039,K562,0.0,0.687201201915741
Hum_XLOC_000053,K562,0.0,0.681975781917572
Hum_XLOC_000057,K562,1.0,0.6615177392959595
Hum_XLOC_000060,K562,1.0,0.6894766688346863
Hum_XLOC_000080,K562,0.0,0.6199067831039429
Hum_XLOC_000094,K562,0.0,0.6228457093238831
Hum_XLOC_000100,K562,1.0,0.6432784795761108
Hum_XLOC_000105,K562,0.0,0.5704673528671265
Hum_XLOC_000107,K562,0.0,0.5694079399108887
Hum_XLOC_000111,K562,1.0,0.6204816699028015
Hum_XLOC_000134,K562,0.0,0.6063222885131836
Hum_XLOC_000143,K562,1.0,0.6635112166404724
Hum_XLOC_000145,K562,0.0,0.6777802109718323
Hum_XLOC_000149,K562,0.0,0.6387731432914734
Hum_XLOC_000155,K562,1.0,0.5672750473022461
Hum_XLOC_000169,K562,0.0,0.6158519387245178
Hum_XLOC_000170,K562,0.0,0.6681089401245117
Hum_XLOC_000194,K562,0.0,0.6326866149902344
Hum_XLOC_000201,K562,0.0,0.6234347820281982
Hum_XLOC_000231,K562,1.0,0.6567022800445557
Hum_XLOC_000233,K562,1.0,0.705422043800354
Hum_XLOC_000245,K562,0.0,0.6361926198005676
Hum_XLOC_000247,K562,0.0,0.6987705826759338
Hum_XLOC_000248,K562,0.0,0.6587110757827759
Hum_XLOC_000265,K562,0.0,0.6128016710281372
Hum_XLOC_000282,K562,0.0,0.6222378611564636
Hum_XLOC_000286,K562,1.0,0.6298856735229492
Hum_XLOC_000292,K562,0.0,0.6365342736244202
Hum_XLOC_000307,K562,0.0,0.5955050587654114
Hum_XLOC_000308,K562,0.0,0.5841757655143738
Hum_XLOC_000312,K562,1.0,0.7146114706993103
Hum_XLOC_000314,K562,0.0,0.518503725528717
Hum_XLOC_000317,K562,0.0,0.5620571970939636
Hum_XLOC_000319,K562,0.0,0.6229409575462341
Hum_XLOC_000332,K562,0.0,0.6772974133491516
Hum_XLOC_000338,K562,0.0,0.6158104538917542
Hum_XLOC_000342,K562,0.0,0.686384916305542
Hum_XLOC_000345,K562,0.0,0.6732555031776428
Hum_XLOC_000362,K562,0.0,0.627906084060669
Hum_XLOC_000377,K562,1.0,0.6291763782501221
Hum_XLOC_000390,K562,0.0,0.6136442422866821
Hum_XLOC_000394,K562,0.0,0.6498671770095825
Hum_XLOC_000411,K562,0.0,0.6031284332275391
Hum_XLOC_000415,K562,0.0,0.6981484293937683
Hum_XLOC_000430,K562,0.0,0.5551924109458923
Hum_XLOC_000436,K562,0.0,0.631450891494751
Hum_XLOC_000437,K562,1.0,0.6587002873420715
Hum_XLOC_000456,K562,1.0,0.6473687291145325
Hum_XLOC_000461,K562,0.0,0.6480764150619507
Hum_XLOC_000462,K562,0.0,0.6222425103187561
Hum_XLOC_000465,K562,0.0,0.5948445200920105
Hum_XLOC_000472,K562,0.0,0.6091347336769104
Hum_XLOC_000474,K562,0.0,0.5887870192527771
Hum_XLOC_000478,K562,0.0,0.648922860622406
Hum_XLOC_000486,K562,0.0,0.5779880881309509
Hum_XLOC_000490,K562,0.0,0.608944296836853
Hum_XLOC_000498,K562,0.0,0.6219919919967651
Hum_XLOC_000500,K562,1.0,0.6638943552970886
Hum_XLOC_000510,K562,0.0,0.658475399017334
Hum_XLOC_000535,K562,0.0,0.6748706102371216
Hum_XLOC_000540,K562,0.0,0.5726521015167236
Hum_XLOC_000556,K562,0.0,0.639146625995636
Hum_XLOC_000574,K562,0.0,0.6028848886489868
Hum_XLOC_000575,K562,0.0,0.5923457741737366
Hum_XLOC_000582,K562,0.0,0.6069854497909546
Hum_XLOC_000590,K562,0.0,0.5661319494247437
Hum_XLOC_000601,K562,0.0,0.658295750617981
Hum_XLOC_000604,K562,0.0,0.5799978971481323
Hum_XLOC_000608,K562,1.0,0.6122555136680603
Hum_XLOC_000612,K562,0.0,0.6032925248146057
Hum_XLOC_000636,K562,1.0,0.5898385047912598
Hum_XLOC_000638,K562,0.0,0.6976325511932373
Hum_XLOC_000641,K562,0.0,0.5991878509521484
Hum_XLOC_000655,K562,0.0,0.642784595489502
Hum_XLOC_000668,K562,0.0,0.5851104259490967
Hum_XLOC_000680,K562,0.0,0.5593594312667847
Hum_XLOC_000681,K562,0.0,0.586167573928833
Hum_XLOC_000695,K562,0.0,0.5756554007530212
Hum_XLOC_000702,K562,0.0,0.6549438238143921
Hum_XLOC_000726,K562,0.0,0.6286837458610535
Hum_XLOC_000727,K562,0.0,0.5228859186172485
Hum_XLOC_000758,K562,0.0,0.5407283306121826
Hum_XLOC_000773,K562,0.0,0.5618523359298706
Hum_XLOC_000774,K562,0.0,0.6041933298110962
Hum_XLOC_000797,K562,0.0,0.5853831171989441
Hum_XLOC_000799,K562,0.0,0.6417940855026245
Hum_XLOC_000800,K562,0.0,0.5824251770973206
Hum_XLOC_000807,K562,0.0,0.594035804271698
Hum_XLOC_000818,K562,0.0,0.6046744585037231
Hum_XLOC_000828,K562,0.0,0.56693434715271
Hum_XLOC_000831,K562,0.0,0.538406491279602
Hum_XLOC_000835,K562,0.0,0.5915932059288025
Hum_XLOC_000840,K562,0.0,0.571323037147522
Hum_XLOC_000841,K562,0.0,0.5843714475631714
Hum_XLOC_000842,K562,0.0,0.5055068731307983
Hum_XLOC_000854,K562,1.0,0.601626992225647
Hum_XLOC_000855,K562,0.0,0.5415166616439819
Hum_XLOC_000883,K562,0.0,0.5177556872367859
Hum_XLOC_000885,K562,0.0,0.5558041930198669
Hum_XLOC_000905,K562,0.0,0.5578154921531677
Hum_XLOC_000917,K562,0.0,0.5590344071388245
Hum_XLOC_000925,K562,0.0,0.5712156295776367
Hum_XLOC_000944,K562,0.0,0.576464831829071
Hum_XLOC_000949,K562,0.0,0.51444411277771
Hum_XLOC_000953,K562,0.0,0.5373738408088684
Hum_XLOC_000964,K562,0.0,0.5528035163879395
Hum_XLOC_000990,K562,0.0,0.540019690990448
Hum_XLOC_000994,K562,0.0,0.5556864142417908
Hum_XLOC_001020,K562,0.0,0.6163237690925598
Hum_XLOC_001029,K562,0.0,0.5916539430618286
Hum_XLOC_001066,K562,0.0,0.5513702034950256
Hum_XLOC_001120,K562,0.0,0.6099843382835388
Hum_XLOC_001121,K562,0.0,0.5760514736175537
Hum_XLOC_001122,K562,0.0,0.651488184928894
Hum_XLOC_001125,K562,0.0,0.6654474139213562
Hum_XLOC_001132,K562,0.0,0.6411537528038025
Hum_XLOC_001138,K562,0.0,0.6029589772224426
Hum_XLOC_001144,K562,0.0,0.5422196984291077
Hum_XLOC_001146,K562,0.0,0.5803489089012146
Hum_XLOC_001188,K562,0.0,0.5610721111297607
Hum_XLOC_001191,K562,0.0,0.5049927830696106
Hum_XLOC_001192,K562,0.0,0.57939612865448
Hum_XLOC_001217,K562,0.0,0.49313005805015564
Hum_XLOC_001222,K562,0.0,0.5298891067504883
Hum_XLOC_001228,K562,0.0,0.6870819926261902
Hum_XLOC_001230,K562,0.0,0.5647436380386353
Hum_XLOC_001237,K562,0.0,0.6084712743759155
Hum_XLOC_001243,K562,0.0,0.5919095873832703
Hum_XLOC_001275,K562,0.0,0.5738706588745117
Hum_XLOC_001279,K562,0.0,0.5644285082817078
Hum_XLOC_001291,K562,0.0,0.6163058876991272
Hum_XLOC_001296,K562,1.0,0.583670973777771
Hum_XLOC_001297,K562,0.0,0.6292842030525208
Hum_XLOC_001309,K562,0.0,0.5956134796142578
Hum_XLOC_001329,K562,0.0,0.5233529210090637
Hum_XLOC_001330,K562,0.0,0.6108003258705139
Hum_XLOC_001355,K562,0.0,0.5770784020423889
Hum_XLOC_001366,K562,0.0,0.6298506259918213
Hum_XLOC_001367,K562,0.0,0.528544545173645
Hum_XLOC_001375,K562,0.0,0.5796909332275391
Hum_XLOC_001390,K562,0.0,0.6301258206367493
Hum_XLOC_001405,K562,0.0,0.6240764856338501
Hum_XLOC_001461,K562,0.0,0.5381108522415161
Hum_XLOC_001465,K562,0.0,0.5785549283027649
Hum_XLOC_001488,K562,0.0,0.6757994294166565
Hum_XLOC_001490,K562,1.0,0.736990749835968
Hum_XLOC_001509,K562,0.0,0.6293292045593262
Hum_XLOC_001516,K562,0.0,0.6331998705863953
Hum_XLOC_001532,K562,0.0,0.6142104268074036
Hum_XLOC_001539,K562,0.0,0.5748448967933655
Hum_XLOC_001541,K562,0.0,0.6102862358093262
Hum_XLOC_001542,K562,0.0,0.6182065606117249
Hum_XLOC_001548,K562,0.0,0.6382599472999573
Hum_XLOC_001559,K562,0.0,0.5618391036987305
Hum_XLOC_001565,K562,1.0,0.6627020835876465
Hum_XLOC_001566,K562,0.0,0.6350183486938477
Hum_XLOC_001575,K562,0.0,0.6296970248222351
Hum_XLOC_001580,K562,0.0,0.5901307463645935
Hum_XLOC_001590,K562,0.0,0.571014404296875
Hum_XLOC_001615,K562,0.0,0.668709933757782
Hum_XLOC_001624,K562,0.0,0.6497803330421448
Hum_XLOC_001639,K562,0.0,0.5945926308631897
Hum_XLOC_001661,K562,0.0,0.5909922122955322
Hum_XLOC_001666,K562,0.0,0.4991348385810852
Hum_XLOC_001668,K562,0.0,0.5895782113075256
Hum_XLOC_001688,K562,0.0,0.5604680776596069
Hum_XLOC_001689,K562,0.0,0.5531585812568665
Hum_XLOC_001695,K562,0.0,0.6398348808288574
Hum_XLOC_001696,K562,0.0,0.6512437462806702
Hum_XLOC_001698,K562,0.0,0.5492278337478638
Hum_XLOC_001707,K562,0.0,0.5900266170501709
Hum_XLOC_001760,K562,0.0,0.55861496925354
Hum_XLOC_001761,K562,0.0,0.5640313625335693
Hum_XLOC_001773,K562,0.0,0.6267684698104858
Hum_XLOC_001775,K562,0.0,0.5877609848976135
Hum_XLOC_001779,K562,0.0,0.7380451560020447
Hum_XLOC_001783,K562,1.0,0.5715804696083069
Hum_XLOC_001791,K562,0.0,0.6045494079589844
Hum_XLOC_001805,K562,0.0,0.6248970627784729
Hum_XLOC_001809,K562,0.0,0.5483576059341431
Hum_XLOC_001848,K562,0.0,0.614007830619812
Hum_XLOC_001919,K562,0.0,0.5047662854194641
Hum_XLOC_001941,K562,0.0,0.6038697361946106
Hum_XLOC_001942,K562,0.0,0.5894733667373657
Hum_XLOC_001949,K562,0.0,0.5240068435668945
Hum_XLOC_001950,K562,1.0,0.5837446451187134
Hum_XLOC_001953,K562,0.0,0.5645325183868408
Hum_XLOC_001957,K562,0.0,0.569412887096405
Hum_XLOC_001961,K562,0.0,0.5900830030441284
Hum_XLOC_001969,K562,0.0,0.5895914435386658
Hum_XLOC_002024,K562,0.0,0.5864874720573425
Hum_XLOC_002028,K562,0.0,0.6101087927818298
Hum_XLOC_002033,K562,1.0,0.599898099899292
Hum_XLOC_002036,K562,0.0,0.6505396962165833
Hum_XLOC_002037,K562,0.0,0.6287395358085632
Hum_XLOC_002041,K562,0.0,0.5907775163650513
Hum_XLOC_002059,K562,0.0,0.6884316802024841
Hum_XLOC_002061,K562,0.0,0.6147705316543579
Hum_XLOC_002068,K562,0.0,0.5342437624931335
Hum_XLOC_002081,K562,0.0,0.6175808310508728
Hum_XLOC_002093,K562,0.0,0.5944870114326477
Hum_XLOC_002099,K562,0.0,0.5988582968711853
Hum_XLOC_002144,K562,0.0,0.6456621289253235
Hum_XLOC_002150,K562,0.0,0.5086373090744019
Hum_XLOC_002152,K562,0.0,0.5649757385253906
Hum_XLOC_002154,K562,0.0,0.5962748527526855
Hum_XLOC_002169,K562,0.0,0.5550984144210815
Hum_XLOC_002170,K562,0.0,0.6196255087852478
Hum_XLOC_002176,K562,0.0,0.6095141768455505
Hum_XLOC_002178,K562,0.0,0.5834945440292358
Hum_XLOC_002186,K562,0.0,0.5759245753288269
Hum_XLOC_002204,K562,0.0,0.5540238618850708
Hum_XLOC_002205,K562,0.0,0.5584913492202759
Hum_XLOC_002219,K562,0.0,0.5470333695411682
Hum_XLOC_002244,K562,0.0,0.5675458312034607
Hum_XLOC_002252,K562,0.0,0.6046234965324402
Hum_XLOC_002261,K562,0.0,0.5415846705436707
Hum_XLOC_002262,K562,0.0,0.5236878991127014
Hum_XLOC_002265,K562,0.0,0.5954856872558594
Hum_XLOC_002271,K562,0.0,0.5766746401786804
Hum_XLOC_002280,K562,0.0,0.6235865354537964
Hum_XLOC_002282,K562,0.0,0.5203824043273926
Hum_XLOC_002283,K562,0.0,0.604583740234375
Hum_XLOC_002284,K562,1.0,0.7168697118759155
Hum_XLOC_002294,K562,0.0,0.6047881841659546
Hum_XLOC_002296,K562,0.0,0.5327316522598267
Hum_XLOC_002299,K562,0.0,0.6479722261428833
Hum_XLOC_002301,K562,0.0,0.6672017574310303
Hum_XLOC_002306,K562,0.0,0.6377968788146973
Hum_XLOC_002311,K562,0.0,0.5932387113571167
Hum_XLOC_002313,K562,0.0,0.6396232843399048
Hum_XLOC_002314,K562,1.0,0.6888627409934998
Hum_XLOC_002327,K562,0.0,0.6774047017097473
Hum_XLOC_002330,K562,0.0,0.6038377285003662
Hum_XLOC_002338,K562,0.0,0.6070505976676941
Hum_XLOC_002344,K562,0.0,0.6360533237457275
Hum_XLOC_002347,K562,0.0,0.4961356520652771
Hum_XLOC_002348,K562,0.0,0.5231890678405762
Hum_XLOC_002362,K562,0.0,0.589600145816803
Hum_XLOC_002364,K562,0.0,0.5645070672035217
Hum_XLOC_002383,K562,0.0,0.4985322654247284
Hum_XLOC_002386,K562,0.0,0.5999996066093445
Hum_XLOC_002390,K562,0.0,0.7113189101219177
Hum_XLOC_002394,K562,0.0,0.5608823299407959
Hum_XLOC_002398,K562,0.0,0.5611832141876221
Hum_XLOC_002399,K562,0.0,0.6240530014038086
Hum_XLOC_002408,K562,0.0,0.5247462391853333
Hum_XLOC_002414,K562,0.0,0.5918803811073303
Hum_XLOC_002418,K562,0.0,0.5542128682136536
Hum_XLOC_002435,K562,0.0,0.5417017340660095
Hum_XLOC_002440,K562,0.0,0.6796898245811462
Hum_XLOC_002489,K562,0.0,0.5717193484306335
Hum_XLOC_002490,K562,0.0,0.44841697812080383
Hum_XLOC_002493,K562,0.0,0.6082401871681213
Hum_XLOC_002520,K562,0.0,0.6889840364456177
Hum_XLOC_002524,K562,0.0,0.6876888275146484
Hum_XLOC_002546,K562,0.0,0.6678599119186401
Hum_XLOC_002560,K562,0.0,0.654517650604248
Hum_XLOC_002570,K562,0.0,0.6905822157859802
Hum_XLOC_002577,K562,0.0,0.6797388195991516
Hum_XLOC_002579,K562,0.0,0.6002565622329712
Hum_XLOC_002586,K562,0.0,0.4921742379665375
Hum_XLOC_002589,K562,1.0,0.6210798025131226
Hum_XLOC_002629,K562,0.0,0.6144495010375977
Hum_XLOC_002631,K562,0.0,0.5960257053375244
Hum_XLOC_002635,K562,0.0,0.5743367671966553
Hum_XLOC_002644,K562,0.0,0.6110453605651855
Hum_XLOC_002646,K562,0.0,0.6180117130279541
Hum_XLOC_002653,K562,0.0,0.5587967038154602
Hum_XLOC_002681,K562,0.0,0.6282953023910522
Hum_XLOC_002695,K562,0.0,0.6102369427680969
Hum_XLOC_002702,K562,0.0,0.6149789690971375
Hum_XLOC_002705,K562,1.0,0.6020280122756958
Hum_XLOC_002711,K562,0.0,0.617158830165863
Hum_XLOC_002714,K562,0.0,0.6106820702552795
Hum_XLOC_002717,K562,0.0,0.620937705039978
Hum_XLOC_002725,K562,0.0,0.7217737436294556
Hum_XLOC_002741,K562,0.0,0.6912291646003723
Hum_XLOC_002742,K562,0.0,0.57089763879776
Hum_XLOC_002744,K562,0.0,0.6371927857398987
Hum_XLOC_002760,K562,0.0,0.6641004681587219
Hum_XLOC_002788,K562,0.0,0.6799107193946838
Hum_XLOC_002792,K562,0.0,0.6416122317314148
Hum_XLOC_002796,K562,0.0,0.644976794719696
Hum_XLOC_002817,K562,0.0,0.6082502603530884
Hum_XLOC_002836,K562,0.0,0.5757055878639221
Hum_XLOC_002844,K562,0.0,0.5782492756843567
Hum_XLOC_002845,K562,0.0,0.6254343390464783
Hum_XLOC_002859,K562,0.0,0.5489650964736938
Hum_XLOC_002889,K562,0.0,0.6349277496337891
Hum_XLOC_002911,K562,0.0,0.6838515996932983
Hum_XLOC_002935,K562,0.0,0.6181721091270447
Hum_XLOC_002937,K562,0.0,0.5928077697753906
Hum_XLOC_002967,K562,0.0,0.5676647424697876
Hum_XLOC_002983,K562,0.0,0.5836929678916931
Hum_XLOC_002986,K562,0.0,0.6741376519203186
Hum_XLOC_002990,K562,0.0,0.6680731177330017
Hum_XLOC_003039,K562,0.0,0.5963445901870728
Hum_XLOC_003061,K562,1.0,0.659575343132019
Hum_XLOC_003086,K562,0.0,0.6374099850654602
Hum_XLOC_003099,K562,0.0,0.5479875802993774
Hum_XLOC_003109,K562,0.0,0.6533386707305908
Hum_XLOC_003128,K562,0.0,0.6713767051696777
Hum_XLOC_003134,K562,1.0,0.6240441203117371
Hum_XLOC_003137,K562,0.0,0.5906373262405396
Hum_XLOC_003154,K562,0.0,0.6163073182106018
Hum_XLOC_003155,K562,0.0,0.6627656817436218
Hum_XLOC_003171,K562,0.0,0.6038714647293091
Hum_XLOC_003209,K562,0.0,0.5942968726158142
Hum_XLOC_003215,K562,0.0,0.6516744494438171
Hum_XLOC_003221,K562,0.0,0.5288780927658081
Hum_XLOC_003232,K562,0.0,0.5931141376495361
Hum_XLOC_003268,K562,0.0,0.6197894215583801
Hum_XLOC_003269,K562,1.0,0.6195750832557678
Hum_XLOC_003286,K562,0.0,0.6531851887702942
Hum_XLOC_003290,K562,0.0,0.5430959463119507
Hum_XLOC_003294,K562,0.0,0.5356830358505249
Hum_XLOC_003321,K562,0.0,0.6247923970222473
Hum_XLOC_003324,K562,0.0,0.5552324652671814
Hum_XLOC_003334,K562,0.0,0.5408477187156677
Hum_XLOC_003337,K562,0.0,0.538986325263977
Hum_XLOC_003338,K562,0.0,0.5150378346443176
Hum_XLOC_003352,K562,0.0,0.6986258029937744
Hum_XLOC_003357,K562,0.0,0.5814315676689148
Hum_XLOC_003361,K562,0.0,0.5877271890640259
Hum_XLOC_003371,K562,0.0,0.5458383560180664
Hum_XLOC_003381,K562,0.0,0.5573153495788574
Hum_XLOC_003408,K562,0.0,0.5261796116828918
Hum_XLOC_003436,K562,0.0,0.4745657444000244
Hum_XLOC_003440,K562,0.0,0.5375032424926758
Hum_XLOC_003450,K562,1.0,0.6869798302650452
Hum_XLOC_003466,K562,0.0,0.6221332550048828
Hum_XLOC_003488,K562,0.0,0.5547897219657898
Hum_XLOC_003491,K562,0.0,0.5419801473617554
Hum_XLOC_003497,K562,0.0,0.5762934684753418
Hum_XLOC_003498,K562,0.0,0.549944281578064
Hum_XLOC_003502,K562,0.0,0.5791733860969543
Hum_XLOC_003518,K562,0.0,0.5873268842697144
Hum_XLOC_003532,K562,0.0,0.5927532315254211
Hum_XLOC_003543,K562,0.0,0.6800621151924133
Hum_XLOC_003554,K562,0.0,0.5713886618614197
Hum_XLOC_003563,K562,0.0,0.5985067486763
Hum_XLOC_003567,K562,0.0,0.5588910579681396
Hum_XLOC_003568,K562,0.0,0.5428382754325867
Hum_XLOC_003570,K562,0.0,0.4914676547050476
Hum_XLOC_003571,K562,0.0,0.5411183834075928
Hum_XLOC_003593,K562,0.0,0.5658636689186096
Hum_XLOC_003594,K562,0.0,0.6435683369636536
Hum_XLOC_003598,K562,0.0,0.506951630115509
Hum_XLOC_003626,K562,0.0,0.507693350315094
Hum_XLOC_003628,K562,0.0,0.543674886226654
Hum_XLOC_003630,K562,0.0,0.5896202921867371
Hum_XLOC_003641,K562,1.0,0.636878490447998
Hum_XLOC_003662,K562,0.0,0.6339185237884521
Hum_XLOC_003665,K562,1.0,0.653876006603241
Hum_XLOC_003672,K562,0.0,0.6019513010978699
Hum_XLOC_003673,K562,0.0,0.5545375943183899
Hum_XLOC_003674,K562,0.0,0.6399382948875427
Hum_XLOC_003676,K562,0.0,0.6102495193481445
Hum_XLOC_003686,K562,0.0,0.5263393521308899
Hum_XLOC_003697,K562,0.0,0.5912535786628723
Hum_XLOC_003717,K562,0.0,0.5616724491119385
Hum_XLOC_003725,K562,0.0,0.5977843403816223
Hum_XLOC_003743,K562,0.0,0.6076911091804504
Hum_XLOC_003754,K562,0.0,0.629135012626648
Hum_XLOC_003766,K562,0.0,0.7078489661216736
Hum_XLOC_003775,K562,0.0,0.6660913825035095
Hum_XLOC_003790,K562,0.0,0.5931889414787292
Hum_XLOC_003799,K562,0.0,0.5668886303901672
Hum_XLOC_003853,K562,0.0,0.5966775417327881
Hum_XLOC_003865,K562,0.0,0.5702665448188782
Hum_XLOC_003871,K562,0.0,0.6219849586486816
Hum_XLOC_003891,K562,0.0,0.6876822113990784
Hum_XLOC_003892,K562,1.0,0.633980929851532
Hum_XLOC_003910,K562,0.0,0.7254372835159302
Hum_XLOC_003911,K562,0.0,0.6561189889907837
Hum_XLOC_003952,K562,0.0,0.6203288435935974
Hum_XLOC_003971,K562,0.0,0.5835100412368774
Hum_XLOC_003988,K562,1.0,0.5707273483276367
Hum_XLOC_004020,K562,0.0,0.5927736163139343
Hum_XLOC_004035,K562,0.0,0.657824695110321
Hum_XLOC_004036,K562,0.0,0.7285476922988892
Hum_XLOC_004048,K562,0.0,0.577902615070343
Hum_XLOC_004068,K562,0.0,0.5509722828865051
Hum_XLOC_004069,K562,0.0,0.532968282699585
Hum_XLOC_004095,K562,0.0,0.6633219718933105
Hum_XLOC_004096,K562,0.0,0.7014591693878174
Hum_XLOC_004116,K562,0.0,0.6891255378723145
Hum_XLOC_004123,K562,0.0,0.6116865277290344
Hum_XLOC_004134,K562,0.0,0.5055251121520996
Hum_XLOC_004161,K562,0.0,0.5359736084938049
Hum_XLOC_004168,K562,0.0,0.5862417221069336
Hum_XLOC_004169,K562,0.0,0.5860047936439514
Hum_XLOC_004177,K562,0.0,0.5804558396339417
Hum_XLOC_004200,K562,0.0,0.5815719366073608
Hum_XLOC_004201,K562,0.0,0.5991913080215454
Hum_XLOC_004219,K562,0.0,0.5632115602493286
Hum_XLOC_004226,K562,0.0,0.5826690196990967
Hum_XLOC_004227,K562,0.0,0.6031116843223572
Hum_XLOC_004236,K562,0.0,0.5528123378753662
Hum_XLOC_004254,K562,1.0,0.6599438786506653
Hum_XLOC_004255,K562,0.0,0.6876838207244873
Hum_XLOC_004262,K562,0.0,0.6012771725654602
Hum_XLOC_004269,K562,0.0,0.5662035346031189
Hum_XLOC_004277,K562,0.0,0.6191749572753906
Hum_XLOC_004278,K562,0.0,0.5402672290802002
Hum_XLOC_004282,K562,0.0,0.6201945543289185
Hum_XLOC_004287,K562,0.0,0.6053292155265808
Hum_XLOC_004293,K562,0.0,0.6359676718711853
Hum_XLOC_004302,K562,0.0,0.6551690697669983
Hum_XLOC_004303,K562,0.0,0.5924063324928284
Hum_XLOC_004306,K562,0.0,0.5253942012786865
Hum_XLOC_004309,K562,0.0,0.6439943313598633
Hum_XLOC_004314,K562,0.0,0.6120395660400391
Hum_XLOC_004317,K562,0.0,0.6690840125083923
Hum_XLOC_004336,K562,0.0,0.5782230496406555
Hum_XLOC_004343,K562,0.0,0.6118237972259521
Hum_XLOC_004350,K562,0.0,0.6107176542282104
Hum_XLOC_004361,K562,0.0,0.5438649654388428
Hum_XLOC_004363,K562,0.0,0.557433545589447
Hum_XLOC_004401,K562,0.0,0.4985557198524475
Hum_XLOC_004405,K562,0.0,0.4098445475101471
Hum_XLOC_004407,K562,0.0,0.5356153249740601
Hum_XLOC_004424,K562,0.0,0.6440262198448181
Hum_XLOC_004437,K562,0.0,0.5367090702056885
Hum_XLOC_004446,K562,0.0,0.6275753974914551
Hum_XLOC_004457,K562,0.0,0.6227108240127563
Hum_XLOC_004482,K562,0.0,0.6340786218643188
Hum_XLOC_004502,K562,0.0,0.6058447957038879
Hum_XLOC_004515,K562,0.0,0.6001755595207214
Hum_XLOC_004529,K562,0.0,0.5607309341430664
Hum_XLOC_004535,K562,0.0,0.5950335264205933
Hum_XLOC_004553,K562,0.0,0.663179337978363
Hum_XLOC_004566,K562,0.0,0.5815324783325195
Hum_XLOC_004567,K562,0.0,0.5861195921897888
Hum_XLOC_004572,K562,0.0,0.6433387398719788
Hum_XLOC_004578,K562,0.0,0.5678533315658569
Hum_XLOC_004580,K562,0.0,0.5564773082733154
Hum_XLOC_004581,K562,0.0,0.5985122919082642
Hum_XLOC_004587,K562,0.0,0.6280871033668518
Hum_XLOC_004600,K562,0.0,0.6859060525894165
Hum_XLOC_004601,K562,0.0,0.6402595043182373
Hum_XLOC_004607,K562,0.0,0.6051937341690063
Hum_XLOC_004617,K562,0.0,0.5974551439285278
Hum_XLOC_004619,K562,0.0,0.6143224239349365
Hum_XLOC_004620,K562,1.0,0.6789913177490234
Hum_XLOC_004632,K562,0.0,0.5965562462806702
Hum_XLOC_004636,K562,0.0,0.6885252594947815
Hum_XLOC_004652,K562,0.0,0.5810309052467346
Hum_XLOC_004653,K562,0.0,0.5712776780128479
Hum_XLOC_004657,K562,0.0,0.6560766100883484
Hum_XLOC_004661,K562,0.0,0.5663910508155823
Hum_XLOC_004683,K562,0.0,0.5315253734588623
Hum_XLOC_004684,K562,0.0,0.600520133972168
Hum_XLOC_004688,K562,0.0,0.5632303953170776
Hum_XLOC_004689,K562,0.0,0.5471826195716858
Hum_XLOC_004705,K562,0.0,0.5474522709846497
Hum_XLOC_004717,K562,0.0,0.6270634531974792
Hum_XLOC_004718,K562,0.0,0.5817994475364685
Hum_XLOC_004733,K562,0.0,0.6004484295845032
Hum_XLOC_004741,K562,0.0,0.5617104768753052
Hum_XLOC_004762,K562,0.0,0.6738141179084778
Hum_XLOC_004771,K562,0.0,0.5871188044548035
Hum_XLOC_004777,K562,0.0,0.593801736831665
Hum_XLOC_004788,K562,0.0,0.599012553691864
Hum_XLOC_004791,K562,0.0,0.5969359874725342
Hum_XLOC_004795,K562,0.0,0.5534250140190125
Hum_XLOC_004803,K562,0.0,0.5838620066642761
Hum_XLOC_004805,K562,0.0,0.566227376461029
Hum_XLOC_004813,K562,0.0,0.5877843499183655
Hum_XLOC_004815,K562,1.0,0.5725806951522827
Hum_XLOC_004822,K562,0.0,0.5610862970352173
Hum_XLOC_004823,K562,0.0,0.5774636268615723
Hum_XLOC_004827,K562,0.0,0.5182472467422485
Hum_XLOC_004837,K562,1.0,0.5862275958061218
Hum_XLOC_004839,K562,0.0,0.6379767060279846
Hum_XLOC_004855,K562,0.0,0.6434089541435242
Hum_XLOC_004874,K562,0.0,0.5972001552581787
Hum_XLOC_004875,K562,0.0,0.5774747133255005
Hum_XLOC_004878,K562,0.0,0.5664504170417786
Hum_XLOC_004884,K562,0.0,0.5336625576019287
Hum_XLOC_004911,K562,0.0,0.5860885381698608
Hum_XLOC_004915,K562,0.0,0.6073639392852783
Hum_XLOC_004927,K562,0.0,0.5914498567581177
Hum_XLOC_004929,K562,0.0,0.6468027234077454
Hum_XLOC_004936,K562,0.0,0.5862322449684143
Hum_XLOC_004957,K562,0.0,0.4416731894016266
Hum_XLOC_004960,K562,0.0,0.5720944404602051
Hum_XLOC_004965,K562,0.0,0.6116779446601868
Hum_XLOC_000006,MDA-MB-231,0.0,0.3684895634651184
Hum_XLOC_000008,MDA-MB-231,0.0,0.36867210268974304
Hum_XLOC_000016,MDA-MB-231,0.0,0.4735204577445984
Hum_XLOC_000030,MDA-MB-231,0.0,0.474229097366333
Hum_XLOC_000033,MDA-MB-231,0.0,0.43260177969932556
Hum_XLOC_000039,MDA-MB-231,0.0,0.4625225067138672
Hum_XLOC_000053,MDA-MB-231,0.0,0.4565122425556183
Hum_XLOC_000057,MDA-MB-231,0.0,0.43359625339508057
Hum_XLOC_000060,MDA-MB-231,0.0,0.4651603102684021
Hum_XLOC_000080,MDA-MB-231,0.0,0.3898112177848816
Hum_XLOC_000094,MDA-MB-231,0.0,0.39278650283813477
Hum_XLOC_000100,MDA-MB-231,0.0,0.4139557480812073
Hum_XLOC_000105,MDA-MB-231,0.0,0.3422011435031891
Hum_XLOC_000107,MDA-MB-231,0.0,0.3412289321422577
Hum_XLOC_000111,MDA-MB-231,0.0,0.39039185643196106
Hum_XLOC_000134,MDA-MB-231,0.0,0.37627726793289185
Hum_XLOC_000143,MDA-MB-231,0.0,0.4357872009277344
Hum_XLOC_000145,MDA-MB-231,1.0,0.4517334997653961
Hum_XLOC_000149,MDA-MB-231,0.0,0.409214049577713
Hum_XLOC_000155,MDA-MB-231,0.0,0.3392772972583771
Hum_XLOC_000169,MDA-MB-231,0.0,0.38573402166366577
Hum_XLOC_000170,MDA-MB-231,0.0,0.4408743381500244
Hum_XLOC_000194,MDA-MB-231,0.0,0.4028753638267517
Hum_XLOC_000201,MDA-MB-231,0.0,0.39338502287864685
Hum_XLOC_000231,MDA-MB-231,0.0,0.4283403158187866
Hum_XLOC_000233,MDA-MB-231,0.0,0.4840039908885956
Hum_XLOC_000245,MDA-MB-231,0.0,0.40651729702949524
Hum_XLOC_000247,MDA-MB-231,0.0,0.4760662913322449
Hum_XLOC_000248,MDA-MB-231,0.0,0.43052661418914795
Hum_XLOC_000265,MDA-MB-231,0.0,0.382688045501709
Hum_XLOC_000282,MDA-MB-231,0.0,0.3921697437763214
Hum_XLOC_000286,MDA-MB-231,0.0,0.3999839425086975
Hum_XLOC_000292,MDA-MB-231,0.0,0.40687355399131775
Hum_XLOC_000307,MDA-MB-231,0.0,0.3657512366771698
Hum_XLOC_000308,MDA-MB-231,0.0,0.35495725274086
Hum_XLOC_000312,MDA-MB-231,0.0,0.495157390832901
Hum_XLOC_000314,MDA-MB-231,0.0,0.2966691255569458
Hum_XLOC_000317,MDA-MB-231,0.0,0.33453530073165894
Hum_XLOC_000319,MDA-MB-231,0.0,0.3928832709789276
Hum_XLOC_000332,MDA-MB-231,0.0,0.4511861503124237
Hum_XLOC_000338,MDA-MB-231,1.0,0.3856924772262573
Hum_XLOC_000342,MDA-MB-231,0.0,0.4615793228149414
Hum_XLOC_000345,MDA-MB-231,0.0,0.44662609696388245
Hum_XLOC_000362,MDA-MB-231,0.0,0.39795002341270447
Hum_XLOC_000377,MDA-MB-231,0.0,0.3992542028427124
Hum_XLOC_000390,MDA-MB-231,0.0,0.3835276961326599
Hum_XLOC_000394,MDA-MB-231,0.0,0.4209675192832947
Hum_XLOC_000411,MDA-MB-231,0.0,0.3731467127799988
Hum_XLOC_000415,MDA-MB-231,0.0,0.47532954812049866
Hum_XLOC_000430,MDA-MB-231,0.0,0.32836583256721497
Hum_XLOC_000436,MDA-MB-231,0.0,0.4015977382659912
Hum_XLOC_000437,MDA-MB-231,0.0,0.43051478266716003
Hum_XLOC_000456,MDA-MB-231,1.0,0.41829773783683777
Hum_XLOC_000461,MDA-MB-231,0.0,0.4190525412559509
Hum_XLOC_000462,MDA-MB-231,0.0,0.39217451214790344
Hum_XLOC_000465,MDA-MB-231,0.0,0.36511552333831787
Hum_XLOC_000472,MDA-MB-231,0.0,0.3790501356124878
Hum_XLOC_000474,MDA-MB-231,0.0,0.3593226373195648
Hum_XLOC_000478,MDA-MB-231,0.0,0.4199568033218384
Hum_XLOC_000486,MDA-MB-231,0.0,0.3491588234901428
Hum_XLOC_000490,MDA-MB-231,0.0,0.3788618743419647
Hum_XLOC_000498,MDA-MB-231,0.0,0.3919204771518707
Hum_XLOC_000500,MDA-MB-231,0.0,0.4362092912197113
Hum_XLOC_000510,MDA-MB-231,0.0,0.43026962876319885
Hum_XLOC_000535,MDA-MB-231,0.0,0.4484437108039856
Hum_XLOC_000540,MDA-MB-231,0.0,0.34421229362487793
Hum_XLOC_000556,MDA-MB-231,0.0,0.4096055328845978
Hum_XLOC_000574,MDA-MB-231,0.0,0.3729087710380554
Hum_XLOC_000575,MDA-MB-231,0.0,0.362717866897583
Hum_XLOC_000582,MDA-MB-231,0.0,0.37692975997924805
Hum_XLOC_000590,MDA-MB-231,0.0,0.3382345139980316
Hum_XLOC_000601,MDA-MB-231,0.0,0.4300738573074341
Hum_XLOC_000604,MDA-MB-231,0.0,0.35103484988212585
Hum_XLOC_000608,MDA-MB-231,0.0,0.38214462995529175
Hum_XLOC_000612,MDA-MB-231,0.0,0.3733070492744446
Hum_XLOC_000636,MDA-MB-231,0.0,0.3603234589099884
Hum_XLOC_000638,MDA-MB-231,0.0,0.4747193455696106
Hum_XLOC_000641,MDA-MB-231,0.0,0.3693104684352875
Hum_XLOC_000655,MDA-MB-231,0.0,0.41343390941619873
Hum_XLOC_000668,MDA-MB-231,0.0,0.35583898425102234
Hum_XLOC_000680,MDA-MB-231,0.0,0.3321014642715454
Hum_XLOC_000681,MDA-MB-231,0.0,0.356838196516037
Hum_XLOC_000695,MDA-MB-231,0.0,0.34699031710624695
Hum_XLOC_000702,MDA-MB-231,0.0,0.426433801651001
Hum_XLOC_000726,MDA-MB-231,0.0,0.3987480700016022
Hum_XLOC_000727,MDA-MB-231,0.0,0.3003460168838501
Hum_XLOC_000758,MDA-MB-231,0.0,0.3156180679798126
Hum_XLOC_000773,MDA-MB-231,0.0,0.3343500792980194
Hum_XLOC_000774,MDA-MB-231,0.0,0.3741883337497711
Hum_XLOC_000797,MDA-MB-231,0.0,0.3560965657234192
Hum_XLOC_000799,MDA-MB-231,0.0,0.41238877177238464
Hum_XLOC_000800,MDA-MB-231,0.0,0.3533099591732025
Hum_XLOC_000807,MDA-MB-231,0.0,0.364338219165802
Hum_XLOC_000818,MDA-MB-231,0.0,0.3746596872806549
Hum_XLOC_000828,MDA-MB-231,0.0,0.3389662504196167
Hum_XLOC_000831,MDA-MB-231,0.0,0.3136027753353119
Hum_XLOC_000835,MDA-MB-231,0.0,0.36199793219566345
Hum_XLOC_000840,MDA-MB-231,0.0,0.34298786520957947
Hum_XLOC_000841,MDA-MB-231,0.0,0.35514169931411743
Hum_XLOC_000842,MDA-MB-231,0.0,0.2859307825565338
Hum_XLOC_000854,MDA-MB-231,0.0,0.3716815710067749
Hum_XLOC_000855,MDA-MB-231,0.0,0.31630420684814453
Hum_XLOC_000883,MDA-MB-231,0.0,0.29604437947273254
Hum_XLOC_000885,MDA-MB-231,0.0,0.32891249656677246
Hum_XLOC_000905,MDA-MB-231,0.0,0.3307139575481415
Hum_XLOC_000917,MDA-MB-231,0.0,0.33180904388427734
Hum_XLOC_000925,MDA-MB-231,0.0,0.34288910031318665
Hum_XLOC_000944,MDA-MB-231,0.0,0.3477416932582855
Hum_XLOC_000949,MDA-MB-231,0.0,0.2932884991168976
Hum_XLOC_000953,MDA-MB-231,0.0,0.3127092123031616
Hum_XLOC_000964,MDA-MB-231,0.0,0.32623711228370667
Hum_XLOC_000990,MDA-MB-231,0.0,0.31500205397605896
Hum_XLOC_000994,MDA-MB-231,0.0,0.32880720496177673
Hum_XLOC_001020,MDA-MB-231,0.0,0.3862067759037018
Hum_XLOC_001029,MDA-MB-231,0.0,0.36205604672431946
Hum_XLOC_001066,MDA-MB-231,1.0,0.3249642848968506
Hum_XLOC_001120,MDA-MB-231,0.0,0.37989068031311035
Hum_XLOC_001121,MDA-MB-231,0.0,0.3473578095436096
Hum_XLOC_001122,MDA-MB-231,0.0,0.42270681262016296
Hum_XLOC_001125,MDA-MB-231,0.0,0.4379236400127411
Hum_XLOC_001132,MDA-MB-231,0.0,0.41171425580978394
Hum_XLOC_001138,MDA-MB-231,0.0,0.37298113107681274
Hum_XLOC_001144,MDA-MB-231,0.0,0.31691697239875793
Hum_XLOC_001146,MDA-MB-231,0.0,0.3513631522655487
Hum_XLOC_001188,MDA-MB-231,0.0,0.33364516496658325
Hum_XLOC_001191,MDA-MB-231,0.0,0.2855110764503479
Hum_XLOC_001192,MDA-MB-231,0.0,0.3504723310470581
Hum_XLOC_001217,MDA-MB-231,0.0,0.2759302258491516
Hum_XLOC_001222,MDA-MB-231,0.0,0.3062819838523865
Hum_XLOC_001228,MDA-MB-231,0.0,0.4623846411705017
Hum_XLOC_001230,MDA-MB-231,0.0,0.3369709849357605
Hum_XLOC_001237,MDA-MB-231,0.0,0.37839463353157043
Hum_XLOC_001243,MDA-MB-231,0.0,0.36230042576789856
Hum_XLOC_001275,MDA-MB-231,0.0,0.34533753991127014
Hum_XLOC_001279,MDA-MB-231,0.0,0.3366846740245819
Hum_XLOC_001291,MDA-MB-231,0.0,0.38618889451026917
Hum_XLOC_001296,MDA-MB-231,0.0,0.35448163747787476
Hum_XLOC_001297,MDA-MB-231,0.0,0.3993651866912842
Hum_XLOC_001309,MDA-MB-231,0.0,0.3658556640148163
Hum_XLOC_001329,MDA-MB-231,0.0,0.30073949694633484
Hum_XLOC_001330,MDA-MB-231,0.0,0.3806993365287781
Hum_XLOC_001355,MDA-MB-231,0.0,0.3483120799064636
Hum_XLOC_001366,MDA-MB-231,0.0,0.3999479115009308
Hum_XLOC_001367,MDA-MB-231,0.0,0.3051365613937378
Hum_XLOC_001375,MDA-MB-231,0.0,0.3507477641105652
Hum_XLOC_001390,MDA-MB-231,0.0,0.40023118257522583
Hum_XLOC_001405,MDA-MB-231,0.0,0.394037663936615
Hum_XLOC_001461,MDA-MB-231,0.0,0.3133467733860016
Hum_XLOC_001465,MDA-MB-231,0.0,0.3496871888637543
Hum_XLOC_001488,MDA-MB-231,0.0,0.4494916796684265
Hum_XLOC_001490,MDA-MB-231,0.0,0.5232651233673096
Hum_XLOC_001509,MDA-MB-231,0.0,0.3994113802909851
Hum_XLOC_001516,MDA-MB-231,0.0,0.40340694785118103
Hum_XLOC_001532,MDA-MB-231,0.0,0.3840925395488739
Hum_XLOC_001539,MDA-MB-231,0.0,0.34623900055885315
Hum_XLOC_001541,MDA-MB-231,0.0,0.38018980622291565
Hum_XLOC_001542,MDA-MB-231,0.0,0.3880976736545563
Hum_XLOC_001548,MDA-MB-231,0.0,0.4086766541004181
Hum_XLOC_001559,MDA-MB-231,0.0,0.33433806896209717
Hum_XLOC_001565,MDA-MB-231,0.0,0.4348967671394348
Hum_XLOC_001566,MDA-MB-231,0.0,0.4052946865558624
Hum_XLOC_001575,MDA-MB-231,0.0,0.3997897803783417
Hum_XLOC_001580,MDA-MB-231,0.0,0.36060187220573425
Hum_XLOC_001590,MDA-MB-231,0.0,0.34270399808883667
Hum_XLOC_001615,MDA-MB-231,0.0,0.4415428638458252
Hum_XLOC_001624,MDA-MB-231,0.0,0.4208744764328003
Hum_XLOC_001639,MDA-MB-231,0.0,0.3648732900619507
Hum_XLOC_001661,MDA-MB-231,0.0,0.3614237904548645
Hum_XLOC_001666,MDA-MB-231,0.0,0.28075510263442993
Hum_XLOC_001668,MDA-MB-231,0.0,0.3600754737854004
Hum_XLOC_001688,MDA-MB-231,0.0,0.33310016989707947
Hum_XLOC_001689,MDA-MB-231,0.0,0.3265528678894043
Hum_XLOC_001695,MDA-MB-231,0.0,0.4103277325630188
Hum_XLOC_001696,MDA-MB-231,0.0,0.4224441945552826
Hum_XLOC_001698,MDA-MB-231,0.0,0.32306817173957825
Hum_XLOC_001707,MDA-MB-231,0.0,0.3605026602745056
Hum_XLOC_001760,MDA-MB-231,0.0,0.33143192529678345
Hum_XLOC_001761,MDA-MB-231,1.0,0.33632397651672363
Hum_XLOC_001773,MDA-MB-231,0.0,0.39678478240966797
Hum_XLOC_001775,MDA-MB-231,0.0,0.35834801197052
Hum_XLOC_001779,MDA-MB-231,1.0,0.5246236324310303
Hum_XLOC_001783,MDA-MB-231,0.0,0.34322482347488403
Hum_XLOC_001791,MDA-MB-231,1.0,0.3745371103286743
Hum_XLOC_001805,MDA-MB-231,0.0,0.3948734700679779
Hum_XLOC_001809,MDA-MB-231,0.0,0.3223000764846802
Hum_XLOC_001848,MDA-MB-231,0.0,0.3838903605937958
Hum_XLOC_001919,MDA-MB-231,0.0,0.2853262722492218
Hum_XLOC_001941,MDA-MB-231,0.0,0.3738715946674347
Hum_XLOC_001942,MDA-MB-231,0.0,0.359975665807724
Hum_XLOC_001949,MDA-MB-231,0.0,0.3012911081314087
Hum_XLOC_001950,MDA-MB-231,0.0,0.3545511066913605
Hum_XLOC_001953,MDA-MB-231,0.0,0.3367792069911957
Hum_XLOC_001957,MDA-MB-231,0.0,0.3412334620952606
Hum_XLOC_001961,MDA-MB-231,0.0,0.360556423664093
Hum_XLOC_001969,MDA-MB-231,0.0,0.3600881099700928
Hum_XLOC_002024,MDA-MB-231,0.0,0.3571409583091736
Hum_XLOC_002028,MDA-MB-231,0.0,0.38001397252082825
Hum_XLOC_002033,MDA-MB-231,0.0,0.3699997663497925
Hum_XLOC_002036,MDA-MB-231,0.0,0.4216884672641754
Hum_XLOC_002037,MDA-MB-231,0.0,0.3988053798675537
Hum_XLOC_002041,MDA-MB-231,0.0,0.3612188398838043
Hum_XLOC_002059,MDA-MB-231,0.0,0.4639474153518677
Hum_XLOC_002061,MDA-MB-231,0.0,0.3846520483493805
Hum_XLOC_002068,MDA-MB-231,0.0,0.3100108504295349
Hum_XLOC_002081,MDA-MB-231,0.0,0.38746851682662964
Hum_XLOC_002093,MDA-MB-231,0.0,0.3647717833518982
Hum_XLOC_002099,MDA-MB-231,0.0,0.3689908981323242
Hum_XLOC_002144,MDA-MB-231,0.0,0.41648179292678833
Hum_XLOC_002150,MDA-MB-231,0.0,0.288494735956192
Hum_XLOC_002152,MDA-MB-231,0.0,0.3371819853782654
Hum_XLOC_002154,MDA-MB-231,0.0,0.3664931058883667
Hum_XLOC_002169,MDA-MB-231,0.0,0.32828181982040405
Hum_XLOC_002170,MDA-MB-231,0.0,0.3895273208618164
Hum_XLOC_002176,MDA-MB-231,0.0,0.37942537665367126
Hum_XLOC_002178,MDA-MB-231,0.0,0.35431554913520813
Hum_XLOC_002186,MDA-MB-231,0.0,0.34724003076553345
Hum_XLOC_002204,MDA-MB-231,0.0,0.3273233473300934
Hum_XLOC_002205,MDA-MB-231,0.0,0.3313208818435669
Hum_XLOC_002219,MDA-MB-231,0.0,0.321133553981781
Hum_XLOC_002244,MDA-MB-231,0.0,0.33952462673187256
Hum_XLOC_002252,MDA-MB-231,0.0,0.37460973858833313
Hum_XLOC_002261,MDA-MB-231,0.0,0.31636345386505127
Hum_XLOC_002262,MDA-MB-231,0.0,0.3010219931602478
Hum_XLOC_002265,MDA-MB-231,0.0,0.3657325506210327
Hum_XLOC_002271,MDA-MB-231,0.0,0.3479366600513458
Hum_XLOC_002280,MDA-MB-231,0.0,0.39353927969932556
Hum_XLOC_002282,MDA-MB-231,0.0,0.2982419431209564
Hum_XLOC_002283,MDA-MB-231,0.0,0.37457075715065
Hum_XLOC_002284,MDA-MB-231,0.0,0.4979320764541626
Hum_XLOC_002294,MDA-MB-231,0.0,0.3747711777687073
Hum_XLOC_002296,MDA-MB-231,0.0,0.3087127208709717
Hum_XLOC_002299,MDA-MB-231,0.0,0.4189414083957672
Hum_XLOC_002301,MDA-MB-231,0.0,0.439866840839386
Hum_XLOC_002306,MDA-MB-231,0.0,0.40819212794303894
Hum_XLOC_002311,MDA-MB-231,1.0,0.3635733425617218
Hum_XLOC_002313,MDA-MB-231,0.0,0.41010555624961853
Hum_XLOC_002314,MDA-MB-231,0.0,0.4644474387168884
Hum_XLOC_002327,MDA-MB-231,0.0,0.4513078033924103
Hum_XLOC_002330,MDA-MB-231,0.0,0.3738402724266052
Hum_XLOC_002338,MDA-MB-231,0.0,0.37699392437934875
Hum_XLOC_002344,MDA-MB-231,0.0,0.4063721299171448
Hum_XLOC_002347,MDA-MB-231,0.0,0.27833887934684753
Hum_XLOC_002348,MDA-MB-231,0.0,0.30060139298439026
Hum_XLOC_002362,MDA-MB-231,0.0,0.36009639501571655
Hum_XLOC_002364,MDA-MB-231,0.0,0.33675602078437805
Hum_XLOC_002383,MDA-MB-231,0.0,0.2802686393260956
Hum_XLOC_002386,MDA-MB-231,0.0,0.370098352432251
Hum_XLOC_002390,MDA-MB-231,0.0,0.491135835647583
Hum_XLOC_002394,MDA-MB-231,0.0,0.33347389101982117
Hum_XLOC_002398,MDA-MB-231,0.0,0.3337455093860626
Hum_XLOC_002399,MDA-MB-231,0.0,0.39401376247406006
Hum_XLOC_002408,MDA-MB-231,0.0,0.30191558599472046
Hum_XLOC_002414,MDA-MB-231,0.0,0.36227256059646606
Hum_XLOC_002418,MDA-MB-231,0.0,0.3274918496608734
Hum_XLOC_002435,MDA-MB-231,0.0,0.31646546721458435
Hum_XLOC_002440,MDA-MB-231,0.0,0.45390334725379944
Hum_XLOC_002489,MDA-MB-231,0.0,0.34335264563560486
Hum_XLOC_002490,MDA-MB-231,0.0,0.2415267378091812
Hum_XLOC_002493,MDA-MB-231,0.0,0.378166526556015
Hum_XLOC_002520,MDA-MB-231,0.0,0.4645881950855255
Hum_XLOC_002524,MDA-MB-231,0.0,0.4630867838859558
Hum_XLOC_002546,MDA-MB-231,0.0,0.44059768319129944
Hum_XLOC_002560,MDA-MB-231,0.0,0.42597275972366333
Hum_XLOC_002570,MDA-MB-231,0.0,0.46644651889801025
Hum_XLOC_002577,MDA-MB-231,0.0,0.45395907759666443
Hum_XLOC_002579,MDA-MB-231,1.0,0.3703479766845703
Hum_XLOC_002586,MDA-MB-231,0.0,0.2751668393611908
Hum_XLOC_002589,MDA-MB-231,0.0,0.3909967243671417
Hum_XLOC_002629,MDA-MB-231,0.0,0.3843313157558441
Hum_XLOC_002631,MDA-MB-231,0.0,0.3662528991699219
Hum_XLOC_002635,MDA-MB-231,0.0,0.34576860070228577
Hum_XLOC_002644,MDA-MB-231,0.0,0.3809424042701721
Hum_XLOC_002646,MDA-MB-231,0.0,0.3879016637802124
Hum_XLOC_002653,MDA-MB-231,0.0,0.3315953016281128
Hum_XLOC_002681,MDA-MB-231,0.0,0.39834919571876526
Hum_XLOC_002695,MDA-MB-231,0.0,0.38014090061187744
Hum_XLOC_002702,MDA-MB-231,0.0,0.38486042618751526
Hum_XLOC_002705,MDA-MB-231,0.0,0.3720724284648895
Hum_XLOC_002711,MDA-MB-231,0.0,0.38704463839530945
Hum_XLOC_002714,MDA-MB-231,0.0,0.3805820643901825
Hum_XLOC_002717,MDA-MB-231,0.0,0.3908529579639435
Hum_XLOC_002725,MDA-MB-231,0.0,0.5040045380592346
Hum_XLOC_002741,MDA-MB-231,0.0,0.46720054745674133
Hum_XLOC_002742,MDA-MB-231,0.0,0.3425966203212738
Hum_XLOC_002744,MDA-MB-231,0.0,0.40756088495254517
Hum_XLOC_002760,MDA-MB-231,0.0,0.4364365339279175
Hum_XLOC_002788,MDA-MB-231,0.0,0.454154908657074
Hum_XLOC_002792,MDA-MB-231,0.0,0.412197083234787
Hum_XLOC_002796,MDA-MB-231,0.0,0.4157542288303375
Hum_XLOC_002817,MDA-MB-231,0.0,0.3781764805316925
Hum_XLOC_002836,MDA-MB-231,1.0,0.34703683853149414
Hum_XLOC_002844,MDA-MB-231,0.0,0.34940221905708313
Hum_XLOC_002845,MDA-MB-231,0.0,0.39542144536972046
Hum_XLOC_002859,MDA-MB-231,0.0,0.3228361904621124
Hum_XLOC_002889,MDA-MB-231,1.0,0.40520042181015015
Hum_XLOC_002911,MDA-MB-231,0.0,0.4586622714996338
Hum_XLOC_002935,MDA-MB-231,0.0,0.3880630433559418
Hum_XLOC_002937,MDA-MB-231,0.0,0.36316031217575073
Hum_XLOC_002967,MDA-MB-231,0.0,0.3396332859992981
Hum_XLOC_002983,MDA-MB-231,0.0,0.35450243949890137
Hum_XLOC_002986,MDA-MB-231,0.0,0.4476180374622345
Hum_XLOC_002990,MDA-MB-231,0.0,0.44083458185195923
Hum_XLOC_003039,MDA-MB-231,0.0,0.3665603995323181
Hum_XLOC_003061,MDA-MB-231,0.0,0.43146997690200806
Hum_XLOC_003086,MDA-MB-231,1.0,0.4077877700328827
Hum_XLOC_003099,MDA-MB-231,0.0,0.32197386026382446
Hum_XLOC_003109,MDA-MB-231,0.0,0.4246993958950043
Hum_XLOC_003128,MDA-MB-231,0.0,0.4445193409919739
Hum_XLOC_003134,MDA-MB-231,0.0,0.3940047323703766
Hum_XLOC_003137,MDA-MB-231,0.0,0.36108502745628357
Hum_XLOC_003154,MDA-MB-231,0.0,0.386190265417099
Hum_XLOC_003155,MDA-MB-231,0.0,0.43496671319007874
Hum_XLOC_003171,MDA-MB-231,0.0,0.3738733232021332
Hum_XLOC_003209,MDA-MB-231,0.0,0.36458903551101685
Hum_XLOC_003215,MDA-MB-231,0.0,0.4229070246219635
Hum_XLOC_003221,MDA-MB-231,0.0,0.3054203689098358
Hum_XLOC_003232,MDA-MB-231,0.0,0.3634538948535919
Hum_XLOC_003268,MDA-MB-231,0.0,0.3896927237510681
Hum_XLOC_003269,MDA-MB-231,0.0,0.3894764184951782
Hum_XLOC_003286,MDA-MB-231,0.0,0.42453381419181824
Hum_XLOC_003290,MDA-MB-231,0.0,0.31768178939819336
Hum_XLOC_003294,MDA-MB-231,0.0,0.31124967336654663
Hum_XLOC_003321,MDA-MB-231,0.0,0.3947668671607971
Hum_XLOC_003324,MDA-MB-231,0.0,0.3284016251564026
Hum_XLOC_003334,MDA-MB-231,0.0,0.31572192907333374
Hum_XLOC_003337,MDA-MB-231,0.0,0.31410524249076843
Hum_XLOC_003338,MDA-MB-231,0.0,0.2937813699245453
Hum_XLOC_003352,MDA-MB-231,0.0,0.4758947491645813
Hum_XLOC_003357,MDA-MB-231,0.0,0.3523772954940796
Hum_XLOC_003361,MDA-MB-231,0.0,0.3583158850669861
Hum_XLOC_003371,MDA-MB-231,0.0,0.3200833201408386
Hum_XLOC_003381,MDA-MB-231,0.0,0.3302654027938843
Hum_XLOC_003408,MDA-MB-231,0.0,0.3031284809112549
Hum_XLOC_003436,MDA-MB-231,0.0,0.2613268792629242
Hum_XLOC_003440,MDA-MB-231,0.0,0.3128211200237274
Hum_XLOC_003450,MDA-MB-231,0.0,0.4622665047645569
Hum_XLOC_003466,MDA-MB-231,0.0,0.39206361770629883
Hum_XLOC_003488,MDA-MB-231,0.0,0.3280063569545746
Hum_XLOC_003491,MDA-MB-231,0.0,0.3167080879211426
Hum_XLOC_003497,MDA-MB-231,0.0,0.34758245944976807
Hum_XLOC_003498,MDA-MB-231,0.0,0.3237014710903168
Hum_XLOC_003502,MDA-MB-231,0.0,0.3502643406391144
Hum_XLOC_003518,MDA-MB-231,0.0,0.35793623328208923
Hum_XLOC_003532,MDA-MB-231,0.0,0.3631080389022827
Hum_XLOC_003543,MDA-MB-231,0.0,0.4543272852897644
Hum_XLOC_003554,MDA-MB-231,0.0,0.34304824471473694
Hum_XLOC_003563,MDA-MB-231,0.0,0.36865025758743286
Hum_XLOC_003567,MDA-MB-231,0.0,0.33168017864227295
Hum_XLOC_003568,MDA-MB-231,0.0,0.31745678186416626
Hum_XLOC_003570,MDA-MB-231,0.0,0.27460330724716187
Hum_XLOC_003571,MDA-MB-231,0.0,0.3159574568271637
Hum_XLOC_003593,MDA-MB-231,0.0,0.3379901349544525
Hum_XLOC_003594,MDA-MB-231,0.0,0.41426223516464233
Hum_XLOC_003598,MDA-MB-231,0.0,0.28711241483688354
Hum_XLOC_003626,MDA-MB-231,0.0,0.2877201437950134
Hum_XLOC_003628,MDA-MB-231,0.0,0.31818777322769165
Hum_XLOC_003630,MDA-MB-231,0.0,0.36011555790901184
Hum_XLOC_003641,MDA-MB-231,0.0,0.4072326421737671
Hum_XLOC_003662,MDA-MB-231,0.0,0.4041520655155182
Hum_XLOC_003665,MDA-MB-231,0.0,0.4252793490886688
Hum_XLOC_003672,MDA-MB-231,0.0,0.3719976544380188
Hum_XLOC_003673,MDA-MB-231,0.0,0.3277813494205475
Hum_XLOC_003674,MDA-MB-231,0.0,0.4104363024234772
Hum_XLOC_003676,MDA-MB-231,0.0,0.3801533579826355
Hum_XLOC_003686,MDA-MB-231,0.0,0.3032638430595398
Hum_XLOC_003697,MDA-MB-231,0.0,0.36167341470718384
Hum_XLOC_003717,MDA-MB-231,0.0,0.33418741822242737
Hum_XLOC_003725,MDA-MB-231,0.0,0.36795103549957275
Hum_XLOC_003743,MDA-MB-231,0.0,0.37762489914894104
Hum_XLOC_003754,MDA-MB-231,0.0,0.39921167492866516
Hum_XLOC_003766,MDA-MB-231,0.0,0.4869283139705658
Hum_XLOC_003775,MDA-MB-231,0.0,0.4386361837387085
Hum_XLOC_003790,MDA-MB-231,0.0,0.3635255992412567
Hum_XLOC_003799,MDA-MB-231,1.0,0.3389245569705963
Hum_XLOC_003853,MDA-MB-231,0.0,0.3668816387653351
Hum_XLOC_003865,MDA-MB-231,0.0,0.3420167565345764
Hum_XLOC_003871,MDA-MB-231,0.0,0.39191335439682007
Hum_XLOC_003891,MDA-MB-231,0.0,0.463079035282135
Hum_XLOC_003892,MDA-MB-231,0.0,0.4042168855667114
Hum_XLOC_003910,MDA-MB-231,0.0,0.5085832476615906
Hum_XLOC_003911,MDA-MB-231,0.0,0.42770713567733765
Hum_XLOC_003952,MDA-MB-231,0.0,0.3902374505996704
Hum_XLOC_003971,MDA-MB-231,0.0,0.3543301820755005
Hum_XLOC_003988,MDA-MB-231,0.0,0.34244009852409363
Hum_XLOC_004020,MDA-MB-231,0.0,0.36312755942344666
Hum_XLOC_004035,MDA-MB-231,0.0,0.4295607805252075
Hum_XLOC_004036,MDA-MB-231,1.0,0.5124993920326233
Hum_XLOC_004048,MDA-MB-231,0.0,0.3490791618824005
Hum_XLOC_004068,MDA-MB-231,0.0,0.3246115744113922
Hum_XLOC_004069,MDA-MB-231,0.0,0.3089156150817871
Hum_XLOC_004095,MDA-MB-231,0.0,0.4355788230895996
Hum_XLOC_004096,MDA-MB-231,0.0,0.4792613387107849
Hum_XLOC_004116,MDA-MB-231,0.0,0.4647524952888489
Hum_XLOC_004123,MDA-MB-231,0.0,0.3815789818763733
Hum_XLOC_004134,MDA-MB-231,0.0,0.28594568371772766
Hum_XLOC_004161,MDA-MB-231,0.0,0.3115002512931824
Hum_XLOC_004168,MDA-MB-231,0.0,0.3569083511829376
Hum_XLOC_004169,MDA-MB-231,0.0,0.356684148311615
Hum_XLOC_004177,MDA-MB-231,0.0,0.3514632284641266
Hum_XLOC_004200,MDA-MB-231,0.0,0.3525089919567108
Hum_XLOC_004201,MDA-MB-231,0.0,0.3693138360977173
Hum_XLOC_004219,MDA-MB-231,0.0,0.335580438375473
Hum_XLOC_004226,MDA-MB-231,0.0,0.35353904962539673
Hum_XLOC_004227,MDA-MB-231,0.0,0.37313029170036316
Hum_XLOC_004236,MDA-MB-231,0.0,0.32624489068984985
Hum_XLOC_004254,MDA-MB-231,1.0,0.43187272548675537
Hum_XLOC_004255,MDA-MB-231,0.0,0.4630809724330902
Hum_XLOC_004262,MDA-MB-231,1.0,0.37134087085723877
Hum_XLOC_004269,MDA-MB-231,0.0,0.3382997512817383
Hum_XLOC_004277,MDA-MB-231,0.0,0.3890729546546936
Hum_XLOC_004278,MDA-MB-231,0.0,0.31521713733673096
Hum_XLOC_004282,MDA-MB-231,0.0,0.3901018500328064
Hum_XLOC_004287,MDA-MB-231,0.0,0.3753018081188202
Hum_XLOC_004293,MDA-MB-231,0.0,0.40628284215927124
Hum_XLOC_004302,MDA-MB-231,0.0,0.4266776442527771
Hum_XLOC_004303,MDA-MB-231,0.0,0.3627757728099823
Hum_XLOC_004306,MDA-MB-231,0.0,0.3024635314941406
Hum_XLOC_004309,MDA-MB-231,0.0,0.4147131145000458
Hum_XLOC_004314,MDA-MB-231,0.0,0.38192984461784363
Hum_XLOC_004317,MDA-MB-231,0.0,0.4419594705104828
Hum_XLOC_004336,MDA-MB-231,0.0,0.3493777811527252
Hum_XLOC_004343,MDA-MB-231,0.0,0.3817153871059418
Hum_XLOC_004350,MDA-MB-231,0.0,0.3806174099445343
Hum_XLOC_004361,MDA-MB-231,0.0,0.3183540403842926
Hum_XLOC_004363,MDA-MB-231,0.0,0.3303714096546173
Hum_XLOC_004401,MDA-MB-231,0.0,0.28028759360313416
Hum_XLOC_004405,MDA-MB-231,0.0,0.21385103464126587
Hum_XLOC_004407,MDA-MB-231,0.0,0.3111913204193115
Hum_XLOC_004424,MDA-MB-231,0.0,0.4147469103336334
Hum_XLOC_004437,MDA-MB-231,0.0,0.31213486194610596
Hum_XLOC_004446,MDA-MB-231,0.0,0.39761093258857727
Hum_XLOC_004457,MDA-MB-231,0.0,0.39264965057373047
Hum_XLOC_004482,MDA-MB-231,0.0,0.40431830286979675
Hum_XLOC_004502,MDA-MB-231,0.0,0.37580808997154236
Hum_XLOC_004515,MDA-MB-231,0.0,0.370269238948822
Hum_XLOC_004529,MDA-MB-231,0.0,0.3333372473716736
Hum_XLOC_004535,MDA-MB-231,0.0,0.3652973771095276
Hum_XLOC_004553,MDA-MB-231,0.0,0.43542179465293884
Hum_XLOC_004566,MDA-MB-231,0.0,0.3524719774723053
Hum_XLOC_004567,MDA-MB-231,0.0,0.35679277777671814
Hum_XLOC_004572,MDA-MB-231,1.0,0.41401949524879456
Hum_XLOC_004578,MDA-MB-231,0.0,0.33980563282966614
Hum_XLOC_004580,MDA-MB-231,0.0,0.32951462268829346
Hum_XLOC_004581,MDA-MB-231,0.0,0.36865565180778503
Hum_XLOC_004587,MDA-MB-231,0.0,0.39813560247421265
Hum_XLOC_004600,MDA-MB-231,0.0,0.46102675795555115
Hum_XLOC_004601,MDA-MB-231,0.0,0.4107736647129059
Hum_XLOC_004607,MDA-MB-231,0.0,0.37516888976097107
Hum_XLOC_004617,MDA-MB-231,0.0,0.3676327168941498
Hum_XLOC_004619,MDA-MB-231,0.0,0.3842043876647949
Hum_XLOC_004620,MDA-MB-231,0.0,0.45310869812965393
Hum_XLOC_004632,MDA-MB-231,0.0,0.36676454544067383
Hum_XLOC_004636,MDA-MB-231,0.0,0.4640559256076813
Hum_XLOC_004652,MDA-MB-231,0.0,0.35200178623199463
Hum_XLOC_004653,MDA-MB-231,0.0,0.3429461419582367
Hum_XLOC_004657,MDA-MB-231,1.0,0.4276611804962158
Hum_XLOC_004661,MDA-MB-231,0.0,0.3384706974029541
Hum_XLOC_004683,MDA-MB-231,0.0,0.307679682970047
Hum_XLOC_004684,MDA-MB-231,0.0,0.37060418725013733
Hum_XLOC_004688,MDA-MB-231,0.0,0.33559754490852356
Hum_XLOC_004689,MDA-MB-231,0.0,0.32126492261886597
Hum_XLOC_004705,MDA-MB-231,0.0,0.32150229811668396
Hum_XLOC_004717,MDA-MB-231,0.0,0.39708665013313293
Hum_XLOC_004718,MDA-MB-231,0.0,0.3527224063873291
Hum_XLOC_004733,MDA-MB-231,0.0,0.3705344498157501
Hum_XLOC_004741,MDA-MB-231,0.0,0.33422183990478516
Hum_XLOC_004762,MDA-MB-231,0.0,0.4472540318965912
Hum_XLOC_004771,MDA-MB-231,0.0,0.3577389717102051
Hum_XLOC_004777,MDA-MB-231,0.0,0.36411353945732117
Hum_XLOC_004788,MDA-MB-231,0.0,0.3691404461860657
Hum_XLOC_004791,MDA-MB-231,0.0,0.36713117361068726
Hum_XLOC_004795,MDA-MB-231,0.0,0.3267899453639984
Hum_XLOC_004803,MDA-MB-231,0.0,0.35466161370277405
Hum_XLOC_004805,MDA-MB-231,0.0,0.3383215367794037
Hum_XLOC_004813,MDA-MB-231,0.0,0.35837021470069885
Hum_XLOC_004815,MDA-MB-231,0.0,0.34414640069007874
Hum_XLOC_004822,MDA-MB-231,0.0,0.3336579501628876
Hum_XLOC_004823,MDA-MB-231,0.0,0.34867045283317566
Hum_XLOC_004827,MDA-MB-231,0.0,0.2964548170566559
Hum_XLOC_004837,MDA-MB-231,0.0,0.35689496994018555
Hum_XLOC_004839,MDA-MB-231,0.0,0.4083802103996277
Hum_XLOC_004855,MDA-MB-231,0.0,0.4140937328338623
Hum_XLOC_004874,MDA-MB-231,0.0,0.3673863708972931
Hum_XLOC_004875,MDA-MB-231,0.0,0.3486807346343994
Hum_XLOC_004878,MDA-MB-231,0.0,0.33852478861808777
Hum_XLOC_004884,MDA-MB-231,1.0,0.3095114529132843
Hum_XLOC_004911,MDA-MB-231,0.0,0.35676345229148865
Hum_XLOC_004915,MDA-MB-231,0.0,0.3773025572299957
Hum_XLOC_004927,MDA-MB-231,1.0,0.3618609309196472
Hum_XLOC_004929,MDA-MB-231,0.0,0.41769471764564514
Hum_XLOC_004936,MDA-MB-231,0.0,0.35689935088157654
Hum_XLOC_004957,MDA-MB-231,0.0,0.23655997216701508
Hum_XLOC_004960,MDA-MB-231,0.0,0.3436981737613678
Hum_XLOC_004965,MDA-MB-231,0.0,0.3815705180168152
Hum_XLOC_000006,THP1,0.0,0.44403719902038574
Hum_XLOC_000008,THP1,0.0,0.4442308843135834
Hum_XLOC_000016,THP1,0.0,0.5517865419387817
Hum_XLOC_000030,THP1,0.0,0.5524893999099731
Hum_XLOC_000033,THP1,0.0,0.5106647610664368
Hum_XLOC_000039,THP1,0.0,0.5408382415771484
Hum_XLOC_000053,THP1,0.0,0.5348228812217712
Hum_XLOC_000057,THP1,0.0,0.5116769075393677
Hum_XLOC_000060,THP1,0.0,0.543471097946167
Hum_XLOC_000080,THP1,0.0,0.4665011167526245
Hum_XLOC_000094,THP1,0.0,0.4696112871170044
Hum_XLOC_000100,THP1,0.0,0.49156904220581055
Hum_XLOC_000105,THP1,0.0,0.4159087836742401
Hum_XLOC_000107,THP1,0.0,0.41485920548439026
Hum_XLOC_000111,THP1,0.0,0.4671085476875305
Hum_XLOC_000134,THP1,0.0,0.452278196811676
Hum_XLOC_000143,THP1,0.0,0.5139043927192688
Hum_XLOC_000145,THP1,0.0,0.5300238728523254
Hum_XLOC_000149,THP1,0.0,0.4866766631603241
Hum_XLOC_000155,THP1,0.0,0.4127502739429474
Hum_XLOC_000169,THP1,0.0,0.4622294306755066
Hum_XLOC_000170,THP1,0.0,0.5190645456314087
Hum_XLOC_000194,THP1,0.0,0.48011314868927
Hum_XLOC_000201,THP1,0.0,0.4702361226081848
Hum_XLOC_000231,THP1,0.0,0.5063205361366272
Hum_XLOC_000233,THP1,0.0,0.5621526837348938
Hum_XLOC_000245,THP1,0.0,0.4838874936103821
Hum_XLOC_000247,THP1,0.0,0.554310142993927
Hum_XLOC_000248,THP1,0.0,0.508550763130188
Hum_XLOC_000265,THP1,0.0,0.45903080701828003
Hum_XLOC_000282,THP1,0.0,0.4689670205116272
Hum_XLOC_000286,THP1,0.0,0.4771103262901306
Hum_XLOC_000292,THP1,0.0,0.48425623774528503
Hum_XLOC_000307,THP1,0.0,0.4411296546459198
Hum_XLOC_000308,THP1,0.0,0.4296179413795471
Hum_XLOC_000312,THP1,0.0,0.5731068253517151
Hum_XLOC_000314,THP1,0.0,0.3660266697406769
Hum_XLOC_000317,THP1,0.0,0.40761494636535645
Hum_XLOC_000319,THP1,0.0,0.46971234679222107
Hum_XLOC_000332,THP1,0.0,0.5294733047485352
Hum_XLOC_000338,THP1,1.0,0.4621858298778534
Hum_XLOC_000342,THP1,0.0,0.53989577293396
Hum_XLOC_000345,THP1,0.0,0.5248786807060242
Hum_XLOC_000362,THP1,0.0,0.4749946594238281
Hum_XLOC_000377,THP1,0.0,0.47635164856910706
Hum_XLOC_000390,THP1,0.0,0.45991310477256775
Hum_XLOC_000394,THP1,0.0,0.4987765848636627
Hum_XLOC_000411,THP1,0.0,0.44897034764289856
Hum_XLOC_000415,THP1,0.0,0.5535802841186523
Hum_XLOC_000430,THP1,0.0,0.4009096920490265
Hum_XLOC_000436,THP1,1.0,0.4787869453430176
Hum_XLOC_000437,THP1,0.0,0.5085387229919434
Hum_XLOC_000456,THP1,1.0,0.4960360825061798
Hum_XLOC_000461,THP1,0.0,0.4968113601207733
Hum_XLOC_000462,THP1,0.0,0.46897199749946594
Hum_XLOC_000465,THP1,0.0,0.4404539167881012
Hum_XLOC_000472,THP1,0.0,0.45520228147506714
Hum_XLOC_000474,THP1,0.0,0.43428340554237366
Hum_XLOC_000478,THP1,0.0,0.49773967266082764
Hum_XLOC_000486,THP1,0.0,0.42340049147605896
Hum_XLOC_000490,THP1,0.0,0.4550039768218994
Hum_XLOC_000498,THP1,0.0,0.4687066078186035
Hum_XLOC_000500,THP1,0.0,0.5143330693244934
Hum_XLOC_000510,THP1,0.0,0.5082888007164001
Hum_XLOC_000535,THP1,0.0,0.526711642742157
Hum_XLOC_000540,THP1,0.0,0.41807782649993896
Hum_XLOC_000556,THP1,0.0,0.4870810806751251
Hum_XLOC_000574,THP1,0.0,0.44871872663497925
Hum_XLOC_000575,THP1,0.0,0.4379028081893921
Hum_XLOC_000582,THP1,0.0,0.45296669006347656
Hum_XLOC_000590,THP1,0.0,0.41162237524986267
Hum_XLOC_000601,THP1,0.0,0.5080891847610474
Hum_XLOC_000604,THP1,0.0,0.4254146218299866
Hum_XLOC_000608,THP1,0.0,0.4584594666957855
Hum_XLOC_000612,THP1,0.0,0.44913992285728455
Hum_XLOC_000636,THP1,1.0,0.43535110354423523
Hum_XLOC_000638,THP1,0.0,0.5529754757881165
Hum_XLOC_000641,THP1,0.0,0.44490787386894226
Hum_XLOC_000655,THP1,0.0,0.49103137850761414
Hum_XLOC_000668,THP1,0.0,0.430561363697052
Hum_XLOC_000680,THP1,0.0,0.40497300028800964
Hum_XLOC_000681,THP1,0.0,0.43162980675697327
Hum_XLOC_000695,THP1,0.0,0.4210691452026367
Hum_XLOC_000702,THP1,0.0,0.5043731331825256
Hum_XLOC_000726,THP1,0.0,0.47582510113716125
Hum_XLOC_000727,THP1,0.0,0.37011080980300903
Hum_XLOC_000758,THP1,0.0,0.3869682550430298
Hum_XLOC_000773,THP1,0.0,0.40741395950317383
Hum_XLOC_000774,THP1,0.0,0.45007169246673584
Hum_XLOC_000797,THP1,0.0,0.43083685636520386
Hum_XLOC_000799,THP1,0.0,0.48995399475097656
Hum_XLOC_000800,THP1,0.0,0.4278540015220642
Hum_XLOC_000807,THP1,0.0,0.43962737917900085
Hum_XLOC_000818,THP1,0.0,0.4505698084831238
Hum_XLOC_000828,THP1,0.0,0.412414014339447
Hum_XLOC_000831,THP1,0.0,0.3847534954547882
Hum_XLOC_000835,THP1,0.0,0.4371359944343567
Hum_XLOC_000840,THP1,0.0,0.41675761342048645
Hum_XLOC_000841,THP1,0.0,0.4298153817653656
Hum_XLOC_000842,THP1,0.0,0.35404160618782043
Hum_XLOC_000854,THP1,0.0,0.44742000102996826
Hum_XLOC_000855,THP1,0.0,0.3877216577529907
Hum_XLOC_000883,THP1,0.0,0.365331768989563
Hum_XLOC_000885,THP1,0.0,0.40150490403175354
Hum_XLOC_000905,THP1,0.0,0.4034649729728699
Hum_XLOC_000917,THP1,0.0,0.4046553075313568
Hum_XLOC_000925,THP1,0.0,0.41665101051330566
Hum_XLOC_000944,THP1,0.0,0.421877384185791
Hum_XLOC_000949,THP1,0.0,0.3622627556324005
Hum_XLOC_000953,THP1,0.0,0.38377058506011963
Hum_XLOC_000964,THP1,0.0,0.39858976006507874
Hum_XLOC_000990,THP1,0.0,0.38629159331321716
Hum_XLOC_000994,THP1,0.0,0.40139031410217285
Hum_XLOC_001020,THP1,0.0,0.46272528171539307
Hum_XLOC_001029,THP1,0.0,0.43719786405563354
Hum_XLOC_001066,THP1,0.0,0.3972011208534241
Hum_XLOC_001120,THP1,0.0,0.45608770847320557
Hum_XLOC_001121,THP1,0.0,0.42146456241607666
Hum_XLOC_001122,THP1,0.0,0.5005594491958618
Hum_XLOC_001125,THP1,0.0,0.5160735249519348
Hum_XLOC_001132,THP1,0.0,0.48925817012786865
Hum_XLOC_001138,THP1,0.0,0.44879525899887085
Hum_XLOC_001144,THP1,0.0,0.38839417695999146
Hum_XLOC_001146,THP1,0.0,0.42576688528060913
Hum_XLOC_001188,THP1,1.0,0.4066491723060608
Hum_XLOC_001191,THP1,0.0,0.353571355342865
Hum_XLOC_001192,THP1,0.0,0.4248109757900238
Hum_XLOC_001217,THP1,0.0,0.34280237555503845
Hum_XLOC_001222,THP1,0.0,0.3766832649707794
Hum_XLOC_001228,THP1,0.0,0.5407005548477173
Hum_XLOC_001230,THP1,0.0,0.41025465726852417
Hum_XLOC_001237,THP1,0.0,0.45451149344444275
Hum_XLOC_001243,THP1,0.0,0.43745821714401245
Hum_XLOC_001275,THP1,0.0,0.41929009556770325
Hum_XLOC_001279,THP1,0.0,0.409944623708725
Hum_XLOC_001291,THP1,0.0,0.4627065658569336
Hum_XLOC_001296,THP1,0.0,0.4291089177131653
Hum_XLOC_001297,THP1,0.0,0.47646698355674744
Hum_XLOC_001309,THP1,0.0,0.44124066829681396
Hum_XLOC_001329,THP1,0.0,0.3705472946166992
Hum_XLOC_001330,THP1,0.0,0.4569389522075653
Hum_XLOC_001355,THP1,0.0,0.42249053716659546
Hum_XLOC_001366,THP1,0.0,0.4770728051662445
Hum_XLOC_001367,THP1,0.0,0.375417023897171
Hum_XLOC_001375,THP1,0.0,0.42510664463043213
Hum_XLOC_001390,THP1,0.0,0.4773673415184021
Hum_XLOC_001405,THP1,0.0,0.47091734409332275
Hum_XLOC_001461,THP1,0.0,0.38447198271751404
Hum_XLOC_001465,THP1,0.0,0.42396801710128784
Hum_XLOC_001488,THP1,0.0,0.527767539024353
Hum_XLOC_001490,THP1,0.0,0.6003772020339966
Hum_XLOC_001509,THP1,1.0,0.476514995098114
Hum_XLOC_001516,THP1,0.0,0.48066461086273193
Hum_XLOC_001532,THP1,0.0,0.46050646901130676
Hum_XLOC_001539,THP1,0.0,0.4202607572078705
Hum_XLOC_001541,THP1,0.0,0.45640262961387634
Hum_XLOC_001542,THP1,0.0,0.4647071957588196
Hum_XLOC_001548,THP1,0.0,0.48612117767333984
Hum_XLOC_001559,THP1,0.0,0.4074009954929352
Hum_XLOC_001565,THP1,0.0,0.5129994750022888
Hum_XLOC_001566,THP1,0.0,0.48262137174606323
Hum_XLOC_001575,THP1,0.0,0.47690844535827637
Hum_XLOC_001580,THP1,0.0,0.43564799427986145
Hum_XLOC_001590,THP1,0.0,0.4164513945579529
Hum_XLOC_001615,THP1,1.0,0.519741415977478
Hum_XLOC_001624,THP1,0.0,0.4986811578273773
Hum_XLOC_001639,THP1,0.0,0.4401963949203491
Hum_XLOC_001661,THP1,0.0,0.4365242123603821
Hum_XLOC_001666,THP1,0.0,0.34823423624038696
Hum_XLOC_001668,THP1,0.0,0.43508660793304443
Hum_XLOC_001688,THP1,0.0,0.4060576260089874
Hum_XLOC_001689,THP1,0.0,0.39893412590026855
Hum_XLOC_001695,THP1,0.0,0.4878270626068115
Hum_XLOC_001696,THP1,0.0,0.5002903938293457
Hum_XLOC_001698,THP1,0.0,0.3951302170753479
Hum_XLOC_001707,THP1,0.0,0.4355422258377075
Hum_XLOC_001760,THP1,0.0,0.40424543619155884
Hum_XLOC_001761,THP1,0.0,0.4095538854598999
Hum_XLOC_001773,THP1,0.0,0.47378137707710266
Hum_XLOC_001775,THP1,0.0,0.43324288725852966
Hum_XLOC_001779,THP1,0.0,0.6016832590103149
Hum_XLOC_001783,THP1,0.0,0.41701313853263855
Hum_XLOC_001791,THP1,0.0,0.45044034719467163
Hum_XLOC_001805,THP1,0.0,0.47178930044174194
Hum_XLOC_001809,THP1,0.0,0.394290566444397
Hum_XLOC_001848,THP1,0.0,0.46029412746429443
Hum_XLOC_001919,THP1,0.0,0.3533642888069153
Hum_XLOC_001941,THP1,0.0,0.4497368633747101
Hum_XLOC_001942,THP1,0.0,0.4349801540374756
Hum_XLOC_001949,THP1,0.0,0.37115901708602905
Hum_XLOC_001950,THP1,0.0,0.4291832149028778
Hum_XLOC_001953,THP1,0.0,0.41004693508148193
Hum_XLOC_001957,THP1,0.0,0.41486406326293945
Hum_XLOC_001961,THP1,1.0,0.43559959530830383
Hum_XLOC_001969,THP1,0.0,0.43510010838508606
Hum_XLOC_002024,THP1,0.0,0.43195343017578125
Hum_XLOC_002028,THP1,0.0,0.456217497587204
Hum_XLOC_002033,THP1,0.0,0.44563859701156616
Hum_XLOC_002036,THP1,0.0,0.4995158314704895
Hum_XLOC_002037,THP1,0.0,0.4758847653865814
Hum_XLOC_002041,THP1,0.0,0.4363057315349579
Hum_XLOC_002059,THP1,0.0,0.5422609448432922
Hum_XLOC_002061,THP1,0.0,0.461093932390213
Hum_XLOC_002068,THP1,0.0,0.3807987570762634
Hum_XLOC_002081,THP1,0.0,0.46404802799224854
Hum_XLOC_002093,THP1,0.0,0.4400884211063385
Hum_XLOC_002099,THP1,0.0,0.4445689916610718
Hum_XLOC_002144,THP1,0.0,0.49416929483413696
Hum_XLOC_002150,THP1,0.0,0.3569110035896301
Hum_XLOC_002152,THP1,0.0,0.410483181476593
Hum_XLOC_002154,THP1,0.0,0.44191792607307434
Hum_XLOC_002169,THP1,1.0,0.40081825852394104
Hum_XLOC_002170,THP1,0.0,0.46620404720306396
Hum_XLOC_002176,THP1,0.0,0.4555976092815399
Hum_XLOC_002178,THP1,0.0,0.4289310574531555
Hum_XLOC_002186,THP1,0.0,0.4213377833366394
Hum_XLOC_002204,THP1,0.0,0.3997739851474762
Hum_XLOC_002205,THP1,0.0,0.40412473678588867
Hum_XLOC_002219,THP1,0.0,0.3930146396160126
Hum_XLOC_002244,THP1,0.0,0.41301771998405457
Hum_XLOC_002252,THP1,0.0,0.45051705837249756
Hum_XLOC_002261,THP1,0.0,0.3877866864204407
Hum_XLOC_002262,THP1,0.0,0.37086063623428345
Hum_XLOC_002265,THP1,0.0,0.441109836101532
Hum_XLOC_002271,THP1,0.0,0.4220869839191437
Hum_XLOC_002280,THP1,0.0,0.4703971743583679
Hum_XLOC_002282,THP1,0.0,0.3677748739719391
Hum_XLOC_002283,THP1,0.0,0.4504758417606354
Hum_XLOC_002284,THP1,0.0,0.5758201479911804
Hum_XLOC_002294,THP1,0.0,0.45068755745887756
Hum_XLOC_002296,THP1,0.0,0.3793671727180481
Hum_XLOC_002299,THP1,0.0,0.49669721722602844
Hum_XLOC_002301,THP1,0.0,0.5180438160896301
Hum_XLOC_002306,THP1,0.0,0.48562029004096985
Hum_XLOC_002311,THP1,0.0,0.4388135075569153
Hum_XLOC_002313,THP1,0.0,0.48759761452674866
Hum_XLOC_002314,THP1,0.0,0.542759895324707
Hum_XLOC_002327,THP1,0.0,0.529595673084259
Hum_XLOC_002330,THP1,0.0,0.44970372319221497
Hum_XLOC_002338,THP1,0.0,0.4530344009399414
Hum_XLOC_002344,THP1,0.0,0.48373717069625854
Hum_XLOC_002347,THP1,0.0,0.34551626443862915
Hum_XLOC_002348,THP1,0.0,0.3703940808773041
Hum_XLOC_002362,THP1,0.0,0.43510890007019043
Hum_XLOC_002364,THP1,0.0,0.4100218713283539
Hum_XLOC_002383,THP1,0.0,0.34768736362457275
Hum_XLOC_002386,THP1,0.0,0.44574305415153503
Hum_XLOC_002390,THP1,0.0,0.5691658854484558
Hum_XLOC_002394,THP1,0.0,0.4064633250236511
Hum_XLOC_002398,THP1,0.0,0.40675806999206543
Hum_XLOC_002399,THP1,0.0,0.47089245915412903
Hum_XLOC_002408,THP1,0.0,0.37185120582580566
Hum_XLOC_002414,THP1,0.0,0.43742847442626953
Hum_XLOC_002418,THP1,0.0,0.3999575972557068
Hum_XLOC_002435,THP1,0.0,0.38789862394332886
Hum_XLOC_002440,THP1,0.0,0.5322047472000122
Hum_XLOC_002489,THP1,0.0,0.4171510338783264
Hum_XLOC_002490,THP1,0.0,0.3035566508769989
Hum_XLOC_002493,THP1,0.0,0.4542710483074188
Hum_XLOC_002520,THP1,0.0,0.5429003834724426
Hum_XLOC_002524,THP1,0.0,0.5414018034934998
Hum_XLOC_002546,THP1,0.0,0.5187842845916748
Hum_XLOC_002560,THP1,0.0,0.5039018988609314
Hum_XLOC_002570,THP1,0.0,0.5447533130645752
Hum_XLOC_002577,THP1,0.0,0.5322607159614563
Hum_XLOC_002579,THP1,0.0,0.44600754976272583
Hum_XLOC_002586,THP1,0.0,0.3419414162635803
Hum_XLOC_002589,THP1,0.0,0.4677410423755646
Hum_XLOC_002629,THP1,0.0,0.46075719594955444
Hum_XLOC_002631,THP1,0.0,0.4416627287864685
Hum_XLOC_002635,THP1,0.0,0.4197543263435364
Hum_XLOC_002644,THP1,0.0,0.45719489455223083
Hum_XLOC_002646,THP1,0.0,0.46450185775756836
Hum_XLOC_002653,THP1,0.0,0.4044229984283447
Hum_XLOC_002681,THP1,0.0,0.475410133600235
Hum_XLOC_002695,THP1,0.0,0.4563511312007904
Hum_XLOC_002702,THP1,0.0,0.4613127112388611
Hum_XLOC_002705,THP1,0.0,0.4478338062763214
Hum_XLOC_002711,THP1,0.0,0.46360376477241516
Hum_XLOC_002714,THP1,0.0,0.45681554079055786
Hum_XLOC_002717,THP1,0.0,0.4675907492637634
Hum_XLOC_002725,THP1,0.0,0.5817417502403259
Hum_XLOC_002741,THP1,0.0,0.5455044507980347
Hum_XLOC_002742,THP1,0.0,0.4163355231285095
Hum_XLOC_002744,THP1,0.0,0.4849673807621002
Hum_XLOC_002760,THP1,0.0,0.5145639777183533
Hum_XLOC_002788,THP1,0.0,0.5324573516845703
Hum_XLOC_002792,THP1,0.0,0.4897562563419342
Hum_XLOC_002796,THP1,0.0,0.4934208393096924
Hum_XLOC_002817,THP1,0.0,0.4542815685272217
Hum_XLOC_002836,THP1,1.0,0.42111924290657043
Hum_XLOC_002844,THP1,0.0,0.4236619472503662
Hum_XLOC_002845,THP1,0.0,0.47236067056655884
Hum_XLOC_002859,THP1,0.0,0.394876629114151
Hum_XLOC_002889,THP1,0.0,0.48252376914024353
Hum_XLOC_002911,THP1,0.0,0.5369773507118225
Hum_XLOC_002935,THP1,1.0,0.46467095613479614
Hum_XLOC_002937,THP1,0.0,0.438373863697052
Hum_XLOC_002967,THP1,0.0,0.41313520073890686
Hum_XLOC_002983,THP1,0.0,0.42913109064102173
Hum_XLOC_002986,THP1,0.0,0.5258793234825134
Hum_XLOC_002990,THP1,0.0,0.5190242528915405
Hum_XLOC_003039,THP1,0.0,0.44198936223983765
Hum_XLOC_003061,THP1,0.0,0.5095121264457703
Hum_XLOC_003086,THP1,1.0,0.4852020740509033
Hum_XLOC_003099,THP1,0.0,0.39393383264541626
Hum_XLOC_003109,THP1,1.0,0.5025995373725891
Hum_XLOC_003128,THP1,0.0,0.52275151014328
Hum_XLOC_003134,THP1,0.0,0.47088292241096497
Hum_XLOC_003137,THP1,0.0,0.4361630976200104
Hum_XLOC_003154,THP1,0.0,0.4627080261707306
Hum_XLOC_003155,THP1,0.0,0.5130705833435059
Hum_XLOC_003171,THP1,0.0,0.4497387409210205
Hum_XLOC_003209,THP1,0.0,0.4398941099643707
Hum_XLOC_003215,THP1,0.0,0.5007645487785339
Hum_XLOC_003221,THP1,0.0,0.37573087215423584
Hum_XLOC_003232,THP1,0.0,0.4386863708496094
Hum_XLOC_003268,THP1,0.0,0.4663770794868469
Hum_XLOC_003269,THP1,0.0,0.46615079045295715
Hum_XLOC_003286,THP1,0.0,0.5024301409721375
Hum_XLOC_003290,THP1,0.0,0.38923317193984985
Hum_XLOC_003294,THP1,0.0,0.38216376304626465
Hum_XLOC_003321,THP1,0.0,0.47167807817459106
Hum_XLOC_003324,THP1,0.0,0.4009486734867096
Hum_XLOC_003334,THP1,0.0,0.3870823085308075
Hum_XLOC_003337,THP1,0.0,0.3853060007095337
Hum_XLOC_003338,THP1,0.0,0.36281201243400574
Hum_XLOC_003352,THP1,0.0,0.5541402697563171
Hum_XLOC_003357,THP1,0.0,0.42685452103614807
Hum_XLOC_003361,THP1,0.0,0.4332086741924286
Hum_XLOC_003371,THP1,0.0,0.39186498522758484
Hum_XLOC_003381,THP1,0.0,0.4029771387577057
Hum_XLOC_003408,THP1,0.0,0.3731948435306549
Hum_XLOC_003436,THP1,0.0,0.32625460624694824
Hum_XLOC_003440,THP1,0.0,0.3838936686515808
Hum_XLOC_003450,THP1,0.0,0.540582537651062
Hum_XLOC_003466,THP1,0.0,0.46885618567466736
Hum_XLOC_003488,THP1,0.0,0.40051811933517456
Hum_XLOC_003491,THP1,0.0,0.3881649076938629
Hum_XLOC_003497,THP1,0.0,0.4217061400413513
Hum_XLOC_003498,THP1,0.0,0.395822137594223
Hum_XLOC_003502,THP1,0.0,0.4245876967906952
Hum_XLOC_003518,THP1,0.0,0.43280309438705444
Hum_XLOC_003532,THP1,0.0,0.4383181929588318
Hum_XLOC_003543,THP1,0.0,0.5326305031776428
Hum_XLOC_003554,THP1,1.0,0.4168227016925812
Hum_XLOC_003563,THP1,0.0,0.44420772790908813
Hum_XLOC_003567,THP1,0.0,0.40451520681381226
Hum_XLOC_003568,THP1,0.0,0.38898634910583496
Hum_XLOC_003570,THP1,0.0,0.3413054943084717
Hum_XLOC_003571,THP1,0.0,0.3873409032821655
Hum_XLOC_003593,THP1,0.0,0.41135790944099426
Hum_XLOC_003594,THP1,0.0,0.4918847680091858
Hum_XLOC_003598,THP1,0.0,0.3553645610809326
Hum_XLOC_003626,THP1,0.0,0.35604456067085266
Hum_XLOC_003628,THP1,1.0,0.38978803157806396
Hum_XLOC_003630,THP1,0.0,0.43512940406799316
Hum_XLOC_003641,THP1,0.0,0.4846278727054596
Hum_XLOC_003662,THP1,0.0,0.4814373254776001
Hum_XLOC_003665,THP1,0.0,0.5031927824020386
Hum_XLOC_003672,THP1,0.0,0.4477545917034149
Hum_XLOC_003673,THP1,0.0,0.40027302503585815
Hum_XLOC_003674,THP1,0.0,0.48793914914131165
Hum_XLOC_003676,THP1,0.0,0.45636433362960815
Hum_XLOC_003686,THP1,0.0,0.373344749212265
Hum_XLOC_003697,THP1,0.0,0.43679019808769226
Hum_XLOC_003717,THP1,0.0,0.40723755955696106
Hum_XLOC_003725,THP1,0.0,0.44346585869789124
Hum_XLOC_003743,THP1,0.0,0.4537000060081482
Hum_XLOC_003754,THP1,0.0,0.4763074219226837
Hum_XLOC_003766,THP1,0.0,0.5650321841239929
Hum_XLOC_003775,THP1,0.0,0.5167962908744812
Hum_XLOC_003790,THP1,0.0,0.4387626647949219
Hum_XLOC_003799,THP1,0.0,0.4123688340187073
Hum_XLOC_003853,THP1,0.0,0.44233056902885437
Hum_XLOC_003865,THP1,0.0,0.4157097637653351
Hum_XLOC_003871,THP1,0.0,0.4686991274356842
Hum_XLOC_003891,THP1,0.0,0.5413941144943237
Hum_XLOC_003892,THP1,1.0,0.48150452971458435
Hum_XLOC_003910,THP1,0.0,0.5861920714378357
Hum_XLOC_003911,THP1,0.0,0.5056740641593933
Hum_XLOC_003952,THP1,0.0,0.4669470191001892
Hum_XLOC_003971,THP1,0.0,0.42894670367240906
Hum_XLOC_003988,THP1,0.0,0.41616660356521606
Hum_XLOC_004020,THP1,0.0,0.4383389949798584
Hum_XLOC_004035,THP1,0.0,0.5075659155845642
Hum_XLOC_004036,THP1,0.0,0.5899883508682251
Hum_XLOC_004048,THP1,0.0,0.4233148992061615
Hum_XLOC_004068,THP1,0.0,0.39681604504585266
Hum_XLOC_004069,THP1,0.0,0.3795909881591797
Hum_XLOC_004095,THP1,0.0,0.5136926174163818
Hum_XLOC_004096,THP1,0.0,0.5574715733528137
Hum_XLOC_004116,THP1,0.0,0.543064296245575
Hum_XLOC_004123,THP1,0.0,0.45786455273628235
Hum_XLOC_004134,THP1,0.0,0.35405823588371277
Hum_XLOC_004161,THP1,0.0,0.3824397623538971
Hum_XLOC_004168,THP1,0.0,0.4317047894001007
Hum_XLOC_004169,THP1,0.0,0.43146517872810364
Hum_XLOC_004177,THP1,0.0,0.425874263048172
Hum_XLOC_004200,THP1,0.0,0.4269956648349762
Hum_XLOC_004201,THP1,0.0,0.4449114501476288
Hum_XLOC_004219,THP1,0.0,0.4087480902671814
Hum_XLOC_004226,THP1,0.0,0.42809951305389404
Hum_XLOC_004227,THP1,0.0,0.4489530026912689
Hum_XLOC_004236,THP1,0.0,0.3985982835292816
Hum_XLOC_004254,THP1,1.0,0.509922444820404
Hum_XLOC_004255,THP1,0.0,0.5413960218429565
Hum_XLOC_004262,THP1,1.0,0.44705930352211
Hum_XLOC_004269,THP1,0.0,0.4116930365562439
Hum_XLOC_004277,THP1,0.0,0.4657284617424011
Hum_XLOC_004278,THP1,0.0,0.3865278363227844
Hum_XLOC_004282,THP1,0.0,0.4668051600456238
Hum_XLOC_004287,THP1,0.0,0.4512481689453125
Hum_XLOC_004293,THP1,0.0,0.4836447834968567
Hum_XLOC_004302,THP1,0.0,0.5046223402023315
Hum_XLOC_004303,THP1,0.0,0.4379644989967346
Hum_XLOC_004306,THP1,0.0,0.3724583387374878
Hum_XLOC_004309,THP1,0.0,0.49234911799430847
Hum_XLOC_004314,THP1,0.0,0.45823362469673157
Hum_XLOC_004317,THP1,0.0,0.5201630592346191
Hum_XLOC_004336,THP1,1.0,0.42363566160202026
Hum_XLOC_004343,THP1,0.0,0.4580080509185791
Hum_XLOC_004350,THP1,0.0,0.4568527638912201
Hum_XLOC_004361,THP1,0.0,0.3899703323841095
Hum_XLOC_004363,THP1,0.0,0.4030924141407013
Hum_XLOC_004401,THP1,0.0,0.34770870208740234
Hum_XLOC_004405,THP1,0.0,0.2713157534599304
Hum_XLOC_004407,THP1,0.0,0.3820995092391968
Hum_XLOC_004424,THP1,0.0,0.4923839867115021
Hum_XLOC_004437,THP1,0.0,0.3831384479999542
Hum_XLOC_004446,THP1,0.0,0.47464168071746826
Hum_XLOC_004457,THP1,0.0,0.46946829557418823
Hum_XLOC_004482,THP1,0.0,0.48160961270332336
Hum_XLOC_004502,THP1,0.0,0.45178279280662537
Hum_XLOC_004515,THP1,0.0,0.44592419266700745
Hum_XLOC_004529,THP1,0.0,0.4063149690628052
Hum_XLOC_004535,THP1,0.0,0.44064730405807495
Hum_XLOC_004553,THP1,0.0,0.5135331153869629
Hum_XLOC_004566,THP1,0.0,0.4269559383392334
Hum_XLOC_004567,THP1,0.0,0.4315812587738037
Hum_XLOC_004572,THP1,1.0,0.491634726524353
Hum_XLOC_004578,THP1,0.0,0.41332149505615234
Hum_XLOC_004580,THP1,0.0,0.40216031670570374
Hum_XLOC_004581,THP1,0.0,0.4442134201526642
Hum_XLOC_004587,THP1,0.0,0.4751878082752228
Hum_XLOC_004600,THP1,0.0,0.5393433570861816
Hum_XLOC_004601,THP1,0.0,0.4882875382900238
Hum_XLOC_004607,THP1,0.0,0.45110782980918884
Hum_XLOC_004617,THP1,0.0,0.44312798976898193
Hum_XLOC_004619,THP1,0.0,0.4606238901615143
Hum_XLOC_004620,THP1,0.0,0.5314064025878906
Hum_XLOC_004632,THP1,0.0,0.4422062337398529
Hum_XLOC_004636,THP1,0.0,0.5423693060874939
Hum_XLOC_004652,THP1,0.0,0.42645183205604553
Hum_XLOC_004653,THP1,0.0,0.41671255230903625
Hum_XLOC_004657,THP1,0.0,0.5056270956993103
Hum_XLOC_004661,THP1,0.0,0.41187793016433716
Hum_XLOC_004683,THP1,0.0,0.3782270550727844
Hum_XLOC_004684,THP1,0.0,0.4462790787220001
Hum_XLOC_004688,THP1,0.0,0.40876665711402893
Hum_XLOC_004689,THP1,0.0,0.39315831661224365
Hum_XLOC_004705,THP1,0.0,0.3934180438518524
Hum_XLOC_004717,THP1,0.0,0.47409576177597046
Hum_XLOC_004718,THP1,0.0,0.42722442746162415
Hum_XLOC_004733,THP1,0.0,0.44620510935783386
Hum_XLOC_004741,THP1,0.0,0.40727487206459045
Hum_XLOC_004762,THP1,0.0,0.525512158870697
Hum_XLOC_004771,THP1,0.0,0.43259236216545105
Hum_XLOC_004777,THP1,0.0,0.43938830494880676
Hum_XLOC_004788,THP1,0.0,0.4447275698184967
Hum_XLOC_004791,THP1,0.0,0.44259554147720337
Hum_XLOC_004795,THP1,0.0,0.39919260144233704
Hum_XLOC_004803,THP1,0.0,0.42930155992507935
Hum_XLOC_004805,THP1,0.0,0.4117165505886078
Hum_XLOC_004813,THP1,0.0,0.43326660990715027
Hum_XLOC_004815,THP1,0.0,0.4180067479610443
Hum_XLOC_004822,THP1,0.0,0.40666306018829346
Hum_XLOC_004823,THP1,0.0,0.4228757321834564
Hum_XLOC_004827,THP1,0.0,0.3657883405685425
Hum_XLOC_004837,THP1,0.0,0.4316904842853546
Hum_XLOC_004839,THP1,0.0,0.48581475019454956
Hum_XLOC_004855,THP1,0.0,0.49171119928359985
Hum_XLOC_004874,THP1,0.0,0.4428665041923523
Hum_XLOC_004875,THP1,0.0,0.42288681864738464
Hum_XLOC_004878,THP1,0.0,0.4119364619255066
Hum_XLOC_004884,THP1,0.0,0.38024815917015076
Hum_XLOC_004911,THP1,0.0,0.43154987692832947
Hum_XLOC_004915,THP1,1.0,0.4533599615097046
Hum_XLOC_004927,THP1,0.0,0.43699005246162415
Hum_XLOC_004929,THP1,0.0,0.4954164922237396
Hum_XLOC_004936,THP1,0.0,0.43169519305229187
Hum_XLOC_004957,THP1,0.0,0.2978151738643646
Hum_XLOC_004960,THP1,0.0,0.4175235629081726
Hum_XLOC_004965,THP1,0.0,0.4578556716442108
