target,cell_line,y_pred_proba
Hum_XLOC_000006,HAP1,0.11795733805668018
Hum_XLOC_000008,HAP1,0.7046096474358975
Hum_XLOC_000016,HAP1,0.6442369703103912
Hum_XLOC_000030,HAP1,0.6818133198380567
Hum_XLOC_000033,HAP1,0.4973763596491228
Hum_XLOC_000039,HAP1,0.7977248566126856
Hum_XLOC_000053,HAP1,0.1849279487179487
Hum_XLOC_000057,HAP1,0.7158964524291499
Hum_XLOC_000060,HAP1,0.6854039912280703
Hum_XLOC_000080,HAP1,0.30928001855600545
Hum_XLOC_000094,HAP1,0.8239262044534411
Hum_XLOC_000100,HAP1,0.8178776332658567
Hum_XLOC_000105,HAP1,0.17212983130904183
Hum_XLOC_000107,HAP1,0.19237261133603237
Hum_XLOC_000111,HAP1,0.5475371035762483
Hum_XLOC_000134,HAP1,0.35866538292847505
Hum_XLOC_000143,HAP1,0.8081807000674764
Hum_XLOC_000145,HAP1,0.9120862786774627
Hum_XLOC_000149,HAP1,0.4877894348852901
Hum_XLOC_000155,HAP1,0.7152257759784076
Hum_XLOC_000169,HAP1,0.9022037887989204
Hum_XLOC_000170,HAP1,0.7253804385964914
Hum_XLOC_000194,HAP1,0.8967877496626182
Hum_XLOC_000201,HAP1,0.3271463208502024
Hum_XLOC_000231,HAP1,0.787500052294197
Hum_XLOC_000233,HAP1,0.8168783181511471
Hum_XLOC_000245,HAP1,0.33394184885290146
Hum_XLOC_000247,HAP1,0.553839423076923
Hum_XLOC_000248,HAP1,0.7160514507422402
Hum_XLOC_000265,HAP1,0.7460064355600541
Hum_XLOC_000282,HAP1,0.5257793168016194
Hum_XLOC_000286,HAP1,0.928047233468286
Hum_XLOC_000292,HAP1,0.12856445175438594
Hum_XLOC_000307,HAP1,0.17756104588394062
Hum_XLOC_000308,HAP1,0.469339875168691
Hum_XLOC_000312,HAP1,0.46590143387314437
Hum_XLOC_000314,HAP1,0.2707058248987854
Hum_XLOC_000317,HAP1,0.3367158839406208
Hum_XLOC_000319,HAP1,0.7906532068151148
Hum_XLOC_000332,HAP1,0.8631497604588393
Hum_XLOC_000338,HAP1,0.9934450995276654
Hum_XLOC_000342,HAP1,0.6832274139676114
Hum_XLOC_000345,HAP1,0.21948939271255058
Hum_XLOC_000362,HAP1,0.11310706309041836
Hum_XLOC_000377,HAP1,0.38301326923076917
Hum_XLOC_000390,HAP1,0.47786918690958163
Hum_XLOC_000394,HAP1,0.7222371659919027
Hum_XLOC_000411,HAP1,0.7875377041160594
Hum_XLOC_000415,HAP1,0.6382358046558704
Hum_XLOC_000430,HAP1,0.5413306983805667
Hum_XLOC_000436,HAP1,0.8474914338731444
Hum_XLOC_000437,HAP1,0.8671499358974358
Hum_XLOC_000456,HAP1,0.9700713883265858
Hum_XLOC_000461,HAP1,0.6283907253711201
Hum_XLOC_000462,HAP1,0.6125685880566801
Hum_XLOC_000465,HAP1,0.6650186285425101
Hum_XLOC_000472,HAP1,0.8001129048582996
Hum_XLOC_000474,HAP1,0.369055301956815
Hum_XLOC_000478,HAP1,0.7784044703103914
Hum_XLOC_000486,HAP1,0.22181127192982455
Hum_XLOC_000490,HAP1,0.39646915823211876
Hum_XLOC_000498,HAP1,0.591481314102564
Hum_XLOC_000500,HAP1,0.3587050624156544
Hum_XLOC_000510,HAP1,0.8836528272604587
Hum_XLOC_000535,HAP1,0.5159893640350877
Hum_XLOC_000540,HAP1,0.7564214456815115
Hum_XLOC_000556,HAP1,0.26707719973009447
Hum_XLOC_000574,HAP1,0.4798826737516868
Hum_XLOC_000575,HAP1,0.40350245614035085
Hum_XLOC_000582,HAP1,0.1856994483805668
Hum_XLOC_000590,HAP1,0.5815666481106613
Hum_XLOC_000601,HAP1,0.22995769736842106
Hum_XLOC_000604,HAP1,0.692101850539811
Hum_XLOC_000608,HAP1,0.8101800708502026
Hum_XLOC_000612,HAP1,0.3146130431848853
Hum_XLOC_000636,HAP1,0.8578953863022941
Hum_XLOC_000638,HAP1,0.7183565654520917
Hum_XLOC_000641,HAP1,0.08257636133603238
Hum_XLOC_000655,HAP1,0.8453164574898786
Hum_XLOC_000668,HAP1,0.27185717780026986
Hum_XLOC_000680,HAP1,0.14757984480431846
Hum_XLOC_000681,HAP1,0.5360364962887989
Hum_XLOC_000695,HAP1,0.28110955296896084
Hum_XLOC_000702,HAP1,0.2560144736842105
Hum_XLOC_000726,HAP1,0.7495838917004048
Hum_XLOC_000727,HAP1,0.2463873937246963
Hum_XLOC_000758,HAP1,0.43553653677462884
Hum_XLOC_000773,HAP1,0.4596949156545209
Hum_XLOC_000774,HAP1,0.7249908906882591
Hum_XLOC_000797,HAP1,0.05895509446693657
Hum_XLOC_000799,HAP1,0.5953365772604587
Hum_XLOC_000800,HAP1,0.1547652395411606
Hum_XLOC_000807,HAP1,0.48250022773279355
Hum_XLOC_000818,HAP1,0.7642096659919028
Hum_XLOC_000828,HAP1,0.3967855516194332
Hum_XLOC_000831,HAP1,0.3859501838731444
Hum_XLOC_000835,HAP1,0.7395842526990553
Hum_XLOC_000840,HAP1,0.6257125371120107
Hum_XLOC_000841,HAP1,0.7287409159919028
Hum_XLOC_000842,HAP1,0.144519927462888
Hum_XLOC_000854,HAP1,0.487098915317139
Hum_XLOC_000855,HAP1,0.3112042273954116
Hum_XLOC_000883,HAP1,0.19732992746288802
Hum_XLOC_000885,HAP1,0.07448813427800269
Hum_XLOC_000905,HAP1,0.9277923532388662
Hum_XLOC_000917,HAP1,0.48244658906882587
Hum_XLOC_000925,HAP1,0.5551422520242916
Hum_XLOC_000944,HAP1,0.45050962044534404
Hum_XLOC_000949,HAP1,0.05089121963562754
Hum_XLOC_000953,HAP1,0.22819375337381917
Hum_XLOC_000964,HAP1,0.5232693083670716
Hum_XLOC_000990,HAP1,0.18258645411605937
Hum_XLOC_000994,HAP1,0.6567107540485829
Hum_XLOC_001020,HAP1,0.3362423127530364
Hum_XLOC_001029,HAP1,0.1537183906882591
Hum_XLOC_001066,HAP1,0.4597798717948718
Hum_XLOC_001120,HAP1,0.522183636977058
Hum_XLOC_001121,HAP1,0.7284609952766532
Hum_XLOC_001122,HAP1,0.8989861639676112
Hum_XLOC_001125,HAP1,0.733175600539811
Hum_XLOC_001132,HAP1,0.33887687753036433
Hum_XLOC_001138,HAP1,0.5756560104588394
Hum_XLOC_001144,HAP1,0.3599030246288798
Hum_XLOC_001146,HAP1,0.5428951754385964
Hum_XLOC_001188,HAP1,0.5898604048582996
Hum_XLOC_001191,HAP1,0.34263463225371116
Hum_XLOC_001192,HAP1,0.8724889962887988
Hum_XLOC_001217,HAP1,0.3019132607962214
Hum_XLOC_001222,HAP1,0.03709353576248313
Hum_XLOC_001228,HAP1,0.4290370175438596
Hum_XLOC_001230,HAP1,0.3534659480431849
Hum_XLOC_001237,HAP1,0.1853381798245614
Hum_XLOC_001243,HAP1,0.25748794365722
Hum_XLOC_001275,HAP1,0.42817137483130907
Hum_XLOC_001279,HAP1,0.45343865890688256
Hum_XLOC_001291,HAP1,0.5962666413630229
Hum_XLOC_001296,HAP1,0.4797386032388664
Hum_XLOC_001297,HAP1,0.44461276990553306
Hum_XLOC_001309,HAP1,0.5072835087719297
Hum_XLOC_001329,HAP1,0.552008596491228
Hum_XLOC_001330,HAP1,0.433825701754386
Hum_XLOC_001355,HAP1,0.27911126180836704
Hum_XLOC_001366,HAP1,0.8607326349527664
Hum_XLOC_001367,HAP1,0.5882257658569501
Hum_XLOC_001375,HAP1,0.5745183097165992
Hum_XLOC_001390,HAP1,0.10152281376518218
Hum_XLOC_001405,HAP1,0.10874231275303643
Hum_XLOC_001461,HAP1,0.15916678137651824
Hum_XLOC_001465,HAP1,0.633428822537112
Hum_XLOC_001488,HAP1,0.33314471153846154
Hum_XLOC_001490,HAP1,0.6092140232793521
Hum_XLOC_001509,HAP1,0.6027539962887989
Hum_XLOC_001516,HAP1,0.2693903221997301
Hum_XLOC_001532,HAP1,0.46073110661268546
Hum_XLOC_001539,HAP1,0.8397818218623482
Hum_XLOC_001541,HAP1,0.7546738748313089
Hum_XLOC_001542,HAP1,0.7886479537786774
Hum_XLOC_001548,HAP1,0.8725915553306341
Hum_XLOC_001559,HAP1,0.5681291683535763
Hum_XLOC_001565,HAP1,0.7844285560053982
Hum_XLOC_001566,HAP1,0.5695627597840756
Hum_XLOC_001575,HAP1,0.031885647773279346
Hum_XLOC_001580,HAP1,0.09626355937921727
Hum_XLOC_001590,HAP1,0.7224856545209177
Hum_XLOC_001615,HAP1,0.446734854925776
Hum_XLOC_001624,HAP1,0.7898485610661268
Hum_XLOC_001639,HAP1,0.6062188883265857
Hum_XLOC_001661,HAP1,0.4368561251686909
Hum_XLOC_001666,HAP1,0.07217631410256409
Hum_XLOC_001668,HAP1,0.15687077766531715
Hum_XLOC_001688,HAP1,0.5512787871120108
Hum_XLOC_001689,HAP1,0.8012014777327935
Hum_XLOC_001695,HAP1,0.6325802867746289
Hum_XLOC_001696,HAP1,0.18772514001349525
Hum_XLOC_001698,HAP1,0.750741673414305
Hum_XLOC_001707,HAP1,0.5378020799595141
Hum_XLOC_001760,HAP1,0.6210847435897435
Hum_XLOC_001761,HAP1,0.7994337668690956
Hum_XLOC_001773,HAP1,0.2809197300944669
Hum_XLOC_001775,HAP1,0.4850254318488529
Hum_XLOC_001779,HAP1,0.786203277665317
Hum_XLOC_001783,HAP1,0.5649576804993253
Hum_XLOC_001791,HAP1,0.782827363360324
Hum_XLOC_001805,HAP1,0.45291517543859644
Hum_XLOC_001809,HAP1,0.2214749156545209
Hum_XLOC_001848,HAP1,0.3954510610661268
Hum_XLOC_001919,HAP1,0.6785184733468286
Hum_XLOC_001941,HAP1,0.5542951180836708
Hum_XLOC_001942,HAP1,0.8145829858299596
Hum_XLOC_001949,HAP1,0.05216064102564102
Hum_XLOC_001950,HAP1,0.8617121103238866
Hum_XLOC_001953,HAP1,0.3416855617408907
Hum_XLOC_001957,HAP1,0.5159273616734142
Hum_XLOC_001961,HAP1,0.8855302041160594
Hum_XLOC_001969,HAP1,0.901958782051282
Hum_XLOC_002024,HAP1,0.5086049358974358
Hum_XLOC_002028,HAP1,0.0681699544534413
Hum_XLOC_002033,HAP1,0.5596486504723347
Hum_XLOC_002036,HAP1,0.49521004385964906
Hum_XLOC_002037,HAP1,0.5782663782051283
Hum_XLOC_002041,HAP1,0.2050803188259109
Hum_XLOC_002059,HAP1,0.8189155853576247
Hum_XLOC_002061,HAP1,0.19263421896086372
Hum_XLOC_002068,HAP1,0.13570406545209177
Hum_XLOC_002081,HAP1,0.6656995614035087
Hum_XLOC_002093,HAP1,0.29291445006747635
Hum_XLOC_002099,HAP1,0.12207451417004049
Hum_XLOC_002144,HAP1,0.4665279453441295
Hum_XLOC_002150,HAP1,0.6192638275978407
Hum_XLOC_002152,HAP1,0.4738238461538462
Hum_XLOC_002154,HAP1,0.3085118336707152
Hum_XLOC_002169,HAP1,0.817304132928475
Hum_XLOC_002170,HAP1,0.23756788124156544
Hum_XLOC_002176,HAP1,0.5207158940620783
Hum_XLOC_002178,HAP1,0.11938971828609987
Hum_XLOC_002186,HAP1,0.6718076956815114
Hum_XLOC_002204,HAP1,0.696725435222672
Hum_XLOC_002205,HAP1,0.4889202968960864
Hum_XLOC_002219,HAP1,0.6644675742240216
Hum_XLOC_002244,HAP1,0.5135702918353576
Hum_XLOC_002252,HAP1,0.8096714996626181
Hum_XLOC_002261,HAP1,0.550707601214575
Hum_XLOC_002262,HAP1,0.5878294281376518
Hum_XLOC_002265,HAP1,0.5456061656545208
Hum_XLOC_002271,HAP1,0.8350388900134953
Hum_XLOC_002280,HAP1,0.4335104892037787
Hum_XLOC_002282,HAP1,0.5960482253711201
Hum_XLOC_002283,HAP1,0.8942441093117406
Hum_XLOC_002284,HAP1,0.41153090755735494
Hum_XLOC_002294,HAP1,0.7089660188933873
Hum_XLOC_002296,HAP1,0.5615369888663967
Hum_XLOC_002299,HAP1,0.2658792729419702
Hum_XLOC_002301,HAP1,0.430355556680162
Hum_XLOC_002306,HAP1,0.5705646440620782
Hum_XLOC_002311,HAP1,0.6787815350877194
Hum_XLOC_002313,HAP1,0.4706949105937922
Hum_XLOC_002314,HAP1,0.8863352850877193
Hum_XLOC_002327,HAP1,0.8576174021592441
Hum_XLOC_002330,HAP1,0.45002042004048576
Hum_XLOC_002338,HAP1,0.5819887196356276
Hum_XLOC_002344,HAP1,0.13495216430499327
Hum_XLOC_002347,HAP1,0.7453460661268556
Hum_XLOC_002348,HAP1,0.9037511757759783
Hum_XLOC_002362,HAP1,0.1276892543859649
Hum_XLOC_002364,HAP1,0.6500789423076923
Hum_XLOC_002383,HAP1,0.08168938259109312
Hum_XLOC_002386,HAP1,0.7249456983805668
Hum_XLOC_002390,HAP1,0.8684994281376518
Hum_XLOC_002394,HAP1,0.7491936740890688
Hum_XLOC_002398,HAP1,0.42860859649122807
Hum_XLOC_002399,HAP1,0.17894454284750339
Hum_XLOC_002408,HAP1,0.1567242273954116
Hum_XLOC_002414,HAP1,0.5737195512820512
Hum_XLOC_002418,HAP1,0.276305548245614
Hum_XLOC_002435,HAP1,0.3950865570175438
Hum_XLOC_002440,HAP1,0.5643409632253711
Hum_XLOC_002489,HAP1,0.20768370107962214
Hum_XLOC_002490,HAP1,0.46994991902834005
Hum_XLOC_002493,HAP1,0.24485965080971656
Hum_XLOC_002520,HAP1,0.8849362702429149
Hum_XLOC_002524,HAP1,0.10572848178137652
Hum_XLOC_002546,HAP1,0.2698073431174089
Hum_XLOC_002560,HAP1,0.29849832152496625
Hum_XLOC_002570,HAP1,0.16149220310391366
Hum_XLOC_002577,HAP1,0.12093012989203776
Hum_XLOC_002579,HAP1,0.8032506831983806
Hum_XLOC_002586,HAP1,0.14729376012145748
Hum_XLOC_002589,HAP1,0.7227484244264506
Hum_XLOC_002629,HAP1,0.5559210509446693
Hum_XLOC_002631,HAP1,0.37727494601889333
Hum_XLOC_002635,HAP1,0.032000865384615385
Hum_XLOC_002644,HAP1,0.40379709514170037
Hum_XLOC_002646,HAP1,0.32901693319838055
Hum_XLOC_002653,HAP1,0.5125857219973009
Hum_XLOC_002681,HAP1,0.10486815958164643
Hum_XLOC_002695,HAP1,0.4908726417004048
Hum_XLOC_002702,HAP1,0.2338101686909582
Hum_XLOC_002705,HAP1,0.7100861352901484
Hum_XLOC_002711,HAP1,0.5933505954790823
Hum_XLOC_002714,HAP1,0.27884577260458837
Hum_XLOC_002717,HAP1,0.6005595732118757
Hum_XLOC_002725,HAP1,0.12850198886639674
Hum_XLOC_002741,HAP1,0.7023128981106612
Hum_XLOC_002742,HAP1,0.4405362449392713
Hum_XLOC_002744,HAP1,0.17769371120107963
Hum_XLOC_002760,HAP1,0.13403358636977059
Hum_XLOC_002788,HAP1,0.7661547368421053
Hum_XLOC_002792,HAP1,0.6509959986504722
Hum_XLOC_002796,HAP1,0.45304534750337383
Hum_XLOC_002817,HAP1,0.5821054099190284
Hum_XLOC_002836,HAP1,0.9821118117408906
Hum_XLOC_002844,HAP1,0.6361281663292846
Hum_XLOC_002845,HAP1,0.8299365384615384
Hum_XLOC_002859,HAP1,0.32577982118758436
Hum_XLOC_002889,HAP1,0.8399247891363023
Hum_XLOC_002911,HAP1,0.6573911521592443
Hum_XLOC_002935,HAP1,0.5815334109311742
Hum_XLOC_002937,HAP1,0.7440906477732794
Hum_XLOC_002967,HAP1,0.16574532726045882
Hum_XLOC_002983,HAP1,0.3950410813090418
Hum_XLOC_002986,HAP1,0.33102198380566805
Hum_XLOC_002990,HAP1,0.28431801956815117
Hum_XLOC_003039,HAP1,0.765853028002699
Hum_XLOC_003061,HAP1,0.49324616059379206
Hum_XLOC_003086,HAP1,0.9113550539811066
Hum_XLOC_003099,HAP1,0.19267045546558706
Hum_XLOC_003109,HAP1,0.4983952665317138
Hum_XLOC_003128,HAP1,0.9704075539811065
Hum_XLOC_003134,HAP1,0.5924437213225371
Hum_XLOC_003137,HAP1,0.4833192712550607
Hum_XLOC_003154,HAP1,0.2845933603238866
Hum_XLOC_003155,HAP1,0.43778726383265865
Hum_XLOC_003171,HAP1,0.2143075387989204
Hum_XLOC_003209,HAP1,0.28092499662618076
Hum_XLOC_003215,HAP1,0.937554149797571
Hum_XLOC_003221,HAP1,0.29201445344129545
Hum_XLOC_003232,HAP1,0.7982993758434549
Hum_XLOC_003268,HAP1,0.4987307776653171
Hum_XLOC_003269,HAP1,0.503923512145749
Hum_XLOC_003286,HAP1,0.6217864018218623
Hum_XLOC_003290,HAP1,0.18106407726045884
Hum_XLOC_003294,HAP1,0.38057097165991904
Hum_XLOC_003321,HAP1,0.892994507422402
Hum_XLOC_003324,HAP1,0.7188625961538461
Hum_XLOC_003334,HAP1,0.0840401197705803
Hum_XLOC_003337,HAP1,0.40430060053981104
Hum_XLOC_003338,HAP1,0.22181398448043183
Hum_XLOC_003352,HAP1,0.7531577243589743
Hum_XLOC_003357,HAP1,0.7363784851551957
Hum_XLOC_003361,HAP1,0.7643260037112011
Hum_XLOC_003371,HAP1,0.24662790148448044
Hum_XLOC_003381,HAP1,0.13300007591093116
Hum_XLOC_003408,HAP1,0.057016540148448036
Hum_XLOC_003436,HAP1,0.25704532388663964
Hum_XLOC_003440,HAP1,0.05210305836707153
Hum_XLOC_003450,HAP1,0.8245998178137652
Hum_XLOC_003466,HAP1,0.2634378609986504
Hum_XLOC_003488,HAP1,0.4931291211201079
Hum_XLOC_003491,HAP1,0.5388167105263157
Hum_XLOC_003497,HAP1,0.15770340587044535
Hum_XLOC_003498,HAP1,0.32736733805668017
Hum_XLOC_003502,HAP1,0.7880347300944669
Hum_XLOC_003518,HAP1,0.30858433367071525
Hum_XLOC_003532,HAP1,0.6090116228070175
Hum_XLOC_003543,HAP1,0.08078526821862347
Hum_XLOC_003554,HAP1,0.8056844956140351
Hum_XLOC_003563,HAP1,0.28588838731444
Hum_XLOC_003567,HAP1,0.6169100944669365
Hum_XLOC_003568,HAP1,0.6276920192307691
Hum_XLOC_003570,HAP1,0.3153073009446693
Hum_XLOC_003571,HAP1,0.6883246187584345
Hum_XLOC_003593,HAP1,0.800265777665317
Hum_XLOC_003594,HAP1,0.23222381410256407
Hum_XLOC_003598,HAP1,0.4794906950067476
Hum_XLOC_003626,HAP1,0.17832530701754387
Hum_XLOC_003628,HAP1,0.37003866902834004
Hum_XLOC_003630,HAP1,0.5319851265182186
Hum_XLOC_003641,HAP1,0.7321794585020243
Hum_XLOC_003662,HAP1,0.7545878660593791
Hum_XLOC_003665,HAP1,0.8536481022267207
Hum_XLOC_003672,HAP1,0.576931116734143
Hum_XLOC_003673,HAP1,0.31514050101214575
Hum_XLOC_003674,HAP1,0.8201473329959514
Hum_XLOC_003676,HAP1,0.9319834109311742
Hum_XLOC_003686,HAP1,0.19379556511470988
Hum_XLOC_003697,HAP1,0.08591280026990553
Hum_XLOC_003717,HAP1,0.11047152327935221
Hum_XLOC_003725,HAP1,0.339337778340081
Hum_XLOC_003743,HAP1,0.11815052294197029
Hum_XLOC_003754,HAP1,0.6290959497300943
Hum_XLOC_003766,HAP1,0.6890971963562753
Hum_XLOC_003775,HAP1,0.2695198043184885
Hum_XLOC_003790,HAP1,0.19303113866396757
Hum_XLOC_003799,HAP1,0.7847087871120106
Hum_XLOC_003853,HAP1,0.1151948532388664
Hum_XLOC_003865,HAP1,0.297282294197031
Hum_XLOC_003871,HAP1,0.05584211032388663
Hum_XLOC_003891,HAP1,0.5126129892037786
Hum_XLOC_003892,HAP1,0.8007979622132254
Hum_XLOC_003910,HAP1,0.27886128711201075
Hum_XLOC_003911,HAP1,0.6137395833333333
Hum_XLOC_003952,HAP1,0.6526842493252363
Hum_XLOC_003971,HAP1,0.7639862027665317
Hum_XLOC_003988,HAP1,0.7381758687584344
Hum_XLOC_004020,HAP1,0.0969323431174089
Hum_XLOC_004035,HAP1,0.7485903761808367
Hum_XLOC_004036,HAP1,0.9266410779352227
Hum_XLOC_004048,HAP1,0.08328253036437247
Hum_XLOC_004068,HAP1,0.16971272773279356
Hum_XLOC_004069,HAP1,0.08192027665317139
Hum_XLOC_004095,HAP1,0.4054077226720648
Hum_XLOC_004096,HAP1,0.24963255904183534
Hum_XLOC_004116,HAP1,0.8354639709851552
Hum_XLOC_004123,HAP1,0.12485362348178136
Hum_XLOC_004134,HAP1,0.631577532051282
Hum_XLOC_004161,HAP1,0.19740473515519563
Hum_XLOC_004168,HAP1,0.6327891548582996
Hum_XLOC_004169,HAP1,0.1931775590418354
Hum_XLOC_004177,HAP1,0.5875896761133602
Hum_XLOC_004200,HAP1,0.815981363022942
Hum_XLOC_004201,HAP1,0.5157743252361673
Hum_XLOC_004219,HAP1,0.33038237010796223
Hum_XLOC_004226,HAP1,0.719618512145749
Hum_XLOC_004227,HAP1,0.8381638613360324
Hum_XLOC_004236,HAP1,0.5070803626855601
Hum_XLOC_004254,HAP1,0.9905391346153847
Hum_XLOC_004255,HAP1,0.12041342948717948
Hum_XLOC_004262,HAP1,0.9013760492577597
Hum_XLOC_004269,HAP1,0.1718571592442645
Hum_XLOC_004277,HAP1,0.2973191109986505
Hum_XLOC_004278,HAP1,0.6952097115384616
Hum_XLOC_004282,HAP1,0.7347729908906881
Hum_XLOC_004287,HAP1,0.6590739827935223
Hum_XLOC_004293,HAP1,0.2142092999325236
Hum_XLOC_004302,HAP1,0.15615572031039135
Hum_XLOC_004303,HAP1,0.09746079622132252
Hum_XLOC_004306,HAP1,0.15396301113360322
Hum_XLOC_004309,HAP1,0.8854212432523616
Hum_XLOC_004314,HAP1,0.933853576248313
Hum_XLOC_004317,HAP1,0.19449126180836707
Hum_XLOC_004336,HAP1,0.7036052311066127
Hum_XLOC_004343,HAP1,0.8549539406207827
Hum_XLOC_004350,HAP1,0.87401104757085
Hum_XLOC_004361,HAP1,0.10542102058029688
Hum_XLOC_004363,HAP1,0.44435374325236165
Hum_XLOC_004401,HAP1,0.5138777766531714
Hum_XLOC_004405,HAP1,0.46466406207827254
Hum_XLOC_004407,HAP1,0.20154265856950065
Hum_XLOC_004424,HAP1,0.5944704706477734
Hum_XLOC_004437,HAP1,0.601731850539811
Hum_XLOC_004446,HAP1,0.3277121659919028
Hum_XLOC_004457,HAP1,0.8266614861673414
Hum_XLOC_004482,HAP1,0.5694983940620783
Hum_XLOC_004502,HAP1,0.27140898279352227
Hum_XLOC_004515,HAP1,0.6720271541835358
Hum_XLOC_004529,HAP1,0.7954637010796219
Hum_XLOC_004535,HAP1,0.3808528087044535
Hum_XLOC_004553,HAP1,0.6033408755060728
Hum_XLOC_004566,HAP1,0.19208860155195684
Hum_XLOC_004567,HAP1,0.3599271052631579
Hum_XLOC_004572,HAP1,0.8038239507422402
Hum_XLOC_004578,HAP1,0.3740758046558704
Hum_XLOC_004580,HAP1,0.34808041160593794
Hum_XLOC_004581,HAP1,0.718983895074224
Hum_XLOC_004587,HAP1,0.23986647773279351
Hum_XLOC_004600,HAP1,0.3046803238866397
Hum_XLOC_004601,HAP1,0.4671205043859649
Hum_XLOC_004607,HAP1,0.8287127580971658
Hum_XLOC_004617,HAP1,0.2817583198380567
Hum_XLOC_004619,HAP1,0.8157475573549258
Hum_XLOC_004620,HAP1,0.5530712348178137
Hum_XLOC_004632,HAP1,0.6364376518218623
Hum_XLOC_004636,HAP1,0.76862181511471
Hum_XLOC_004652,HAP1,0.5850444197031037
Hum_XLOC_004653,HAP1,0.7161869365721997
Hum_XLOC_004657,HAP1,0.8981570748987854
Hum_XLOC_004661,HAP1,0.4867448093792173
Hum_XLOC_004683,HAP1,0.12144820344129555
Hum_XLOC_004684,HAP1,0.7254314608636977
Hum_XLOC_004688,HAP1,0.8073803002699054
Hum_XLOC_004689,HAP1,0.7254282624831309
Hum_XLOC_004705,HAP1,0.18776921390013496
Hum_XLOC_004717,HAP1,0.29219520074224026
Hum_XLOC_004718,HAP1,0.6052810509446694
Hum_XLOC_004733,HAP1,0.7346171676788124
Hum_XLOC_004741,HAP1,0.037442928475033735
Hum_XLOC_004762,HAP1,0.8301463225371121
Hum_XLOC_004771,HAP1,0.5018214861673415
Hum_XLOC_004777,HAP1,0.8917972655195683
Hum_XLOC_004788,HAP1,0.7237572655195682
Hum_XLOC_004791,HAP1,0.7147097081646423
Hum_XLOC_004795,HAP1,0.40534493252361675
Hum_XLOC_004803,HAP1,0.26896666666666663
Hum_XLOC_004805,HAP1,0.5708192324561403
Hum_XLOC_004813,HAP1,0.5626793168016192
Hum_XLOC_004815,HAP1,0.7905209800944668
Hum_XLOC_004822,HAP1,0.7728139524291497
Hum_XLOC_004823,HAP1,0.584031919703104
Hum_XLOC_004827,HAP1,0.15443403171390013
Hum_XLOC_004837,HAP1,0.8193599375843457
Hum_XLOC_004839,HAP1,0.5629702277327935
Hum_XLOC_004855,HAP1,0.3461587162618083
Hum_XLOC_004874,HAP1,0.1368499257759784
Hum_XLOC_004875,HAP1,0.6614495057354927
Hum_XLOC_004878,HAP1,0.5396555533063427
Hum_XLOC_004884,HAP1,0.6457713360323887
Hum_XLOC_004911,HAP1,0.13932622807017542
Hum_XLOC_004915,HAP1,0.8533867881241565
Hum_XLOC_004927,HAP1,0.8503889524291499
Hum_XLOC_004929,HAP1,0.6096282675438596
Hum_XLOC_004936,HAP1,0.689030875506073
Hum_XLOC_004957,HAP1,0.6446914254385964
Hum_XLOC_004960,HAP1,0.7462849949392713
Hum_XLOC_004965,HAP1,0.061737090080971654
Hum_XLOC_000006,HEK293FT,0.14876817139001347
Hum_XLOC_000008,HEK293FT,0.6870033333333332
Hum_XLOC_000016,HEK293FT,0.5985725303643724
Hum_XLOC_000030,HEK293FT,0.35815140350877195
Hum_XLOC_000033,HEK293FT,0.48976323211875844
Hum_XLOC_000039,HEK293FT,0.7784653846153846
Hum_XLOC_000053,HEK293FT,0.11928445344129554
Hum_XLOC_000057,HEK293FT,0.6664870107962213
Hum_XLOC_000060,HEK293FT,0.5318372874493927
Hum_XLOC_000080,HEK293FT,0.2950787786774629
Hum_XLOC_000094,HEK293FT,0.8243077665317139
Hum_XLOC_000100,HEK293FT,0.7835304925775977
Hum_XLOC_000105,HEK293FT,0.1727321120107962
Hum_XLOC_000107,HEK293FT,0.30036351551956814
Hum_XLOC_000111,HEK293FT,0.4437771592442644
Hum_XLOC_000134,HEK293FT,0.5480553846153846
Hum_XLOC_000143,HEK293FT,0.647132152496626
Hum_XLOC_000145,HEK293FT,0.9405856477732792
Hum_XLOC_000149,HEK293FT,0.45616124831309035
Hum_XLOC_000155,HEK293FT,0.779334628879892
Hum_XLOC_000169,HEK293FT,0.9007310931174088
Hum_XLOC_000170,HEK293FT,0.6753569500674762
Hum_XLOC_000194,HEK293FT,0.9363814844804319
Hum_XLOC_000201,HEK293FT,0.4092444736842106
Hum_XLOC_000231,HEK293FT,0.7897172132253711
Hum_XLOC_000233,HEK293FT,0.8362156275303645
Hum_XLOC_000245,HEK293FT,0.45829118083670717
Hum_XLOC_000247,HEK293FT,0.481417004048583
Hum_XLOC_000248,HEK293FT,0.744888326585695
Hum_XLOC_000265,HEK293FT,0.761697645074224
Hum_XLOC_000282,HEK293FT,0.687743117408907
Hum_XLOC_000286,HEK293FT,0.9186908502024292
Hum_XLOC_000292,HEK293FT,0.15520858299595142
Hum_XLOC_000307,HEK293FT,0.37342296221322535
Hum_XLOC_000308,HEK293FT,0.626405249662618
Hum_XLOC_000312,HEK293FT,0.31088212550607286
Hum_XLOC_000314,HEK293FT,0.31047530364372466
Hum_XLOC_000317,HEK293FT,0.49338805668016195
Hum_XLOC_000319,HEK293FT,0.7302050134952766
Hum_XLOC_000332,HEK293FT,0.8184773481781377
Hum_XLOC_000338,HEK293FT,0.9618014777327935
Hum_XLOC_000342,HEK293FT,0.5339995344129556
Hum_XLOC_000345,HEK293FT,0.22740576248313088
Hum_XLOC_000362,HEK293FT,0.12241296221322537
Hum_XLOC_000377,HEK293FT,0.5013863360323887
Hum_XLOC_000390,HEK293FT,0.4620743657219972
Hum_XLOC_000394,HEK293FT,0.6411174291497974
Hum_XLOC_000411,HEK293FT,0.8773278002699054
Hum_XLOC_000415,HEK293FT,0.5104841700404859
Hum_XLOC_000430,HEK293FT,0.7075826720647773
Hum_XLOC_000436,HEK293FT,0.8752881443994601
Hum_XLOC_000437,HEK293FT,0.8580541835357625
Hum_XLOC_000456,HEK293FT,0.9706435695006745
Hum_XLOC_000461,HEK293FT,0.5516461201079622
Hum_XLOC_000462,HEK293FT,0.5471522807017544
Hum_XLOC_000465,HEK293FT,0.7937955398110661
Hum_XLOC_000472,HEK293FT,0.8278090553306343
Hum_XLOC_000474,HEK293FT,0.26993298245614034
Hum_XLOC_000478,HEK293FT,0.8154392847503373
Hum_XLOC_000486,HEK293FT,0.34171228070175436
Hum_XLOC_000490,HEK293FT,0.35228739541160586
Hum_XLOC_000498,HEK293FT,0.618995661268556
Hum_XLOC_000500,HEK293FT,0.24090882591093116
Hum_XLOC_000510,HEK293FT,0.8568237989203779
Hum_XLOC_000535,HEK293FT,0.5520611538461537
Hum_XLOC_000540,HEK293FT,0.848568596491228
Hum_XLOC_000556,HEK293FT,0.17718672064777327
Hum_XLOC_000574,HEK293FT,0.45501568151147104
Hum_XLOC_000575,HEK293FT,0.5234114237516869
Hum_XLOC_000582,HEK293FT,0.18988870445344128
Hum_XLOC_000590,HEK293FT,0.6699230296896086
Hum_XLOC_000601,HEK293FT,0.33958408906882587
Hum_XLOC_000604,HEK293FT,0.7104127260458839
Hum_XLOC_000608,HEK293FT,0.8742473751686909
Hum_XLOC_000612,HEK293FT,0.29181454116059374
Hum_XLOC_000636,HEK293FT,0.8326228677462887
Hum_XLOC_000638,HEK293FT,0.7287143454790824
Hum_XLOC_000641,HEK293FT,0.06538489203778677
Hum_XLOC_000655,HEK293FT,0.8456240013495276
Hum_XLOC_000668,HEK293FT,0.2773856072874494
Hum_XLOC_000680,HEK293FT,0.1156557422402159
Hum_XLOC_000681,HEK293FT,0.6569835290148448
Hum_XLOC_000695,HEK293FT,0.4645798852901484
Hum_XLOC_000702,HEK293FT,0.3031003238866397
Hum_XLOC_000726,HEK293FT,0.7023832051282052
Hum_XLOC_000727,HEK293FT,0.1977474358974359
Hum_XLOC_000758,HEK293FT,0.578251160593792
Hum_XLOC_000773,HEK293FT,0.3760697031039137
Hum_XLOC_000774,HEK293FT,0.7375925506072875
Hum_XLOC_000797,HEK293FT,0.15962079622132253
Hum_XLOC_000799,HEK293FT,0.625391032388664
Hum_XLOC_000800,HEK293FT,0.2631686504723347
Hum_XLOC_000807,HEK293FT,0.5882597773279351
Hum_XLOC_000818,HEK293FT,0.8629197908232117
Hum_XLOC_000828,HEK293FT,0.5418733400809717
Hum_XLOC_000831,HEK293FT,0.5173339001349527
Hum_XLOC_000835,HEK293FT,0.7665673076923076
Hum_XLOC_000840,HEK293FT,0.7138634750337383
Hum_XLOC_000841,HEK293FT,0.8466449055330634
Hum_XLOC_000842,HEK293FT,0.2398938191632929
Hum_XLOC_000854,HEK293FT,0.4756021322537112
Hum_XLOC_000855,HEK293FT,0.2247079014844804
Hum_XLOC_000883,HEK293FT,0.28753797570850204
Hum_XLOC_000885,HEK293FT,0.10235848178137652
Hum_XLOC_000905,HEK293FT,0.9309335627530364
Hum_XLOC_000917,HEK293FT,0.529975641025641
Hum_XLOC_000925,HEK293FT,0.6983660188933875
Hum_XLOC_000944,HEK293FT,0.565874979757085
Hum_XLOC_000949,HEK293FT,0.0625120310391363
Hum_XLOC_000953,HEK293FT,0.3958118016194332
Hum_XLOC_000964,HEK293FT,0.635564008097166
Hum_XLOC_000990,HEK293FT,0.40185563427800275
Hum_XLOC_000994,HEK293FT,0.7946973616734143
Hum_XLOC_001020,HEK293FT,0.3943221052631578
Hum_XLOC_001029,HEK293FT,0.24195252361673414
Hum_XLOC_001066,HEK293FT,0.6023954723346828
Hum_XLOC_001120,HEK293FT,0.442423738191633
Hum_XLOC_001121,HEK293FT,0.8042987989203778
Hum_XLOC_001122,HEK293FT,0.9443346423751686
Hum_XLOC_001125,HEK293FT,0.7250733333333332
Hum_XLOC_001132,HEK293FT,0.42848266531713897
Hum_XLOC_001138,HEK293FT,0.648169608636977
Hum_XLOC_001144,HEK293FT,0.3975637179487179
Hum_XLOC_001146,HEK293FT,0.6149220242914981
Hum_XLOC_001188,HEK293FT,0.6074230094466936
Hum_XLOC_001191,HEK293FT,0.49009605263157885
Hum_XLOC_001192,HEK293FT,0.8081846896086369
Hum_XLOC_001217,HEK293FT,0.6227699460188934
Hum_XLOC_001222,HEK293FT,0.08711653171390013
Hum_XLOC_001228,HEK293FT,0.4973797570850202
Hum_XLOC_001230,HEK293FT,0.6362004520917679
Hum_XLOC_001237,HEK293FT,0.18351446693657222
Hum_XLOC_001243,HEK293FT,0.4902157354925776
Hum_XLOC_001275,HEK293FT,0.4844543724696356
Hum_XLOC_001279,HEK293FT,0.614156241565452
Hum_XLOC_001291,HEK293FT,0.5952967543859649
Hum_XLOC_001296,HEK293FT,0.5369916801619432
Hum_XLOC_001297,HEK293FT,0.6640918488529015
Hum_XLOC_001309,HEK293FT,0.4256145614035086
Hum_XLOC_001329,HEK293FT,0.6702185087719299
Hum_XLOC_001330,HEK293FT,0.5408911943319837
Hum_XLOC_001355,HEK293FT,0.34126805668016197
Hum_XLOC_001366,HEK293FT,0.8947143657219971
Hum_XLOC_001367,HEK293FT,0.754116221322537
Hum_XLOC_001375,HEK293FT,0.7189965249662617
Hum_XLOC_001390,HEK293FT,0.146349669365722
Hum_XLOC_001405,HEK293FT,0.13142148448043187
Hum_XLOC_001461,HEK293FT,0.24204278677462884
Hum_XLOC_001465,HEK293FT,0.6838128609986504
Hum_XLOC_001488,HEK293FT,0.3709433535762483
Hum_XLOC_001490,HEK293FT,0.4838828542510122
Hum_XLOC_001509,HEK293FT,0.568145411605938
Hum_XLOC_001516,HEK293FT,0.19680355600539812
Hum_XLOC_001532,HEK293FT,0.4601223211875844
Hum_XLOC_001539,HEK293FT,0.8756519770580296
Hum_XLOC_001541,HEK293FT,0.7720632591093116
Hum_XLOC_001542,HEK293FT,0.8470492240215924
Hum_XLOC_001548,HEK293FT,0.9135303238866396
Hum_XLOC_001559,HEK293FT,0.7163842914979758
Hum_XLOC_001565,HEK293FT,0.8540353441295546
Hum_XLOC_001566,HEK293FT,0.4817180836707153
Hum_XLOC_001575,HEK293FT,0.0446886302294197
Hum_XLOC_001580,HEK293FT,0.18211516869095815
Hum_XLOC_001590,HEK293FT,0.7847518016194331
Hum_XLOC_001615,HEK293FT,0.3405294534412956
Hum_XLOC_001624,HEK293FT,0.7732913697705802
Hum_XLOC_001639,HEK293FT,0.6646218758434547
Hum_XLOC_001661,HEK293FT,0.5074345074224023
Hum_XLOC_001666,HEK293FT,0.08351904858299596
Hum_XLOC_001668,HEK293FT,0.20402831309041833
Hum_XLOC_001688,HEK293FT,0.6903361133603237
Hum_XLOC_001689,HEK293FT,0.8598784682860998
Hum_XLOC_001695,HEK293FT,0.6186340013495276
Hum_XLOC_001696,HEK293FT,0.201156963562753
Hum_XLOC_001698,HEK293FT,0.7113526923076924
Hum_XLOC_001707,HEK293FT,0.6248330634278003
Hum_XLOC_001760,HEK293FT,0.771287314439946
Hum_XLOC_001761,HEK293FT,0.8731877125506071
Hum_XLOC_001773,HEK293FT,0.33643094466936574
Hum_XLOC_001775,HEK293FT,0.5373102699055332
Hum_XLOC_001779,HEK293FT,0.7225974966261808
Hum_XLOC_001783,HEK293FT,0.6640800067476382
Hum_XLOC_001791,HEK293FT,0.8525431241565451
Hum_XLOC_001805,HEK293FT,0.5039575641025642
Hum_XLOC_001809,HEK293FT,0.2137724224021592
Hum_XLOC_001848,HEK293FT,0.4361364777327935
Hum_XLOC_001919,HEK293FT,0.7227058434547908
Hum_XLOC_001941,HEK293FT,0.5404962753036436
Hum_XLOC_001942,HEK293FT,0.8747623009446692
Hum_XLOC_001949,HEK293FT,0.10065060728744939
Hum_XLOC_001950,HEK293FT,0.8557617543859648
Hum_XLOC_001953,HEK293FT,0.47934535762483127
Hum_XLOC_001957,HEK293FT,0.56216991902834
Hum_XLOC_001961,HEK293FT,0.8259557557354925
Hum_XLOC_001969,HEK293FT,0.9196339676113359
Hum_XLOC_002024,HEK293FT,0.7068061403508773
Hum_XLOC_002028,HEK293FT,0.14587881916329284
Hum_XLOC_002033,HEK293FT,0.5512523279352226
Hum_XLOC_002036,HEK293FT,0.37888890013495274
Hum_XLOC_002037,HEK293FT,0.5813224561403509
Hum_XLOC_002041,HEK293FT,0.20640678137651822
Hum_XLOC_002059,HEK293FT,0.6614483468286099
Hum_XLOC_002061,HEK293FT,0.10924090418353576
Hum_XLOC_002068,HEK293FT,0.16175323886639678
Hum_XLOC_002081,HEK293FT,0.7135321255060728
Hum_XLOC_002093,HEK293FT,0.3752638798920378
Hum_XLOC_002099,HEK293FT,0.15876970310391364
Hum_XLOC_002144,HEK293FT,0.47243312415654526
Hum_XLOC_002150,HEK293FT,0.6857980499325235
Hum_XLOC_002152,HEK293FT,0.6217859109311742
Hum_XLOC_002154,HEK293FT,0.2826185762483131
Hum_XLOC_002169,HEK293FT,0.8901538731443994
Hum_XLOC_002170,HEK293FT,0.3239324089068826
Hum_XLOC_002176,HEK293FT,0.5497851079622131
Hum_XLOC_002178,HEK293FT,0.148947995951417
Hum_XLOC_002186,HEK293FT,0.7342186842105264
Hum_XLOC_002204,HEK293FT,0.8287732253711201
Hum_XLOC_002205,HEK293FT,0.7573472064777327
Hum_XLOC_002219,HEK293FT,0.7946963292847503
Hum_XLOC_002244,HEK293FT,0.5324119298245613
Hum_XLOC_002252,HEK293FT,0.7431935492577597
Hum_XLOC_002261,HEK293FT,0.5338286369770581
Hum_XLOC_002262,HEK293FT,0.741693947368421
Hum_XLOC_002265,HEK293FT,0.5069925303643724
Hum_XLOC_002271,HEK293FT,0.8708523414304994
Hum_XLOC_002280,HEK293FT,0.4279608704453441
Hum_XLOC_002282,HEK293FT,0.5600638731443994
Hum_XLOC_002283,HEK293FT,0.9127886842105264
Hum_XLOC_002284,HEK293FT,0.3882313495276653
Hum_XLOC_002294,HEK293FT,0.6890403036437247
Hum_XLOC_002296,HEK293FT,0.7084901282051282
Hum_XLOC_002299,HEK293FT,0.24034333333333335
Hum_XLOC_002301,HEK293FT,0.2778659446693657
Hum_XLOC_002306,HEK293FT,0.4267301754385965
Hum_XLOC_002311,HEK293FT,0.7339468421052631
Hum_XLOC_002313,HEK293FT,0.6109197098515519
Hum_XLOC_002314,HEK293FT,0.9052888596491228
Hum_XLOC_002327,HEK293FT,0.8767030229419702
Hum_XLOC_002330,HEK293FT,0.3731206342780027
Hum_XLOC_002338,HEK293FT,0.5378768353576249
Hum_XLOC_002344,HEK293FT,0.23386935222672062
Hum_XLOC_002347,HEK293FT,0.8501570715249662
Hum_XLOC_002348,HEK293FT,0.9520124089068827
Hum_XLOC_002362,HEK293FT,0.2253008974358974
Hum_XLOC_002364,HEK293FT,0.7528999932523617
Hum_XLOC_002383,HEK293FT,0.10052570850202429
Hum_XLOC_002386,HEK293FT,0.7933489136302294
Hum_XLOC_002390,HEK293FT,0.7425912078272604
Hum_XLOC_002394,HEK293FT,0.7972149662618083
Hum_XLOC_002398,HEK293FT,0.7096407489878541
Hum_XLOC_002399,HEK293FT,0.1485065249662618
Hum_XLOC_002408,HEK293FT,0.15658927125506075
Hum_XLOC_002414,HEK293FT,0.5879613697705803
Hum_XLOC_002418,HEK293FT,0.260855020242915
Hum_XLOC_002435,HEK293FT,0.4697779217273954
Hum_XLOC_002440,HEK293FT,0.6318532995951416
Hum_XLOC_002489,HEK293FT,0.30207420377867744
Hum_XLOC_002490,HEK293FT,0.6075604116059379
Hum_XLOC_002493,HEK293FT,0.2935700877192982
Hum_XLOC_002520,HEK293FT,0.929568056680162
Hum_XLOC_002524,HEK293FT,0.16772636302294194
Hum_XLOC_002546,HEK293FT,0.37121701754385955
Hum_XLOC_002560,HEK293FT,0.3057930161943319
Hum_XLOC_002570,HEK293FT,0.11985748313090419
Hum_XLOC_002577,HEK293FT,0.2020925910931174
Hum_XLOC_002579,HEK293FT,0.8696241228070177
Hum_XLOC_002586,HEK293FT,0.12254742240215925
Hum_XLOC_002589,HEK293FT,0.696138286099865
Hum_XLOC_002629,HEK293FT,0.5558623346828611
Hum_XLOC_002631,HEK293FT,0.42423063427800267
Hum_XLOC_002635,HEK293FT,0.05701533063427801
Hum_XLOC_002644,HEK293FT,0.43462047908232115
Hum_XLOC_002646,HEK293FT,0.2308536977058029
Hum_XLOC_002653,HEK293FT,0.7131492847503375
Hum_XLOC_002681,HEK293FT,0.05492217948717948
Hum_XLOC_002695,HEK293FT,0.4102321120107962
Hum_XLOC_002702,HEK293FT,0.13025531713900135
Hum_XLOC_002705,HEK293FT,0.7558871929824561
Hum_XLOC_002711,HEK293FT,0.5481541430499326
Hum_XLOC_002714,HEK293FT,0.3770246558704453
Hum_XLOC_002717,HEK293FT,0.6814530094466936
Hum_XLOC_002725,HEK293FT,0.0920551282051282
Hum_XLOC_002741,HEK293FT,0.7504895614035089
Hum_XLOC_002742,HEK293FT,0.4674021727395411
Hum_XLOC_002744,HEK293FT,0.13093950742240215
Hum_XLOC_002760,HEK293FT,0.16012199730094467
Hum_XLOC_002788,HEK293FT,0.7828730566801618
Hum_XLOC_002792,HEK293FT,0.7731669433198379
Hum_XLOC_002796,HEK293FT,0.4225702699055331
Hum_XLOC_002817,HEK293FT,0.5162443589743589
Hum_XLOC_002836,HEK293FT,0.9510568151147097
Hum_XLOC_002844,HEK293FT,0.5683590755735494
Hum_XLOC_002845,HEK293FT,0.7988037719298245
Hum_XLOC_002859,HEK293FT,0.5911311673414305
Hum_XLOC_002889,HEK293FT,0.90064826585695
Hum_XLOC_002911,HEK293FT,0.5960839608636976
Hum_XLOC_002935,HEK293FT,0.7955204251012145
Hum_XLOC_002937,HEK293FT,0.648950850202429
Hum_XLOC_002967,HEK293FT,0.37709829959514163
Hum_XLOC_002983,HEK293FT,0.5203581106612685
Hum_XLOC_002986,HEK293FT,0.30736874493927124
Hum_XLOC_002990,HEK293FT,0.33905144399460185
Hum_XLOC_003039,HEK293FT,0.8673172469635627
Hum_XLOC_003061,HEK293FT,0.39486086369770573
Hum_XLOC_003086,HEK293FT,0.9059374291497976
Hum_XLOC_003099,HEK293FT,0.21107769230769233
Hum_XLOC_003109,HEK293FT,0.27831184885290144
Hum_XLOC_003128,HEK293FT,0.9137644736842105
Hum_XLOC_003134,HEK293FT,0.3983081578947368
Hum_XLOC_003137,HEK293FT,0.35233899460188933
Hum_XLOC_003154,HEK293FT,0.2608360593792173
Hum_XLOC_003155,HEK293FT,0.3814797773279353
Hum_XLOC_003171,HEK293FT,0.3703344331983805
Hum_XLOC_003209,HEK293FT,0.2762214777327935
Hum_XLOC_003215,HEK293FT,0.7915949325236167
Hum_XLOC_003221,HEK293FT,0.5443881578947368
Hum_XLOC_003232,HEK293FT,0.828367213225371
Hum_XLOC_003268,HEK293FT,0.5597790823211876
Hum_XLOC_003269,HEK293FT,0.3838469973009447
Hum_XLOC_003286,HEK293FT,0.46979221997300946
Hum_XLOC_003290,HEK293FT,0.26352311066126854
Hum_XLOC_003294,HEK293FT,0.6839874156545209
Hum_XLOC_003321,HEK293FT,0.9274688933873144
Hum_XLOC_003324,HEK293FT,0.7856386032388665
Hum_XLOC_003334,HEK293FT,0.22024674763832658
Hum_XLOC_003337,HEK293FT,0.6115783940620783
Hum_XLOC_003338,HEK293FT,0.4845314237516869
Hum_XLOC_003352,HEK293FT,0.7206483603238867
Hum_XLOC_003357,HEK293FT,0.749376842105263
Hum_XLOC_003361,HEK293FT,0.8801762145748987
Hum_XLOC_003371,HEK293FT,0.31248603913630235
Hum_XLOC_003381,HEK293FT,0.23424804318488524
Hum_XLOC_003408,HEK293FT,0.07871907557354926
Hum_XLOC_003436,HEK293FT,0.4865659176788124
Hum_XLOC_003440,HEK293FT,0.10681331309041836
Hum_XLOC_003450,HEK293FT,0.8259635695006748
Hum_XLOC_003466,HEK293FT,0.358730560053981
Hum_XLOC_003488,HEK293FT,0.7119617004048583
Hum_XLOC_003491,HEK293FT,0.7646635964912281
Hum_XLOC_003497,HEK293FT,0.1785408097165992
Hum_XLOC_003498,HEK293FT,0.45585335357624834
Hum_XLOC_003502,HEK293FT,0.8646025775978409
Hum_XLOC_003518,HEK293FT,0.3512001619433199
Hum_XLOC_003532,HEK293FT,0.5831211673414304
Hum_XLOC_003543,HEK293FT,0.4690300607287449
Hum_XLOC_003554,HEK293FT,0.7737412415654521
Hum_XLOC_003563,HEK293FT,0.27650275978407557
Hum_XLOC_003567,HEK293FT,0.6631519635627529
Hum_XLOC_003568,HEK293FT,0.7116727327935222
Hum_XLOC_003570,HEK293FT,0.4568083805668016
Hum_XLOC_003571,HEK293FT,0.7956384480431848
Hum_XLOC_003593,HEK293FT,0.8750782388663967
Hum_XLOC_003594,HEK293FT,0.23545238191632928
Hum_XLOC_003598,HEK293FT,0.7530963967611336
Hum_XLOC_003626,HEK293FT,0.21141692982456142
Hum_XLOC_003628,HEK293FT,0.588569939271255
Hum_XLOC_003630,HEK293FT,0.6466271457489877
Hum_XLOC_003641,HEK293FT,0.7043828272604589
Hum_XLOC_003662,HEK293FT,0.7744559244264507
Hum_XLOC_003665,HEK293FT,0.8230017476383265
Hum_XLOC_003672,HEK293FT,0.6303950337381916
Hum_XLOC_003673,HEK293FT,0.36090819838056676
Hum_XLOC_003674,HEK293FT,0.7894671255060729
Hum_XLOC_003676,HEK293FT,0.9461694804318489
Hum_XLOC_003686,HEK293FT,0.3296822874493927
Hum_XLOC_003697,HEK293FT,0.10317702429149797
Hum_XLOC_003717,HEK293FT,0.2716219770580297
Hum_XLOC_003725,HEK293FT,0.3784394264507422
Hum_XLOC_003743,HEK293FT,0.08947251012145749
Hum_XLOC_003754,HEK293FT,0.7165758299595143
Hum_XLOC_003766,HEK293FT,0.7265319973009448
Hum_XLOC_003775,HEK293FT,0.3876094534412955
Hum_XLOC_003790,HEK293FT,0.28336405533063425
Hum_XLOC_003799,HEK293FT,0.846180681511471
Hum_XLOC_003853,HEK293FT,0.08250886639676112
Hum_XLOC_003865,HEK293FT,0.3156901147098516
Hum_XLOC_003871,HEK293FT,0.07782053981106613
Hum_XLOC_003891,HEK293FT,0.4242300404858299
Hum_XLOC_003892,HEK293FT,0.8139492847503375
Hum_XLOC_003910,HEK293FT,0.24125669365721997
Hum_XLOC_003911,HEK293FT,0.4793280971659919
Hum_XLOC_003952,HEK293FT,0.6775146963562753
Hum_XLOC_003971,HEK293FT,0.8364982118758434
Hum_XLOC_003988,HEK293FT,0.7414322199730092
Hum_XLOC_004020,HEK293FT,0.09831968286099864
Hum_XLOC_004035,HEK293FT,0.8071840553306342
Hum_XLOC_004036,HEK293FT,0.8810182793522268
Hum_XLOC_004048,HEK293FT,0.09614494601889338
Hum_XLOC_004068,HEK293FT,0.23864248987854247
Hum_XLOC_004069,HEK293FT,0.1228051821862348
Hum_XLOC_004095,HEK293FT,0.36373675438596487
Hum_XLOC_004096,HEK293FT,0.16149854251012147
Hum_XLOC_004116,HEK293FT,0.8389609784075572
Hum_XLOC_004123,HEK293FT,0.13853925101214576
Hum_XLOC_004134,HEK293FT,0.8691240620782726
Hum_XLOC_004161,HEK293FT,0.2873083805668016
Hum_XLOC_004168,HEK293FT,0.7604025775978407
Hum_XLOC_004169,HEK293FT,0.22564159919028337
Hum_XLOC_004177,HEK293FT,0.7575606950067477
Hum_XLOC_004200,HEK293FT,0.8121517139001349
Hum_XLOC_004201,HEK293FT,0.5741192172739541
Hum_XLOC_004219,HEK293FT,0.32958330634278005
Hum_XLOC_004226,HEK293FT,0.796062746288799
Hum_XLOC_004227,HEK293FT,0.8700297233468285
Hum_XLOC_004236,HEK293FT,0.719089466936572
Hum_XLOC_004254,HEK293FT,0.9553750000000001
Hum_XLOC_004255,HEK293FT,0.13232570175438596
Hum_XLOC_004262,HEK293FT,0.9105897031039135
Hum_XLOC_004269,HEK293FT,0.30373660593792173
Hum_XLOC_004277,HEK293FT,0.3214690215924426
Hum_XLOC_004278,HEK293FT,0.8069424561403509
Hum_XLOC_004282,HEK293FT,0.768204527665317
Hum_XLOC_004287,HEK293FT,0.8227797031039136
Hum_XLOC_004293,HEK293FT,0.1341986842105263
Hum_XLOC_004302,HEK293FT,0.1619242645074224
Hum_XLOC_004303,HEK293FT,0.12626539136302295
Hum_XLOC_004306,HEK293FT,0.13091661268556004
Hum_XLOC_004309,HEK293FT,0.8749539811066125
Hum_XLOC_004314,HEK293FT,0.9072835762483131
Hum_XLOC_004317,HEK293FT,0.18129037786774627
Hum_XLOC_004336,HEK293FT,0.7585792240215924
Hum_XLOC_004343,HEK293FT,0.8565762415654522
Hum_XLOC_004350,HEK293FT,0.934605310391363
Hum_XLOC_004361,HEK293FT,0.14710285425101216
Hum_XLOC_004363,HEK293FT,0.5854563697705802
Hum_XLOC_004401,HEK293FT,0.415439939271255
Hum_XLOC_004405,HEK293FT,0.5379427530364372
Hum_XLOC_004407,HEK293FT,0.30659705802968956
Hum_XLOC_004424,HEK293FT,0.657292975708502
Hum_XLOC_004437,HEK293FT,0.6598284008097166
Hum_XLOC_004446,HEK293FT,0.4264692037786775
Hum_XLOC_004457,HEK293FT,0.8878265789473684
Hum_XLOC_004482,HEK293FT,0.5827382726045884
Hum_XLOC_004502,HEK293FT,0.3256278475033738
Hum_XLOC_004515,HEK293FT,0.641950931174089
Hum_XLOC_004529,HEK293FT,0.9297293589743588
Hum_XLOC_004535,HEK293FT,0.28868652496626174
Hum_XLOC_004553,HEK293FT,0.6201092172739541
Hum_XLOC_004566,HEK293FT,0.18123894736842106
Hum_XLOC_004567,HEK293FT,0.44923377867746284
Hum_XLOC_004572,HEK293FT,0.7880715991902835
Hum_XLOC_004578,HEK293FT,0.47602346153846153
Hum_XLOC_004580,HEK293FT,0.4699312415654521
Hum_XLOC_004581,HEK293FT,0.7927712348178135
Hum_XLOC_004587,HEK293FT,0.26207939271255065
Hum_XLOC_004600,HEK293FT,0.5051672941970311
Hum_XLOC_004601,HEK293FT,0.6116174426450742
Hum_XLOC_004607,HEK293FT,0.8602919163292848
Hum_XLOC_004617,HEK293FT,0.224518677462888
Hum_XLOC_004619,HEK293FT,0.9236139878542511
Hum_XLOC_004620,HEK293FT,0.48513572199730093
Hum_XLOC_004632,HEK293FT,0.6190553846153847
Hum_XLOC_004636,HEK293FT,0.7955645748987854
Hum_XLOC_004652,HEK293FT,0.7037549527665318
Hum_XLOC_004653,HEK293FT,0.8293919635627531
Hum_XLOC_004657,HEK293FT,0.9134093049932523
Hum_XLOC_004661,HEK293FT,0.5126378272604588
Hum_XLOC_004683,HEK293FT,0.21598606612685556
Hum_XLOC_004684,HEK293FT,0.7781303441295547
Hum_XLOC_004688,HEK293FT,0.8768766666666666
Hum_XLOC_004689,HEK293FT,0.7800239203778676
Hum_XLOC_004705,HEK293FT,0.2029639068825911
Hum_XLOC_004717,HEK293FT,0.2974640350877193
Hum_XLOC_004718,HEK293FT,0.5955171120107962
Hum_XLOC_004733,HEK293FT,0.7577947638326584
Hum_XLOC_004741,HEK293FT,0.04921894736842105
Hum_XLOC_004762,HEK293FT,0.8177870512820513
Hum_XLOC_004771,HEK293FT,0.6785781511470985
Hum_XLOC_004777,HEK293FT,0.73764487854251
Hum_XLOC_004788,HEK293FT,0.8042027530364373
Hum_XLOC_004791,HEK293FT,0.7079029689608637
Hum_XLOC_004795,HEK293FT,0.5038884885290148
Hum_XLOC_004803,HEK293FT,0.4201278137651822
Hum_XLOC_004805,HEK293FT,0.5490776315789474
Hum_XLOC_004813,HEK293FT,0.6996637719298244
Hum_XLOC_004815,HEK293FT,0.8784521659919029
Hum_XLOC_004822,HEK293FT,0.909781923076923
Hum_XLOC_004823,HEK293FT,0.6781526653171391
Hum_XLOC_004827,HEK293FT,0.328139979757085
Hum_XLOC_004837,HEK293FT,0.8669636909581645
Hum_XLOC_004839,HEK293FT,0.537763636977058
Hum_XLOC_004855,HEK293FT,0.2967977327935222
Hum_XLOC_004874,HEK293FT,0.16174714574898785
Hum_XLOC_004875,HEK293FT,0.8396237314439947
Hum_XLOC_004878,HEK293FT,0.6425828609986505
Hum_XLOC_004884,HEK293FT,0.6460284682860997
Hum_XLOC_004911,HEK293FT,0.1357241363022942
Hum_XLOC_004915,HEK293FT,0.8445092914979756
Hum_XLOC_004927,HEK293FT,0.9001387516869095
Hum_XLOC_004929,HEK293FT,0.502961342780027
Hum_XLOC_004936,HEK293FT,0.6474472267206477
Hum_XLOC_004957,HEK293FT,0.819413616734143
Hum_XLOC_004960,HEK293FT,0.7114471997300945
Hum_XLOC_004965,HEK293FT,0.08355082321187583
Hum_XLOC_000006,K562,0.3731443876518218
Hum_XLOC_000008,K562,0.3353879453441295
Hum_XLOC_000016,K562,0.9827497284075574
Hum_XLOC_000030,K562,0.9628907607962213
Hum_XLOC_000033,K562,0.9765216767881242
Hum_XLOC_000039,K562,0.9757773549257759
Hum_XLOC_000053,K562,0.9184700134952767
Hum_XLOC_000057,K562,0.9805004082321187
Hum_XLOC_000060,K562,0.9854777901484479
Hum_XLOC_000080,K562,0.4715694770580297
Hum_XLOC_000094,K562,0.9043867290823211
Hum_XLOC_000100,K562,0.9843223734817814
Hum_XLOC_000105,K562,0.3302177648448043
Hum_XLOC_000107,K562,0.24660582658569502
Hum_XLOC_000111,K562,0.6813284699730093
Hum_XLOC_000134,K562,0.14734678643724697
Hum_XLOC_000143,K562,0.9540313697705802
Hum_XLOC_000145,K562,0.9517562230094466
Hum_XLOC_000149,K562,0.8118053508771929
Hum_XLOC_000155,K562,0.9157762719298245
Hum_XLOC_000169,K562,0.9600361622807017
Hum_XLOC_000170,K562,0.8114839321862347
Hum_XLOC_000194,K562,0.9516590654520918
Hum_XLOC_000201,K562,0.513343338394062
Hum_XLOC_000231,K562,0.9712270310391362
Hum_XLOC_000233,K562,0.9909434176788123
Hum_XLOC_000245,K562,0.34061741902834003
Hum_XLOC_000247,K562,0.9461767408906882
Hum_XLOC_000248,K562,0.8821592324561401
Hum_XLOC_000265,K562,0.9616461437246963
Hum_XLOC_000282,K562,0.6418916683535763
Hum_XLOC_000286,K562,0.9622884328609986
Hum_XLOC_000292,K562,0.2191115249662618
Hum_XLOC_000307,K562,0.1371163056680162
Hum_XLOC_000308,K562,0.5035724358974359
Hum_XLOC_000312,K562,0.990412891363023
Hum_XLOC_000314,K562,0.3166695597165992
Hum_XLOC_000317,K562,0.309949298245614
Hum_XLOC_000319,K562,0.8907837230094466
Hum_XLOC_000332,K562,0.9945271457489877
Hum_XLOC_000338,K562,0.9792303930499325
Hum_XLOC_000342,K562,0.9724618640350877
Hum_XLOC_000345,K562,0.8433067661943319
Hum_XLOC_000362,K562,0.15693174257759784
Hum_XLOC_000377,K562,0.5224436319163293
Hum_XLOC_000390,K562,0.6482456831983805
Hum_XLOC_000394,K562,0.9726784379217275
Hum_XLOC_000411,K562,0.847111314102564
Hum_XLOC_000415,K562,0.8273107607962213
Hum_XLOC_000430,K562,0.4226895900809717
Hum_XLOC_000436,K562,0.9622792898110663
Hum_XLOC_000437,K562,0.9945149291497976
Hum_XLOC_000456,K562,0.9812638529014844
Hum_XLOC_000461,K562,0.9529496592442644
Hum_XLOC_000462,K562,0.8107666261808365
Hum_XLOC_000465,K562,0.6569574342105262
Hum_XLOC_000472,K562,0.9591772739541161
Hum_XLOC_000474,K562,0.15581110661268555
Hum_XLOC_000478,K562,0.8525953087044535
Hum_XLOC_000486,K562,0.20791945512820514
Hum_XLOC_000490,K562,0.578443680836707
Hum_XLOC_000498,K562,0.7349835188933873
Hum_XLOC_000500,K562,0.9541895782726048
Hum_XLOC_000510,K562,0.9541178609986504
Hum_XLOC_000535,K562,0.5442519298245614
Hum_XLOC_000540,K562,0.7834917442645072
Hum_XLOC_000556,K562,0.3560052631578947
Hum_XLOC_000574,K562,0.6082527749662618
Hum_XLOC_000575,K562,0.44399963562753036
Hum_XLOC_000582,K562,0.10796645748987857
Hum_XLOC_000590,K562,0.6173883721322537
Hum_XLOC_000601,K562,0.16762873650472335
Hum_XLOC_000604,K562,0.6750241818488528
Hum_XLOC_000608,K562,0.8636470192307693
Hum_XLOC_000612,K562,0.7012452631578947
Hum_XLOC_000636,K562,0.9386629267881241
Hum_XLOC_000638,K562,0.7108236622807016
Hum_XLOC_000641,K562,0.06424058198380565
Hum_XLOC_000655,K562,0.9746884952766531
Hum_XLOC_000668,K562,0.21737962044534415
Hum_XLOC_000680,K562,0.15521664811066127
Hum_XLOC_000681,K562,0.4811884429824561
Hum_XLOC_000695,K562,0.25591245782726046
Hum_XLOC_000702,K562,0.2952741632928475
Hum_XLOC_000726,K562,0.9490768741565452
Hum_XLOC_000727,K562,0.48895025472334686
Hum_XLOC_000758,K562,0.23431621457489873
Hum_XLOC_000773,K562,0.851114898785425
Hum_XLOC_000774,K562,0.9163130077597842
Hum_XLOC_000797,K562,0.0410632810391363
Hum_XLOC_000799,K562,0.7442027176113359
Hum_XLOC_000800,K562,0.07093216430499324
Hum_XLOC_000807,K562,0.5310404504048583
Hum_XLOC_000818,K562,0.9312981275303643
Hum_XLOC_000828,K562,0.4154393606612685
Hum_XLOC_000831,K562,0.290227117071525
Hum_XLOC_000835,K562,0.7759210813090419
Hum_XLOC_000840,K562,0.5416066346153846
Hum_XLOC_000841,K562,0.6793580026990552
Hum_XLOC_000842,K562,0.10781294365721997
Hum_XLOC_000854,K562,0.9063622368421053
Hum_XLOC_000855,K562,0.3991810695006748
Hum_XLOC_000883,K562,0.1798071778002699
Hum_XLOC_000885,K562,0.041170187246963565
Hum_XLOC_000905,K562,0.873330745614035
Hum_XLOC_000917,K562,0.7613151703778676
Hum_XLOC_000925,K562,0.48738804824561405
Hum_XLOC_000944,K562,0.30404265519568147
Hum_XLOC_000949,K562,0.08017778677462888
Hum_XLOC_000953,K562,0.14678855769230773
Hum_XLOC_000964,K562,0.3094687871120108
Hum_XLOC_000990,K562,0.11608162618083673
Hum_XLOC_000994,K562,0.6814561673414304
Hum_XLOC_001020,K562,0.3223335914304993
Hum_XLOC_001029,K562,0.252688471659919
Hum_XLOC_001066,K562,0.3047804841430499
Hum_XLOC_001120,K562,0.7791702108636976
Hum_XLOC_001121,K562,0.8308345681511471
Hum_XLOC_001122,K562,0.9525388697705803
Hum_XLOC_001125,K562,0.9405668083670716
Hum_XLOC_001132,K562,0.4526933367071525
Hum_XLOC_001138,K562,0.29856611842105263
Hum_XLOC_001144,K562,0.39798200067476375
Hum_XLOC_001146,K562,0.3990609834682861
Hum_XLOC_001188,K562,0.5839991143724697
Hum_XLOC_001191,K562,0.2208385003373819
Hum_XLOC_001192,K562,0.7733947182860997
Hum_XLOC_001217,K562,0.195734576585695
Hum_XLOC_001222,K562,0.02578974696356275
Hum_XLOC_001228,K562,0.6727070462213225
Hum_XLOC_001230,K562,0.31708794365721993
Hum_XLOC_001237,K562,0.5594556039136301
Hum_XLOC_001243,K562,0.15660429824561403
Hum_XLOC_001275,K562,0.441288959176788
Hum_XLOC_001279,K562,0.5232058569500674
Hum_XLOC_001291,K562,0.5202109952766532
Hum_XLOC_001296,K562,0.60661004048583
Hum_XLOC_001297,K562,0.5491787651821862
Hum_XLOC_001309,K562,0.48415862516869096
Hum_XLOC_001329,K562,0.6237256595816464
Hum_XLOC_001330,K562,0.32282961538461535
Hum_XLOC_001355,K562,0.5719246980431849
Hum_XLOC_001366,K562,0.7869276923076922
Hum_XLOC_001367,K562,0.4395869703103913
Hum_XLOC_001375,K562,0.45843198886639674
Hum_XLOC_001390,K562,0.04143645748987854
Hum_XLOC_001405,K562,0.204741064439946
Hum_XLOC_001461,K562,0.2300388866396761
Hum_XLOC_001465,K562,0.5658978390688258
Hum_XLOC_001488,K562,0.3489380718623482
Hum_XLOC_001490,K562,0.9899821204453441
Hum_XLOC_001509,K562,0.8113642526990552
Hum_XLOC_001516,K562,0.5997951939946019
Hum_XLOC_001532,K562,0.6686815300269906
Hum_XLOC_001539,K562,0.8802548363697705
Hum_XLOC_001541,K562,0.7980082692307694
Hum_XLOC_001542,K562,0.9470051754385965
Hum_XLOC_001548,K562,0.8800588022941969
Hum_XLOC_001559,K562,0.4321198245614034
Hum_XLOC_001565,K562,0.9081953829284749
Hum_XLOC_001566,K562,0.8577182692307692
Hum_XLOC_001575,K562,0.04365515856950068
Hum_XLOC_001580,K562,0.030659143049932523
Hum_XLOC_001590,K562,0.7965552429149798
Hum_XLOC_001615,K562,0.8291191632928475
Hum_XLOC_001624,K562,0.8715296339406207
Hum_XLOC_001639,K562,0.8691355330634278
Hum_XLOC_001661,K562,0.6005374089068826
Hum_XLOC_001666,K562,0.027084218960863687
Hum_XLOC_001668,K562,0.12651832152496628
Hum_XLOC_001688,K562,0.4496701433873145
Hum_XLOC_001689,K562,0.8491592526990553
Hum_XLOC_001695,K562,0.8124713242240216
Hum_XLOC_001696,K562,0.3899007675438596
Hum_XLOC_001698,K562,0.6880544770580297
Hum_XLOC_001707,K562,0.5218158552631579
Hum_XLOC_001760,K562,0.5254260998650472
Hum_XLOC_001761,K562,0.9307806865721996
Hum_XLOC_001773,K562,0.40249175101214574
Hum_XLOC_001775,K562,0.3708338124156545
Hum_XLOC_001779,K562,0.995755620782726
Hum_XLOC_001783,K562,0.8837605836707153
Hum_XLOC_001791,K562,0.7835701265182186
Hum_XLOC_001805,K562,0.7943079571524967
Hum_XLOC_001809,K562,0.10411419703103912
Hum_XLOC_001848,K562,0.36763299089068824
Hum_XLOC_001919,K562,0.5162455313765182
Hum_XLOC_001941,K562,0.33188513495276645
Hum_XLOC_001942,K562,0.7422792948717949
Hum_XLOC_001949,K562,0.018431118421052627
Hum_XLOC_001950,K562,0.9764698228744938
Hum_XLOC_001953,K562,0.18813731528340077
Hum_XLOC_001957,K562,0.500490878879892
Hum_XLOC_001961,K562,0.8645867476383264
Hum_XLOC_001969,K562,0.830871342780027
Hum_XLOC_002024,K562,0.2796219585020243
Hum_XLOC_002028,K562,0.051347621457489875
Hum_XLOC_002033,K562,0.36736562078272605
Hum_XLOC_002036,K562,0.7729108383940622
Hum_XLOC_002037,K562,0.7482691548582996
Hum_XLOC_002041,K562,0.10305953947368421
Hum_XLOC_002059,K562,0.9528204740215924
Hum_XLOC_002061,K562,0.037435320512820516
Hum_XLOC_002068,K562,0.1217794854925776
Hum_XLOC_002081,K562,0.7543397891363022
Hum_XLOC_002093,K562,0.26634880566801616
Hum_XLOC_002099,K562,0.1836285374493927
Hum_XLOC_002144,K562,0.9054526720647773
Hum_XLOC_002150,K562,0.47607256410256404
Hum_XLOC_002152,K562,0.5853588360323887
Hum_XLOC_002154,K562,0.7566177884615385
Hum_XLOC_002169,K562,0.8670292965587044
Hum_XLOC_002170,K562,0.22690260796221315
Hum_XLOC_002176,K562,0.65184959682861
Hum_XLOC_002178,K562,0.07467716093117409
Hum_XLOC_002186,K562,0.6963208586369771
Hum_XLOC_002204,K562,0.6429613849527666
Hum_XLOC_002205,K562,0.3703673970985155
Hum_XLOC_002219,K562,0.6468092543859649
Hum_XLOC_002244,K562,0.5916442645074224
Hum_XLOC_002252,K562,0.6300288545883941
Hum_XLOC_002261,K562,0.3677931443994602
Hum_XLOC_002262,K562,0.6103618016194332
Hum_XLOC_002265,K562,0.5318562145748987
Hum_XLOC_002271,K562,0.9410807034412955
Hum_XLOC_002280,K562,0.5660821626180838
Hum_XLOC_002282,K562,0.3795029352226721
Hum_XLOC_002283,K562,0.889065293522267
Hum_XLOC_002284,K562,0.9817245226045884
Hum_XLOC_002294,K562,0.8916792004048584
Hum_XLOC_002296,K562,0.39756185053981097
Hum_XLOC_002299,K562,0.8509781528340081
Hum_XLOC_002301,K562,0.9788677732793521
Hum_XLOC_002306,K562,0.984316557017544
Hum_XLOC_002311,K562,0.4586400421727395
Hum_XLOC_002313,K562,0.7593586167341432
Hum_XLOC_002314,K562,0.9842652952091768
Hum_XLOC_002327,K562,0.9679029318488528
Hum_XLOC_002330,K562,0.7861113512145749
Hum_XLOC_002338,K562,0.5859344416329284
Hum_XLOC_002344,K562,0.08396244939271255
Hum_XLOC_002347,K562,0.6794731376518218
Hum_XLOC_002348,K562,0.7670202058029688
Hum_XLOC_002362,K562,0.09415191295546559
Hum_XLOC_002364,K562,0.6132666025641025
Hum_XLOC_002383,K562,0.1617710931174089
Hum_XLOC_002386,K562,0.8185777108636976
Hum_XLOC_002390,K562,0.9942879251012144
Hum_XLOC_002394,K562,0.9484107523616734
Hum_XLOC_002398,K562,0.3516522267206478
Hum_XLOC_002399,K562,0.7807251417004049
Hum_XLOC_002408,K562,0.04966623313090418
Hum_XLOC_002414,K562,0.5352279554655871
Hum_XLOC_002418,K562,0.8046485037112011
Hum_XLOC_002435,K562,0.40032260627530364
Hum_XLOC_002440,K562,0.9252969264507422
Hum_XLOC_002489,K562,0.17909460020242915
Hum_XLOC_002490,K562,0.38539557354925774
Hum_XLOC_002493,K562,0.14717651147098515
Hum_XLOC_002520,K562,0.9914152125506073
Hum_XLOC_002524,K562,0.2122583653846154
Hum_XLOC_002546,K562,0.4398124746963562
Hum_XLOC_002560,K562,0.522619141363023
Hum_XLOC_002570,K562,0.8017940485829959
Hum_XLOC_002577,K562,0.36099034412955466
Hum_XLOC_002579,K562,0.9070974612010796
Hum_XLOC_002586,K562,0.7372918387314439
Hum_XLOC_002589,K562,0.9402344922402158
Hum_XLOC_002629,K562,0.6225913292847504
Hum_XLOC_002631,K562,0.5505092645074223
Hum_XLOC_002635,K562,0.03727870614035087
Hum_XLOC_002644,K562,0.3659711319163293
Hum_XLOC_002646,K562,0.8290554790823214
Hum_XLOC_002653,K562,0.5800196238191632
Hum_XLOC_002681,K562,0.46663106950067473
Hum_XLOC_002695,K562,0.7105565890688258
Hum_XLOC_002702,K562,0.3674646744264507
Hum_XLOC_002705,K562,0.7950889338731445
Hum_XLOC_002711,K562,0.9487066093117409
Hum_XLOC_002714,K562,0.3904343134278002
Hum_XLOC_002717,K562,0.6644057270580296
Hum_XLOC_002725,K562,0.8777061015519569
Hum_XLOC_002741,K562,0.8728285509446693
Hum_XLOC_002742,K562,0.40809377361673416
Hum_XLOC_002744,K562,0.15905541160593792
Hum_XLOC_002760,K562,0.1345670597165992
Hum_XLOC_002788,K562,0.9199577159244264
Hum_XLOC_002792,K562,0.6384438191632928
Hum_XLOC_002796,K562,0.8609688663967612
Hum_XLOC_002817,K562,0.7989934547908234
Hum_XLOC_002836,K562,0.893267979082321
Hum_XLOC_002844,K562,0.44747181174089073
Hum_XLOC_002845,K562,0.9267974865047233
Hum_XLOC_002859,K562,0.1548278576248313
Hum_XLOC_002889,K562,0.9784118674089068
Hum_XLOC_002911,K562,0.9584207085020242
Hum_XLOC_002935,K562,0.4362459919028339
Hum_XLOC_002937,K562,0.9008942847503373
Hum_XLOC_002967,K562,0.11630457321187582
Hum_XLOC_002983,K562,0.36283894736842104
Hum_XLOC_002986,K562,0.7404157489878541
Hum_XLOC_002990,K562,0.3661194736842105
Hum_XLOC_003039,K562,0.6547480786099864
Hum_XLOC_003061,K562,0.9636397958839407
Hum_XLOC_003086,K562,0.9753316987179488
Hum_XLOC_003099,K562,0.31201316970310383
Hum_XLOC_003109,K562,0.4033184851551957
Hum_XLOC_003128,K562,0.930400342442645
Hum_XLOC_003134,K562,0.9518801501349525
Hum_XLOC_003137,K562,0.18982504723346827
Hum_XLOC_003154,K562,0.4158238984480432
Hum_XLOC_003155,K562,0.40906705296896084
Hum_XLOC_003171,K562,0.3329946255060729
Hum_XLOC_003209,K562,0.29521443994601887
Hum_XLOC_003215,K562,0.8847746035762483
Hum_XLOC_003221,K562,0.10845703103913629
Hum_XLOC_003232,K562,0.700523129217274
Hum_XLOC_003268,K562,0.8072036470985156
Hum_XLOC_003269,K562,0.8949433333333332
Hum_XLOC_003286,K562,0.9291207051282051
Hum_XLOC_003290,K562,0.17639142206477731
Hum_XLOC_003294,K562,0.2750308130904183
Hum_XLOC_003321,K562,0.9728399645748987
Hum_XLOC_003324,K562,0.6350489136302294
Hum_XLOC_003334,K562,0.11690479082321187
Hum_XLOC_003337,K562,0.2508974814439946
Hum_XLOC_003338,K562,0.1781756427125506
Hum_XLOC_003352,K562,0.9730944973009447
Hum_XLOC_003357,K562,0.8559056831983806
Hum_XLOC_003361,K562,0.8680457186234818
Hum_XLOC_003371,K562,0.35696531545209176
Hum_XLOC_003381,K562,0.06765989541160593
Hum_XLOC_003408,K562,0.1423838309716599
Hum_XLOC_003436,K562,0.2950130043859649
Hum_XLOC_003440,K562,0.030443198380566798
Hum_XLOC_003450,K562,0.8917411268556006
Hum_XLOC_003466,K562,0.32099220647773274
Hum_XLOC_003488,K562,0.24640027327935218
Hum_XLOC_003491,K562,0.4663961032388664
Hum_XLOC_003497,K562,0.18127564271255062
Hum_XLOC_003498,K562,0.27302530026990557
Hum_XLOC_003502,K562,0.8192451754385965
Hum_XLOC_003518,K562,0.21291388663967611
Hum_XLOC_003532,K562,0.5879378120782727
Hum_XLOC_003543,K562,0.5224724561403509
Hum_XLOC_003554,K562,0.7095278525641024
Hum_XLOC_003563,K562,0.1513103593117409
Hum_XLOC_003567,K562,0.7215911217948717
Hum_XLOC_003568,K562,0.6359995647773279
Hum_XLOC_003570,K562,0.2611903087044535
Hum_XLOC_003571,K562,0.5535234497300945
Hum_XLOC_003593,K562,0.7121798701079622
Hum_XLOC_003594,K562,0.8210219365721998
Hum_XLOC_003598,K562,0.4665804942645074
Hum_XLOC_003626,K562,0.11679291329284751
Hum_XLOC_003628,K562,0.22831156713900136
Hum_XLOC_003630,K562,0.454712189608637
Hum_XLOC_003641,K562,0.9711046018893389
Hum_XLOC_003662,K562,0.924947117071525
Hum_XLOC_003665,K562,0.9947512854251012
Hum_XLOC_003672,K562,0.8547268825910932
Hum_XLOC_003673,K562,0.23558832658569498
Hum_XLOC_003674,K562,0.9767940823211875
Hum_XLOC_003676,K562,0.8698674578272604
Hum_XLOC_003686,K562,0.10521800944669367
Hum_XLOC_003697,K562,0.16546704284750338
Hum_XLOC_003717,K562,0.08056024628879893
Hum_XLOC_003725,K562,0.2957090755735493
Hum_XLOC_003743,K562,0.7356664709851551
Hum_XLOC_003754,K562,0.6515661673414306
Hum_XLOC_003766,K562,0.949774870107962
Hum_XLOC_003775,K562,0.5737936504723347
Hum_XLOC_003790,K562,0.21982183198380564
Hum_XLOC_003799,K562,0.6040630465587044
Hum_XLOC_003853,K562,0.116444245951417
Hum_XLOC_003865,K562,0.4518356747638327
Hum_XLOC_003871,K562,0.04642179993252362
Hum_XLOC_003891,K562,0.5004792004048583
Hum_XLOC_003892,K562,0.8636606562078272
Hum_XLOC_003910,K562,0.8582011470985154
Hum_XLOC_003911,K562,0.9750329453441295
Hum_XLOC_003952,K562,0.9268402766531714
Hum_XLOC_003971,K562,0.7322259716599191
Hum_XLOC_003988,K562,0.9352063697705804
Hum_XLOC_004020,K562,0.03202227058029689
Hum_XLOC_004035,K562,0.9690188394062078
Hum_XLOC_004036,K562,0.9895429875168691
Hum_XLOC_004048,K562,0.0517345495951417
Hum_XLOC_004068,K562,0.12710811066126856
Hum_XLOC_004069,K562,0.06322309716599189
Hum_XLOC_004095,K562,0.9538217088394062
Hum_XLOC_004096,K562,0.5498381916329284
Hum_XLOC_004116,K562,0.9892692290823212
Hum_XLOC_004123,K562,0.06367613697705804
Hum_XLOC_004134,K562,0.5043669197031039
Hum_XLOC_004161,K562,0.2822836268556005
Hum_XLOC_004168,K562,0.5732208417678811
Hum_XLOC_004169,K562,0.1602211099865047
Hum_XLOC_004177,K562,0.7547082034412955
Hum_XLOC_004200,K562,0.9665709868421052
Hum_XLOC_004201,K562,0.6289750050607288
Hum_XLOC_004219,K562,0.17748274460188934
Hum_XLOC_004226,K562,0.7270574207152495
Hum_XLOC_004227,K562,0.7465357911605938
Hum_XLOC_004236,K562,0.3839862314439945
Hum_XLOC_004254,K562,0.9859986555330633
Hum_XLOC_004255,K562,0.4130076417004049
Hum_XLOC_004262,K562,0.9200596828609988
Hum_XLOC_004269,K562,0.0870106258434548
Hum_XLOC_004277,K562,0.3370862483130905
Hum_XLOC_004278,K562,0.43284554487179494
Hum_XLOC_004282,K562,0.9376816734143051
Hum_XLOC_004287,K562,0.8405200168690957
Hum_XLOC_004293,K562,0.49922916329284744
Hum_XLOC_004302,K562,0.34110882422402156
Hum_XLOC_004303,K562,0.12276815452091766
Hum_XLOC_004306,K562,0.21403930161943316
Hum_XLOC_004309,K562,0.9926172587719296
Hum_XLOC_004314,K562,0.9621415334008098
Hum_XLOC_004317,K562,0.18900201248313092
Hum_XLOC_004336,K562,0.6674160846828612
Hum_XLOC_004343,K562,0.8757523920377869
Hum_XLOC_004350,K562,0.9165477496626182
Hum_XLOC_004361,K562,0.126757024291498
Hum_XLOC_004363,K562,0.4258462398785425
Hum_XLOC_004401,K562,0.5615868033063427
Hum_XLOC_004405,K562,0.6975975809716599
Hum_XLOC_004407,K562,0.4037593117408907
Hum_XLOC_004424,K562,0.823097592780027
Hum_XLOC_004437,K562,0.4885884834682861
Hum_XLOC_004446,K562,0.3826953879892037
Hum_XLOC_004457,K562,0.9203137955465587
Hum_XLOC_004482,K562,0.5278556477732793
Hum_XLOC_004502,K562,0.20596702597840755
Hum_XLOC_004515,K562,0.4085250961538461
Hum_XLOC_004529,K562,0.8445263343454791
Hum_XLOC_004535,K562,0.1415006950067476
Hum_XLOC_004553,K562,0.8642463309716599
Hum_XLOC_004566,K562,0.20920391025641025
Hum_XLOC_004567,K562,0.26856841767881234
Hum_XLOC_004572,K562,0.9390272908232119
Hum_XLOC_004578,K562,0.24738950236167334
Hum_XLOC_004580,K562,0.2535916076248313
Hum_XLOC_004581,K562,0.7116481342780028
Hum_XLOC_004587,K562,0.30395214912280705
Hum_XLOC_004600,K562,0.27659674089068825
Hum_XLOC_004601,K562,0.6394665620782726
Hum_XLOC_004607,K562,0.9546706072874495
Hum_XLOC_004617,K562,0.7456187938596489
Hum_XLOC_004619,K562,0.8723053744939271
Hum_XLOC_004620,K562,0.9736882877867746
Hum_XLOC_004632,K562,0.4599202834008097
Hum_XLOC_004636,K562,0.7812576703778676
Hum_XLOC_004652,K562,0.5070238613360324
Hum_XLOC_004653,K562,0.749520382928475
Hum_XLOC_004657,K562,0.9443325826585695
Hum_XLOC_004661,K562,0.37165208839406205
Hum_XLOC_004683,K562,0.07608668690958165
Hum_XLOC_004684,K562,0.7015621659919028
Hum_XLOC_004688,K562,0.7471456781376515
Hum_XLOC_004689,K562,0.8659440553306342
Hum_XLOC_004705,K562,0.6652315182186235
Hum_XLOC_004717,K562,0.2386648245614035
Hum_XLOC_004718,K562,0.9178641885964912
Hum_XLOC_004733,K562,0.8455985695006748
Hum_XLOC_004741,K562,0.029378286099865047
Hum_XLOC_004762,K562,0.9813973076923077
Hum_XLOC_004771,K562,0.4383681983805668
Hum_XLOC_004777,K562,0.582404750337382
Hum_XLOC_004788,K562,0.7606259935897435
Hum_XLOC_004791,K562,0.6848398937246963
Hum_XLOC_004795,K562,0.33977086875843454
Hum_XLOC_004803,K562,0.2427418556005398
Hum_XLOC_004805,K562,0.40771336201079617
Hum_XLOC_004813,K562,0.5665604706477733
Hum_XLOC_004815,K562,0.801364790823212
Hum_XLOC_004822,K562,0.6776388444669366
Hum_XLOC_004823,K562,0.5114564625506073
Hum_XLOC_004827,K562,0.03818067139001349
Hum_XLOC_004837,K562,0.8310426214574897
Hum_XLOC_004839,K562,0.8034979318488529
Hum_XLOC_004855,K562,0.7857420360998649
Hum_XLOC_004874,K562,0.0671516447368421
Hum_XLOC_004875,K562,0.5360614996626182
Hum_XLOC_004878,K562,0.5371619348852901
Hum_XLOC_004884,K562,0.5197376535087719
Hum_XLOC_004911,K562,0.24453993758434545
Hum_XLOC_004915,K562,0.9581200995276653
Hum_XLOC_004927,K562,0.9144894787449391
Hum_XLOC_004929,K562,0.9693887314439946
Hum_XLOC_004936,K562,0.8372971508097167
Hum_XLOC_004957,K562,0.654847668690958
Hum_XLOC_004960,K562,0.9603336336032389
Hum_XLOC_004965,K562,0.11810885964912281
Hum_XLOC_000006,MDA-MB-231,0.1371582726045884
Hum_XLOC_000008,MDA-MB-231,0.5703230414979757
Hum_XLOC_000016,MDA-MB-231,0.747632688933873
Hum_XLOC_000030,MDA-MB-231,0.58786290317139
Hum_XLOC_000033,MDA-MB-231,0.49380207827260447
Hum_XLOC_000039,MDA-MB-231,0.8079620934547909
Hum_XLOC_000053,MDA-MB-231,0.15146314608636977
Hum_XLOC_000057,MDA-MB-231,0.5587539794197031
Hum_XLOC_000060,MDA-MB-231,0.4221148987854251
Hum_XLOC_000080,MDA-MB-231,0.1836302108636977
Hum_XLOC_000094,MDA-MB-231,0.708002685560054
Hum_XLOC_000100,MDA-MB-231,0.6620007422402159
Hum_XLOC_000105,MDA-MB-231,0.10616527665317138
Hum_XLOC_000107,MDA-MB-231,0.14211562415654522
Hum_XLOC_000111,MDA-MB-231,0.3662273110661269
Hum_XLOC_000134,MDA-MB-231,0.30509823717948714
Hum_XLOC_000143,MDA-MB-231,0.7926641160593791
Hum_XLOC_000145,MDA-MB-231,0.8469283080296895
Hum_XLOC_000149,MDA-MB-231,0.320435423414305
Hum_XLOC_000155,MDA-MB-231,0.5315857085020244
Hum_XLOC_000169,MDA-MB-231,0.8618767375168689
Hum_XLOC_000170,MDA-MB-231,0.6292744062078273
Hum_XLOC_000194,MDA-MB-231,0.8528725674763833
Hum_XLOC_000201,MDA-MB-231,0.2122242172739541
Hum_XLOC_000231,MDA-MB-231,0.5226219736842105
Hum_XLOC_000233,MDA-MB-231,0.7595398532388664
Hum_XLOC_000245,MDA-MB-231,0.3269473633603238
Hum_XLOC_000247,MDA-MB-231,0.4148122469635627
Hum_XLOC_000248,MDA-MB-231,0.5730214389338731
Hum_XLOC_000265,MDA-MB-231,0.5303671069500674
Hum_XLOC_000282,MDA-MB-231,0.5952227834008096
Hum_XLOC_000286,MDA-MB-231,0.8484621136977056
Hum_XLOC_000292,MDA-MB-231,0.15255657219973007
Hum_XLOC_000307,MDA-MB-231,0.07280309210526316
Hum_XLOC_000308,MDA-MB-231,0.3887622857624831
Hum_XLOC_000312,MDA-MB-231,0.24501742746288802
Hum_XLOC_000314,MDA-MB-231,0.15845546390013493
Hum_XLOC_000317,MDA-MB-231,0.21717668859649122
Hum_XLOC_000319,MDA-MB-231,0.5904377985829959
Hum_XLOC_000332,MDA-MB-231,0.7106212736167341
Hum_XLOC_000338,MDA-MB-231,0.9921566228070174
Hum_XLOC_000342,MDA-MB-231,0.4227332827260459
Hum_XLOC_000345,MDA-MB-231,0.1465695883940621
Hum_XLOC_000362,MDA-MB-231,0.05229620276653171
Hum_XLOC_000377,MDA-MB-231,0.2946092560728745
Hum_XLOC_000390,MDA-MB-231,0.2670310964912281
Hum_XLOC_000394,MDA-MB-231,0.5262596828609986
Hum_XLOC_000411,MDA-MB-231,0.681351487854251
Hum_XLOC_000415,MDA-MB-231,0.41937155026990547
Hum_XLOC_000430,MDA-MB-231,0.39377346997300944
Hum_XLOC_000436,MDA-MB-231,0.7885084463562753
Hum_XLOC_000437,MDA-MB-231,0.7843376956815113
Hum_XLOC_000456,MDA-MB-231,0.9866543640350877
Hum_XLOC_000461,MDA-MB-231,0.5797246508097166
Hum_XLOC_000462,MDA-MB-231,0.4485907456140351
Hum_XLOC_000465,MDA-MB-231,0.4776740131578947
Hum_XLOC_000472,MDA-MB-231,0.5433419230769231
Hum_XLOC_000474,MDA-MB-231,0.1830981764507422
Hum_XLOC_000478,MDA-MB-231,0.8244053053306342
Hum_XLOC_000486,MDA-MB-231,0.12608287112010796
Hum_XLOC_000490,MDA-MB-231,0.2231862466261808
Hum_XLOC_000498,MDA-MB-231,0.42439719129554654
Hum_XLOC_000500,MDA-MB-231,0.1381144483805668
Hum_XLOC_000510,MDA-MB-231,0.6482666514844805
Hum_XLOC_000535,MDA-MB-231,0.46057995107962213
Hum_XLOC_000540,MDA-MB-231,0.5843088174763833
Hum_XLOC_000556,MDA-MB-231,0.33488270242914975
Hum_XLOC_000574,MDA-MB-231,0.25513058535762484
Hum_XLOC_000575,MDA-MB-231,0.4564454639001349
Hum_XLOC_000582,MDA-MB-231,0.08622783569500675
Hum_XLOC_000590,MDA-MB-231,0.2939324578272604
Hum_XLOC_000601,MDA-MB-231,0.19992238360323886
Hum_XLOC_000604,MDA-MB-231,0.5333439827935222
Hum_XLOC_000608,MDA-MB-231,0.5271951383265856
Hum_XLOC_000612,MDA-MB-231,0.25103474865047226
Hum_XLOC_000636,MDA-MB-231,0.5862057051282051
Hum_XLOC_000638,MDA-MB-231,0.5524976130229421
Hum_XLOC_000641,MDA-MB-231,0.03760882928475033
Hum_XLOC_000655,MDA-MB-231,0.7957578002699055
Hum_XLOC_000668,MDA-MB-231,0.11714455634278002
Hum_XLOC_000680,MDA-MB-231,0.045277128879892034
Hum_XLOC_000681,MDA-MB-231,0.3825000050607287
Hum_XLOC_000695,MDA-MB-231,0.142565568488529
Hum_XLOC_000702,MDA-MB-231,0.15371403340080975
Hum_XLOC_000726,MDA-MB-231,0.5688774460188935
Hum_XLOC_000727,MDA-MB-231,0.09343915991902832
Hum_XLOC_000758,MDA-MB-231,0.21124073886639674
Hum_XLOC_000773,MDA-MB-231,0.1876627260458839
Hum_XLOC_000774,MDA-MB-231,0.5925424342105264
Hum_XLOC_000797,MDA-MB-231,0.04102723178137651
Hum_XLOC_000799,MDA-MB-231,0.4256002344804318
Hum_XLOC_000800,MDA-MB-231,0.11105668859649122
Hum_XLOC_000807,MDA-MB-231,0.5583673549257758
Hum_XLOC_000818,MDA-MB-231,0.6192315738866396
Hum_XLOC_000828,MDA-MB-231,0.1991954504048583
Hum_XLOC_000831,MDA-MB-231,0.2550838056680162
Hum_XLOC_000835,MDA-MB-231,0.5849390721997301
Hum_XLOC_000840,MDA-MB-231,0.4105417763157895
Hum_XLOC_000841,MDA-MB-231,0.5258279976383265
Hum_XLOC_000842,MDA-MB-231,0.13986900303643723
Hum_XLOC_000854,MDA-MB-231,0.27738468454790827
Hum_XLOC_000855,MDA-MB-231,0.1577054520917679
Hum_XLOC_000883,MDA-MB-231,0.10015767712550608
Hum_XLOC_000885,MDA-MB-231,0.0597017645074224
Hum_XLOC_000905,MDA-MB-231,0.8842736150472335
Hum_XLOC_000917,MDA-MB-231,0.48199911268556
Hum_XLOC_000925,MDA-MB-231,0.3494491616059379
Hum_XLOC_000944,MDA-MB-231,0.24266766869095815
Hum_XLOC_000949,MDA-MB-231,0.03896718623481781
Hum_XLOC_000953,MDA-MB-231,0.19054019568151145
Hum_XLOC_000964,MDA-MB-231,0.3883417560728745
Hum_XLOC_000990,MDA-MB-231,0.12346553475033739
Hum_XLOC_000994,MDA-MB-231,0.4040699730094467
Hum_XLOC_001020,MDA-MB-231,0.24558475708502026
Hum_XLOC_001029,MDA-MB-231,0.11406297064777328
Hum_XLOC_001066,MDA-MB-231,0.32003248819163294
Hum_XLOC_001120,MDA-MB-231,0.34476001686909574
Hum_XLOC_001121,MDA-MB-231,0.650601314102564
Hum_XLOC_001122,MDA-MB-231,0.8205697790148447
Hum_XLOC_001125,MDA-MB-231,0.4602763866396762
Hum_XLOC_001132,MDA-MB-231,0.30206280701754384
Hum_XLOC_001138,MDA-MB-231,0.3722446524966262
Hum_XLOC_001144,MDA-MB-231,0.27057810560053985
Hum_XLOC_001146,MDA-MB-231,0.4563297874493927
Hum_XLOC_001188,MDA-MB-231,0.44535417510121456
Hum_XLOC_001191,MDA-MB-231,0.26135241734143044
Hum_XLOC_001192,MDA-MB-231,0.7491297688933871
Hum_XLOC_001217,MDA-MB-231,0.16734697537112012
Hum_XLOC_001222,MDA-MB-231,0.017613679149797567
Hum_XLOC_001228,MDA-MB-231,0.33837172908232116
Hum_XLOC_001230,MDA-MB-231,0.2681870934547908
Hum_XLOC_001237,MDA-MB-231,0.12774117071524965
Hum_XLOC_001243,MDA-MB-231,0.18124157726045884
Hum_XLOC_001275,MDA-MB-231,0.3457485711875843
Hum_XLOC_001279,MDA-MB-231,0.3907047958839406
Hum_XLOC_001291,MDA-MB-231,0.46979773954116055
Hum_XLOC_001296,MDA-MB-231,0.1900795124831309
Hum_XLOC_001297,MDA-MB-231,0.35319727564102565
Hum_XLOC_001309,MDA-MB-231,0.27164328947368416
Hum_XLOC_001329,MDA-MB-231,0.33208978407557355
Hum_XLOC_001330,MDA-MB-231,0.3236729048582996
Hum_XLOC_001355,MDA-MB-231,0.21577664811066127
Hum_XLOC_001366,MDA-MB-231,0.882128367071525
Hum_XLOC_001367,MDA-MB-231,0.4297528576248313
Hum_XLOC_001375,MDA-MB-231,0.4410882877867746
Hum_XLOC_001390,MDA-MB-231,0.07942393387314439
Hum_XLOC_001405,MDA-MB-231,0.05782669365721997
Hum_XLOC_001461,MDA-MB-231,0.07539188933873144
Hum_XLOC_001465,MDA-MB-231,0.3803896794871795
Hum_XLOC_001488,MDA-MB-231,0.2890449308367071
Hum_XLOC_001490,MDA-MB-231,0.43008917510121447
Hum_XLOC_001509,MDA-MB-231,0.54359790317139
Hum_XLOC_001516,MDA-MB-231,0.4033541599190283
Hum_XLOC_001532,MDA-MB-231,0.43441127867746293
Hum_XLOC_001539,MDA-MB-231,0.713819681174089
Hum_XLOC_001541,MDA-MB-231,0.7525164001349528
Hum_XLOC_001542,MDA-MB-231,0.5913582877867747
Hum_XLOC_001548,MDA-MB-231,0.9506287179487178
Hum_XLOC_001559,MDA-MB-231,0.36800812415654527
Hum_XLOC_001565,MDA-MB-231,0.7157236521592443
Hum_XLOC_001566,MDA-MB-231,0.32004602732793525
Hum_XLOC_001575,MDA-MB-231,0.021099399460188933
Hum_XLOC_001580,MDA-MB-231,0.08243092611336031
Hum_XLOC_001590,MDA-MB-231,0.4294031241565452
Hum_XLOC_001615,MDA-MB-231,0.2972322064777328
Hum_XLOC_001624,MDA-MB-231,0.6660857877867746
Hum_XLOC_001639,MDA-MB-231,0.4681351686909581
Hum_XLOC_001661,MDA-MB-231,0.2779106140350877
Hum_XLOC_001666,MDA-MB-231,0.018434200404858294
Hum_XLOC_001668,MDA-MB-231,0.17370858805668013
Hum_XLOC_001688,MDA-MB-231,0.501598955802969
Hum_XLOC_001689,MDA-MB-231,0.7183165570175437
Hum_XLOC_001695,MDA-MB-231,0.452127592780027
Hum_XLOC_001696,MDA-MB-231,0.20774467105263156
Hum_XLOC_001698,MDA-MB-231,0.6470050219298245
Hum_XLOC_001707,MDA-MB-231,0.4030858383940621
Hum_XLOC_001760,MDA-MB-231,0.4708009429824561
Hum_XLOC_001761,MDA-MB-231,0.8436454116059379
Hum_XLOC_001773,MDA-MB-231,0.1947979318488529
Hum_XLOC_001775,MDA-MB-231,0.1913871339406208
Hum_XLOC_001779,MDA-MB-231,0.7992210222672064
Hum_XLOC_001783,MDA-MB-231,0.4207280836707152
Hum_XLOC_001791,MDA-MB-231,0.6945734817813766
Hum_XLOC_001805,MDA-MB-231,0.29057684547908225
Hum_XLOC_001809,MDA-MB-231,0.04042195344129555
Hum_XLOC_001848,MDA-MB-231,0.2860181747638326
Hum_XLOC_001919,MDA-MB-231,0.478456540148448
Hum_XLOC_001941,MDA-MB-231,0.39811174932523613
Hum_XLOC_001942,MDA-MB-231,0.6493705263157895
Hum_XLOC_001949,MDA-MB-231,0.010916373144399458
Hum_XLOC_001950,MDA-MB-231,0.773274019905533
Hum_XLOC_001953,MDA-MB-231,0.2391759463562753
Hum_XLOC_001957,MDA-MB-231,0.5254476501349528
Hum_XLOC_001961,MDA-MB-231,0.8189576855600539
Hum_XLOC_001969,MDA-MB-231,0.81023233805668
Hum_XLOC_002024,MDA-MB-231,0.332194544534413
Hum_XLOC_002028,MDA-MB-231,0.024896165654520918
Hum_XLOC_002033,MDA-MB-231,0.2742671828609986
Hum_XLOC_002036,MDA-MB-231,0.2710871002024291
Hum_XLOC_002037,MDA-MB-231,0.3729482354925776
Hum_XLOC_002041,MDA-MB-231,0.219906116734143
Hum_XLOC_002059,MDA-MB-231,0.5750936470985155
Hum_XLOC_002061,MDA-MB-231,0.04053716936572199
Hum_XLOC_002068,MDA-MB-231,0.06257911099865048
Hum_XLOC_002081,MDA-MB-231,0.448176847165992
Hum_XLOC_002093,MDA-MB-231,0.220758822537112
Hum_XLOC_002099,MDA-MB-231,0.0884594483805668
Hum_XLOC_002144,MDA-MB-231,0.4260179993252361
Hum_XLOC_002150,MDA-MB-231,0.38373140519568155
Hum_XLOC_002152,MDA-MB-231,0.30206026147098514
Hum_XLOC_002154,MDA-MB-231,0.11463181174089071
Hum_XLOC_002169,MDA-MB-231,0.8141005111336032
Hum_XLOC_002170,MDA-MB-231,0.272349741902834
Hum_XLOC_002176,MDA-MB-231,0.4276535543184885
Hum_XLOC_002178,MDA-MB-231,0.09234017037786772
Hum_XLOC_002186,MDA-MB-231,0.5128127732793523
Hum_XLOC_002204,MDA-MB-231,0.5593274561403508
Hum_XLOC_002205,MDA-MB-231,0.36489105937921723
Hum_XLOC_002219,MDA-MB-231,0.47106002361673416
Hum_XLOC_002244,MDA-MB-231,0.29645092105263154
Hum_XLOC_002252,MDA-MB-231,0.7755703306342779
Hum_XLOC_002261,MDA-MB-231,0.3988884699730094
Hum_XLOC_002262,MDA-MB-231,0.34233073380566803
Hum_XLOC_002265,MDA-MB-231,0.3480666430499325
Hum_XLOC_002271,MDA-MB-231,0.7388273515519568
Hum_XLOC_002280,MDA-MB-231,0.3659983603238866
Hum_XLOC_002282,MDA-MB-231,0.3729792020917679
Hum_XLOC_002283,MDA-MB-231,0.812508744939271
Hum_XLOC_002284,MDA-MB-231,0.2588406646423751
Hum_XLOC_002294,MDA-MB-231,0.537187209851552
Hum_XLOC_002296,MDA-MB-231,0.345094391025641
Hum_XLOC_002299,MDA-MB-231,0.10591026147098517
Hum_XLOC_002301,MDA-MB-231,0.2602049949392713
Hum_XLOC_002306,MDA-MB-231,0.38021729251012143
Hum_XLOC_002311,MDA-MB-231,0.531254866734143
Hum_XLOC_002313,MDA-MB-231,0.26747448043184885
Hum_XLOC_002314,MDA-MB-231,0.8902525067476382
Hum_XLOC_002327,MDA-MB-231,0.5706001012145748
Hum_XLOC_002330,MDA-MB-231,0.26391854082321187
Hum_XLOC_002338,MDA-MB-231,0.41325810728744933
Hum_XLOC_002344,MDA-MB-231,0.0704828491902834
Hum_XLOC_002347,MDA-MB-231,0.7313044854925775
Hum_XLOC_002348,MDA-MB-231,0.7450261825236165
Hum_XLOC_002362,MDA-MB-231,0.09101517206477731
Hum_XLOC_002364,MDA-MB-231,0.47822213056680163
Hum_XLOC_002383,MDA-MB-231,0.034325156882591086
Hum_XLOC_002386,MDA-MB-231,0.7171186858974359
Hum_XLOC_002390,MDA-MB-231,0.6782673076923077
Hum_XLOC_002394,MDA-MB-231,0.5994012145748987
Hum_XLOC_002398,MDA-MB-231,0.3462034615384615
Hum_XLOC_002399,MDA-MB-231,0.09094335695006747
Hum_XLOC_002408,MDA-MB-231,0.03132737179487179
Hum_XLOC_002414,MDA-MB-231,0.42029887651821857
Hum_XLOC_002418,MDA-MB-231,0.23701952597840759
Hum_XLOC_002435,MDA-MB-231,0.3860436234817814
Hum_XLOC_002440,MDA-MB-231,0.47098584345479083
Hum_XLOC_002489,MDA-MB-231,0.20174055499325236
Hum_XLOC_002490,MDA-MB-231,0.4555749342105263
Hum_XLOC_002493,MDA-MB-231,0.12112092611336032
Hum_XLOC_002520,MDA-MB-231,0.7870634412955465
Hum_XLOC_002524,MDA-MB-231,0.050554849865047234
Hum_XLOC_002546,MDA-MB-231,0.3155196018893387
Hum_XLOC_002560,MDA-MB-231,0.25756593623481777
Hum_XLOC_002570,MDA-MB-231,0.08122892712550606
Hum_XLOC_002577,MDA-MB-231,0.10632859480431847
Hum_XLOC_002579,MDA-MB-231,0.702052149122807
Hum_XLOC_002586,MDA-MB-231,0.07120003711201078
Hum_XLOC_002589,MDA-MB-231,0.5696542273954116
Hum_XLOC_002629,MDA-MB-231,0.27501216430499326
Hum_XLOC_002631,MDA-MB-231,0.35844415991902834
Hum_XLOC_002635,MDA-MB-231,0.019600389676113363
Hum_XLOC_002644,MDA-MB-231,0.33657717273954113
Hum_XLOC_002646,MDA-MB-231,0.18175005735492578
Hum_XLOC_002653,MDA-MB-231,0.3150643252361674
Hum_XLOC_002681,MDA-MB-231,0.055327641700404856
Hum_XLOC_002695,MDA-MB-231,0.28140247469635626
Hum_XLOC_002702,MDA-MB-231,0.10819189777327935
Hum_XLOC_002705,MDA-MB-231,0.557592572537112
Hum_XLOC_002711,MDA-MB-231,0.4461773228744939
Hum_XLOC_002714,MDA-MB-231,0.1557426838731444
Hum_XLOC_002717,MDA-MB-231,0.5611068927125505
Hum_XLOC_002725,MDA-MB-231,0.09493790823211876
Hum_XLOC_002741,MDA-MB-231,0.7619874308367073
Hum_XLOC_002742,MDA-MB-231,0.2477734817813765
Hum_XLOC_002744,MDA-MB-231,0.12424866059379217
Hum_XLOC_002760,MDA-MB-231,0.13711920040485828
Hum_XLOC_002788,MDA-MB-231,0.6632810948043185
Hum_XLOC_002792,MDA-MB-231,0.6447014304993252
Hum_XLOC_002796,MDA-MB-231,0.30201511808367076
Hum_XLOC_002817,MDA-MB-231,0.4987520867071525
Hum_XLOC_002836,MDA-MB-231,0.9792850219298245
Hum_XLOC_002844,MDA-MB-231,0.4566263191632929
Hum_XLOC_002845,MDA-MB-231,0.6815724848178137
Hum_XLOC_002859,MDA-MB-231,0.19781099358974355
Hum_XLOC_002889,MDA-MB-231,0.8488869416329282
Hum_XLOC_002911,MDA-MB-231,0.6790971423751688
Hum_XLOC_002935,MDA-MB-231,0.47930153846153845
Hum_XLOC_002937,MDA-MB-231,0.6080180566801618
Hum_XLOC_002967,MDA-MB-231,0.1518711858974359
Hum_XLOC_002983,MDA-MB-231,0.20792417510121453
Hum_XLOC_002986,MDA-MB-231,0.2549455414979757
Hum_XLOC_002990,MDA-MB-231,0.22825077091767879
Hum_XLOC_003039,MDA-MB-231,0.6145659682860998
Hum_XLOC_003061,MDA-MB-231,0.33543310053981107
Hum_XLOC_003086,MDA-MB-231,0.9139416379892039
Hum_XLOC_003099,MDA-MB-231,0.09952122638326585
Hum_XLOC_003109,MDA-MB-231,0.49075543353576245
Hum_XLOC_003128,MDA-MB-231,0.9529421592442646
Hum_XLOC_003134,MDA-MB-231,0.4391644804318488
Hum_XLOC_003137,MDA-MB-231,0.27812457321187584
Hum_XLOC_003154,MDA-MB-231,0.13932564946018894
Hum_XLOC_003155,MDA-MB-231,0.24423905195681514
Hum_XLOC_003171,MDA-MB-231,0.33867133940620786
Hum_XLOC_003209,MDA-MB-231,0.21995555161943317
Hum_XLOC_003215,MDA-MB-231,0.8816457321187584
Hum_XLOC_003221,MDA-MB-231,0.16547792678812415
Hum_XLOC_003232,MDA-MB-231,0.6273186639676114
Hum_XLOC_003268,MDA-MB-231,0.3280748954116059
Hum_XLOC_003269,MDA-MB-231,0.2703876383265857
Hum_XLOC_003286,MDA-MB-231,0.3624176804993252
Hum_XLOC_003290,MDA-MB-231,0.07304079622132252
Hum_XLOC_003294,MDA-MB-231,0.26078310560053986
Hum_XLOC_003321,MDA-MB-231,0.7521522655195682
Hum_XLOC_003324,MDA-MB-231,0.602408616734143
Hum_XLOC_003334,MDA-MB-231,0.09327690958164642
Hum_XLOC_003337,MDA-MB-231,0.3038118690958164
Hum_XLOC_003338,MDA-MB-231,0.18998264844804316
Hum_XLOC_003352,MDA-MB-231,0.7538510526315788
Hum_XLOC_003357,MDA-MB-231,0.4743861892712551
Hum_XLOC_003361,MDA-MB-231,0.6130387246963562
Hum_XLOC_003371,MDA-MB-231,0.13618536605937923
Hum_XLOC_003381,MDA-MB-231,0.09844396761133602
Hum_XLOC_003408,MDA-MB-231,0.035061325910931175
Hum_XLOC_003436,MDA-MB-231,0.1385433164642375
Hum_XLOC_003440,MDA-MB-231,0.022257596153846152
Hum_XLOC_003450,MDA-MB-231,0.6547843927125506
Hum_XLOC_003466,MDA-MB-231,0.18765730263157893
Hum_XLOC_003488,MDA-MB-231,0.4128601551956815
Hum_XLOC_003491,MDA-MB-231,0.41510328103913624
Hum_XLOC_003497,MDA-MB-231,0.062393405870445354
Hum_XLOC_003498,MDA-MB-231,0.18736508603238866
Hum_XLOC_003502,MDA-MB-231,0.596324431511471
Hum_XLOC_003518,MDA-MB-231,0.32184761470985157
Hum_XLOC_003532,MDA-MB-231,0.3995421288798921
Hum_XLOC_003543,MDA-MB-231,0.30125413967611336
Hum_XLOC_003554,MDA-MB-231,0.8393633535762481
Hum_XLOC_003563,MDA-MB-231,0.1688193825910931
Hum_XLOC_003567,MDA-MB-231,0.40242262314439947
Hum_XLOC_003568,MDA-MB-231,0.5935273380566801
Hum_XLOC_003570,MDA-MB-231,0.1815456157219973
Hum_XLOC_003571,MDA-MB-231,0.5939640873819163
Hum_XLOC_003593,MDA-MB-231,0.7535745310391362
Hum_XLOC_003594,MDA-MB-231,0.12041937921727396
Hum_XLOC_003598,MDA-MB-231,0.43982197874493917
Hum_XLOC_003626,MDA-MB-231,0.07802410931174088
Hum_XLOC_003628,MDA-MB-231,0.27386411268556005
Hum_XLOC_003630,MDA-MB-231,0.30462482624831305
Hum_XLOC_003641,MDA-MB-231,0.683047508434548
Hum_XLOC_003662,MDA-MB-231,0.5287841346153845
Hum_XLOC_003665,MDA-MB-231,0.6412444045209176
Hum_XLOC_003672,MDA-MB-231,0.33193105431848857
Hum_XLOC_003673,MDA-MB-231,0.15420276315789475
Hum_XLOC_003674,MDA-MB-231,0.7993043758434548
Hum_XLOC_003676,MDA-MB-231,0.9531931443994601
Hum_XLOC_003686,MDA-MB-231,0.07183853407557356
Hum_XLOC_003697,MDA-MB-231,0.07103057186234818
Hum_XLOC_003717,MDA-MB-231,0.04506071862348177
Hum_XLOC_003725,MDA-MB-231,0.18595845985155196
Hum_XLOC_003743,MDA-MB-231,0.08473135290148447
Hum_XLOC_003754,MDA-MB-231,0.4927177327935222
Hum_XLOC_003766,MDA-MB-231,0.7087432034412955
Hum_XLOC_003775,MDA-MB-231,0.18602822705802968
Hum_XLOC_003790,MDA-MB-231,0.15378373987854252
Hum_XLOC_003799,MDA-MB-231,0.7115280313765182
Hum_XLOC_003853,MDA-MB-231,0.040546783063427794
Hum_XLOC_003865,MDA-MB-231,0.14006286943319837
Hum_XLOC_003871,MDA-MB-231,0.025653335020242914
Hum_XLOC_003891,MDA-MB-231,0.4242375337381916
Hum_XLOC_003892,MDA-MB-231,0.6896220344129554
Hum_XLOC_003910,MDA-MB-231,0.24204824392712548
Hum_XLOC_003911,MDA-MB-231,0.4671874291497976
Hum_XLOC_003952,MDA-MB-231,0.5717778609986505
Hum_XLOC_003971,MDA-MB-231,0.47504931005398116
Hum_XLOC_003988,MDA-MB-231,0.4012777479757085
Hum_XLOC_004020,MDA-MB-231,0.024233692645074224
Hum_XLOC_004035,MDA-MB-231,0.6658912837381917
Hum_XLOC_004036,MDA-MB-231,0.921088451417004
Hum_XLOC_004048,MDA-MB-231,0.030411752699055328
Hum_XLOC_004068,MDA-MB-231,0.08225856781376517
Hum_XLOC_004069,MDA-MB-231,0.05887029689608636
Hum_XLOC_004095,MDA-MB-231,0.3666323178137652
Hum_XLOC_004096,MDA-MB-231,0.11440167004048583
Hum_XLOC_004116,MDA-MB-231,0.6446775590418353
Hum_XLOC_004123,MDA-MB-231,0.05293294871794872
Hum_XLOC_004134,MDA-MB-231,0.4816446255060728
Hum_XLOC_004161,MDA-MB-231,0.31773529352226715
Hum_XLOC_004168,MDA-MB-231,0.4249005448717948
Hum_XLOC_004169,MDA-MB-231,0.15421662955465587
Hum_XLOC_004177,MDA-MB-231,0.6550850674763832
Hum_XLOC_004200,MDA-MB-231,0.6354557810391364
Hum_XLOC_004201,MDA-MB-231,0.44592715755735485
Hum_XLOC_004219,MDA-MB-231,0.15977881578947367
Hum_XLOC_004226,MDA-MB-231,0.5797805853576248
Hum_XLOC_004227,MDA-MB-231,0.6235092729419703
Hum_XLOC_004236,MDA-MB-231,0.3651634581646424
Hum_XLOC_004254,MDA-MB-231,0.9895709463562752
Hum_XLOC_004255,MDA-MB-231,0.12329123144399459
Hum_XLOC_004262,MDA-MB-231,0.8718336538461537
Hum_XLOC_004269,MDA-MB-231,0.17066622469635628
Hum_XLOC_004277,MDA-MB-231,0.35089717948717947
Hum_XLOC_004278,MDA-MB-231,0.43558683535762477
Hum_XLOC_004282,MDA-MB-231,0.4089461420377868
Hum_XLOC_004287,MDA-MB-231,0.5217112314439947
Hum_XLOC_004293,MDA-MB-231,0.13484537955465586
Hum_XLOC_004302,MDA-MB-231,0.16211911437246962
Hum_XLOC_004303,MDA-MB-231,0.0506316447368421
Hum_XLOC_004306,MDA-MB-231,0.06583575067476383
Hum_XLOC_004309,MDA-MB-231,0.8232038798920378
Hum_XLOC_004314,MDA-MB-231,0.8525426602564102
Hum_XLOC_004317,MDA-MB-231,0.08840152159244265
Hum_XLOC_004336,MDA-MB-231,0.5780138090418354
Hum_XLOC_004343,MDA-MB-231,0.8226730212550606
Hum_XLOC_004350,MDA-MB-231,0.8181229166666666
Hum_XLOC_004361,MDA-MB-231,0.09802235829959513
Hum_XLOC_004363,MDA-MB-231,0.31277950910931174
Hum_XLOC_004401,MDA-MB-231,0.2806411791497976
Hum_XLOC_004405,MDA-MB-231,0.20975827597840754
Hum_XLOC_004407,MDA-MB-231,0.15064145411605936
Hum_XLOC_004424,MDA-MB-231,0.45485622975708506
Hum_XLOC_004437,MDA-MB-231,0.723167520242915
Hum_XLOC_004446,MDA-MB-231,0.2522701990553306
Hum_XLOC_004457,MDA-MB-231,0.7834199055330634
Hum_XLOC_004482,MDA-MB-231,0.5124694821187584
Hum_XLOC_004502,MDA-MB-231,0.1693020681511471
Hum_XLOC_004515,MDA-MB-231,0.48557937921727395
Hum_XLOC_004529,MDA-MB-231,0.7841728694331983
Hum_XLOC_004535,MDA-MB-231,0.1301409278002699
Hum_XLOC_004553,MDA-MB-231,0.42727125506072877
Hum_XLOC_004566,MDA-MB-231,0.08904949224021591
Hum_XLOC_004567,MDA-MB-231,0.17886959008097164
Hum_XLOC_004572,MDA-MB-231,0.7811123734817813
Hum_XLOC_004578,MDA-MB-231,0.2507472975708502
Hum_XLOC_004580,MDA-MB-231,0.18081107118758433
Hum_XLOC_004581,MDA-MB-231,0.4958570124831309
Hum_XLOC_004587,MDA-MB-231,0.16641377024291498
Hum_XLOC_004600,MDA-MB-231,0.2511422587719298
Hum_XLOC_004601,MDA-MB-231,0.33166616565452095
Hum_XLOC_004607,MDA-MB-231,0.7480234851551956
Hum_XLOC_004617,MDA-MB-231,0.1992084345479082
Hum_XLOC_004619,MDA-MB-231,0.8176701282051283
Hum_XLOC_004620,MDA-MB-231,0.5121161167341429
Hum_XLOC_004632,MDA-MB-231,0.4436531629554656
Hum_XLOC_004636,MDA-MB-231,0.5566493657219973
Hum_XLOC_004652,MDA-MB-231,0.5573619062078273
Hum_XLOC_004653,MDA-MB-231,0.4997727209851552
Hum_XLOC_004657,MDA-MB-231,0.8406280988529015
Hum_XLOC_004661,MDA-MB-231,0.38708145242914976
Hum_XLOC_004683,MDA-MB-231,0.05584380229419702
Hum_XLOC_004684,MDA-MB-231,0.3805937753036437
Hum_XLOC_004688,MDA-MB-231,0.6561939659244264
Hum_XLOC_004689,MDA-MB-231,0.5107441514844804
Hum_XLOC_004705,MDA-MB-231,0.147546983805668
Hum_XLOC_004717,MDA-MB-231,0.1929227108636977
Hum_XLOC_004718,MDA-MB-231,0.3305825590418353
Hum_XLOC_004733,MDA-MB-231,0.6386964102564102
Hum_XLOC_004741,MDA-MB-231,0.02148425269905533
Hum_XLOC_004762,MDA-MB-231,0.6171509767206478
Hum_XLOC_004771,MDA-MB-231,0.3940272233468285
Hum_XLOC_004777,MDA-MB-231,0.918278060053981
Hum_XLOC_004788,MDA-MB-231,0.728741406882591
Hum_XLOC_004791,MDA-MB-231,0.5674883468286098
Hum_XLOC_004795,MDA-MB-231,0.2430327108636977
Hum_XLOC_004803,MDA-MB-231,0.2240827007422402
Hum_XLOC_004805,MDA-MB-231,0.3590476653171389
Hum_XLOC_004813,MDA-MB-231,0.6699091784750338
Hum_XLOC_004815,MDA-MB-231,0.6011720124831309
Hum_XLOC_004822,MDA-MB-231,0.5752771373144399
Hum_XLOC_004823,MDA-MB-231,0.39172077429149793
Hum_XLOC_004827,MDA-MB-231,0.060041123481781374
Hum_XLOC_004837,MDA-MB-231,0.7056398431174089
Hum_XLOC_004839,MDA-MB-231,0.5216054149797571
Hum_XLOC_004855,MDA-MB-231,0.27720014338731447
Hum_XLOC_004874,MDA-MB-231,0.30893166329284755
Hum_XLOC_004875,MDA-MB-231,0.5222268218623481
Hum_XLOC_004878,MDA-MB-231,0.5003662668690959
Hum_XLOC_004884,MDA-MB-231,0.614445890688259
Hum_XLOC_004911,MDA-MB-231,0.11574789642375169
Hum_XLOC_004915,MDA-MB-231,0.5939700995276653
Hum_XLOC_004927,MDA-MB-231,0.7704299898785424
Hum_XLOC_004929,MDA-MB-231,0.5149859868421053
Hum_XLOC_004936,MDA-MB-231,0.5578397250337382
Hum_XLOC_004957,MDA-MB-231,0.5252630668016193
Hum_XLOC_004960,MDA-MB-231,0.5085293539136302
Hum_XLOC_004965,MDA-MB-231,0.3336080752361673
Hum_XLOC_000006,THP1,0.11498351889338732
Hum_XLOC_000008,THP1,0.6444714456815115
Hum_XLOC_000016,THP1,0.5948172908232118
Hum_XLOC_000030,THP1,0.6133348515519569
Hum_XLOC_000033,THP1,0.4331965182186235
Hum_XLOC_000039,THP1,0.8061092763157895
Hum_XLOC_000053,THP1,0.12863422402159244
Hum_XLOC_000057,THP1,0.5373317206477732
Hum_XLOC_000060,THP1,0.41599662786774627
Hum_XLOC_000080,THP1,0.2139988478407557
Hum_XLOC_000094,THP1,0.6974400421727395
Hum_XLOC_000100,THP1,0.6451980263157895
Hum_XLOC_000105,THP1,0.12218200236167343
Hum_XLOC_000107,THP1,0.18111019568151143
Hum_XLOC_000111,THP1,0.39670664473684203
Hum_XLOC_000134,THP1,0.3297158636977058
Hum_XLOC_000143,THP1,0.646087955465587
Hum_XLOC_000145,THP1,0.8790350691632929
Hum_XLOC_000149,THP1,0.49362243758434543
Hum_XLOC_000155,THP1,0.6091578677462888
Hum_XLOC_000169,THP1,0.8245213562753034
Hum_XLOC_000170,THP1,0.6721765097840755
Hum_XLOC_000194,THP1,0.9446253964237517
Hum_XLOC_000201,THP1,0.2814972351551957
Hum_XLOC_000231,THP1,0.5717740637651821
Hum_XLOC_000233,THP1,0.7048474628879892
Hum_XLOC_000245,THP1,0.33355892712550606
Hum_XLOC_000247,THP1,0.5029083839406208
Hum_XLOC_000248,THP1,0.5489962044534411
Hum_XLOC_000265,THP1,0.5835356578947367
Hum_XLOC_000282,THP1,0.5620780313765181
Hum_XLOC_000286,THP1,0.9531545141700404
Hum_XLOC_000292,THP1,0.14930537280701753
Hum_XLOC_000307,THP1,0.1704684008097166
Hum_XLOC_000308,THP1,0.5220071912955466
Hum_XLOC_000312,THP1,0.25011174932523617
Hum_XLOC_000314,THP1,0.26371272604588397
Hum_XLOC_000317,THP1,0.3591582523616734
Hum_XLOC_000319,THP1,0.6043165367746289
Hum_XLOC_000332,THP1,0.7367230178812415
Hum_XLOC_000338,THP1,0.9868648616734144
Hum_XLOC_000342,THP1,0.4274190165317139
Hum_XLOC_000345,THP1,0.13792105937921725
Hum_XLOC_000362,THP1,0.09609139507422403
Hum_XLOC_000377,THP1,0.33867817307692305
Hum_XLOC_000390,THP1,0.3703448211875843
Hum_XLOC_000394,THP1,0.6771688647098515
Hum_XLOC_000411,THP1,0.6735839574898784
Hum_XLOC_000415,THP1,0.45299330465587045
Hum_XLOC_000430,THP1,0.5718487516869095
Hum_XLOC_000436,THP1,0.8223637786774629
Hum_XLOC_000437,THP1,0.7448953761808366
Hum_XLOC_000456,THP1,0.9698925168690957
Hum_XLOC_000461,THP1,0.44732165485829956
Hum_XLOC_000462,THP1,0.4278907017543859
Hum_XLOC_000465,THP1,0.5967180347503374
Hum_XLOC_000472,THP1,0.5918393421052632
Hum_XLOC_000474,THP1,0.15728307017543855
Hum_XLOC_000478,THP1,0.8309472672064777
Hum_XLOC_000486,THP1,0.25403991902834006
Hum_XLOC_000490,THP1,0.3127404892037787
Hum_XLOC_000498,THP1,0.5217115587044534
Hum_XLOC_000500,THP1,0.19433643387314442
Hum_XLOC_000510,THP1,0.6924452614709851
Hum_XLOC_000535,THP1,0.4835014102564103
Hum_XLOC_000540,THP1,0.6486830853576249
Hum_XLOC_000556,THP1,0.26957618083670715
Hum_XLOC_000574,THP1,0.3463060475708502
Hum_XLOC_000575,THP1,0.4914302395411606
Hum_XLOC_000582,THP1,0.12163671727395411
Hum_XLOC_000590,THP1,0.5556434244264508
Hum_XLOC_000601,THP1,0.33542814439946017
Hum_XLOC_000604,THP1,0.80174995951417
Hum_XLOC_000608,THP1,0.6594593572874493
Hum_XLOC_000612,THP1,0.3211981781376519
Hum_XLOC_000636,THP1,0.7395338478407557
Hum_XLOC_000638,THP1,0.7858899949392711
Hum_XLOC_000641,THP1,0.06322483299595141
Hum_XLOC_000655,THP1,0.8325640958164642
Hum_XLOC_000668,THP1,0.17450100539811064
Hum_XLOC_000680,THP1,0.06793958164642375
Hum_XLOC_000681,THP1,0.4910921929824561
Hum_XLOC_000695,THP1,0.27773690958164643
Hum_XLOC_000702,THP1,0.2731679251012146
Hum_XLOC_000726,THP1,0.7531632692307694
Hum_XLOC_000727,THP1,0.1458700354251012
Hum_XLOC_000758,THP1,0.41578180668016185
Hum_XLOC_000773,THP1,0.33274401484480426
Hum_XLOC_000774,THP1,0.7653739439946019
Hum_XLOC_000797,THP1,0.06679140519568152
Hum_XLOC_000799,THP1,0.47122622469635617
Hum_XLOC_000800,THP1,0.3977048313090418
Hum_XLOC_000807,THP1,0.5139077209851551
Hum_XLOC_000818,THP1,0.6773747925101214
Hum_XLOC_000828,THP1,0.34405109817813767
Hum_XLOC_000831,THP1,0.3960994888663967
Hum_XLOC_000835,THP1,0.6460199004723346
Hum_XLOC_000840,THP1,0.5782104976383265
Hum_XLOC_000841,THP1,0.657197979082321
Hum_XLOC_000842,THP1,0.18650005229419703
Hum_XLOC_000854,THP1,0.3894241852226721
Hum_XLOC_000855,THP1,0.18467517712550607
Hum_XLOC_000883,THP1,0.21781463225371123
Hum_XLOC_000885,THP1,0.08957914811066126
Hum_XLOC_000905,THP1,0.9732021120107963
Hum_XLOC_000917,THP1,0.40441770748987854
Hum_XLOC_000925,THP1,0.6335890114709852
Hum_XLOC_000944,THP1,0.6763130937921727
Hum_XLOC_000949,THP1,0.036349443319838054
Hum_XLOC_000953,THP1,0.3355349038461538
Hum_XLOC_000964,THP1,0.49631585695006747
Hum_XLOC_000990,THP1,0.39190657726045885
Hum_XLOC_000994,THP1,0.6873927817139002
Hum_XLOC_001020,THP1,0.6252531899460188
Hum_XLOC_001029,THP1,0.11957595647773281
Hum_XLOC_001066,THP1,0.5383928019568152
Hum_XLOC_001120,THP1,0.39581781039136293
Hum_XLOC_001121,THP1,0.6960627901484482
Hum_XLOC_001122,THP1,0.872904455128205
Hum_XLOC_001125,THP1,0.57118032219973
Hum_XLOC_001132,THP1,0.3127228660593792
Hum_XLOC_001138,THP1,0.3574478407557355
Hum_XLOC_001144,THP1,0.3339443471659919
Hum_XLOC_001146,THP1,0.4873751923076922
Hum_XLOC_001188,THP1,0.5261986555330634
Hum_XLOC_001191,THP1,0.388679463562753
Hum_XLOC_001192,THP1,0.9358818606612684
Hum_XLOC_001217,THP1,0.4531033974358974
Hum_XLOC_001222,THP1,0.037644974696356276
Hum_XLOC_001228,THP1,0.4198881511470985
Hum_XLOC_001230,THP1,0.5299310560053982
Hum_XLOC_001237,THP1,0.21228655364372467
Hum_XLOC_001243,THP1,0.31305921390013497
Hum_XLOC_001275,THP1,0.389276023954116
Hum_XLOC_001279,THP1,0.4739049544534413
Hum_XLOC_001291,THP1,0.5440567510121457
Hum_XLOC_001296,THP1,0.35141320175438595
Hum_XLOC_001297,THP1,0.39060391194331984
Hum_XLOC_001309,THP1,0.43580066632928477
Hum_XLOC_001329,THP1,0.5250226484480431
Hum_XLOC_001330,THP1,0.4727044888663967
Hum_XLOC_001355,THP1,0.21866180330634277
Hum_XLOC_001366,THP1,0.9152713225371119
Hum_XLOC_001367,THP1,0.6185953525641026
Hum_XLOC_001375,THP1,0.5709292223346829
Hum_XLOC_001390,THP1,0.4206091194331983
Hum_XLOC_001405,THP1,0.10594106443994603
Hum_XLOC_001461,THP1,0.14546757085020243
Hum_XLOC_001465,THP1,0.790791293859649
Hum_XLOC_001488,THP1,0.7330886352901484
Hum_XLOC_001490,THP1,0.3900578525641026
Hum_XLOC_001509,THP1,0.6034817122132254
Hum_XLOC_001516,THP1,0.2911935610661268
Hum_XLOC_001532,THP1,0.4618612516869096
Hum_XLOC_001539,THP1,0.7804373852901485
Hum_XLOC_001541,THP1,0.8283210661268556
Hum_XLOC_001542,THP1,0.6635854082321188
Hum_XLOC_001548,THP1,0.8068835475708502
Hum_XLOC_001559,THP1,0.5924733898448044
Hum_XLOC_001565,THP1,0.764680652834008
Hum_XLOC_001566,THP1,0.4986181697031038
Hum_XLOC_001575,THP1,0.05488332321187585
Hum_XLOC_001580,THP1,0.2223303643724696
Hum_XLOC_001590,THP1,0.6111422570850202
Hum_XLOC_001615,THP1,0.3776789659244265
Hum_XLOC_001624,THP1,0.867703636977058
Hum_XLOC_001639,THP1,0.5111256342780027
Hum_XLOC_001661,THP1,0.38756588562753036
Hum_XLOC_001666,THP1,0.05739442476383266
Hum_XLOC_001668,THP1,0.16943652159244266
Hum_XLOC_001688,THP1,0.5796845883940621
Hum_XLOC_001689,THP1,0.7189363900134954
Hum_XLOC_001695,THP1,0.6034058046558705
Hum_XLOC_001696,THP1,0.16122114372469634
Hum_XLOC_001698,THP1,0.9076476535087719
Hum_XLOC_001707,THP1,0.5163803120782726
Hum_XLOC_001760,THP1,0.5969947638326585
Hum_XLOC_001761,THP1,0.817858532388664
Hum_XLOC_001773,THP1,0.321590786099865
Hum_XLOC_001775,THP1,0.37368726889338727
Hum_XLOC_001779,THP1,0.6800911842105263
Hum_XLOC_001783,THP1,0.49427658400809704
Hum_XLOC_001791,THP1,0.7397954892037787
Hum_XLOC_001805,THP1,0.39312449561403506
Hum_XLOC_001809,THP1,0.13002950067476385
Hum_XLOC_001848,THP1,0.37341709682861
Hum_XLOC_001919,THP1,0.6486507101889338
Hum_XLOC_001941,THP1,0.5385486707152497
Hum_XLOC_001942,THP1,0.7727652817139001
Hum_XLOC_001949,THP1,0.046431885964912274
Hum_XLOC_001950,THP1,0.7489224139676113
Hum_XLOC_001953,THP1,0.5073988174763833
Hum_XLOC_001957,THP1,0.822534338731444
Hum_XLOC_001961,THP1,0.9875734024966262
Hum_XLOC_001969,THP1,0.8140567898110661
Hum_XLOC_002024,THP1,0.5291385526315789
Hum_XLOC_002028,THP1,0.08544493252361672
Hum_XLOC_002033,THP1,0.5347994129554656
Hum_XLOC_002036,THP1,0.29588560053981106
Hum_XLOC_002037,THP1,0.45738580971659915
Hum_XLOC_002041,THP1,0.772002850877193
Hum_XLOC_002059,THP1,0.6393137483130905
Hum_XLOC_002061,THP1,0.18539534919028336
Hum_XLOC_002068,THP1,0.1329691818488529
Hum_XLOC_002081,THP1,0.4860428154520917
Hum_XLOC_002093,THP1,0.2850378879892038
Hum_XLOC_002099,THP1,0.09331824898785425
Hum_XLOC_002144,THP1,0.40967853576248314
Hum_XLOC_002150,THP1,0.5494121406882592
Hum_XLOC_002152,THP1,0.43809230431848856
Hum_XLOC_002154,THP1,0.20672683198380568
Hum_XLOC_002169,THP1,0.875081395074224
Hum_XLOC_002170,THP1,0.2705239220647774
Hum_XLOC_002176,THP1,0.5325881123481782
Hum_XLOC_002178,THP1,0.08995907388663966
Hum_XLOC_002186,THP1,0.6457670006747638
Hum_XLOC_002204,THP1,0.6130246322537113
Hum_XLOC_002205,THP1,0.5309675742240215
Hum_XLOC_002219,THP1,0.6232682321187584
Hum_XLOC_002244,THP1,0.40658283738191636
Hum_XLOC_002252,THP1,0.7471987246963562
Hum_XLOC_002261,THP1,0.7022789558029692
Hum_XLOC_002262,THP1,0.5889784834682862
Hum_XLOC_002265,THP1,0.45594813259109307
Hum_XLOC_002271,THP1,0.7663038410931174
Hum_XLOC_002280,THP1,0.45729747975708496
Hum_XLOC_002282,THP1,0.5391373616734142
Hum_XLOC_002283,THP1,0.8422491801619432
Hum_XLOC_002284,THP1,0.30260849696356273
Hum_XLOC_002294,THP1,0.6742970344129553
Hum_XLOC_002296,THP1,0.5598378863022943
Hum_XLOC_002299,THP1,0.18102613191632927
Hum_XLOC_002301,THP1,0.37514903340080974
Hum_XLOC_002306,THP1,0.410466136977058
Hum_XLOC_002311,THP1,0.8058901113360324
Hum_XLOC_002313,THP1,0.44512612516869093
Hum_XLOC_002314,THP1,0.9252300236167341
Hum_XLOC_002327,THP1,0.652183943994602
Hum_XLOC_002330,THP1,0.44128141531713905
Hum_XLOC_002338,THP1,0.5489315401484481
Hum_XLOC_002344,THP1,0.1381014962887989
Hum_XLOC_002347,THP1,0.8502140721997302
Hum_XLOC_002348,THP1,0.941502233468286
Hum_XLOC_002362,THP1,0.14918974358974357
Hum_XLOC_002364,THP1,0.6799609784075572
Hum_XLOC_002383,THP1,0.06810232287449393
Hum_XLOC_002386,THP1,0.69771423414305
Hum_XLOC_002390,THP1,0.7186614827935222
Hum_XLOC_002394,THP1,0.6082971845479082
Hum_XLOC_002398,THP1,0.5980007169365722
Hum_XLOC_002399,THP1,0.10456096997300945
Hum_XLOC_002408,THP1,0.10588110998650473
Hum_XLOC_002414,THP1,0.5103780634278003
Hum_XLOC_002418,THP1,0.22872245445344128
Hum_XLOC_002435,THP1,0.3842063326585695
Hum_XLOC_002440,THP1,0.4564728812415655
Hum_XLOC_002489,THP1,0.5191802041160594
Hum_XLOC_002490,THP1,0.7394869770580297
Hum_XLOC_002493,THP1,0.22951792678812413
Hum_XLOC_002520,THP1,0.7957282354925777
Hum_XLOC_002524,THP1,0.09671823380566802
Hum_XLOC_002546,THP1,0.2859592645074223
Hum_XLOC_002560,THP1,0.232310072537112
Hum_XLOC_002570,THP1,0.12020133097165993
Hum_XLOC_002577,THP1,0.09456081646423752
Hum_XLOC_002579,THP1,0.6883085155195683
Hum_XLOC_002586,THP1,0.09688917678812417
Hum_XLOC_002589,THP1,0.6096667881241566
Hum_XLOC_002629,THP1,0.41428662449392706
Hum_XLOC_002631,THP1,0.3892242139001349
Hum_XLOC_002635,THP1,0.03600252024291498
Hum_XLOC_002644,THP1,0.45212900809716605
Hum_XLOC_002646,THP1,0.163971229757085
Hum_XLOC_002653,THP1,0.46611652834008105
Hum_XLOC_002681,THP1,0.07360523279352225
Hum_XLOC_002695,THP1,0.3378621187584346
Hum_XLOC_002702,THP1,0.06565750000000001
Hum_XLOC_002705,THP1,0.6598136015519568
Hum_XLOC_002711,THP1,0.5160911319163293
Hum_XLOC_002714,THP1,0.21559764507422402
Hum_XLOC_002717,THP1,0.5468792645074224
Hum_XLOC_002725,THP1,0.07887699730094466
Hum_XLOC_002741,THP1,0.66361366902834
Hum_XLOC_002742,THP1,0.41841879892037787
Hum_XLOC_002744,THP1,0.10701060222672065
Hum_XLOC_002760,THP1,0.1038998329959514
Hum_XLOC_002788,THP1,0.6127677125506072
Hum_XLOC_002792,THP1,0.6640708316464237
Hum_XLOC_002796,THP1,0.3416538866396761
Hum_XLOC_002817,THP1,0.5039171390013495
Hum_XLOC_002836,THP1,0.991486842105263
Hum_XLOC_002844,THP1,0.619711325910931
Hum_XLOC_002845,THP1,0.7112851653171387
Hum_XLOC_002859,THP1,0.3725698987854251
Hum_XLOC_002889,THP1,0.8350109665991904
Hum_XLOC_002911,THP1,0.5746807422402159
Hum_XLOC_002935,THP1,0.7428111082995952
Hum_XLOC_002937,THP1,0.6475014288124156
Hum_XLOC_002967,THP1,0.26214619939271255
Hum_XLOC_002983,THP1,0.5060159581646423
Hum_XLOC_002986,THP1,0.23327398448043185
Hum_XLOC_002990,THP1,0.2813355819838057
Hum_XLOC_003039,THP1,0.7805495192307693
Hum_XLOC_003061,THP1,0.4942258451417003
Hum_XLOC_003086,THP1,0.969872592780027
Hum_XLOC_003099,THP1,0.246498935560054
Hum_XLOC_003109,THP1,0.951440475708502
Hum_XLOC_003128,THP1,0.9834148076923077
Hum_XLOC_003134,THP1,0.445560177125506
Hum_XLOC_003137,THP1,0.3932670715249662
Hum_XLOC_003154,THP1,0.22440572537112008
Hum_XLOC_003155,THP1,0.36757024122807025
Hum_XLOC_003171,THP1,0.3097275843454791
Hum_XLOC_003209,THP1,0.4368251939946019
Hum_XLOC_003215,THP1,0.9561552884615385
Hum_XLOC_003221,THP1,0.30243887314439943
Hum_XLOC_003232,THP1,0.7255404537786775
Hum_XLOC_003268,THP1,0.4097741734143049
Hum_XLOC_003269,THP1,0.3688766396761133
Hum_XLOC_003286,THP1,0.42637976720647774
Hum_XLOC_003290,THP1,0.14657863191632928
Hum_XLOC_003294,THP1,0.4997260138326586
Hum_XLOC_003321,THP1,0.8305976282051282
Hum_XLOC_003324,THP1,0.680658866396761
Hum_XLOC_003334,THP1,0.15237113191632928
Hum_XLOC_003337,THP1,0.47851138157894735
Hum_XLOC_003338,THP1,0.3828686707152497
Hum_XLOC_003352,THP1,0.586136415317139
Hum_XLOC_003357,THP1,0.5295644821187584
Hum_XLOC_003361,THP1,0.8128672419028338
Hum_XLOC_003371,THP1,0.17123399460188932
Hum_XLOC_003381,THP1,0.12292103238866398
Hum_XLOC_003408,THP1,0.06040838731443994
Hum_XLOC_003436,THP1,0.30764694500674766
Hum_XLOC_003440,THP1,0.07172128205128206
Hum_XLOC_003450,THP1,0.8327838967611335
Hum_XLOC_003466,THP1,0.24668555499325234
Hum_XLOC_003488,THP1,0.59752290317139
Hum_XLOC_003491,THP1,0.6604419585020244
Hum_XLOC_003497,THP1,0.11101962719298246
Hum_XLOC_003498,THP1,0.3206567628205128
Hum_XLOC_003502,THP1,0.6770332692307692
Hum_XLOC_003518,THP1,0.5849509008097166
Hum_XLOC_003532,THP1,0.5143920985155196
Hum_XLOC_003543,THP1,0.06353370951417003
Hum_XLOC_003554,THP1,0.978402334682861
Hum_XLOC_003563,THP1,0.19633455465587046
Hum_XLOC_003567,THP1,0.5466857152496626
Hum_XLOC_003568,THP1,0.6289294585020243
Hum_XLOC_003570,THP1,0.3305058164642375
Hum_XLOC_003571,THP1,0.6842266784750337
Hum_XLOC_003593,THP1,0.824990116396761
Hum_XLOC_003594,THP1,0.1838288191632928
Hum_XLOC_003598,THP1,0.8174760492577596
Hum_XLOC_003626,THP1,0.2236201282051282
Hum_XLOC_003628,THP1,0.4405042864372469
Hum_XLOC_003630,THP1,0.4334289659244264
Hum_XLOC_003641,THP1,0.6746211589068826
Hum_XLOC_003662,THP1,0.6753465637651822
Hum_XLOC_003665,THP1,0.6983093353576248
Hum_XLOC_003672,THP1,0.41286235998650467
Hum_XLOC_003673,THP1,0.30099935728744937
Hum_XLOC_003674,THP1,0.7449351130229419
Hum_XLOC_003676,THP1,0.9545507742914979
Hum_XLOC_003686,THP1,0.28668339237516866
Hum_XLOC_003697,THP1,0.11142047570850204
Hum_XLOC_003717,THP1,0.19299753711201076
Hum_XLOC_003725,THP1,0.38689992071524965
Hum_XLOC_003743,THP1,0.07179878036437247
Hum_XLOC_003754,THP1,0.5471195242914979
Hum_XLOC_003766,THP1,0.6413726282051281
Hum_XLOC_003775,THP1,0.3900194129554656
Hum_XLOC_003790,THP1,0.1815489068825911
Hum_XLOC_003799,THP1,0.8312608991228069
Hum_XLOC_003853,THP1,0.07722176619433198
Hum_XLOC_003865,THP1,0.18367168522267205
Hum_XLOC_003871,THP1,0.045506653171390014
Hum_XLOC_003891,THP1,0.3922817392037786
Hum_XLOC_003892,THP1,0.8002618910256409
Hum_XLOC_003910,THP1,0.254034782388664
Hum_XLOC_003911,THP1,0.4033270377867746
Hum_XLOC_003952,THP1,0.5555549983130904
Hum_XLOC_003971,THP1,0.652310641025641
Hum_XLOC_003988,THP1,0.5353588579622132
Hum_XLOC_004020,THP1,0.06321756072874493
Hum_XLOC_004035,THP1,0.6314940131578946
Hum_XLOC_004036,THP1,0.917584564777328
Hum_XLOC_004048,THP1,0.06678055161943319
Hum_XLOC_004068,THP1,0.15118959176788122
Hum_XLOC_004069,THP1,0.12178784244264508
Hum_XLOC_004095,THP1,0.3186144399460189
Hum_XLOC_004096,THP1,0.15042887483130904
Hum_XLOC_004116,THP1,0.7079771103238867
Hum_XLOC_004123,THP1,0.4380745175438597
Hum_XLOC_004134,THP1,0.6869513326585694
Hum_XLOC_004161,THP1,0.1956210661268556
Hum_XLOC_004168,THP1,0.5094029875168691
Hum_XLOC_004169,THP1,0.18381982962213228
Hum_XLOC_004177,THP1,0.6547469348852902
Hum_XLOC_004200,THP1,0.6540296069500674
Hum_XLOC_004201,THP1,0.5072050371120108
Hum_XLOC_004219,THP1,0.34851830634277997
Hum_XLOC_004226,THP1,0.6375432928475033
Hum_XLOC_004227,THP1,0.6994595226045882
Hum_XLOC_004236,THP1,0.5704749426450743
Hum_XLOC_004254,THP1,0.98764915317139
Hum_XLOC_004255,THP1,0.09125733636977057
Hum_XLOC_004262,THP1,0.9293699173414304
Hum_XLOC_004269,THP1,0.5697119973009446
Hum_XLOC_004277,THP1,0.4284924983130904
Hum_XLOC_004278,THP1,0.5973508265856952
Hum_XLOC_004282,THP1,0.5184708721322536
Hum_XLOC_004287,THP1,0.6692847857624831
Hum_XLOC_004293,THP1,0.09313311740890687
Hum_XLOC_004302,THP1,0.14024679993252362
Hum_XLOC_004303,THP1,0.12046992240215923
Hum_XLOC_004306,THP1,0.11452597840755734
Hum_XLOC_004309,THP1,0.7337400809716599
Hum_XLOC_004314,THP1,0.817500797908232
Hum_XLOC_004317,THP1,0.15902814946018892
Hum_XLOC_004336,THP1,0.6880844011470985
Hum_XLOC_004343,THP1,0.8283137989203778
Hum_XLOC_004350,THP1,0.8475205904183535
Hum_XLOC_004361,THP1,0.09949809716599191
Hum_XLOC_004363,THP1,0.4400411066126856
Hum_XLOC_004401,THP1,0.3973159244264507
Hum_XLOC_004405,THP1,0.3650273329959514
Hum_XLOC_004407,THP1,0.1942402395411606
Hum_XLOC_004424,THP1,0.5186471609311741
Hum_XLOC_004437,THP1,0.5476259733468285
Hum_XLOC_004446,THP1,0.36250667510121454
Hum_XLOC_004457,THP1,0.7169350775978407
Hum_XLOC_004482,THP1,0.7442486842105261
Hum_XLOC_004502,THP1,0.2625759278002699
Hum_XLOC_004515,THP1,0.7762625708502024
Hum_XLOC_004529,THP1,0.8135409935897434
Hum_XLOC_004535,THP1,0.2539546103238866
Hum_XLOC_004553,THP1,0.4585074628879892
Hum_XLOC_004566,THP1,0.11854030701754385
Hum_XLOC_004567,THP1,0.3666343741565452
Hum_XLOC_004572,THP1,0.7849488680836706
Hum_XLOC_004578,THP1,0.3417005533063428
Hum_XLOC_004580,THP1,0.34062812753036437
Hum_XLOC_004581,THP1,0.5533313174763832
Hum_XLOC_004587,THP1,0.23995024291497977
Hum_XLOC_004600,THP1,0.446293367071525
Hum_XLOC_004601,THP1,0.40816319669365714
Hum_XLOC_004607,THP1,0.6925347857624832
Hum_XLOC_004617,THP1,0.31433035425101213
Hum_XLOC_004619,THP1,0.8152901535087719
Hum_XLOC_004620,THP1,0.46045856781376504
Hum_XLOC_004632,THP1,0.5140132928475033
Hum_XLOC_004636,THP1,0.6944589709851553
Hum_XLOC_004652,THP1,0.6193310340755735
Hum_XLOC_004653,THP1,0.5966095006747639
Hum_XLOC_004657,THP1,0.7885819585020242
Hum_XLOC_004661,THP1,0.5169251939946019
Hum_XLOC_004683,THP1,0.15798107287449392
Hum_XLOC_004684,THP1,0.5414942037786776
Hum_XLOC_004688,THP1,0.7590116616059377
Hum_XLOC_004689,THP1,0.5732017594466936
Hum_XLOC_004705,THP1,0.1500619028340081
Hum_XLOC_004717,THP1,0.2622375067476383
Hum_XLOC_004718,THP1,0.48728327260458837
Hum_XLOC_004733,THP1,0.7805019669365723
Hum_XLOC_004741,THP1,0.0351453491902834
Hum_XLOC_004762,THP1,0.7028792678812414
Hum_XLOC_004771,THP1,0.619706293859649
Hum_XLOC_004777,THP1,0.9193610290148446
Hum_XLOC_004788,THP1,0.7133214085695005
Hum_XLOC_004791,THP1,0.5826757118758434
Hum_XLOC_004795,THP1,0.39136984311740886
Hum_XLOC_004803,THP1,0.29729548245614035
Hum_XLOC_004805,THP1,0.5415792763157895
Hum_XLOC_004813,THP1,0.6986435357624831
Hum_XLOC_004815,THP1,0.7621112786774626
Hum_XLOC_004822,THP1,0.7802696136977058
Hum_XLOC_004823,THP1,0.4858037280701754
Hum_XLOC_004827,THP1,0.2648997402159244
Hum_XLOC_004837,THP1,0.69356701585695
Hum_XLOC_004839,THP1,0.5900156562078273
Hum_XLOC_004855,THP1,0.3898307506747638
Hum_XLOC_004874,THP1,0.1110547047908232
Hum_XLOC_004875,THP1,0.6505028660593791
Hum_XLOC_004878,THP1,0.5765577800269905
Hum_XLOC_004884,THP1,0.5841874156545208
Hum_XLOC_004911,THP1,0.08079768893387315
Hum_XLOC_004915,THP1,0.6620016346153845
Hum_XLOC_004927,THP1,0.8378124426450743
Hum_XLOC_004929,THP1,0.6172078947368421
Hum_XLOC_004936,THP1,0.5126027834008098
Hum_XLOC_004957,THP1,0.6666883957489879
Hum_XLOC_004960,THP1,0.5465329655870446
Hum_XLOC_004965,THP1,0.09282024966261808
