target,cell_line,y_true,y_pred_proba
Hum_XLOC_000006,HAP1,0.0,0.09353117698387636
Hum_XLOC_000008,HAP1,0.0,0.13828040305770753
Hum_XLOC_000016,HAP1,0.0,0.1305382606531216
Hum_XLOC_000030,HAP1,0.0,0.14602052631563142
Hum_XLOC_000033,HAP1,0.0,0.09092819869579312
Hum_XLOC_000039,HAP1,0.0,0.13874197546056438
Hum_XLOC_000053,HAP1,0.0,0.09849836481555377
Hum_XLOC_000057,HAP1,0.0,0.11941329258007824
Hum_XLOC_000060,HAP1,0.0,0.08136360419694184
Hum_XLOC_000080,HAP1,0.0,0.10595987895346831
Hum_XLOC_000094,HAP1,0.0,0.09477116990534606
Hum_XLOC_000100,HAP1,0.0,0.08770535877228092
Hum_XLOC_000105,HAP1,0.0,0.08668046428279531
Hum_XLOC_000107,HAP1,1.0,0.06855120250222124
Hum_XLOC_000111,HAP1,0.0,0.08937876812688937
Hum_XLOC_000134,HAP1,0.0,0.07769894387267885
Hum_XLOC_000143,HAP1,0.0,0.12787917431564222
Hum_XLOC_000145,HAP1,0.0,0.13411811854704017
Hum_XLOC_000149,HAP1,0.0,0.0923788129752069
Hum_XLOC_000155,HAP1,1.0,0.09345857547178922
Hum_XLOC_000169,HAP1,0.0,0.10138417966227398
Hum_XLOC_000170,HAP1,0.0,0.10543450126321847
Hum_XLOC_000194,HAP1,0.0,0.08647934481626657
Hum_XLOC_000201,HAP1,0.0,0.11062977915079185
Hum_XLOC_000231,HAP1,0.0,0.13996354536469974
Hum_XLOC_000233,HAP1,0.0,0.14323393982893853
Hum_XLOC_000245,HAP1,0.0,0.09451538259918653
Hum_XLOC_000247,HAP1,0.0,0.1262530814174313
Hum_XLOC_000248,HAP1,0.0,0.12813838510053208
Hum_XLOC_000265,HAP1,0.0,0.08107122082806228
Hum_XLOC_000282,HAP1,0.0,0.11114032480157951
Hum_XLOC_000286,HAP1,0.0,0.09450035734003664
Hum_XLOC_000292,HAP1,0.0,0.115301825889214
Hum_XLOC_000307,HAP1,1.0,0.08096923856151181
Hum_XLOC_000308,HAP1,0.0,0.0950096848696
Hum_XLOC_000312,HAP1,0.0,0.13915520988072647
Hum_XLOC_000314,HAP1,0.0,0.04752338496382335
Hum_XLOC_000317,HAP1,0.0,0.0577931409362871
Hum_XLOC_000319,HAP1,0.0,0.09029484738434496
Hum_XLOC_000332,HAP1,0.0,0.15880591879194497
Hum_XLOC_000338,HAP1,0.0,0.10498883347301165
Hum_XLOC_000342,HAP1,0.0,0.11063761931604596
Hum_XLOC_000345,HAP1,0.0,0.0953682912607039
Hum_XLOC_000362,HAP1,0.0,0.08887923438807362
Hum_XLOC_000377,HAP1,0.0,0.10024696457309416
Hum_XLOC_000390,HAP1,0.0,0.09940559222292399
Hum_XLOC_000394,HAP1,0.0,0.11327851002263692
Hum_XLOC_000411,HAP1,0.0,0.06605926425272245
Hum_XLOC_000415,HAP1,0.0,0.12972517340412534
Hum_XLOC_000430,HAP1,0.0,0.09038312817363509
Hum_XLOC_000436,HAP1,0.0,0.11868140861367356
Hum_XLOC_000437,HAP1,0.0,0.13183826524305606
Hum_XLOC_000456,HAP1,0.0,0.08929711798518623
Hum_XLOC_000461,HAP1,0.0,0.12043319055531726
Hum_XLOC_000462,HAP1,0.0,0.09071737887366738
Hum_XLOC_000465,HAP1,0.0,0.06837245810991813
Hum_XLOC_000472,HAP1,0.0,0.09615371511332234
Hum_XLOC_000474,HAP1,0.0,0.07171757621810286
Hum_XLOC_000478,HAP1,0.0,0.11943315586594143
Hum_XLOC_000486,HAP1,0.0,0.06708504980305248
Hum_XLOC_000490,HAP1,0.0,0.10757403971813931
Hum_XLOC_000498,HAP1,0.0,0.10176744373477109
Hum_XLOC_000500,HAP1,0.0,0.1177103338855582
Hum_XLOC_000510,HAP1,0.0,0.09760056730272312
Hum_XLOC_000535,HAP1,0.0,0.13026209583151774
Hum_XLOC_000540,HAP1,0.0,0.0722672012503189
Hum_XLOC_000556,HAP1,0.0,0.11663439833592885
Hum_XLOC_000574,HAP1,0.0,0.08983937397350668
Hum_XLOC_000575,HAP1,0.0,0.08850391681653696
Hum_XLOC_000582,HAP1,0.0,0.09220065895102875
Hum_XLOC_000590,HAP1,0.0,0.09449611811478902
Hum_XLOC_000601,HAP1,0.0,0.09306999434184678
Hum_XLOC_000604,HAP1,0.0,0.052359652529534326
Hum_XLOC_000608,HAP1,0.0,0.09379602405483284
Hum_XLOC_000612,HAP1,0.0,0.08002089563283485
Hum_XLOC_000636,HAP1,0.0,0.10160367416029462
Hum_XLOC_000638,HAP1,0.0,0.15084611324583855
Hum_XLOC_000641,HAP1,0.0,0.08783856170305887
Hum_XLOC_000655,HAP1,0.0,0.10971301658920253
Hum_XLOC_000668,HAP1,0.0,0.07629147548963047
Hum_XLOC_000680,HAP1,0.0,0.07721259865571338
Hum_XLOC_000681,HAP1,0.0,0.07466848834823507
Hum_XLOC_000695,HAP1,0.0,0.06352518091748537
Hum_XLOC_000702,HAP1,0.0,0.09771165413859613
Hum_XLOC_000726,HAP1,0.0,0.11019218390508488
Hum_XLOC_000727,HAP1,0.0,0.12068361449504456
Hum_XLOC_000758,HAP1,0.0,0.06429493633050455
Hum_XLOC_000773,HAP1,0.0,0.08418513899442415
Hum_XLOC_000774,HAP1,0.0,0.1084622355538722
Hum_XLOC_000797,HAP1,0.0,0.1260908283371111
Hum_XLOC_000799,HAP1,0.0,0.11683458639387044
Hum_XLOC_000800,HAP1,0.0,0.061461608532046144
Hum_XLOC_000807,HAP1,0.0,0.08802565507144199
Hum_XLOC_000818,HAP1,0.0,0.07634834508215387
Hum_XLOC_000828,HAP1,0.0,0.12388399492190878
Hum_XLOC_000831,HAP1,0.0,0.07871587827383017
Hum_XLOC_000835,HAP1,0.0,0.08584249440643851
Hum_XLOC_000840,HAP1,0.0,0.08389491426110102
Hum_XLOC_000841,HAP1,0.0,0.07342407192607256
Hum_XLOC_000842,HAP1,0.0,0.049118642501348404
Hum_XLOC_000854,HAP1,0.0,0.10050301953045133
Hum_XLOC_000855,HAP1,0.0,0.06233702382275735
Hum_XLOC_000883,HAP1,0.0,0.07641811808582392
Hum_XLOC_000885,HAP1,0.0,0.06017744191788327
Hum_XLOC_000905,HAP1,0.0,0.07552900939305028
Hum_XLOC_000917,HAP1,0.0,0.06878171732020046
Hum_XLOC_000925,HAP1,0.0,0.10045326491309316
Hum_XLOC_000944,HAP1,0.0,0.08863584234480597
Hum_XLOC_000949,HAP1,0.0,0.08100816062220006
Hum_XLOC_000953,HAP1,0.0,0.07609897246169395
Hum_XLOC_000964,HAP1,0.0,0.08003671407102235
Hum_XLOC_000990,HAP1,0.0,0.08688502086027215
Hum_XLOC_000994,HAP1,0.0,0.07794271428147984
Hum_XLOC_001020,HAP1,0.0,0.07448901790776925
Hum_XLOC_001029,HAP1,0.0,0.08901009628175405
Hum_XLOC_001066,HAP1,1.0,0.0666857473995268
Hum_XLOC_001120,HAP1,0.0,0.0753594224600759
Hum_XLOC_001121,HAP1,0.0,0.07620447446405923
Hum_XLOC_001122,HAP1,0.0,0.09377625665036558
Hum_XLOC_001125,HAP1,0.0,0.11375921575677386
Hum_XLOC_001132,HAP1,0.0,0.08684486732843878
Hum_XLOC_001138,HAP1,0.0,0.11112607537088105
Hum_XLOC_001144,HAP1,0.0,0.08298721243188455
Hum_XLOC_001146,HAP1,0.0,0.09070723680944304
Hum_XLOC_001188,HAP1,0.0,0.07557181221882095
Hum_XLOC_001191,HAP1,0.0,0.05827160473301349
Hum_XLOC_001192,HAP1,0.0,0.10535710663772542
Hum_XLOC_001217,HAP1,0.0,0.07000210310774253
Hum_XLOC_001222,HAP1,0.0,0.07317446711806891
Hum_XLOC_001228,HAP1,0.0,0.1209033940012356
Hum_XLOC_001230,HAP1,0.0,0.09246305286628898
Hum_XLOC_001237,HAP1,0.0,0.06552769780945467
Hum_XLOC_001243,HAP1,0.0,0.08260877996358436
Hum_XLOC_001275,HAP1,0.0,0.08746264352833583
Hum_XLOC_001279,HAP1,0.0,0.08921028874649117
Hum_XLOC_001291,HAP1,0.0,0.1340087360597187
Hum_XLOC_001296,HAP1,0.0,0.0691054766012429
Hum_XLOC_001297,HAP1,0.0,0.1456631825661349
Hum_XLOC_001309,HAP1,0.0,0.08184094253704534
Hum_XLOC_001329,HAP1,0.0,0.0815517484154204
Hum_XLOC_001330,HAP1,0.0,0.09358660087146503
Hum_XLOC_001355,HAP1,0.0,0.0927209401144786
Hum_XLOC_001366,HAP1,0.0,0.09568314529966596
Hum_XLOC_001367,HAP1,0.0,0.0545089946742135
Hum_XLOC_001375,HAP1,0.0,0.06675825920927253
Hum_XLOC_001390,HAP1,0.0,0.0917730736457228
Hum_XLOC_001405,HAP1,0.0,0.1050028599878099
Hum_XLOC_001461,HAP1,0.0,0.07425740728790382
Hum_XLOC_001465,HAP1,0.0,0.07280422306749032
Hum_XLOC_001488,HAP1,0.0,0.10417496531128256
Hum_XLOC_001490,HAP1,0.0,0.11752471049481292
Hum_XLOC_001509,HAP1,0.0,0.11652736760297265
Hum_XLOC_001516,HAP1,0.0,0.10588218362882751
Hum_XLOC_001532,HAP1,0.0,0.08193706258893028
Hum_XLOC_001539,HAP1,0.0,0.0887096476633862
Hum_XLOC_001541,HAP1,0.0,0.12235380383325316
Hum_XLOC_001542,HAP1,0.0,0.09534499642451856
Hum_XLOC_001548,HAP1,1.0,0.09066957933454267
Hum_XLOC_001559,HAP1,0.0,0.1028680613240483
Hum_XLOC_001565,HAP1,0.0,0.12612311756785222
Hum_XLOC_001566,HAP1,0.0,0.10043437866596805
Hum_XLOC_001575,HAP1,0.0,0.0948293145765693
Hum_XLOC_001580,HAP1,0.0,0.07449487499038851
Hum_XLOC_001590,HAP1,0.0,0.0800765144815627
Hum_XLOC_001615,HAP1,0.0,0.10192582155009541
Hum_XLOC_001624,HAP1,0.0,0.07957095920330695
Hum_XLOC_001639,HAP1,0.0,0.07487469323236622
Hum_XLOC_001661,HAP1,0.0,0.07438140909182035
Hum_XLOC_001666,HAP1,0.0,0.07869423655391158
Hum_XLOC_001668,HAP1,0.0,0.11002300678662963
Hum_XLOC_001688,HAP1,0.0,0.08053177950555353
Hum_XLOC_001689,HAP1,0.0,0.05480261251646116
Hum_XLOC_001695,HAP1,0.0,0.1352267848706967
Hum_XLOC_001696,HAP1,0.0,0.08484369571034499
Hum_XLOC_001698,HAP1,0.0,0.08337466213373892
Hum_XLOC_001707,HAP1,0.0,0.07655406539507834
Hum_XLOC_001760,HAP1,0.0,0.08954698310327608
Hum_XLOC_001761,HAP1,0.0,0.07641280731169034
Hum_XLOC_001773,HAP1,0.0,0.09854464902407573
Hum_XLOC_001775,HAP1,0.0,0.07191361621110712
Hum_XLOC_001779,HAP1,0.0,0.1120878186858395
Hum_XLOC_001783,HAP1,0.0,0.10618001176432283
Hum_XLOC_001791,HAP1,0.0,0.10743159892410038
Hum_XLOC_001805,HAP1,0.0,0.08563599488173544
Hum_XLOC_001809,HAP1,0.0,0.07004245300764948
Hum_XLOC_001848,HAP1,0.0,0.09529157579509048
Hum_XLOC_001919,HAP1,1.0,0.07988764193598541
Hum_XLOC_001941,HAP1,0.0,0.06225835335452699
Hum_XLOC_001942,HAP1,0.0,0.07910441193695981
Hum_XLOC_001949,HAP1,0.0,0.0797934869063201
Hum_XLOC_001950,HAP1,0.0,0.09722537505541824
Hum_XLOC_001953,HAP1,0.0,0.05614514015451544
Hum_XLOC_001957,HAP1,0.0,0.08763684493199257
Hum_XLOC_001961,HAP1,0.0,0.07886600562732195
Hum_XLOC_001969,HAP1,0.0,0.07981737383131685
Hum_XLOC_002024,HAP1,0.0,0.07668553958706428
Hum_XLOC_002028,HAP1,0.0,0.0802536570272268
Hum_XLOC_002033,HAP1,0.0,0.07351782957989564
Hum_XLOC_002036,HAP1,0.0,0.10582790744443384
Hum_XLOC_002037,HAP1,0.0,0.0966238066619868
Hum_XLOC_002041,HAP1,0.0,0.09288124424034892
Hum_XLOC_002059,HAP1,0.0,0.1426583343784507
Hum_XLOC_002061,HAP1,0.0,0.07790817331425602
Hum_XLOC_002068,HAP1,0.0,0.04496867188492329
Hum_XLOC_002081,HAP1,0.0,0.08729290238774605
Hum_XLOC_002093,HAP1,0.0,0.10321779447748579
Hum_XLOC_002099,HAP1,0.0,0.08411266569741578
Hum_XLOC_002144,HAP1,0.0,0.11589132105361384
Hum_XLOC_002150,HAP1,0.0,0.08622814299605382
Hum_XLOC_002152,HAP1,0.0,0.09010948276932448
Hum_XLOC_002154,HAP1,0.0,0.05838043171256889
Hum_XLOC_002169,HAP1,0.0,0.08289514062733708
Hum_XLOC_002170,HAP1,0.0,0.058887224299903486
Hum_XLOC_002176,HAP1,0.0,0.10374279604951042
Hum_XLOC_002178,HAP1,0.0,0.07815314958750583
Hum_XLOC_002186,HAP1,1.0,0.11040434704751673
Hum_XLOC_002204,HAP1,0.0,0.09294868170559083
Hum_XLOC_002205,HAP1,0.0,0.07115021541756178
Hum_XLOC_002219,HAP1,0.0,0.09216748886324226
Hum_XLOC_002244,HAP1,0.0,0.08647365993484603
Hum_XLOC_002252,HAP1,0.0,0.09312796670920298
Hum_XLOC_002261,HAP1,0.0,0.09263965008576423
Hum_XLOC_002262,HAP1,0.0,0.07318228426181748
Hum_XLOC_002265,HAP1,0.0,0.07306089098355108
Hum_XLOC_002271,HAP1,0.0,0.06954272562207643
Hum_XLOC_002280,HAP1,0.0,0.09437308976979321
Hum_XLOC_002282,HAP1,1.0,0.06947130773312322
Hum_XLOC_002283,HAP1,0.0,0.12969299214608435
Hum_XLOC_002284,HAP1,0.0,0.10046709167762123
Hum_XLOC_002294,HAP1,0.0,0.08853117905638185
Hum_XLOC_002296,HAP1,0.0,0.08896069033850663
Hum_XLOC_002299,HAP1,0.0,0.10641960932089317
Hum_XLOC_002301,HAP1,0.0,0.1092322045940487
Hum_XLOC_002306,HAP1,0.0,0.10913052401937452
Hum_XLOC_002311,HAP1,0.0,0.10038044055795779
Hum_XLOC_002313,HAP1,1.0,0.09678155500568204
Hum_XLOC_002314,HAP1,1.0,0.12364503332070514
Hum_XLOC_002327,HAP1,0.0,0.12780742451536684
Hum_XLOC_002330,HAP1,0.0,0.10617543086333951
Hum_XLOC_002338,HAP1,0.0,0.1088531578982471
Hum_XLOC_002344,HAP1,0.0,0.07361406315060318
Hum_XLOC_002347,HAP1,0.0,0.046967558187505414
Hum_XLOC_002348,HAP1,0.0,0.07897106722006483
Hum_XLOC_002362,HAP1,0.0,0.07254356888874862
Hum_XLOC_002364,HAP1,0.0,0.06875735422335924
Hum_XLOC_002383,HAP1,0.0,0.07492347668365044
Hum_XLOC_002386,HAP1,0.0,0.08016057242662684
Hum_XLOC_002390,HAP1,0.0,0.12341763465983911
Hum_XLOC_002394,HAP1,0.0,0.09659092574369088
Hum_XLOC_002398,HAP1,0.0,0.04088578649147887
Hum_XLOC_002399,HAP1,0.0,0.06900058102133196
Hum_XLOC_002408,HAP1,0.0,0.0628610328232596
Hum_XLOC_002414,HAP1,0.0,0.06849146554409782
Hum_XLOC_002418,HAP1,0.0,0.08157179645792155
Hum_XLOC_002435,HAP1,1.0,0.05392520627491071
Hum_XLOC_002440,HAP1,0.0,0.11372537600100743
Hum_XLOC_002489,HAP1,0.0,0.11800426171681132
Hum_XLOC_002490,HAP1,0.0,0.044629163440908996
Hum_XLOC_002493,HAP1,0.0,0.08566022810587544
Hum_XLOC_002520,HAP1,0.0,0.12061014805268863
Hum_XLOC_002524,HAP1,0.0,0.12324275532557748
Hum_XLOC_002546,HAP1,0.0,0.11558221778786797
Hum_XLOC_002560,HAP1,0.0,0.08884121459129435
Hum_XLOC_002570,HAP1,0.0,0.15056690580390247
Hum_XLOC_002577,HAP1,0.0,0.16668905538842763
Hum_XLOC_002579,HAP1,0.0,0.08806434151237552
Hum_XLOC_002586,HAP1,0.0,0.09119862214520752
Hum_XLOC_002589,HAP1,0.0,0.11369447068941203
Hum_XLOC_002629,HAP1,0.0,0.0791683021253469
Hum_XLOC_002631,HAP1,0.0,0.07956544110048779
Hum_XLOC_002635,HAP1,0.0,0.09439237761482669
Hum_XLOC_002644,HAP1,0.0,0.104360101055961
Hum_XLOC_002646,HAP1,0.0,0.06792318999482656
Hum_XLOC_002653,HAP1,0.0,0.0810840310407881
Hum_XLOC_002681,HAP1,0.0,0.0890050025697276
Hum_XLOC_002695,HAP1,0.0,0.07694971904050035
Hum_XLOC_002702,HAP1,0.0,0.08806398300018839
Hum_XLOC_002705,HAP1,0.0,0.09242614368460805
Hum_XLOC_002711,HAP1,0.0,0.12675726957474118
Hum_XLOC_002714,HAP1,0.0,0.09602208416588025
Hum_XLOC_002717,HAP1,0.0,0.1460519031036029
Hum_XLOC_002725,HAP1,0.0,0.10362523343886249
Hum_XLOC_002741,HAP1,0.0,0.10015013163267973
Hum_XLOC_002742,HAP1,1.0,0.1011851415476786
Hum_XLOC_002744,HAP1,0.0,0.06355476295734737
Hum_XLOC_002760,HAP1,0.0,0.11121706393969116
Hum_XLOC_002788,HAP1,0.0,0.1227760989674498
Hum_XLOC_002792,HAP1,0.0,0.08499901588948883
Hum_XLOC_002796,HAP1,0.0,0.09837555513424882
Hum_XLOC_002817,HAP1,0.0,0.08265118718076923
Hum_XLOC_002836,HAP1,1.0,0.15065317062657627
Hum_XLOC_002844,HAP1,0.0,0.07782138777235552
Hum_XLOC_002845,HAP1,0.0,0.11817553852665476
Hum_XLOC_002859,HAP1,0.0,0.05977843038913068
Hum_XLOC_002889,HAP1,0.0,0.12264024437322801
Hum_XLOC_002911,HAP1,0.0,0.1035230272118245
Hum_XLOC_002935,HAP1,0.0,0.0842353694204306
Hum_XLOC_002937,HAP1,0.0,0.098992337048773
Hum_XLOC_002967,HAP1,0.0,0.05662895825028804
Hum_XLOC_002983,HAP1,0.0,0.09488871733203626
Hum_XLOC_002986,HAP1,0.0,0.1245968508882934
Hum_XLOC_002990,HAP1,0.0,0.11998758606504985
Hum_XLOC_003039,HAP1,0.0,0.08632002018880784
Hum_XLOC_003061,HAP1,0.0,0.10612285824774675
Hum_XLOC_003086,HAP1,0.0,0.10597578041786788
Hum_XLOC_003099,HAP1,0.0,0.06516635315334986
Hum_XLOC_003109,HAP1,0.0,0.06933893632714958
Hum_XLOC_003128,HAP1,0.0,0.12442289430772686
Hum_XLOC_003134,HAP1,0.0,0.10187114010495672
Hum_XLOC_003137,HAP1,0.0,0.10298329439512285
Hum_XLOC_003154,HAP1,0.0,0.09454126621577869
Hum_XLOC_003155,HAP1,0.0,0.10200092808184372
Hum_XLOC_003171,HAP1,0.0,0.0634595176163297
Hum_XLOC_003209,HAP1,0.0,0.08642902845106011
Hum_XLOC_003215,HAP1,0.0,0.10474002639241427
Hum_XLOC_003221,HAP1,0.0,0.06783910678589117
Hum_XLOC_003232,HAP1,0.0,0.07446363789189976
Hum_XLOC_003268,HAP1,1.0,0.08714402019660793
Hum_XLOC_003269,HAP1,0.0,0.10665084464272392
Hum_XLOC_003286,HAP1,0.0,0.12185942241383253
Hum_XLOC_003290,HAP1,0.0,0.08742041054804382
Hum_XLOC_003294,HAP1,0.0,0.052834492790453005
Hum_XLOC_003321,HAP1,0.0,0.10154476941339924
Hum_XLOC_003324,HAP1,0.0,0.09159704120797825
Hum_XLOC_003334,HAP1,0.0,0.0961722506406701
Hum_XLOC_003337,HAP1,0.0,0.07407329867688725
Hum_XLOC_003338,HAP1,0.0,0.07763717629399225
Hum_XLOC_003352,HAP1,0.0,0.12382811891639267
Hum_XLOC_003357,HAP1,0.0,0.08383162036244392
Hum_XLOC_003361,HAP1,0.0,0.08676830379292892
Hum_XLOC_003371,HAP1,0.0,0.07796238951315117
Hum_XLOC_003381,HAP1,0.0,0.0728174261970526
Hum_XLOC_003408,HAP1,0.0,0.08373303998235469
Hum_XLOC_003436,HAP1,0.0,0.10116073967303602
Hum_XLOC_003440,HAP1,0.0,0.05112523778436876
Hum_XLOC_003450,HAP1,0.0,0.11196662206760415
Hum_XLOC_003466,HAP1,0.0,0.08193093265910482
Hum_XLOC_003488,HAP1,0.0,0.07105357741550876
Hum_XLOC_003491,HAP1,0.0,0.06328209301144853
Hum_XLOC_003497,HAP1,0.0,0.08683398948281575
Hum_XLOC_003498,HAP1,0.0,0.08591501709888227
Hum_XLOC_003502,HAP1,0.0,0.0780935026433994
Hum_XLOC_003518,HAP1,0.0,0.12472863260312606
Hum_XLOC_003532,HAP1,0.0,0.07569615681093994
Hum_XLOC_003543,HAP1,0.0,0.12534572264904686
Hum_XLOC_003554,HAP1,1.0,0.101839269699315
Hum_XLOC_003563,HAP1,0.0,0.0787973397641304
Hum_XLOC_003567,HAP1,0.0,0.07270973438985341
Hum_XLOC_003568,HAP1,0.0,0.11214938946540881
Hum_XLOC_003570,HAP1,0.0,0.06839905125235902
Hum_XLOC_003571,HAP1,0.0,0.05522437479579938
Hum_XLOC_003593,HAP1,0.0,0.07327404020551734
Hum_XLOC_003594,HAP1,0.0,0.08273543930406818
Hum_XLOC_003598,HAP1,0.0,0.0682075163819413
Hum_XLOC_003626,HAP1,0.0,0.07772418638121893
Hum_XLOC_003628,HAP1,0.0,0.06301322381339731
Hum_XLOC_003630,HAP1,0.0,0.08280102967137948
Hum_XLOC_003641,HAP1,0.0,0.10829647079081717
Hum_XLOC_003662,HAP1,0.0,0.07823083480600071
Hum_XLOC_003665,HAP1,0.0,0.11328559733671922
Hum_XLOC_003672,HAP1,0.0,0.10048230682615597
Hum_XLOC_003673,HAP1,0.0,0.08623647252350529
Hum_XLOC_003674,HAP1,0.0,0.07912116116041082
Hum_XLOC_003676,HAP1,0.0,0.0912432448285781
Hum_XLOC_003686,HAP1,0.0,0.08163848511448255
Hum_XLOC_003697,HAP1,0.0,0.08348084997988299
Hum_XLOC_003717,HAP1,0.0,0.07791618440087096
Hum_XLOC_003725,HAP1,0.0,0.10960962459889169
Hum_XLOC_003743,HAP1,0.0,0.08904403848446546
Hum_XLOC_003754,HAP1,0.0,0.11364765477116165
Hum_XLOC_003766,HAP1,0.0,0.09953302393234324
Hum_XLOC_003775,HAP1,0.0,0.11383140763604407
Hum_XLOC_003790,HAP1,0.0,0.08570863664792826
Hum_XLOC_003799,HAP1,0.0,0.07532091169776413
Hum_XLOC_003853,HAP1,0.0,0.05512250970131007
Hum_XLOC_003865,HAP1,0.0,0.10827544733816721
Hum_XLOC_003871,HAP1,0.0,0.0823319512463684
Hum_XLOC_003891,HAP1,0.0,0.10572942820748175
Hum_XLOC_003892,HAP1,0.0,0.10018310378711513
Hum_XLOC_003910,HAP1,0.0,0.12220432665375168
Hum_XLOC_003911,HAP1,0.0,0.13864196955647484
Hum_XLOC_003952,HAP1,0.0,0.08551153405743825
Hum_XLOC_003971,HAP1,0.0,0.08756052573982089
Hum_XLOC_003988,HAP1,0.0,0.0663299538472032
Hum_XLOC_004020,HAP1,0.0,0.06627436426093981
Hum_XLOC_004035,HAP1,0.0,0.07820409723719414
Hum_XLOC_004036,HAP1,0.0,0.12394707631666539
Hum_XLOC_004048,HAP1,0.0,0.06655089785199166
Hum_XLOC_004068,HAP1,0.0,0.08928046141273223
Hum_XLOC_004069,HAP1,0.0,0.08363308985349958
Hum_XLOC_004095,HAP1,0.0,0.14009090688549436
Hum_XLOC_004096,HAP1,0.0,0.10978734260119835
Hum_XLOC_004116,HAP1,1.0,0.10913996566782867
Hum_XLOC_004123,HAP1,0.0,0.088510447356742
Hum_XLOC_004134,HAP1,0.0,0.06531517090102319
Hum_XLOC_004161,HAP1,0.0,0.09711539802130989
Hum_XLOC_004168,HAP1,0.0,0.09196453694071562
Hum_XLOC_004169,HAP1,0.0,0.10167789179931275
Hum_XLOC_004177,HAP1,0.0,0.09312602214192502
Hum_XLOC_004200,HAP1,0.0,0.08366306484617957
Hum_XLOC_004201,HAP1,0.0,0.0668309738085198
Hum_XLOC_004219,HAP1,0.0,0.07071233906811815
Hum_XLOC_004226,HAP1,0.0,0.08345983804831447
Hum_XLOC_004227,HAP1,0.0,0.08724481522199112
Hum_XLOC_004236,HAP1,1.0,0.06495504249051706
Hum_XLOC_004254,HAP1,1.0,0.11481746314327845
Hum_XLOC_004255,HAP1,0.0,0.09251763710464234
Hum_XLOC_004262,HAP1,1.0,0.10102670961581117
Hum_XLOC_004269,HAP1,0.0,0.07033133192140892
Hum_XLOC_004277,HAP1,0.0,0.07757798330555934
Hum_XLOC_004278,HAP1,0.0,0.08999183279611397
Hum_XLOC_004282,HAP1,0.0,0.08469480063447682
Hum_XLOC_004287,HAP1,0.0,0.06620413759216703
Hum_XLOC_004293,HAP1,0.0,0.08990277545558227
Hum_XLOC_004302,HAP1,0.0,0.09655460834677432
Hum_XLOC_004303,HAP1,0.0,0.06899670646033977
Hum_XLOC_004306,HAP1,0.0,0.08383204387602015
Hum_XLOC_004309,HAP1,0.0,0.11797437093456999
Hum_XLOC_004314,HAP1,0.0,0.07957081407995939
Hum_XLOC_004317,HAP1,0.0,0.09296271912543265
Hum_XLOC_004336,HAP1,0.0,0.08698114125289608
Hum_XLOC_004343,HAP1,0.0,0.08496004806548904
Hum_XLOC_004350,HAP1,0.0,0.07452041175048539
Hum_XLOC_004361,HAP1,0.0,0.0853764153946885
Hum_XLOC_004363,HAP1,0.0,0.059310894250014894
Hum_XLOC_004401,HAP1,0.0,0.07623904753703782
Hum_XLOC_004405,HAP1,1.0,0.07061575484621055
Hum_XLOC_004407,HAP1,0.0,0.07392087921157653
Hum_XLOC_004424,HAP1,0.0,0.14506985846034212
Hum_XLOC_004437,HAP1,0.0,0.07861054509385174
Hum_XLOC_004446,HAP1,0.0,0.10470028375995481
Hum_XLOC_004457,HAP1,0.0,0.10438853300897964
Hum_XLOC_004482,HAP1,0.0,0.09434568566163964
Hum_XLOC_004502,HAP1,0.0,0.06749452730783563
Hum_XLOC_004515,HAP1,0.0,0.06724344943703915
Hum_XLOC_004529,HAP1,0.0,0.08187367904737906
Hum_XLOC_004535,HAP1,0.0,0.07430248206622778
Hum_XLOC_004553,HAP1,0.0,0.07899792417974351
Hum_XLOC_004566,HAP1,0.0,0.08454050762477897
Hum_XLOC_004567,HAP1,0.0,0.09078975378974662
Hum_XLOC_004572,HAP1,0.0,0.11301506934656826
Hum_XLOC_004578,HAP1,0.0,0.08428578524375824
Hum_XLOC_004580,HAP1,0.0,0.0745694878170139
Hum_XLOC_004581,HAP1,0.0,0.10485893522828352
Hum_XLOC_004587,HAP1,0.0,0.09137249983257348
Hum_XLOC_004600,HAP1,0.0,0.11740333981918798
Hum_XLOC_004601,HAP1,0.0,0.08510953302249484
Hum_XLOC_004607,HAP1,0.0,0.10108200753810113
Hum_XLOC_004617,HAP1,0.0,0.1076825474407662
Hum_XLOC_004619,HAP1,0.0,0.09395393875615528
Hum_XLOC_004620,HAP1,0.0,0.12594983701009071
Hum_XLOC_004632,HAP1,0.0,0.09357133010437078
Hum_XLOC_004636,HAP1,0.0,0.10766664379687124
Hum_XLOC_004652,HAP1,0.0,0.08778435600974023
Hum_XLOC_004653,HAP1,0.0,0.0888804922519668
Hum_XLOC_004657,HAP1,1.0,0.1057567319863083
Hum_XLOC_004661,HAP1,0.0,0.07059035739280134
Hum_XLOC_004683,HAP1,0.0,0.05796413854912365
Hum_XLOC_004684,HAP1,0.0,0.095294852518556
Hum_XLOC_004688,HAP1,0.0,0.07763638175314955
Hum_XLOC_004689,HAP1,0.0,0.07324445698155206
Hum_XLOC_004705,HAP1,0.0,0.11134103993173633
Hum_XLOC_004717,HAP1,1.0,0.1005342929445588
Hum_XLOC_004718,HAP1,0.0,0.07354622536403803
Hum_XLOC_004733,HAP1,0.0,0.08094844522772532
Hum_XLOC_004741,HAP1,0.0,0.10672610658626111
Hum_XLOC_004762,HAP1,0.0,0.1135902825642275
Hum_XLOC_004771,HAP1,0.0,0.10561191754813468
Hum_XLOC_004777,HAP1,0.0,0.07815037087328161
Hum_XLOC_004788,HAP1,1.0,0.07918935424291651
Hum_XLOC_004791,HAP1,1.0,0.07239100938881972
Hum_XLOC_004795,HAP1,0.0,0.08856651434955283
Hum_XLOC_004803,HAP1,0.0,0.09446589686897361
Hum_XLOC_004805,HAP1,0.0,0.07634209728665305
Hum_XLOC_004813,HAP1,0.0,0.08891463853438565
Hum_XLOC_004815,HAP1,0.0,0.10306998301183506
Hum_XLOC_004822,HAP1,0.0,0.06844865897585031
Hum_XLOC_004823,HAP1,1.0,0.06484734625165234
Hum_XLOC_004827,HAP1,0.0,0.06763368989205207
Hum_XLOC_004837,HAP1,0.0,0.093127321732044
Hum_XLOC_004839,HAP1,0.0,0.07992746310508653
Hum_XLOC_004855,HAP1,0.0,0.0926628820003055
Hum_XLOC_004874,HAP1,0.0,0.07107083548477079
Hum_XLOC_004875,HAP1,0.0,0.07188570024010732
Hum_XLOC_004878,HAP1,0.0,0.07489834498744347
Hum_XLOC_004884,HAP1,0.0,0.06441341716521452
Hum_XLOC_004911,HAP1,0.0,0.10280865900775941
Hum_XLOC_004915,HAP1,1.0,0.10271562495529289
Hum_XLOC_004927,HAP1,0.0,0.09937809239278268
Hum_XLOC_004929,HAP1,0.0,0.1246946844780009
Hum_XLOC_004936,HAP1,0.0,0.08852216512880617
Hum_XLOC_004957,HAP1,0.0,0.07053919045813968
Hum_XLOC_004960,HAP1,0.0,0.07872567139058004
Hum_XLOC_004965,HAP1,0.0,0.07930407115345803
Hum_XLOC_000006,HEK293FT,0.0,0.09294569779641317
Hum_XLOC_000008,HEK293FT,0.0,0.13846323585629458
Hum_XLOC_000016,HEK293FT,0.0,0.12618174832605653
Hum_XLOC_000030,HEK293FT,0.0,0.15510489642249642
Hum_XLOC_000033,HEK293FT,0.0,0.09546037268744458
Hum_XLOC_000039,HEK293FT,0.0,0.13390594563586644
Hum_XLOC_000053,HEK293FT,0.0,0.09459811759267846
Hum_XLOC_000057,HEK293FT,0.0,0.1199401080767181
Hum_XLOC_000060,HEK293FT,0.0,0.08342023210390899
Hum_XLOC_000080,HEK293FT,0.0,0.10186411922818696
Hum_XLOC_000094,HEK293FT,0.0,0.08910382809644268
Hum_XLOC_000100,HEK293FT,1.0,0.08327324303297018
Hum_XLOC_000105,HEK293FT,0.0,0.08685061188584096
Hum_XLOC_000107,HEK293FT,0.0,0.0704210738513172
Hum_XLOC_000111,HEK293FT,0.0,0.09225596688093929
Hum_XLOC_000134,HEK293FT,0.0,0.07960635868453189
Hum_XLOC_000143,HEK293FT,0.0,0.12201580701585517
Hum_XLOC_000145,HEK293FT,0.0,0.1323290856158359
Hum_XLOC_000149,HEK293FT,0.0,0.0905222241145308
Hum_XLOC_000155,HEK293FT,0.0,0.08937194754662629
Hum_XLOC_000169,HEK293FT,0.0,0.10488209100640897
Hum_XLOC_000170,HEK293FT,0.0,0.1053619008382869
Hum_XLOC_000194,HEK293FT,0.0,0.0883940456026187
Hum_XLOC_000201,HEK293FT,0.0,0.11264908911997654
Hum_XLOC_000231,HEK293FT,0.0,0.13598267845156836
Hum_XLOC_000233,HEK293FT,0.0,0.14735885143162422
Hum_XLOC_000245,HEK293FT,1.0,0.09095939013352497
Hum_XLOC_000247,HEK293FT,0.0,0.12025308141743131
Hum_XLOC_000248,HEK293FT,0.0,0.12689221837508316
Hum_XLOC_000265,HEK293FT,0.0,0.08521061093376989
Hum_XLOC_000282,HEK293FT,0.0,0.1130146473004779
Hum_XLOC_000286,HEK293FT,0.0,0.09633314436485466
Hum_XLOC_000292,HEK293FT,0.0,0.1080210871327782
Hum_XLOC_000307,HEK293FT,0.0,0.08257548395860072
Hum_XLOC_000308,HEK293FT,0.0,0.09879534412482038
Hum_XLOC_000312,HEK293FT,0.0,0.13338150619666572
Hum_XLOC_000314,HEK293FT,0.0,0.055523384963823356
Hum_XLOC_000317,HEK293FT,0.0,0.05986259357464692
Hum_XLOC_000319,HEK293FT,0.0,0.08993402579415681
Hum_XLOC_000332,HEK293FT,0.0,0.15840867565880953
Hum_XLOC_000338,HEK293FT,0.0,0.11032496513875892
Hum_XLOC_000342,HEK293FT,0.0,0.11084277170273286
Hum_XLOC_000345,HEK293FT,0.0,0.09756186546598573
Hum_XLOC_000362,HEK293FT,0.0,0.09236718028721486
Hum_XLOC_000377,HEK293FT,0.0,0.10594252247716042
Hum_XLOC_000390,HEK293FT,0.0,0.09954771370884109
Hum_XLOC_000394,HEK293FT,0.0,0.11349820067048362
Hum_XLOC_000411,HEK293FT,0.0,0.07563267881860622
Hum_XLOC_000415,HEK293FT,0.0,0.12572607155383375
Hum_XLOC_000430,HEK293FT,0.0,0.09194722967886851
Hum_XLOC_000436,HEK293FT,0.0,0.11651686917562704
Hum_XLOC_000437,HEK293FT,0.0,0.13739002916426335
Hum_XLOC_000456,HEK293FT,1.0,0.0968506520940747
Hum_XLOC_000461,HEK293FT,0.0,0.12407845154434476
Hum_XLOC_000462,HEK293FT,0.0,0.09827543333213246
Hum_XLOC_000465,HEK293FT,0.0,0.0647198001116061
Hum_XLOC_000472,HEK293FT,0.0,0.09049168315454455
Hum_XLOC_000474,HEK293FT,0.0,0.07143275910259321
Hum_XLOC_000478,HEK293FT,0.0,0.11399618310542785
Hum_XLOC_000486,HEK293FT,0.0,0.06708504980305248
Hum_XLOC_000490,HEK293FT,0.0,0.10767701567889386
Hum_XLOC_000498,HEK293FT,0.0,0.10558529437229384
Hum_XLOC_000500,HEK293FT,0.0,0.11366376957606734
Hum_XLOC_000510,HEK293FT,0.0,0.09969233672474545
Hum_XLOC_000535,HEK293FT,0.0,0.13221984164868086
Hum_XLOC_000540,HEK293FT,0.0,0.07453795236159398
Hum_XLOC_000556,HEK293FT,0.0,0.11640781728638198
Hum_XLOC_000574,HEK293FT,0.0,0.08458726184890501
Hum_XLOC_000575,HEK293FT,0.0,0.08650444993662228
Hum_XLOC_000582,HEK293FT,0.0,0.09013414877398469
Hum_XLOC_000590,HEK293FT,0.0,0.09056927870054007
Hum_XLOC_000601,HEK293FT,0.0,0.09286662300822351
Hum_XLOC_000604,HEK293FT,0.0,0.05218576165753024
Hum_XLOC_000608,HEK293FT,1.0,0.09429135213882234
Hum_XLOC_000612,HEK293FT,0.0,0.08024904903168048
Hum_XLOC_000636,HEK293FT,0.0,0.09968944138210975
Hum_XLOC_000638,HEK293FT,0.0,0.15483546479488247
Hum_XLOC_000641,HEK293FT,0.0,0.08391976489573486
Hum_XLOC_000655,HEK293FT,1.0,0.11154827851986668
Hum_XLOC_000668,HEK293FT,0.0,0.07837688574563043
Hum_XLOC_000680,HEK293FT,0.0,0.0775416419690938
Hum_XLOC_000681,HEK293FT,0.0,0.07866706669467428
Hum_XLOC_000695,HEK293FT,0.0,0.07078179935457762
Hum_XLOC_000702,HEK293FT,0.0,0.09954592576350131
Hum_XLOC_000726,HEK293FT,0.0,0.11038941538460002
Hum_XLOC_000727,HEK293FT,0.0,0.12244105098485897
Hum_XLOC_000758,HEK293FT,0.0,0.06988595152169105
Hum_XLOC_000773,HEK293FT,0.0,0.0784157797802662
Hum_XLOC_000774,HEK293FT,0.0,0.1100338172243461
Hum_XLOC_000797,HEK293FT,0.0,0.12983410145301694
Hum_XLOC_000799,HEK293FT,0.0,0.11466384528670273
Hum_XLOC_000800,HEK293FT,0.0,0.06337168894432568
Hum_XLOC_000807,HEK293FT,0.0,0.08793751255067252
Hum_XLOC_000818,HEK293FT,1.0,0.07474690368503023
Hum_XLOC_000828,HEK293FT,0.0,0.12196984931053678
Hum_XLOC_000831,HEK293FT,0.0,0.08075618648305748
Hum_XLOC_000835,HEK293FT,0.0,0.08761233226687958
Hum_XLOC_000840,HEK293FT,0.0,0.0822655883458536
Hum_XLOC_000841,HEK293FT,1.0,0.07358966029673879
Hum_XLOC_000842,HEK293FT,0.0,0.04903410314170059
Hum_XLOC_000854,HEK293FT,0.0,0.10028273932435271
Hum_XLOC_000855,HEK293FT,0.0,0.062451929775030474
Hum_XLOC_000883,HEK293FT,0.0,0.0760890174256664
Hum_XLOC_000885,HEK293FT,0.0,0.06028242075275502
Hum_XLOC_000905,HEK293FT,0.0,0.08107647527831414
Hum_XLOC_000917,HEK293FT,0.0,0.07280106460367414
Hum_XLOC_000925,HEK293FT,0.0,0.10436290105863494
Hum_XLOC_000944,HEK293FT,0.0,0.09013627878208119
Hum_XLOC_000949,HEK293FT,0.0,0.08084421884079485
Hum_XLOC_000953,HEK293FT,0.0,0.07409897246169395
Hum_XLOC_000964,HEK293FT,0.0,0.08760421131540884
Hum_XLOC_000990,HEK293FT,0.0,0.08931006748817846
Hum_XLOC_000994,HEK293FT,0.0,0.07793149497629609
Hum_XLOC_001020,HEK293FT,0.0,0.07512591292275349
Hum_XLOC_001029,HEK293FT,0.0,0.08517504254904852
Hum_XLOC_001066,HEK293FT,0.0,0.06459986656461561
Hum_XLOC_001120,HEK293FT,0.0,0.07181910201992346
Hum_XLOC_001121,HEK293FT,0.0,0.07434582763736572
Hum_XLOC_001122,HEK293FT,0.0,0.09552561538983059
Hum_XLOC_001125,HEK293FT,0.0,0.11508477907439638
Hum_XLOC_001132,HEK293FT,0.0,0.0905675501413355
Hum_XLOC_001138,HEK293FT,0.0,0.10749621972787843
Hum_XLOC_001144,HEK293FT,0.0,0.08463318325555638
Hum_XLOC_001146,HEK293FT,0.0,0.09268732843033695
Hum_XLOC_001188,HEK293FT,0.0,0.08154201921855164
Hum_XLOC_001191,HEK293FT,0.0,0.06018248482542097
Hum_XLOC_001192,HEK293FT,0.0,0.1053209776736928
Hum_XLOC_001217,HEK293FT,0.0,0.06800210310774253
Hum_XLOC_001222,HEK293FT,0.0,0.06942745331364458
Hum_XLOC_001228,HEK293FT,0.0,0.12451874619984789
Hum_XLOC_001230,HEK293FT,0.0,0.09047801311004898
Hum_XLOC_001237,HEK293FT,0.0,0.061717162656733375
Hum_XLOC_001243,HEK293FT,0.0,0.08082030642210604
Hum_XLOC_001275,HEK293FT,0.0,0.08943477197095126
Hum_XLOC_001279,HEK293FT,0.0,0.09111619305143585
Hum_XLOC_001291,HEK293FT,0.0,0.13195354446114446
Hum_XLOC_001296,HEK293FT,0.0,0.06926924243169555
Hum_XLOC_001297,HEK293FT,0.0,0.15077254456936837
Hum_XLOC_001309,HEK293FT,0.0,0.0767288758117842
Hum_XLOC_001329,HEK293FT,0.0,0.08346618264172989
Hum_XLOC_001330,HEK293FT,0.0,0.09378494852158582
Hum_XLOC_001355,HEK293FT,0.0,0.0942899687255208
Hum_XLOC_001366,HEK293FT,0.0,0.09954598835414456
Hum_XLOC_001367,HEK293FT,0.0,0.054570646955347905
Hum_XLOC_001375,HEK293FT,0.0,0.07285504705397268
Hum_XLOC_001390,HEK293FT,0.0,0.0932116061277952
Hum_XLOC_001405,HEK293FT,0.0,0.10308433850751313
Hum_XLOC_001461,HEK293FT,0.0,0.0702756036725695
Hum_XLOC_001465,HEK293FT,0.0,0.07452897298839299
Hum_XLOC_001488,HEK293FT,0.0,0.10590838490300335
Hum_XLOC_001490,HEK293FT,0.0,0.11508910724955364
Hum_XLOC_001509,HEK293FT,0.0,0.11108063253098309
Hum_XLOC_001516,HEK293FT,0.0,0.10391191181794758
Hum_XLOC_001532,HEK293FT,0.0,0.07829060057223787
Hum_XLOC_001539,HEK293FT,0.0,0.08883424392864848
Hum_XLOC_001541,HEK293FT,0.0,0.11243224578233543
Hum_XLOC_001542,HEK293FT,0.0,0.0886322789266277
Hum_XLOC_001548,HEK293FT,0.0,0.08872853472331121
Hum_XLOC_001559,HEK293FT,0.0,0.10270927605560176
Hum_XLOC_001565,HEK293FT,0.0,0.12806097662280452
Hum_XLOC_001566,HEK293FT,0.0,0.09990650276033256
Hum_XLOC_001575,HEK293FT,0.0,0.09693884942198543
Hum_XLOC_001580,HEK293FT,0.0,0.08050392308558225
Hum_XLOC_001590,HEK293FT,0.0,0.07998774998736037
Hum_XLOC_001615,HEK293FT,0.0,0.10391098310038029
Hum_XLOC_001624,HEK293FT,0.0,0.08308967853358667
Hum_XLOC_001639,HEK293FT,0.0,0.07304141666560872
Hum_XLOC_001661,HEK293FT,0.0,0.07610132965010678
Hum_XLOC_001666,HEK293FT,0.0,0.07878353416819919
Hum_XLOC_001668,HEK293FT,0.0,0.1102871586259418
Hum_XLOC_001688,HEK293FT,0.0,0.08292455211367944
Hum_XLOC_001689,HEK293FT,0.0,0.05347041653559206
Hum_XLOC_001695,HEK293FT,0.0,0.12757482322008484
Hum_XLOC_001696,HEK293FT,0.0,0.08463121630239276
Hum_XLOC_001698,HEK293FT,0.0,0.07751777870700075
Hum_XLOC_001707,HEK293FT,0.0,0.07486074149793277
Hum_XLOC_001760,HEK293FT,0.0,0.09141091073715811
Hum_XLOC_001761,HEK293FT,0.0,0.0819348194728342
Hum_XLOC_001773,HEK293FT,0.0,0.09471039299818355
Hum_XLOC_001775,HEK293FT,0.0,0.0719552537430176
Hum_XLOC_001779,HEK293FT,0.0,0.10842111555552607
Hum_XLOC_001783,HEK293FT,0.0,0.10619453921727673
Hum_XLOC_001791,HEK293FT,0.0,0.10564394891682101
Hum_XLOC_001805,HEK293FT,0.0,0.0875092207190248
Hum_XLOC_001809,HEK293FT,0.0,0.06981226292943603
Hum_XLOC_001848,HEK293FT,0.0,0.0974177470149448
Hum_XLOC_001919,HEK293FT,0.0,0.08197152244855961
Hum_XLOC_001941,HEK293FT,0.0,0.06401219699875031
Hum_XLOC_001942,HEK293FT,0.0,0.08101393225038514
Hum_XLOC_001949,HEK293FT,0.0,0.07984590635175287
Hum_XLOC_001950,HEK293FT,0.0,0.09724849670840957
Hum_XLOC_001953,HEK293FT,0.0,0.057825293495760974
Hum_XLOC_001957,HEK293FT,0.0,0.0817019079658809
Hum_XLOC_001961,HEK293FT,0.0,0.07890588109393826
Hum_XLOC_001969,HEK293FT,0.0,0.08002777527977784
Hum_XLOC_002024,HEK293FT,0.0,0.0727480471072183
Hum_XLOC_002028,HEK293FT,0.0,0.08420798870195927
Hum_XLOC_002033,HEK293FT,0.0,0.06830989595456295
Hum_XLOC_002036,HEK293FT,0.0,0.1112383506007209
Hum_XLOC_002037,HEK293FT,0.0,0.0966238066619868
Hum_XLOC_002041,HEK293FT,0.0,0.0982305795065673
Hum_XLOC_002059,HEK293FT,0.0,0.1393462842594322
Hum_XLOC_002061,HEK293FT,0.0,0.07410315317813192
Hum_XLOC_002068,HEK293FT,0.0,0.0466513170700709
Hum_XLOC_002081,HEK293FT,0.0,0.08741182982333674
Hum_XLOC_002093,HEK293FT,0.0,0.09955438391032345
Hum_XLOC_002099,HEK293FT,0.0,0.08381088339302062
Hum_XLOC_002144,HEK293FT,0.0,0.1155005318412084
Hum_XLOC_002150,HEK293FT,0.0,0.08612182954073745
Hum_XLOC_002152,HEK293FT,0.0,0.08804715798617642
Hum_XLOC_002154,HEK293FT,0.0,0.06406352348579253
Hum_XLOC_002169,HEK293FT,1.0,0.07926035730848194
Hum_XLOC_002170,HEK293FT,0.0,0.059059813995533485
Hum_XLOC_002176,HEK293FT,0.0,0.10709523143065444
Hum_XLOC_002178,HEK293FT,0.0,0.08954444287390967
Hum_XLOC_002186,HEK293FT,0.0,0.11028457158445769
Hum_XLOC_002204,HEK293FT,1.0,0.09635066648125525
Hum_XLOC_002205,HEK293FT,1.0,0.08087488425491751
Hum_XLOC_002219,HEK293FT,1.0,0.09863487033457788
Hum_XLOC_002244,HEK293FT,0.0,0.08992797334323348
Hum_XLOC_002252,HEK293FT,0.0,0.09453622450839946
Hum_XLOC_002261,HEK293FT,0.0,0.09071449375896566
Hum_XLOC_002262,HEK293FT,0.0,0.06913540337141895
Hum_XLOC_002265,HEK293FT,0.0,0.07676164758696515
Hum_XLOC_002271,HEK293FT,0.0,0.06954272562207643
Hum_XLOC_002280,HEK293FT,0.0,0.09649957128381652
Hum_XLOC_002282,HEK293FT,0.0,0.07095618425311849
Hum_XLOC_002283,HEK293FT,0.0,0.12806574932240442
Hum_XLOC_002284,HEK293FT,0.0,0.10231190361164787
Hum_XLOC_002294,HEK293FT,0.0,0.08334901376996658
Hum_XLOC_002296,HEK293FT,0.0,0.09487204044126048
Hum_XLOC_002299,HEK293FT,0.0,0.11030037873750184
Hum_XLOC_002301,HEK293FT,0.0,0.11095135673832349
Hum_XLOC_002306,HEK293FT,0.0,0.11131292417479813
Hum_XLOC_002311,HEK293FT,1.0,0.10253461512231339
Hum_XLOC_002313,HEK293FT,0.0,0.09503284205606953
Hum_XLOC_002314,HEK293FT,0.0,0.11772666792697868
Hum_XLOC_002327,HEK293FT,0.0,0.12762866666384381
Hum_XLOC_002330,HEK293FT,0.0,0.108091030340511
Hum_XLOC_002338,HEK293FT,0.0,0.10675979780206428
Hum_XLOC_002344,HEK293FT,0.0,0.0756708959736557
Hum_XLOC_002347,HEK293FT,0.0,0.04709591540690372
Hum_XLOC_002348,HEK293FT,0.0,0.07885397981308978
Hum_XLOC_002362,HEK293FT,0.0,0.07429801127650333
Hum_XLOC_002364,HEK293FT,0.0,0.06884967285146355
Hum_XLOC_002383,HEK293FT,0.0,0.0825072429973056
Hum_XLOC_002386,HEK293FT,0.0,0.08015089986539632
Hum_XLOC_002390,HEK293FT,0.0,0.1233376618547401
Hum_XLOC_002394,HEK293FT,0.0,0.09840065737221887
Hum_XLOC_002398,HEK293FT,0.0,0.042799332184312845
Hum_XLOC_002399,HEK293FT,0.0,0.06703043922041106
Hum_XLOC_002408,HEK293FT,0.0,0.06095015273085211
Hum_XLOC_002414,HEK293FT,0.0,0.06644145664378885
Hum_XLOC_002418,HEK293FT,0.0,0.08339418778459441
Hum_XLOC_002435,HEK293FT,0.0,0.05568648208762794
Hum_XLOC_002440,HEK293FT,1.0,0.10743143554771038
Hum_XLOC_002489,HEK293FT,0.0,0.12185491199521575
Hum_XLOC_002490,HEK293FT,0.0,0.044629163440908996
Hum_XLOC_002493,HEK293FT,0.0,0.08539414059616837
Hum_XLOC_002520,HEK293FT,0.0,0.11653666573034002
Hum_XLOC_002524,HEK293FT,0.0,0.12999889974765824
Hum_XLOC_002546,HEK293FT,0.0,0.1096658066482862
Hum_XLOC_002560,HEK293FT,0.0,0.09252175207048513
Hum_XLOC_002570,HEK293FT,0.0,0.1354878478374754
Hum_XLOC_002577,HEK293FT,0.0,0.17268754836250816
Hum_XLOC_002579,HEK293FT,0.0,0.08628849034506968
Hum_XLOC_002586,HEK293FT,0.0,0.0892229832751659
Hum_XLOC_002589,HEK293FT,0.0,0.11204718792618304
Hum_XLOC_002629,HEK293FT,0.0,0.08336888808994546
Hum_XLOC_002631,HEK293FT,0.0,0.08338569208375204
Hum_XLOC_002635,HEK293FT,0.0,0.09644636290837896
Hum_XLOC_002644,HEK293FT,0.0,0.10428312236105525
Hum_XLOC_002646,HEK293FT,0.0,0.06622764060782739
Hum_XLOC_002653,HEK293FT,0.0,0.08445597756511457
Hum_XLOC_002681,HEK293FT,0.0,0.08541827282170085
Hum_XLOC_002695,HEK293FT,0.0,0.07906053515681069
Hum_XLOC_002702,HEK293FT,0.0,0.09199514789894127
Hum_XLOC_002705,HEK293FT,0.0,0.08843918868259654
Hum_XLOC_002711,HEK293FT,0.0,0.12661357615765262
Hum_XLOC_002714,HEK293FT,0.0,0.09653884533710314
Hum_XLOC_002717,HEK293FT,0.0,0.14242068745773753
Hum_XLOC_002725,HEK293FT,0.0,0.10332862490200771
Hum_XLOC_002741,HEK293FT,0.0,0.09420651926716073
Hum_XLOC_002742,HEK293FT,0.0,0.0992327894233707
Hum_XLOC_002744,HEK293FT,0.0,0.0635702720504746
Hum_XLOC_002760,HEK293FT,0.0,0.11135638312543159
Hum_XLOC_002788,HEK293FT,0.0,0.11886319878098875
Hum_XLOC_002792,HEK293FT,1.0,0.0927448885998976
Hum_XLOC_002796,HEK293FT,0.0,0.10213773979430044
Hum_XLOC_002817,HEK293FT,0.0,0.08468515775012872
Hum_XLOC_002836,HEK293FT,0.0,0.14884083487542576
Hum_XLOC_002844,HEK293FT,1.0,0.0814304908605322
Hum_XLOC_002845,HEK293FT,0.0,0.11449275660489037
Hum_XLOC_002859,HEK293FT,0.0,0.05602003350034903
Hum_XLOC_002889,HEK293FT,0.0,0.1168281451190592
Hum_XLOC_002911,HEK293FT,0.0,0.10562354517214657
Hum_XLOC_002935,HEK293FT,0.0,0.0900055379230532
Hum_XLOC_002937,HEK293FT,0.0,0.1025798669443031
Hum_XLOC_002967,HEK293FT,0.0,0.056712458834462354
Hum_XLOC_002983,HEK293FT,0.0,0.09653946461469091
Hum_XLOC_002986,HEK293FT,0.0,0.1268629379688102
Hum_XLOC_002990,HEK293FT,0.0,0.1194675270793419
Hum_XLOC_003039,HEK293FT,0.0,0.08459418202888179
Hum_XLOC_003061,HEK293FT,0.0,0.10603347178011158
Hum_XLOC_003086,HEK293FT,0.0,0.10950324654350586
Hum_XLOC_003099,HEK293FT,0.0,0.0655236876211738
Hum_XLOC_003109,HEK293FT,0.0,0.06743502650017434
Hum_XLOC_003128,HEK293FT,0.0,0.12083179625920148
Hum_XLOC_003134,HEK293FT,0.0,0.10184693359533221
Hum_XLOC_003137,HEK293FT,0.0,0.10707241430271537
Hum_XLOC_003154,HEK293FT,0.0,0.09627240701897435
Hum_XLOC_003155,HEK293FT,0.0,0.10614994403918603
Hum_XLOC_003171,HEK293FT,0.0,0.06679238433835605
Hum_XLOC_003209,HEK293FT,0.0,0.08627931203287528
Hum_XLOC_003215,HEK293FT,0.0,0.09763880544854125
Hum_XLOC_003221,HEK293FT,0.0,0.0695958676369793
Hum_XLOC_003232,HEK293FT,0.0,0.07437469569100234
Hum_XLOC_003268,HEK293FT,0.0,0.08323085387870893
Hum_XLOC_003269,HEK293FT,0.0,0.10116703602059199
Hum_XLOC_003286,HEK293FT,0.0,0.1162017746455256
Hum_XLOC_003290,HEK293FT,0.0,0.08759555589812879
Hum_XLOC_003294,HEK293FT,0.0,0.05444547677214637
Hum_XLOC_003321,HEK293FT,0.0,0.09961085934969813
Hum_XLOC_003324,HEK293FT,0.0,0.08985528090933384
Hum_XLOC_003334,HEK293FT,0.0,0.09222209931171096
Hum_XLOC_003337,HEK293FT,0.0,0.07224881477577436
Hum_XLOC_003338,HEK293FT,0.0,0.0799726362912396
Hum_XLOC_003352,HEK293FT,0.0,0.12727585682587406
Hum_XLOC_003357,HEK293FT,0.0,0.0836887652543905
Hum_XLOC_003361,HEK293FT,0.0,0.09418845135564725
Hum_XLOC_003371,HEK293FT,0.0,0.0821020891085427
Hum_XLOC_003381,HEK293FT,0.0,0.07339604568529798
Hum_XLOC_003408,HEK293FT,0.0,0.08597930790733872
Hum_XLOC_003436,HEK293FT,0.0,0.10298036737750978
Hum_XLOC_003440,HEK293FT,0.0,0.04921268170473664
Hum_XLOC_003450,HEK293FT,0.0,0.11570160016925501
Hum_XLOC_003466,HEK293FT,0.0,0.08194263711776392
Hum_XLOC_003488,HEK293FT,0.0,0.0732471619856822
Hum_XLOC_003491,HEK293FT,0.0,0.06487764634034426
Hum_XLOC_003497,HEK293FT,0.0,0.09061136520875819
Hum_XLOC_003498,HEK293FT,0.0,0.08397407188691804
Hum_XLOC_003502,HEK293FT,0.0,0.08032831465901433
Hum_XLOC_003518,HEK293FT,0.0,0.1206208512199492
Hum_XLOC_003532,HEK293FT,0.0,0.06993245049373745
Hum_XLOC_003543,HEK293FT,0.0,0.11999119464121052
Hum_XLOC_003554,HEK293FT,0.0,0.09978042159920439
Hum_XLOC_003563,HEK293FT,0.0,0.07844573387474855
Hum_XLOC_003567,HEK293FT,0.0,0.07455414088003275
Hum_XLOC_003568,HEK293FT,1.0,0.11422794718900968
Hum_XLOC_003570,HEK293FT,0.0,0.06839905125235902
Hum_XLOC_003571,HEK293FT,0.0,0.05502048360426181
Hum_XLOC_003593,HEK293FT,0.0,0.07886411231389372
Hum_XLOC_003594,HEK293FT,0.0,0.0861846106220756
Hum_XLOC_003598,HEK293FT,0.0,0.06413944466426497
Hum_XLOC_003626,HEK293FT,0.0,0.07772418638121893
Hum_XLOC_003628,HEK293FT,0.0,0.0628665896056449
Hum_XLOC_003630,HEK293FT,0.0,0.09062039838975146
Hum_XLOC_003641,HEK293FT,0.0,0.1102928002509965
Hum_XLOC_003662,HEK293FT,0.0,0.0805332860584498
Hum_XLOC_003665,HEK293FT,0.0,0.11154600370486456
Hum_XLOC_003672,HEK293FT,0.0,0.10213943413635751
Hum_XLOC_003673,HEK293FT,0.0,0.0879809466579069
Hum_XLOC_003674,HEK293FT,0.0,0.08282916380702014
Hum_XLOC_003676,HEK293FT,0.0,0.08938262913378422
Hum_XLOC_003686,HEK293FT,0.0,0.07980578694301207
Hum_XLOC_003697,HEK293FT,0.0,0.08578505925291889
Hum_XLOC_003717,HEK293FT,0.0,0.07946576855673576
Hum_XLOC_003725,HEK293FT,0.0,0.10551308865315127
Hum_XLOC_003743,HEK293FT,0.0,0.09040683007849208
Hum_XLOC_003754,HEK293FT,0.0,0.10994509690604437
Hum_XLOC_003766,HEK293FT,0.0,0.09909581149534216
Hum_XLOC_003775,HEK293FT,0.0,0.10851171383409283
Hum_XLOC_003790,HEK293FT,0.0,0.0857612625419511
Hum_XLOC_003799,HEK293FT,0.0,0.0730994651514416
Hum_XLOC_003853,HEK293FT,0.0,0.05504733968235286
Hum_XLOC_003865,HEK293FT,0.0,0.1025937953018336
Hum_XLOC_003871,HEK293FT,0.0,0.0801616829134235
Hum_XLOC_003891,HEK293FT,0.0,0.09815295206270204
Hum_XLOC_003892,HEK293FT,0.0,0.10007881850849341
Hum_XLOC_003910,HEK293FT,0.0,0.11800936429343054
Hum_XLOC_003911,HEK293FT,0.0,0.13306945805316325
Hum_XLOC_003952,HEK293FT,0.0,0.08459491239092223
Hum_XLOC_003971,HEK293FT,0.0,0.08382123845552095
Hum_XLOC_003988,HEK293FT,0.0,0.07075722583402431
Hum_XLOC_004020,HEK293FT,0.0,0.06995037909673105
Hum_XLOC_004035,HEK293FT,0.0,0.07468757204819694
Hum_XLOC_004036,HEK293FT,0.0,0.11693899337969507
Hum_XLOC_004048,HEK293FT,0.0,0.06855089785199164
Hum_XLOC_004068,HEK293FT,0.0,0.09128046141273222
Hum_XLOC_004069,HEK293FT,0.0,0.0818570705324035
Hum_XLOC_004095,HEK293FT,0.0,0.1421655117640552
Hum_XLOC_004096,HEK293FT,0.0,0.10920622951660101
Hum_XLOC_004116,HEK293FT,0.0,0.1092077927640271
Hum_XLOC_004123,HEK293FT,0.0,0.09184073799316643
Hum_XLOC_004134,HEK293FT,0.0,0.06894630136873765
Hum_XLOC_004161,HEK293FT,0.0,0.09529334937334964
Hum_XLOC_004168,HEK293FT,0.0,0.09448157174759429
Hum_XLOC_004169,HEK293FT,0.0,0.10172486047411457
Hum_XLOC_004177,HEK293FT,0.0,0.09697006413547664
Hum_XLOC_004200,HEK293FT,0.0,0.08678674129504291
Hum_XLOC_004201,HEK293FT,0.0,0.07083097380851981
Hum_XLOC_004219,HEK293FT,1.0,0.06862744910565807
Hum_XLOC_004226,HEK293FT,0.0,0.09115684661342903
Hum_XLOC_004227,HEK293FT,1.0,0.08742391269479181
Hum_XLOC_004236,HEK293FT,0.0,0.0683744884834284
Hum_XLOC_004254,HEK293FT,1.0,0.11467157740131055
Hum_XLOC_004255,HEK293FT,0.0,0.09047272017475497
Hum_XLOC_004262,HEK293FT,1.0,0.1010229583766854
Hum_XLOC_004269,HEK293FT,0.0,0.07264134369997194
Hum_XLOC_004277,HEK293FT,0.0,0.07966402598365935
Hum_XLOC_004278,HEK293FT,0.0,0.09376657038085626
Hum_XLOC_004282,HEK293FT,0.0,0.08469480063447682
Hum_XLOC_004287,HEK293FT,0.0,0.06787758788456469
Hum_XLOC_004293,HEK293FT,0.0,0.09208522485906455
Hum_XLOC_004302,HEK293FT,0.0,0.0929360439639727
Hum_XLOC_004303,HEK293FT,0.0,0.06899023206806407
Hum_XLOC_004306,HEK293FT,0.0,0.08211976836442501
Hum_XLOC_004309,HEK293FT,0.0,0.11414167977814559
Hum_XLOC_004314,HEK293FT,0.0,0.08371613273997223
Hum_XLOC_004317,HEK293FT,0.0,0.10044294466814353
Hum_XLOC_004336,HEK293FT,0.0,0.08483622839070216
Hum_XLOC_004343,HEK293FT,0.0,0.08694173914016691
Hum_XLOC_004350,HEK293FT,0.0,0.07057500099038011
Hum_XLOC_004361,HEK293FT,0.0,0.08346573631000563
Hum_XLOC_004363,HEK293FT,0.0,0.059532750193997196
Hum_XLOC_004401,HEK293FT,0.0,0.07239650878019514
Hum_XLOC_004405,HEK293FT,0.0,0.0688377817719966
Hum_XLOC_004407,HEK293FT,0.0,0.07183733405682562
Hum_XLOC_004424,HEK293FT,1.0,0.15224133576072094
Hum_XLOC_004437,HEK293FT,0.0,0.08190267119866412
Hum_XLOC_004446,HEK293FT,0.0,0.11037450293384689
Hum_XLOC_004457,HEK293FT,0.0,0.10406392391288917
Hum_XLOC_004482,HEK293FT,0.0,0.09974606601407988
Hum_XLOC_004502,HEK293FT,0.0,0.06949452730783562
Hum_XLOC_004515,HEK293FT,0.0,0.06919722321490786
Hum_XLOC_004529,HEK293FT,0.0,0.08060408923346671
Hum_XLOC_004535,HEK293FT,0.0,0.07654118388883646
Hum_XLOC_004553,HEK293FT,0.0,0.08074929931725726
Hum_XLOC_004566,HEK293FT,0.0,0.07894774087012102
Hum_XLOC_004567,HEK293FT,0.0,0.09078975378974662
Hum_XLOC_004572,HEK293FT,0.0,0.10786275607381275
Hum_XLOC_004578,HEK293FT,0.0,0.0821827558146654
Hum_XLOC_004580,HEK293FT,0.0,0.0765619565631375
Hum_XLOC_004581,HEK293FT,0.0,0.10485893522828352
Hum_XLOC_004587,HEK293FT,0.0,0.09245851565989269
Hum_XLOC_004600,HEK293FT,0.0,0.10822885594419436
Hum_XLOC_004601,HEK293FT,1.0,0.08336388486763019
Hum_XLOC_004607,HEK293FT,0.0,0.09519260628625643
Hum_XLOC_004617,HEK293FT,0.0,0.1074598552558165
Hum_XLOC_004619,HEK293FT,0.0,0.0922902709975566
Hum_XLOC_004620,HEK293FT,0.0,0.1282637949404557
Hum_XLOC_004632,HEK293FT,0.0,0.09545045163289591
Hum_XLOC_004636,HEK293FT,1.0,0.10789164100321746
Hum_XLOC_004652,HEK293FT,0.0,0.08371830971209586
Hum_XLOC_004653,HEK293FT,0.0,0.09078930147079527
Hum_XLOC_004657,HEK293FT,1.0,0.10568057651035598
Hum_XLOC_004661,HEK293FT,0.0,0.07229563124196821
Hum_XLOC_004683,HEK293FT,0.0,0.0576708333414683
Hum_XLOC_004684,HEK293FT,0.0,0.09346727950490978
Hum_XLOC_004688,HEK293FT,0.0,0.07206977397092021
Hum_XLOC_004689,HEK293FT,0.0,0.06983955998595623
Hum_XLOC_004705,HEK293FT,0.0,0.11131061251348903
Hum_XLOC_004717,HEK293FT,0.0,0.10091523596032405
Hum_XLOC_004718,HEK293FT,0.0,0.0771786701072571
Hum_XLOC_004733,HEK293FT,0.0,0.08285639315966366
Hum_XLOC_004741,HEK293FT,0.0,0.11134394529005481
Hum_XLOC_004762,HEK293FT,0.0,0.10385808105201916
Hum_XLOC_004771,HEK293FT,0.0,0.1055212871336338
Hum_XLOC_004777,HEK293FT,0.0,0.08042335642484036
Hum_XLOC_004788,HEK293FT,0.0,0.08489045526652444
Hum_XLOC_004791,HEK293FT,0.0,0.07099636487648359
Hum_XLOC_004795,HEK293FT,0.0,0.09400760352107619
Hum_XLOC_004803,HEK293FT,0.0,0.09671408494835605
Hum_XLOC_004805,HEK293FT,0.0,0.07072667644566821
Hum_XLOC_004813,HEK293FT,0.0,0.0868853488332778
Hum_XLOC_004815,HEK293FT,0.0,0.10907380691503044
Hum_XLOC_004822,HEK293FT,0.0,0.06641820610974171
Hum_XLOC_004823,HEK293FT,0.0,0.06685337008314231
Hum_XLOC_004827,HEK293FT,0.0,0.06789495530197469
Hum_XLOC_004837,HEK293FT,0.0,0.091173083018995
Hum_XLOC_004839,HEK293FT,0.0,0.0836345416265942
Hum_XLOC_004855,HEK293FT,0.0,0.09077636945070797
Hum_XLOC_004874,HEK293FT,0.0,0.0747279254267592
Hum_XLOC_004875,HEK293FT,0.0,0.07174133682599189
Hum_XLOC_004878,HEK293FT,0.0,0.07886695813997933
Hum_XLOC_004884,HEK293FT,0.0,0.06608432890882845
Hum_XLOC_004911,HEK293FT,0.0,0.108039257034184
Hum_XLOC_004915,HEK293FT,0.0,0.10452118491659088
Hum_XLOC_004927,HEK293FT,0.0,0.09585274088084085
Hum_XLOC_004929,HEK293FT,0.0,0.11712674400201316
Hum_XLOC_004936,HEK293FT,0.0,0.08668786787108401
Hum_XLOC_004957,HEK293FT,0.0,0.06862733297890918
Hum_XLOC_004960,HEK293FT,0.0,0.08427631241292179
Hum_XLOC_004965,HEK293FT,0.0,0.06984566944059585
Hum_XLOC_000006,K562,0.0,0.09889485414490844
Hum_XLOC_000008,K562,0.0,0.12573258759794356
Hum_XLOC_000016,K562,0.0,0.15460520920625567
Hum_XLOC_000030,K562,0.0,0.2317801150207233
Hum_XLOC_000033,K562,0.0,0.10734818436445445
Hum_XLOC_000039,K562,0.0,0.18094785840028824
Hum_XLOC_000053,K562,0.0,0.11887726741940927
Hum_XLOC_000057,K562,1.0,0.1439433423446911
Hum_XLOC_000060,K562,1.0,0.10078101865641231
Hum_XLOC_000080,K562,0.0,0.11370038683290817
Hum_XLOC_000094,K562,0.0,0.0880324315214258
Hum_XLOC_000100,K562,1.0,0.08952618840787745
Hum_XLOC_000105,K562,0.0,0.09250898634693094
Hum_XLOC_000107,K562,0.0,0.07453392229706861
Hum_XLOC_000111,K562,1.0,0.10224471443180307
Hum_XLOC_000134,K562,0.0,0.07602143006712794
Hum_XLOC_000143,K562,1.0,0.14909489254991734
Hum_XLOC_000145,K562,0.0,0.13890054891381035
Hum_XLOC_000149,K562,0.0,0.09651050351200251
Hum_XLOC_000155,K562,1.0,0.09416340547035296
Hum_XLOC_000169,K562,0.0,0.11557328307082375
Hum_XLOC_000170,K562,0.0,0.11394668656023137
Hum_XLOC_000194,K562,0.0,0.08066399752549931
Hum_XLOC_000201,K562,0.0,0.12313412456509434
Hum_XLOC_000231,K562,1.0,0.18873345864650523
Hum_XLOC_000233,K562,1.0,0.15994674661953015
Hum_XLOC_000245,K562,0.0,0.09553071583709379
Hum_XLOC_000247,K562,0.0,0.16281811817505473
Hum_XLOC_000248,K562,0.0,0.1390835249162708
Hum_XLOC_000265,K562,0.0,0.08930856284959499
Hum_XLOC_000282,K562,0.0,0.12567401304114847
Hum_XLOC_000286,K562,1.0,0.09173880947080915
Hum_XLOC_000292,K562,0.0,0.11808849990393579
Hum_XLOC_000307,K562,0.0,0.08485905639163402
Hum_XLOC_000308,K562,0.0,0.10296056527371157
Hum_XLOC_000312,K562,1.0,0.18397412513479128
Hum_XLOC_000314,K562,0.0,0.051522052163610096
Hum_XLOC_000317,K562,0.0,0.05824224898912388
Hum_XLOC_000319,K562,0.0,0.09995602488996798
Hum_XLOC_000332,K562,0.0,0.19068197052915742
Hum_XLOC_000338,K562,0.0,0.10895438141677831
Hum_XLOC_000342,K562,0.0,0.14896686844331328
Hum_XLOC_000345,K562,0.0,0.12364754199610185
Hum_XLOC_000362,K562,0.0,0.11231834192541877
Hum_XLOC_000377,K562,1.0,0.10249382104226974
Hum_XLOC_000390,K562,0.0,0.10977002497273845
Hum_XLOC_000394,K562,0.0,0.11591570035677537
Hum_XLOC_000411,K562,0.0,0.07020591431642036
Hum_XLOC_000415,K562,0.0,0.19755986594519545
Hum_XLOC_000430,K562,0.0,0.09285529221086486
Hum_XLOC_000436,K562,0.0,0.12485421192252429
Hum_XLOC_000437,K562,1.0,0.17950629162881035
Hum_XLOC_000456,K562,1.0,0.09661918207404441
Hum_XLOC_000461,K562,0.0,0.15974066406065834
Hum_XLOC_000462,K562,0.0,0.11846601489329144
Hum_XLOC_000465,K562,0.0,0.06139733031788093
Hum_XLOC_000472,K562,0.0,0.09878533990574885
Hum_XLOC_000474,K562,0.0,0.07746616905714865
Hum_XLOC_000478,K562,0.0,0.14354001518030873
Hum_XLOC_000486,K562,0.0,0.06583889367965891
Hum_XLOC_000490,K562,0.0,0.10154775388660024
Hum_XLOC_000498,K562,0.0,0.10605001759117982
Hum_XLOC_000500,K562,1.0,0.14966473852261494
Hum_XLOC_000510,K562,0.0,0.1201250465459652
Hum_XLOC_000535,K562,0.0,0.1552909625811633
Hum_XLOC_000540,K562,0.0,0.07994467908858445
Hum_XLOC_000556,K562,0.0,0.12431097849888019
Hum_XLOC_000574,K562,0.0,0.10632256207202188
Hum_XLOC_000575,K562,0.0,0.08496557147959234
Hum_XLOC_000582,K562,0.0,0.09383351337312423
Hum_XLOC_000590,K562,0.0,0.09656609733291477
Hum_XLOC_000601,K562,0.0,0.08799384001408427
Hum_XLOC_000604,K562,0.0,0.05024546045814346
Hum_XLOC_000608,K562,1.0,0.09237847362124325
Hum_XLOC_000612,K562,0.0,0.0894928209658339
Hum_XLOC_000636,K562,1.0,0.10032952186396871
Hum_XLOC_000638,K562,0.0,0.16641695706456505
Hum_XLOC_000641,K562,0.0,0.08995055109275954
Hum_XLOC_000655,K562,0.0,0.10038398873097999
Hum_XLOC_000668,K562,0.0,0.07853352193992336
Hum_XLOC_000680,K562,0.0,0.07588051089024507
Hum_XLOC_000681,K562,0.0,0.07480314909671161
Hum_XLOC_000695,K562,0.0,0.07467522104760405
Hum_XLOC_000702,K562,0.0,0.10792418811925196
Hum_XLOC_000726,K562,0.0,0.12260070527968363
Hum_XLOC_000727,K562,0.0,0.1262004342477542
Hum_XLOC_000758,K562,0.0,0.06417076175542955
Hum_XLOC_000773,K562,0.0,0.08107405521269034
Hum_XLOC_000774,K562,0.0,0.10268718324354198
Hum_XLOC_000797,K562,0.0,0.12602564645090736
Hum_XLOC_000799,K562,0.0,0.11814384909713112
Hum_XLOC_000800,K562,0.0,0.05637101734448597
Hum_XLOC_000807,K562,0.0,0.10913400782164188
Hum_XLOC_000818,K562,0.0,0.0903434958951672
Hum_XLOC_000828,K562,0.0,0.11769635777228897
Hum_XLOC_000831,K562,0.0,0.07658507247284022
Hum_XLOC_000835,K562,0.0,0.08633479620450685
Hum_XLOC_000840,K562,0.0,0.08415915386571197
Hum_XLOC_000841,K562,0.0,0.07362936753704791
Hum_XLOC_000842,K562,0.0,0.04567197309191404
Hum_XLOC_000854,K562,1.0,0.09463263941318985
Hum_XLOC_000855,K562,0.0,0.060461319600995836
Hum_XLOC_000883,K562,0.0,0.07441811808582392
Hum_XLOC_000885,K562,0.0,0.05131568873461611
Hum_XLOC_000905,K562,0.0,0.0760893183855477
Hum_XLOC_000917,K562,0.0,0.07521557115252209
Hum_XLOC_000925,K562,0.0,0.10240807965143847
Hum_XLOC_000944,K562,0.0,0.09055836998288093
Hum_XLOC_000949,K562,0.0,0.0792466922323674
Hum_XLOC_000953,K562,0.0,0.07277835661438585
Hum_XLOC_000964,K562,0.0,0.08402512187154644
Hum_XLOC_000990,K562,0.0,0.09246693786432343
Hum_XLOC_000994,K562,0.0,0.07231473470900981
Hum_XLOC_001020,K562,0.0,0.08215736119795619
Hum_XLOC_001029,K562,0.0,0.08161793623596166
Hum_XLOC_001066,K562,0.0,0.0687756931142418
Hum_XLOC_001120,K562,0.0,0.07227619411994994
Hum_XLOC_001121,K562,0.0,0.072554817486996
Hum_XLOC_001122,K562,0.0,0.09803956561384398
Hum_XLOC_001125,K562,0.0,0.11175254665381103
Hum_XLOC_001132,K562,0.0,0.09878665294036514
Hum_XLOC_001138,K562,0.0,0.09828582004307823
Hum_XLOC_001144,K562,0.0,0.08368214995762471
Hum_XLOC_001146,K562,0.0,0.09075921305265673
Hum_XLOC_001188,K562,0.0,0.08345449867121502
Hum_XLOC_001191,K562,0.0,0.054897299293376466
Hum_XLOC_001192,K562,0.0,0.09243896988911668
Hum_XLOC_001217,K562,0.0,0.06800210310774253
Hum_XLOC_001222,K562,0.0,0.07324280534702968
Hum_XLOC_001228,K562,0.0,0.12929120669259037
Hum_XLOC_001230,K562,0.0,0.09663830737105486
Hum_XLOC_001237,K562,0.0,0.06648894681159635
Hum_XLOC_001243,K562,0.0,0.08277794985678948
Hum_XLOC_001275,K562,0.0,0.08791533423419765
Hum_XLOC_001279,K562,0.0,0.09495208262198801
Hum_XLOC_001291,K562,0.0,0.1287313080484543
Hum_XLOC_001296,K562,1.0,0.06961773526835094
Hum_XLOC_001297,K562,0.0,0.13768320648970614
Hum_XLOC_001309,K562,0.0,0.07445131489020201
Hum_XLOC_001329,K562,0.0,0.07557526212130973
Hum_XLOC_001330,K562,0.0,0.09043204031358931
Hum_XLOC_001355,K562,0.0,0.09252388026133333
Hum_XLOC_001366,K562,0.0,0.09592261283958461
Hum_XLOC_001367,K562,0.0,0.0548955533223891
Hum_XLOC_001375,K562,0.0,0.06926192870487172
Hum_XLOC_001390,K562,0.0,0.09183992604146586
Hum_XLOC_001405,K562,0.0,0.10305185489301036
Hum_XLOC_001461,K562,0.0,0.07262498468757796
Hum_XLOC_001465,K562,0.0,0.0598939558985323
Hum_XLOC_001488,K562,0.0,0.11713593331029988
Hum_XLOC_001490,K562,1.0,0.14724263013040634
Hum_XLOC_001509,K562,0.0,0.1322322937411332
Hum_XLOC_001516,K562,0.0,0.09683075131122186
Hum_XLOC_001532,K562,0.0,0.08793581864206461
Hum_XLOC_001539,K562,0.0,0.0801520249611269
Hum_XLOC_001541,K562,0.0,0.11848860277249242
Hum_XLOC_001542,K562,0.0,0.0924935635376032
Hum_XLOC_001548,K562,0.0,0.09828918593461868
Hum_XLOC_001559,K562,0.0,0.10300902340029759
Hum_XLOC_001565,K562,1.0,0.16091624329061702
Hum_XLOC_001566,K562,0.0,0.11225781084822506
Hum_XLOC_001575,K562,0.0,0.09690129547967183
Hum_XLOC_001580,K562,0.0,0.08019893236524527
Hum_XLOC_001590,K562,0.0,0.07807955388910337
Hum_XLOC_001615,K562,0.0,0.11632341468036653
Hum_XLOC_001624,K562,0.0,0.08366999387928399
Hum_XLOC_001639,K562,0.0,0.07757017164530011
Hum_XLOC_001661,K562,0.0,0.07430225300074333
Hum_XLOC_001666,K562,0.0,0.08069423655391159
Hum_XLOC_001668,K562,0.0,0.11609189892178712
Hum_XLOC_001688,K562,0.0,0.07895942263184877
Hum_XLOC_001689,K562,0.0,0.05147894756862729
Hum_XLOC_001695,K562,0.0,0.15255694817792959
Hum_XLOC_001696,K562,0.0,0.08726349642753843
Hum_XLOC_001698,K562,0.0,0.08141941967891912
Hum_XLOC_001707,K562,0.0,0.08482679152120624
Hum_XLOC_001760,K562,0.0,0.09361203660256864
Hum_XLOC_001761,K562,0.0,0.08030892006798995
Hum_XLOC_001773,K562,0.0,0.10076936693522456
Hum_XLOC_001775,K562,0.0,0.06823615366938608
Hum_XLOC_001779,K562,0.0,0.14189571847190963
Hum_XLOC_001783,K562,1.0,0.10450677588098074
Hum_XLOC_001791,K562,0.0,0.103768794254145
Hum_XLOC_001805,K562,0.0,0.10891219987847822
Hum_XLOC_001809,K562,0.0,0.07031147066275628
Hum_XLOC_001848,K562,0.0,0.08848688810313379
Hum_XLOC_001919,K562,0.0,0.08213453416170152
Hum_XLOC_001941,K562,0.0,0.06821922795379784
Hum_XLOC_001942,K562,0.0,0.08311349984611792
Hum_XLOC_001949,K562,0.0,0.07978735643517616
Hum_XLOC_001950,K562,1.0,0.10725345134826213
Hum_XLOC_001953,K562,0.0,0.050499180208347316
Hum_XLOC_001957,K562,0.0,0.07583699197937578
Hum_XLOC_001961,K562,0.0,0.0874938995455388
Hum_XLOC_001969,K562,0.0,0.07999982582017194
Hum_XLOC_002024,K562,0.0,0.07148186755043885
Hum_XLOC_002028,K562,0.0,0.0796493899023163
Hum_XLOC_002033,K562,1.0,0.06989973203483744
Hum_XLOC_002036,K562,0.0,0.11208067857860846
Hum_XLOC_002037,K562,0.0,0.11988676686399413
Hum_XLOC_002041,K562,0.0,0.10430925657844942
Hum_XLOC_002059,K562,0.0,0.15353031769290898
Hum_XLOC_002061,K562,0.0,0.0725709483315375
Hum_XLOC_002068,K562,0.0,0.0469767030807933
Hum_XLOC_002081,K562,0.0,0.09791899865359303
Hum_XLOC_002093,K562,0.0,0.09781627429306844
Hum_XLOC_002099,K562,0.0,0.08023392049741118
Hum_XLOC_002144,K562,0.0,0.12267311674797687
Hum_XLOC_002150,K562,0.0,0.08076170543467116
Hum_XLOC_002152,K562,0.0,0.08074862701491539
Hum_XLOC_002154,K562,0.0,0.06439945156994875
Hum_XLOC_002169,K562,0.0,0.07935553102008022
Hum_XLOC_002170,K562,0.0,0.06092695819542986
Hum_XLOC_002176,K562,0.0,0.10930906434400198
Hum_XLOC_002178,K562,0.0,0.0838018409158842
Hum_XLOC_002186,K562,0.0,0.10560222233710977
Hum_XLOC_002204,K562,0.0,0.0930186433924562
Hum_XLOC_002205,K562,0.0,0.07673541714604182
Hum_XLOC_002219,K562,0.0,0.08870621891938843
Hum_XLOC_002244,K562,0.0,0.09752184318154847
Hum_XLOC_002252,K562,0.0,0.09524846137978789
Hum_XLOC_002261,K562,0.0,0.0890549790981259
Hum_XLOC_002262,K562,0.0,0.07313638149733276
Hum_XLOC_002265,K562,0.0,0.0867500785875184
Hum_XLOC_002271,K562,0.0,0.06966854107495134
Hum_XLOC_002280,K562,0.0,0.09877165623797013
Hum_XLOC_002282,K562,0.0,0.06779735150009758
Hum_XLOC_002283,K562,0.0,0.12836805565694415
Hum_XLOC_002284,K562,1.0,0.15579788161550936
Hum_XLOC_002294,K562,0.0,0.08319262546076905
Hum_XLOC_002296,K562,0.0,0.09301542830097154
Hum_XLOC_002299,K562,0.0,0.13305747046864352
Hum_XLOC_002301,K562,0.0,0.14198517691293808
Hum_XLOC_002306,K562,0.0,0.1500580620417909
Hum_XLOC_002311,K562,0.0,0.09348668564650497
Hum_XLOC_002313,K562,0.0,0.12547202099702243
Hum_XLOC_002314,K562,1.0,0.14249278621642866
Hum_XLOC_002327,K562,0.0,0.13809898074017624
Hum_XLOC_002330,K562,0.0,0.11656360891463019
Hum_XLOC_002338,K562,0.0,0.09591739792026013
Hum_XLOC_002344,K562,0.0,0.07925156723412517
Hum_XLOC_002347,K562,0.0,0.04896755818750542
Hum_XLOC_002348,K562,0.0,0.07503737312243271
Hum_XLOC_002362,K562,0.0,0.07622733354554387
Hum_XLOC_002364,K562,0.0,0.06506373616658676
Hum_XLOC_002383,K562,0.0,0.07669070371894984
Hum_XLOC_002386,K562,0.0,0.07865759487341735
Hum_XLOC_002390,K562,0.0,0.13767328880237584
Hum_XLOC_002394,K562,0.0,0.10596538555984207
Hum_XLOC_002398,K562,0.0,0.040966680456048184
Hum_XLOC_002399,K562,0.0,0.0873011560075984
Hum_XLOC_002408,K562,0.0,0.06271620344331136
Hum_XLOC_002414,K562,0.0,0.0686399863862351
Hum_XLOC_002418,K562,0.0,0.07948883847491972
Hum_XLOC_002435,K562,0.0,0.05018028412596163
Hum_XLOC_002440,K562,0.0,0.12324183870397429
Hum_XLOC_002489,K562,0.0,0.12595258190198028
Hum_XLOC_002490,K562,0.0,0.04067841925720379
Hum_XLOC_002493,K562,0.0,0.08581030483651521
Hum_XLOC_002520,K562,0.0,0.19913630040537317
Hum_XLOC_002524,K562,0.0,0.19387052844852748
Hum_XLOC_002546,K562,0.0,0.1308075181971576
Hum_XLOC_002560,K562,0.0,0.09135500889051519
Hum_XLOC_002570,K562,0.0,0.24873957367812172
Hum_XLOC_002577,K562,0.0,0.22430529194045518
Hum_XLOC_002579,K562,0.0,0.09806417921073307
Hum_XLOC_002586,K562,0.0,0.09212326831281337
Hum_XLOC_002589,K562,1.0,0.12705759635940125
Hum_XLOC_002629,K562,0.0,0.0861816619383246
Hum_XLOC_002631,K562,0.0,0.07594378166287236
Hum_XLOC_002635,K562,0.0,0.09079366109393522
Hum_XLOC_002644,K562,0.0,0.11563708469107513
Hum_XLOC_002646,K562,0.0,0.06855766706626518
Hum_XLOC_002653,K562,0.0,0.08475969272026679
Hum_XLOC_002681,K562,0.0,0.0871261575449054
Hum_XLOC_002695,K562,0.0,0.0754498523731437
Hum_XLOC_002702,K562,0.0,0.0915685773089706
Hum_XLOC_002705,K562,1.0,0.10902526875481844
Hum_XLOC_002711,K562,0.0,0.12379695746852791
Hum_XLOC_002714,K562,0.0,0.10831054923580682
Hum_XLOC_002717,K562,0.0,0.13875133099220174
Hum_XLOC_002725,K562,0.0,0.12582533633392523
Hum_XLOC_002741,K562,0.0,0.12077592367464748
Hum_XLOC_002742,K562,0.0,0.1048820112097537
Hum_XLOC_002744,K562,0.0,0.07205744459157976
Hum_XLOC_002760,K562,0.0,0.12589894362336032
Hum_XLOC_002788,K562,0.0,0.12735738155712045
Hum_XLOC_002792,K562,0.0,0.10762851340109293
Hum_XLOC_002796,K562,0.0,0.10648223802167363
Hum_XLOC_002817,K562,0.0,0.09080355980923019
Hum_XLOC_002836,K562,0.0,0.1412515094252341
Hum_XLOC_002844,K562,0.0,0.07754490450238703
Hum_XLOC_002845,K562,0.0,0.12314934209169835
Hum_XLOC_002859,K562,0.0,0.0621670248933616
Hum_XLOC_002889,K562,0.0,0.1326790030716432
Hum_XLOC_002911,K562,0.0,0.14015688617813857
Hum_XLOC_002935,K562,0.0,0.08071234876692575
Hum_XLOC_002937,K562,0.0,0.0969555851562346
Hum_XLOC_002967,K562,0.0,0.06061630222622738
Hum_XLOC_002983,K562,0.0,0.1124419815869363
Hum_XLOC_002986,K562,0.0,0.1384474025701192
Hum_XLOC_002990,K562,0.0,0.13209298827011778
Hum_XLOC_003039,K562,0.0,0.08799988392620339
Hum_XLOC_003061,K562,1.0,0.11861758089526778
Hum_XLOC_003086,K562,0.0,0.13296312007913308
Hum_XLOC_003099,K562,0.0,0.06919085520032736
Hum_XLOC_003109,K562,0.0,0.07478042489115393
Hum_XLOC_003128,K562,0.0,0.12673507520596491
Hum_XLOC_003134,K562,1.0,0.11200473445100709
Hum_XLOC_003137,K562,0.0,0.10294114553560876
Hum_XLOC_003154,K562,0.0,0.09161203075350245
Hum_XLOC_003155,K562,0.0,0.11709820215991279
Hum_XLOC_003171,K562,0.0,0.06880938230499628
Hum_XLOC_003209,K562,0.0,0.09066490463876646
Hum_XLOC_003215,K562,0.0,0.09728925041279177
Hum_XLOC_003221,K562,0.0,0.06768934135860176
Hum_XLOC_003232,K562,0.0,0.06899694839120821
Hum_XLOC_003268,K562,0.0,0.08962467189422592
Hum_XLOC_003269,K562,1.0,0.1143731160170961
Hum_XLOC_003286,K562,0.0,0.1428226096333883
Hum_XLOC_003290,K562,0.0,0.09557227162533856
Hum_XLOC_003294,K562,0.0,0.052560471714644556
Hum_XLOC_003321,K562,0.0,0.10881566254342212
Hum_XLOC_003324,K562,0.0,0.08255466785222923
Hum_XLOC_003334,K562,0.0,0.09412239423298677
Hum_XLOC_003337,K562,0.0,0.07434169249896089
Hum_XLOC_003338,K562,0.0,0.07808385950272043
Hum_XLOC_003352,K562,0.0,0.13490668445258933
Hum_XLOC_003357,K562,0.0,0.08984615165832166
Hum_XLOC_003361,K562,0.0,0.08967156405907621
Hum_XLOC_003371,K562,0.0,0.08428869061093391
Hum_XLOC_003381,K562,0.0,0.0654864024699138
Hum_XLOC_003408,K562,0.0,0.07628644774344454
Hum_XLOC_003436,K562,0.0,0.09615187555837469
Hum_XLOC_003440,K562,0.0,0.05336569892992851
Hum_XLOC_003450,K562,1.0,0.11006575791654417
Hum_XLOC_003466,K562,0.0,0.08619798408691326
Hum_XLOC_003488,K562,0.0,0.06746924386794519
Hum_XLOC_003491,K562,0.0,0.05595286691965276
Hum_XLOC_003497,K562,0.0,0.09269915231613744
Hum_XLOC_003498,K562,0.0,0.08037611819392862
Hum_XLOC_003502,K562,0.0,0.07447449105393435
Hum_XLOC_003518,K562,0.0,0.1038345985269144
Hum_XLOC_003532,K562,0.0,0.0703090777469365
Hum_XLOC_003543,K562,0.0,0.12567210630494852
Hum_XLOC_003554,K562,0.0,0.0938847506958695
Hum_XLOC_003563,K562,0.0,0.06504773584282744
Hum_XLOC_003567,K562,0.0,0.07315377067942473
Hum_XLOC_003568,K562,0.0,0.10788944321725834
Hum_XLOC_003570,K562,0.0,0.06301454514223069
Hum_XLOC_003571,K562,0.0,0.055148673999928094
Hum_XLOC_003593,K562,0.0,0.0664407351110041
Hum_XLOC_003594,K562,0.0,0.09202331039834963
Hum_XLOC_003598,K562,0.0,0.05855524314663867
Hum_XLOC_003626,K562,0.0,0.07955078334666582
Hum_XLOC_003628,K562,0.0,0.0628665896056449
Hum_XLOC_003630,K562,0.0,0.09701946931048365
Hum_XLOC_003641,K562,1.0,0.12436217479719139
Hum_XLOC_003662,K562,0.0,0.09236423706736475
Hum_XLOC_003665,K562,1.0,0.12724933342468014
Hum_XLOC_003672,K562,0.0,0.10075650602911475
Hum_XLOC_003673,K562,0.0,0.09238288570283501
Hum_XLOC_003674,K562,0.0,0.08736223530278867
Hum_XLOC_003676,K562,0.0,0.09965148850687955
Hum_XLOC_003686,K562,0.0,0.07843210686223541
Hum_XLOC_003697,K562,0.0,0.07820691141224968
Hum_XLOC_003717,K562,0.0,0.07248689549640637
Hum_XLOC_003725,K562,0.0,0.1152761966687639
Hum_XLOC_003743,K562,0.0,0.11811537573642734
Hum_XLOC_003754,K562,0.0,0.12985771730115472
Hum_XLOC_003766,K562,0.0,0.10929768764043506
Hum_XLOC_003775,K562,0.0,0.11657889986803235
Hum_XLOC_003790,K562,0.0,0.08590610880833083
Hum_XLOC_003799,K562,0.0,0.07127809224687323
Hum_XLOC_003853,K562,0.0,0.05522196167488881
Hum_XLOC_003865,K562,0.0,0.10441668398249512
Hum_XLOC_003871,K562,0.0,0.07718402599285631
Hum_XLOC_003891,K562,0.0,0.13093782153128
Hum_XLOC_003892,K562,1.0,0.09890353601822058
Hum_XLOC_003910,K562,0.0,0.15204590121569925
Hum_XLOC_003911,K562,0.0,0.15384117215834878
Hum_XLOC_003952,K562,0.0,0.08916513446154739
Hum_XLOC_003971,K562,0.0,0.08592566998994183
Hum_XLOC_003988,K562,1.0,0.06691997125645352
Hum_XLOC_004020,K562,0.0,0.07561536939340449
Hum_XLOC_004035,K562,0.0,0.09452890455833032
Hum_XLOC_004036,K562,0.0,0.16427805201208984
Hum_XLOC_004048,K562,0.0,0.06144628105904893
Hum_XLOC_004068,K562,0.0,0.09193588615564839
Hum_XLOC_004069,K562,0.0,0.07366343766188876
Hum_XLOC_004095,K562,0.0,0.1535329445104911
Hum_XLOC_004096,K562,0.0,0.14635997083576352
Hum_XLOC_004116,K562,0.0,0.1100983099728875
Hum_XLOC_004123,K562,0.0,0.08517817654965733
Hum_XLOC_004134,K562,0.0,0.06509780470122574
Hum_XLOC_004161,K562,0.0,0.1034361859214154
Hum_XLOC_004168,K562,0.0,0.09214313216929085
Hum_XLOC_004169,K562,0.0,0.10449942523980914
Hum_XLOC_004177,K562,0.0,0.09121970359973723
Hum_XLOC_004200,K562,0.0,0.10294117369273975
Hum_XLOC_004201,K562,0.0,0.06912625918458644
Hum_XLOC_004219,K562,0.0,0.07089067199928997
Hum_XLOC_004226,K562,0.0,0.08782156048072697
Hum_XLOC_004227,K562,0.0,0.0803504727751749
Hum_XLOC_004236,K562,0.0,0.0663578343725403
Hum_XLOC_004254,K562,1.0,0.11874551378020277
Hum_XLOC_004255,K562,0.0,0.09880477816545012
Hum_XLOC_004262,K562,0.0,0.09623156145607921
Hum_XLOC_004269,K562,0.0,0.06315425446974314
Hum_XLOC_004277,K562,0.0,0.0777450168455055
Hum_XLOC_004278,K562,0.0,0.0841563975437594
Hum_XLOC_004282,K562,0.0,0.09291029818986166
Hum_XLOC_004287,K562,0.0,0.06983232904433873
Hum_XLOC_004293,K562,0.0,0.10279581244256561
Hum_XLOC_004302,K562,0.0,0.11299666151890052
Hum_XLOC_004303,K562,0.0,0.0771225430592012
Hum_XLOC_004306,K562,0.0,0.07680150998243554
Hum_XLOC_004309,K562,0.0,0.12305300452322472
Hum_XLOC_004314,K562,0.0,0.08573463408883482
Hum_XLOC_004317,K562,0.0,0.11083252872701634
Hum_XLOC_004336,K562,0.0,0.08304991074266671
Hum_XLOC_004343,K562,0.0,0.08950527175633081
Hum_XLOC_004350,K562,0.0,0.07615276743492984
Hum_XLOC_004361,K562,0.0,0.08416508441125466
Hum_XLOC_004363,K562,0.0,0.0615816332985204
Hum_XLOC_004401,K562,0.0,0.07283010567183713
Hum_XLOC_004405,K562,0.0,0.06909309059764462
Hum_XLOC_004407,K562,0.0,0.0672749340936931
Hum_XLOC_004424,K562,0.0,0.17073966183254236
Hum_XLOC_004437,K562,0.0,0.07829081419123811
Hum_XLOC_004446,K562,0.0,0.1026870176313467
Hum_XLOC_004457,K562,0.0,0.11432386571309554
Hum_XLOC_004482,K562,0.0,0.09410801155434852
Hum_XLOC_004502,K562,0.0,0.062492157634489606
Hum_XLOC_004515,K562,0.0,0.05824315308842146
Hum_XLOC_004529,K562,0.0,0.07944675097941924
Hum_XLOC_004535,K562,0.0,0.06649701741090319
Hum_XLOC_004553,K562,0.0,0.08687874154853935
Hum_XLOC_004566,K562,0.0,0.07787666649094846
Hum_XLOC_004567,K562,0.0,0.08508890625513896
Hum_XLOC_004572,K562,0.0,0.11707236512010315
Hum_XLOC_004578,K562,0.0,0.08224055687948259
Hum_XLOC_004580,K562,0.0,0.07269383892275892
Hum_XLOC_004581,K562,0.0,0.11317847171087693
Hum_XLOC_004587,K562,0.0,0.09272940801025492
Hum_XLOC_004600,K562,0.0,0.11867269629795868
Hum_XLOC_004601,K562,0.0,0.091103362107088
Hum_XLOC_004607,K562,0.0,0.09546840129736119
Hum_XLOC_004617,K562,0.0,0.11615106684319829
Hum_XLOC_004619,K562,0.0,0.10040003014826314
Hum_XLOC_004620,K562,1.0,0.1527067895402387
Hum_XLOC_004632,K562,0.0,0.08665014200887991
Hum_XLOC_004636,K562,0.0,0.11832834771621434
Hum_XLOC_004652,K562,0.0,0.09276430635322487
Hum_XLOC_004653,K562,0.0,0.08498490516814955
Hum_XLOC_004657,K562,0.0,0.10105454170818161
Hum_XLOC_004661,K562,0.0,0.06853925358108433
Hum_XLOC_004683,K562,0.0,0.05990618013582508
Hum_XLOC_004684,K562,0.0,0.08940390569577852
Hum_XLOC_004688,K562,0.0,0.0740843723481814
Hum_XLOC_004689,K562,0.0,0.06967896962137246
Hum_XLOC_004705,K562,0.0,0.13138201485766962
Hum_XLOC_004717,K562,0.0,0.09549048815448494
Hum_XLOC_004718,K562,0.0,0.08559882222955342
Hum_XLOC_004733,K562,0.0,0.07530713824577047
Hum_XLOC_004741,K562,0.0,0.1088754171948659
Hum_XLOC_004762,K562,0.0,0.15637617218358513
Hum_XLOC_004771,K562,0.0,0.10561601640575079
Hum_XLOC_004777,K562,0.0,0.07790489424350636
Hum_XLOC_004788,K562,0.0,0.0832926207490256
Hum_XLOC_004791,K562,0.0,0.07417739525076407
Hum_XLOC_004795,K562,0.0,0.09983536306637612
Hum_XLOC_004803,K562,0.0,0.09315950052183149
Hum_XLOC_004805,K562,0.0,0.07442961783398969
Hum_XLOC_004813,K562,0.0,0.08526863643813148
Hum_XLOC_004815,K562,1.0,0.09566068042075888
Hum_XLOC_004822,K562,0.0,0.07055016655260933
Hum_XLOC_004823,K562,0.0,0.05761472282096212
Hum_XLOC_004827,K562,0.0,0.06778667292493122
Hum_XLOC_004837,K562,1.0,0.09146832055036293
Hum_XLOC_004839,K562,0.0,0.09399906414385296
Hum_XLOC_004855,K562,0.0,0.08808824821579278
Hum_XLOC_004874,K562,0.0,0.07118428683851569
Hum_XLOC_004875,K562,0.0,0.07214202688069268
Hum_XLOC_004878,K562,0.0,0.07488980951667236
Hum_XLOC_004884,K562,0.0,0.06239322408018548
Hum_XLOC_004911,K562,0.0,0.09337772201521802
Hum_XLOC_004915,K562,0.0,0.10328001047207795
Hum_XLOC_004927,K562,0.0,0.10945435506823162
Hum_XLOC_004929,K562,0.0,0.15228979766355982
Hum_XLOC_004936,K562,0.0,0.09358656879005008
Hum_XLOC_004957,K562,0.0,0.07308846974546145
Hum_XLOC_004960,K562,0.0,0.08636172296998813
Hum_XLOC_004965,K562,0.0,0.07071386382581868
Hum_XLOC_000006,MDA-MB-231,0.0,0.08597179988789246
Hum_XLOC_000008,MDA-MB-231,0.0,0.12977317235714192
Hum_XLOC_000016,MDA-MB-231,0.0,0.11568273029991871
Hum_XLOC_000030,MDA-MB-231,0.0,0.15181758159155614
Hum_XLOC_000033,MDA-MB-231,0.0,0.07999406706096877
Hum_XLOC_000039,MDA-MB-231,0.0,0.1338183224587545
Hum_XLOC_000053,MDA-MB-231,0.0,0.09102758203647111
Hum_XLOC_000057,MDA-MB-231,0.0,0.11235179949600142
Hum_XLOC_000060,MDA-MB-231,0.0,0.07235529896984429
Hum_XLOC_000080,MDA-MB-231,0.0,0.10247791782452363
Hum_XLOC_000094,MDA-MB-231,0.0,0.08166139557832368
Hum_XLOC_000100,MDA-MB-231,0.0,0.0781782628179881
Hum_XLOC_000105,MDA-MB-231,0.0,0.0848026441692131
Hum_XLOC_000107,MDA-MB-231,0.0,0.06672630989748664
Hum_XLOC_000111,MDA-MB-231,0.0,0.08655317391394003
Hum_XLOC_000134,MDA-MB-231,0.0,0.07622351810044482
Hum_XLOC_000143,MDA-MB-231,0.0,0.12069368622031271
Hum_XLOC_000145,MDA-MB-231,1.0,0.13668409124177286
Hum_XLOC_000149,MDA-MB-231,0.0,0.08193779189411128
Hum_XLOC_000155,MDA-MB-231,0.0,0.08961702628367223
Hum_XLOC_000169,MDA-MB-231,0.0,0.10379393317228901
Hum_XLOC_000170,MDA-MB-231,0.0,0.10591670695984094
Hum_XLOC_000194,MDA-MB-231,0.0,0.075056683001011
Hum_XLOC_000201,MDA-MB-231,0.0,0.1088474089199819
Hum_XLOC_000231,MDA-MB-231,0.0,0.12840816703472455
Hum_XLOC_000233,MDA-MB-231,0.0,0.13633765013471605
Hum_XLOC_000245,MDA-MB-231,0.0,0.08700482645633793
Hum_XLOC_000247,MDA-MB-231,0.0,0.11667981349468243
Hum_XLOC_000248,MDA-MB-231,0.0,0.11756685302973384
Hum_XLOC_000265,MDA-MB-231,0.0,0.08463097872306245
Hum_XLOC_000282,MDA-MB-231,0.0,0.10913332567832243
Hum_XLOC_000286,MDA-MB-231,0.0,0.09267086637866613
Hum_XLOC_000292,MDA-MB-231,0.0,0.11167553927216611
Hum_XLOC_000307,MDA-MB-231,0.0,0.07372578135277769
Hum_XLOC_000308,MDA-MB-231,0.0,0.08946276622990262
Hum_XLOC_000312,MDA-MB-231,0.0,0.13040249702005208
Hum_XLOC_000314,MDA-MB-231,0.0,0.0399727917066762
Hum_XLOC_000317,MDA-MB-231,0.0,0.05411889392977809
Hum_XLOC_000319,MDA-MB-231,0.0,0.08064712898263579
Hum_XLOC_000332,MDA-MB-231,0.0,0.14334792380569067
Hum_XLOC_000338,MDA-MB-231,1.0,0.09373618443847455
Hum_XLOC_000342,MDA-MB-231,0.0,0.11623781651735918
Hum_XLOC_000345,MDA-MB-231,0.0,0.07880802233077129
Hum_XLOC_000362,MDA-MB-231,0.0,0.08514999745278973
Hum_XLOC_000377,MDA-MB-231,0.0,0.09418442816703147
Hum_XLOC_000390,MDA-MB-231,0.0,0.0923562601338192
Hum_XLOC_000394,MDA-MB-231,0.0,0.11173956213086253
Hum_XLOC_000411,MDA-MB-231,0.0,0.07018639059706373
Hum_XLOC_000415,MDA-MB-231,0.0,0.11678650843785932
Hum_XLOC_000430,MDA-MB-231,0.0,0.08724255819355058
Hum_XLOC_000436,MDA-MB-231,0.0,0.10860949228132341
Hum_XLOC_000437,MDA-MB-231,0.0,0.1306710632151666
Hum_XLOC_000456,MDA-MB-231,1.0,0.09154366138566661
Hum_XLOC_000461,MDA-MB-231,0.0,0.11864665948368552
Hum_XLOC_000462,MDA-MB-231,0.0,0.09080165311492963
Hum_XLOC_000465,MDA-MB-231,0.0,0.0631580880026217
Hum_XLOC_000472,MDA-MB-231,0.0,0.09076987770543342
Hum_XLOC_000474,MDA-MB-231,0.0,0.060940737040838036
Hum_XLOC_000478,MDA-MB-231,0.0,0.11031012900045481
Hum_XLOC_000486,MDA-MB-231,0.0,0.06987299039281715
Hum_XLOC_000490,MDA-MB-231,0.0,0.10230833427445776
Hum_XLOC_000498,MDA-MB-231,0.0,0.09408948514969465
Hum_XLOC_000500,MDA-MB-231,0.0,0.10575613877675367
Hum_XLOC_000510,MDA-MB-231,0.0,0.09431364360599924
Hum_XLOC_000535,MDA-MB-231,0.0,0.12487512102272497
Hum_XLOC_000540,MDA-MB-231,0.0,0.07023682238618108
Hum_XLOC_000556,MDA-MB-231,0.0,0.1023317397772577
Hum_XLOC_000574,MDA-MB-231,0.0,0.08254558185019585
Hum_XLOC_000575,MDA-MB-231,0.0,0.07806096610852743
Hum_XLOC_000582,MDA-MB-231,0.0,0.08613763267183337
Hum_XLOC_000590,MDA-MB-231,0.0,0.084247705968738
Hum_XLOC_000601,MDA-MB-231,0.0,0.08185873495476971
Hum_XLOC_000604,MDA-MB-231,0.0,0.050251540840807976
Hum_XLOC_000608,MDA-MB-231,0.0,0.08639333289650003
Hum_XLOC_000612,MDA-MB-231,0.0,0.07430162978312174
Hum_XLOC_000636,MDA-MB-231,0.0,0.09078548087940136
Hum_XLOC_000638,MDA-MB-231,0.0,0.14734959341692547
Hum_XLOC_000641,MDA-MB-231,0.0,0.0895353648499554
Hum_XLOC_000655,MDA-MB-231,0.0,0.09996478224407365
Hum_XLOC_000668,MDA-MB-231,0.0,0.06536758378215476
Hum_XLOC_000680,MDA-MB-231,0.0,0.07365048776081873
Hum_XLOC_000681,MDA-MB-231,0.0,0.06767402883001346
Hum_XLOC_000695,MDA-MB-231,0.0,0.07087456224941971
Hum_XLOC_000702,MDA-MB-231,0.0,0.09209411423811749
Hum_XLOC_000726,MDA-MB-231,0.0,0.11633461698183362
Hum_XLOC_000727,MDA-MB-231,0.0,0.12319096304955703
Hum_XLOC_000758,MDA-MB-231,0.0,0.06606746897366102
Hum_XLOC_000773,MDA-MB-231,0.0,0.07656773956316473
Hum_XLOC_000774,MDA-MB-231,0.0,0.10219125509597107
Hum_XLOC_000797,MDA-MB-231,0.0,0.11875811229984405
Hum_XLOC_000799,MDA-MB-231,0.0,0.09574873872314069
Hum_XLOC_000800,MDA-MB-231,0.0,0.052797605458106786
Hum_XLOC_000807,MDA-MB-231,0.0,0.07915784089961188
Hum_XLOC_000818,MDA-MB-231,0.0,0.06742437097076931
Hum_XLOC_000828,MDA-MB-231,0.0,0.11419511672117788
Hum_XLOC_000831,MDA-MB-231,0.0,0.08058571308762555
Hum_XLOC_000835,MDA-MB-231,0.0,0.08570027370647404
Hum_XLOC_000840,MDA-MB-231,0.0,0.07832214871055249
Hum_XLOC_000841,MDA-MB-231,0.0,0.07345332184156214
Hum_XLOC_000842,MDA-MB-231,0.0,0.04517047287307264
Hum_XLOC_000854,MDA-MB-231,0.0,0.093165979994767
Hum_XLOC_000855,MDA-MB-231,0.0,0.05882185528806603
Hum_XLOC_000883,MDA-MB-231,0.0,0.06500482039754604
Hum_XLOC_000885,MDA-MB-231,0.0,0.05675890497073179
Hum_XLOC_000905,MDA-MB-231,0.0,0.07582365655566801
Hum_XLOC_000917,MDA-MB-231,0.0,0.06731952324275467
Hum_XLOC_000925,MDA-MB-231,0.0,0.0953388704480553
Hum_XLOC_000944,MDA-MB-231,0.0,0.07966945661349524
Hum_XLOC_000949,MDA-MB-231,0.0,0.07693239832528946
Hum_XLOC_000953,MDA-MB-231,0.0,0.0726947138273244
Hum_XLOC_000964,MDA-MB-231,0.0,0.07628769524720448
Hum_XLOC_000990,MDA-MB-231,0.0,0.09080109283736364
Hum_XLOC_000994,MDA-MB-231,0.0,0.07634135620468638
Hum_XLOC_001020,MDA-MB-231,0.0,0.06896431941758908
Hum_XLOC_001029,MDA-MB-231,0.0,0.08900277419441441
Hum_XLOC_001066,MDA-MB-231,1.0,0.0684878997927181
Hum_XLOC_001120,MDA-MB-231,0.0,0.07140491919754893
Hum_XLOC_001121,MDA-MB-231,0.0,0.07465742820709594
Hum_XLOC_001122,MDA-MB-231,0.0,0.09594474832830524
Hum_XLOC_001125,MDA-MB-231,0.0,0.11709460181104243
Hum_XLOC_001132,MDA-MB-231,0.0,0.08715390142535927
Hum_XLOC_001138,MDA-MB-231,0.0,0.10567243194454157
Hum_XLOC_001144,MDA-MB-231,0.0,0.07721033128148658
Hum_XLOC_001146,MDA-MB-231,0.0,0.08204981749327976
Hum_XLOC_001188,MDA-MB-231,0.0,0.07166125360446543
Hum_XLOC_001191,MDA-MB-231,0.0,0.054448334041290174
Hum_XLOC_001192,MDA-MB-231,0.0,0.1042097610101738
Hum_XLOC_001217,MDA-MB-231,0.0,0.06094866235802583
Hum_XLOC_001222,MDA-MB-231,0.0,0.0770417787595579
Hum_XLOC_001228,MDA-MB-231,0.0,0.12505435852142463
Hum_XLOC_001230,MDA-MB-231,0.0,0.08656082710358262
Hum_XLOC_001237,MDA-MB-231,0.0,0.0640720371806748
Hum_XLOC_001243,MDA-MB-231,0.0,0.0771522662975272
Hum_XLOC_001275,MDA-MB-231,0.0,0.08789155286588182
Hum_XLOC_001279,MDA-MB-231,0.0,0.08775021825556557
Hum_XLOC_001291,MDA-MB-231,0.0,0.12118539120781344
Hum_XLOC_001296,MDA-MB-231,0.0,0.05980852959552076
Hum_XLOC_001297,MDA-MB-231,0.0,0.14566617257675143
Hum_XLOC_001309,MDA-MB-231,0.0,0.07863842962642185
Hum_XLOC_001329,MDA-MB-231,0.0,0.0778357326307532
Hum_XLOC_001330,MDA-MB-231,0.0,0.08822920946968375
Hum_XLOC_001355,MDA-MB-231,0.0,0.08282860280515328
Hum_XLOC_001366,MDA-MB-231,0.0,0.09379330896333575
Hum_XLOC_001367,MDA-MB-231,0.0,0.052541909237851805
Hum_XLOC_001375,MDA-MB-231,0.0,0.06280647213467266
Hum_XLOC_001390,MDA-MB-231,0.0,0.08957291482202681
Hum_XLOC_001405,MDA-MB-231,0.0,0.10163498762419824
Hum_XLOC_001461,MDA-MB-231,0.0,0.070771535080603
Hum_XLOC_001465,MDA-MB-231,0.0,0.067447057169368
Hum_XLOC_001488,MDA-MB-231,0.0,0.10257316972662336
Hum_XLOC_001490,MDA-MB-231,0.0,0.10619220218667036
Hum_XLOC_001509,MDA-MB-231,0.0,0.10521035745015307
Hum_XLOC_001516,MDA-MB-231,0.0,0.10218901339684118
Hum_XLOC_001532,MDA-MB-231,0.0,0.0744062269329982
Hum_XLOC_001539,MDA-MB-231,0.0,0.08335073946855147
Hum_XLOC_001541,MDA-MB-231,0.0,0.11851801075074264
Hum_XLOC_001542,MDA-MB-231,0.0,0.08784028286029012
Hum_XLOC_001548,MDA-MB-231,0.0,0.08843284030294028
Hum_XLOC_001559,MDA-MB-231,0.0,0.09329767091689237
Hum_XLOC_001565,MDA-MB-231,0.0,0.1120089165790259
Hum_XLOC_001566,MDA-MB-231,0.0,0.09286379457830951
Hum_XLOC_001575,MDA-MB-231,0.0,0.09294058364328454
Hum_XLOC_001580,MDA-MB-231,0.0,0.07644026837107676
Hum_XLOC_001590,MDA-MB-231,0.0,0.07535007435508057
Hum_XLOC_001615,MDA-MB-231,0.0,0.10020611047870258
Hum_XLOC_001624,MDA-MB-231,0.0,0.07814472464544178
Hum_XLOC_001639,MDA-MB-231,0.0,0.07255859047547399
Hum_XLOC_001661,MDA-MB-231,0.0,0.0740782828699463
Hum_XLOC_001666,MDA-MB-231,0.0,0.07734134294592918
Hum_XLOC_001668,MDA-MB-231,0.0,0.09668349096242138
Hum_XLOC_001688,MDA-MB-231,0.0,0.07485018691131642
Hum_XLOC_001689,MDA-MB-231,0.0,0.05475893265410343
Hum_XLOC_001695,MDA-MB-231,0.0,0.1224275326589018
Hum_XLOC_001696,MDA-MB-231,0.0,0.07912251928159085
Hum_XLOC_001698,MDA-MB-231,0.0,0.07754577994095418
Hum_XLOC_001707,MDA-MB-231,0.0,0.0712638102912967
Hum_XLOC_001760,MDA-MB-231,0.0,0.0916805621982759
Hum_XLOC_001761,MDA-MB-231,1.0,0.08197302357498
Hum_XLOC_001773,MDA-MB-231,0.0,0.0858612656912601
Hum_XLOC_001775,MDA-MB-231,0.0,0.0667192489241287
Hum_XLOC_001779,MDA-MB-231,1.0,0.10319649899608514
Hum_XLOC_001783,MDA-MB-231,0.0,0.09899029322997649
Hum_XLOC_001791,MDA-MB-231,1.0,0.10071525098624846
Hum_XLOC_001805,MDA-MB-231,0.0,0.08567969377230891
Hum_XLOC_001809,MDA-MB-231,0.0,0.0679014716903761
Hum_XLOC_001848,MDA-MB-231,0.0,0.08812421429551405
Hum_XLOC_001919,MDA-MB-231,0.0,0.07790935750435155
Hum_XLOC_001941,MDA-MB-231,0.0,0.05846285508576111
Hum_XLOC_001942,MDA-MB-231,0.0,0.0774746757855269
Hum_XLOC_001949,MDA-MB-231,0.0,0.07408449472871445
Hum_XLOC_001950,MDA-MB-231,0.0,0.09546550506146632
Hum_XLOC_001953,MDA-MB-231,0.0,0.05825935958049066
Hum_XLOC_001957,MDA-MB-231,0.0,0.07407975866003962
Hum_XLOC_001961,MDA-MB-231,0.0,0.07387350360754323
Hum_XLOC_001969,MDA-MB-231,0.0,0.07075299781766878
Hum_XLOC_002024,MDA-MB-231,0.0,0.07892107957214249
Hum_XLOC_002028,MDA-MB-231,0.0,0.08230092930349643
Hum_XLOC_002033,MDA-MB-231,0.0,0.06193627822108054
Hum_XLOC_002036,MDA-MB-231,0.0,0.08932925433045409
Hum_XLOC_002037,MDA-MB-231,0.0,0.08587867249050568
Hum_XLOC_002041,MDA-MB-231,0.0,0.0926872461087366
Hum_XLOC_002059,MDA-MB-231,0.0,0.12787678721747917
Hum_XLOC_002061,MDA-MB-231,0.0,0.07426777301617726
Hum_XLOC_002068,MDA-MB-231,0.0,0.04116313710950081
Hum_XLOC_002081,MDA-MB-231,0.0,0.07764650574017483
Hum_XLOC_002093,MDA-MB-231,0.0,0.09754866827898177
Hum_XLOC_002099,MDA-MB-231,0.0,0.07603324846391543
Hum_XLOC_002144,MDA-MB-231,0.0,0.09883042924885364
Hum_XLOC_002150,MDA-MB-231,0.0,0.07851843994502142
Hum_XLOC_002152,MDA-MB-231,0.0,0.08812852233504076
Hum_XLOC_002154,MDA-MB-231,0.0,0.05831818868886606
Hum_XLOC_002169,MDA-MB-231,0.0,0.07383747734363658
Hum_XLOC_002170,MDA-MB-231,0.0,0.060836154832596606
Hum_XLOC_002176,MDA-MB-231,0.0,0.09917328749449558
Hum_XLOC_002178,MDA-MB-231,0.0,0.07995562972697794
Hum_XLOC_002186,MDA-MB-231,0.0,0.1065513969926259
Hum_XLOC_002204,MDA-MB-231,0.0,0.09456128894730038
Hum_XLOC_002205,MDA-MB-231,0.0,0.07561531310226623
Hum_XLOC_002219,MDA-MB-231,0.0,0.08684360599962526
Hum_XLOC_002244,MDA-MB-231,0.0,0.08263209120578772
Hum_XLOC_002252,MDA-MB-231,0.0,0.09727398564035891
Hum_XLOC_002261,MDA-MB-231,0.0,0.08138511287482149
Hum_XLOC_002262,MDA-MB-231,0.0,0.06403952977514855
Hum_XLOC_002265,MDA-MB-231,0.0,0.07307986862455791
Hum_XLOC_002271,MDA-MB-231,0.0,0.065837806975732
Hum_XLOC_002280,MDA-MB-231,0.0,0.08684438636138307
Hum_XLOC_002282,MDA-MB-231,0.0,0.06575776413440362
Hum_XLOC_002283,MDA-MB-231,0.0,0.12474017759895746
Hum_XLOC_002284,MDA-MB-231,0.0,0.09139442353599436
Hum_XLOC_002294,MDA-MB-231,0.0,0.08295751924223058
Hum_XLOC_002296,MDA-MB-231,0.0,0.08368679172146551
Hum_XLOC_002299,MDA-MB-231,0.0,0.09710358281182915
Hum_XLOC_002301,MDA-MB-231,0.0,0.10532032557931051
Hum_XLOC_002306,MDA-MB-231,0.0,0.10386679191111292
Hum_XLOC_002311,MDA-MB-231,1.0,0.09279490165038057
Hum_XLOC_002313,MDA-MB-231,0.0,0.08720786418521832
Hum_XLOC_002314,MDA-MB-231,0.0,0.11247211020948313
Hum_XLOC_002327,MDA-MB-231,0.0,0.11524208550632921
Hum_XLOC_002330,MDA-MB-231,0.0,0.09690836693047089
Hum_XLOC_002338,MDA-MB-231,0.0,0.09937306707019081
Hum_XLOC_002344,MDA-MB-231,0.0,0.07344752315598195
Hum_XLOC_002347,MDA-MB-231,0.0,0.04333469983808025
Hum_XLOC_002348,MDA-MB-231,0.0,0.076940789533646
Hum_XLOC_002362,MDA-MB-231,0.0,0.06752880117091527
Hum_XLOC_002364,MDA-MB-231,0.0,0.06875735422335924
Hum_XLOC_002383,MDA-MB-231,0.0,0.07868725987944163
Hum_XLOC_002386,MDA-MB-231,0.0,0.07797102640429408
Hum_XLOC_002390,MDA-MB-231,0.0,0.11831492432623499
Hum_XLOC_002394,MDA-MB-231,0.0,0.09457525329505337
Hum_XLOC_002398,MDA-MB-231,0.0,0.035149835294384674
Hum_XLOC_002399,MDA-MB-231,0.0,0.06571133219134052
Hum_XLOC_002408,MDA-MB-231,0.0,0.06110713174776044
Hum_XLOC_002414,MDA-MB-231,0.0,0.0627506294301815
Hum_XLOC_002418,MDA-MB-231,0.0,0.08167424438805006
Hum_XLOC_002435,MDA-MB-231,0.0,0.048190175800883514
Hum_XLOC_002440,MDA-MB-231,0.0,0.10975827938795263
Hum_XLOC_002489,MDA-MB-231,0.0,0.11802577043100854
Hum_XLOC_002490,MDA-MB-231,0.0,0.042869390000208035
Hum_XLOC_002493,MDA-MB-231,0.0,0.08799417490666138
Hum_XLOC_002520,MDA-MB-231,0.0,0.10697833557195023
Hum_XLOC_002524,MDA-MB-231,0.0,0.13015743327326476
Hum_XLOC_002546,MDA-MB-231,0.0,0.10059232562341762
Hum_XLOC_002560,MDA-MB-231,0.0,0.08712664258728528
Hum_XLOC_002570,MDA-MB-231,0.0,0.13400834063728037
Hum_XLOC_002577,MDA-MB-231,0.0,0.16149257064069417
Hum_XLOC_002579,MDA-MB-231,1.0,0.0885122487162108
Hum_XLOC_002586,MDA-MB-231,0.0,0.09128560054281082
Hum_XLOC_002589,MDA-MB-231,0.0,0.1025672763381789
Hum_XLOC_002629,MDA-MB-231,0.0,0.0738692118527873
Hum_XLOC_002631,MDA-MB-231,0.0,0.0727382331707391
Hum_XLOC_002635,MDA-MB-231,0.0,0.09253290532520318
Hum_XLOC_002644,MDA-MB-231,0.0,0.1026757542211606
Hum_XLOC_002646,MDA-MB-231,0.0,0.05854157378345328
Hum_XLOC_002653,MDA-MB-231,0.0,0.0765839171921451
Hum_XLOC_002681,MDA-MB-231,0.0,0.08711427692436059
Hum_XLOC_002695,MDA-MB-231,0.0,0.08148208794261977
Hum_XLOC_002702,MDA-MB-231,0.0,0.08443141813554259
Hum_XLOC_002705,MDA-MB-231,0.0,0.09057134041613499
Hum_XLOC_002711,MDA-MB-231,0.0,0.11338852946056281
Hum_XLOC_002714,MDA-MB-231,0.0,0.08509402694011466
Hum_XLOC_002717,MDA-MB-231,0.0,0.13341351791648798
Hum_XLOC_002725,MDA-MB-231,0.0,0.09786353277102781
Hum_XLOC_002741,MDA-MB-231,0.0,0.0980801174741226
Hum_XLOC_002742,MDA-MB-231,0.0,0.10135535504785939
Hum_XLOC_002744,MDA-MB-231,0.0,0.06752803279241514
Hum_XLOC_002760,MDA-MB-231,0.0,0.1059011843448517
Hum_XLOC_002788,MDA-MB-231,0.0,0.11589770539185647
Hum_XLOC_002792,MDA-MB-231,0.0,0.09312129303277716
Hum_XLOC_002796,MDA-MB-231,0.0,0.09442733627343564
Hum_XLOC_002817,MDA-MB-231,0.0,0.0810715537683021
Hum_XLOC_002836,MDA-MB-231,1.0,0.13942713554669087
Hum_XLOC_002844,MDA-MB-231,0.0,0.0722748922647983
Hum_XLOC_002845,MDA-MB-231,0.0,0.11067155987376232
Hum_XLOC_002859,MDA-MB-231,0.0,0.05970210639527622
Hum_XLOC_002889,MDA-MB-231,1.0,0.1097568676873472
Hum_XLOC_002911,MDA-MB-231,0.0,0.0942957409261002
Hum_XLOC_002935,MDA-MB-231,0.0,0.0881745720183018
Hum_XLOC_002937,MDA-MB-231,0.0,0.09755957319876853
Hum_XLOC_002967,MDA-MB-231,0.0,0.05336257144482296
Hum_XLOC_002983,MDA-MB-231,0.0,0.08529099240179813
Hum_XLOC_002986,MDA-MB-231,0.0,0.12551012966911304
Hum_XLOC_002990,MDA-MB-231,0.0,0.11016357087564642
Hum_XLOC_003039,MDA-MB-231,0.0,0.08127538827127732
Hum_XLOC_003061,MDA-MB-231,0.0,0.10112644683494061
Hum_XLOC_003086,MDA-MB-231,1.0,0.09821527069768231
Hum_XLOC_003099,MDA-MB-231,0.0,0.06693610639014816
Hum_XLOC_003109,MDA-MB-231,0.0,0.06936177954846483
Hum_XLOC_003128,MDA-MB-231,0.0,0.11857085004181975
Hum_XLOC_003134,MDA-MB-231,0.0,0.09438532792221146
Hum_XLOC_003137,MDA-MB-231,0.0,0.09209501542944816
Hum_XLOC_003154,MDA-MB-231,0.0,0.08512681982416845
Hum_XLOC_003155,MDA-MB-231,0.0,0.10443167297327537
Hum_XLOC_003171,MDA-MB-231,0.0,0.06118959031658367
Hum_XLOC_003209,MDA-MB-231,0.0,0.0824085599968699
Hum_XLOC_003215,MDA-MB-231,0.0,0.09561105678535022
Hum_XLOC_003221,MDA-MB-231,0.0,0.0622304657601379
Hum_XLOC_003232,MDA-MB-231,0.0,0.07271700051339348
Hum_XLOC_003268,MDA-MB-231,0.0,0.0778459310657864
Hum_XLOC_003269,MDA-MB-231,0.0,0.10125913014424408
Hum_XLOC_003286,MDA-MB-231,0.0,0.11500257958679101
Hum_XLOC_003290,MDA-MB-231,0.0,0.08037213125756454
Hum_XLOC_003294,MDA-MB-231,0.0,0.0529787735769685
Hum_XLOC_003321,MDA-MB-231,0.0,0.09239094048363218
Hum_XLOC_003324,MDA-MB-231,0.0,0.08387277915013086
Hum_XLOC_003334,MDA-MB-231,0.0,0.08637374284116549
Hum_XLOC_003337,MDA-MB-231,0.0,0.07210297190541382
Hum_XLOC_003338,MDA-MB-231,0.0,0.07290986650702756
Hum_XLOC_003352,MDA-MB-231,0.0,0.12941358469696448
Hum_XLOC_003357,MDA-MB-231,0.0,0.07830661569209446
Hum_XLOC_003361,MDA-MB-231,0.0,0.08297383720453523
Hum_XLOC_003371,MDA-MB-231,0.0,0.06929449150015485
Hum_XLOC_003381,MDA-MB-231,0.0,0.07129806014277362
Hum_XLOC_003408,MDA-MB-231,0.0,0.07273127356242284
Hum_XLOC_003436,MDA-MB-231,0.0,0.10149617000418205
Hum_XLOC_003440,MDA-MB-231,0.0,0.054638799482934486
Hum_XLOC_003450,MDA-MB-231,0.0,0.10861491875121329
Hum_XLOC_003466,MDA-MB-231,0.0,0.08010878139890684
Hum_XLOC_003488,MDA-MB-231,0.0,0.0693252020989687
Hum_XLOC_003491,MDA-MB-231,0.0,0.06308868788912585
Hum_XLOC_003497,MDA-MB-231,0.0,0.08599229781815174
Hum_XLOC_003498,MDA-MB-231,0.0,0.0804443313700834
Hum_XLOC_003502,MDA-MB-231,0.0,0.06918874159369791
Hum_XLOC_003518,MDA-MB-231,0.0,0.11922622936310084
Hum_XLOC_003532,MDA-MB-231,0.0,0.06871827473838373
Hum_XLOC_003543,MDA-MB-231,0.0,0.1231817089740626
Hum_XLOC_003554,MDA-MB-231,0.0,0.09650505662370933
Hum_XLOC_003563,MDA-MB-231,0.0,0.0701157204516914
Hum_XLOC_003567,MDA-MB-231,0.0,0.0674237974230556
Hum_XLOC_003568,MDA-MB-231,0.0,0.101338817177814
Hum_XLOC_003570,MDA-MB-231,0.0,0.06465787417324198
Hum_XLOC_003571,MDA-MB-231,0.0,0.05357746551326888
Hum_XLOC_003593,MDA-MB-231,0.0,0.06955341148394845
Hum_XLOC_003594,MDA-MB-231,0.0,0.07885836834588193
Hum_XLOC_003598,MDA-MB-231,0.0,0.0625697435673931
Hum_XLOC_003626,MDA-MB-231,0.0,0.07149738498560547
Hum_XLOC_003628,MDA-MB-231,0.0,0.055949039200481165
Hum_XLOC_003630,MDA-MB-231,0.0,0.0868958550108766
Hum_XLOC_003641,MDA-MB-231,0.0,0.10692181461015153
Hum_XLOC_003662,MDA-MB-231,0.0,0.07278247714866813
Hum_XLOC_003665,MDA-MB-231,0.0,0.09853513928422486
Hum_XLOC_003672,MDA-MB-231,0.0,0.09069232505170013
Hum_XLOC_003673,MDA-MB-231,0.0,0.08275771988304267
Hum_XLOC_003674,MDA-MB-231,0.0,0.07929464939892251
Hum_XLOC_003676,MDA-MB-231,0.0,0.0858304474979413
Hum_XLOC_003686,MDA-MB-231,0.0,0.07813903040492225
Hum_XLOC_003697,MDA-MB-231,0.0,0.08022587034343673
Hum_XLOC_003717,MDA-MB-231,0.0,0.07208788108173861
Hum_XLOC_003725,MDA-MB-231,0.0,0.10134714436535694
Hum_XLOC_003743,MDA-MB-231,0.0,0.08881547052651204
Hum_XLOC_003754,MDA-MB-231,0.0,0.09878670439860741
Hum_XLOC_003766,MDA-MB-231,0.0,0.0996222584225403
Hum_XLOC_003775,MDA-MB-231,0.0,0.11044838482771466
Hum_XLOC_003790,MDA-MB-231,0.0,0.07993565258960088
Hum_XLOC_003799,MDA-MB-231,1.0,0.06608922743967686
Hum_XLOC_003853,MDA-MB-231,0.0,0.05305303209002974
Hum_XLOC_003865,MDA-MB-231,0.0,0.10866951415973002
Hum_XLOC_003871,MDA-MB-231,0.0,0.08809073909791576
Hum_XLOC_003891,MDA-MB-231,0.0,0.10080119405113068
Hum_XLOC_003892,MDA-MB-231,0.0,0.09450640767145975
Hum_XLOC_003910,MDA-MB-231,0.0,0.12044322784075635
Hum_XLOC_003911,MDA-MB-231,0.0,0.1364669980215806
Hum_XLOC_003952,MDA-MB-231,0.0,0.08698626284063858
Hum_XLOC_003971,MDA-MB-231,0.0,0.07439750365029926
Hum_XLOC_003988,MDA-MB-231,0.0,0.05701576193243473
Hum_XLOC_004020,MDA-MB-231,0.0,0.0699938802322358
Hum_XLOC_004035,MDA-MB-231,0.0,0.07649556676896999
Hum_XLOC_004036,MDA-MB-231,1.0,0.11284786414044792
Hum_XLOC_004048,MDA-MB-231,0.0,0.06837381313032474
Hum_XLOC_004068,MDA-MB-231,0.0,0.08752883556338197
Hum_XLOC_004069,MDA-MB-231,0.0,0.07042099880673018
Hum_XLOC_004095,MDA-MB-231,0.0,0.1330983646377686
Hum_XLOC_004096,MDA-MB-231,0.0,0.10976560262139172
Hum_XLOC_004116,MDA-MB-231,0.0,0.10754076144401796
Hum_XLOC_004123,MDA-MB-231,0.0,0.08653404221054953
Hum_XLOC_004134,MDA-MB-231,0.0,0.061363193594799026
Hum_XLOC_004161,MDA-MB-231,0.0,0.08969743436881142
Hum_XLOC_004168,MDA-MB-231,0.0,0.0859929048143262
Hum_XLOC_004169,MDA-MB-231,0.0,0.10209465406463024
Hum_XLOC_004177,MDA-MB-231,0.0,0.09320250876747316
Hum_XLOC_004200,MDA-MB-231,0.0,0.08006085544188714
Hum_XLOC_004201,MDA-MB-231,0.0,0.06551761716475832
Hum_XLOC_004219,MDA-MB-231,0.0,0.06299421720319778
Hum_XLOC_004226,MDA-MB-231,0.0,0.08147344690337524
Hum_XLOC_004227,MDA-MB-231,0.0,0.08020163842678336
Hum_XLOC_004236,MDA-MB-231,0.0,0.07081433972211267
Hum_XLOC_004254,MDA-MB-231,1.0,0.10191731015671826
Hum_XLOC_004255,MDA-MB-231,0.0,0.08211876175034294
Hum_XLOC_004262,MDA-MB-231,1.0,0.10676732368625906
Hum_XLOC_004269,MDA-MB-231,0.0,0.0669859480629385
Hum_XLOC_004277,MDA-MB-231,0.0,0.07226889103571224
Hum_XLOC_004278,MDA-MB-231,0.0,0.07891030568819206
Hum_XLOC_004282,MDA-MB-231,0.0,0.08278200561960541
Hum_XLOC_004287,MDA-MB-231,0.0,0.06441550757094862
Hum_XLOC_004293,MDA-MB-231,0.0,0.08430452322003346
Hum_XLOC_004302,MDA-MB-231,0.0,0.09061204257311209
Hum_XLOC_004303,MDA-MB-231,0.0,0.07484780845804447
Hum_XLOC_004306,MDA-MB-231,0.0,0.07667181227951435
Hum_XLOC_004309,MDA-MB-231,0.0,0.10733983458514215
Hum_XLOC_004314,MDA-MB-231,0.0,0.07648957830852669
Hum_XLOC_004317,MDA-MB-231,0.0,0.0928001120015834
Hum_XLOC_004336,MDA-MB-231,0.0,0.07963856465655138
Hum_XLOC_004343,MDA-MB-231,0.0,0.0771011386495996
Hum_XLOC_004350,MDA-MB-231,0.0,0.06693328894627956
Hum_XLOC_004361,MDA-MB-231,0.0,0.07780184087708882
Hum_XLOC_004363,MDA-MB-231,0.0,0.05197919508978574
Hum_XLOC_004401,MDA-MB-231,0.0,0.07048358506079401
Hum_XLOC_004405,MDA-MB-231,0.0,0.06291425584114738
Hum_XLOC_004407,MDA-MB-231,0.0,0.06641967647224971
Hum_XLOC_004424,MDA-MB-231,0.0,0.13709279417590478
Hum_XLOC_004437,MDA-MB-231,0.0,0.07683576586898332
Hum_XLOC_004446,MDA-MB-231,0.0,0.09672096950897878
Hum_XLOC_004457,MDA-MB-231,0.0,0.09261519106381859
Hum_XLOC_004482,MDA-MB-231,0.0,0.09378715779537895
Hum_XLOC_004502,MDA-MB-231,0.0,0.061861105788974725
Hum_XLOC_004515,MDA-MB-231,0.0,0.061837935035244346
Hum_XLOC_004529,MDA-MB-231,0.0,0.07350184251881543
Hum_XLOC_004535,MDA-MB-231,0.0,0.07057241564533395
Hum_XLOC_004553,MDA-MB-231,0.0,0.08074947702395235
Hum_XLOC_004566,MDA-MB-231,0.0,0.08649116122346033
Hum_XLOC_004567,MDA-MB-231,0.0,0.08499851834089613
Hum_XLOC_004572,MDA-MB-231,1.0,0.10015996815156668
Hum_XLOC_004578,MDA-MB-231,0.0,0.07482502495552232
Hum_XLOC_004580,MDA-MB-231,0.0,0.07269983296367061
Hum_XLOC_004581,MDA-MB-231,0.0,0.09376041815498333
Hum_XLOC_004587,MDA-MB-231,0.0,0.08595737398576185
Hum_XLOC_004600,MDA-MB-231,0.0,0.11407104505471724
Hum_XLOC_004601,MDA-MB-231,0.0,0.0813020082684907
Hum_XLOC_004607,MDA-MB-231,0.0,0.09058165139895788
Hum_XLOC_004617,MDA-MB-231,0.0,0.10010064853217332
Hum_XLOC_004619,MDA-MB-231,0.0,0.08846151280050267
Hum_XLOC_004620,MDA-MB-231,0.0,0.11675813555678789
Hum_XLOC_004632,MDA-MB-231,0.0,0.0904549074973266
Hum_XLOC_004636,MDA-MB-231,0.0,0.09883516856554943
Hum_XLOC_004652,MDA-MB-231,0.0,0.08004250210092335
Hum_XLOC_004653,MDA-MB-231,0.0,0.08883105480680621
Hum_XLOC_004657,MDA-MB-231,1.0,0.10046558792849158
Hum_XLOC_004661,MDA-MB-231,0.0,0.07253709982166587
Hum_XLOC_004683,MDA-MB-231,0.0,0.05389530927015472
Hum_XLOC_004684,MDA-MB-231,0.0,0.08754439368936924
Hum_XLOC_004688,MDA-MB-231,0.0,0.07203933496567157
Hum_XLOC_004689,MDA-MB-231,0.0,0.06941883538138369
Hum_XLOC_004705,MDA-MB-231,0.0,0.10415107695413285
Hum_XLOC_004717,MDA-MB-231,0.0,0.09280425947725814
Hum_XLOC_004718,MDA-MB-231,0.0,0.06651763299000635
Hum_XLOC_004733,MDA-MB-231,0.0,0.08132989295615012
Hum_XLOC_004741,MDA-MB-231,0.0,0.09724512988876712
Hum_XLOC_004762,MDA-MB-231,0.0,0.10607176297505692
Hum_XLOC_004771,MDA-MB-231,0.0,0.09858035991717376
Hum_XLOC_004777,MDA-MB-231,0.0,0.07047769656833296
Hum_XLOC_004788,MDA-MB-231,0.0,0.06840040224622537
Hum_XLOC_004791,MDA-MB-231,0.0,0.07077441308354858
Hum_XLOC_004795,MDA-MB-231,0.0,0.08117939033774862
Hum_XLOC_004803,MDA-MB-231,0.0,0.08776964577940567
Hum_XLOC_004805,MDA-MB-231,0.0,0.06700954982115417
Hum_XLOC_004813,MDA-MB-231,0.0,0.08537541379827182
Hum_XLOC_004815,MDA-MB-231,0.0,0.09568012240171091
Hum_XLOC_004822,MDA-MB-231,0.0,0.06627748949990206
Hum_XLOC_004823,MDA-MB-231,0.0,0.06293433367890365
Hum_XLOC_004827,MDA-MB-231,0.0,0.06440218913034772
Hum_XLOC_004837,MDA-MB-231,0.0,0.08200819247211971
Hum_XLOC_004839,MDA-MB-231,0.0,0.07118352639463339
Hum_XLOC_004855,MDA-MB-231,0.0,0.08711994426873237
Hum_XLOC_004874,MDA-MB-231,0.0,0.0638987936812751
Hum_XLOC_004875,MDA-MB-231,0.0,0.07956487407775786
Hum_XLOC_004878,MDA-MB-231,0.0,0.07019224978311375
Hum_XLOC_004884,MDA-MB-231,1.0,0.0607759706011414
Hum_XLOC_004911,MDA-MB-231,0.0,0.11201610279381405
Hum_XLOC_004915,MDA-MB-231,0.0,0.09523817945568767
Hum_XLOC_004927,MDA-MB-231,1.0,0.1018221345376829
Hum_XLOC_004929,MDA-MB-231,0.0,0.11170911330544456
Hum_XLOC_004936,MDA-MB-231,0.0,0.0830542980605358
Hum_XLOC_004957,MDA-MB-231,0.0,0.06897113132536675
Hum_XLOC_004960,MDA-MB-231,0.0,0.07467755416357479
Hum_XLOC_004965,MDA-MB-231,0.0,0.06618588411197726
Hum_XLOC_000006,THP1,0.0,0.09302037868933707
Hum_XLOC_000008,THP1,0.0,0.13443967823203168
Hum_XLOC_000016,THP1,0.0,0.1285115803132846
Hum_XLOC_000030,THP1,0.0,0.1507740490789678
Hum_XLOC_000033,THP1,0.0,0.08804839214895106
Hum_XLOC_000039,THP1,0.0,0.13741854170580006
Hum_XLOC_000053,THP1,0.0,0.0946587668550407
Hum_XLOC_000057,THP1,0.0,0.11763115586320264
Hum_XLOC_000060,THP1,0.0,0.08318399557856994
Hum_XLOC_000080,THP1,0.0,0.1057791974905792
Hum_XLOC_000094,THP1,0.0,0.08926655826353154
Hum_XLOC_000100,THP1,0.0,0.08187993077799426
Hum_XLOC_000105,THP1,0.0,0.08139064220769993
Hum_XLOC_000107,THP1,0.0,0.06858812365974631
Hum_XLOC_000111,THP1,0.0,0.09217620210521602
Hum_XLOC_000134,THP1,0.0,0.07961616729611691
Hum_XLOC_000143,THP1,0.0,0.12252123063315468
Hum_XLOC_000145,THP1,0.0,0.132289538168643
Hum_XLOC_000149,THP1,0.0,0.08830657730648703
Hum_XLOC_000155,THP1,0.0,0.09332625421563273
Hum_XLOC_000169,THP1,0.0,0.10503010655541264
Hum_XLOC_000170,THP1,0.0,0.10543450126321847
Hum_XLOC_000194,THP1,0.0,0.08073091589429308
Hum_XLOC_000201,THP1,0.0,0.11071927212249612
Hum_XLOC_000231,THP1,0.0,0.13278189693107997
Hum_XLOC_000233,THP1,0.0,0.1340812095857764
Hum_XLOC_000245,THP1,0.0,0.08748560821897243
Hum_XLOC_000247,THP1,0.0,0.11896340668229591
Hum_XLOC_000248,THP1,0.0,0.13042475395784173
Hum_XLOC_000265,THP1,0.0,0.08668830031801573
Hum_XLOC_000282,THP1,0.0,0.10919925200475082
Hum_XLOC_000286,THP1,0.0,0.0925149383139417
Hum_XLOC_000292,THP1,0.0,0.10619712944669804
Hum_XLOC_000307,THP1,0.0,0.07640623728564681
Hum_XLOC_000308,THP1,0.0,0.09727726455339579
Hum_XLOC_000312,THP1,0.0,0.12778303312214975
Hum_XLOC_000314,THP1,0.0,0.049523384963823344
Hum_XLOC_000317,THP1,0.0,0.06192223135927156
Hum_XLOC_000319,THP1,0.0,0.08982279829429496
Hum_XLOC_000332,THP1,0.0,0.15657911803891628
Hum_XLOC_000338,THP1,1.0,0.10261036389077562
Hum_XLOC_000342,THP1,0.0,0.10890326703297075
Hum_XLOC_000345,THP1,0.0,0.09532970933808982
Hum_XLOC_000362,THP1,0.0,0.08852275724245609
Hum_XLOC_000377,THP1,0.0,0.10746806972074663
Hum_XLOC_000390,THP1,0.0,0.09336694237262377
Hum_XLOC_000394,THP1,0.0,0.11171034479786357
Hum_XLOC_000411,THP1,0.0,0.07206177029820546
Hum_XLOC_000415,THP1,0.0,0.1274640180054507
Hum_XLOC_000430,THP1,0.0,0.09190049178389238
Hum_XLOC_000436,THP1,1.0,0.11641860814853675
Hum_XLOC_000437,THP1,0.0,0.13718477437657134
Hum_XLOC_000456,THP1,1.0,0.09107375988735131
Hum_XLOC_000461,THP1,0.0,0.11839306263553148
Hum_XLOC_000462,THP1,0.0,0.09633678716955359
Hum_XLOC_000465,THP1,0.0,0.06823875990819804
Hum_XLOC_000472,THP1,0.0,0.09252159781165878
Hum_XLOC_000474,THP1,0.0,0.07162750438810342
Hum_XLOC_000478,THP1,0.0,0.11581159961568471
Hum_XLOC_000486,THP1,0.0,0.06899228690821044
Hum_XLOC_000490,THP1,0.0,0.10460048150139477
Hum_XLOC_000498,THP1,0.0,0.09989852865224454
Hum_XLOC_000500,THP1,0.0,0.11149122440005291
Hum_XLOC_000510,THP1,0.0,0.10142172380587318
Hum_XLOC_000535,THP1,0.0,0.12858641423066314
Hum_XLOC_000540,THP1,0.0,0.07779136556913437
Hum_XLOC_000556,THP1,0.0,0.11820425134677857
Hum_XLOC_000574,THP1,0.0,0.08807247638443086
Hum_XLOC_000575,THP1,0.0,0.08487008619681571
Hum_XLOC_000582,THP1,0.0,0.091906084280383
Hum_XLOC_000590,THP1,0.0,0.09430610797542487
Hum_XLOC_000601,THP1,0.0,0.08960973568410029
Hum_XLOC_000604,THP1,0.0,0.046590212781239274
Hum_XLOC_000608,THP1,0.0,0.08632029189590656
Hum_XLOC_000612,THP1,0.0,0.07445833718741858
Hum_XLOC_000636,THP1,1.0,0.09448226522946986
Hum_XLOC_000638,THP1,0.0,0.15081103975810636
Hum_XLOC_000641,THP1,0.0,0.08925926500168524
Hum_XLOC_000655,THP1,0.0,0.1093916549399322
Hum_XLOC_000668,THP1,0.0,0.07609024873338384
Hum_XLOC_000680,THP1,0.0,0.07918970997343731
Hum_XLOC_000681,THP1,0.0,0.07082409191933796
Hum_XLOC_000695,THP1,0.0,0.06884416375561735
Hum_XLOC_000702,THP1,0.0,0.09799102962106807
Hum_XLOC_000726,THP1,0.0,0.10494614375080544
Hum_XLOC_000727,THP1,0.0,0.11916051718936455
Hum_XLOC_000758,THP1,0.0,0.06788595152169105
Hum_XLOC_000773,THP1,0.0,0.07673195545833683
Hum_XLOC_000774,THP1,0.0,0.1063248522551856
Hum_XLOC_000797,THP1,0.0,0.12601684369247373
Hum_XLOC_000799,THP1,0.0,0.10306799429343794
Hum_XLOC_000800,THP1,0.0,0.05989711881105139
Hum_XLOC_000807,THP1,0.0,0.0878100538750091
Hum_XLOC_000818,THP1,0.0,0.07437092020817729
Hum_XLOC_000828,THP1,0.0,0.12197233720426819
Hum_XLOC_000831,THP1,0.0,0.07867181198140137
Hum_XLOC_000835,THP1,0.0,0.08174628527039779
Hum_XLOC_000840,THP1,0.0,0.08007333178298116
Hum_XLOC_000841,THP1,0.0,0.07325350572706951
Hum_XLOC_000842,THP1,0.0,0.04708135296548012
Hum_XLOC_000854,THP1,0.0,0.10028257658740543
Hum_XLOC_000855,THP1,0.0,0.05842005695964229
Hum_XLOC_000883,THP1,0.0,0.07641811808582392
Hum_XLOC_000885,THP1,0.0,0.05826185259805564
Hum_XLOC_000905,THP1,0.0,0.07739174930189702
Hum_XLOC_000917,THP1,0.0,0.07458543594149002
Hum_XLOC_000925,THP1,0.0,0.09489338481574897
Hum_XLOC_000944,THP1,0.0,0.09013627878208119
Hum_XLOC_000949,THP1,0.0,0.07750765127612926
Hum_XLOC_000953,THP1,0.0,0.07642688985892754
Hum_XLOC_000964,THP1,0.0,0.08173097132737274
Hum_XLOC_000990,THP1,0.0,0.09246373914381163
Hum_XLOC_000994,THP1,0.0,0.07794138148126659
Hum_XLOC_001020,THP1,0.0,0.07854916587814592
Hum_XLOC_001029,THP1,0.0,0.08321478656018007
Hum_XLOC_001066,THP1,0.0,0.06830970948605258
Hum_XLOC_001120,THP1,0.0,0.06969339987411077
Hum_XLOC_001121,THP1,0.0,0.07249205037306128
Hum_XLOC_001122,THP1,0.0,0.09194363277840917
Hum_XLOC_001125,THP1,0.0,0.11700601502353519
Hum_XLOC_001132,THP1,0.0,0.0887435384574118
Hum_XLOC_001138,THP1,0.0,0.10759580062002698
Hum_XLOC_001144,THP1,0.0,0.08488287190497265
Hum_XLOC_001146,THP1,0.0,0.09461909428867353
Hum_XLOC_001188,THP1,1.0,0.0756759737725695
Hum_XLOC_001191,THP1,0.0,0.05830447740819379
Hum_XLOC_001192,THP1,0.0,0.10728096689095468
Hum_XLOC_001217,THP1,0.0,0.06800210310774253
Hum_XLOC_001222,THP1,0.0,0.07495429115910604
Hum_XLOC_001228,THP1,0.0,0.12468676017719757
Hum_XLOC_001230,THP1,0.0,0.08870344099307283
Hum_XLOC_001237,THP1,0.0,0.06743511262130769
Hum_XLOC_001243,THP1,0.0,0.07711989452275891
Hum_XLOC_001275,THP1,0.0,0.08745130335178314
Hum_XLOC_001279,THP1,0.0,0.09111619305143585
Hum_XLOC_001291,THP1,0.0,0.12474587511612999
Hum_XLOC_001296,THP1,0.0,0.06918898632908115
Hum_XLOC_001297,THP1,0.0,0.14889661229578005
Hum_XLOC_001309,THP1,0.0,0.08181950323037127
Hum_XLOC_001329,THP1,0.0,0.08362569284395475
Hum_XLOC_001330,THP1,0.0,0.08994148944374178
Hum_XLOC_001355,THP1,0.0,0.0942899687255208
Hum_XLOC_001366,THP1,0.0,0.08777736596024925
Hum_XLOC_001367,THP1,0.0,0.0545089946742135
Hum_XLOC_001375,THP1,0.0,0.07069550726895607
Hum_XLOC_001390,THP1,0.0,0.0915565086590648
Hum_XLOC_001405,THP1,0.0,0.09783929264989541
Hum_XLOC_001461,THP1,0.0,0.07225740728790385
Hum_XLOC_001465,THP1,0.0,0.06772675405998864
Hum_XLOC_001488,THP1,0.0,0.10213145016657889
Hum_XLOC_001490,THP1,0.0,0.1170031147009572
Hum_XLOC_001509,THP1,1.0,0.11087549682906403
Hum_XLOC_001516,THP1,0.0,0.10369452515594037
Hum_XLOC_001532,THP1,0.0,0.08193706258893028
Hum_XLOC_001539,THP1,0.0,0.08308526300065412
Hum_XLOC_001541,THP1,0.0,0.12012237732869854
Hum_XLOC_001542,THP1,0.0,0.09522861383843957
Hum_XLOC_001548,THP1,0.0,0.0864134103043593
Hum_XLOC_001559,THP1,0.0,0.0937384004928403
Hum_XLOC_001565,THP1,0.0,0.12421035416989988
Hum_XLOC_001566,THP1,0.0,0.0985450418593783
Hum_XLOC_001575,THP1,0.0,0.09291719053729612
Hum_XLOC_001580,THP1,0.0,0.08230287445531007
Hum_XLOC_001590,THP1,0.0,0.07816359096595364
Hum_XLOC_001615,THP1,1.0,0.10196767512241849
Hum_XLOC_001624,THP1,0.0,0.08117888729452674
Hum_XLOC_001639,THP1,0.0,0.06710288622107774
Hum_XLOC_001661,THP1,0.0,0.07221856042459594
Hum_XLOC_001666,THP1,0.0,0.08069423655391159
Hum_XLOC_001668,THP1,0.0,0.11368407480143648
Hum_XLOC_001688,THP1,0.0,0.07703386526598298
Hum_XLOC_001689,THP1,0.0,0.052801356991664924
Hum_XLOC_001695,THP1,0.0,0.1319369520284728
Hum_XLOC_001696,THP1,0.0,0.08471139931428129
Hum_XLOC_001698,THP1,0.0,0.07774179563113161
Hum_XLOC_001707,THP1,0.0,0.07490401661658665
Hum_XLOC_001760,THP1,0.0,0.08439996814202427
Hum_XLOC_001761,THP1,0.0,0.08154242218231463
Hum_XLOC_001773,THP1,0.0,0.09125790542723664
Hum_XLOC_001775,THP1,0.0,0.0699388721060659
Hum_XLOC_001779,THP1,0.0,0.10297825220204698
Hum_XLOC_001783,THP1,0.0,0.10067238405348732
Hum_XLOC_001791,THP1,0.0,0.10378162838537283
Hum_XLOC_001805,THP1,0.0,0.08956968156987577
Hum_XLOC_001809,THP1,0.0,0.06794586278653635
Hum_XLOC_001848,THP1,0.0,0.09366226707028556
Hum_XLOC_001919,THP1,0.0,0.08571094911466995
Hum_XLOC_001941,THP1,0.0,0.06043630470656672
Hum_XLOC_001942,THP1,0.0,0.0769674617281996
Hum_XLOC_001949,THP1,0.0,0.08155566631483649
Hum_XLOC_001950,THP1,0.0,0.09331769368352255
Hum_XLOC_001953,THP1,0.0,0.050416764837975386
Hum_XLOC_001957,THP1,0.0,0.08164103544518846
Hum_XLOC_001961,THP1,1.0,0.07706097412582463
Hum_XLOC_001969,THP1,0.0,0.07807651617638947
Hum_XLOC_002024,THP1,0.0,0.07868553958706428
Hum_XLOC_002028,THP1,0.0,0.08252381527932973
Hum_XLOC_002033,THP1,0.0,0.06989683202015029
Hum_XLOC_002036,THP1,0.0,0.10718263560888819
Hum_XLOC_002037,THP1,0.0,0.08538383089208582
Hum_XLOC_002041,THP1,0.0,0.10030358770955008
Hum_XLOC_002059,THP1,0.0,0.13518350648625893
Hum_XLOC_002061,THP1,0.0,0.07790817331425602
Hum_XLOC_002068,THP1,0.0,0.04668848919337153
Hum_XLOC_002081,THP1,0.0,0.08385209869546192
Hum_XLOC_002093,THP1,0.0,0.103269409261319
Hum_XLOC_002099,THP1,0.0,0.08021797731040754
Hum_XLOC_002144,THP1,0.0,0.11397874129921384
Hum_XLOC_002150,THP1,0.0,0.08612182954073745
Hum_XLOC_002152,THP1,0.0,0.08588425112860644
Hum_XLOC_002154,THP1,0.0,0.060067544156033326
Hum_XLOC_002169,THP1,1.0,0.07883311673312393
Hum_XLOC_002170,THP1,0.0,0.057523280010027183
Hum_XLOC_002176,THP1,0.0,0.10527311105669211
Hum_XLOC_002178,THP1,0.0,0.08025995095573371
Hum_XLOC_002186,THP1,0.0,0.11028457158445769
Hum_XLOC_002204,THP1,0.0,0.09452569515706985
Hum_XLOC_002205,THP1,0.0,0.07293511210582342
Hum_XLOC_002219,THP1,0.0,0.09047501992542295
Hum_XLOC_002244,THP1,0.0,0.08812269667356736
Hum_XLOC_002252,THP1,0.0,0.09640762699513973
Hum_XLOC_002261,THP1,0.0,0.09099184456465542
Hum_XLOC_002262,THP1,0.0,0.07113540337141895
Hum_XLOC_002265,THP1,0.0,0.08054923767530739
Hum_XLOC_002271,THP1,0.0,0.0696171505241805
Hum_XLOC_002280,THP1,0.0,0.09257894350654429
Hum_XLOC_002282,THP1,0.0,0.0731194642928978
Hum_XLOC_002283,THP1,0.0,0.13360026281086668
Hum_XLOC_002284,THP1,0.0,0.09652869013973811
Hum_XLOC_002294,THP1,0.0,0.08870915231152422
Hum_XLOC_002296,THP1,0.0,0.09142319496998294
Hum_XLOC_002299,THP1,0.0,0.10681748148510599
Hum_XLOC_002301,THP1,0.0,0.10900955697347192
Hum_XLOC_002306,THP1,0.0,0.11306360017982467
Hum_XLOC_002311,THP1,0.0,0.10287879831798044
Hum_XLOC_002313,THP1,0.0,0.09127130310747708
Hum_XLOC_002314,THP1,0.0,0.11785211665403848
Hum_XLOC_002327,THP1,0.0,0.12802543901248106
Hum_XLOC_002330,THP1,0.0,0.10450887383223206
Hum_XLOC_002338,THP1,0.0,0.09902126003043377
Hum_XLOC_002344,THP1,0.0,0.07524718119978227
Hum_XLOC_002347,THP1,0.0,0.04896755818750542
Hum_XLOC_002348,THP1,0.0,0.07729571848549195
Hum_XLOC_002362,THP1,0.0,0.07810241295100008
Hum_XLOC_002364,THP1,0.0,0.06684967285146357
Hum_XLOC_002383,THP1,0.0,0.07859511895803241
Hum_XLOC_002386,THP1,0.0,0.07857627371723368
Hum_XLOC_002390,THP1,0.0,0.12709570868214973
Hum_XLOC_002394,THP1,0.0,0.09065454751693203
Hum_XLOC_002398,THP1,0.0,0.038963797881603306
Hum_XLOC_002399,THP1,0.0,0.06887001770661344
Hum_XLOC_002408,THP1,0.0,0.06316382396434057
Hum_XLOC_002414,THP1,0.0,0.058686567803129294
Hum_XLOC_002418,THP1,0.0,0.07941173610925738
Hum_XLOC_002435,THP1,0.0,0.05560022271724482
Hum_XLOC_002440,THP1,0.0,0.11704126697732677
Hum_XLOC_002489,THP1,0.0,0.1219425190716927
Hum_XLOC_002490,THP1,0.0,0.03947359283092665
Hum_XLOC_002493,THP1,0.0,0.09137018397773969
Hum_XLOC_002520,THP1,0.0,0.11089832721246647
Hum_XLOC_002524,THP1,0.0,0.13189653713505495
Hum_XLOC_002546,THP1,0.0,0.10846062461981242
Hum_XLOC_002560,THP1,0.0,0.09052368366909666
Hum_XLOC_002570,THP1,0.0,0.14835159833706965
Hum_XLOC_002577,THP1,0.0,0.15971429915264082
Hum_XLOC_002579,THP1,0.0,0.08661721546396003
Hum_XLOC_002586,THP1,0.0,0.08577311921760322
Hum_XLOC_002589,THP1,0.0,0.11399334311642147
Hum_XLOC_002629,THP1,0.0,0.07926297090958788
Hum_XLOC_002631,THP1,0.0,0.08123434986800185
Hum_XLOC_002635,THP1,0.0,0.0942864802664099
Hum_XLOC_002644,THP1,0.0,0.10268410178117447
Hum_XLOC_002646,THP1,0.0,0.06792685858028678
Hum_XLOC_002653,THP1,0.0,0.07861560338613277
Hum_XLOC_002681,THP1,0.0,0.08170905985092969
Hum_XLOC_002695,THP1,0.0,0.07877191938824417
Hum_XLOC_002702,THP1,0.0,0.08448761867894665
Hum_XLOC_002705,THP1,0.0,0.09427607198667409
Hum_XLOC_002711,THP1,0.0,0.11561217598873567
Hum_XLOC_002714,THP1,0.0,0.1017604146764341
Hum_XLOC_002717,THP1,0.0,0.1344896319796772
Hum_XLOC_002725,THP1,0.0,0.09986344916681743
Hum_XLOC_002741,THP1,0.0,0.09666710225486727
Hum_XLOC_002742,THP1,0.0,0.1030129975403809
Hum_XLOC_002744,THP1,0.0,0.06352581145872638
Hum_XLOC_002760,THP1,0.0,0.1092956643080023
Hum_XLOC_002788,THP1,0.0,0.11675887438490863
Hum_XLOC_002792,THP1,0.0,0.09259631098490907
Hum_XLOC_002796,THP1,0.0,0.10022757052867336
Hum_XLOC_002817,THP1,0.0,0.0825186002963585
Hum_XLOC_002836,THP1,1.0,0.14897369264222537
Hum_XLOC_002844,THP1,0.0,0.07779418244399525
Hum_XLOC_002845,THP1,0.0,0.11453021348764097
Hum_XLOC_002859,THP1,0.0,0.05977843038913068
Hum_XLOC_002889,THP1,0.0,0.11704416082633999
Hum_XLOC_002911,THP1,0.0,0.10571598172974996
Hum_XLOC_002935,THP1,1.0,0.08814924275580975
Hum_XLOC_002937,THP1,0.0,0.09496793927665627
Hum_XLOC_002967,THP1,0.0,0.05670595525390521
Hum_XLOC_002983,THP1,0.0,0.09827873925505337
Hum_XLOC_002986,THP1,0.0,0.11556333605695086
Hum_XLOC_002990,THP1,0.0,0.11783889388742601
Hum_XLOC_003039,THP1,0.0,0.08812496531911339
Hum_XLOC_003061,THP1,0.0,0.10038148874154423
Hum_XLOC_003086,THP1,1.0,0.10618752483569521
Hum_XLOC_003099,THP1,0.0,0.07088969413476712
Hum_XLOC_003109,THP1,1.0,0.06943583591842684
Hum_XLOC_003128,THP1,0.0,0.12254178367094269
Hum_XLOC_003134,THP1,0.0,0.09987660566621291
Hum_XLOC_003137,THP1,0.0,0.10129398660312337
Hum_XLOC_003154,THP1,0.0,0.09777508367690008
Hum_XLOC_003155,THP1,0.0,0.10249350628658675
Hum_XLOC_003171,THP1,0.0,0.06455049305209883
Hum_XLOC_003209,THP1,0.0,0.08613019428776328
Hum_XLOC_003215,THP1,0.0,0.10125423755434364
Hum_XLOC_003221,THP1,0.0,0.0695958676369793
Hum_XLOC_003232,THP1,0.0,0.07637469569100233
Hum_XLOC_003268,THP1,0.0,0.08125799164084964
Hum_XLOC_003269,THP1,0.0,0.11020752076685217
Hum_XLOC_003286,THP1,0.0,0.1179440420401634
Hum_XLOC_003290,THP1,0.0,0.08942101476964476
Hum_XLOC_003294,THP1,0.0,0.05444547677214637
Hum_XLOC_003321,THP1,0.0,0.10154476941339924
Hum_XLOC_003324,THP1,0.0,0.08743551057557838
Hum_XLOC_003334,THP1,0.0,0.09028583626000575
Hum_XLOC_003337,THP1,0.0,0.07240911486203987
Hum_XLOC_003338,THP1,0.0,0.07742585287982126
Hum_XLOC_003352,THP1,0.0,0.12354870692974891
Hum_XLOC_003357,THP1,0.0,0.08009063808050883
Hum_XLOC_003361,THP1,0.0,0.09050489332339405
Hum_XLOC_003371,THP1,0.0,0.0762888534170897
Hum_XLOC_003381,THP1,0.0,0.07117916955685805
Hum_XLOC_003408,THP1,0.0,0.08384543958101764
Hum_XLOC_003436,THP1,0.0,0.10298036737750978
Hum_XLOC_003440,THP1,0.0,0.05105490899715781
Hum_XLOC_003450,THP1,0.0,0.10845301953913938
Hum_XLOC_003466,THP1,0.0,0.0784147404093557
Hum_XLOC_003488,THP1,0.0,0.07114536292352777
Hum_XLOC_003491,THP1,0.0,0.06470570756483407
Hum_XLOC_003497,THP1,0.0,0.08727078533849214
Hum_XLOC_003498,THP1,0.0,0.08373690350689654
Hum_XLOC_003502,THP1,0.0,0.08006543421935013
Hum_XLOC_003518,THP1,0.0,0.11718602537663249
Hum_XLOC_003532,THP1,0.0,0.07210292183830336
Hum_XLOC_003543,THP1,0.0,0.12894247261283845
Hum_XLOC_003554,THP1,1.0,0.09592687909999918
Hum_XLOC_003563,THP1,0.0,0.08224610902347951
Hum_XLOC_003567,THP1,0.0,0.07646022289167254
Hum_XLOC_003568,THP1,0.0,0.10854754925401909
Hum_XLOC_003570,THP1,0.0,0.06835077680232832
Hum_XLOC_003571,THP1,0.0,0.0552943109187224
Hum_XLOC_003593,THP1,0.0,0.07516351097589474
Hum_XLOC_003594,THP1,0.0,0.08259537501845264
Hum_XLOC_003598,THP1,0.0,0.06794893341165778
Hum_XLOC_003626,THP1,0.0,0.08154727936624714
Hum_XLOC_003628,THP1,1.0,0.06290526434273165
Hum_XLOC_003630,THP1,0.0,0.08950027506293032
Hum_XLOC_003641,THP1,0.0,0.10477721207827578
Hum_XLOC_003662,THP1,0.0,0.07823083480600071
Hum_XLOC_003665,THP1,0.0,0.10952233640683638
Hum_XLOC_003672,THP1,0.0,0.0966171037708931
Hum_XLOC_003673,THP1,0.0,0.08616616269165524
Hum_XLOC_003674,THP1,0.0,0.0772952235940756
Hum_XLOC_003676,THP1,0.0,0.08941963923214473
Hum_XLOC_003686,THP1,0.0,0.07981751241593975
Hum_XLOC_003697,THP1,0.0,0.07982992939718567
Hum_XLOC_003717,THP1,0.0,0.0780559552763089
Hum_XLOC_003725,THP1,0.0,0.10918906937455751
Hum_XLOC_003743,THP1,0.0,0.08847043464210111
Hum_XLOC_003754,THP1,0.0,0.10854563081801415
Hum_XLOC_003766,THP1,0.0,0.10318375875015255
Hum_XLOC_003775,THP1,0.0,0.10802818583343672
Hum_XLOC_003790,THP1,0.0,0.08952090302246787
Hum_XLOC_003799,THP1,0.0,0.07701256657753783
Hum_XLOC_003853,THP1,0.0,0.055004346250126394
Hum_XLOC_003865,THP1,0.0,0.11030233940619481
Hum_XLOC_003871,THP1,0.0,0.08211678007640778
Hum_XLOC_003891,THP1,0.0,0.10221988138541108
Hum_XLOC_003892,THP1,1.0,0.10199689572205245
Hum_XLOC_003910,THP1,0.0,0.1258139434835753
Hum_XLOC_003911,THP1,0.0,0.13857001358999502
Hum_XLOC_003952,THP1,0.0,0.08665292831935685
Hum_XLOC_003971,THP1,0.0,0.08741105563272716
Hum_XLOC_003988,THP1,0.0,0.06674505570123268
Hum_XLOC_004020,THP1,0.0,0.06975186919803265
Hum_XLOC_004035,THP1,0.0,0.08002630168874685
Hum_XLOC_004036,THP1,0.0,0.11411448220257937
Hum_XLOC_004048,THP1,0.0,0.0667192526055877
Hum_XLOC_004068,THP1,0.0,0.08345976746808786
Hum_XLOC_004069,THP1,0.0,0.07984763843817798
Hum_XLOC_004095,THP1,0.0,0.135334423167709
Hum_XLOC_004096,THP1,0.0,0.10751769563392985
Hum_XLOC_004116,THP1,0.0,0.10546175792791215
Hum_XLOC_004123,THP1,0.0,0.09225089548517725
Hum_XLOC_004134,THP1,0.0,0.06694630136873765
Hum_XLOC_004161,THP1,0.0,0.08798908886605236
Hum_XLOC_004168,THP1,0.0,0.08810082633147186
Hum_XLOC_004169,THP1,0.0,0.09971508741683395
Hum_XLOC_004177,THP1,0.0,0.09863283345969102
Hum_XLOC_004200,THP1,0.0,0.08309128400646955
Hum_XLOC_004201,THP1,0.0,0.06500957403771211
Hum_XLOC_004219,THP1,0.0,0.07055161629357992
Hum_XLOC_004226,THP1,0.0,0.08359028053134722
Hum_XLOC_004227,THP1,0.0,0.08370767345886072
Hum_XLOC_004236,THP1,0.0,0.06831072419110246
Hum_XLOC_004254,THP1,1.0,0.11265812281851637
Hum_XLOC_004255,THP1,0.0,0.08860108397880952
Hum_XLOC_004262,THP1,1.0,0.10115882222610954
Hum_XLOC_004269,THP1,0.0,0.06842276201603772
Hum_XLOC_004277,THP1,0.0,0.07738503989643437
Hum_XLOC_004278,THP1,0.0,0.09213697957023521
Hum_XLOC_004282,THP1,0.0,0.08316826673595439
Hum_XLOC_004287,THP1,0.0,0.06770077259794048
Hum_XLOC_004293,THP1,0.0,0.08990277545558227
Hum_XLOC_004302,THP1,0.0,0.09085950766750726
Hum_XLOC_004303,THP1,0.0,0.0709617777838352
Hum_XLOC_004306,THP1,0.0,0.08048986034609641
Hum_XLOC_004309,THP1,0.0,0.1105674612641086
Hum_XLOC_004314,THP1,0.0,0.07978580872312907
Hum_XLOC_004317,THP1,0.0,0.09653198671220077
Hum_XLOC_004336,THP1,1.0,0.08689335414551681
Hum_XLOC_004343,THP1,0.0,0.08115170969458309
Hum_XLOC_004350,THP1,0.0,0.07070217052425243
Hum_XLOC_004361,THP1,0.0,0.08721680151039485
Hum_XLOC_004363,THP1,0.0,0.05731089425001489
Hum_XLOC_004401,THP1,0.0,0.07267751395837055
Hum_XLOC_004405,THP1,0.0,0.07080291372431069
Hum_XLOC_004407,THP1,0.0,0.06987021244715078
Hum_XLOC_004424,THP1,0.0,0.1390464460766765
Hum_XLOC_004437,THP1,0.0,0.08022702927249539
Hum_XLOC_004446,THP1,0.0,0.09691231793309069
Hum_XLOC_004457,THP1,0.0,0.10234063252095228
Hum_XLOC_004482,THP1,0.0,0.09628787638190918
Hum_XLOC_004502,THP1,0.0,0.06575120006834752
Hum_XLOC_004515,THP1,0.0,0.06549140150941964
Hum_XLOC_004529,THP1,0.0,0.08235091585487607
Hum_XLOC_004535,THP1,0.0,0.07605332795376456
Hum_XLOC_004553,THP1,0.0,0.07722568051898496
Hum_XLOC_004566,THP1,0.0,0.08450434113787221
Hum_XLOC_004567,THP1,0.0,0.09078975378974662
Hum_XLOC_004572,THP1,1.0,0.10954708083051837
Hum_XLOC_004578,THP1,0.0,0.08041406062483855
Hum_XLOC_004580,THP1,0.0,0.0764313756604949
Hum_XLOC_004581,THP1,0.0,0.0992405432283828
Hum_XLOC_004587,THP1,0.0,0.08853438683695046
Hum_XLOC_004600,THP1,0.0,0.11374473880431019
Hum_XLOC_004601,THP1,0.0,0.08510416178721593
Hum_XLOC_004607,THP1,0.0,0.10256607103364682
Hum_XLOC_004617,THP1,0.0,0.10245672898814269
Hum_XLOC_004619,THP1,0.0,0.09199798393019758
Hum_XLOC_004620,THP1,0.0,0.12797868572934626
Hum_XLOC_004632,THP1,0.0,0.08770784591466602
Hum_XLOC_004636,THP1,0.0,0.10235893893275307
Hum_XLOC_004652,THP1,0.0,0.08545835382599357
Hum_XLOC_004653,THP1,0.0,0.08720789373914481
Hum_XLOC_004657,THP1,0.0,0.10735728774626441
Hum_XLOC_004661,THP1,0.0,0.06863725266044599
Hum_XLOC_004683,THP1,0.0,0.05223827826629067
Hum_XLOC_004684,THP1,0.0,0.09541493282212132
Hum_XLOC_004688,THP1,0.0,0.07214366532654047
Hum_XLOC_004689,THP1,0.0,0.07327804071653626
Hum_XLOC_004705,THP1,0.0,0.11551554206697302
Hum_XLOC_004717,THP1,0.0,0.09719692263441236
Hum_XLOC_004718,THP1,0.0,0.07736909354354737
Hum_XLOC_004733,THP1,0.0,0.08143366462932641
Hum_XLOC_004741,THP1,0.0,0.10728433326176641
Hum_XLOC_004762,THP1,0.0,0.11336765541878295
Hum_XLOC_004771,THP1,0.0,0.10941012278505956
Hum_XLOC_004777,THP1,0.0,0.0798383829774084
Hum_XLOC_004788,THP1,0.0,0.07764875354444634
Hum_XLOC_004791,THP1,0.0,0.0684528738156077
Hum_XLOC_004795,THP1,0.0,0.09383536306637612
Hum_XLOC_004803,THP1,0.0,0.08939527699839765
Hum_XLOC_004805,THP1,0.0,0.07442677452686808
Hum_XLOC_004813,THP1,0.0,0.09249783956060617
Hum_XLOC_004815,THP1,0.0,0.1070309600848682
Hum_XLOC_004822,THP1,0.0,0.0685168212841868
Hum_XLOC_004823,THP1,0.0,0.06493433367890365
Hum_XLOC_004827,THP1,0.0,0.0694761061169551
Hum_XLOC_004837,THP1,0.0,0.08723889259091773
Hum_XLOC_004839,THP1,0.0,0.078151465581914
Hum_XLOC_004855,THP1,0.0,0.08685784797041118
Hum_XLOC_004874,THP1,0.0,0.07689215140284802
Hum_XLOC_004875,THP1,0.0,0.06815344399936073
Hum_XLOC_004878,THP1,0.0,0.0731926810477379
Hum_XLOC_004884,THP1,0.0,0.06421471267170385
Hum_XLOC_004911,THP1,0.0,0.10029849492381826
Hum_XLOC_004915,THP1,1.0,0.11034378961765015
Hum_XLOC_004927,THP1,0.0,0.10135882489008356
Hum_XLOC_004929,THP1,0.0,0.12469592842486661
Hum_XLOC_004936,THP1,0.0,0.08310119980598639
Hum_XLOC_004957,THP1,0.0,0.06885474079108134
Hum_XLOC_004960,THP1,0.0,0.08056521868013194
Hum_XLOC_004965,THP1,0.0,0.07350148204280184
