target,cell_line,y_true,y_pred_proba
Hum_XLOC_000006,HAP1,0.0,0.08002223418880973
Hum_XLOC_000008,HAP1,0.0,0.08259403311158518
Hum_XLOC_000016,HAP1,0.0,0.03943769551885715
Hum_XLOC_000030,HAP1,0.0,0.0
Hum_XLOC_000033,HAP1,0.0,0.0
Hum_XLOC_000039,HAP1,0.0,0.0
Hum_XLOC_000053,HAP1,0.0,0.0
Hum_XLOC_000057,HAP1,0.0,0.0
Hum_XLOC_000060,HAP1,0.0,0.039315542601752386
Hum_XLOC_000080,HAP1,0.0,0.12009474343682787
Hum_XLOC_000094,HAP1,0.0,0.0791994732987479
Hum_XLOC_000100,HAP1,0.0,0.0
Hum_XLOC_000105,HAP1,0.0,0.11938511771576271
Hum_XLOC_000107,HAP1,1.0,0.08294571706688583
Hum_XLOC_000111,HAP1,0.0,0.03946168502059407
Hum_XLOC_000134,HAP1,0.0,0.0
Hum_XLOC_000143,HAP1,0.0,0.03993746987537248
Hum_XLOC_000145,HAP1,0.0,0.11938285103809904
Hum_XLOC_000149,HAP1,0.0,0.0
Hum_XLOC_000155,HAP1,1.0,0.07995954056374639
Hum_XLOC_000169,HAP1,0.0,0.0800972603984164
Hum_XLOC_000170,HAP1,0.0,0.039621441485854544
Hum_XLOC_000194,HAP1,0.0,0.03881216161571273
Hum_XLOC_000201,HAP1,0.0,0.03997374140864924
Hum_XLOC_000231,HAP1,0.0,0.03893041960506398
Hum_XLOC_000233,HAP1,0.0,0.0395793839764284
Hum_XLOC_000245,HAP1,0.0,0.0
Hum_XLOC_000247,HAP1,0.0,0.0
Hum_XLOC_000248,HAP1,0.0,0.0
Hum_XLOC_000265,HAP1,0.0,0.0
Hum_XLOC_000282,HAP1,0.0,0.0
Hum_XLOC_000286,HAP1,0.0,0.03961243843371677
Hum_XLOC_000292,HAP1,0.0,0.039467325616556935
Hum_XLOC_000307,HAP1,1.0,0.0
Hum_XLOC_000308,HAP1,0.0,0.03932658845879409
Hum_XLOC_000312,HAP1,0.0,0.0
Hum_XLOC_000314,HAP1,0.0,0.07816240049850778
Hum_XLOC_000317,HAP1,0.0,0.039779654403468846
Hum_XLOC_000319,HAP1,0.0,0.03980551389754978
Hum_XLOC_000332,HAP1,0.0,0.0
Hum_XLOC_000338,HAP1,0.0,0.07914852934757641
Hum_XLOC_000342,HAP1,0.0,0.03937288887113607
Hum_XLOC_000345,HAP1,0.0,0.0
Hum_XLOC_000362,HAP1,0.0,0.03939973542663364
Hum_XLOC_000377,HAP1,0.0,0.038597055719650275
Hum_XLOC_000390,HAP1,0.0,0.0
Hum_XLOC_000394,HAP1,0.0,0.03949717457680124
Hum_XLOC_000411,HAP1,0.0,0.04318947685392097
Hum_XLOC_000415,HAP1,0.0,0.039130286583328275
Hum_XLOC_000430,HAP1,0.0,0.08012528978226019
Hum_XLOC_000436,HAP1,0.0,0.04115379387141922
Hum_XLOC_000437,HAP1,0.0,0.07952240462966384
Hum_XLOC_000456,HAP1,0.0,0.08038499676196487
Hum_XLOC_000461,HAP1,0.0,0.0
Hum_XLOC_000462,HAP1,0.0,0.039787305633098166
Hum_XLOC_000465,HAP1,0.0,0.081031384586571
Hum_XLOC_000472,HAP1,0.0,0.0
Hum_XLOC_000474,HAP1,0.0,0.03994874778759608
Hum_XLOC_000478,HAP1,0.0,0.03949878208824517
Hum_XLOC_000486,HAP1,0.0,0.08034777860623978
Hum_XLOC_000490,HAP1,0.0,0.0399983456069015
Hum_XLOC_000498,HAP1,0.0,0.0
Hum_XLOC_000500,HAP1,0.0,0.0
Hum_XLOC_000510,HAP1,0.0,0.04058889535364054
Hum_XLOC_000535,HAP1,0.0,0.0399840674426279
Hum_XLOC_000540,HAP1,0.0,0.0
Hum_XLOC_000556,HAP1,0.0,0.039779758045259295
Hum_XLOC_000574,HAP1,0.0,0.03951022514205147
Hum_XLOC_000575,HAP1,0.0,0.03971484662670562
Hum_XLOC_000582,HAP1,0.0,0.03933397687259605
Hum_XLOC_000590,HAP1,0.0,0.07954489901213747
Hum_XLOC_000601,HAP1,0.0,0.0
Hum_XLOC_000604,HAP1,0.0,0.0
Hum_XLOC_000608,HAP1,0.0,0.0
Hum_XLOC_000612,HAP1,0.0,0.0
Hum_XLOC_000636,HAP1,0.0,0.1200378674578858
Hum_XLOC_000638,HAP1,0.0,0.0
Hum_XLOC_000641,HAP1,0.0,0.040079746900412536
Hum_XLOC_000655,HAP1,0.0,0.07873568630277064
Hum_XLOC_000668,HAP1,0.0,0.08083492301388348
Hum_XLOC_000680,HAP1,0.0,0.04072418541229212
Hum_XLOC_000681,HAP1,0.0,0.12064356127947408
Hum_XLOC_000695,HAP1,0.0,0.0789868799871989
Hum_XLOC_000702,HAP1,0.0,0.08036114596765587
Hum_XLOC_000726,HAP1,0.0,0.03954448148095281
Hum_XLOC_000727,HAP1,0.0,0.0
Hum_XLOC_000758,HAP1,0.0,0.03977198449035135
Hum_XLOC_000773,HAP1,0.0,0.03963522927667251
Hum_XLOC_000774,HAP1,0.0,0.03986734802364427
Hum_XLOC_000797,HAP1,0.0,0.08618703922505723
Hum_XLOC_000799,HAP1,0.0,0.0
Hum_XLOC_000800,HAP1,0.0,0.07961775891906207
Hum_XLOC_000807,HAP1,0.0,0.03982851973712766
Hum_XLOC_000818,HAP1,0.0,0.03968867485536606
Hum_XLOC_000828,HAP1,0.0,0.07951668426745699
Hum_XLOC_000831,HAP1,0.0,0.04017567816952886
Hum_XLOC_000835,HAP1,0.0,0.11975191858992405
Hum_XLOC_000840,HAP1,0.0,0.03997107870883363
Hum_XLOC_000841,HAP1,0.0,0.0812320291146722
Hum_XLOC_000842,HAP1,0.0,0.0
Hum_XLOC_000854,HAP1,0.0,0.11916752916168605
Hum_XLOC_000855,HAP1,0.0,0.04088640462662107
Hum_XLOC_000883,HAP1,0.0,0.040676484352623755
Hum_XLOC_000885,HAP1,0.0,0.08066319494134858
Hum_XLOC_000905,HAP1,0.0,0.08021507999565594
Hum_XLOC_000917,HAP1,0.0,0.04025396700224228
Hum_XLOC_000925,HAP1,0.0,0.08001119406195269
Hum_XLOC_000944,HAP1,0.0,0.03946538778011493
Hum_XLOC_000949,HAP1,0.0,0.0
Hum_XLOC_000953,HAP1,0.0,0.039561940022575084
Hum_XLOC_000964,HAP1,0.0,0.08034239488369048
Hum_XLOC_000990,HAP1,0.0,0.07773493298519168
Hum_XLOC_000994,HAP1,0.0,0.0
Hum_XLOC_001020,HAP1,0.0,0.0
Hum_XLOC_001029,HAP1,0.0,0.08075324173246728
Hum_XLOC_001066,HAP1,1.0,0.04004341770240447
Hum_XLOC_001120,HAP1,0.0,0.08037214201709862
Hum_XLOC_001121,HAP1,0.0,0.11663922974722932
Hum_XLOC_001122,HAP1,0.0,0.04111673304848397
Hum_XLOC_001125,HAP1,0.0,0.07979128473099942
Hum_XLOC_001132,HAP1,0.0,0.0
Hum_XLOC_001138,HAP1,0.0,0.04188779448302094
Hum_XLOC_001144,HAP1,0.0,0.03990355507340107
Hum_XLOC_001146,HAP1,0.0,0.03958517912299349
Hum_XLOC_001188,HAP1,0.0,0.0794272679431058
Hum_XLOC_001191,HAP1,0.0,0.040384990581804434
Hum_XLOC_001192,HAP1,0.0,0.07705681960659223
Hum_XLOC_001217,HAP1,0.0,0.0
Hum_XLOC_001222,HAP1,0.0,0.08079462382356904
Hum_XLOC_001228,HAP1,0.0,0.03985538729321267
Hum_XLOC_001230,HAP1,0.0,0.08001342732042784
Hum_XLOC_001237,HAP1,0.0,0.08143179489357434
Hum_XLOC_001243,HAP1,0.0,0.04055511241864178
Hum_XLOC_001275,HAP1,0.0,0.08058716259673077
Hum_XLOC_001279,HAP1,0.0,0.03925042835821399
Hum_XLOC_001291,HAP1,0.0,0.04121343347050291
Hum_XLOC_001296,HAP1,0.0,0.0
Hum_XLOC_001297,HAP1,0.0,0.07774528417250136
Hum_XLOC_001309,HAP1,0.0,0.0
Hum_XLOC_001329,HAP1,0.0,0.03982625830404244
Hum_XLOC_001330,HAP1,0.0,0.0398598636049346
Hum_XLOC_001355,HAP1,0.0,0.03967192739750434
Hum_XLOC_001366,HAP1,0.0,0.08066543825853131
Hum_XLOC_001367,HAP1,0.0,0.03977250625709823
Hum_XLOC_001375,HAP1,0.0,0.03950156902136462
Hum_XLOC_001390,HAP1,0.0,0.08013304347026202
Hum_XLOC_001405,HAP1,0.0,0.08088602135732195
Hum_XLOC_001461,HAP1,0.0,0.0
Hum_XLOC_001465,HAP1,0.0,0.08167077067770401
Hum_XLOC_001488,HAP1,0.0,0.0
Hum_XLOC_001490,HAP1,0.0,0.0
Hum_XLOC_001509,HAP1,0.0,0.04074767032994139
Hum_XLOC_001516,HAP1,0.0,0.03917718408840319
Hum_XLOC_001532,HAP1,0.0,0.160045626231544
Hum_XLOC_001539,HAP1,0.0,0.12057677887358344
Hum_XLOC_001541,HAP1,0.0,0.0811883261997552
Hum_XLOC_001542,HAP1,0.0,0.0
Hum_XLOC_001548,HAP1,1.0,0.04091583729211623
Hum_XLOC_001559,HAP1,0.0,0.08147920783562153
Hum_XLOC_001565,HAP1,0.0,0.0
Hum_XLOC_001566,HAP1,0.0,0.0
Hum_XLOC_001575,HAP1,0.0,0.0
Hum_XLOC_001580,HAP1,0.0,0.120431756343929
Hum_XLOC_001590,HAP1,0.0,0.04055428594839367
Hum_XLOC_001615,HAP1,0.0,0.03940207665440491
Hum_XLOC_001624,HAP1,0.0,0.0
Hum_XLOC_001639,HAP1,0.0,0.0
Hum_XLOC_001661,HAP1,0.0,0.039710269435515776
Hum_XLOC_001666,HAP1,0.0,0.0
Hum_XLOC_001668,HAP1,0.0,0.07950120029224021
Hum_XLOC_001688,HAP1,0.0,0.08221673553218552
Hum_XLOC_001689,HAP1,0.0,0.0
Hum_XLOC_001695,HAP1,0.0,0.0
Hum_XLOC_001696,HAP1,0.0,0.0
Hum_XLOC_001698,HAP1,0.0,0.0
Hum_XLOC_001707,HAP1,0.0,0.03937537562856796
Hum_XLOC_001760,HAP1,0.0,0.08158160420012434
Hum_XLOC_001761,HAP1,0.0,0.07938904252158212
Hum_XLOC_001773,HAP1,0.0,0.04020606834185808
Hum_XLOC_001775,HAP1,0.0,0.08309168063564136
Hum_XLOC_001779,HAP1,0.0,0.0
Hum_XLOC_001783,HAP1,0.0,0.07956653568388924
Hum_XLOC_001791,HAP1,0.0,0.08074236039066292
Hum_XLOC_001805,HAP1,0.0,0.0
Hum_XLOC_001809,HAP1,0.0,0.03980668560603649
Hum_XLOC_001848,HAP1,0.0,0.11948960335874684
Hum_XLOC_001919,HAP1,1.0,0.0
Hum_XLOC_001941,HAP1,0.0,0.03996167303920049
Hum_XLOC_001942,HAP1,0.0,0.07998136969322804
Hum_XLOC_001949,HAP1,0.0,0.03918052738015669
Hum_XLOC_001950,HAP1,0.0,0.11998884281530767
Hum_XLOC_001953,HAP1,0.0,0.08139359103788979
Hum_XLOC_001957,HAP1,0.0,0.0789821701246659
Hum_XLOC_001961,HAP1,0.0,0.03960958603353811
Hum_XLOC_001969,HAP1,0.0,0.07770177128900173
Hum_XLOC_002024,HAP1,0.0,0.039247741269868
Hum_XLOC_002028,HAP1,0.0,0.0
Hum_XLOC_002033,HAP1,0.0,0.0781395596704986
Hum_XLOC_002036,HAP1,0.0,0.0
Hum_XLOC_002037,HAP1,0.0,0.0
Hum_XLOC_002041,HAP1,0.0,0.040542254329340825
Hum_XLOC_002059,HAP1,0.0,0.0
Hum_XLOC_002061,HAP1,0.0,0.0
Hum_XLOC_002068,HAP1,0.0,0.04142896879454896
Hum_XLOC_002081,HAP1,0.0,0.0
Hum_XLOC_002093,HAP1,0.0,0.03985025894287592
Hum_XLOC_002099,HAP1,0.0,0.04035002696555737
Hum_XLOC_002144,HAP1,0.0,0.1197894533052799
Hum_XLOC_002150,HAP1,0.0,0.03973949951701569
Hum_XLOC_002152,HAP1,0.0,0.03986273311140235
Hum_XLOC_002154,HAP1,0.0,0.04032468298930813
Hum_XLOC_002169,HAP1,0.0,0.0817235412528615
Hum_XLOC_002170,HAP1,0.0,0.03889745053035136
Hum_XLOC_002176,HAP1,0.0,0.03931371806514321
Hum_XLOC_002178,HAP1,0.0,0.11990323231340294
Hum_XLOC_002186,HAP1,1.0,0.0
Hum_XLOC_002204,HAP1,0.0,0.08019690683642021
Hum_XLOC_002205,HAP1,0.0,0.08055861454913883
Hum_XLOC_002219,HAP1,0.0,0.08118977989775257
Hum_XLOC_002244,HAP1,0.0,0.11935217966476235
Hum_XLOC_002252,HAP1,0.0,0.0387826998601589
Hum_XLOC_002261,HAP1,0.0,0.043167962816762245
Hum_XLOC_002262,HAP1,0.0,0.0
Hum_XLOC_002265,HAP1,0.0,0.0
Hum_XLOC_002271,HAP1,0.0,0.0792227331693153
Hum_XLOC_002280,HAP1,0.0,0.04044701392840828
Hum_XLOC_002282,HAP1,1.0,0.07793128507303596
Hum_XLOC_002283,HAP1,0.0,0.039235646179838206
Hum_XLOC_002284,HAP1,0.0,0.0
Hum_XLOC_002294,HAP1,0.0,0.039058194235627834
Hum_XLOC_002296,HAP1,0.0,0.04101307587055519
Hum_XLOC_002299,HAP1,0.0,0.04009553470864129
Hum_XLOC_002301,HAP1,0.0,0.0
Hum_XLOC_002306,HAP1,0.0,0.0
Hum_XLOC_002311,HAP1,0.0,0.11688822993462701
Hum_XLOC_002313,HAP1,1.0,0.0
Hum_XLOC_002314,HAP1,1.0,0.0408756409366106
Hum_XLOC_002327,HAP1,0.0,0.11966344964074799
Hum_XLOC_002330,HAP1,0.0,0.0
Hum_XLOC_002338,HAP1,0.0,0.038787689078715326
Hum_XLOC_002344,HAP1,0.0,0.040951459421033155
Hum_XLOC_002347,HAP1,0.0,0.0
Hum_XLOC_002348,HAP1,0.0,0.07979950987681765
Hum_XLOC_002362,HAP1,0.0,0.040539756212420106
Hum_XLOC_002364,HAP1,0.0,0.08025333317973277
Hum_XLOC_002383,HAP1,0.0,0.03988813352098841
Hum_XLOC_002386,HAP1,0.0,0.0399052861331896
Hum_XLOC_002390,HAP1,0.0,0.0
Hum_XLOC_002394,HAP1,0.0,0.079755161600815
Hum_XLOC_002398,HAP1,0.0,0.03920126993159194
Hum_XLOC_002399,HAP1,0.0,0.0
Hum_XLOC_002408,HAP1,0.0,0.03905612971722716
Hum_XLOC_002414,HAP1,0.0,0.07975703479946586
Hum_XLOC_002418,HAP1,0.0,0.0
Hum_XLOC_002435,HAP1,1.0,0.08139143822597604
Hum_XLOC_002440,HAP1,0.0,0.039526797002581736
Hum_XLOC_002489,HAP1,0.0,0.1159351743133645
Hum_XLOC_002490,HAP1,0.0,0.0
Hum_XLOC_002493,HAP1,0.0,0.07991571519077267
Hum_XLOC_002520,HAP1,0.0,0.0
Hum_XLOC_002524,HAP1,0.0,0.0
Hum_XLOC_002546,HAP1,0.0,0.0
Hum_XLOC_002560,HAP1,0.0,0.0
Hum_XLOC_002570,HAP1,0.0,0.0
Hum_XLOC_002577,HAP1,0.0,0.03706841872599605
Hum_XLOC_002579,HAP1,0.0,0.0
Hum_XLOC_002586,HAP1,0.0,0.0
Hum_XLOC_002589,HAP1,0.0,0.040402181972183836
Hum_XLOC_002629,HAP1,0.0,0.039648832212405935
Hum_XLOC_002631,HAP1,0.0,0.07840591621286701
Hum_XLOC_002635,HAP1,0.0,0.12018305124347416
Hum_XLOC_002644,HAP1,0.0,0.03926282149675133
Hum_XLOC_002646,HAP1,0.0,0.0
Hum_XLOC_002653,HAP1,0.0,0.041032461600538195
Hum_XLOC_002681,HAP1,0.0,0.0
Hum_XLOC_002695,HAP1,0.0,0.03990309459881957
Hum_XLOC_002702,HAP1,0.0,0.03969772281381507
Hum_XLOC_002705,HAP1,0.0,0.03982820131787301
Hum_XLOC_002711,HAP1,0.0,0.0
Hum_XLOC_002714,HAP1,0.0,0.0
Hum_XLOC_002717,HAP1,0.0,0.03934592476487514
Hum_XLOC_002725,HAP1,0.0,0.0
Hum_XLOC_002741,HAP1,0.0,0.0
Hum_XLOC_002742,HAP1,1.0,0.04004592790319309
Hum_XLOC_002744,HAP1,0.0,0.0
Hum_XLOC_002760,HAP1,0.0,0.038825125108994524
Hum_XLOC_002788,HAP1,0.0,0.0
Hum_XLOC_002792,HAP1,0.0,0.0
Hum_XLOC_002796,HAP1,0.0,0.039816030532531715
Hum_XLOC_002817,HAP1,0.0,0.040399216960039695
Hum_XLOC_002836,HAP1,1.0,0.1630763166753805
Hum_XLOC_002844,HAP1,0.0,0.040957704829785
Hum_XLOC_002845,HAP1,0.0,0.07947405840315347
Hum_XLOC_002859,HAP1,0.0,0.12204038879243015
Hum_XLOC_002889,HAP1,0.0,0.0
Hum_XLOC_002911,HAP1,0.0,0.0
Hum_XLOC_002935,HAP1,0.0,0.040700666042200746
Hum_XLOC_002937,HAP1,0.0,0.11967486386677613
Hum_XLOC_002967,HAP1,0.0,0.04115843786404573
Hum_XLOC_002983,HAP1,0.0,0.038781064877148615
Hum_XLOC_002986,HAP1,0.0,0.0
Hum_XLOC_002990,HAP1,0.0,0.0397608986719112
Hum_XLOC_003039,HAP1,0.0,0.12048043854104243
Hum_XLOC_003061,HAP1,0.0,0.03942328971867756
Hum_XLOC_003086,HAP1,0.0,0.03954984067112557
Hum_XLOC_003099,HAP1,0.0,0.03964332400754327
Hum_XLOC_003109,HAP1,0.0,0.0
Hum_XLOC_003128,HAP1,0.0,0.040570022660020626
Hum_XLOC_003134,HAP1,0.0,0.07971219359394764
Hum_XLOC_003137,HAP1,0.0,0.08245623096083293
Hum_XLOC_003154,HAP1,0.0,0.0
Hum_XLOC_003155,HAP1,0.0,0.0
Hum_XLOC_003171,HAP1,0.0,0.0
Hum_XLOC_003209,HAP1,0.0,0.0
Hum_XLOC_003215,HAP1,0.0,0.040511012345968066
Hum_XLOC_003221,HAP1,0.0,0.0
Hum_XLOC_003232,HAP1,0.0,0.0401417421664238
Hum_XLOC_003268,HAP1,1.0,0.03985961173945236
Hum_XLOC_003269,HAP1,0.0,0.07986688642004179
Hum_XLOC_003286,HAP1,0.0,0.04027984859163143
Hum_XLOC_003290,HAP1,0.0,0.0
Hum_XLOC_003294,HAP1,0.0,0.0
Hum_XLOC_003321,HAP1,0.0,0.04011637440460012
Hum_XLOC_003324,HAP1,0.0,0.0428678155599346
Hum_XLOC_003334,HAP1,0.0,0.03897936176898513
Hum_XLOC_003337,HAP1,0.0,0.03958503270661254
Hum_XLOC_003338,HAP1,0.0,0.04039074795517695
Hum_XLOC_003352,HAP1,0.0,0.0
Hum_XLOC_003357,HAP1,0.0,0.03970498560668484
Hum_XLOC_003361,HAP1,0.0,0.08076164841905453
Hum_XLOC_003371,HAP1,0.0,0.11966690661584681
Hum_XLOC_003381,HAP1,0.0,0.0424851593444473
Hum_XLOC_003408,HAP1,0.0,0.07927853381827953
Hum_XLOC_003436,HAP1,0.0,0.0
Hum_XLOC_003440,HAP1,0.0,0.03998189722249797
Hum_XLOC_003450,HAP1,0.0,0.07832239422127957
Hum_XLOC_003466,HAP1,0.0,0.0
Hum_XLOC_003488,HAP1,0.0,0.07887915043890607
Hum_XLOC_003491,HAP1,0.0,0.07806396774532351
Hum_XLOC_003497,HAP1,0.0,0.040473919562192595
Hum_XLOC_003498,HAP1,0.0,0.03987173362573336
Hum_XLOC_003502,HAP1,0.0,0.08020555477348083
Hum_XLOC_003518,HAP1,0.0,0.07941814211171694
Hum_XLOC_003532,HAP1,0.0,0.0
Hum_XLOC_003543,HAP1,0.0,0.0
Hum_XLOC_003554,HAP1,1.0,0.11805738380248809
Hum_XLOC_003563,HAP1,0.0,0.07883676168332861
Hum_XLOC_003567,HAP1,0.0,0.03996933995211568
Hum_XLOC_003568,HAP1,0.0,0.0799286395497114
Hum_XLOC_003570,HAP1,0.0,0.0
Hum_XLOC_003571,HAP1,0.0,0.07974431558900702
Hum_XLOC_003593,HAP1,0.0,0.03986611605654465
Hum_XLOC_003594,HAP1,0.0,0.07897559685985306
Hum_XLOC_003598,HAP1,0.0,0.0
Hum_XLOC_003626,HAP1,0.0,0.0
Hum_XLOC_003628,HAP1,0.0,0.04161553283177601
Hum_XLOC_003630,HAP1,0.0,0.07958845380855718
Hum_XLOC_003641,HAP1,0.0,0.08029138536879656
Hum_XLOC_003662,HAP1,0.0,0.04085250238023905
Hum_XLOC_003665,HAP1,0.0,0.0
Hum_XLOC_003672,HAP1,0.0,0.0
Hum_XLOC_003673,HAP1,0.0,0.04032291502683421
Hum_XLOC_003674,HAP1,0.0,0.039402103424499194
Hum_XLOC_003676,HAP1,0.0,0.0
Hum_XLOC_003686,HAP1,0.0,0.0
Hum_XLOC_003697,HAP1,0.0,0.07896149222848735
Hum_XLOC_003717,HAP1,0.0,0.079642262234941
Hum_XLOC_003725,HAP1,0.0,0.08029765802480045
Hum_XLOC_003743,HAP1,0.0,0.04073612088911212
Hum_XLOC_003754,HAP1,0.0,0.0
Hum_XLOC_003766,HAP1,0.0,0.0
Hum_XLOC_003775,HAP1,0.0,0.0
Hum_XLOC_003790,HAP1,0.0,0.0
Hum_XLOC_003799,HAP1,0.0,0.0797815758949811
Hum_XLOC_003853,HAP1,0.0,0.039593474414540544
Hum_XLOC_003865,HAP1,0.0,0.044465065015418366
Hum_XLOC_003871,HAP1,0.0,0.08145265005203708
Hum_XLOC_003891,HAP1,0.0,0.0
Hum_XLOC_003892,HAP1,0.0,0.0411445953160348
Hum_XLOC_003910,HAP1,0.0,0.0
Hum_XLOC_003911,HAP1,0.0,0.0
Hum_XLOC_003952,HAP1,0.0,0.039901147799923785
Hum_XLOC_003971,HAP1,0.0,0.08040634864416776
Hum_XLOC_003988,HAP1,0.0,0.04172618136972659
Hum_XLOC_004020,HAP1,0.0,0.08077897104366336
Hum_XLOC_004035,HAP1,0.0,0.03893294213952793
Hum_XLOC_004036,HAP1,0.0,0.0
Hum_XLOC_004048,HAP1,0.0,0.08011477593115596
Hum_XLOC_004068,HAP1,0.0,0.08063404775058379
Hum_XLOC_004069,HAP1,0.0,0.0
Hum_XLOC_004095,HAP1,0.0,0.04085625755892235
Hum_XLOC_004096,HAP1,0.0,0.0
Hum_XLOC_004116,HAP1,1.0,0.0
Hum_XLOC_004123,HAP1,0.0,0.0782432006043422
Hum_XLOC_004134,HAP1,0.0,0.039418499082870394
Hum_XLOC_004161,HAP1,0.0,0.07999296192179503
Hum_XLOC_004168,HAP1,0.0,0.08385202556204806
Hum_XLOC_004169,HAP1,0.0,0.040012233745325775
Hum_XLOC_004177,HAP1,0.0,0.08134922646331574
Hum_XLOC_004200,HAP1,0.0,0.11962714349774724
Hum_XLOC_004201,HAP1,0.0,0.03997051138466649
Hum_XLOC_004219,HAP1,0.0,0.08093766790421852
Hum_XLOC_004226,HAP1,0.0,0.03957925951170711
Hum_XLOC_004227,HAP1,0.0,0.07993650460855538
Hum_XLOC_004236,HAP1,1.0,0.07793283238816329
Hum_XLOC_004254,HAP1,1.0,0.07927690349854509
Hum_XLOC_004255,HAP1,0.0,0.04019224170376158
Hum_XLOC_004262,HAP1,1.0,0.08026368870170188
Hum_XLOC_004269,HAP1,0.0,0.04224583481402786
Hum_XLOC_004277,HAP1,0.0,0.07819945711742585
Hum_XLOC_004278,HAP1,0.0,0.039955618357411654
Hum_XLOC_004282,HAP1,0.0,0.0
Hum_XLOC_004287,HAP1,0.0,0.041965629957316924
Hum_XLOC_004293,HAP1,0.0,0.0
Hum_XLOC_004302,HAP1,0.0,0.038959254917544234
Hum_XLOC_004303,HAP1,0.0,0.039320419319126394
Hum_XLOC_004306,HAP1,0.0,0.03981343199900576
Hum_XLOC_004309,HAP1,0.0,0.0401382804495748
Hum_XLOC_004314,HAP1,0.0,0.0
Hum_XLOC_004317,HAP1,0.0,0.038942993478869536
Hum_XLOC_004336,HAP1,0.0,0.07927208483195207
Hum_XLOC_004343,HAP1,0.0,0.04039004408858209
Hum_XLOC_004350,HAP1,0.0,0.16063673495129518
Hum_XLOC_004361,HAP1,0.0,0.03990203704260247
Hum_XLOC_004363,HAP1,0.0,0.0
Hum_XLOC_004401,HAP1,0.0,0.0
Hum_XLOC_004405,HAP1,1.0,0.0
Hum_XLOC_004407,HAP1,0.0,0.041087599913585716
Hum_XLOC_004424,HAP1,0.0,0.08038259413777075
Hum_XLOC_004437,HAP1,0.0,0.039930513805798484
Hum_XLOC_004446,HAP1,0.0,0.0
Hum_XLOC_004457,HAP1,0.0,0.03971283134222111
Hum_XLOC_004482,HAP1,0.0,0.03762740197703933
Hum_XLOC_004502,HAP1,0.0,0.03987639946159843
Hum_XLOC_004515,HAP1,0.0,0.045200831989232214
Hum_XLOC_004529,HAP1,0.0,0.07995685217583225
Hum_XLOC_004535,HAP1,0.0,0.12029958547537488
Hum_XLOC_004553,HAP1,0.0,0.07951789562034856
Hum_XLOC_004566,HAP1,0.0,0.04010611418891852
Hum_XLOC_004567,HAP1,0.0,0.040338246794788174
Hum_XLOC_004572,HAP1,0.0,0.0
Hum_XLOC_004578,HAP1,0.0,0.07994891061749033
Hum_XLOC_004580,HAP1,0.0,0.08101066208135654
Hum_XLOC_004581,HAP1,0.0,0.040314035631580696
Hum_XLOC_004587,HAP1,0.0,0.0
Hum_XLOC_004600,HAP1,0.0,0.039853424704338114
Hum_XLOC_004601,HAP1,0.0,0.0
Hum_XLOC_004607,HAP1,0.0,0.07941829028729244
Hum_XLOC_004617,HAP1,0.0,0.0
Hum_XLOC_004619,HAP1,0.0,0.0
Hum_XLOC_004620,HAP1,0.0,0.0
Hum_XLOC_004632,HAP1,0.0,0.0830496320912075
Hum_XLOC_004636,HAP1,0.0,0.039305516256952173
Hum_XLOC_004652,HAP1,0.0,0.04047726165468143
Hum_XLOC_004653,HAP1,0.0,0.08266314658228104
Hum_XLOC_004657,HAP1,1.0,0.07967759981336009
Hum_XLOC_004661,HAP1,0.0,0.07963226922492733
Hum_XLOC_004683,HAP1,0.0,0.0
Hum_XLOC_004684,HAP1,0.0,0.0
Hum_XLOC_004688,HAP1,0.0,0.07974958910132046
Hum_XLOC_004689,HAP1,0.0,0.07923922073924122
Hum_XLOC_004705,HAP1,0.0,0.0
Hum_XLOC_004717,HAP1,1.0,0.04042672916025235
Hum_XLOC_004718,HAP1,0.0,0.0
Hum_XLOC_004733,HAP1,0.0,0.08075929496589437
Hum_XLOC_004741,HAP1,0.0,0.04037334624539888
Hum_XLOC_004762,HAP1,0.0,0.0
Hum_XLOC_004771,HAP1,0.0,0.039321523019369704
Hum_XLOC_004777,HAP1,0.0,0.07952427583233224
Hum_XLOC_004788,HAP1,1.0,0.12012150610386216
Hum_XLOC_004791,HAP1,1.0,0.07986443575441354
Hum_XLOC_004795,HAP1,0.0,0.08097431483859045
Hum_XLOC_004803,HAP1,0.0,0.08027800912540793
Hum_XLOC_004805,HAP1,0.0,0.038919477007983094
Hum_XLOC_004813,HAP1,0.0,0.08024843771098622
Hum_XLOC_004815,HAP1,0.0,0.08310741680734332
Hum_XLOC_004822,HAP1,0.0,0.07905234893513507
Hum_XLOC_004823,HAP1,1.0,0.08055048108457807
Hum_XLOC_004827,HAP1,0.0,0.039379410449372494
Hum_XLOC_004837,HAP1,0.0,0.08141157873357299
Hum_XLOC_004839,HAP1,0.0,0.0809834774437937
Hum_XLOC_004855,HAP1,0.0,0.0
Hum_XLOC_004874,HAP1,0.0,0.11826980680301444
Hum_XLOC_004875,HAP1,0.0,0.040716767136181185
Hum_XLOC_004878,HAP1,0.0,0.03888509857581708
Hum_XLOC_004884,HAP1,0.0,0.04005796408255503
Hum_XLOC_004911,HAP1,0.0,0.08645493840107425
Hum_XLOC_004915,HAP1,1.0,0.0797355794965797
Hum_XLOC_004927,HAP1,0.0,0.03990327148147804
Hum_XLOC_004929,HAP1,0.0,0.0
Hum_XLOC_004936,HAP1,0.0,0.0
Hum_XLOC_004957,HAP1,0.0,0.0
Hum_XLOC_004960,HAP1,0.0,0.08150502696305494
Hum_XLOC_004965,HAP1,0.0,0.04274172034548271
Hum_XLOC_000006,HEK293FT,0.0,0.08050392126871603
Hum_XLOC_000008,HEK293FT,0.0,0.07749707420977708
Hum_XLOC_000016,HEK293FT,0.0,0.0
Hum_XLOC_000030,HEK293FT,0.0,0.0
Hum_XLOC_000033,HEK293FT,0.0,0.0
Hum_XLOC_000039,HEK293FT,0.0,0.0
Hum_XLOC_000053,HEK293FT,0.0,0.04040185347440435
Hum_XLOC_000057,HEK293FT,0.0,0.0
Hum_XLOC_000060,HEK293FT,0.0,0.07829252646090047
Hum_XLOC_000080,HEK293FT,0.0,0.039950929817701764
Hum_XLOC_000094,HEK293FT,0.0,0.04016643421352124
Hum_XLOC_000100,HEK293FT,1.0,0.0
Hum_XLOC_000105,HEK293FT,0.0,0.0
Hum_XLOC_000107,HEK293FT,0.0,0.04007153953645774
Hum_XLOC_000111,HEK293FT,0.0,0.03937032105535712
Hum_XLOC_000134,HEK293FT,0.0,0.03871280428366844
Hum_XLOC_000143,HEK293FT,0.0,0.0
Hum_XLOC_000145,HEK293FT,0.0,0.07874548060630024
Hum_XLOC_000149,HEK293FT,0.0,0.07899631401705344
Hum_XLOC_000155,HEK293FT,0.0,0.08004830368922268
Hum_XLOC_000169,HEK293FT,0.0,0.0
Hum_XLOC_000170,HEK293FT,0.0,0.039610891262726974
Hum_XLOC_000194,HEK293FT,0.0,0.0
Hum_XLOC_000201,HEK293FT,0.0,0.04006886712009943
Hum_XLOC_000231,HEK293FT,0.0,0.0
Hum_XLOC_000233,HEK293FT,0.0,0.0
Hum_XLOC_000245,HEK293FT,1.0,0.0
Hum_XLOC_000247,HEK293FT,0.0,0.0
Hum_XLOC_000248,HEK293FT,0.0,0.0
Hum_XLOC_000265,HEK293FT,0.0,0.08236785954906935
Hum_XLOC_000282,HEK293FT,0.0,0.03986109658556847
Hum_XLOC_000286,HEK293FT,0.0,0.07947884826130326
Hum_XLOC_000292,HEK293FT,0.0,0.03941302658566641
Hum_XLOC_000307,HEK293FT,0.0,0.038825955733149384
Hum_XLOC_000308,HEK293FT,0.0,0.08093776522498862
Hum_XLOC_000312,HEK293FT,0.0,0.0409849626121901
Hum_XLOC_000314,HEK293FT,0.0,0.11785548922801316
Hum_XLOC_000317,HEK293FT,0.0,0.0
Hum_XLOC_000319,HEK293FT,0.0,0.0
Hum_XLOC_000332,HEK293FT,0.0,0.0
Hum_XLOC_000338,HEK293FT,0.0,0.04167998432973532
Hum_XLOC_000342,HEK293FT,0.0,0.0
Hum_XLOC_000345,HEK293FT,0.0,0.0
Hum_XLOC_000362,HEK293FT,0.0,0.041849293680615206
Hum_XLOC_000377,HEK293FT,0.0,0.0
Hum_XLOC_000390,HEK293FT,0.0,0.04008420716303792
Hum_XLOC_000394,HEK293FT,0.0,0.15942794498016585
Hum_XLOC_000411,HEK293FT,0.0,0.0392897011060637
Hum_XLOC_000415,HEK293FT,0.0,0.0
Hum_XLOC_000430,HEK293FT,0.0,0.04107800779484766
Hum_XLOC_000436,HEK293FT,0.0,0.0
Hum_XLOC_000437,HEK293FT,0.0,0.0
Hum_XLOC_000456,HEK293FT,1.0,0.12116941277296053
Hum_XLOC_000461,HEK293FT,0.0,0.03978811229369567
Hum_XLOC_000462,HEK293FT,0.0,0.04004354729926289
Hum_XLOC_000465,HEK293FT,0.0,0.0
Hum_XLOC_000472,HEK293FT,0.0,0.0
Hum_XLOC_000474,HEK293FT,0.0,0.0
Hum_XLOC_000478,HEK293FT,0.0,0.0
Hum_XLOC_000486,HEK293FT,0.0,0.0
Hum_XLOC_000490,HEK293FT,0.0,0.0
Hum_XLOC_000498,HEK293FT,0.0,0.0
Hum_XLOC_000500,HEK293FT,0.0,0.0
Hum_XLOC_000510,HEK293FT,0.0,0.0
Hum_XLOC_000535,HEK293FT,0.0,0.07915711494186947
Hum_XLOC_000540,HEK293FT,0.0,0.0
Hum_XLOC_000556,HEK293FT,0.0,0.15981227033845244
Hum_XLOC_000574,HEK293FT,0.0,0.039565912708554224
Hum_XLOC_000575,HEK293FT,0.0,0.08023265880502299
Hum_XLOC_000582,HEK293FT,0.0,0.1211260160887846
Hum_XLOC_000590,HEK293FT,0.0,0.07981425849599696
Hum_XLOC_000601,HEK293FT,0.0,0.03995240373482842
Hum_XLOC_000604,HEK293FT,0.0,0.07741178365383598
Hum_XLOC_000608,HEK293FT,1.0,0.08257516038298454
Hum_XLOC_000612,HEK293FT,0.0,0.039302536543893436
Hum_XLOC_000636,HEK293FT,0.0,0.04042805175791423
Hum_XLOC_000638,HEK293FT,0.0,0.08017293454307452
Hum_XLOC_000641,HEK293FT,0.0,0.0
Hum_XLOC_000655,HEK293FT,1.0,0.03897532676251466
Hum_XLOC_000668,HEK293FT,0.0,0.0388707232285106
Hum_XLOC_000680,HEK293FT,0.0,0.0799150119782965
Hum_XLOC_000681,HEK293FT,0.0,0.039629793986769975
Hum_XLOC_000695,HEK293FT,0.0,0.04085967707484173
Hum_XLOC_000702,HEK293FT,0.0,0.04057244572193038
Hum_XLOC_000726,HEK293FT,0.0,0.07944729558992368
Hum_XLOC_000727,HEK293FT,0.0,0.03990056487956177
Hum_XLOC_000758,HEK293FT,0.0,0.0
Hum_XLOC_000773,HEK293FT,0.0,0.0805879785720657
Hum_XLOC_000774,HEK293FT,0.0,0.16286130339072583
Hum_XLOC_000797,HEK293FT,0.0,0.03898681227250643
Hum_XLOC_000799,HEK293FT,0.0,0.0
Hum_XLOC_000800,HEK293FT,0.0,0.03864168725415169
Hum_XLOC_000807,HEK293FT,0.0,0.07925516795396198
Hum_XLOC_000818,HEK293FT,1.0,0.0
Hum_XLOC_000828,HEK293FT,0.0,0.0
Hum_XLOC_000831,HEK293FT,0.0,0.03991466937029165
Hum_XLOC_000835,HEK293FT,0.0,0.0
Hum_XLOC_000840,HEK293FT,0.0,0.0
Hum_XLOC_000841,HEK293FT,1.0,0.0
Hum_XLOC_000842,HEK293FT,0.0,0.040287343282933895
Hum_XLOC_000854,HEK293FT,0.0,0.07878541233873254
Hum_XLOC_000855,HEK293FT,0.0,0.0
Hum_XLOC_000883,HEK293FT,0.0,0.0
Hum_XLOC_000885,HEK293FT,0.0,0.04062464882729292
Hum_XLOC_000905,HEK293FT,0.0,0.0
Hum_XLOC_000917,HEK293FT,0.0,0.0
Hum_XLOC_000925,HEK293FT,0.0,0.07935526152028877
Hum_XLOC_000944,HEK293FT,0.0,0.039427497375600466
Hum_XLOC_000949,HEK293FT,0.0,0.04003503766179314
Hum_XLOC_000953,HEK293FT,0.0,0.0
Hum_XLOC_000964,HEK293FT,0.0,0.039742074486604995
Hum_XLOC_000990,HEK293FT,0.0,0.0
Hum_XLOC_000994,HEK293FT,0.0,0.07892455346599143
Hum_XLOC_001020,HEK293FT,0.0,0.0
Hum_XLOC_001029,HEK293FT,0.0,0.0
Hum_XLOC_001066,HEK293FT,0.0,0.03984522135889519
Hum_XLOC_001120,HEK293FT,0.0,0.03995688478517944
Hum_XLOC_001121,HEK293FT,0.0,0.040860757119396095
Hum_XLOC_001122,HEK293FT,0.0,0.07910440622766426
Hum_XLOC_001125,HEK293FT,0.0,0.04037104314067862
Hum_XLOC_001132,HEK293FT,0.0,0.080511314075859
Hum_XLOC_001138,HEK293FT,0.0,0.03848546657062082
Hum_XLOC_001144,HEK293FT,0.0,0.03952319245451411
Hum_XLOC_001146,HEK293FT,0.0,0.0779347558000527
Hum_XLOC_001188,HEK293FT,0.0,0.03932448216473274
Hum_XLOC_001191,HEK293FT,0.0,0.04020010571122894
Hum_XLOC_001192,HEK293FT,0.0,0.0
Hum_XLOC_001217,HEK293FT,0.0,0.04009770435703213
Hum_XLOC_001222,HEK293FT,0.0,0.07853514791476703
Hum_XLOC_001228,HEK293FT,0.0,0.11953829044539656
Hum_XLOC_001230,HEK293FT,0.0,0.03973514067242087
Hum_XLOC_001237,HEK293FT,0.0,0.0797804258502238
Hum_XLOC_001243,HEK293FT,0.0,0.0
Hum_XLOC_001275,HEK293FT,0.0,0.0
Hum_XLOC_001279,HEK293FT,0.0,0.07946516446141368
Hum_XLOC_001291,HEK293FT,0.0,0.0376519199448584
Hum_XLOC_001296,HEK293FT,0.0,0.0
Hum_XLOC_001297,HEK293FT,0.0,0.0
Hum_XLOC_001309,HEK293FT,0.0,0.04050552299219305
Hum_XLOC_001329,HEK293FT,0.0,0.0795123451959733
Hum_XLOC_001330,HEK293FT,0.0,0.039959429083919445
Hum_XLOC_001355,HEK293FT,0.0,0.0
Hum_XLOC_001366,HEK293FT,0.0,0.0
Hum_XLOC_001367,HEK293FT,0.0,0.0
Hum_XLOC_001375,HEK293FT,0.0,0.04083901974609185
Hum_XLOC_001390,HEK293FT,0.0,0.03933466145270848
Hum_XLOC_001405,HEK293FT,0.0,0.03967088210279042
Hum_XLOC_001461,HEK293FT,0.0,0.08039783873724134
Hum_XLOC_001465,HEK293FT,0.0,0.0
Hum_XLOC_001488,HEK293FT,0.0,0.03990192557672078
Hum_XLOC_001490,HEK293FT,0.0,0.03881161378743586
Hum_XLOC_001509,HEK293FT,0.0,0.07858458138198683
Hum_XLOC_001516,HEK293FT,0.0,0.04199933543499454
Hum_XLOC_001532,HEK293FT,0.0,0.03952120306870839
Hum_XLOC_001539,HEK293FT,0.0,0.0
Hum_XLOC_001541,HEK293FT,0.0,0.0
Hum_XLOC_001542,HEK293FT,0.0,0.0
Hum_XLOC_001548,HEK293FT,0.0,0.0
Hum_XLOC_001559,HEK293FT,0.0,0.0
Hum_XLOC_001565,HEK293FT,0.0,0.0
Hum_XLOC_001566,HEK293FT,0.0,0.042088448307204186
Hum_XLOC_001575,HEK293FT,0.0,0.03952339999604882
Hum_XLOC_001580,HEK293FT,0.0,0.0
Hum_XLOC_001590,HEK293FT,0.0,0.04060296687658882
Hum_XLOC_001615,HEK293FT,0.0,0.039350156388505524
Hum_XLOC_001624,HEK293FT,0.0,0.0
Hum_XLOC_001639,HEK293FT,0.0,0.0
Hum_XLOC_001661,HEK293FT,0.0,0.04150988844370407
Hum_XLOC_001666,HEK293FT,0.0,0.07786604987773624
Hum_XLOC_001668,HEK293FT,0.0,0.0
Hum_XLOC_001688,HEK293FT,0.0,0.12082545389367029
Hum_XLOC_001689,HEK293FT,0.0,0.07930245107657068
Hum_XLOC_001695,HEK293FT,0.0,0.0387575505485212
Hum_XLOC_001696,HEK293FT,0.0,0.03973199292889749
Hum_XLOC_001698,HEK293FT,0.0,0.0
Hum_XLOC_001707,HEK293FT,0.0,0.03953854844509688
Hum_XLOC_001760,HEK293FT,0.0,0.0
Hum_XLOC_001761,HEK293FT,0.0,0.11948718734113706
Hum_XLOC_001773,HEK293FT,0.0,0.07957578715807108
Hum_XLOC_001775,HEK293FT,0.0,0.0
Hum_XLOC_001779,HEK293FT,0.0,0.07873279863931547
Hum_XLOC_001783,HEK293FT,0.0,0.04053503186224923
Hum_XLOC_001791,HEK293FT,0.0,0.07849222405063465
Hum_XLOC_001805,HEK293FT,0.0,0.039533722944114565
Hum_XLOC_001809,HEK293FT,0.0,0.03964555145586821
Hum_XLOC_001848,HEK293FT,0.0,0.0
Hum_XLOC_001919,HEK293FT,0.0,0.03944671050133879
Hum_XLOC_001941,HEK293FT,0.0,0.03980424360336278
Hum_XLOC_001942,HEK293FT,0.0,0.0
Hum_XLOC_001949,HEK293FT,0.0,0.0811701891931867
Hum_XLOC_001950,HEK293FT,0.0,0.0
Hum_XLOC_001953,HEK293FT,0.0,0.0
Hum_XLOC_001957,HEK293FT,0.0,0.0
Hum_XLOC_001961,HEK293FT,0.0,0.07987130536961275
Hum_XLOC_001969,HEK293FT,0.0,0.0
Hum_XLOC_002024,HEK293FT,0.0,0.11846598246063224
Hum_XLOC_002028,HEK293FT,0.0,0.0
Hum_XLOC_002033,HEK293FT,0.0,0.07798445565932019
Hum_XLOC_002036,HEK293FT,0.0,0.07767994920482744
Hum_XLOC_002037,HEK293FT,0.0,0.0
Hum_XLOC_002041,HEK293FT,0.0,0.0
Hum_XLOC_002059,HEK293FT,0.0,0.0
Hum_XLOC_002061,HEK293FT,0.0,0.04056154850785904
Hum_XLOC_002068,HEK293FT,0.0,0.07839264687135342
Hum_XLOC_002081,HEK293FT,0.0,0.0
Hum_XLOC_002093,HEK293FT,0.0,0.0
Hum_XLOC_002099,HEK293FT,0.0,0.03983099201672411
Hum_XLOC_002144,HEK293FT,0.0,0.0
Hum_XLOC_002150,HEK293FT,0.0,0.08093807364222182
Hum_XLOC_002152,HEK293FT,0.0,0.03983031761776309
Hum_XLOC_002154,HEK293FT,0.0,0.03933372726120638
Hum_XLOC_002169,HEK293FT,1.0,0.0806968971426018
Hum_XLOC_002170,HEK293FT,0.0,0.03978679311936013
Hum_XLOC_002176,HEK293FT,0.0,0.0
Hum_XLOC_002178,HEK293FT,0.0,0.0
Hum_XLOC_002186,HEK293FT,0.0,0.11983899320883082
Hum_XLOC_002204,HEK293FT,1.0,0.0
Hum_XLOC_002205,HEK293FT,1.0,0.0
Hum_XLOC_002219,HEK293FT,1.0,0.0
Hum_XLOC_002244,HEK293FT,0.0,0.07956384729119313
Hum_XLOC_002252,HEK293FT,0.0,0.0
Hum_XLOC_002261,HEK293FT,0.0,0.0380702358539821
Hum_XLOC_002262,HEK293FT,0.0,0.07896550611393903
Hum_XLOC_002265,HEK293FT,0.0,0.08016868410502129
Hum_XLOC_002271,HEK293FT,0.0,0.07951568930168228
Hum_XLOC_002280,HEK293FT,0.0,0.07948290691870376
Hum_XLOC_002282,HEK293FT,0.0,0.07804183082970065
Hum_XLOC_002283,HEK293FT,0.0,0.040502162960819175
Hum_XLOC_002284,HEK293FT,0.0,0.04012304026614528
Hum_XLOC_002294,HEK293FT,0.0,0.07955531848445259
Hum_XLOC_002296,HEK293FT,0.0,0.0
Hum_XLOC_002299,HEK293FT,0.0,0.0
Hum_XLOC_002301,HEK293FT,0.0,0.0
Hum_XLOC_002306,HEK293FT,0.0,0.0
Hum_XLOC_002311,HEK293FT,1.0,0.03875642433509487
Hum_XLOC_002313,HEK293FT,0.0,0.0
Hum_XLOC_002314,HEK293FT,0.0,0.0
Hum_XLOC_002327,HEK293FT,0.0,0.07944014025992167
Hum_XLOC_002330,HEK293FT,0.0,0.03959661488502218
Hum_XLOC_002338,HEK293FT,0.0,0.07791470968208349
Hum_XLOC_002344,HEK293FT,0.0,0.04015486551993549
Hum_XLOC_002347,HEK293FT,0.0,0.11800109563171193
Hum_XLOC_002348,HEK293FT,0.0,0.11997335475800805
Hum_XLOC_002362,HEK293FT,0.0,0.039746231765427846
Hum_XLOC_002364,HEK293FT,0.0,0.0790487697105607
Hum_XLOC_002383,HEK293FT,0.0,0.15985802030065227
Hum_XLOC_002386,HEK293FT,0.0,0.07932720236097053
Hum_XLOC_002390,HEK293FT,0.0,0.0803461242645896
Hum_XLOC_002394,HEK293FT,0.0,0.07994793524586692
Hum_XLOC_002398,HEK293FT,0.0,0.0
Hum_XLOC_002399,HEK293FT,0.0,0.08072483811492011
Hum_XLOC_002408,HEK293FT,0.0,0.07978015119821491
Hum_XLOC_002414,HEK293FT,0.0,0.03952401162434361
Hum_XLOC_002418,HEK293FT,0.0,0.08001590168220657
Hum_XLOC_002435,HEK293FT,0.0,0.0
Hum_XLOC_002440,HEK293FT,1.0,0.0
Hum_XLOC_002489,HEK293FT,0.0,0.03967713960464089
Hum_XLOC_002490,HEK293FT,0.0,0.039783767954943976
Hum_XLOC_002493,HEK293FT,0.0,0.0
Hum_XLOC_002520,HEK293FT,0.0,0.0
Hum_XLOC_002524,HEK293FT,0.0,0.0
Hum_XLOC_002546,HEK293FT,0.0,0.0
Hum_XLOC_002560,HEK293FT,0.0,0.03806759276587932
Hum_XLOC_002570,HEK293FT,0.0,0.0
Hum_XLOC_002577,HEK293FT,0.0,0.0
Hum_XLOC_002579,HEK293FT,0.0,0.08003442956028643
Hum_XLOC_002586,HEK293FT,0.0,0.0
Hum_XLOC_002589,HEK293FT,0.0,0.0
Hum_XLOC_002629,HEK293FT,0.0,0.0
Hum_XLOC_002631,HEK293FT,0.0,0.03784336641742776
Hum_XLOC_002635,HEK293FT,0.0,0.03955410031374693
Hum_XLOC_002644,HEK293FT,0.0,0.03941374086823763
Hum_XLOC_002646,HEK293FT,0.0,0.1166756549084984
Hum_XLOC_002653,HEK293FT,0.0,0.0
Hum_XLOC_002681,HEK293FT,0.0,0.03867428054161114
Hum_XLOC_002695,HEK293FT,0.0,0.03985745848255514
Hum_XLOC_002702,HEK293FT,0.0,0.07928492071358301
Hum_XLOC_002705,HEK293FT,0.0,0.11961711545713745
Hum_XLOC_002711,HEK293FT,0.0,0.0
Hum_XLOC_002714,HEK293FT,0.0,0.0
Hum_XLOC_002717,HEK293FT,0.0,0.03867212677826085
Hum_XLOC_002725,HEK293FT,0.0,0.0
Hum_XLOC_002741,HEK293FT,0.0,0.03979957697818012
Hum_XLOC_002742,HEK293FT,0.0,0.039744840508882974
Hum_XLOC_002744,HEK293FT,0.0,0.040294267545665834
Hum_XLOC_002760,HEK293FT,0.0,0.04016650662829633
Hum_XLOC_002788,HEK293FT,0.0,0.03990100153170994
Hum_XLOC_002792,HEK293FT,1.0,0.11993867948461448
Hum_XLOC_002796,HEK293FT,0.0,0.0
Hum_XLOC_002817,HEK293FT,0.0,0.039630397293440325
Hum_XLOC_002836,HEK293FT,0.0,0.042300982679797365
Hum_XLOC_002844,HEK293FT,1.0,0.04007164441070554
Hum_XLOC_002845,HEK293FT,0.0,0.039597240843685225
Hum_XLOC_002859,HEK293FT,0.0,0.044552607241300626
Hum_XLOC_002889,HEK293FT,0.0,0.03976459303056576
Hum_XLOC_002911,HEK293FT,0.0,0.03962377571601559
Hum_XLOC_002935,HEK293FT,0.0,0.04082371259743625
Hum_XLOC_002937,HEK293FT,0.0,0.04040316075067666
Hum_XLOC_002967,HEK293FT,0.0,0.04237551119348453
Hum_XLOC_002983,HEK293FT,0.0,0.04066547115057068
Hum_XLOC_002986,HEK293FT,0.0,0.03910937819781852
Hum_XLOC_002990,HEK293FT,0.0,0.0
Hum_XLOC_003039,HEK293FT,0.0,0.03981909756991644
Hum_XLOC_003061,HEK293FT,0.0,0.03981567437197745
Hum_XLOC_003086,HEK293FT,0.0,0.0
Hum_XLOC_003099,HEK293FT,0.0,0.041638984640859876
Hum_XLOC_003109,HEK293FT,0.0,0.039936599246127115
Hum_XLOC_003128,HEK293FT,0.0,0.040674501665025765
Hum_XLOC_003134,HEK293FT,0.0,0.039816378747676906
Hum_XLOC_003137,HEK293FT,0.0,0.0
Hum_XLOC_003154,HEK293FT,0.0,0.0
Hum_XLOC_003155,HEK293FT,0.0,0.07917096596581943
Hum_XLOC_003171,HEK293FT,0.0,0.11880217755885045
Hum_XLOC_003209,HEK293FT,0.0,0.040293902467753155
Hum_XLOC_003215,HEK293FT,0.0,0.04025476964313963
Hum_XLOC_003221,HEK293FT,0.0,0.07803750164829083
Hum_XLOC_003232,HEK293FT,0.0,0.08047464686290898
Hum_XLOC_003268,HEK293FT,0.0,0.0
Hum_XLOC_003269,HEK293FT,0.0,0.03973461551281157
Hum_XLOC_003286,HEK293FT,0.0,0.0
Hum_XLOC_003290,HEK293FT,0.0,0.08024660099816153
Hum_XLOC_003294,HEK293FT,0.0,0.0
Hum_XLOC_003321,HEK293FT,0.0,0.0
Hum_XLOC_003324,HEK293FT,0.0,0.0
Hum_XLOC_003334,HEK293FT,0.0,0.03705225183737282
Hum_XLOC_003337,HEK293FT,0.0,0.0
Hum_XLOC_003338,HEK293FT,0.0,0.0
Hum_XLOC_003352,HEK293FT,0.0,0.08069924642132088
Hum_XLOC_003357,HEK293FT,0.0,0.07979457780710067
Hum_XLOC_003361,HEK293FT,0.0,0.0
Hum_XLOC_003371,HEK293FT,0.0,0.0798518165016114
Hum_XLOC_003381,HEK293FT,0.0,0.0
Hum_XLOC_003408,HEK293FT,0.0,0.03995877034619539
Hum_XLOC_003436,HEK293FT,0.0,0.039793099354812206
Hum_XLOC_003440,HEK293FT,0.0,0.04043817484291947
Hum_XLOC_003450,HEK293FT,0.0,0.15922881404177575
Hum_XLOC_003466,HEK293FT,0.0,0.040049566572216706
Hum_XLOC_003488,HEK293FT,0.0,0.0
Hum_XLOC_003491,HEK293FT,0.0,0.11784662106884276
Hum_XLOC_003497,HEK293FT,0.0,0.04019817539323071
Hum_XLOC_003498,HEK293FT,0.0,0.039864314482823834
Hum_XLOC_003502,HEK293FT,0.0,0.03998945373263152
Hum_XLOC_003518,HEK293FT,0.0,0.03928759379535786
Hum_XLOC_003532,HEK293FT,0.0,0.12114305460477767
Hum_XLOC_003543,HEK293FT,0.0,0.11890962516293048
Hum_XLOC_003554,HEK293FT,0.0,0.038319393665614244
Hum_XLOC_003563,HEK293FT,0.0,0.0
Hum_XLOC_003567,HEK293FT,0.0,0.03965753406983569
Hum_XLOC_003568,HEK293FT,1.0,0.03974265432648382
Hum_XLOC_003570,HEK293FT,0.0,0.0801280712502255
Hum_XLOC_003571,HEK293FT,0.0,0.039723230167167424
Hum_XLOC_003593,HEK293FT,0.0,0.0
Hum_XLOC_003594,HEK293FT,0.0,0.08073361687476975
Hum_XLOC_003598,HEK293FT,0.0,0.07831531463615768
Hum_XLOC_003626,HEK293FT,0.0,0.08068911351641898
Hum_XLOC_003628,HEK293FT,0.0,0.0
Hum_XLOC_003630,HEK293FT,0.0,0.03978573909632375
Hum_XLOC_003641,HEK293FT,0.0,0.07984096003236704
Hum_XLOC_003662,HEK293FT,0.0,0.03942787108522191
Hum_XLOC_003665,HEK293FT,0.0,0.0
Hum_XLOC_003672,HEK293FT,0.0,0.07988655882085827
Hum_XLOC_003673,HEK293FT,0.0,0.0
Hum_XLOC_003674,HEK293FT,0.0,0.03984986978530283
Hum_XLOC_003676,HEK293FT,0.0,0.04104483716481482
Hum_XLOC_003686,HEK293FT,0.0,0.07923593228424476
Hum_XLOC_003697,HEK293FT,0.0,0.12453358509833892
Hum_XLOC_003717,HEK293FT,0.0,0.04129263031023847
Hum_XLOC_003725,HEK293FT,0.0,0.04033860922889706
Hum_XLOC_003743,HEK293FT,0.0,0.0
Hum_XLOC_003754,HEK293FT,0.0,0.0397577190113931
Hum_XLOC_003766,HEK293FT,0.0,0.1205805460494485
Hum_XLOC_003775,HEK293FT,0.0,0.15937482127352867
Hum_XLOC_003790,HEK293FT,0.0,0.04078079904715486
Hum_XLOC_003799,HEK293FT,0.0,0.03974540935597951
Hum_XLOC_003853,HEK293FT,0.0,0.04057579350665915
Hum_XLOC_003865,HEK293FT,0.0,0.0
Hum_XLOC_003871,HEK293FT,0.0,0.1600315569012995
Hum_XLOC_003891,HEK293FT,0.0,0.0
Hum_XLOC_003892,HEK293FT,0.0,0.0
Hum_XLOC_003910,HEK293FT,0.0,0.0
Hum_XLOC_003911,HEK293FT,0.0,0.07894363797641808
Hum_XLOC_003952,HEK293FT,0.0,0.0
Hum_XLOC_003971,HEK293FT,0.0,0.03979671189432723
Hum_XLOC_003988,HEK293FT,0.0,0.08051250454767209
Hum_XLOC_004020,HEK293FT,0.0,0.11677976069795153
Hum_XLOC_004035,HEK293FT,0.0,0.12043769865601449
Hum_XLOC_004036,HEK293FT,0.0,0.04011531958963607
Hum_XLOC_004048,HEK293FT,0.0,0.07921877133429821
Hum_XLOC_004068,HEK293FT,0.0,0.07921898983076243
Hum_XLOC_004069,HEK293FT,0.0,0.07742212976896669
Hum_XLOC_004095,HEK293FT,0.0,0.0
Hum_XLOC_004096,HEK293FT,0.0,0.04091815560954097
Hum_XLOC_004116,HEK293FT,0.0,0.04008243791055401
Hum_XLOC_004123,HEK293FT,0.0,0.08098601715794101
Hum_XLOC_004134,HEK293FT,0.0,0.11932133161810603
Hum_XLOC_004161,HEK293FT,0.0,0.0
Hum_XLOC_004168,HEK293FT,0.0,0.0
Hum_XLOC_004169,HEK293FT,0.0,0.0
Hum_XLOC_004177,HEK293FT,0.0,0.0
Hum_XLOC_004200,HEK293FT,0.0,0.03988777047219355
Hum_XLOC_004201,HEK293FT,0.0,0.03970613000770034
Hum_XLOC_004219,HEK293FT,1.0,0.0
Hum_XLOC_004226,HEK293FT,0.0,0.0400254295021858
Hum_XLOC_004227,HEK293FT,1.0,0.0398930827038754
Hum_XLOC_004236,HEK293FT,0.0,0.038691534817272784
Hum_XLOC_004254,HEK293FT,1.0,0.0797583775180061
Hum_XLOC_004255,HEK293FT,0.0,0.1202788075325971
Hum_XLOC_004262,HEK293FT,1.0,0.03949393188735362
Hum_XLOC_004269,HEK293FT,0.0,0.038887074248595395
Hum_XLOC_004277,HEK293FT,0.0,0.039198404689985124
Hum_XLOC_004278,HEK293FT,0.0,0.038334607826776924
Hum_XLOC_004282,HEK293FT,0.0,0.0
Hum_XLOC_004287,HEK293FT,0.0,0.0
Hum_XLOC_004293,HEK293FT,0.0,0.0
Hum_XLOC_004302,HEK293FT,0.0,0.0
Hum_XLOC_004303,HEK293FT,0.0,0.12134741597942977
Hum_XLOC_004306,HEK293FT,0.0,0.0
Hum_XLOC_004309,HEK293FT,0.0,0.0
Hum_XLOC_004314,HEK293FT,0.0,0.03967262205560388
Hum_XLOC_004317,HEK293FT,0.0,0.16263690390503327
Hum_XLOC_004336,HEK293FT,0.0,0.03887639469129436
Hum_XLOC_004343,HEK293FT,0.0,0.0793961016395004
Hum_XLOC_004350,HEK293FT,0.0,0.0
Hum_XLOC_004361,HEK293FT,0.0,0.03981928255026612
Hum_XLOC_004363,HEK293FT,0.0,0.08054688318085336
Hum_XLOC_004401,HEK293FT,0.0,0.04110831022878105
Hum_XLOC_004405,HEK293FT,0.0,0.0
Hum_XLOC_004407,HEK293FT,0.0,0.0
Hum_XLOC_004424,HEK293FT,1.0,0.0
Hum_XLOC_004437,HEK293FT,0.0,0.03974284586128797
Hum_XLOC_004446,HEK293FT,0.0,0.04073656547526892
Hum_XLOC_004457,HEK293FT,0.0,0.07935881204003628
Hum_XLOC_004482,HEK293FT,0.0,0.0
Hum_XLOC_004502,HEK293FT,0.0,0.0
Hum_XLOC_004515,HEK293FT,0.0,0.0
Hum_XLOC_004529,HEK293FT,0.0,0.04089824293015712
Hum_XLOC_004535,HEK293FT,0.0,0.0397833856214583
Hum_XLOC_004553,HEK293FT,0.0,0.15916662660747727
Hum_XLOC_004566,HEK293FT,0.0,0.0
Hum_XLOC_004567,HEK293FT,0.0,0.04034633539549459
Hum_XLOC_004572,HEK293FT,0.0,0.038132831513894724
Hum_XLOC_004578,HEK293FT,0.0,0.0398618524661979
Hum_XLOC_004580,HEK293FT,0.0,0.0
Hum_XLOC_004581,HEK293FT,0.0,0.0
Hum_XLOC_004587,HEK293FT,0.0,0.0397640272229272
Hum_XLOC_004600,HEK293FT,0.0,0.1606779159301898
Hum_XLOC_004601,HEK293FT,1.0,0.03979379911977391
Hum_XLOC_004607,HEK293FT,0.0,0.0
Hum_XLOC_004617,HEK293FT,0.0,0.08001790576547665
Hum_XLOC_004619,HEK293FT,0.0,0.03951128701587144
Hum_XLOC_004620,HEK293FT,0.0,0.04004013245887169
Hum_XLOC_004632,HEK293FT,0.0,0.07658003215296767
Hum_XLOC_004636,HEK293FT,1.0,0.07984716923955112
Hum_XLOC_004652,HEK293FT,0.0,0.0
Hum_XLOC_004653,HEK293FT,0.0,0.039278359009953225
Hum_XLOC_004657,HEK293FT,1.0,0.04012300560302838
Hum_XLOC_004661,HEK293FT,0.0,0.0
Hum_XLOC_004683,HEK293FT,0.0,0.15901112121953523
Hum_XLOC_004684,HEK293FT,0.0,0.0
Hum_XLOC_004688,HEK293FT,0.0,0.0
Hum_XLOC_004689,HEK293FT,0.0,0.08016372705813621
Hum_XLOC_004705,HEK293FT,0.0,0.0
Hum_XLOC_004717,HEK293FT,0.0,0.0
Hum_XLOC_004718,HEK293FT,0.0,0.07965768766458278
Hum_XLOC_004733,HEK293FT,0.0,0.0
Hum_XLOC_004741,HEK293FT,0.0,0.0786655126922585
Hum_XLOC_004762,HEK293FT,0.0,0.0
Hum_XLOC_004771,HEK293FT,0.0,0.0
Hum_XLOC_004777,HEK293FT,0.0,0.040643162874777664
Hum_XLOC_004788,HEK293FT,0.0,0.03980543937597935
Hum_XLOC_004791,HEK293FT,0.0,0.03938806598625651
Hum_XLOC_004795,HEK293FT,0.0,0.0
Hum_XLOC_004803,HEK293FT,0.0,0.03973636249290791
Hum_XLOC_004805,HEK293FT,0.0,0.12055110168238692
Hum_XLOC_004813,HEK293FT,0.0,0.08045717368662926
Hum_XLOC_004815,HEK293FT,0.0,0.039583456437556314
Hum_XLOC_004822,HEK293FT,0.0,0.11931991006684121
Hum_XLOC_004823,HEK293FT,0.0,0.08086423764867248
Hum_XLOC_004827,HEK293FT,0.0,0.11863250038648078
Hum_XLOC_004837,HEK293FT,0.0,0.039195696157743994
Hum_XLOC_004839,HEK293FT,0.0,0.03968406178817255
Hum_XLOC_004855,HEK293FT,0.0,0.03986909993887965
Hum_XLOC_004874,HEK293FT,0.0,0.0
Hum_XLOC_004875,HEK293FT,0.0,0.0
Hum_XLOC_004878,HEK293FT,0.0,0.03892329354557155
Hum_XLOC_004884,HEK293FT,0.0,0.0
Hum_XLOC_004911,HEK293FT,0.0,0.0
Hum_XLOC_004915,HEK293FT,0.0,0.11991005698252773
Hum_XLOC_004927,HEK293FT,0.0,0.0796672854359049
Hum_XLOC_004929,HEK293FT,0.0,0.039709192894893365
Hum_XLOC_004936,HEK293FT,0.0,0.0
Hum_XLOC_004957,HEK293FT,0.0,0.0
Hum_XLOC_004960,HEK293FT,0.0,0.07950403197033412
Hum_XLOC_004965,HEK293FT,0.0,0.0
Hum_XLOC_000006,K562,0.0,0.07989033987973164
Hum_XLOC_000008,K562,0.0,0.04030439514986753
Hum_XLOC_000016,K562,0.0,0.12030269367560881
Hum_XLOC_000030,K562,0.0,0.1244396099866781
Hum_XLOC_000033,K562,0.0,0.039878944941296735
Hum_XLOC_000039,K562,0.0,0.11936009151856504
Hum_XLOC_000053,K562,0.0,0.08005297598777994
Hum_XLOC_000057,K562,1.0,0.15995348527281827
Hum_XLOC_000060,K562,1.0,0.1617281164977739
Hum_XLOC_000080,K562,0.0,0.07967972578598927
Hum_XLOC_000094,K562,0.0,0.08042003373471744
Hum_XLOC_000100,K562,1.0,0.08007816821731076
Hum_XLOC_000105,K562,0.0,0.12043901937459958
Hum_XLOC_000107,K562,0.0,0.040902184198337854
Hum_XLOC_000111,K562,1.0,0.11958844826184031
Hum_XLOC_000134,K562,0.0,0.0390775024099551
Hum_XLOC_000143,K562,1.0,0.12062281148006769
Hum_XLOC_000145,K562,0.0,0.0794746558359422
Hum_XLOC_000149,K562,0.0,0.15952423289217726
Hum_XLOC_000155,K562,1.0,0.0
Hum_XLOC_000169,K562,0.0,0.0
Hum_XLOC_000170,K562,0.0,0.11904240377091939
Hum_XLOC_000194,K562,0.0,0.0
Hum_XLOC_000201,K562,0.0,0.03973174839521894
Hum_XLOC_000231,K562,1.0,0.11874674040636235
Hum_XLOC_000233,K562,1.0,0.12119110640231133
Hum_XLOC_000245,K562,0.0,0.04181560822784624
Hum_XLOC_000247,K562,0.0,0.12418800785015179
Hum_XLOC_000248,K562,0.0,0.0819055225607077
Hum_XLOC_000265,K562,0.0,0.03946250907748259
Hum_XLOC_000282,K562,0.0,0.039838348298481256
Hum_XLOC_000286,K562,1.0,0.0
Hum_XLOC_000292,K562,0.0,0.04086682591481906
Hum_XLOC_000307,K562,0.0,0.0
Hum_XLOC_000308,K562,0.0,0.0392278280000472
Hum_XLOC_000312,K562,1.0,0.20093283111425322
Hum_XLOC_000314,K562,0.0,0.038794514742028864
Hum_XLOC_000317,K562,0.0,0.0
Hum_XLOC_000319,K562,0.0,0.08001494834094174
Hum_XLOC_000332,K562,0.0,0.04031828762476512
Hum_XLOC_000338,K562,0.0,0.039339419990714004
Hum_XLOC_000342,K562,0.0,0.07977755879026335
Hum_XLOC_000345,K562,0.0,0.08087209843876324
Hum_XLOC_000362,K562,0.0,0.07956363909775412
Hum_XLOC_000377,K562,1.0,0.044158600428514515
Hum_XLOC_000390,K562,0.0,0.08022293496502561
Hum_XLOC_000394,K562,0.0,0.07920331107772957
Hum_XLOC_000411,K562,0.0,0.039293449896813853
Hum_XLOC_000415,K562,0.0,0.19872660114070556
Hum_XLOC_000430,K562,0.0,0.0
Hum_XLOC_000436,K562,0.0,0.11985379066455852
Hum_XLOC_000437,K562,1.0,0.1609097920514937
Hum_XLOC_000456,K562,1.0,0.0790670252476831
Hum_XLOC_000461,K562,0.0,0.07950215817282012
Hum_XLOC_000462,K562,0.0,0.11834726434230214
Hum_XLOC_000465,K562,0.0,0.07791458989615728
Hum_XLOC_000472,K562,0.0,0.07971939242848275
Hum_XLOC_000474,K562,0.0,0.0
Hum_XLOC_000478,K562,0.0,0.08195106246731189
Hum_XLOC_000486,K562,0.0,0.0
Hum_XLOC_000490,K562,0.0,0.03972009545649442
Hum_XLOC_000498,K562,0.0,0.03984673639232458
Hum_XLOC_000500,K562,1.0,0.11843921535099441
Hum_XLOC_000510,K562,0.0,0.08018649650544299
Hum_XLOC_000535,K562,0.0,0.1188660659055411
Hum_XLOC_000540,K562,0.0,0.11994990868014695
Hum_XLOC_000556,K562,0.0,0.07988912326501123
Hum_XLOC_000574,K562,0.0,0.040193690381261124
Hum_XLOC_000575,K562,0.0,0.04032043034995798
Hum_XLOC_000582,K562,0.0,0.07879477840209818
Hum_XLOC_000590,K562,0.0,0.0
Hum_XLOC_000601,K562,0.0,0.07927375183424566
Hum_XLOC_000604,K562,0.0,0.0411583760090345
Hum_XLOC_000608,K562,1.0,0.03949749924542302
Hum_XLOC_000612,K562,0.0,0.03962191625545253
Hum_XLOC_000636,K562,1.0,0.040160686295995465
Hum_XLOC_000638,K562,0.0,0.2004000054667091
Hum_XLOC_000641,K562,0.0,0.07941639623903414
Hum_XLOC_000655,K562,0.0,0.07908930893385074
Hum_XLOC_000668,K562,0.0,0.041099598827806165
Hum_XLOC_000680,K562,0.0,0.03880823163846314
Hum_XLOC_000681,K562,0.0,0.04050286750983102
Hum_XLOC_000695,K562,0.0,0.0
Hum_XLOC_000702,K562,0.0,0.12119898742228526
Hum_XLOC_000726,K562,0.0,0.12024005923970867
Hum_XLOC_000727,K562,0.0,0.07954152824144238
Hum_XLOC_000758,K562,0.0,0.0
Hum_XLOC_000773,K562,0.0,0.04096343252684298
Hum_XLOC_000774,K562,0.0,0.08060095684954961
Hum_XLOC_000797,K562,0.0,0.0
Hum_XLOC_000799,K562,0.0,0.04135495869269284
Hum_XLOC_000800,K562,0.0,0.0
Hum_XLOC_000807,K562,0.0,0.07954520292333747
Hum_XLOC_000818,K562,0.0,0.04026918233408309
Hum_XLOC_000828,K562,0.0,0.07972861795255831
Hum_XLOC_000831,K562,0.0,0.039954550919635734
Hum_XLOC_000835,K562,0.0,0.039326078345221276
Hum_XLOC_000840,K562,0.0,0.03981493458734704
Hum_XLOC_000841,K562,0.0,0.03923362828636347
Hum_XLOC_000842,K562,0.0,0.040771446621613854
Hum_XLOC_000854,K562,1.0,0.0801651052533744
Hum_XLOC_000855,K562,0.0,0.0
Hum_XLOC_000883,K562,0.0,0.0401949778173316
Hum_XLOC_000885,K562,0.0,0.03921661929702008
Hum_XLOC_000905,K562,0.0,0.040558936879213275
Hum_XLOC_000917,K562,0.0,0.04018953373962806
Hum_XLOC_000925,K562,0.0,0.0
Hum_XLOC_000944,K562,0.0,0.0
Hum_XLOC_000949,K562,0.0,0.03968958141222867
Hum_XLOC_000953,K562,0.0,0.03916510252370908
Hum_XLOC_000964,K562,0.0,0.039722176544137205
Hum_XLOC_000990,K562,0.0,0.07861339548134355
Hum_XLOC_000994,K562,0.0,0.03981242970896896
Hum_XLOC_001020,K562,0.0,0.07998717297819567
Hum_XLOC_001029,K562,0.0,0.07803876525199929
Hum_XLOC_001066,K562,0.0,0.039730450357560065
Hum_XLOC_001120,K562,0.0,0.12018482528113614
Hum_XLOC_001121,K562,0.0,0.03978949620684072
Hum_XLOC_001122,K562,0.0,0.08039191188158722
Hum_XLOC_001125,K562,0.0,0.08011962113458986
Hum_XLOC_001132,K562,0.0,0.11998994240929974
Hum_XLOC_001138,K562,0.0,0.0
Hum_XLOC_001144,K562,0.0,0.040602516841298016
Hum_XLOC_001146,K562,0.0,0.0
Hum_XLOC_001188,K562,0.0,0.039868415652846434
Hum_XLOC_001191,K562,0.0,0.04006975433346357
Hum_XLOC_001192,K562,0.0,0.03816236279610338
Hum_XLOC_001217,K562,0.0,0.0407308520201926
Hum_XLOC_001222,K562,0.0,0.0395196775367496
Hum_XLOC_001228,K562,0.0,0.04009862947353275
Hum_XLOC_001230,K562,0.0,0.0
Hum_XLOC_001237,K562,0.0,0.0804098088556435
Hum_XLOC_001243,K562,0.0,0.04085647237320514
Hum_XLOC_001275,K562,0.0,0.07964975285439543
Hum_XLOC_001279,K562,0.0,0.07962147052034424
Hum_XLOC_001291,K562,0.0,0.08106810929725071
Hum_XLOC_001296,K562,1.0,0.07972147593848909
Hum_XLOC_001297,K562,0.0,0.08204190963153317
Hum_XLOC_001309,K562,0.0,0.07846635753375877
Hum_XLOC_001329,K562,0.0,0.040827680337912266
Hum_XLOC_001330,K562,0.0,0.0
Hum_XLOC_001355,K562,0.0,0.04137056159918357
Hum_XLOC_001366,K562,0.0,0.039031001421204456
Hum_XLOC_001367,K562,0.0,0.04150242531080104
Hum_XLOC_001375,K562,0.0,0.03991912195684905
Hum_XLOC_001390,K562,0.0,0.0
Hum_XLOC_001405,K562,0.0,0.11998406636860623
Hum_XLOC_001461,K562,0.0,0.04000914770030077
Hum_XLOC_001465,K562,0.0,0.039939980241925355
Hum_XLOC_001488,K562,0.0,0.08020004796922023
Hum_XLOC_001490,K562,1.0,0.2393542239198063
Hum_XLOC_001509,K562,0.0,0.07840821733219483
Hum_XLOC_001516,K562,0.0,0.07930558893598107
Hum_XLOC_001532,K562,0.0,0.040290747442486285
Hum_XLOC_001539,K562,0.0,0.03997639923154327
Hum_XLOC_001541,K562,0.0,0.0
Hum_XLOC_001542,K562,0.0,0.041646447919535506
Hum_XLOC_001548,K562,0.0,0.0399507078501624
Hum_XLOC_001559,K562,0.0,0.040215363421886634
Hum_XLOC_001565,K562,1.0,0.15789541681083272
Hum_XLOC_001566,K562,0.0,0.07909342535424875
Hum_XLOC_001575,K562,0.0,0.07864999108195565
Hum_XLOC_001580,K562,0.0,0.0
Hum_XLOC_001590,K562,0.0,0.0
Hum_XLOC_001615,K562,0.0,0.12096747277604694
Hum_XLOC_001624,K562,0.0,0.04136205452293954
Hum_XLOC_001639,K562,0.0,0.08098197666382245
Hum_XLOC_001661,K562,0.0,0.0
Hum_XLOC_001666,K562,0.0,0.037887042713982695
Hum_XLOC_001668,K562,0.0,0.07982242120483224
Hum_XLOC_001688,K562,0.0,0.0410985803303354
Hum_XLOC_001689,K562,0.0,0.0
Hum_XLOC_001695,K562,0.0,0.0799122706180032
Hum_XLOC_001696,K562,0.0,0.03929627555226548
Hum_XLOC_001698,K562,0.0,0.0
Hum_XLOC_001707,K562,0.0,0.04202855289102554
Hum_XLOC_001760,K562,0.0,0.03956970350795277
Hum_XLOC_001761,K562,0.0,0.03980315283735009
Hum_XLOC_001773,K562,0.0,0.07917354706908965
Hum_XLOC_001775,K562,0.0,0.0
Hum_XLOC_001779,K562,0.0,0.12146665692730343
Hum_XLOC_001783,K562,1.0,0.040478142120224714
Hum_XLOC_001791,K562,0.0,0.08034389874946468
Hum_XLOC_001805,K562,0.0,0.0407210734318382
Hum_XLOC_001809,K562,0.0,0.04113373512327631
Hum_XLOC_001848,K562,0.0,0.08089864173271585
Hum_XLOC_001919,K562,0.0,0.04003810756240972
Hum_XLOC_001941,K562,0.0,0.0
Hum_XLOC_001942,K562,0.0,0.0
Hum_XLOC_001949,K562,0.0,0.040086024471030234
Hum_XLOC_001950,K562,1.0,0.0
Hum_XLOC_001953,K562,0.0,0.0
Hum_XLOC_001957,K562,0.0,0.0
Hum_XLOC_001961,K562,0.0,0.03993398046936333
Hum_XLOC_001969,K562,0.0,0.040351772919143686
Hum_XLOC_002024,K562,0.0,0.0
Hum_XLOC_002028,K562,0.0,0.03876593622938022
Hum_XLOC_002033,K562,1.0,0.0773564744644086
Hum_XLOC_002036,K562,0.0,0.08063220999342399
Hum_XLOC_002037,K562,0.0,0.03983635928014231
Hum_XLOC_002041,K562,0.0,0.0
Hum_XLOC_002059,K562,0.0,0.08025256308370185
Hum_XLOC_002061,K562,0.0,0.04098544431102606
Hum_XLOC_002068,K562,0.0,0.0
Hum_XLOC_002081,K562,0.0,0.08033984604058485
Hum_XLOC_002093,K562,0.0,0.039419168333959365
Hum_XLOC_002099,K562,0.0,0.0
Hum_XLOC_002144,K562,0.0,0.0797782681349956
Hum_XLOC_002150,K562,0.0,0.0402857410773263
Hum_XLOC_002152,K562,0.0,0.0
Hum_XLOC_002154,K562,0.0,0.0
Hum_XLOC_002169,K562,0.0,0.04064062236516024
Hum_XLOC_002170,K562,0.0,0.0
Hum_XLOC_002176,K562,0.0,0.07970812384489326
Hum_XLOC_002178,K562,0.0,0.04084814053738056
Hum_XLOC_002186,K562,0.0,0.04006583610857332
Hum_XLOC_002204,K562,0.0,0.03984291383883678
Hum_XLOC_002205,K562,0.0,0.07992911988764007
Hum_XLOC_002219,K562,0.0,0.03922184991135546
Hum_XLOC_002244,K562,0.0,0.04098768615474858
Hum_XLOC_002252,K562,0.0,0.0
Hum_XLOC_002261,K562,0.0,0.04484216639267642
Hum_XLOC_002262,K562,0.0,0.0
Hum_XLOC_002265,K562,0.0,0.04027089278106062
Hum_XLOC_002271,K562,0.0,0.040248589026453147
Hum_XLOC_002280,K562,0.0,0.0404084798461576
Hum_XLOC_002282,K562,0.0,0.0807378421620657
Hum_XLOC_002283,K562,0.0,0.04035320126992143
Hum_XLOC_002284,K562,1.0,0.16157054781733576
Hum_XLOC_002294,K562,0.0,0.04007227420494497
Hum_XLOC_002296,K562,0.0,0.0
Hum_XLOC_002299,K562,0.0,0.08002481805260424
Hum_XLOC_002301,K562,0.0,0.03918568028651037
Hum_XLOC_002306,K562,0.0,0.0788401042163248
Hum_XLOC_002311,K562,0.0,0.0
Hum_XLOC_002313,K562,0.0,0.0816275629555432
Hum_XLOC_002314,K562,1.0,0.11909650541360627
Hum_XLOC_002327,K562,0.0,0.07919154979464486
Hum_XLOC_002330,K562,0.0,0.039509834147637875
Hum_XLOC_002338,K562,0.0,0.039083031449077175
Hum_XLOC_002344,K562,0.0,0.0
Hum_XLOC_002347,K562,0.0,0.0
Hum_XLOC_002348,K562,0.0,0.12031932435896298
Hum_XLOC_002362,K562,0.0,0.0
Hum_XLOC_002364,K562,0.0,0.0394508509987045
Hum_XLOC_002383,K562,0.0,0.0
Hum_XLOC_002386,K562,0.0,0.08038633093410968
Hum_XLOC_002390,K562,0.0,0.12064232376964334
Hum_XLOC_002394,K562,0.0,0.11955769724747989
Hum_XLOC_002398,K562,0.0,0.07901901310339353
Hum_XLOC_002399,K562,0.0,0.07973043240737648
Hum_XLOC_002408,K562,0.0,0.04009751917731438
Hum_XLOC_002414,K562,0.0,0.04072288027157399
Hum_XLOC_002418,K562,0.0,0.039967104254724634
Hum_XLOC_002435,K562,0.0,0.0403965235817841
Hum_XLOC_002440,K562,0.0,0.12051849589977125
Hum_XLOC_002489,K562,0.0,0.12014017478353674
Hum_XLOC_002490,K562,0.0,0.0
Hum_XLOC_002493,K562,0.0,0.07847566597334586
Hum_XLOC_002520,K562,0.0,0.11861374623104079
Hum_XLOC_002524,K562,0.0,0.20226317367724464
Hum_XLOC_002546,K562,0.0,0.08506376105490764
Hum_XLOC_002560,K562,0.0,0.11737019491613734
Hum_XLOC_002570,K562,0.0,0.20680942219678944
Hum_XLOC_002577,K562,0.0,0.16182480431545684
Hum_XLOC_002579,K562,0.0,0.15793903859141525
Hum_XLOC_002586,K562,0.0,0.03945431201000255
Hum_XLOC_002589,K562,1.0,0.07927023724292989
Hum_XLOC_002629,K562,0.0,0.03993147680428219
Hum_XLOC_002631,K562,0.0,0.07677461054991909
Hum_XLOC_002635,K562,0.0,0.08003141119924338
Hum_XLOC_002644,K562,0.0,0.0792805849986481
Hum_XLOC_002646,K562,0.0,0.07841707411423343
Hum_XLOC_002653,K562,0.0,0.04007967604470232
Hum_XLOC_002681,K562,0.0,0.0798851746879594
Hum_XLOC_002695,K562,0.0,0.12001935627803725
Hum_XLOC_002702,K562,0.0,0.0
Hum_XLOC_002705,K562,1.0,0.0798373090065673
Hum_XLOC_002711,K562,0.0,0.03864532929043567
Hum_XLOC_002714,K562,0.0,0.0
Hum_XLOC_002717,K562,0.0,0.07650614524893963
Hum_XLOC_002725,K562,0.0,0.12067000076773628
Hum_XLOC_002741,K562,0.0,0.08012968516543609
Hum_XLOC_002742,K562,0.0,0.0
Hum_XLOC_002744,K562,0.0,0.040152811935232915
Hum_XLOC_002760,K562,0.0,0.1205287640460679
Hum_XLOC_002788,K562,0.0,0.11952536915265069
Hum_XLOC_002792,K562,0.0,0.08115115726213716
Hum_XLOC_002796,K562,0.0,0.07928807007475573
Hum_XLOC_002817,K562,0.0,0.0
Hum_XLOC_002836,K562,0.0,0.08438813245610813
Hum_XLOC_002844,K562,0.0,0.07835062016294023
Hum_XLOC_002845,K562,0.0,0.07978338797266142
Hum_XLOC_002859,K562,0.0,0.12232174023570946
Hum_XLOC_002889,K562,0.0,0.039974439245606355
Hum_XLOC_002911,K562,0.0,0.11825804594255901
Hum_XLOC_002935,K562,0.0,0.0
Hum_XLOC_002937,K562,0.0,0.15892863834708254
Hum_XLOC_002967,K562,0.0,0.0
Hum_XLOC_002983,K562,0.0,0.0
Hum_XLOC_002986,K562,0.0,0.12432216653747123
Hum_XLOC_002990,K562,0.0,0.0805076091810168
Hum_XLOC_003039,K562,0.0,0.07947375393915741
Hum_XLOC_003061,K562,1.0,0.12068194996737475
Hum_XLOC_003086,K562,0.0,0.08394601721095898
Hum_XLOC_003099,K562,0.0,0.03944295869813279
Hum_XLOC_003109,K562,0.0,0.040685459150744285
Hum_XLOC_003128,K562,0.0,0.08133453878806156
Hum_XLOC_003134,K562,1.0,0.0
Hum_XLOC_003137,K562,0.0,0.04138191045751684
Hum_XLOC_003154,K562,0.0,0.03943296322563093
Hum_XLOC_003155,K562,0.0,0.12379346961889287
Hum_XLOC_003171,K562,0.0,0.0
Hum_XLOC_003209,K562,0.0,0.08043996185954687
Hum_XLOC_003215,K562,0.0,0.12203039946001043
Hum_XLOC_003221,K562,0.0,0.0
Hum_XLOC_003232,K562,0.0,0.03974516979654484
Hum_XLOC_003268,K562,0.0,0.04006132501355771
Hum_XLOC_003269,K562,1.0,0.03988854055656867
Hum_XLOC_003286,K562,0.0,0.0
Hum_XLOC_003290,K562,0.0,0.0
Hum_XLOC_003294,K562,0.0,0.03975206956437358
Hum_XLOC_003321,K562,0.0,0.08215247656190404
Hum_XLOC_003324,K562,0.0,0.0
Hum_XLOC_003334,K562,0.0,0.04294451232305165
Hum_XLOC_003337,K562,0.0,0.039327575729875316
Hum_XLOC_003338,K562,0.0,0.0
Hum_XLOC_003352,K562,0.0,0.12182695057283086
Hum_XLOC_003357,K562,0.0,0.04066872708265751
Hum_XLOC_003361,K562,0.0,0.12018939010748284
Hum_XLOC_003371,K562,0.0,0.0
Hum_XLOC_003381,K562,0.0,0.04057009170902626
Hum_XLOC_003408,K562,0.0,0.0
Hum_XLOC_003436,K562,0.0,0.03969246323998093
Hum_XLOC_003440,K562,0.0,0.039977487519992826
Hum_XLOC_003450,K562,1.0,0.15730997023977625
Hum_XLOC_003466,K562,0.0,0.04004893037492651
Hum_XLOC_003488,K562,0.0,0.0
Hum_XLOC_003491,K562,0.0,0.041489941100463425
Hum_XLOC_003497,K562,0.0,0.03968941908418193
Hum_XLOC_003498,K562,0.0,0.03978359767324612
Hum_XLOC_003502,K562,0.0,0.0
Hum_XLOC_003518,K562,0.0,0.039450921603446924
Hum_XLOC_003532,K562,0.0,0.0
Hum_XLOC_003543,K562,0.0,0.11950299454608224
Hum_XLOC_003554,K562,0.0,0.07975508226043475
Hum_XLOC_003563,K562,0.0,0.0802510190295832
Hum_XLOC_003567,K562,0.0,0.0
Hum_XLOC_003568,K562,0.0,0.040364124084793694
Hum_XLOC_003570,K562,0.0,0.039916397369923584
Hum_XLOC_003571,K562,0.0,0.0
Hum_XLOC_003593,K562,0.0,0.03984360662011088
Hum_XLOC_003594,K562,0.0,0.1607347091933589
Hum_XLOC_003598,K562,0.0,0.03951959583257683
Hum_XLOC_003626,K562,0.0,0.03999841317596796
Hum_XLOC_003628,K562,0.0,0.0
Hum_XLOC_003630,K562,0.0,0.0
Hum_XLOC_003641,K562,1.0,0.0803224586463303
Hum_XLOC_003662,K562,0.0,0.1198626548804589
Hum_XLOC_003665,K562,1.0,0.08002959154058473
Hum_XLOC_003672,K562,0.0,0.12100667888706428
Hum_XLOC_003673,K562,0.0,0.03990426964505876
Hum_XLOC_003674,K562,0.0,0.11914965443187024
Hum_XLOC_003676,K562,0.0,0.07983612114972867
Hum_XLOC_003686,K562,0.0,0.039789437848086064
Hum_XLOC_003697,K562,0.0,0.039044235364956915
Hum_XLOC_003717,K562,0.0,0.0
Hum_XLOC_003725,K562,0.0,0.08008024446564714
Hum_XLOC_003743,K562,0.0,0.07973055660963424
Hum_XLOC_003754,K562,0.0,0.08002865966588561
Hum_XLOC_003766,K562,0.0,0.07915054731429616
Hum_XLOC_003775,K562,0.0,0.08058186607641751
Hum_XLOC_003790,K562,0.0,0.0
Hum_XLOC_003799,K562,0.0,0.08106481831350368
Hum_XLOC_003853,K562,0.0,0.08044967035211112
Hum_XLOC_003865,K562,0.0,0.039631840156798236
Hum_XLOC_003871,K562,0.0,0.08012066075831842
Hum_XLOC_003891,K562,0.0,0.08094858895449693
Hum_XLOC_003892,K562,1.0,0.08095600688814654
Hum_XLOC_003910,K562,0.0,0.12027972734738383
Hum_XLOC_003911,K562,0.0,0.16099879008990756
Hum_XLOC_003952,K562,0.0,0.08059172187523604
Hum_XLOC_003971,K562,0.0,0.03996126892702064
Hum_XLOC_003988,K562,1.0,0.0
Hum_XLOC_004020,K562,0.0,0.03840099747202406
Hum_XLOC_004035,K562,0.0,0.08236285601217516
Hum_XLOC_004036,K562,0.0,0.19855751240013778
Hum_XLOC_004048,K562,0.0,0.040366097314876434
Hum_XLOC_004068,K562,0.0,0.040485317242999946
Hum_XLOC_004069,K562,0.0,0.04160749879850954
Hum_XLOC_004095,K562,0.0,0.08041927897109684
Hum_XLOC_004096,K562,0.0,0.12007189223332122
Hum_XLOC_004116,K562,0.0,0.08048380468194585
Hum_XLOC_004123,K562,0.0,0.0
Hum_XLOC_004134,K562,0.0,0.0794796816802236
Hum_XLOC_004161,K562,0.0,0.08001093048047385
Hum_XLOC_004168,K562,0.0,0.039823802746924375
Hum_XLOC_004169,K562,0.0,0.0
Hum_XLOC_004177,K562,0.0,0.04010536118827977
Hum_XLOC_004200,K562,0.0,0.08039712940975707
Hum_XLOC_004201,K562,0.0,0.12002080895100563
Hum_XLOC_004219,K562,0.0,0.0
Hum_XLOC_004226,K562,0.0,0.0407593294247134
Hum_XLOC_004227,K562,0.0,0.04065231632651734
Hum_XLOC_004236,K562,0.0,0.0
Hum_XLOC_004254,K562,1.0,0.12031970457353035
Hum_XLOC_004255,K562,0.0,0.07993218366606848
Hum_XLOC_004262,K562,0.0,0.0
Hum_XLOC_004269,K562,0.0,0.03938428714696102
Hum_XLOC_004277,K562,0.0,0.0
Hum_XLOC_004278,K562,0.0,0.03885841961315306
Hum_XLOC_004282,K562,0.0,0.03956017821967667
Hum_XLOC_004287,K562,0.0,0.08217677114227732
Hum_XLOC_004293,K562,0.0,0.07984946898364856
Hum_XLOC_004302,K562,0.0,0.0816329782035199
Hum_XLOC_004303,K562,0.0,0.039929814216692124
Hum_XLOC_004306,K562,0.0,0.040907651921729495
Hum_XLOC_004309,K562,0.0,0.03959757928413625
Hum_XLOC_004314,K562,0.0,0.07948785796878173
Hum_XLOC_004317,K562,0.0,0.08274548226434182
Hum_XLOC_004336,K562,0.0,0.04204823519330233
Hum_XLOC_004343,K562,0.0,0.040278007740660295
Hum_XLOC_004350,K562,0.0,0.040026870379655015
Hum_XLOC_004361,K562,0.0,0.07961489373817648
Hum_XLOC_004363,K562,0.0,0.07972253773857124
Hum_XLOC_004401,K562,0.0,0.03970171395404641
Hum_XLOC_004405,K562,0.0,0.03963109629727922
Hum_XLOC_004407,K562,0.0,0.0
Hum_XLOC_004424,K562,0.0,0.082711706884055
Hum_XLOC_004437,K562,0.0,0.039661545054766344
Hum_XLOC_004446,K562,0.0,0.040938592276487794
Hum_XLOC_004457,K562,0.0,0.040022006175068674
Hum_XLOC_004482,K562,0.0,0.042168009012035136
Hum_XLOC_004502,K562,0.0,0.0
Hum_XLOC_004515,K562,0.0,0.0
Hum_XLOC_004529,K562,0.0,0.0
Hum_XLOC_004535,K562,0.0,0.0
Hum_XLOC_004553,K562,0.0,0.07971009824229004
Hum_XLOC_004566,K562,0.0,0.0
Hum_XLOC_004567,K562,0.0,0.0
Hum_XLOC_004572,K562,0.0,0.08398106544172522
Hum_XLOC_004578,K562,0.0,0.03967999563663371
Hum_XLOC_004580,K562,0.0,0.0
Hum_XLOC_004581,K562,0.0,0.040966699464187774
Hum_XLOC_004587,K562,0.0,0.1590306149343603
Hum_XLOC_004600,K562,0.0,0.1975263195051833
Hum_XLOC_004601,K562,0.0,0.0
Hum_XLOC_004607,K562,0.0,0.03990239486008817
Hum_XLOC_004617,K562,0.0,0.07992257031423265
Hum_XLOC_004619,K562,0.0,0.0
Hum_XLOC_004620,K562,1.0,0.11911771053884113
Hum_XLOC_004632,K562,0.0,0.04057169237374257
Hum_XLOC_004636,K562,0.0,0.07982054788067255
Hum_XLOC_004652,K562,0.0,0.040156248994351725
Hum_XLOC_004653,K562,0.0,0.04171042427943284
Hum_XLOC_004657,K562,0.0,0.12027373682926713
Hum_XLOC_004661,K562,0.0,0.07905095260432504
Hum_XLOC_004683,K562,0.0,0.039483443442988694
Hum_XLOC_004684,K562,0.0,0.07948704145479925
Hum_XLOC_004688,K562,0.0,0.03951000293099895
Hum_XLOC_004689,K562,0.0,0.04022844479104905
Hum_XLOC_004705,K562,0.0,0.07987176203969991
Hum_XLOC_004717,K562,0.0,0.11796533750598473
Hum_XLOC_004718,K562,0.0,0.0
Hum_XLOC_004733,K562,0.0,0.07989716334323309
Hum_XLOC_004741,K562,0.0,0.03948570106586251
Hum_XLOC_004762,K562,0.0,0.15429743826379644
Hum_XLOC_004771,K562,0.0,0.0815085496663532
Hum_XLOC_004777,K562,0.0,0.0
Hum_XLOC_004788,K562,0.0,0.11912476284613305
Hum_XLOC_004791,K562,0.0,0.07854471629302112
Hum_XLOC_004795,K562,0.0,0.03991440834320537
Hum_XLOC_004803,K562,0.0,0.0793358349668865
Hum_XLOC_004805,K562,0.0,0.0
Hum_XLOC_004813,K562,0.0,0.039674164784022
Hum_XLOC_004815,K562,1.0,0.03862752793142569
Hum_XLOC_004822,K562,0.0,0.039599255594283046
Hum_XLOC_004823,K562,0.0,0.04017223627846814
Hum_XLOC_004827,K562,0.0,0.07930691792825056
Hum_XLOC_004837,K562,1.0,0.03927327286551186
Hum_XLOC_004839,K562,0.0,0.08246334250888598
Hum_XLOC_004855,K562,0.0,0.07994037877140871
Hum_XLOC_004874,K562,0.0,0.038860149783922576
Hum_XLOC_004875,K562,0.0,0.0
Hum_XLOC_004878,K562,0.0,0.0
Hum_XLOC_004884,K562,0.0,0.0
Hum_XLOC_004911,K562,0.0,0.038968541961267825
Hum_XLOC_004915,K562,0.0,0.1598921953817693
Hum_XLOC_004927,K562,0.0,0.03990345743705781
Hum_XLOC_004929,K562,0.0,0.0802885560763125
Hum_XLOC_004936,K562,0.0,0.07920239137991046
Hum_XLOC_004957,K562,0.0,0.03959036409159807
Hum_XLOC_004960,K562,0.0,0.0
Hum_XLOC_004965,K562,0.0,0.0
Hum_XLOC_000006,MDA-MB-231,0.0,0.04028507602348839
Hum_XLOC_000008,MDA-MB-231,0.0,0.08020892866799792
Hum_XLOC_000016,MDA-MB-231,0.0,0.0
Hum_XLOC_000030,MDA-MB-231,0.0,0.04675756397553085
Hum_XLOC_000033,MDA-MB-231,0.0,0.0
Hum_XLOC_000039,MDA-MB-231,0.0,0.04024056167259427
Hum_XLOC_000053,MDA-MB-231,0.0,0.0
Hum_XLOC_000057,MDA-MB-231,0.0,0.0
Hum_XLOC_000060,MDA-MB-231,0.0,0.03913040680534216
Hum_XLOC_000080,MDA-MB-231,0.0,0.04074265415255588
Hum_XLOC_000094,MDA-MB-231,0.0,0.04060297103545048
Hum_XLOC_000100,MDA-MB-231,0.0,0.0
Hum_XLOC_000105,MDA-MB-231,0.0,0.04019651119283211
Hum_XLOC_000107,MDA-MB-231,0.0,0.07980103544205604
Hum_XLOC_000111,MDA-MB-231,0.0,0.039622358486240516
Hum_XLOC_000134,MDA-MB-231,0.0,0.11792117140980425
Hum_XLOC_000143,MDA-MB-231,0.0,0.0
Hum_XLOC_000145,MDA-MB-231,1.0,0.04005609367579668
Hum_XLOC_000149,MDA-MB-231,0.0,0.0
Hum_XLOC_000155,MDA-MB-231,0.0,0.03996866723583597
Hum_XLOC_000169,MDA-MB-231,0.0,0.07986835781077342
Hum_XLOC_000170,MDA-MB-231,0.0,0.03958191417278915
Hum_XLOC_000194,MDA-MB-231,0.0,0.041476224518376306
Hum_XLOC_000201,MDA-MB-231,0.0,0.0
Hum_XLOC_000231,MDA-MB-231,0.0,0.03931852287378682
Hum_XLOC_000233,MDA-MB-231,0.0,0.039535253236263404
Hum_XLOC_000245,MDA-MB-231,0.0,0.040004706327953304
Hum_XLOC_000247,MDA-MB-231,0.0,0.04072681604398068
Hum_XLOC_000248,MDA-MB-231,0.0,0.0
Hum_XLOC_000265,MDA-MB-231,0.0,0.04020544111159617
Hum_XLOC_000282,MDA-MB-231,0.0,0.0
Hum_XLOC_000286,MDA-MB-231,0.0,0.04118545496469015
Hum_XLOC_000292,MDA-MB-231,0.0,0.0
Hum_XLOC_000307,MDA-MB-231,0.0,0.04149413119167758
Hum_XLOC_000308,MDA-MB-231,0.0,0.04076037591198957
Hum_XLOC_000312,MDA-MB-231,0.0,0.0
Hum_XLOC_000314,MDA-MB-231,0.0,0.038123219757293936
Hum_XLOC_000317,MDA-MB-231,0.0,0.039585479471159486
Hum_XLOC_000319,MDA-MB-231,0.0,0.0
Hum_XLOC_000332,MDA-MB-231,0.0,0.0
Hum_XLOC_000338,MDA-MB-231,1.0,0.08121662299609991
Hum_XLOC_000342,MDA-MB-231,0.0,0.039819454289282324
Hum_XLOC_000345,MDA-MB-231,0.0,0.04025221510635876
Hum_XLOC_000362,MDA-MB-231,0.0,0.0
Hum_XLOC_000377,MDA-MB-231,0.0,0.038777292755071725
Hum_XLOC_000390,MDA-MB-231,0.0,0.0
Hum_XLOC_000394,MDA-MB-231,0.0,0.08003700356186602
Hum_XLOC_000411,MDA-MB-231,0.0,0.0
Hum_XLOC_000415,MDA-MB-231,0.0,0.03977530166703014
Hum_XLOC_000430,MDA-MB-231,0.0,0.12129269643081081
Hum_XLOC_000436,MDA-MB-231,0.0,0.03906225715041354
Hum_XLOC_000437,MDA-MB-231,0.0,0.0
Hum_XLOC_000456,MDA-MB-231,1.0,0.08052101997965795
Hum_XLOC_000461,MDA-MB-231,0.0,0.0397227236373717
Hum_XLOC_000462,MDA-MB-231,0.0,0.0
Hum_XLOC_000465,MDA-MB-231,0.0,0.08129801955804028
Hum_XLOC_000472,MDA-MB-231,0.0,0.0
Hum_XLOC_000474,MDA-MB-231,0.0,0.04020520213236035
Hum_XLOC_000478,MDA-MB-231,0.0,0.03926882535677481
Hum_XLOC_000486,MDA-MB-231,0.0,0.03969922399365794
Hum_XLOC_000490,MDA-MB-231,0.0,0.03948085108188528
Hum_XLOC_000498,MDA-MB-231,0.0,0.042061131838835406
Hum_XLOC_000500,MDA-MB-231,0.0,0.0
Hum_XLOC_000510,MDA-MB-231,0.0,0.039040826735085604
Hum_XLOC_000535,MDA-MB-231,0.0,0.03996723151704225
Hum_XLOC_000540,MDA-MB-231,0.0,0.0
Hum_XLOC_000556,MDA-MB-231,0.0,0.07972504047712949
Hum_XLOC_000574,MDA-MB-231,0.0,0.0
Hum_XLOC_000575,MDA-MB-231,0.0,0.04025313851768273
Hum_XLOC_000582,MDA-MB-231,0.0,0.07852561398301296
Hum_XLOC_000590,MDA-MB-231,0.0,0.0
Hum_XLOC_000601,MDA-MB-231,0.0,0.03964069617804318
Hum_XLOC_000604,MDA-MB-231,0.0,0.08108476649401775
Hum_XLOC_000608,MDA-MB-231,0.0,0.04045816129781351
Hum_XLOC_000612,MDA-MB-231,0.0,0.039733024728370356
Hum_XLOC_000636,MDA-MB-231,0.0,0.08088618671111523
Hum_XLOC_000638,MDA-MB-231,0.0,0.04029818471928433
Hum_XLOC_000641,MDA-MB-231,0.0,0.03995764618971915
Hum_XLOC_000655,MDA-MB-231,0.0,0.042517875051836386
Hum_XLOC_000668,MDA-MB-231,0.0,0.12067379068794745
Hum_XLOC_000680,MDA-MB-231,0.0,0.0
Hum_XLOC_000681,MDA-MB-231,0.0,0.11953022876059996
Hum_XLOC_000695,MDA-MB-231,0.0,0.12116581146497361
Hum_XLOC_000702,MDA-MB-231,0.0,0.04037127168697758
Hum_XLOC_000726,MDA-MB-231,0.0,0.0
Hum_XLOC_000727,MDA-MB-231,0.0,0.039822313385986664
Hum_XLOC_000758,MDA-MB-231,0.0,0.0
Hum_XLOC_000773,MDA-MB-231,0.0,0.08050181276146216
Hum_XLOC_000774,MDA-MB-231,0.0,0.04123148170911507
Hum_XLOC_000797,MDA-MB-231,0.0,0.04131528673311029
Hum_XLOC_000799,MDA-MB-231,0.0,0.0
Hum_XLOC_000800,MDA-MB-231,0.0,0.07782713872532633
Hum_XLOC_000807,MDA-MB-231,0.0,0.08069650052391476
Hum_XLOC_000818,MDA-MB-231,0.0,0.0
Hum_XLOC_000828,MDA-MB-231,0.0,0.039854167141112756
Hum_XLOC_000831,MDA-MB-231,0.0,0.0
Hum_XLOC_000835,MDA-MB-231,0.0,0.0
Hum_XLOC_000840,MDA-MB-231,0.0,0.0
Hum_XLOC_000841,MDA-MB-231,0.0,0.08119572675610176
Hum_XLOC_000842,MDA-MB-231,0.0,0.0
Hum_XLOC_000854,MDA-MB-231,0.0,0.08068180073248765
Hum_XLOC_000855,MDA-MB-231,0.0,0.0
Hum_XLOC_000883,MDA-MB-231,0.0,0.0
Hum_XLOC_000885,MDA-MB-231,0.0,0.039700096504166414
Hum_XLOC_000905,MDA-MB-231,0.0,0.03996511939323416
Hum_XLOC_000917,MDA-MB-231,0.0,0.0
Hum_XLOC_000925,MDA-MB-231,0.0,0.0
Hum_XLOC_000944,MDA-MB-231,0.0,0.039715544525857946
Hum_XLOC_000949,MDA-MB-231,0.0,0.0
Hum_XLOC_000953,MDA-MB-231,0.0,0.0
Hum_XLOC_000964,MDA-MB-231,0.0,0.040039217297130926
Hum_XLOC_000990,MDA-MB-231,0.0,0.07821530260176893
Hum_XLOC_000994,MDA-MB-231,0.0,0.0409118428177168
Hum_XLOC_001020,MDA-MB-231,0.0,0.04004136510534777
Hum_XLOC_001029,MDA-MB-231,0.0,0.039429966367487516
Hum_XLOC_001066,MDA-MB-231,1.0,0.03991020399545919
Hum_XLOC_001120,MDA-MB-231,0.0,0.039962333828782864
Hum_XLOC_001121,MDA-MB-231,0.0,0.04208738596533342
Hum_XLOC_001122,MDA-MB-231,0.0,0.040103307764364486
Hum_XLOC_001125,MDA-MB-231,0.0,0.08010988881188379
Hum_XLOC_001132,MDA-MB-231,0.0,0.03980666393846689
Hum_XLOC_001138,MDA-MB-231,0.0,0.0
Hum_XLOC_001144,MDA-MB-231,0.0,0.0
Hum_XLOC_001146,MDA-MB-231,0.0,0.04116134801852104
Hum_XLOC_001188,MDA-MB-231,0.0,0.0
Hum_XLOC_001191,MDA-MB-231,0.0,0.0
Hum_XLOC_001192,MDA-MB-231,0.0,0.04230435791866125
Hum_XLOC_001217,MDA-MB-231,0.0,0.0397602848412653
Hum_XLOC_001222,MDA-MB-231,0.0,0.03917763376275434
Hum_XLOC_001228,MDA-MB-231,0.0,0.04031443107364998
Hum_XLOC_001230,MDA-MB-231,0.0,0.03997313975234805
Hum_XLOC_001237,MDA-MB-231,0.0,0.03985451059407567
Hum_XLOC_001243,MDA-MB-231,0.0,0.039725212417035215
Hum_XLOC_001275,MDA-MB-231,0.0,0.03982680202203193
Hum_XLOC_001279,MDA-MB-231,0.0,0.0
Hum_XLOC_001291,MDA-MB-231,0.0,0.1159213673021221
Hum_XLOC_001296,MDA-MB-231,0.0,0.0
Hum_XLOC_001297,MDA-MB-231,0.0,0.07959753665782103
Hum_XLOC_001309,MDA-MB-231,0.0,0.08121131447516675
Hum_XLOC_001329,MDA-MB-231,0.0,0.0
Hum_XLOC_001330,MDA-MB-231,0.0,0.11894508996046413
Hum_XLOC_001355,MDA-MB-231,0.0,0.04070422565039325
Hum_XLOC_001366,MDA-MB-231,0.0,0.07984850718231384
Hum_XLOC_001367,MDA-MB-231,0.0,0.0
Hum_XLOC_001375,MDA-MB-231,0.0,0.04098144343989239
Hum_XLOC_001390,MDA-MB-231,0.0,0.08073754328718183
Hum_XLOC_001405,MDA-MB-231,0.0,0.03991377655321659
Hum_XLOC_001461,MDA-MB-231,0.0,0.03970480025300164
Hum_XLOC_001465,MDA-MB-231,0.0,0.03992329366877412
Hum_XLOC_001488,MDA-MB-231,0.0,0.07898912898057991
Hum_XLOC_001490,MDA-MB-231,0.0,0.0
Hum_XLOC_001509,MDA-MB-231,0.0,0.0
Hum_XLOC_001516,MDA-MB-231,0.0,0.04171428743816023
Hum_XLOC_001532,MDA-MB-231,0.0,0.03972194162957533
Hum_XLOC_001539,MDA-MB-231,0.0,0.07938147630974145
Hum_XLOC_001541,MDA-MB-231,0.0,0.08415943868205508
Hum_XLOC_001542,MDA-MB-231,0.0,0.03874809613903739
Hum_XLOC_001548,MDA-MB-231,0.0,0.039920920979594356
Hum_XLOC_001559,MDA-MB-231,0.0,0.08040263316198204
Hum_XLOC_001565,MDA-MB-231,0.0,0.0
Hum_XLOC_001566,MDA-MB-231,0.0,0.0
Hum_XLOC_001575,MDA-MB-231,0.0,0.04098820450910344
Hum_XLOC_001580,MDA-MB-231,0.0,0.040651266276876555
Hum_XLOC_001590,MDA-MB-231,0.0,0.0797333942999009
Hum_XLOC_001615,MDA-MB-231,0.0,0.0
Hum_XLOC_001624,MDA-MB-231,0.0,0.0
Hum_XLOC_001639,MDA-MB-231,0.0,0.08000596793152444
Hum_XLOC_001661,MDA-MB-231,0.0,0.039431824914981733
Hum_XLOC_001666,MDA-MB-231,0.0,0.0
Hum_XLOC_001668,MDA-MB-231,0.0,0.08022594347059768
Hum_XLOC_001688,MDA-MB-231,0.0,0.12073733474506135
Hum_XLOC_001689,MDA-MB-231,0.0,0.039271561554650614
Hum_XLOC_001695,MDA-MB-231,0.0,0.0
Hum_XLOC_001696,MDA-MB-231,0.0,0.0
Hum_XLOC_001698,MDA-MB-231,0.0,0.03849613152158932
Hum_XLOC_001707,MDA-MB-231,0.0,0.08175859868721418
Hum_XLOC_001760,MDA-MB-231,0.0,0.0793516019754064
Hum_XLOC_001761,MDA-MB-231,1.0,0.08026182694680023
Hum_XLOC_001773,MDA-MB-231,0.0,0.04093667762346973
Hum_XLOC_001775,MDA-MB-231,0.0,0.11659436926846327
Hum_XLOC_001779,MDA-MB-231,1.0,0.03935163337006647
Hum_XLOC_001783,MDA-MB-231,0.0,0.07996935997301535
Hum_XLOC_001791,MDA-MB-231,1.0,0.0
Hum_XLOC_001805,MDA-MB-231,0.0,0.0
Hum_XLOC_001809,MDA-MB-231,0.0,0.03927551257105558
Hum_XLOC_001848,MDA-MB-231,0.0,0.03929392538679242
Hum_XLOC_001919,MDA-MB-231,0.0,0.040122007433781914
Hum_XLOC_001941,MDA-MB-231,0.0,0.0
Hum_XLOC_001942,MDA-MB-231,0.0,0.039200648870515734
Hum_XLOC_001949,MDA-MB-231,0.0,0.0
Hum_XLOC_001950,MDA-MB-231,0.0,0.03975675953248701
Hum_XLOC_001953,MDA-MB-231,0.0,0.04048413929655923
Hum_XLOC_001957,MDA-MB-231,0.0,0.0
Hum_XLOC_001961,MDA-MB-231,0.0,0.08063205204429992
Hum_XLOC_001969,MDA-MB-231,0.0,0.03875263861526157
Hum_XLOC_002024,MDA-MB-231,0.0,0.07855758458741065
Hum_XLOC_002028,MDA-MB-231,0.0,0.04015526177540487
Hum_XLOC_002033,MDA-MB-231,0.0,0.0413277957791772
Hum_XLOC_002036,MDA-MB-231,0.0,0.0
Hum_XLOC_002037,MDA-MB-231,0.0,0.0
Hum_XLOC_002041,MDA-MB-231,0.0,0.03961714114220502
Hum_XLOC_002059,MDA-MB-231,0.0,0.0
Hum_XLOC_002061,MDA-MB-231,0.0,0.08019984857871029
Hum_XLOC_002068,MDA-MB-231,0.0,0.0
Hum_XLOC_002081,MDA-MB-231,0.0,0.0
Hum_XLOC_002093,MDA-MB-231,0.0,0.039001392080656616
Hum_XLOC_002099,MDA-MB-231,0.0,0.08057290291769013
Hum_XLOC_002144,MDA-MB-231,0.0,0.07957172074351623
Hum_XLOC_002150,MDA-MB-231,0.0,0.0
Hum_XLOC_002152,MDA-MB-231,0.0,0.039784110010600705
Hum_XLOC_002154,MDA-MB-231,0.0,0.07986736192647896
Hum_XLOC_002169,MDA-MB-231,0.0,0.1614318032058471
Hum_XLOC_002170,MDA-MB-231,0.0,0.08000188785013052
Hum_XLOC_002176,MDA-MB-231,0.0,0.03994490390258221
Hum_XLOC_002178,MDA-MB-231,0.0,0.08006943362598525
Hum_XLOC_002186,MDA-MB-231,0.0,0.08016118880846017
Hum_XLOC_002204,MDA-MB-231,0.0,0.0
Hum_XLOC_002205,MDA-MB-231,0.0,0.03992529606504303
Hum_XLOC_002219,MDA-MB-231,0.0,0.040512246034648286
Hum_XLOC_002244,MDA-MB-231,0.0,0.0795204660457028
Hum_XLOC_002252,MDA-MB-231,0.0,0.07806909654667449
Hum_XLOC_002261,MDA-MB-231,0.0,0.0
Hum_XLOC_002262,MDA-MB-231,0.0,0.0
Hum_XLOC_002265,MDA-MB-231,0.0,0.0
Hum_XLOC_002271,MDA-MB-231,0.0,0.11986310151044982
Hum_XLOC_002280,MDA-MB-231,0.0,0.041630285651521104
Hum_XLOC_002282,MDA-MB-231,0.0,0.07752526770331265
Hum_XLOC_002283,MDA-MB-231,0.0,0.0
Hum_XLOC_002284,MDA-MB-231,0.0,0.07907531191188927
Hum_XLOC_002294,MDA-MB-231,0.0,0.04049315193924442
Hum_XLOC_002296,MDA-MB-231,0.0,0.0
Hum_XLOC_002299,MDA-MB-231,0.0,0.0
Hum_XLOC_002301,MDA-MB-231,0.0,0.040333816316019365
Hum_XLOC_002306,MDA-MB-231,0.0,0.0
Hum_XLOC_002311,MDA-MB-231,1.0,0.03867513762546271
Hum_XLOC_002313,MDA-MB-231,0.0,0.0
Hum_XLOC_002314,MDA-MB-231,0.0,0.03959523283811169
Hum_XLOC_002327,MDA-MB-231,0.0,0.03947074981274176
Hum_XLOC_002330,MDA-MB-231,0.0,0.0
Hum_XLOC_002338,MDA-MB-231,0.0,0.04292796887938992
Hum_XLOC_002344,MDA-MB-231,0.0,0.11827987117647357
Hum_XLOC_002347,MDA-MB-231,0.0,0.0
Hum_XLOC_002348,MDA-MB-231,0.0,0.15965586862451459
Hum_XLOC_002362,MDA-MB-231,0.0,0.039443701778988295
Hum_XLOC_002364,MDA-MB-231,0.0,0.08078992224728336
Hum_XLOC_002383,MDA-MB-231,0.0,0.0
Hum_XLOC_002386,MDA-MB-231,0.0,0.1195108531212299
Hum_XLOC_002390,MDA-MB-231,0.0,0.0
Hum_XLOC_002394,MDA-MB-231,0.0,0.03988947742134862
Hum_XLOC_002398,MDA-MB-231,0.0,0.0
Hum_XLOC_002399,MDA-MB-231,0.0,0.0
Hum_XLOC_002408,MDA-MB-231,0.0,0.0
Hum_XLOC_002414,MDA-MB-231,0.0,0.08009609651945473
Hum_XLOC_002418,MDA-MB-231,0.0,0.03987250764471594
Hum_XLOC_002435,MDA-MB-231,0.0,0.039793483216865766
Hum_XLOC_002440,MDA-MB-231,0.0,0.039520499351104625
Hum_XLOC_002489,MDA-MB-231,0.0,0.11710823456211593
Hum_XLOC_002490,MDA-MB-231,0.0,0.03889177211207889
Hum_XLOC_002493,MDA-MB-231,0.0,0.07905570670225186
Hum_XLOC_002520,MDA-MB-231,0.0,0.04268085078468837
Hum_XLOC_002524,MDA-MB-231,0.0,0.046819722220445316
Hum_XLOC_002546,MDA-MB-231,0.0,0.038950249341241396
Hum_XLOC_002560,MDA-MB-231,0.0,0.0418236719420889
Hum_XLOC_002570,MDA-MB-231,0.0,0.045410709676479456
Hum_XLOC_002577,MDA-MB-231,0.0,0.0
Hum_XLOC_002579,MDA-MB-231,1.0,0.04039466933399803
Hum_XLOC_002586,MDA-MB-231,0.0,0.0
Hum_XLOC_002589,MDA-MB-231,0.0,0.0
Hum_XLOC_002629,MDA-MB-231,0.0,0.0
Hum_XLOC_002631,MDA-MB-231,0.0,0.04155027624660501
Hum_XLOC_002635,MDA-MB-231,0.0,0.0
Hum_XLOC_002644,MDA-MB-231,0.0,0.041079310619659054
Hum_XLOC_002646,MDA-MB-231,0.0,0.04105169313428749
Hum_XLOC_002653,MDA-MB-231,0.0,0.0
Hum_XLOC_002681,MDA-MB-231,0.0,0.041656553477078063
Hum_XLOC_002695,MDA-MB-231,0.0,0.0
Hum_XLOC_002702,MDA-MB-231,0.0,0.07948618250296678
Hum_XLOC_002705,MDA-MB-231,0.0,0.0
Hum_XLOC_002711,MDA-MB-231,0.0,0.0
Hum_XLOC_002714,MDA-MB-231,0.0,0.04085362730433538
Hum_XLOC_002717,MDA-MB-231,0.0,0.045645111692732165
Hum_XLOC_002725,MDA-MB-231,0.0,0.0
Hum_XLOC_002741,MDA-MB-231,0.0,0.03973888490293617
Hum_XLOC_002742,MDA-MB-231,0.0,0.0
Hum_XLOC_002744,MDA-MB-231,0.0,0.07969968876518885
Hum_XLOC_002760,MDA-MB-231,0.0,0.03881752908225219
Hum_XLOC_002788,MDA-MB-231,0.0,0.04050882513128977
Hum_XLOC_002792,MDA-MB-231,0.0,0.04047725035179177
Hum_XLOC_002796,MDA-MB-231,0.0,0.039515307216527004
Hum_XLOC_002817,MDA-MB-231,0.0,0.04044553056503672
Hum_XLOC_002836,MDA-MB-231,1.0,0.12826736444606165
Hum_XLOC_002844,MDA-MB-231,0.0,0.039918188608618926
Hum_XLOC_002845,MDA-MB-231,0.0,0.0
Hum_XLOC_002859,MDA-MB-231,0.0,0.12168960526833537
Hum_XLOC_002889,MDA-MB-231,1.0,0.0
Hum_XLOC_002911,MDA-MB-231,0.0,0.0
Hum_XLOC_002935,MDA-MB-231,0.0,0.12074284903151684
Hum_XLOC_002937,MDA-MB-231,0.0,0.04052600257524884
Hum_XLOC_002967,MDA-MB-231,0.0,0.0
Hum_XLOC_002983,MDA-MB-231,0.0,0.038837792240010716
Hum_XLOC_002986,MDA-MB-231,0.0,0.03919281146046526
Hum_XLOC_002990,MDA-MB-231,0.0,0.0
Hum_XLOC_003039,MDA-MB-231,0.0,0.11980038635349112
Hum_XLOC_003061,MDA-MB-231,0.0,0.04001033498077241
Hum_XLOC_003086,MDA-MB-231,1.0,0.0
Hum_XLOC_003099,MDA-MB-231,0.0,0.03962216480607816
Hum_XLOC_003109,MDA-MB-231,0.0,0.07974113311697312
Hum_XLOC_003128,MDA-MB-231,0.0,0.04127929621238731
Hum_XLOC_003134,MDA-MB-231,0.0,0.0
Hum_XLOC_003137,MDA-MB-231,0.0,0.040928836727685415
Hum_XLOC_003154,MDA-MB-231,0.0,0.08047859296616408
Hum_XLOC_003155,MDA-MB-231,0.0,0.0
Hum_XLOC_003171,MDA-MB-231,0.0,0.039819640117100916
Hum_XLOC_003209,MDA-MB-231,0.0,0.039851366114306244
Hum_XLOC_003215,MDA-MB-231,0.0,0.040005090976790794
Hum_XLOC_003221,MDA-MB-231,0.0,0.08066880045471059
Hum_XLOC_003232,MDA-MB-231,0.0,0.08025760909240447
Hum_XLOC_003268,MDA-MB-231,0.0,0.039984976375863845
Hum_XLOC_003269,MDA-MB-231,0.0,0.08022376953425224
Hum_XLOC_003286,MDA-MB-231,0.0,0.0
Hum_XLOC_003290,MDA-MB-231,0.0,0.0
Hum_XLOC_003294,MDA-MB-231,0.0,0.0
Hum_XLOC_003321,MDA-MB-231,0.0,0.04067268049628031
Hum_XLOC_003324,MDA-MB-231,0.0,0.03938051979937138
Hum_XLOC_003334,MDA-MB-231,0.0,0.07605790941207166
Hum_XLOC_003337,MDA-MB-231,0.0,0.07982256861724096
Hum_XLOC_003338,MDA-MB-231,0.0,0.040032750795900615
Hum_XLOC_003352,MDA-MB-231,0.0,0.04073120397883905
Hum_XLOC_003357,MDA-MB-231,0.0,0.039719053772272944
Hum_XLOC_003361,MDA-MB-231,0.0,0.04028198932289522
Hum_XLOC_003371,MDA-MB-231,0.0,0.03997068004606747
Hum_XLOC_003381,MDA-MB-231,0.0,0.03931658133518097
Hum_XLOC_003408,MDA-MB-231,0.0,0.0
Hum_XLOC_003436,MDA-MB-231,0.0,0.0
Hum_XLOC_003440,MDA-MB-231,0.0,0.0
Hum_XLOC_003450,MDA-MB-231,0.0,0.04044980098230608
Hum_XLOC_003466,MDA-MB-231,0.0,0.0
Hum_XLOC_003488,MDA-MB-231,0.0,0.03897029770735009
Hum_XLOC_003491,MDA-MB-231,0.0,0.038927177382417126
Hum_XLOC_003497,MDA-MB-231,0.0,0.0
Hum_XLOC_003498,MDA-MB-231,0.0,0.03947340580592556
Hum_XLOC_003502,MDA-MB-231,0.0,0.07985694444786925
Hum_XLOC_003518,MDA-MB-231,0.0,0.03997431606247092
Hum_XLOC_003532,MDA-MB-231,0.0,0.040076872499568233
Hum_XLOC_003543,MDA-MB-231,0.0,0.03906792053034827
Hum_XLOC_003554,MDA-MB-231,0.0,0.03828642753057612
Hum_XLOC_003563,MDA-MB-231,0.0,0.08148171737688664
Hum_XLOC_003567,MDA-MB-231,0.0,0.03936874193600588
Hum_XLOC_003568,MDA-MB-231,0.0,0.0
Hum_XLOC_003570,MDA-MB-231,0.0,0.0
Hum_XLOC_003571,MDA-MB-231,0.0,0.039505497566051276
Hum_XLOC_003593,MDA-MB-231,0.0,0.0
Hum_XLOC_003594,MDA-MB-231,0.0,0.04125081740013604
Hum_XLOC_003598,MDA-MB-231,0.0,0.0
Hum_XLOC_003626,MDA-MB-231,0.0,0.0
Hum_XLOC_003628,MDA-MB-231,0.0,0.03935631530135412
Hum_XLOC_003630,MDA-MB-231,0.0,0.08011951750948054
Hum_XLOC_003641,MDA-MB-231,0.0,0.0
Hum_XLOC_003662,MDA-MB-231,0.0,0.041214906653381865
Hum_XLOC_003665,MDA-MB-231,0.0,0.0
Hum_XLOC_003672,MDA-MB-231,0.0,0.0
Hum_XLOC_003673,MDA-MB-231,0.0,0.03966658282947581
Hum_XLOC_003674,MDA-MB-231,0.0,0.039926026841298125
Hum_XLOC_003676,MDA-MB-231,0.0,0.12171334413219072
Hum_XLOC_003686,MDA-MB-231,0.0,0.0
Hum_XLOC_003697,MDA-MB-231,0.0,0.0395813493112304
Hum_XLOC_003717,MDA-MB-231,0.0,0.04123329019780545
Hum_XLOC_003725,MDA-MB-231,0.0,0.04004607204650511
Hum_XLOC_003743,MDA-MB-231,0.0,0.0
Hum_XLOC_003754,MDA-MB-231,0.0,0.03986923601560477
Hum_XLOC_003766,MDA-MB-231,0.0,0.04035958245000869
Hum_XLOC_003775,MDA-MB-231,0.0,0.04002350969142628
Hum_XLOC_003790,MDA-MB-231,0.0,0.03978099680930187
Hum_XLOC_003799,MDA-MB-231,1.0,0.07957382224878896
Hum_XLOC_003853,MDA-MB-231,0.0,0.07971101153911773
Hum_XLOC_003865,MDA-MB-231,0.0,0.0
Hum_XLOC_003871,MDA-MB-231,0.0,0.12019216638600318
Hum_XLOC_003891,MDA-MB-231,0.0,0.0
Hum_XLOC_003892,MDA-MB-231,0.0,0.040793319951297195
Hum_XLOC_003910,MDA-MB-231,0.0,0.040325634668387324
Hum_XLOC_003911,MDA-MB-231,0.0,0.0
Hum_XLOC_003952,MDA-MB-231,0.0,0.0396441367791818
Hum_XLOC_003971,MDA-MB-231,0.0,0.0793433996825194
Hum_XLOC_003988,MDA-MB-231,0.0,0.0
Hum_XLOC_004020,MDA-MB-231,0.0,0.038473968138437745
Hum_XLOC_004035,MDA-MB-231,0.0,0.04002071216753747
Hum_XLOC_004036,MDA-MB-231,1.0,0.040110959267645616
Hum_XLOC_004048,MDA-MB-231,0.0,0.11937297468425527
Hum_XLOC_004068,MDA-MB-231,0.0,0.11939284833964196
Hum_XLOC_004069,MDA-MB-231,0.0,0.0
Hum_XLOC_004095,MDA-MB-231,0.0,0.0
Hum_XLOC_004096,MDA-MB-231,0.0,0.04186912033516823
Hum_XLOC_004116,MDA-MB-231,0.0,0.03995070579872346
Hum_XLOC_004123,MDA-MB-231,0.0,0.03958976558466745
Hum_XLOC_004134,MDA-MB-231,0.0,0.0393934961425773
Hum_XLOC_004161,MDA-MB-231,0.0,0.0
Hum_XLOC_004168,MDA-MB-231,0.0,0.03939328305235647
Hum_XLOC_004169,MDA-MB-231,0.0,0.039857088848357765
Hum_XLOC_004177,MDA-MB-231,0.0,0.0
Hum_XLOC_004200,MDA-MB-231,0.0,0.07954089633599247
Hum_XLOC_004201,MDA-MB-231,0.0,0.11987524182822046
Hum_XLOC_004219,MDA-MB-231,0.0,0.039792303782141276
Hum_XLOC_004226,MDA-MB-231,0.0,0.07964967153650038
Hum_XLOC_004227,MDA-MB-231,0.0,0.04031386248593728
Hum_XLOC_004236,MDA-MB-231,0.0,0.07969538305977783
Hum_XLOC_004254,MDA-MB-231,1.0,0.040894092993715304
Hum_XLOC_004255,MDA-MB-231,0.0,0.04023054654695007
Hum_XLOC_004262,MDA-MB-231,1.0,0.07922303460694398
Hum_XLOC_004269,MDA-MB-231,0.0,0.040579246207903256
Hum_XLOC_004277,MDA-MB-231,0.0,0.07757293858400341
Hum_XLOC_004278,MDA-MB-231,0.0,0.07863934580746025
Hum_XLOC_004282,MDA-MB-231,0.0,0.0
Hum_XLOC_004287,MDA-MB-231,0.0,0.0
Hum_XLOC_004293,MDA-MB-231,0.0,0.03938838281629801
Hum_XLOC_004302,MDA-MB-231,0.0,0.0
Hum_XLOC_004303,MDA-MB-231,0.0,0.03995076649268262
Hum_XLOC_004306,MDA-MB-231,0.0,0.0
Hum_XLOC_004309,MDA-MB-231,0.0,0.0
Hum_XLOC_004314,MDA-MB-231,0.0,0.04025997855500021
Hum_XLOC_004317,MDA-MB-231,0.0,0.1185148762047086
Hum_XLOC_004336,MDA-MB-231,0.0,0.0
Hum_XLOC_004343,MDA-MB-231,0.0,0.03947361734427811
Hum_XLOC_004350,MDA-MB-231,0.0,0.08009001023733302
Hum_XLOC_004361,MDA-MB-231,0.0,0.0
Hum_XLOC_004363,MDA-MB-231,0.0,0.0
Hum_XLOC_004401,MDA-MB-231,0.0,0.0
Hum_XLOC_004405,MDA-MB-231,0.0,0.0
Hum_XLOC_004407,MDA-MB-231,0.0,0.04031212040592509
Hum_XLOC_004424,MDA-MB-231,0.0,0.03873761290778021
Hum_XLOC_004437,MDA-MB-231,0.0,0.0
Hum_XLOC_004446,MDA-MB-231,0.0,0.03938295226537774
Hum_XLOC_004457,MDA-MB-231,0.0,0.0
Hum_XLOC_004482,MDA-MB-231,0.0,0.04228955511908341
Hum_XLOC_004502,MDA-MB-231,0.0,0.04285948434167231
Hum_XLOC_004515,MDA-MB-231,0.0,0.155868267867056
Hum_XLOC_004529,MDA-MB-231,0.0,0.0
Hum_XLOC_004535,MDA-MB-231,0.0,0.0
Hum_XLOC_004553,MDA-MB-231,0.0,0.04033204110902342
Hum_XLOC_004566,MDA-MB-231,0.0,0.0
Hum_XLOC_004567,MDA-MB-231,0.0,0.039883109733784075
Hum_XLOC_004572,MDA-MB-231,1.0,0.03861728486688209
Hum_XLOC_004578,MDA-MB-231,0.0,0.0
Hum_XLOC_004580,MDA-MB-231,0.0,0.03977596915712069
Hum_XLOC_004581,MDA-MB-231,0.0,0.11923976384833662
Hum_XLOC_004587,MDA-MB-231,0.0,0.04100163296553178
Hum_XLOC_004600,MDA-MB-231,0.0,0.07953699945458677
Hum_XLOC_004601,MDA-MB-231,0.0,0.08014768261876658
Hum_XLOC_004607,MDA-MB-231,0.0,0.04115233730285207
Hum_XLOC_004617,MDA-MB-231,0.0,0.0
Hum_XLOC_004619,MDA-MB-231,0.0,0.0
Hum_XLOC_004620,MDA-MB-231,0.0,0.039954264041709216
Hum_XLOC_004632,MDA-MB-231,0.0,0.0785758212965483
Hum_XLOC_004636,MDA-MB-231,0.0,0.039843548854084455
Hum_XLOC_004652,MDA-MB-231,0.0,0.08082692276144765
Hum_XLOC_004653,MDA-MB-231,0.0,0.07809640068864807
Hum_XLOC_004657,MDA-MB-231,1.0,0.07981203758304382
Hum_XLOC_004661,MDA-MB-231,0.0,0.03984016630122656
Hum_XLOC_004683,MDA-MB-231,0.0,0.0
Hum_XLOC_004684,MDA-MB-231,0.0,0.0795326854892195
Hum_XLOC_004688,MDA-MB-231,0.0,0.0395173613032196
Hum_XLOC_004689,MDA-MB-231,0.0,0.0
Hum_XLOC_004705,MDA-MB-231,0.0,0.07991853555598853
Hum_XLOC_004717,MDA-MB-231,0.0,0.03979644234778365
Hum_XLOC_004718,MDA-MB-231,0.0,0.0
Hum_XLOC_004733,MDA-MB-231,0.0,0.0
Hum_XLOC_004741,MDA-MB-231,0.0,0.0
Hum_XLOC_004762,MDA-MB-231,0.0,0.04453944176134059
Hum_XLOC_004771,MDA-MB-231,0.0,0.039654715777852234
Hum_XLOC_004777,MDA-MB-231,0.0,0.0
Hum_XLOC_004788,MDA-MB-231,0.0,0.07916885808849684
Hum_XLOC_004791,MDA-MB-231,0.0,0.04013086693846907
Hum_XLOC_004795,MDA-MB-231,0.0,0.11864197123765537
Hum_XLOC_004803,MDA-MB-231,0.0,0.08004608280323137
Hum_XLOC_004805,MDA-MB-231,0.0,0.0
Hum_XLOC_004813,MDA-MB-231,0.0,0.039846173417377735
Hum_XLOC_004815,MDA-MB-231,0.0,0.0786660784708112
Hum_XLOC_004822,MDA-MB-231,0.0,0.07942139447839563
Hum_XLOC_004823,MDA-MB-231,0.0,0.04034371640798943
Hum_XLOC_004827,MDA-MB-231,0.0,0.03932357981934227
Hum_XLOC_004837,MDA-MB-231,0.0,0.08023165008807596
Hum_XLOC_004839,MDA-MB-231,0.0,0.0408780547682726
Hum_XLOC_004855,MDA-MB-231,0.0,0.040032695283796466
Hum_XLOC_004874,MDA-MB-231,0.0,0.07801765798944417
Hum_XLOC_004875,MDA-MB-231,0.0,0.07792666331060573
Hum_XLOC_004878,MDA-MB-231,0.0,0.03890756280472972
Hum_XLOC_004884,MDA-MB-231,1.0,0.0
Hum_XLOC_004911,MDA-MB-231,0.0,0.07919927466727716
Hum_XLOC_004915,MDA-MB-231,0.0,0.04009204022852091
Hum_XLOC_004927,MDA-MB-231,1.0,0.07999803187758822
Hum_XLOC_004929,MDA-MB-231,0.0,0.0
Hum_XLOC_004936,MDA-MB-231,0.0,0.0
Hum_XLOC_004957,MDA-MB-231,0.0,0.0
Hum_XLOC_004960,MDA-MB-231,0.0,0.07887396220560403
Hum_XLOC_004965,MDA-MB-231,0.0,0.07651871618691841
Hum_XLOC_000006,THP1,0.0,0.0
Hum_XLOC_000008,THP1,0.0,0.0
Hum_XLOC_000016,THP1,0.0,0.039268594653670524
Hum_XLOC_000030,THP1,0.0,0.04675539454735045
Hum_XLOC_000033,THP1,0.0,0.04121132299492007
Hum_XLOC_000039,THP1,0.0,0.08035999745659424
Hum_XLOC_000053,THP1,0.0,0.0
Hum_XLOC_000057,THP1,0.0,0.08037306523289493
Hum_XLOC_000060,THP1,0.0,0.039610458476902984
Hum_XLOC_000080,THP1,0.0,0.0
Hum_XLOC_000094,THP1,0.0,0.040705412935529095
Hum_XLOC_000100,THP1,0.0,0.08081803360803937
Hum_XLOC_000105,THP1,0.0,0.039567073357638226
Hum_XLOC_000107,THP1,0.0,0.0
Hum_XLOC_000111,THP1,0.0,0.08195749219266715
Hum_XLOC_000134,THP1,0.0,0.039497088421955456
Hum_XLOC_000143,THP1,0.0,0.07984549501356604
Hum_XLOC_000145,THP1,0.0,0.03935287300855271
Hum_XLOC_000149,THP1,0.0,0.03999931990121281
Hum_XLOC_000155,THP1,0.0,0.0
Hum_XLOC_000169,THP1,0.0,0.04023167335314205
Hum_XLOC_000170,THP1,0.0,0.03973297128243337
Hum_XLOC_000194,THP1,0.0,0.0777211695757618
Hum_XLOC_000201,THP1,0.0,0.04004736206531862
Hum_XLOC_000231,THP1,0.0,0.03930869407553319
Hum_XLOC_000233,THP1,0.0,0.039681010257156084
Hum_XLOC_000245,THP1,0.0,0.12178723516364674
Hum_XLOC_000247,THP1,0.0,0.04045233624679768
Hum_XLOC_000248,THP1,0.0,0.04013500713512928
Hum_XLOC_000265,THP1,0.0,0.0
Hum_XLOC_000282,THP1,0.0,0.08213243952248186
Hum_XLOC_000286,THP1,0.0,0.0
Hum_XLOC_000292,THP1,0.0,0.040715494792492445
Hum_XLOC_000307,THP1,0.0,0.040084196743748454
Hum_XLOC_000308,THP1,0.0,0.03929274615713148
Hum_XLOC_000312,THP1,0.0,0.0
Hum_XLOC_000314,THP1,0.0,0.07636356345291759
Hum_XLOC_000317,THP1,0.0,0.0
Hum_XLOC_000319,THP1,0.0,0.08045490750904272
Hum_XLOC_000332,THP1,0.0,0.04007870050390823
Hum_XLOC_000338,THP1,1.0,0.039813119690439665
Hum_XLOC_000342,THP1,0.0,0.07938575856732609
Hum_XLOC_000345,THP1,0.0,0.07967446756605406
Hum_XLOC_000362,THP1,0.0,0.07950601692347102
Hum_XLOC_000377,THP1,0.0,0.12434325558944426
Hum_XLOC_000390,THP1,0.0,0.08148770018164903
Hum_XLOC_000394,THP1,0.0,0.039433449215268535
Hum_XLOC_000411,THP1,0.0,0.0
Hum_XLOC_000415,THP1,0.0,0.039817108161369616
Hum_XLOC_000430,THP1,0.0,0.0
Hum_XLOC_000436,THP1,1.0,0.039533694070430406
Hum_XLOC_000437,THP1,0.0,0.0
Hum_XLOC_000456,THP1,1.0,0.04035845363426694
Hum_XLOC_000461,THP1,0.0,0.07945978038416644
Hum_XLOC_000462,THP1,0.0,0.07849960216687218
Hum_XLOC_000465,THP1,0.0,0.038675955054048576
Hum_XLOC_000472,THP1,0.0,0.07996814583049533
Hum_XLOC_000474,THP1,0.0,0.03965156850622303
Hum_XLOC_000478,THP1,0.0,0.07988857977892333
Hum_XLOC_000486,THP1,0.0,0.0
Hum_XLOC_000490,THP1,0.0,0.0809382619109331
Hum_XLOC_000498,THP1,0.0,0.07937587431633156
Hum_XLOC_000500,THP1,0.0,0.039667581068157834
Hum_XLOC_000510,THP1,0.0,0.04080859006736181
Hum_XLOC_000535,THP1,0.0,0.039934535194505495
Hum_XLOC_000540,THP1,0.0,0.039543884224695736
Hum_XLOC_000556,THP1,0.0,0.0
Hum_XLOC_000574,THP1,0.0,0.0
Hum_XLOC_000575,THP1,0.0,0.0
Hum_XLOC_000582,THP1,0.0,0.0
Hum_XLOC_000590,THP1,0.0,0.03974038433048178
Hum_XLOC_000601,THP1,0.0,0.0
Hum_XLOC_000604,THP1,0.0,0.041277686427068826
Hum_XLOC_000608,THP1,0.0,0.0
Hum_XLOC_000612,THP1,0.0,0.11921744888768934
Hum_XLOC_000636,THP1,1.0,0.0
Hum_XLOC_000638,THP1,0.0,0.04018403232439741
Hum_XLOC_000641,THP1,0.0,0.0796233253065678
Hum_XLOC_000655,THP1,0.0,0.039863014461794674
Hum_XLOC_000668,THP1,0.0,0.03918199529921031
Hum_XLOC_000680,THP1,0.0,0.07990121436026025
Hum_XLOC_000681,THP1,0.0,0.0
Hum_XLOC_000695,THP1,0.0,0.0
Hum_XLOC_000702,THP1,0.0,0.0397813160411548
Hum_XLOC_000726,THP1,0.0,0.040199341247825496
Hum_XLOC_000727,THP1,0.0,0.03982903645140221
Hum_XLOC_000758,THP1,0.0,0.0
Hum_XLOC_000773,THP1,0.0,0.0
Hum_XLOC_000774,THP1,0.0,0.03967692885770076
Hum_XLOC_000797,THP1,0.0,0.0
Hum_XLOC_000799,THP1,0.0,0.08348874682372215
Hum_XLOC_000800,THP1,0.0,0.03973109077062036
Hum_XLOC_000807,THP1,0.0,0.0
Hum_XLOC_000818,THP1,0.0,0.04023716766078006
Hum_XLOC_000828,THP1,0.0,0.03960756411660832
Hum_XLOC_000831,THP1,0.0,0.11999930851237234
Hum_XLOC_000835,THP1,0.0,0.0
Hum_XLOC_000840,THP1,0.0,0.0
Hum_XLOC_000841,THP1,0.0,0.0
Hum_XLOC_000842,THP1,0.0,0.08258520212092724
Hum_XLOC_000854,THP1,0.0,0.0
Hum_XLOC_000855,THP1,0.0,0.0
Hum_XLOC_000883,THP1,0.0,0.0
Hum_XLOC_000885,THP1,0.0,0.11851187581766143
Hum_XLOC_000905,THP1,0.0,0.0
Hum_XLOC_000917,THP1,0.0,0.0
Hum_XLOC_000925,THP1,0.0,0.0
Hum_XLOC_000944,THP1,0.0,0.0805448908183745
Hum_XLOC_000949,THP1,0.0,0.07960846702827264
Hum_XLOC_000953,THP1,0.0,0.03925971692124713
Hum_XLOC_000964,THP1,0.0,0.0
Hum_XLOC_000990,THP1,0.0,0.2012536073148471
Hum_XLOC_000994,THP1,0.0,0.0813072904764241
Hum_XLOC_001020,THP1,0.0,0.0405627648452471
Hum_XLOC_001029,THP1,0.0,0.03964161979827238
Hum_XLOC_001066,THP1,0.0,0.03988759395322137
Hum_XLOC_001120,THP1,0.0,0.039674682642557434
Hum_XLOC_001121,THP1,0.0,0.041016709449857136
Hum_XLOC_001122,THP1,0.0,0.0
Hum_XLOC_001125,THP1,0.0,0.0
Hum_XLOC_001132,THP1,0.0,0.040170417089678175
Hum_XLOC_001138,THP1,0.0,0.0395227505829563
Hum_XLOC_001144,THP1,0.0,0.03979534811312701
Hum_XLOC_001146,THP1,0.0,0.16017343069692772
Hum_XLOC_001188,THP1,1.0,0.0399948170166509
Hum_XLOC_001191,THP1,0.0,0.0401284230430978
Hum_XLOC_001192,THP1,0.0,0.08261437658540192
Hum_XLOC_001217,THP1,0.0,0.03985462842704242
Hum_XLOC_001222,THP1,0.0,0.0
Hum_XLOC_001228,THP1,0.0,0.04027074947223008
Hum_XLOC_001230,THP1,0.0,0.0
Hum_XLOC_001237,THP1,0.0,0.0
Hum_XLOC_001243,THP1,0.0,0.0
Hum_XLOC_001275,THP1,0.0,0.04011255673186279
Hum_XLOC_001279,THP1,0.0,0.03949766710871515
Hum_XLOC_001291,THP1,0.0,0.04092374364658035
Hum_XLOC_001296,THP1,0.0,0.0
Hum_XLOC_001297,THP1,0.0,0.043152718707908176
Hum_XLOC_001309,THP1,0.0,0.03933516398892129
Hum_XLOC_001329,THP1,0.0,0.07999858319756538
Hum_XLOC_001330,THP1,0.0,0.039981268369157316
Hum_XLOC_001355,THP1,0.0,0.0
Hum_XLOC_001366,THP1,0.0,0.039052247116133296
Hum_XLOC_001367,THP1,0.0,0.0
Hum_XLOC_001375,THP1,0.0,0.039496156877857375
Hum_XLOC_001390,THP1,0.0,0.11798729998449319
Hum_XLOC_001405,THP1,0.0,0.039818059829730496
Hum_XLOC_001461,THP1,0.0,0.03971305033088051
Hum_XLOC_001465,THP1,0.0,0.0
Hum_XLOC_001488,THP1,0.0,0.07853849441771796
Hum_XLOC_001490,THP1,0.0,0.03976751713755176
Hum_XLOC_001509,THP1,1.0,0.039118641263570605
Hum_XLOC_001516,THP1,0.0,0.04047230527300147
Hum_XLOC_001532,THP1,0.0,0.0
Hum_XLOC_001539,THP1,0.0,0.04006356386528875
Hum_XLOC_001541,THP1,0.0,0.03829493732483219
Hum_XLOC_001542,THP1,0.0,0.12362949186920054
Hum_XLOC_001548,THP1,0.0,0.08089556884428172
Hum_XLOC_001559,THP1,0.0,0.03985622976116259
Hum_XLOC_001565,THP1,0.0,0.16117101544104678
Hum_XLOC_001566,THP1,0.0,0.08074626683599113
Hum_XLOC_001575,THP1,0.0,0.03978241262588553
Hum_XLOC_001580,THP1,0.0,0.04008867329519704
Hum_XLOC_001590,THP1,0.0,0.07978823270837612
Hum_XLOC_001615,THP1,1.0,0.03999509081385834
Hum_XLOC_001624,THP1,0.0,0.08350451955992251
Hum_XLOC_001639,THP1,0.0,0.11939147560682838
Hum_XLOC_001661,THP1,0.0,0.0
Hum_XLOC_001666,THP1,0.0,0.03806392174096284
Hum_XLOC_001668,THP1,0.0,0.03982903752176834
Hum_XLOC_001688,THP1,0.0,0.08061313460953011
Hum_XLOC_001689,THP1,0.0,0.0
Hum_XLOC_001695,THP1,0.0,0.12391595180453363
Hum_XLOC_001696,THP1,0.0,0.0
Hum_XLOC_001698,THP1,0.0,0.0
Hum_XLOC_001707,THP1,0.0,0.0
Hum_XLOC_001760,THP1,0.0,0.07908728357620902
Hum_XLOC_001761,THP1,0.0,0.03960650947786577
Hum_XLOC_001773,THP1,0.0,0.0
Hum_XLOC_001775,THP1,0.0,0.0
Hum_XLOC_001779,THP1,0.0,0.07853356043114068
Hum_XLOC_001783,THP1,0.0,0.0
Hum_XLOC_001791,THP1,0.0,0.0
Hum_XLOC_001805,THP1,0.0,0.12096077471765947
Hum_XLOC_001809,THP1,0.0,0.0407750425051782
Hum_XLOC_001848,THP1,0.0,0.0389977379234557
Hum_XLOC_001919,THP1,0.0,0.08076051860625655
Hum_XLOC_001941,THP1,0.0,0.03950259102380897
Hum_XLOC_001942,THP1,0.0,0.0
Hum_XLOC_001949,THP1,0.0,0.0
Hum_XLOC_001950,THP1,0.0,0.0
Hum_XLOC_001953,THP1,0.0,0.11994397347829426
Hum_XLOC_001957,THP1,0.0,0.0
Hum_XLOC_001961,THP1,1.0,0.0
Hum_XLOC_001969,THP1,0.0,0.11843760242706036
Hum_XLOC_002024,THP1,0.0,0.04030776071816449
Hum_XLOC_002028,THP1,0.0,0.0
Hum_XLOC_002033,THP1,0.0,0.0791846525684255
Hum_XLOC_002036,THP1,0.0,0.08272845585652261
Hum_XLOC_002037,THP1,0.0,0.08134650200061196
Hum_XLOC_002041,THP1,0.0,0.03941593901558459
Hum_XLOC_002059,THP1,0.0,0.07911885660254168
Hum_XLOC_002061,THP1,0.0,0.041157860089900036
Hum_XLOC_002068,THP1,0.0,0.0
Hum_XLOC_002081,THP1,0.0,0.16171531074433917
Hum_XLOC_002093,THP1,0.0,0.07846055100872262
Hum_XLOC_002099,THP1,0.0,0.0
Hum_XLOC_002144,THP1,0.0,0.11934237074385273
Hum_XLOC_002150,THP1,0.0,0.0794345116913352
Hum_XLOC_002152,THP1,0.0,0.0
Hum_XLOC_002154,THP1,0.0,0.04023569536420596
Hum_XLOC_002169,THP1,1.0,0.08033721794777518
Hum_XLOC_002170,THP1,0.0,0.0390256513519129
Hum_XLOC_002176,THP1,0.0,0.04004433149404425
Hum_XLOC_002178,THP1,0.0,0.03985156613173677
Hum_XLOC_002186,THP1,0.0,0.0
Hum_XLOC_002204,THP1,0.0,0.03987862586685399
Hum_XLOC_002205,THP1,0.0,0.04003040772629996
Hum_XLOC_002219,THP1,0.0,0.0
Hum_XLOC_002244,THP1,0.0,0.0
Hum_XLOC_002252,THP1,0.0,0.11838925637580691
Hum_XLOC_002261,THP1,0.0,0.03850180103692524
Hum_XLOC_002262,THP1,0.0,0.0
Hum_XLOC_002265,THP1,0.0,0.0
Hum_XLOC_002271,THP1,0.0,0.0
Hum_XLOC_002280,THP1,0.0,0.0
Hum_XLOC_002282,THP1,0.0,0.15930840504717947
Hum_XLOC_002283,THP1,0.0,0.0
Hum_XLOC_002284,THP1,0.0,0.07897315497066781
Hum_XLOC_002294,THP1,0.0,0.0
Hum_XLOC_002296,THP1,0.0,0.0
Hum_XLOC_002299,THP1,0.0,0.08013122721196879
Hum_XLOC_002301,THP1,0.0,0.04039863826390411
Hum_XLOC_002306,THP1,0.0,0.04054857510804392
Hum_XLOC_002311,THP1,0.0,0.0
Hum_XLOC_002313,THP1,0.0,0.08314315851793654
Hum_XLOC_002314,THP1,0.0,0.07961931618285244
Hum_XLOC_002327,THP1,0.0,0.039330061184132264
Hum_XLOC_002330,THP1,0.0,0.08000117529141482
Hum_XLOC_002338,THP1,0.0,0.04115088509317349
Hum_XLOC_002344,THP1,0.0,0.0
Hum_XLOC_002347,THP1,0.0,0.0
Hum_XLOC_002348,THP1,0.0,0.16093642887491116
Hum_XLOC_002362,THP1,0.0,0.039513106369938565
Hum_XLOC_002364,THP1,0.0,0.0
Hum_XLOC_002383,THP1,0.0,0.08147183715927878
Hum_XLOC_002386,THP1,0.0,0.0
Hum_XLOC_002390,THP1,0.0,0.04058939930047705
Hum_XLOC_002394,THP1,0.0,0.0403433021893709
Hum_XLOC_002398,THP1,0.0,0.12116223496802499
Hum_XLOC_002399,THP1,0.0,0.08145342646932031
Hum_XLOC_002408,THP1,0.0,0.07851287885901094
Hum_XLOC_002414,THP1,0.0,0.03883937322323549
Hum_XLOC_002418,THP1,0.0,0.0
Hum_XLOC_002435,THP1,0.0,0.0
Hum_XLOC_002440,THP1,0.0,0.07966188416170028
Hum_XLOC_002489,THP1,0.0,0.15892663083219127
Hum_XLOC_002490,THP1,0.0,0.07745116364279467
Hum_XLOC_002493,THP1,0.0,0.03945571695782631
Hum_XLOC_002520,THP1,0.0,0.04279183488495855
Hum_XLOC_002524,THP1,0.0,0.04688084611045106
Hum_XLOC_002546,THP1,0.0,0.03890986493026056
Hum_XLOC_002560,THP1,0.0,0.03996797701594992
Hum_XLOC_002570,THP1,0.0,0.04558296056521449
Hum_XLOC_002577,THP1,0.0,0.0823934487060865
Hum_XLOC_002579,THP1,0.0,0.0
Hum_XLOC_002586,THP1,0.0,0.040450145876562336
Hum_XLOC_002589,THP1,0.0,0.0
Hum_XLOC_002629,THP1,0.0,0.07997266546901688
Hum_XLOC_002631,THP1,0.0,0.07817117347550567
Hum_XLOC_002635,THP1,0.0,0.0
Hum_XLOC_002644,THP1,0.0,0.07885657016396072
Hum_XLOC_002646,THP1,0.0,0.07757785839260757
Hum_XLOC_002653,THP1,0.0,0.0
Hum_XLOC_002681,THP1,0.0,0.04142931816717217
Hum_XLOC_002695,THP1,0.0,0.040234359214142604
Hum_XLOC_002702,THP1,0.0,0.0397412184944242
Hum_XLOC_002705,THP1,0.0,0.039915518527470606
Hum_XLOC_002711,THP1,0.0,0.03869943523157145
Hum_XLOC_002714,THP1,0.0,0.03966887164632243
Hum_XLOC_002717,THP1,0.0,0.0379984955231006
Hum_XLOC_002725,THP1,0.0,0.0
Hum_XLOC_002741,THP1,0.0,0.11932191888063377
Hum_XLOC_002742,THP1,0.0,0.03988068178998991
Hum_XLOC_002744,THP1,0.0,0.07962315286370611
Hum_XLOC_002760,THP1,0.0,0.08087366268708336
Hum_XLOC_002788,THP1,0.0,0.07946737559333894
Hum_XLOC_002792,THP1,0.0,0.0
Hum_XLOC_002796,THP1,0.0,0.03955454501954084
Hum_XLOC_002817,THP1,0.0,0.0
Hum_XLOC_002836,THP1,1.0,0.2103755772552678
Hum_XLOC_002844,THP1,0.0,0.040232628495348775
Hum_XLOC_002845,THP1,0.0,0.08014589510693958
Hum_XLOC_002859,THP1,0.0,0.20220781976418042
Hum_XLOC_002889,THP1,0.0,0.039548994703687286
Hum_XLOC_002911,THP1,0.0,0.08003431737002838
Hum_XLOC_002935,THP1,1.0,0.0
Hum_XLOC_002937,THP1,0.0,0.0
Hum_XLOC_002967,THP1,0.0,0.0
Hum_XLOC_002983,THP1,0.0,0.07807292865343853
Hum_XLOC_002986,THP1,0.0,0.08115498645321596
Hum_XLOC_002990,THP1,0.0,0.08073597772532981
Hum_XLOC_003039,THP1,0.0,0.19989816420519138
Hum_XLOC_003061,THP1,0.0,0.07954049874580786
Hum_XLOC_003086,THP1,1.0,0.08398802747499703
Hum_XLOC_003099,THP1,0.0,0.0
Hum_XLOC_003109,THP1,1.0,0.04122592516799792
Hum_XLOC_003128,THP1,0.0,0.0
Hum_XLOC_003134,THP1,0.0,0.03961803835488222
Hum_XLOC_003137,THP1,0.0,0.0
Hum_XLOC_003154,THP1,0.0,0.03947355619350398
Hum_XLOC_003155,THP1,0.0,0.08064660623811905
Hum_XLOC_003171,THP1,0.0,0.04089575495208327
Hum_XLOC_003209,THP1,0.0,0.07874129288059194
Hum_XLOC_003215,THP1,0.0,0.08021209755849681
Hum_XLOC_003221,THP1,0.0,0.12119154094644498
Hum_XLOC_003232,THP1,0.0,0.0
Hum_XLOC_003268,THP1,0.0,0.15970940250646887
Hum_XLOC_003269,THP1,0.0,0.039986209164860606
Hum_XLOC_003286,THP1,0.0,0.0403067945231444
Hum_XLOC_003290,THP1,0.0,0.0
Hum_XLOC_003294,THP1,0.0,0.08062146180396218
Hum_XLOC_003321,THP1,0.0,0.12001178874105208
Hum_XLOC_003324,THP1,0.0,0.08088646972268053
Hum_XLOC_003334,THP1,0.0,0.12763249557060546
Hum_XLOC_003337,THP1,0.0,0.16015702630960374
Hum_XLOC_003338,THP1,0.0,0.03980042671277244
Hum_XLOC_003352,THP1,0.0,0.040332015443674554
Hum_XLOC_003357,THP1,0.0,0.0
Hum_XLOC_003361,THP1,0.0,0.04044273763673496
Hum_XLOC_003371,THP1,0.0,0.07975450238555763
Hum_XLOC_003381,THP1,0.0,0.0
Hum_XLOC_003408,THP1,0.0,0.08045354089731996
Hum_XLOC_003436,THP1,0.0,0.0
Hum_XLOC_003440,THP1,0.0,0.0
Hum_XLOC_003450,THP1,0.0,0.07943284191972408
Hum_XLOC_003466,THP1,0.0,0.0
Hum_XLOC_003488,THP1,0.0,0.07948603981181944
Hum_XLOC_003491,THP1,0.0,0.12303900002289413
Hum_XLOC_003497,THP1,0.0,0.0
Hum_XLOC_003498,THP1,0.0,0.039609899853847066
Hum_XLOC_003502,THP1,0.0,0.0
Hum_XLOC_003518,THP1,0.0,0.04062498197846304
Hum_XLOC_003532,THP1,0.0,0.039407735318235486
Hum_XLOC_003543,THP1,0.0,0.038852183291796134
Hum_XLOC_003554,THP1,1.0,0.07886394281956337
Hum_XLOC_003563,THP1,0.0,0.03871418291716668
Hum_XLOC_003567,THP1,0.0,0.039787133642582344
Hum_XLOC_003568,THP1,0.0,0.040026913838169156
Hum_XLOC_003570,THP1,0.0,0.0
Hum_XLOC_003571,THP1,0.0,0.039559919690233813
Hum_XLOC_003593,THP1,0.0,0.0
Hum_XLOC_003594,THP1,0.0,0.03986348962754879
Hum_XLOC_003598,THP1,0.0,0.07708372382603151
Hum_XLOC_003626,THP1,0.0,0.039994024541416914
Hum_XLOC_003628,THP1,1.0,0.040137831194600314
Hum_XLOC_003630,THP1,0.0,0.039928189806734786
Hum_XLOC_003641,THP1,0.0,0.0
Hum_XLOC_003662,THP1,0.0,0.0
Hum_XLOC_003665,THP1,0.0,0.11906873929678433
Hum_XLOC_003672,THP1,0.0,0.07985208468608251
Hum_XLOC_003673,THP1,0.0,0.0
Hum_XLOC_003674,THP1,0.0,0.039771378354062956
Hum_XLOC_003676,THP1,0.0,0.04093960611483608
Hum_XLOC_003686,THP1,0.0,0.039430077106111724
Hum_XLOC_003697,THP1,0.0,0.0790688549666264
Hum_XLOC_003717,THP1,0.0,0.0
Hum_XLOC_003725,THP1,0.0,0.039781878953201885
Hum_XLOC_003743,THP1,0.0,0.08034635380863538
Hum_XLOC_003754,THP1,0.0,0.11973802687178788
Hum_XLOC_003766,THP1,0.0,0.04018521199462633
Hum_XLOC_003775,THP1,0.0,0.03990696383873347
Hum_XLOC_003790,THP1,0.0,0.041930879557451804
Hum_XLOC_003799,THP1,0.0,0.1608443531678168
Hum_XLOC_003853,THP1,0.0,0.0
Hum_XLOC_003865,THP1,0.0,0.038407474631404585
Hum_XLOC_003871,THP1,0.0,0.0
Hum_XLOC_003891,THP1,0.0,0.039874740565897675
Hum_XLOC_003892,THP1,1.0,0.0
Hum_XLOC_003910,THP1,0.0,0.04011140570303191
Hum_XLOC_003911,THP1,0.0,0.12169629250203387
Hum_XLOC_003952,THP1,0.0,0.0799767363463733
Hum_XLOC_003971,THP1,0.0,0.0
Hum_XLOC_003988,THP1,0.0,0.03871417023160545
Hum_XLOC_004020,THP1,0.0,0.03838253241065156
Hum_XLOC_004035,THP1,0.0,0.0
Hum_XLOC_004036,THP1,0.0,0.04013288855997203
Hum_XLOC_004048,THP1,0.0,0.0401394813043737
Hum_XLOC_004068,THP1,0.0,0.03973809614869778
Hum_XLOC_004069,THP1,0.0,0.0820315296351022
Hum_XLOC_004095,THP1,0.0,0.04029015100980596
Hum_XLOC_004096,THP1,0.0,0.0417261375950983
Hum_XLOC_004116,THP1,0.0,0.0
Hum_XLOC_004123,THP1,0.0,0.04091894734130783
Hum_XLOC_004134,THP1,0.0,0.15978687240969783
Hum_XLOC_004161,THP1,0.0,0.04033749054645803
Hum_XLOC_004168,THP1,0.0,0.0
Hum_XLOC_004169,THP1,0.0,0.0
Hum_XLOC_004177,THP1,0.0,0.0
Hum_XLOC_004200,THP1,0.0,0.07976385939303036
Hum_XLOC_004201,THP1,0.0,0.04009805296469097
Hum_XLOC_004219,THP1,0.0,0.0
Hum_XLOC_004226,THP1,0.0,0.0
Hum_XLOC_004227,THP1,0.0,0.0
Hum_XLOC_004236,THP1,0.0,0.1993913845140087
Hum_XLOC_004254,THP1,1.0,0.04033231525273005
Hum_XLOC_004255,THP1,0.0,0.04015845848807259
Hum_XLOC_004262,THP1,1.0,0.03991712820901117
Hum_XLOC_004269,THP1,0.0,0.08022475671786505
Hum_XLOC_004277,THP1,0.0,0.08071486564216517
Hum_XLOC_004278,THP1,0.0,0.12121108070569932
Hum_XLOC_004282,THP1,0.0,0.0806587047090936
Hum_XLOC_004287,THP1,0.0,0.03906388341625386
Hum_XLOC_004293,THP1,0.0,0.08082298822640233
Hum_XLOC_004302,THP1,0.0,0.08127750428226833
Hum_XLOC_004303,THP1,0.0,0.0
Hum_XLOC_004306,THP1,0.0,0.03975589227263954
Hum_XLOC_004309,THP1,0.0,0.04055155880722157
Hum_XLOC_004314,THP1,0.0,0.07965585766496507
Hum_XLOC_004317,THP1,0.0,0.07817742365234788
Hum_XLOC_004336,THP1,1.0,0.03835166052130747
Hum_XLOC_004343,THP1,0.0,0.0
Hum_XLOC_004350,THP1,0.0,0.0
Hum_XLOC_004361,THP1,0.0,0.0
Hum_XLOC_004363,THP1,0.0,0.0
Hum_XLOC_004401,THP1,0.0,0.0
Hum_XLOC_004405,THP1,0.0,0.0
Hum_XLOC_004407,THP1,0.0,0.0
Hum_XLOC_004424,THP1,0.0,0.0
Hum_XLOC_004437,THP1,0.0,0.040657559187857815
Hum_XLOC_004446,THP1,0.0,0.08085583699625762
Hum_XLOC_004457,THP1,0.0,0.11998484649199004
Hum_XLOC_004482,THP1,0.0,0.0421118497542381
Hum_XLOC_004502,THP1,0.0,0.04019131095827731
Hum_XLOC_004515,THP1,0.0,0.04020900391172331
Hum_XLOC_004529,THP1,0.0,0.040952892392804086
Hum_XLOC_004535,THP1,0.0,0.038897219921457754
Hum_XLOC_004553,THP1,0.0,0.0
Hum_XLOC_004566,THP1,0.0,0.0
Hum_XLOC_004567,THP1,0.0,0.0
Hum_XLOC_004572,THP1,1.0,0.1287952156415666
Hum_XLOC_004578,THP1,0.0,0.0
Hum_XLOC_004580,THP1,0.0,0.0
Hum_XLOC_004581,THP1,0.0,0.03971073512411357
Hum_XLOC_004587,THP1,0.0,0.0788018706741858
Hum_XLOC_004600,THP1,0.0,0.11791169693569299
Hum_XLOC_004601,THP1,0.0,0.0402926115288491
Hum_XLOC_004607,THP1,0.0,0.03996523288499904
Hum_XLOC_004617,THP1,0.0,0.0
Hum_XLOC_004619,THP1,0.0,0.040353574504104796
Hum_XLOC_004620,THP1,0.0,0.07973169269498312
Hum_XLOC_004632,THP1,0.0,0.0
Hum_XLOC_004636,THP1,0.0,0.11937063846473554
Hum_XLOC_004652,THP1,0.0,0.0
Hum_XLOC_004653,THP1,0.0,0.0
Hum_XLOC_004657,THP1,0.0,0.03899574014909789
Hum_XLOC_004661,THP1,0.0,0.1191475037719852
Hum_XLOC_004683,THP1,0.0,0.07864850444896017
Hum_XLOC_004684,THP1,0.0,0.04026305360018729
Hum_XLOC_004688,THP1,0.0,0.0
Hum_XLOC_004689,THP1,0.0,0.03948843765318657
Hum_XLOC_004705,THP1,0.0,0.0
Hum_XLOC_004717,THP1,0.0,0.038807896753984376
Hum_XLOC_004718,THP1,0.0,0.0
Hum_XLOC_004733,THP1,0.0,0.03946478877468226
Hum_XLOC_004741,THP1,0.0,0.03948739764922024
Hum_XLOC_004762,THP1,0.0,0.08151109904576842
Hum_XLOC_004771,THP1,0.0,0.07928291029432231
Hum_XLOC_004777,THP1,0.0,0.0
Hum_XLOC_004788,THP1,0.0,0.039845163683685715
Hum_XLOC_004791,THP1,0.0,0.0
Hum_XLOC_004795,THP1,0.0,0.0
Hum_XLOC_004803,THP1,0.0,0.04011673816062982
Hum_XLOC_004805,THP1,0.0,0.0
Hum_XLOC_004813,THP1,0.0,0.0
Hum_XLOC_004815,THP1,0.0,0.042851493750493956
Hum_XLOC_004822,THP1,0.0,0.0
Hum_XLOC_004823,THP1,0.0,0.0
Hum_XLOC_004827,THP1,0.0,0.11953318388603688
Hum_XLOC_004837,THP1,0.0,0.0
Hum_XLOC_004839,THP1,0.0,0.0
Hum_XLOC_004855,THP1,0.0,0.04005941974075619
Hum_XLOC_004874,THP1,0.0,0.1572135687604459
Hum_XLOC_004875,THP1,0.0,0.1602112139168423
Hum_XLOC_004878,THP1,0.0,0.07835562389793195
Hum_XLOC_004884,THP1,0.0,0.040216491203646135
Hum_XLOC_004911,THP1,0.0,0.0
Hum_XLOC_004915,THP1,1.0,0.0
Hum_XLOC_004927,THP1,0.0,0.0
Hum_XLOC_004929,THP1,0.0,0.08002619868635569
Hum_XLOC_004936,THP1,0.0,0.07902116121714846
Hum_XLOC_004957,THP1,0.0,0.0
Hum_XLOC_004960,THP1,0.0,0.0
Hum_XLOC_004965,THP1,0.0,0.038654603932440204
