target,cell_line,y_true,y_pred_proba
Hum_XLOC_000006,HAP1,0.0,0.08165472528581638
Hum_XLOC_000008,HAP1,0.0,0.13244562507526636
Hum_XLOC_000016,HAP1,0.0,0.13859898133344276
Hum_XLOC_000030,HAP1,0.0,0.134333787854472
Hum_XLOC_000033,HAP1,0.0,0.10424735818994832
Hum_XLOC_000039,HAP1,0.0,0.1480570883523453
Hum_XLOC_000053,HAP1,0.0,0.12911030303931645
Hum_XLOC_000057,HAP1,0.0,0.12082625816130216
Hum_XLOC_000060,HAP1,0.0,0.1456983352406813
Hum_XLOC_000080,HAP1,0.0,0.06604993340780423
Hum_XLOC_000094,HAP1,0.0,0.10364241003619072
Hum_XLOC_000100,HAP1,0.0,0.09901082304702756
Hum_XLOC_000105,HAP1,0.0,0.07201809734529775
Hum_XLOC_000107,HAP1,1.0,0.0792095680502957
Hum_XLOC_000111,HAP1,0.0,0.08050571046628355
Hum_XLOC_000134,HAP1,0.0,0.10574678232153845
Hum_XLOC_000143,HAP1,0.0,0.11689839905896011
Hum_XLOC_000145,HAP1,0.0,0.09842801459936157
Hum_XLOC_000149,HAP1,0.0,0.11813176298682644
Hum_XLOC_000155,HAP1,1.0,0.10946210973056364
Hum_XLOC_000169,HAP1,0.0,0.1294910468353046
Hum_XLOC_000170,HAP1,0.0,0.12383355922593395
Hum_XLOC_000194,HAP1,0.0,0.0766229508473151
Hum_XLOC_000201,HAP1,0.0,0.10804870180281816
Hum_XLOC_000231,HAP1,0.0,0.1301687329517328
Hum_XLOC_000233,HAP1,0.0,0.10499980089236667
Hum_XLOC_000245,HAP1,0.0,0.10572142257780899
Hum_XLOC_000247,HAP1,0.0,0.17475359405902327
Hum_XLOC_000248,HAP1,0.0,0.07847386086854113
Hum_XLOC_000265,HAP1,0.0,0.11305609990648068
Hum_XLOC_000282,HAP1,0.0,0.1122444405866445
Hum_XLOC_000286,HAP1,0.0,0.14097870061543677
Hum_XLOC_000292,HAP1,0.0,0.11238013764069003
Hum_XLOC_000307,HAP1,1.0,0.0650112853812234
Hum_XLOC_000308,HAP1,0.0,0.07309396394133065
Hum_XLOC_000312,HAP1,0.0,0.14393512264461567
Hum_XLOC_000314,HAP1,0.0,0.055804466229704155
Hum_XLOC_000317,HAP1,0.0,0.07388907351097465
Hum_XLOC_000319,HAP1,0.0,0.11007897072629565
Hum_XLOC_000332,HAP1,0.0,0.1055568891912944
Hum_XLOC_000338,HAP1,0.0,0.12146727598729395
Hum_XLOC_000342,HAP1,0.0,0.11758460977214599
Hum_XLOC_000345,HAP1,0.0,0.11420432722237424
Hum_XLOC_000362,HAP1,0.0,0.07826358326925034
Hum_XLOC_000377,HAP1,0.0,0.13012701412215247
Hum_XLOC_000390,HAP1,0.0,0.0843036501281321
Hum_XLOC_000394,HAP1,0.0,0.15239129962082054
Hum_XLOC_000411,HAP1,0.0,0.06542854986475015
Hum_XLOC_000415,HAP1,0.0,0.12645033273790193
Hum_XLOC_000430,HAP1,0.0,0.09505178417581477
Hum_XLOC_000436,HAP1,0.0,0.1634751089148701
Hum_XLOC_000437,HAP1,0.0,0.13654937141795215
Hum_XLOC_000456,HAP1,0.0,0.19038089849408185
Hum_XLOC_000461,HAP1,0.0,0.11169998284074743
Hum_XLOC_000462,HAP1,0.0,0.10355772472006582
Hum_XLOC_000465,HAP1,0.0,0.07985381340860301
Hum_XLOC_000472,HAP1,0.0,0.09491129026568901
Hum_XLOC_000474,HAP1,0.0,0.09002708983449206
Hum_XLOC_000478,HAP1,0.0,0.16674685656439925
Hum_XLOC_000486,HAP1,0.0,0.06085394320690788
Hum_XLOC_000490,HAP1,0.0,0.07528704379436617
Hum_XLOC_000498,HAP1,0.0,0.10775250454665862
Hum_XLOC_000500,HAP1,0.0,0.10797957769284199
Hum_XLOC_000510,HAP1,0.0,0.1379959841566379
Hum_XLOC_000535,HAP1,0.0,0.15022058300475064
Hum_XLOC_000540,HAP1,0.0,0.08411045273654015
Hum_XLOC_000556,HAP1,0.0,0.0693909846580159
Hum_XLOC_000574,HAP1,0.0,0.1012215535982362
Hum_XLOC_000575,HAP1,0.0,0.07886328520537603
Hum_XLOC_000582,HAP1,0.0,0.08219691616953571
Hum_XLOC_000590,HAP1,0.0,0.0631510424095469
Hum_XLOC_000601,HAP1,0.0,0.12719271024793277
Hum_XLOC_000604,HAP1,0.0,0.04755319513946061
Hum_XLOC_000608,HAP1,0.0,0.11389254303007058
Hum_XLOC_000612,HAP1,0.0,0.0913142450022899
Hum_XLOC_000636,HAP1,0.0,0.12262549407643375
Hum_XLOC_000638,HAP1,0.0,0.1398832772635088
Hum_XLOC_000641,HAP1,0.0,0.046858136905193554
Hum_XLOC_000655,HAP1,0.0,0.1291597826595689
Hum_XLOC_000668,HAP1,0.0,0.10405891119642714
Hum_XLOC_000680,HAP1,0.0,0.037392148236714724
Hum_XLOC_000681,HAP1,0.0,0.0718692150684093
Hum_XLOC_000695,HAP1,0.0,0.10381370339396342
Hum_XLOC_000702,HAP1,0.0,0.17876514456679649
Hum_XLOC_000726,HAP1,0.0,0.11573932927547456
Hum_XLOC_000727,HAP1,0.0,0.11112315360961467
Hum_XLOC_000758,HAP1,0.0,0.058769853006317915
Hum_XLOC_000773,HAP1,0.0,0.08002537621839731
Hum_XLOC_000774,HAP1,0.0,0.07754437114267747
Hum_XLOC_000797,HAP1,0.0,0.15500868681521876
Hum_XLOC_000799,HAP1,0.0,0.10431104564961123
Hum_XLOC_000800,HAP1,0.0,0.07759274624979827
Hum_XLOC_000807,HAP1,0.0,0.0893268675264216
Hum_XLOC_000818,HAP1,0.0,0.10111587020631675
Hum_XLOC_000828,HAP1,0.0,0.07275842063456532
Hum_XLOC_000831,HAP1,0.0,0.0713328524399862
Hum_XLOC_000835,HAP1,0.0,0.05107570913660852
Hum_XLOC_000840,HAP1,0.0,0.0951106903267598
Hum_XLOC_000841,HAP1,0.0,0.0876973126341649
Hum_XLOC_000842,HAP1,0.0,0.07636220064505526
Hum_XLOC_000854,HAP1,0.0,0.10296343973550807
Hum_XLOC_000855,HAP1,0.0,0.04440679239381377
Hum_XLOC_000883,HAP1,0.0,0.09859339825587705
Hum_XLOC_000885,HAP1,0.0,0.07378612437196243
Hum_XLOC_000905,HAP1,0.0,0.08137059877893749
Hum_XLOC_000917,HAP1,0.0,0.08703622936172851
Hum_XLOC_000925,HAP1,0.0,0.08349082583917965
Hum_XLOC_000944,HAP1,0.0,0.05862065225620678
Hum_XLOC_000949,HAP1,0.0,0.0860457451374502
Hum_XLOC_000953,HAP1,0.0,0.06277421023281592
Hum_XLOC_000964,HAP1,0.0,0.06881214514125032
Hum_XLOC_000990,HAP1,0.0,0.0758704274882439
Hum_XLOC_000994,HAP1,0.0,0.05477449480735162
Hum_XLOC_001020,HAP1,0.0,0.04901772106645718
Hum_XLOC_001029,HAP1,0.0,0.08832412041301008
Hum_XLOC_001066,HAP1,1.0,0.06703392267683383
Hum_XLOC_001120,HAP1,0.0,0.10252162026604297
Hum_XLOC_001121,HAP1,0.0,0.05121487001986546
Hum_XLOC_001122,HAP1,0.0,0.1360881446996699
Hum_XLOC_001125,HAP1,0.0,0.14594615200481476
Hum_XLOC_001132,HAP1,0.0,0.1286627443534089
Hum_XLOC_001138,HAP1,0.0,0.06991268981268577
Hum_XLOC_001144,HAP1,0.0,0.08771863292398022
Hum_XLOC_001146,HAP1,0.0,0.07499908673525336
Hum_XLOC_001188,HAP1,0.0,0.08411046156535858
Hum_XLOC_001191,HAP1,0.0,0.0653698584847226
Hum_XLOC_001192,HAP1,0.0,0.10077531152255774
Hum_XLOC_001217,HAP1,0.0,0.06758257875914009
Hum_XLOC_001222,HAP1,0.0,0.08290651445274726
Hum_XLOC_001228,HAP1,0.0,0.09291486413328805
Hum_XLOC_001230,HAP1,0.0,0.06602215558977384
Hum_XLOC_001237,HAP1,0.0,0.06483843256753237
Hum_XLOC_001243,HAP1,0.0,0.09375940820304865
Hum_XLOC_001275,HAP1,0.0,0.07602870255704892
Hum_XLOC_001279,HAP1,0.0,0.09752482950345233
Hum_XLOC_001291,HAP1,0.0,0.10744042064011852
Hum_XLOC_001296,HAP1,0.0,0.11228879958364751
Hum_XLOC_001297,HAP1,0.0,0.13595390943158267
Hum_XLOC_001309,HAP1,0.0,0.10671193231203575
Hum_XLOC_001329,HAP1,0.0,0.03711869567211007
Hum_XLOC_001330,HAP1,0.0,0.05830816111995476
Hum_XLOC_001355,HAP1,0.0,0.07179053154459206
Hum_XLOC_001366,HAP1,0.0,0.10072545099112856
Hum_XLOC_001367,HAP1,0.0,0.0950773105548446
Hum_XLOC_001375,HAP1,0.0,0.07890751997344307
Hum_XLOC_001390,HAP1,0.0,0.10860939563588157
Hum_XLOC_001405,HAP1,0.0,0.10662514921835207
Hum_XLOC_001461,HAP1,0.0,0.05407991064433115
Hum_XLOC_001465,HAP1,0.0,0.06723876344979128
Hum_XLOC_001488,HAP1,0.0,0.11556994013695723
Hum_XLOC_001490,HAP1,0.0,0.10904612395198808
Hum_XLOC_001509,HAP1,0.0,0.0977912947835107
Hum_XLOC_001516,HAP1,0.0,0.0613529532198968
Hum_XLOC_001532,HAP1,0.0,0.103999317348175
Hum_XLOC_001539,HAP1,0.0,0.05867001736076864
Hum_XLOC_001541,HAP1,0.0,0.1255632860693741
Hum_XLOC_001542,HAP1,0.0,0.10465296573146188
Hum_XLOC_001548,HAP1,1.0,0.09009710365123565
Hum_XLOC_001559,HAP1,0.0,0.06937158371706306
Hum_XLOC_001565,HAP1,0.0,0.11629656756910561
Hum_XLOC_001566,HAP1,0.0,0.11644159820143375
Hum_XLOC_001575,HAP1,0.0,0.10724424130294458
Hum_XLOC_001580,HAP1,0.0,0.07799536564817268
Hum_XLOC_001590,HAP1,0.0,0.09456169446243887
Hum_XLOC_001615,HAP1,0.0,0.1551452075920187
Hum_XLOC_001624,HAP1,0.0,0.11505843416357586
Hum_XLOC_001639,HAP1,0.0,0.09514947264761901
Hum_XLOC_001661,HAP1,0.0,0.061883019574401
Hum_XLOC_001666,HAP1,0.0,0.03568950685180375
Hum_XLOC_001668,HAP1,0.0,0.09744187696727682
Hum_XLOC_001688,HAP1,0.0,0.08011545895996151
Hum_XLOC_001689,HAP1,0.0,0.05165235518003187
Hum_XLOC_001695,HAP1,0.0,0.14567957272878201
Hum_XLOC_001696,HAP1,0.0,0.09681923141182378
Hum_XLOC_001698,HAP1,0.0,0.07639976888172781
Hum_XLOC_001707,HAP1,0.0,0.11402992989471662
Hum_XLOC_001760,HAP1,0.0,0.08913397770914235
Hum_XLOC_001761,HAP1,0.0,0.1301845399164756
Hum_XLOC_001773,HAP1,0.0,0.14987610871749413
Hum_XLOC_001775,HAP1,0.0,0.10824239182293298
Hum_XLOC_001779,HAP1,0.0,0.09465430306189007
Hum_XLOC_001783,HAP1,0.0,0.10289985471132804
Hum_XLOC_001791,HAP1,0.0,0.07871580721752282
Hum_XLOC_001805,HAP1,0.0,0.09990929032150075
Hum_XLOC_001809,HAP1,0.0,0.04585664382060826
Hum_XLOC_001848,HAP1,0.0,0.09041741379216559
Hum_XLOC_001919,HAP1,1.0,0.08552306154178842
Hum_XLOC_001941,HAP1,0.0,0.06103431896662533
Hum_XLOC_001942,HAP1,0.0,0.04779977157188674
Hum_XLOC_001949,HAP1,0.0,0.04647129294839362
Hum_XLOC_001950,HAP1,0.0,0.12179491549691765
Hum_XLOC_001953,HAP1,0.0,0.08223986341328762
Hum_XLOC_001957,HAP1,0.0,0.09122547461188216
Hum_XLOC_001961,HAP1,0.0,0.09412726308407271
Hum_XLOC_001969,HAP1,0.0,0.07263692492451967
Hum_XLOC_002024,HAP1,0.0,0.07123542692350086
Hum_XLOC_002028,HAP1,0.0,0.04266599205091475
Hum_XLOC_002033,HAP1,0.0,0.07994038848353975
Hum_XLOC_002036,HAP1,0.0,0.12827147869877845
Hum_XLOC_002037,HAP1,0.0,0.10554281866448402
Hum_XLOC_002041,HAP1,0.0,0.05422582070757221
Hum_XLOC_002059,HAP1,0.0,0.09895592186612945
Hum_XLOC_002061,HAP1,0.0,0.09719691945447467
Hum_XLOC_002068,HAP1,0.0,0.03801005449700283
Hum_XLOC_002081,HAP1,0.0,0.08874801122586606
Hum_XLOC_002093,HAP1,0.0,0.08288905570306561
Hum_XLOC_002099,HAP1,0.0,0.09314750545639029
Hum_XLOC_002144,HAP1,0.0,0.10868938618055766
Hum_XLOC_002150,HAP1,0.0,0.09411244734039555
Hum_XLOC_002152,HAP1,0.0,0.09229830259963458
Hum_XLOC_002154,HAP1,0.0,0.06984789985142904
Hum_XLOC_002169,HAP1,0.0,0.11577951856295508
Hum_XLOC_002170,HAP1,0.0,0.0476395836137772
Hum_XLOC_002176,HAP1,0.0,0.0933475792915553
Hum_XLOC_002178,HAP1,0.0,0.07015108420889778
Hum_XLOC_002186,HAP1,1.0,0.07871735429787852
Hum_XLOC_002204,HAP1,0.0,0.11023897710494808
Hum_XLOC_002205,HAP1,0.0,0.09434020275078164
Hum_XLOC_002219,HAP1,0.0,0.11160248987330221
Hum_XLOC_002244,HAP1,0.0,0.0727935774821939
Hum_XLOC_002252,HAP1,0.0,0.08985572759355616
Hum_XLOC_002261,HAP1,0.0,0.0975878388670056
Hum_XLOC_002262,HAP1,0.0,0.05914528554655955
Hum_XLOC_002265,HAP1,0.0,0.08406030235752202
Hum_XLOC_002271,HAP1,0.0,0.0763489706712608
Hum_XLOC_002280,HAP1,0.0,0.11967558145007942
Hum_XLOC_002282,HAP1,1.0,0.08926532076644536
Hum_XLOC_002283,HAP1,0.0,0.07338254743333317
Hum_XLOC_002284,HAP1,0.0,0.12447970554050189
Hum_XLOC_002294,HAP1,0.0,0.08846147994861334
Hum_XLOC_002296,HAP1,0.0,0.07128730848265513
Hum_XLOC_002299,HAP1,0.0,0.09424053281315536
Hum_XLOC_002301,HAP1,0.0,0.1358708342675593
Hum_XLOC_002306,HAP1,0.0,0.10932148080694057
Hum_XLOC_002311,HAP1,0.0,0.10438823383799573
Hum_XLOC_002313,HAP1,1.0,0.08539328336555542
Hum_XLOC_002314,HAP1,1.0,0.15028727408264816
Hum_XLOC_002327,HAP1,0.0,0.0989630423351347
Hum_XLOC_002330,HAP1,0.0,0.09664856760103445
Hum_XLOC_002338,HAP1,0.0,0.10910299499329146
Hum_XLOC_002344,HAP1,0.0,0.08177369912176576
Hum_XLOC_002347,HAP1,0.0,0.051389444439027494
Hum_XLOC_002348,HAP1,0.0,0.07594255385258017
Hum_XLOC_002362,HAP1,0.0,0.053877036558996345
Hum_XLOC_002364,HAP1,0.0,0.08549379587932146
Hum_XLOC_002383,HAP1,0.0,0.06580764362177435
Hum_XLOC_002386,HAP1,0.0,0.08443765319470567
Hum_XLOC_002390,HAP1,0.0,0.15540226055667578
Hum_XLOC_002394,HAP1,0.0,0.09314078573428314
Hum_XLOC_002398,HAP1,0.0,0.08195051406527838
Hum_XLOC_002399,HAP1,0.0,0.08928589106410127
Hum_XLOC_002408,HAP1,0.0,0.06422955856067313
Hum_XLOC_002414,HAP1,0.0,0.08417506037850958
Hum_XLOC_002418,HAP1,0.0,0.10025282326326088
Hum_XLOC_002435,HAP1,1.0,0.06606281605540779
Hum_XLOC_002440,HAP1,0.0,0.09652486191260226
Hum_XLOC_002489,HAP1,0.0,0.07755959769597762
Hum_XLOC_002490,HAP1,0.0,0.04811171655456218
Hum_XLOC_002493,HAP1,0.0,0.0754944335864876
Hum_XLOC_002520,HAP1,0.0,0.15440834640825093
Hum_XLOC_002524,HAP1,0.0,0.08073354070009793
Hum_XLOC_002546,HAP1,0.0,0.10563905480377404
Hum_XLOC_002560,HAP1,0.0,0.09311690481324021
Hum_XLOC_002570,HAP1,0.0,0.09863753586286583
Hum_XLOC_002577,HAP1,0.0,0.1676529663233957
Hum_XLOC_002579,HAP1,0.0,0.0960699972005924
Hum_XLOC_002586,HAP1,0.0,0.0753302999986296
Hum_XLOC_002589,HAP1,0.0,0.09090644601717018
Hum_XLOC_002629,HAP1,0.0,0.11962546812647466
Hum_XLOC_002631,HAP1,0.0,0.08241832997688667
Hum_XLOC_002635,HAP1,0.0,0.11977643297252326
Hum_XLOC_002644,HAP1,0.0,0.09007426651576149
Hum_XLOC_002646,HAP1,0.0,0.08389176197802199
Hum_XLOC_002653,HAP1,0.0,0.08976825783471973
Hum_XLOC_002681,HAP1,0.0,0.08580682158961919
Hum_XLOC_002695,HAP1,0.0,0.09281909399368564
Hum_XLOC_002702,HAP1,0.0,0.09008964956764783
Hum_XLOC_002705,HAP1,0.0,0.10643249255937247
Hum_XLOC_002711,HAP1,0.0,0.12987858177444342
Hum_XLOC_002714,HAP1,0.0,0.09399018050343307
Hum_XLOC_002717,HAP1,0.0,0.11019743766696606
Hum_XLOC_002725,HAP1,0.0,0.14014161921995755
Hum_XLOC_002741,HAP1,0.0,0.10213907788025492
Hum_XLOC_002742,HAP1,1.0,0.0864892732976081
Hum_XLOC_002744,HAP1,0.0,0.09476618475516974
Hum_XLOC_002760,HAP1,0.0,0.11874926727321826
Hum_XLOC_002788,HAP1,0.0,0.11145693290575748
Hum_XLOC_002792,HAP1,0.0,0.1580470654291346
Hum_XLOC_002796,HAP1,0.0,0.0993483839265599
Hum_XLOC_002817,HAP1,0.0,0.08821656508568032
Hum_XLOC_002836,HAP1,1.0,0.14184158220087625
Hum_XLOC_002844,HAP1,0.0,0.10532723986100846
Hum_XLOC_002845,HAP1,0.0,0.11973642220377674
Hum_XLOC_002859,HAP1,0.0,0.09278003629445801
Hum_XLOC_002889,HAP1,0.0,0.119803783142834
Hum_XLOC_002911,HAP1,0.0,0.07065161608460818
Hum_XLOC_002935,HAP1,0.0,0.09161975459933143
Hum_XLOC_002937,HAP1,0.0,0.1136095384491511
Hum_XLOC_002967,HAP1,0.0,0.07170190917180812
Hum_XLOC_002983,HAP1,0.0,0.09778061262951518
Hum_XLOC_002986,HAP1,0.0,0.17252169017405652
Hum_XLOC_002990,HAP1,0.0,0.10334973748504506
Hum_XLOC_003039,HAP1,0.0,0.07885745720890751
Hum_XLOC_003061,HAP1,0.0,0.18413091291317427
Hum_XLOC_003086,HAP1,0.0,0.1404586127758549
Hum_XLOC_003099,HAP1,0.0,0.062432496153638786
Hum_XLOC_003109,HAP1,0.0,0.08737748656528399
Hum_XLOC_003128,HAP1,0.0,0.15449077051901774
Hum_XLOC_003134,HAP1,0.0,0.1280522199755275
Hum_XLOC_003137,HAP1,0.0,0.09417143126189374
Hum_XLOC_003154,HAP1,0.0,0.08237406431215456
Hum_XLOC_003155,HAP1,0.0,0.14855320783455375
Hum_XLOC_003171,HAP1,0.0,0.05444259828455565
Hum_XLOC_003209,HAP1,0.0,0.08241852577412935
Hum_XLOC_003215,HAP1,0.0,0.11321448281640031
Hum_XLOC_003221,HAP1,0.0,0.07781245714071403
Hum_XLOC_003232,HAP1,0.0,0.08830857495800708
Hum_XLOC_003268,HAP1,1.0,0.09455987149963627
Hum_XLOC_003269,HAP1,0.0,0.13185225264201741
Hum_XLOC_003286,HAP1,0.0,0.14388529768652655
Hum_XLOC_003290,HAP1,0.0,0.08030797131244533
Hum_XLOC_003294,HAP1,0.0,0.08948324040612908
Hum_XLOC_003321,HAP1,0.0,0.12113555923803786
Hum_XLOC_003324,HAP1,0.0,0.05331783429053345
Hum_XLOC_003334,HAP1,0.0,0.09738797773499112
Hum_XLOC_003337,HAP1,0.0,0.0801420211967953
Hum_XLOC_003338,HAP1,0.0,0.05533523339506397
Hum_XLOC_003352,HAP1,0.0,0.11683540950238636
Hum_XLOC_003357,HAP1,0.0,0.07240746267969173
Hum_XLOC_003361,HAP1,0.0,0.12138694456360673
Hum_XLOC_003371,HAP1,0.0,0.07115747755134665
Hum_XLOC_003381,HAP1,0.0,0.10626980867164092
Hum_XLOC_003408,HAP1,0.0,0.06470706138335007
Hum_XLOC_003436,HAP1,0.0,0.07309207967241566
Hum_XLOC_003440,HAP1,0.0,0.04852715822910066
Hum_XLOC_003450,HAP1,0.0,0.09838217911970919
Hum_XLOC_003466,HAP1,0.0,0.0866402524990988
Hum_XLOC_003488,HAP1,0.0,0.07013237877798366
Hum_XLOC_003491,HAP1,0.0,0.09052996659684459
Hum_XLOC_003497,HAP1,0.0,0.07340670909846447
Hum_XLOC_003498,HAP1,0.0,0.09496182830503506
Hum_XLOC_003502,HAP1,0.0,0.09289448927207634
Hum_XLOC_003518,HAP1,0.0,0.09014380986043102
Hum_XLOC_003532,HAP1,0.0,0.09440747393098892
Hum_XLOC_003543,HAP1,0.0,0.062376159534591705
Hum_XLOC_003554,HAP1,1.0,0.08430898002626178
Hum_XLOC_003563,HAP1,0.0,0.08056229040849713
Hum_XLOC_003567,HAP1,0.0,0.12006942228325101
Hum_XLOC_003568,HAP1,0.0,0.08314834878062638
Hum_XLOC_003570,HAP1,0.0,0.06033950142676165
Hum_XLOC_003571,HAP1,0.0,0.060303349509449745
Hum_XLOC_003593,HAP1,0.0,0.06455637221461209
Hum_XLOC_003594,HAP1,0.0,0.1229574361149799
Hum_XLOC_003598,HAP1,0.0,0.044434702831238924
Hum_XLOC_003626,HAP1,0.0,0.09245937508227224
Hum_XLOC_003628,HAP1,0.0,0.05566740787389169
Hum_XLOC_003630,HAP1,0.0,0.10959600255663406
Hum_XLOC_003641,HAP1,0.0,0.1344845128300518
Hum_XLOC_003662,HAP1,0.0,0.11152931650146646
Hum_XLOC_003665,HAP1,0.0,0.09450754897311212
Hum_XLOC_003672,HAP1,0.0,0.13316911091086395
Hum_XLOC_003673,HAP1,0.0,0.10060743115324812
Hum_XLOC_003674,HAP1,0.0,0.15261756435185928
Hum_XLOC_003676,HAP1,0.0,0.0957683739002173
Hum_XLOC_003686,HAP1,0.0,0.07172855886809502
Hum_XLOC_003697,HAP1,0.0,0.061056684106213836
Hum_XLOC_003717,HAP1,0.0,0.0941743445906134
Hum_XLOC_003725,HAP1,0.0,0.08159923513342643
Hum_XLOC_003743,HAP1,0.0,0.10509360429161173
Hum_XLOC_003754,HAP1,0.0,0.10092945701929862
Hum_XLOC_003766,HAP1,0.0,0.13700364432498424
Hum_XLOC_003775,HAP1,0.0,0.09376645734452474
Hum_XLOC_003790,HAP1,0.0,0.07516913343223036
Hum_XLOC_003799,HAP1,0.0,0.07762133565544956
Hum_XLOC_003853,HAP1,0.0,0.06791568205420045
Hum_XLOC_003865,HAP1,0.0,0.104604165940585
Hum_XLOC_003871,HAP1,0.0,0.09848143535401906
Hum_XLOC_003891,HAP1,0.0,0.10998610533057937
Hum_XLOC_003892,HAP1,0.0,0.11817392046575499
Hum_XLOC_003910,HAP1,0.0,0.09550614478306886
Hum_XLOC_003911,HAP1,0.0,0.13724252991751912
Hum_XLOC_003952,HAP1,0.0,0.06781005909209246
Hum_XLOC_003971,HAP1,0.0,0.07976892997125758
Hum_XLOC_003988,HAP1,0.0,0.07447509932851733
Hum_XLOC_004020,HAP1,0.0,0.09716110611788431
Hum_XLOC_004035,HAP1,0.0,0.11998323870191308
Hum_XLOC_004036,HAP1,0.0,0.10391574365606945
Hum_XLOC_004048,HAP1,0.0,0.07945447359659258
Hum_XLOC_004068,HAP1,0.0,0.054675188034023714
Hum_XLOC_004069,HAP1,0.0,0.037819321994996484
Hum_XLOC_004095,HAP1,0.0,0.14460822479309232
Hum_XLOC_004096,HAP1,0.0,0.13458310050033245
Hum_XLOC_004116,HAP1,1.0,0.15223396714221843
Hum_XLOC_004123,HAP1,0.0,0.09181672633422194
Hum_XLOC_004134,HAP1,0.0,0.05967490142352233
Hum_XLOC_004161,HAP1,0.0,0.08279086467637009
Hum_XLOC_004168,HAP1,0.0,0.08113195871205643
Hum_XLOC_004169,HAP1,0.0,0.078468617997779
Hum_XLOC_004177,HAP1,0.0,0.08450300487607337
Hum_XLOC_004200,HAP1,0.0,0.1085331329059532
Hum_XLOC_004201,HAP1,0.0,0.08154635680530993
Hum_XLOC_004219,HAP1,0.0,0.0731202461199081
Hum_XLOC_004226,HAP1,0.0,0.08940256530639068
Hum_XLOC_004227,HAP1,0.0,0.06754719727858055
Hum_XLOC_004236,HAP1,1.0,0.07132638178758491
Hum_XLOC_004254,HAP1,1.0,0.1661933586346401
Hum_XLOC_004255,HAP1,0.0,0.1347567578864459
Hum_XLOC_004262,HAP1,1.0,0.10195298256817101
Hum_XLOC_004269,HAP1,0.0,0.11243479959955269
Hum_XLOC_004277,HAP1,0.0,0.08219133050497601
Hum_XLOC_004278,HAP1,0.0,0.08027664518388636
Hum_XLOC_004282,HAP1,0.0,0.10188796282835527
Hum_XLOC_004287,HAP1,0.0,0.11805211415018606
Hum_XLOC_004293,HAP1,0.0,0.10259252341551173
Hum_XLOC_004302,HAP1,0.0,0.12621883398972
Hum_XLOC_004303,HAP1,0.0,0.07584406015066288
Hum_XLOC_004306,HAP1,0.0,0.07063897586838203
Hum_XLOC_004309,HAP1,0.0,0.10838244547407988
Hum_XLOC_004314,HAP1,0.0,0.10608439750870305
Hum_XLOC_004317,HAP1,0.0,0.09743238020285175
Hum_XLOC_004336,HAP1,0.0,0.128303529667016
Hum_XLOC_004343,HAP1,0.0,0.1528464613479586
Hum_XLOC_004350,HAP1,0.0,0.08076492427776703
Hum_XLOC_004361,HAP1,0.0,0.0576316023174718
Hum_XLOC_004363,HAP1,0.0,0.0807799058348085
Hum_XLOC_004401,HAP1,0.0,0.10528805763488819
Hum_XLOC_004405,HAP1,1.0,0.07764258634246417
Hum_XLOC_004407,HAP1,0.0,0.04486293286549527
Hum_XLOC_004424,HAP1,0.0,0.1467326419906599
Hum_XLOC_004437,HAP1,0.0,0.07530122439051007
Hum_XLOC_004446,HAP1,0.0,0.1370951926737892
Hum_XLOC_004457,HAP1,0.0,0.10310958535351403
Hum_XLOC_004482,HAP1,0.0,0.10648384048921813
Hum_XLOC_004502,HAP1,0.0,0.06496073233867729
Hum_XLOC_004515,HAP1,0.0,0.05386788645391565
Hum_XLOC_004529,HAP1,0.0,0.08780921230803292
Hum_XLOC_004535,HAP1,0.0,0.07255744809755364
Hum_XLOC_004553,HAP1,0.0,0.10838848774738298
Hum_XLOC_004566,HAP1,0.0,0.04389220670782518
Hum_XLOC_004567,HAP1,0.0,0.07113504018343454
Hum_XLOC_004572,HAP1,0.0,0.12633598467366117
Hum_XLOC_004578,HAP1,0.0,0.05253256053253108
Hum_XLOC_004580,HAP1,0.0,0.11521489561093695
Hum_XLOC_004581,HAP1,0.0,0.08762997317743777
Hum_XLOC_004587,HAP1,0.0,0.1396275196872875
Hum_XLOC_004600,HAP1,0.0,0.1772386655233867
Hum_XLOC_004601,HAP1,0.0,0.08205489393336846
Hum_XLOC_004607,HAP1,0.0,0.10371672398831554
Hum_XLOC_004617,HAP1,0.0,0.08885836270685593
Hum_XLOC_004619,HAP1,0.0,0.10924751261575584
Hum_XLOC_004620,HAP1,0.0,0.11747880816015786
Hum_XLOC_004632,HAP1,0.0,0.07524611359357046
Hum_XLOC_004636,HAP1,0.0,0.08640534073738805
Hum_XLOC_004652,HAP1,0.0,0.05843360900862105
Hum_XLOC_004653,HAP1,0.0,0.10395535046432669
Hum_XLOC_004657,HAP1,1.0,0.09988896740670364
Hum_XLOC_004661,HAP1,0.0,0.11128419619257887
Hum_XLOC_004683,HAP1,0.0,0.05443062803793954
Hum_XLOC_004684,HAP1,0.0,0.11972704641774067
Hum_XLOC_004688,HAP1,0.0,0.06970834895209982
Hum_XLOC_004689,HAP1,0.0,0.06456619690862009
Hum_XLOC_004705,HAP1,0.0,0.08885775990609666
Hum_XLOC_004717,HAP1,1.0,0.09548325949127995
Hum_XLOC_004718,HAP1,0.0,0.10551906035470861
Hum_XLOC_004733,HAP1,0.0,0.13763957681413808
Hum_XLOC_004741,HAP1,0.0,0.06055068631163962
Hum_XLOC_004762,HAP1,0.0,0.13524682247502742
Hum_XLOC_004771,HAP1,0.0,0.06549458824559044
Hum_XLOC_004777,HAP1,0.0,0.06074386865855742
Hum_XLOC_004788,HAP1,1.0,0.10280888638678805
Hum_XLOC_004791,HAP1,1.0,0.06664874448081289
Hum_XLOC_004795,HAP1,0.0,0.0729419845449409
Hum_XLOC_004803,HAP1,0.0,0.11834038200334696
Hum_XLOC_004805,HAP1,0.0,0.07366035802088014
Hum_XLOC_004813,HAP1,0.0,0.08067628671929115
Hum_XLOC_004815,HAP1,0.0,0.06883607215331203
Hum_XLOC_004822,HAP1,0.0,0.07371582990691466
Hum_XLOC_004823,HAP1,1.0,0.05901055677055528
Hum_XLOC_004827,HAP1,0.0,0.06387481593082299
Hum_XLOC_004837,HAP1,0.0,0.0838024233718332
Hum_XLOC_004839,HAP1,0.0,0.1016050467724259
Hum_XLOC_004855,HAP1,0.0,0.09432894208696586
Hum_XLOC_004874,HAP1,0.0,0.07714534182008963
Hum_XLOC_004875,HAP1,0.0,0.05460986764980151
Hum_XLOC_004878,HAP1,0.0,0.09062251946888286
Hum_XLOC_004884,HAP1,0.0,0.05833887915081146
Hum_XLOC_004911,HAP1,0.0,0.13245239295482958
Hum_XLOC_004915,HAP1,1.0,0.08995180238570404
Hum_XLOC_004927,HAP1,0.0,0.09214946980634986
Hum_XLOC_004929,HAP1,0.0,0.129952214527512
Hum_XLOC_004936,HAP1,0.0,0.06716424284939666
Hum_XLOC_004957,HAP1,0.0,0.07176245544090637
Hum_XLOC_004960,HAP1,0.0,0.06045150758071357
Hum_XLOC_004965,HAP1,0.0,0.04216446805440907
Hum_XLOC_000006,HEK293FT,0.0,0.0839935288543299
Hum_XLOC_000008,HEK293FT,0.0,0.13472986501564582
Hum_XLOC_000016,HEK293FT,0.0,0.13841456872035504
Hum_XLOC_000030,HEK293FT,0.0,0.12711570546415224
Hum_XLOC_000033,HEK293FT,0.0,0.10752639365760647
Hum_XLOC_000039,HEK293FT,0.0,0.15564600241910614
Hum_XLOC_000053,HEK293FT,0.0,0.12785506818279893
Hum_XLOC_000057,HEK293FT,0.0,0.11504500178712329
Hum_XLOC_000060,HEK293FT,0.0,0.14736305165279864
Hum_XLOC_000080,HEK293FT,0.0,0.06614830190921157
Hum_XLOC_000094,HEK293FT,0.0,0.10174543572077978
Hum_XLOC_000100,HEK293FT,1.0,0.09686044527184533
Hum_XLOC_000105,HEK293FT,0.0,0.07391473161028775
Hum_XLOC_000107,HEK293FT,0.0,0.0752095680502957
Hum_XLOC_000111,HEK293FT,0.0,0.09132737255964381
Hum_XLOC_000134,HEK293FT,0.0,0.10204915853283522
Hum_XLOC_000143,HEK293FT,0.0,0.11919754752071361
Hum_XLOC_000145,HEK293FT,0.0,0.09666130939439604
Hum_XLOC_000149,HEK293FT,0.0,0.11807520720941489
Hum_XLOC_000155,HEK293FT,0.0,0.11371211226682179
Hum_XLOC_000169,HEK293FT,0.0,0.12387441249355775
Hum_XLOC_000170,HEK293FT,0.0,0.12171260495809996
Hum_XLOC_000194,HEK293FT,0.0,0.07822501263722506
Hum_XLOC_000201,HEK293FT,0.0,0.11746424518386296
Hum_XLOC_000231,HEK293FT,0.0,0.12796920852925112
Hum_XLOC_000233,HEK293FT,0.0,0.11027632307148759
Hum_XLOC_000245,HEK293FT,1.0,0.10575649048065922
Hum_XLOC_000247,HEK293FT,0.0,0.16236252952655192
Hum_XLOC_000248,HEK293FT,0.0,0.07631583282670644
Hum_XLOC_000265,HEK293FT,0.0,0.11129622595320228
Hum_XLOC_000282,HEK293FT,0.0,0.11413519469788926
Hum_XLOC_000286,HEK293FT,0.0,0.1355988160659692
Hum_XLOC_000292,HEK293FT,0.0,0.10846032254006377
Hum_XLOC_000307,HEK293FT,0.0,0.06297040378578969
Hum_XLOC_000308,HEK293FT,0.0,0.0731971793162241
Hum_XLOC_000312,HEK293FT,0.0,0.14061107259069586
Hum_XLOC_000314,HEK293FT,0.0,0.05363762026252396
Hum_XLOC_000317,HEK293FT,0.0,0.07595235642821191
Hum_XLOC_000319,HEK293FT,0.0,0.1102387198451406
Hum_XLOC_000332,HEK293FT,0.0,0.10750509040502963
Hum_XLOC_000338,HEK293FT,0.0,0.11927969762588113
Hum_XLOC_000342,HEK293FT,0.0,0.10429443180801246
Hum_XLOC_000345,HEK293FT,0.0,0.12409898103539678
Hum_XLOC_000362,HEK293FT,0.0,0.07610812249453347
Hum_XLOC_000377,HEK293FT,0.0,0.12628074522072294
Hum_XLOC_000390,HEK293FT,0.0,0.09199744937329325
Hum_XLOC_000394,HEK293FT,0.0,0.14281141949258627
Hum_XLOC_000411,HEK293FT,0.0,0.06350364930557924
Hum_XLOC_000415,HEK293FT,0.0,0.11741186085112217
Hum_XLOC_000430,HEK293FT,0.0,0.09488585846053665
Hum_XLOC_000436,HEK293FT,0.0,0.15571013568752526
Hum_XLOC_000437,HEK293FT,0.0,0.13900648841797345
Hum_XLOC_000456,HEK293FT,1.0,0.19486008808730385
Hum_XLOC_000461,HEK293FT,0.0,0.10829222187050098
Hum_XLOC_000462,HEK293FT,0.0,0.094161411295967
Hum_XLOC_000465,HEK293FT,0.0,0.0809997736767101
Hum_XLOC_000472,HEK293FT,0.0,0.09501025719475974
Hum_XLOC_000474,HEK293FT,0.0,0.08823128192531444
Hum_XLOC_000478,HEK293FT,0.0,0.18053072533649658
Hum_XLOC_000486,HEK293FT,0.0,0.05946565192825607
Hum_XLOC_000490,HEK293FT,0.0,0.07346519475620365
Hum_XLOC_000498,HEK293FT,0.0,0.11324817293784686
Hum_XLOC_000500,HEK293FT,0.0,0.1044616794419395
Hum_XLOC_000510,HEK293FT,0.0,0.1469091512165437
Hum_XLOC_000535,HEK293FT,0.0,0.13992026195976207
Hum_XLOC_000540,HEK293FT,0.0,0.0842428045142673
Hum_XLOC_000556,HEK293FT,0.0,0.06406497214839517
Hum_XLOC_000574,HEK293FT,0.0,0.0951659490270811
Hum_XLOC_000575,HEK293FT,0.0,0.08256805977624768
Hum_XLOC_000582,HEK293FT,0.0,0.08228452557021987
Hum_XLOC_000590,HEK293FT,0.0,0.07077115338781281
Hum_XLOC_000601,HEK293FT,0.0,0.12217946394650119
Hum_XLOC_000604,HEK293FT,0.0,0.04755319513946061
Hum_XLOC_000608,HEK293FT,1.0,0.123178828918251
Hum_XLOC_000612,HEK293FT,0.0,0.09092126031993125
Hum_XLOC_000636,HEK293FT,0.0,0.12074119232051943
Hum_XLOC_000638,HEK293FT,0.0,0.13794033286642818
Hum_XLOC_000641,HEK293FT,0.0,0.04889764755750706
Hum_XLOC_000655,HEK293FT,1.0,0.12656582339621858
Hum_XLOC_000668,HEK293FT,0.0,0.10375288128662022
Hum_XLOC_000680,HEK293FT,0.0,0.03929004706141093
Hum_XLOC_000681,HEK293FT,0.0,0.07356208759327863
Hum_XLOC_000695,HEK293FT,0.0,0.10868604208172526
Hum_XLOC_000702,HEK293FT,0.0,0.16744878998928253
Hum_XLOC_000726,HEK293FT,0.0,0.11820351779162414
Hum_XLOC_000727,HEK293FT,0.0,0.11307818400685966
Hum_XLOC_000758,HEK293FT,0.0,0.06060966876885631
Hum_XLOC_000773,HEK293FT,0.0,0.07814464856372695
Hum_XLOC_000774,HEK293FT,0.0,0.07969733473935621
Hum_XLOC_000797,HEK293FT,0.0,0.14919110576385516
Hum_XLOC_000799,HEK293FT,0.0,0.10256327524039788
Hum_XLOC_000800,HEK293FT,0.0,0.08317265254187776
Hum_XLOC_000807,HEK293FT,0.0,0.0816533754677161
Hum_XLOC_000818,HEK293FT,1.0,0.09966138009977187
Hum_XLOC_000828,HEK293FT,0.0,0.06872932519057973
Hum_XLOC_000831,HEK293FT,0.0,0.06941251383722853
Hum_XLOC_000835,HEK293FT,0.0,0.04921562152333706
Hum_XLOC_000840,HEK293FT,0.0,0.10306734935412812
Hum_XLOC_000841,HEK293FT,1.0,0.0859684712935241
Hum_XLOC_000842,HEK293FT,0.0,0.07638463978717148
Hum_XLOC_000854,HEK293FT,0.0,0.10474633723069164
Hum_XLOC_000855,HEK293FT,0.0,0.04052697044587581
Hum_XLOC_000883,HEK293FT,0.0,0.10013233899348614
Hum_XLOC_000885,HEK293FT,0.0,0.07729288280564939
Hum_XLOC_000905,HEK293FT,0.0,0.08520060313856609
Hum_XLOC_000917,HEK293FT,0.0,0.08866163995635629
Hum_XLOC_000925,HEK293FT,0.0,0.086993410721936
Hum_XLOC_000944,HEK293FT,0.0,0.056547771249565906
Hum_XLOC_000949,HEK293FT,0.0,0.08265986914238672
Hum_XLOC_000953,HEK293FT,0.0,0.06273351204966991
Hum_XLOC_000964,HEK293FT,0.0,0.07338122157249609
Hum_XLOC_000990,HEK293FT,0.0,0.07602995657884275
Hum_XLOC_000994,HEK293FT,0.0,0.05477449480735162
Hum_XLOC_001020,HEK293FT,0.0,0.04903996394770223
Hum_XLOC_001029,HEK293FT,0.0,0.08649845564515872
Hum_XLOC_001066,HEK293FT,0.0,0.07079502502229888
Hum_XLOC_001120,HEK293FT,0.0,0.10089897174291104
Hum_XLOC_001121,HEK293FT,0.0,0.055249949027361314
Hum_XLOC_001122,HEK293FT,0.0,0.13625660728894312
Hum_XLOC_001125,HEK293FT,0.0,0.1500287375372893
Hum_XLOC_001132,HEK293FT,0.0,0.1310096866449027
Hum_XLOC_001138,HEK293FT,0.0,0.07178569100660719
Hum_XLOC_001144,HEK293FT,0.0,0.08022122576003121
Hum_XLOC_001146,HEK293FT,0.0,0.07169844643131068
Hum_XLOC_001188,HEK293FT,0.0,0.0782941879105223
Hum_XLOC_001191,HEK293FT,0.0,0.06545212195930598
Hum_XLOC_001192,HEK293FT,0.0,0.09492993243152187
Hum_XLOC_001217,HEK293FT,0.0,0.07175653590376932
Hum_XLOC_001222,HEK293FT,0.0,0.08099972161432707
Hum_XLOC_001228,HEK293FT,0.0,0.09092585440016462
Hum_XLOC_001230,HEK293FT,0.0,0.06802223140355536
Hum_XLOC_001237,HEK293FT,0.0,0.06097048616762701
Hum_XLOC_001243,HEK293FT,0.0,0.09235163261379101
Hum_XLOC_001275,HEK293FT,0.0,0.07579443415898073
Hum_XLOC_001279,HEK293FT,0.0,0.0936147025500886
Hum_XLOC_001291,HEK293FT,0.0,0.10163888307849071
Hum_XLOC_001296,HEK293FT,0.0,0.11575781357792944
Hum_XLOC_001297,HEK293FT,0.0,0.1359937247693502
Hum_XLOC_001309,HEK293FT,0.0,0.11645955702743309
Hum_XLOC_001329,HEK293FT,0.0,0.03520602584308913
Hum_XLOC_001330,HEK293FT,0.0,0.05821673102532595
Hum_XLOC_001355,HEK293FT,0.0,0.07575258385566577
Hum_XLOC_001366,HEK293FT,0.0,0.10422128911323354
Hum_XLOC_001367,HEK293FT,0.0,0.10225196386078098
Hum_XLOC_001375,HEK293FT,0.0,0.07868565885751427
Hum_XLOC_001390,HEK293FT,0.0,0.10860939563588157
Hum_XLOC_001405,HEK293FT,0.0,0.10268913260091629
Hum_XLOC_001461,HEK293FT,0.0,0.05066513988783446
Hum_XLOC_001465,HEK293FT,0.0,0.07509344196167339
Hum_XLOC_001488,HEK293FT,0.0,0.11176190253716499
Hum_XLOC_001490,HEK293FT,0.0,0.10911658884811627
Hum_XLOC_001509,HEK293FT,0.0,0.09613576782544678
Hum_XLOC_001516,HEK293FT,0.0,0.061459008379461125
Hum_XLOC_001532,HEK293FT,0.0,0.10980197165430469
Hum_XLOC_001539,HEK293FT,0.0,0.06067904872416156
Hum_XLOC_001541,HEK293FT,0.0,0.12956672029918287
Hum_XLOC_001542,HEK293FT,0.0,0.10691072247319049
Hum_XLOC_001548,HEK293FT,0.0,0.09035173754818279
Hum_XLOC_001559,HEK293FT,0.0,0.06916562137868791
Hum_XLOC_001565,HEK293FT,0.0,0.1274123233774091
Hum_XLOC_001566,HEK293FT,0.0,0.12397255420035104
Hum_XLOC_001575,HEK293FT,0.0,0.1090302890225692
Hum_XLOC_001580,HEK293FT,0.0,0.08029140533554152
Hum_XLOC_001590,HEK293FT,0.0,0.10054312531628354
Hum_XLOC_001615,HEK293FT,0.0,0.1504678701221512
Hum_XLOC_001624,HEK293FT,0.0,0.118859321804185
Hum_XLOC_001639,HEK293FT,0.0,0.09668220572531136
Hum_XLOC_001661,HEK293FT,0.0,0.059883019574401
Hum_XLOC_001666,HEK293FT,0.0,0.039249723115093414
Hum_XLOC_001668,HEK293FT,0.0,0.10121870648578574
Hum_XLOC_001688,HEK293FT,0.0,0.08011545895996151
Hum_XLOC_001689,HEK293FT,0.0,0.05537855206552789
Hum_XLOC_001695,HEK293FT,0.0,0.1418768249889755
Hum_XLOC_001696,HEK293FT,0.0,0.09503361096850596
Hum_XLOC_001698,HEK293FT,0.0,0.07639976888172781
Hum_XLOC_001707,HEK293FT,0.0,0.12116743784517098
Hum_XLOC_001760,HEK293FT,0.0,0.09082279836921822
Hum_XLOC_001761,HEK293FT,0.0,0.13209045089368293
Hum_XLOC_001773,HEK293FT,0.0,0.1482357596047478
Hum_XLOC_001775,HEK293FT,0.0,0.11763277076940623
Hum_XLOC_001779,HEK293FT,0.0,0.10012915868653248
Hum_XLOC_001783,HEK293FT,0.0,0.10167748119230408
Hum_XLOC_001791,HEK293FT,0.0,0.07877302345929564
Hum_XLOC_001805,HEK293FT,0.0,0.0944676124521055
Hum_XLOC_001809,HEK293FT,0.0,0.04393162019064897
Hum_XLOC_001848,HEK293FT,0.0,0.08868879823673247
Hum_XLOC_001919,HEK293FT,0.0,0.08752431776565893
Hum_XLOC_001941,HEK293FT,0.0,0.06271490710990704
Hum_XLOC_001942,HEK293FT,0.0,0.0458939546553182
Hum_XLOC_001949,HEK293FT,0.0,0.04847129294839362
Hum_XLOC_001950,HEK293FT,0.0,0.12541163155450075
Hum_XLOC_001953,HEK293FT,0.0,0.08294564163202549
Hum_XLOC_001957,HEK293FT,0.0,0.09129751214302646
Hum_XLOC_001961,HEK293FT,0.0,0.09646096778458287
Hum_XLOC_001969,HEK293FT,0.0,0.06891253896558898
Hum_XLOC_002024,HEK293FT,0.0,0.07329524776159381
Hum_XLOC_002028,HEK293FT,0.0,0.04462018427995361
Hum_XLOC_002033,HEK293FT,0.0,0.07986981740964721
Hum_XLOC_002036,HEK293FT,0.0,0.12016355424715643
Hum_XLOC_002037,HEK293FT,0.0,0.10555542967699608
Hum_XLOC_002041,HEK293FT,0.0,0.055839920721728324
Hum_XLOC_002059,HEK293FT,0.0,0.10691545511956954
Hum_XLOC_002061,HEK293FT,0.0,0.09536934644082845
Hum_XLOC_002068,HEK293FT,0.0,0.03801005449700283
Hum_XLOC_002081,HEK293FT,0.0,0.09384622481353379
Hum_XLOC_002093,HEK293FT,0.0,0.0920898626186177
Hum_XLOC_002099,HEK293FT,0.0,0.09110422078059636
Hum_XLOC_002144,HEK293FT,0.0,0.11061750644187957
Hum_XLOC_002150,HEK293FT,0.0,0.0922430861930683
Hum_XLOC_002152,HEK293FT,0.0,0.09212583187801097
Hum_XLOC_002154,HEK293FT,0.0,0.06421494610611372
Hum_XLOC_002169,HEK293FT,1.0,0.11574784356745273
Hum_XLOC_002170,HEK293FT,0.0,0.05339156541997349
Hum_XLOC_002176,HEK293FT,0.0,0.09085866588969493
Hum_XLOC_002178,HEK293FT,0.0,0.06649995691047508
Hum_XLOC_002186,HEK293FT,0.0,0.0712398451377401
Hum_XLOC_002204,HEK293FT,1.0,0.11223897710494808
Hum_XLOC_002205,HEK293FT,1.0,0.094294535653441
Hum_XLOC_002219,HEK293FT,1.0,0.11540118487089052
Hum_XLOC_002244,HEK293FT,0.0,0.07110177223061204
Hum_XLOC_002252,HEK293FT,0.0,0.09137049806484832
Hum_XLOC_002261,HEK293FT,0.0,0.09952864182058585
Hum_XLOC_002262,HEK293FT,0.0,0.05937949474353507
Hum_XLOC_002265,HEK293FT,0.0,0.08569399292337032
Hum_XLOC_002271,HEK293FT,0.0,0.08000531487741804
Hum_XLOC_002280,HEK293FT,0.0,0.11415988871489342
Hum_XLOC_002282,HEK293FT,0.0,0.08733659200250896
Hum_XLOC_002283,HEK293FT,0.0,0.07521288862281672
Hum_XLOC_002284,HEK293FT,0.0,0.12294854783811118
Hum_XLOC_002294,HEK293FT,0.0,0.08821885020873789
Hum_XLOC_002296,HEK293FT,0.0,0.06765698091382669
Hum_XLOC_002299,HEK293FT,0.0,0.09800553633774906
Hum_XLOC_002301,HEK293FT,0.0,0.13628364060701115
Hum_XLOC_002306,HEK293FT,0.0,0.11832221109258888
Hum_XLOC_002311,HEK293FT,1.0,0.1101497602458837
Hum_XLOC_002313,HEK293FT,0.0,0.0780614448472649
Hum_XLOC_002314,HEK293FT,0.0,0.13838523659113797
Hum_XLOC_002327,HEK293FT,0.0,0.096919625888428
Hum_XLOC_002330,HEK293FT,0.0,0.09868434457747706
Hum_XLOC_002338,HEK293FT,0.0,0.11130096428000012
Hum_XLOC_002344,HEK293FT,0.0,0.07792696961835112
Hum_XLOC_002347,HEK293FT,0.0,0.05321417143016148
Hum_XLOC_002348,HEK293FT,0.0,0.08580448423781747
Hum_XLOC_002362,HEK293FT,0.0,0.05392326278112767
Hum_XLOC_002364,HEK293FT,0.0,0.08553988259871059
Hum_XLOC_002383,HEK293FT,0.0,0.06583917288257816
Hum_XLOC_002386,HEK293FT,0.0,0.09184320606375206
Hum_XLOC_002390,HEK293FT,0.0,0.14786752431591912
Hum_XLOC_002394,HEK293FT,0.0,0.0894431754991966
Hum_XLOC_002398,HEK293FT,0.0,0.08195051406527838
Hum_XLOC_002399,HEK293FT,0.0,0.08928589106410127
Hum_XLOC_002408,HEK293FT,0.0,0.07027845830283487
Hum_XLOC_002414,HEK293FT,0.0,0.08764076894705533
Hum_XLOC_002418,HEK293FT,0.0,0.10231429700811034
Hum_XLOC_002435,HEK293FT,0.0,0.0682130198725674
Hum_XLOC_002440,HEK293FT,1.0,0.09848837251927271
Hum_XLOC_002489,HEK293FT,0.0,0.0757168502743485
Hum_XLOC_002490,HEK293FT,0.0,0.04805085283653114
Hum_XLOC_002493,HEK293FT,0.0,0.07330496254331635
Hum_XLOC_002520,HEK293FT,0.0,0.16085107094054268
Hum_XLOC_002524,HEK293FT,0.0,0.07693175706502085
Hum_XLOC_002546,HEK293FT,0.0,0.10822838491002842
Hum_XLOC_002560,HEK293FT,0.0,0.097149824318841
Hum_XLOC_002570,HEK293FT,0.0,0.10422918313494833
Hum_XLOC_002577,HEK293FT,0.0,0.1688816694049701
Hum_XLOC_002579,HEK293FT,0.0,0.09640718449703456
Hum_XLOC_002586,HEK293FT,0.0,0.07555617366693589
Hum_XLOC_002589,HEK293FT,0.0,0.09454128988938867
Hum_XLOC_002629,HEK293FT,0.0,0.1253128570807324
Hum_XLOC_002631,HEK293FT,0.0,0.0925210416398001
Hum_XLOC_002635,HEK293FT,0.0,0.12559901492681771
Hum_XLOC_002644,HEK293FT,0.0,0.08844056147227368
Hum_XLOC_002646,HEK293FT,0.0,0.08201986864933528
Hum_XLOC_002653,HEK293FT,0.0,0.09397552853681701
Hum_XLOC_002681,HEK293FT,0.0,0.08792116263410367
Hum_XLOC_002695,HEK293FT,0.0,0.0925588593992316
Hum_XLOC_002702,HEK293FT,0.0,0.09358861091727923
Hum_XLOC_002705,HEK293FT,0.0,0.10465920716379577
Hum_XLOC_002711,HEK293FT,0.0,0.14309370683441314
Hum_XLOC_002714,HEK293FT,0.0,0.0923101388349241
Hum_XLOC_002717,HEK293FT,0.0,0.11235831071831251
Hum_XLOC_002725,HEK293FT,0.0,0.14176783211674507
Hum_XLOC_002741,HEK293FT,0.0,0.09843026561100424
Hum_XLOC_002742,HEK293FT,0.0,0.09066694461259618
Hum_XLOC_002744,HEK293FT,0.0,0.09487709858502516
Hum_XLOC_002760,HEK293FT,0.0,0.11660470236739479
Hum_XLOC_002788,HEK293FT,0.0,0.10557041529747987
Hum_XLOC_002792,HEK293FT,1.0,0.15392711027996786
Hum_XLOC_002796,HEK293FT,0.0,0.0938942710821944
Hum_XLOC_002817,HEK293FT,0.0,0.0955864940238217
Hum_XLOC_002836,HEK293FT,0.0,0.13554611099779004
Hum_XLOC_002844,HEK293FT,1.0,0.11284656185989161
Hum_XLOC_002845,HEK293FT,0.0,0.1217824328269883
Hum_XLOC_002859,HEK293FT,0.0,0.09433289631274852
Hum_XLOC_002889,HEK293FT,0.0,0.12017052907028841
Hum_XLOC_002911,HEK293FT,0.0,0.07065161608460818
Hum_XLOC_002935,HEK293FT,0.0,0.08827785876951316
Hum_XLOC_002937,HEK293FT,0.0,0.11516959381030853
Hum_XLOC_002967,HEK293FT,0.0,0.07567003313079407
Hum_XLOC_002983,HEK293FT,0.0,0.09584800110159387
Hum_XLOC_002986,HEK293FT,0.0,0.16466598599297588
Hum_XLOC_002990,HEK293FT,0.0,0.10294037942543396
Hum_XLOC_003039,HEK293FT,0.0,0.07888591937369405
Hum_XLOC_003061,HEK293FT,0.0,0.17705086549555166
Hum_XLOC_003086,HEK293FT,0.0,0.135084545122184
Hum_XLOC_003099,HEK293FT,0.0,0.0625640276460237
Hum_XLOC_003109,HEK293FT,0.0,0.09128916633781943
Hum_XLOC_003128,HEK293FT,0.0,0.14660450098649505
Hum_XLOC_003134,HEK293FT,0.0,0.12997455852456366
Hum_XLOC_003137,HEK293FT,0.0,0.10737973660567667
Hum_XLOC_003154,HEK293FT,0.0,0.08409065709184538
Hum_XLOC_003155,HEK293FT,0.0,0.1469178301950173
Hum_XLOC_003171,HEK293FT,0.0,0.05253091851202022
Hum_XLOC_003209,HEK293FT,0.0,0.07649071464828712
Hum_XLOC_003215,HEK293FT,0.0,0.11855219582156071
Hum_XLOC_003221,HEK293FT,0.0,0.07789635467968267
Hum_XLOC_003232,HEK293FT,0.0,0.08869461852153403
Hum_XLOC_003268,HEK293FT,0.0,0.10377040944404399
Hum_XLOC_003269,HEK293FT,0.0,0.13013973174426657
Hum_XLOC_003286,HEK293FT,0.0,0.1479631372713651
Hum_XLOC_003290,HEK293FT,0.0,0.07843861016511808
Hum_XLOC_003294,HEK293FT,0.0,0.09471518312853551
Hum_XLOC_003321,HEK293FT,0.0,0.12239024695892618
Hum_XLOC_003324,HEK293FT,0.0,0.053397630135641194
Hum_XLOC_003334,HEK293FT,0.0,0.0973004571876545
Hum_XLOC_003337,HEK293FT,0.0,0.07984130676625033
Hum_XLOC_003338,HEK293FT,0.0,0.05165301722384829
Hum_XLOC_003352,HEK293FT,0.0,0.11109710561897476
Hum_XLOC_003357,HEK293FT,0.0,0.07472797550020453
Hum_XLOC_003361,HEK293FT,0.0,0.12181328718744878
Hum_XLOC_003371,HEK293FT,0.0,0.07482139243139344
Hum_XLOC_003381,HEK293FT,0.0,0.10795311923204558
Hum_XLOC_003408,HEK293FT,0.0,0.06853528537246527
Hum_XLOC_003436,HEK293FT,0.0,0.07112262567481502
Hum_XLOC_003440,HEK293FT,0.0,0.048716020390223796
Hum_XLOC_003450,HEK293FT,0.0,0.10193097268614552
Hum_XLOC_003466,HEK293FT,0.0,0.08666105545836085
Hum_XLOC_003488,HEK293FT,0.0,0.0664015155677122
Hum_XLOC_003491,HEK293FT,0.0,0.09052996659684459
Hum_XLOC_003497,HEK293FT,0.0,0.06951785125826224
Hum_XLOC_003498,HEK293FT,0.0,0.09732528120553627
Hum_XLOC_003502,HEK293FT,0.0,0.08733496402133842
Hum_XLOC_003518,HEK293FT,0.0,0.0935408343338219
Hum_XLOC_003532,HEK293FT,0.0,0.09716625904894718
Hum_XLOC_003543,HEK293FT,0.0,0.06614371389857483
Hum_XLOC_003554,HEK293FT,0.0,0.08282000733853367
Hum_XLOC_003563,HEK293FT,0.0,0.0882045364214381
Hum_XLOC_003567,HEK293FT,0.0,0.12220057272141345
Hum_XLOC_003568,HEK293FT,1.0,0.08703580043148816
Hum_XLOC_003570,HEK293FT,0.0,0.0638782791582932
Hum_XLOC_003571,HEK293FT,0.0,0.062036469903016346
Hum_XLOC_003593,HEK293FT,0.0,0.06679383654894784
Hum_XLOC_003594,HEK293FT,0.0,0.12328985027923775
Hum_XLOC_003598,HEK293FT,0.0,0.04640127920514279
Hum_XLOC_003626,HEK293FT,0.0,0.09194071477053863
Hum_XLOC_003628,HEK293FT,0.0,0.05363512239905303
Hum_XLOC_003630,HEK293FT,0.0,0.1058561435573399
Hum_XLOC_003641,HEK293FT,0.0,0.13017032467980044
Hum_XLOC_003662,HEK293FT,0.0,0.10996075656902994
Hum_XLOC_003665,HEK293FT,0.0,0.0887332643686085
Hum_XLOC_003672,HEK293FT,0.0,0.14100340033212014
Hum_XLOC_003673,HEK293FT,0.0,0.10208960904122856
Hum_XLOC_003674,HEK293FT,0.0,0.15475661556457504
Hum_XLOC_003676,HEK293FT,0.0,0.08985843803859264
Hum_XLOC_003686,HEK293FT,0.0,0.07370810777388043
Hum_XLOC_003697,HEK293FT,0.0,0.05927505916329858
Hum_XLOC_003717,HEK293FT,0.0,0.09815678057158277
Hum_XLOC_003725,HEK293FT,0.0,0.08133804247014609
Hum_XLOC_003743,HEK293FT,0.0,0.09931678076734105
Hum_XLOC_003754,HEK293FT,0.0,0.1048394485782306
Hum_XLOC_003766,HEK293FT,0.0,0.1337787070258872
Hum_XLOC_003775,HEK293FT,0.0,0.08266699852578556
Hum_XLOC_003790,HEK293FT,0.0,0.07704033680773965
Hum_XLOC_003799,HEK293FT,0.0,0.08333978118819532
Hum_XLOC_003853,HEK293FT,0.0,0.06762600074881567
Hum_XLOC_003865,HEK293FT,0.0,0.10267708440818032
Hum_XLOC_003871,HEK293FT,0.0,0.10052692064688673
Hum_XLOC_003891,HEK293FT,0.0,0.11557769232396543
Hum_XLOC_003892,HEK293FT,0.0,0.12029983830964765
Hum_XLOC_003910,HEK293FT,0.0,0.09901733079547986
Hum_XLOC_003911,HEK293FT,0.0,0.12918963413259876
Hum_XLOC_003952,HEK293FT,0.0,0.06967521445656384
Hum_XLOC_003971,HEK293FT,0.0,0.07950854951669103
Hum_XLOC_003988,HEK293FT,0.0,0.07467041509597865
Hum_XLOC_004020,HEK293FT,0.0,0.09514309527789039
Hum_XLOC_004035,HEK293FT,0.0,0.11274607378151849
Hum_XLOC_004036,HEK293FT,0.0,0.10755748210899913
Hum_XLOC_004048,HEK293FT,0.0,0.07770309845907883
Hum_XLOC_004068,HEK293FT,0.0,0.05130892930159583
Hum_XLOC_004069,HEK293FT,0.0,0.03752171810211733
Hum_XLOC_004095,HEK293FT,0.0,0.15121895623117648
Hum_XLOC_004096,HEK293FT,0.0,0.13637803227461157
Hum_XLOC_004116,HEK293FT,0.0,0.15229437714446728
Hum_XLOC_004123,HEK293FT,0.0,0.08824713700357627
Hum_XLOC_004134,HEK293FT,0.0,0.05984521192968992
Hum_XLOC_004161,HEK293FT,0.0,0.08115941132233047
Hum_XLOC_004168,HEK293FT,0.0,0.08105096130699607
Hum_XLOC_004169,HEK293FT,0.0,0.08200346802242535
Hum_XLOC_004177,HEK293FT,0.0,0.07890914224540745
Hum_XLOC_004200,HEK293FT,0.0,0.11216834053394835
Hum_XLOC_004201,HEK293FT,0.0,0.07796708118883858
Hum_XLOC_004219,HEK293FT,1.0,0.06930138540228604
Hum_XLOC_004226,HEK293FT,0.0,0.08749049989058114
Hum_XLOC_004227,HEK293FT,1.0,0.06945789966429294
Hum_XLOC_004236,HEK293FT,0.0,0.07111526246349265
Hum_XLOC_004254,HEK293FT,1.0,0.16235763615027288
Hum_XLOC_004255,HEK293FT,0.0,0.1383382140116146
Hum_XLOC_004262,HEK293FT,1.0,0.09902987383472582
Hum_XLOC_004269,HEK293FT,0.0,0.11588505145491522
Hum_XLOC_004277,HEK293FT,0.0,0.08065852537153921
Hum_XLOC_004278,HEK293FT,0.0,0.08043908547601984
Hum_XLOC_004282,HEK293FT,0.0,0.10935746894285799
Hum_XLOC_004287,HEK293FT,0.0,0.11596776919875776
Hum_XLOC_004293,HEK293FT,0.0,0.10459398250434063
Hum_XLOC_004302,HEK293FT,0.0,0.13024696808611863
Hum_XLOC_004303,HEK293FT,0.0,0.07772181234218868
Hum_XLOC_004306,HEK293FT,0.0,0.07040685893542409
Hum_XLOC_004309,HEK293FT,0.0,0.10648418262816214
Hum_XLOC_004314,HEK293FT,0.0,0.10781402855686409
Hum_XLOC_004317,HEK293FT,0.0,0.09540677899190232
Hum_XLOC_004336,HEK293FT,0.0,0.1297662547536454
Hum_XLOC_004343,HEK293FT,0.0,0.15119378180409027
Hum_XLOC_004350,HEK293FT,0.0,0.08086337591219367
Hum_XLOC_004361,HEK293FT,0.0,0.06163160231747179
Hum_XLOC_004363,HEK293FT,0.0,0.08430203228371107
Hum_XLOC_004401,HEK293FT,0.0,0.10330732920264382
Hum_XLOC_004405,HEK293FT,0.0,0.0753725182637823
Hum_XLOC_004407,HEK293FT,0.0,0.04494954663406792
Hum_XLOC_004424,HEK293FT,1.0,0.1511077732857918
Hum_XLOC_004437,HEK293FT,0.0,0.07182442554401272
Hum_XLOC_004446,HEK293FT,0.0,0.13422902913081575
Hum_XLOC_004457,HEK293FT,0.0,0.10768031616255874
Hum_XLOC_004482,HEK293FT,0.0,0.10896589892120855
Hum_XLOC_004502,HEK293FT,0.0,0.06297479344235986
Hum_XLOC_004515,HEK293FT,0.0,0.057311565040150024
Hum_XLOC_004529,HEK293FT,0.0,0.08946564118375966
Hum_XLOC_004535,HEK293FT,0.0,0.0646683034448372
Hum_XLOC_004553,HEK293FT,0.0,0.11907627434760323
Hum_XLOC_004566,HEK293FT,0.0,0.04918632706060595
Hum_XLOC_004567,HEK293FT,0.0,0.07673766636272408
Hum_XLOC_004572,HEK293FT,0.0,0.13028176436554803
Hum_XLOC_004578,HEK293FT,0.0,0.05458245240849721
Hum_XLOC_004580,HEK293FT,0.0,0.12519864151446036
Hum_XLOC_004581,HEK293FT,0.0,0.0892815213972284
Hum_XLOC_004587,HEK293FT,0.0,0.1450319056018258
Hum_XLOC_004600,HEK293FT,0.0,0.16823379675681904
Hum_XLOC_004601,HEK293FT,1.0,0.08195180912823617
Hum_XLOC_004607,HEK293FT,0.0,0.1037575569575433
Hum_XLOC_004617,HEK293FT,0.0,0.08357577376359429
Hum_XLOC_004619,HEK293FT,0.0,0.1132978892594567
Hum_XLOC_004620,HEK293FT,0.0,0.11379271504005739
Hum_XLOC_004632,HEK293FT,0.0,0.07524611359357046
Hum_XLOC_004636,HEK293FT,1.0,0.08463459973548448
Hum_XLOC_004652,HEK293FT,0.0,0.058647753070156114
Hum_XLOC_004653,HEK293FT,0.0,0.10452495106519123
Hum_XLOC_004657,HEK293FT,1.0,0.10353106985907658
Hum_XLOC_004661,HEK293FT,0.0,0.1077542846576715
Hum_XLOC_004683,HEK293FT,0.0,0.05112734510153496
Hum_XLOC_004684,HEK293FT,0.0,0.12146675913190315
Hum_XLOC_004688,HEK293FT,0.0,0.06612693590335396
Hum_XLOC_004689,HEK293FT,0.0,0.06834176111577796
Hum_XLOC_004705,HEK293FT,0.0,0.08341957793918292
Hum_XLOC_004717,HEK293FT,0.0,0.09755515632285379
Hum_XLOC_004718,HEK293FT,0.0,0.1051836713158159
Hum_XLOC_004733,HEK293FT,0.0,0.1379719697627485
Hum_XLOC_004741,HEK293FT,0.0,0.05858127099182826
Hum_XLOC_004762,HEK293FT,0.0,0.1351101206994608
Hum_XLOC_004771,HEK293FT,0.0,0.06732672274229187
Hum_XLOC_004777,HEK293FT,0.0,0.06274386865855743
Hum_XLOC_004788,HEK293FT,0.0,0.10072793775324378
Hum_XLOC_004791,HEK293FT,0.0,0.06094801564701234
Hum_XLOC_004795,HEK293FT,0.0,0.076749273753448
Hum_XLOC_004803,HEK293FT,0.0,0.11158348922238563
Hum_XLOC_004805,HEK293FT,0.0,0.0776855808641923
Hum_XLOC_004813,HEK293FT,0.0,0.0811658012716186
Hum_XLOC_004815,HEK293FT,0.0,0.06677228610688558
Hum_XLOC_004822,HEK293FT,0.0,0.08162555490580399
Hum_XLOC_004823,HEK293FT,0.0,0.057010556770555276
Hum_XLOC_004827,HEK293FT,0.0,0.06207134395115901
Hum_XLOC_004837,HEK293FT,0.0,0.08114068242118631
Hum_XLOC_004839,HEK293FT,0.0,0.10194546713579997
Hum_XLOC_004855,HEK293FT,0.0,0.10039718513078265
Hum_XLOC_004874,HEK293FT,0.0,0.07394828291382664
Hum_XLOC_004875,HEK293FT,0.0,0.0526830714226604
Hum_XLOC_004878,HEK293FT,0.0,0.08700725177651572
Hum_XLOC_004884,HEK293FT,0.0,0.062202396673753955
Hum_XLOC_004911,HEK293FT,0.0,0.13231156541926403
Hum_XLOC_004915,HEK293FT,0.0,0.08788033900499455
Hum_XLOC_004927,HEK293FT,0.0,0.09417445238387781
Hum_XLOC_004929,HEK293FT,0.0,0.12112490219699111
Hum_XLOC_004936,HEK293FT,0.0,0.07098384333973616
Hum_XLOC_004957,HEK293FT,0.0,0.0698576334697849
Hum_XLOC_004960,HEK293FT,0.0,0.06442824321289747
Hum_XLOC_004965,HEK293FT,0.0,0.04407694750707245
Hum_XLOC_000006,K562,0.0,0.09022086174738081
Hum_XLOC_000008,K562,0.0,0.12173952078387962
Hum_XLOC_000016,K562,0.0,0.18243957632074181
Hum_XLOC_000030,K562,0.0,0.2926008490112689
Hum_XLOC_000033,K562,0.0,0.14573056233069126
Hum_XLOC_000039,K562,0.0,0.2365012888021893
Hum_XLOC_000053,K562,0.0,0.1679076695684034
Hum_XLOC_000057,K562,1.0,0.1530935525161643
Hum_XLOC_000060,K562,1.0,0.25375309382764905
Hum_XLOC_000080,K562,0.0,0.06594304148447641
Hum_XLOC_000094,K562,0.0,0.13527044730072532
Hum_XLOC_000100,K562,1.0,0.13100099265912982
Hum_XLOC_000105,K562,0.0,0.06861213242731255
Hum_XLOC_000107,K562,0.0,0.06808904267532379
Hum_XLOC_000111,K562,1.0,0.11553738664821817
Hum_XLOC_000134,K562,0.0,0.11141616456036678
Hum_XLOC_000143,K562,1.0,0.15245100860445537
Hum_XLOC_000145,K562,0.0,0.11348868740470178
Hum_XLOC_000149,K562,0.0,0.13719378398173543
Hum_XLOC_000155,K562,1.0,0.11735995105634033
Hum_XLOC_000169,K562,0.0,0.1333263647528946
Hum_XLOC_000170,K562,0.0,0.134115932285161
Hum_XLOC_000194,K562,0.0,0.08240064207596892
Hum_XLOC_000201,K562,0.0,0.11436573630324467
Hum_XLOC_000231,K562,1.0,0.19017745997651125
Hum_XLOC_000233,K562,1.0,0.13713378663426398
Hum_XLOC_000245,K562,0.0,0.14513822359843825
Hum_XLOC_000247,K562,0.0,0.3064393224029422
Hum_XLOC_000248,K562,0.0,0.08248278562605284
Hum_XLOC_000265,K562,0.0,0.12384059778326086
Hum_XLOC_000282,K562,0.0,0.1327173183423907
Hum_XLOC_000286,K562,1.0,0.1549615896480028
Hum_XLOC_000292,K562,0.0,0.1155018196513857
Hum_XLOC_000307,K562,0.0,0.061330011924676485
Hum_XLOC_000308,K562,0.0,0.0868982105635412
Hum_XLOC_000312,K562,1.0,0.2230717387102121
Hum_XLOC_000314,K562,0.0,0.05562176974477015
Hum_XLOC_000317,K562,0.0,0.07432885762134232
Hum_XLOC_000319,K562,0.0,0.10936724232725709
Hum_XLOC_000332,K562,0.0,0.11407929046116254
Hum_XLOC_000338,K562,0.0,0.12604794671036407
Hum_XLOC_000342,K562,0.0,0.15535385360524948
Hum_XLOC_000345,K562,0.0,0.15559649163638872
Hum_XLOC_000362,K562,0.0,0.08801864209084671
Hum_XLOC_000377,K562,1.0,0.13417142201183196
Hum_XLOC_000390,K562,0.0,0.106331389416273
Hum_XLOC_000394,K562,0.0,0.17773571596270898
Hum_XLOC_000411,K562,0.0,0.061519446839293675
Hum_XLOC_000415,K562,0.0,0.17768870649411014
Hum_XLOC_000430,K562,0.0,0.09149049024025535
Hum_XLOC_000436,K562,0.0,0.21768406400311
Hum_XLOC_000437,K562,1.0,0.14721894261485974
Hum_XLOC_000456,K562,1.0,0.18552425114038457
Hum_XLOC_000461,K562,0.0,0.13426627415004957
Hum_XLOC_000462,K562,0.0,0.10760241725216425
Hum_XLOC_000465,K562,0.0,0.07941721283445077
Hum_XLOC_000472,K562,0.0,0.10294968708637259
Hum_XLOC_000474,K562,0.0,0.09005090627292762
Hum_XLOC_000478,K562,0.0,0.22469635912812153
Hum_XLOC_000486,K562,0.0,0.06298057216701715
Hum_XLOC_000490,K562,0.0,0.07742492234797418
Hum_XLOC_000498,K562,0.0,0.12032710501352971
Hum_XLOC_000500,K562,1.0,0.11688931833597362
Hum_XLOC_000510,K562,0.0,0.17538707273580068
Hum_XLOC_000535,K562,0.0,0.2056689705422196
Hum_XLOC_000540,K562,0.0,0.08593926894594185
Hum_XLOC_000556,K562,0.0,0.07478950613206453
Hum_XLOC_000574,K562,0.0,0.09758663007899201
Hum_XLOC_000575,K562,0.0,0.07707153133486086
Hum_XLOC_000582,K562,0.0,0.08066273837103105
Hum_XLOC_000590,K562,0.0,0.06471161683356293
Hum_XLOC_000601,K562,0.0,0.1423122638899365
Hum_XLOC_000604,K562,0.0,0.045642839252656164
Hum_XLOC_000608,K562,1.0,0.1400785134196176
Hum_XLOC_000612,K562,0.0,0.09310548137872207
Hum_XLOC_000636,K562,1.0,0.12241587540643897
Hum_XLOC_000638,K562,0.0,0.18247934484588685
Hum_XLOC_000641,K562,0.0,0.04665126660900973
Hum_XLOC_000655,K562,0.0,0.14209516661582788
Hum_XLOC_000668,K562,0.0,0.10230552431834929
Hum_XLOC_000680,K562,0.0,0.04289295184738881
Hum_XLOC_000681,K562,0.0,0.07224797728025766
Hum_XLOC_000695,K562,0.0,0.11729369409595825
Hum_XLOC_000702,K562,0.0,0.18991892272962346
Hum_XLOC_000726,K562,0.0,0.12795308585738507
Hum_XLOC_000727,K562,0.0,0.12943029606773127
Hum_XLOC_000758,K562,0.0,0.05547378333143351
Hum_XLOC_000773,K562,0.0,0.08226872751739644
Hum_XLOC_000774,K562,0.0,0.0786585011111256
Hum_XLOC_000797,K562,0.0,0.13047836063634957
Hum_XLOC_000799,K562,0.0,0.12341788141460298
Hum_XLOC_000800,K562,0.0,0.06822816632547449
Hum_XLOC_000807,K562,0.0,0.09248942222814291
Hum_XLOC_000818,K562,0.0,0.10573962524501214
Hum_XLOC_000828,K562,0.0,0.06316320875955787
Hum_XLOC_000831,K562,0.0,0.06934832650631242
Hum_XLOC_000835,K562,0.0,0.043704493531106614
Hum_XLOC_000840,K562,0.0,0.09298037529589537
Hum_XLOC_000841,K562,0.0,0.0888056639551734
Hum_XLOC_000842,K562,0.0,0.0743642434218147
Hum_XLOC_000854,K562,1.0,0.09682042885141728
Hum_XLOC_000855,K562,0.0,0.04440679239381377
Hum_XLOC_000883,K562,0.0,0.09899726454490963
Hum_XLOC_000885,K562,0.0,0.07364320309926736
Hum_XLOC_000905,K562,0.0,0.0849668935955002
Hum_XLOC_000917,K562,0.0,0.08323803973768383
Hum_XLOC_000925,K562,0.0,0.0834810713113249
Hum_XLOC_000944,K562,0.0,0.05475891965298206
Hum_XLOC_000949,K562,0.0,0.08436210920084598
Hum_XLOC_000953,K562,0.0,0.06287024841746666
Hum_XLOC_000964,K562,0.0,0.06328130234932948
Hum_XLOC_000990,K562,0.0,0.07473091979246202
Hum_XLOC_000994,K562,0.0,0.05299910241894351
Hum_XLOC_001020,K562,0.0,0.05949014309666953
Hum_XLOC_001029,K562,0.0,0.08251158363130165
Hum_XLOC_001066,K562,0.0,0.07681857984884743
Hum_XLOC_001120,K562,0.0,0.10868839982148794
Hum_XLOC_001121,K562,0.0,0.04946946450949912
Hum_XLOC_001122,K562,0.0,0.13923259611178135
Hum_XLOC_001125,K562,0.0,0.15677653226402838
Hum_XLOC_001132,K562,0.0,0.13948886612268488
Hum_XLOC_001138,K562,0.0,0.07203323116727507
Hum_XLOC_001144,K562,0.0,0.08665812892344797
Hum_XLOC_001146,K562,0.0,0.06942446227123812
Hum_XLOC_001188,K562,0.0,0.08204189680571534
Hum_XLOC_001191,K562,0.0,0.06342455996242813
Hum_XLOC_001192,K562,0.0,0.08754567453099026
Hum_XLOC_001217,K562,0.0,0.06771851996086345
Hum_XLOC_001222,K562,0.0,0.08100072056156922
Hum_XLOC_001228,K562,0.0,0.10245386388312183
Hum_XLOC_001230,K562,0.0,0.06872176472081153
Hum_XLOC_001237,K562,0.0,0.06736083680620952
Hum_XLOC_001243,K562,0.0,0.09227106238183126
Hum_XLOC_001275,K562,0.0,0.07596911243041397
Hum_XLOC_001279,K562,0.0,0.08594897211030732
Hum_XLOC_001291,K562,0.0,0.09445602332523531
Hum_XLOC_001296,K562,1.0,0.1277815339085577
Hum_XLOC_001297,K562,0.0,0.13335647187567987
Hum_XLOC_001309,K562,0.0,0.11153783154728285
Hum_XLOC_001329,K562,0.0,0.03517705254451827
Hum_XLOC_001330,K562,0.0,0.05315640783318311
Hum_XLOC_001355,K562,0.0,0.08199834424684636
Hum_XLOC_001366,K562,0.0,0.09528887596796994
Hum_XLOC_001367,K562,0.0,0.093667761239099
Hum_XLOC_001375,K562,0.0,0.07096773634256769
Hum_XLOC_001390,K562,0.0,0.10388763991899028
Hum_XLOC_001405,K562,0.0,0.10436503117695298
Hum_XLOC_001461,K562,0.0,0.05807868812806487
Hum_XLOC_001465,K562,0.0,0.06337828307224533
Hum_XLOC_001488,K562,0.0,0.11254574557955656
Hum_XLOC_001490,K562,1.0,0.12135460777718611
Hum_XLOC_001509,K562,0.0,0.09675937719190018
Hum_XLOC_001516,K562,0.0,0.06332569302883317
Hum_XLOC_001532,K562,0.0,0.10796150083889469
Hum_XLOC_001539,K562,0.0,0.07229925896492115
Hum_XLOC_001541,K562,0.0,0.1279483349553727
Hum_XLOC_001542,K562,0.0,0.09591666230897246
Hum_XLOC_001548,K562,0.0,0.09257124416645111
Hum_XLOC_001559,K562,0.0,0.06317516955669439
Hum_XLOC_001565,K562,1.0,0.1594130272150947
Hum_XLOC_001566,K562,0.0,0.13213475247156806
Hum_XLOC_001575,K562,0.0,0.11006610853001708
Hum_XLOC_001580,K562,0.0,0.0780188840094131
Hum_XLOC_001590,K562,0.0,0.10064481324426991
Hum_XLOC_001615,K562,0.0,0.21509302609180847
Hum_XLOC_001624,K562,0.0,0.13107888616001948
Hum_XLOC_001639,K562,0.0,0.08997727967945159
Hum_XLOC_001661,K562,0.0,0.06194805540441561
Hum_XLOC_001666,K562,0.0,0.039118701669294584
Hum_XLOC_001668,K562,0.0,0.10195924056666002
Hum_XLOC_001688,K562,0.0,0.07237657758732505
Hum_XLOC_001689,K562,0.0,0.05199506658023687
Hum_XLOC_001695,K562,0.0,0.16438038478705322
Hum_XLOC_001696,K562,0.0,0.10201135671139866
Hum_XLOC_001698,K562,0.0,0.07280367889914355
Hum_XLOC_001707,K562,0.0,0.11592860534298485
Hum_XLOC_001760,K562,0.0,0.09811990219680365
Hum_XLOC_001761,K562,0.0,0.15364571806742475
Hum_XLOC_001773,K562,0.0,0.15814562551512434
Hum_XLOC_001775,K562,0.0,0.11944828786829477
Hum_XLOC_001779,K562,0.0,0.10659097133033553
Hum_XLOC_001783,K562,1.0,0.10737925894192091
Hum_XLOC_001791,K562,0.0,0.0790182127458475
Hum_XLOC_001805,K562,0.0,0.10071974492922266
Hum_XLOC_001809,K562,0.0,0.04588722850079689
Hum_XLOC_001848,K562,0.0,0.08904396866373764
Hum_XLOC_001919,K562,0.0,0.08554190772045832
Hum_XLOC_001941,K562,0.0,0.060955996503203595
Hum_XLOC_001942,K562,0.0,0.04014821739772955
Hum_XLOC_001949,K562,0.0,0.046469427028095076
Hum_XLOC_001950,K562,1.0,0.13483742733817225
Hum_XLOC_001953,K562,0.0,0.07486964166543303
Hum_XLOC_001957,K562,0.0,0.08223777900302633
Hum_XLOC_001961,K562,0.0,0.09931134978757264
Hum_XLOC_001969,K562,0.0,0.07068114558971521
Hum_XLOC_002024,K562,0.0,0.06749847486058752
Hum_XLOC_002028,K562,0.0,0.046416022594592224
Hum_XLOC_002033,K562,1.0,0.08564321642694299
Hum_XLOC_002036,K562,0.0,0.1474216645094298
Hum_XLOC_002037,K562,0.0,0.10047236098407751
Hum_XLOC_002041,K562,0.0,0.05454567322484267
Hum_XLOC_002059,K562,0.0,0.12311402781424159
Hum_XLOC_002061,K562,0.0,0.0901923002546433
Hum_XLOC_002068,K562,0.0,0.03633523666935976
Hum_XLOC_002081,K562,0.0,0.11387363847764692
Hum_XLOC_002093,K562,0.0,0.10058453698795491
Hum_XLOC_002099,K562,0.0,0.08894119590730823
Hum_XLOC_002144,K562,0.0,0.1269290059821251
Hum_XLOC_002150,K562,0.0,0.09075322066568092
Hum_XLOC_002152,K562,0.0,0.09264973881298907
Hum_XLOC_002154,K562,0.0,0.07159150360737866
Hum_XLOC_002169,K562,0.0,0.12113274441259585
Hum_XLOC_002170,K562,0.0,0.0515647678722718
Hum_XLOC_002176,K562,0.0,0.0974916192667097
Hum_XLOC_002178,K562,0.0,0.0666406958283718
Hum_XLOC_002186,K562,0.0,0.07699367883096088
Hum_XLOC_002204,K562,0.0,0.10290663980030594
Hum_XLOC_002205,K562,0.0,0.09222279718483684
Hum_XLOC_002219,K562,0.0,0.11149389493191923
Hum_XLOC_002244,K562,0.0,0.0715576738972563
Hum_XLOC_002252,K562,0.0,0.08624133732922516
Hum_XLOC_002261,K562,0.0,0.08901187588204157
Hum_XLOC_002262,K562,0.0,0.06138788814871184
Hum_XLOC_002265,K562,0.0,0.08010429769138404
Hum_XLOC_002271,K562,0.0,0.08056471238285509
Hum_XLOC_002280,K562,0.0,0.118001353597654
Hum_XLOC_002282,K562,0.0,0.08573787701099991
Hum_XLOC_002283,K562,0.0,0.07953790612176465
Hum_XLOC_002284,K562,1.0,0.17167236524954196
Hum_XLOC_002294,K562,0.0,0.09028475336560918
Hum_XLOC_002296,K562,0.0,0.06758539556606799
Hum_XLOC_002299,K562,0.0,0.10048454248712504
Hum_XLOC_002301,K562,0.0,0.19041873350420946
Hum_XLOC_002306,K562,0.0,0.1319725045299138
Hum_XLOC_002311,K562,0.0,0.09929477398247992
Hum_XLOC_002313,K562,0.0,0.09941275820477456
Hum_XLOC_002314,K562,1.0,0.1855320260471274
Hum_XLOC_002327,K562,0.0,0.12097813131495404
Hum_XLOC_002330,K562,0.0,0.11820911419675503
Hum_XLOC_002338,K562,0.0,0.10198813877589856
Hum_XLOC_002344,K562,0.0,0.0820520540247895
Hum_XLOC_002347,K562,0.0,0.0478311369686388
Hum_XLOC_002348,K562,0.0,0.07426995085751815
Hum_XLOC_002362,K562,0.0,0.05434353574776957
Hum_XLOC_002364,K562,0.0,0.08341760887599181
Hum_XLOC_002383,K562,0.0,0.06226034486503169
Hum_XLOC_002386,K562,0.0,0.08348030664576557
Hum_XLOC_002390,K562,0.0,0.17102094308475538
Hum_XLOC_002394,K562,0.0,0.10506766425724727
Hum_XLOC_002398,K562,0.0,0.07820647698082919
Hum_XLOC_002399,K562,0.0,0.09704163682584366
Hum_XLOC_002408,K562,0.0,0.06989903118486945
Hum_XLOC_002414,K562,0.0,0.08992380601009502
Hum_XLOC_002418,K562,0.0,0.10989257413541917
Hum_XLOC_002435,K562,0.0,0.059019746809459664
Hum_XLOC_002440,K562,0.0,0.10669315836781064
Hum_XLOC_002489,K562,0.0,0.07999629220445731
Hum_XLOC_002490,K562,0.0,0.04447384823022737
Hum_XLOC_002493,K562,0.0,0.07839156610219372
Hum_XLOC_002520,K562,0.0,0.2670962423539236
Hum_XLOC_002524,K562,0.0,0.10994783013085521
Hum_XLOC_002546,K562,0.0,0.150435553530472
Hum_XLOC_002560,K562,0.0,0.10325152365060757
Hum_XLOC_002570,K562,0.0,0.15364624902163873
Hum_XLOC_002577,K562,0.0,0.2393508651815008
Hum_XLOC_002579,K562,0.0,0.11163534596666014
Hum_XLOC_002586,K562,0.0,0.07444685345994353
Hum_XLOC_002589,K562,1.0,0.11596608414886561
Hum_XLOC_002629,K562,0.0,0.13175816389564227
Hum_XLOC_002631,K562,0.0,0.08854529568972191
Hum_XLOC_002635,K562,0.0,0.12058696669910733
Hum_XLOC_002644,K562,0.0,0.09080477018225214
Hum_XLOC_002646,K562,0.0,0.0885811489251574
Hum_XLOC_002653,K562,0.0,0.0944152321956952
Hum_XLOC_002681,K562,0.0,0.10559005136155039
Hum_XLOC_002695,K562,0.0,0.10428791991478006
Hum_XLOC_002702,K562,0.0,0.09451044845705633
Hum_XLOC_002705,K562,1.0,0.11138870066188943
Hum_XLOC_002711,K562,0.0,0.14964530985302238
Hum_XLOC_002714,K562,0.0,0.11247974993151665
Hum_XLOC_002717,K562,0.0,0.10871015402801382
Hum_XLOC_002725,K562,0.0,0.15791462353439856
Hum_XLOC_002741,K562,0.0,0.1123016014739701
Hum_XLOC_002742,K562,0.0,0.09285033893187757
Hum_XLOC_002744,K562,0.0,0.09375296071787302
Hum_XLOC_002760,K562,0.0,0.12582760153525768
Hum_XLOC_002788,K562,0.0,0.13377097625085
Hum_XLOC_002792,K562,0.0,0.17518050716507502
Hum_XLOC_002796,K562,0.0,0.12335066882666805
Hum_XLOC_002817,K562,0.0,0.09619915125284662
Hum_XLOC_002836,K562,0.0,0.1343234543509893
Hum_XLOC_002844,K562,0.0,0.10151959894706859
Hum_XLOC_002845,K562,0.0,0.13807057767744235
Hum_XLOC_002859,K562,0.0,0.07891831504984956
Hum_XLOC_002889,K562,0.0,0.16594654501766623
Hum_XLOC_002911,K562,0.0,0.09036843876248997
Hum_XLOC_002935,K562,0.0,0.08788790258792431
Hum_XLOC_002937,K562,0.0,0.11599625581457729
Hum_XLOC_002967,K562,0.0,0.0682188702516398
Hum_XLOC_002983,K562,0.0,0.09835802871394943
Hum_XLOC_002986,K562,0.0,0.21545504941477434
Hum_XLOC_002990,K562,0.0,0.11362501715513104
Hum_XLOC_003039,K562,0.0,0.0806048946726047
Hum_XLOC_003061,K562,1.0,0.2004758039363717
Hum_XLOC_003086,K562,0.0,0.1439342101702409
Hum_XLOC_003099,K562,0.0,0.05670442342232318
Hum_XLOC_003109,K562,0.0,0.09014287781777103
Hum_XLOC_003128,K562,0.0,0.15999035740710424
Hum_XLOC_003134,K562,1.0,0.14257990277419086
Hum_XLOC_003137,K562,0.0,0.09179662563168245
Hum_XLOC_003154,K562,0.0,0.09217096178936042
Hum_XLOC_003155,K562,0.0,0.1782373441876722
Hum_XLOC_003171,K562,0.0,0.05222903401893904
Hum_XLOC_003209,K562,0.0,0.09383694742525514
Hum_XLOC_003215,K562,0.0,0.12548232903731268
Hum_XLOC_003221,K562,0.0,0.0758446037370553
Hum_XLOC_003232,K562,0.0,0.08505578485492105
Hum_XLOC_003268,K562,0.0,0.13584058839373236
Hum_XLOC_003269,K562,1.0,0.1306342777965014
Hum_XLOC_003286,K562,0.0,0.1799467066545401
Hum_XLOC_003290,K562,0.0,0.07483936774792009
Hum_XLOC_003294,K562,0.0,0.09331020036938555
Hum_XLOC_003321,K562,0.0,0.1314902340227245
Hum_XLOC_003324,K562,0.0,0.04965885305870147
Hum_XLOC_003334,K562,0.0,0.09150305126391735
Hum_XLOC_003337,K562,0.0,0.07820226922385279
Hum_XLOC_003338,K562,0.0,0.05379975545470285
Hum_XLOC_003352,K562,0.0,0.12380727633429495
Hum_XLOC_003357,K562,0.0,0.07876716664912513
Hum_XLOC_003361,K562,0.0,0.11969117855991068
Hum_XLOC_003371,K562,0.0,0.06931338239675446
Hum_XLOC_003381,K562,0.0,0.10994577514167507
Hum_XLOC_003408,K562,0.0,0.06296511267485772
Hum_XLOC_003436,K562,0.0,0.06750247532537676
Hum_XLOC_003440,K562,0.0,0.045200413050307885
Hum_XLOC_003450,K562,1.0,0.12557441573036976
Hum_XLOC_003466,K562,0.0,0.0833307587441088
Hum_XLOC_003488,K562,0.0,0.0663534813280149
Hum_XLOC_003491,K562,0.0,0.0851793786127109
Hum_XLOC_003497,K562,0.0,0.06950039394235986
Hum_XLOC_003498,K562,0.0,0.07893370290949607
Hum_XLOC_003502,K562,0.0,0.09166116484446273
Hum_XLOC_003518,K562,0.0,0.08590070265362999
Hum_XLOC_003532,K562,0.0,0.10156571344273778
Hum_XLOC_003543,K562,0.0,0.06479781220919055
Hum_XLOC_003554,K562,0.0,0.07700449293302156
Hum_XLOC_003563,K562,0.0,0.07713583984484176
Hum_XLOC_003567,K562,0.0,0.11501714961351
Hum_XLOC_003568,K562,0.0,0.08172955840276162
Hum_XLOC_003570,K562,0.0,0.06421925935010973
Hum_XLOC_003571,K562,0.0,0.062219344514988326
Hum_XLOC_003593,K562,0.0,0.06660376664013788
Hum_XLOC_003594,K562,0.0,0.1494962270325894
Hum_XLOC_003598,K562,0.0,0.044434702831238924
Hum_XLOC_003626,K562,0.0,0.08998669233351456
Hum_XLOC_003628,K562,0.0,0.05779160511512563
Hum_XLOC_003630,K562,0.0,0.10406685378979472
Hum_XLOC_003641,K562,1.0,0.14666566846728687
Hum_XLOC_003662,K562,0.0,0.12017968734971585
Hum_XLOC_003665,K562,1.0,0.11841959484957401
Hum_XLOC_003672,K562,0.0,0.14395094391336682
Hum_XLOC_003673,K562,0.0,0.10216367665551135
Hum_XLOC_003674,K562,0.0,0.19709832162913707
Hum_XLOC_003676,K562,0.0,0.09983431060632472
Hum_XLOC_003686,K562,0.0,0.06842280634226794
Hum_XLOC_003697,K562,0.0,0.061056684106213836
Hum_XLOC_003717,K562,0.0,0.0954082049694923
Hum_XLOC_003725,K562,0.0,0.0820865328373531
Hum_XLOC_003743,K562,0.0,0.1117081791961154
Hum_XLOC_003754,K562,0.0,0.11018165599815113
Hum_XLOC_003766,K562,0.0,0.14849823237432794
Hum_XLOC_003775,K562,0.0,0.1111427085967916
Hum_XLOC_003790,K562,0.0,0.06768375176765799
Hum_XLOC_003799,K562,0.0,0.07425148133652734
Hum_XLOC_003853,K562,0.0,0.06792768150069368
Hum_XLOC_003865,K562,0.0,0.10056481003083156
Hum_XLOC_003871,K562,0.0,0.10861658400249496
Hum_XLOC_003891,K562,0.0,0.1319020853002066
Hum_XLOC_003892,K562,1.0,0.10838324761794413
Hum_XLOC_003910,K562,0.0,0.1094463398418471
Hum_XLOC_003911,K562,0.0,0.16743503624060738
Hum_XLOC_003952,K562,0.0,0.06984069622044699
Hum_XLOC_003971,K562,0.0,0.07986376878997892
Hum_XLOC_003988,K562,1.0,0.07447509932851733
Hum_XLOC_004020,K562,0.0,0.09171860911355528
Hum_XLOC_004035,K562,0.0,0.13174083294311742
Hum_XLOC_004036,K562,0.0,0.13952668443459573
Hum_XLOC_004048,K562,0.0,0.06879804606238435
Hum_XLOC_004068,K562,0.0,0.056900147409474
Hum_XLOC_004069,K562,0.0,0.03436062988543398
Hum_XLOC_004095,K562,0.0,0.1845621096555296
Hum_XLOC_004096,K562,0.0,0.16991882518240256
Hum_XLOC_004116,K562,0.0,0.173450658915255
Hum_XLOC_004123,K562,0.0,0.08997886238215912
Hum_XLOC_004134,K562,0.0,0.05967490142352233
Hum_XLOC_004161,K562,0.0,0.07934494796556407
Hum_XLOC_004168,K562,0.0,0.07752766055455225
Hum_XLOC_004169,K562,0.0,0.07829545501726713
Hum_XLOC_004177,K562,0.0,0.07750740232346781
Hum_XLOC_004200,K562,0.0,0.11012902145603236
Hum_XLOC_004201,K562,0.0,0.08042383991906292
Hum_XLOC_004219,K562,0.0,0.06769752047735313
Hum_XLOC_004226,K562,0.0,0.09722997271269572
Hum_XLOC_004227,K562,0.0,0.06643558917955163
Hum_XLOC_004236,K562,0.0,0.07346723130935617
Hum_XLOC_004254,K562,1.0,0.15591576709803387
Hum_XLOC_004255,K562,0.0,0.18640150748112883
Hum_XLOC_004262,K562,0.0,0.10821270370982149
Hum_XLOC_004269,K562,0.0,0.10279860509595784
Hum_XLOC_004277,K562,0.0,0.07126590834865602
Hum_XLOC_004278,K562,0.0,0.07843957877828361
Hum_XLOC_004282,K562,0.0,0.11427839071957284
Hum_XLOC_004287,K562,0.0,0.11791185383319648
Hum_XLOC_004293,K562,0.0,0.13926480401927102
Hum_XLOC_004302,K562,0.0,0.15437902980559606
Hum_XLOC_004303,K562,0.0,0.07584406015066288
Hum_XLOC_004306,K562,0.0,0.06651897380806493
Hum_XLOC_004309,K562,0.0,0.13367675777911825
Hum_XLOC_004314,K562,0.0,0.13382088736771458
Hum_XLOC_004317,K562,0.0,0.09605418588064728
Hum_XLOC_004336,K562,0.0,0.12429283875511211
Hum_XLOC_004343,K562,0.0,0.1491915164628445
Hum_XLOC_004350,K562,0.0,0.07565583701285955
Hum_XLOC_004361,K562,0.0,0.0643144085924785
Hum_XLOC_004363,K562,0.0,0.08079799143031569
Hum_XLOC_004401,K562,0.0,0.10521801160947464
Hum_XLOC_004405,K562,0.0,0.07570559894665078
Hum_XLOC_004407,K562,0.0,0.04509818519840089
Hum_XLOC_004424,K562,0.0,0.1490389945933446
Hum_XLOC_004437,K562,0.0,0.07018700467362214
Hum_XLOC_004446,K562,0.0,0.16549667082664507
Hum_XLOC_004457,K562,0.0,0.10593891759979723
Hum_XLOC_004482,K562,0.0,0.10869160603379342
Hum_XLOC_004502,K562,0.0,0.06697479344235986
Hum_XLOC_004515,K562,0.0,0.05230597831751484
Hum_XLOC_004529,K562,0.0,0.09384444300595776
Hum_XLOC_004535,K562,0.0,0.0653935255798776
Hum_XLOC_004553,K562,0.0,0.15450433079463913
Hum_XLOC_004566,K562,0.0,0.04760337706644656
Hum_XLOC_004567,K562,0.0,0.07313431435152083
Hum_XLOC_004572,K562,0.0,0.1294278964576572
Hum_XLOC_004578,K562,0.0,0.05449585195012867
Hum_XLOC_004580,K562,0.0,0.10811492570522992
Hum_XLOC_004581,K562,0.0,0.091288431482533
Hum_XLOC_004587,K562,0.0,0.17724793039723052
Hum_XLOC_004600,K562,0.0,0.18443351194267302
Hum_XLOC_004601,K562,0.0,0.08968802649000905
Hum_XLOC_004607,K562,0.0,0.11754341807485873
Hum_XLOC_004617,K562,0.0,0.09299458345439209
Hum_XLOC_004619,K562,0.0,0.1049657611491109
Hum_XLOC_004620,K562,1.0,0.1868221191582186
Hum_XLOC_004632,K562,0.0,0.07182217663463689
Hum_XLOC_004636,K562,0.0,0.08538353758494499
Hum_XLOC_004652,K562,0.0,0.05496328926392919
Hum_XLOC_004653,K562,0.0,0.097313171978556
Hum_XLOC_004657,K562,0.0,0.08179405951983225
Hum_XLOC_004661,K562,0.0,0.09578598871572258
Hum_XLOC_004683,K562,0.0,0.04690609029225909
Hum_XLOC_004684,K562,0.0,0.13384542439906533
Hum_XLOC_004688,K562,0.0,0.07417196542765903
Hum_XLOC_004689,K562,0.0,0.06318404143828117
Hum_XLOC_004705,K562,0.0,0.0910487615786096
Hum_XLOC_004717,K562,0.0,0.1000574460239153
Hum_XLOC_004718,K562,0.0,0.10594394947018816
Hum_XLOC_004733,K562,0.0,0.1396823758297194
Hum_XLOC_004741,K562,0.0,0.05327995212367775
Hum_XLOC_004762,K562,0.0,0.25816030729381045
Hum_XLOC_004771,K562,0.0,0.0596415330750337
Hum_XLOC_004777,K562,0.0,0.055289513058411864
Hum_XLOC_004788,K562,0.0,0.09547251571317887
Hum_XLOC_004791,K562,0.0,0.06762275228851025
Hum_XLOC_004795,K562,0.0,0.07092475911485899
Hum_XLOC_004803,K562,0.0,0.11485579105994408
Hum_XLOC_004805,K562,0.0,0.07152983466102977
Hum_XLOC_004813,K562,0.0,0.08310624061775347
Hum_XLOC_004815,K562,1.0,0.06464502206654671
Hum_XLOC_004822,K562,0.0,0.07564322116414775
Hum_XLOC_004823,K562,0.0,0.049240552595239705
Hum_XLOC_004827,K562,0.0,0.05864379836688869
Hum_XLOC_004837,K562,1.0,0.08006214106326466
Hum_XLOC_004839,K562,0.0,0.11383828129902152
Hum_XLOC_004855,K562,0.0,0.08700507960504886
Hum_XLOC_004874,K562,0.0,0.06752623212600248
Hum_XLOC_004875,K562,0.0,0.06034579063003431
Hum_XLOC_004878,K562,0.0,0.08700814999291685
Hum_XLOC_004884,K562,0.0,0.05750837045224944
Hum_XLOC_004911,K562,0.0,0.12119674401841352
Hum_XLOC_004915,K562,0.0,0.0978021962420554
Hum_XLOC_004927,K562,0.0,0.09446479914767035
Hum_XLOC_004929,K562,0.0,0.18852349470512744
Hum_XLOC_004936,K562,0.0,0.0729561766533845
Hum_XLOC_004957,K562,0.0,0.07377097984723578
Hum_XLOC_004960,K562,0.0,0.06242433985976
Hum_XLOC_004965,K562,0.0,0.042323810735440906
Hum_XLOC_000006,MDA-MB-231,0.0,0.07258932923793
Hum_XLOC_000008,MDA-MB-231,0.0,0.1289418714946886
Hum_XLOC_000016,MDA-MB-231,0.0,0.1392896228962429
Hum_XLOC_000030,MDA-MB-231,0.0,0.12328488051179268
Hum_XLOC_000033,MDA-MB-231,0.0,0.0937103884007175
Hum_XLOC_000039,MDA-MB-231,0.0,0.15370732144687657
Hum_XLOC_000053,MDA-MB-231,0.0,0.11800716419378703
Hum_XLOC_000057,MDA-MB-231,0.0,0.11524514383469729
Hum_XLOC_000060,MDA-MB-231,0.0,0.1376709099571149
Hum_XLOC_000080,MDA-MB-231,0.0,0.06780471452301366
Hum_XLOC_000094,MDA-MB-231,0.0,0.10037216090201061
Hum_XLOC_000100,MDA-MB-231,0.0,0.09559534121852023
Hum_XLOC_000105,MDA-MB-231,0.0,0.0720358913942847
Hum_XLOC_000107,MDA-MB-231,0.0,0.06572855219280027
Hum_XLOC_000111,MDA-MB-231,0.0,0.07992903886242335
Hum_XLOC_000134,MDA-MB-231,0.0,0.10580354942085196
Hum_XLOC_000143,MDA-MB-231,0.0,0.11015429358669533
Hum_XLOC_000145,MDA-MB-231,1.0,0.09306555124250546
Hum_XLOC_000149,MDA-MB-231,0.0,0.12008783829249342
Hum_XLOC_000155,MDA-MB-231,0.0,0.10197542379834203
Hum_XLOC_000169,MDA-MB-231,0.0,0.12402648568228039
Hum_XLOC_000170,MDA-MB-231,0.0,0.11330400658036231
Hum_XLOC_000194,MDA-MB-231,0.0,0.07331347188294648
Hum_XLOC_000201,MDA-MB-231,0.0,0.10607174016627109
Hum_XLOC_000231,MDA-MB-231,0.0,0.11656929484848948
Hum_XLOC_000233,MDA-MB-231,0.0,0.10503171541943108
Hum_XLOC_000245,MDA-MB-231,0.0,0.09843265399779637
Hum_XLOC_000247,MDA-MB-231,0.0,0.1392915522695591
Hum_XLOC_000248,MDA-MB-231,0.0,0.0708439320617431
Hum_XLOC_000265,MDA-MB-231,0.0,0.11126865362569321
Hum_XLOC_000282,MDA-MB-231,0.0,0.08808612127931409
Hum_XLOC_000286,MDA-MB-231,0.0,0.12820920923131113
Hum_XLOC_000292,MDA-MB-231,0.0,0.10740244238148813
Hum_XLOC_000307,MDA-MB-231,0.0,0.06296516143828425
Hum_XLOC_000308,MDA-MB-231,0.0,0.062385985967087124
Hum_XLOC_000312,MDA-MB-231,0.0,0.12864617780389834
Hum_XLOC_000314,MDA-MB-231,0.0,0.05201596302459943
Hum_XLOC_000317,MDA-MB-231,0.0,0.06928289277911817
Hum_XLOC_000319,MDA-MB-231,0.0,0.10832816507503279
Hum_XLOC_000332,MDA-MB-231,0.0,0.10332928396574712
Hum_XLOC_000338,MDA-MB-231,1.0,0.11051160104670653
Hum_XLOC_000342,MDA-MB-231,0.0,0.09948845979264274
Hum_XLOC_000345,MDA-MB-231,0.0,0.10717800909939981
Hum_XLOC_000362,MDA-MB-231,0.0,0.07461044561946407
Hum_XLOC_000377,MDA-MB-231,0.0,0.11718356731764551
Hum_XLOC_000390,MDA-MB-231,0.0,0.08451832066932607
Hum_XLOC_000394,MDA-MB-231,0.0,0.1436934114839977
Hum_XLOC_000411,MDA-MB-231,0.0,0.06384681244329822
Hum_XLOC_000415,MDA-MB-231,0.0,0.12127670770459813
Hum_XLOC_000430,MDA-MB-231,0.0,0.09153928841289884
Hum_XLOC_000436,MDA-MB-231,0.0,0.1387131430816812
Hum_XLOC_000437,MDA-MB-231,0.0,0.12519822093296948
Hum_XLOC_000456,MDA-MB-231,1.0,0.19301904329611258
Hum_XLOC_000461,MDA-MB-231,0.0,0.1101420750441436
Hum_XLOC_000462,MDA-MB-231,0.0,0.09057259035276316
Hum_XLOC_000465,MDA-MB-231,0.0,0.07374861531443484
Hum_XLOC_000472,MDA-MB-231,0.0,0.08484459012716204
Hum_XLOC_000474,MDA-MB-231,0.0,0.09074022407324286
Hum_XLOC_000478,MDA-MB-231,0.0,0.15682805243209894
Hum_XLOC_000486,MDA-MB-231,0.0,0.061394598812315536
Hum_XLOC_000490,MDA-MB-231,0.0,0.06587371135159902
Hum_XLOC_000498,MDA-MB-231,0.0,0.10442254321722011
Hum_XLOC_000500,MDA-MB-231,0.0,0.10060118529531828
Hum_XLOC_000510,MDA-MB-231,0.0,0.13570043497588574
Hum_XLOC_000535,MDA-MB-231,0.0,0.13660895630035713
Hum_XLOC_000540,MDA-MB-231,0.0,0.0753120889917797
Hum_XLOC_000556,MDA-MB-231,0.0,0.06756389973070144
Hum_XLOC_000574,MDA-MB-231,0.0,0.09169046605131961
Hum_XLOC_000575,MDA-MB-231,0.0,0.07001656461307382
Hum_XLOC_000582,MDA-MB-231,0.0,0.07848985407702566
Hum_XLOC_000590,MDA-MB-231,0.0,0.057458175247241706
Hum_XLOC_000601,MDA-MB-231,0.0,0.12229707539313496
Hum_XLOC_000604,MDA-MB-231,0.0,0.047477423827168776
Hum_XLOC_000608,MDA-MB-231,0.0,0.11373963711565399
Hum_XLOC_000612,MDA-MB-231,0.0,0.09082188227687328
Hum_XLOC_000636,MDA-MB-231,0.0,0.1156073821762382
Hum_XLOC_000638,MDA-MB-231,0.0,0.13643199219074545
Hum_XLOC_000641,MDA-MB-231,0.0,0.037754850800671334
Hum_XLOC_000655,MDA-MB-231,0.0,0.11943847170203602
Hum_XLOC_000668,MDA-MB-231,0.0,0.09406485250906643
Hum_XLOC_000680,MDA-MB-231,0.0,0.03545905395444131
Hum_XLOC_000681,MDA-MB-231,0.0,0.06991915928101197
Hum_XLOC_000695,MDA-MB-231,0.0,0.10929894678184683
Hum_XLOC_000702,MDA-MB-231,0.0,0.16167532000770207
Hum_XLOC_000726,MDA-MB-231,0.0,0.10218550478434521
Hum_XLOC_000727,MDA-MB-231,0.0,0.1096201971184913
Hum_XLOC_000758,MDA-MB-231,0.0,0.05691598469348881
Hum_XLOC_000773,MDA-MB-231,0.0,0.06504354063197455
Hum_XLOC_000774,MDA-MB-231,0.0,0.07746846394253137
Hum_XLOC_000797,MDA-MB-231,0.0,0.1347886919400497
Hum_XLOC_000799,MDA-MB-231,0.0,0.10276337538111312
Hum_XLOC_000800,MDA-MB-231,0.0,0.07190659936268497
Hum_XLOC_000807,MDA-MB-231,0.0,0.09045216818051081
Hum_XLOC_000818,MDA-MB-231,0.0,0.08424785645452985
Hum_XLOC_000828,MDA-MB-231,0.0,0.0674346457995473
Hum_XLOC_000831,MDA-MB-231,0.0,0.07529586421901088
Hum_XLOC_000835,MDA-MB-231,0.0,0.049075709136608525
Hum_XLOC_000840,MDA-MB-231,0.0,0.10322414193103971
Hum_XLOC_000841,MDA-MB-231,0.0,0.07042384672004988
Hum_XLOC_000842,MDA-MB-231,0.0,0.07452537625208681
Hum_XLOC_000854,MDA-MB-231,0.0,0.10653292591508769
Hum_XLOC_000855,MDA-MB-231,0.0,0.04249742280831463
Hum_XLOC_000883,MDA-MB-231,0.0,0.09083285765632979
Hum_XLOC_000885,MDA-MB-231,0.0,0.06923360198567553
Hum_XLOC_000905,MDA-MB-231,0.0,0.07923842942561261
Hum_XLOC_000917,MDA-MB-231,0.0,0.07783416886434466
Hum_XLOC_000925,MDA-MB-231,0.0,0.08879497951346481
Hum_XLOC_000944,MDA-MB-231,0.0,0.05475208468804432
Hum_XLOC_000949,MDA-MB-231,0.0,0.07698581403128628
Hum_XLOC_000953,MDA-MB-231,0.0,0.06289705126065842
Hum_XLOC_000964,MDA-MB-231,0.0,0.06740489738931167
Hum_XLOC_000990,MDA-MB-231,0.0,0.07797449024638381
Hum_XLOC_000994,MDA-MB-231,0.0,0.05477449480735162
Hum_XLOC_001020,MDA-MB-231,0.0,0.04919502332094705
Hum_XLOC_001029,MDA-MB-231,0.0,0.07870144106472947
Hum_XLOC_001066,MDA-MB-231,1.0,0.05954524466153126
Hum_XLOC_001120,MDA-MB-231,0.0,0.09350719945090022
Hum_XLOC_001121,MDA-MB-231,0.0,0.049745752852432656
Hum_XLOC_001122,MDA-MB-231,0.0,0.12742893786216353
Hum_XLOC_001125,MDA-MB-231,0.0,0.14817788654674385
Hum_XLOC_001132,MDA-MB-231,0.0,0.11316659299983947
Hum_XLOC_001138,MDA-MB-231,0.0,0.07291999086933877
Hum_XLOC_001144,MDA-MB-231,0.0,0.08417144918144313
Hum_XLOC_001146,MDA-MB-231,0.0,0.07293882078922187
Hum_XLOC_001188,MDA-MB-231,0.0,0.08197258955554713
Hum_XLOC_001191,MDA-MB-231,0.0,0.0695611755706432
Hum_XLOC_001192,MDA-MB-231,0.0,0.08933181082572894
Hum_XLOC_001217,MDA-MB-231,0.0,0.06358872111771002
Hum_XLOC_001222,MDA-MB-231,0.0,0.07946347203396949
Hum_XLOC_001228,MDA-MB-231,0.0,0.08565709449715309
Hum_XLOC_001230,MDA-MB-231,0.0,0.059214213315678596
Hum_XLOC_001237,MDA-MB-231,0.0,0.0539628436692201
Hum_XLOC_001243,MDA-MB-231,0.0,0.0879408650418679
Hum_XLOC_001275,MDA-MB-231,0.0,0.06701274300879655
Hum_XLOC_001279,MDA-MB-231,0.0,0.09570515525789436
Hum_XLOC_001291,MDA-MB-231,0.0,0.08631294823528317
Hum_XLOC_001296,MDA-MB-231,0.0,0.1065886712718029
Hum_XLOC_001297,MDA-MB-231,0.0,0.13481773011039383
Hum_XLOC_001309,MDA-MB-231,0.0,0.09776506177648325
Hum_XLOC_001329,MDA-MB-231,0.0,0.03333146966824876
Hum_XLOC_001330,MDA-MB-231,0.0,0.05821753070545389
Hum_XLOC_001355,MDA-MB-231,0.0,0.07165711849430223
Hum_XLOC_001366,MDA-MB-231,0.0,0.09655655517270811
Hum_XLOC_001367,MDA-MB-231,0.0,0.092989270522052
Hum_XLOC_001375,MDA-MB-231,0.0,0.06964684675912931
Hum_XLOC_001390,MDA-MB-231,0.0,0.10346955529382405
Hum_XLOC_001405,MDA-MB-231,0.0,0.10295027263828455
Hum_XLOC_001461,MDA-MB-231,0.0,0.05461343270188769
Hum_XLOC_001465,MDA-MB-231,0.0,0.06142867478700145
Hum_XLOC_001488,MDA-MB-231,0.0,0.11026301670536472
Hum_XLOC_001490,MDA-MB-231,0.0,0.10189685959410012
Hum_XLOC_001509,MDA-MB-231,0.0,0.09232082301169715
Hum_XLOC_001516,MDA-MB-231,0.0,0.05221643563943055
Hum_XLOC_001532,MDA-MB-231,0.0,0.10811070786231493
Hum_XLOC_001539,MDA-MB-231,0.0,0.05687865624043541
Hum_XLOC_001541,MDA-MB-231,0.0,0.12453987063865336
Hum_XLOC_001542,MDA-MB-231,0.0,0.09337529842253045
Hum_XLOC_001548,MDA-MB-231,0.0,0.08829250270485799
Hum_XLOC_001559,MDA-MB-231,0.0,0.06697301351015784
Hum_XLOC_001565,MDA-MB-231,0.0,0.12010196924831827
Hum_XLOC_001566,MDA-MB-231,0.0,0.11620593165701652
Hum_XLOC_001575,MDA-MB-231,0.0,0.11114884407513208
Hum_XLOC_001580,MDA-MB-231,0.0,0.07669166745685822
Hum_XLOC_001590,MDA-MB-231,0.0,0.08738808719070763
Hum_XLOC_001615,MDA-MB-231,0.0,0.13803254940702653
Hum_XLOC_001624,MDA-MB-231,0.0,0.11736271446982403
Hum_XLOC_001639,MDA-MB-231,0.0,0.07474237706431475
Hum_XLOC_001661,MDA-MB-231,0.0,0.058380660341937965
Hum_XLOC_001666,MDA-MB-231,0.0,0.03373554048755198
Hum_XLOC_001668,MDA-MB-231,0.0,0.09220077258375045
Hum_XLOC_001688,MDA-MB-231,0.0,0.07665392824237452
Hum_XLOC_001689,MDA-MB-231,0.0,0.051516301148794116
Hum_XLOC_001695,MDA-MB-231,0.0,0.12245802620869625
Hum_XLOC_001696,MDA-MB-231,0.0,0.0842490167626169
Hum_XLOC_001698,MDA-MB-231,0.0,0.06895897942166515
Hum_XLOC_001707,MDA-MB-231,0.0,0.12132069621166189
Hum_XLOC_001760,MDA-MB-231,0.0,0.08164598992592598
Hum_XLOC_001761,MDA-MB-231,1.0,0.11370028819186419
Hum_XLOC_001773,MDA-MB-231,0.0,0.1483960375914079
Hum_XLOC_001775,MDA-MB-231,0.0,0.10651651431562158
Hum_XLOC_001779,MDA-MB-231,1.0,0.09855009785648838
Hum_XLOC_001783,MDA-MB-231,0.0,0.09190815013380821
Hum_XLOC_001791,MDA-MB-231,1.0,0.07333021000603795
Hum_XLOC_001805,MDA-MB-231,0.0,0.09243169592559951
Hum_XLOC_001809,MDA-MB-231,0.0,0.044110909544811214
Hum_XLOC_001848,MDA-MB-231,0.0,0.08879171889617647
Hum_XLOC_001919,MDA-MB-231,0.0,0.08002057931395143
Hum_XLOC_001941,MDA-MB-231,0.0,0.057263406913389985
Hum_XLOC_001942,MDA-MB-231,0.0,0.04223067367015088
Hum_XLOC_001949,MDA-MB-231,0.0,0.04096831819834648
Hum_XLOC_001950,MDA-MB-231,0.0,0.11233121895876168
Hum_XLOC_001953,MDA-MB-231,0.0,0.0861484333186588
Hum_XLOC_001957,MDA-MB-231,0.0,0.09158163592352916
Hum_XLOC_001961,MDA-MB-231,0.0,0.09676920296374494
Hum_XLOC_001969,MDA-MB-231,0.0,0.0630801801915917
Hum_XLOC_002024,MDA-MB-231,0.0,0.06552948666343433
Hum_XLOC_002028,MDA-MB-231,0.0,0.044544620107851936
Hum_XLOC_002033,MDA-MB-231,0.0,0.0775343388222554
Hum_XLOC_002036,MDA-MB-231,0.0,0.12108868241464427
Hum_XLOC_002037,MDA-MB-231,0.0,0.1059235582020016
Hum_XLOC_002041,MDA-MB-231,0.0,0.04863241811869717
Hum_XLOC_002059,MDA-MB-231,0.0,0.11069960545291167
Hum_XLOC_002061,MDA-MB-231,0.0,0.09594663926170789
Hum_XLOC_002068,MDA-MB-231,0.0,0.03634848135099767
Hum_XLOC_002081,MDA-MB-231,0.0,0.08840660518002658
Hum_XLOC_002093,MDA-MB-231,0.0,0.08514837722083804
Hum_XLOC_002099,MDA-MB-231,0.0,0.08243265427826865
Hum_XLOC_002144,MDA-MB-231,0.0,0.0862612187933284
Hum_XLOC_002150,MDA-MB-231,0.0,0.09260643275660613
Hum_XLOC_002152,MDA-MB-231,0.0,0.07931500589923601
Hum_XLOC_002154,MDA-MB-231,0.0,0.05720769145881928
Hum_XLOC_002169,MDA-MB-231,0.0,0.1147622641681603
Hum_XLOC_002170,MDA-MB-231,0.0,0.0535570238350163
Hum_XLOC_002176,MDA-MB-231,0.0,0.08772798857223776
Hum_XLOC_002178,MDA-MB-231,0.0,0.0649263874951728
Hum_XLOC_002186,MDA-MB-231,0.0,0.07539209722725879
Hum_XLOC_002204,MDA-MB-231,0.0,0.10511074403084206
Hum_XLOC_002205,MDA-MB-231,0.0,0.0872027018257538
Hum_XLOC_002219,MDA-MB-231,0.0,0.11338570990886203
Hum_XLOC_002244,MDA-MB-231,0.0,0.06717881860811337
Hum_XLOC_002252,MDA-MB-231,0.0,0.09178824337088887
Hum_XLOC_002261,MDA-MB-231,0.0,0.09645801166093491
Hum_XLOC_002262,MDA-MB-231,0.0,0.05768727002980269
Hum_XLOC_002265,MDA-MB-231,0.0,0.07229806796554958
Hum_XLOC_002271,MDA-MB-231,0.0,0.07085081102114837
Hum_XLOC_002280,MDA-MB-231,0.0,0.11262623431812846
Hum_XLOC_002282,MDA-MB-231,0.0,0.07785074605577756
Hum_XLOC_002283,MDA-MB-231,0.0,0.07348270332663073
Hum_XLOC_002284,MDA-MB-231,0.0,0.12140990428138913
Hum_XLOC_002294,MDA-MB-231,0.0,0.08481649210991456
Hum_XLOC_002296,MDA-MB-231,0.0,0.058305107025109805
Hum_XLOC_002299,MDA-MB-231,0.0,0.08720559195780787
Hum_XLOC_002301,MDA-MB-231,0.0,0.13423208676880427
Hum_XLOC_002306,MDA-MB-231,0.0,0.11081068497828396
Hum_XLOC_002311,MDA-MB-231,1.0,0.10427428093106288
Hum_XLOC_002313,MDA-MB-231,0.0,0.07642736045887298
Hum_XLOC_002314,MDA-MB-231,0.0,0.13531653178903563
Hum_XLOC_002327,MDA-MB-231,0.0,0.09032912597875445
Hum_XLOC_002330,MDA-MB-231,0.0,0.09321438575880267
Hum_XLOC_002338,MDA-MB-231,0.0,0.11109342259593981
Hum_XLOC_002344,MDA-MB-231,0.0,0.07461440699129378
Hum_XLOC_002347,MDA-MB-231,0.0,0.0459820124902589
Hum_XLOC_002348,MDA-MB-231,0.0,0.08371797716534092
Hum_XLOC_002362,MDA-MB-231,0.0,0.05009671646080318
Hum_XLOC_002364,MDA-MB-231,0.0,0.0785093038287346
Hum_XLOC_002383,MDA-MB-231,0.0,0.06029358399969903
Hum_XLOC_002386,MDA-MB-231,0.0,0.084286359871666
Hum_XLOC_002390,MDA-MB-231,0.0,0.14989435582259128
Hum_XLOC_002394,MDA-MB-231,0.0,0.08366179269087214
Hum_XLOC_002398,MDA-MB-231,0.0,0.08195051406527838
Hum_XLOC_002399,MDA-MB-231,0.0,0.08959312376850379
Hum_XLOC_002408,MDA-MB-231,0.0,0.06454578631696582
Hum_XLOC_002414,MDA-MB-231,0.0,0.08010545389724438
Hum_XLOC_002418,MDA-MB-231,0.0,0.09158953891505563
Hum_XLOC_002435,MDA-MB-231,0.0,0.06247149880536454
Hum_XLOC_002440,MDA-MB-231,0.0,0.09105473033388568
Hum_XLOC_002489,MDA-MB-231,0.0,0.07342396516911982
Hum_XLOC_002490,MDA-MB-231,0.0,0.039472689159768766
Hum_XLOC_002493,MDA-MB-231,0.0,0.07000942810150872
Hum_XLOC_002520,MDA-MB-231,0.0,0.13779600156924382
Hum_XLOC_002524,MDA-MB-231,0.0,0.08260440870015863
Hum_XLOC_002546,MDA-MB-231,0.0,0.095761557435216
Hum_XLOC_002560,MDA-MB-231,0.0,0.0817353287457203
Hum_XLOC_002570,MDA-MB-231,0.0,0.08950378967340102
Hum_XLOC_002577,MDA-MB-231,0.0,0.163170177157246
Hum_XLOC_002579,MDA-MB-231,1.0,0.0923475738588445
Hum_XLOC_002586,MDA-MB-231,0.0,0.06629065159349623
Hum_XLOC_002589,MDA-MB-231,0.0,0.07653249580663175
Hum_XLOC_002629,MDA-MB-231,0.0,0.11511771081466714
Hum_XLOC_002631,MDA-MB-231,0.0,0.09043043640017898
Hum_XLOC_002635,MDA-MB-231,0.0,0.10905638394973181
Hum_XLOC_002644,MDA-MB-231,0.0,0.07925571422527745
Hum_XLOC_002646,MDA-MB-231,0.0,0.07444244380915738
Hum_XLOC_002653,MDA-MB-231,0.0,0.08794712709812441
Hum_XLOC_002681,MDA-MB-231,0.0,0.06863486921619795
Hum_XLOC_002695,MDA-MB-231,0.0,0.07761565063305961
Hum_XLOC_002702,MDA-MB-231,0.0,0.08399698646697935
Hum_XLOC_002705,MDA-MB-231,0.0,0.09487286307295145
Hum_XLOC_002711,MDA-MB-231,0.0,0.12608608039156552
Hum_XLOC_002714,MDA-MB-231,0.0,0.08454305563480523
Hum_XLOC_002717,MDA-MB-231,0.0,0.09854091827680266
Hum_XLOC_002725,MDA-MB-231,0.0,0.11865730284690391
Hum_XLOC_002741,MDA-MB-231,0.0,0.09485258173318206
Hum_XLOC_002742,MDA-MB-231,0.0,0.07377449817988982
Hum_XLOC_002744,MDA-MB-231,0.0,0.08926855835043852
Hum_XLOC_002760,MDA-MB-231,0.0,0.11157210342803713
Hum_XLOC_002788,MDA-MB-231,0.0,0.10623629977088721
Hum_XLOC_002792,MDA-MB-231,0.0,0.14341892460815533
Hum_XLOC_002796,MDA-MB-231,0.0,0.09401534755725709
Hum_XLOC_002817,MDA-MB-231,0.0,0.08279182725628031
Hum_XLOC_002836,MDA-MB-231,1.0,0.1387178344001182
Hum_XLOC_002844,MDA-MB-231,0.0,0.10522345418209564
Hum_XLOC_002845,MDA-MB-231,0.0,0.10455994673195194
Hum_XLOC_002859,MDA-MB-231,0.0,0.09250934561827051
Hum_XLOC_002889,MDA-MB-231,1.0,0.1146283256101964
Hum_XLOC_002911,MDA-MB-231,0.0,0.07638132420136147
Hum_XLOC_002935,MDA-MB-231,0.0,0.08503373487851158
Hum_XLOC_002937,MDA-MB-231,0.0,0.10984772921440508
Hum_XLOC_002967,MDA-MB-231,0.0,0.06619902429308712
Hum_XLOC_002983,MDA-MB-231,0.0,0.07896091916870052
Hum_XLOC_002986,MDA-MB-231,0.0,0.16831580705229052
Hum_XLOC_002990,MDA-MB-231,0.0,0.08066855720862792
Hum_XLOC_003039,MDA-MB-231,0.0,0.07468679866460672
Hum_XLOC_003061,MDA-MB-231,0.0,0.17344177016235346
Hum_XLOC_003086,MDA-MB-231,1.0,0.12583543853205617
Hum_XLOC_003099,MDA-MB-231,0.0,0.06247447122776967
Hum_XLOC_003109,MDA-MB-231,0.0,0.08578124630702404
Hum_XLOC_003128,MDA-MB-231,0.0,0.15447820513443622
Hum_XLOC_003134,MDA-MB-231,0.0,0.11178629629475464
Hum_XLOC_003137,MDA-MB-231,0.0,0.08880399465886601
Hum_XLOC_003154,MDA-MB-231,0.0,0.07181993545534975
Hum_XLOC_003155,MDA-MB-231,0.0,0.13788107041675096
Hum_XLOC_003171,MDA-MB-231,0.0,0.05301240781501992
Hum_XLOC_003209,MDA-MB-231,0.0,0.07268101058087405
Hum_XLOC_003215,MDA-MB-231,0.0,0.10596143948013662
Hum_XLOC_003221,MDA-MB-231,0.0,0.07641539436814213
Hum_XLOC_003232,MDA-MB-231,0.0,0.07910473246135244
Hum_XLOC_003268,MDA-MB-231,0.0,0.09301613101353065
Hum_XLOC_003269,MDA-MB-231,0.0,0.12790939553458827
Hum_XLOC_003286,MDA-MB-231,0.0,0.15353481588932316
Hum_XLOC_003290,MDA-MB-231,0.0,0.06705311953903467
Hum_XLOC_003294,MDA-MB-231,0.0,0.08728274326143896
Hum_XLOC_003321,MDA-MB-231,0.0,0.10576215968711063
Hum_XLOC_003324,MDA-MB-231,0.0,0.05388953781300286
Hum_XLOC_003334,MDA-MB-231,0.0,0.08891668626257655
Hum_XLOC_003337,MDA-MB-231,0.0,0.07815129095209186
Hum_XLOC_003338,MDA-MB-231,0.0,0.046612142072996667
Hum_XLOC_003352,MDA-MB-231,0.0,0.11508156585816304
Hum_XLOC_003357,MDA-MB-231,0.0,0.0667054214264493
Hum_XLOC_003361,MDA-MB-231,0.0,0.11437184453890825
Hum_XLOC_003371,MDA-MB-231,0.0,0.06906799133203277
Hum_XLOC_003381,MDA-MB-231,0.0,0.10819122812264094
Hum_XLOC_003408,MDA-MB-231,0.0,0.06262048602769842
Hum_XLOC_003436,MDA-MB-231,0.0,0.0674390519945979
Hum_XLOC_003440,MDA-MB-231,0.0,0.04852715822910066
Hum_XLOC_003450,MDA-MB-231,0.0,0.0893049285177854
Hum_XLOC_003466,MDA-MB-231,0.0,0.09428629392830466
Hum_XLOC_003488,MDA-MB-231,0.0,0.06309410808157834
Hum_XLOC_003491,MDA-MB-231,0.0,0.08494211006190265
Hum_XLOC_003497,MDA-MB-231,0.0,0.06988328158978643
Hum_XLOC_003498,MDA-MB-231,0.0,0.08226905541734895
Hum_XLOC_003502,MDA-MB-231,0.0,0.08918822076747471
Hum_XLOC_003518,MDA-MB-231,0.0,0.08964785014605808
Hum_XLOC_003532,MDA-MB-231,0.0,0.08843645909660808
Hum_XLOC_003543,MDA-MB-231,0.0,0.06008097802726305
Hum_XLOC_003554,MDA-MB-231,0.0,0.08077708816668824
Hum_XLOC_003563,MDA-MB-231,0.0,0.07695015339473316
Hum_XLOC_003567,MDA-MB-231,0.0,0.11628515229759469
Hum_XLOC_003568,MDA-MB-231,0.0,0.07402256299361662
Hum_XLOC_003570,MDA-MB-231,0.0,0.05809998898567223
Hum_XLOC_003571,MDA-MB-231,0.0,0.05657312270051371
Hum_XLOC_003593,MDA-MB-231,0.0,0.05653453507471243
Hum_XLOC_003594,MDA-MB-231,0.0,0.11115678119113377
Hum_XLOC_003598,MDA-MB-231,0.0,0.0387828650396804
Hum_XLOC_003626,MDA-MB-231,0.0,0.08459903933233517
Hum_XLOC_003628,MDA-MB-231,0.0,0.053776909605313325
Hum_XLOC_003630,MDA-MB-231,0.0,0.09696927796402852
Hum_XLOC_003641,MDA-MB-231,0.0,0.1279664302887649
Hum_XLOC_003662,MDA-MB-231,0.0,0.10598687896982731
Hum_XLOC_003665,MDA-MB-231,0.0,0.0813813869178379
Hum_XLOC_003672,MDA-MB-231,0.0,0.13518501555041645
Hum_XLOC_003673,MDA-MB-231,0.0,0.09654029880640916
Hum_XLOC_003674,MDA-MB-231,0.0,0.13650849278114455
Hum_XLOC_003676,MDA-MB-231,0.0,0.07517870406766436
Hum_XLOC_003686,MDA-MB-231,0.0,0.06518929647226006
Hum_XLOC_003697,MDA-MB-231,0.0,0.047773133110454724
Hum_XLOC_003717,MDA-MB-231,0.0,0.0790326631912991
Hum_XLOC_003725,MDA-MB-231,0.0,0.07257772114530614
Hum_XLOC_003743,MDA-MB-231,0.0,0.09603142637479689
Hum_XLOC_003754,MDA-MB-231,0.0,0.08781463934917252
Hum_XLOC_003766,MDA-MB-231,0.0,0.1248348143654629
Hum_XLOC_003775,MDA-MB-231,0.0,0.08599671585521013
Hum_XLOC_003790,MDA-MB-231,0.0,0.07322144966827397
Hum_XLOC_003799,MDA-MB-231,1.0,0.0785069216053115
Hum_XLOC_003853,MDA-MB-231,0.0,0.06197329465537286
Hum_XLOC_003865,MDA-MB-231,0.0,0.09597534722264883
Hum_XLOC_003871,MDA-MB-231,0.0,0.10106677750836221
Hum_XLOC_003891,MDA-MB-231,0.0,0.11184142765492626
Hum_XLOC_003892,MDA-MB-231,0.0,0.11681238588891207
Hum_XLOC_003910,MDA-MB-231,0.0,0.09511875220759969
Hum_XLOC_003911,MDA-MB-231,0.0,0.1262630370453657
Hum_XLOC_003952,MDA-MB-231,0.0,0.06216281711677652
Hum_XLOC_003971,MDA-MB-231,0.0,0.07215883556109641
Hum_XLOC_003988,MDA-MB-231,0.0,0.06946128771105668
Hum_XLOC_004020,MDA-MB-231,0.0,0.09358667786037342
Hum_XLOC_004035,MDA-MB-231,0.0,0.1169150980620471
Hum_XLOC_004036,MDA-MB-231,1.0,0.0998584100190873
Hum_XLOC_004048,MDA-MB-231,0.0,0.06807353016893573
Hum_XLOC_004068,MDA-MB-231,0.0,0.05464755167671415
Hum_XLOC_004069,MDA-MB-231,0.0,0.028277761573626
Hum_XLOC_004095,MDA-MB-231,0.0,0.14239368424329227
Hum_XLOC_004096,MDA-MB-231,0.0,0.12751071683163098
Hum_XLOC_004116,MDA-MB-231,0.0,0.15264571680819838
Hum_XLOC_004123,MDA-MB-231,0.0,0.07405925239694232
Hum_XLOC_004134,MDA-MB-231,0.0,0.057926214160120205
Hum_XLOC_004161,MDA-MB-231,0.0,0.07724344469876333
Hum_XLOC_004168,MDA-MB-231,0.0,0.0811388711462042
Hum_XLOC_004169,MDA-MB-231,0.0,0.07831056534264429
Hum_XLOC_004177,MDA-MB-231,0.0,0.07312804837423592
Hum_XLOC_004200,MDA-MB-231,0.0,0.10505673277856213
Hum_XLOC_004201,MDA-MB-231,0.0,0.07906161940126816
Hum_XLOC_004219,MDA-MB-231,0.0,0.07118021586273914
Hum_XLOC_004226,MDA-MB-231,0.0,0.08395232793115516
Hum_XLOC_004227,MDA-MB-231,0.0,0.062344079067475876
Hum_XLOC_004236,MDA-MB-231,0.0,0.07495920916305912
Hum_XLOC_004254,MDA-MB-231,1.0,0.15901938948136124
Hum_XLOC_004255,MDA-MB-231,0.0,0.13699850129019234
Hum_XLOC_004262,MDA-MB-231,1.0,0.09071646912809801
Hum_XLOC_004269,MDA-MB-231,0.0,0.11088196915611018
Hum_XLOC_004277,MDA-MB-231,0.0,0.07898678991894438
Hum_XLOC_004278,MDA-MB-231,0.0,0.08013257412911429
Hum_XLOC_004282,MDA-MB-231,0.0,0.10404319094858845
Hum_XLOC_004287,MDA-MB-231,0.0,0.1140967011808781
Hum_XLOC_004293,MDA-MB-231,0.0,0.09393301291685578
Hum_XLOC_004302,MDA-MB-231,0.0,0.10475318481237123
Hum_XLOC_004303,MDA-MB-231,0.0,0.06864119795222631
Hum_XLOC_004306,MDA-MB-231,0.0,0.061514764238986025
Hum_XLOC_004309,MDA-MB-231,0.0,0.0938295638585448
Hum_XLOC_004314,MDA-MB-231,0.0,0.09488737969443893
Hum_XLOC_004317,MDA-MB-231,0.0,0.09364118905944233
Hum_XLOC_004336,MDA-MB-231,0.0,0.1282126753496091
Hum_XLOC_004343,MDA-MB-231,0.0,0.14898607013726797
Hum_XLOC_004350,MDA-MB-231,0.0,0.07389529301440217
Hum_XLOC_004361,MDA-MB-231,0.0,0.05259761352116264
Hum_XLOC_004363,MDA-MB-231,0.0,0.06962689856162638
Hum_XLOC_004401,MDA-MB-231,0.0,0.0955522043909222
Hum_XLOC_004405,MDA-MB-231,0.0,0.07215194664669357
Hum_XLOC_004407,MDA-MB-231,0.0,0.04877256901103705
Hum_XLOC_004424,MDA-MB-231,0.0,0.14601965551267088
Hum_XLOC_004437,MDA-MB-231,0.0,0.07181803234500296
Hum_XLOC_004446,MDA-MB-231,0.0,0.11791260435973354
Hum_XLOC_004457,MDA-MB-231,0.0,0.09184285093657661
Hum_XLOC_004482,MDA-MB-231,0.0,0.10262202187996236
Hum_XLOC_004502,MDA-MB-231,0.0,0.057732432309140914
Hum_XLOC_004515,MDA-MB-231,0.0,0.05013241787405113
Hum_XLOC_004529,MDA-MB-231,0.0,0.08029050279652233
Hum_XLOC_004535,MDA-MB-231,0.0,0.0670662039879008
Hum_XLOC_004553,MDA-MB-231,0.0,0.11174799931626879
Hum_XLOC_004566,MDA-MB-231,0.0,0.040367065275340196
Hum_XLOC_004567,MDA-MB-231,0.0,0.06717206911571469
Hum_XLOC_004572,MDA-MB-231,1.0,0.12693220264243793
Hum_XLOC_004578,MDA-MB-231,0.0,0.04902601899096599
Hum_XLOC_004580,MDA-MB-231,0.0,0.11563290672349433
Hum_XLOC_004581,MDA-MB-231,0.0,0.08719897708430789
Hum_XLOC_004587,MDA-MB-231,0.0,0.13583915125662302
Hum_XLOC_004600,MDA-MB-231,0.0,0.17359225899331984
Hum_XLOC_004601,MDA-MB-231,0.0,0.07629720343704625
Hum_XLOC_004607,MDA-MB-231,0.0,0.09292873047407461
Hum_XLOC_004617,MDA-MB-231,0.0,0.08332719232190353
Hum_XLOC_004619,MDA-MB-231,0.0,0.09839538808475358
Hum_XLOC_004620,MDA-MB-231,0.0,0.11186985594113695
Hum_XLOC_004632,MDA-MB-231,0.0,0.07361464119260328
Hum_XLOC_004636,MDA-MB-231,0.0,0.08840016554514848
Hum_XLOC_004652,MDA-MB-231,0.0,0.055153040858530566
Hum_XLOC_004653,MDA-MB-231,0.0,0.09541750045271444
Hum_XLOC_004657,MDA-MB-231,1.0,0.09643635165056148
Hum_XLOC_004661,MDA-MB-231,0.0,0.1027223932200843
Hum_XLOC_004683,MDA-MB-231,0.0,0.05455244371710095
Hum_XLOC_004684,MDA-MB-231,0.0,0.11608514187097883
Hum_XLOC_004688,MDA-MB-231,0.0,0.0679833110368523
Hum_XLOC_004689,MDA-MB-231,0.0,0.0660530973474846
Hum_XLOC_004705,MDA-MB-231,0.0,0.0780167364269813
Hum_XLOC_004717,MDA-MB-231,0.0,0.089855915517863
Hum_XLOC_004718,MDA-MB-231,0.0,0.09260504259123316
Hum_XLOC_004733,MDA-MB-231,0.0,0.13847927309268487
Hum_XLOC_004741,MDA-MB-231,0.0,0.05486201554346191
Hum_XLOC_004762,MDA-MB-231,0.0,0.11837018129425546
Hum_XLOC_004771,MDA-MB-231,0.0,0.061600124261580104
Hum_XLOC_004777,MDA-MB-231,0.0,0.05348560680962464
Hum_XLOC_004788,MDA-MB-231,0.0,0.10497181448980368
Hum_XLOC_004791,MDA-MB-231,0.0,0.07082421376491231
Hum_XLOC_004795,MDA-MB-231,0.0,0.06760163606572712
Hum_XLOC_004803,MDA-MB-231,0.0,0.11302139072909312
Hum_XLOC_004805,MDA-MB-231,0.0,0.07198105186904402
Hum_XLOC_004813,MDA-MB-231,0.0,0.07903000970171391
Hum_XLOC_004815,MDA-MB-231,0.0,0.06344859049303134
Hum_XLOC_004822,MDA-MB-231,0.0,0.07003490973685844
Hum_XLOC_004823,MDA-MB-231,0.0,0.05322407472311146
Hum_XLOC_004827,MDA-MB-231,0.0,0.062315027366808634
Hum_XLOC_004837,MDA-MB-231,0.0,0.06844510140091803
Hum_XLOC_004839,MDA-MB-231,0.0,0.09797188112068873
Hum_XLOC_004855,MDA-MB-231,0.0,0.09251900589366288
Hum_XLOC_004874,MDA-MB-231,0.0,0.06790103063899917
Hum_XLOC_004875,MDA-MB-231,0.0,0.04937445502103899
Hum_XLOC_004878,MDA-MB-231,0.0,0.08737665275373573
Hum_XLOC_004884,MDA-MB-231,1.0,0.05867492951035001
Hum_XLOC_004911,MDA-MB-231,0.0,0.12703435139361044
Hum_XLOC_004915,MDA-MB-231,0.0,0.08254871878902885
Hum_XLOC_004927,MDA-MB-231,1.0,0.08873759877666403
Hum_XLOC_004929,MDA-MB-231,0.0,0.1207805822647551
Hum_XLOC_004936,MDA-MB-231,0.0,0.06180526392211369
Hum_XLOC_004957,MDA-MB-231,0.0,0.06428073546614708
Hum_XLOC_004960,MDA-MB-231,0.0,0.057388684886260664
Hum_XLOC_004965,MDA-MB-231,0.0,0.04407694750707245
Hum_XLOC_000006,THP1,0.0,0.08165472528581638
Hum_XLOC_000008,THP1,0.0,0.13118903891798245
Hum_XLOC_000016,THP1,0.0,0.1438580283284593
Hum_XLOC_000030,THP1,0.0,0.12984790191295373
Hum_XLOC_000033,THP1,0.0,0.09801199350520728
Hum_XLOC_000039,THP1,0.0,0.1519060964221409
Hum_XLOC_000053,THP1,0.0,0.12409525971562997
Hum_XLOC_000057,THP1,0.0,0.11740223793623814
Hum_XLOC_000060,THP1,0.0,0.14017871479122396
Hum_XLOC_000080,THP1,0.0,0.0698376699776413
Hum_XLOC_000094,THP1,0.0,0.09978062460805495
Hum_XLOC_000100,THP1,0.0,0.09660791572787789
Hum_XLOC_000105,THP1,0.0,0.07594810917552136
Hum_XLOC_000107,THP1,0.0,0.07133599508402262
Hum_XLOC_000111,THP1,0.0,0.08821953887693253
Hum_XLOC_000134,THP1,0.0,0.1137117668705502
Hum_XLOC_000143,THP1,0.0,0.11877927311088236
Hum_XLOC_000145,THP1,0.0,0.09828114129507617
Hum_XLOC_000149,THP1,0.0,0.11636012164849266
Hum_XLOC_000155,THP1,0.0,0.11317015216024277
Hum_XLOC_000169,THP1,0.0,0.12178949778317344
Hum_XLOC_000170,THP1,0.0,0.12026464968106981
Hum_XLOC_000194,THP1,0.0,0.08243711556000755
Hum_XLOC_000201,THP1,0.0,0.10836081268276036
Hum_XLOC_000231,THP1,0.0,0.12594832679853127
Hum_XLOC_000233,THP1,0.0,0.11023804767729369
Hum_XLOC_000245,THP1,0.0,0.10209336906656484
Hum_XLOC_000247,THP1,0.0,0.1594785738848228
Hum_XLOC_000248,THP1,0.0,0.07301867948402542
Hum_XLOC_000265,THP1,0.0,0.11117984373291853
Hum_XLOC_000282,THP1,0.0,0.11067408081451957
Hum_XLOC_000286,THP1,0.0,0.13001485928678677
Hum_XLOC_000292,THP1,0.0,0.1104941792225833
Hum_XLOC_000307,THP1,0.0,0.06487835171772803
Hum_XLOC_000308,THP1,0.0,0.0732153631487873
Hum_XLOC_000312,THP1,0.0,0.13361942345879024
Hum_XLOC_000314,THP1,0.0,0.0535464567279378
Hum_XLOC_000317,THP1,0.0,0.0777995093366444
Hum_XLOC_000319,THP1,0.0,0.10833197095213654
Hum_XLOC_000332,THP1,0.0,0.10746485677993478
Hum_XLOC_000338,THP1,1.0,0.1136640646578871
Hum_XLOC_000342,THP1,0.0,0.11206714796244528
Hum_XLOC_000345,THP1,0.0,0.12197882847327753
Hum_XLOC_000362,THP1,0.0,0.07445302380519528
Hum_XLOC_000377,THP1,0.0,0.12296921498875459
Hum_XLOC_000390,THP1,0.0,0.0899214227951343
Hum_XLOC_000394,THP1,0.0,0.14660764792770686
Hum_XLOC_000411,THP1,0.0,0.06542854986475015
Hum_XLOC_000415,THP1,0.0,0.1214393615798443
Hum_XLOC_000430,THP1,0.0,0.09684184130744741
Hum_XLOC_000436,THP1,1.0,0.1563290971138243
Hum_XLOC_000437,THP1,0.0,0.12763380037285713
Hum_XLOC_000456,THP1,1.0,0.19252758807661652
Hum_XLOC_000461,THP1,0.0,0.10051179116080315
Hum_XLOC_000462,THP1,0.0,0.0955178423412496
Hum_XLOC_000465,THP1,0.0,0.07569932004298036
Hum_XLOC_000472,THP1,0.0,0.08888400063196662
Hum_XLOC_000474,THP1,0.0,0.08655360040617446
Hum_XLOC_000478,THP1,0.0,0.1726262532715533
Hum_XLOC_000486,THP1,0.0,0.059338784754151865
Hum_XLOC_000490,THP1,0.0,0.07142819748154675
Hum_XLOC_000498,THP1,0.0,0.10972714311486363
Hum_XLOC_000500,THP1,0.0,0.09907356179757203
Hum_XLOC_000510,THP1,0.0,0.13902229731067964
Hum_XLOC_000535,THP1,0.0,0.1445096284090123
Hum_XLOC_000540,THP1,0.0,0.08606557424460284
Hum_XLOC_000556,THP1,0.0,0.06388621685112082
Hum_XLOC_000574,THP1,0.0,0.09154449147884774
Hum_XLOC_000575,THP1,0.0,0.080690375300589
Hum_XLOC_000582,THP1,0.0,0.08228417015682968
Hum_XLOC_000590,THP1,0.0,0.06349875718821969
Hum_XLOC_000601,THP1,0.0,0.1184255887378535
Hum_XLOC_000604,THP1,0.0,0.04755319513946061
Hum_XLOC_000608,THP1,0.0,0.11036267497911333
Hum_XLOC_000612,THP1,0.0,0.09318457555081631
Hum_XLOC_000636,THP1,1.0,0.11680359467157167
Hum_XLOC_000638,THP1,0.0,0.13580978373455432
Hum_XLOC_000641,THP1,0.0,0.04665126660900973
Hum_XLOC_000655,THP1,0.0,0.11772862122465813
Hum_XLOC_000668,THP1,0.0,0.10355288348622063
Hum_XLOC_000680,THP1,0.0,0.03718315119075161
Hum_XLOC_000681,THP1,0.0,0.07371096952598212
Hum_XLOC_000695,THP1,0.0,0.10948622610658981
Hum_XLOC_000702,THP1,0.0,0.16902670447056203
Hum_XLOC_000726,THP1,0.0,0.11916438755137672
Hum_XLOC_000727,THP1,0.0,0.11323379382898353
Hum_XLOC_000758,THP1,0.0,0.05899041226540831
Hum_XLOC_000773,THP1,0.0,0.07417507665499085
Hum_XLOC_000774,THP1,0.0,0.07937325090842305
Hum_XLOC_000797,THP1,0.0,0.14544090482062244
Hum_XLOC_000799,THP1,0.0,0.10838578999781376
Hum_XLOC_000800,THP1,0.0,0.07558432233948538
Hum_XLOC_000807,THP1,0.0,0.09110180185524522
Hum_XLOC_000818,THP1,0.0,0.09928406189036153
Hum_XLOC_000828,THP1,0.0,0.07058708039573437
Hum_XLOC_000831,THP1,0.0,0.07334832650631241
Hum_XLOC_000835,THP1,0.0,0.05107570913660852
Hum_XLOC_000840,THP1,0.0,0.0950414753126744
Hum_XLOC_000841,THP1,0.0,0.0878609894006722
Hum_XLOC_000842,THP1,0.0,0.07833443929560772
Hum_XLOC_000854,THP1,0.0,0.09879229246298933
Hum_XLOC_000855,THP1,0.0,0.04440679239381377
Hum_XLOC_000883,THP1,0.0,0.09651744245770034
Hum_XLOC_000885,THP1,0.0,0.07479157863122783
Hum_XLOC_000905,THP1,0.0,0.08131307519167766
Hum_XLOC_000917,THP1,0.0,0.08674853853026004
Hum_XLOC_000925,THP1,0.0,0.08510278850382794
Hum_XLOC_000944,THP1,0.0,0.0548785058742791
Hum_XLOC_000949,THP1,0.0,0.08991428633949529
Hum_XLOC_000953,THP1,0.0,0.06474353583796552
Hum_XLOC_000964,THP1,0.0,0.07108152635842502
Hum_XLOC_000990,THP1,0.0,0.0778704274882439
Hum_XLOC_000994,THP1,0.0,0.05309910694114261
Hum_XLOC_001020,THP1,0.0,0.051017721066457175
Hum_XLOC_001029,THP1,0.0,0.09013843955146848
Hum_XLOC_001066,THP1,0.0,0.06696403191532926
Hum_XLOC_001120,THP1,0.0,0.0946351480568134
Hum_XLOC_001121,THP1,0.0,0.056983266136326254
Hum_XLOC_001122,THP1,0.0,0.13241727796893138
Hum_XLOC_001125,THP1,0.0,0.13435648552656265
Hum_XLOC_001132,THP1,0.0,0.13046205188831803
Hum_XLOC_001138,THP1,0.0,0.07191722249899209
Hum_XLOC_001144,THP1,0.0,0.08392153937784308
Hum_XLOC_001146,THP1,0.0,0.07488122939772515
Hum_XLOC_001188,THP1,1.0,0.08371791880426573
Hum_XLOC_001191,THP1,0.0,0.06560229019965373
Hum_XLOC_001192,THP1,0.0,0.09496523226804264
Hum_XLOC_001217,THP1,0.0,0.0712843362817675
Hum_XLOC_001222,THP1,0.0,0.0809250164199634
Hum_XLOC_001228,THP1,0.0,0.09061035637537078
Hum_XLOC_001230,THP1,0.0,0.06975815431741597
Hum_XLOC_001237,THP1,0.0,0.06507767889479807
Hum_XLOC_001243,THP1,0.0,0.09260088253535657
Hum_XLOC_001275,THP1,0.0,0.07579443415898073
Hum_XLOC_001279,THP1,0.0,0.09752460525567302
Hum_XLOC_001291,THP1,0.0,0.10375070996607148
Hum_XLOC_001296,THP1,0.0,0.11423291518507554
Hum_XLOC_001297,THP1,0.0,0.13768275327736276
Hum_XLOC_001309,THP1,0.0,0.10327505402155529
Hum_XLOC_001329,THP1,0.0,0.03711869567211007
Hum_XLOC_001330,THP1,0.0,0.05827735619238756
Hum_XLOC_001355,THP1,0.0,0.075371809109011
Hum_XLOC_001366,THP1,0.0,0.10222128911323354
Hum_XLOC_001367,THP1,0.0,0.10617346854707709
Hum_XLOC_001375,THP1,0.0,0.07656152161648257
Hum_XLOC_001390,THP1,0.0,0.1050411942339693
Hum_XLOC_001405,THP1,0.0,0.10644001425843498
Hum_XLOC_001461,THP1,0.0,0.054077892950491216
Hum_XLOC_001465,THP1,0.0,0.07118017536422264
Hum_XLOC_001488,THP1,0.0,0.11756994013695723
Hum_XLOC_001490,THP1,0.0,0.10359515642782828
Hum_XLOC_001509,THP1,1.0,0.09240383725492461
Hum_XLOC_001516,THP1,0.0,0.06199240893323135
Hum_XLOC_001532,THP1,0.0,0.10841916593631228
Hum_XLOC_001539,THP1,0.0,0.06429925896492114
Hum_XLOC_001541,THP1,0.0,0.12210350479274946
Hum_XLOC_001542,THP1,0.0,0.1024126803018233
Hum_XLOC_001548,THP1,0.0,0.08869450042254441
Hum_XLOC_001559,THP1,0.0,0.07262757872484199
Hum_XLOC_001565,THP1,0.0,0.12728077467046475
Hum_XLOC_001566,THP1,0.0,0.11034833234564918
Hum_XLOC_001575,THP1,0.0,0.10403216521030356
Hum_XLOC_001580,THP1,0.0,0.07408942531757245
Hum_XLOC_001590,THP1,0.0,0.09865143300798508
Hum_XLOC_001615,THP1,1.0,0.15084695963430492
Hum_XLOC_001624,THP1,0.0,0.1190503694908286
Hum_XLOC_001639,THP1,0.0,0.0951094884158119
Hum_XLOC_001661,THP1,0.0,0.059883019574401
Hum_XLOC_001666,THP1,0.0,0.039323481803733115
Hum_XLOC_001668,THP1,0.0,0.09564524330897609
Hum_XLOC_001688,THP1,0.0,0.07628381371355755
Hum_XLOC_001689,THP1,0.0,0.05346251387349769
Hum_XLOC_001695,THP1,0.0,0.14535201836566894
Hum_XLOC_001696,THP1,0.0,0.09317078775466814
Hum_XLOC_001698,THP1,0.0,0.07076677395361118
Hum_XLOC_001707,THP1,0.0,0.12314268473098422
Hum_XLOC_001760,THP1,0.0,0.09264295919377728
Hum_XLOC_001761,THP1,0.0,0.12404754030542582
Hum_XLOC_001773,THP1,0.0,0.14782678858837295
Hum_XLOC_001775,THP1,0.0,0.11583962270692563
Hum_XLOC_001779,THP1,0.0,0.09808138841708401
Hum_XLOC_001783,THP1,0.0,0.10126365459817871
Hum_XLOC_001791,THP1,0.0,0.07887409758893406
Hum_XLOC_001805,THP1,0.0,0.09230048492556334
Hum_XLOC_001809,THP1,0.0,0.0438872285007969
Hum_XLOC_001848,THP1,0.0,0.08844893210999076
Hum_XLOC_001919,THP1,0.0,0.08536142804982316
Hum_XLOC_001941,THP1,0.0,0.06271490710990704
Hum_XLOC_001942,THP1,0.0,0.04783693254365396
Hum_XLOC_001949,THP1,0.0,0.04647129294839362
Hum_XLOC_001950,THP1,0.0,0.12150332820917221
Hum_XLOC_001953,THP1,0.0,0.08623986341328763
Hum_XLOC_001957,THP1,0.0,0.09668807298018604
Hum_XLOC_001961,THP1,1.0,0.0980916586275562
Hum_XLOC_001969,THP1,0.0,0.07629617378790239
Hum_XLOC_002024,THP1,0.0,0.06939822951470441
Hum_XLOC_002028,THP1,0.0,0.04259040117967826
Hum_XLOC_002033,THP1,0.0,0.08189318588326552
Hum_XLOC_002036,THP1,0.0,0.11834765407661568
Hum_XLOC_002037,THP1,0.0,0.1093890625561866
Hum_XLOC_002041,THP1,0.0,0.05390540172415355
Hum_XLOC_002059,THP1,0.0,0.10061217584462306
Hum_XLOC_002061,THP1,0.0,0.09324091591296407
Hum_XLOC_002068,THP1,0.0,0.03801005449700283
Hum_XLOC_002081,THP1,0.0,0.08452191257102501
Hum_XLOC_002093,THP1,0.0,0.09239836155119244
Hum_XLOC_002099,THP1,0.0,0.0873909319586873
Hum_XLOC_002144,THP1,0.0,0.10363824135558827
Hum_XLOC_002150,THP1,0.0,0.08826163782765255
Hum_XLOC_002152,THP1,0.0,0.09027863927944153
Hum_XLOC_002154,THP1,0.0,0.06799245981218842
Hum_XLOC_002169,THP1,1.0,0.121433352822581
Hum_XLOC_002170,THP1,0.0,0.05345626802364131
Hum_XLOC_002176,THP1,0.0,0.09285720637326692
Hum_XLOC_002178,THP1,0.0,0.07012728081687031
Hum_XLOC_002186,THP1,0.0,0.07868782309349975
Hum_XLOC_002204,THP1,0.0,0.10637713114474928
Hum_XLOC_002205,THP1,0.0,0.09434020275078164
Hum_XLOC_002219,THP1,0.0,0.11524146423311882
Hum_XLOC_002244,THP1,0.0,0.07470294706769304
Hum_XLOC_002252,THP1,0.0,0.09522746275380094
Hum_XLOC_002261,THP1,0.0,0.09559850450740408
Hum_XLOC_002262,THP1,0.0,0.057192996842962425
Hum_XLOC_002265,THP1,0.0,0.08246693258649443
Hum_XLOC_002271,THP1,0.0,0.07444347113734885
Hum_XLOC_002280,THP1,0.0,0.11992390033800861
Hum_XLOC_002282,THP1,0.0,0.0859247303520676
Hum_XLOC_002283,THP1,0.0,0.07334199660403738
Hum_XLOC_002284,THP1,0.0,0.12067999223922468
Hum_XLOC_002294,THP1,0.0,0.08101273429239991
Hum_XLOC_002296,THP1,0.0,0.06546892472504706
Hum_XLOC_002299,THP1,0.0,0.08868121036248224
Hum_XLOC_002301,THP1,0.0,0.13987290578035863
Hum_XLOC_002306,THP1,0.0,0.11092517772654341
Hum_XLOC_002311,THP1,0.0,0.11233845174461092
Hum_XLOC_002313,THP1,0.0,0.07981180366720081
Hum_XLOC_002314,THP1,0.0,0.1407281272423828
Hum_XLOC_002327,THP1,0.0,0.0984513365629061
Hum_XLOC_002330,THP1,0.0,0.09830325496211051
Hum_XLOC_002338,THP1,0.0,0.11276135772592726
Hum_XLOC_002344,THP1,0.0,0.07822067116235396
Hum_XLOC_002347,THP1,0.0,0.05146391687878283
Hum_XLOC_002348,THP1,0.0,0.08152093798860283
Hum_XLOC_002362,THP1,0.0,0.05583289892666944
Hum_XLOC_002364,THP1,0.0,0.0836706489879677
Hum_XLOC_002383,THP1,0.0,0.06425133160613011
Hum_XLOC_002386,THP1,0.0,0.08972538258438519
Hum_XLOC_002390,THP1,0.0,0.14959564157073943
Hum_XLOC_002394,THP1,0.0,0.08966905193291391
Hum_XLOC_002398,THP1,0.0,0.08015000690394126
Hum_XLOC_002399,THP1,0.0,0.0874504917030789
Hum_XLOC_002408,THP1,0.0,0.062430114640926876
Hum_XLOC_002414,THP1,0.0,0.08577383356432695
Hum_XLOC_002418,THP1,0.0,0.10192686265594861
Hum_XLOC_002435,THP1,0.0,0.06606281605540779
Hum_XLOC_002440,THP1,0.0,0.10042440776990653
Hum_XLOC_002489,THP1,0.0,0.08114960795538088
Hum_XLOC_002490,THP1,0.0,0.04427700261394243
Hum_XLOC_002493,THP1,0.0,0.07704403840802573
Hum_XLOC_002520,THP1,0.0,0.15802851046870994
Hum_XLOC_002524,THP1,0.0,0.07829842611724998
Hum_XLOC_002546,THP1,0.0,0.1071960393583706
Hum_XLOC_002560,THP1,0.0,0.08975895545228675
Hum_XLOC_002570,THP1,0.0,0.10218925050873627
Hum_XLOC_002577,THP1,0.0,0.16159871746533436
Hum_XLOC_002579,THP1,0.0,0.1003239805633163
Hum_XLOC_002586,THP1,0.0,0.07555617366693589
Hum_XLOC_002589,THP1,0.0,0.09294069672418999
Hum_XLOC_002629,THP1,0.0,0.12330212939794775
Hum_XLOC_002631,THP1,0.0,0.09003063864668656
Hum_XLOC_002635,THP1,0.0,0.12534791218567565
Hum_XLOC_002644,THP1,0.0,0.09427934986596362
Hum_XLOC_002646,THP1,0.0,0.08000427599846283
Hum_XLOC_002653,THP1,0.0,0.09381599826662743
Hum_XLOC_002681,THP1,0.0,0.08059462889021383
Hum_XLOC_002695,THP1,0.0,0.0851330218555358
Hum_XLOC_002702,THP1,0.0,0.08971835685864363
Hum_XLOC_002705,THP1,0.0,0.10077176544219435
Hum_XLOC_002711,THP1,0.0,0.1357162310446337
Hum_XLOC_002714,THP1,0.0,0.09413215078616773
Hum_XLOC_002717,THP1,0.0,0.1082966496164775
Hum_XLOC_002725,THP1,0.0,0.1366098098849412
Hum_XLOC_002741,THP1,0.0,0.09472858799165441
Hum_XLOC_002742,THP1,0.0,0.08848687659266717
Hum_XLOC_002744,THP1,0.0,0.08747754377592896
Hum_XLOC_002760,THP1,0.0,0.11726197974158636
Hum_XLOC_002788,THP1,0.0,0.10745400781087208
Hum_XLOC_002792,THP1,0.0,0.1519488017241628
Hum_XLOC_002796,THP1,0.0,0.09432211696758454
Hum_XLOC_002817,THP1,0.0,0.09007366277576098
Hum_XLOC_002836,THP1,1.0,0.13603142034449073
Hum_XLOC_002844,THP1,0.0,0.11092008650708446
Hum_XLOC_002845,THP1,0.0,0.11983834370775628
Hum_XLOC_002859,THP1,0.0,0.09086350747196398
Hum_XLOC_002889,THP1,0.0,0.119323386924745
Hum_XLOC_002911,THP1,0.0,0.06703917531106567
Hum_XLOC_002935,THP1,1.0,0.08786162257757667
Hum_XLOC_002937,THP1,0.0,0.11906841349200674
Hum_XLOC_002967,THP1,0.0,0.06772366718445756
Hum_XLOC_002983,THP1,0.0,0.09189449365044806
Hum_XLOC_002986,THP1,0.0,0.16930886145071108
Hum_XLOC_002990,THP1,0.0,0.10126216191087929
Hum_XLOC_003039,THP1,0.0,0.0807952932501024
Hum_XLOC_003061,THP1,0.0,0.17696100902260786
Hum_XLOC_003086,THP1,1.0,0.1313684399139545
Hum_XLOC_003099,THP1,0.0,0.06268112101612504
Hum_XLOC_003109,THP1,1.0,0.0893952594541593
Hum_XLOC_003128,THP1,0.0,0.14841684946119696
Hum_XLOC_003134,THP1,0.0,0.12469797498082448
Hum_XLOC_003137,THP1,0.0,0.0935889439172342
Hum_XLOC_003154,THP1,0.0,0.0822961068269499
Hum_XLOC_003155,THP1,0.0,0.14657782345580134
Hum_XLOC_003171,THP1,0.0,0.05055097257879912
Hum_XLOC_003209,THP1,0.0,0.0802978610951083
Hum_XLOC_003215,THP1,0.0,0.1117756129036832
Hum_XLOC_003221,THP1,0.0,0.08210554886485721
Hum_XLOC_003232,THP1,0.0,0.09030857495800707
Hum_XLOC_003268,THP1,0.0,0.10583467398661886
Hum_XLOC_003269,THP1,0.0,0.13216423732801694
Hum_XLOC_003286,THP1,0.0,0.14922256657501362
Hum_XLOC_003290,THP1,0.0,0.0785180361593476
Hum_XLOC_003294,THP1,0.0,0.09501894816973691
Hum_XLOC_003321,THP1,0.0,0.11805647781610029
Hum_XLOC_003324,THP1,0.0,0.053323028065103695
Hum_XLOC_003334,THP1,0.0,0.09925546658583424
Hum_XLOC_003337,THP1,0.0,0.08170544345455497
Hum_XLOC_003338,THP1,0.0,0.05533523339506397
Hum_XLOC_003352,THP1,0.0,0.11728273208958323
Hum_XLOC_003357,THP1,0.0,0.07049631602724157
Hum_XLOC_003361,THP1,0.0,0.11176119146312784
Hum_XLOC_003371,THP1,0.0,0.07278313388043667
Hum_XLOC_003381,THP1,0.0,0.10595311923204558
Hum_XLOC_003408,THP1,0.0,0.06492809570760849
Hum_XLOC_003436,THP1,0.0,0.07117782315280129
Hum_XLOC_003440,THP1,0.0,0.04322552363396344
Hum_XLOC_003450,THP1,0.0,0.10604826478642139
Hum_XLOC_003466,THP1,0.0,0.0808151671139711
Hum_XLOC_003488,THP1,0.0,0.07004987271797408
Hum_XLOC_003491,THP1,0.0,0.09074126910212846
Hum_XLOC_003497,THP1,0.0,0.07147056129357174
Hum_XLOC_003498,THP1,0.0,0.09326933921176778
Hum_XLOC_003502,THP1,0.0,0.09091298102487132
Hum_XLOC_003518,THP1,0.0,0.0876545488306254
Hum_XLOC_003532,THP1,0.0,0.09546645541941286
Hum_XLOC_003543,THP1,0.0,0.06198884821291797
Hum_XLOC_003554,THP1,1.0,0.08235304878586323
Hum_XLOC_003563,THP1,0.0,0.08062452094375484
Hum_XLOC_003567,THP1,0.0,0.11627439671339844
Hum_XLOC_003568,THP1,0.0,0.07942732983172444
Hum_XLOC_003570,THP1,0.0,0.0598711950753066
Hum_XLOC_003571,THP1,0.0,0.06416608609566264
Hum_XLOC_003593,THP1,0.0,0.06414597077714115
Hum_XLOC_003594,THP1,0.0,0.11928426848459925
Hum_XLOC_003598,THP1,0.0,0.044434702831238924
Hum_XLOC_003626,THP1,0.0,0.08996274668168101
Hum_XLOC_003628,THP1,1.0,0.057437248332655295
Hum_XLOC_003630,THP1,0.0,0.1058494835608742
Hum_XLOC_003641,THP1,0.0,0.13062123059514402
Hum_XLOC_003662,THP1,0.0,0.11520294434261703
Hum_XLOC_003665,THP1,0.0,0.09109947247624786
Hum_XLOC_003672,THP1,0.0,0.12969506855478116
Hum_XLOC_003673,THP1,0.0,0.10000088706727354
Hum_XLOC_003674,THP1,0.0,0.1487376694287711
Hum_XLOC_003676,THP1,0.0,0.08977422865689261
Hum_XLOC_003686,THP1,0.0,0.0734925439122183
Hum_XLOC_003697,THP1,0.0,0.0592187732204947
Hum_XLOC_003717,THP1,0.0,0.09230113420105646
Hum_XLOC_003725,THP1,0.0,0.07579487349105712
Hum_XLOC_003743,THP1,0.0,0.10135519919797929
Hum_XLOC_003754,THP1,0.0,0.10116765537520611
Hum_XLOC_003766,THP1,0.0,0.13940389908916084
Hum_XLOC_003775,THP1,0.0,0.09210220535278667
Hum_XLOC_003790,THP1,0.0,0.07136833067767753
Hum_XLOC_003799,THP1,0.0,0.08374707406851419
Hum_XLOC_003853,THP1,0.0,0.06762600074881567
Hum_XLOC_003865,THP1,0.0,0.10449813376621488
Hum_XLOC_003871,THP1,0.0,0.09295722990370016
Hum_XLOC_003891,THP1,0.0,0.11350684691250201
Hum_XLOC_003892,THP1,1.0,0.1200009308748642
Hum_XLOC_003910,THP1,0.0,0.10099166024749595
Hum_XLOC_003911,THP1,0.0,0.13709140683131693
Hum_XLOC_003952,THP1,0.0,0.06407012610693841
Hum_XLOC_003971,THP1,0.0,0.07575672661358983
Hum_XLOC_003988,THP1,0.0,0.07255853262186666
Hum_XLOC_004020,THP1,0.0,0.09185255103181132
Hum_XLOC_004035,THP1,0.0,0.11273123095183957
Hum_XLOC_004036,THP1,0.0,0.10603350103500699
Hum_XLOC_004048,THP1,0.0,0.07945447359659258
Hum_XLOC_004068,THP1,0.0,0.05267518803402371
Hum_XLOC_004069,THP1,0.0,0.03767166639053356
Hum_XLOC_004095,THP1,0.0,0.14179463894074434
Hum_XLOC_004096,THP1,0.0,0.12865445002873144
Hum_XLOC_004116,THP1,0.0,0.15214907074504105
Hum_XLOC_004123,THP1,0.0,0.08799483992620767
Hum_XLOC_004134,THP1,0.0,0.05967490142352233
Hum_XLOC_004161,THP1,0.0,0.07899874366172517
Hum_XLOC_004168,THP1,0.0,0.08274924111917029
Hum_XLOC_004169,THP1,0.0,0.07840264154399859
Hum_XLOC_004177,THP1,0.0,0.08065273880472805
Hum_XLOC_004200,THP1,0.0,0.11025408401433398
Hum_XLOC_004201,THP1,0.0,0.07559904749092188
Hum_XLOC_004219,THP1,0.0,0.06754538199755579
Hum_XLOC_004226,THP1,0.0,0.08784913531336512
Hum_XLOC_004227,THP1,0.0,0.06945789966429294
Hum_XLOC_004236,THP1,0.0,0.07287247940032657
Hum_XLOC_004254,THP1,1.0,0.16635302076234515
Hum_XLOC_004255,THP1,0.0,0.1390776320984709
Hum_XLOC_004262,THP1,1.0,0.10245414536677287
Hum_XLOC_004269,THP1,0.0,0.11643292249946867
Hum_XLOC_004277,THP1,0.0,0.0765852449361234
Hum_XLOC_004278,THP1,0.0,0.08177859589283719
Hum_XLOC_004282,THP1,0.0,0.10211899167612908
Hum_XLOC_004287,THP1,0.0,0.10813916042036557
Hum_XLOC_004293,THP1,0.0,0.10693362045218406
Hum_XLOC_004302,THP1,0.0,0.12446936333352922
Hum_XLOC_004303,THP1,0.0,0.07223289185303819
Hum_XLOC_004306,THP1,0.0,0.07418578773282405
Hum_XLOC_004309,THP1,0.0,0.09868031393564064
Hum_XLOC_004314,THP1,0.0,0.11001052339929766
Hum_XLOC_004317,THP1,0.0,0.08843383681594798
Hum_XLOC_004336,THP1,1.0,0.12978713639141756
Hum_XLOC_004343,THP1,0.0,0.15303005129123048
Hum_XLOC_004350,THP1,0.0,0.07740756474638506
Hum_XLOC_004361,THP1,0.0,0.0596316023174718
Hum_XLOC_004363,THP1,0.0,0.07355545100198235
Hum_XLOC_004401,THP1,0.0,0.10513360092930228
Hum_XLOC_004405,THP1,0.0,0.07764258634246417
Hum_XLOC_004407,THP1,0.0,0.04516103368346633
Hum_XLOC_004424,THP1,0.0,0.14718491230184863
Hum_XLOC_004437,THP1,0.0,0.06975972532899469
Hum_XLOC_004446,THP1,0.0,0.13137591077531144
Hum_XLOC_004457,THP1,0.0,0.10117404913083136
Hum_XLOC_004482,THP1,0.0,0.10624371839187427
Hum_XLOC_004502,THP1,0.0,0.06336526782580375
Hum_XLOC_004515,THP1,0.0,0.051782069330245165
Hum_XLOC_004529,THP1,0.0,0.09119730703463233
Hum_XLOC_004535,THP1,0.0,0.06840545223473063
Hum_XLOC_004553,THP1,0.0,0.11364496443934073
Hum_XLOC_004566,THP1,0.0,0.04753309889259028
Hum_XLOC_004567,THP1,0.0,0.07469315500407586
Hum_XLOC_004572,THP1,1.0,0.1264107688966358
Hum_XLOC_004578,THP1,0.0,0.05259261324561047
Hum_XLOC_004580,THP1,0.0,0.12140430156220355
Hum_XLOC_004581,THP1,0.0,0.08733737034658057
Hum_XLOC_004587,THP1,0.0,0.13380470920259774
Hum_XLOC_004600,THP1,0.0,0.16794072646311395
Hum_XLOC_004601,THP1,0.0,0.0855578660505073
Hum_XLOC_004607,THP1,0.0,0.10167026981635326
Hum_XLOC_004617,THP1,0.0,0.0889489667713341
Hum_XLOC_004619,THP1,0.0,0.10351285591560237
Hum_XLOC_004620,THP1,0.0,0.11004652157588744
Hum_XLOC_004632,THP1,0.0,0.0734895097520863
Hum_XLOC_004636,THP1,0.0,0.08630027713072051
Hum_XLOC_004652,THP1,0.0,0.05453693819930163
Hum_XLOC_004653,THP1,0.0,0.10022751675432759
Hum_XLOC_004657,THP1,0.0,0.1000203320831203
Hum_XLOC_004661,THP1,0.0,0.11147574935839658
Hum_XLOC_004683,THP1,0.0,0.05244926381088173
Hum_XLOC_004684,THP1,0.0,0.12076500891970328
Hum_XLOC_004688,THP1,0.0,0.0680362412599474
Hum_XLOC_004689,THP1,0.0,0.06630611948909097
Hum_XLOC_004705,THP1,0.0,0.08162578887614468
Hum_XLOC_004717,THP1,0.0,0.09959355302405942
Hum_XLOC_004718,THP1,0.0,0.10532705393511466
Hum_XLOC_004733,THP1,0.0,0.14356554898442314
Hum_XLOC_004741,THP1,0.0,0.05858127099182826
Hum_XLOC_004762,THP1,0.0,0.132149647004556
Hum_XLOC_004771,THP1,0.0,0.06329630300443762
Hum_XLOC_004777,THP1,0.0,0.05898642654168864
Hum_XLOC_004788,THP1,0.0,0.10269237956250311
Hum_XLOC_004791,THP1,0.0,0.06453153427248966
Hum_XLOC_004795,THP1,0.0,0.07480966469824041
Hum_XLOC_004803,THP1,0.0,0.11525982113312083
Hum_XLOC_004805,THP1,0.0,0.0792489670823265
Hum_XLOC_004813,THP1,0.0,0.08090115694337804
Hum_XLOC_004815,THP1,0.0,0.07255421394535075
Hum_XLOC_004822,THP1,0.0,0.07446408502172273
Hum_XLOC_004823,THP1,0.0,0.0552573867946104
Hum_XLOC_004827,THP1,0.0,0.062191789141925254
Hum_XLOC_004837,THP1,0.0,0.08111570434179113
Hum_XLOC_004839,THP1,0.0,0.10173171626007442
Hum_XLOC_004855,THP1,0.0,0.0983289420869659
Hum_XLOC_004874,THP1,0.0,0.07295249394649789
Hum_XLOC_004875,THP1,0.0,0.05284963164746561
Hum_XLOC_004878,THP1,0.0,0.08695227470349642
Hum_XLOC_004884,THP1,0.0,0.06427206291965645
Hum_XLOC_004911,THP1,0.0,0.13242652055238313
Hum_XLOC_004915,THP1,1.0,0.08833975186468658
Hum_XLOC_004927,THP1,0.0,0.09417089133426347
Hum_XLOC_004929,THP1,0.0,0.12519098565796863
Hum_XLOC_004936,THP1,0.0,0.06696008762062754
Hum_XLOC_004957,THP1,0.0,0.06981563186679508
Hum_XLOC_004960,THP1,0.0,0.058874070632069765
Hum_XLOC_004965,THP1,0.0,0.04216491232114682
