target,cell_line,y_true,y_pred_proba
Hum_XLOC_000006,HAP1,0.0,0.07823343896226084
Hum_XLOC_000008,HAP1,0.0,0.03791280462605861
Hum_XLOC_000016,HAP1,0.0,0.0
Hum_XLOC_000030,HAP1,0.0,0.0
Hum_XLOC_000033,HAP1,0.0,0.03741138724682233
Hum_XLOC_000039,HAP1,0.0,0.040018363414842245
Hum_XLOC_000053,HAP1,0.0,0.07884558375956124
Hum_XLOC_000057,HAP1,0.0,0.039234030292577715
Hum_XLOC_000060,HAP1,0.0,0.0
Hum_XLOC_000080,HAP1,0.0,0.0
Hum_XLOC_000094,HAP1,0.0,0.0
Hum_XLOC_000100,HAP1,0.0,0.08033552377537889
Hum_XLOC_000105,HAP1,0.0,0.0
Hum_XLOC_000107,HAP1,1.0,0.12117080910492681
Hum_XLOC_000111,HAP1,0.0,0.0
Hum_XLOC_000134,HAP1,0.0,0.037302580705695774
Hum_XLOC_000143,HAP1,0.0,0.0
Hum_XLOC_000145,HAP1,0.0,0.0
Hum_XLOC_000149,HAP1,0.0,0.08126611270471638
Hum_XLOC_000155,HAP1,1.0,0.03979019284963878
Hum_XLOC_000169,HAP1,0.0,0.11965075072019293
Hum_XLOC_000170,HAP1,0.0,0.04089346468709541
Hum_XLOC_000194,HAP1,0.0,0.0
Hum_XLOC_000201,HAP1,0.0,0.0
Hum_XLOC_000231,HAP1,0.0,0.03898675132666575
Hum_XLOC_000233,HAP1,0.0,0.07866885589143328
Hum_XLOC_000245,HAP1,0.0,0.0
Hum_XLOC_000247,HAP1,0.0,0.0
Hum_XLOC_000248,HAP1,0.0,0.0
Hum_XLOC_000265,HAP1,0.0,0.0
Hum_XLOC_000282,HAP1,0.0,0.04545099584210468
Hum_XLOC_000286,HAP1,0.0,0.0
Hum_XLOC_000292,HAP1,0.0,0.03904642447772376
Hum_XLOC_000307,HAP1,1.0,0.0
Hum_XLOC_000308,HAP1,0.0,0.041066819753304666
Hum_XLOC_000312,HAP1,0.0,0.11706295868258393
Hum_XLOC_000314,HAP1,0.0,0.038383045655481396
Hum_XLOC_000317,HAP1,0.0,0.08076691276441791
Hum_XLOC_000319,HAP1,0.0,0.0
Hum_XLOC_000332,HAP1,0.0,0.03926594381416148
Hum_XLOC_000338,HAP1,0.0,0.1184729325583054
Hum_XLOC_000342,HAP1,0.0,0.03811796969859967
Hum_XLOC_000345,HAP1,0.0,0.03914401297772515
Hum_XLOC_000362,HAP1,0.0,0.07844796430691815
Hum_XLOC_000377,HAP1,0.0,0.08105435567973812
Hum_XLOC_000390,HAP1,0.0,0.0
Hum_XLOC_000394,HAP1,0.0,0.07964457967671469
Hum_XLOC_000411,HAP1,0.0,0.04526334316100013
Hum_XLOC_000415,HAP1,0.0,0.11569671181093107
Hum_XLOC_000430,HAP1,0.0,0.039527096658328716
Hum_XLOC_000436,HAP1,0.0,0.038077109178796115
Hum_XLOC_000437,HAP1,0.0,0.04055511180807041
Hum_XLOC_000456,HAP1,0.0,0.15923258259568157
Hum_XLOC_000461,HAP1,0.0,0.07891770047711329
Hum_XLOC_000462,HAP1,0.0,0.1220210326040917
Hum_XLOC_000465,HAP1,0.0,0.038781122253825136
Hum_XLOC_000472,HAP1,0.0,0.0
Hum_XLOC_000474,HAP1,0.0,0.040482793613341214
Hum_XLOC_000478,HAP1,0.0,0.04326932167667847
Hum_XLOC_000486,HAP1,0.0,0.0
Hum_XLOC_000490,HAP1,0.0,0.08348434491234955
Hum_XLOC_000498,HAP1,0.0,0.08168447270614457
Hum_XLOC_000500,HAP1,0.0,0.038238197474384554
Hum_XLOC_000510,HAP1,0.0,0.0
Hum_XLOC_000535,HAP1,0.0,0.078280659048285
Hum_XLOC_000540,HAP1,0.0,0.040290419260388295
Hum_XLOC_000556,HAP1,0.0,0.040043056157686635
Hum_XLOC_000574,HAP1,0.0,0.0
Hum_XLOC_000575,HAP1,0.0,0.039507724897977985
Hum_XLOC_000582,HAP1,0.0,0.037984781592585934
Hum_XLOC_000590,HAP1,0.0,0.0
Hum_XLOC_000601,HAP1,0.0,0.045986461243453666
Hum_XLOC_000604,HAP1,0.0,0.0
Hum_XLOC_000608,HAP1,0.0,0.037788518165451694
Hum_XLOC_000612,HAP1,0.0,0.0
Hum_XLOC_000636,HAP1,0.0,0.039403752915039995
Hum_XLOC_000638,HAP1,0.0,0.07851239949063789
Hum_XLOC_000641,HAP1,0.0,0.0
Hum_XLOC_000655,HAP1,0.0,0.03929767869183145
Hum_XLOC_000668,HAP1,0.0,0.03860417022519783
Hum_XLOC_000680,HAP1,0.0,0.0
Hum_XLOC_000681,HAP1,0.0,0.08029937592656729
Hum_XLOC_000695,HAP1,0.0,0.0
Hum_XLOC_000702,HAP1,0.0,0.038825223688821124
Hum_XLOC_000726,HAP1,0.0,0.040981865491966044
Hum_XLOC_000727,HAP1,0.0,0.04028326384108382
Hum_XLOC_000758,HAP1,0.0,0.04018996987884588
Hum_XLOC_000773,HAP1,0.0,0.07909152991586693
Hum_XLOC_000774,HAP1,0.0,0.0
Hum_XLOC_000797,HAP1,0.0,0.08751574715486464
Hum_XLOC_000799,HAP1,0.0,0.1187841946087168
Hum_XLOC_000800,HAP1,0.0,0.0
Hum_XLOC_000807,HAP1,0.0,0.0
Hum_XLOC_000818,HAP1,0.0,0.04053269018916467
Hum_XLOC_000828,HAP1,0.0,0.03920029483496606
Hum_XLOC_000831,HAP1,0.0,0.03915791407981367
Hum_XLOC_000835,HAP1,0.0,0.0387045044217432
Hum_XLOC_000840,HAP1,0.0,0.0
Hum_XLOC_000841,HAP1,0.0,0.0
Hum_XLOC_000842,HAP1,0.0,0.03927521687283909
Hum_XLOC_000854,HAP1,0.0,0.039281517586153114
Hum_XLOC_000855,HAP1,0.0,0.0
Hum_XLOC_000883,HAP1,0.0,0.0
Hum_XLOC_000885,HAP1,0.0,0.07904189701402697
Hum_XLOC_000905,HAP1,0.0,0.0
Hum_XLOC_000917,HAP1,0.0,0.040123300880442726
Hum_XLOC_000925,HAP1,0.0,0.04004074463882906
Hum_XLOC_000944,HAP1,0.0,0.0
Hum_XLOC_000949,HAP1,0.0,0.0409435334076586
Hum_XLOC_000953,HAP1,0.0,0.03855948100759763
Hum_XLOC_000964,HAP1,0.0,0.03946155244703227
Hum_XLOC_000990,HAP1,0.0,0.038455918041629414
Hum_XLOC_000994,HAP1,0.0,0.0
Hum_XLOC_001020,HAP1,0.0,0.041830531329172464
Hum_XLOC_001029,HAP1,0.0,0.0
Hum_XLOC_001066,HAP1,1.0,0.0
Hum_XLOC_001120,HAP1,0.0,0.0
Hum_XLOC_001121,HAP1,0.0,0.04193310180292311
Hum_XLOC_001122,HAP1,0.0,0.043086920319246345
Hum_XLOC_001125,HAP1,0.0,0.11825400761653959
Hum_XLOC_001132,HAP1,0.0,0.039715843985294624
Hum_XLOC_001138,HAP1,0.0,0.0
Hum_XLOC_001144,HAP1,0.0,0.0396912742575336
Hum_XLOC_001146,HAP1,0.0,0.11870987428397976
Hum_XLOC_001188,HAP1,0.0,0.08589693072571322
Hum_XLOC_001191,HAP1,0.0,0.0
Hum_XLOC_001192,HAP1,0.0,0.0389765922538278
Hum_XLOC_001217,HAP1,0.0,0.0
Hum_XLOC_001222,HAP1,0.0,0.07960449954806455
Hum_XLOC_001228,HAP1,0.0,0.07969192002299283
Hum_XLOC_001230,HAP1,0.0,0.0
Hum_XLOC_001237,HAP1,0.0,0.0
Hum_XLOC_001243,HAP1,0.0,0.03904376312574451
Hum_XLOC_001275,HAP1,0.0,0.03958720300843167
Hum_XLOC_001279,HAP1,0.0,0.03947426417024176
Hum_XLOC_001291,HAP1,0.0,0.07719221099246006
Hum_XLOC_001296,HAP1,0.0,0.0
Hum_XLOC_001297,HAP1,0.0,0.11573164919371379
Hum_XLOC_001309,HAP1,0.0,0.0
Hum_XLOC_001329,HAP1,0.0,0.0
Hum_XLOC_001330,HAP1,0.0,0.0
Hum_XLOC_001355,HAP1,0.0,0.04018091280344619
Hum_XLOC_001366,HAP1,0.0,0.0
Hum_XLOC_001367,HAP1,0.0,0.0
Hum_XLOC_001375,HAP1,0.0,0.039966242208445614
Hum_XLOC_001390,HAP1,0.0,0.0
Hum_XLOC_001405,HAP1,0.0,0.03874039055181901
Hum_XLOC_001461,HAP1,0.0,0.0
Hum_XLOC_001465,HAP1,0.0,0.0818983318374553
Hum_XLOC_001488,HAP1,0.0,0.041602476149342524
Hum_XLOC_001490,HAP1,0.0,0.038970871791366546
Hum_XLOC_001509,HAP1,0.0,0.04189763041366143
Hum_XLOC_001516,HAP1,0.0,0.0
Hum_XLOC_001532,HAP1,0.0,0.039015773763952474
Hum_XLOC_001539,HAP1,0.0,0.03927750790142327
Hum_XLOC_001541,HAP1,0.0,0.11609737347345267
Hum_XLOC_001542,HAP1,0.0,0.043747821108733424
Hum_XLOC_001548,HAP1,1.0,0.0
Hum_XLOC_001559,HAP1,0.0,0.08091163783868788
Hum_XLOC_001565,HAP1,0.0,0.0
Hum_XLOC_001566,HAP1,0.0,0.039788668809840354
Hum_XLOC_001575,HAP1,0.0,0.0
Hum_XLOC_001580,HAP1,0.0,0.0
Hum_XLOC_001590,HAP1,0.0,0.0
Hum_XLOC_001615,HAP1,0.0,0.039270238913751185
Hum_XLOC_001624,HAP1,0.0,0.07834717654268203
Hum_XLOC_001639,HAP1,0.0,0.07829985238262908
Hum_XLOC_001661,HAP1,0.0,0.040931376980881305
Hum_XLOC_001666,HAP1,0.0,0.0
Hum_XLOC_001668,HAP1,0.0,0.0
Hum_XLOC_001688,HAP1,0.0,0.0
Hum_XLOC_001689,HAP1,0.0,0.037262173661332866
Hum_XLOC_001695,HAP1,0.0,0.0782293401501751
Hum_XLOC_001696,HAP1,0.0,0.04336200309959794
Hum_XLOC_001698,HAP1,0.0,0.0810356008210135
Hum_XLOC_001707,HAP1,0.0,0.07845239190782248
Hum_XLOC_001760,HAP1,0.0,0.08033669446887862
Hum_XLOC_001761,HAP1,0.0,0.0
Hum_XLOC_001773,HAP1,0.0,0.1207906614885493
Hum_XLOC_001775,HAP1,0.0,0.08487982664337276
Hum_XLOC_001779,HAP1,0.0,0.038733535242311684
Hum_XLOC_001783,HAP1,0.0,0.0
Hum_XLOC_001791,HAP1,0.0,0.04039890287207041
Hum_XLOC_001805,HAP1,0.0,0.0
Hum_XLOC_001809,HAP1,0.0,0.0
Hum_XLOC_001848,HAP1,0.0,0.039494245057744036
Hum_XLOC_001919,HAP1,1.0,0.0
Hum_XLOC_001941,HAP1,0.0,0.0
Hum_XLOC_001942,HAP1,0.0,0.08265808451759067
Hum_XLOC_001949,HAP1,0.0,0.0
Hum_XLOC_001950,HAP1,0.0,0.03893656300560756
Hum_XLOC_001953,HAP1,0.0,0.11834811202342732
Hum_XLOC_001957,HAP1,0.0,0.08327249093960558
Hum_XLOC_001961,HAP1,0.0,0.03932429514270016
Hum_XLOC_001969,HAP1,0.0,0.03989397366824794
Hum_XLOC_002024,HAP1,0.0,0.0
Hum_XLOC_002028,HAP1,0.0,0.0
Hum_XLOC_002033,HAP1,0.0,0.040581998310931316
Hum_XLOC_002036,HAP1,0.0,0.03890393618012786
Hum_XLOC_002037,HAP1,0.0,0.07590098459506034
Hum_XLOC_002041,HAP1,0.0,0.0
Hum_XLOC_002059,HAP1,0.0,0.08400652571455801
Hum_XLOC_002061,HAP1,0.0,0.08013612474138908
Hum_XLOC_002068,HAP1,0.0,0.0
Hum_XLOC_002081,HAP1,0.0,0.04241780270815641
Hum_XLOC_002093,HAP1,0.0,0.038950054626689413
Hum_XLOC_002099,HAP1,0.0,0.11596117734559767
Hum_XLOC_002144,HAP1,0.0,0.04048441323685629
Hum_XLOC_002150,HAP1,0.0,0.04163222559083936
Hum_XLOC_002152,HAP1,0.0,0.03901568978323816
Hum_XLOC_002154,HAP1,0.0,0.040815980721230334
Hum_XLOC_002169,HAP1,0.0,0.04043816338032793
Hum_XLOC_002170,HAP1,0.0,0.041234552916865785
Hum_XLOC_002176,HAP1,0.0,0.07839522955306424
Hum_XLOC_002178,HAP1,0.0,0.0
Hum_XLOC_002186,HAP1,1.0,0.03948885235865763
Hum_XLOC_002204,HAP1,0.0,0.04139018935469663
Hum_XLOC_002205,HAP1,0.0,0.07867397385417996
Hum_XLOC_002219,HAP1,0.0,0.0
Hum_XLOC_002244,HAP1,0.0,0.0
Hum_XLOC_002252,HAP1,0.0,0.11698140758404027
Hum_XLOC_002261,HAP1,0.0,0.03988115646894784
Hum_XLOC_002262,HAP1,0.0,0.0
Hum_XLOC_002265,HAP1,0.0,0.0788325226839623
Hum_XLOC_002271,HAP1,0.0,0.0
Hum_XLOC_002280,HAP1,0.0,0.0800729980746229
Hum_XLOC_002282,HAP1,1.0,0.0774862795202203
Hum_XLOC_002283,HAP1,0.0,0.03852657916830867
Hum_XLOC_002284,HAP1,0.0,0.07858526405939222
Hum_XLOC_002294,HAP1,0.0,0.0770826960286308
Hum_XLOC_002296,HAP1,0.0,0.0
Hum_XLOC_002299,HAP1,0.0,0.08174115517355159
Hum_XLOC_002301,HAP1,0.0,0.04016178644842708
Hum_XLOC_002306,HAP1,0.0,0.04058323122924749
Hum_XLOC_002311,HAP1,0.0,0.040001464266498886
Hum_XLOC_002313,HAP1,1.0,0.0
Hum_XLOC_002314,HAP1,1.0,0.03879254344962492
Hum_XLOC_002327,HAP1,0.0,0.03864581672233467
Hum_XLOC_002330,HAP1,0.0,0.0
Hum_XLOC_002338,HAP1,0.0,0.12081715097955041
Hum_XLOC_002344,HAP1,0.0,0.03810352391505736
Hum_XLOC_002347,HAP1,0.0,0.0
Hum_XLOC_002348,HAP1,0.0,0.04095302407945914
Hum_XLOC_002362,HAP1,0.0,0.0
Hum_XLOC_002364,HAP1,0.0,0.0
Hum_XLOC_002383,HAP1,0.0,0.0
Hum_XLOC_002386,HAP1,0.0,0.0
Hum_XLOC_002390,HAP1,0.0,0.0792410468533198
Hum_XLOC_002394,HAP1,0.0,0.04026776919935766
Hum_XLOC_002398,HAP1,0.0,0.04112389588305699
Hum_XLOC_002399,HAP1,0.0,0.0
Hum_XLOC_002408,HAP1,0.0,0.0
Hum_XLOC_002414,HAP1,0.0,0.040999560524557055
Hum_XLOC_002418,HAP1,0.0,0.03988081231240492
Hum_XLOC_002435,HAP1,1.0,0.08000477661848296
Hum_XLOC_002440,HAP1,0.0,0.0
Hum_XLOC_002489,HAP1,0.0,0.08140830623392381
Hum_XLOC_002490,HAP1,0.0,0.0
Hum_XLOC_002493,HAP1,0.0,0.03973068226585741
Hum_XLOC_002520,HAP1,0.0,0.0
Hum_XLOC_002524,HAP1,0.0,0.039877036740227786
Hum_XLOC_002546,HAP1,0.0,0.03812209182653345
Hum_XLOC_002560,HAP1,0.0,0.03761393161297255
Hum_XLOC_002570,HAP1,0.0,0.0
Hum_XLOC_002577,HAP1,0.0,0.03645964682175726
Hum_XLOC_002579,HAP1,0.0,0.04075264706602879
Hum_XLOC_002586,HAP1,0.0,0.0
Hum_XLOC_002589,HAP1,0.0,0.03891929215899101
Hum_XLOC_002629,HAP1,0.0,0.0
Hum_XLOC_002631,HAP1,0.0,0.03725000491858131
Hum_XLOC_002635,HAP1,0.0,0.04022925608809479
Hum_XLOC_002644,HAP1,0.0,0.03891499720101546
Hum_XLOC_002646,HAP1,0.0,0.0
Hum_XLOC_002653,HAP1,0.0,0.04111194590479494
Hum_XLOC_002681,HAP1,0.0,0.0
Hum_XLOC_002695,HAP1,0.0,0.03925138292206144
Hum_XLOC_002702,HAP1,0.0,0.0
Hum_XLOC_002705,HAP1,0.0,0.0
Hum_XLOC_002711,HAP1,0.0,0.03895376127720705
Hum_XLOC_002714,HAP1,0.0,0.0
Hum_XLOC_002717,HAP1,0.0,0.07664576836126556
Hum_XLOC_002725,HAP1,0.0,0.038771595088802936
Hum_XLOC_002741,HAP1,0.0,0.1195960394694924
Hum_XLOC_002742,HAP1,1.0,0.03991304952962429
Hum_XLOC_002744,HAP1,0.0,0.0
Hum_XLOC_002760,HAP1,0.0,0.0
Hum_XLOC_002788,HAP1,0.0,0.0437362443804575
Hum_XLOC_002792,HAP1,0.0,0.07992178594553342
Hum_XLOC_002796,HAP1,0.0,0.0
Hum_XLOC_002817,HAP1,0.0,0.0
Hum_XLOC_002836,HAP1,1.0,0.11780039488273367
Hum_XLOC_002844,HAP1,0.0,0.0
Hum_XLOC_002845,HAP1,0.0,0.041514337130025926
Hum_XLOC_002859,HAP1,0.0,0.0
Hum_XLOC_002889,HAP1,0.0,0.0
Hum_XLOC_002911,HAP1,0.0,0.0768688416103228
Hum_XLOC_002935,HAP1,0.0,0.04561411453508928
Hum_XLOC_002937,HAP1,0.0,0.07932164648186621
Hum_XLOC_002967,HAP1,0.0,0.0
Hum_XLOC_002983,HAP1,0.0,0.044551921715760584
Hum_XLOC_002986,HAP1,0.0,0.0
Hum_XLOC_002990,HAP1,0.0,0.040838232310345945
Hum_XLOC_003039,HAP1,0.0,0.079793095685789
Hum_XLOC_003061,HAP1,0.0,0.0
Hum_XLOC_003086,HAP1,0.0,0.0
Hum_XLOC_003099,HAP1,0.0,0.0
Hum_XLOC_003109,HAP1,0.0,0.03934608238947754
Hum_XLOC_003128,HAP1,0.0,0.08148585435748834
Hum_XLOC_003134,HAP1,0.0,0.11587218874233114
Hum_XLOC_003137,HAP1,0.0,0.0
Hum_XLOC_003154,HAP1,0.0,0.11913142249552748
Hum_XLOC_003155,HAP1,0.0,0.038263127416888025
Hum_XLOC_003171,HAP1,0.0,0.0
Hum_XLOC_003209,HAP1,0.0,0.0
Hum_XLOC_003215,HAP1,0.0,0.04094081405182298
Hum_XLOC_003221,HAP1,0.0,0.037866858177684495
Hum_XLOC_003232,HAP1,0.0,0.08254596999312443
Hum_XLOC_003268,HAP1,1.0,0.0395410169232875
Hum_XLOC_003269,HAP1,0.0,0.0
Hum_XLOC_003286,HAP1,0.0,0.041268312754494677
Hum_XLOC_003290,HAP1,0.0,0.0409089989917594
Hum_XLOC_003294,HAP1,0.0,0.0
Hum_XLOC_003321,HAP1,0.0,0.03946879054476434
Hum_XLOC_003324,HAP1,0.0,0.040223121679316236
Hum_XLOC_003334,HAP1,0.0,0.041175792605525216
Hum_XLOC_003337,HAP1,0.0,0.03956230202356937
Hum_XLOC_003338,HAP1,0.0,0.0
Hum_XLOC_003352,HAP1,0.0,0.03704686744868589
Hum_XLOC_003357,HAP1,0.0,0.0
Hum_XLOC_003361,HAP1,0.0,0.07859351764238397
Hum_XLOC_003371,HAP1,0.0,0.04081506413588237
Hum_XLOC_003381,HAP1,0.0,0.0
Hum_XLOC_003408,HAP1,0.0,0.03904287184729299
Hum_XLOC_003436,HAP1,0.0,0.0
Hum_XLOC_003440,HAP1,0.0,0.0
Hum_XLOC_003450,HAP1,0.0,0.0
Hum_XLOC_003466,HAP1,0.0,0.08388658153589922
Hum_XLOC_003488,HAP1,0.0,0.08031345649970566
Hum_XLOC_003491,HAP1,0.0,0.11945429604824492
Hum_XLOC_003497,HAP1,0.0,0.0
Hum_XLOC_003498,HAP1,0.0,0.0
Hum_XLOC_003502,HAP1,0.0,0.03928965428308254
Hum_XLOC_003518,HAP1,0.0,0.12516587204890495
Hum_XLOC_003532,HAP1,0.0,0.03876935068918253
Hum_XLOC_003543,HAP1,0.0,0.0
Hum_XLOC_003554,HAP1,1.0,0.04771786978711436
Hum_XLOC_003563,HAP1,0.0,0.04469017981378264
Hum_XLOC_003567,HAP1,0.0,0.0
Hum_XLOC_003568,HAP1,0.0,0.0
Hum_XLOC_003570,HAP1,0.0,0.040252513670883686
Hum_XLOC_003571,HAP1,0.0,0.0
Hum_XLOC_003593,HAP1,0.0,0.03965898032805728
Hum_XLOC_003594,HAP1,0.0,0.03889813378981237
Hum_XLOC_003598,HAP1,0.0,0.0
Hum_XLOC_003626,HAP1,0.0,0.03872239824694116
Hum_XLOC_003628,HAP1,0.0,0.08733348706630999
Hum_XLOC_003630,HAP1,0.0,0.08052639983713886
Hum_XLOC_003641,HAP1,0.0,0.08022664828695406
Hum_XLOC_003662,HAP1,0.0,0.0
Hum_XLOC_003665,HAP1,0.0,0.11712096924562697
Hum_XLOC_003672,HAP1,0.0,0.0
Hum_XLOC_003673,HAP1,0.0,0.0
Hum_XLOC_003674,HAP1,0.0,0.04031358802820212
Hum_XLOC_003676,HAP1,0.0,0.11689818785744689
Hum_XLOC_003686,HAP1,0.0,0.11931344084181818
Hum_XLOC_003697,HAP1,0.0,0.0
Hum_XLOC_003717,HAP1,0.0,0.0
Hum_XLOC_003725,HAP1,0.0,0.04004690631470687
Hum_XLOC_003743,HAP1,0.0,0.03871317098876448
Hum_XLOC_003754,HAP1,0.0,0.04061877169674936
Hum_XLOC_003766,HAP1,0.0,0.04044891146150675
Hum_XLOC_003775,HAP1,0.0,0.037110144036971625
Hum_XLOC_003790,HAP1,0.0,0.045681806795279535
Hum_XLOC_003799,HAP1,0.0,0.0
Hum_XLOC_003853,HAP1,0.0,0.0
Hum_XLOC_003865,HAP1,0.0,0.04077399785275542
Hum_XLOC_003871,HAP1,0.0,0.03880069600831039
Hum_XLOC_003891,HAP1,0.0,0.039459668818066194
Hum_XLOC_003892,HAP1,0.0,0.12133089344286087
Hum_XLOC_003910,HAP1,0.0,0.03905579208655831
Hum_XLOC_003911,HAP1,0.0,0.03926534619491704
Hum_XLOC_003952,HAP1,0.0,0.0
Hum_XLOC_003971,HAP1,0.0,0.08044084093570901
Hum_XLOC_003988,HAP1,0.0,0.0839848910317022
Hum_XLOC_004020,HAP1,0.0,0.0
Hum_XLOC_004035,HAP1,0.0,0.0
Hum_XLOC_004036,HAP1,0.0,0.04126262403331982
Hum_XLOC_004048,HAP1,0.0,0.0
Hum_XLOC_004068,HAP1,0.0,0.0
Hum_XLOC_004069,HAP1,0.0,0.0
Hum_XLOC_004095,HAP1,0.0,0.03877278833179313
Hum_XLOC_004096,HAP1,0.0,0.0
Hum_XLOC_004116,HAP1,1.0,0.07949021968569789
Hum_XLOC_004123,HAP1,0.0,0.0
Hum_XLOC_004134,HAP1,0.0,0.0
Hum_XLOC_004161,HAP1,0.0,0.03894188483293308
Hum_XLOC_004168,HAP1,0.0,0.07887247712591805
Hum_XLOC_004169,HAP1,0.0,0.0
Hum_XLOC_004177,HAP1,0.0,0.0
Hum_XLOC_004200,HAP1,0.0,0.08196365814001157
Hum_XLOC_004201,HAP1,0.0,0.07943738730078688
Hum_XLOC_004219,HAP1,0.0,0.08144441127271247
Hum_XLOC_004226,HAP1,0.0,0.0
Hum_XLOC_004227,HAP1,0.0,0.0
Hum_XLOC_004236,HAP1,1.0,0.08150011354606768
Hum_XLOC_004254,HAP1,1.0,0.16021084732363797
Hum_XLOC_004255,HAP1,0.0,0.0829594128008966
Hum_XLOC_004262,HAP1,1.0,0.0
Hum_XLOC_004269,HAP1,0.0,0.0
Hum_XLOC_004277,HAP1,0.0,0.0
Hum_XLOC_004278,HAP1,0.0,0.0
Hum_XLOC_004282,HAP1,0.0,0.0
Hum_XLOC_004287,HAP1,0.0,0.08141691278434328
Hum_XLOC_004293,HAP1,0.0,0.0
Hum_XLOC_004302,HAP1,0.0,0.07740841674793554
Hum_XLOC_004303,HAP1,0.0,0.0
Hum_XLOC_004306,HAP1,0.0,0.040033541059214
Hum_XLOC_004309,HAP1,0.0,0.04243618923817347
Hum_XLOC_004314,HAP1,0.0,0.0
Hum_XLOC_004317,HAP1,0.0,0.0
Hum_XLOC_004336,HAP1,0.0,0.03955163691303489
Hum_XLOC_004343,HAP1,0.0,0.15560293620460228
Hum_XLOC_004350,HAP1,0.0,0.08226864019704504
Hum_XLOC_004361,HAP1,0.0,0.0
Hum_XLOC_004363,HAP1,0.0,0.0
Hum_XLOC_004401,HAP1,0.0,0.0
Hum_XLOC_004405,HAP1,1.0,0.03969520490417583
Hum_XLOC_004407,HAP1,0.0,0.0
Hum_XLOC_004424,HAP1,0.0,0.10454062523586931
Hum_XLOC_004437,HAP1,0.0,0.0
Hum_XLOC_004446,HAP1,0.0,0.039434388580435215
Hum_XLOC_004457,HAP1,0.0,0.08054636804053736
Hum_XLOC_004482,HAP1,0.0,0.15480191949519517
Hum_XLOC_004502,HAP1,0.0,0.03880762009702668
Hum_XLOC_004515,HAP1,0.0,0.0
Hum_XLOC_004529,HAP1,0.0,0.0
Hum_XLOC_004535,HAP1,0.0,0.0
Hum_XLOC_004553,HAP1,0.0,0.0
Hum_XLOC_004566,HAP1,0.0,0.038986327422426345
Hum_XLOC_004567,HAP1,0.0,0.03919473506036327
Hum_XLOC_004572,HAP1,0.0,0.039187633435338286
Hum_XLOC_004578,HAP1,0.0,0.0
Hum_XLOC_004580,HAP1,0.0,0.0
Hum_XLOC_004581,HAP1,0.0,0.03985207593870734
Hum_XLOC_004587,HAP1,0.0,0.03955538944449913
Hum_XLOC_004600,HAP1,0.0,0.0
Hum_XLOC_004601,HAP1,0.0,0.0
Hum_XLOC_004607,HAP1,0.0,0.0
Hum_XLOC_004617,HAP1,0.0,0.0
Hum_XLOC_004619,HAP1,0.0,0.0
Hum_XLOC_004620,HAP1,0.0,0.07954368883039543
Hum_XLOC_004632,HAP1,0.0,0.03734017344823008
Hum_XLOC_004636,HAP1,0.0,0.0
Hum_XLOC_004652,HAP1,0.0,0.0
Hum_XLOC_004653,HAP1,0.0,0.04159220602659331
Hum_XLOC_004657,HAP1,1.0,0.07431333998289026
Hum_XLOC_004661,HAP1,0.0,0.08399725019570696
Hum_XLOC_004683,HAP1,0.0,0.03938689674749846
Hum_XLOC_004684,HAP1,0.0,0.04282581373456885
Hum_XLOC_004688,HAP1,0.0,0.11942880189038116
Hum_XLOC_004689,HAP1,0.0,0.07996318866254354
Hum_XLOC_004705,HAP1,0.0,0.03980672319800742
Hum_XLOC_004717,HAP1,1.0,0.040438920004277006
Hum_XLOC_004718,HAP1,0.0,0.08019701763852671
Hum_XLOC_004733,HAP1,0.0,0.03906198030258842
Hum_XLOC_004741,HAP1,0.0,0.0
Hum_XLOC_004762,HAP1,0.0,0.0
Hum_XLOC_004771,HAP1,0.0,0.0818442393938242
Hum_XLOC_004777,HAP1,0.0,0.03744782077767187
Hum_XLOC_004788,HAP1,1.0,0.07848267511692199
Hum_XLOC_004791,HAP1,1.0,0.0
Hum_XLOC_004795,HAP1,0.0,0.03930230824209092
Hum_XLOC_004803,HAP1,0.0,0.0
Hum_XLOC_004805,HAP1,0.0,0.041694186007197244
Hum_XLOC_004813,HAP1,0.0,0.04101213247123422
Hum_XLOC_004815,HAP1,0.0,0.0826016831842042
Hum_XLOC_004822,HAP1,0.0,0.041130957396965824
Hum_XLOC_004823,HAP1,1.0,0.0
Hum_XLOC_004827,HAP1,0.0,0.0
Hum_XLOC_004837,HAP1,0.0,0.07720019174230479
Hum_XLOC_004839,HAP1,0.0,0.040186730188244986
Hum_XLOC_004855,HAP1,0.0,0.0
Hum_XLOC_004874,HAP1,0.0,0.0
Hum_XLOC_004875,HAP1,0.0,0.0409990979764249
Hum_XLOC_004878,HAP1,0.0,0.03788249612480423
Hum_XLOC_004884,HAP1,0.0,0.03811633806217642
Hum_XLOC_004911,HAP1,0.0,0.07833380404176417
Hum_XLOC_004915,HAP1,1.0,0.03956681423621171
Hum_XLOC_004927,HAP1,0.0,0.03936314495384269
Hum_XLOC_004929,HAP1,0.0,0.0
Hum_XLOC_004936,HAP1,0.0,0.03952266544001987
Hum_XLOC_004957,HAP1,0.0,0.0406850251062676
Hum_XLOC_004960,HAP1,0.0,0.040899086757607346
Hum_XLOC_004965,HAP1,0.0,0.0
Hum_XLOC_000006,HEK293FT,0.0,0.07902589864355306
Hum_XLOC_000008,HEK293FT,0.0,0.08470196944015819
Hum_XLOC_000016,HEK293FT,0.0,0.0
Hum_XLOC_000030,HEK293FT,0.0,0.0
Hum_XLOC_000033,HEK293FT,0.0,0.0
Hum_XLOC_000039,HEK293FT,0.0,0.039315463134094356
Hum_XLOC_000053,HEK293FT,0.0,0.03974266242823723
Hum_XLOC_000057,HEK293FT,0.0,0.07849947940058699
Hum_XLOC_000060,HEK293FT,0.0,0.04167376982956229
Hum_XLOC_000080,HEK293FT,0.0,0.1258923568648663
Hum_XLOC_000094,HEK293FT,0.0,0.03833358570657904
Hum_XLOC_000100,HEK293FT,1.0,0.08310847832123307
Hum_XLOC_000105,HEK293FT,0.0,0.0
Hum_XLOC_000107,HEK293FT,0.0,0.07926847067487852
Hum_XLOC_000111,HEK293FT,0.0,0.1205093197607967
Hum_XLOC_000134,HEK293FT,0.0,0.0
Hum_XLOC_000143,HEK293FT,0.0,0.07981807129784291
Hum_XLOC_000145,HEK293FT,0.0,0.03993623877647706
Hum_XLOC_000149,HEK293FT,0.0,0.039441429090187836
Hum_XLOC_000155,HEK293FT,0.0,0.08003196669423943
Hum_XLOC_000169,HEK293FT,0.0,0.11832698577454083
Hum_XLOC_000170,HEK293FT,0.0,0.038730316505678555
Hum_XLOC_000194,HEK293FT,0.0,0.0
Hum_XLOC_000201,HEK293FT,0.0,0.08038286313739401
Hum_XLOC_000231,HEK293FT,0.0,0.0
Hum_XLOC_000233,HEK293FT,0.0,0.07987277733026969
Hum_XLOC_000245,HEK293FT,1.0,0.1225368972617448
Hum_XLOC_000247,HEK293FT,0.0,0.0
Hum_XLOC_000248,HEK293FT,0.0,0.08324564564725644
Hum_XLOC_000265,HEK293FT,0.0,0.0
Hum_XLOC_000282,HEK293FT,0.0,0.08576935750513341
Hum_XLOC_000286,HEK293FT,0.0,0.12251979566640468
Hum_XLOC_000292,HEK293FT,0.0,0.041575406290004426
Hum_XLOC_000307,HEK293FT,0.0,0.0
Hum_XLOC_000308,HEK293FT,0.0,0.039669089693417876
Hum_XLOC_000312,HEK293FT,0.0,0.12283277976714738
Hum_XLOC_000314,HEK293FT,0.0,0.03844562021418322
Hum_XLOC_000317,HEK293FT,0.0,0.04012719194086837
Hum_XLOC_000319,HEK293FT,0.0,0.03966854129557593
Hum_XLOC_000332,HEK293FT,0.0,0.042030761834388156
Hum_XLOC_000338,HEK293FT,0.0,0.12214445064140697
Hum_XLOC_000342,HEK293FT,0.0,0.0
Hum_XLOC_000345,HEK293FT,0.0,0.0403890776703252
Hum_XLOC_000362,HEK293FT,0.0,0.038394166037270375
Hum_XLOC_000377,HEK293FT,0.0,0.0
Hum_XLOC_000390,HEK293FT,0.0,0.1595097073560657
Hum_XLOC_000394,HEK293FT,0.0,0.12357677726016318
Hum_XLOC_000411,HEK293FT,0.0,0.0
Hum_XLOC_000415,HEK293FT,0.0,0.0
Hum_XLOC_000430,HEK293FT,0.0,0.04036514189479979
Hum_XLOC_000436,HEK293FT,0.0,0.0
Hum_XLOC_000437,HEK293FT,0.0,0.08024750024647932
Hum_XLOC_000456,HEK293FT,1.0,0.19905299631674267
Hum_XLOC_000461,HEK293FT,0.0,0.07842660023175563
Hum_XLOC_000462,HEK293FT,0.0,0.0
Hum_XLOC_000465,HEK293FT,0.0,0.038977664938677666
Hum_XLOC_000472,HEK293FT,0.0,0.08021037223625858
Hum_XLOC_000474,HEK293FT,0.0,0.04073305773374338
Hum_XLOC_000478,HEK293FT,0.0,0.1685453742995941
Hum_XLOC_000486,HEK293FT,0.0,0.07954240919314604
Hum_XLOC_000490,HEK293FT,0.0,0.0
Hum_XLOC_000498,HEK293FT,0.0,0.1234389610061781
Hum_XLOC_000500,HEK293FT,0.0,0.0
Hum_XLOC_000510,HEK293FT,0.0,0.08209214804630009
Hum_XLOC_000535,HEK293FT,0.0,0.12134737828539371
Hum_XLOC_000540,HEK293FT,0.0,0.0
Hum_XLOC_000556,HEK293FT,0.0,0.07945182004458953
Hum_XLOC_000574,HEK293FT,0.0,0.04143120205303201
Hum_XLOC_000575,HEK293FT,0.0,0.12408475017295142
Hum_XLOC_000582,HEK293FT,0.0,0.0807477151293146
Hum_XLOC_000590,HEK293FT,0.0,0.08190194593783891
Hum_XLOC_000601,HEK293FT,0.0,0.16112852871413014
Hum_XLOC_000604,HEK293FT,0.0,0.037657574171208824
Hum_XLOC_000608,HEK293FT,1.0,0.1669790466829464
Hum_XLOC_000612,HEK293FT,0.0,0.038340612817365866
Hum_XLOC_000636,HEK293FT,0.0,0.0
Hum_XLOC_000638,HEK293FT,0.0,0.039825488836806665
Hum_XLOC_000641,HEK293FT,0.0,0.12394645050162582
Hum_XLOC_000655,HEK293FT,1.0,0.03953114685704158
Hum_XLOC_000668,HEK293FT,0.0,0.03924667305131551
Hum_XLOC_000680,HEK293FT,0.0,0.08124493129036454
Hum_XLOC_000681,HEK293FT,0.0,0.0
Hum_XLOC_000695,HEK293FT,0.0,0.12093614476616507
Hum_XLOC_000702,HEK293FT,0.0,0.11822059507171331
Hum_XLOC_000726,HEK293FT,0.0,0.0799172509669718
Hum_XLOC_000727,HEK293FT,0.0,0.04015665409620018
Hum_XLOC_000758,HEK293FT,0.0,0.040346578123406564
Hum_XLOC_000773,HEK293FT,0.0,0.07925661235460071
Hum_XLOC_000774,HEK293FT,0.0,0.08599231136799096
Hum_XLOC_000797,HEK293FT,0.0,0.0
Hum_XLOC_000799,HEK293FT,0.0,0.0
Hum_XLOC_000800,HEK293FT,0.0,0.04205371103009488
Hum_XLOC_000807,HEK293FT,0.0,0.03943896454850182
Hum_XLOC_000818,HEK293FT,1.0,0.0
Hum_XLOC_000828,HEK293FT,0.0,0.03933175335359655
Hum_XLOC_000831,HEK293FT,0.0,0.0
Hum_XLOC_000835,HEK293FT,0.0,0.0
Hum_XLOC_000840,HEK293FT,0.0,0.03994239241941281
Hum_XLOC_000841,HEK293FT,1.0,0.03935732374056419
Hum_XLOC_000842,HEK293FT,0.0,0.08037168220506984
Hum_XLOC_000854,HEK293FT,0.0,0.0
Hum_XLOC_000855,HEK293FT,0.0,0.12436923992500115
Hum_XLOC_000883,HEK293FT,0.0,0.0
Hum_XLOC_000885,HEK293FT,0.0,0.0
Hum_XLOC_000905,HEK293FT,0.0,0.1186806293519186
Hum_XLOC_000917,HEK293FT,0.0,0.04026496190820001
Hum_XLOC_000925,HEK293FT,0.0,0.08224333208247736
Hum_XLOC_000944,HEK293FT,0.0,0.0
Hum_XLOC_000949,HEK293FT,0.0,0.0
Hum_XLOC_000953,HEK293FT,0.0,0.07804132768307256
Hum_XLOC_000964,HEK293FT,0.0,0.040620258084550796
Hum_XLOC_000990,HEK293FT,0.0,0.0
Hum_XLOC_000994,HEK293FT,0.0,0.0389436072370758
Hum_XLOC_001020,HEK293FT,0.0,0.0
Hum_XLOC_001029,HEK293FT,0.0,0.03899555806282046
Hum_XLOC_001066,HEK293FT,0.0,0.07895486393405983
Hum_XLOC_001120,HEK293FT,0.0,0.0783744877811736
Hum_XLOC_001121,HEK293FT,0.0,0.0
Hum_XLOC_001122,HEK293FT,0.0,0.162612664849704
Hum_XLOC_001125,HEK293FT,0.0,0.081122164194931
Hum_XLOC_001132,HEK293FT,0.0,0.0
Hum_XLOC_001138,HEK293FT,0.0,0.04021840114594533
Hum_XLOC_001144,HEK293FT,0.0,0.041579510332413555
Hum_XLOC_001146,HEK293FT,0.0,0.07929659892137164
Hum_XLOC_001188,HEK293FT,0.0,0.08023757802318042
Hum_XLOC_001191,HEK293FT,0.0,0.0
Hum_XLOC_001192,HEK293FT,0.0,0.0
Hum_XLOC_001217,HEK293FT,0.0,0.07834245225628944
Hum_XLOC_001222,HEK293FT,0.0,0.04106913228676819
Hum_XLOC_001228,HEK293FT,0.0,0.03911258472140829
Hum_XLOC_001230,HEK293FT,0.0,0.0792888800816134
Hum_XLOC_001237,HEK293FT,0.0,0.0
Hum_XLOC_001243,HEK293FT,0.0,0.162838322534755
Hum_XLOC_001275,HEK293FT,0.0,0.0
Hum_XLOC_001279,HEK293FT,0.0,0.08172926271097955
Hum_XLOC_001291,HEK293FT,0.0,0.0
Hum_XLOC_001296,HEK293FT,0.0,0.0
Hum_XLOC_001297,HEK293FT,0.0,0.0
Hum_XLOC_001309,HEK293FT,0.0,0.0
Hum_XLOC_001329,HEK293FT,0.0,0.0
Hum_XLOC_001330,HEK293FT,0.0,0.08070860842313453
Hum_XLOC_001355,HEK293FT,0.0,0.11991347711109805
Hum_XLOC_001366,HEK293FT,0.0,0.07416972723755608
Hum_XLOC_001367,HEK293FT,0.0,0.11848790242605634
Hum_XLOC_001375,HEK293FT,0.0,0.0
Hum_XLOC_001390,HEK293FT,0.0,0.040230830985257315
Hum_XLOC_001405,HEK293FT,0.0,0.0
Hum_XLOC_001461,HEK293FT,0.0,0.03943471189423663
Hum_XLOC_001465,HEK293FT,0.0,0.03875946444838461
Hum_XLOC_001488,HEK293FT,0.0,0.040247008001166186
Hum_XLOC_001490,HEK293FT,0.0,0.038835070460681596
Hum_XLOC_001509,HEK293FT,0.0,0.11980886520505192
Hum_XLOC_001516,HEK293FT,0.0,0.08172381677028155
Hum_XLOC_001532,HEK293FT,0.0,0.15923321034827206
Hum_XLOC_001539,HEK293FT,0.0,0.0
Hum_XLOC_001541,HEK293FT,0.0,0.04145444680888639
Hum_XLOC_001542,HEK293FT,0.0,0.0
Hum_XLOC_001548,HEK293FT,0.0,0.0404239344090442
Hum_XLOC_001559,HEK293FT,0.0,0.03789128307460163
Hum_XLOC_001565,HEK293FT,0.0,0.04095598191909766
Hum_XLOC_001566,HEK293FT,0.0,0.0
Hum_XLOC_001575,HEK293FT,0.0,0.0
Hum_XLOC_001580,HEK293FT,0.0,0.0
Hum_XLOC_001590,HEK293FT,0.0,0.07959849071592387
Hum_XLOC_001615,HEK293FT,0.0,0.040854430190457695
Hum_XLOC_001624,HEK293FT,0.0,0.036922078147790235
Hum_XLOC_001639,HEK293FT,0.0,0.03942301033702374
Hum_XLOC_001661,HEK293FT,0.0,0.03907769901786587
Hum_XLOC_001666,HEK293FT,0.0,0.03630801808556194
Hum_XLOC_001668,HEK293FT,0.0,0.03970239024513594
Hum_XLOC_001688,HEK293FT,0.0,0.0397704650950465
Hum_XLOC_001689,HEK293FT,0.0,0.0
Hum_XLOC_001695,HEK293FT,0.0,0.07541406679165608
Hum_XLOC_001696,HEK293FT,0.0,0.0
Hum_XLOC_001698,HEK293FT,0.0,0.11884326830515653
Hum_XLOC_001707,HEK293FT,0.0,0.041394544380708984
Hum_XLOC_001760,HEK293FT,0.0,0.0
Hum_XLOC_001761,HEK293FT,0.0,0.12267743188983635
Hum_XLOC_001773,HEK293FT,0.0,0.12296959664882447
Hum_XLOC_001775,HEK293FT,0.0,0.0
Hum_XLOC_001779,HEK293FT,0.0,0.03858269092267298
Hum_XLOC_001783,HEK293FT,0.0,0.08324608676599388
Hum_XLOC_001791,HEK293FT,0.0,0.0
Hum_XLOC_001805,HEK293FT,0.0,0.08055433862099301
Hum_XLOC_001809,HEK293FT,0.0,0.04162936851566797
Hum_XLOC_001848,HEK293FT,0.0,0.08238149537789236
Hum_XLOC_001919,HEK293FT,0.0,0.0
Hum_XLOC_001941,HEK293FT,0.0,0.19682474132875077
Hum_XLOC_001942,HEK293FT,0.0,0.03974378115260445
Hum_XLOC_001949,HEK293FT,0.0,0.03878333258285534
Hum_XLOC_001950,HEK293FT,0.0,0.042776139811216994
Hum_XLOC_001953,HEK293FT,0.0,0.039128973628500166
Hum_XLOC_001957,HEK293FT,0.0,0.039051276795623396
Hum_XLOC_001961,HEK293FT,0.0,0.07909474326665834
Hum_XLOC_001969,HEK293FT,0.0,0.08501679362790894
Hum_XLOC_002024,HEK293FT,0.0,0.0
Hum_XLOC_002028,HEK293FT,0.0,0.07846858657378003
Hum_XLOC_002033,HEK293FT,0.0,0.039791308173312126
Hum_XLOC_002036,HEK293FT,0.0,0.0
Hum_XLOC_002037,HEK293FT,0.0,0.0
Hum_XLOC_002041,HEK293FT,0.0,0.0380958766075457
Hum_XLOC_002059,HEK293FT,0.0,0.0
Hum_XLOC_002061,HEK293FT,0.0,0.0
Hum_XLOC_002068,HEK293FT,0.0,0.03804443486856693
Hum_XLOC_002081,HEK293FT,0.0,0.08329145154288728
Hum_XLOC_002093,HEK293FT,0.0,0.0401434641530856
Hum_XLOC_002099,HEK293FT,0.0,0.0819513932815073
Hum_XLOC_002144,HEK293FT,0.0,0.07980339636096385
Hum_XLOC_002150,HEK293FT,0.0,0.04314578460398073
Hum_XLOC_002152,HEK293FT,0.0,0.04039852472388512
Hum_XLOC_002154,HEK293FT,0.0,0.0
Hum_XLOC_002169,HEK293FT,1.0,0.08272563702638121
Hum_XLOC_002170,HEK293FT,0.0,0.0
Hum_XLOC_002176,HEK293FT,0.0,0.03923544689429332
Hum_XLOC_002178,HEK293FT,0.0,0.12284910986249713
Hum_XLOC_002186,HEK293FT,0.0,0.0
Hum_XLOC_002204,HEK293FT,1.0,0.0
Hum_XLOC_002205,HEK293FT,1.0,0.0
Hum_XLOC_002219,HEK293FT,1.0,0.03901566634413589
Hum_XLOC_002244,HEK293FT,0.0,0.039713934394791754
Hum_XLOC_002252,HEK293FT,0.0,0.07847975572873639
Hum_XLOC_002261,HEK293FT,0.0,0.0
Hum_XLOC_002262,HEK293FT,0.0,0.0
Hum_XLOC_002265,HEK293FT,0.0,0.0
Hum_XLOC_002271,HEK293FT,0.0,0.11701482908003347
Hum_XLOC_002280,HEK293FT,0.0,0.0388892140336121
Hum_XLOC_002282,HEK293FT,0.0,0.1164937253750212
Hum_XLOC_002283,HEK293FT,0.0,0.041010820614950996
Hum_XLOC_002284,HEK293FT,0.0,0.038790434890626446
Hum_XLOC_002294,HEK293FT,0.0,0.0
Hum_XLOC_002296,HEK293FT,0.0,0.0393427970505941
Hum_XLOC_002299,HEK293FT,0.0,0.0
Hum_XLOC_002301,HEK293FT,0.0,0.07664781448778578
Hum_XLOC_002306,HEK293FT,0.0,0.0
Hum_XLOC_002311,HEK293FT,1.0,0.0
Hum_XLOC_002313,HEK293FT,0.0,0.039370993108095616
Hum_XLOC_002314,HEK293FT,0.0,0.0
Hum_XLOC_002327,HEK293FT,0.0,0.042006474050401504
Hum_XLOC_002330,HEK293FT,0.0,0.07747779472515512
Hum_XLOC_002338,HEK293FT,0.0,0.0
Hum_XLOC_002344,HEK293FT,0.0,0.0
Hum_XLOC_002347,HEK293FT,0.0,0.0
Hum_XLOC_002348,HEK293FT,0.0,0.04271936750326353
Hum_XLOC_002362,HEK293FT,0.0,0.03892071798630266
Hum_XLOC_002364,HEK293FT,0.0,0.0
Hum_XLOC_002383,HEK293FT,0.0,0.04300435350104585
Hum_XLOC_002386,HEK293FT,0.0,0.04013057919931537
Hum_XLOC_002390,HEK293FT,0.0,0.08207595106876696
Hum_XLOC_002394,HEK293FT,0.0,0.12098564127808262
Hum_XLOC_002398,HEK293FT,0.0,0.0
Hum_XLOC_002399,HEK293FT,0.0,0.079730187489492
Hum_XLOC_002408,HEK293FT,0.0,0.08166000031556406
Hum_XLOC_002414,HEK293FT,0.0,0.03972639529013047
Hum_XLOC_002418,HEK293FT,0.0,0.038780564261890596
Hum_XLOC_002435,HEK293FT,0.0,0.0
Hum_XLOC_002440,HEK293FT,1.0,0.04188180453163531
Hum_XLOC_002489,HEK293FT,0.0,0.07533327452496116
Hum_XLOC_002490,HEK293FT,0.0,0.07712048975415833
Hum_XLOC_002493,HEK293FT,0.0,0.03851946346819358
Hum_XLOC_002520,HEK293FT,0.0,0.0
Hum_XLOC_002524,HEK293FT,0.0,0.045598069107215276
Hum_XLOC_002546,HEK293FT,0.0,0.0
Hum_XLOC_002560,HEK293FT,0.0,0.0
Hum_XLOC_002570,HEK293FT,0.0,0.0
Hum_XLOC_002577,HEK293FT,0.0,0.11455168353166421
Hum_XLOC_002579,HEK293FT,0.0,0.07896117021308127
Hum_XLOC_002586,HEK293FT,0.0,0.0
Hum_XLOC_002589,HEK293FT,0.0,0.11801946535486185
Hum_XLOC_002629,HEK293FT,0.0,0.08087800610325337
Hum_XLOC_002631,HEK293FT,0.0,0.037372739070721084
Hum_XLOC_002635,HEK293FT,0.0,0.16113082371900933
Hum_XLOC_002644,HEK293FT,0.0,0.038560789660252406
Hum_XLOC_002646,HEK293FT,0.0,0.03920083356610987
Hum_XLOC_002653,HEK293FT,0.0,0.081635040572465
Hum_XLOC_002681,HEK293FT,0.0,0.03882032613152731
Hum_XLOC_002695,HEK293FT,0.0,0.0400323265134269
Hum_XLOC_002702,HEK293FT,0.0,0.08149196429836
Hum_XLOC_002705,HEK293FT,0.0,0.08073552336849317
Hum_XLOC_002711,HEK293FT,0.0,0.07735972091128014
Hum_XLOC_002714,HEK293FT,0.0,0.03882269064951535
Hum_XLOC_002717,HEK293FT,0.0,0.0
Hum_XLOC_002725,HEK293FT,0.0,0.04362909950940422
Hum_XLOC_002741,HEK293FT,0.0,0.07917581691419191
Hum_XLOC_002742,HEK293FT,0.0,0.07962234672618013
Hum_XLOC_002744,HEK293FT,0.0,0.0
Hum_XLOC_002760,HEK293FT,0.0,0.03958692821808963
Hum_XLOC_002788,HEK293FT,0.0,0.0
Hum_XLOC_002792,HEK293FT,1.0,0.12189449644099376
Hum_XLOC_002796,HEK293FT,0.0,0.03863512525560131
Hum_XLOC_002817,HEK293FT,0.0,0.07822746452664842
Hum_XLOC_002836,HEK293FT,0.0,0.04122120031562176
Hum_XLOC_002844,HEK293FT,1.0,0.0
Hum_XLOC_002845,HEK293FT,0.0,0.08227079550895182
Hum_XLOC_002859,HEK293FT,0.0,0.04401677033507308
Hum_XLOC_002889,HEK293FT,0.0,0.08053018913230446
Hum_XLOC_002911,HEK293FT,0.0,0.0377211185186523
Hum_XLOC_002935,HEK293FT,0.0,0.0
Hum_XLOC_002937,HEK293FT,0.0,0.07835779789140389
Hum_XLOC_002967,HEK293FT,0.0,0.03833950392991501
Hum_XLOC_002983,HEK293FT,0.0,0.04385991493868614
Hum_XLOC_002986,HEK293FT,0.0,0.07704929386507964
Hum_XLOC_002990,HEK293FT,0.0,0.07938725284521096
Hum_XLOC_003039,HEK293FT,0.0,0.04211136545615442
Hum_XLOC_003061,HEK293FT,0.0,0.04215442963227692
Hum_XLOC_003086,HEK293FT,0.0,0.07909225442439338
Hum_XLOC_003099,HEK293FT,0.0,0.04049085012076799
Hum_XLOC_003109,HEK293FT,0.0,0.07981501980837914
Hum_XLOC_003128,HEK293FT,0.0,0.03874152633005926
Hum_XLOC_003134,HEK293FT,0.0,0.0
Hum_XLOC_003137,HEK293FT,0.0,0.0
Hum_XLOC_003154,HEK293FT,0.0,0.0
Hum_XLOC_003155,HEK293FT,0.0,0.0832231127483309
Hum_XLOC_003171,HEK293FT,0.0,0.0
Hum_XLOC_003209,HEK293FT,0.0,0.039928196938777645
Hum_XLOC_003215,HEK293FT,0.0,0.04210216436589101
Hum_XLOC_003221,HEK293FT,0.0,0.11893623768227503
Hum_XLOC_003232,HEK293FT,0.0,0.07868809401775202
Hum_XLOC_003268,HEK293FT,0.0,0.08216061969381173
Hum_XLOC_003269,HEK293FT,0.0,0.08149191346095246
Hum_XLOC_003286,HEK293FT,0.0,0.08221367008080055
Hum_XLOC_003290,HEK293FT,0.0,0.041122754397976996
Hum_XLOC_003294,HEK293FT,0.0,0.11753570193625304
Hum_XLOC_003321,HEK293FT,0.0,0.039833735900201825
Hum_XLOC_003324,HEK293FT,0.0,0.0
Hum_XLOC_003334,HEK293FT,0.0,0.08194031989391568
Hum_XLOC_003337,HEK293FT,0.0,0.07671992916015218
Hum_XLOC_003338,HEK293FT,0.0,0.03833560826946155
Hum_XLOC_003352,HEK293FT,0.0,0.07860632409317334
Hum_XLOC_003357,HEK293FT,0.0,0.04013098040004745
Hum_XLOC_003361,HEK293FT,0.0,0.03933654053392896
Hum_XLOC_003371,HEK293FT,0.0,0.04100324133549434
Hum_XLOC_003381,HEK293FT,0.0,0.039758284998780265
Hum_XLOC_003408,HEK293FT,0.0,0.0
Hum_XLOC_003436,HEK293FT,0.0,0.04023726142354761
Hum_XLOC_003440,HEK293FT,0.0,0.0
Hum_XLOC_003450,HEK293FT,0.0,0.07967039201017931
Hum_XLOC_003466,HEK293FT,0.0,0.03930599570042916
Hum_XLOC_003488,HEK293FT,0.0,0.0
Hum_XLOC_003491,HEK293FT,0.0,0.04027746444049599
Hum_XLOC_003497,HEK293FT,0.0,0.1221708377246804
Hum_XLOC_003498,HEK293FT,0.0,0.038808906953841975
Hum_XLOC_003502,HEK293FT,0.0,0.03929753222755457
Hum_XLOC_003518,HEK293FT,0.0,0.08512997242176484
Hum_XLOC_003532,HEK293FT,0.0,0.07862165340414227
Hum_XLOC_003543,HEK293FT,0.0,0.0427163354335011
Hum_XLOC_003554,HEK293FT,0.0,0.0363857474512128
Hum_XLOC_003563,HEK293FT,0.0,0.040259455859282395
Hum_XLOC_003567,HEK293FT,0.0,0.08369274161541634
Hum_XLOC_003568,HEK293FT,1.0,0.0
Hum_XLOC_003570,HEK293FT,0.0,0.0
Hum_XLOC_003571,HEK293FT,0.0,0.0400888456967917
Hum_XLOC_003593,HEK293FT,0.0,0.0
Hum_XLOC_003594,HEK293FT,0.0,0.0835858521188281
Hum_XLOC_003598,HEK293FT,0.0,0.0
Hum_XLOC_003626,HEK293FT,0.0,0.03906663870163048
Hum_XLOC_003628,HEK293FT,0.0,0.04256775496903206
Hum_XLOC_003630,HEK293FT,0.0,0.08164343348865843
Hum_XLOC_003641,HEK293FT,0.0,0.04154185732025645
Hum_XLOC_003662,HEK293FT,0.0,0.03767023366959374
Hum_XLOC_003665,HEK293FT,0.0,0.03971879534204407
Hum_XLOC_003672,HEK293FT,0.0,0.07839616952514958
Hum_XLOC_003673,HEK293FT,0.0,0.1204414651456747
Hum_XLOC_003674,HEK293FT,0.0,0.04103404141310477
Hum_XLOC_003676,HEK293FT,0.0,0.0
Hum_XLOC_003686,HEK293FT,0.0,0.0814718583576602
Hum_XLOC_003697,HEK293FT,0.0,0.16627645497686805
Hum_XLOC_003717,HEK293FT,0.0,0.11747963735949087
Hum_XLOC_003725,HEK293FT,0.0,0.12162527896107929
Hum_XLOC_003743,HEK293FT,0.0,0.040523571501424084
Hum_XLOC_003754,HEK293FT,0.0,0.04062638581695995
Hum_XLOC_003766,HEK293FT,0.0,0.04096494398992325
Hum_XLOC_003775,HEK293FT,0.0,0.0
Hum_XLOC_003790,HEK293FT,0.0,0.042121013232813344
Hum_XLOC_003799,HEK293FT,0.0,0.03814180339865473
Hum_XLOC_003853,HEK293FT,0.0,0.12814807313851
Hum_XLOC_003865,HEK293FT,0.0,0.1609908526535502
Hum_XLOC_003871,HEK293FT,0.0,0.11810053042888735
Hum_XLOC_003891,HEK293FT,0.0,0.03895956688224956
Hum_XLOC_003892,HEK293FT,0.0,0.037281336339884556
Hum_XLOC_003910,HEK293FT,0.0,0.0
Hum_XLOC_003911,HEK293FT,0.0,0.04158833195681383
Hum_XLOC_003952,HEK293FT,0.0,0.11882776644754674
Hum_XLOC_003971,HEK293FT,0.0,0.16020221114080527
Hum_XLOC_003988,HEK293FT,0.0,0.039569817823049136
Hum_XLOC_004020,HEK293FT,0.0,0.0
Hum_XLOC_004035,HEK293FT,0.0,0.041207454167167784
Hum_XLOC_004036,HEK293FT,0.0,0.0
Hum_XLOC_004048,HEK293FT,0.0,0.0
Hum_XLOC_004068,HEK293FT,0.0,0.0
Hum_XLOC_004069,HEK293FT,0.0,0.042236652362870004
Hum_XLOC_004095,HEK293FT,0.0,0.039512166610729885
Hum_XLOC_004096,HEK293FT,0.0,0.08004392846078252
Hum_XLOC_004116,HEK293FT,0.0,0.040245622270731696
Hum_XLOC_004123,HEK293FT,0.0,0.1345296005831217
Hum_XLOC_004134,HEK293FT,0.0,0.03936109330846246
Hum_XLOC_004161,HEK293FT,0.0,0.0
Hum_XLOC_004168,HEK293FT,0.0,0.038890697694413924
Hum_XLOC_004169,HEK293FT,0.0,0.12064101014183236
Hum_XLOC_004177,HEK293FT,0.0,0.0
Hum_XLOC_004200,HEK293FT,0.0,0.03901548959312195
Hum_XLOC_004201,HEK293FT,0.0,0.040440311843032324
Hum_XLOC_004219,HEK293FT,1.0,0.0783079010936521
Hum_XLOC_004226,HEK293FT,0.0,0.12316602999063368
Hum_XLOC_004227,HEK293FT,1.0,0.0782490159038324
Hum_XLOC_004236,HEK293FT,0.0,0.04166726761147184
Hum_XLOC_004254,HEK293FT,1.0,0.11844169869428088
Hum_XLOC_004255,HEK293FT,0.0,0.11959956692566015
Hum_XLOC_004262,HEK293FT,1.0,0.15973393067866629
Hum_XLOC_004269,HEK293FT,0.0,0.07926385008044841
Hum_XLOC_004277,HEK293FT,0.0,0.0
Hum_XLOC_004278,HEK293FT,0.0,0.03855007569148407
Hum_XLOC_004282,HEK293FT,0.0,0.040656881984423306
Hum_XLOC_004287,HEK293FT,0.0,0.11569533396741526
Hum_XLOC_004293,HEK293FT,0.0,0.08090851976430989
Hum_XLOC_004302,HEK293FT,0.0,0.07656330153984947
Hum_XLOC_004303,HEK293FT,0.0,0.11831197143301873
Hum_XLOC_004306,HEK293FT,0.0,0.03931282394919335
Hum_XLOC_004309,HEK293FT,0.0,0.0
Hum_XLOC_004314,HEK293FT,0.0,0.08347347367913398
Hum_XLOC_004317,HEK293FT,0.0,0.08364396229464512
Hum_XLOC_004336,HEK293FT,0.0,0.04212444257777151
Hum_XLOC_004343,HEK293FT,0.0,0.07885592846457362
Hum_XLOC_004350,HEK293FT,0.0,0.0
Hum_XLOC_004361,HEK293FT,0.0,0.0
Hum_XLOC_004363,HEK293FT,0.0,0.07887739594860492
Hum_XLOC_004401,HEK293FT,0.0,0.0
Hum_XLOC_004405,HEK293FT,0.0,0.0
Hum_XLOC_004407,HEK293FT,0.0,0.16215394054392437
Hum_XLOC_004424,HEK293FT,1.0,0.09668690461601871
Hum_XLOC_004437,HEK293FT,0.0,0.07819600291631087
Hum_XLOC_004446,HEK293FT,0.0,0.038944182238682706
Hum_XLOC_004457,HEK293FT,0.0,0.0404707139201427
Hum_XLOC_004482,HEK293FT,0.0,0.0
Hum_XLOC_004502,HEK293FT,0.0,0.0
Hum_XLOC_004515,HEK293FT,0.0,0.03763644070338503
Hum_XLOC_004529,HEK293FT,0.0,0.07941898187355301
Hum_XLOC_004535,HEK293FT,0.0,0.0428260804386502
Hum_XLOC_004553,HEK293FT,0.0,0.0
Hum_XLOC_004566,HEK293FT,0.0,0.07844625935365636
Hum_XLOC_004567,HEK293FT,0.0,0.079508240442463
Hum_XLOC_004572,HEK293FT,0.0,0.039465145087654495
Hum_XLOC_004578,HEK293FT,0.0,0.03837609567044566
Hum_XLOC_004580,HEK293FT,0.0,0.08086339983742293
Hum_XLOC_004581,HEK293FT,0.0,0.07954544421416393
Hum_XLOC_004587,HEK293FT,0.0,0.1661913112550259
Hum_XLOC_004600,HEK293FT,0.0,0.03846551601867756
Hum_XLOC_004601,HEK293FT,1.0,0.08252354672836608
Hum_XLOC_004607,HEK293FT,0.0,0.03929414873472248
Hum_XLOC_004617,HEK293FT,0.0,0.07774485655218513
Hum_XLOC_004619,HEK293FT,0.0,0.08065537046675413
Hum_XLOC_004620,HEK293FT,0.0,0.07795368212416463
Hum_XLOC_004632,HEK293FT,0.0,0.0
Hum_XLOC_004636,HEK293FT,1.0,0.11708003437797253
Hum_XLOC_004652,HEK293FT,0.0,0.0
Hum_XLOC_004653,HEK293FT,0.0,0.16206291224704633
Hum_XLOC_004657,HEK293FT,1.0,0.0784480297870037
Hum_XLOC_004661,HEK293FT,0.0,0.0782206910353363
Hum_XLOC_004683,HEK293FT,0.0,0.04147493295918361
Hum_XLOC_004684,HEK293FT,0.0,0.03826257871461687
Hum_XLOC_004688,HEK293FT,0.0,0.12433644002326145
Hum_XLOC_004689,HEK293FT,0.0,0.07974207571189504
Hum_XLOC_004705,HEK293FT,0.0,0.03954061337351746
Hum_XLOC_004717,HEK293FT,0.0,0.03913563933970861
Hum_XLOC_004718,HEK293FT,0.0,0.04301959378431664
Hum_XLOC_004733,HEK293FT,0.0,0.12297538182823241
Hum_XLOC_004741,HEK293FT,0.0,0.08259623554899256
Hum_XLOC_004762,HEK293FT,0.0,0.0
Hum_XLOC_004771,HEK293FT,0.0,0.0
Hum_XLOC_004777,HEK293FT,0.0,0.0
Hum_XLOC_004788,HEK293FT,0.0,0.12077872412310002
Hum_XLOC_004791,HEK293FT,0.0,0.039750308097740064
Hum_XLOC_004795,HEK293FT,0.0,0.12141029667954596
Hum_XLOC_004803,HEK293FT,0.0,0.12091108930292409
Hum_XLOC_004805,HEK293FT,0.0,0.0
Hum_XLOC_004813,HEK293FT,0.0,0.0
Hum_XLOC_004815,HEK293FT,0.0,0.0
Hum_XLOC_004822,HEK293FT,0.0,0.03894203185441301
Hum_XLOC_004823,HEK293FT,0.0,0.07810274490622526
Hum_XLOC_004827,HEK293FT,0.0,0.07802266041900252
Hum_XLOC_004837,HEK293FT,0.0,0.0
Hum_XLOC_004839,HEK293FT,0.0,0.0390991812558433
Hum_XLOC_004855,HEK293FT,0.0,0.08066594958392975
Hum_XLOC_004874,HEK293FT,0.0,0.07902094239378323
Hum_XLOC_004875,HEK293FT,0.0,0.0
Hum_XLOC_004878,HEK293FT,0.0,0.07826209348615917
Hum_XLOC_004884,HEK293FT,0.0,0.0
Hum_XLOC_004911,HEK293FT,0.0,0.09623872697726127
Hum_XLOC_004915,HEK293FT,0.0,0.03976330112726951
Hum_XLOC_004927,HEK293FT,0.0,0.0
Hum_XLOC_004929,HEK293FT,0.0,0.0
Hum_XLOC_004936,HEK293FT,0.0,0.04034611744907042
Hum_XLOC_004957,HEK293FT,0.0,0.07841949390981236
Hum_XLOC_004960,HEK293FT,0.0,0.12122941149755945
Hum_XLOC_004965,HEK293FT,0.0,0.0367095220080064
Hum_XLOC_000006,K562,0.0,0.08265209971700757
Hum_XLOC_000008,K562,0.0,0.03960086586321921
Hum_XLOC_000016,K562,0.0,0.04088743230847347
Hum_XLOC_000030,K562,0.0,0.1757647975800887
Hum_XLOC_000033,K562,0.0,0.23397988778722442
Hum_XLOC_000039,K562,0.0,0.11945016225419798
Hum_XLOC_000053,K562,0.0,0.08567407794442296
Hum_XLOC_000057,K562,1.0,0.11906977404708255
Hum_XLOC_000060,K562,1.0,0.24138725152318577
Hum_XLOC_000080,K562,0.0,0.0
Hum_XLOC_000094,K562,0.0,0.11812602521265038
Hum_XLOC_000100,K562,1.0,0.1565650725229996
Hum_XLOC_000105,K562,0.0,0.0400842877533025
Hum_XLOC_000107,K562,0.0,0.0
Hum_XLOC_000111,K562,1.0,0.07933387614828552
Hum_XLOC_000134,K562,0.0,0.07738533955372229
Hum_XLOC_000143,K562,1.0,0.11919799953364382
Hum_XLOC_000145,K562,0.0,0.1203903359302666
Hum_XLOC_000149,K562,0.0,0.07848012353321385
Hum_XLOC_000155,K562,1.0,0.08096722373793218
Hum_XLOC_000169,K562,0.0,0.07947360415132042
Hum_XLOC_000170,K562,0.0,0.0387222786683334
Hum_XLOC_000194,K562,0.0,0.07462634336553484
Hum_XLOC_000201,K562,0.0,0.07918480829771507
Hum_XLOC_000231,K562,1.0,0.15222614583951943
Hum_XLOC_000233,K562,1.0,0.19618621320851787
Hum_XLOC_000245,K562,0.0,0.11724660646314851
Hum_XLOC_000247,K562,0.0,0.19414561200400396
Hum_XLOC_000248,K562,0.0,0.03949666729083251
Hum_XLOC_000265,K562,0.0,0.15535950922543995
Hum_XLOC_000282,K562,0.0,0.121486734312905
Hum_XLOC_000286,K562,1.0,0.04047777468208802
Hum_XLOC_000292,K562,0.0,0.03930199886390621
Hum_XLOC_000307,K562,0.0,0.04053168628795128
Hum_XLOC_000308,K562,0.0,0.04080301220711467
Hum_XLOC_000312,K562,1.0,0.24160322875466356
Hum_XLOC_000314,K562,0.0,0.07895850774862312
Hum_XLOC_000317,K562,0.0,0.04033867869012967
Hum_XLOC_000319,K562,0.0,0.07973442277106113
Hum_XLOC_000332,K562,0.0,0.11846825790232363
Hum_XLOC_000338,K562,0.0,0.12043876813486952
Hum_XLOC_000342,K562,0.0,0.12007957068258623
Hum_XLOC_000345,K562,0.0,0.23783009321289822
Hum_XLOC_000362,K562,0.0,0.07603015122191603
Hum_XLOC_000377,K562,1.0,0.03828166688086792
Hum_XLOC_000390,K562,0.0,0.12297509710263559
Hum_XLOC_000394,K562,0.0,0.0
Hum_XLOC_000411,K562,0.0,0.03789848896719297
Hum_XLOC_000415,K562,0.0,0.11710356910601494
Hum_XLOC_000430,K562,0.0,0.0
Hum_XLOC_000436,K562,0.0,0.038390153659240145
Hum_XLOC_000437,K562,1.0,0.19692062427580426
Hum_XLOC_000456,K562,1.0,0.24175860558899942
Hum_XLOC_000461,K562,0.0,0.15551125798879126
Hum_XLOC_000462,K562,0.0,0.03841163815002379
Hum_XLOC_000465,K562,0.0,0.0
Hum_XLOC_000472,K562,0.0,0.07935897976883864
Hum_XLOC_000474,K562,0.0,0.08206475142795223
Hum_XLOC_000478,K562,0.0,0.07629279186330482
Hum_XLOC_000486,K562,0.0,0.07967681169669552
Hum_XLOC_000490,K562,0.0,0.07884655429494498
Hum_XLOC_000498,K562,0.0,0.0
Hum_XLOC_000500,K562,1.0,0.040107854280534226
Hum_XLOC_000510,K562,0.0,0.16254435561425717
Hum_XLOC_000535,K562,0.0,0.03902640175504923
Hum_XLOC_000540,K562,0.0,0.0
Hum_XLOC_000556,K562,0.0,0.07864852617238581
Hum_XLOC_000574,K562,0.0,0.07740981906026465
Hum_XLOC_000575,K562,0.0,0.0
Hum_XLOC_000582,K562,0.0,0.0
Hum_XLOC_000590,K562,0.0,0.04062829593674428
Hum_XLOC_000601,K562,0.0,0.07881183426671884
Hum_XLOC_000604,K562,0.0,0.0
Hum_XLOC_000608,K562,1.0,0.07652248793547965
Hum_XLOC_000612,K562,0.0,0.078125382467142
Hum_XLOC_000636,K562,1.0,0.0
Hum_XLOC_000638,K562,0.0,0.04456144381907745
Hum_XLOC_000641,K562,0.0,0.0
Hum_XLOC_000655,K562,0.0,0.03951838563582166
Hum_XLOC_000668,K562,0.0,0.0
Hum_XLOC_000680,K562,0.0,0.0
Hum_XLOC_000681,K562,0.0,0.0
Hum_XLOC_000695,K562,0.0,0.07935450257029387
Hum_XLOC_000702,K562,0.0,0.08042874103277892
Hum_XLOC_000726,K562,0.0,0.1578060729647378
Hum_XLOC_000727,K562,0.0,0.08084561592140439
Hum_XLOC_000758,K562,0.0,0.07990016529348187
Hum_XLOC_000773,K562,0.0,0.04039365896081356
Hum_XLOC_000774,K562,0.0,0.038154109701958414
Hum_XLOC_000797,K562,0.0,0.041513354160648476
Hum_XLOC_000799,K562,0.0,0.03807016851491
Hum_XLOC_000800,K562,0.0,0.0
Hum_XLOC_000807,K562,0.0,0.0
Hum_XLOC_000818,K562,0.0,0.03936213309460463
Hum_XLOC_000828,K562,0.0,0.0
Hum_XLOC_000831,K562,0.0,0.04139836859195414
Hum_XLOC_000835,K562,0.0,0.038153628985944495
Hum_XLOC_000840,K562,0.0,0.04030990915636432
Hum_XLOC_000841,K562,0.0,0.0
Hum_XLOC_000842,K562,0.0,0.039709353450512845
Hum_XLOC_000854,K562,1.0,0.03852819198052689
Hum_XLOC_000855,K562,0.0,0.0
Hum_XLOC_000883,K562,0.0,0.0
Hum_XLOC_000885,K562,0.0,0.0
Hum_XLOC_000905,K562,0.0,0.0
Hum_XLOC_000917,K562,0.0,0.0
Hum_XLOC_000925,K562,0.0,0.04191184892239392
Hum_XLOC_000944,K562,0.0,0.07983154782484869
Hum_XLOC_000949,K562,0.0,0.0
Hum_XLOC_000953,K562,0.0,0.07713085179468285
Hum_XLOC_000964,K562,0.0,0.07888991727180734
Hum_XLOC_000990,K562,0.0,0.0
Hum_XLOC_000994,K562,0.0,0.11872177815464252
Hum_XLOC_001020,K562,0.0,0.0
Hum_XLOC_001029,K562,0.0,0.039114885025917576
Hum_XLOC_001066,K562,0.0,0.0
Hum_XLOC_001120,K562,0.0,0.0
Hum_XLOC_001121,K562,0.0,0.0
Hum_XLOC_001122,K562,0.0,0.03873616132989685
Hum_XLOC_001125,K562,0.0,0.08215962191497157
Hum_XLOC_001132,K562,0.0,0.119756512846737
Hum_XLOC_001138,K562,0.0,0.0
Hum_XLOC_001144,K562,0.0,0.041522584281005574
Hum_XLOC_001146,K562,0.0,0.039330337909860916
Hum_XLOC_001188,K562,0.0,0.03984326003467001
Hum_XLOC_001191,K562,0.0,0.0
Hum_XLOC_001192,K562,0.0,0.045325753095088836
Hum_XLOC_001217,K562,0.0,0.0
Hum_XLOC_001222,K562,0.0,0.0
Hum_XLOC_001228,K562,0.0,0.079177804416436
Hum_XLOC_001230,K562,0.0,0.0
Hum_XLOC_001237,K562,0.0,0.03967556574243259
Hum_XLOC_001243,K562,0.0,0.0
Hum_XLOC_001275,K562,0.0,0.0
Hum_XLOC_001279,K562,0.0,0.03945051241234193
Hum_XLOC_001291,K562,0.0,0.039374109920595375
Hum_XLOC_001296,K562,1.0,0.078850302576604
Hum_XLOC_001297,K562,0.0,0.04216550642036191
Hum_XLOC_001309,K562,0.0,0.038701877074740265
Hum_XLOC_001329,K562,0.0,0.0
Hum_XLOC_001330,K562,0.0,0.0
Hum_XLOC_001355,K562,0.0,0.041916395021398475
Hum_XLOC_001366,K562,0.0,0.0
Hum_XLOC_001367,K562,0.0,0.08106221034463372
Hum_XLOC_001375,K562,0.0,0.0
Hum_XLOC_001390,K562,0.0,0.0
Hum_XLOC_001405,K562,0.0,0.07739919543076698
Hum_XLOC_001461,K562,0.0,0.039436547435176605
Hum_XLOC_001465,K562,0.0,0.0
Hum_XLOC_001488,K562,0.0,0.11952327158659644
Hum_XLOC_001490,K562,1.0,0.19325788411353295
Hum_XLOC_001509,K562,0.0,0.0
Hum_XLOC_001516,K562,0.0,0.0
Hum_XLOC_001532,K562,0.0,0.08015546534067389
Hum_XLOC_001539,K562,0.0,0.03919748526530541
Hum_XLOC_001541,K562,0.0,0.03918211183355742
Hum_XLOC_001542,K562,0.0,0.04527025688759762
Hum_XLOC_001548,K562,0.0,0.0
Hum_XLOC_001559,K562,0.0,0.0
Hum_XLOC_001565,K562,1.0,0.20200979430411647
Hum_XLOC_001566,K562,0.0,0.03744423499580418
Hum_XLOC_001575,K562,0.0,0.03928340473126859
Hum_XLOC_001580,K562,0.0,0.0
Hum_XLOC_001590,K562,0.0,0.11866599978932171
Hum_XLOC_001615,K562,0.0,0.24111334131191506
Hum_XLOC_001624,K562,0.0,0.0844064070455157
Hum_XLOC_001639,K562,0.0,0.03941141769200318
Hum_XLOC_001661,K562,0.0,0.0
Hum_XLOC_001666,K562,0.0,0.0
Hum_XLOC_001668,K562,0.0,0.11839193775095382
Hum_XLOC_001688,K562,0.0,0.039350293505701
Hum_XLOC_001689,K562,0.0,0.0
Hum_XLOC_001695,K562,0.0,0.12694278637366452
Hum_XLOC_001696,K562,0.0,0.08434713556556266
Hum_XLOC_001698,K562,0.0,0.0
Hum_XLOC_001707,K562,0.0,0.038006865897068774
Hum_XLOC_001760,K562,0.0,0.04025289215408661
Hum_XLOC_001761,K562,0.0,0.19518317217062234
Hum_XLOC_001773,K562,0.0,0.07925487152963978
Hum_XLOC_001775,K562,0.0,0.0
Hum_XLOC_001779,K562,0.0,0.1278566711579688
Hum_XLOC_001783,K562,1.0,0.0
Hum_XLOC_001791,K562,0.0,0.04056262526372986
Hum_XLOC_001805,K562,0.0,0.040210477680533936
Hum_XLOC_001809,K562,0.0,0.0
Hum_XLOC_001848,K562,0.0,0.0
Hum_XLOC_001919,K562,0.0,0.07913631249932436
Hum_XLOC_001941,K562,0.0,0.0
Hum_XLOC_001942,K562,0.0,0.0
Hum_XLOC_001949,K562,0.0,0.0
Hum_XLOC_001950,K562,1.0,0.16379554248648284
Hum_XLOC_001953,K562,0.0,0.03907276409430224
Hum_XLOC_001957,K562,0.0,0.041527408522454866
Hum_XLOC_001961,K562,0.0,0.12199302901451027
Hum_XLOC_001969,K562,0.0,0.07859176257741428
Hum_XLOC_002024,K562,0.0,0.0
Hum_XLOC_002028,K562,0.0,0.0
Hum_XLOC_002033,K562,1.0,0.0
Hum_XLOC_002036,K562,0.0,0.03848968297345007
Hum_XLOC_002037,K562,0.0,0.0
Hum_XLOC_002041,K562,0.0,0.0
Hum_XLOC_002059,K562,0.0,0.04110724381654948
Hum_XLOC_002061,K562,0.0,0.04012068843645171
Hum_XLOC_002068,K562,0.0,0.0
Hum_XLOC_002081,K562,0.0,0.15378723471925704
Hum_XLOC_002093,K562,0.0,0.0
Hum_XLOC_002099,K562,0.0,0.03870622309585452
Hum_XLOC_002144,K562,0.0,0.039299068722187955
Hum_XLOC_002150,K562,0.0,0.04162187286932375
Hum_XLOC_002152,K562,0.0,0.0
Hum_XLOC_002154,K562,0.0,0.0
Hum_XLOC_002169,K562,0.0,0.04278510258760272
Hum_XLOC_002170,K562,0.0,0.0
Hum_XLOC_002176,K562,0.0,0.0392757723264469
Hum_XLOC_002178,K562,0.0,0.0
Hum_XLOC_002186,K562,0.0,0.0
Hum_XLOC_002204,K562,0.0,0.0
Hum_XLOC_002205,K562,0.0,0.039277323067708605
Hum_XLOC_002219,K562,0.0,0.0812935929812869
Hum_XLOC_002244,K562,0.0,0.03893947480073034
Hum_XLOC_002252,K562,0.0,0.03837622189755097
Hum_XLOC_002261,K562,0.0,0.043746508641144884
Hum_XLOC_002262,K562,0.0,0.0
Hum_XLOC_002265,K562,0.0,0.038890197718499483
Hum_XLOC_002271,K562,0.0,0.08026410934844035
Hum_XLOC_002280,K562,0.0,0.12238398714242589
Hum_XLOC_002282,K562,0.0,0.038956101710810834
Hum_XLOC_002283,K562,0.0,0.04067883914057765
Hum_XLOC_002284,K562,1.0,0.11725454751345482
Hum_XLOC_002294,K562,0.0,0.11542537399184925
Hum_XLOC_002296,K562,0.0,0.03935097256720065
Hum_XLOC_002299,K562,0.0,0.0
Hum_XLOC_002301,K562,0.0,0.2339823374505351
Hum_XLOC_002306,K562,0.0,0.280784587605648
Hum_XLOC_002311,K562,0.0,0.0
Hum_XLOC_002313,K562,0.0,0.03931662614249203
Hum_XLOC_002314,K562,1.0,0.16284488953644918
Hum_XLOC_002327,K562,0.0,0.20166329432605487
Hum_XLOC_002330,K562,0.0,0.03957313923211625
Hum_XLOC_002338,K562,0.0,0.0
Hum_XLOC_002344,K562,0.0,0.0
Hum_XLOC_002347,K562,0.0,0.03922094230025732
Hum_XLOC_002348,K562,0.0,0.0
Hum_XLOC_002362,K562,0.0,0.0
Hum_XLOC_002364,K562,0.0,0.03892597466435738
Hum_XLOC_002383,K562,0.0,0.0
Hum_XLOC_002386,K562,0.0,0.12123510219791347
Hum_XLOC_002390,K562,0.0,0.07880938814799983
Hum_XLOC_002394,K562,0.0,0.0
Hum_XLOC_002398,K562,0.0,0.0
Hum_XLOC_002399,K562,0.0,0.041540800986503326
Hum_XLOC_002408,K562,0.0,0.0
Hum_XLOC_002414,K562,0.0,0.04087144239890449
Hum_XLOC_002418,K562,0.0,0.08076123253128671
Hum_XLOC_002435,K562,0.0,0.0423089267407906
Hum_XLOC_002440,K562,0.0,0.04194562139223698
Hum_XLOC_002489,K562,0.0,0.0
Hum_XLOC_002490,K562,0.0,0.0
Hum_XLOC_002493,K562,0.0,0.0
Hum_XLOC_002520,K562,0.0,0.20370420985840165
Hum_XLOC_002524,K562,0.0,0.11756968253283805
Hum_XLOC_002546,K562,0.0,0.12449451059289225
Hum_XLOC_002560,K562,0.0,0.0
Hum_XLOC_002570,K562,0.0,0.2242890668328067
Hum_XLOC_002577,K562,0.0,0.0
Hum_XLOC_002579,K562,0.0,0.08014590044783709
Hum_XLOC_002586,K562,0.0,0.0
Hum_XLOC_002589,K562,1.0,0.15603027362116556
Hum_XLOC_002629,K562,0.0,0.038849275193890656
Hum_XLOC_002631,K562,0.0,0.0
Hum_XLOC_002635,K562,0.0,0.0
Hum_XLOC_002644,K562,0.0,0.0
Hum_XLOC_002646,K562,0.0,0.03902899341606501
Hum_XLOC_002653,K562,0.0,0.1597671554018564
Hum_XLOC_002681,K562,0.0,0.03876104564326768
Hum_XLOC_002695,K562,0.0,0.04082271560614822
Hum_XLOC_002702,K562,0.0,0.03781463347532523
Hum_XLOC_002705,K562,1.0,0.0
Hum_XLOC_002711,K562,0.0,0.07876019580996672
Hum_XLOC_002714,K562,0.0,0.04035601691439796
Hum_XLOC_002717,K562,0.0,0.0
Hum_XLOC_002725,K562,0.0,0.11864451393208084
Hum_XLOC_002741,K562,0.0,0.1989703562053043
Hum_XLOC_002742,K562,0.0,0.0798175827394485
Hum_XLOC_002744,K562,0.0,0.0
Hum_XLOC_002760,K562,0.0,0.07983135975765261
Hum_XLOC_002788,K562,0.0,0.07801776267545463
Hum_XLOC_002792,K562,0.0,0.0
Hum_XLOC_002796,K562,0.0,0.0788271626120312
Hum_XLOC_002817,K562,0.0,0.07985951390488356
Hum_XLOC_002836,K562,0.0,0.08442912048340916
Hum_XLOC_002844,K562,0.0,0.0
Hum_XLOC_002845,K562,0.0,0.1171330947134141
Hum_XLOC_002859,K562,0.0,0.0384051203477231
Hum_XLOC_002889,K562,0.0,0.12059955012984583
Hum_XLOC_002911,K562,0.0,0.27934223660157503
Hum_XLOC_002935,K562,0.0,0.03937395273904022
Hum_XLOC_002937,K562,0.0,0.04126048742470951
Hum_XLOC_002967,K562,0.0,0.0
Hum_XLOC_002983,K562,0.0,0.07708285747036776
Hum_XLOC_002986,K562,0.0,0.1596742460460559
Hum_XLOC_002990,K562,0.0,0.15782555341917082
Hum_XLOC_003039,K562,0.0,0.0
Hum_XLOC_003061,K562,1.0,0.197217874352591
Hum_XLOC_003086,K562,0.0,0.03709244579269383
Hum_XLOC_003099,K562,0.0,0.0
Hum_XLOC_003109,K562,0.0,0.0
Hum_XLOC_003128,K562,0.0,0.03908521899041816
Hum_XLOC_003134,K562,1.0,0.12083780383361084
Hum_XLOC_003137,K562,0.0,0.08264581135849938
Hum_XLOC_003154,K562,0.0,0.0
Hum_XLOC_003155,K562,0.0,0.04374025272448051
Hum_XLOC_003171,K562,0.0,0.037577142552244654
Hum_XLOC_003209,K562,0.0,0.039890764610266805
Hum_XLOC_003215,K562,0.0,0.08104116710682362
Hum_XLOC_003221,K562,0.0,0.037646706760894585
Hum_XLOC_003232,K562,0.0,0.08236898755638845
Hum_XLOC_003268,K562,0.0,0.11751565410334959
Hum_XLOC_003269,K562,1.0,0.16058245702169413
Hum_XLOC_003286,K562,0.0,0.20006622194822837
Hum_XLOC_003290,K562,0.0,0.0
Hum_XLOC_003294,K562,0.0,0.07894505292108916
Hum_XLOC_003321,K562,0.0,0.07987222559437421
Hum_XLOC_003324,K562,0.0,0.0
Hum_XLOC_003334,K562,0.0,0.04122683494181857
Hum_XLOC_003337,K562,0.0,0.03873534156651854
Hum_XLOC_003338,K562,0.0,0.03856185791505297
Hum_XLOC_003352,K562,0.0,0.039188924281835555
Hum_XLOC_003357,K562,0.0,0.07898573724101822
Hum_XLOC_003361,K562,0.0,0.03934916267655187
Hum_XLOC_003371,K562,0.0,0.0
Hum_XLOC_003381,K562,0.0,0.0
Hum_XLOC_003408,K562,0.0,0.03995689872078213
Hum_XLOC_003436,K562,0.0,0.0
Hum_XLOC_003440,K562,0.0,0.03899328372601123
Hum_XLOC_003450,K562,1.0,0.07805813892454272
Hum_XLOC_003466,K562,0.0,0.07856126475924428
Hum_XLOC_003488,K562,0.0,0.04038752101970715
Hum_XLOC_003491,K562,0.0,0.0403008086288474
Hum_XLOC_003497,K562,0.0,0.0
Hum_XLOC_003498,K562,0.0,0.07949436188757787
Hum_XLOC_003502,K562,0.0,0.11852267043272471
Hum_XLOC_003518,K562,0.0,0.04104776151801648
Hum_XLOC_003532,K562,0.0,0.0
Hum_XLOC_003543,K562,0.0,0.0
Hum_XLOC_003554,K562,0.0,0.0
Hum_XLOC_003563,K562,0.0,0.0
Hum_XLOC_003567,K562,0.0,0.08340152885413483
Hum_XLOC_003568,K562,0.0,0.0
Hum_XLOC_003570,K562,0.0,0.0
Hum_XLOC_003571,K562,0.0,0.04099474564918593
Hum_XLOC_003593,K562,0.0,0.0
Hum_XLOC_003594,K562,0.0,0.08291196203088437
Hum_XLOC_003598,K562,0.0,0.0
Hum_XLOC_003626,K562,0.0,0.0
Hum_XLOC_003628,K562,0.0,0.040403957850680676
Hum_XLOC_003630,K562,0.0,0.041146910733341306
Hum_XLOC_003641,K562,1.0,0.0
Hum_XLOC_003662,K562,0.0,0.040332124120427866
Hum_XLOC_003665,K562,1.0,0.23621011826461963
Hum_XLOC_003672,K562,0.0,0.038860372307009415
Hum_XLOC_003673,K562,0.0,0.0
Hum_XLOC_003674,K562,0.0,0.03865780028436423
Hum_XLOC_003676,K562,0.0,0.08007972856301944
Hum_XLOC_003686,K562,0.0,0.0
Hum_XLOC_003697,K562,0.0,0.0
Hum_XLOC_003717,K562,0.0,0.11867615416679517
Hum_XLOC_003725,K562,0.0,0.04033147698505492
Hum_XLOC_003743,K562,0.0,0.03875633564861341
Hum_XLOC_003754,K562,0.0,0.041928102075072984
Hum_XLOC_003766,K562,0.0,0.08252680905875655
Hum_XLOC_003775,K562,0.0,0.07753609513346635
Hum_XLOC_003790,K562,0.0,0.0
Hum_XLOC_003799,K562,0.0,0.0
Hum_XLOC_003853,K562,0.0,0.039044831713142554
Hum_XLOC_003865,K562,0.0,0.0
Hum_XLOC_003871,K562,0.0,0.15636961580815398
Hum_XLOC_003891,K562,0.0,0.07736838746791704
Hum_XLOC_003892,K562,1.0,0.08507530859794042
Hum_XLOC_003910,K562,0.0,0.15822194103805404
Hum_XLOC_003911,K562,0.0,0.15811168324393327
Hum_XLOC_003952,K562,0.0,0.12127879091399214
Hum_XLOC_003971,K562,0.0,0.0
Hum_XLOC_003988,K562,1.0,0.0
Hum_XLOC_004020,K562,0.0,0.037876839102143255
Hum_XLOC_004035,K562,0.0,0.15695116790645974
Hum_XLOC_004036,K562,0.0,0.15917023764627727
Hum_XLOC_004048,K562,0.0,0.0
Hum_XLOC_004068,K562,0.0,0.07871546022800052
Hum_XLOC_004069,K562,0.0,0.0
Hum_XLOC_004095,K562,0.0,0.19450964550465263
Hum_XLOC_004096,K562,0.0,0.04271333386398757
Hum_XLOC_004116,K562,0.0,0.07955807106254341
Hum_XLOC_004123,K562,0.0,0.0
Hum_XLOC_004134,K562,0.0,0.0
Hum_XLOC_004161,K562,0.0,0.03954580780956185
Hum_XLOC_004168,K562,0.0,0.0
Hum_XLOC_004169,K562,0.0,0.0
Hum_XLOC_004177,K562,0.0,0.12156053520306441
Hum_XLOC_004200,K562,0.0,0.03934727377567236
Hum_XLOC_004201,K562,0.0,0.1575747247899625
Hum_XLOC_004219,K562,0.0,0.03909302262136267
Hum_XLOC_004226,K562,0.0,0.039252273216981354
Hum_XLOC_004227,K562,0.0,0.0
Hum_XLOC_004236,K562,0.0,0.041512828513424894
Hum_XLOC_004254,K562,1.0,0.15814611190009112
Hum_XLOC_004255,K562,0.0,0.12439064249343365
Hum_XLOC_004262,K562,0.0,0.0
Hum_XLOC_004269,K562,0.0,0.03962045584059798
Hum_XLOC_004277,K562,0.0,0.03891771688551798
Hum_XLOC_004278,K562,0.0,0.042071118698292886
Hum_XLOC_004282,K562,0.0,0.07746110165739585
Hum_XLOC_004287,K562,0.0,0.04044606533560971
Hum_XLOC_004293,K562,0.0,0.07821046644080981
Hum_XLOC_004302,K562,0.0,0.12007743397711919
Hum_XLOC_004303,K562,0.0,0.0
Hum_XLOC_004306,K562,0.0,0.0
Hum_XLOC_004309,K562,0.0,0.03870450337987542
Hum_XLOC_004314,K562,0.0,0.039156748530381785
Hum_XLOC_004317,K562,0.0,0.15897617941338218
Hum_XLOC_004336,K562,0.0,0.042550604099240635
Hum_XLOC_004343,K562,0.0,0.1180166718028201
Hum_XLOC_004350,K562,0.0,0.04114931439291069
Hum_XLOC_004361,K562,0.0,0.0
Hum_XLOC_004363,K562,0.0,0.03986883466629936
Hum_XLOC_004401,K562,0.0,0.07794633276734197
Hum_XLOC_004405,K562,0.0,0.0
Hum_XLOC_004407,K562,0.0,0.0
Hum_XLOC_004424,K562,0.0,0.10016368094259537
Hum_XLOC_004437,K562,0.0,0.04054989225878001
Hum_XLOC_004446,K562,0.0,0.12119798238134478
Hum_XLOC_004457,K562,0.0,0.1988110393587029
Hum_XLOC_004482,K562,0.0,0.0
Hum_XLOC_004502,K562,0.0,0.04009528789026416
Hum_XLOC_004515,K562,0.0,0.0
Hum_XLOC_004529,K562,0.0,0.07850530662305112
Hum_XLOC_004535,K562,0.0,0.0
Hum_XLOC_004553,K562,0.0,0.12013961572001619
Hum_XLOC_004566,K562,0.0,0.038951482749608246
Hum_XLOC_004567,K562,0.0,0.08012422149064845
Hum_XLOC_004572,K562,0.0,0.04034423611986562
Hum_XLOC_004578,K562,0.0,0.0795152064644173
Hum_XLOC_004580,K562,0.0,0.08088564313011606
Hum_XLOC_004581,K562,0.0,0.04018832535907678
Hum_XLOC_004587,K562,0.0,0.03874847341116687
Hum_XLOC_004600,K562,0.0,0.08153568295182846
Hum_XLOC_004601,K562,0.0,0.12066683687373674
Hum_XLOC_004607,K562,0.0,0.0
Hum_XLOC_004617,K562,0.0,0.04552240157135584
Hum_XLOC_004619,K562,0.0,0.045431264142949415
Hum_XLOC_004620,K562,1.0,0.08048641271437965
Hum_XLOC_004632,K562,0.0,0.037333321404734554
Hum_XLOC_004636,K562,0.0,0.041575262677968454
Hum_XLOC_004652,K562,0.0,0.0
Hum_XLOC_004653,K562,0.0,0.0
Hum_XLOC_004657,K562,0.0,0.07551480330406635
Hum_XLOC_004661,K562,0.0,0.20425225534591163
Hum_XLOC_004683,K562,0.0,0.0
Hum_XLOC_004684,K562,0.0,0.1220341724357391
Hum_XLOC_004688,K562,0.0,0.038858146693518156
Hum_XLOC_004689,K562,0.0,0.0
Hum_XLOC_004705,K562,0.0,0.0
Hum_XLOC_004717,K562,0.0,0.03895765004023242
Hum_XLOC_004718,K562,0.0,0.0
Hum_XLOC_004733,K562,0.0,0.03865836445293948
Hum_XLOC_004741,K562,0.0,0.0
Hum_XLOC_004762,K562,0.0,0.24173151656877173
Hum_XLOC_004771,K562,0.0,0.0
Hum_XLOC_004777,K562,0.0,0.040815963754353056
Hum_XLOC_004788,K562,0.0,0.0403994958744424
Hum_XLOC_004791,K562,0.0,0.12010034686961837
Hum_XLOC_004795,K562,0.0,0.0
Hum_XLOC_004803,K562,0.0,0.07949638492309927
Hum_XLOC_004805,K562,0.0,0.0
Hum_XLOC_004813,K562,0.0,0.0
Hum_XLOC_004815,K562,1.0,0.0
Hum_XLOC_004822,K562,0.0,0.0
Hum_XLOC_004823,K562,0.0,0.0
Hum_XLOC_004827,K562,0.0,0.0
Hum_XLOC_004837,K562,1.0,0.0
Hum_XLOC_004839,K562,0.0,0.04108928899545508
Hum_XLOC_004855,K562,0.0,0.12121939879036692
Hum_XLOC_004874,K562,0.0,0.0
Hum_XLOC_004875,K562,0.0,0.04412261246825391
Hum_XLOC_004878,K562,0.0,0.07664184809603354
Hum_XLOC_004884,K562,0.0,0.039163436903578916
Hum_XLOC_004911,K562,0.0,0.0
Hum_XLOC_004915,K562,0.0,0.039569792026519786
Hum_XLOC_004927,K562,0.0,0.03930831015887118
Hum_XLOC_004929,K562,0.0,0.1201683549581235
Hum_XLOC_004936,K562,0.0,0.03929706097239537
Hum_XLOC_004957,K562,0.0,0.0
Hum_XLOC_004960,K562,0.0,0.03827912206626196
Hum_XLOC_004965,K562,0.0,0.0
Hum_XLOC_000006,MDA-MB-231,0.0,0.0
Hum_XLOC_000008,MDA-MB-231,0.0,0.08515596662621264
Hum_XLOC_000016,MDA-MB-231,0.0,0.0
Hum_XLOC_000030,MDA-MB-231,0.0,0.044227191902355995
Hum_XLOC_000033,MDA-MB-231,0.0,0.0
Hum_XLOC_000039,MDA-MB-231,0.0,0.0
Hum_XLOC_000053,MDA-MB-231,0.0,0.0
Hum_XLOC_000057,MDA-MB-231,0.0,0.0
Hum_XLOC_000060,MDA-MB-231,0.0,0.0
Hum_XLOC_000080,MDA-MB-231,0.0,0.0
Hum_XLOC_000094,MDA-MB-231,0.0,0.08552339175122113
Hum_XLOC_000100,MDA-MB-231,0.0,0.0
Hum_XLOC_000105,MDA-MB-231,0.0,0.0
Hum_XLOC_000107,MDA-MB-231,0.0,0.07975886332354234
Hum_XLOC_000111,MDA-MB-231,0.0,0.0
Hum_XLOC_000134,MDA-MB-231,0.0,0.037570453963147406
Hum_XLOC_000143,MDA-MB-231,0.0,0.0
Hum_XLOC_000145,MDA-MB-231,1.0,0.040315777704373626
Hum_XLOC_000149,MDA-MB-231,0.0,0.0
Hum_XLOC_000155,MDA-MB-231,0.0,0.03934203439882171
Hum_XLOC_000169,MDA-MB-231,0.0,0.03942061940231555
Hum_XLOC_000170,MDA-MB-231,0.0,0.03919312843272552
Hum_XLOC_000194,MDA-MB-231,0.0,0.0
Hum_XLOC_000201,MDA-MB-231,0.0,0.038787798092002314
Hum_XLOC_000231,MDA-MB-231,0.0,0.0
Hum_XLOC_000233,MDA-MB-231,0.0,0.0
Hum_XLOC_000245,MDA-MB-231,0.0,0.0
Hum_XLOC_000247,MDA-MB-231,0.0,0.0
Hum_XLOC_000248,MDA-MB-231,0.0,0.03780836037194921
Hum_XLOC_000265,MDA-MB-231,0.0,0.03915094686434859
Hum_XLOC_000282,MDA-MB-231,0.0,0.0
Hum_XLOC_000286,MDA-MB-231,0.0,0.03907646257254627
Hum_XLOC_000292,MDA-MB-231,0.0,0.07869484844633462
Hum_XLOC_000307,MDA-MB-231,0.0,0.0
Hum_XLOC_000308,MDA-MB-231,0.0,0.0
Hum_XLOC_000312,MDA-MB-231,0.0,0.0
Hum_XLOC_000314,MDA-MB-231,0.0,0.03825160880118878
Hum_XLOC_000317,MDA-MB-231,0.0,0.0
Hum_XLOC_000319,MDA-MB-231,0.0,0.0
Hum_XLOC_000332,MDA-MB-231,0.0,0.0
Hum_XLOC_000338,MDA-MB-231,1.0,0.12088023378510818
Hum_XLOC_000342,MDA-MB-231,0.0,0.0
Hum_XLOC_000345,MDA-MB-231,0.0,0.0
Hum_XLOC_000362,MDA-MB-231,0.0,0.03868722919640212
Hum_XLOC_000377,MDA-MB-231,0.0,0.0
Hum_XLOC_000390,MDA-MB-231,0.0,0.0
Hum_XLOC_000394,MDA-MB-231,0.0,0.04526808797066053
Hum_XLOC_000411,MDA-MB-231,0.0,0.0
Hum_XLOC_000415,MDA-MB-231,0.0,0.0
Hum_XLOC_000430,MDA-MB-231,0.0,0.0
Hum_XLOC_000436,MDA-MB-231,0.0,0.0384258458052522
Hum_XLOC_000437,MDA-MB-231,0.0,0.03889584530164304
Hum_XLOC_000456,MDA-MB-231,1.0,0.15978265394150934
Hum_XLOC_000461,MDA-MB-231,0.0,0.04490591084479142
Hum_XLOC_000462,MDA-MB-231,0.0,0.04253761306859121
Hum_XLOC_000465,MDA-MB-231,0.0,0.03957826388114703
Hum_XLOC_000472,MDA-MB-231,0.0,0.0
Hum_XLOC_000474,MDA-MB-231,0.0,0.039620560411995825
Hum_XLOC_000478,MDA-MB-231,0.0,0.0
Hum_XLOC_000486,MDA-MB-231,0.0,0.03924904591059202
Hum_XLOC_000490,MDA-MB-231,0.0,0.0
Hum_XLOC_000498,MDA-MB-231,0.0,0.08578568515049345
Hum_XLOC_000500,MDA-MB-231,0.0,0.03823669245308089
Hum_XLOC_000510,MDA-MB-231,0.0,0.0
Hum_XLOC_000535,MDA-MB-231,0.0,0.07900791105186164
Hum_XLOC_000540,MDA-MB-231,0.0,0.0
Hum_XLOC_000556,MDA-MB-231,0.0,0.0
Hum_XLOC_000574,MDA-MB-231,0.0,0.0
Hum_XLOC_000575,MDA-MB-231,0.0,0.04096851679366896
Hum_XLOC_000582,MDA-MB-231,0.0,0.0
Hum_XLOC_000590,MDA-MB-231,0.0,0.0
Hum_XLOC_000601,MDA-MB-231,0.0,0.03918678781079781
Hum_XLOC_000604,MDA-MB-231,0.0,0.0
Hum_XLOC_000608,MDA-MB-231,0.0,0.03704118086279052
Hum_XLOC_000612,MDA-MB-231,0.0,0.03832769805736937
Hum_XLOC_000636,MDA-MB-231,0.0,0.039552809418448645
Hum_XLOC_000638,MDA-MB-231,0.0,0.0
Hum_XLOC_000641,MDA-MB-231,0.0,0.0388965719789173
Hum_XLOC_000655,MDA-MB-231,0.0,0.0
Hum_XLOC_000668,MDA-MB-231,0.0,0.0
Hum_XLOC_000680,MDA-MB-231,0.0,0.0
Hum_XLOC_000681,MDA-MB-231,0.0,0.0
Hum_XLOC_000695,MDA-MB-231,0.0,0.12232573117676157
Hum_XLOC_000702,MDA-MB-231,0.0,0.07796245532675537
Hum_XLOC_000726,MDA-MB-231,0.0,0.0
Hum_XLOC_000727,MDA-MB-231,0.0,0.03928341923091083
Hum_XLOC_000758,MDA-MB-231,0.0,0.0
Hum_XLOC_000773,MDA-MB-231,0.0,0.04046138987777447
Hum_XLOC_000774,MDA-MB-231,0.0,0.0
Hum_XLOC_000797,MDA-MB-231,0.0,0.08522354032229096
Hum_XLOC_000799,MDA-MB-231,0.0,0.07805553432999941
Hum_XLOC_000800,MDA-MB-231,0.0,0.04029229337959932
Hum_XLOC_000807,MDA-MB-231,0.0,0.03940301088939154
Hum_XLOC_000818,MDA-MB-231,0.0,0.03920574903933997
Hum_XLOC_000828,MDA-MB-231,0.0,0.0
Hum_XLOC_000831,MDA-MB-231,0.0,0.0
Hum_XLOC_000835,MDA-MB-231,0.0,0.0
Hum_XLOC_000840,MDA-MB-231,0.0,0.04249182951502429
Hum_XLOC_000841,MDA-MB-231,0.0,0.07959854573617188
Hum_XLOC_000842,MDA-MB-231,0.0,0.03919873745790312
Hum_XLOC_000854,MDA-MB-231,0.0,0.0766563523878805
Hum_XLOC_000855,MDA-MB-231,0.0,0.0
Hum_XLOC_000883,MDA-MB-231,0.0,0.0
Hum_XLOC_000885,MDA-MB-231,0.0,0.038818815185231774
Hum_XLOC_000905,MDA-MB-231,0.0,0.04036528452513627
Hum_XLOC_000917,MDA-MB-231,0.0,0.0
Hum_XLOC_000925,MDA-MB-231,0.0,0.0
Hum_XLOC_000944,MDA-MB-231,0.0,0.04017610699268527
Hum_XLOC_000949,MDA-MB-231,0.0,0.0
Hum_XLOC_000953,MDA-MB-231,0.0,0.07823817389202749
Hum_XLOC_000964,MDA-MB-231,0.0,0.03976545933832816
Hum_XLOC_000990,MDA-MB-231,0.0,0.03827394317539729
Hum_XLOC_000994,MDA-MB-231,0.0,0.08070209885097712
Hum_XLOC_001020,MDA-MB-231,0.0,0.0
Hum_XLOC_001029,MDA-MB-231,0.0,0.0400084964953302
Hum_XLOC_001066,MDA-MB-231,1.0,0.0
Hum_XLOC_001120,MDA-MB-231,0.0,0.0
Hum_XLOC_001121,MDA-MB-231,0.0,0.0
Hum_XLOC_001122,MDA-MB-231,0.0,0.0
Hum_XLOC_001125,MDA-MB-231,0.0,0.12090947285902548
Hum_XLOC_001132,MDA-MB-231,0.0,0.03965542347028624
Hum_XLOC_001138,MDA-MB-231,0.0,0.0
Hum_XLOC_001144,MDA-MB-231,0.0,0.0
Hum_XLOC_001146,MDA-MB-231,0.0,0.11736860640252164
Hum_XLOC_001188,MDA-MB-231,0.0,0.0
Hum_XLOC_001191,MDA-MB-231,0.0,0.04103374682871451
Hum_XLOC_001192,MDA-MB-231,0.0,0.0
Hum_XLOC_001217,MDA-MB-231,0.0,0.0
Hum_XLOC_001222,MDA-MB-231,0.0,0.0
Hum_XLOC_001228,MDA-MB-231,0.0,0.03887906631363983
Hum_XLOC_001230,MDA-MB-231,0.0,0.0
Hum_XLOC_001237,MDA-MB-231,0.0,0.0
Hum_XLOC_001243,MDA-MB-231,0.0,0.12304665006217286
Hum_XLOC_001275,MDA-MB-231,0.0,0.0
Hum_XLOC_001279,MDA-MB-231,0.0,0.038994299281163984
Hum_XLOC_001291,MDA-MB-231,0.0,0.0
Hum_XLOC_001296,MDA-MB-231,0.0,0.038561629225218094
Hum_XLOC_001297,MDA-MB-231,0.0,0.0
Hum_XLOC_001309,MDA-MB-231,0.0,0.038761973204963815
Hum_XLOC_001329,MDA-MB-231,0.0,0.0
Hum_XLOC_001330,MDA-MB-231,0.0,0.0
Hum_XLOC_001355,MDA-MB-231,0.0,0.0
Hum_XLOC_001366,MDA-MB-231,0.0,0.05780313588827805
Hum_XLOC_001367,MDA-MB-231,0.0,0.0
Hum_XLOC_001375,MDA-MB-231,0.0,0.0
Hum_XLOC_001390,MDA-MB-231,0.0,0.0
Hum_XLOC_001405,MDA-MB-231,0.0,0.0
Hum_XLOC_001461,MDA-MB-231,0.0,0.0397932948680677
Hum_XLOC_001465,MDA-MB-231,0.0,0.0
Hum_XLOC_001488,MDA-MB-231,0.0,0.0
Hum_XLOC_001490,MDA-MB-231,0.0,0.039295610165920786
Hum_XLOC_001509,MDA-MB-231,0.0,0.04181709814326628
Hum_XLOC_001516,MDA-MB-231,0.0,0.0
Hum_XLOC_001532,MDA-MB-231,0.0,0.03967746911986196
Hum_XLOC_001539,MDA-MB-231,0.0,0.0
Hum_XLOC_001541,MDA-MB-231,0.0,0.038903560513869916
Hum_XLOC_001542,MDA-MB-231,0.0,0.0
Hum_XLOC_001548,MDA-MB-231,0.0,0.0
Hum_XLOC_001559,MDA-MB-231,0.0,0.12127629057862717
Hum_XLOC_001565,MDA-MB-231,0.0,0.0
Hum_XLOC_001566,MDA-MB-231,0.0,0.0
Hum_XLOC_001575,MDA-MB-231,0.0,0.0
Hum_XLOC_001580,MDA-MB-231,0.0,0.0
Hum_XLOC_001590,MDA-MB-231,0.0,0.0397704271501492
Hum_XLOC_001615,MDA-MB-231,0.0,0.0
Hum_XLOC_001624,MDA-MB-231,0.0,0.03715153525951696
Hum_XLOC_001639,MDA-MB-231,0.0,0.0
Hum_XLOC_001661,MDA-MB-231,0.0,0.0
Hum_XLOC_001666,MDA-MB-231,0.0,0.03819439663196518
Hum_XLOC_001668,MDA-MB-231,0.0,0.0
Hum_XLOC_001688,MDA-MB-231,0.0,0.03938314006718948
Hum_XLOC_001689,MDA-MB-231,0.0,0.0
Hum_XLOC_001695,MDA-MB-231,0.0,0.0
Hum_XLOC_001696,MDA-MB-231,0.0,0.039724776137015555
Hum_XLOC_001698,MDA-MB-231,0.0,0.08152927742659626
Hum_XLOC_001707,MDA-MB-231,0.0,0.03947492525030147
Hum_XLOC_001760,MDA-MB-231,0.0,0.0
Hum_XLOC_001761,MDA-MB-231,1.0,0.0
Hum_XLOC_001773,MDA-MB-231,0.0,0.048219566690765034
Hum_XLOC_001775,MDA-MB-231,0.0,0.03895248888838531
Hum_XLOC_001779,MDA-MB-231,1.0,0.03968002645097033
Hum_XLOC_001783,MDA-MB-231,0.0,0.0
Hum_XLOC_001791,MDA-MB-231,1.0,0.07931248247329009
Hum_XLOC_001805,MDA-MB-231,0.0,0.0
Hum_XLOC_001809,MDA-MB-231,0.0,0.040725832996397995
Hum_XLOC_001848,MDA-MB-231,0.0,0.0
Hum_XLOC_001919,MDA-MB-231,0.0,0.038523487477028
Hum_XLOC_001941,MDA-MB-231,0.0,0.0
Hum_XLOC_001942,MDA-MB-231,0.0,0.03851522846418709
Hum_XLOC_001949,MDA-MB-231,0.0,0.037976592357416565
Hum_XLOC_001950,MDA-MB-231,0.0,0.07939540308361483
Hum_XLOC_001953,MDA-MB-231,0.0,0.11577086549937603
Hum_XLOC_001957,MDA-MB-231,0.0,0.041527408522454866
Hum_XLOC_001961,MDA-MB-231,0.0,0.0
Hum_XLOC_001969,MDA-MB-231,0.0,0.079294649757326
Hum_XLOC_002024,MDA-MB-231,0.0,0.0
Hum_XLOC_002028,MDA-MB-231,0.0,0.0
Hum_XLOC_002033,MDA-MB-231,0.0,0.0
Hum_XLOC_002036,MDA-MB-231,0.0,0.0
Hum_XLOC_002037,MDA-MB-231,0.0,0.07724054117261926
Hum_XLOC_002041,MDA-MB-231,0.0,0.0
Hum_XLOC_002059,MDA-MB-231,0.0,0.07878756401442251
Hum_XLOC_002061,MDA-MB-231,0.0,0.0
Hum_XLOC_002068,MDA-MB-231,0.0,0.0
Hum_XLOC_002081,MDA-MB-231,0.0,0.0
Hum_XLOC_002093,MDA-MB-231,0.0,0.04000104210157315
Hum_XLOC_002099,MDA-MB-231,0.0,0.08034611495542948
Hum_XLOC_002144,MDA-MB-231,0.0,0.04046637602452366
Hum_XLOC_002150,MDA-MB-231,0.0,0.039146167056822063
Hum_XLOC_002152,MDA-MB-231,0.0,0.0
Hum_XLOC_002154,MDA-MB-231,0.0,0.11795548755209972
Hum_XLOC_002169,MDA-MB-231,0.0,0.039868772630552586
Hum_XLOC_002170,MDA-MB-231,0.0,0.0
Hum_XLOC_002176,MDA-MB-231,0.0,0.08063915955548985
Hum_XLOC_002178,MDA-MB-231,0.0,0.0
Hum_XLOC_002186,MDA-MB-231,0.0,0.03921077014417804
Hum_XLOC_002204,MDA-MB-231,0.0,0.0
Hum_XLOC_002205,MDA-MB-231,0.0,0.039722068745724086
Hum_XLOC_002219,MDA-MB-231,0.0,0.0
Hum_XLOC_002244,MDA-MB-231,0.0,0.0
Hum_XLOC_002252,MDA-MB-231,0.0,0.11942421985597389
Hum_XLOC_002261,MDA-MB-231,0.0,0.038251090602681996
Hum_XLOC_002262,MDA-MB-231,0.0,0.0
Hum_XLOC_002265,MDA-MB-231,0.0,0.0
Hum_XLOC_002271,MDA-MB-231,0.0,0.0384475998548266
Hum_XLOC_002280,MDA-MB-231,0.0,0.03991497628253389
Hum_XLOC_002282,MDA-MB-231,0.0,0.03904419013991575
Hum_XLOC_002283,MDA-MB-231,0.0,0.0
Hum_XLOC_002284,MDA-MB-231,0.0,0.0
Hum_XLOC_002294,MDA-MB-231,0.0,0.0429031091847769
Hum_XLOC_002296,MDA-MB-231,0.0,0.0
Hum_XLOC_002299,MDA-MB-231,0.0,0.04036772729729563
Hum_XLOC_002301,MDA-MB-231,0.0,0.03989873492307843
Hum_XLOC_002306,MDA-MB-231,0.0,0.039247928471961735
Hum_XLOC_002311,MDA-MB-231,1.0,0.07352150344391312
Hum_XLOC_002313,MDA-MB-231,0.0,0.0
Hum_XLOC_002314,MDA-MB-231,0.0,0.0
Hum_XLOC_002327,MDA-MB-231,0.0,0.03894109529870763
Hum_XLOC_002330,MDA-MB-231,0.0,0.04026654139034334
Hum_XLOC_002338,MDA-MB-231,0.0,0.03952612200411554
Hum_XLOC_002344,MDA-MB-231,0.0,0.037687254739114086
Hum_XLOC_002347,MDA-MB-231,0.0,0.0
Hum_XLOC_002348,MDA-MB-231,0.0,0.08083290924363011
Hum_XLOC_002362,MDA-MB-231,0.0,0.0
Hum_XLOC_002364,MDA-MB-231,0.0,0.08189018089000065
Hum_XLOC_002383,MDA-MB-231,0.0,0.0
Hum_XLOC_002386,MDA-MB-231,0.0,0.0
Hum_XLOC_002390,MDA-MB-231,0.0,0.0
Hum_XLOC_002394,MDA-MB-231,0.0,0.0
Hum_XLOC_002398,MDA-MB-231,0.0,0.07706990236823642
Hum_XLOC_002399,MDA-MB-231,0.0,0.04006479625845094
Hum_XLOC_002408,MDA-MB-231,0.0,0.0
Hum_XLOC_002414,MDA-MB-231,0.0,0.03979883486449151
Hum_XLOC_002418,MDA-MB-231,0.0,0.0
Hum_XLOC_002435,MDA-MB-231,0.0,0.040743608865637486
Hum_XLOC_002440,MDA-MB-231,0.0,0.0
Hum_XLOC_002489,MDA-MB-231,0.0,0.0
Hum_XLOC_002490,MDA-MB-231,0.0,0.0
Hum_XLOC_002493,MDA-MB-231,0.0,0.0
Hum_XLOC_002520,MDA-MB-231,0.0,0.0
Hum_XLOC_002524,MDA-MB-231,0.0,0.0
Hum_XLOC_002546,MDA-MB-231,0.0,0.0
Hum_XLOC_002560,MDA-MB-231,0.0,0.0
Hum_XLOC_002570,MDA-MB-231,0.0,0.038261008003380816
Hum_XLOC_002577,MDA-MB-231,0.0,0.0
Hum_XLOC_002579,MDA-MB-231,1.0,0.0
Hum_XLOC_002586,MDA-MB-231,0.0,0.03697141185869995
Hum_XLOC_002589,MDA-MB-231,0.0,0.0
Hum_XLOC_002629,MDA-MB-231,0.0,0.0793766549321745
Hum_XLOC_002631,MDA-MB-231,0.0,0.0
Hum_XLOC_002635,MDA-MB-231,0.0,0.08101797246557707
Hum_XLOC_002644,MDA-MB-231,0.0,0.038887708713208784
Hum_XLOC_002646,MDA-MB-231,0.0,0.039364562560200704
Hum_XLOC_002653,MDA-MB-231,0.0,0.03862596173031306
Hum_XLOC_002681,MDA-MB-231,0.0,0.0
Hum_XLOC_002695,MDA-MB-231,0.0,0.03919158179534335
Hum_XLOC_002702,MDA-MB-231,0.0,0.0
Hum_XLOC_002705,MDA-MB-231,0.0,0.03946556581939282
Hum_XLOC_002711,MDA-MB-231,0.0,0.03930232581874041
Hum_XLOC_002714,MDA-MB-231,0.0,0.0
Hum_XLOC_002717,MDA-MB-231,0.0,0.037439070876755666
Hum_XLOC_002725,MDA-MB-231,0.0,0.0
Hum_XLOC_002741,MDA-MB-231,0.0,0.0
Hum_XLOC_002742,MDA-MB-231,0.0,0.0
Hum_XLOC_002744,MDA-MB-231,0.0,0.0
Hum_XLOC_002760,MDA-MB-231,0.0,0.038532052493117995
Hum_XLOC_002788,MDA-MB-231,0.0,0.0
Hum_XLOC_002792,MDA-MB-231,0.0,0.04183540356842107
Hum_XLOC_002796,MDA-MB-231,0.0,0.03916971743665825
Hum_XLOC_002817,MDA-MB-231,0.0,0.0
Hum_XLOC_002836,MDA-MB-231,1.0,0.08009737149487027
Hum_XLOC_002844,MDA-MB-231,0.0,0.0
Hum_XLOC_002845,MDA-MB-231,0.0,0.0
Hum_XLOC_002859,MDA-MB-231,0.0,0.0
Hum_XLOC_002889,MDA-MB-231,1.0,0.0
Hum_XLOC_002911,MDA-MB-231,0.0,0.0
Hum_XLOC_002935,MDA-MB-231,0.0,0.0
Hum_XLOC_002937,MDA-MB-231,0.0,0.039482839436367365
Hum_XLOC_002967,MDA-MB-231,0.0,0.0
Hum_XLOC_002983,MDA-MB-231,0.0,0.0
Hum_XLOC_002986,MDA-MB-231,0.0,0.041524475938859655
Hum_XLOC_002990,MDA-MB-231,0.0,0.0
Hum_XLOC_003039,MDA-MB-231,0.0,0.0
Hum_XLOC_003061,MDA-MB-231,0.0,0.0
Hum_XLOC_003086,MDA-MB-231,1.0,0.0
Hum_XLOC_003099,MDA-MB-231,0.0,0.0
Hum_XLOC_003109,MDA-MB-231,0.0,0.037401022205827715
Hum_XLOC_003128,MDA-MB-231,0.0,0.038895742123565294
Hum_XLOC_003134,MDA-MB-231,0.0,0.0
Hum_XLOC_003137,MDA-MB-231,0.0,0.0
Hum_XLOC_003154,MDA-MB-231,0.0,0.0791853978149271
Hum_XLOC_003155,MDA-MB-231,0.0,0.03807672078135898
Hum_XLOC_003171,MDA-MB-231,0.0,0.0
Hum_XLOC_003209,MDA-MB-231,0.0,0.04055320321450962
Hum_XLOC_003215,MDA-MB-231,0.0,0.0
Hum_XLOC_003221,MDA-MB-231,0.0,0.04413309298221131
Hum_XLOC_003232,MDA-MB-231,0.0,0.03987313686046968
Hum_XLOC_003268,MDA-MB-231,0.0,0.039525377503851225
Hum_XLOC_003269,MDA-MB-231,0.0,0.03916115503524718
Hum_XLOC_003286,MDA-MB-231,0.0,0.04262360372800266
Hum_XLOC_003290,MDA-MB-231,0.0,0.0
Hum_XLOC_003294,MDA-MB-231,0.0,0.0398496022365558
Hum_XLOC_003321,MDA-MB-231,0.0,0.03939639980780847
Hum_XLOC_003324,MDA-MB-231,0.0,0.0
Hum_XLOC_003334,MDA-MB-231,0.0,0.0408566064746659
Hum_XLOC_003337,MDA-MB-231,0.0,0.03852634361562875
Hum_XLOC_003338,MDA-MB-231,0.0,0.0
Hum_XLOC_003352,MDA-MB-231,0.0,0.039419678256678095
Hum_XLOC_003357,MDA-MB-231,0.0,0.0
Hum_XLOC_003361,MDA-MB-231,0.0,0.038764680526407254
Hum_XLOC_003371,MDA-MB-231,0.0,0.0
Hum_XLOC_003381,MDA-MB-231,0.0,0.039925201139161884
Hum_XLOC_003408,MDA-MB-231,0.0,0.03929426619589649
Hum_XLOC_003436,MDA-MB-231,0.0,0.0
Hum_XLOC_003440,MDA-MB-231,0.0,0.07772223860471868
Hum_XLOC_003450,MDA-MB-231,0.0,0.07786644147604038
Hum_XLOC_003466,MDA-MB-231,0.0,0.07938454929449366
Hum_XLOC_003488,MDA-MB-231,0.0,0.0
Hum_XLOC_003491,MDA-MB-231,0.0,0.07974080865800007
Hum_XLOC_003497,MDA-MB-231,0.0,0.0
Hum_XLOC_003498,MDA-MB-231,0.0,0.040804291976901365
Hum_XLOC_003502,MDA-MB-231,0.0,0.0
Hum_XLOC_003518,MDA-MB-231,0.0,0.11654783625097935
Hum_XLOC_003532,MDA-MB-231,0.0,0.04091243552327787
Hum_XLOC_003543,MDA-MB-231,0.0,0.03309089719473401
Hum_XLOC_003554,MDA-MB-231,0.0,0.03647354797860666
Hum_XLOC_003563,MDA-MB-231,0.0,0.037991719358584745
Hum_XLOC_003567,MDA-MB-231,0.0,0.03865805773999894
Hum_XLOC_003568,MDA-MB-231,0.0,0.0
Hum_XLOC_003570,MDA-MB-231,0.0,0.041264099536752
Hum_XLOC_003571,MDA-MB-231,0.0,0.0
Hum_XLOC_003593,MDA-MB-231,0.0,0.03951731520055628
Hum_XLOC_003594,MDA-MB-231,0.0,0.0
Hum_XLOC_003598,MDA-MB-231,0.0,0.0
Hum_XLOC_003626,MDA-MB-231,0.0,0.0
Hum_XLOC_003628,MDA-MB-231,0.0,0.03767337468689415
Hum_XLOC_003630,MDA-MB-231,0.0,0.0
Hum_XLOC_003641,MDA-MB-231,0.0,0.11589039285769505
Hum_XLOC_003662,MDA-MB-231,0.0,0.0
Hum_XLOC_003665,MDA-MB-231,0.0,0.0
Hum_XLOC_003672,MDA-MB-231,0.0,0.0409664051709399
Hum_XLOC_003673,MDA-MB-231,0.0,0.0
Hum_XLOC_003674,MDA-MB-231,0.0,0.04029541592625812
Hum_XLOC_003676,MDA-MB-231,0.0,0.07711233378036422
Hum_XLOC_003686,MDA-MB-231,0.0,0.0
Hum_XLOC_003697,MDA-MB-231,0.0,0.0
Hum_XLOC_003717,MDA-MB-231,0.0,0.03898896350048213
Hum_XLOC_003725,MDA-MB-231,0.0,0.04081187126505231
Hum_XLOC_003743,MDA-MB-231,0.0,0.03857493286122524
Hum_XLOC_003754,MDA-MB-231,0.0,0.0
Hum_XLOC_003766,MDA-MB-231,0.0,0.0387566528415438
Hum_XLOC_003775,MDA-MB-231,0.0,0.03943065441416911
Hum_XLOC_003790,MDA-MB-231,0.0,0.0
Hum_XLOC_003799,MDA-MB-231,1.0,0.03914560429502032
Hum_XLOC_003853,MDA-MB-231,0.0,0.0
Hum_XLOC_003865,MDA-MB-231,0.0,0.1595986365376977
Hum_XLOC_003871,MDA-MB-231,0.0,0.03873498732203049
Hum_XLOC_003891,MDA-MB-231,0.0,0.03866745050661645
Hum_XLOC_003892,MDA-MB-231,0.0,0.08558903601838139
Hum_XLOC_003910,MDA-MB-231,0.0,0.0769302177572968
Hum_XLOC_003911,MDA-MB-231,0.0,0.04007595238210389
Hum_XLOC_003952,MDA-MB-231,0.0,0.0
Hum_XLOC_003971,MDA-MB-231,0.0,0.0
Hum_XLOC_003988,MDA-MB-231,0.0,0.0
Hum_XLOC_004020,MDA-MB-231,0.0,0.0
Hum_XLOC_004035,MDA-MB-231,0.0,0.03803419689770824
Hum_XLOC_004036,MDA-MB-231,1.0,0.0
Hum_XLOC_004048,MDA-MB-231,0.0,0.03917108200224202
Hum_XLOC_004068,MDA-MB-231,0.0,0.03965070005908569
Hum_XLOC_004069,MDA-MB-231,0.0,0.0
Hum_XLOC_004095,MDA-MB-231,0.0,0.04277376793132491
Hum_XLOC_004096,MDA-MB-231,0.0,0.0
Hum_XLOC_004116,MDA-MB-231,0.0,0.0
Hum_XLOC_004123,MDA-MB-231,0.0,0.0
Hum_XLOC_004134,MDA-MB-231,0.0,0.0
Hum_XLOC_004161,MDA-MB-231,0.0,0.0
Hum_XLOC_004168,MDA-MB-231,0.0,0.0
Hum_XLOC_004169,MDA-MB-231,0.0,0.0
Hum_XLOC_004177,MDA-MB-231,0.0,0.0398409390922459
Hum_XLOC_004200,MDA-MB-231,0.0,0.0
Hum_XLOC_004201,MDA-MB-231,0.0,0.039530856500706923
Hum_XLOC_004219,MDA-MB-231,0.0,0.03895411176548708
Hum_XLOC_004226,MDA-MB-231,0.0,0.0
Hum_XLOC_004227,MDA-MB-231,0.0,0.0
Hum_XLOC_004236,MDA-MB-231,0.0,0.12249460867447383
Hum_XLOC_004254,MDA-MB-231,1.0,0.041157320253758546
Hum_XLOC_004255,MDA-MB-231,0.0,0.08305718113867282
Hum_XLOC_004262,MDA-MB-231,1.0,0.11964546848845824
Hum_XLOC_004269,MDA-MB-231,0.0,0.11735284409483035
Hum_XLOC_004277,MDA-MB-231,0.0,0.038504932007538045
Hum_XLOC_004278,MDA-MB-231,0.0,0.03981433201270068
Hum_XLOC_004282,MDA-MB-231,0.0,0.0
Hum_XLOC_004287,MDA-MB-231,0.0,0.0380969505325074
Hum_XLOC_004293,MDA-MB-231,0.0,0.0
Hum_XLOC_004302,MDA-MB-231,0.0,0.03775248950062811
Hum_XLOC_004303,MDA-MB-231,0.0,0.0
Hum_XLOC_004306,MDA-MB-231,0.0,0.0
Hum_XLOC_004309,MDA-MB-231,0.0,0.0
Hum_XLOC_004314,MDA-MB-231,0.0,0.03910586236432021
Hum_XLOC_004317,MDA-MB-231,0.0,0.08323091550255993
Hum_XLOC_004336,MDA-MB-231,0.0,0.0
Hum_XLOC_004343,MDA-MB-231,0.0,0.03938659990482951
Hum_XLOC_004350,MDA-MB-231,0.0,0.07829480560764461
Hum_XLOC_004361,MDA-MB-231,0.0,0.0
Hum_XLOC_004363,MDA-MB-231,0.0,0.0
Hum_XLOC_004401,MDA-MB-231,0.0,0.0
Hum_XLOC_004405,MDA-MB-231,0.0,0.0
Hum_XLOC_004407,MDA-MB-231,0.0,0.0
Hum_XLOC_004424,MDA-MB-231,0.0,0.10501318576572828
Hum_XLOC_004437,MDA-MB-231,0.0,0.0
Hum_XLOC_004446,MDA-MB-231,0.0,0.03929144796582827
Hum_XLOC_004457,MDA-MB-231,0.0,0.0
Hum_XLOC_004482,MDA-MB-231,0.0,0.0
Hum_XLOC_004502,MDA-MB-231,0.0,0.0
Hum_XLOC_004515,MDA-MB-231,0.0,0.0
Hum_XLOC_004529,MDA-MB-231,0.0,0.039953589980735456
Hum_XLOC_004535,MDA-MB-231,0.0,0.03927549009919674
Hum_XLOC_004553,MDA-MB-231,0.0,0.03949200598427204
Hum_XLOC_004566,MDA-MB-231,0.0,0.0
Hum_XLOC_004567,MDA-MB-231,0.0,0.04110600045342558
Hum_XLOC_004572,MDA-MB-231,1.0,0.03939190950091689
Hum_XLOC_004578,MDA-MB-231,0.0,0.0
Hum_XLOC_004580,MDA-MB-231,0.0,0.0
Hum_XLOC_004581,MDA-MB-231,0.0,0.0
Hum_XLOC_004587,MDA-MB-231,0.0,0.039338152086263074
Hum_XLOC_004600,MDA-MB-231,0.0,0.11621447818209284
Hum_XLOC_004601,MDA-MB-231,0.0,0.04022525360148448
Hum_XLOC_004607,MDA-MB-231,0.0,0.0
Hum_XLOC_004617,MDA-MB-231,0.0,0.0
Hum_XLOC_004619,MDA-MB-231,0.0,0.0
Hum_XLOC_004620,MDA-MB-231,0.0,0.0
Hum_XLOC_004632,MDA-MB-231,0.0,0.037185864995773164
Hum_XLOC_004636,MDA-MB-231,0.0,0.03979018203423076
Hum_XLOC_004652,MDA-MB-231,0.0,0.0
Hum_XLOC_004653,MDA-MB-231,0.0,0.1172635884366886
Hum_XLOC_004657,MDA-MB-231,1.0,0.08581854550350738
Hum_XLOC_004661,MDA-MB-231,0.0,0.24330985879083383
Hum_XLOC_004683,MDA-MB-231,0.0,0.0
Hum_XLOC_004684,MDA-MB-231,0.0,0.04493575720793364
Hum_XLOC_004688,MDA-MB-231,0.0,0.038973859710859836
Hum_XLOC_004689,MDA-MB-231,0.0,0.08022977571200647
Hum_XLOC_004705,MDA-MB-231,0.0,0.0
Hum_XLOC_004717,MDA-MB-231,0.0,0.0
Hum_XLOC_004718,MDA-MB-231,0.0,0.0
Hum_XLOC_004733,MDA-MB-231,0.0,0.03903605337079651
Hum_XLOC_004741,MDA-MB-231,0.0,0.0
Hum_XLOC_004762,MDA-MB-231,0.0,0.0
Hum_XLOC_004771,MDA-MB-231,0.0,0.038478252616574164
Hum_XLOC_004777,MDA-MB-231,0.0,0.0
Hum_XLOC_004788,MDA-MB-231,0.0,0.07997692052508017
Hum_XLOC_004791,MDA-MB-231,0.0,0.04343403686358399
Hum_XLOC_004795,MDA-MB-231,0.0,0.0
Hum_XLOC_004803,MDA-MB-231,0.0,0.07960669949922453
Hum_XLOC_004805,MDA-MB-231,0.0,0.0
Hum_XLOC_004813,MDA-MB-231,0.0,0.0
Hum_XLOC_004815,MDA-MB-231,0.0,0.0
Hum_XLOC_004822,MDA-MB-231,0.0,0.08125370154688055
Hum_XLOC_004823,MDA-MB-231,0.0,0.0
Hum_XLOC_004827,MDA-MB-231,0.0,0.0
Hum_XLOC_004837,MDA-MB-231,0.0,0.0
Hum_XLOC_004839,MDA-MB-231,0.0,0.0
Hum_XLOC_004855,MDA-MB-231,0.0,0.04051672680283459
Hum_XLOC_004874,MDA-MB-231,0.0,0.0
Hum_XLOC_004875,MDA-MB-231,0.0,0.0382161333548082
Hum_XLOC_004878,MDA-MB-231,0.0,0.037992461694445465
Hum_XLOC_004884,MDA-MB-231,1.0,0.039005411789969364
Hum_XLOC_004911,MDA-MB-231,0.0,0.21173054030469474
Hum_XLOC_004915,MDA-MB-231,0.0,0.0
Hum_XLOC_004927,MDA-MB-231,1.0,0.040154098348722814
Hum_XLOC_004929,MDA-MB-231,0.0,0.0
Hum_XLOC_004936,MDA-MB-231,0.0,0.0
Hum_XLOC_004957,MDA-MB-231,0.0,0.0
Hum_XLOC_004960,MDA-MB-231,0.0,0.08294459636525493
Hum_XLOC_004965,MDA-MB-231,0.0,0.0
Hum_XLOC_000006,THP1,0.0,0.039409953693648136
Hum_XLOC_000008,THP1,0.0,0.038497228655573264
Hum_XLOC_000016,THP1,0.0,0.07899037458125195
Hum_XLOC_000030,THP1,0.0,0.044779783701505954
Hum_XLOC_000033,THP1,0.0,0.03825190192247272
Hum_XLOC_000039,THP1,0.0,0.0
Hum_XLOC_000053,THP1,0.0,0.0
Hum_XLOC_000057,THP1,0.0,0.0
Hum_XLOC_000060,THP1,0.0,0.0
Hum_XLOC_000080,THP1,0.0,0.0
Hum_XLOC_000094,THP1,0.0,0.0
Hum_XLOC_000100,THP1,0.0,0.0
Hum_XLOC_000105,THP1,0.0,0.0
Hum_XLOC_000107,THP1,0.0,0.0
Hum_XLOC_000111,THP1,0.0,0.040269458166010665
Hum_XLOC_000134,THP1,0.0,0.07617448032963173
Hum_XLOC_000143,THP1,0.0,0.038372842745212014
Hum_XLOC_000145,THP1,0.0,0.0421630826883769
Hum_XLOC_000149,THP1,0.0,0.07714452498739666
Hum_XLOC_000155,THP1,0.0,0.04006619636494748
Hum_XLOC_000169,THP1,0.0,0.0
Hum_XLOC_000170,THP1,0.0,0.07878441286858064
Hum_XLOC_000194,THP1,0.0,0.036797725256999016
Hum_XLOC_000201,THP1,0.0,0.0
Hum_XLOC_000231,THP1,0.0,0.0
Hum_XLOC_000233,THP1,0.0,0.03877160288645024
Hum_XLOC_000245,THP1,0.0,0.07490309185999477
Hum_XLOC_000247,THP1,0.0,0.0
Hum_XLOC_000248,THP1,0.0,0.03911032722699073
Hum_XLOC_000265,THP1,0.0,0.0
Hum_XLOC_000282,THP1,0.0,0.04169686135705716
Hum_XLOC_000286,THP1,0.0,0.0
Hum_XLOC_000292,THP1,0.0,0.04031964174310158
Hum_XLOC_000307,THP1,0.0,0.07994608698099374
Hum_XLOC_000308,THP1,0.0,0.0
Hum_XLOC_000312,THP1,0.0,0.041373409888944515
Hum_XLOC_000314,THP1,0.0,0.07679335102925093
Hum_XLOC_000317,THP1,0.0,0.0
Hum_XLOC_000319,THP1,0.0,0.0
Hum_XLOC_000332,THP1,0.0,0.03919485640872496
Hum_XLOC_000338,THP1,1.0,0.07915440959590904
Hum_XLOC_000342,THP1,0.0,0.03940524161659039
Hum_XLOC_000345,THP1,0.0,0.0
Hum_XLOC_000362,THP1,0.0,0.07705909307564293
Hum_XLOC_000377,THP1,0.0,0.038273778114909666
Hum_XLOC_000390,THP1,0.0,0.0
Hum_XLOC_000394,THP1,0.0,0.03858515789506169
Hum_XLOC_000411,THP1,0.0,0.07856630441496679
Hum_XLOC_000415,THP1,0.0,0.0
Hum_XLOC_000430,THP1,0.0,0.03935670781842557
Hum_XLOC_000436,THP1,1.0,0.0
Hum_XLOC_000437,THP1,0.0,0.03882391876354662
Hum_XLOC_000456,THP1,1.0,0.1996482260031932
Hum_XLOC_000461,THP1,0.0,0.08338481109216961
Hum_XLOC_000462,THP1,0.0,0.03827312799674022
Hum_XLOC_000465,THP1,0.0,0.0
Hum_XLOC_000472,THP1,0.0,0.0
Hum_XLOC_000474,THP1,0.0,0.08008929243197266
Hum_XLOC_000478,THP1,0.0,0.0
Hum_XLOC_000486,THP1,0.0,0.03911722262920854
Hum_XLOC_000490,THP1,0.0,0.0
Hum_XLOC_000498,THP1,0.0,0.08153068591649805
Hum_XLOC_000500,THP1,0.0,0.08506018942142497
Hum_XLOC_000510,THP1,0.0,0.07885593499359943
Hum_XLOC_000535,THP1,0.0,0.039159452777275644
Hum_XLOC_000540,THP1,0.0,0.0
Hum_XLOC_000556,THP1,0.0,0.0
Hum_XLOC_000574,THP1,0.0,0.07809967381888494
Hum_XLOC_000575,THP1,0.0,0.04090020839726227
Hum_XLOC_000582,THP1,0.0,0.0
Hum_XLOC_000590,THP1,0.0,0.0
Hum_XLOC_000601,THP1,0.0,0.03874530237130044
Hum_XLOC_000604,THP1,0.0,0.043169089288770106
Hum_XLOC_000608,THP1,0.0,0.03682298910905793
Hum_XLOC_000612,THP1,0.0,0.07670156243306794
Hum_XLOC_000636,THP1,1.0,0.0
Hum_XLOC_000638,THP1,0.0,0.03916288974596254
Hum_XLOC_000641,THP1,0.0,0.0
Hum_XLOC_000655,THP1,0.0,0.03932797151172667
Hum_XLOC_000668,THP1,0.0,0.03979345631378358
Hum_XLOC_000680,THP1,0.0,0.0
Hum_XLOC_000681,THP1,0.0,0.03901496142410976
Hum_XLOC_000695,THP1,0.0,0.0402018117543932
Hum_XLOC_000702,THP1,0.0,0.11629191207424659
Hum_XLOC_000726,THP1,0.0,0.08090227166586723
Hum_XLOC_000727,THP1,0.0,0.07970094528739716
Hum_XLOC_000758,THP1,0.0,0.039434007274109104
Hum_XLOC_000773,THP1,0.0,0.07944085224189022
Hum_XLOC_000774,THP1,0.0,0.0
Hum_XLOC_000797,THP1,0.0,0.0
Hum_XLOC_000799,THP1,0.0,0.03798565320762212
Hum_XLOC_000800,THP1,0.0,0.07897288533468583
Hum_XLOC_000807,THP1,0.0,0.0
Hum_XLOC_000818,THP1,0.0,0.03922318406805954
Hum_XLOC_000828,THP1,0.0,0.0
Hum_XLOC_000831,THP1,0.0,0.08115886251397152
Hum_XLOC_000835,THP1,0.0,0.03950789968831263
Hum_XLOC_000840,THP1,0.0,0.03877136462963667
Hum_XLOC_000841,THP1,0.0,0.03980219632679236
Hum_XLOC_000842,THP1,0.0,0.03987238592312733
Hum_XLOC_000854,THP1,0.0,0.038436930950152395
Hum_XLOC_000855,THP1,0.0,0.03921860672260095
Hum_XLOC_000883,THP1,0.0,0.041687706061921175
Hum_XLOC_000885,THP1,0.0,0.11861641008477074
Hum_XLOC_000905,THP1,0.0,0.07943522782587041
Hum_XLOC_000917,THP1,0.0,0.08015738974137651
Hum_XLOC_000925,THP1,0.0,0.0
Hum_XLOC_000944,THP1,0.0,0.040057845111596026
Hum_XLOC_000949,THP1,0.0,0.0
Hum_XLOC_000953,THP1,0.0,0.03910303356703503
Hum_XLOC_000964,THP1,0.0,0.07850741969250487
Hum_XLOC_000990,THP1,0.0,0.07642743742652973
Hum_XLOC_000994,THP1,0.0,0.039304090750392824
Hum_XLOC_001020,THP1,0.0,0.0
Hum_XLOC_001029,THP1,0.0,0.04042159148608643
Hum_XLOC_001066,THP1,0.0,0.040365209529341355
Hum_XLOC_001120,THP1,0.0,0.038857563423161004
Hum_XLOC_001121,THP1,0.0,0.0
Hum_XLOC_001122,THP1,0.0,0.0
Hum_XLOC_001125,THP1,0.0,0.04007740938846264
Hum_XLOC_001132,THP1,0.0,0.03974549411839757
Hum_XLOC_001138,THP1,0.0,0.038578090048082485
Hum_XLOC_001144,THP1,0.0,0.04062311665448598
Hum_XLOC_001146,THP1,0.0,0.19771581935089647
Hum_XLOC_001188,THP1,1.0,0.03793930731869352
Hum_XLOC_001191,THP1,0.0,0.0
Hum_XLOC_001192,THP1,0.0,0.041942314309082206
Hum_XLOC_001217,THP1,0.0,0.07802723421956063
Hum_XLOC_001222,THP1,0.0,0.0
Hum_XLOC_001228,THP1,0.0,0.0783741847010984
Hum_XLOC_001230,THP1,0.0,0.039239375642466066
Hum_XLOC_001237,THP1,0.0,0.038102196327396205
Hum_XLOC_001243,THP1,0.0,0.03894708022167504
Hum_XLOC_001275,THP1,0.0,0.03992485272803866
Hum_XLOC_001279,THP1,0.0,0.04014622215232384
Hum_XLOC_001291,THP1,0.0,0.07841334390401185
Hum_XLOC_001296,THP1,0.0,0.0
Hum_XLOC_001297,THP1,0.0,0.08152147878926452
Hum_XLOC_001309,THP1,0.0,0.11786277528229754
Hum_XLOC_001329,THP1,0.0,0.08951825252120646
Hum_XLOC_001330,THP1,0.0,0.04027303181152053
Hum_XLOC_001355,THP1,0.0,0.0
Hum_XLOC_001366,THP1,0.0,0.0
Hum_XLOC_001367,THP1,0.0,0.0
Hum_XLOC_001375,THP1,0.0,0.07888306676731412
Hum_XLOC_001390,THP1,0.0,0.0
Hum_XLOC_001405,THP1,0.0,0.0
Hum_XLOC_001461,THP1,0.0,0.0
Hum_XLOC_001465,THP1,0.0,0.04532405539659856
Hum_XLOC_001488,THP1,0.0,0.041659806134931254
Hum_XLOC_001490,THP1,0.0,0.07669696309774418
Hum_XLOC_001509,THP1,1.0,0.04165861676138932
Hum_XLOC_001516,THP1,0.0,0.0
Hum_XLOC_001532,THP1,0.0,0.0
Hum_XLOC_001539,THP1,0.0,0.039076026337843746
Hum_XLOC_001541,THP1,0.0,0.07856074855347955
Hum_XLOC_001542,THP1,0.0,0.12516617960285417
Hum_XLOC_001548,THP1,0.0,0.04057204962143402
Hum_XLOC_001559,THP1,0.0,0.03786455369546964
Hum_XLOC_001565,THP1,0.0,0.03921659061072256
Hum_XLOC_001566,THP1,0.0,0.0
Hum_XLOC_001575,THP1,0.0,0.0
Hum_XLOC_001580,THP1,0.0,0.0
Hum_XLOC_001590,THP1,0.0,0.0
Hum_XLOC_001615,THP1,1.0,0.039391815853738944
Hum_XLOC_001624,THP1,0.0,0.12106760408633206
Hum_XLOC_001639,THP1,0.0,0.0
Hum_XLOC_001661,THP1,0.0,0.08124371042505957
Hum_XLOC_001666,THP1,0.0,0.0
Hum_XLOC_001668,THP1,0.0,0.0
Hum_XLOC_001688,THP1,0.0,0.07862937456068786
Hum_XLOC_001689,THP1,0.0,0.08254852982679618
Hum_XLOC_001695,THP1,0.0,0.12887707051123562
Hum_XLOC_001696,THP1,0.0,0.04313148289237352
Hum_XLOC_001698,THP1,0.0,0.03938994255873922
Hum_XLOC_001707,THP1,0.0,0.11506205480335255
Hum_XLOC_001760,THP1,0.0,0.0
Hum_XLOC_001761,THP1,0.0,0.07879909747747145
Hum_XLOC_001773,THP1,0.0,0.03731330931314824
Hum_XLOC_001775,THP1,0.0,0.0
Hum_XLOC_001779,THP1,0.0,0.0
Hum_XLOC_001783,THP1,0.0,0.03969703063518325
Hum_XLOC_001791,THP1,0.0,0.0387966677572202
Hum_XLOC_001805,THP1,0.0,0.038921716694663724
Hum_XLOC_001809,THP1,0.0,0.03862021325482737
Hum_XLOC_001848,THP1,0.0,0.04258378312384767
Hum_XLOC_001919,THP1,0.0,0.0808943416206163
Hum_XLOC_001941,THP1,0.0,0.0
Hum_XLOC_001942,THP1,0.0,0.0
Hum_XLOC_001949,THP1,0.0,0.0
Hum_XLOC_001950,THP1,0.0,0.11954870828901036
Hum_XLOC_001953,THP1,0.0,0.1166779487462212
Hum_XLOC_001957,THP1,0.0,0.0424762884705484
Hum_XLOC_001961,THP1,1.0,0.03937541886012838
Hum_XLOC_001969,THP1,0.0,0.117608980004447
Hum_XLOC_002024,THP1,0.0,0.04094981851152629
Hum_XLOC_002028,THP1,0.0,0.0
Hum_XLOC_002033,THP1,0.0,0.04143879512104631
Hum_XLOC_002036,THP1,0.0,0.0
Hum_XLOC_002037,THP1,0.0,0.04592102496070711
Hum_XLOC_002041,THP1,0.0,0.0
Hum_XLOC_002059,THP1,0.0,0.04105904738577491
Hum_XLOC_002061,THP1,0.0,0.11970816667654852
Hum_XLOC_002068,THP1,0.0,0.0
Hum_XLOC_002081,THP1,0.0,0.03794762006916252
Hum_XLOC_002093,THP1,0.0,0.0
Hum_XLOC_002099,THP1,0.0,0.0767741447996457
Hum_XLOC_002144,THP1,0.0,0.04043205782393014
Hum_XLOC_002150,THP1,0.0,0.0
Hum_XLOC_002152,THP1,0.0,0.0
Hum_XLOC_002154,THP1,0.0,0.03957075739669561
Hum_XLOC_002169,THP1,1.0,0.0
Hum_XLOC_002170,THP1,0.0,0.04128037985386216
Hum_XLOC_002176,THP1,0.0,0.0
Hum_XLOC_002178,THP1,0.0,0.0
Hum_XLOC_002186,THP1,0.0,0.0
Hum_XLOC_002204,THP1,0.0,0.0
Hum_XLOC_002205,THP1,0.0,0.039911155893118284
Hum_XLOC_002219,THP1,0.0,0.0783252616154697
Hum_XLOC_002244,THP1,0.0,0.03865895194364848
Hum_XLOC_002252,THP1,0.0,0.11562195109120886
Hum_XLOC_002261,THP1,0.0,0.038973974965545284
Hum_XLOC_002262,THP1,0.0,0.038793187670200346
Hum_XLOC_002265,THP1,0.0,0.0
Hum_XLOC_002271,THP1,0.0,0.0
Hum_XLOC_002280,THP1,0.0,0.04011412748741895
Hum_XLOC_002282,THP1,0.0,0.11572034029686058
Hum_XLOC_002283,THP1,0.0,0.03895049378924361
Hum_XLOC_002284,THP1,0.0,0.07631977021303504
Hum_XLOC_002294,THP1,0.0,0.0
Hum_XLOC_002296,THP1,0.0,0.0
Hum_XLOC_002299,THP1,0.0,0.038893296988815766
Hum_XLOC_002301,THP1,0.0,0.0
Hum_XLOC_002306,THP1,0.0,0.0
Hum_XLOC_002311,THP1,0.0,0.03896713022518173
Hum_XLOC_002313,THP1,0.0,0.0
Hum_XLOC_002314,THP1,0.0,0.0
Hum_XLOC_002327,THP1,0.0,0.0
Hum_XLOC_002330,THP1,0.0,0.0
Hum_XLOC_002338,THP1,0.0,0.039622070657522386
Hum_XLOC_002344,THP1,0.0,0.03846049205093035
Hum_XLOC_002347,THP1,0.0,0.0
Hum_XLOC_002348,THP1,0.0,0.08051383434158371
Hum_XLOC_002362,THP1,0.0,0.03865880713492747
Hum_XLOC_002364,THP1,0.0,0.04307747733506468
Hum_XLOC_002383,THP1,0.0,0.03985717798603107
Hum_XLOC_002386,THP1,0.0,0.0
Hum_XLOC_002390,THP1,0.0,0.08114804435214089
Hum_XLOC_002394,THP1,0.0,0.0
Hum_XLOC_002398,THP1,0.0,0.07983192346774544
Hum_XLOC_002399,THP1,0.0,0.0
Hum_XLOC_002408,THP1,0.0,0.15564799069147053
Hum_XLOC_002414,THP1,0.0,0.08201755474147443
Hum_XLOC_002418,THP1,0.0,0.0
Hum_XLOC_002435,THP1,0.0,0.0
Hum_XLOC_002440,THP1,0.0,0.04156887868391685
Hum_XLOC_002489,THP1,0.0,0.04111020744812095
Hum_XLOC_002490,THP1,0.0,0.12561987420795856
Hum_XLOC_002493,THP1,0.0,0.04365878867828398
Hum_XLOC_002520,THP1,0.0,0.0
Hum_XLOC_002524,THP1,0.0,0.038665086067890854
Hum_XLOC_002546,THP1,0.0,0.0
Hum_XLOC_002560,THP1,0.0,0.0
Hum_XLOC_002570,THP1,0.0,0.03853989541891858
Hum_XLOC_002577,THP1,0.0,0.03794662857436419
Hum_XLOC_002579,THP1,0.0,0.0
Hum_XLOC_002586,THP1,0.0,0.0
Hum_XLOC_002589,THP1,0.0,0.04004141992271631
Hum_XLOC_002629,THP1,0.0,0.03909605903155885
Hum_XLOC_002631,THP1,0.0,0.0
Hum_XLOC_002635,THP1,0.0,0.0404534232993345
Hum_XLOC_002644,THP1,0.0,0.03895677124042606
Hum_XLOC_002646,THP1,0.0,0.0
Hum_XLOC_002653,THP1,0.0,0.0
Hum_XLOC_002681,THP1,0.0,0.0
Hum_XLOC_002695,THP1,0.0,0.03951679570401041
Hum_XLOC_002702,THP1,0.0,0.0
Hum_XLOC_002705,THP1,0.0,0.0
Hum_XLOC_002711,THP1,0.0,0.11674971288375965
Hum_XLOC_002714,THP1,0.0,0.0
Hum_XLOC_002717,THP1,0.0,0.03765224872117477
Hum_XLOC_002725,THP1,0.0,0.03856207289306932
Hum_XLOC_002741,THP1,0.0,0.0
Hum_XLOC_002742,THP1,0.0,0.03956090514181966
Hum_XLOC_002744,THP1,0.0,0.03973459193022047
Hum_XLOC_002760,THP1,0.0,0.12826322801798168
Hum_XLOC_002788,THP1,0.0,0.0
Hum_XLOC_002792,THP1,0.0,0.042139962734997025
Hum_XLOC_002796,THP1,0.0,0.0
Hum_XLOC_002817,THP1,0.0,0.039432126325105704
Hum_XLOC_002836,THP1,1.0,0.11542882281667066
Hum_XLOC_002844,THP1,0.0,0.0
Hum_XLOC_002845,THP1,0.0,0.07752900959684293
Hum_XLOC_002859,THP1,0.0,0.0
Hum_XLOC_002889,THP1,0.0,0.0
Hum_XLOC_002911,THP1,0.0,0.0
Hum_XLOC_002935,THP1,1.0,0.0
Hum_XLOC_002937,THP1,0.0,0.07837324073470255
Hum_XLOC_002967,THP1,0.0,0.03870623692545855
Hum_XLOC_002983,THP1,0.0,0.039420467217387664
Hum_XLOC_002986,THP1,0.0,0.041179401415356275
Hum_XLOC_002990,THP1,0.0,0.0
Hum_XLOC_003039,THP1,0.0,0.07743597953804654
Hum_XLOC_003061,THP1,0.0,0.039841719219529476
Hum_XLOC_003086,THP1,1.0,0.04110630840256014
Hum_XLOC_003099,THP1,0.0,0.04023643561015923
Hum_XLOC_003109,THP1,1.0,0.07809361122505383
Hum_XLOC_003128,THP1,0.0,0.12028303422512436
Hum_XLOC_003134,THP1,0.0,0.0
Hum_XLOC_003137,THP1,0.0,0.040308028845028654
Hum_XLOC_003154,THP1,0.0,0.0
Hum_XLOC_003155,THP1,0.0,0.03825846198334783
Hum_XLOC_003171,THP1,0.0,0.0
Hum_XLOC_003209,THP1,0.0,0.0
Hum_XLOC_003215,THP1,0.0,0.07870833827136879
Hum_XLOC_003221,THP1,0.0,0.11709674596151466
Hum_XLOC_003232,THP1,0.0,0.12066718688772413
Hum_XLOC_003268,THP1,0.0,0.0
Hum_XLOC_003269,THP1,0.0,0.0787035198221014
Hum_XLOC_003286,THP1,0.0,0.04253046400765519
Hum_XLOC_003290,THP1,0.0,0.04035351590902522
Hum_XLOC_003294,THP1,0.0,0.08351977374926373
Hum_XLOC_003321,THP1,0.0,0.03958853321341142
Hum_XLOC_003324,THP1,0.0,0.03965568808172104
Hum_XLOC_003334,THP1,0.0,0.1648463365369716
Hum_XLOC_003337,THP1,0.0,0.04323553714425298
Hum_XLOC_003338,THP1,0.0,0.0
Hum_XLOC_003352,THP1,0.0,0.07791605194092127
Hum_XLOC_003357,THP1,0.0,0.0
Hum_XLOC_003361,THP1,0.0,0.038933182704046505
Hum_XLOC_003371,THP1,0.0,0.0
Hum_XLOC_003381,THP1,0.0,0.0
Hum_XLOC_003408,THP1,0.0,0.12040693685753731
Hum_XLOC_003436,THP1,0.0,0.11987018440018682
Hum_XLOC_003440,THP1,0.0,0.0392833315290169
Hum_XLOC_003450,THP1,0.0,0.1214616871891198
Hum_XLOC_003466,THP1,0.0,0.03991202881941854
Hum_XLOC_003488,THP1,0.0,0.03808471112323029
Hum_XLOC_003491,THP1,0.0,0.0805696763918703
Hum_XLOC_003497,THP1,0.0,0.0
Hum_XLOC_003498,THP1,0.0,0.0
Hum_XLOC_003502,THP1,0.0,0.04160121541098077
Hum_XLOC_003518,THP1,0.0,0.08028119656662441
Hum_XLOC_003532,THP1,0.0,0.0
Hum_XLOC_003543,THP1,0.0,0.0
Hum_XLOC_003554,THP1,1.0,0.12124060758978181
Hum_XLOC_003563,THP1,0.0,0.03851215894174877
Hum_XLOC_003567,THP1,0.0,0.0
Hum_XLOC_003568,THP1,0.0,0.0
Hum_XLOC_003570,THP1,0.0,0.07864223182216286
Hum_XLOC_003571,THP1,0.0,0.0411003551489982
Hum_XLOC_003593,THP1,0.0,0.11879241191276124
Hum_XLOC_003594,THP1,0.0,0.0
Hum_XLOC_003598,THP1,0.0,0.0
Hum_XLOC_003626,THP1,0.0,0.0
Hum_XLOC_003628,THP1,1.0,0.0
Hum_XLOC_003630,THP1,0.0,0.038983797342227476
Hum_XLOC_003641,THP1,0.0,0.07750114854934813
Hum_XLOC_003662,THP1,0.0,0.07967315947549164
Hum_XLOC_003665,THP1,0.0,0.0
Hum_XLOC_003672,THP1,0.0,0.0
Hum_XLOC_003673,THP1,0.0,0.0
Hum_XLOC_003674,THP1,0.0,0.0
Hum_XLOC_003676,THP1,0.0,0.07784814879224998
Hum_XLOC_003686,THP1,0.0,0.03946054704044798
Hum_XLOC_003697,THP1,0.0,0.0
Hum_XLOC_003717,THP1,0.0,0.03911561426932068
Hum_XLOC_003725,THP1,0.0,0.0
Hum_XLOC_003743,THP1,0.0,0.039451448203637
Hum_XLOC_003754,THP1,0.0,0.0
Hum_XLOC_003766,THP1,0.0,0.12005711664697057
Hum_XLOC_003775,THP1,0.0,0.07473887456614521
Hum_XLOC_003790,THP1,0.0,0.03838116589390648
Hum_XLOC_003799,THP1,0.0,0.07978700047446059
Hum_XLOC_003853,THP1,0.0,0.0
Hum_XLOC_003865,THP1,0.0,0.08042362036954583
Hum_XLOC_003871,THP1,0.0,0.038828858835536134
Hum_XLOC_003891,THP1,0.0,0.03851564345217679
Hum_XLOC_003892,THP1,1.0,0.08023093790752947
Hum_XLOC_003910,THP1,0.0,0.0
Hum_XLOC_003911,THP1,0.0,0.08081157538743182
Hum_XLOC_003952,THP1,0.0,0.0
Hum_XLOC_003971,THP1,0.0,0.04051331811740332
Hum_XLOC_003988,THP1,0.0,0.0407066389516445
Hum_XLOC_004020,THP1,0.0,0.0
Hum_XLOC_004035,THP1,0.0,0.08091339812921929
Hum_XLOC_004036,THP1,0.0,0.0
Hum_XLOC_004048,THP1,0.0,0.0
Hum_XLOC_004068,THP1,0.0,0.0
Hum_XLOC_004069,THP1,0.0,0.0
Hum_XLOC_004095,THP1,0.0,0.042599073892697445
Hum_XLOC_004096,THP1,0.0,0.039374674864847824
Hum_XLOC_004116,THP1,0.0,0.0
Hum_XLOC_004123,THP1,0.0,0.03915270270671866
Hum_XLOC_004134,THP1,0.0,0.12178322021023572
Hum_XLOC_004161,THP1,0.0,0.04059155437740888
Hum_XLOC_004168,THP1,0.0,0.0
Hum_XLOC_004169,THP1,0.0,0.0
Hum_XLOC_004177,THP1,0.0,0.07911069542051292
Hum_XLOC_004200,THP1,0.0,0.0
Hum_XLOC_004201,THP1,0.0,0.11966548037856595
Hum_XLOC_004219,THP1,0.0,0.03960325697160459
Hum_XLOC_004226,THP1,0.0,0.0
Hum_XLOC_004227,THP1,0.0,0.0
Hum_XLOC_004236,THP1,0.0,0.08339600564962575
Hum_XLOC_004254,THP1,1.0,0.08141770740587846
Hum_XLOC_004255,THP1,0.0,0.11886750300088936
Hum_XLOC_004262,THP1,1.0,0.07930070208376122
Hum_XLOC_004269,THP1,0.0,0.0
Hum_XLOC_004277,THP1,0.0,0.037904191987978786
Hum_XLOC_004278,THP1,0.0,0.08421079037272894
Hum_XLOC_004282,THP1,0.0,0.0
Hum_XLOC_004287,THP1,0.0,0.037419886485541294
Hum_XLOC_004293,THP1,0.0,0.0
Hum_XLOC_004302,THP1,0.0,0.11938811659558361
Hum_XLOC_004303,THP1,0.0,0.0
Hum_XLOC_004306,THP1,0.0,0.039244518311705855
Hum_XLOC_004309,THP1,0.0,0.0
Hum_XLOC_004314,THP1,0.0,0.0
Hum_XLOC_004317,THP1,0.0,0.0
Hum_XLOC_004336,THP1,1.0,0.0391722602655527
Hum_XLOC_004343,THP1,0.0,0.11755191330018465
Hum_XLOC_004350,THP1,0.0,0.0788161812956353
Hum_XLOC_004361,THP1,0.0,0.0
Hum_XLOC_004363,THP1,0.0,0.03940442202655423
Hum_XLOC_004401,THP1,0.0,0.03988874199565945
Hum_XLOC_004405,THP1,0.0,0.0
Hum_XLOC_004407,THP1,0.0,0.0
Hum_XLOC_004424,THP1,0.0,0.07033858586989274
Hum_XLOC_004437,THP1,0.0,0.03887816412712018
Hum_XLOC_004446,THP1,0.0,0.03951588045778268
Hum_XLOC_004457,THP1,0.0,0.04431178496111262
Hum_XLOC_004482,THP1,0.0,0.0
Hum_XLOC_004502,THP1,0.0,0.0401769194614372
Hum_XLOC_004515,THP1,0.0,0.0
Hum_XLOC_004529,THP1,0.0,0.0
Hum_XLOC_004535,THP1,0.0,0.0
Hum_XLOC_004553,THP1,0.0,0.04259099825434541
Hum_XLOC_004566,THP1,0.0,0.0
Hum_XLOC_004567,THP1,0.0,0.0
Hum_XLOC_004572,THP1,1.0,0.1617532478331233
Hum_XLOC_004578,THP1,0.0,0.0
Hum_XLOC_004580,THP1,0.0,0.0
Hum_XLOC_004581,THP1,0.0,0.0
Hum_XLOC_004587,THP1,0.0,0.039302555144777186
Hum_XLOC_004600,THP1,0.0,0.0426765136721797
Hum_XLOC_004601,THP1,0.0,0.0
Hum_XLOC_004607,THP1,0.0,0.0
Hum_XLOC_004617,THP1,0.0,0.0
Hum_XLOC_004619,THP1,0.0,0.03973623674650474
Hum_XLOC_004620,THP1,0.0,0.08051478035646495
Hum_XLOC_004632,THP1,0.0,0.07526406276008095
Hum_XLOC_004636,THP1,0.0,0.12130838015932001
Hum_XLOC_004652,THP1,0.0,0.03933022006078409
Hum_XLOC_004653,THP1,0.0,0.0
Hum_XLOC_004657,THP1,0.0,0.08435267961278443
Hum_XLOC_004661,THP1,0.0,0.08497975607034265
Hum_XLOC_004683,THP1,0.0,0.08028667004681586
Hum_XLOC_004684,THP1,0.0,0.0
Hum_XLOC_004688,THP1,0.0,0.038843314688241135
Hum_XLOC_004689,THP1,0.0,0.0
Hum_XLOC_004705,THP1,0.0,0.0
Hum_XLOC_004717,THP1,0.0,0.04054410375894393
Hum_XLOC_004718,THP1,0.0,0.0
Hum_XLOC_004733,THP1,0.0,0.08482444847466655
Hum_XLOC_004741,THP1,0.0,0.0
Hum_XLOC_004762,THP1,0.0,0.0
Hum_XLOC_004771,THP1,0.0,0.0
Hum_XLOC_004777,THP1,0.0,0.037875020071782305
Hum_XLOC_004788,THP1,0.0,0.04003052826799473
Hum_XLOC_004791,THP1,0.0,0.08039615570101379
Hum_XLOC_004795,THP1,0.0,0.04015164100656412
Hum_XLOC_004803,THP1,0.0,0.0
Hum_XLOC_004805,THP1,0.0,0.0
Hum_XLOC_004813,THP1,0.0,0.04390184661565258
Hum_XLOC_004815,THP1,0.0,0.0
Hum_XLOC_004822,THP1,0.0,0.0
Hum_XLOC_004823,THP1,0.0,0.04241506807388602
Hum_XLOC_004827,THP1,0.0,0.0385597809687075
Hum_XLOC_004837,THP1,0.0,0.07945795296399824
Hum_XLOC_004839,THP1,0.0,0.08138682796915153
Hum_XLOC_004855,THP1,0.0,0.040138706556008055
Hum_XLOC_004874,THP1,0.0,0.0
Hum_XLOC_004875,THP1,0.0,0.04206931901968287
Hum_XLOC_004878,THP1,0.0,0.15548855024989786
Hum_XLOC_004884,THP1,0.0,0.03854213662123559
Hum_XLOC_004911,THP1,0.0,0.0379948834066492
Hum_XLOC_004915,THP1,1.0,0.039526825000113834
Hum_XLOC_004927,THP1,0.0,0.0
Hum_XLOC_004929,THP1,0.0,0.04261499363766048
Hum_XLOC_004936,THP1,0.0,0.0
Hum_XLOC_004957,THP1,0.0,0.0
Hum_XLOC_004960,THP1,0.0,0.0
Hum_XLOC_004965,THP1,0.0,0.07644178372789902
