target,cell_line,y_true,y_pred_proba
Hum_XLOC_000006,HAP1,0.0,0.003309273859485984
Hum_XLOC_000008,HAP1,0.0,0.006669111084192991
Hum_XLOC_000016,HAP1,0.0,0.006145450286567211
Hum_XLOC_000030,HAP1,0.0,0.003577036317437887
Hum_XLOC_000033,HAP1,0.0,0.0037398042622953653
Hum_XLOC_000039,HAP1,0.0,0.003164385911077261
Hum_XLOC_000053,HAP1,0.0,0.013886536471545696
Hum_XLOC_000057,HAP1,0.0,0.008991158567368984
Hum_XLOC_000060,HAP1,0.0,0.007978218607604504
Hum_XLOC_000080,HAP1,0.0,0.0030063046142458916
Hum_XLOC_000094,HAP1,0.0,0.004127303138375282
Hum_XLOC_000100,HAP1,0.0,0.005547146312892437
Hum_XLOC_000105,HAP1,0.0,0.004284772556275129
Hum_XLOC_000107,HAP1,1.0,0.00420427368953824
Hum_XLOC_000111,HAP1,0.0,0.01088361069560051
Hum_XLOC_000134,HAP1,0.0,0.002446618862450123
Hum_XLOC_000143,HAP1,0.0,0.015080991201102734
Hum_XLOC_000145,HAP1,0.0,0.00931656826287508
Hum_XLOC_000149,HAP1,0.0,0.002298688283190131
Hum_XLOC_000155,HAP1,1.0,0.00986486580222845
Hum_XLOC_000169,HAP1,0.0,0.0037253403570502996
Hum_XLOC_000170,HAP1,0.0,0.00975003931671381
Hum_XLOC_000194,HAP1,0.0,0.00905751995742321
Hum_XLOC_000201,HAP1,0.0,0.008536743931472301
Hum_XLOC_000231,HAP1,0.0,0.006781008094549179
Hum_XLOC_000233,HAP1,0.0,0.028408123180270195
Hum_XLOC_000245,HAP1,0.0,0.007172806188464165
Hum_XLOC_000247,HAP1,0.0,0.003352345898747444
Hum_XLOC_000248,HAP1,0.0,0.005868417210876942
Hum_XLOC_000265,HAP1,0.0,0.006676130928099155
Hum_XLOC_000282,HAP1,0.0,0.005860619246959686
Hum_XLOC_000286,HAP1,0.0,0.0068314047530293465
Hum_XLOC_000292,HAP1,0.0,0.009991670027375221
Hum_XLOC_000307,HAP1,1.0,0.004478507209569216
Hum_XLOC_000308,HAP1,0.0,0.0063996994867920876
Hum_XLOC_000312,HAP1,0.0,0.0077757928520441055
Hum_XLOC_000314,HAP1,0.0,0.0017912741750478745
Hum_XLOC_000317,HAP1,0.0,0.003169671166688204
Hum_XLOC_000319,HAP1,0.0,0.014707067050039768
Hum_XLOC_000332,HAP1,0.0,0.018899960443377495
Hum_XLOC_000338,HAP1,0.0,0.009258166886866093
Hum_XLOC_000342,HAP1,0.0,0.008860456757247448
Hum_XLOC_000345,HAP1,0.0,0.008941993117332458
Hum_XLOC_000362,HAP1,0.0,0.0033114152029156685
Hum_XLOC_000377,HAP1,0.0,0.006339459214359522
Hum_XLOC_000390,HAP1,0.0,0.007445975672453642
Hum_XLOC_000394,HAP1,0.0,0.004888791590929031
Hum_XLOC_000411,HAP1,0.0,0.006878550164401531
Hum_XLOC_000415,HAP1,0.0,0.005924572702497244
Hum_XLOC_000430,HAP1,0.0,0.005751069635152817
Hum_XLOC_000436,HAP1,0.0,0.007809128146618605
Hum_XLOC_000437,HAP1,0.0,0.019172828644514084
Hum_XLOC_000456,HAP1,0.0,0.006354146637022495
Hum_XLOC_000461,HAP1,0.0,0.011098479852080345
Hum_XLOC_000462,HAP1,0.0,0.0027540356386452913
Hum_XLOC_000465,HAP1,0.0,0.0038448316045105457
Hum_XLOC_000472,HAP1,0.0,0.01493840292096138
Hum_XLOC_000474,HAP1,0.0,0.0038587895687669516
Hum_XLOC_000478,HAP1,0.0,0.006311080418527126
Hum_XLOC_000486,HAP1,0.0,0.01753675378859043
Hum_XLOC_000490,HAP1,0.0,0.006164093967527151
Hum_XLOC_000498,HAP1,0.0,0.0049788388423621655
Hum_XLOC_000500,HAP1,0.0,0.01689240150153637
Hum_XLOC_000510,HAP1,0.0,0.00590285612270236
Hum_XLOC_000535,HAP1,0.0,0.01416408084332943
Hum_XLOC_000540,HAP1,0.0,0.00504474388435483
Hum_XLOC_000556,HAP1,0.0,0.006834650412201881
Hum_XLOC_000574,HAP1,0.0,0.0058465199545025826
Hum_XLOC_000575,HAP1,0.0,0.009422015398740768
Hum_XLOC_000582,HAP1,0.0,0.007469716481864452
Hum_XLOC_000590,HAP1,0.0,0.003865788457915187
Hum_XLOC_000601,HAP1,0.0,0.005680078640580177
Hum_XLOC_000604,HAP1,0.0,0.0023000468499958515
Hum_XLOC_000608,HAP1,0.0,0.005186127033084631
Hum_XLOC_000612,HAP1,0.0,0.003211189992725849
Hum_XLOC_000636,HAP1,0.0,0.004207532852888107
Hum_XLOC_000638,HAP1,0.0,0.00834612362086773
Hum_XLOC_000641,HAP1,0.0,0.004122593905776739
Hum_XLOC_000655,HAP1,0.0,0.005817700643092394
Hum_XLOC_000668,HAP1,0.0,0.009696454741060734
Hum_XLOC_000680,HAP1,0.0,0.002128198044374585
Hum_XLOC_000681,HAP1,0.0,0.007399724330753088
Hum_XLOC_000695,HAP1,0.0,0.0035435506142675877
Hum_XLOC_000702,HAP1,0.0,0.006133695598691702
Hum_XLOC_000726,HAP1,0.0,0.008731704205274582
Hum_XLOC_000727,HAP1,0.0,0.006470211781561375
Hum_XLOC_000758,HAP1,0.0,0.0037642621900886297
Hum_XLOC_000773,HAP1,0.0,0.004410025663673878
Hum_XLOC_000774,HAP1,0.0,0.004857371561229229
Hum_XLOC_000797,HAP1,0.0,0.010396155528724194
Hum_XLOC_000799,HAP1,0.0,0.005991318263113499
Hum_XLOC_000800,HAP1,0.0,0.005878914147615433
Hum_XLOC_000807,HAP1,0.0,0.021253982558846474
Hum_XLOC_000818,HAP1,0.0,0.005864359438419342
Hum_XLOC_000828,HAP1,0.0,0.008646352216601372
Hum_XLOC_000831,HAP1,0.0,0.006805294658988714
Hum_XLOC_000835,HAP1,0.0,0.00376421888358891
Hum_XLOC_000840,HAP1,0.0,0.002945670858025551
Hum_XLOC_000841,HAP1,0.0,0.004004342015832663
Hum_XLOC_000842,HAP1,0.0,0.002859645988792181
Hum_XLOC_000854,HAP1,0.0,0.008281190879642963
Hum_XLOC_000855,HAP1,0.0,0.003785425331443548
Hum_XLOC_000883,HAP1,0.0,0.002869709162041545
Hum_XLOC_000885,HAP1,0.0,0.0054498822428286076
Hum_XLOC_000905,HAP1,0.0,0.005466611124575138
Hum_XLOC_000917,HAP1,0.0,0.0030937849078327417
Hum_XLOC_000925,HAP1,0.0,0.013069063425064087
Hum_XLOC_000944,HAP1,0.0,0.011879673227667809
Hum_XLOC_000949,HAP1,0.0,0.00526491878554225
Hum_XLOC_000953,HAP1,0.0,0.005043209996074438
Hum_XLOC_000964,HAP1,0.0,0.004641059786081314
Hum_XLOC_000990,HAP1,0.0,0.003807750530540943
Hum_XLOC_000994,HAP1,0.0,0.00827029999345541
Hum_XLOC_001020,HAP1,0.0,0.010365597903728485
Hum_XLOC_001029,HAP1,0.0,0.0053558326326310635
Hum_XLOC_001066,HAP1,1.0,0.008060885593295097
Hum_XLOC_001120,HAP1,0.0,0.0047872248105704784
Hum_XLOC_001121,HAP1,0.0,0.00657806359231472
Hum_XLOC_001122,HAP1,0.0,0.01045943796634674
Hum_XLOC_001125,HAP1,0.0,0.008816012181341648
Hum_XLOC_001132,HAP1,0.0,0.010634730570018291
Hum_XLOC_001138,HAP1,0.0,0.004670224618166685
Hum_XLOC_001144,HAP1,0.0,0.006288432981818914
Hum_XLOC_001146,HAP1,0.0,0.014821047894656658
Hum_XLOC_001188,HAP1,0.0,0.004169028718024492
Hum_XLOC_001191,HAP1,0.0,0.003459627041593194
Hum_XLOC_001192,HAP1,0.0,0.006770857144147158
Hum_XLOC_001217,HAP1,0.0,0.001969782402738929
Hum_XLOC_001222,HAP1,0.0,0.0024455611128360033
Hum_XLOC_001228,HAP1,0.0,0.00648910878226161
Hum_XLOC_001230,HAP1,0.0,0.0051882630214095116
Hum_XLOC_001237,HAP1,0.0,0.006239103619009256
Hum_XLOC_001243,HAP1,0.0,0.003958039917051792
Hum_XLOC_001275,HAP1,0.0,0.006066678557544947
Hum_XLOC_001279,HAP1,0.0,0.0028829651419073343
Hum_XLOC_001291,HAP1,0.0,0.01068949606269598
Hum_XLOC_001296,HAP1,0.0,0.0048100631684064865
Hum_XLOC_001297,HAP1,0.0,0.0064382245764136314
Hum_XLOC_001309,HAP1,0.0,0.005652332212775946
Hum_XLOC_001329,HAP1,0.0,0.0029729909729212523
Hum_XLOC_001330,HAP1,0.0,0.004770581144839525
Hum_XLOC_001355,HAP1,0.0,0.007430317346006632
Hum_XLOC_001366,HAP1,0.0,0.006961523555219173
Hum_XLOC_001367,HAP1,0.0,0.009379563853144646
Hum_XLOC_001375,HAP1,0.0,0.0039947000332176685
Hum_XLOC_001390,HAP1,0.0,0.0076485369354486465
Hum_XLOC_001405,HAP1,0.0,0.005019770935177803
Hum_XLOC_001461,HAP1,0.0,0.008495723828673363
Hum_XLOC_001465,HAP1,0.0,0.008053739555180073
Hum_XLOC_001488,HAP1,0.0,0.012212860397994518
Hum_XLOC_001490,HAP1,0.0,0.007573372684419155
Hum_XLOC_001509,HAP1,0.0,0.006451002787798643
Hum_XLOC_001516,HAP1,0.0,0.0073149558156728745
Hum_XLOC_001532,HAP1,0.0,0.006662831176072359
Hum_XLOC_001539,HAP1,0.0,0.004854497965425253
Hum_XLOC_001541,HAP1,0.0,0.009813638404011726
Hum_XLOC_001542,HAP1,0.0,0.015763359144330025
Hum_XLOC_001548,HAP1,1.0,0.008336735889315605
Hum_XLOC_001559,HAP1,0.0,0.0120009770616889
Hum_XLOC_001565,HAP1,0.0,0.00977699551731348
Hum_XLOC_001566,HAP1,0.0,0.005430331453680992
Hum_XLOC_001575,HAP1,0.0,0.007242490537464619
Hum_XLOC_001580,HAP1,0.0,0.0028230343014001846
Hum_XLOC_001590,HAP1,0.0,0.005821179132908583
Hum_XLOC_001615,HAP1,0.0,0.00534268282353878
Hum_XLOC_001624,HAP1,0.0,0.004069749265909195
Hum_XLOC_001639,HAP1,0.0,0.0071023004129529
Hum_XLOC_001661,HAP1,0.0,0.0069462391547858715
Hum_XLOC_001666,HAP1,0.0,0.004307345952838659
Hum_XLOC_001668,HAP1,0.0,0.007394906599074602
Hum_XLOC_001688,HAP1,0.0,0.013854029588401318
Hum_XLOC_001689,HAP1,0.0,0.0040565854869782925
Hum_XLOC_001695,HAP1,0.0,0.00840948149561882
Hum_XLOC_001696,HAP1,0.0,0.00238954764790833
Hum_XLOC_001698,HAP1,0.0,0.003214234486222267
Hum_XLOC_001707,HAP1,0.0,0.006282020825892687
Hum_XLOC_001760,HAP1,0.0,0.007464454509317875
Hum_XLOC_001761,HAP1,0.0,0.00449652224779129
Hum_XLOC_001773,HAP1,0.0,0.008141049183905125
Hum_XLOC_001775,HAP1,0.0,0.0070394957438111305
Hum_XLOC_001779,HAP1,0.0,0.00992954894900322
Hum_XLOC_001783,HAP1,0.0,0.007544113323092461
Hum_XLOC_001791,HAP1,0.0,0.005460110958665609
Hum_XLOC_001805,HAP1,0.0,0.00543219642713666
Hum_XLOC_001809,HAP1,0.0,0.010519959032535553
Hum_XLOC_001848,HAP1,0.0,0.01137329451739788
Hum_XLOC_001919,HAP1,1.0,0.011268602684140205
Hum_XLOC_001941,HAP1,0.0,0.003790521062910557
Hum_XLOC_001942,HAP1,0.0,0.005354761146008968
Hum_XLOC_001949,HAP1,0.0,0.0015453067608177662
Hum_XLOC_001950,HAP1,0.0,0.0071800085715949535
Hum_XLOC_001953,HAP1,0.0,0.0028922983910888433
Hum_XLOC_001957,HAP1,0.0,0.0066397287882864475
Hum_XLOC_001961,HAP1,0.0,0.0053099277429282665
Hum_XLOC_001969,HAP1,0.0,0.004802417941391468
Hum_XLOC_002024,HAP1,0.0,0.0038168667815625668
Hum_XLOC_002028,HAP1,0.0,0.0020768879912793636
Hum_XLOC_002033,HAP1,0.0,0.008686893619596958
Hum_XLOC_002036,HAP1,0.0,0.004470232408493757
Hum_XLOC_002037,HAP1,0.0,0.004012129735201597
Hum_XLOC_002041,HAP1,0.0,0.00585327809676528
Hum_XLOC_002059,HAP1,0.0,0.01184054370969534
Hum_XLOC_002061,HAP1,0.0,0.002262821886688471
Hum_XLOC_002068,HAP1,0.0,0.0035020054783672094
Hum_XLOC_002081,HAP1,0.0,0.013583332300186157
Hum_XLOC_002093,HAP1,0.0,0.0044882334768772125
Hum_XLOC_002099,HAP1,0.0,0.005224790424108505
Hum_XLOC_002144,HAP1,0.0,0.010031127370893955
Hum_XLOC_002150,HAP1,0.0,0.0033219843171536922
Hum_XLOC_002152,HAP1,0.0,0.00441286526620388
Hum_XLOC_002154,HAP1,0.0,0.004732409957796335
Hum_XLOC_002169,HAP1,0.0,0.003173924284055829
Hum_XLOC_002170,HAP1,0.0,0.0036404288839548826
Hum_XLOC_002176,HAP1,0.0,0.005438772030174732
Hum_XLOC_002178,HAP1,0.0,0.005876915995031595
Hum_XLOC_002186,HAP1,1.0,0.010076835751533508
Hum_XLOC_002204,HAP1,0.0,0.004888962954282761
Hum_XLOC_002205,HAP1,0.0,0.004581510554999113
Hum_XLOC_002219,HAP1,0.0,0.008819237351417542
Hum_XLOC_002244,HAP1,0.0,0.0052879988215863705
Hum_XLOC_002252,HAP1,0.0,0.006562044844031334
Hum_XLOC_002261,HAP1,0.0,0.004606770351529121
Hum_XLOC_002262,HAP1,0.0,0.00667695002630353
Hum_XLOC_002265,HAP1,0.0,0.006219105329364538
Hum_XLOC_002271,HAP1,0.0,0.002476896159350872
Hum_XLOC_002280,HAP1,0.0,0.006719827651977539
Hum_XLOC_002282,HAP1,1.0,0.005020475946366787
Hum_XLOC_002283,HAP1,0.0,0.01146109588444233
Hum_XLOC_002284,HAP1,0.0,0.006902857683598995
Hum_XLOC_002294,HAP1,0.0,0.006958825048059225
Hum_XLOC_002296,HAP1,0.0,0.005108911078423262
Hum_XLOC_002299,HAP1,0.0,0.012650636024773121
Hum_XLOC_002301,HAP1,0.0,0.004677653778344393
Hum_XLOC_002306,HAP1,0.0,0.00583154521882534
Hum_XLOC_002311,HAP1,0.0,0.01018192432820797
Hum_XLOC_002313,HAP1,1.0,0.007326263003051281
Hum_XLOC_002314,HAP1,1.0,0.006953952834010124
Hum_XLOC_002327,HAP1,0.0,0.01240633986890316
Hum_XLOC_002330,HAP1,0.0,0.005664606112986803
Hum_XLOC_002338,HAP1,0.0,0.016805680468678474
Hum_XLOC_002344,HAP1,0.0,0.004648340865969658
Hum_XLOC_002347,HAP1,0.0,0.0029223463498055935
Hum_XLOC_002348,HAP1,0.0,0.005716565065085888
Hum_XLOC_002362,HAP1,0.0,0.005724937655031681
Hum_XLOC_002364,HAP1,0.0,0.002399591961875558
Hum_XLOC_002383,HAP1,0.0,0.0033108266070485115
Hum_XLOC_002386,HAP1,0.0,0.007945428602397442
Hum_XLOC_002390,HAP1,0.0,0.0202590711414814
Hum_XLOC_002394,HAP1,0.0,0.0055085839703679085
Hum_XLOC_002398,HAP1,0.0,0.00568403908982873
Hum_XLOC_002399,HAP1,0.0,0.0032807602547109127
Hum_XLOC_002408,HAP1,0.0,0.0030012393835932016
Hum_XLOC_002414,HAP1,0.0,0.0025191777385771275
Hum_XLOC_002418,HAP1,0.0,0.0025512061547487974
Hum_XLOC_002435,HAP1,1.0,0.003127972362563014
Hum_XLOC_002440,HAP1,0.0,0.013810611329972744
Hum_XLOC_002489,HAP1,0.0,0.007747952360659838
Hum_XLOC_002490,HAP1,0.0,0.0033283622469753027
Hum_XLOC_002493,HAP1,0.0,0.006698441691696644
Hum_XLOC_002520,HAP1,0.0,0.0022699383553117514
Hum_XLOC_002524,HAP1,0.0,0.007097708061337471
Hum_XLOC_002546,HAP1,0.0,0.006188231986016035
Hum_XLOC_002560,HAP1,0.0,0.005467425566166639
Hum_XLOC_002570,HAP1,0.0,0.0027080997824668884
Hum_XLOC_002577,HAP1,0.0,0.0049415528774261475
Hum_XLOC_002579,HAP1,0.0,0.005775028374046087
Hum_XLOC_002586,HAP1,0.0,0.008307171054184437
Hum_XLOC_002589,HAP1,0.0,0.005806500092148781
Hum_XLOC_002629,HAP1,0.0,0.006325648166239262
Hum_XLOC_002631,HAP1,0.0,0.009412460960447788
Hum_XLOC_002635,HAP1,0.0,0.007632253225892782
Hum_XLOC_002644,HAP1,0.0,0.007609321735799313
Hum_XLOC_002646,HAP1,0.0,0.003958309069275856
Hum_XLOC_002653,HAP1,0.0,0.0028076220769435167
Hum_XLOC_002681,HAP1,0.0,0.007097805850207806
Hum_XLOC_002695,HAP1,0.0,0.013915544375777245
Hum_XLOC_002702,HAP1,0.0,0.0050046248361468315
Hum_XLOC_002705,HAP1,0.0,0.0123765142634511
Hum_XLOC_002711,HAP1,0.0,0.007053728215396404
Hum_XLOC_002714,HAP1,0.0,0.004058560356497765
Hum_XLOC_002717,HAP1,0.0,0.004367881920188665
Hum_XLOC_002725,HAP1,0.0,0.008506190031766891
Hum_XLOC_002741,HAP1,0.0,0.007184150163084269
Hum_XLOC_002742,HAP1,1.0,0.013142213225364685
Hum_XLOC_002744,HAP1,0.0,0.003124355571344495
Hum_XLOC_002760,HAP1,0.0,0.009294171817600727
Hum_XLOC_002788,HAP1,0.0,0.010564101859927177
Hum_XLOC_002792,HAP1,0.0,0.00558131979778409
Hum_XLOC_002796,HAP1,0.0,0.00718898419290781
Hum_XLOC_002817,HAP1,0.0,0.008419690653681755
Hum_XLOC_002836,HAP1,1.0,0.02143121510744095
Hum_XLOC_002844,HAP1,0.0,0.0036495362874120474
Hum_XLOC_002845,HAP1,0.0,0.00727491732686758
Hum_XLOC_002859,HAP1,0.0,0.006255065090954304
Hum_XLOC_002889,HAP1,0.0,0.010142181068658829
Hum_XLOC_002911,HAP1,0.0,0.013404397293925285
Hum_XLOC_002935,HAP1,0.0,0.0028575093019753695
Hum_XLOC_002937,HAP1,0.0,0.005442257970571518
Hum_XLOC_002967,HAP1,0.0,0.003308890387415886
Hum_XLOC_002983,HAP1,0.0,0.005412072408944368
Hum_XLOC_002986,HAP1,0.0,0.0054447827860713005
Hum_XLOC_002990,HAP1,0.0,0.0144729008898139
Hum_XLOC_003039,HAP1,0.0,0.014252238906919956
Hum_XLOC_003061,HAP1,0.0,0.005523237399756908
Hum_XLOC_003086,HAP1,0.0,0.007968702353537083
Hum_XLOC_003099,HAP1,0.0,0.004918296355754137
Hum_XLOC_003109,HAP1,0.0,0.008920540101826191
Hum_XLOC_003128,HAP1,0.0,0.01095650251954794
Hum_XLOC_003134,HAP1,0.0,0.008613466285169125
Hum_XLOC_003137,HAP1,0.0,0.006771662272512913
Hum_XLOC_003154,HAP1,0.0,0.004485262092202902
Hum_XLOC_003155,HAP1,0.0,0.007885479368269444
Hum_XLOC_003171,HAP1,0.0,0.002197671215981245
Hum_XLOC_003209,HAP1,0.0,0.006253281142562628
Hum_XLOC_003215,HAP1,0.0,0.0031354587990790606
Hum_XLOC_003221,HAP1,0.0,0.006112022325396538
Hum_XLOC_003232,HAP1,0.0,0.015185754746198654
Hum_XLOC_003268,HAP1,1.0,0.005697743035852909
Hum_XLOC_003269,HAP1,0.0,0.0072624580934643745
Hum_XLOC_003286,HAP1,0.0,0.01224533561617136
Hum_XLOC_003290,HAP1,0.0,0.003934570122510195
Hum_XLOC_003294,HAP1,0.0,0.003664196003228426
Hum_XLOC_003321,HAP1,0.0,0.011475572362542152
Hum_XLOC_003324,HAP1,0.0,0.0026892677415162325
Hum_XLOC_003334,HAP1,0.0,0.006638624705374241
Hum_XLOC_003337,HAP1,0.0,0.005087853875011206
Hum_XLOC_003338,HAP1,0.0,0.0077949208207428455
Hum_XLOC_003352,HAP1,0.0,0.008122722618281841
Hum_XLOC_003357,HAP1,0.0,0.0031148262787610292
Hum_XLOC_003361,HAP1,0.0,0.00980356615036726
Hum_XLOC_003371,HAP1,0.0,0.008566305041313171
Hum_XLOC_003381,HAP1,0.0,0.00345959747210145
Hum_XLOC_003408,HAP1,0.0,0.0032227386254817247
Hum_XLOC_003436,HAP1,0.0,0.0044875238090753555
Hum_XLOC_003440,HAP1,0.0,0.00309007684700191
Hum_XLOC_003450,HAP1,0.0,0.007672620937228203
Hum_XLOC_003466,HAP1,0.0,0.00782228447496891
Hum_XLOC_003488,HAP1,0.0,0.006362578831613064
Hum_XLOC_003491,HAP1,0.0,0.0051166461780667305
Hum_XLOC_003497,HAP1,0.0,0.016509367153048515
Hum_XLOC_003498,HAP1,0.0,0.008217928931117058
Hum_XLOC_003502,HAP1,0.0,0.010565144009888172
Hum_XLOC_003518,HAP1,0.0,0.012057244777679443
Hum_XLOC_003532,HAP1,0.0,0.0029404324013739824
Hum_XLOC_003543,HAP1,0.0,0.004091738723218441
Hum_XLOC_003554,HAP1,1.0,0.011892816983163357
Hum_XLOC_003563,HAP1,0.0,0.005441305693238974
Hum_XLOC_003567,HAP1,0.0,0.005738473497331142
Hum_XLOC_003568,HAP1,0.0,0.005945430137217045
Hum_XLOC_003570,HAP1,0.0,0.0016436323057860136
Hum_XLOC_003571,HAP1,0.0,0.0032686623744666576
Hum_XLOC_003593,HAP1,0.0,0.002833049511536956
Hum_XLOC_003594,HAP1,0.0,0.003715779632329941
Hum_XLOC_003598,HAP1,0.0,0.0023940519895404577
Hum_XLOC_003626,HAP1,0.0,0.0059245978482067585
Hum_XLOC_003628,HAP1,0.0,0.005067628342658281
Hum_XLOC_003630,HAP1,0.0,0.007722161710262299
Hum_XLOC_003641,HAP1,0.0,0.003772570053115487
Hum_XLOC_003662,HAP1,0.0,0.008279937319457531
Hum_XLOC_003665,HAP1,0.0,0.005227229557931423
Hum_XLOC_003672,HAP1,0.0,0.0030688403639942408
Hum_XLOC_003673,HAP1,0.0,0.005332336761057377
Hum_XLOC_003674,HAP1,0.0,0.0064927092753350735
Hum_XLOC_003676,HAP1,0.0,0.0047099101357162
Hum_XLOC_003686,HAP1,0.0,0.0027719882782548666
Hum_XLOC_003697,HAP1,0.0,0.007025381084531546
Hum_XLOC_003717,HAP1,0.0,0.005127405282109976
Hum_XLOC_003725,HAP1,0.0,0.004744067322462797
Hum_XLOC_003743,HAP1,0.0,0.0064080157317221165
Hum_XLOC_003754,HAP1,0.0,0.002761509269475937
Hum_XLOC_003766,HAP1,0.0,0.015005301684141159
Hum_XLOC_003775,HAP1,0.0,0.00499688321724534
Hum_XLOC_003790,HAP1,0.0,0.0077869705855846405
Hum_XLOC_003799,HAP1,0.0,0.007293660659343004
Hum_XLOC_003853,HAP1,0.0,0.010654818266630173
Hum_XLOC_003865,HAP1,0.0,0.01006657537072897
Hum_XLOC_003871,HAP1,0.0,0.017154144123196602
Hum_XLOC_003891,HAP1,0.0,0.007175000384449959
Hum_XLOC_003892,HAP1,0.0,0.006232886109501123
Hum_XLOC_003910,HAP1,0.0,0.006684243679046631
Hum_XLOC_003911,HAP1,0.0,0.016131343320012093
Hum_XLOC_003952,HAP1,0.0,0.003424672642722726
Hum_XLOC_003971,HAP1,0.0,0.004045738372951746
Hum_XLOC_003988,HAP1,0.0,0.003931507933884859
Hum_XLOC_004020,HAP1,0.0,0.005838003940880299
Hum_XLOC_004035,HAP1,0.0,0.00207528262399137
Hum_XLOC_004036,HAP1,0.0,0.009510049596428871
Hum_XLOC_004048,HAP1,0.0,0.005670469719916582
Hum_XLOC_004068,HAP1,0.0,0.003746527712792158
Hum_XLOC_004069,HAP1,0.0,0.005627139937132597
Hum_XLOC_004095,HAP1,0.0,0.009081535041332245
Hum_XLOC_004096,HAP1,0.0,0.013198367320001125
Hum_XLOC_004116,HAP1,1.0,0.008962287567555904
Hum_XLOC_004123,HAP1,0.0,0.007639942690730095
Hum_XLOC_004134,HAP1,0.0,0.004604182206094265
Hum_XLOC_004161,HAP1,0.0,0.014828687533736229
Hum_XLOC_004168,HAP1,0.0,0.0057299938052892685
Hum_XLOC_004169,HAP1,0.0,0.00907924398779869
Hum_XLOC_004177,HAP1,0.0,0.007708683144301176
Hum_XLOC_004200,HAP1,0.0,0.004297642968595028
Hum_XLOC_004201,HAP1,0.0,0.006861701142042875
Hum_XLOC_004219,HAP1,0.0,0.005855395458638668
Hum_XLOC_004226,HAP1,0.0,0.0027456707321107388
Hum_XLOC_004227,HAP1,0.0,0.005229848437011242
Hum_XLOC_004236,HAP1,1.0,0.002437190618366003
Hum_XLOC_004254,HAP1,1.0,0.005212984513491392
Hum_XLOC_004255,HAP1,0.0,0.005503200460225344
Hum_XLOC_004262,HAP1,1.0,0.0076356385834515095
Hum_XLOC_004269,HAP1,0.0,0.005093730054795742
Hum_XLOC_004277,HAP1,0.0,0.0039007768500596285
Hum_XLOC_004278,HAP1,0.0,0.0032993145287036896
Hum_XLOC_004282,HAP1,0.0,0.01183119136840105
Hum_XLOC_004287,HAP1,0.0,0.005385742522776127
Hum_XLOC_004293,HAP1,0.0,0.00750119611620903
Hum_XLOC_004302,HAP1,0.0,0.0056520565412938595
Hum_XLOC_004303,HAP1,0.0,0.004182098899036646
Hum_XLOC_004306,HAP1,0.0,0.006882151123136282
Hum_XLOC_004309,HAP1,0.0,0.008112582378089428
Hum_XLOC_004314,HAP1,0.0,0.008783255703747272
Hum_XLOC_004317,HAP1,0.0,0.007748747244477272
Hum_XLOC_004336,HAP1,0.0,0.008624769747257233
Hum_XLOC_004343,HAP1,0.0,0.004819828551262617
Hum_XLOC_004350,HAP1,0.0,0.0040498715825378895
Hum_XLOC_004361,HAP1,0.0,0.004663774743676186
Hum_XLOC_004363,HAP1,0.0,0.004662887193262577
Hum_XLOC_004401,HAP1,0.0,0.00530537124723196
Hum_XLOC_004405,HAP1,1.0,0.0051257857121527195
Hum_XLOC_004407,HAP1,0.0,0.0035082644317299128
Hum_XLOC_004424,HAP1,0.0,0.010288923047482967
Hum_XLOC_004437,HAP1,0.0,0.009316295385360718
Hum_XLOC_004446,HAP1,0.0,0.0048324428498744965
Hum_XLOC_004457,HAP1,0.0,0.00952269695699215
Hum_XLOC_004482,HAP1,0.0,0.01022715400904417
Hum_XLOC_004502,HAP1,0.0,0.0029115788638591766
Hum_XLOC_004515,HAP1,0.0,0.006316109094768763
Hum_XLOC_004529,HAP1,0.0,0.002371777780354023
Hum_XLOC_004535,HAP1,0.0,0.0024828885216265917
Hum_XLOC_004553,HAP1,0.0,0.011464694514870644
Hum_XLOC_004566,HAP1,0.0,0.009694971144199371
Hum_XLOC_004567,HAP1,0.0,0.004615881945937872
Hum_XLOC_004572,HAP1,0.0,0.012072953395545483
Hum_XLOC_004578,HAP1,0.0,0.007098353933542967
Hum_XLOC_004580,HAP1,0.0,0.003985153511166573
Hum_XLOC_004581,HAP1,0.0,0.004374408628791571
Hum_XLOC_004587,HAP1,0.0,0.006784730590879917
Hum_XLOC_004600,HAP1,0.0,0.01738923415541649
Hum_XLOC_004601,HAP1,0.0,0.0037427472416311502
Hum_XLOC_004607,HAP1,0.0,0.004973533097654581
Hum_XLOC_004617,HAP1,0.0,0.00676388293504715
Hum_XLOC_004619,HAP1,0.0,0.010625352151691914
Hum_XLOC_004620,HAP1,0.0,0.006525107659399509
Hum_XLOC_004632,HAP1,0.0,0.00483119348064065
Hum_XLOC_004636,HAP1,0.0,0.010908541269600391
Hum_XLOC_004652,HAP1,0.0,0.006195376627147198
Hum_XLOC_004653,HAP1,0.0,0.004693812225013971
Hum_XLOC_004657,HAP1,1.0,0.019888386130332947
Hum_XLOC_004661,HAP1,0.0,0.005326010286808014
Hum_XLOC_004683,HAP1,0.0,0.002114642644301057
Hum_XLOC_004684,HAP1,0.0,0.008930008858442307
Hum_XLOC_004688,HAP1,0.0,0.0030766462441533804
Hum_XLOC_004689,HAP1,0.0,0.003388599492609501
Hum_XLOC_004705,HAP1,0.0,0.01338877435773611
Hum_XLOC_004717,HAP1,1.0,0.005554819479584694
Hum_XLOC_004718,HAP1,0.0,0.0034854591358453035
Hum_XLOC_004733,HAP1,0.0,0.004291917197406292
Hum_XLOC_004741,HAP1,0.0,0.00227276305668056
Hum_XLOC_004762,HAP1,0.0,0.00250232988037169
Hum_XLOC_004771,HAP1,0.0,0.004123373422771692
Hum_XLOC_004777,HAP1,0.0,0.007018448784947395
Hum_XLOC_004788,HAP1,1.0,0.004027494229376316
Hum_XLOC_004791,HAP1,1.0,0.003991169389337301
Hum_XLOC_004795,HAP1,0.0,0.006301953922957182
Hum_XLOC_004803,HAP1,0.0,0.01014949381351471
Hum_XLOC_004805,HAP1,0.0,0.005985942203551531
Hum_XLOC_004813,HAP1,0.0,0.0046112025156617165
Hum_XLOC_004815,HAP1,0.0,0.006313245743513107
Hum_XLOC_004822,HAP1,0.0,0.00796155072748661
Hum_XLOC_004823,HAP1,1.0,0.010801035910844803
Hum_XLOC_004827,HAP1,0.0,0.0042823017574846745
Hum_XLOC_004837,HAP1,0.0,0.005070396699011326
Hum_XLOC_004839,HAP1,0.0,0.006522372830659151
Hum_XLOC_004855,HAP1,0.0,0.013798868283629417
Hum_XLOC_004874,HAP1,0.0,0.015970245003700256
Hum_XLOC_004875,HAP1,0.0,0.01048861164599657
Hum_XLOC_004878,HAP1,0.0,0.005901373457163572
Hum_XLOC_004884,HAP1,0.0,0.002586368704214692
Hum_XLOC_004911,HAP1,0.0,0.006206972058862448
Hum_XLOC_004915,HAP1,1.0,0.015227154828608036
Hum_XLOC_004927,HAP1,0.0,0.013826129958033562
Hum_XLOC_004929,HAP1,0.0,0.00442850636318326
Hum_XLOC_004936,HAP1,0.0,0.01198491919785738
Hum_XLOC_004957,HAP1,0.0,0.003966962452977896
Hum_XLOC_004960,HAP1,0.0,0.0061877123080194
Hum_XLOC_004965,HAP1,0.0,0.00503803975880146
Hum_XLOC_000006,HEK293FT,0.0,0.003723682602867484
Hum_XLOC_000008,HEK293FT,0.0,0.012174246832728386
Hum_XLOC_000016,HEK293FT,0.0,0.0052368068136274815
Hum_XLOC_000030,HEK293FT,0.0,0.0031089847907423973
Hum_XLOC_000033,HEK293FT,0.0,0.0037173477467149496
Hum_XLOC_000039,HEK293FT,0.0,0.0033154324628412724
Hum_XLOC_000053,HEK293FT,0.0,0.011057529598474503
Hum_XLOC_000057,HEK293FT,0.0,0.008417166769504547
Hum_XLOC_000060,HEK293FT,0.0,0.007986914366483688
Hum_XLOC_000080,HEK293FT,0.0,0.002853544894605875
Hum_XLOC_000094,HEK293FT,0.0,0.004578384105116129
Hum_XLOC_000100,HEK293FT,1.0,0.0041426559910178185
Hum_XLOC_000105,HEK293FT,0.0,0.004053729586303234
Hum_XLOC_000107,HEK293FT,0.0,0.006514245644211769
Hum_XLOC_000111,HEK293FT,0.0,0.010978520847856998
Hum_XLOC_000134,HEK293FT,0.0,0.002418462187051773
Hum_XLOC_000143,HEK293FT,0.0,0.009207225404679775
Hum_XLOC_000145,HEK293FT,0.0,0.009221386164426804
Hum_XLOC_000149,HEK293FT,0.0,0.002555418759584427
Hum_XLOC_000155,HEK293FT,0.0,0.009664436802268028
Hum_XLOC_000169,HEK293FT,0.0,0.0032834168523550034
Hum_XLOC_000170,HEK293FT,0.0,0.009136431850492954
Hum_XLOC_000194,HEK293FT,0.0,0.0101191196590662
Hum_XLOC_000201,HEK293FT,0.0,0.010231174528598785
Hum_XLOC_000231,HEK293FT,0.0,0.005388642195612192
Hum_XLOC_000233,HEK293FT,0.0,0.027990734204649925
Hum_XLOC_000245,HEK293FT,1.0,0.009193172678351402
Hum_XLOC_000247,HEK293FT,0.0,0.003150955541059375
Hum_XLOC_000248,HEK293FT,0.0,0.004689343739300966
Hum_XLOC_000265,HEK293FT,0.0,0.009465648792684078
Hum_XLOC_000282,HEK293FT,0.0,0.0063846115954220295
Hum_XLOC_000286,HEK293FT,0.0,0.0058794571086764336
Hum_XLOC_000292,HEK293FT,0.0,0.0077166748233139515
Hum_XLOC_000307,HEK293FT,0.0,0.005407464224845171
Hum_XLOC_000308,HEK293FT,0.0,0.01051575131714344
Hum_XLOC_000312,HEK293FT,0.0,0.005736650433391333
Hum_XLOC_000314,HEK293FT,0.0,0.0035388325341045856
Hum_XLOC_000317,HEK293FT,0.0,0.004149007145315409
Hum_XLOC_000319,HEK293FT,0.0,0.014927110634744167
Hum_XLOC_000332,HEK293FT,0.0,0.009821648709475994
Hum_XLOC_000338,HEK293FT,0.0,0.017480624839663506
Hum_XLOC_000342,HEK293FT,0.0,0.009741181507706642
Hum_XLOC_000345,HEK293FT,0.0,0.009624039754271507
Hum_XLOC_000362,HEK293FT,0.0,0.003747490467503667
Hum_XLOC_000377,HEK293FT,0.0,0.006635453086346388
Hum_XLOC_000390,HEK293FT,0.0,0.005662248935550451
Hum_XLOC_000394,HEK293FT,0.0,0.005250877700746059
Hum_XLOC_000411,HEK293FT,0.0,0.007518935017287731
Hum_XLOC_000415,HEK293FT,0.0,0.004062363412231207
Hum_XLOC_000430,HEK293FT,0.0,0.006847703363746405
Hum_XLOC_000436,HEK293FT,0.0,0.005950005725026131
Hum_XLOC_000437,HEK293FT,0.0,0.010171572677791119
Hum_XLOC_000456,HEK293FT,1.0,0.006848637014627457
Hum_XLOC_000461,HEK293FT,0.0,0.009263508953154087
Hum_XLOC_000462,HEK293FT,0.0,0.002449821447953582
Hum_XLOC_000465,HEK293FT,0.0,0.0056591033935546875
Hum_XLOC_000472,HEK293FT,0.0,0.019340600818395615
Hum_XLOC_000474,HEK293FT,0.0,0.003566988743841648
Hum_XLOC_000478,HEK293FT,0.0,0.007275564596056938
Hum_XLOC_000486,HEK293FT,0.0,0.03252147138118744
Hum_XLOC_000490,HEK293FT,0.0,0.006824694573879242
Hum_XLOC_000498,HEK293FT,0.0,0.006178020033985376
Hum_XLOC_000500,HEK293FT,0.0,0.015872785821557045
Hum_XLOC_000510,HEK293FT,0.0,0.006092209368944168
Hum_XLOC_000535,HEK293FT,0.0,0.013119975104928017
Hum_XLOC_000540,HEK293FT,0.0,0.006772274617105722
Hum_XLOC_000556,HEK293FT,0.0,0.0045890104956924915
Hum_XLOC_000574,HEK293FT,0.0,0.00400790199637413
Hum_XLOC_000575,HEK293FT,0.0,0.011173383332788944
Hum_XLOC_000582,HEK293FT,0.0,0.007198990322649479
Hum_XLOC_000590,HEK293FT,0.0,0.005234666168689728
Hum_XLOC_000601,HEK293FT,0.0,0.005675892345607281
Hum_XLOC_000604,HEK293FT,0.0,0.00189048214815557
Hum_XLOC_000608,HEK293FT,1.0,0.00715449545532465
Hum_XLOC_000612,HEK293FT,0.0,0.0031868598889559507
Hum_XLOC_000636,HEK293FT,0.0,0.003921042662113905
Hum_XLOC_000638,HEK293FT,0.0,0.01049413625150919
Hum_XLOC_000641,HEK293FT,0.0,0.004519663751125336
Hum_XLOC_000655,HEK293FT,1.0,0.006564367562532425
Hum_XLOC_000668,HEK293FT,0.0,0.01200695987790823
Hum_XLOC_000680,HEK293FT,0.0,0.0021738652139902115
Hum_XLOC_000681,HEK293FT,0.0,0.007567469030618668
Hum_XLOC_000695,HEK293FT,0.0,0.002411518944427371
Hum_XLOC_000702,HEK293FT,0.0,0.006805004086345434
Hum_XLOC_000726,HEK293FT,0.0,0.008155014365911484
Hum_XLOC_000727,HEK293FT,0.0,0.0050508626736700535
Hum_XLOC_000758,HEK293FT,0.0,0.004304295871406794
Hum_XLOC_000773,HEK293FT,0.0,0.004971296992152929
Hum_XLOC_000774,HEK293FT,0.0,0.007451204117387533
Hum_XLOC_000797,HEK293FT,0.0,0.017255475744605064
Hum_XLOC_000799,HEK293FT,0.0,0.007618199102580547
Hum_XLOC_000800,HEK293FT,0.0,0.006846691947430372
Hum_XLOC_000807,HEK293FT,0.0,0.011720207519829273
Hum_XLOC_000818,HEK293FT,1.0,0.006024212576448917
Hum_XLOC_000828,HEK293FT,0.0,0.008581415750086308
Hum_XLOC_000831,HEK293FT,0.0,0.007717711851000786
Hum_XLOC_000835,HEK293FT,0.0,0.00482219411060214
Hum_XLOC_000840,HEK293FT,0.0,0.004458241630345583
Hum_XLOC_000841,HEK293FT,1.0,0.003812398063018918
Hum_XLOC_000842,HEK293FT,0.0,0.005237273406237364
Hum_XLOC_000854,HEK293FT,0.0,0.009667613543570042
Hum_XLOC_000855,HEK293FT,0.0,0.0046026394702494144
Hum_XLOC_000883,HEK293FT,0.0,0.0028080481570214033
Hum_XLOC_000885,HEK293FT,0.0,0.00391131266951561
Hum_XLOC_000905,HEK293FT,0.0,0.007458811160176992
Hum_XLOC_000917,HEK293FT,0.0,0.0031803438905626535
Hum_XLOC_000925,HEK293FT,0.0,0.011917352676391602
Hum_XLOC_000944,HEK293FT,0.0,0.014360768720507622
Hum_XLOC_000949,HEK293FT,0.0,0.005947868339717388
Hum_XLOC_000953,HEK293FT,0.0,0.006068237591534853
Hum_XLOC_000964,HEK293FT,0.0,0.006662619765847921
Hum_XLOC_000990,HEK293FT,0.0,0.006051705218851566
Hum_XLOC_000994,HEK293FT,0.0,0.011760401539504528
Hum_XLOC_001020,HEK293FT,0.0,0.012738272547721863
Hum_XLOC_001029,HEK293FT,0.0,0.006226359400898218
Hum_XLOC_001066,HEK293FT,0.0,0.006962463725358248
Hum_XLOC_001120,HEK293FT,0.0,0.00452673202380538
Hum_XLOC_001121,HEK293FT,0.0,0.0070094154216349125
Hum_XLOC_001122,HEK293FT,0.0,0.007602083962410688
Hum_XLOC_001125,HEK293FT,0.0,0.009064523503184319
Hum_XLOC_001132,HEK293FT,0.0,0.010279687121510506
Hum_XLOC_001138,HEK293FT,0.0,0.004943388979882002
Hum_XLOC_001144,HEK293FT,0.0,0.008603716269135475
Hum_XLOC_001146,HEK293FT,0.0,0.01908492110669613
Hum_XLOC_001188,HEK293FT,0.0,0.0048355832695961
Hum_XLOC_001191,HEK293FT,0.0,0.005352351348847151
Hum_XLOC_001192,HEK293FT,0.0,0.011295351199805737
Hum_XLOC_001217,HEK293FT,0.0,0.0036293058656156063
Hum_XLOC_001222,HEK293FT,0.0,0.0036414237692952156
Hum_XLOC_001228,HEK293FT,0.0,0.004285425879061222
Hum_XLOC_001230,HEK293FT,0.0,0.004550599958747625
Hum_XLOC_001237,HEK293FT,0.0,0.005271518137305975
Hum_XLOC_001243,HEK293FT,0.0,0.005501718260347843
Hum_XLOC_001275,HEK293FT,0.0,0.004689659457653761
Hum_XLOC_001279,HEK293FT,0.0,0.003327261656522751
Hum_XLOC_001291,HEK293FT,0.0,0.011575022712349892
Hum_XLOC_001296,HEK293FT,0.0,0.0054565127938985825
Hum_XLOC_001297,HEK293FT,0.0,0.009347567334771156
Hum_XLOC_001309,HEK293FT,0.0,0.0063528036698699
Hum_XLOC_001329,HEK293FT,0.0,0.0036770098377019167
Hum_XLOC_001330,HEK293FT,0.0,0.0037364689633250237
Hum_XLOC_001355,HEK293FT,0.0,0.005538304802030325
Hum_XLOC_001366,HEK293FT,0.0,0.010127385146915913
Hum_XLOC_001367,HEK293FT,0.0,0.013280072249472141
Hum_XLOC_001375,HEK293FT,0.0,0.005640907678753138
Hum_XLOC_001390,HEK293FT,0.0,0.008821183815598488
Hum_XLOC_001405,HEK293FT,0.0,0.005234027747064829
Hum_XLOC_001461,HEK293FT,0.0,0.012244700454175472
Hum_XLOC_001465,HEK293FT,0.0,0.0073941717855632305
Hum_XLOC_001488,HEK293FT,0.0,0.012251172214746475
Hum_XLOC_001490,HEK293FT,0.0,0.006851566955447197
Hum_XLOC_001509,HEK293FT,0.0,0.010337031446397305
Hum_XLOC_001516,HEK293FT,0.0,0.006852984894067049
Hum_XLOC_001532,HEK293FT,0.0,0.008450895547866821
Hum_XLOC_001539,HEK293FT,0.0,0.005393275059759617
Hum_XLOC_001541,HEK293FT,0.0,0.016223832964897156
Hum_XLOC_001542,HEK293FT,0.0,0.021310554817318916
Hum_XLOC_001548,HEK293FT,0.0,0.008383342064917088
Hum_XLOC_001559,HEK293FT,0.0,0.01152481883764267
Hum_XLOC_001565,HEK293FT,0.0,0.010759643279016018
Hum_XLOC_001566,HEK293FT,0.0,0.007041105534881353
Hum_XLOC_001575,HEK293FT,0.0,0.00839687418192625
Hum_XLOC_001580,HEK293FT,0.0,0.002734540496021509
Hum_XLOC_001590,HEK293FT,0.0,0.007094862870872021
Hum_XLOC_001615,HEK293FT,0.0,0.005022982135415077
Hum_XLOC_001624,HEK293FT,0.0,0.0057968683540821075
Hum_XLOC_001639,HEK293FT,0.0,0.007628415711224079
Hum_XLOC_001661,HEK293FT,0.0,0.007365459110587835
Hum_XLOC_001666,HEK293FT,0.0,0.004719560965895653
Hum_XLOC_001668,HEK293FT,0.0,0.007958884350955486
Hum_XLOC_001688,HEK293FT,0.0,0.015908773988485336
Hum_XLOC_001689,HEK293FT,0.0,0.003143993904814124
Hum_XLOC_001695,HEK293FT,0.0,0.009864344261586666
Hum_XLOC_001696,HEK293FT,0.0,0.0020904974080622196
Hum_XLOC_001698,HEK293FT,0.0,0.0041911364533007145
Hum_XLOC_001707,HEK293FT,0.0,0.00935579277575016
Hum_XLOC_001760,HEK293FT,0.0,0.007807680405676365
Hum_XLOC_001761,HEK293FT,0.0,0.0057294368743896484
Hum_XLOC_001773,HEK293FT,0.0,0.009742390364408493
Hum_XLOC_001775,HEK293FT,0.0,0.006447390653192997
Hum_XLOC_001779,HEK293FT,0.0,0.007539041806012392
Hum_XLOC_001783,HEK293FT,0.0,0.006879690568894148
Hum_XLOC_001791,HEK293FT,0.0,0.007667492609471083
Hum_XLOC_001805,HEK293FT,0.0,0.010350493714213371
Hum_XLOC_001809,HEK293FT,0.0,0.009985921904444695
Hum_XLOC_001848,HEK293FT,0.0,0.019555948674678802
Hum_XLOC_001919,HEK293FT,0.0,0.013821962289512157
Hum_XLOC_001941,HEK293FT,0.0,0.0038829916156828403
Hum_XLOC_001942,HEK293FT,0.0,0.008323350921273232
Hum_XLOC_001949,HEK293FT,0.0,0.0032740153837949038
Hum_XLOC_001950,HEK293FT,0.0,0.006231633946299553
Hum_XLOC_001953,HEK293FT,0.0,0.004467983264476061
Hum_XLOC_001957,HEK293FT,0.0,0.009174112230539322
Hum_XLOC_001961,HEK293FT,0.0,0.004751051310449839
Hum_XLOC_001969,HEK293FT,0.0,0.0052668070420622826
Hum_XLOC_002024,HEK293FT,0.0,0.004514658823609352
Hum_XLOC_002028,HEK293FT,0.0,0.0026982761919498444
Hum_XLOC_002033,HEK293FT,0.0,0.012463848106563091
Hum_XLOC_002036,HEK293FT,0.0,0.0047647301107645035
Hum_XLOC_002037,HEK293FT,0.0,0.005757065489888191
Hum_XLOC_002041,HEK293FT,0.0,0.007568332366645336
Hum_XLOC_002059,HEK293FT,0.0,0.014261963777244091
Hum_XLOC_002061,HEK293FT,0.0,0.0017084976425394416
Hum_XLOC_002068,HEK293FT,0.0,0.004994944669306278
Hum_XLOC_002081,HEK293FT,0.0,0.012630793265998363
Hum_XLOC_002093,HEK293FT,0.0,0.0065131960436701775
Hum_XLOC_002099,HEK293FT,0.0,0.007499251049011946
Hum_XLOC_002144,HEK293FT,0.0,0.007901346310973167
Hum_XLOC_002150,HEK293FT,0.0,0.0045995102263987064
Hum_XLOC_002152,HEK293FT,0.0,0.005431019235402346
Hum_XLOC_002154,HEK293FT,0.0,0.0066188243217766285
Hum_XLOC_002169,HEK293FT,1.0,0.004459399729967117
Hum_XLOC_002170,HEK293FT,0.0,0.004257244057953358
Hum_XLOC_002176,HEK293FT,0.0,0.005970569793134928
Hum_XLOC_002178,HEK293FT,0.0,0.00432251812890172
Hum_XLOC_002186,HEK293FT,0.0,0.01238379068672657
Hum_XLOC_002204,HEK293FT,1.0,0.0045722234062850475
Hum_XLOC_002205,HEK293FT,1.0,0.005972930695861578
Hum_XLOC_002219,HEK293FT,1.0,0.010700570419430733
Hum_XLOC_002244,HEK293FT,0.0,0.004817269742488861
Hum_XLOC_002252,HEK293FT,0.0,0.009258447214961052
Hum_XLOC_002261,HEK293FT,0.0,0.006736768875271082
Hum_XLOC_002262,HEK293FT,0.0,0.00867379643023014
Hum_XLOC_002265,HEK293FT,0.0,0.008930452167987823
Hum_XLOC_002271,HEK293FT,0.0,0.0021354863420128822
Hum_XLOC_002280,HEK293FT,0.0,0.007910408079624176
Hum_XLOC_002282,HEK293FT,0.0,0.006787835154682398
Hum_XLOC_002283,HEK293FT,0.0,0.009439423680305481
Hum_XLOC_002284,HEK293FT,0.0,0.007005198393017054
Hum_XLOC_002294,HEK293FT,0.0,0.010435578413307667
Hum_XLOC_002296,HEK293FT,0.0,0.007009099703282118
Hum_XLOC_002299,HEK293FT,0.0,0.010597452521324158
Hum_XLOC_002301,HEK293FT,0.0,0.005000732373446226
Hum_XLOC_002306,HEK293FT,0.0,0.003992352169007063
Hum_XLOC_002311,HEK293FT,1.0,0.010715446434915066
Hum_XLOC_002313,HEK293FT,0.0,0.007458709180355072
Hum_XLOC_002314,HEK293FT,0.0,0.009097975678741932
Hum_XLOC_002327,HEK293FT,0.0,0.012322373688220978
Hum_XLOC_002330,HEK293FT,0.0,0.006657805759459734
Hum_XLOC_002338,HEK293FT,0.0,0.018551668152213097
Hum_XLOC_002344,HEK293FT,0.0,0.0038240859284996986
Hum_XLOC_002347,HEK293FT,0.0,0.0038455238100141287
Hum_XLOC_002348,HEK293FT,0.0,0.006082296837121248
Hum_XLOC_002362,HEK293FT,0.0,0.008607076480984688
Hum_XLOC_002364,HEK293FT,0.0,0.0025007128715515137
Hum_XLOC_002383,HEK293FT,0.0,0.0036403529811650515
Hum_XLOC_002386,HEK293FT,0.0,0.008609192445874214
Hum_XLOC_002390,HEK293FT,0.0,0.014101079665124416
Hum_XLOC_002394,HEK293FT,0.0,0.004775870591402054
Hum_XLOC_002398,HEK293FT,0.0,0.0072523751296103
Hum_XLOC_002399,HEK293FT,0.0,0.005401328206062317
Hum_XLOC_002408,HEK293FT,0.0,0.003211208153516054
Hum_XLOC_002414,HEK293FT,0.0,0.0029432224109768867
Hum_XLOC_002418,HEK293FT,0.0,0.003336413763463497
Hum_XLOC_002435,HEK293FT,0.0,0.0025161397643387318
Hum_XLOC_002440,HEK293FT,1.0,0.01334874052554369
Hum_XLOC_002489,HEK293FT,0.0,0.013780639506876469
Hum_XLOC_002490,HEK293FT,0.0,0.004891824442893267
Hum_XLOC_002493,HEK293FT,0.0,0.00878864899277687
Hum_XLOC_002520,HEK293FT,0.0,0.0021103955805301666
Hum_XLOC_002524,HEK293FT,0.0,0.006146612577140331
Hum_XLOC_002546,HEK293FT,0.0,0.004301783163100481
Hum_XLOC_002560,HEK293FT,0.0,0.004960888996720314
Hum_XLOC_002570,HEK293FT,0.0,0.002563898218795657
Hum_XLOC_002577,HEK293FT,0.0,0.0045694634318351746
Hum_XLOC_002579,HEK293FT,0.0,0.007433363236486912
Hum_XLOC_002586,HEK293FT,0.0,0.0053678639233112335
Hum_XLOC_002589,HEK293FT,0.0,0.006083536893129349
Hum_XLOC_002629,HEK293FT,0.0,0.006630407180637121
Hum_XLOC_002631,HEK293FT,0.0,0.012331226840615273
Hum_XLOC_002635,HEK293FT,0.0,0.009264467284083366
Hum_XLOC_002644,HEK293FT,0.0,0.00800414104014635
Hum_XLOC_002646,HEK293FT,0.0,0.006455227266997099
Hum_XLOC_002653,HEK293FT,0.0,0.004656668286770582
Hum_XLOC_002681,HEK293FT,0.0,0.00788440927863121
Hum_XLOC_002695,HEK293FT,0.0,0.010078467428684235
Hum_XLOC_002702,HEK293FT,0.0,0.0068805767223238945
Hum_XLOC_002705,HEK293FT,0.0,0.012760082259774208
Hum_XLOC_002711,HEK293FT,0.0,0.008729714900255203
Hum_XLOC_002714,HEK293FT,0.0,0.0030832625925540924
Hum_XLOC_002717,HEK293FT,0.0,0.005476996302604675
Hum_XLOC_002725,HEK293FT,0.0,0.005159268621355295
Hum_XLOC_002741,HEK293FT,0.0,0.006367389112710953
Hum_XLOC_002742,HEK293FT,0.0,0.01511249877512455
Hum_XLOC_002744,HEK293FT,0.0,0.0024236030876636505
Hum_XLOC_002760,HEK293FT,0.0,0.013272201642394066
Hum_XLOC_002788,HEK293FT,0.0,0.013357591815292835
Hum_XLOC_002792,HEK293FT,1.0,0.006421859376132488
Hum_XLOC_002796,HEK293FT,0.0,0.007845905609428883
Hum_XLOC_002817,HEK293FT,0.0,0.006883421912789345
Hum_XLOC_002836,HEK293FT,0.0,0.03535926714539528
Hum_XLOC_002844,HEK293FT,1.0,0.003800058038905263
Hum_XLOC_002845,HEK293FT,0.0,0.005735903047025204
Hum_XLOC_002859,HEK293FT,0.0,0.005293228663504124
Hum_XLOC_002889,HEK293FT,0.0,0.008592015132308006
Hum_XLOC_002911,HEK293FT,0.0,0.011916072107851505
Hum_XLOC_002935,HEK293FT,0.0,0.0029042859096080065
Hum_XLOC_002937,HEK293FT,0.0,0.005143886897712946
Hum_XLOC_002967,HEK293FT,0.0,0.004049955867230892
Hum_XLOC_002983,HEK293FT,0.0,0.00819819699972868
Hum_XLOC_002986,HEK293FT,0.0,0.005274336785078049
Hum_XLOC_002990,HEK293FT,0.0,0.015002707950770855
Hum_XLOC_003039,HEK293FT,0.0,0.008037588559091091
Hum_XLOC_003061,HEK293FT,0.0,0.007291383109986782
Hum_XLOC_003086,HEK293FT,0.0,0.009385711513459682
Hum_XLOC_003099,HEK293FT,0.0,0.005037093535065651
Hum_XLOC_003109,HEK293FT,0.0,0.007518074009567499
Hum_XLOC_003128,HEK293FT,0.0,0.01262313686311245
Hum_XLOC_003134,HEK293FT,0.0,0.007246784865856171
Hum_XLOC_003137,HEK293FT,0.0,0.006125625688582659
Hum_XLOC_003154,HEK293FT,0.0,0.00502286059781909
Hum_XLOC_003155,HEK293FT,0.0,0.0059173740446567535
Hum_XLOC_003171,HEK293FT,0.0,0.0026761884801089764
Hum_XLOC_003209,HEK293FT,0.0,0.008565924130380154
Hum_XLOC_003215,HEK293FT,0.0,0.00299582676962018
Hum_XLOC_003221,HEK293FT,0.0,0.0063426620326936245
Hum_XLOC_003232,HEK293FT,0.0,0.02137012965977192
Hum_XLOC_003268,HEK293FT,0.0,0.005859505385160446
Hum_XLOC_003269,HEK293FT,0.0,0.011696035042405128
Hum_XLOC_003286,HEK293FT,0.0,0.006724677048623562
Hum_XLOC_003290,HEK293FT,0.0,0.004824563395231962
Hum_XLOC_003294,HEK293FT,0.0,0.004066395573318005
Hum_XLOC_003321,HEK293FT,0.0,0.01056450605392456
Hum_XLOC_003324,HEK293FT,0.0,0.0029477793723344803
Hum_XLOC_003334,HEK293FT,0.0,0.011717529036104679
Hum_XLOC_003337,HEK293FT,0.0,0.006024540867656469
Hum_XLOC_003338,HEK293FT,0.0,0.007925263606011868
Hum_XLOC_003352,HEK293FT,0.0,0.007116794586181641
Hum_XLOC_003357,HEK293FT,0.0,0.0020833276212215424
Hum_XLOC_003361,HEK293FT,0.0,0.008366323076188564
Hum_XLOC_003371,HEK293FT,0.0,0.007745346054434776
Hum_XLOC_003381,HEK293FT,0.0,0.004798142239451408
Hum_XLOC_003408,HEK293FT,0.0,0.005485485307872295
Hum_XLOC_003436,HEK293FT,0.0,0.004124922212213278
Hum_XLOC_003440,HEK293FT,0.0,0.0049726273864507675
Hum_XLOC_003450,HEK293FT,0.0,0.006007504183799028
Hum_XLOC_003466,HEK293FT,0.0,0.008632287383079529
Hum_XLOC_003488,HEK293FT,0.0,0.009135909378528595
Hum_XLOC_003491,HEK293FT,0.0,0.006329296622425318
Hum_XLOC_003497,HEK293FT,0.0,0.014818722382187843
Hum_XLOC_003498,HEK293FT,0.0,0.016028959304094315
Hum_XLOC_003502,HEK293FT,0.0,0.010552415624260902
Hum_XLOC_003518,HEK293FT,0.0,0.011764701455831528
Hum_XLOC_003532,HEK293FT,0.0,0.0033039043191820383
Hum_XLOC_003543,HEK293FT,0.0,0.0037233373150229454
Hum_XLOC_003554,HEK293FT,0.0,0.01359550841152668
Hum_XLOC_003563,HEK293FT,0.0,0.00675611849874258
Hum_XLOC_003567,HEK293FT,0.0,0.0044312672689557076
Hum_XLOC_003568,HEK293FT,1.0,0.005445252638310194
Hum_XLOC_003570,HEK293FT,0.0,0.0017415365437045693
Hum_XLOC_003571,HEK293FT,0.0,0.0035618115216493607
Hum_XLOC_003593,HEK293FT,0.0,0.003335191635414958
Hum_XLOC_003594,HEK293FT,0.0,0.004424450919032097
Hum_XLOC_003598,HEK293FT,0.0,0.0035527742002159357
Hum_XLOC_003626,HEK293FT,0.0,0.007527041248977184
Hum_XLOC_003628,HEK293FT,0.0,0.00809276569634676
Hum_XLOC_003630,HEK293FT,0.0,0.0057666427455842495
Hum_XLOC_003641,HEK293FT,0.0,0.006312931422144175
Hum_XLOC_003662,HEK293FT,0.0,0.009669015184044838
Hum_XLOC_003665,HEK293FT,0.0,0.0039274077862501144
Hum_XLOC_003672,HEK293FT,0.0,0.00321872322820127
Hum_XLOC_003673,HEK293FT,0.0,0.005282633937895298
Hum_XLOC_003674,HEK293FT,0.0,0.007677414454519749
Hum_XLOC_003676,HEK293FT,0.0,0.00581918703392148
Hum_XLOC_003686,HEK293FT,0.0,0.004031389951705933
Hum_XLOC_003697,HEK293FT,0.0,0.006706775166094303
Hum_XLOC_003717,HEK293FT,0.0,0.006018787622451782
Hum_XLOC_003725,HEK293FT,0.0,0.007039415184408426
Hum_XLOC_003743,HEK293FT,0.0,0.004814141429960728
Hum_XLOC_003754,HEK293FT,0.0,0.0030513403471559286
Hum_XLOC_003766,HEK293FT,0.0,0.015356282703578472
Hum_XLOC_003775,HEK293FT,0.0,0.004709306638687849
Hum_XLOC_003790,HEK293FT,0.0,0.009182051755487919
Hum_XLOC_003799,HEK293FT,0.0,0.012423727661371231
Hum_XLOC_003853,HEK293FT,0.0,0.014044650830328465
Hum_XLOC_003865,HEK293FT,0.0,0.016247542575001717
Hum_XLOC_003871,HEK293FT,0.0,0.019777096807956696
Hum_XLOC_003891,HEK293FT,0.0,0.005412760190665722
Hum_XLOC_003892,HEK293FT,0.0,0.008644377812743187
Hum_XLOC_003910,HEK293FT,0.0,0.005816933698952198
Hum_XLOC_003911,HEK293FT,0.0,0.013529857620596886
Hum_XLOC_003952,HEK293FT,0.0,0.0027110865339636803
Hum_XLOC_003971,HEK293FT,0.0,0.005493315868079662
Hum_XLOC_003988,HEK293FT,0.0,0.003942149691283703
Hum_XLOC_004020,HEK293FT,0.0,0.007204584777355194
Hum_XLOC_004035,HEK293FT,0.0,0.0023705989588052034
Hum_XLOC_004036,HEK293FT,0.0,0.008205167949199677
Hum_XLOC_004048,HEK293FT,0.0,0.006656345911324024
Hum_XLOC_004068,HEK293FT,0.0,0.0057839881628751755
Hum_XLOC_004069,HEK293FT,0.0,0.009689259342849255
Hum_XLOC_004095,HEK293FT,0.0,0.009963714517652988
Hum_XLOC_004096,HEK293FT,0.0,0.00969113502651453
Hum_XLOC_004116,HEK293FT,0.0,0.00877703819423914
Hum_XLOC_004123,HEK293FT,0.0,0.008878237567842007
Hum_XLOC_004134,HEK293FT,0.0,0.004374130629003048
Hum_XLOC_004161,HEK293FT,0.0,0.011580636724829674
Hum_XLOC_004168,HEK293FT,0.0,0.008478374220430851
Hum_XLOC_004169,HEK293FT,0.0,0.007280818186700344
Hum_XLOC_004177,HEK293FT,0.0,0.010562627576291561
Hum_XLOC_004200,HEK293FT,0.0,0.0033776829950511456
Hum_XLOC_004201,HEK293FT,0.0,0.0067780278623104095
Hum_XLOC_004219,HEK293FT,1.0,0.007336173672229052
Hum_XLOC_004226,HEK293FT,0.0,0.003249466186389327
Hum_XLOC_004227,HEK293FT,1.0,0.0073225777596235275
Hum_XLOC_004236,HEK293FT,0.0,0.0035215658135712147
Hum_XLOC_004254,HEK293FT,1.0,0.006361604668200016
Hum_XLOC_004255,HEK293FT,0.0,0.005390086676925421
Hum_XLOC_004262,HEK293FT,1.0,0.011187057942152023
Hum_XLOC_004269,HEK293FT,0.0,0.0068022143095731735
Hum_XLOC_004277,HEK293FT,0.0,0.00484355678781867
Hum_XLOC_004278,HEK293FT,0.0,0.00683074165135622
Hum_XLOC_004282,HEK293FT,0.0,0.01054475549608469
Hum_XLOC_004287,HEK293FT,0.0,0.007092279847711325
Hum_XLOC_004293,HEK293FT,0.0,0.0081192497164011
Hum_XLOC_004302,HEK293FT,0.0,0.005114641506224871
Hum_XLOC_004303,HEK293FT,0.0,0.005626296624541283
Hum_XLOC_004306,HEK293FT,0.0,0.012108299881219864
Hum_XLOC_004309,HEK293FT,0.0,0.009080629795789719
Hum_XLOC_004314,HEK293FT,0.0,0.00809840951114893
Hum_XLOC_004317,HEK293FT,0.0,0.009041445329785347
Hum_XLOC_004336,HEK293FT,0.0,0.015177589841187
Hum_XLOC_004343,HEK293FT,0.0,0.006626720540225506
Hum_XLOC_004350,HEK293FT,0.0,0.008017700165510178
Hum_XLOC_004361,HEK293FT,0.0,0.00493681849911809
Hum_XLOC_004363,HEK293FT,0.0,0.004792111925780773
Hum_XLOC_004401,HEK293FT,0.0,0.004991954192519188
Hum_XLOC_004405,HEK293FT,0.0,0.00408249581232667
Hum_XLOC_004407,HEK293FT,0.0,0.004065229091793299
Hum_XLOC_004424,HEK293FT,1.0,0.010074486024677753
Hum_XLOC_004437,HEK293FT,0.0,0.010622551664710045
Hum_XLOC_004446,HEK293FT,0.0,0.005952778737992048
Hum_XLOC_004457,HEK293FT,0.0,0.008760476484894753
Hum_XLOC_004482,HEK293FT,0.0,0.010553421452641487
Hum_XLOC_004502,HEK293FT,0.0,0.0029310290701687336
Hum_XLOC_004515,HEK293FT,0.0,0.006491316482424736
Hum_XLOC_004529,HEK293FT,0.0,0.003583842422813177
Hum_XLOC_004535,HEK293FT,0.0,0.0042712995782494545
Hum_XLOC_004553,HEK293FT,0.0,0.011653060093522072
Hum_XLOC_004566,HEK293FT,0.0,0.009989604353904724
Hum_XLOC_004567,HEK293FT,0.0,0.005035442300140858
Hum_XLOC_004572,HEK293FT,0.0,0.013867097906768322
Hum_XLOC_004578,HEK293FT,0.0,0.00828339159488678
Hum_XLOC_004580,HEK293FT,0.0,0.004982258193194866
Hum_XLOC_004581,HEK293FT,0.0,0.005107650998979807
Hum_XLOC_004587,HEK293FT,0.0,0.006525308825075626
Hum_XLOC_004600,HEK293FT,0.0,0.01949627324938774
Hum_XLOC_004601,HEK293FT,1.0,0.0038573327474296093
Hum_XLOC_004607,HEK293FT,0.0,0.004290990065783262
Hum_XLOC_004617,HEK293FT,0.0,0.011658234521746635
Hum_XLOC_004619,HEK293FT,0.0,0.012902551330626011
Hum_XLOC_004620,HEK293FT,0.0,0.00494923023506999
Hum_XLOC_004632,HEK293FT,0.0,0.007591594010591507
Hum_XLOC_004636,HEK293FT,1.0,0.014308426529169083
Hum_XLOC_004652,HEK293FT,0.0,0.007900497876107693
Hum_XLOC_004653,HEK293FT,0.0,0.008701445534825325
Hum_XLOC_004657,HEK293FT,1.0,0.023228051140904427
Hum_XLOC_004661,HEK293FT,0.0,0.005948978941887617
Hum_XLOC_004683,HEK293FT,0.0,0.002116333693265915
Hum_XLOC_004684,HEK293FT,0.0,0.006885495502501726
Hum_XLOC_004688,HEK293FT,0.0,0.002753190929070115
Hum_XLOC_004689,HEK293FT,0.0,0.0044884271919727325
Hum_XLOC_004705,HEK293FT,0.0,0.00816144235432148
Hum_XLOC_004717,HEK293FT,0.0,0.00777896773070097
Hum_XLOC_004718,HEK293FT,0.0,0.0038210153579711914
Hum_XLOC_004733,HEK293FT,0.0,0.005441736895591021
Hum_XLOC_004741,HEK293FT,0.0,0.002963706385344267
Hum_XLOC_004762,HEK293FT,0.0,0.002580155385658145
Hum_XLOC_004771,HEK293FT,0.0,0.007051718421280384
Hum_XLOC_004777,HEK293FT,0.0,0.008990916423499584
Hum_XLOC_004788,HEK293FT,0.0,0.004427890293300152
Hum_XLOC_004791,HEK293FT,0.0,0.0055687022395431995
Hum_XLOC_004795,HEK293FT,0.0,0.007153960410505533
Hum_XLOC_004803,HEK293FT,0.0,0.01392733957618475
Hum_XLOC_004805,HEK293FT,0.0,0.006599133368581533
Hum_XLOC_004813,HEK293FT,0.0,0.0053850095719099045
Hum_XLOC_004815,HEK293FT,0.0,0.010719197802245617
Hum_XLOC_004822,HEK293FT,0.0,0.008778125047683716
Hum_XLOC_004823,HEK293FT,0.0,0.012185422703623772
Hum_XLOC_004827,HEK293FT,0.0,0.004350396804511547
Hum_XLOC_004837,HEK293FT,0.0,0.00712850596755743
Hum_XLOC_004839,HEK293FT,0.0,0.005421520676463842
Hum_XLOC_004855,HEK293FT,0.0,0.015363509766757488
Hum_XLOC_004874,HEK293FT,0.0,0.015464982017874718
Hum_XLOC_004875,HEK293FT,0.0,0.012357120402157307
Hum_XLOC_004878,HEK293FT,0.0,0.009445436298847198
Hum_XLOC_004884,HEK293FT,0.0,0.002458832925185561
Hum_XLOC_004911,HEK293FT,0.0,0.007605754304677248
Hum_XLOC_004915,HEK293FT,0.0,0.011066699400544167
Hum_XLOC_004927,HEK293FT,0.0,0.00863906741142273
Hum_XLOC_004929,HEK293FT,0.0,0.0038417058531194925
Hum_XLOC_004936,HEK293FT,0.0,0.01113457977771759
Hum_XLOC_004957,HEK293FT,0.0,0.004876174032688141
Hum_XLOC_004960,HEK293FT,0.0,0.009234665893018246
Hum_XLOC_004965,HEK293FT,0.0,0.005789949558675289
Hum_XLOC_000006,K562,0.0,0.014099919237196445
Hum_XLOC_000008,K562,0.0,0.005552901886403561
Hum_XLOC_000016,K562,0.0,0.026433127000927925
Hum_XLOC_000030,K562,0.0,0.1348172426223755
Hum_XLOC_000033,K562,0.0,0.022962292656302452
Hum_XLOC_000039,K562,0.0,0.03994997590780258
Hum_XLOC_000053,K562,0.0,0.13280680775642395
Hum_XLOC_000057,K562,1.0,0.052052877843379974
Hum_XLOC_000060,K562,1.0,0.04230634868144989
Hum_XLOC_000080,K562,0.0,0.007552532944828272
Hum_XLOC_000094,K562,0.0,0.01204319391399622
Hum_XLOC_000100,K562,1.0,0.02250339463353157
Hum_XLOC_000105,K562,0.0,0.013523539528250694
Hum_XLOC_000107,K562,0.0,0.004118326585739851
Hum_XLOC_000111,K562,1.0,0.02368350513279438
Hum_XLOC_000134,K562,0.0,0.00305184512399137
Hum_XLOC_000143,K562,1.0,0.035810597240924835
Hum_XLOC_000145,K562,0.0,0.027424726635217667
Hum_XLOC_000149,K562,0.0,0.012856394052505493
Hum_XLOC_000155,K562,1.0,0.022162703797221184
Hum_XLOC_000169,K562,0.0,0.016782846301794052
Hum_XLOC_000170,K562,0.0,0.030949046835303307
Hum_XLOC_000194,K562,0.0,0.008021329529583454
Hum_XLOC_000201,K562,0.0,0.015116601251065731
Hum_XLOC_000231,K562,1.0,0.07781589031219482
Hum_XLOC_000233,K562,1.0,0.12808211147785187
Hum_XLOC_000245,K562,0.0,0.011036010459065437
Hum_XLOC_000247,K562,0.0,0.03583145886659622
Hum_XLOC_000248,K562,0.0,0.015433106571435928
Hum_XLOC_000265,K562,0.0,0.017215004190802574
Hum_XLOC_000282,K562,0.0,0.02568318508565426
Hum_XLOC_000286,K562,1.0,0.006323837675154209
Hum_XLOC_000292,K562,0.0,0.07265816628932953
Hum_XLOC_000307,K562,0.0,0.003781801788136363
Hum_XLOC_000308,K562,0.0,0.007213233038783073
Hum_XLOC_000312,K562,1.0,0.08630106598138809
Hum_XLOC_000314,K562,0.0,0.0013838618760928512
Hum_XLOC_000317,K562,0.0,0.0018085212213918567
Hum_XLOC_000319,K562,0.0,0.028911123052239418
Hum_XLOC_000332,K562,0.0,0.19679902493953705
Hum_XLOC_000338,K562,0.0,0.011623036116361618
Hum_XLOC_000342,K562,0.0,0.2631166875362396
Hum_XLOC_000345,K562,0.0,0.132818803191185
Hum_XLOC_000362,K562,0.0,0.018572838976979256
Hum_XLOC_000377,K562,1.0,0.010162042453885078
Hum_XLOC_000390,K562,0.0,0.019826766103506088
Hum_XLOC_000394,K562,0.0,0.02812987193465233
Hum_XLOC_000411,K562,0.0,0.007893369533121586
Hum_XLOC_000415,K562,0.0,0.08954189717769623
Hum_XLOC_000430,K562,0.0,0.013702044263482094
Hum_XLOC_000436,K562,0.0,0.017806340008974075
Hum_XLOC_000437,K562,1.0,0.30113843083381653
Hum_XLOC_000456,K562,1.0,0.017630575224757195
Hum_XLOC_000461,K562,0.0,0.10209806263446808
Hum_XLOC_000462,K562,0.0,0.01657857932150364
Hum_XLOC_000465,K562,0.0,0.00485391728579998
Hum_XLOC_000472,K562,0.0,0.03298896178603172
Hum_XLOC_000474,K562,0.0,0.008203312754631042
Hum_XLOC_000478,K562,0.0,0.026597285643219948
Hum_XLOC_000486,K562,0.0,0.016300246119499207
Hum_XLOC_000490,K562,0.0,0.006935172714293003
Hum_XLOC_000498,K562,0.0,0.006292847450822592
Hum_XLOC_000500,K562,1.0,0.18170975148677826
Hum_XLOC_000510,K562,0.0,0.05329238623380661
Hum_XLOC_000535,K562,0.0,0.0386989526450634
Hum_XLOC_000540,K562,0.0,0.00953652337193489
Hum_XLOC_000556,K562,0.0,0.024038350209593773
Hum_XLOC_000574,K562,0.0,0.010169681161642075
Hum_XLOC_000575,K562,0.0,0.012185267172753811
Hum_XLOC_000582,K562,0.0,0.02010297402739525
Hum_XLOC_000590,K562,0.0,0.0029771889094263315
Hum_XLOC_000601,K562,0.0,0.018230438232421875
Hum_XLOC_000604,K562,0.0,0.0015735450433567166
Hum_XLOC_000608,K562,1.0,0.00469354260712862
Hum_XLOC_000612,K562,0.0,0.00656147301197052
Hum_XLOC_000636,K562,1.0,0.007959969341754913
Hum_XLOC_000638,K562,0.0,0.03359480947256088
Hum_XLOC_000641,K562,0.0,0.00535071175545454
Hum_XLOC_000655,K562,0.0,0.004002665169537067
Hum_XLOC_000668,K562,0.0,0.004775904584676027
Hum_XLOC_000680,K562,0.0,0.0023417873308062553
Hum_XLOC_000681,K562,0.0,0.008226238191127777
Hum_XLOC_000695,K562,0.0,0.0052656554616987705
Hum_XLOC_000702,K562,0.0,0.018782589584589005
Hum_XLOC_000726,K562,0.0,0.023851566016674042
Hum_XLOC_000727,K562,0.0,0.029761794954538345
Hum_XLOC_000758,K562,0.0,0.0026596817187964916
Hum_XLOC_000773,K562,0.0,0.005668397527188063
Hum_XLOC_000774,K562,0.0,0.006500339601188898
Hum_XLOC_000797,K562,0.0,0.004892348777502775
Hum_XLOC_000799,K562,0.0,0.011724157258868217
Hum_XLOC_000800,K562,0.0,0.003300428157672286
Hum_XLOC_000807,K562,0.0,0.07682082056999207
Hum_XLOC_000818,K562,0.0,0.014460316859185696
Hum_XLOC_000828,K562,0.0,0.008909353986382484
Hum_XLOC_000831,K562,0.0,0.006124783772975206
Hum_XLOC_000835,K562,0.0,0.005017113406211138
Hum_XLOC_000840,K562,0.0,0.004902278538793325
Hum_XLOC_000841,K562,0.0,0.002416838426142931
Hum_XLOC_000842,K562,0.0,0.002567811869084835
Hum_XLOC_000854,K562,1.0,0.00585515983402729
Hum_XLOC_000855,K562,0.0,0.0037570821586996317
Hum_XLOC_000883,K562,0.0,0.0025556168984621763
Hum_XLOC_000885,K562,0.0,0.0041442811489105225
Hum_XLOC_000905,K562,0.0,0.0053430586121976376
Hum_XLOC_000917,K562,0.0,0.004292459227144718
Hum_XLOC_000925,K562,0.0,0.012480140663683414
Hum_XLOC_000944,K562,0.0,0.006449734326452017
Hum_XLOC_000949,K562,0.0,0.011080015450716019
Hum_XLOC_000953,K562,0.0,0.002545787952840328
Hum_XLOC_000964,K562,0.0,0.004066882189363241
Hum_XLOC_000990,K562,0.0,0.0016787010245025158
Hum_XLOC_000994,K562,0.0,0.006594321224838495
Hum_XLOC_001020,K562,0.0,0.016662344336509705
Hum_XLOC_001029,K562,0.0,0.004527025856077671
Hum_XLOC_001066,K562,0.0,0.0060617439448833466
Hum_XLOC_001120,K562,0.0,0.006063652224838734
Hum_XLOC_001121,K562,0.0,0.0055751195177435875
Hum_XLOC_001122,K562,0.0,0.026159342378377914
Hum_XLOC_001125,K562,0.0,0.018228081986308098
Hum_XLOC_001132,K562,0.0,0.01895199902355671
Hum_XLOC_001138,K562,0.0,0.004213404841721058
Hum_XLOC_001144,K562,0.0,0.006846812088042498
Hum_XLOC_001146,K562,0.0,0.004153905902057886
Hum_XLOC_001188,K562,0.0,0.002063172636553645
Hum_XLOC_001191,K562,0.0,0.005089147947728634
Hum_XLOC_001192,K562,0.0,0.0021965745836496353
Hum_XLOC_001217,K562,0.0,0.002158715855330229
Hum_XLOC_001222,K562,0.0,0.0017347644316032529
Hum_XLOC_001228,K562,0.0,0.01253517810255289
Hum_XLOC_001230,K562,0.0,0.00431830296292901
Hum_XLOC_001237,K562,0.0,0.0055634574964642525
Hum_XLOC_001243,K562,0.0,0.003529296489432454
Hum_XLOC_001275,K562,0.0,0.01013439055532217
Hum_XLOC_001279,K562,0.0,0.0025759448762983084
Hum_XLOC_001291,K562,0.0,0.007117906119674444
Hum_XLOC_001296,K562,1.0,0.009995066560804844
Hum_XLOC_001297,K562,0.0,0.007746727671474218
Hum_XLOC_001309,K562,0.0,0.005399883724749088
Hum_XLOC_001329,K562,0.0,0.0034056082367897034
Hum_XLOC_001330,K562,0.0,0.006344565190374851
Hum_XLOC_001355,K562,0.0,0.009785820730030537
Hum_XLOC_001366,K562,0.0,0.00439959904178977
Hum_XLOC_001367,K562,0.0,0.007099936716258526
Hum_XLOC_001375,K562,0.0,0.002643710235133767
Hum_XLOC_001390,K562,0.0,0.004546789452433586
Hum_XLOC_001405,K562,0.0,0.007677138317376375
Hum_XLOC_001461,K562,0.0,0.014116904698312283
Hum_XLOC_001465,K562,0.0,0.00431339954957366
Hum_XLOC_001488,K562,0.0,0.02889326773583889
Hum_XLOC_001490,K562,1.0,0.10917115211486816
Hum_XLOC_001509,K562,0.0,0.016343316063284874
Hum_XLOC_001516,K562,0.0,0.008496013469994068
Hum_XLOC_001532,K562,0.0,0.01689888723194599
Hum_XLOC_001539,K562,0.0,0.005920151714235544
Hum_XLOC_001541,K562,0.0,0.006225713528692722
Hum_XLOC_001542,K562,0.0,0.028400933369994164
Hum_XLOC_001548,K562,0.0,0.010265525430440903
Hum_XLOC_001559,K562,0.0,0.009169713594019413
Hum_XLOC_001565,K562,1.0,0.043741725385189056
Hum_XLOC_001566,K562,0.0,0.021111514419317245
Hum_XLOC_001575,K562,0.0,0.011872499249875546
Hum_XLOC_001580,K562,0.0,0.0028027761727571487
Hum_XLOC_001590,K562,0.0,0.00778182502835989
Hum_XLOC_001615,K562,0.0,0.0358087383210659
Hum_XLOC_001624,K562,0.0,0.014205848798155785
Hum_XLOC_001639,K562,0.0,0.006207546219229698
Hum_XLOC_001661,K562,0.0,0.007029383908957243
Hum_XLOC_001666,K562,0.0,0.0022933860309422016
Hum_XLOC_001668,K562,0.0,0.00648727361112833
Hum_XLOC_001688,K562,0.0,0.00962489377707243
Hum_XLOC_001689,K562,0.0,0.0033715933095663786
Hum_XLOC_001695,K562,0.0,0.013440674170851707
Hum_XLOC_001696,K562,0.0,0.0057980637066066265
Hum_XLOC_001698,K562,0.0,0.0037111525889486074
Hum_XLOC_001707,K562,0.0,0.0051519679836928844
Hum_XLOC_001760,K562,0.0,0.009962369687855244
Hum_XLOC_001761,K562,0.0,0.006031012162566185
Hum_XLOC_001773,K562,0.0,0.01307792216539383
Hum_XLOC_001775,K562,0.0,0.004084555432200432
Hum_XLOC_001779,K562,0.0,0.0481407567858696
Hum_XLOC_001783,K562,1.0,0.011140772141516209
Hum_XLOC_001791,K562,0.0,0.002592163858935237
Hum_XLOC_001805,K562,0.0,0.017310921102762222
Hum_XLOC_001809,K562,0.0,0.006473412737250328
Hum_XLOC_001848,K562,0.0,0.011916830204427242
Hum_XLOC_001919,K562,0.0,0.007612401153892279
Hum_XLOC_001941,K562,0.0,0.002418103162199259
Hum_XLOC_001942,K562,0.0,0.0074348305352032185
Hum_XLOC_001949,K562,0.0,0.0012070040684193373
Hum_XLOC_001950,K562,1.0,0.014400442130863667
Hum_XLOC_001953,K562,0.0,0.001918927882798016
Hum_XLOC_001957,K562,0.0,0.0027351269964128733
Hum_XLOC_001961,K562,0.0,0.006579506676644087
Hum_XLOC_001969,K562,0.0,0.004642844200134277
Hum_XLOC_002024,K562,0.0,0.003317708382382989
Hum_XLOC_002028,K562,0.0,0.0033642901107668877
Hum_XLOC_002033,K562,1.0,0.008267026394605637
Hum_XLOC_002036,K562,0.0,0.032028988003730774
Hum_XLOC_002037,K562,0.0,0.02322281524538994
Hum_XLOC_002041,K562,0.0,0.0044347732327878475
Hum_XLOC_002059,K562,0.0,0.04985193535685539
Hum_XLOC_002061,K562,0.0,0.003219036851078272
Hum_XLOC_002068,K562,0.0,0.0018118290463462472
Hum_XLOC_002081,K562,0.0,0.03732626140117645
Hum_XLOC_002093,K562,0.0,0.011008736677467823
Hum_XLOC_002099,K562,0.0,0.003558431752026081
Hum_XLOC_002144,K562,0.0,0.04045834019780159
Hum_XLOC_002150,K562,0.0,0.0028006338980048895
Hum_XLOC_002152,K562,0.0,0.010011859238147736
Hum_XLOC_002154,K562,0.0,0.0054160007275640965
Hum_XLOC_002169,K562,0.0,0.003044971963390708
Hum_XLOC_002170,K562,0.0,0.002391112269833684
Hum_XLOC_002176,K562,0.0,0.005600659642368555
Hum_XLOC_002178,K562,0.0,0.00791853666305542
Hum_XLOC_002186,K562,0.0,0.015666414052248
Hum_XLOC_002204,K562,0.0,0.005540395621210337
Hum_XLOC_002205,K562,0.0,0.0062290034256875515
Hum_XLOC_002219,K562,0.0,0.0062993960455060005
Hum_XLOC_002244,K562,0.0,0.00702862162142992
Hum_XLOC_002252,K562,0.0,0.002082723891362548
Hum_XLOC_002261,K562,0.0,0.0030749414581805468
Hum_XLOC_002262,K562,0.0,0.007435471285134554
Hum_XLOC_002265,K562,0.0,0.01099451445043087
Hum_XLOC_002271,K562,0.0,0.003771489718928933
Hum_XLOC_002280,K562,0.0,0.01135100144892931
Hum_XLOC_002282,K562,0.0,0.0032375617884099483
Hum_XLOC_002283,K562,0.0,0.00939592719078064
Hum_XLOC_002284,K562,1.0,0.10389494895935059
Hum_XLOC_002294,K562,0.0,0.009149529971182346
Hum_XLOC_002296,K562,0.0,0.007405084557831287
Hum_XLOC_002299,K562,0.0,0.03589829429984093
Hum_XLOC_002301,K562,0.0,0.07462990283966064
Hum_XLOC_002306,K562,0.0,0.11701412498950958
Hum_XLOC_002311,K562,0.0,0.005644563119858503
Hum_XLOC_002313,K562,0.0,0.021178869530558586
Hum_XLOC_002314,K562,1.0,0.041117098182439804
Hum_XLOC_002327,K562,0.0,0.040170323103666306
Hum_XLOC_002330,K562,0.0,0.01515223179012537
Hum_XLOC_002338,K562,0.0,0.01620369218289852
Hum_XLOC_002344,K562,0.0,0.004197641275823116
Hum_XLOC_002347,K562,0.0,0.0029608167242258787
Hum_XLOC_002348,K562,0.0,0.0029717134311795235
Hum_XLOC_002362,K562,0.0,0.0059988112188875675
Hum_XLOC_002364,K562,0.0,0.0032438274938613176
Hum_XLOC_002383,K562,0.0,0.003053071442991495
Hum_XLOC_002386,K562,0.0,0.015145594254136086
Hum_XLOC_002390,K562,0.0,0.07230451703071594
Hum_XLOC_002394,K562,0.0,0.007288236171007156
Hum_XLOC_002398,K562,0.0,0.0036302872467786074
Hum_XLOC_002399,K562,0.0,0.02281009592115879
Hum_XLOC_002408,K562,0.0,0.0016016275621950626
Hum_XLOC_002414,K562,0.0,0.0032912848982959986
Hum_XLOC_002418,K562,0.0,0.014142277650535107
Hum_XLOC_002435,K562,0.0,0.0018966556526720524
Hum_XLOC_002440,K562,0.0,0.04863179847598076
Hum_XLOC_002489,K562,0.0,0.003598142182454467
Hum_XLOC_002490,K562,0.0,0.0016524947714060545
Hum_XLOC_002493,K562,0.0,0.005467910319566727
Hum_XLOC_002520,K562,0.0,0.06844774633646011
Hum_XLOC_002524,K562,0.0,0.14338697493076324
Hum_XLOC_002546,K562,0.0,0.031160511076450348
Hum_XLOC_002560,K562,0.0,0.00861094705760479
Hum_XLOC_002570,K562,0.0,0.15711934864521027
Hum_XLOC_002577,K562,0.0,0.024144748225808144
Hum_XLOC_002579,K562,0.0,0.013264073058962822
Hum_XLOC_002586,K562,0.0,0.013154451735317707
Hum_XLOC_002589,K562,1.0,0.029542502015829086
Hum_XLOC_002629,K562,0.0,0.025153934955596924
Hum_XLOC_002631,K562,0.0,0.011885837651789188
Hum_XLOC_002635,K562,0.0,0.012698826380074024
Hum_XLOC_002644,K562,0.0,0.008037904277443886
Hum_XLOC_002646,K562,0.0,0.0074571771547198296
Hum_XLOC_002653,K562,0.0,0.004155703354626894
Hum_XLOC_002681,K562,0.0,0.004533350467681885
Hum_XLOC_002695,K562,0.0,0.012219005264341831
Hum_XLOC_002702,K562,0.0,0.012433869764208794
Hum_XLOC_002705,K562,1.0,0.04261909797787666
Hum_XLOC_002711,K562,0.0,0.008071091026067734
Hum_XLOC_002714,K562,0.0,0.010283282026648521
Hum_XLOC_002717,K562,0.0,0.003877153154462576
Hum_XLOC_002725,K562,0.0,0.057792626321315765
Hum_XLOC_002741,K562,0.0,0.09203365445137024
Hum_XLOC_002742,K562,0.0,0.02332683652639389
Hum_XLOC_002744,K562,0.0,0.0055164736695587635
Hum_XLOC_002760,K562,0.0,0.022068798542022705
Hum_XLOC_002788,K562,0.0,0.03308766335248947
Hum_XLOC_002792,K562,0.0,0.018035579472780228
Hum_XLOC_002796,K562,0.0,0.015297114849090576
Hum_XLOC_002817,K562,0.0,0.01298126857727766
Hum_XLOC_002836,K562,0.0,0.009155016392469406
Hum_XLOC_002844,K562,0.0,0.0023022976238280535
Hum_XLOC_002845,K562,0.0,0.029553858563303947
Hum_XLOC_002859,K562,0.0,0.0019524020608514547
Hum_XLOC_002889,K562,0.0,0.0553429014980793
Hum_XLOC_002911,K562,0.0,0.173675999045372
Hum_XLOC_002935,K562,0.0,0.004870386328548193
Hum_XLOC_002937,K562,0.0,0.011608818545937538
Hum_XLOC_002967,K562,0.0,0.0029886772390455008
Hum_XLOC_002983,K562,0.0,0.012908297590911388
Hum_XLOC_002986,K562,0.0,0.029365727677941322
Hum_XLOC_002990,K562,0.0,0.026821164414286613
Hum_XLOC_003039,K562,0.0,0.014308144338428974
Hum_XLOC_003061,K562,1.0,0.03743651509284973
Hum_XLOC_003086,K562,0.0,0.025097673758864403
Hum_XLOC_003099,K562,0.0,0.0034036990255117416
Hum_XLOC_003109,K562,0.0,0.010142889805138111
Hum_XLOC_003128,K562,0.0,0.013347183354198933
Hum_XLOC_003134,K562,1.0,0.06712497770786285
Hum_XLOC_003137,K562,0.0,0.0026164585724473
Hum_XLOC_003154,K562,0.0,0.008510269224643707
Hum_XLOC_003155,K562,0.0,0.03264494240283966
Hum_XLOC_003171,K562,0.0,0.005742944777011871
Hum_XLOC_003209,K562,0.0,0.007964100688695908
Hum_XLOC_003215,K562,0.0,0.00712910620495677
Hum_XLOC_003221,K562,0.0,0.0027976485434919596
Hum_XLOC_003232,K562,0.0,0.013279253616929054
Hum_XLOC_003268,K562,0.0,0.00933548528701067
Hum_XLOC_003269,K562,1.0,0.007394654676318169
Hum_XLOC_003286,K562,0.0,0.11793597042560577
Hum_XLOC_003290,K562,0.0,0.0044258940033614635
Hum_XLOC_003294,K562,0.0,0.0026403728406876326
Hum_XLOC_003321,K562,0.0,0.027927501127123833
Hum_XLOC_003324,K562,0.0,0.0021926569752395153
Hum_XLOC_003334,K562,0.0,0.003752726363018155
Hum_XLOC_003337,K562,0.0,0.0023691379465162754
Hum_XLOC_003338,K562,0.0,0.006498704198747873
Hum_XLOC_003352,K562,0.0,0.0589202381670475
Hum_XLOC_003357,K562,0.0,0.003590066684409976
Hum_XLOC_003361,K562,0.0,0.01881122961640358
Hum_XLOC_003371,K562,0.0,0.011552039533853531
Hum_XLOC_003381,K562,0.0,0.0024152419064193964
Hum_XLOC_003408,K562,0.0,0.003417809959501028
Hum_XLOC_003436,K562,0.0,0.007196496240794659
Hum_XLOC_003440,K562,0.0,0.004494810942560434
Hum_XLOC_003450,K562,1.0,0.040572699159383774
Hum_XLOC_003466,K562,0.0,0.02010793797671795
Hum_XLOC_003488,K562,0.0,0.0036250613629817963
Hum_XLOC_003491,K562,0.0,0.002036475343629718
Hum_XLOC_003497,K562,0.0,0.03800882399082184
Hum_XLOC_003498,K562,0.0,0.005018363706767559
Hum_XLOC_003502,K562,0.0,0.01573292165994644
Hum_XLOC_003518,K562,0.0,0.007194694131612778
Hum_XLOC_003532,K562,0.0,0.003788834437727928
Hum_XLOC_003543,K562,0.0,0.020860077813267708
Hum_XLOC_003554,K562,0.0,0.005415086168795824
Hum_XLOC_003563,K562,0.0,0.00346349086612463
Hum_XLOC_003567,K562,0.0,0.004126193467527628
Hum_XLOC_003568,K562,0.0,0.006749121472239494
Hum_XLOC_003570,K562,0.0,0.001996753504499793
Hum_XLOC_003571,K562,0.0,0.003672540420666337
Hum_XLOC_003593,K562,0.0,0.00243992917239666
Hum_XLOC_003594,K562,0.0,0.015901869162917137
Hum_XLOC_003598,K562,0.0,0.0014680169988423586
Hum_XLOC_003626,K562,0.0,0.007734810002148151
Hum_XLOC_003628,K562,0.0,0.0020719298627227545
Hum_XLOC_003630,K562,0.0,0.011877831071615219
Hum_XLOC_003641,K562,1.0,0.011667105369269848
Hum_XLOC_003662,K562,0.0,0.02958468347787857
Hum_XLOC_003665,K562,1.0,0.03996943309903145
Hum_XLOC_003672,K562,0.0,0.004039462190121412
Hum_XLOC_003673,K562,0.0,0.0050511048175394535
Hum_XLOC_003674,K562,0.0,0.032732728868722916
Hum_XLOC_003676,K562,0.0,0.005748207680881023
Hum_XLOC_003686,K562,0.0,0.003670381149277091
Hum_XLOC_003697,K562,0.0,0.0033854206558316946
Hum_XLOC_003717,K562,0.0,0.00652564549818635
Hum_XLOC_003725,K562,0.0,0.007699908688664436
Hum_XLOC_003743,K562,0.0,0.032360609620809555
Hum_XLOC_003754,K562,0.0,0.0035625495947897434
Hum_XLOC_003766,K562,0.0,0.037988197058439255
Hum_XLOC_003775,K562,0.0,0.028846537694334984
Hum_XLOC_003790,K562,0.0,0.006071643438190222
Hum_XLOC_003799,K562,0.0,0.0034379519056528807
Hum_XLOC_003853,K562,0.0,0.018490256741642952
Hum_XLOC_003865,K562,0.0,0.005010514985769987
Hum_XLOC_003871,K562,0.0,0.020246388390660286
Hum_XLOC_003891,K562,0.0,0.023764993995428085
Hum_XLOC_003892,K562,1.0,0.008644141256809235
Hum_XLOC_003910,K562,0.0,0.056044697761535645
Hum_XLOC_003911,K562,0.0,0.1222022995352745
Hum_XLOC_003952,K562,0.0,0.004876537248492241
Hum_XLOC_003971,K562,0.0,0.00821274146437645
Hum_XLOC_003988,K562,1.0,0.003120790235698223
Hum_XLOC_004020,K562,0.0,0.007510730531066656
Hum_XLOC_004035,K562,0.0,0.008641162887215614
Hum_XLOC_004036,K562,0.0,0.2673078775405884
Hum_XLOC_004048,K562,0.0,0.0046119992621243
Hum_XLOC_004068,K562,0.0,0.006367591209709644
Hum_XLOC_004069,K562,0.0,0.002554215956479311
Hum_XLOC_004095,K562,0.0,0.035188522189855576
Hum_XLOC_004096,K562,0.0,0.09926678240299225
Hum_XLOC_004116,K562,0.0,0.04256818816065788
Hum_XLOC_004123,K562,0.0,0.007413459941744804
Hum_XLOC_004134,K562,0.0,0.004289594944566488
Hum_XLOC_004161,K562,0.0,0.01114214863628149
Hum_XLOC_004168,K562,0.0,0.004597262013703585
Hum_XLOC_004169,K562,0.0,0.012886825017631054
Hum_XLOC_004177,K562,0.0,0.014210110530257225
Hum_XLOC_004200,K562,0.0,0.02284603752195835
Hum_XLOC_004201,K562,0.0,0.01080129574984312
Hum_XLOC_004219,K562,0.0,0.002771517727524042
Hum_XLOC_004226,K562,0.0,0.005838548764586449
Hum_XLOC_004227,K562,0.0,0.010698510333895683
Hum_XLOC_004236,K562,0.0,0.0024295879993587732
Hum_XLOC_004254,K562,1.0,0.01961681805551052
Hum_XLOC_004255,K562,0.0,0.02962961234152317
Hum_XLOC_004262,K562,0.0,0.010997730307281017
Hum_XLOC_004269,K562,0.0,0.0022137253545224667
Hum_XLOC_004277,K562,0.0,0.0033772944007068872
Hum_XLOC_004278,K562,0.0,0.0022799475118517876
Hum_XLOC_004282,K562,0.0,0.017571482807397842
Hum_XLOC_004287,K562,0.0,0.008797463960945606
Hum_XLOC_004293,K562,0.0,0.01988224685192108
Hum_XLOC_004302,K562,0.0,0.012600002810359001
Hum_XLOC_004303,K562,0.0,0.012590650469064713
Hum_XLOC_004306,K562,0.0,0.0048711723648011684
Hum_XLOC_004309,K562,0.0,0.020024167373776436
Hum_XLOC_004314,K562,0.0,0.012508809566497803
Hum_XLOC_004317,K562,0.0,0.018128527328372
Hum_XLOC_004336,K562,0.0,0.004756484180688858
Hum_XLOC_004343,K562,0.0,0.012922722846269608
Hum_XLOC_004350,K562,0.0,0.008896815590560436
Hum_XLOC_004361,K562,0.0,0.004610666073858738
Hum_XLOC_004363,K562,0.0,0.00704795029014349
Hum_XLOC_004401,K562,0.0,0.01390216313302517
Hum_XLOC_004405,K562,0.0,0.011063151992857456
Hum_XLOC_004407,K562,0.0,0.0036365517880767584
Hum_XLOC_004424,K562,0.0,0.01862882636487484
Hum_XLOC_004437,K562,0.0,0.0060271346010267735
Hum_XLOC_004446,K562,0.0,0.014304909855127335
Hum_XLOC_004457,K562,0.0,0.060132935643196106
Hum_XLOC_004482,K562,0.0,0.007301077712327242
Hum_XLOC_004502,K562,0.0,0.0042024534195661545
Hum_XLOC_004515,K562,0.0,0.0031563774682581425
Hum_XLOC_004529,K562,0.0,0.00641387514770031
Hum_XLOC_004535,K562,0.0,0.0011608120985329151
Hum_XLOC_004553,K562,0.0,0.01436761487275362
Hum_XLOC_004566,K562,0.0,0.009755482897162437
Hum_XLOC_004567,K562,0.0,0.004959361627697945
Hum_XLOC_004572,K562,0.0,0.023190390318632126
Hum_XLOC_004578,K562,0.0,0.005289779976010323
Hum_XLOC_004580,K562,0.0,0.0038373181596398354
Hum_XLOC_004581,K562,0.0,0.0072748688980937
Hum_XLOC_004587,K562,0.0,0.027640284970402718
Hum_XLOC_004600,K562,0.0,0.03689563274383545
Hum_XLOC_004601,K562,0.0,0.00886587705463171
Hum_XLOC_004607,K562,0.0,0.0054511926136910915
Hum_XLOC_004617,K562,0.0,0.010536073707044125
Hum_XLOC_004619,K562,0.0,0.051207855343818665
Hum_XLOC_004620,K562,1.0,0.10885702073574066
Hum_XLOC_004632,K562,0.0,0.002364305779337883
Hum_XLOC_004636,K562,0.0,0.014427687041461468
Hum_XLOC_004652,K562,0.0,0.0064659095369279385
Hum_XLOC_004653,K562,0.0,0.003591892309486866
Hum_XLOC_004657,K562,0.0,0.021959982812404633
Hum_XLOC_004661,K562,0.0,0.0032481132075190544
Hum_XLOC_004683,K562,0.0,0.0037759908009320498
Hum_XLOC_004684,K562,0.0,0.01863696612417698
Hum_XLOC_004688,K562,0.0,0.004007283132523298
Hum_XLOC_004689,K562,0.0,0.004343775566667318
Hum_XLOC_004705,K562,0.0,0.03661184385418892
Hum_XLOC_004717,K562,0.0,0.007072081323713064
Hum_XLOC_004718,K562,0.0,0.009886607527732849
Hum_XLOC_004733,K562,0.0,0.004945790860801935
Hum_XLOC_004741,K562,0.0,0.0024973941035568714
Hum_XLOC_004762,K562,0.0,0.04665972292423248
Hum_XLOC_004771,K562,0.0,0.010045456700026989
Hum_XLOC_004777,K562,0.0,0.0036549828946590424
Hum_XLOC_004788,K562,0.0,0.011842742562294006
Hum_XLOC_004791,K562,0.0,0.005849217530339956
Hum_XLOC_004795,K562,0.0,0.011694017797708511
Hum_XLOC_004803,K562,0.0,0.019526686519384384
Hum_XLOC_004805,K562,0.0,0.004851294681429863
Hum_XLOC_004813,K562,0.0,0.004559531807899475
Hum_XLOC_004815,K562,1.0,0.007463292684406042
Hum_XLOC_004822,K562,0.0,0.009396583773195744
Hum_XLOC_004823,K562,0.0,0.0060562328435480595
Hum_XLOC_004827,K562,0.0,0.0026774511206895113
Hum_XLOC_004837,K562,1.0,0.003136120503768325
Hum_XLOC_004839,K562,0.0,0.011573461815714836
Hum_XLOC_004855,K562,0.0,0.05350527912378311
Hum_XLOC_004874,K562,0.0,0.010032378137111664
Hum_XLOC_004875,K562,0.0,0.004306742921471596
Hum_XLOC_004878,K562,0.0,0.003596164518967271
Hum_XLOC_004884,K562,0.0,0.002213261090219021
Hum_XLOC_004911,K562,0.0,0.0034051407128572464
Hum_XLOC_004915,K562,0.0,0.019118957221508026
Hum_XLOC_004927,K562,0.0,0.01971687562763691
Hum_XLOC_004929,K562,0.0,0.028377516195178032
Hum_XLOC_004936,K562,0.0,0.02300250716507435
Hum_XLOC_004957,K562,0.0,0.004876498132944107
Hum_XLOC_004960,K562,0.0,0.0034364163875579834
Hum_XLOC_004965,K562,0.0,0.0028482028283178806
Hum_XLOC_000006,MDA-MB-231,0.0,0.003709241980686784
Hum_XLOC_000008,MDA-MB-231,0.0,0.007137546315789223
Hum_XLOC_000016,MDA-MB-231,0.0,0.004319736268371344
Hum_XLOC_000030,MDA-MB-231,0.0,0.0029740016907453537
Hum_XLOC_000033,MDA-MB-231,0.0,0.0027460285928100348
Hum_XLOC_000039,MDA-MB-231,0.0,0.0019937921315431595
Hum_XLOC_000053,MDA-MB-231,0.0,0.007744066882878542
Hum_XLOC_000057,MDA-MB-231,0.0,0.00520257418975234
Hum_XLOC_000060,MDA-MB-231,0.0,0.0063172257505357265
Hum_XLOC_000080,MDA-MB-231,0.0,0.0029158510733395815
Hum_XLOC_000094,MDA-MB-231,0.0,0.002814441453665495
Hum_XLOC_000100,MDA-MB-231,0.0,0.005438204854726791
Hum_XLOC_000105,MDA-MB-231,0.0,0.002612627809867263
Hum_XLOC_000107,MDA-MB-231,0.0,0.002993678441271186
Hum_XLOC_000111,MDA-MB-231,0.0,0.005862305872142315
Hum_XLOC_000134,MDA-MB-231,0.0,0.0019629865419119596
Hum_XLOC_000143,MDA-MB-231,0.0,0.007728426717221737
Hum_XLOC_000145,MDA-MB-231,1.0,0.009318637661635876
Hum_XLOC_000149,MDA-MB-231,0.0,0.001613917644135654
Hum_XLOC_000155,MDA-MB-231,0.0,0.006463526748120785
Hum_XLOC_000169,MDA-MB-231,0.0,0.002717668190598488
Hum_XLOC_000170,MDA-MB-231,0.0,0.006331297568976879
Hum_XLOC_000194,MDA-MB-231,0.0,0.00633362028747797
Hum_XLOC_000201,MDA-MB-231,0.0,0.004327405244112015
Hum_XLOC_000231,MDA-MB-231,0.0,0.0031534875743091106
Hum_XLOC_000233,MDA-MB-231,0.0,0.017377715557813644
Hum_XLOC_000245,MDA-MB-231,0.0,0.003885838435962796
Hum_XLOC_000247,MDA-MB-231,0.0,0.0019489411497488618
Hum_XLOC_000248,MDA-MB-231,0.0,0.003172124968841672
Hum_XLOC_000265,MDA-MB-231,0.0,0.00411273492500186
Hum_XLOC_000282,MDA-MB-231,0.0,0.0035962210968136787
Hum_XLOC_000286,MDA-MB-231,0.0,0.003992293495684862
Hum_XLOC_000292,MDA-MB-231,0.0,0.004706743638962507
Hum_XLOC_000307,MDA-MB-231,0.0,0.0029512096662074327
Hum_XLOC_000308,MDA-MB-231,0.0,0.006281604059040546
Hum_XLOC_000312,MDA-MB-231,0.0,0.0045310938730835915
Hum_XLOC_000314,MDA-MB-231,0.0,0.0009706466807983816
Hum_XLOC_000317,MDA-MB-231,0.0,0.0019540779758244753
Hum_XLOC_000319,MDA-MB-231,0.0,0.006806780118495226
Hum_XLOC_000332,MDA-MB-231,0.0,0.009132150560617447
Hum_XLOC_000338,MDA-MB-231,1.0,0.007097366265952587
Hum_XLOC_000342,MDA-MB-231,0.0,0.0060670096427202225
Hum_XLOC_000345,MDA-MB-231,0.0,0.004508489277213812
Hum_XLOC_000362,MDA-MB-231,0.0,0.002103735227137804
Hum_XLOC_000377,MDA-MB-231,0.0,0.005106688942760229
Hum_XLOC_000390,MDA-MB-231,0.0,0.00456665363162756
Hum_XLOC_000394,MDA-MB-231,0.0,0.004636686760932207
Hum_XLOC_000411,MDA-MB-231,0.0,0.004619743674993515
Hum_XLOC_000415,MDA-MB-231,0.0,0.0038430807180702686
Hum_XLOC_000430,MDA-MB-231,0.0,0.004751238971948624
Hum_XLOC_000436,MDA-MB-231,0.0,0.004323019180446863
Hum_XLOC_000437,MDA-MB-231,0.0,0.007909798063337803
Hum_XLOC_000456,MDA-MB-231,1.0,0.005857678130269051
Hum_XLOC_000461,MDA-MB-231,0.0,0.011300981044769287
Hum_XLOC_000462,MDA-MB-231,0.0,0.0020381915383040905
Hum_XLOC_000465,MDA-MB-231,0.0,0.0029266360215842724
Hum_XLOC_000472,MDA-MB-231,0.0,0.0065831635147333145
Hum_XLOC_000474,MDA-MB-231,0.0,0.0025148307904601097
Hum_XLOC_000478,MDA-MB-231,0.0,0.003542983205989003
Hum_XLOC_000486,MDA-MB-231,0.0,0.014119725674390793
Hum_XLOC_000490,MDA-MB-231,0.0,0.003849930362775922
Hum_XLOC_000498,MDA-MB-231,0.0,0.0038205382879823446
Hum_XLOC_000500,MDA-MB-231,0.0,0.01036165188997984
Hum_XLOC_000510,MDA-MB-231,0.0,0.003840615041553974
Hum_XLOC_000535,MDA-MB-231,0.0,0.010463223792612553
Hum_XLOC_000540,MDA-MB-231,0.0,0.004188504070043564
Hum_XLOC_000556,MDA-MB-231,0.0,0.004475912544876337
Hum_XLOC_000574,MDA-MB-231,0.0,0.004610361997038126
Hum_XLOC_000575,MDA-MB-231,0.0,0.004425696562975645
Hum_XLOC_000582,MDA-MB-231,0.0,0.004006923642009497
Hum_XLOC_000590,MDA-MB-231,0.0,0.0022655848879367113
Hum_XLOC_000601,MDA-MB-231,0.0,0.0038225927855819464
Hum_XLOC_000604,MDA-MB-231,0.0,0.0017025618581101298
Hum_XLOC_000608,MDA-MB-231,0.0,0.0031493380665779114
Hum_XLOC_000612,MDA-MB-231,0.0,0.0023773920256644487
Hum_XLOC_000636,MDA-MB-231,0.0,0.0022708403412252665
Hum_XLOC_000638,MDA-MB-231,0.0,0.0072373938746750355
Hum_XLOC_000641,MDA-MB-231,0.0,0.003349847160279751
Hum_XLOC_000655,MDA-MB-231,0.0,0.005684486590325832
Hum_XLOC_000668,MDA-MB-231,0.0,0.008688606321811676
Hum_XLOC_000680,MDA-MB-231,0.0,0.0012137347366660833
Hum_XLOC_000681,MDA-MB-231,0.0,0.00426548533141613
Hum_XLOC_000695,MDA-MB-231,0.0,0.0014993806835263968
Hum_XLOC_000702,MDA-MB-231,0.0,0.006049712188541889
Hum_XLOC_000726,MDA-MB-231,0.0,0.007064383942633867
Hum_XLOC_000727,MDA-MB-231,0.0,0.004497320856899023
Hum_XLOC_000758,MDA-MB-231,0.0,0.002453129505738616
Hum_XLOC_000773,MDA-MB-231,0.0,0.0025480168405920267
Hum_XLOC_000774,MDA-MB-231,0.0,0.0035029456485062838
Hum_XLOC_000797,MDA-MB-231,0.0,0.008388552814722061
Hum_XLOC_000799,MDA-MB-231,0.0,0.004515567794442177
Hum_XLOC_000800,MDA-MB-231,0.0,0.005311771761626005
Hum_XLOC_000807,MDA-MB-231,0.0,0.01112630870193243
Hum_XLOC_000818,MDA-MB-231,0.0,0.003262285143136978
Hum_XLOC_000828,MDA-MB-231,0.0,0.005621630232781172
Hum_XLOC_000831,MDA-MB-231,0.0,0.0028669405728578568
Hum_XLOC_000835,MDA-MB-231,0.0,0.0020009952131658792
Hum_XLOC_000840,MDA-MB-231,0.0,0.0023237396962940693
Hum_XLOC_000841,MDA-MB-231,0.0,0.002687690081074834
Hum_XLOC_000842,MDA-MB-231,0.0,0.0018358031520619988
Hum_XLOC_000854,MDA-MB-231,0.0,0.007552846800535917
Hum_XLOC_000855,MDA-MB-231,0.0,0.0023216356057673693
Hum_XLOC_000883,MDA-MB-231,0.0,0.001706440350972116
Hum_XLOC_000885,MDA-MB-231,0.0,0.002986422972753644
Hum_XLOC_000905,MDA-MB-231,0.0,0.004130359273403883
Hum_XLOC_000917,MDA-MB-231,0.0,0.0022783037275075912
Hum_XLOC_000925,MDA-MB-231,0.0,0.00486805709078908
Hum_XLOC_000944,MDA-MB-231,0.0,0.008424987085163593
Hum_XLOC_000949,MDA-MB-231,0.0,0.004158561583608389
Hum_XLOC_000953,MDA-MB-231,0.0,0.0034547692630439997
Hum_XLOC_000964,MDA-MB-231,0.0,0.0036300921346992254
Hum_XLOC_000990,MDA-MB-231,0.0,0.0023307509254664183
Hum_XLOC_000994,MDA-MB-231,0.0,0.006474568974226713
Hum_XLOC_001020,MDA-MB-231,0.0,0.007871037349104881
Hum_XLOC_001029,MDA-MB-231,0.0,0.003160671330988407
Hum_XLOC_001066,MDA-MB-231,1.0,0.0038521692622452974
Hum_XLOC_001120,MDA-MB-231,0.0,0.0028476393781602383
Hum_XLOC_001121,MDA-MB-231,0.0,0.004409405868500471
Hum_XLOC_001122,MDA-MB-231,0.0,0.00851419661194086
Hum_XLOC_001125,MDA-MB-231,0.0,0.008315750397741795
Hum_XLOC_001132,MDA-MB-231,0.0,0.0072231353260576725
Hum_XLOC_001138,MDA-MB-231,0.0,0.005262915976345539
Hum_XLOC_001144,MDA-MB-231,0.0,0.004355368670076132
Hum_XLOC_001146,MDA-MB-231,0.0,0.007476942613720894
Hum_XLOC_001188,MDA-MB-231,0.0,0.003101322567090392
Hum_XLOC_001191,MDA-MB-231,0.0,0.002301436848938465
Hum_XLOC_001192,MDA-MB-231,0.0,0.0067963022738695145
Hum_XLOC_001217,MDA-MB-231,0.0,0.0016798225697129965
Hum_XLOC_001222,MDA-MB-231,0.0,0.0015668157720938325
Hum_XLOC_001228,MDA-MB-231,0.0,0.0035535709466785192
Hum_XLOC_001230,MDA-MB-231,0.0,0.002883872715756297
Hum_XLOC_001237,MDA-MB-231,0.0,0.005728309974074364
Hum_XLOC_001243,MDA-MB-231,0.0,0.004044747445732355
Hum_XLOC_001275,MDA-MB-231,0.0,0.003474883735179901
Hum_XLOC_001279,MDA-MB-231,0.0,0.002647556597366929
Hum_XLOC_001291,MDA-MB-231,0.0,0.0062685273587703705
Hum_XLOC_001296,MDA-MB-231,0.0,0.002231217920780182
Hum_XLOC_001297,MDA-MB-231,0.0,0.005118095315992832
Hum_XLOC_001309,MDA-MB-231,0.0,0.0029588171746581793
Hum_XLOC_001329,MDA-MB-231,0.0,0.003177301026880741
Hum_XLOC_001330,MDA-MB-231,0.0,0.0036657718010246754
Hum_XLOC_001355,MDA-MB-231,0.0,0.00216325419023633
Hum_XLOC_001366,MDA-MB-231,0.0,0.00509629724547267
Hum_XLOC_001367,MDA-MB-231,0.0,0.004049375187605619
Hum_XLOC_001375,MDA-MB-231,0.0,0.004073444288223982
Hum_XLOC_001390,MDA-MB-231,0.0,0.007639823015779257
Hum_XLOC_001405,MDA-MB-231,0.0,0.005705301184207201
Hum_XLOC_001461,MDA-MB-231,0.0,0.0049754660576581955
Hum_XLOC_001465,MDA-MB-231,0.0,0.004972584545612335
Hum_XLOC_001488,MDA-MB-231,0.0,0.011319120414555073
Hum_XLOC_001490,MDA-MB-231,0.0,0.007397238630801439
Hum_XLOC_001509,MDA-MB-231,0.0,0.0038779727183282375
Hum_XLOC_001516,MDA-MB-231,0.0,0.006823825649917126
Hum_XLOC_001532,MDA-MB-231,0.0,0.005539636593312025
Hum_XLOC_001539,MDA-MB-231,0.0,0.002625494496896863
Hum_XLOC_001541,MDA-MB-231,0.0,0.008433022536337376
Hum_XLOC_001542,MDA-MB-231,0.0,0.01001835148781538
Hum_XLOC_001548,MDA-MB-231,0.0,0.00497713778167963
Hum_XLOC_001559,MDA-MB-231,0.0,0.0063917567022144794
Hum_XLOC_001565,MDA-MB-231,0.0,0.004310342948883772
Hum_XLOC_001566,MDA-MB-231,0.0,0.004296386148780584
Hum_XLOC_001575,MDA-MB-231,0.0,0.005694821011275053
Hum_XLOC_001580,MDA-MB-231,0.0,0.0018672352889552712
Hum_XLOC_001590,MDA-MB-231,0.0,0.0034426504280418158
Hum_XLOC_001615,MDA-MB-231,0.0,0.00458806287497282
Hum_XLOC_001624,MDA-MB-231,0.0,0.003576830727979541
Hum_XLOC_001639,MDA-MB-231,0.0,0.004742320626974106
Hum_XLOC_001661,MDA-MB-231,0.0,0.004834954626858234
Hum_XLOC_001666,MDA-MB-231,0.0,0.0022797773126512766
Hum_XLOC_001668,MDA-MB-231,0.0,0.0045538004487752914
Hum_XLOC_001688,MDA-MB-231,0.0,0.010070296935737133
Hum_XLOC_001689,MDA-MB-231,0.0,0.0015483644092455506
Hum_XLOC_001695,MDA-MB-231,0.0,0.004014003090560436
Hum_XLOC_001696,MDA-MB-231,0.0,0.002120999153703451
Hum_XLOC_001698,MDA-MB-231,0.0,0.0022562709636986256
Hum_XLOC_001707,MDA-MB-231,0.0,0.004991781897842884
Hum_XLOC_001760,MDA-MB-231,0.0,0.005214725621044636
Hum_XLOC_001761,MDA-MB-231,1.0,0.004193204455077648
Hum_XLOC_001773,MDA-MB-231,0.0,0.007210429757833481
Hum_XLOC_001775,MDA-MB-231,0.0,0.004870753735303879
Hum_XLOC_001779,MDA-MB-231,1.0,0.008967544883489609
Hum_XLOC_001783,MDA-MB-231,0.0,0.0031650897581130266
Hum_XLOC_001791,MDA-MB-231,1.0,0.007391908206045628
Hum_XLOC_001805,MDA-MB-231,0.0,0.004331814590841532
Hum_XLOC_001809,MDA-MB-231,0.0,0.0052826316095888615
Hum_XLOC_001848,MDA-MB-231,0.0,0.008504871279001236
Hum_XLOC_001919,MDA-MB-231,0.0,0.003983361646533012
Hum_XLOC_001941,MDA-MB-231,0.0,0.0034980024211108685
Hum_XLOC_001942,MDA-MB-231,0.0,0.004744954407215118
Hum_XLOC_001949,MDA-MB-231,0.0,0.0013898846227675676
Hum_XLOC_001950,MDA-MB-231,0.0,0.004754107911139727
Hum_XLOC_001953,MDA-MB-231,0.0,0.0022517454344779253
Hum_XLOC_001957,MDA-MB-231,0.0,0.004339131992310286
Hum_XLOC_001961,MDA-MB-231,0.0,0.0033865373115986586
Hum_XLOC_001969,MDA-MB-231,0.0,0.003962078131735325
Hum_XLOC_002024,MDA-MB-231,0.0,0.0036039745900779963
Hum_XLOC_002028,MDA-MB-231,0.0,0.0014509243192151189
Hum_XLOC_002033,MDA-MB-231,0.0,0.008740677498281002
Hum_XLOC_002036,MDA-MB-231,0.0,0.0029313245322555304
Hum_XLOC_002037,MDA-MB-231,0.0,0.002376410411670804
Hum_XLOC_002041,MDA-MB-231,0.0,0.006399878300726414
Hum_XLOC_002059,MDA-MB-231,0.0,0.007040918804705143
Hum_XLOC_002061,MDA-MB-231,0.0,0.001389374490827322
Hum_XLOC_002068,MDA-MB-231,0.0,0.002373757539317012
Hum_XLOC_002081,MDA-MB-231,0.0,0.0061249639838933945
Hum_XLOC_002093,MDA-MB-231,0.0,0.004232395440340042
Hum_XLOC_002099,MDA-MB-231,0.0,0.003887996543198824
Hum_XLOC_002144,MDA-MB-231,0.0,0.006616091821342707
Hum_XLOC_002150,MDA-MB-231,0.0,0.002680514007806778
Hum_XLOC_002152,MDA-MB-231,0.0,0.0034499019384384155
Hum_XLOC_002154,MDA-MB-231,0.0,0.003234651405364275
Hum_XLOC_002169,MDA-MB-231,0.0,0.002680067904293537
Hum_XLOC_002170,MDA-MB-231,0.0,0.003390595084056258
Hum_XLOC_002176,MDA-MB-231,0.0,0.0048892623744904995
Hum_XLOC_002178,MDA-MB-231,0.0,0.0023418408818542957
Hum_XLOC_002186,MDA-MB-231,0.0,0.004804464988410473
Hum_XLOC_002204,MDA-MB-231,0.0,0.0022190487943589687
Hum_XLOC_002205,MDA-MB-231,0.0,0.002719599986448884
Hum_XLOC_002219,MDA-MB-231,0.0,0.003015240654349327
Hum_XLOC_002244,MDA-MB-231,0.0,0.003547674510627985
Hum_XLOC_002252,MDA-MB-231,0.0,0.005447652190923691
Hum_XLOC_002261,MDA-MB-231,0.0,0.00392327643930912
Hum_XLOC_002262,MDA-MB-231,0.0,0.003832354210317135
Hum_XLOC_002265,MDA-MB-231,0.0,0.005698942579329014
Hum_XLOC_002271,MDA-MB-231,0.0,0.0016531030414626002
Hum_XLOC_002280,MDA-MB-231,0.0,0.007829771377146244
Hum_XLOC_002282,MDA-MB-231,0.0,0.0031524701043963432
Hum_XLOC_002283,MDA-MB-231,0.0,0.004720501601696014
Hum_XLOC_002284,MDA-MB-231,0.0,0.004476205445826054
Hum_XLOC_002294,MDA-MB-231,0.0,0.007046295329928398
Hum_XLOC_002296,MDA-MB-231,0.0,0.004707911983132362
Hum_XLOC_002299,MDA-MB-231,0.0,0.006783457938581705
Hum_XLOC_002301,MDA-MB-231,0.0,0.0028935777954757214
Hum_XLOC_002306,MDA-MB-231,0.0,0.004380372818559408
Hum_XLOC_002311,MDA-MB-231,1.0,0.007792940828949213
Hum_XLOC_002313,MDA-MB-231,0.0,0.0030364966951310635
Hum_XLOC_002314,MDA-MB-231,0.0,0.0069968379102647305
Hum_XLOC_002327,MDA-MB-231,0.0,0.008526482619345188
Hum_XLOC_002330,MDA-MB-231,0.0,0.003288811072707176
Hum_XLOC_002338,MDA-MB-231,0.0,0.006211424246430397
Hum_XLOC_002344,MDA-MB-231,0.0,0.0056560589000582695
Hum_XLOC_002347,MDA-MB-231,0.0,0.0016093580052256584
Hum_XLOC_002348,MDA-MB-231,0.0,0.0031637961510568857
Hum_XLOC_002362,MDA-MB-231,0.0,0.0052809808403253555
Hum_XLOC_002364,MDA-MB-231,0.0,0.001897794078104198
Hum_XLOC_002383,MDA-MB-231,0.0,0.001826538355089724
Hum_XLOC_002386,MDA-MB-231,0.0,0.004602464847266674
Hum_XLOC_002390,MDA-MB-231,0.0,0.012856017798185349
Hum_XLOC_002394,MDA-MB-231,0.0,0.003597492352128029
Hum_XLOC_002398,MDA-MB-231,0.0,0.0029949822928756475
Hum_XLOC_002399,MDA-MB-231,0.0,0.0027805983554571867
Hum_XLOC_002408,MDA-MB-231,0.0,0.0013025797670707107
Hum_XLOC_002414,MDA-MB-231,0.0,0.0023637625854462385
Hum_XLOC_002418,MDA-MB-231,0.0,0.0018100835150107741
Hum_XLOC_002435,MDA-MB-231,0.0,0.0014556131791323423
Hum_XLOC_002440,MDA-MB-231,0.0,0.010345552116632462
Hum_XLOC_002489,MDA-MB-231,0.0,0.006882037036120892
Hum_XLOC_002490,MDA-MB-231,0.0,0.0017383296508342028
Hum_XLOC_002493,MDA-MB-231,0.0,0.005721930880099535
Hum_XLOC_002520,MDA-MB-231,0.0,0.0019212104380130768
Hum_XLOC_002524,MDA-MB-231,0.0,0.003805754240602255
Hum_XLOC_002546,MDA-MB-231,0.0,0.004737578798085451
Hum_XLOC_002560,MDA-MB-231,0.0,0.004762749653309584
Hum_XLOC_002570,MDA-MB-231,0.0,0.0022457872983068228
Hum_XLOC_002577,MDA-MB-231,0.0,0.004095297772437334
Hum_XLOC_002579,MDA-MB-231,1.0,0.0053684646263718605
Hum_XLOC_002586,MDA-MB-231,0.0,0.003696286352351308
Hum_XLOC_002589,MDA-MB-231,0.0,0.004582293331623077
Hum_XLOC_002629,MDA-MB-231,0.0,0.003864406142383814
Hum_XLOC_002631,MDA-MB-231,0.0,0.005157166160643101
Hum_XLOC_002635,MDA-MB-231,0.0,0.005364399868994951
Hum_XLOC_002644,MDA-MB-231,0.0,0.003615604480728507
Hum_XLOC_002646,MDA-MB-231,0.0,0.0029655727557837963
Hum_XLOC_002653,MDA-MB-231,0.0,0.0028576452750712633
Hum_XLOC_002681,MDA-MB-231,0.0,0.004414449445903301
Hum_XLOC_002695,MDA-MB-231,0.0,0.006344354245811701
Hum_XLOC_002702,MDA-MB-231,0.0,0.0024070092476904392
Hum_XLOC_002705,MDA-MB-231,0.0,0.006588650867342949
Hum_XLOC_002711,MDA-MB-231,0.0,0.004438981879502535
Hum_XLOC_002714,MDA-MB-231,0.0,0.0018614198779687285
Hum_XLOC_002717,MDA-MB-231,0.0,0.0037220336962491274
Hum_XLOC_002725,MDA-MB-231,0.0,0.004517651628702879
Hum_XLOC_002741,MDA-MB-231,0.0,0.005045237019658089
Hum_XLOC_002742,MDA-MB-231,0.0,0.0064871846698224545
Hum_XLOC_002744,MDA-MB-231,0.0,0.002547255717217922
Hum_XLOC_002760,MDA-MB-231,0.0,0.009408393874764442
Hum_XLOC_002788,MDA-MB-231,0.0,0.009488513693213463
Hum_XLOC_002792,MDA-MB-231,0.0,0.004239273723214865
Hum_XLOC_002796,MDA-MB-231,0.0,0.005430339369922876
Hum_XLOC_002817,MDA-MB-231,0.0,0.006261331029236317
Hum_XLOC_002836,MDA-MB-231,1.0,0.02103903517127037
Hum_XLOC_002844,MDA-MB-231,0.0,0.0026835892349481583
Hum_XLOC_002845,MDA-MB-231,0.0,0.005682575982064009
Hum_XLOC_002859,MDA-MB-231,0.0,0.003393620951101184
Hum_XLOC_002889,MDA-MB-231,1.0,0.004829836077988148
Hum_XLOC_002911,MDA-MB-231,0.0,0.007180267013609409
Hum_XLOC_002935,MDA-MB-231,0.0,0.0030396957881748676
Hum_XLOC_002937,MDA-MB-231,0.0,0.003347943536937237
Hum_XLOC_002967,MDA-MB-231,0.0,0.0029136240482330322
Hum_XLOC_002983,MDA-MB-231,0.0,0.0028496060986071825
Hum_XLOC_002986,MDA-MB-231,0.0,0.004065356682986021
Hum_XLOC_002990,MDA-MB-231,0.0,0.008569277822971344
Hum_XLOC_003039,MDA-MB-231,0.0,0.006544936448335648
Hum_XLOC_003061,MDA-MB-231,0.0,0.004687512293457985
Hum_XLOC_003086,MDA-MB-231,1.0,0.00438453396782279
Hum_XLOC_003099,MDA-MB-231,0.0,0.0023899772204458714
Hum_XLOC_003109,MDA-MB-231,0.0,0.006230697967112064
Hum_XLOC_003128,MDA-MB-231,0.0,0.0072682392783463
Hum_XLOC_003134,MDA-MB-231,0.0,0.005978649482131004
Hum_XLOC_003137,MDA-MB-231,0.0,0.005324552766978741
Hum_XLOC_003154,MDA-MB-231,0.0,0.003757895901799202
Hum_XLOC_003155,MDA-MB-231,0.0,0.00403078505769372
Hum_XLOC_003171,MDA-MB-231,0.0,0.0017662090249359608
Hum_XLOC_003209,MDA-MB-231,0.0,0.003989533521234989
Hum_XLOC_003215,MDA-MB-231,0.0,0.0026209561619907618
Hum_XLOC_003221,MDA-MB-231,0.0,0.004471378400921822
Hum_XLOC_003232,MDA-MB-231,0.0,0.008928460069000721
Hum_XLOC_003268,MDA-MB-231,0.0,0.0028908781241625547
Hum_XLOC_003269,MDA-MB-231,0.0,0.0073922681622207165
Hum_XLOC_003286,MDA-MB-231,0.0,0.004009560216218233
Hum_XLOC_003290,MDA-MB-231,0.0,0.0024898056872189045
Hum_XLOC_003294,MDA-MB-231,0.0,0.002627661917358637
Hum_XLOC_003321,MDA-MB-231,0.0,0.005378067493438721
Hum_XLOC_003324,MDA-MB-231,0.0,0.001640131464228034
Hum_XLOC_003334,MDA-MB-231,0.0,0.003786063753068447
Hum_XLOC_003337,MDA-MB-231,0.0,0.0041576256044209
Hum_XLOC_003338,MDA-MB-231,0.0,0.002884459448978305
Hum_XLOC_003352,MDA-MB-231,0.0,0.005339919589459896
Hum_XLOC_003357,MDA-MB-231,0.0,0.001720715081319213
Hum_XLOC_003361,MDA-MB-231,0.0,0.005555077455937862
Hum_XLOC_003371,MDA-MB-231,0.0,0.003570863511413336
Hum_XLOC_003381,MDA-MB-231,0.0,0.00274126254953444
Hum_XLOC_003408,MDA-MB-231,0.0,0.0028017954900860786
Hum_XLOC_003436,MDA-MB-231,0.0,0.0025315869133919477
Hum_XLOC_003440,MDA-MB-231,0.0,0.002734518377110362
Hum_XLOC_003450,MDA-MB-231,0.0,0.005408782511949539
Hum_XLOC_003466,MDA-MB-231,0.0,0.0046567609533667564
Hum_XLOC_003488,MDA-MB-231,0.0,0.0045400517992675304
Hum_XLOC_003491,MDA-MB-231,0.0,0.003127218456938863
Hum_XLOC_003497,MDA-MB-231,0.0,0.007636993192136288
Hum_XLOC_003498,MDA-MB-231,0.0,0.0076261162757873535
Hum_XLOC_003502,MDA-MB-231,0.0,0.006192770320922136
Hum_XLOC_003518,MDA-MB-231,0.0,0.010768814012408257
Hum_XLOC_003532,MDA-MB-231,0.0,0.002058173529803753
Hum_XLOC_003543,MDA-MB-231,0.0,0.003843022044748068
Hum_XLOC_003554,MDA-MB-231,0.0,0.011791959404945374
Hum_XLOC_003563,MDA-MB-231,0.0,0.0049283625558018684
Hum_XLOC_003567,MDA-MB-231,0.0,0.003405508119612932
Hum_XLOC_003568,MDA-MB-231,0.0,0.0034262090921401978
Hum_XLOC_003570,MDA-MB-231,0.0,0.001530735520645976
Hum_XLOC_003571,MDA-MB-231,0.0,0.0023144774604588747
Hum_XLOC_003593,MDA-MB-231,0.0,0.0025327515322715044
Hum_XLOC_003594,MDA-MB-231,0.0,0.0025863219052553177
Hum_XLOC_003598,MDA-MB-231,0.0,0.0012578250607475638
Hum_XLOC_003626,MDA-MB-231,0.0,0.005046405363827944
Hum_XLOC_003628,MDA-MB-231,0.0,0.0022292390931397676
Hum_XLOC_003630,MDA-MB-231,0.0,0.003952794708311558
Hum_XLOC_003641,MDA-MB-231,0.0,0.004480276256799698
Hum_XLOC_003662,MDA-MB-231,0.0,0.005915259476751089
Hum_XLOC_003665,MDA-MB-231,0.0,0.003948494326323271
Hum_XLOC_003672,MDA-MB-231,0.0,0.002399369375780225
Hum_XLOC_003673,MDA-MB-231,0.0,0.003716358682140708
Hum_XLOC_003674,MDA-MB-231,0.0,0.005370354279875755
Hum_XLOC_003676,MDA-MB-231,0.0,0.004622597247362137
Hum_XLOC_003686,MDA-MB-231,0.0,0.00229870667681098
Hum_XLOC_003697,MDA-MB-231,0.0,0.005566959269344807
Hum_XLOC_003717,MDA-MB-231,0.0,0.003233738476410508
Hum_XLOC_003725,MDA-MB-231,0.0,0.0036642795894294977
Hum_XLOC_003743,MDA-MB-231,0.0,0.003883574390783906
Hum_XLOC_003754,MDA-MB-231,0.0,0.0018596398876979947
Hum_XLOC_003766,MDA-MB-231,0.0,0.008423510007560253
Hum_XLOC_003775,MDA-MB-231,0.0,0.003288937732577324
Hum_XLOC_003790,MDA-MB-231,0.0,0.004637512378394604
Hum_XLOC_003799,MDA-MB-231,1.0,0.005672018509358168
Hum_XLOC_003853,MDA-MB-231,0.0,0.006452387198805809
Hum_XLOC_003865,MDA-MB-231,0.0,0.0074912807904183865
Hum_XLOC_003871,MDA-MB-231,0.0,0.015420823357999325
Hum_XLOC_003891,MDA-MB-231,0.0,0.003667389741167426
Hum_XLOC_003892,MDA-MB-231,0.0,0.004662785213440657
Hum_XLOC_003910,MDA-MB-231,0.0,0.006230644881725311
Hum_XLOC_003911,MDA-MB-231,0.0,0.009748400188982487
Hum_XLOC_003952,MDA-MB-231,0.0,0.0020069479942321777
Hum_XLOC_003971,MDA-MB-231,0.0,0.002471597632393241
Hum_XLOC_003988,MDA-MB-231,0.0,0.002016536658629775
Hum_XLOC_004020,MDA-MB-231,0.0,0.0033921021968126297
Hum_XLOC_004035,MDA-MB-231,0.0,0.001366141252219677
Hum_XLOC_004036,MDA-MB-231,1.0,0.006105896085500717
Hum_XLOC_004048,MDA-MB-231,0.0,0.003983885515481234
Hum_XLOC_004068,MDA-MB-231,0.0,0.002348304493352771
Hum_XLOC_004069,MDA-MB-231,0.0,0.004034840036183596
Hum_XLOC_004095,MDA-MB-231,0.0,0.007538221310824156
Hum_XLOC_004096,MDA-MB-231,0.0,0.00675954669713974
Hum_XLOC_004116,MDA-MB-231,0.0,0.005239950027316809
Hum_XLOC_004123,MDA-MB-231,0.0,0.0050328318029642105
Hum_XLOC_004134,MDA-MB-231,0.0,0.002662578597664833
Hum_XLOC_004161,MDA-MB-231,0.0,0.008361956104636192
Hum_XLOC_004168,MDA-MB-231,0.0,0.005430642981082201
Hum_XLOC_004169,MDA-MB-231,0.0,0.004414868541061878
Hum_XLOC_004177,MDA-MB-231,0.0,0.005596276838332415
Hum_XLOC_004200,MDA-MB-231,0.0,0.0024112516548484564
Hum_XLOC_004201,MDA-MB-231,0.0,0.0030893394723534584
Hum_XLOC_004219,MDA-MB-231,0.0,0.004973752424120903
Hum_XLOC_004226,MDA-MB-231,0.0,0.0024319179356098175
Hum_XLOC_004227,MDA-MB-231,0.0,0.0030484667513519526
Hum_XLOC_004236,MDA-MB-231,0.0,0.0026104827411472797
Hum_XLOC_004254,MDA-MB-231,1.0,0.003800948616117239
Hum_XLOC_004255,MDA-MB-231,0.0,0.002819531597197056
Hum_XLOC_004262,MDA-MB-231,1.0,0.0045340475626289845
Hum_XLOC_004269,MDA-MB-231,0.0,0.00399946141988039
Hum_XLOC_004277,MDA-MB-231,0.0,0.004058015067130327
Hum_XLOC_004278,MDA-MB-231,0.0,0.0030913755763322115
Hum_XLOC_004282,MDA-MB-231,0.0,0.008847489021718502
Hum_XLOC_004287,MDA-MB-231,0.0,0.0042078387923538685
Hum_XLOC_004293,MDA-MB-231,0.0,0.004185623489320278
Hum_XLOC_004302,MDA-MB-231,0.0,0.0045990669168531895
Hum_XLOC_004303,MDA-MB-231,0.0,0.0021722286473959684
Hum_XLOC_004306,MDA-MB-231,0.0,0.00404870230704546
Hum_XLOC_004309,MDA-MB-231,0.0,0.004555598832666874
Hum_XLOC_004314,MDA-MB-231,0.0,0.005992568098008633
Hum_XLOC_004317,MDA-MB-231,0.0,0.007385070901364088
Hum_XLOC_004336,MDA-MB-231,0.0,0.008175782859325409
Hum_XLOC_004343,MDA-MB-231,0.0,0.0041500176303088665
Hum_XLOC_004350,MDA-MB-231,0.0,0.00300785293802619
Hum_XLOC_004361,MDA-MB-231,0.0,0.0027188407257199287
Hum_XLOC_004363,MDA-MB-231,0.0,0.0027614289429038763
Hum_XLOC_004401,MDA-MB-231,0.0,0.0033621436450630426
Hum_XLOC_004405,MDA-MB-231,0.0,0.003231576643884182
Hum_XLOC_004407,MDA-MB-231,0.0,0.0024646841920912266
Hum_XLOC_004424,MDA-MB-231,0.0,0.0048482296988368034
Hum_XLOC_004437,MDA-MB-231,0.0,0.005059866234660149
Hum_XLOC_004446,MDA-MB-231,0.0,0.0030688317492604256
Hum_XLOC_004457,MDA-MB-231,0.0,0.005847468040883541
Hum_XLOC_004482,MDA-MB-231,0.0,0.0060604773461818695
Hum_XLOC_004502,MDA-MB-231,0.0,0.0024602776393294334
Hum_XLOC_004515,MDA-MB-231,0.0,0.008056395687162876
Hum_XLOC_004529,MDA-MB-231,0.0,0.002048726426437497
Hum_XLOC_004535,MDA-MB-231,0.0,0.002338687889277935
Hum_XLOC_004553,MDA-MB-231,0.0,0.00713650556281209
Hum_XLOC_004566,MDA-MB-231,0.0,0.0057094222865998745
Hum_XLOC_004567,MDA-MB-231,0.0,0.0029510718304663897
Hum_XLOC_004572,MDA-MB-231,1.0,0.012698114849627018
Hum_XLOC_004578,MDA-MB-231,0.0,0.0038602452259510756
Hum_XLOC_004580,MDA-MB-231,0.0,0.0033429258037358522
Hum_XLOC_004581,MDA-MB-231,0.0,0.002875695703551173
Hum_XLOC_004587,MDA-MB-231,0.0,0.005824356339871883
Hum_XLOC_004600,MDA-MB-231,0.0,0.013451749458909035
Hum_XLOC_004601,MDA-MB-231,0.0,0.0021671082358807325
Hum_XLOC_004607,MDA-MB-231,0.0,0.0026837701443582773
Hum_XLOC_004617,MDA-MB-231,0.0,0.005712105892598629
Hum_XLOC_004619,MDA-MB-231,0.0,0.007766335736960173
Hum_XLOC_004620,MDA-MB-231,0.0,0.00379098579287529
Hum_XLOC_004632,MDA-MB-231,0.0,0.005373062565922737
Hum_XLOC_004636,MDA-MB-231,0.0,0.0056742457672953606
Hum_XLOC_004652,MDA-MB-231,0.0,0.0034958089236170053
Hum_XLOC_004653,MDA-MB-231,0.0,0.0033029059413820505
Hum_XLOC_004657,MDA-MB-231,1.0,0.01824486255645752
Hum_XLOC_004661,MDA-MB-231,0.0,0.0035331856925040483
Hum_XLOC_004683,MDA-MB-231,0.0,0.0012644045054912567
Hum_XLOC_004684,MDA-MB-231,0.0,0.005650938954204321
Hum_XLOC_004688,MDA-MB-231,0.0,0.001591165317222476
Hum_XLOC_004689,MDA-MB-231,0.0,0.002640528604388237
Hum_XLOC_004705,MDA-MB-231,0.0,0.00493673887103796
Hum_XLOC_004717,MDA-MB-231,0.0,0.003552379086613655
Hum_XLOC_004718,MDA-MB-231,0.0,0.0027163750492036343
Hum_XLOC_004733,MDA-MB-231,0.0,0.0028105713427066803
Hum_XLOC_004741,MDA-MB-231,0.0,0.001529028988443315
Hum_XLOC_004762,MDA-MB-231,0.0,0.0015942673198878765
Hum_XLOC_004771,MDA-MB-231,0.0,0.0028872669208794832
Hum_XLOC_004777,MDA-MB-231,0.0,0.00593381654471159
Hum_XLOC_004788,MDA-MB-231,0.0,0.0031244817655533552
Hum_XLOC_004791,MDA-MB-231,0.0,0.003944867290556431
Hum_XLOC_004795,MDA-MB-231,0.0,0.005328129976987839
Hum_XLOC_004803,MDA-MB-231,0.0,0.004773471038788557
Hum_XLOC_004805,MDA-MB-231,0.0,0.0034066280350089073
Hum_XLOC_004813,MDA-MB-231,0.0,0.0030567978974431753
Hum_XLOC_004815,MDA-MB-231,0.0,0.004147494211792946
Hum_XLOC_004822,MDA-MB-231,0.0,0.004764033947139978
Hum_XLOC_004823,MDA-MB-231,0.0,0.00535622937604785
Hum_XLOC_004827,MDA-MB-231,0.0,0.0027795236092060804
Hum_XLOC_004837,MDA-MB-231,0.0,0.002832141937687993
Hum_XLOC_004839,MDA-MB-231,0.0,0.0030176970176398754
Hum_XLOC_004855,MDA-MB-231,0.0,0.008402005769312382
Hum_XLOC_004874,MDA-MB-231,0.0,0.00729533564299345
Hum_XLOC_004875,MDA-MB-231,0.0,0.00793453585356474
Hum_XLOC_004878,MDA-MB-231,0.0,0.0054104989394545555
Hum_XLOC_004884,MDA-MB-231,1.0,0.0013508538249880075
Hum_XLOC_004911,MDA-MB-231,0.0,0.00656902976334095
Hum_XLOC_004915,MDA-MB-231,0.0,0.007103568408638239
Hum_XLOC_004927,MDA-MB-231,1.0,0.006875645834952593
Hum_XLOC_004929,MDA-MB-231,0.0,0.002729009138420224
Hum_XLOC_004936,MDA-MB-231,0.0,0.006240827031433582
Hum_XLOC_004957,MDA-MB-231,0.0,0.001685479306615889
Hum_XLOC_004960,MDA-MB-231,0.0,0.0036086917389184237
Hum_XLOC_004965,MDA-MB-231,0.0,0.004897584207355976
Hum_XLOC_000006,THP1,0.0,0.0032751313410699368
Hum_XLOC_000008,THP1,0.0,0.008016880601644516
Hum_XLOC_000016,THP1,0.0,0.0044560558162629604
Hum_XLOC_000030,THP1,0.0,0.0030893057119101286
Hum_XLOC_000033,THP1,0.0,0.0031553080771118402
Hum_XLOC_000039,THP1,0.0,0.002264027949422598
Hum_XLOC_000053,THP1,0.0,0.007858093827962875
Hum_XLOC_000057,THP1,0.0,0.007636808790266514
Hum_XLOC_000060,THP1,0.0,0.009654884226620197
Hum_XLOC_000080,THP1,0.0,0.0021957438439130783
Hum_XLOC_000094,THP1,0.0,0.0031909372191876173
Hum_XLOC_000100,THP1,0.0,0.004325926303863525
Hum_XLOC_000105,THP1,0.0,0.0029961515683680773
Hum_XLOC_000107,THP1,0.0,0.004337099380791187
Hum_XLOC_000111,THP1,0.0,0.00804809294641018
Hum_XLOC_000134,THP1,0.0,0.0021833395585417747
Hum_XLOC_000143,THP1,0.0,0.01061740517616272
Hum_XLOC_000145,THP1,0.0,0.010085338726639748
Hum_XLOC_000149,THP1,0.0,0.0023714168928563595
Hum_XLOC_000155,THP1,0.0,0.007602641358971596
Hum_XLOC_000169,THP1,0.0,0.0029656952247023582
Hum_XLOC_000170,THP1,0.0,0.009053600020706654
Hum_XLOC_000194,THP1,0.0,0.009202315472066402
Hum_XLOC_000201,THP1,0.0,0.008175310678780079
Hum_XLOC_000231,THP1,0.0,0.007026717998087406
Hum_XLOC_000233,THP1,0.0,0.020049287006258965
Hum_XLOC_000245,THP1,0.0,0.007358988281339407
Hum_XLOC_000247,THP1,0.0,0.002619013423100114
Hum_XLOC_000248,THP1,0.0,0.003813472343608737
Hum_XLOC_000265,THP1,0.0,0.007737979758530855
Hum_XLOC_000282,THP1,0.0,0.005186164285987616
Hum_XLOC_000286,THP1,0.0,0.005831677932292223
Hum_XLOC_000292,THP1,0.0,0.006717238109558821
Hum_XLOC_000307,THP1,0.0,0.0034137587063014507
Hum_XLOC_000308,THP1,0.0,0.005461268592625856
Hum_XLOC_000312,THP1,0.0,0.004863363225013018
Hum_XLOC_000314,THP1,0.0,0.001813408569432795
Hum_XLOC_000317,THP1,0.0,0.002964415354654193
Hum_XLOC_000319,THP1,0.0,0.009663533419370651
Hum_XLOC_000332,THP1,0.0,0.008388767018914223
Hum_XLOC_000338,THP1,1.0,0.008403034880757332
Hum_XLOC_000342,THP1,0.0,0.007608464919030666
Hum_XLOC_000345,THP1,0.0,0.0050935992039740086
Hum_XLOC_000362,THP1,0.0,0.002797861583530903
Hum_XLOC_000377,THP1,0.0,0.005352656356990337
Hum_XLOC_000390,THP1,0.0,0.006235787644982338
Hum_XLOC_000394,THP1,0.0,0.004332304000854492
Hum_XLOC_000411,THP1,0.0,0.009135732427239418
Hum_XLOC_000415,THP1,0.0,0.003548671258613467
Hum_XLOC_000430,THP1,0.0,0.005080005619674921
Hum_XLOC_000436,THP1,1.0,0.004769476596266031
Hum_XLOC_000437,THP1,0.0,0.007550831418484449
Hum_XLOC_000456,THP1,1.0,0.005572495516389608
Hum_XLOC_000461,THP1,0.0,0.008550149388611317
Hum_XLOC_000462,THP1,0.0,0.002690650522708893
Hum_XLOC_000465,THP1,0.0,0.003321221563965082
Hum_XLOC_000472,THP1,0.0,0.010181678459048271
Hum_XLOC_000474,THP1,0.0,0.003268454223871231
Hum_XLOC_000478,THP1,0.0,0.00514263054355979
Hum_XLOC_000486,THP1,0.0,0.017824988812208176
Hum_XLOC_000490,THP1,0.0,0.0039007063023746014
Hum_XLOC_000498,THP1,0.0,0.005486560054123402
Hum_XLOC_000500,THP1,0.0,0.012992778792977333
Hum_XLOC_000510,THP1,0.0,0.004334201104938984
Hum_XLOC_000535,THP1,0.0,0.01008655782788992
Hum_XLOC_000540,THP1,0.0,0.0037389725912362337
Hum_XLOC_000556,THP1,0.0,0.004420505836606026
Hum_XLOC_000574,THP1,0.0,0.0052277580834925175
Hum_XLOC_000575,THP1,0.0,0.006530278362333775
Hum_XLOC_000582,THP1,0.0,0.004671162459999323
Hum_XLOC_000590,THP1,0.0,0.002925737062469125
Hum_XLOC_000601,THP1,0.0,0.004720528144389391
Hum_XLOC_000604,THP1,0.0,0.0016411265823990107
Hum_XLOC_000608,THP1,0.0,0.004777681548148394
Hum_XLOC_000612,THP1,0.0,0.0035330294631421566
Hum_XLOC_000636,THP1,1.0,0.002363103674724698
Hum_XLOC_000638,THP1,0.0,0.006753150373697281
Hum_XLOC_000641,THP1,0.0,0.003361852839589119
Hum_XLOC_000655,THP1,0.0,0.006498494651168585
Hum_XLOC_000668,THP1,0.0,0.0071860612370073795
Hum_XLOC_000680,THP1,0.0,0.002199828391894698
Hum_XLOC_000681,THP1,0.0,0.005501749459654093
Hum_XLOC_000695,THP1,0.0,0.0022063010837882757
Hum_XLOC_000702,THP1,0.0,0.006788736209273338
Hum_XLOC_000726,THP1,0.0,0.006904786452651024
Hum_XLOC_000727,THP1,0.0,0.003844509832561016
Hum_XLOC_000758,THP1,0.0,0.004194188397377729
Hum_XLOC_000773,THP1,0.0,0.004145907238125801
Hum_XLOC_000774,THP1,0.0,0.0053259520791471004
Hum_XLOC_000797,THP1,0.0,0.011716049164533615
Hum_XLOC_000799,THP1,0.0,0.00544887688010931
Hum_XLOC_000800,THP1,0.0,0.006051389500498772
Hum_XLOC_000807,THP1,0.0,0.009423243813216686
Hum_XLOC_000818,THP1,0.0,0.0047098854556679726
Hum_XLOC_000828,THP1,0.0,0.007164253853261471
Hum_XLOC_000831,THP1,0.0,0.004024868831038475
Hum_XLOC_000835,THP1,0.0,0.00326104206033051
Hum_XLOC_000840,THP1,0.0,0.0038363030180335045
Hum_XLOC_000841,THP1,0.0,0.0034733451902866364
Hum_XLOC_000842,THP1,0.0,0.00283744721673429
Hum_XLOC_000854,THP1,0.0,0.007921529933810234
Hum_XLOC_000855,THP1,0.0,0.0029845554381608963
Hum_XLOC_000883,THP1,0.0,0.002269991207867861
Hum_XLOC_000885,THP1,0.0,0.004235093016177416
Hum_XLOC_000905,THP1,0.0,0.005585818085819483
Hum_XLOC_000917,THP1,0.0,0.0025705453008413315
Hum_XLOC_000925,THP1,0.0,0.010545955039560795
Hum_XLOC_000944,THP1,0.0,0.013011490926146507
Hum_XLOC_000949,THP1,0.0,0.005669397301971912
Hum_XLOC_000953,THP1,0.0,0.003486005589365959
Hum_XLOC_000964,THP1,0.0,0.00467583816498518
Hum_XLOC_000990,THP1,0.0,0.004170812666416168
Hum_XLOC_000994,THP1,0.0,0.00953969918191433
Hum_XLOC_001020,THP1,0.0,0.009029358625411987
Hum_XLOC_001029,THP1,0.0,0.005123707000166178
Hum_XLOC_001066,THP1,0.0,0.005540025420486927
Hum_XLOC_001120,THP1,0.0,0.002957782009616494
Hum_XLOC_001121,THP1,0.0,0.005811421200633049
Hum_XLOC_001122,THP1,0.0,0.008297516964375973
Hum_XLOC_001125,THP1,0.0,0.007910404354333878
Hum_XLOC_001132,THP1,0.0,0.00806846097111702
Hum_XLOC_001138,THP1,0.0,0.005593202076852322
Hum_XLOC_001144,THP1,0.0,0.0055356635712087154
Hum_XLOC_001146,THP1,0.0,0.014586766250431538
Hum_XLOC_001188,THP1,1.0,0.003299469593912363
Hum_XLOC_001191,THP1,0.0,0.0027454006485641003
Hum_XLOC_001192,THP1,0.0,0.012507466599345207
Hum_XLOC_001217,THP1,0.0,0.0024685312528163195
Hum_XLOC_001222,THP1,0.0,0.0016663578571751714
Hum_XLOC_001228,THP1,0.0,0.0043338388204574585
Hum_XLOC_001230,THP1,0.0,0.0034909036476165056
Hum_XLOC_001237,THP1,0.0,0.005724573973566294
Hum_XLOC_001243,THP1,0.0,0.003830527188256383
Hum_XLOC_001275,THP1,0.0,0.0048116883262991905
Hum_XLOC_001279,THP1,0.0,0.002655851887539029
Hum_XLOC_001291,THP1,0.0,0.006634729914367199
Hum_XLOC_001296,THP1,0.0,0.003534389426931739
Hum_XLOC_001297,THP1,0.0,0.006514066364616156
Hum_XLOC_001309,THP1,0.0,0.0043350341729819775
Hum_XLOC_001329,THP1,0.0,0.003646640107035637
Hum_XLOC_001330,THP1,0.0,0.004920647479593754
Hum_XLOC_001355,THP1,0.0,0.0034676918294280767
Hum_XLOC_001366,THP1,0.0,0.008509078063070774
Hum_XLOC_001367,THP1,0.0,0.009536176919937134
Hum_XLOC_001375,THP1,0.0,0.004201579373329878
Hum_XLOC_001390,THP1,0.0,0.007865561172366142
Hum_XLOC_001405,THP1,0.0,0.004847198724746704
Hum_XLOC_001461,THP1,0.0,0.0065443129278719425
Hum_XLOC_001465,THP1,0.0,0.00587694114074111
Hum_XLOC_001488,THP1,0.0,0.009825368411839008
Hum_XLOC_001490,THP1,0.0,0.0066481283865869045
Hum_XLOC_001509,THP1,1.0,0.006692699156701565
Hum_XLOC_001516,THP1,0.0,0.007781787775456905
Hum_XLOC_001532,THP1,0.0,0.00645472900941968
Hum_XLOC_001539,THP1,0.0,0.0035686008632183075
Hum_XLOC_001541,THP1,0.0,0.009179848246276379
Hum_XLOC_001542,THP1,0.0,0.013785967603325844
Hum_XLOC_001548,THP1,0.0,0.006009779404848814
Hum_XLOC_001559,THP1,0.0,0.007595478557050228
Hum_XLOC_001565,THP1,0.0,0.007177190855145454
Hum_XLOC_001566,THP1,0.0,0.005663714837282896
Hum_XLOC_001575,THP1,0.0,0.006017940118908882
Hum_XLOC_001580,THP1,0.0,0.0020322236232459545
Hum_XLOC_001590,THP1,0.0,0.005083293654024601
Hum_XLOC_001615,THP1,1.0,0.004125311970710754
Hum_XLOC_001624,THP1,0.0,0.003595334477722645
Hum_XLOC_001639,THP1,0.0,0.006571609992533922
Hum_XLOC_001661,THP1,0.0,0.007805552799254656
Hum_XLOC_001666,THP1,0.0,0.004202187992632389
Hum_XLOC_001668,THP1,0.0,0.004954739939421415
Hum_XLOC_001688,THP1,0.0,0.01042611338198185
Hum_XLOC_001689,THP1,0.0,0.0029930593445897102
Hum_XLOC_001695,THP1,0.0,0.005644131917506456
Hum_XLOC_001696,THP1,0.0,0.002501973882317543
Hum_XLOC_001698,THP1,0.0,0.003186238696798682
Hum_XLOC_001707,THP1,0.0,0.005797612946480513
Hum_XLOC_001760,THP1,0.0,0.0064697302877902985
Hum_XLOC_001761,THP1,0.0,0.004694326780736446
Hum_XLOC_001773,THP1,0.0,0.010594558902084827
Hum_XLOC_001775,THP1,0.0,0.005735171493142843
Hum_XLOC_001779,THP1,0.0,0.006431895773857832
Hum_XLOC_001783,THP1,0.0,0.005136230494827032
Hum_XLOC_001791,THP1,0.0,0.005422818940132856
Hum_XLOC_001805,THP1,0.0,0.005635291337966919
Hum_XLOC_001809,THP1,0.0,0.008770897053182125
Hum_XLOC_001848,THP1,0.0,0.008287298493087292
Hum_XLOC_001919,THP1,0.0,0.009675332345068455
Hum_XLOC_001941,THP1,0.0,0.004398805554956198
Hum_XLOC_001942,THP1,0.0,0.004766408354043961
Hum_XLOC_001949,THP1,0.0,0.001867066603153944
Hum_XLOC_001950,THP1,0.0,0.005918992217630148
Hum_XLOC_001953,THP1,0.0,0.0032792200800031424
Hum_XLOC_001957,THP1,0.0,0.006590561009943485
Hum_XLOC_001961,THP1,1.0,0.0049078455194830894
Hum_XLOC_001969,THP1,0.0,0.004163228441029787
Hum_XLOC_002024,THP1,0.0,0.0039040003903210163
Hum_XLOC_002028,THP1,0.0,0.0024775865022093058
Hum_XLOC_002033,THP1,0.0,0.008522948250174522
Hum_XLOC_002036,THP1,0.0,0.003269697306677699
Hum_XLOC_002037,THP1,0.0,0.003640415146946907
Hum_XLOC_002041,THP1,0.0,0.007674585096538067
Hum_XLOC_002059,THP1,0.0,0.008600710891187191
Hum_XLOC_002061,THP1,0.0,0.001618028269149363
Hum_XLOC_002068,THP1,0.0,0.003948051482439041
Hum_XLOC_002081,THP1,0.0,0.008324166759848595
Hum_XLOC_002093,THP1,0.0,0.0038763077463954687
Hum_XLOC_002099,THP1,0.0,0.0063507333397865295
Hum_XLOC_002144,THP1,0.0,0.007630755193531513
Hum_XLOC_002150,THP1,0.0,0.0040047261863946915
Hum_XLOC_002152,THP1,0.0,0.004820220172405243
Hum_XLOC_002154,THP1,0.0,0.0034107831306755543
Hum_XLOC_002169,THP1,1.0,0.002731592860072851
Hum_XLOC_002170,THP1,0.0,0.0026194655802100897
Hum_XLOC_002176,THP1,0.0,0.005683222319930792
Hum_XLOC_002178,THP1,0.0,0.0036055485252290964
Hum_XLOC_002186,THP1,0.0,0.007106212433427572
Hum_XLOC_002204,THP1,0.0,0.003403537441045046
Hum_XLOC_002205,THP1,0.0,0.003703674068674445
Hum_XLOC_002219,THP1,0.0,0.005708277691155672
Hum_XLOC_002244,THP1,0.0,0.00437506940215826
Hum_XLOC_002252,THP1,0.0,0.00914668943732977
Hum_XLOC_002261,THP1,0.0,0.004877481609582901
Hum_XLOC_002262,THP1,0.0,0.006630680523812771
Hum_XLOC_002265,THP1,0.0,0.0063573746010661125
Hum_XLOC_002271,THP1,0.0,0.0021189565304666758
Hum_XLOC_002280,THP1,0.0,0.006520453840494156
Hum_XLOC_002282,THP1,0.0,0.006682575214654207
Hum_XLOC_002283,THP1,0.0,0.007960996590554714
Hum_XLOC_002284,THP1,0.0,0.005254931282252073
Hum_XLOC_002294,THP1,0.0,0.007832717150449753
Hum_XLOC_002296,THP1,0.0,0.006480580661445856
Hum_XLOC_002299,THP1,0.0,0.008082062937319279
Hum_XLOC_002301,THP1,0.0,0.0038677153643220663
Hum_XLOC_002306,THP1,0.0,0.004148025996983051
Hum_XLOC_002311,THP1,0.0,0.010004258714616299
Hum_XLOC_002313,THP1,0.0,0.0051799435168504715
Hum_XLOC_002314,THP1,0.0,0.005416496656835079
Hum_XLOC_002327,THP1,0.0,0.008206223137676716
Hum_XLOC_002330,THP1,0.0,0.005018685013055801
Hum_XLOC_002338,THP1,0.0,0.010922609828412533
Hum_XLOC_002344,THP1,0.0,0.004450751468539238
Hum_XLOC_002347,THP1,0.0,0.002280762419104576
Hum_XLOC_002348,THP1,0.0,0.0035327658988535404
Hum_XLOC_002362,THP1,0.0,0.0063019366934895515
Hum_XLOC_002364,THP1,0.0,0.001890028826892376
Hum_XLOC_002383,THP1,0.0,0.002436039736494422
Hum_XLOC_002386,THP1,0.0,0.006370717193931341
Hum_XLOC_002390,THP1,0.0,0.018979892134666443
Hum_XLOC_002394,THP1,0.0,0.004464597441256046
Hum_XLOC_002398,THP1,0.0,0.0049264198169112206
Hum_XLOC_002399,THP1,0.0,0.004412016831338406
Hum_XLOC_002408,THP1,0.0,0.002188093261793256
Hum_XLOC_002414,THP1,0.0,0.0022913978900760412
Hum_XLOC_002418,THP1,0.0,0.0022892665583640337
Hum_XLOC_002435,THP1,0.0,0.0021875519305467606
Hum_XLOC_002440,THP1,0.0,0.013172420673072338
Hum_XLOC_002489,THP1,0.0,0.01114670466631651
Hum_XLOC_002490,THP1,0.0,0.0029331091791391373
Hum_XLOC_002493,THP1,0.0,0.007239172700792551
Hum_XLOC_002520,THP1,0.0,0.0017060789978131652
Hum_XLOC_002524,THP1,0.0,0.005468493793159723
Hum_XLOC_002546,THP1,0.0,0.005189513321965933
Hum_XLOC_002560,THP1,0.0,0.0035761049948632717
Hum_XLOC_002570,THP1,0.0,0.0021697671618312597
Hum_XLOC_002577,THP1,0.0,0.003686334006488323
Hum_XLOC_002579,THP1,0.0,0.005708837416023016
Hum_XLOC_002586,THP1,0.0,0.005026086233556271
Hum_XLOC_002589,THP1,0.0,0.004544204566627741
Hum_XLOC_002629,THP1,0.0,0.004823901690542698
Hum_XLOC_002631,THP1,0.0,0.007927171885967255
Hum_XLOC_002635,THP1,0.0,0.007765446789562702
Hum_XLOC_002644,THP1,0.0,0.005230870563536882
Hum_XLOC_002646,THP1,0.0,0.0034272593911737204
Hum_XLOC_002653,THP1,0.0,0.0029293769039213657
Hum_XLOC_002681,THP1,0.0,0.005652532912790775
Hum_XLOC_002695,THP1,0.0,0.006743047386407852
Hum_XLOC_002702,THP1,0.0,0.004025836009532213
Hum_XLOC_002705,THP1,0.0,0.008658724837005138
Hum_XLOC_002711,THP1,0.0,0.005267111584544182
Hum_XLOC_002714,THP1,0.0,0.002685216721147299
Hum_XLOC_002717,THP1,0.0,0.0036502941511571407
Hum_XLOC_002725,THP1,0.0,0.005243214312940836
Hum_XLOC_002741,THP1,0.0,0.006199590861797333
Hum_XLOC_002742,THP1,0.0,0.00878506526350975
Hum_XLOC_002744,THP1,0.0,0.002226195065304637
Hum_XLOC_002760,THP1,0.0,0.007774542085826397
Hum_XLOC_002788,THP1,0.0,0.009398226626217365
Hum_XLOC_002792,THP1,0.0,0.006572071462869644
Hum_XLOC_002796,THP1,0.0,0.003991172648966312
Hum_XLOC_002817,THP1,0.0,0.006144946441054344
Hum_XLOC_002836,THP1,1.0,0.03299030661582947
Hum_XLOC_002844,THP1,0.0,0.0029577931854873896
Hum_XLOC_002845,THP1,0.0,0.006713102571666241
Hum_XLOC_002859,THP1,0.0,0.00562116876244545
Hum_XLOC_002889,THP1,0.0,0.00914166122674942
Hum_XLOC_002911,THP1,0.0,0.011148975230753422
Hum_XLOC_002935,THP1,1.0,0.003019510768353939
Hum_XLOC_002937,THP1,0.0,0.0044658249244093895
Hum_XLOC_002967,THP1,0.0,0.0032972735352814198
Hum_XLOC_002983,THP1,0.0,0.004663391504436731
Hum_XLOC_002986,THP1,0.0,0.004631889518350363
Hum_XLOC_002990,THP1,0.0,0.01445035170763731
Hum_XLOC_003039,THP1,0.0,0.0059861717745661736
Hum_XLOC_003061,THP1,0.0,0.005987171083688736
Hum_XLOC_003086,THP1,1.0,0.007287456188350916
Hum_XLOC_003099,THP1,0.0,0.003546471241861582
Hum_XLOC_003109,THP1,1.0,0.009491045959293842
Hum_XLOC_003128,THP1,0.0,0.012492499314248562
Hum_XLOC_003134,THP1,0.0,0.00543304393067956
Hum_XLOC_003137,THP1,0.0,0.004764126613736153
Hum_XLOC_003154,THP1,0.0,0.004251126199960709
Hum_XLOC_003155,THP1,0.0,0.006457753945142031
Hum_XLOC_003171,THP1,0.0,0.0018383520655333996
Hum_XLOC_003209,THP1,0.0,0.004792716819792986
Hum_XLOC_003215,THP1,0.0,0.001999936532229185
Hum_XLOC_003221,THP1,0.0,0.005747613497078419
Hum_XLOC_003232,THP1,0.0,0.013872425071895123
Hum_XLOC_003268,THP1,0.0,0.003722348716109991
Hum_XLOC_003269,THP1,0.0,0.009039049036800861
Hum_XLOC_003286,THP1,0.0,0.005658848211169243
Hum_XLOC_003290,THP1,0.0,0.0030844868160784245
Hum_XLOC_003294,THP1,0.0,0.003766946727409959
Hum_XLOC_003321,THP1,0.0,0.007478577550500631
Hum_XLOC_003324,THP1,0.0,0.0026617757976055145
Hum_XLOC_003334,THP1,0.0,0.008827765472233295
Hum_XLOC_003337,THP1,0.0,0.005725866183638573
Hum_XLOC_003338,THP1,0.0,0.004690257832407951
Hum_XLOC_003352,THP1,0.0,0.008085538633167744
Hum_XLOC_003357,THP1,0.0,0.0021391240879893303
Hum_XLOC_003361,THP1,0.0,0.007534911390393972
Hum_XLOC_003371,THP1,0.0,0.005767353810369968
Hum_XLOC_003381,THP1,0.0,0.00401399377733469
Hum_XLOC_003408,THP1,0.0,0.0031569642014801502
Hum_XLOC_003436,THP1,0.0,0.0032178177498281
Hum_XLOC_003440,THP1,0.0,0.003908502869307995
Hum_XLOC_003450,THP1,0.0,0.005516109988093376
Hum_XLOC_003466,THP1,0.0,0.005250987131148577
Hum_XLOC_003488,THP1,0.0,0.007918247953057289
Hum_XLOC_003491,THP1,0.0,0.005317123141139746
Hum_XLOC_003497,THP1,0.0,0.012136675417423248
Hum_XLOC_003498,THP1,0.0,0.01044333167374134
Hum_XLOC_003502,THP1,0.0,0.009235390461981297
Hum_XLOC_003518,THP1,0.0,0.015921154990792274
Hum_XLOC_003532,THP1,0.0,0.0029527421575039625
Hum_XLOC_003543,THP1,0.0,0.003935960587114096
Hum_XLOC_003554,THP1,1.0,0.01728150062263012
Hum_XLOC_003563,THP1,0.0,0.0047085401602089405
Hum_XLOC_003567,THP1,0.0,0.005290214437991381
Hum_XLOC_003568,THP1,0.0,0.0038655293174088
Hum_XLOC_003570,THP1,0.0,0.0012647476978600025
Hum_XLOC_003571,THP1,0.0,0.002517289947718382
Hum_XLOC_003593,THP1,0.0,0.002741224830970168
Hum_XLOC_003594,THP1,0.0,0.004746877588331699
Hum_XLOC_003598,THP1,0.0,0.0022670135367661715
Hum_XLOC_003626,THP1,0.0,0.006319246254861355
Hum_XLOC_003628,THP1,1.0,0.005794774275273085
Hum_XLOC_003630,THP1,0.0,0.006407778710126877
Hum_XLOC_003641,THP1,0.0,0.0049950298853218555
Hum_XLOC_003662,THP1,0.0,0.0074944752268493176
Hum_XLOC_003665,THP1,0.0,0.00334022450260818
Hum_XLOC_003672,THP1,0.0,0.0022317254915833473
Hum_XLOC_003673,THP1,0.0,0.0053272126242518425
Hum_XLOC_003674,THP1,0.0,0.005355152301490307
Hum_XLOC_003676,THP1,0.0,0.004861944355070591
Hum_XLOC_003686,THP1,0.0,0.003277397248893976
Hum_XLOC_003697,THP1,0.0,0.008790768682956696
Hum_XLOC_003717,THP1,0.0,0.0043444461189210415
Hum_XLOC_003725,THP1,0.0,0.00543949706479907
Hum_XLOC_003743,THP1,0.0,0.0047223009169101715
Hum_XLOC_003754,THP1,0.0,0.002439941978082061
Hum_XLOC_003766,THP1,0.0,0.013494422659277916
Hum_XLOC_003775,THP1,0.0,0.004866675939410925
Hum_XLOC_003790,THP1,0.0,0.006876111030578613
Hum_XLOC_003799,THP1,0.0,0.007912575267255306
Hum_XLOC_003853,THP1,0.0,0.00901737716048956
Hum_XLOC_003865,THP1,0.0,0.011197274550795555
Hum_XLOC_003871,THP1,0.0,0.018430441617965698
Hum_XLOC_003891,THP1,0.0,0.0036928916815668344
Hum_XLOC_003892,THP1,1.0,0.005378812085837126
Hum_XLOC_003910,THP1,0.0,0.006778323091566563
Hum_XLOC_003911,THP1,0.0,0.009767010807991028
Hum_XLOC_003952,THP1,0.0,0.001874568173661828
Hum_XLOC_003971,THP1,0.0,0.0037406000774353743
Hum_XLOC_003988,THP1,0.0,0.0034968240652233362
Hum_XLOC_004020,THP1,0.0,0.005765317473560572
Hum_XLOC_004035,THP1,0.0,0.0020672667305916548
Hum_XLOC_004036,THP1,0.0,0.007468924857676029
Hum_XLOC_004048,THP1,0.0,0.004118785727769136
Hum_XLOC_004068,THP1,0.0,0.0033244844526052475
Hum_XLOC_004069,THP1,0.0,0.005885553080588579
Hum_XLOC_004095,THP1,0.0,0.0072010657750070095
Hum_XLOC_004096,THP1,0.0,0.00930563360452652
Hum_XLOC_004116,THP1,0.0,0.008036019280552864
Hum_XLOC_004123,THP1,0.0,0.006362069398164749
Hum_XLOC_004134,THP1,0.0,0.005575207062065601
Hum_XLOC_004161,THP1,0.0,0.008577716536819935
Hum_XLOC_004168,THP1,0.0,0.004640356637537479
Hum_XLOC_004169,THP1,0.0,0.005814860574901104
Hum_XLOC_004177,THP1,0.0,0.00576277868822217
Hum_XLOC_004200,THP1,0.0,0.0029351876582950354
Hum_XLOC_004201,THP1,0.0,0.0064336080104112625
Hum_XLOC_004219,THP1,0.0,0.006819774396717548
Hum_XLOC_004226,THP1,0.0,0.0025351946242153645
Hum_XLOC_004227,THP1,0.0,0.004072780720889568
Hum_XLOC_004236,THP1,0.0,0.002768103964626789
Hum_XLOC_004254,THP1,1.0,0.005185819696635008
Hum_XLOC_004255,THP1,0.0,0.004550235345959663
Hum_XLOC_004262,THP1,1.0,0.005910609383136034
Hum_XLOC_004269,THP1,0.0,0.005688284989446402
Hum_XLOC_004277,THP1,0.0,0.004351786803454161
Hum_XLOC_004278,THP1,0.0,0.004756149835884571
Hum_XLOC_004282,THP1,0.0,0.010330770164728165
Hum_XLOC_004287,THP1,0.0,0.00538755115121603
Hum_XLOC_004293,THP1,0.0,0.00585907744243741
Hum_XLOC_004302,THP1,0.0,0.004113154951483011
Hum_XLOC_004303,THP1,0.0,0.003571245353668928
Hum_XLOC_004306,THP1,0.0,0.006003447808325291
Hum_XLOC_004309,THP1,0.0,0.005834595300257206
Hum_XLOC_004314,THP1,0.0,0.0059611620381474495
Hum_XLOC_004317,THP1,0.0,0.009545769542455673
Hum_XLOC_004336,THP1,1.0,0.010336436331272125
Hum_XLOC_004343,THP1,0.0,0.005945337470620871
Hum_XLOC_004350,THP1,0.0,0.003290784079581499
Hum_XLOC_004361,THP1,0.0,0.0038069814909249544
Hum_XLOC_004363,THP1,0.0,0.0030967057682573795
Hum_XLOC_004401,THP1,0.0,0.004505635239183903
Hum_XLOC_004405,THP1,0.0,0.003941074945032597
Hum_XLOC_004407,THP1,0.0,0.0033443656284362078
Hum_XLOC_004424,THP1,0.0,0.007790456525981426
Hum_XLOC_004437,THP1,0.0,0.007702437695115805
Hum_XLOC_004446,THP1,0.0,0.00342433899641037
Hum_XLOC_004457,THP1,0.0,0.006313159130513668
Hum_XLOC_004482,THP1,0.0,0.007546826731413603
Hum_XLOC_004502,THP1,0.0,0.0026167824398726225
Hum_XLOC_004515,THP1,0.0,0.006952790077775717
Hum_XLOC_004529,THP1,0.0,0.0024716060142964125
Hum_XLOC_004535,THP1,0.0,0.002350485185161233
Hum_XLOC_004553,THP1,0.0,0.008863145485520363
Hum_XLOC_004566,THP1,0.0,0.007336875423789024
Hum_XLOC_004567,THP1,0.0,0.00458906264975667
Hum_XLOC_004572,THP1,1.0,0.008495892398059368
Hum_XLOC_004578,THP1,0.0,0.005205580964684486
Hum_XLOC_004580,THP1,0.0,0.005041403695940971
Hum_XLOC_004581,THP1,0.0,0.003835530485957861
Hum_XLOC_004587,THP1,0.0,0.006222784519195557
Hum_XLOC_004600,THP1,0.0,0.019080471247434616
Hum_XLOC_004601,THP1,0.0,0.003486373694613576
Hum_XLOC_004607,THP1,0.0,0.003960420843213797
Hum_XLOC_004617,THP1,0.0,0.00643937150016427
Hum_XLOC_004619,THP1,0.0,0.008450199849903584
Hum_XLOC_004620,THP1,0.0,0.005371120758354664
Hum_XLOC_004632,THP1,0.0,0.005100418347865343
Hum_XLOC_004636,THP1,0.0,0.010382452979683876
Hum_XLOC_004652,THP1,0.0,0.0047315857373178005
Hum_XLOC_004653,THP1,0.0,0.0046926760114729404
Hum_XLOC_004657,THP1,0.0,0.018400445580482483
Hum_XLOC_004661,THP1,0.0,0.004144273232668638
Hum_XLOC_004683,THP1,0.0,0.0018845334416255355
Hum_XLOC_004684,THP1,0.0,0.005884521175175905
Hum_XLOC_004688,THP1,0.0,0.0022147968411445618
Hum_XLOC_004689,THP1,0.0,0.002702579367905855
Hum_XLOC_004705,THP1,0.0,0.005886660888791084
Hum_XLOC_004717,THP1,0.0,0.005480033345520496
Hum_XLOC_004718,THP1,0.0,0.0034734129440039396
Hum_XLOC_004733,THP1,0.0,0.004298704210668802
Hum_XLOC_004741,THP1,0.0,0.002244960516691208
Hum_XLOC_004762,THP1,0.0,0.0021900408901274204
Hum_XLOC_004771,THP1,0.0,0.004128770902752876
Hum_XLOC_004777,THP1,0.0,0.006390921771526337
Hum_XLOC_004788,THP1,0.0,0.0028832722455263138
Hum_XLOC_004791,THP1,0.0,0.003573380643501878
Hum_XLOC_004795,THP1,0.0,0.005069789942353964
Hum_XLOC_004803,THP1,0.0,0.009099188260734081
Hum_XLOC_004805,THP1,0.0,0.005416732747107744
Hum_XLOC_004813,THP1,0.0,0.0034308703616261482
Hum_XLOC_004815,THP1,0.0,0.006087418645620346
Hum_XLOC_004822,THP1,0.0,0.006421688944101334
Hum_XLOC_004823,THP1,0.0,0.011192149482667446
Hum_XLOC_004827,THP1,0.0,0.0047490294091403484
Hum_XLOC_004837,THP1,0.0,0.004820050671696663
Hum_XLOC_004839,THP1,0.0,0.004592100158333778
Hum_XLOC_004855,THP1,0.0,0.010567720979452133
Hum_XLOC_004874,THP1,0.0,0.01050526276230812
Hum_XLOC_004875,THP1,0.0,0.011086709797382355
Hum_XLOC_004878,THP1,0.0,0.006703901570290327
Hum_XLOC_004884,THP1,0.0,0.0018954789265990257
Hum_XLOC_004911,THP1,0.0,0.006022976245731115
Hum_XLOC_004915,THP1,1.0,0.009666409343481064
Hum_XLOC_004927,THP1,0.0,0.006635588128119707
Hum_XLOC_004929,THP1,0.0,0.003581394674256444
Hum_XLOC_004936,THP1,0.0,0.008015534840524197
Hum_XLOC_004957,THP1,0.0,0.0022434827405959368
Hum_XLOC_004960,THP1,0.0,0.004370391834527254
Hum_XLOC_004965,THP1,0.0,0.005652632564306259
