lncRNA,screened,own_guide_min_mm,min_mm_offtarget,n_guides_le0,n_guides_le1,n_guides_le2
Hum_XLOC_000002,False,,,0,0,0
Hum_XLOC_000003,False,,,0,0,0
Hum_XLOC_000004,False,,,0,0,0
Hum_XLOC_000006,True,0.0,,0,0,0
Hum_XLOC_000008,True,0.0,,0,0,0
Hum_XLOC_000009,False,,,0,0,0
Hum_XLOC_000016,True,0.0,,0,0,0
Hum_XLOC_000017,False,,,0,0,0
Hum_XLOC_000018,False,,,0,0,0
Hum_XLOC_000021,False,,,0,0,0
Hum_XLOC_000022,False,,,0,0,0
Hum_XLOC_000023,False,,,0,0,0
Hum_XLOC_000026,False,,,0,0,0
Hum_XLOC_000028,False,,,0,0,0
Hum_XLOC_000030,True,0.0,,0,0,0
Hum_XLOC_000031,False,,,0,0,0
Hum_XLOC_000033,True,0.0,,0,0,0
Hum_XLOC_000035,False,,,0,0,0
Hum_XLOC_000039,True,0.0,,0,0,0
Hum_XLOC_000041,False,,,0,0,0
Hum_XLOC_000043,False,,,0,0,0
Hum_XLOC_000045,False,,,0,0,0
Hum_XLOC_000046,False,,,0,0,0
Hum_XLOC_000047,False,,,0,0,0
Hum_XLOC_000049,False,,,0,0,0
Hum_XLOC_000051,False,,,0,0,0
Hum_XLOC_000052,False,,,0,0,0
Hum_XLOC_000053,True,0.0,,0,0,0
Hum_XLOC_000056,False,,,0,0,0
Hum_XLOC_000057,True,0.0,,0,0,0
Hum_XLOC_000059,False,,,0,0,0
Hum_XLOC_000060,True,0.0,,0,0,0
Hum_XLOC_000066,False,,,0,0,0
Hum_XLOC_000068,False,,,0,0,0
Hum_XLOC_000069,False,,,0,0,0
Hum_XLOC_000070,False,,,0,0,0
Hum_XLOC_000071,False,,,0,0,0
Hum_XLOC_000072,False,,,0,0,0
Hum_XLOC_000073,False,,,0,0,0
Hum_XLOC_000074,False,,,0,0,0
Hum_XLOC_000075,False,,,0,0,0
Hum_XLOC_000076,False,,,0,0,0
Hum_XLOC_000077,False,,,0,0,0
Hum_XLOC_000078,False,,,0,0,0
Hum_XLOC_000079,False,,,0,0,0
Hum_XLOC_000080,True,0.0,,0,0,0
Hum_XLOC_000088,False,,,0,0,0
Hum_XLOC_000090,False,,,0,0,0
Hum_XLOC_000091,False,,,0,0,0
Hum_XLOC_000092,False,,,0,0,0
Hum_XLOC_000093,False,,,0,0,0
Hum_XLOC_000094,True,0.0,,0,0,0
Hum_XLOC_000095,False,,,0,0,0
Hum_XLOC_000096,False,,,0,0,0
Hum_XLOC_000097,False,,,0,0,0
Hum_XLOC_000098,False,,,0,0,0
Hum_XLOC_000099,False,,,0,0,0
Hum_XLOC_000100,True,0.0,,0,0,0
Hum_XLOC_000101,False,,,0,0,0
Hum_XLOC_000103,False,,,0,0,0
Hum_XLOC_000104,False,,,0,0,0
Hum_XLOC_000105,True,0.0,,0,0,0
Hum_XLOC_000106,False,,,0,0,0
Hum_XLOC_000107,True,0.0,,0,0,0
Hum_XLOC_000108,False,,,0,0,0
Hum_XLOC_000109,False,,,0,0,0
Hum_XLOC_000110,False,,,0,0,0
Hum_XLOC_000111,True,0.0,,0,0,0
Hum_XLOC_000112,False,,,0,0,0
Hum_XLOC_000113,False,,,0,0,0
Hum_XLOC_000115,False,,,0,0,0
Hum_XLOC_000124,False,,,0,0,0
Hum_XLOC_000132,False,,,0,0,0
Hum_XLOC_000134,True,0.0,,0,0,0
Hum_XLOC_000135,False,,,0,0,0
Hum_XLOC_000137,False,,,0,0,0
Hum_XLOC_000138,False,,,0,0,0
Hum_XLOC_000140,False,,,0,0,0
Hum_XLOC_000141,False,,,0,0,0
Hum_XLOC_000142,False,,,0,0,0
Hum_XLOC_000143,True,0.0,,0,0,0
Hum_XLOC_000144,False,,,0,0,0
Hum_XLOC_000145,True,0.0,,0,0,0
Hum_XLOC_000148,False,,,0,0,0
Hum_XLOC_000149,True,0.0,,0,0,0
Hum_XLOC_000155,True,0.0,,0,0,0
Hum_XLOC_000156,False,,,0,0,0
Hum_XLOC_000157,False,,,0,0,0
Hum_XLOC_000158,False,,,0,0,0
Hum_XLOC_000159,False,,,0,0,0
Hum_XLOC_000167,False,,,0,0,0
Hum_XLOC_000169,True,0.0,,0,0,0
Hum_XLOC_000170,True,0.0,,0,0,0
Hum_XLOC_000173,False,,,0,0,0
Hum_XLOC_000174,False,,,0,0,0
Hum_XLOC_000175,False,,,0,0,0
Hum_XLOC_000176,False,,,0,0,0
Hum_XLOC_000178,False,,,0,0,0
Hum_XLOC_000180,False,,,0,0,0
Hum_XLOC_000185,False,,,0,0,0
Hum_XLOC_000186,False,,,0,0,0
Hum_XLOC_000187,False,,,0,0,0
Hum_XLOC_000190,False,,,0,0,0
Hum_XLOC_000194,True,0.0,,0,0,0
Hum_XLOC_000195,False,,,0,0,0
Hum_XLOC_000199,False,,,0,0,0
Hum_XLOC_000201,True,0.0,,0,0,0
Hum_XLOC_000202,False,,,0,0,0
Hum_XLOC_000203,False,,,0,0,0
Hum_XLOC_000204,False,,,0,0,0
Hum_XLOC_000217,False,,,0,0,0
Hum_XLOC_000227,False,,,0,0,0
Hum_XLOC_000231,True,0.0,,0,0,0
Hum_XLOC_000233,True,0.0,,0,0,0
Hum_XLOC_000234,False,,,0,0,0
Hum_XLOC_000235,False,,,0,0,0
Hum_XLOC_000237,False,,,0,0,0
Hum_XLOC_000238,False,,,0,0,0
Hum_XLOC_000240,False,,,0,0,0
Hum_XLOC_000241,False,,,0,0,0
Hum_XLOC_000242,False,,,0,0,0
Hum_XLOC_000243,False,,,0,0,0
Hum_XLOC_000244,False,,,0,0,0
Hum_XLOC_000245,True,0.0,,0,0,0
Hum_XLOC_000247,True,0.0,,0,0,0
Hum_XLOC_000248,True,0.0,,0,0,0
Hum_XLOC_000257,False,,,0,0,0
Hum_XLOC_000259,False,,,0,0,0
Hum_XLOC_000260,False,,,0,0,0
Hum_XLOC_000265,True,0.0,,0,0,0
Hum_XLOC_000266,False,,,0,0,0
Hum_XLOC_000268,False,,,0,0,0
Hum_XLOC_000270,False,,,0,0,0
Hum_XLOC_000271,False,,,0,0,0
Hum_XLOC_000275,False,,,0,0,0
Hum_XLOC_000276,False,,,0,0,0
Hum_XLOC_000277,False,,,0,0,0
Hum_XLOC_000278,False,,,0,0,0
Hum_XLOC_000279,False,,,0,0,0
Hum_XLOC_000281,False,,,0,0,0
Hum_XLOC_000282,True,0.0,,0,0,0
Hum_XLOC_000283,False,,,0,0,0
Hum_XLOC_000284,False,,,0,0,0
Hum_XLOC_000285,False,,,0,0,0
Hum_XLOC_000286,True,0.0,,0,0,0
Hum_XLOC_000288,False,,,0,0,0
Hum_XLOC_000290,False,,,0,0,0
Hum_XLOC_000291,False,,,0,0,0
Hum_XLOC_000292,True,0.0,,0,0,0
Hum_XLOC_000293,False,,,0,0,0
Hum_XLOC_000297,False,,,0,0,0
Hum_XLOC_000301,False,,,0,0,0
Hum_XLOC_000303,False,,,0,0,0
Hum_XLOC_000304,False,,,0,0,0
Hum_XLOC_000305,False,,,0,0,0
Hum_XLOC_000307,True,0.0,,0,0,0
Hum_XLOC_000308,True,0.0,,0,0,0
Hum_XLOC_000312,True,0.0,,0,0,0
Hum_XLOC_000313,False,,,0,0,0
Hum_XLOC_000314,True,0.0,,0,0,0
Hum_XLOC_000315,False,,,0,0,0
Hum_XLOC_000316,False,,,0,0,0
Hum_XLOC_000317,True,0.0,,0,0,0
Hum_XLOC_000318,False,,,0,0,0
Hum_XLOC_000319,True,0.0,,0,0,0
Hum_XLOC_000320,False,,,0,0,0
Hum_XLOC_000325,False,,,0,0,0
Hum_XLOC_000326,False,,,0,0,0
Hum_XLOC_000328,False,,,0,0,0
Hum_XLOC_000331,False,,,0,0,0
Hum_XLOC_000332,True,0.0,,0,0,0
Hum_XLOC_000337,False,,,0,0,0
Hum_XLOC_000338,True,0.0,,0,0,0
Hum_XLOC_000340,False,,,0,0,0
Hum_XLOC_000341,False,,,0,0,0
Hum_XLOC_000342,True,0.0,,0,0,0
Hum_XLOC_000343,False,,,0,0,0
Hum_XLOC_000344,False,,,0,0,0
Hum_XLOC_000345,True,0.0,,0,0,0
Hum_XLOC_000346,False,,,0,0,0
Hum_XLOC_000352,False,,,0,0,0
Hum_XLOC_000356,False,,,0,0,0
Hum_XLOC_000357,False,,,0,0,0
Hum_XLOC_000359,False,,,0,0,0
Hum_XLOC_000360,False,,,0,0,0
Hum_XLOC_000361,False,,,0,0,0
Hum_XLOC_000362,True,0.0,,0,0,0
Hum_XLOC_000363,False,,,0,0,0
Hum_XLOC_000370,False,,,0,0,0
Hum_XLOC_000371,False,,,0,0,0
Hum_XLOC_000372,False,,,0,0,0
Hum_XLOC_000373,False,,,0,0,0
Hum_XLOC_000375,False,,,0,0,0
Hum_XLOC_000376,False,,,0,0,0
Hum_XLOC_000377,True,0.0,,0,0,0
Hum_XLOC_000378,False,,,0,0,0
Hum_XLOC_000379,False,,,0,0,0
Hum_XLOC_000386,False,,,0,0,0
Hum_XLOC_000387,False,,,0,0,0
Hum_XLOC_000389,False,,,0,0,0
Hum_XLOC_000390,True,0.0,,0,0,0
Hum_XLOC_000391,False,,,0,0,0
Hum_XLOC_000392,False,,,0,0,0
Hum_XLOC_000393,False,,,0,0,0
Hum_XLOC_000394,True,0.0,,0,0,0
Hum_XLOC_000403,False,,,0,0,0
Hum_XLOC_000404,False,,,0,0,0
Hum_XLOC_000406,False,,,0,0,0
Hum_XLOC_000410,False,,,0,0,0
Hum_XLOC_000411,True,0.0,,0,0,0
Hum_XLOC_000413,False,,,0,0,0
Hum_XLOC_000415,True,0.0,,0,0,0
Hum_XLOC_000416,False,,,0,0,0
Hum_XLOC_000420,False,,,0,0,0
Hum_XLOC_000427,False,,,0,0,0
Hum_XLOC_000428,False,,,0,0,0
Hum_XLOC_000429,False,,,0,0,0
Hum_XLOC_000430,True,0.0,,0,0,0
Hum_XLOC_000435,False,,,0,0,0
Hum_XLOC_000436,True,0.0,,0,0,0
Hum_XLOC_000437,True,0.0,,0,0,0
Hum_XLOC_000438,False,,,0,0,0
Hum_XLOC_000445,False,,,0,0,0
Hum_XLOC_000446,False,,,0,0,0
Hum_XLOC_000456,True,0.0,,0,0,0
Hum_XLOC_000461,True,0.0,,0,0,0
Hum_XLOC_000462,True,0.0,,0,0,0
Hum_XLOC_000463,False,,,0,0,0
Hum_XLOC_000464,False,,,0,0,0
Hum_XLOC_000465,True,0.0,,0,0,0
Hum_XLOC_000467,False,,,0,0,0
Hum_XLOC_000468,False,,,0,0,0
Hum_XLOC_000469,False,,,0,0,0
Hum_XLOC_000470,False,,,0,0,0
Hum_XLOC_000471,False,,,0,0,0
Hum_XLOC_000472,True,0.0,,0,0,0
Hum_XLOC_000473,False,,,0,0,0
Hum_XLOC_000474,True,0.0,,0,0,0
Hum_XLOC_000475,False,,,0,0,0
Hum_XLOC_000476,False,,,0,0,0
Hum_XLOC_000477,False,,,0,0,0
Hum_XLOC_000478,True,0.0,,0,0,0
Hum_XLOC_000479,False,,,0,0,0
Hum_XLOC_000480,False,,,0,0,0
Hum_XLOC_000481,False,,,0,0,0
Hum_XLOC_000482,False,,,0,0,0
Hum_XLOC_000483,False,,,0,0,0
Hum_XLOC_000484,False,,,0,0,0
Hum_XLOC_000485,False,,,0,0,0
Hum_XLOC_000486,True,0.0,,0,0,0
Hum_XLOC_000487,False,,,0,0,0
Hum_XLOC_000490,True,0.0,,0,0,0
Hum_XLOC_000492,False,,,0,0,0
Hum_XLOC_000493,False,,,0,0,0
Hum_XLOC_000494,False,,,0,0,0
Hum_XLOC_000495,False,,,0,0,0
Hum_XLOC_000498,True,0.0,,0,0,0
Hum_XLOC_000499,False,,,0,0,0
Hum_XLOC_000500,True,0.0,,0,0,0
Hum_XLOC_000501,False,,,0,0,0
Hum_XLOC_000510,True,0.0,,0,0,0
Hum_XLOC_000512,False,,,0,0,0
Hum_XLOC_000516,False,,,0,0,0
Hum_XLOC_000519,False,,,0,0,0
Hum_XLOC_000520,False,,,0,0,0
Hum_XLOC_000521,False,,,0,0,0
Hum_XLOC_000524,False,,,0,0,0
Hum_XLOC_000525,False,,,0,0,0
Hum_XLOC_000526,False,,,0,0,0
Hum_XLOC_000527,False,,,0,0,0
Hum_XLOC_000528,False,,,0,0,0
Hum_XLOC_000533,False,,,0,0,0
Hum_XLOC_000534,False,,,0,0,0
Hum_XLOC_000535,True,0.0,,0,0,0
Hum_XLOC_000536,False,,,0,0,0
Hum_XLOC_000538,False,,,0,0,0
Hum_XLOC_000539,False,,,0,0,0
Hum_XLOC_000540,True,0.0,,0,0,0
Hum_XLOC_000541,False,,,0,0,0
Hum_XLOC_000542,False,,,0,0,0
Hum_XLOC_000544,False,,,0,0,0
Hum_XLOC_000545,False,,,0,0,0
Hum_XLOC_000546,False,,,0,0,0
Hum_XLOC_000547,False,,,0,0,0
Hum_XLOC_000550,False,,,0,0,0
Hum_XLOC_000552,False,,,0,0,0
Hum_XLOC_000555,False,,,0,0,0
Hum_XLOC_000556,True,0.0,,0,0,0
Hum_XLOC_000558,False,,,0,0,0
Hum_XLOC_000561,False,,,0,0,0
Hum_XLOC_000562,False,,,0,0,0
Hum_XLOC_000563,False,,,0,0,0
Hum_XLOC_000565,False,,,0,0,0
Hum_XLOC_000570,False,,,0,0,0
Hum_XLOC_000573,False,,,0,0,0
Hum_XLOC_000574,True,0.0,,0,0,0
Hum_XLOC_000575,True,0.0,,0,0,0
Hum_XLOC_000576,False,,,0,0,0
Hum_XLOC_000577,False,,,0,0,0
Hum_XLOC_000578,False,,,0,0,0
Hum_XLOC_000579,False,,,0,0,0
Hum_XLOC_000581,False,,,0,0,0
Hum_XLOC_000582,True,0.0,,0,0,0
Hum_XLOC_000583,False,,,0,0,0
Hum_XLOC_000584,False,,,0,0,0
Hum_XLOC_000586,False,,,0,0,0
Hum_XLOC_000587,False,,,0,0,0
Hum_XLOC_000590,True,0.0,,0,0,0
Hum_XLOC_000591,False,,,0,0,0
Hum_XLOC_000592,False,,,0,0,0
Hum_XLOC_000594,False,,,0,0,0
Hum_XLOC_000595,False,,,0,0,0
Hum_XLOC_000596,False,,,0,0,0
Hum_XLOC_000597,False,,,0,0,0
Hum_XLOC_000598,False,,,0,0,0
Hum_XLOC_000599,False,,,0,0,0
Hum_XLOC_000600,False,,,0,0,0
Hum_XLOC_000601,True,0.0,,0,0,0
Hum_XLOC_000604,True,0.0,,0,0,0
Hum_XLOC_000608,True,0.0,,0,0,0
Hum_XLOC_000612,True,0.0,,0,0,0
Hum_XLOC_000613,False,,,0,0,0
Hum_XLOC_000614,False,,,0,0,0
Hum_XLOC_000615,False,,,0,0,0
Hum_XLOC_000622,False,,,0,0,0
Hum_XLOC_000628,False,,,0,0,0
Hum_XLOC_000631,False,,,0,0,0
Hum_XLOC_000632,False,,,0,0,0
Hum_XLOC_000633,False,,,0,0,0
Hum_XLOC_000635,False,,,0,0,0
Hum_XLOC_000636,True,0.0,,0,0,0
Hum_XLOC_000637,False,,,0,0,0
Hum_XLOC_000638,True,0.0,,0,0,0
Hum_XLOC_000639,False,,,0,0,0
Hum_XLOC_000641,True,0.0,,0,0,0
Hum_XLOC_000642,False,,,0,0,0
Hum_XLOC_000643,False,,,0,0,0
Hum_XLOC_000645,False,,,0,0,0
Hum_XLOC_000651,False,,,0,0,0
Hum_XLOC_000655,True,0.0,,0,0,0
Hum_XLOC_000656,False,,,0,0,0
Hum_XLOC_000657,False,,,0,0,0
Hum_XLOC_000663,False,,,0,0,0
Hum_XLOC_000667,False,,,0,0,0
Hum_XLOC_000668,True,0.0,,0,0,0
Hum_XLOC_000670,False,,,0,0,0
Hum_XLOC_000671,False,,,0,0,0
Hum_XLOC_000680,True,0.0,,0,0,0
Hum_XLOC_000681,True,0.0,,0,0,0
Hum_XLOC_000682,False,,,0,0,0
Hum_XLOC_000691,False,,,0,0,0
Hum_XLOC_000693,False,,,0,0,0
Hum_XLOC_000694,False,,,0,0,0
Hum_XLOC_000695,True,0.0,,0,0,0
Hum_XLOC_000697,False,,,0,0,0
Hum_XLOC_000702,True,0.0,,0,0,0
Hum_XLOC_000706,False,,,0,0,0
Hum_XLOC_000710,False,,,0,0,0
Hum_XLOC_000716,False,,,0,0,0
Hum_XLOC_000718,False,,,0,0,0
Hum_XLOC_000720,False,,,0,0,0
Hum_XLOC_000726,True,0.0,,0,0,0
Hum_XLOC_000727,True,0.0,,0,0,0
Hum_XLOC_000728,False,,,0,0,0
Hum_XLOC_000730,False,,,0,0,0
Hum_XLOC_000731,False,,,0,0,0
Hum_XLOC_000732,False,,,0,0,0
Hum_XLOC_000733,False,,,0,0,0
Hum_XLOC_000734,False,,,0,0,0
Hum_XLOC_000735,False,,,0,0,0
Hum_XLOC_000736,False,,,0,0,0
Hum_XLOC_000738,False,,,0,0,0
Hum_XLOC_000739,False,,,0,0,0
Hum_XLOC_000740,False,,,0,0,0
Hum_XLOC_000741,False,,,0,0,0
Hum_XLOC_000742,False,,,0,0,0
Hum_XLOC_000743,False,,,0,0,0
Hum_XLOC_000744,False,,,0,0,0
Hum_XLOC_000745,False,,,0,0,0
Hum_XLOC_000746,False,,,0,0,0
Hum_XLOC_000747,False,,,0,0,0
Hum_XLOC_000748,False,,,0,0,0
Hum_XLOC_000753,False,,,0,0,0
Hum_XLOC_000754,False,,,0,0,0
Hum_XLOC_000755,False,,,0,0,0
Hum_XLOC_000756,False,,,0,0,0
Hum_XLOC_000757,False,,,0,0,0
Hum_XLOC_000758,True,0.0,,0,0,0
Hum_XLOC_000759,False,,,0,0,0
Hum_XLOC_000760,False,,,0,0,0
Hum_XLOC_000762,False,,,0,0,0
Hum_XLOC_000764,False,,,0,0,0
Hum_XLOC_000766,False,,,0,0,0
Hum_XLOC_000767,False,,,0,0,0
Hum_XLOC_000768,False,,,0,0,0
Hum_XLOC_000773,True,0.0,,0,0,0
Hum_XLOC_000774,True,0.0,,0,0,0
Hum_XLOC_000776,False,,,0,0,0
Hum_XLOC_000779,False,,,0,0,0
Hum_XLOC_000780,False,,,0,0,0
Hum_XLOC_000781,False,,,0,0,0
Hum_XLOC_000782,False,,,0,0,0
Hum_XLOC_000783,False,,,0,0,0
Hum_XLOC_000784,False,,,0,0,0
Hum_XLOC_000785,False,,,0,0,0
Hum_XLOC_000788,False,,,0,0,0
Hum_XLOC_000793,False,,,0,0,0
Hum_XLOC_000794,False,,,0,0,0
Hum_XLOC_000796,False,,,0,0,0
Hum_XLOC_000797,True,0.0,,0,0,0
Hum_XLOC_000798,False,,,0,0,0
Hum_XLOC_000799,True,0.0,,0,0,0
Hum_XLOC_000800,True,0.0,,0,0,0
Hum_XLOC_000802,False,,,0,0,0
Hum_XLOC_000804,False,,,0,0,0
Hum_XLOC_000805,False,,,0,0,0
Hum_XLOC_000807,True,0.0,,0,0,0
Hum_XLOC_000808,False,,,0,0,0
Hum_XLOC_000809,False,,,0,0,0
Hum_XLOC_000811,False,,,0,0,0
Hum_XLOC_000814,False,,,0,0,0
Hum_XLOC_000815,False,,,0,0,0
Hum_XLOC_000816,False,,,0,0,0
Hum_XLOC_000818,True,0.0,,0,0,0
Hum_XLOC_000819,False,,,0,0,0
Hum_XLOC_000821,False,,,0,0,0
Hum_XLOC_000822,False,,,0,0,0
Hum_XLOC_000823,False,,,0,0,0
Hum_XLOC_000825,False,,,0,0,0
Hum_XLOC_000828,True,0.0,,0,0,0
Hum_XLOC_000829,False,,,0,0,0
Hum_XLOC_000830,False,,,0,0,0
Hum_XLOC_000831,True,0.0,,0,0,0
Hum_XLOC_000832,False,,,0,0,0
Hum_XLOC_000833,False,,,0,0,0
Hum_XLOC_000834,False,,,0,0,0
Hum_XLOC_000835,True,0.0,,0,0,0
Hum_XLOC_000837,False,,,0,0,0
Hum_XLOC_000839,False,,,0,0,0
Hum_XLOC_000840,True,0.0,,0,0,0
Hum_XLOC_000841,True,0.0,,0,0,0
Hum_XLOC_000842,True,0.0,,0,0,0
Hum_XLOC_000843,False,,,0,0,0
Hum_XLOC_000844,False,,,0,0,0
Hum_XLOC_000845,False,,,0,0,0
Hum_XLOC_000846,False,,,0,0,0
Hum_XLOC_000847,False,,,0,0,0
Hum_XLOC_000848,False,,,0,0,0
Hum_XLOC_000849,False,,,0,0,0
Hum_XLOC_000850,False,,,0,0,0
Hum_XLOC_000851,False,,,0,0,0
Hum_XLOC_000852,False,,,0,0,0
Hum_XLOC_000853,False,,,0,0,0
Hum_XLOC_000854,True,0.0,,0,0,0
Hum_XLOC_000855,True,0.0,,0,0,0
Hum_XLOC_000856,False,,,0,0,0
Hum_XLOC_000857,False,,,0,0,0
Hum_XLOC_000858,False,,,0,0,0
Hum_XLOC_000862,False,,,0,0,0
Hum_XLOC_000863,False,,,0,0,0
Hum_XLOC_000864,False,,,0,0,0
Hum_XLOC_000866,False,,,0,0,0
Hum_XLOC_000867,False,,,0,0,0
Hum_XLOC_000874,False,,,0,0,0
Hum_XLOC_000876,False,,,0,0,0
Hum_XLOC_000879,False,,,0,0,0
Hum_XLOC_000882,False,,,0,0,0
Hum_XLOC_000883,True,0.0,,0,0,0
Hum_XLOC_000885,True,0.0,,0,0,0
Hum_XLOC_000888,False,,,0,0,0
Hum_XLOC_000891,False,,,0,0,0
Hum_XLOC_000893,False,,,0,0,0
Hum_XLOC_000896,False,,,0,0,0
Hum_XLOC_000905,True,0.0,,0,0,0
Hum_XLOC_000906,False,,,0,0,0
Hum_XLOC_000911,False,,,0,0,0
Hum_XLOC_000914,False,,,0,0,0
Hum_XLOC_000917,True,0.0,,0,0,0
Hum_XLOC_000918,False,,,0,0,0
Hum_XLOC_000921,False,,,0,0,0
Hum_XLOC_000922,False,,,0,0,0
Hum_XLOC_000923,False,,,0,0,0
Hum_XLOC_000924,False,,,0,0,0
Hum_XLOC_000925,True,0.0,,0,0,0
Hum_XLOC_000926,False,,,0,0,0
Hum_XLOC_000927,False,,,0,0,0
Hum_XLOC_000928,False,,,0,0,0
Hum_XLOC_000929,False,,,0,0,0
Hum_XLOC_000930,False,,,0,0,0
Hum_XLOC_000931,False,,,0,0,0
Hum_XLOC_000932,False,,,0,0,0
Hum_XLOC_000937,False,,,0,0,0
Hum_XLOC_000938,False,,,0,0,0
Hum_XLOC_000939,False,,,0,0,0
Hum_XLOC_000940,False,,,0,0,0
Hum_XLOC_000941,False,,,0,0,0
Hum_XLOC_000943,False,,,0,0,0
Hum_XLOC_000944,True,0.0,,0,0,0
Hum_XLOC_000945,False,,,0,0,0
Hum_XLOC_000946,False,,,0,0,0
Hum_XLOC_000947,False,,,0,0,0
Hum_XLOC_000948,False,,,0,0,0
Hum_XLOC_000949,True,,,0,0,0
Hum_XLOC_000950,False,,,0,0,0
Hum_XLOC_000951,False,,,0,0,0
Hum_XLOC_000953,True,0.0,,0,0,0
Hum_XLOC_000954,False,,,0,0,0
Hum_XLOC_000958,False,,,0,0,0
Hum_XLOC_000959,False,,,0,0,0
Hum_XLOC_000963,False,,,0,0,0
Hum_XLOC_000964,True,0.0,,0,0,0
Hum_XLOC_000969,False,,,0,0,0
Hum_XLOC_000972,False,,,0,0,0
Hum_XLOC_000973,False,,,0,0,0
Hum_XLOC_000976,False,,,0,0,0
Hum_XLOC_000979,False,,,0,0,0
Hum_XLOC_000980,False,,,0,0,0
Hum_XLOC_000983,False,,,0,0,0
Hum_XLOC_000984,False,,,0,0,0
Hum_XLOC_000985,False,,,0,0,0
Hum_XLOC_000986,False,,,0,0,0
Hum_XLOC_000987,False,,,0,0,0
Hum_XLOC_000988,False,,,0,0,0
Hum_XLOC_000989,False,,,0,0,0
Hum_XLOC_000990,True,0.0,,0,0,0
Hum_XLOC_000991,False,,,0,0,0
Hum_XLOC_000992,False,,,0,0,0
Hum_XLOC_000993,False,,,0,0,0
Hum_XLOC_000994,True,0.0,,0,0,0
Hum_XLOC_000995,False,,,0,0,0
Hum_XLOC_000996,False,,,0,0,0
Hum_XLOC_001000,False,,,0,0,0
Hum_XLOC_001001,False,,,0,0,0
Hum_XLOC_001002,False,,,0,0,0
Hum_XLOC_001003,False,,,0,0,0
Hum_XLOC_001004,False,,,0,0,0
Hum_XLOC_001005,False,,,0,0,0
Hum_XLOC_001006,False,,,0,0,0
Hum_XLOC_001007,False,,,0,0,0
Hum_XLOC_001008,False,,,0,0,0
Hum_XLOC_001009,False,,,0,0,0
Hum_XLOC_001010,False,,,0,0,0
Hum_XLOC_001011,False,,,0,0,0
Hum_XLOC_001012,False,,,0,0,0
Hum_XLOC_001020,True,0.0,,0,0,0
Hum_XLOC_001021,False,,,0,0,0
Hum_XLOC_001022,False,,,0,0,0
Hum_XLOC_001023,False,,,0,0,0
Hum_XLOC_001024,False,,,0,0,0
Hum_XLOC_001025,False,,,0,0,0
Hum_XLOC_001027,False,,,0,0,0
Hum_XLOC_001028,False,,,0,0,0
Hum_XLOC_001029,True,0.0,,0,0,0
Hum_XLOC_001030,False,,,0,0,0
Hum_XLOC_001031,False,,,0,0,0
Hum_XLOC_001033,False,,,0,0,0
Hum_XLOC_001034,False,,,0,0,0
Hum_XLOC_001035,False,,,0,0,0
Hum_XLOC_001036,False,,,0,0,0
Hum_XLOC_001037,False,,,0,0,0
Hum_XLOC_001038,False,,,0,0,0
Hum_XLOC_001050,False,,,0,0,0
Hum_XLOC_001051,False,,,0,0,0
Hum_XLOC_001052,False,,,0,0,0
Hum_XLOC_001054,False,,,0,0,0
Hum_XLOC_001055,False,,,0,0,0
Hum_XLOC_001056,False,,,0,0,0
Hum_XLOC_001057,False,,,0,0,0
Hum_XLOC_001058,False,,,0,0,0
Hum_XLOC_001059,False,,,0,0,0
Hum_XLOC_001060,False,,,0,0,0
Hum_XLOC_001061,False,,,0,0,0
Hum_XLOC_001062,False,,,0,0,0
Hum_XLOC_001064,False,,,0,0,0
Hum_XLOC_001065,False,,,0,0,0
Hum_XLOC_001066,True,0.0,,0,0,0
Hum_XLOC_001067,False,,,0,0,0
Hum_XLOC_001068,False,,,0,0,0
Hum_XLOC_001069,False,,,0,0,0
Hum_XLOC_001070,False,,,0,0,0
Hum_XLOC_001071,False,,,0,0,0
Hum_XLOC_001072,False,,,0,0,0
Hum_XLOC_001073,False,,,0,0,0
Hum_XLOC_001074,False,,,0,0,0
Hum_XLOC_001075,False,,,0,0,0
Hum_XLOC_001076,False,,,0,0,0
Hum_XLOC_001082,False,,,0,0,0
Hum_XLOC_001088,False,,,0,0,0
Hum_XLOC_001090,False,,,0,0,0
Hum_XLOC_001091,False,,,0,0,0
Hum_XLOC_001092,False,,,0,0,0
Hum_XLOC_001093,False,,,0,0,0
Hum_XLOC_001094,False,,,0,0,0
Hum_XLOC_001095,False,,,0,0,0
Hum_XLOC_001096,False,,,0,0,0
Hum_XLOC_001097,False,,,0,0,0
Hum_XLOC_001098,False,,,0,0,0
Hum_XLOC_001100,False,,,0,0,0
Hum_XLOC_001101,False,,,0,0,0
Hum_XLOC_001102,False,,,0,0,0
Hum_XLOC_001103,False,,,0,0,0
Hum_XLOC_001104,False,,,0,0,0
Hum_XLOC_001105,False,,,0,0,0
Hum_XLOC_001112,False,,,0,0,0
Hum_XLOC_001113,False,,,0,0,0
Hum_XLOC_001116,False,,,0,0,0
Hum_XLOC_001117,False,,,0,0,0
Hum_XLOC_001120,True,0.0,,0,0,0
Hum_XLOC_001121,True,0.0,,0,0,0
Hum_XLOC_001122,True,0.0,,0,0,0
Hum_XLOC_001123,False,,,0,0,0
Hum_XLOC_001124,False,,,0,0,0
Hum_XLOC_001125,True,0.0,,0,0,0
Hum_XLOC_001126,False,,,0,0,0
Hum_XLOC_001127,False,,,0,0,0
Hum_XLOC_001128,False,,,0,0,0
Hum_XLOC_001129,False,,,0,0,0
Hum_XLOC_001130,False,,,0,0,0
Hum_XLOC_001132,True,0.0,,0,0,0
Hum_XLOC_001133,False,,,0,0,0
Hum_XLOC_001135,False,,,0,0,0
Hum_XLOC_001136,False,,,0,0,0
Hum_XLOC_001138,True,0.0,,0,0,0
Hum_XLOC_001139,False,,,0,0,0
Hum_XLOC_001140,False,,,0,0,0
Hum_XLOC_001143,False,,,0,0,0
Hum_XLOC_001144,True,0.0,,0,0,0
Hum_XLOC_001145,False,,,0,0,0
Hum_XLOC_001146,True,0.0,,0,0,0
Hum_XLOC_001147,False,,,0,0,0
Hum_XLOC_001148,False,,,0,0,0
Hum_XLOC_001149,False,,,0,0,0
Hum_XLOC_001150,False,,,0,0,0
Hum_XLOC_001152,False,,,0,0,0
Hum_XLOC_001153,False,,,0,0,0
Hum_XLOC_001154,False,,,0,0,0
Hum_XLOC_001155,False,,,0,0,0
Hum_XLOC_001156,False,,,0,0,0
Hum_XLOC_001157,False,,,0,0,0
Hum_XLOC_001158,False,,,0,0,0
Hum_XLOC_001160,False,,,0,0,0
Hum_XLOC_001161,False,,,0,0,0
Hum_XLOC_001162,False,,,0,0,0
Hum_XLOC_001163,False,,,0,0,0
Hum_XLOC_001164,False,,,0,0,0
Hum_XLOC_001165,False,,,0,0,0
Hum_XLOC_001166,False,,,0,0,0
Hum_XLOC_001167,False,,,0,0,0
Hum_XLOC_001168,False,,,0,0,0
Hum_XLOC_001169,False,,,0,0,0
Hum_XLOC_001170,False,,,0,0,0
Hum_XLOC_001172,False,,,0,0,0
Hum_XLOC_001173,False,,,0,0,0
Hum_XLOC_001175,False,,,0,0,0
Hum_XLOC_001180,False,,,0,0,0
Hum_XLOC_001182,False,,,0,0,0
Hum_XLOC_001184,False,,,0,0,0
Hum_XLOC_001186,False,,,0,0,0
Hum_XLOC_001188,True,0.0,,0,0,0
Hum_XLOC_001191,True,0.0,,0,0,0
Hum_XLOC_001192,True,0.0,,0,0,0
Hum_XLOC_001193,False,,,0,0,0
Hum_XLOC_001195,False,,,0,0,0
Hum_XLOC_001196,False,,,0,0,0
Hum_XLOC_001197,False,,,0,0,0
Hum_XLOC_001198,False,,,0,0,0
Hum_XLOC_001199,False,,,0,0,0
Hum_XLOC_001200,False,,,0,0,0
Hum_XLOC_001201,False,,,0,0,0
Hum_XLOC_001209,False,,,0,0,0
Hum_XLOC_001210,False,,,0,0,0
Hum_XLOC_001211,False,,,0,0,0
Hum_XLOC_001212,False,,,0,0,0
Hum_XLOC_001213,False,,,0,0,0
Hum_XLOC_001214,False,,,0,0,0
Hum_XLOC_001215,False,,,0,0,0
Hum_XLOC_001216,False,,,0,0,0
Hum_XLOC_001217,True,0.0,,0,0,0
Hum_XLOC_001218,False,,,0,0,0
Hum_XLOC_001219,False,,,0,0,0
Hum_XLOC_001220,False,,,0,0,0
Hum_XLOC_001221,False,,,0,0,0
Hum_XLOC_001222,True,0.0,,0,0,0
Hum_XLOC_001228,True,0.0,,0,0,0
Hum_XLOC_001229,False,,,0,0,0
Hum_XLOC_001230,True,0.0,,0,0,0
Hum_XLOC_001231,False,,,0,0,0
Hum_XLOC_001232,False,,,0,0,0
Hum_XLOC_001233,False,,,0,0,0
Hum_XLOC_001237,True,0.0,,0,0,0
Hum_XLOC_001243,True,0.0,,0,0,0
Hum_XLOC_001246,False,,,0,0,0
Hum_XLOC_001252,False,,,0,0,0
Hum_XLOC_001253,False,,,0,0,0
Hum_XLOC_001254,False,,,0,0,0
Hum_XLOC_001267,False,,,0,0,0
Hum_XLOC_001268,False,,,0,0,0
Hum_XLOC_001275,True,0.0,,0,0,0
Hum_XLOC_001277,False,,,0,0,0
Hum_XLOC_001279,True,0.0,,0,0,0
Hum_XLOC_001280,False,,,0,0,0
Hum_XLOC_001283,False,,,0,0,0
Hum_XLOC_001287,False,,,0,0,0
Hum_XLOC_001291,True,0.0,,0,0,0
Hum_XLOC_001293,False,,,0,0,0
Hum_XLOC_001294,False,,,0,0,0
Hum_XLOC_001295,False,,,0,0,0
Hum_XLOC_001296,True,0.0,,0,0,0
Hum_XLOC_001297,True,0.0,,0,0,0
Hum_XLOC_001298,False,,,0,0,0
Hum_XLOC_001303,False,,,0,0,0
Hum_XLOC_001304,False,,,0,0,0
Hum_XLOC_001306,False,,,0,0,0
Hum_XLOC_001307,False,,,0,0,0
Hum_XLOC_001308,False,,,0,0,0
Hum_XLOC_001309,True,0.0,,0,0,0
Hum_XLOC_001315,False,,,0,0,0
Hum_XLOC_001316,False,,,0,0,0
Hum_XLOC_001320,False,,,0,0,0
Hum_XLOC_001321,False,,,0,0,0
Hum_XLOC_001322,False,,,0,0,0
Hum_XLOC_001323,False,,,0,0,0
Hum_XLOC_001324,False,,,0,0,0
Hum_XLOC_001325,False,,,0,0,0
Hum_XLOC_001326,False,,,0,0,0
Hum_XLOC_001329,True,0.0,,0,0,0
Hum_XLOC_001330,True,0.0,,0,0,0
Hum_XLOC_001331,False,,,0,0,0
Hum_XLOC_001332,False,,,0,0,0
Hum_XLOC_001333,False,,,0,0,0
Hum_XLOC_001334,False,,,0,0,0
Hum_XLOC_001336,False,,,0,0,0
Hum_XLOC_001338,False,,,0,0,0
Hum_XLOC_001339,False,,,0,0,0
Hum_XLOC_001342,False,,,0,0,0
Hum_XLOC_001343,False,,,0,0,0
Hum_XLOC_001344,False,,,0,0,0
Hum_XLOC_001347,False,,,0,0,0
Hum_XLOC_001348,False,,,0,0,0
Hum_XLOC_001349,False,,,0,0,0
Hum_XLOC_001350,False,,,0,0,0
Hum_XLOC_001355,True,0.0,,0,0,0
Hum_XLOC_001358,False,,,0,0,0
Hum_XLOC_001359,False,,,0,0,0
Hum_XLOC_001360,False,,,0,0,0
Hum_XLOC_001362,False,,,0,0,0
Hum_XLOC_001363,False,,,0,0,0
Hum_XLOC_001364,False,,,0,0,0
Hum_XLOC_001365,False,,,0,0,0
Hum_XLOC_001366,True,0.0,,0,0,0
Hum_XLOC_001367,True,0.0,,0,0,0
Hum_XLOC_001368,False,,,0,0,0
Hum_XLOC_001369,False,,,0,0,0
Hum_XLOC_001372,False,,,0,0,0
Hum_XLOC_001373,False,,,0,0,0
Hum_XLOC_001375,True,0.0,,0,0,0
Hum_XLOC_001376,False,,,0,0,0
Hum_XLOC_001377,False,,,0,0,0
Hum_XLOC_001382,False,,,0,0,0
Hum_XLOC_001383,False,,,0,0,0
Hum_XLOC_001384,False,,,0,0,0
Hum_XLOC_001385,False,,,0,0,0
Hum_XLOC_001386,False,,,0,0,0
Hum_XLOC_001390,True,0.0,,0,0,0
Hum_XLOC_001392,False,,,0,0,0
Hum_XLOC_001393,False,,,0,0,0
Hum_XLOC_001394,False,,,0,0,0
Hum_XLOC_001395,False,,,0,0,0
Hum_XLOC_001397,False,,,0,0,0
Hum_XLOC_001398,False,,,0,0,0
Hum_XLOC_001399,False,,,0,0,0
Hum_XLOC_001401,False,,,0,0,0
Hum_XLOC_001402,False,,,0,0,0
Hum_XLOC_001403,False,,,0,0,0
Hum_XLOC_001404,False,,,0,0,0
Hum_XLOC_001405,True,0.0,0.0,4,4,4
Hum_XLOC_001422,False,,,0,0,0
Hum_XLOC_001424,False,,,0,0,0
Hum_XLOC_001425,False,,,0,0,0
Hum_XLOC_001428,False,,2.0,0,0,1
Hum_XLOC_001429,False,,,0,0,0
Hum_XLOC_001437,False,,,0,0,0
Hum_XLOC_001440,False,,,0,0,0
Hum_XLOC_001443,False,,,0,0,0
Hum_XLOC_001444,False,,,0,0,0
Hum_XLOC_001447,False,,,0,0,0
Hum_XLOC_001448,False,,,0,0,0
Hum_XLOC_001452,False,,,0,0,0
Hum_XLOC_001454,False,,,0,0,0
Hum_XLOC_001455,False,,,0,0,0
Hum_XLOC_001459,False,,,0,0,0
Hum_XLOC_001460,False,,,0,0,0
Hum_XLOC_001461,True,0.0,,0,0,0
Hum_XLOC_001462,False,,,0,0,0
Hum_XLOC_001463,False,,,0,0,0
Hum_XLOC_001464,False,,,0,0,0
Hum_XLOC_001465,True,0.0,,0,0,0
Hum_XLOC_001466,False,,,0,0,0
Hum_XLOC_001467,False,,,0,0,0
Hum_XLOC_001469,False,,,0,0,0
Hum_XLOC_001470,False,,,0,0,0
Hum_XLOC_001471,False,,,0,0,0
Hum_XLOC_001472,False,,,0,0,0
Hum_XLOC_001473,False,,,0,0,0
Hum_XLOC_001474,False,,,0,0,0
Hum_XLOC_001476,False,,2.0,0,0,1
Hum_XLOC_001478,False,,,0,0,0
Hum_XLOC_001479,False,,,0,0,0
Hum_XLOC_001480,False,,,0,0,0
Hum_XLOC_001482,False,,,0,0,0
Hum_XLOC_001483,False,,,0,0,0
Hum_XLOC_001485,False,,,0,0,0
Hum_XLOC_001486,False,,,0,0,0
Hum_XLOC_001487,False,,,0,0,0
Hum_XLOC_001488,True,,,0,0,0
Hum_XLOC_001490,True,0.0,,0,0,0
Hum_XLOC_001493,False,,,0,0,0
Hum_XLOC_001494,False,,,0,0,0
Hum_XLOC_001495,False,,,0,0,0
Hum_XLOC_001499,False,,,0,0,0
Hum_XLOC_001502,False,,,0,0,0
Hum_XLOC_001503,False,,,0,0,0
Hum_XLOC_001509,True,0.0,,0,0,0
Hum_XLOC_001510,False,,,0,0,0
Hum_XLOC_001511,False,,,0,0,0
Hum_XLOC_001513,False,,,0,0,0
Hum_XLOC_001514,False,,,0,0,0
Hum_XLOC_001515,False,,,0,0,0
Hum_XLOC_001516,True,0.0,,0,0,0
Hum_XLOC_001517,False,,,0,0,0
Hum_XLOC_001518,False,,,0,0,0
Hum_XLOC_001519,False,,,0,0,0
Hum_XLOC_001528,False,,,0,0,0
Hum_XLOC_001532,True,0.0,,0,0,0
Hum_XLOC_001537,False,,,0,0,0
Hum_XLOC_001539,True,0.0,,0,0,0
Hum_XLOC_001541,True,0.0,,0,0,0
Hum_XLOC_001542,True,0.0,,0,0,0
Hum_XLOC_001543,False,,,0,0,0
Hum_XLOC_001544,False,,,0,0,0
Hum_XLOC_001545,False,,,0,0,0
Hum_XLOC_001546,False,,,0,0,0
Hum_XLOC_001547,False,,,0,0,0
Hum_XLOC_001548,True,0.0,,0,0,0
Hum_XLOC_001551,False,,,0,0,0
Hum_XLOC_001555,False,,,0,0,0
Hum_XLOC_001557,False,,,0,0,0
Hum_XLOC_001558,False,,,0,0,0
Hum_XLOC_001559,True,0.0,,0,0,0
Hum_XLOC_001561,False,,,0,0,0
Hum_XLOC_001564,False,,,0,0,0
Hum_XLOC_001565,True,0.0,,0,0,0
Hum_XLOC_001566,True,0.0,,0,0,0
Hum_XLOC_001570,False,,,0,0,0
Hum_XLOC_001574,False,,,0,0,0
Hum_XLOC_001575,True,0.0,,0,0,0
Hum_XLOC_001576,False,,,0,0,0
Hum_XLOC_001577,False,,,0,0,0
Hum_XLOC_001580,True,0.0,,0,0,0
Hum_XLOC_001581,False,,,0,0,0
Hum_XLOC_001582,False,,,0,0,0
Hum_XLOC_001590,True,0.0,,0,0,0
Hum_XLOC_001592,False,,,0,0,0
Hum_XLOC_001593,False,,,0,0,0
Hum_XLOC_001594,False,,,0,0,0
Hum_XLOC_001595,False,,,0,0,0
Hum_XLOC_001606,False,,,0,0,0
Hum_XLOC_001610,False,,,0,0,0
Hum_XLOC_001613,False,,,0,0,0
Hum_XLOC_001614,False,,,0,0,0
Hum_XLOC_001615,True,0.0,,0,0,0
Hum_XLOC_001616,False,,,0,0,0
Hum_XLOC_001621,False,,,0,0,0
Hum_XLOC_001622,False,,,0,0,0
Hum_XLOC_001623,False,,,0,0,0
Hum_XLOC_001624,True,0.0,,0,0,0
Hum_XLOC_001625,False,,,0,0,0
Hum_XLOC_001633,False,,,0,0,0
Hum_XLOC_001637,False,,,0,0,0
Hum_XLOC_001638,False,,,0,0,0
Hum_XLOC_001639,True,0.0,,0,0,0
Hum_XLOC_001640,False,,,0,0,0
Hum_XLOC_001645,False,,,0,0,0
Hum_XLOC_001647,False,,,0,0,0
Hum_XLOC_001650,False,,,0,0,0
Hum_XLOC_001653,False,,,0,0,0
Hum_XLOC_001654,False,,,0,0,0
Hum_XLOC_001655,False,,,0,0,0
Hum_XLOC_001656,False,,,0,0,0
Hum_XLOC_001657,False,,,0,0,0
Hum_XLOC_001658,False,,,0,0,0
Hum_XLOC_001659,False,,,0,0,0
Hum_XLOC_001660,False,,,0,0,0
Hum_XLOC_001661,True,0.0,,0,0,0
Hum_XLOC_001662,False,,,0,0,0
Hum_XLOC_001663,False,,,0,0,0
Hum_XLOC_001664,False,,,0,0,0
Hum_XLOC_001665,False,,,0,0,0
Hum_XLOC_001666,True,0.0,,0,0,0
Hum_XLOC_001667,False,,,0,0,0
Hum_XLOC_001668,True,0.0,,0,0,0
Hum_XLOC_001669,False,,,0,0,0
Hum_XLOC_001670,False,,,0,0,0
Hum_XLOC_001683,False,,,0,0,0
Hum_XLOC_001684,False,,,0,0,0
Hum_XLOC_001685,False,,,0,0,0
Hum_XLOC_001688,True,0.0,,0,0,0
Hum_XLOC_001689,True,0.0,,0,0,0
Hum_XLOC_001690,False,,,0,0,0
Hum_XLOC_001691,False,,,0,0,0
Hum_XLOC_001695,True,0.0,,0,0,0
Hum_XLOC_001696,True,0.0,,0,0,0
Hum_XLOC_001697,False,,,0,0,0
Hum_XLOC_001698,True,0.0,,0,0,0
Hum_XLOC_001699,False,,,0,0,0
Hum_XLOC_001704,False,,,0,0,0
Hum_XLOC_001705,False,,,0,0,0
Hum_XLOC_001707,True,0.0,,0,0,0
Hum_XLOC_001711,False,,,0,0,0
Hum_XLOC_001715,False,,,0,0,0
Hum_XLOC_001716,False,,,0,0,0
Hum_XLOC_001717,False,,,0,0,0
Hum_XLOC_001723,False,,,0,0,0
Hum_XLOC_001729,False,,,0,0,0
Hum_XLOC_001731,False,,,0,0,0
Hum_XLOC_001732,False,,,0,0,0
Hum_XLOC_001740,False,,,0,0,0
Hum_XLOC_001741,False,,,0,0,0
Hum_XLOC_001743,False,,,0,0,0
Hum_XLOC_001745,False,,,0,0,0
Hum_XLOC_001750,False,,,0,0,0
Hum_XLOC_001752,False,,,0,0,0
Hum_XLOC_001753,False,,,0,0,0
Hum_XLOC_001754,False,,,0,0,0
Hum_XLOC_001755,False,,,0,0,0
Hum_XLOC_001758,False,,,0,0,0
Hum_XLOC_001759,False,,,0,0,0
Hum_XLOC_001760,True,0.0,,0,0,0
Hum_XLOC_001761,True,0.0,,0,0,0
Hum_XLOC_001762,False,,,0,0,0
Hum_XLOC_001763,False,,,0,0,0
Hum_XLOC_001764,False,,,0,0,0
Hum_XLOC_001765,False,,,0,0,0
Hum_XLOC_001766,False,,,0,0,0
Hum_XLOC_001767,False,,,0,0,0
Hum_XLOC_001769,False,,,0,0,0
Hum_XLOC_001770,False,,,0,0,0
Hum_XLOC_001771,False,,,0,0,0
Hum_XLOC_001772,False,,,0,0,0
Hum_XLOC_001773,True,0.0,,0,0,0
Hum_XLOC_001775,True,0.0,,0,0,0
Hum_XLOC_001776,False,,,0,0,0
Hum_XLOC_001779,True,0.0,,0,0,0
Hum_XLOC_001780,False,,,0,0,0
Hum_XLOC_001781,False,,,0,0,0
Hum_XLOC_001783,True,0.0,,0,0,0
Hum_XLOC_001788,False,,,0,0,0
Hum_XLOC_001791,True,0.0,,0,0,0
Hum_XLOC_001795,False,,,0,0,0
Hum_XLOC_001796,False,,,0,0,0
Hum_XLOC_001798,False,,,0,0,0
Hum_XLOC_001801,False,,,0,0,0
Hum_XLOC_001802,False,,,0,0,0
Hum_XLOC_001803,False,,,0,0,0
Hum_XLOC_001804,False,,,0,0,0
Hum_XLOC_001805,True,0.0,,0,0,0
Hum_XLOC_001808,False,,,0,0,0
Hum_XLOC_001809,True,0.0,,0,0,0
Hum_XLOC_001810,False,,,0,0,0
Hum_XLOC_001811,False,,,0,0,0
Hum_XLOC_001813,False,,,0,0,0
Hum_XLOC_001814,False,,,0,0,0
Hum_XLOC_001815,False,,,0,0,0
Hum_XLOC_001817,False,,,0,0,0
Hum_XLOC_001818,False,,,0,0,0
Hum_XLOC_001819,False,,,0,0,0
Hum_XLOC_001820,False,,,0,0,0
Hum_XLOC_001822,False,,,0,0,0
Hum_XLOC_001823,False,,,0,0,0
Hum_XLOC_001825,False,,,0,0,0
Hum_XLOC_001834,False,,,0,0,0
Hum_XLOC_001837,False,,,0,0,0
Hum_XLOC_001843,False,,,0,0,0
Hum_XLOC_001845,False,,,0,0,0
Hum_XLOC_001846,False,,,0,0,0
Hum_XLOC_001847,False,,,0,0,0
Hum_XLOC_001848,True,0.0,,0,0,0
Hum_XLOC_001849,False,,,0,0,0
Hum_XLOC_001853,False,,,0,0,0
Hum_XLOC_001858,False,,,0,0,0
Hum_XLOC_001859,False,,,0,0,0
Hum_XLOC_001860,False,,,0,0,0
Hum_XLOC_001861,False,,,0,0,0
Hum_XLOC_001862,False,,,0,0,0
Hum_XLOC_001863,False,,,0,0,0
Hum_XLOC_001864,False,,,0,0,0
Hum_XLOC_001866,False,,,0,0,0
Hum_XLOC_001867,False,,,0,0,0
Hum_XLOC_001868,False,,,0,0,0
Hum_XLOC_001870,False,,,0,0,0
Hum_XLOC_001871,False,,,0,0,0
Hum_XLOC_001872,False,,,0,0,0
Hum_XLOC_001873,False,,,0,0,0
Hum_XLOC_001874,False,,,0,0,0
Hum_XLOC_001875,False,,,0,0,0
Hum_XLOC_001876,False,,,0,0,0
Hum_XLOC_001878,False,,,0,0,0
Hum_XLOC_001885,False,,,0,0,0
Hum_XLOC_001888,False,,,0,0,0
Hum_XLOC_001890,False,,,0,0,0
Hum_XLOC_001893,False,,,0,0,0
Hum_XLOC_001894,False,,,0,0,0
Hum_XLOC_001896,False,,,0,0,0
Hum_XLOC_001900,False,,,0,0,0
Hum_XLOC_001901,False,,,0,0,0
Hum_XLOC_001903,False,,,0,0,0
Hum_XLOC_001904,False,,,0,0,0
Hum_XLOC_001906,False,,,0,0,0
Hum_XLOC_001908,False,,,0,0,0
Hum_XLOC_001911,False,,,0,0,0
Hum_XLOC_001912,False,,,0,0,0
Hum_XLOC_001913,False,,,0,0,0
Hum_XLOC_001914,False,,,0,0,0
Hum_XLOC_001915,False,,,0,0,0
Hum_XLOC_001916,False,,,0,0,0
Hum_XLOC_001917,False,,,0,0,0
Hum_XLOC_001919,True,0.0,,0,0,0
Hum_XLOC_001920,False,,,0,0,0
Hum_XLOC_001921,False,,,0,0,0
Hum_XLOC_001924,False,,,0,0,0
Hum_XLOC_001928,False,,,0,0,0
Hum_XLOC_001930,False,,,0,0,0
Hum_XLOC_001932,False,,,0,0,0
Hum_XLOC_001934,False,,,0,0,0
Hum_XLOC_001937,False,,,0,0,0
Hum_XLOC_001938,False,,,0,0,0
Hum_XLOC_001941,True,0.0,,0,0,0
Hum_XLOC_001942,True,0.0,,0,0,0
Hum_XLOC_001943,False,,,0,0,0
Hum_XLOC_001944,False,,,0,0,0
Hum_XLOC_001945,False,,,0,0,0
Hum_XLOC_001946,False,,,0,0,0
Hum_XLOC_001947,False,,,0,0,0
Hum_XLOC_001949,True,0.0,,0,0,0
Hum_XLOC_001950,True,0.0,,0,0,0
Hum_XLOC_001953,True,0.0,,0,0,0
Hum_XLOC_001954,False,,,0,0,0
Hum_XLOC_001955,False,,,0,0,0
Hum_XLOC_001957,True,0.0,,0,0,0
Hum_XLOC_001958,False,,,0,0,0
Hum_XLOC_001959,False,,,0,0,0
Hum_XLOC_001960,False,,,0,0,0
Hum_XLOC_001961,True,0.0,,0,0,0
Hum_XLOC_001962,False,,,0,0,0
Hum_XLOC_001963,False,,,0,0,0
Hum_XLOC_001964,False,,,0,0,0
Hum_XLOC_001965,False,,,0,0,0
Hum_XLOC_001966,False,,,0,0,0
Hum_XLOC_001967,False,,,0,0,0
Hum_XLOC_001968,False,,,0,0,0
Hum_XLOC_001969,True,0.0,,0,0,0
Hum_XLOC_001970,False,,,0,0,0
Hum_XLOC_001971,False,,,0,0,0
Hum_XLOC_001977,False,,,0,0,0
Hum_XLOC_001979,False,,,0,0,0
Hum_XLOC_001980,False,,,0,0,0
Hum_XLOC_001981,False,,,0,0,0
Hum_XLOC_001984,False,,,0,0,0
Hum_XLOC_001985,False,,,0,0,0
Hum_XLOC_001986,False,,,0,0,0
Hum_XLOC_001987,False,,,0,0,0
Hum_XLOC_001988,False,,,0,0,0
Hum_XLOC_001989,False,,,0,0,0
Hum_XLOC_001990,False,,,0,0,0
Hum_XLOC_001991,False,,,0,0,0
Hum_XLOC_001992,False,,,0,0,0
Hum_XLOC_001993,False,,,0,0,0
Hum_XLOC_001994,False,,,0,0,0
Hum_XLOC_002001,False,,,0,0,0
Hum_XLOC_002005,False,,,0,0,0
Hum_XLOC_002009,False,,,0,0,0
Hum_XLOC_002010,False,,,0,0,0
Hum_XLOC_002012,False,,,0,0,0
Hum_XLOC_002013,False,,,0,0,0
Hum_XLOC_002014,False,,,0,0,0
Hum_XLOC_002015,False,,,0,0,0
Hum_XLOC_002016,False,,,0,0,0
Hum_XLOC_002017,False,,,0,0,0
Hum_XLOC_002018,False,,,0,0,0
Hum_XLOC_002019,False,,,0,0,0
Hum_XLOC_002020,False,,,0,0,0
Hum_XLOC_002022,False,,,0,0,0
Hum_XLOC_002023,False,,,0,0,0
Hum_XLOC_002024,True,0.0,,0,0,0
Hum_XLOC_002025,False,,,0,0,0
Hum_XLOC_002026,False,,,0,0,0
Hum_XLOC_002027,False,,,0,0,0
Hum_XLOC_002028,True,0.0,,0,0,0
Hum_XLOC_002033,True,0.0,,0,0,0
Hum_XLOC_002036,True,0.0,,0,0,0
Hum_XLOC_002037,True,0.0,,0,0,0
Hum_XLOC_002038,False,,,0,0,0
Hum_XLOC_002039,False,,,0,0,0
Hum_XLOC_002040,False,,,0,0,0
Hum_XLOC_002041,True,0.0,,0,0,0
Hum_XLOC_002050,False,,,0,0,0
Hum_XLOC_002054,False,,,0,0,0
Hum_XLOC_002058,False,,,0,0,0
Hum_XLOC_002059,True,0.0,,0,0,0
Hum_XLOC_002061,True,0.0,,0,0,0
Hum_XLOC_002062,False,,,0,0,0
Hum_XLOC_002066,False,,,0,0,0
Hum_XLOC_002068,True,0.0,,0,0,0
Hum_XLOC_002069,False,,,0,0,0
Hum_XLOC_002074,False,,,0,0,0
Hum_XLOC_002077,False,,,0,0,0
Hum_XLOC_002078,False,,,0,0,0
Hum_XLOC_002079,False,,,0,0,0
Hum_XLOC_002081,True,0.0,,0,0,0
Hum_XLOC_002082,False,,,0,0,0
Hum_XLOC_002083,False,,,0,0,0
Hum_XLOC_002084,False,,,0,0,0
Hum_XLOC_002085,False,,,0,0,0
Hum_XLOC_002086,False,,,0,0,0
Hum_XLOC_002089,False,,,0,0,0
Hum_XLOC_002090,False,,,0,0,0
Hum_XLOC_002091,False,,,0,0,0
Hum_XLOC_002092,False,,,0,0,0
Hum_XLOC_002093,True,0.0,,0,0,0
Hum_XLOC_002094,False,,,0,0,0
Hum_XLOC_002097,False,,,0,0,0
Hum_XLOC_002099,True,0.0,,0,0,0
Hum_XLOC_002100,False,,,0,0,0
Hum_XLOC_002101,False,,,0,0,0
Hum_XLOC_002102,False,,,0,0,0
Hum_XLOC_002105,False,,,0,0,0
Hum_XLOC_002106,False,,,0,0,0
Hum_XLOC_002107,False,,,0,0,0
Hum_XLOC_002109,False,,,0,0,0
Hum_XLOC_002110,False,,,0,0,0
Hum_XLOC_002111,False,,,0,0,0
Hum_XLOC_002112,False,,,0,0,0
Hum_XLOC_002119,False,,,0,0,0
Hum_XLOC_002124,False,,,0,0,0
Hum_XLOC_002127,False,,,0,0,0
Hum_XLOC_002134,False,,,0,0,0
Hum_XLOC_002135,False,,,0,0,0
Hum_XLOC_002136,False,,,0,0,0
Hum_XLOC_002142,False,,,0,0,0
Hum_XLOC_002143,False,,,0,0,0
Hum_XLOC_002144,True,0.0,,0,0,0
Hum_XLOC_002145,False,,,0,0,0
Hum_XLOC_002146,False,,,0,0,0
Hum_XLOC_002147,False,,,0,0,0
Hum_XLOC_002148,False,,,0,0,0
Hum_XLOC_002150,True,0.0,,0,0,0
Hum_XLOC_002151,False,,,0,0,0
Hum_XLOC_002152,True,0.0,,0,0,0
Hum_XLOC_002153,False,,,0,0,0
Hum_XLOC_002154,True,0.0,,0,0,0
Hum_XLOC_002155,False,,,0,0,0
Hum_XLOC_002164,False,,,0,0,0
Hum_XLOC_002168,False,,,0,0,0
Hum_XLOC_002169,True,0.0,,0,0,0
Hum_XLOC_002170,True,0.0,,0,0,0
Hum_XLOC_002173,False,,,0,0,0
Hum_XLOC_002175,False,,,0,0,0
Hum_XLOC_002176,True,0.0,,0,0,0
Hum_XLOC_002178,True,0.0,,0,0,0
Hum_XLOC_002179,False,,,0,0,0
Hum_XLOC_002181,False,,,0,0,0
Hum_XLOC_002185,False,,,0,0,0
Hum_XLOC_002186,True,0.0,,0,0,0
Hum_XLOC_002187,False,,,0,0,0
Hum_XLOC_002188,False,,,0,0,0
Hum_XLOC_002189,False,,,0,0,0
Hum_XLOC_002190,False,,,0,0,0
Hum_XLOC_002194,False,,,0,0,0
Hum_XLOC_002195,False,,,0,0,0
Hum_XLOC_002196,False,,,0,0,0
Hum_XLOC_002197,False,,,0,0,0
Hum_XLOC_002198,False,,,0,0,0
Hum_XLOC_002200,False,,,0,0,0
Hum_XLOC_002201,False,,,0,0,0
Hum_XLOC_002203,False,,,0,0,0
Hum_XLOC_002204,True,0.0,,0,0,0
Hum_XLOC_002205,True,0.0,,0,0,0
Hum_XLOC_002206,False,,,0,0,0
Hum_XLOC_002207,False,,,0,0,0
Hum_XLOC_002208,False,,,0,0,0
Hum_XLOC_002209,False,,,0,0,0
Hum_XLOC_002211,False,,,0,0,0
Hum_XLOC_002212,False,,,0,0,0
Hum_XLOC_002213,False,,,0,0,0
Hum_XLOC_002214,False,,,0,0,0
Hum_XLOC_002215,False,,,0,0,0
Hum_XLOC_002219,True,0.0,,0,0,0
Hum_XLOC_002221,False,,,0,0,0
Hum_XLOC_002222,False,,,0,0,0
Hum_XLOC_002223,False,,,0,0,0
Hum_XLOC_002225,False,,,0,0,0
Hum_XLOC_002226,False,,,0,0,0
Hum_XLOC_002227,False,,,0,0,0
Hum_XLOC_002228,False,,,0,0,0
Hum_XLOC_002229,False,,,0,0,0
Hum_XLOC_002230,False,,,0,0,0
Hum_XLOC_002236,False,,,0,0,0
Hum_XLOC_002237,False,,,0,0,0
Hum_XLOC_002238,False,,,0,0,0
Hum_XLOC_002239,False,,,0,0,0
Hum_XLOC_002240,False,,,0,0,0
Hum_XLOC_002241,False,,,0,0,0
Hum_XLOC_002242,False,,,0,0,0
Hum_XLOC_002243,False,,,0,0,0
Hum_XLOC_002244,True,0.0,,0,0,0
Hum_XLOC_002245,False,,,0,0,0
Hum_XLOC_002246,False,,,0,0,0
Hum_XLOC_002247,False,,,0,0,0
Hum_XLOC_002248,False,,,0,0,0
Hum_XLOC_002249,False,,,0,0,0
Hum_XLOC_002250,False,,,0,0,0
Hum_XLOC_002251,False,,,0,0,0
Hum_XLOC_002252,True,0.0,,0,0,0
Hum_XLOC_002256,False,,,0,0,0
Hum_XLOC_002257,False,,,0,0,0
Hum_XLOC_002258,False,,,0,0,0
Hum_XLOC_002261,True,0.0,,0,0,0
Hum_XLOC_002262,True,0.0,,0,0,0
Hum_XLOC_002265,True,0.0,,0,0,0
Hum_XLOC_002266,False,,,0,0,0
Hum_XLOC_002267,False,,,0,0,0
Hum_XLOC_002268,False,,,0,0,0
Hum_XLOC_002271,True,0.0,,0,0,0
Hum_XLOC_002273,False,,,0,0,0
Hum_XLOC_002274,False,,,0,0,0
Hum_XLOC_002277,False,,,0,0,0
Hum_XLOC_002278,False,,,0,0,0
Hum_XLOC_002280,True,0.0,,0,0,0
Hum_XLOC_002281,False,,,0,0,0
Hum_XLOC_002282,True,0.0,,0,0,0
Hum_XLOC_002283,True,0.0,,0,0,0
Hum_XLOC_002284,True,0.0,,0,0,0
Hum_XLOC_002285,False,,,0,0,0
Hum_XLOC_002287,False,,,0,0,0
Hum_XLOC_002288,False,,,0,0,0
Hum_XLOC_002290,False,,,0,0,0
Hum_XLOC_002292,False,,,0,0,0
Hum_XLOC_002294,True,0.0,,0,0,0
Hum_XLOC_002295,False,,,0,0,0
Hum_XLOC_002296,True,0.0,,0,0,0
Hum_XLOC_002299,True,0.0,,0,0,0
Hum_XLOC_002301,True,0.0,,0,0,0
Hum_XLOC_002302,False,,,0,0,0
Hum_XLOC_002303,False,,,0,0,0
Hum_XLOC_002306,True,0.0,,0,0,0
Hum_XLOC_002311,True,0.0,,0,0,0
Hum_XLOC_002313,True,0.0,,0,0,0
Hum_XLOC_002314,True,0.0,,0,0,0
Hum_XLOC_002315,False,,,0,0,0
Hum_XLOC_002319,False,,,0,0,0
Hum_XLOC_002320,False,,,0,0,0
Hum_XLOC_002321,False,,,0,0,0
Hum_XLOC_002323,False,,,0,0,0
Hum_XLOC_002324,False,,,0,0,0
Hum_XLOC_002325,False,,,0,0,0
Hum_XLOC_002326,False,,,0,0,0
Hum_XLOC_002327,True,0.0,,0,0,0
Hum_XLOC_002328,False,,,0,0,0
Hum_XLOC_002330,True,0.0,,0,0,0
Hum_XLOC_002332,False,,,0,0,0
Hum_XLOC_002333,False,,,0,0,0
Hum_XLOC_002334,False,,,0,0,0
Hum_XLOC_002337,False,,,0,0,0
Hum_XLOC_002338,True,0.0,,0,0,0
Hum_XLOC_002339,False,,,0,0,0
Hum_XLOC_002342,False,,,0,0,0
Hum_XLOC_002344,True,0.0,,0,0,0
Hum_XLOC_002345,False,,,0,0,0
Hum_XLOC_002347,True,0.0,,0,0,0
Hum_XLOC_002348,True,0.0,,0,0,0
Hum_XLOC_002349,False,,,0,0,0
Hum_XLOC_002354,False,,,0,0,0
Hum_XLOC_002355,False,,,0,0,0
Hum_XLOC_002356,False,,,0,0,0
Hum_XLOC_002357,False,,,0,0,0
Hum_XLOC_002358,False,,,0,0,0
Hum_XLOC_002359,False,,,0,0,0
Hum_XLOC_002360,False,,,0,0,0
Hum_XLOC_002361,False,,,0,0,0
Hum_XLOC_002362,True,0.0,,0,0,0
Hum_XLOC_002364,True,0.0,,0,0,0
Hum_XLOC_002365,False,,,0,0,0
Hum_XLOC_002366,False,,,0,0,0
Hum_XLOC_002367,False,,,0,0,0
Hum_XLOC_002369,False,,,0,0,0
Hum_XLOC_002371,False,,,0,0,0
Hum_XLOC_002372,False,,,0,0,0
Hum_XLOC_002373,False,,,0,0,0
Hum_XLOC_002375,False,,,0,0,0
Hum_XLOC_002382,False,,,0,0,0
Hum_XLOC_002383,True,0.0,,0,0,0
Hum_XLOC_002384,False,,,0,0,0
Hum_XLOC_002385,False,,,0,0,0
Hum_XLOC_002386,True,0.0,,0,0,0
Hum_XLOC_002387,False,,,0,0,0
Hum_XLOC_002388,False,,,0,0,0
Hum_XLOC_002389,False,,,0,0,0
Hum_XLOC_002390,True,0.0,,0,0,0
Hum_XLOC_002391,False,,,0,0,0
Hum_XLOC_002394,True,0.0,,0,0,0
Hum_XLOC_002395,False,,,0,0,0
Hum_XLOC_002396,False,,,0,0,0
Hum_XLOC_002397,False,,,0,0,0
Hum_XLOC_002398,True,0.0,,0,0,0
Hum_XLOC_002399,True,0.0,,0,0,0
Hum_XLOC_002401,False,,,0,0,0
Hum_XLOC_002402,False,,,0,0,0
Hum_XLOC_002408,True,0.0,,0,0,0
Hum_XLOC_002409,False,,,0,0,0
Hum_XLOC_002411,False,,,0,0,0
Hum_XLOC_002412,False,,,0,0,0
Hum_XLOC_002413,False,,,0,0,0
Hum_XLOC_002414,True,0.0,,0,0,0
Hum_XLOC_002415,False,,,0,0,0
Hum_XLOC_002416,False,,,0,0,0
Hum_XLOC_002417,False,,,0,0,0
Hum_XLOC_002418,True,0.0,,0,0,0
Hum_XLOC_002419,False,,,0,0,0
Hum_XLOC_002420,False,,,0,0,0
Hum_XLOC_002421,False,,,0,0,0
Hum_XLOC_002422,False,,,0,0,0
Hum_XLOC_002423,False,,,0,0,0
Hum_XLOC_002424,False,,,0,0,0
Hum_XLOC_002425,False,,,0,0,0
Hum_XLOC_002426,False,,,0,0,0
Hum_XLOC_002427,False,,,0,0,0
Hum_XLOC_002428,False,,,0,0,0
Hum_XLOC_002429,False,,,0,0,0
Hum_XLOC_002431,False,,,0,0,0
Hum_XLOC_002433,False,,,0,0,0
Hum_XLOC_002434,False,,,0,0,0
Hum_XLOC_002435,True,0.0,,0,0,0
Hum_XLOC_002436,False,,,0,0,0
Hum_XLOC_002437,False,,,0,0,0
Hum_XLOC_002438,False,,,0,0,0
Hum_XLOC_002439,False,,,0,0,0
Hum_XLOC_002440,True,0.0,,0,0,0
Hum_XLOC_002441,False,,,0,0,0
Hum_XLOC_002445,False,,,0,0,0
Hum_XLOC_002447,False,,,0,0,0
Hum_XLOC_002448,False,,,0,0,0
Hum_XLOC_002449,False,,,0,0,0
Hum_XLOC_002450,False,,,0,0,0
Hum_XLOC_002451,False,,,0,0,0
Hum_XLOC_002452,False,,,0,0,0
Hum_XLOC_002454,False,,,0,0,0
Hum_XLOC_002455,False,,,0,0,0
Hum_XLOC_002456,False,,,0,0,0
Hum_XLOC_002459,False,,,0,0,0
Hum_XLOC_002460,False,,,0,0,0
Hum_XLOC_002462,False,,,0,0,0
Hum_XLOC_002463,False,,,0,0,0
Hum_XLOC_002464,False,,,0,0,0
Hum_XLOC_002470,False,,,0,0,0
Hum_XLOC_002471,False,,,0,0,0
Hum_XLOC_002475,False,,,0,0,0
Hum_XLOC_002476,False,,,0,0,0
Hum_XLOC_002477,False,,,0,0,0
Hum_XLOC_002478,False,,,0,0,0
Hum_XLOC_002480,False,,,0,0,0
Hum_XLOC_002482,False,,,0,0,0
Hum_XLOC_002485,False,,,0,0,0
Hum_XLOC_002486,False,,,0,0,0
Hum_XLOC_002487,False,,,0,0,0
Hum_XLOC_002488,False,,,0,0,0
Hum_XLOC_002489,True,0.0,,0,0,0
Hum_XLOC_002490,True,0.0,,0,0,0
Hum_XLOC_002491,False,,,0,0,0
Hum_XLOC_002492,False,,,0,0,0
Hum_XLOC_002493,True,0.0,,0,0,0
Hum_XLOC_002494,False,,,0,0,0
Hum_XLOC_002498,False,,,0,0,0
Hum_XLOC_002499,False,,,0,0,0
Hum_XLOC_002506,False,,,0,0,0
Hum_XLOC_002509,False,,,0,0,0
Hum_XLOC_002514,False,,,0,0,0
Hum_XLOC_002517,False,,,0,0,0
Hum_XLOC_002518,False,,,0,0,0
Hum_XLOC_002519,False,,,0,0,0
Hum_XLOC_002520,True,0.0,,0,0,0
Hum_XLOC_002524,True,0.0,,0,0,0
Hum_XLOC_002525,False,,,0,0,0
Hum_XLOC_002528,False,,,0,0,0
Hum_XLOC_002529,False,,,0,0,0
Hum_XLOC_002530,False,,,0,0,0
Hum_XLOC_002534,False,,,0,0,0
Hum_XLOC_002537,False,,,0,0,0
Hum_XLOC_002543,False,,,0,0,0
Hum_XLOC_002546,True,0.0,,0,0,0
Hum_XLOC_002547,False,,,0,0,0
Hum_XLOC_002548,False,,,0,0,0
Hum_XLOC_002549,False,,,0,0,0
Hum_XLOC_002550,False,,,0,0,0
Hum_XLOC_002552,False,,,0,0,0
Hum_XLOC_002560,True,0.0,,0,0,0
Hum_XLOC_002561,False,,,0,0,0
Hum_XLOC_002562,False,,,0,0,0
Hum_XLOC_002563,False,,,0,0,0
Hum_XLOC_002564,False,,,0,0,0
Hum_XLOC_002570,True,0.0,,0,0,0
Hum_XLOC_002574,False,,,0,0,0
Hum_XLOC_002575,False,,,0,0,0
Hum_XLOC_002576,False,,,0,0,0
Hum_XLOC_002577,True,0.0,,0,0,0
Hum_XLOC_002578,False,,,0,0,0
Hum_XLOC_002579,True,0.0,,0,0,0
Hum_XLOC_002580,False,,,0,0,0
Hum_XLOC_002581,False,,,0,0,0
Hum_XLOC_002586,True,0.0,,0,0,0
Hum_XLOC_002589,True,0.0,,0,0,0
Hum_XLOC_002591,False,,,0,0,0
Hum_XLOC_002592,False,,,0,0,0
Hum_XLOC_002593,False,,,0,0,0
Hum_XLOC_002594,False,,,0,0,0
Hum_XLOC_002595,False,,,0,0,0
Hum_XLOC_002597,False,,,0,0,0
Hum_XLOC_002598,False,,,0,0,0
Hum_XLOC_002599,False,,,0,0,0
Hum_XLOC_002600,False,,,0,0,0
Hum_XLOC_002601,False,,,0,0,0
Hum_XLOC_002602,False,,,0,0,0
Hum_XLOC_002603,False,,,0,0,0
Hum_XLOC_002604,False,,,0,0,0
Hum_XLOC_002605,False,,,0,0,0
Hum_XLOC_002606,False,,,0,0,0
Hum_XLOC_002607,False,,,0,0,0
Hum_XLOC_002608,False,,,0,0,0
Hum_XLOC_002609,False,,,0,0,0
Hum_XLOC_002610,False,,,0,0,0
Hum_XLOC_002611,False,,,0,0,0
Hum_XLOC_002623,False,,,0,0,0
Hum_XLOC_002626,False,,,0,0,0
Hum_XLOC_002627,False,,,0,0,0
Hum_XLOC_002628,False,,,0,0,0
Hum_XLOC_002629,True,0.0,,0,0,0
Hum_XLOC_002630,False,,,0,0,0
Hum_XLOC_002631,True,0.0,,0,0,0
Hum_XLOC_002632,False,,,0,0,0
Hum_XLOC_002635,True,0.0,,0,0,0
Hum_XLOC_002637,False,,,0,0,0
Hum_XLOC_002643,False,,,0,0,0
Hum_XLOC_002644,True,0.0,,0,0,0
Hum_XLOC_002645,False,,,0,0,0
Hum_XLOC_002646,True,0.0,,0,0,0
Hum_XLOC_002649,False,,,0,0,0
Hum_XLOC_002650,False,,,0,0,0
Hum_XLOC_002651,False,,,0,0,0
Hum_XLOC_002652,False,,,0,0,0
Hum_XLOC_002653,True,0.0,,0,0,0
Hum_XLOC_002654,False,,,0,0,0
Hum_XLOC_002656,False,,,0,0,0
Hum_XLOC_002658,False,,,0,0,0
Hum_XLOC_002660,False,,,0,0,0
Hum_XLOC_002661,False,,,0,0,0
Hum_XLOC_002662,False,,,0,0,0
Hum_XLOC_002664,False,,,0,0,0
Hum_XLOC_002666,False,,,0,0,0
Hum_XLOC_002672,False,,,0,0,0
Hum_XLOC_002673,False,,,0,0,0
Hum_XLOC_002674,False,,,0,0,0
Hum_XLOC_002675,False,,,0,0,0
Hum_XLOC_002676,False,,,0,0,0
Hum_XLOC_002677,False,,,0,0,0
Hum_XLOC_002679,False,,,0,0,0
Hum_XLOC_002681,True,0.0,,0,0,0
Hum_XLOC_002682,False,,,0,0,0
Hum_XLOC_002687,False,,,0,0,0
Hum_XLOC_002688,False,,,0,0,0
Hum_XLOC_002689,False,,,0,0,0
Hum_XLOC_002691,False,,,0,0,0
Hum_XLOC_002692,False,,,0,0,0
Hum_XLOC_002693,False,,,0,0,0
Hum_XLOC_002694,False,,,0,0,0
Hum_XLOC_002695,True,0.0,,0,0,0
Hum_XLOC_002696,False,,,0,0,0
Hum_XLOC_002698,False,,,0,0,0
Hum_XLOC_002699,False,,,0,0,0
Hum_XLOC_002700,False,,,0,0,0
Hum_XLOC_002701,False,,,0,0,0
Hum_XLOC_002702,True,0.0,,0,0,0
Hum_XLOC_002703,False,,,0,0,0
Hum_XLOC_002704,False,,,0,0,0
Hum_XLOC_002705,True,0.0,,0,0,0
Hum_XLOC_002706,False,,,0,0,0
Hum_XLOC_002707,False,,,0,0,0
Hum_XLOC_002708,False,,,0,0,0
Hum_XLOC_002709,False,,,0,0,0
Hum_XLOC_002710,False,,,0,0,0
Hum_XLOC_002711,True,0.0,,0,0,0
Hum_XLOC_002712,False,,,0,0,0
Hum_XLOC_002713,False,,,0,0,0
Hum_XLOC_002714,True,0.0,,0,0,0
Hum_XLOC_002715,False,,,0,0,0
Hum_XLOC_002716,False,,,0,0,0
Hum_XLOC_002717,True,0.0,,0,0,0
Hum_XLOC_002718,False,,,0,0,0
Hum_XLOC_002719,False,,,0,0,0
Hum_XLOC_002723,False,,,0,0,0
Hum_XLOC_002724,False,,,0,0,0
Hum_XLOC_002725,True,0.0,,0,0,0
Hum_XLOC_002726,False,,,0,0,0
Hum_XLOC_002734,False,,,0,0,0
Hum_XLOC_002735,False,,,0,0,0
Hum_XLOC_002736,False,,,0,0,0
Hum_XLOC_002741,True,0.0,,0,0,0
Hum_XLOC_002742,True,0.0,,0,0,0
Hum_XLOC_002744,True,0.0,,0,0,0
Hum_XLOC_002745,False,,,0,0,0
Hum_XLOC_002746,False,,,0,0,0
Hum_XLOC_002747,False,,,0,0,0
Hum_XLOC_002748,False,,,0,0,0
Hum_XLOC_002753,False,,,0,0,0
Hum_XLOC_002758,False,,,0,0,0
Hum_XLOC_002760,True,0.0,,0,0,0
Hum_XLOC_002761,False,,,0,0,0
Hum_XLOC_002766,False,,,0,0,0
Hum_XLOC_002767,False,,,0,0,0
Hum_XLOC_002769,False,,,0,0,0
Hum_XLOC_002770,False,,,0,0,0
Hum_XLOC_002771,False,,,0,0,0
Hum_XLOC_002772,False,,,0,0,0
Hum_XLOC_002773,False,,,0,0,0
Hum_XLOC_002774,False,,,0,0,0
Hum_XLOC_002775,False,,,0,0,0
Hum_XLOC_002776,False,,,0,0,0
Hum_XLOC_002781,False,,,0,0,0
Hum_XLOC_002784,False,,,0,0,0
Hum_XLOC_002786,False,,,0,0,0
Hum_XLOC_002787,False,,,0,0,0
Hum_XLOC_002788,True,0.0,,0,0,0
Hum_XLOC_002789,False,,,0,0,0
Hum_XLOC_002790,False,,,0,0,0
Hum_XLOC_002792,True,0.0,,0,0,0
Hum_XLOC_002794,False,,,0,0,0
Hum_XLOC_002796,True,0.0,,0,0,0
Hum_XLOC_002797,False,,,0,0,0
Hum_XLOC_002798,False,,,0,0,0
Hum_XLOC_002799,False,,,0,0,0
Hum_XLOC_002800,False,,,0,0,0
Hum_XLOC_002801,False,,,0,0,0
Hum_XLOC_002802,False,,,0,0,0
Hum_XLOC_002805,False,,,0,0,0
Hum_XLOC_002806,False,,,0,0,0
Hum_XLOC_002807,False,,,0,0,0
Hum_XLOC_002814,False,,,0,0,0
Hum_XLOC_002816,False,,,0,0,0
Hum_XLOC_002817,True,0.0,,0,0,0
Hum_XLOC_002818,False,,,0,0,0
Hum_XLOC_002822,False,,,0,0,0
Hum_XLOC_002823,False,,,0,0,0
Hum_XLOC_002824,False,,,0,0,0
Hum_XLOC_002827,False,,,0,0,0
Hum_XLOC_002828,False,,,0,0,0
Hum_XLOC_002829,False,,,0,0,0
Hum_XLOC_002832,False,,,0,0,0
Hum_XLOC_002836,True,0.0,,0,0,0
Hum_XLOC_002842,False,,,0,0,0
Hum_XLOC_002843,False,,,0,0,0
Hum_XLOC_002844,True,0.0,,0,0,0
Hum_XLOC_002845,True,0.0,,0,0,0
Hum_XLOC_002854,False,,,0,0,0
Hum_XLOC_002855,False,,,0,0,0
Hum_XLOC_002856,False,,,0,0,0
Hum_XLOC_002858,False,,,0,0,0
Hum_XLOC_002859,True,0.0,,0,0,0
Hum_XLOC_002860,False,,,0,0,0
Hum_XLOC_002862,False,,,0,0,0
Hum_XLOC_002863,False,,,0,0,0
Hum_XLOC_002869,False,,,0,0,0
Hum_XLOC_002871,False,,,0,0,0
Hum_XLOC_002872,False,,,0,0,0
Hum_XLOC_002873,False,,,0,0,0
Hum_XLOC_002874,False,,,0,0,0
Hum_XLOC_002875,False,,,0,0,0
Hum_XLOC_002876,False,,,0,0,0
Hum_XLOC_002878,False,,,0,0,0
Hum_XLOC_002884,False,,,0,0,0
Hum_XLOC_002885,False,,,0,0,0
Hum_XLOC_002886,False,,,0,0,0
Hum_XLOC_002888,False,,,0,0,0
Hum_XLOC_002889,True,0.0,,0,0,0
Hum_XLOC_002892,False,,,0,0,0
Hum_XLOC_002895,False,,,0,0,0
Hum_XLOC_002896,False,,,0,0,0
Hum_XLOC_002897,False,,,0,0,0
Hum_XLOC_002901,False,,,0,0,0
Hum_XLOC_002902,False,,,0,0,0
Hum_XLOC_002903,False,,,0,0,0
Hum_XLOC_002905,False,,,0,0,0
Hum_XLOC_002906,False,,,0,0,0
Hum_XLOC_002909,False,,,0,0,0
Hum_XLOC_002910,False,,,0,0,0
Hum_XLOC_002911,True,0.0,,0,0,0
Hum_XLOC_002916,False,,,0,0,0
Hum_XLOC_002917,False,,,0,0,0
Hum_XLOC_002921,False,,,0,0,0
Hum_XLOC_002926,False,,,0,0,0
Hum_XLOC_002927,False,,,0,0,0
Hum_XLOC_002928,False,,,0,0,0
Hum_XLOC_002930,False,,,0,0,0
Hum_XLOC_002932,False,,,0,0,0
Hum_XLOC_002935,True,0.0,,0,0,0
Hum_XLOC_002936,False,,,0,0,0
Hum_XLOC_002937,True,0.0,,0,0,0
Hum_XLOC_002938,False,,,0,0,0
Hum_XLOC_002942,False,,,0,0,0
Hum_XLOC_002943,False,,,0,0,0
Hum_XLOC_002947,False,,,0,0,0
Hum_XLOC_002948,False,,,0,0,0
Hum_XLOC_002949,False,,,0,0,0
Hum_XLOC_002950,False,,,0,0,0
Hum_XLOC_002951,False,,,0,0,0
Hum_XLOC_002952,False,,,0,0,0
Hum_XLOC_002953,False,,,0,0,0
Hum_XLOC_002954,False,,,0,0,0
Hum_XLOC_002955,False,,,0,0,0
Hum_XLOC_002956,False,,,0,0,0
Hum_XLOC_002959,False,,,0,0,0
Hum_XLOC_002960,False,,,0,0,0
Hum_XLOC_002961,False,,,0,0,0
Hum_XLOC_002964,False,,,0,0,0
Hum_XLOC_002967,True,0.0,,0,0,0
Hum_XLOC_002969,False,,,0,0,0
Hum_XLOC_002970,False,,,0,0,0
Hum_XLOC_002971,False,,,0,0,0
Hum_XLOC_002973,False,,,0,0,0
Hum_XLOC_002974,False,,,0,0,0
Hum_XLOC_002979,False,,,0,0,0
Hum_XLOC_002981,False,,,0,0,0
Hum_XLOC_002982,False,,,0,0,0
Hum_XLOC_002983,True,0.0,,0,0,0
Hum_XLOC_002985,False,,,0,0,0
Hum_XLOC_002986,True,0.0,,0,0,0
Hum_XLOC_002987,False,,,0,0,0
Hum_XLOC_002989,False,,,0,0,0
Hum_XLOC_002990,True,0.0,,0,0,0
Hum_XLOC_002995,False,,,0,0,0
Hum_XLOC_003000,False,,,0,0,0
Hum_XLOC_003006,False,,,0,0,0
Hum_XLOC_003007,False,,,0,0,0
Hum_XLOC_003012,False,,,0,0,0
Hum_XLOC_003013,False,,,0,0,0
Hum_XLOC_003014,False,,,0,0,0
Hum_XLOC_003015,False,,,0,0,0
Hum_XLOC_003016,False,,,0,0,0
Hum_XLOC_003017,False,,,0,0,0
Hum_XLOC_003024,False,,,0,0,0
Hum_XLOC_003026,False,,,0,0,0
Hum_XLOC_003028,False,,,0,0,0
Hum_XLOC_003030,False,,,0,0,0
Hum_XLOC_003031,False,,,0,0,0
Hum_XLOC_003032,False,,,0,0,0
Hum_XLOC_003035,False,,,0,0,0
Hum_XLOC_003036,False,,,0,0,0
Hum_XLOC_003037,False,,,0,0,0
Hum_XLOC_003038,False,,,0,0,0
Hum_XLOC_003039,True,0.0,,0,0,0
Hum_XLOC_003040,False,,,0,0,0
Hum_XLOC_003041,False,,,0,0,0
Hum_XLOC_003045,False,,,0,0,0
Hum_XLOC_003047,False,,,0,0,0
Hum_XLOC_003054,False,,,0,0,0
Hum_XLOC_003055,False,,,0,0,0
Hum_XLOC_003056,False,,,0,0,0
Hum_XLOC_003058,False,,,0,0,0
Hum_XLOC_003059,False,,,0,0,0
Hum_XLOC_003060,False,,,0,0,0
Hum_XLOC_003061,True,0.0,,0,0,0
Hum_XLOC_003062,False,,,0,0,0
Hum_XLOC_003068,False,,,0,0,0
Hum_XLOC_003070,False,,,0,0,0
Hum_XLOC_003075,False,,,0,0,0
Hum_XLOC_003076,False,,,0,0,0
Hum_XLOC_003077,False,,,0,0,0
Hum_XLOC_003078,False,,,0,0,0
Hum_XLOC_003079,False,,,0,0,0
Hum_XLOC_003084,False,,,0,0,0
Hum_XLOC_003085,False,,,0,0,0
Hum_XLOC_003086,True,0.0,,0,0,0
Hum_XLOC_003092,False,,,0,0,0
Hum_XLOC_003093,False,,,0,0,0
Hum_XLOC_003096,False,,,0,0,0
Hum_XLOC_003097,False,,,0,0,0
Hum_XLOC_003099,True,0.0,,0,0,0
Hum_XLOC_003100,False,,,0,0,0
Hum_XLOC_003102,False,,,0,0,0
Hum_XLOC_003103,False,,,0,0,0
Hum_XLOC_003105,False,,,0,0,0
Hum_XLOC_003106,False,,,0,0,0
Hum_XLOC_003108,False,,,0,0,0
Hum_XLOC_003109,True,0.0,,0,0,0
Hum_XLOC_003110,False,,,0,0,0
Hum_XLOC_003111,False,,,0,0,0
Hum_XLOC_003112,False,,,0,0,0
Hum_XLOC_003113,False,,,0,0,0
Hum_XLOC_003114,False,,,0,0,0
Hum_XLOC_003117,False,,,0,0,0
Hum_XLOC_003118,False,,,0,0,0
Hum_XLOC_003119,False,,,0,0,0
Hum_XLOC_003125,False,,,0,0,0
Hum_XLOC_003127,False,,,0,0,0
Hum_XLOC_003128,True,0.0,,0,0,0
Hum_XLOC_003129,False,,,0,0,0
Hum_XLOC_003133,False,,,0,0,0
Hum_XLOC_003134,True,0.0,,0,0,0
Hum_XLOC_003136,False,,,0,0,0
Hum_XLOC_003137,True,0.0,,0,0,0
Hum_XLOC_003139,False,,,0,0,0
Hum_XLOC_003142,False,,,0,0,0
Hum_XLOC_003143,False,,,0,0,0
Hum_XLOC_003147,False,,,0,0,0
Hum_XLOC_003148,False,,,0,0,0
Hum_XLOC_003150,False,,,0,0,0
Hum_XLOC_003151,False,,,0,0,0
Hum_XLOC_003152,False,,,0,0,0
Hum_XLOC_003153,False,,,0,0,0
Hum_XLOC_003154,True,0.0,,0,0,0
Hum_XLOC_003155,True,0.0,,0,0,0
Hum_XLOC_003158,False,,,0,0,0
Hum_XLOC_003159,False,,,0,0,0
Hum_XLOC_003160,False,,,0,0,0
Hum_XLOC_003161,False,,,0,0,0
Hum_XLOC_003162,False,,,0,0,0
Hum_XLOC_003163,False,,,0,0,0
Hum_XLOC_003165,False,,,0,0,0
Hum_XLOC_003170,False,,,0,0,0
Hum_XLOC_003171,True,0.0,,0,0,0
Hum_XLOC_003184,False,,,0,0,0
Hum_XLOC_003189,False,,,0,0,0
Hum_XLOC_003190,False,,,0,0,0
Hum_XLOC_003196,False,,,0,0,0
Hum_XLOC_003197,False,,,0,0,0
Hum_XLOC_003198,False,,,0,0,0
Hum_XLOC_003199,False,,,0,0,0
Hum_XLOC_003208,False,,,0,0,0
Hum_XLOC_003209,True,0.0,,0,0,0
Hum_XLOC_003211,False,,,0,0,0
Hum_XLOC_003214,False,,,0,0,0
Hum_XLOC_003215,True,0.0,,0,0,0
Hum_XLOC_003216,False,,,0,0,0
Hum_XLOC_003219,False,,,0,0,0
Hum_XLOC_003221,True,0.0,,0,0,0
Hum_XLOC_003223,False,,,0,0,0
Hum_XLOC_003228,False,,,0,0,0
Hum_XLOC_003229,False,,,0,0,0
Hum_XLOC_003230,False,,,0,0,0
Hum_XLOC_003231,False,,,0,0,0
Hum_XLOC_003232,True,0.0,,0,0,0
Hum_XLOC_003233,False,,,0,0,0
Hum_XLOC_003234,False,,,0,0,0
Hum_XLOC_003237,False,,,0,0,0
Hum_XLOC_003241,False,,,0,0,0
Hum_XLOC_003242,False,,,0,0,0
Hum_XLOC_003243,False,,,0,0,0
Hum_XLOC_003251,False,,,0,0,0
Hum_XLOC_003252,False,,,0,0,0
Hum_XLOC_003253,False,,,0,0,0
Hum_XLOC_003255,False,,,0,0,0
Hum_XLOC_003257,False,,,0,0,0
Hum_XLOC_003266,False,,,0,0,0
Hum_XLOC_003267,False,,,0,0,0
Hum_XLOC_003268,True,0.0,,0,0,0
Hum_XLOC_003269,True,0.0,,0,0,0
Hum_XLOC_003270,False,,,0,0,0
Hum_XLOC_003281,False,,,0,0,0
Hum_XLOC_003283,False,,,0,0,0
Hum_XLOC_003286,True,0.0,,0,0,0
Hum_XLOC_003288,False,,,0,0,0
Hum_XLOC_003290,True,0.0,,0,0,0
Hum_XLOC_003291,False,,,0,0,0
Hum_XLOC_003292,False,,,0,0,0
Hum_XLOC_003293,False,,,0,0,0
Hum_XLOC_003294,True,0.0,,0,0,0
Hum_XLOC_003295,False,,,0,0,0
Hum_XLOC_003296,False,,,0,0,0
Hum_XLOC_003297,False,,,0,0,0
Hum_XLOC_003298,False,,,0,0,0
Hum_XLOC_003299,False,,,0,0,0
Hum_XLOC_003300,False,,,0,0,0
Hum_XLOC_003301,False,,,0,0,0
Hum_XLOC_003302,False,,,0,0,0
Hum_XLOC_003303,False,,,0,0,0
Hum_XLOC_003304,False,,,0,0,0
Hum_XLOC_003318,False,,,0,0,0
Hum_XLOC_003319,False,,,0,0,0
Hum_XLOC_003321,True,0.0,,0,0,0
Hum_XLOC_003322,False,,,0,0,0
Hum_XLOC_003324,True,0.0,,0,0,0
Hum_XLOC_003325,False,,,0,0,0
Hum_XLOC_003326,False,,,0,0,0
Hum_XLOC_003327,False,,,0,0,0
Hum_XLOC_003328,False,,,0,0,0
Hum_XLOC_003330,False,,,0,0,0
Hum_XLOC_003332,False,,,0,0,0
Hum_XLOC_003333,False,,,0,0,0
Hum_XLOC_003334,True,0.0,,0,0,0
Hum_XLOC_003335,False,,,0,0,0
Hum_XLOC_003336,False,,,0,0,0
Hum_XLOC_003337,True,0.0,,0,0,0
Hum_XLOC_003338,True,0.0,,0,0,0
Hum_XLOC_003339,False,,,0,0,0
Hum_XLOC_003340,False,,,0,0,0
Hum_XLOC_003342,False,,,0,0,0
Hum_XLOC_003343,False,,,0,0,0
Hum_XLOC_003346,False,,,0,0,0
Hum_XLOC_003347,False,,,0,0,0
Hum_XLOC_003348,False,,,0,0,0
Hum_XLOC_003349,False,,,0,0,0
Hum_XLOC_003350,False,,,0,0,0
Hum_XLOC_003351,False,,,0,0,0
Hum_XLOC_003352,True,0.0,,0,0,0
Hum_XLOC_003353,False,,,0,0,0
Hum_XLOC_003356,False,,,0,0,0
Hum_XLOC_003357,True,0.0,,0,0,0
Hum_XLOC_003358,False,,,0,0,0
Hum_XLOC_003360,False,,,0,0,0
Hum_XLOC_003361,True,0.0,,0,0,0
Hum_XLOC_003362,False,,,0,0,0
Hum_XLOC_003363,False,,,0,0,0
Hum_XLOC_003364,False,,,0,0,0
Hum_XLOC_003365,False,,,0,0,0
Hum_XLOC_003367,False,,,0,0,0
Hum_XLOC_003370,False,,,0,0,0
Hum_XLOC_003371,True,0.0,,0,0,0
Hum_XLOC_003376,False,,,0,0,0
Hum_XLOC_003378,False,,,0,0,0
Hum_XLOC_003379,False,,,0,0,0
Hum_XLOC_003381,True,0.0,,0,0,0
Hum_XLOC_003384,False,,,0,0,0
Hum_XLOC_003385,False,,,0,0,0
Hum_XLOC_003386,False,,,0,0,0
Hum_XLOC_003387,False,,,0,0,0
Hum_XLOC_003388,False,,,0,0,0
Hum_XLOC_003389,False,,,0,0,0
Hum_XLOC_003390,False,,,0,0,0
Hum_XLOC_003391,False,,,0,0,0
Hum_XLOC_003392,False,,,0,0,0
Hum_XLOC_003393,False,,,0,0,0
Hum_XLOC_003396,False,,,0,0,0
Hum_XLOC_003397,False,,,0,0,0
Hum_XLOC_003398,False,,,0,0,0
Hum_XLOC_003399,False,,,0,0,0
Hum_XLOC_003400,False,,,0,0,0
Hum_XLOC_003407,False,,,0,0,0
Hum_XLOC_003408,True,0.0,,0,0,0
Hum_XLOC_003409,False,,,0,0,0
Hum_XLOC_003410,False,,,0,0,0
Hum_XLOC_003411,False,,,0,0,0
Hum_XLOC_003412,False,,,0,0,0
Hum_XLOC_003414,False,,,0,0,0
Hum_XLOC_003417,False,,,0,0,0
Hum_XLOC_003418,False,,,0,0,0
Hum_XLOC_003419,False,,,0,0,0
Hum_XLOC_003421,False,,,0,0,0
Hum_XLOC_003422,False,,,0,0,0
Hum_XLOC_003424,False,,,0,0,0
Hum_XLOC_003425,False,,,0,0,0
Hum_XLOC_003426,False,,,0,0,0
Hum_XLOC_003427,False,,,0,0,0
Hum_XLOC_003428,False,,,0,0,0
Hum_XLOC_003430,False,,,0,0,0
Hum_XLOC_003433,False,,,0,0,0
Hum_XLOC_003435,False,,,0,0,0
Hum_XLOC_003436,True,0.0,,0,0,0
Hum_XLOC_003437,False,,,0,0,0
Hum_XLOC_003439,False,,,0,0,0
Hum_XLOC_003440,True,0.0,,0,0,0
Hum_XLOC_003441,False,,,0,0,0
Hum_XLOC_003442,False,,,0,0,0
Hum_XLOC_003443,False,,,0,0,0
Hum_XLOC_003444,False,,,0,0,0
Hum_XLOC_003445,False,,,0,0,0
Hum_XLOC_003446,False,,,0,0,0
Hum_XLOC_003448,False,,,0,0,0
Hum_XLOC_003449,False,,,0,0,0
Hum_XLOC_003450,True,0.0,,0,0,0
Hum_XLOC_003451,False,,,0,0,0
Hum_XLOC_003452,False,,,0,0,0
Hum_XLOC_003453,False,,,0,0,0
Hum_XLOC_003454,False,,,0,0,0
Hum_XLOC_003455,False,,,0,0,0
Hum_XLOC_003456,False,,,0,0,0
Hum_XLOC_003457,False,,,0,0,0
Hum_XLOC_003458,False,,,0,0,0
Hum_XLOC_003459,False,,,0,0,0
Hum_XLOC_003460,False,,,0,0,0
Hum_XLOC_003461,False,,,0,0,0
Hum_XLOC_003462,False,,,0,0,0
Hum_XLOC_003463,False,,,0,0,0
Hum_XLOC_003464,False,,,0,0,0
Hum_XLOC_003465,False,,,0,0,0
Hum_XLOC_003466,True,0.0,,0,0,0
Hum_XLOC_003469,False,,,0,0,0
Hum_XLOC_003470,False,,,0,0,0
Hum_XLOC_003472,False,,,0,0,0
Hum_XLOC_003477,False,,,0,0,0
Hum_XLOC_003488,True,0.0,,0,0,0
Hum_XLOC_003490,False,,,0,0,0
Hum_XLOC_003491,True,0.0,,0,0,0
Hum_XLOC_003492,False,,,0,0,0
Hum_XLOC_003493,False,,,0,0,0
Hum_XLOC_003494,False,,,0,0,0
Hum_XLOC_003495,False,,,0,0,0
Hum_XLOC_003497,True,0.0,,0,0,0
Hum_XLOC_003498,True,0.0,,0,0,0
Hum_XLOC_003499,False,,,0,0,0
Hum_XLOC_003500,False,,,0,0,0
Hum_XLOC_003501,False,,,0,0,0
Hum_XLOC_003502,True,0.0,,0,0,0
Hum_XLOC_003503,False,,,0,0,0
Hum_XLOC_003512,False,,,0,0,0
Hum_XLOC_003513,False,,,0,0,0
Hum_XLOC_003514,False,,,0,0,0
Hum_XLOC_003515,False,,,0,0,0
Hum_XLOC_003516,False,,,0,0,0
Hum_XLOC_003517,False,,,0,0,0
Hum_XLOC_003518,True,0.0,,0,0,0
Hum_XLOC_003519,False,,,0,0,0
Hum_XLOC_003520,False,,,0,0,0
Hum_XLOC_003521,False,,,0,0,0
Hum_XLOC_003522,False,,,0,0,0
Hum_XLOC_003523,False,,,0,0,0
Hum_XLOC_003524,False,,,0,0,0
Hum_XLOC_003525,False,,,0,0,0
Hum_XLOC_003526,False,,,0,0,0
Hum_XLOC_003527,False,,,0,0,0
Hum_XLOC_003528,False,,,0,0,0
Hum_XLOC_003529,False,,,0,0,0
Hum_XLOC_003531,False,,,0,0,0
Hum_XLOC_003532,True,0.0,,0,0,0
Hum_XLOC_003537,False,,,0,0,0
Hum_XLOC_003538,False,,,0,0,0
Hum_XLOC_003539,False,,,0,0,0
Hum_XLOC_003541,False,,,0,0,0
Hum_XLOC_003542,False,,,0,0,0
Hum_XLOC_003543,True,0.0,,0,0,0
Hum_XLOC_003544,False,,,0,0,0
Hum_XLOC_003552,False,,,0,0,0
Hum_XLOC_003554,True,0.0,,0,0,0
Hum_XLOC_003555,False,,,0,0,0
Hum_XLOC_003563,True,0.0,,0,0,0
Hum_XLOC_003564,False,,,0,0,0
Hum_XLOC_003567,True,0.0,,0,0,0
Hum_XLOC_003568,True,0.0,,0,0,0
Hum_XLOC_003569,False,,,0,0,0
Hum_XLOC_003570,True,0.0,,0,0,0
Hum_XLOC_003571,True,0.0,,0,0,0
Hum_XLOC_003572,False,,,0,0,0
Hum_XLOC_003573,False,,,0,0,0
Hum_XLOC_003574,False,,,0,0,0
Hum_XLOC_003575,False,,,0,0,0
Hum_XLOC_003576,False,,,0,0,0
Hum_XLOC_003580,False,,,0,0,0
Hum_XLOC_003581,False,,,0,0,0
Hum_XLOC_003582,False,,,0,0,0
Hum_XLOC_003583,False,,,0,0,0
Hum_XLOC_003584,False,,,0,0,0
Hum_XLOC_003586,False,,,0,0,0
Hum_XLOC_003587,False,,,0,0,0
Hum_XLOC_003588,False,,,0,0,0
Hum_XLOC_003589,False,,,0,0,0
Hum_XLOC_003590,False,,,0,0,0
Hum_XLOC_003591,False,,,0,0,0
Hum_XLOC_003593,True,0.0,,0,0,0
Hum_XLOC_003594,True,0.0,,0,0,0
Hum_XLOC_003598,True,0.0,,0,0,0
Hum_XLOC_003599,False,,,0,0,0
Hum_XLOC_003600,False,,,0,0,0
Hum_XLOC_003601,False,,,0,0,0
Hum_XLOC_003604,False,,,0,0,0
Hum_XLOC_003605,False,,,0,0,0
Hum_XLOC_003606,False,,,0,0,0
Hum_XLOC_003608,False,,,0,0,0
Hum_XLOC_003609,False,,,0,0,0
Hum_XLOC_003610,False,,,0,0,0
Hum_XLOC_003611,False,,,0,0,0
Hum_XLOC_003612,False,,,0,0,0
Hum_XLOC_003614,False,,,0,0,0
Hum_XLOC_003615,False,,,0,0,0
Hum_XLOC_003616,False,,,0,0,0
Hum_XLOC_003617,False,,,0,0,0
Hum_XLOC_003618,False,,,0,0,0
Hum_XLOC_003619,False,,,0,0,0
Hum_XLOC_003620,False,,,0,0,0
Hum_XLOC_003621,False,,,0,0,0
Hum_XLOC_003622,False,,,0,0,0
Hum_XLOC_003623,False,,,0,0,0
Hum_XLOC_003624,False,,,0,0,0
Hum_XLOC_003625,False,,,0,0,0
Hum_XLOC_003626,True,0.0,,0,0,0
Hum_XLOC_003627,False,,,0,0,0
Hum_XLOC_003628,True,0.0,,0,0,0
Hum_XLOC_003629,False,,,0,0,0
Hum_XLOC_003630,True,0.0,,0,0,0
Hum_XLOC_003631,False,,,0,0,0
Hum_XLOC_003632,False,,,0,0,0
Hum_XLOC_003633,False,,,0,0,0
Hum_XLOC_003634,False,,,0,0,0
Hum_XLOC_003638,False,,,0,0,0
Hum_XLOC_003639,False,,,0,0,0
Hum_XLOC_003640,False,,,0,0,0
Hum_XLOC_003641,True,0.0,,0,0,0
Hum_XLOC_003642,False,,,0,0,0
Hum_XLOC_003644,False,,,0,0,0
Hum_XLOC_003645,False,,,0,0,0
Hum_XLOC_003652,False,,,0,0,0
Hum_XLOC_003654,False,,,0,0,0
Hum_XLOC_003655,False,,,0,0,0
Hum_XLOC_003660,False,,,0,0,0
Hum_XLOC_003662,True,0.0,,0,0,0
Hum_XLOC_003664,False,,,0,0,0
Hum_XLOC_003665,True,0.0,,0,0,0
Hum_XLOC_003666,False,,,0,0,0
Hum_XLOC_003669,False,,,0,0,0
Hum_XLOC_003670,False,,,0,0,0
Hum_XLOC_003672,True,0.0,,0,0,0
Hum_XLOC_003673,True,0.0,,0,0,0
Hum_XLOC_003674,True,0.0,,0,0,0
Hum_XLOC_003675,False,,,0,0,0
Hum_XLOC_003676,True,0.0,,0,0,0
Hum_XLOC_003679,False,,,0,0,0
Hum_XLOC_003680,False,,,0,0,0
Hum_XLOC_003681,False,,,0,0,0
Hum_XLOC_003685,False,,,0,0,0
Hum_XLOC_003686,True,0.0,,0,0,0
Hum_XLOC_003690,False,,,0,0,0
Hum_XLOC_003691,False,,,0,0,0
Hum_XLOC_003692,False,,,0,0,0
Hum_XLOC_003694,False,,,0,0,0
Hum_XLOC_003697,True,0.0,,0,0,0
Hum_XLOC_003702,False,,,0,0,0
Hum_XLOC_003703,False,,,0,0,0
Hum_XLOC_003704,False,,,0,0,0
Hum_XLOC_003706,False,,,0,0,0
Hum_XLOC_003707,False,,,0,0,0
Hum_XLOC_003711,False,,,0,0,0
Hum_XLOC_003712,False,,,0,0,0
Hum_XLOC_003714,False,,,0,0,0
Hum_XLOC_003716,False,,,0,0,0
Hum_XLOC_003717,True,0.0,,0,0,0
Hum_XLOC_003718,False,,,0,0,0
Hum_XLOC_003725,True,0.0,,0,0,0
Hum_XLOC_003728,False,,,0,0,0
Hum_XLOC_003729,False,,,0,0,0
Hum_XLOC_003735,False,,,0,0,0
Hum_XLOC_003736,False,,,0,0,0
Hum_XLOC_003737,False,,,0,0,0
Hum_XLOC_003738,False,,,0,0,0
Hum_XLOC_003739,False,,,0,0,0
Hum_XLOC_003741,False,,,0,0,0
Hum_XLOC_003743,True,0.0,,0,0,0
Hum_XLOC_003744,False,,,0,0,0
Hum_XLOC_003745,False,,,0,0,0
Hum_XLOC_003747,False,,,0,0,0
Hum_XLOC_003749,False,,,0,0,0
Hum_XLOC_003750,False,,,0,0,0
Hum_XLOC_003751,False,,,0,0,0
Hum_XLOC_003752,False,,,0,0,0
Hum_XLOC_003754,True,0.0,,0,0,0
Hum_XLOC_003757,False,,,0,0,0
Hum_XLOC_003758,False,,,0,0,0
Hum_XLOC_003759,False,,,0,0,0
Hum_XLOC_003762,False,,,0,0,0
Hum_XLOC_003763,False,,,0,0,0
Hum_XLOC_003765,False,,,0,0,0
Hum_XLOC_003766,True,0.0,,0,0,0
Hum_XLOC_003770,False,,,0,0,0
Hum_XLOC_003771,False,,,0,0,0
Hum_XLOC_003772,False,,,0,0,0
Hum_XLOC_003773,False,,,0,0,0
Hum_XLOC_003775,True,0.0,,0,0,0
Hum_XLOC_003778,False,,,0,0,0
Hum_XLOC_003779,False,,,0,0,0
Hum_XLOC_003780,False,,,0,0,0
Hum_XLOC_003781,False,,,0,0,0
Hum_XLOC_003782,False,,,0,0,0
Hum_XLOC_003783,False,,,0,0,0
Hum_XLOC_003784,False,,,0,0,0
Hum_XLOC_003785,False,,,0,0,0
Hum_XLOC_003786,False,,,0,0,0
Hum_XLOC_003788,False,,,0,0,0
Hum_XLOC_003790,True,0.0,,0,0,0
Hum_XLOC_003795,False,,,0,0,0
Hum_XLOC_003796,False,,0.0,2,3,3
Hum_XLOC_003798,False,,,0,0,0
Hum_XLOC_003799,True,0.0,,0,0,0
Hum_XLOC_003801,False,,,0,0,0
Hum_XLOC_003804,False,,,0,0,0
Hum_XLOC_003805,False,,,0,0,0
Hum_XLOC_003806,False,,,0,0,0
Hum_XLOC_003807,False,,,0,0,0
Hum_XLOC_003808,False,,0.0,4,4,4
Hum_XLOC_003809,False,,,0,0,0
Hum_XLOC_003811,False,,,0,0,0
Hum_XLOC_003812,False,,2.0,0,0,1
Hum_XLOC_003814,False,,0.0,3,4,5
Hum_XLOC_003815,False,,,0,0,0
Hum_XLOC_003816,False,,,0,0,0
Hum_XLOC_003817,False,,,0,0,0
Hum_XLOC_003818,False,,,0,0,0
Hum_XLOC_003819,False,,2.0,0,0,1
Hum_XLOC_003825,False,,,0,0,0
Hum_XLOC_003826,False,,,0,0,0
Hum_XLOC_003827,False,,,0,0,0
Hum_XLOC_003828,False,,,0,0,0
Hum_XLOC_003829,False,,,0,0,0
Hum_XLOC_003832,False,,,0,0,0
Hum_XLOC_003834,False,,,0,0,0
Hum_XLOC_003837,False,,,0,0,0
Hum_XLOC_003841,False,,,0,0,0
Hum_XLOC_003843,False,,,0,0,0
Hum_XLOC_003844,False,,,0,0,0
Hum_XLOC_003846,False,,,0,0,0
Hum_XLOC_003850,False,,,0,0,0
Hum_XLOC_003851,False,,,0,0,0
Hum_XLOC_003852,False,,,0,0,0
Hum_XLOC_003853,True,0.0,,0,0,0
Hum_XLOC_003854,False,,,0,0,0
Hum_XLOC_003855,False,,,0,0,0
Hum_XLOC_003857,False,,,0,0,0
Hum_XLOC_003859,False,,,0,0,0
Hum_XLOC_003860,False,,,0,0,0
Hum_XLOC_003865,True,,,0,0,0
Hum_XLOC_003866,False,,,0,0,0
Hum_XLOC_003868,False,,,0,0,0
Hum_XLOC_003871,True,0.0,,0,0,0
Hum_XLOC_003878,False,,,0,0,0
Hum_XLOC_003879,False,,,0,0,0
Hum_XLOC_003880,False,,,0,0,0
Hum_XLOC_003881,False,,,0,0,0
Hum_XLOC_003882,False,,,0,0,0
Hum_XLOC_003883,False,,,0,0,0
Hum_XLOC_003884,False,,,0,0,0
Hum_XLOC_003885,False,,,0,0,0
Hum_XLOC_003886,False,,,0,0,0
Hum_XLOC_003891,True,0.0,,0,0,0
Hum_XLOC_003892,True,0.0,,0,0,0
Hum_XLOC_003896,False,,,0,0,0
Hum_XLOC_003902,False,,,0,0,0
Hum_XLOC_003904,False,,,0,0,0
Hum_XLOC_003907,False,,,0,0,0
Hum_XLOC_003908,False,,,0,0,0
Hum_XLOC_003909,False,,,0,0,0
Hum_XLOC_003910,True,0.0,,0,0,0
Hum_XLOC_003911,True,0.0,,0,0,0
Hum_XLOC_003918,False,,,0,0,0
Hum_XLOC_003919,False,,,0,0,0
Hum_XLOC_003921,False,,,0,0,0
Hum_XLOC_003924,False,,,0,0,0
Hum_XLOC_003925,False,,,0,0,0
Hum_XLOC_003930,False,,,0,0,0
Hum_XLOC_003931,False,,,0,0,0
Hum_XLOC_003938,False,,,0,0,0
Hum_XLOC_003949,False,,,0,0,0
Hum_XLOC_003950,False,,,0,0,0
Hum_XLOC_003951,False,,,0,0,0
Hum_XLOC_003952,True,0.0,,0,0,0
Hum_XLOC_003956,False,,,0,0,0
Hum_XLOC_003967,False,,,0,0,0
Hum_XLOC_003969,False,,,0,0,0
Hum_XLOC_003970,False,,,0,0,0
Hum_XLOC_003971,True,0.0,,0,0,0
Hum_XLOC_003972,False,,,0,0,0
Hum_XLOC_003979,False,,,0,0,0
Hum_XLOC_003983,False,,,0,0,0
Hum_XLOC_003984,False,,,0,0,0
Hum_XLOC_003988,True,0.0,,0,0,0
Hum_XLOC_003992,False,,,0,0,0
Hum_XLOC_003993,False,,,0,0,0
Hum_XLOC_003997,False,,,0,0,0
Hum_XLOC_003999,False,,,0,0,0
Hum_XLOC_004010,False,,,0,0,0
Hum_XLOC_004013,False,,,0,0,0
Hum_XLOC_004020,True,0.0,,0,0,0
Hum_XLOC_004023,False,,,0,0,0
Hum_XLOC_004024,False,,,0,0,0
Hum_XLOC_004025,False,,,0,0,0
Hum_XLOC_004035,True,0.0,,0,0,0
Hum_XLOC_004036,True,0.0,,0,0,0
Hum_XLOC_004045,False,,,0,0,0
Hum_XLOC_004046,False,,,0,0,0
Hum_XLOC_004048,True,0.0,,0,0,0
Hum_XLOC_004051,False,,,0,0,0
Hum_XLOC_004052,False,,,0,0,0
Hum_XLOC_004055,False,,,0,0,0
Hum_XLOC_004056,False,,,0,0,0
Hum_XLOC_004067,False,,,0,0,0
Hum_XLOC_004068,True,0.0,,0,0,0
Hum_XLOC_004069,True,0.0,,0,0,0
Hum_XLOC_004070,False,,,0,0,0
Hum_XLOC_004073,False,,,0,0,0
Hum_XLOC_004077,False,,,0,0,0
Hum_XLOC_004078,False,,,0,0,0
Hum_XLOC_004079,False,,,0,0,0
Hum_XLOC_004080,False,,,0,0,0
Hum_XLOC_004082,False,,,0,0,0
Hum_XLOC_004083,False,,,0,0,0
Hum_XLOC_004091,False,,,0,0,0
Hum_XLOC_004092,False,,,0,0,0
Hum_XLOC_004094,False,,,0,0,0
Hum_XLOC_004095,True,0.0,,0,0,0
Hum_XLOC_004096,True,0.0,,0,0,0
Hum_XLOC_004100,False,,,0,0,0
Hum_XLOC_004101,False,,,0,0,0
Hum_XLOC_004106,False,,,0,0,0
Hum_XLOC_004109,False,,,0,0,0
Hum_XLOC_004116,True,0.0,,0,0,0
Hum_XLOC_004119,False,,,0,0,0
Hum_XLOC_004123,True,0.0,,0,0,0
Hum_XLOC_004124,False,,,0,0,0
Hum_XLOC_004126,False,,,0,0,0
Hum_XLOC_004128,False,,,0,0,0
Hum_XLOC_004129,False,,,0,0,0
Hum_XLOC_004131,False,,,0,0,0
Hum_XLOC_004132,False,,,0,0,0
Hum_XLOC_004134,True,0.0,,0,0,0
Hum_XLOC_004135,False,,,0,0,0
Hum_XLOC_004137,False,,,0,0,0
Hum_XLOC_004139,False,,,0,0,0
Hum_XLOC_004140,False,,,0,0,0
Hum_XLOC_004141,False,,,0,0,0
Hum_XLOC_004142,False,,,0,0,0
Hum_XLOC_004143,False,,,0,0,0
Hum_XLOC_004146,False,,,0,0,0
Hum_XLOC_004147,False,,,0,0,0
Hum_XLOC_004148,False,,,0,0,0
Hum_XLOC_004149,False,,,0,0,0
Hum_XLOC_004150,False,,,0,0,0
Hum_XLOC_004153,False,,,0,0,0
Hum_XLOC_004154,False,,,0,0,0
Hum_XLOC_004155,False,,,0,0,0
Hum_XLOC_004156,False,,,0,0,0
Hum_XLOC_004157,False,,,0,0,0
Hum_XLOC_004158,False,,,0,0,0
Hum_XLOC_004159,False,,,0,0,0
Hum_XLOC_004160,False,,,0,0,0
Hum_XLOC_004161,True,0.0,,0,0,0
Hum_XLOC_004162,False,,,0,0,0
Hum_XLOC_004163,False,,,0,0,0
Hum_XLOC_004164,False,,,0,0,0
Hum_XLOC_004165,False,,,0,0,0
Hum_XLOC_004168,True,0.0,,0,0,0
Hum_XLOC_004169,True,0.0,,0,0,0
Hum_XLOC_004170,False,,,0,0,0
Hum_XLOC_004172,False,,,0,0,0
Hum_XLOC_004175,False,,,0,0,0
Hum_XLOC_004177,True,0.0,,0,0,0
Hum_XLOC_004178,False,,,0,0,0
Hum_XLOC_004179,False,,,0,0,0
Hum_XLOC_004180,False,,,0,0,0
Hum_XLOC_004184,False,,,0,0,0
Hum_XLOC_004185,False,,,0,0,0
Hum_XLOC_004193,False,,,0,0,0
Hum_XLOC_004195,False,,,0,0,0
Hum_XLOC_004196,False,,,0,0,0
Hum_XLOC_004197,False,,,0,0,0
Hum_XLOC_004198,False,,,0,0,0
Hum_XLOC_004200,True,0.0,,0,0,0
Hum_XLOC_004201,True,0.0,,0,0,0
Hum_XLOC_004203,False,,,0,0,0
Hum_XLOC_004214,False,,,0,0,0
Hum_XLOC_004215,False,,,0,0,0
Hum_XLOC_004217,False,,,0,0,0
Hum_XLOC_004218,False,,,0,0,0
Hum_XLOC_004219,True,0.0,,0,0,0
Hum_XLOC_004220,False,,,0,0,0
Hum_XLOC_004221,False,,,0,0,0
Hum_XLOC_004222,False,,,0,0,0
Hum_XLOC_004223,False,,,0,0,0
Hum_XLOC_004224,False,,,0,0,0
Hum_XLOC_004225,False,,,0,0,0
Hum_XLOC_004226,True,0.0,,0,0,0
Hum_XLOC_004227,True,0.0,,0,0,0
Hum_XLOC_004228,False,,,0,0,0
Hum_XLOC_004229,False,,,0,0,0
Hum_XLOC_004230,False,,,0,0,0
Hum_XLOC_004231,False,,,0,0,0
Hum_XLOC_004233,False,,,0,0,0
Hum_XLOC_004235,False,,,0,0,0
Hum_XLOC_004236,True,0.0,,0,0,0
Hum_XLOC_004238,False,,,0,0,0
Hum_XLOC_004239,False,,,0,0,0
Hum_XLOC_004240,False,,,0,0,0
Hum_XLOC_004245,False,,,0,0,0
Hum_XLOC_004246,False,,,0,0,0
Hum_XLOC_004252,False,,,0,0,0
Hum_XLOC_004254,True,0.0,,0,0,0
Hum_XLOC_004255,True,0.0,,0,0,0
Hum_XLOC_004258,False,,,0,0,0
Hum_XLOC_004259,False,,,0,0,0
Hum_XLOC_004260,False,,,0,0,0
Hum_XLOC_004261,False,,,0,0,0
Hum_XLOC_004262,True,0.0,,0,0,0
Hum_XLOC_004265,False,,,0,0,0
Hum_XLOC_004267,False,,,0,0,0
Hum_XLOC_004268,False,,,0,0,0
Hum_XLOC_004269,True,0.0,,0,0,0
Hum_XLOC_004271,False,,,0,0,0
Hum_XLOC_004273,False,,,0,0,0
Hum_XLOC_004274,False,,,0,0,0
Hum_XLOC_004277,True,0.0,,0,0,0
Hum_XLOC_004278,True,0.0,,0,0,0
Hum_XLOC_004280,False,,,0,0,0
Hum_XLOC_004281,False,,,0,0,0
Hum_XLOC_004282,True,0.0,,0,0,0
Hum_XLOC_004283,False,,,0,0,0
Hum_XLOC_004284,False,,,0,0,0
Hum_XLOC_004285,False,,,0,0,0
Hum_XLOC_004286,False,,,0,0,0
Hum_XLOC_004287,True,0.0,,0,0,0
Hum_XLOC_004288,False,,,0,0,0
Hum_XLOC_004290,False,,,0,0,0
Hum_XLOC_004291,False,,,0,0,0
Hum_XLOC_004292,False,,,0,0,0
Hum_XLOC_004293,True,0.0,,0,0,0
Hum_XLOC_004295,False,,,0,0,0
Hum_XLOC_004296,False,,,0,0,0
Hum_XLOC_004298,False,,,0,0,0
Hum_XLOC_004300,False,,,0,0,0
Hum_XLOC_004301,False,,,0,0,0
Hum_XLOC_004302,True,0.0,,0,0,0
Hum_XLOC_004303,True,,,0,0,0
Hum_XLOC_004305,False,,,0,0,0
Hum_XLOC_004306,True,0.0,,0,0,0
Hum_XLOC_004307,False,,,0,0,0
Hum_XLOC_004308,False,,,0,0,0
Hum_XLOC_004309,True,0.0,,0,0,0
Hum_XLOC_004311,False,,,0,0,0
Hum_XLOC_004312,False,,,0,0,0
Hum_XLOC_004313,False,,,0,0,0
Hum_XLOC_004314,True,0.0,,0,0,0
Hum_XLOC_004317,True,0.0,,0,0,0
Hum_XLOC_004318,False,,,0,0,0
Hum_XLOC_004319,False,,,0,0,0
Hum_XLOC_004320,False,,,0,0,0
Hum_XLOC_004321,False,,,0,0,0
Hum_XLOC_004322,False,,,0,0,0
Hum_XLOC_004323,False,,,0,0,0
Hum_XLOC_004324,False,,,0,0,0
Hum_XLOC_004325,False,,,0,0,0
Hum_XLOC_004326,False,,,0,0,0
Hum_XLOC_004327,False,,,0,0,0
Hum_XLOC_004328,False,,,0,0,0
Hum_XLOC_004330,False,,,0,0,0
Hum_XLOC_004334,False,,,0,0,0
Hum_XLOC_004335,False,,,0,0,0
Hum_XLOC_004336,True,0.0,,0,0,0
Hum_XLOC_004337,False,,,0,0,0
Hum_XLOC_004339,False,,,0,0,0
Hum_XLOC_004340,False,,,0,0,0
Hum_XLOC_004342,False,,,0,0,0
Hum_XLOC_004343,True,0.0,,0,0,0
Hum_XLOC_004347,False,,,0,0,0
Hum_XLOC_004348,False,,,0,0,0
Hum_XLOC_004349,False,,,0,0,0
Hum_XLOC_004350,True,0.0,,0,0,0
Hum_XLOC_004351,False,,,0,0,0
Hum_XLOC_004352,False,,,0,0,0
Hum_XLOC_004353,False,,,0,0,0
Hum_XLOC_004354,False,,,0,0,0
Hum_XLOC_004355,False,,,0,0,0
Hum_XLOC_004358,False,,,0,0,0
Hum_XLOC_004361,True,0.0,,0,0,0
Hum_XLOC_004362,False,,,0,0,0
Hum_XLOC_004363,True,0.0,,0,0,0
Hum_XLOC_004364,False,,,0,0,0
Hum_XLOC_004365,False,,,0,0,0
Hum_XLOC_004367,False,,,0,0,0
Hum_XLOC_004369,False,,,0,0,0
Hum_XLOC_004370,False,,,0,0,0
Hum_XLOC_004371,False,,,0,0,0
Hum_XLOC_004372,False,,,0,0,0
Hum_XLOC_004373,False,,,0,0,0
Hum_XLOC_004374,False,,,0,0,0
Hum_XLOC_004375,False,,,0,0,0
Hum_XLOC_004376,False,,,0,0,0
Hum_XLOC_004377,False,,,0,0,0
Hum_XLOC_004378,False,,,0,0,0
Hum_XLOC_004379,False,,,0,0,0
Hum_XLOC_004380,False,,,0,0,0
Hum_XLOC_004384,False,,,0,0,0
Hum_XLOC_004385,False,,,0,0,0
Hum_XLOC_004386,False,,,0,0,0
Hum_XLOC_004387,False,,,0,0,0
Hum_XLOC_004388,False,,,0,0,0
Hum_XLOC_004389,False,,,0,0,0
Hum_XLOC_004390,False,,,0,0,0
Hum_XLOC_004391,False,,,0,0,0
Hum_XLOC_004392,False,,,0,0,0
Hum_XLOC_004393,False,,,0,0,0
Hum_XLOC_004394,False,,,0,0,0
Hum_XLOC_004395,False,,,0,0,0
Hum_XLOC_004396,False,,,0,0,0
Hum_XLOC_004397,False,,,0,0,0
Hum_XLOC_004398,False,,,0,0,0
Hum_XLOC_004399,False,,,0,0,0
Hum_XLOC_004401,True,0.0,,0,0,0
Hum_XLOC_004403,False,,,0,0,0
Hum_XLOC_004404,False,,,0,0,0
Hum_XLOC_004405,True,0.0,,0,0,0
Hum_XLOC_004406,False,,,0,0,0
Hum_XLOC_004407,True,0.0,,0,0,0
Hum_XLOC_004408,False,,,0,0,0
Hum_XLOC_004409,False,,,0,0,0
Hum_XLOC_004410,False,,,0,0,0
Hum_XLOC_004411,False,,,0,0,0
Hum_XLOC_004412,False,,,0,0,0
Hum_XLOC_004413,False,,,0,0,0
Hum_XLOC_004414,False,,,0,0,0
Hum_XLOC_004415,False,,,0,0,0
Hum_XLOC_004416,False,,,0,0,0
Hum_XLOC_004418,False,,,0,0,0
Hum_XLOC_004422,False,,,0,0,0
Hum_XLOC_004424,True,0.0,,0,0,0
Hum_XLOC_004425,False,,,0,0,0
Hum_XLOC_004426,False,,,0,0,0
Hum_XLOC_004428,False,,,0,0,0
Hum_XLOC_004429,False,,,0,0,0
Hum_XLOC_004430,False,,,0,0,0
Hum_XLOC_004431,False,,,0,0,0
Hum_XLOC_004432,False,,,0,0,0
Hum_XLOC_004433,False,,,0,0,0
Hum_XLOC_004434,False,,,0,0,0
Hum_XLOC_004435,False,,,0,0,0
Hum_XLOC_004437,True,0.0,,0,0,0
Hum_XLOC_004439,False,,,0,0,0
Hum_XLOC_004442,False,,,0,0,0
Hum_XLOC_004443,False,,,0,0,0
Hum_XLOC_004444,False,,,0,0,0
Hum_XLOC_004445,False,,,0,0,0
Hum_XLOC_004446,True,0.0,,0,0,0
Hum_XLOC_004455,False,,,0,0,0
Hum_XLOC_004456,False,,,0,0,0
Hum_XLOC_004457,True,0.0,,0,0,0
Hum_XLOC_004463,False,,,0,0,0
Hum_XLOC_004464,False,,,0,0,0
Hum_XLOC_004465,False,,,0,0,0
Hum_XLOC_004466,False,,,0,0,0
Hum_XLOC_004468,False,,,0,0,0
Hum_XLOC_004469,False,,,0,0,0
Hum_XLOC_004470,False,,,0,0,0
Hum_XLOC_004471,False,,,0,0,0
Hum_XLOC_004474,False,,,0,0,0
Hum_XLOC_004475,False,,,0,0,0
Hum_XLOC_004476,False,,,0,0,0
Hum_XLOC_004478,False,,,0,0,0
Hum_XLOC_004481,False,,,0,0,0
Hum_XLOC_004482,True,0.0,,0,0,0
Hum_XLOC_004487,False,,,0,0,0
Hum_XLOC_004488,False,,,0,0,0
Hum_XLOC_004489,False,,,0,0,0
Hum_XLOC_004491,False,,,0,0,0
Hum_XLOC_004495,False,,,0,0,0
Hum_XLOC_004497,False,,,0,0,0
Hum_XLOC_004498,False,,,0,0,0
Hum_XLOC_004499,False,,,0,0,0
Hum_XLOC_004500,False,,,0,0,0
Hum_XLOC_004501,False,,,0,0,0
Hum_XLOC_004502,True,0.0,,0,0,0
Hum_XLOC_004503,False,,,0,0,0
Hum_XLOC_004504,False,,,0,0,0
Hum_XLOC_004506,False,,,0,0,0
Hum_XLOC_004507,False,,,0,0,0
Hum_XLOC_004509,False,,,0,0,0
Hum_XLOC_004515,True,0.0,,0,0,0
Hum_XLOC_004518,False,,,0,0,0
Hum_XLOC_004519,False,,,0,0,0
Hum_XLOC_004521,False,,,0,0,0
Hum_XLOC_004522,False,,,0,0,0
Hum_XLOC_004523,False,,,0,0,0
Hum_XLOC_004524,False,,,0,0,0
Hum_XLOC_004525,False,,,0,0,0
Hum_XLOC_004526,False,,,0,0,0
Hum_XLOC_004529,True,0.0,,0,0,0
Hum_XLOC_004532,False,,,0,0,0
Hum_XLOC_004534,False,,,0,0,0
Hum_XLOC_004535,True,0.0,,0,0,0
Hum_XLOC_004542,False,,,0,0,0
Hum_XLOC_004548,False,,,0,0,0
Hum_XLOC_004553,True,0.0,,0,0,0
Hum_XLOC_004554,False,,,0,0,0
Hum_XLOC_004556,False,,,0,0,0
Hum_XLOC_004557,False,,,0,0,0
Hum_XLOC_004558,False,,,0,0,0
Hum_XLOC_004563,False,,,0,0,0
Hum_XLOC_004564,False,,,0,0,0
Hum_XLOC_004565,False,,,0,0,0
Hum_XLOC_004566,True,0.0,,0,0,0
Hum_XLOC_004567,True,0.0,,0,0,0
Hum_XLOC_004568,False,,,0,0,0
Hum_XLOC_004569,False,,,0,0,0
Hum_XLOC_004570,False,,,0,0,0
Hum_XLOC_004571,False,,,0,0,0
Hum_XLOC_004572,True,0.0,,0,0,0
Hum_XLOC_004573,False,,,0,0,0
Hum_XLOC_004577,False,,,0,0,0
Hum_XLOC_004578,True,0.0,,0,0,0
Hum_XLOC_004579,False,,,0,0,0
Hum_XLOC_004580,True,0.0,,0,0,0
Hum_XLOC_004581,True,0.0,,0,0,0
Hum_XLOC_004582,False,,,0,0,0
Hum_XLOC_004583,False,,,0,0,0
Hum_XLOC_004584,False,,,0,0,0
Hum_XLOC_004585,False,,,0,0,0
Hum_XLOC_004587,True,0.0,,0,0,0
Hum_XLOC_004588,False,,,0,0,0
Hum_XLOC_004590,False,,,0,0,0
Hum_XLOC_004591,False,,,0,0,0
Hum_XLOC_004593,False,,,0,0,0
Hum_XLOC_004594,False,,,0,0,0
Hum_XLOC_004595,False,,,0,0,0
Hum_XLOC_004596,False,,,0,0,0
Hum_XLOC_004600,True,0.0,,0,0,0
Hum_XLOC_004601,True,0.0,,0,0,0
Hum_XLOC_004603,False,,,0,0,0
Hum_XLOC_004604,False,,,0,0,0
Hum_XLOC_004606,False,,,0,0,0
Hum_XLOC_004607,True,0.0,,0,0,0
Hum_XLOC_004609,False,,,0,0,0
Hum_XLOC_004610,False,,,0,0,0
Hum_XLOC_004612,False,,,0,0,0
Hum_XLOC_004614,False,,,0,0,0
Hum_XLOC_004615,False,,,0,0,0
Hum_XLOC_004617,True,0.0,,0,0,0
Hum_XLOC_004618,False,,,0,0,0
Hum_XLOC_004619,True,0.0,,0,0,0
Hum_XLOC_004620,True,0.0,,0,0,0
Hum_XLOC_004621,False,,,0,0,0
Hum_XLOC_004622,False,,,0,0,0
Hum_XLOC_004623,False,,,0,0,0
Hum_XLOC_004624,False,,,0,0,0
Hum_XLOC_004625,False,,,0,0,0
Hum_XLOC_004629,False,,,0,0,0
Hum_XLOC_004631,False,,,0,0,0
Hum_XLOC_004632,True,0.0,,0,0,0
Hum_XLOC_004633,False,,,0,0,0
Hum_XLOC_004636,True,0.0,,0,0,0
Hum_XLOC_004637,False,,,0,0,0
Hum_XLOC_004650,False,,,0,0,0
Hum_XLOC_004652,True,0.0,,0,0,0
Hum_XLOC_004653,True,0.0,,0,0,0
Hum_XLOC_004654,False,,,0,0,0
Hum_XLOC_004655,False,,,0,0,0
Hum_XLOC_004656,False,,,0,0,0
Hum_XLOC_004657,True,0.0,,0,0,0
Hum_XLOC_004658,False,,,0,0,0
Hum_XLOC_004659,False,,,0,0,0
Hum_XLOC_004660,False,,,0,0,0
Hum_XLOC_004661,True,0.0,,0,0,0
Hum_XLOC_004662,False,,,0,0,0
Hum_XLOC_004663,False,,,0,0,0
Hum_XLOC_004671,False,,,0,0,0
Hum_XLOC_004674,False,,,0,0,0
Hum_XLOC_004676,False,,,0,0,0
Hum_XLOC_004677,False,,,0,0,0
Hum_XLOC_004678,False,,,0,0,0
Hum_XLOC_004679,False,,,0,0,0
Hum_XLOC_004680,False,,,0,0,0
Hum_XLOC_004681,False,,,0,0,0
Hum_XLOC_004682,False,,,0,0,0
Hum_XLOC_004683,True,0.0,,0,0,0
Hum_XLOC_004684,True,0.0,,0,0,0
Hum_XLOC_004685,False,,,0,0,0
Hum_XLOC_004686,False,,,0,0,0
Hum_XLOC_004688,True,0.0,,0,0,0
Hum_XLOC_004689,True,0.0,,0,0,0
Hum_XLOC_004690,False,,,0,0,0
Hum_XLOC_004691,False,,,0,0,0
Hum_XLOC_004694,False,,,0,0,0
Hum_XLOC_004696,False,,,0,0,0
Hum_XLOC_004697,False,,,0,0,0
Hum_XLOC_004698,False,,,0,0,0
Hum_XLOC_004699,False,,,0,0,0
Hum_XLOC_004701,False,,,0,0,0
Hum_XLOC_004705,True,0.0,,0,0,0
Hum_XLOC_004706,False,,,0,0,0
Hum_XLOC_004707,False,,,0,0,0
Hum_XLOC_004710,False,,,0,0,0
Hum_XLOC_004711,False,,,0,0,0
Hum_XLOC_004712,False,,,0,0,0
Hum_XLOC_004716,False,,,0,0,0
Hum_XLOC_004717,True,0.0,,0,0,0
Hum_XLOC_004718,True,0.0,,0,0,0
Hum_XLOC_004719,False,,,0,0,0
Hum_XLOC_004720,False,,,0,0,0
Hum_XLOC_004721,False,,,0,0,0
Hum_XLOC_004722,False,,,0,0,0
Hum_XLOC_004725,False,,,0,0,0
Hum_XLOC_004726,False,,,0,0,0
Hum_XLOC_004730,False,,,0,0,0
Hum_XLOC_004733,True,0.0,,0,0,0
Hum_XLOC_004737,False,,,0,0,0
Hum_XLOC_004738,False,,,0,0,0
Hum_XLOC_004741,True,0.0,,0,0,0
Hum_XLOC_004742,False,,,0,0,0
Hum_XLOC_004744,False,,,0,0,0
Hum_XLOC_004745,False,,,0,0,0
Hum_XLOC_004746,False,,,0,0,0
Hum_XLOC_004747,False,,,0,0,0
Hum_XLOC_004750,False,,,0,0,0
Hum_XLOC_004751,False,,,0,0,0
Hum_XLOC_004752,False,,,0,0,0
Hum_XLOC_004755,False,,,0,0,0
Hum_XLOC_004759,False,,,0,0,0
Hum_XLOC_004760,False,,,0,0,0
Hum_XLOC_004761,False,,,0,0,0
Hum_XLOC_004762,True,0.0,,0,0,0
Hum_XLOC_004763,False,,,0,0,0
Hum_XLOC_004765,False,,,0,0,0
Hum_XLOC_004766,False,,,0,0,0
Hum_XLOC_004768,False,,,0,0,0
Hum_XLOC_004769,False,,,0,0,0
Hum_XLOC_004770,False,,,0,0,0
Hum_XLOC_004771,True,0.0,,0,0,0
Hum_XLOC_004772,False,,,0,0,0
Hum_XLOC_004773,False,,,0,0,0
Hum_XLOC_004774,False,,,0,0,0
Hum_XLOC_004775,False,,,0,0,0
Hum_XLOC_004776,False,,,0,0,0
Hum_XLOC_004777,True,0.0,,0,0,0
Hum_XLOC_004779,False,,,0,0,0
Hum_XLOC_004784,False,,,0,0,0
Hum_XLOC_004785,False,,,0,0,0
Hum_XLOC_004786,False,,,0,0,0
Hum_XLOC_004787,False,,,0,0,0
Hum_XLOC_004788,True,0.0,,0,0,0
Hum_XLOC_004789,False,,,0,0,0
Hum_XLOC_004790,False,,,0,0,0
Hum_XLOC_004791,True,0.0,,0,0,0
Hum_XLOC_004794,False,,,0,0,0
Hum_XLOC_004795,True,0.0,,0,0,0
Hum_XLOC_004796,False,,,0,0,0
Hum_XLOC_004797,False,,,0,0,0
Hum_XLOC_004799,False,,,0,0,0
Hum_XLOC_004800,False,,,0,0,0
Hum_XLOC_004803,True,0.0,,0,0,0
Hum_XLOC_004805,True,0.0,,0,0,0
Hum_XLOC_004807,False,,,0,0,0
Hum_XLOC_004809,False,,,0,0,0
Hum_XLOC_004810,False,,,0,0,0
Hum_XLOC_004812,False,,,0,0,0
Hum_XLOC_004813,True,0.0,,0,0,0
Hum_XLOC_004814,False,,,0,0,0
Hum_XLOC_004815,True,0.0,,0,0,0
Hum_XLOC_004816,False,,,0,0,0
Hum_XLOC_004817,False,,,0,0,0
Hum_XLOC_004818,False,,,0,0,0
Hum_XLOC_004819,False,,,0,0,0
Hum_XLOC_004820,False,,,0,0,0
Hum_XLOC_004822,True,0.0,,0,0,0
Hum_XLOC_004823,True,0.0,,0,0,0
Hum_XLOC_004824,False,,,0,0,0
Hum_XLOC_004825,False,,,0,0,0
Hum_XLOC_004827,True,0.0,,0,0,0
Hum_XLOC_004828,False,,,0,0,0
Hum_XLOC_004829,False,,,0,0,0
Hum_XLOC_004830,False,,,0,0,0
Hum_XLOC_004831,False,,,0,0,0
Hum_XLOC_004832,False,,,0,0,0
Hum_XLOC_004833,False,,,0,0,0
Hum_XLOC_004834,False,,,0,0,0
Hum_XLOC_004835,False,,,0,0,0
Hum_XLOC_004836,False,,,0,0,0
Hum_XLOC_004837,True,0.0,,0,0,0
Hum_XLOC_004838,False,,,0,0,0
Hum_XLOC_004839,True,0.0,,0,0,0
Hum_XLOC_004841,False,,,0,0,0
Hum_XLOC_004842,False,,,0,0,0
Hum_XLOC_004844,False,,,0,0,0
Hum_XLOC_004845,False,,,0,0,0
Hum_XLOC_004846,False,,,0,0,0
Hum_XLOC_004847,False,,,0,0,0
Hum_XLOC_004848,False,,,0,0,0
Hum_XLOC_004849,False,,,0,0,0
Hum_XLOC_004850,False,,,0,0,0
Hum_XLOC_004851,False,,,0,0,0
Hum_XLOC_004854,False,,,0,0,0
Hum_XLOC_004855,True,0.0,,0,0,0
Hum_XLOC_004858,False,,,0,0,0
Hum_XLOC_004864,False,,,0,0,0
Hum_XLOC_004865,False,,,0,0,0
Hum_XLOC_004866,False,,,0,0,0
Hum_XLOC_004867,False,,,0,0,0
Hum_XLOC_004868,False,,,0,0,0
Hum_XLOC_004869,False,,,0,0,0
Hum_XLOC_004870,False,,,0,0,0
Hum_XLOC_004874,True,0.0,,0,0,0
Hum_XLOC_004875,True,0.0,,0,0,0
Hum_XLOC_004876,False,,,0,0,0
Hum_XLOC_004877,False,,,0,0,0
Hum_XLOC_004878,True,0.0,,0,0,0
Hum_XLOC_004879,False,,,0,0,0
Hum_XLOC_004881,False,,,0,0,0
Hum_XLOC_004883,False,,,0,0,0
Hum_XLOC_004884,True,0.0,,0,0,0
Hum_XLOC_004885,False,,,0,0,0
Hum_XLOC_004889,False,,,0,0,0
Hum_XLOC_004892,False,,,0,0,0
Hum_XLOC_004893,False,,,0,0,0
Hum_XLOC_004895,False,,,0,0,0
Hum_XLOC_004899,False,,,0,0,0
Hum_XLOC_004900,False,,,0,0,0
Hum_XLOC_004901,False,,,0,0,0
Hum_XLOC_004905,False,,,0,0,0
Hum_XLOC_004908,False,,,0,0,0
Hum_XLOC_004909,False,,,0,0,0
Hum_XLOC_004910,False,,,0,0,0
Hum_XLOC_004911,True,0.0,,0,0,0
Hum_XLOC_004912,False,,,0,0,0
Hum_XLOC_004913,False,,,0,0,0
Hum_XLOC_004915,True,0.0,,0,0,0
Hum_XLOC_004917,False,,,0,0,0
Hum_XLOC_004918,False,,,0,0,0
Hum_XLOC_004920,False,,,0,0,0
Hum_XLOC_004922,False,,,0,0,0
Hum_XLOC_004923,False,,,0,0,0
Hum_XLOC_004924,False,,,0,0,0
Hum_XLOC_004925,False,,,0,0,0
Hum_XLOC_004927,True,0.0,,0,0,0
Hum_XLOC_004928,False,,,0,0,0
Hum_XLOC_004929,True,0.0,,0,0,0
Hum_XLOC_004930,False,,,0,0,0
Hum_XLOC_004936,True,0.0,,0,0,0
Hum_XLOC_004938,False,,,0,0,0
Hum_XLOC_004939,False,,,0,0,0
Hum_XLOC_004946,False,,,0,0,0
Hum_XLOC_004951,False,,,0,0,0
Hum_XLOC_004954,False,,,0,0,0
Hum_XLOC_004955,False,,,0,0,0
Hum_XLOC_004957,True,0.0,,0,0,0
Hum_XLOC_004960,True,0.0,,0,0,0
Hum_XLOC_004961,False,,,0,0,0
Hum_XLOC_004962,False,,,0,0,0
Hum_XLOC_004963,False,,,0,0,0
Hum_XLOC_004965,True,0.0,,0,0,0
Hum_XLOC_004966,False,,,0,0,0
Hum_XLOC_004969,False,,,0,0,0
Hum_XLOC_004970,False,,,0,0,0
Hum_XLOC_004972,False,,,0,0,0
Hum_XLOC_004973,False,,,0,0,0
Hum_XLOC_004974,False,,,0,0,0
Hum_XLOC_004975,False,,,0,0,0
Hum_XLOC_004976,False,,,0,0,0
Hum_XLOC_004978,False,,,0,0,0
Hum_XLOC_004979,True,0.0,,0,0,0
Hum_XLOC_004980,False,,,0,0,0
Hum_XLOC_004983,True,0.0,,0,0,0
Hum_XLOC_004984,False,,,0,0,0
Hum_XLOC_004985,False,,,0,0,0
Hum_XLOC_004986,False,,,0,0,0
Hum_XLOC_004987,False,,,0,0,0
Hum_XLOC_004988,False,,,0,0,0
Hum_XLOC_004990,False,,,0,0,0
Hum_XLOC_004991,False,,,0,0,0
Hum_XLOC_004992,False,,,0,0,0
Hum_XLOC_004993,True,0.0,,0,0,0
Hum_XLOC_004994,False,,2.0,0,0,1
Hum_XLOC_004995,False,,,0,0,0
Hum_XLOC_004996,False,,,0,0,0
Hum_XLOC_004997,False,,,0,0,0
Hum_XLOC_004998,False,,,0,0,0
Hum_XLOC_004999,False,,,0,0,0
Hum_XLOC_005000,False,,,0,0,0
Hum_XLOC_005001,False,,,0,0,0
Hum_XLOC_005002,False,,,0,0,0
Hum_XLOC_005003,False,,,0,0,0
Hum_XLOC_005006,True,0.0,,0,0,0
Hum_XLOC_005008,False,,,0,0,0
Hum_XLOC_005009,True,0.0,,0,0,0
Hum_XLOC_005010,False,,,0,0,0
Hum_XLOC_005011,False,,,0,0,0
Hum_XLOC_005012,False,,,0,0,0
Hum_XLOC_005013,False,,,0,0,0
Hum_XLOC_005014,False,,,0,0,0
Hum_XLOC_005015,False,,,0,0,0
Hum_XLOC_005016,False,,,0,0,0
Hum_XLOC_005017,False,,,0,0,0
Hum_XLOC_005018,False,,,0,0,0
Hum_XLOC_005019,False,,,0,0,0
Hum_XLOC_005020,False,,,0,0,0
Hum_XLOC_005021,False,,,0,0,0
Hum_XLOC_005022,False,,,0,0,0
Hum_XLOC_005023,False,,,0,0,0
Hum_XLOC_005024,False,,,0,0,0
Hum_XLOC_005025,False,,,0,0,0
Hum_XLOC_005026,False,,,0,0,0
Hum_XLOC_005027,True,0.0,,0,0,0
Hum_XLOC_005028,False,,,0,0,0
Hum_XLOC_005029,False,,,0,0,0
Hum_XLOC_005030,False,,,0,0,0
Hum_XLOC_005031,False,,,0,0,0
Hum_XLOC_005032,False,,,0,0,0
Hum_XLOC_005033,False,,,0,0,0
Hum_XLOC_005035,False,,,0,0,0
Hum_XLOC_005036,False,,,0,0,0
Hum_XLOC_005037,False,,,0,0,0
Hum_XLOC_005038,False,,,0,0,0
Hum_XLOC_005039,True,0.0,,0,0,0
Hum_XLOC_005040,False,,,0,0,0
Hum_XLOC_005047,False,,,0,0,0
Hum_XLOC_005048,False,,,0,0,0
Hum_XLOC_005049,False,,,0,0,0
Hum_XLOC_005052,True,0.0,,0,0,0
Hum_XLOC_005054,False,,,0,0,0
Hum_XLOC_005056,False,,,0,0,0
Hum_XLOC_005059,False,,,0,0,0
Hum_XLOC_005060,False,,,0,0,0
Hum_XLOC_005062,False,,,0,0,0
Hum_XLOC_005063,False,,,0,0,0
Hum_XLOC_005064,True,0.0,,0,0,0
Hum_XLOC_005065,False,,,0,0,0
Hum_XLOC_005066,False,,,0,0,0
Hum_XLOC_005067,True,0.0,,0,0,0
Hum_XLOC_005068,False,,,0,0,0
Hum_XLOC_005069,False,,,0,0,0
Hum_XLOC_005070,False,,,0,0,0
Hum_XLOC_005071,False,,,0,0,0
Hum_XLOC_005072,False,,,0,0,0
Hum_XLOC_005073,False,,,0,0,0
Hum_XLOC_005074,False,,,0,0,0
Hum_XLOC_005075,True,0.0,,0,0,0
Hum_XLOC_005076,False,,,0,0,0
Hum_XLOC_005080,False,,,0,0,0
Hum_XLOC_005082,False,,,0,0,0
Hum_XLOC_005083,True,0.0,,0,0,0
Hum_XLOC_005084,False,,,0,0,0
Hum_XLOC_005085,False,,,0,0,0
Hum_XLOC_005086,False,,,0,0,0
Hum_XLOC_005087,False,,,0,0,0
Hum_XLOC_005088,False,,,0,0,0
Hum_XLOC_005089,False,,,0,0,0
Hum_XLOC_005090,False,,,0,0,0
Hum_XLOC_005091,False,,,0,0,0
Hum_XLOC_005092,False,,,0,0,0
Hum_XLOC_005093,False,,,0,0,0
Hum_XLOC_005094,False,,,0,0,0
Hum_XLOC_005095,False,,,0,0,0
Hum_XLOC_005096,False,,,0,0,0
Hum_XLOC_005097,False,,,0,0,0
Hum_XLOC_005098,False,,,0,0,0
Hum_XLOC_005099,False,,,0,0,0
Hum_XLOC_005100,False,,,0,0,0
Hum_XLOC_005101,False,,,0,0,0
Hum_XLOC_005102,False,,,0,0,0
Hum_XLOC_005106,False,,,0,0,0
Hum_XLOC_005107,False,,,0,0,0
Hum_XLOC_005108,False,,,0,0,0
Hum_XLOC_005109,False,,,0,0,0
Hum_XLOC_005110,False,,,0,0,0
Hum_XLOC_005111,False,,,0,0,0
Hum_XLOC_005112,False,,,0,0,0
Hum_XLOC_005113,False,,,0,0,0
Hum_XLOC_005116,True,0.0,,0,0,0
Hum_XLOC_005117,False,,,0,0,0
Hum_XLOC_005120,True,0.0,,0,0,0
Hum_XLOC_005126,False,,,0,0,0
Hum_XLOC_005129,False,,,0,0,0
Hum_XLOC_005130,False,,,0,0,0
Hum_XLOC_005131,True,0.0,,0,0,0
Hum_XLOC_005132,False,,,0,0,0
Hum_XLOC_005133,False,,,0,0,0
Hum_XLOC_005136,False,,,0,0,0
Hum_XLOC_005137,False,,,0,0,0
Hum_XLOC_005138,True,0.0,,0,0,0
Hum_XLOC_005139,False,,,0,0,0
Hum_XLOC_005140,False,,,0,0,0
Hum_XLOC_005141,False,,,0,0,0
Hum_XLOC_005142,False,,,0,0,0
Hum_XLOC_005143,False,,,0,0,0
Hum_XLOC_005144,False,,,0,0,0
Hum_XLOC_005145,False,,,0,0,0
Hum_XLOC_005146,False,,,0,0,0
Hum_XLOC_005151,False,,,0,0,0
Hum_XLOC_005152,False,,,0,0,0
Hum_XLOC_005156,False,,,0,0,0
Hum_XLOC_005157,False,,,0,0,0
Hum_XLOC_005158,False,,,0,0,0
Hum_XLOC_005159,False,,,0,0,0
Hum_XLOC_005160,False,,,0,0,0
Hum_XLOC_005161,False,,,0,0,0
Hum_XLOC_005162,False,,,0,0,0
Hum_XLOC_005163,False,,,0,0,0
Hum_XLOC_005164,False,,,0,0,0
Hum_XLOC_005165,False,,,0,0,0
Hum_XLOC_005167,False,,,0,0,0
Hum_XLOC_005168,False,,,0,0,0
Hum_XLOC_005169,False,,,0,0,0
Hum_XLOC_005170,False,,,0,0,0
Hum_XLOC_005171,False,,,0,0,0
Hum_XLOC_005173,True,0.0,,0,0,0
Hum_XLOC_005181,False,,,0,0,0
Hum_XLOC_005183,False,,,0,0,0
Hum_XLOC_005184,False,,,0,0,0
Hum_XLOC_005188,False,,,0,0,0
Hum_XLOC_005196,False,,,0,0,0
Hum_XLOC_005197,False,,,0,0,0
Hum_XLOC_005198,False,,,0,0,0
Hum_XLOC_005199,False,,,0,0,0
Hum_XLOC_005200,False,,,0,0,0
Hum_XLOC_005201,False,,,0,0,0
Hum_XLOC_005205,False,,,0,0,0
Hum_XLOC_005206,False,,,0,0,0
Hum_XLOC_005212,True,0.0,,0,0,0
Hum_XLOC_005214,False,,,0,0,0
Hum_XLOC_005215,False,,,0,0,0
Hum_XLOC_005218,False,,,0,0,0
Hum_XLOC_005219,True,0.0,,0,0,0
Hum_XLOC_005220,False,,,0,0,0
Hum_XLOC_005221,False,,,0,0,0
Hum_XLOC_005225,False,,,0,0,0
Hum_XLOC_005226,False,,,0,0,0
Hum_XLOC_005227,False,,,0,0,0
Hum_XLOC_005228,False,,,0,0,0
Hum_XLOC_005229,False,,,0,0,0
Hum_XLOC_005230,True,0.0,,0,0,0
Hum_XLOC_005232,False,,,0,0,0
Hum_XLOC_005234,False,,,0,0,0
Hum_XLOC_005235,False,,,0,0,0
Hum_XLOC_005236,False,,,0,0,0
Hum_XLOC_005237,False,,,0,0,0
Hum_XLOC_005243,False,,,0,0,0
Hum_XLOC_005244,False,,,0,0,0
Hum_XLOC_005246,False,,,0,0,0
Hum_XLOC_005247,False,,,0,0,0
Hum_XLOC_005248,False,,,0,0,0
Hum_XLOC_005251,False,,,0,0,0
Hum_XLOC_005253,False,,,0,0,0
Hum_XLOC_005254,False,,,0,0,0
Hum_XLOC_005255,False,,,0,0,0
Hum_XLOC_005256,False,,,0,0,0
Hum_XLOC_005257,False,,,0,0,0
Hum_XLOC_005258,False,,,0,0,0
Hum_XLOC_005259,False,,,0,0,0
Hum_XLOC_005260,False,,,0,0,0
Hum_XLOC_005262,False,,,0,0,0
Hum_XLOC_005263,False,,,0,0,0
Hum_XLOC_005267,False,,,0,0,0
Hum_XLOC_005268,False,,,0,0,0
Hum_XLOC_005270,False,,,0,0,0
Hum_XLOC_005271,False,,,0,0,0
Hum_XLOC_005272,True,0.0,,0,0,0
Hum_XLOC_005273,False,,,0,0,0
Hum_XLOC_005274,False,,,0,0,0
Hum_XLOC_005276,False,,,0,0,0
Hum_XLOC_005277,False,,,0,0,0
Hum_XLOC_005279,True,0.0,,0,0,0
Hum_XLOC_005280,False,,,0,0,0
Hum_XLOC_005281,False,,,0,0,0
Hum_XLOC_005282,False,,,0,0,0
Hum_XLOC_005283,True,0.0,,0,0,0
Hum_XLOC_005284,True,0.0,,0,0,0
Hum_XLOC_005285,False,,,0,0,0
Hum_XLOC_005286,False,,,0,0,0
Hum_XLOC_005287,False,,,0,0,0
Hum_XLOC_005288,False,,,0,0,0
Hum_XLOC_005289,False,,,0,0,0
Hum_XLOC_005291,False,,,0,0,0
Hum_XLOC_005292,False,,,0,0,0
Hum_XLOC_005294,False,,,0,0,0
Hum_XLOC_005295,False,,,0,0,0
Hum_XLOC_005296,True,0.0,,0,0,0
Hum_XLOC_005299,False,,,0,0,0
Hum_XLOC_005300,False,,,0,0,0
Hum_XLOC_005301,False,,,0,0,0
Hum_XLOC_005302,False,,,0,0,0
Hum_XLOC_005303,False,,,0,0,0
Hum_XLOC_005305,False,,,0,0,0
Hum_XLOC_005306,False,,,0,0,0
Hum_XLOC_005307,False,,,0,0,0
Hum_XLOC_005308,False,,,0,0,0
Hum_XLOC_005309,False,,,0,0,0
Hum_XLOC_005310,False,,,0,0,0
Hum_XLOC_005311,False,,,0,0,0
Hum_XLOC_005312,False,,,0,0,0
Hum_XLOC_005313,False,,,0,0,0
Hum_XLOC_005316,False,,,0,0,0
Hum_XLOC_005317,True,0.0,,0,0,0
Hum_XLOC_005318,False,,,0,0,0
Hum_XLOC_005319,False,,,0,0,0
Hum_XLOC_005320,False,,,0,0,0
Hum_XLOC_005321,False,,,0,0,0
Hum_XLOC_005322,False,,,0,0,0
Hum_XLOC_005323,False,,,0,0,0
Hum_XLOC_005324,True,0.0,,0,0,0
Hum_XLOC_005325,False,,,0,0,0
Hum_XLOC_005326,False,,,0,0,0
Hum_XLOC_005327,False,,,0,0,0
Hum_XLOC_005328,False,,,0,0,0
Hum_XLOC_005329,True,0.0,,0,0,0
Hum_XLOC_005330,False,,,0,0,0
Hum_XLOC_005331,False,,,0,0,0
Hum_XLOC_005332,False,,,0,0,0
Hum_XLOC_005334,False,,,0,0,0
Hum_XLOC_005338,True,0.0,,0,0,0
Hum_XLOC_005339,False,,,0,0,0
Hum_XLOC_005340,False,,,0,0,0
Hum_XLOC_005341,False,,,0,0,0
Hum_XLOC_005342,False,,,0,0,0
Hum_XLOC_005343,False,,,0,0,0
Hum_XLOC_005350,False,,,0,0,0
Hum_XLOC_005351,False,,,0,0,0
Hum_XLOC_005352,True,0.0,,0,0,0
Hum_XLOC_005353,False,,,0,0,0
Hum_XLOC_005354,False,,,0,0,0
Hum_XLOC_005355,False,,,0,0,0
Hum_XLOC_005356,False,,,0,0,0
Hum_XLOC_005359,False,,,0,0,0
Hum_XLOC_005365,False,,,0,0,0
Hum_XLOC_005366,False,,,0,0,0
Hum_XLOC_005367,False,,,0,0,0
Hum_XLOC_005368,False,,,0,0,0
Hum_XLOC_005370,False,,,0,0,0
Hum_XLOC_005371,False,,,0,0,0
Hum_XLOC_005372,True,0.0,,0,0,0
Hum_XLOC_005373,False,,,0,0,0
Hum_XLOC_005375,False,,,0,0,0
Hum_XLOC_005376,False,,,0,0,0
Hum_XLOC_005380,False,,,0,0,0
Hum_XLOC_005382,False,,,0,0,0
Hum_XLOC_005383,False,,,0,0,0
Hum_XLOC_005385,False,,,0,0,0
Hum_XLOC_005389,False,,,0,0,0
Hum_XLOC_005390,False,,,0,0,0
Hum_XLOC_005391,False,,,0,0,0
Hum_XLOC_005392,False,,,0,0,0
Hum_XLOC_005393,False,,,0,0,0
Hum_XLOC_005394,True,0.0,,0,0,0
Hum_XLOC_005395,False,,,0,0,0
Hum_XLOC_005396,False,,,0,0,0
Hum_XLOC_005397,False,,,0,0,0
Hum_XLOC_005398,False,,,0,0,0
Hum_XLOC_005399,False,,,0,0,0
Hum_XLOC_005400,False,,,0,0,0
Hum_XLOC_005401,False,,,0,0,0
Hum_XLOC_005402,True,0.0,,0,0,0
Hum_XLOC_005403,False,,,0,0,0
Hum_XLOC_005404,False,,,0,0,0
Hum_XLOC_005408,False,,,0,0,0
Hum_XLOC_005409,True,0.0,,0,0,0
Hum_XLOC_005411,False,,,0,0,0
Hum_XLOC_005412,False,,,0,0,0
Hum_XLOC_005413,False,,,0,0,0
Hum_XLOC_005414,False,,,0,0,0
Hum_XLOC_005417,False,,,0,0,0
Hum_XLOC_005420,False,,,0,0,0
Hum_XLOC_005422,False,,,0,0,0
Hum_XLOC_005423,False,,,0,0,0
Hum_XLOC_005425,False,,,0,0,0
Hum_XLOC_005427,False,,,0,0,0
Hum_XLOC_005430,False,,,0,0,0
Hum_XLOC_005433,False,,,0,0,0
Hum_XLOC_005434,False,,,0,0,0
Hum_XLOC_005435,False,,,0,0,0
Hum_XLOC_005439,False,,,0,0,0
Hum_XLOC_005441,False,,,0,0,0
Hum_XLOC_005442,False,,,0,0,0
Hum_XLOC_005443,False,,,0,0,0
Hum_XLOC_005444,False,,,0,0,0
Hum_XLOC_005446,False,,,0,0,0
Hum_XLOC_005447,False,,,0,0,0
Hum_XLOC_005448,False,,,0,0,0
Hum_XLOC_005449,False,,,0,0,0
Hum_XLOC_005450,False,,,0,0,0
Hum_XLOC_005451,False,,,0,0,0
Hum_XLOC_005458,True,0.0,,0,0,0
Hum_XLOC_005459,False,,,0,0,0
Hum_XLOC_005460,False,,,0,0,0
Hum_XLOC_005462,False,,,0,0,0
Hum_XLOC_005466,False,,,0,0,0
Hum_XLOC_005467,False,,,0,0,0
Hum_XLOC_005473,False,,,0,0,0
Hum_XLOC_005474,True,0.0,,0,0,0
Hum_XLOC_005483,False,,,0,0,0
Hum_XLOC_005484,False,,,0,0,0
Hum_XLOC_005485,False,,,0,0,0
Hum_XLOC_005486,False,,,0,0,0
Hum_XLOC_005487,False,,,0,0,0
Hum_XLOC_005488,False,,,0,0,0
Hum_XLOC_005489,False,,,0,0,0
Hum_XLOC_005490,True,0.0,,0,0,0
Hum_XLOC_005491,False,,,0,0,0
Hum_XLOC_005492,False,,,0,0,0
Hum_XLOC_005493,False,,,0,0,0
Hum_XLOC_005497,False,,,0,0,0
Hum_XLOC_005499,True,0.0,,0,0,0
Hum_XLOC_005500,False,,,0,0,0
Hum_XLOC_005502,True,0.0,,0,0,0
Hum_XLOC_005503,False,,,0,0,0
Hum_XLOC_005505,False,,,0,0,0
Hum_XLOC_005506,False,,,0,0,0
Hum_XLOC_005507,False,,,0,0,0
Hum_XLOC_005508,False,,,0,0,0
Hum_XLOC_005509,False,,,0,0,0
Hum_XLOC_005511,False,,,0,0,0
Hum_XLOC_005512,False,,,0,0,0
Hum_XLOC_005513,True,0.0,,0,0,0
Hum_XLOC_005514,False,,,0,0,0
Hum_XLOC_005515,False,,,0,0,0
Hum_XLOC_005516,True,0.0,,0,0,0
Hum_XLOC_005517,False,,,0,0,0
Hum_XLOC_005518,False,,,0,0,0
Hum_XLOC_005521,False,,,0,0,0
Hum_XLOC_005524,False,,,0,0,0
Hum_XLOC_005526,True,0.0,,0,0,0
Hum_XLOC_005527,False,,,0,0,0
Hum_XLOC_005528,False,,,0,0,0
Hum_XLOC_005529,True,0.0,,0,0,0
Hum_XLOC_005531,True,0.0,,0,0,0
Hum_XLOC_005532,False,,,0,0,0
Hum_XLOC_005533,False,,,0,0,0
Hum_XLOC_005534,False,,,0,0,0
Hum_XLOC_005535,False,,,0,0,0
Hum_XLOC_005536,False,,,0,0,0
Hum_XLOC_005537,False,,,0,0,0
Hum_XLOC_005538,False,,,0,0,0
Hum_XLOC_005539,False,,,0,0,0
Hum_XLOC_005540,False,,,0,0,0
Hum_XLOC_005541,True,0.0,,0,0,0
Hum_XLOC_005542,False,,,0,0,0
Hum_XLOC_005543,False,,,0,0,0
Hum_XLOC_005544,False,,,0,0,0
Hum_XLOC_005545,False,,,0,0,0
Hum_XLOC_005546,False,,,0,0,0
Hum_XLOC_005547,False,,,0,0,0
Hum_XLOC_005549,False,,,0,0,0
Hum_XLOC_005550,False,,,0,0,0
Hum_XLOC_005552,False,,,0,0,0
Hum_XLOC_005553,False,,,0,0,0
Hum_XLOC_005555,False,,,0,0,0
Hum_XLOC_005557,False,,,0,0,0
Hum_XLOC_005564,False,,,0,0,0
Hum_XLOC_005565,False,,,0,0,0
Hum_XLOC_005571,True,0.0,,0,0,0
Hum_XLOC_005573,True,0.0,,0,0,0
Hum_XLOC_005574,False,,,0,0,0
Hum_XLOC_005575,False,,,0,0,0
Hum_XLOC_005577,False,,,0,0,0
Hum_XLOC_005581,False,,,0,0,0
Hum_XLOC_005582,False,,,0,0,0
Hum_XLOC_005583,False,,,0,0,0
Hum_XLOC_005588,False,,,0,0,0
Hum_XLOC_005590,False,,,0,0,0
Hum_XLOC_005591,False,,,0,0,0
Hum_XLOC_005592,False,,,0,0,0
Hum_XLOC_005594,False,,,0,0,0
Hum_XLOC_005595,False,,,0,0,0
Hum_XLOC_005596,False,,,0,0,0
Hum_XLOC_005597,False,,,0,0,0
Hum_XLOC_005602,False,,,0,0,0
Hum_XLOC_005605,False,,,0,0,0
Hum_XLOC_005606,False,,,0,0,0
Hum_XLOC_005607,False,,,0,0,0
Hum_XLOC_005608,False,,,0,0,0
Hum_XLOC_005610,True,0.0,,0,0,0
Hum_XLOC_005611,False,,,0,0,0
Hum_XLOC_005613,False,,,0,0,0
Hum_XLOC_005614,False,,,0,0,0
Hum_XLOC_005615,False,,,0,0,0
Hum_XLOC_005619,True,0.0,,0,0,0
Hum_XLOC_005621,False,,,0,0,0
Hum_XLOC_005624,True,0.0,,0,0,0
Hum_XLOC_005625,False,,,0,0,0
Hum_XLOC_005626,False,,,0,0,0
Hum_XLOC_005627,True,0.0,,0,0,0
Hum_XLOC_005628,False,,,0,0,0
Hum_XLOC_005629,False,,,0,0,0
Hum_XLOC_005630,False,,,0,0,0
Hum_XLOC_005631,True,0.0,,0,0,0
Hum_XLOC_005632,False,,,0,0,0
Hum_XLOC_005633,False,,,0,0,0
Hum_XLOC_005637,False,,,0,0,0
Hum_XLOC_005639,False,,,0,0,0
Hum_XLOC_005645,False,,,0,0,0
Hum_XLOC_005646,False,,,0,0,0
Hum_XLOC_005648,True,0.0,,0,0,0
Hum_XLOC_005655,False,,,0,0,0
Hum_XLOC_005656,True,0.0,,0,0,0
Hum_XLOC_005657,False,,,0,0,0
Hum_XLOC_005658,True,0.0,,0,0,0
Hum_XLOC_005659,True,0.0,,0,0,0
Hum_XLOC_005661,False,,,0,0,0
Hum_XLOC_005662,False,,,0,0,0
Hum_XLOC_005663,False,,,0,0,0
Hum_XLOC_005664,False,,,0,0,0
Hum_XLOC_005666,True,0.0,,0,0,0
Hum_XLOC_005667,True,0.0,,0,0,0
Hum_XLOC_005668,True,0.0,,0,0,0
Hum_XLOC_005670,False,,,0,0,0
Hum_XLOC_005671,False,,,0,0,0
Hum_XLOC_005672,False,,,0,0,0
Hum_XLOC_005673,False,,,0,0,0
Hum_XLOC_005674,False,,,0,0,0
Hum_XLOC_005675,True,0.0,,0,0,0
Hum_XLOC_005676,False,,,0,0,0
Hum_XLOC_005677,False,,,0,0,0
Hum_XLOC_005678,False,,,0,0,0
Hum_XLOC_005679,False,,,0,0,0
Hum_XLOC_005680,False,,,0,0,0
Hum_XLOC_005681,False,,,0,0,0
Hum_XLOC_005682,False,,,0,0,0
Hum_XLOC_005685,True,0.0,,0,0,0
Hum_XLOC_005686,False,,,0,0,0
Hum_XLOC_005687,False,,,0,0,0
Hum_XLOC_005690,True,0.0,,0,0,0
Hum_XLOC_005693,False,,,0,0,0
Hum_XLOC_005695,True,0.0,,0,0,0
Hum_XLOC_005697,False,,,0,0,0
Hum_XLOC_005699,False,,,0,0,0
Hum_XLOC_005703,False,,,0,0,0
Hum_XLOC_005708,True,0.0,,0,0,0
Hum_XLOC_005709,False,,,0,0,0
Hum_XLOC_005710,False,,,0,0,0
Hum_XLOC_005711,False,,,0,0,0
Hum_XLOC_005712,False,,,0,0,0
Hum_XLOC_005713,False,,,0,0,0
Hum_XLOC_005714,False,,,0,0,0
Hum_XLOC_005715,False,,,0,0,0
Hum_XLOC_005716,False,,,0,0,0
Hum_XLOC_005722,False,,,0,0,0
Hum_XLOC_005723,False,,,0,0,0
Hum_XLOC_005724,False,,,0,0,0
Hum_XLOC_005725,False,,,0,0,0
Hum_XLOC_005726,False,,,0,0,0
Hum_XLOC_005727,False,,,0,0,0
Hum_XLOC_005728,False,,,0,0,0
Hum_XLOC_005729,False,,,0,0,0
Hum_XLOC_005734,False,,,0,0,0
Hum_XLOC_005735,False,,,0,0,0
Hum_XLOC_005738,False,,,0,0,0
Hum_XLOC_005739,False,,,0,0,0
Hum_XLOC_005740,False,,,0,0,0
Hum_XLOC_005741,False,,,0,0,0
Hum_XLOC_005742,False,,,0,0,0
Hum_XLOC_005743,False,,,0,0,0
Hum_XLOC_005744,False,,,0,0,0
Hum_XLOC_005745,False,,,0,0,0
Hum_XLOC_005746,False,,,0,0,0
Hum_XLOC_005747,False,,,0,0,0
Hum_XLOC_005748,False,,,0,0,0
Hum_XLOC_005749,True,0.0,,0,0,0
Hum_XLOC_005750,False,,,0,0,0
Hum_XLOC_005751,False,,,0,0,0
Hum_XLOC_005752,False,,,0,0,0
Hum_XLOC_005759,False,,,0,0,0
Hum_XLOC_005760,False,,,0,0,0
Hum_XLOC_005761,False,,,0,0,0
Hum_XLOC_005768,True,0.0,,0,0,0
Hum_XLOC_005769,False,,,0,0,0
Hum_XLOC_005771,False,,,0,0,0
Hum_XLOC_005772,False,,,0,0,0
Hum_XLOC_005774,False,,,0,0,0
Hum_XLOC_005784,False,,,0,0,0
Hum_XLOC_005785,False,,,0,0,0
Hum_XLOC_005790,False,,,0,0,0
Hum_XLOC_005791,False,,,0,0,0
Hum_XLOC_005793,True,0.0,,0,0,0
Hum_XLOC_005794,False,,,0,0,0
Hum_XLOC_005795,False,,,0,0,0
Hum_XLOC_005796,False,,,0,0,0
Hum_XLOC_005797,False,,,0,0,0
Hum_XLOC_005798,False,,,0,0,0
Hum_XLOC_005800,False,,,0,0,0
Hum_XLOC_005801,False,,,0,0,0
Hum_XLOC_005802,False,,,0,0,0
Hum_XLOC_005803,True,0.0,,0,0,0
Hum_XLOC_005804,False,,,0,0,0
Hum_XLOC_005807,False,,,0,0,0
Hum_XLOC_005808,False,,,0,0,0
Hum_XLOC_005812,True,0.0,,0,0,0
Hum_XLOC_005814,False,,,0,0,0
Hum_XLOC_005818,False,,,0,0,0
Hum_XLOC_005819,False,,,0,0,0
Hum_XLOC_005821,False,,,0,0,0
Hum_XLOC_005825,False,,,0,0,0
Hum_XLOC_005828,False,,,0,0,0
Hum_XLOC_005834,True,0.0,,0,0,0
Hum_XLOC_005836,False,,,0,0,0
Hum_XLOC_005837,False,,,0,0,0
Hum_XLOC_005838,False,,,0,0,0
Hum_XLOC_005839,False,,,0,0,0
Hum_XLOC_005843,False,,,0,0,0
Hum_XLOC_005846,True,0.0,,0,0,0
Hum_XLOC_005847,False,,,0,0,0
Hum_XLOC_005848,False,,,0,0,0
Hum_XLOC_005851,True,0.0,,0,0,0
Hum_XLOC_005852,False,,,0,0,0
Hum_XLOC_005853,False,,,0,0,0
Hum_XLOC_005854,False,,,0,0,0
Hum_XLOC_005856,True,0.0,,0,0,0
Hum_XLOC_005857,True,0.0,,0,0,0
Hum_XLOC_005866,False,,,0,0,0
Hum_XLOC_005869,False,,,0,0,0
Hum_XLOC_005870,True,0.0,,0,0,0
Hum_XLOC_005871,False,,,0,0,0
Hum_XLOC_005873,True,0.0,,0,0,0
Hum_XLOC_005878,False,,,0,0,0
Hum_XLOC_005879,False,,,0,0,0
Hum_XLOC_005880,False,,,0,0,0
Hum_XLOC_005881,False,,,0,0,0
Hum_XLOC_005882,True,0.0,,0,0,0
Hum_XLOC_005883,False,,,0,0,0
Hum_XLOC_005884,False,,,0,0,0
Hum_XLOC_005885,False,,,0,0,0
Hum_XLOC_005886,False,,,0,0,0
Hum_XLOC_005888,False,,,0,0,0
Hum_XLOC_005890,False,,,0,0,0
Hum_XLOC_005891,False,,,0,0,0
Hum_XLOC_005893,False,,,0,0,0
Hum_XLOC_005895,False,,,0,0,0
Hum_XLOC_005901,False,,,0,0,0
Hum_XLOC_005902,False,,,0,0,0
Hum_XLOC_005903,False,,,0,0,0
Hum_XLOC_005904,False,,,0,0,0
Hum_XLOC_005905,False,,,0,0,0
Hum_XLOC_005906,True,0.0,,0,0,0
Hum_XLOC_005907,False,,,0,0,0
Hum_XLOC_005908,False,,,0,0,0
Hum_XLOC_005912,False,,,0,0,0
Hum_XLOC_005913,True,0.0,,0,0,0
Hum_XLOC_005914,False,,,0,0,0
Hum_XLOC_005915,False,,,0,0,0
Hum_XLOC_005916,True,0.0,,0,0,0
Hum_XLOC_005917,False,,,0,0,0
Hum_XLOC_005918,True,0.0,,0,0,0
Hum_XLOC_005921,False,,,0,0,0
Hum_XLOC_005926,True,0.0,,0,0,0
Hum_XLOC_005930,False,,,0,0,0
Hum_XLOC_005937,False,,,0,0,0
Hum_XLOC_005939,False,,,0,0,0
Hum_XLOC_005940,True,0.0,,0,0,0
Hum_XLOC_005941,False,,,0,0,0
Hum_XLOC_005942,False,,,0,0,0
Hum_XLOC_005944,False,,,0,0,0
Hum_XLOC_005946,False,,,0,0,0
Hum_XLOC_005948,False,,,0,0,0
Hum_XLOC_005950,False,,,0,0,0
Hum_XLOC_005951,False,,,0,0,0
Hum_XLOC_005953,False,,,0,0,0
Hum_XLOC_005954,False,,,0,0,0
Hum_XLOC_005955,False,,,0,0,0
Hum_XLOC_005956,False,,,0,0,0
Hum_XLOC_005957,False,,,0,0,0
Hum_XLOC_005958,True,0.0,,0,0,0
Hum_XLOC_005959,True,0.0,,0,0,0
Hum_XLOC_005960,False,,,0,0,0
Hum_XLOC_005961,False,,,0,0,0
Hum_XLOC_005962,True,0.0,,0,0,0
Hum_XLOC_005963,False,,,0,0,0
Hum_XLOC_005964,False,,,0,0,0
Hum_XLOC_005966,False,,,0,0,0
Hum_XLOC_005967,False,,,0,0,0
Hum_XLOC_005968,False,,,0,0,0
Hum_XLOC_005969,False,,,0,0,0
Hum_XLOC_005970,False,,,0,0,0
Hum_XLOC_005971,False,,,0,0,0
Hum_XLOC_005972,False,,,0,0,0
Hum_XLOC_005973,False,,,0,0,0
Hum_XLOC_005974,False,,,0,0,0
Hum_XLOC_005975,False,,,0,0,0
Hum_XLOC_005976,False,,,0,0,0
Hum_XLOC_005977,False,,,0,0,0
Hum_XLOC_005978,False,,,0,0,0
Hum_XLOC_005979,False,,,0,0,0
Hum_XLOC_005980,False,,,0,0,0
Hum_XLOC_005981,True,0.0,,0,0,0
Hum_XLOC_005982,False,,,0,0,0
Hum_XLOC_005983,False,,,0,0,0
Hum_XLOC_005986,False,,,0,0,0
Hum_XLOC_005987,False,,,0,0,0
Hum_XLOC_005989,True,0.0,,0,0,0
Hum_XLOC_005991,False,,,0,0,0
Hum_XLOC_005995,True,0.0,,0,0,0
Hum_XLOC_005996,False,,,0,0,0
Hum_XLOC_005997,True,0.0,,0,0,0
Hum_XLOC_006004,False,,,0,0,0
Hum_XLOC_006005,False,,,0,0,0
Hum_XLOC_006006,False,,,0,0,0
Hum_XLOC_006007,False,,,0,0,0
Hum_XLOC_006009,False,,,0,0,0
Hum_XLOC_006013,False,,,0,0,0
Hum_XLOC_006014,False,,,0,0,0
Hum_XLOC_006015,False,,,0,0,0
Hum_XLOC_006018,False,,,0,0,0
Hum_XLOC_006019,False,,,0,0,0
Hum_XLOC_006020,False,,,0,0,0
Hum_XLOC_006023,False,,,0,0,0
Hum_XLOC_006024,False,,,0,0,0
Hum_XLOC_006027,False,,,0,0,0
Hum_XLOC_006028,False,,,0,0,0
Hum_XLOC_006029,True,0.0,,0,0,0
Hum_XLOC_006040,True,0.0,,0,0,0
Hum_XLOC_006041,False,,,0,0,0
Hum_XLOC_006043,False,,,0,0,0
Hum_XLOC_006044,False,,,0,0,0
Hum_XLOC_006046,False,,,0,0,0
Hum_XLOC_006047,False,,,0,0,0
Hum_XLOC_006048,False,,,0,0,0
Hum_XLOC_006049,False,,,0,0,0
Hum_XLOC_006050,False,,,0,0,0
Hum_XLOC_006051,True,0.0,,0,0,0
Hum_XLOC_006053,True,0.0,,0,0,0
Hum_XLOC_006054,True,0.0,,0,0,0
Hum_XLOC_006055,False,,,0,0,0
Hum_XLOC_006056,False,,,0,0,0
Hum_XLOC_006057,False,,,0,0,0
Hum_XLOC_006060,False,,,0,0,0
Hum_XLOC_006061,False,,,0,0,0
Hum_XLOC_006063,False,,,0,0,0
Hum_XLOC_006064,False,,,0,0,0
Hum_XLOC_006065,False,,,0,0,0
Hum_XLOC_006067,False,,,0,0,0
Hum_XLOC_006070,True,0.0,,0,0,0
Hum_XLOC_006071,False,,,0,0,0
Hum_XLOC_006073,True,0.0,,0,0,0
Hum_XLOC_006074,False,,,0,0,0
Hum_XLOC_006076,True,0.0,,0,0,0
Hum_XLOC_006077,False,,,0,0,0
Hum_XLOC_006078,False,,,0,0,0
Hum_XLOC_006079,False,,,0,0,0
Hum_XLOC_006080,False,,,0,0,0
Hum_XLOC_006081,True,0.0,,0,0,0
Hum_XLOC_006082,True,0.0,,0,0,0
Hum_XLOC_006098,False,,,0,0,0
Hum_XLOC_006103,False,,,0,0,0
Hum_XLOC_006107,False,,,0,0,0
Hum_XLOC_006108,True,0.0,,0,0,0
Hum_XLOC_006109,False,,,0,0,0
Hum_XLOC_006110,True,0.0,,0,0,0
Hum_XLOC_006111,True,0.0,,0,0,0
Hum_XLOC_006112,False,,,0,0,0
Hum_XLOC_006113,False,,,0,0,0
Hum_XLOC_006114,False,,,0,0,0
Hum_XLOC_006115,False,,,0,0,0
Hum_XLOC_006117,False,,,0,0,0
Hum_XLOC_006118,False,,,0,0,0
Hum_XLOC_006119,True,0.0,,0,0,0
Hum_XLOC_006120,False,,,0,0,0
Hum_XLOC_006123,False,,,0,0,0
Hum_XLOC_006124,False,,,0,0,0
Hum_XLOC_006126,True,0.0,,0,0,0
Hum_XLOC_006128,False,,,0,0,0
Hum_XLOC_006129,False,,,0,0,0
Hum_XLOC_006130,False,,,0,0,0
Hum_XLOC_006131,True,0.0,,0,0,0
Hum_XLOC_006132,False,,,0,0,0
Hum_XLOC_006133,False,,,0,0,0
Hum_XLOC_006134,True,0.0,,0,0,0
Hum_XLOC_006135,False,,,0,0,0
Hum_XLOC_006136,True,0.0,,0,0,0
Hum_XLOC_006137,False,,,0,0,0
Hum_XLOC_006138,False,,,0,0,0
Hum_XLOC_006139,False,,,0,0,0
Hum_XLOC_006144,True,0.0,,0,0,0
Hum_XLOC_006145,False,,,0,0,0
Hum_XLOC_006146,False,,,0,0,0
Hum_XLOC_006147,False,,,0,0,0
Hum_XLOC_006148,False,,,0,0,0
Hum_XLOC_006153,False,,,0,0,0
Hum_XLOC_006157,False,,,0,0,0
Hum_XLOC_006158,False,,,0,0,0
Hum_XLOC_006159,False,,,0,0,0
Hum_XLOC_006160,False,,,0,0,0
Hum_XLOC_006161,False,,,0,0,0
Hum_XLOC_006162,False,,,0,0,0
Hum_XLOC_006163,False,,,0,0,0
Hum_XLOC_006164,False,,,0,0,0
Hum_XLOC_006165,False,,,0,0,0
Hum_XLOC_006166,False,,,0,0,0
Hum_XLOC_006167,False,,,0,0,0
Hum_XLOC_006168,False,,,0,0,0
Hum_XLOC_006169,False,,,0,0,0
Hum_XLOC_006172,False,,,0,0,0
Hum_XLOC_006173,False,,,0,0,0
Hum_XLOC_006174,True,0.0,,0,0,0
Hum_XLOC_006175,True,0.0,,0,0,0
Hum_XLOC_006176,False,,,0,0,0
Hum_XLOC_006177,True,0.0,,0,0,0
Hum_XLOC_006179,False,,,0,0,0
Hum_XLOC_006180,False,,,0,0,0
Hum_XLOC_006181,False,,,0,0,0
Hum_XLOC_006182,False,,,0,0,0
Hum_XLOC_006183,False,,,0,0,0
Hum_XLOC_006184,False,,,0,0,0
Hum_XLOC_006185,False,,,0,0,0
Hum_XLOC_006186,False,,,0,0,0
Hum_XLOC_006187,False,,,0,0,0
Hum_XLOC_006188,False,,,0,0,0
Hum_XLOC_006189,False,,,0,0,0
Hum_XLOC_006190,True,0.0,,0,0,0
Hum_XLOC_006191,False,,,0,0,0
Hum_XLOC_006192,False,,,0,0,0
Hum_XLOC_006194,False,,,0,0,0
Hum_XLOC_006200,False,,,0,0,0
Hum_XLOC_006201,False,,,0,0,0
Hum_XLOC_006202,False,,,0,0,0
Hum_XLOC_006203,False,,,0,0,0
Hum_XLOC_006205,False,,,0,0,0
Hum_XLOC_006206,False,,,0,0,0
Hum_XLOC_006207,False,,,0,0,0
Hum_XLOC_006208,False,,,0,0,0
Hum_XLOC_006209,False,,,0,0,0
Hum_XLOC_006210,False,,,0,0,0
Hum_XLOC_006211,False,,,0,0,0
Hum_XLOC_006216,False,,,0,0,0
Hum_XLOC_006217,True,0.0,,0,0,0
Hum_XLOC_006218,False,,,0,0,0
Hum_XLOC_006226,False,,,0,0,0
Hum_XLOC_006228,False,,,0,0,0
Hum_XLOC_006229,False,,,0,0,0
Hum_XLOC_006231,True,0.0,,0,0,0
Hum_XLOC_006232,False,,,0,0,0
Hum_XLOC_006237,False,,,0,0,0
Hum_XLOC_006239,False,,,0,0,0
Hum_XLOC_006240,False,,,0,0,0
Hum_XLOC_006243,False,,,0,0,0
Hum_XLOC_006253,False,,,0,0,0
Hum_XLOC_006254,False,,,0,0,0
Hum_XLOC_006255,False,,,0,0,0
Hum_XLOC_006256,False,,,0,0,0
Hum_XLOC_006257,False,,,0,0,0
Hum_XLOC_006258,True,0.0,,0,0,0
Hum_XLOC_006259,True,0.0,,0,0,0
Hum_XLOC_006260,False,,,0,0,0
Hum_XLOC_006261,False,,,0,0,0
Hum_XLOC_006262,False,,,0,0,0
Hum_XLOC_006263,False,,,0,0,0
Hum_XLOC_006264,True,0.0,,0,0,0
Hum_XLOC_006265,False,,,0,0,0
Hum_XLOC_006266,False,,,0,0,0
Hum_XLOC_006267,True,0.0,,0,0,0
Hum_XLOC_006268,False,,,0,0,0
Hum_XLOC_006269,True,0.0,,0,0,0
Hum_XLOC_006270,False,,,0,0,0
Hum_XLOC_006273,False,,,0,0,0
Hum_XLOC_006274,True,0.0,,0,0,0
Hum_XLOC_006275,False,,,0,0,0
Hum_XLOC_006276,False,,,0,0,0
Hum_XLOC_006277,False,,,0,0,0
Hum_XLOC_006278,True,0.0,,0,0,0
Hum_XLOC_006279,False,,,0,0,0
Hum_XLOC_006280,True,0.0,,0,0,0
Hum_XLOC_006281,False,,,0,0,0
Hum_XLOC_006282,False,,,0,0,0
Hum_XLOC_006284,False,,,0,0,0
Hum_XLOC_006286,False,,,0,0,0
Hum_XLOC_006287,False,,,0,0,0
Hum_XLOC_006288,False,,,0,0,0
Hum_XLOC_006289,False,,,0,0,0
Hum_XLOC_006290,False,,,0,0,0
Hum_XLOC_006291,False,,,0,0,0
Hum_XLOC_006292,False,,,0,0,0
Hum_XLOC_006293,False,,,0,0,0
Hum_XLOC_006294,False,,,0,0,0
Hum_XLOC_006295,False,,,0,0,0
Hum_XLOC_006296,False,,,0,0,0
Hum_XLOC_006297,False,,,0,0,0
Hum_XLOC_006298,False,,,0,0,0
Hum_XLOC_006299,False,,,0,0,0
Hum_XLOC_006300,False,,,0,0,0
Hum_XLOC_006301,False,,,0,0,0
Hum_XLOC_006302,False,,,0,0,0
Hum_XLOC_006304,False,,,0,0,0
Hum_XLOC_006306,True,0.0,,0,0,0
Hum_XLOC_006309,False,,,0,0,0
Hum_XLOC_006310,False,,,0,0,0
Hum_XLOC_006313,False,,,0,0,0
Hum_XLOC_006314,False,,,0,0,0
Hum_XLOC_006315,True,0.0,,0,0,0
Hum_XLOC_006316,True,0.0,,0,0,0
Hum_XLOC_006317,False,,,0,0,0
Hum_XLOC_006318,True,0.0,,0,0,0
Hum_XLOC_006320,True,0.0,,0,0,0
Hum_XLOC_006323,True,0.0,,0,0,0
Hum_XLOC_006326,False,,,0,0,0
Hum_XLOC_006327,False,,,0,0,0
Hum_XLOC_006328,False,,,0,0,0
Hum_XLOC_006329,False,,,0,0,0
Hum_XLOC_006331,False,,,0,0,0
Hum_XLOC_006332,False,,,0,0,0
Hum_XLOC_006334,False,,,0,0,0
Hum_XLOC_006335,True,0.0,,0,0,0
Hum_XLOC_006336,False,,,0,0,0
Hum_XLOC_006337,False,,,0,0,0
Hum_XLOC_006338,False,,,0,0,0
Hum_XLOC_006343,True,0.0,,0,0,0
Hum_XLOC_006344,False,,,0,0,0
Hum_XLOC_006345,False,,,0,0,0
Hum_XLOC_006346,True,0.0,,0,0,0
Hum_XLOC_006347,False,,,0,0,0
Hum_XLOC_006348,False,,,0,0,0
Hum_XLOC_006349,False,,,0,0,0
Hum_XLOC_006350,False,,,0,0,0
Hum_XLOC_006352,False,,,0,0,0
Hum_XLOC_006353,False,,,0,0,0
Hum_XLOC_006354,False,,,0,0,0
Hum_XLOC_006355,True,0.0,,0,0,0
Hum_XLOC_006356,False,,,0,0,0
Hum_XLOC_006357,False,,,0,0,0
Hum_XLOC_006358,False,,,0,0,0
Hum_XLOC_006359,False,,,0,0,0
Hum_XLOC_006360,False,,,0,0,0
Hum_XLOC_006361,False,,,0,0,0
Hum_XLOC_006362,False,,,0,0,0
Hum_XLOC_006363,False,,,0,0,0
Hum_XLOC_006364,False,,,0,0,0
Hum_XLOC_006365,False,,,0,0,0
Hum_XLOC_006366,False,,,0,0,0
Hum_XLOC_006367,False,,,0,0,0
Hum_XLOC_006368,True,0.0,,0,0,0
Hum_XLOC_006369,True,0.0,,0,0,0
Hum_XLOC_006370,True,0.0,,0,0,0
Hum_XLOC_006371,False,,,0,0,0
Hum_XLOC_006373,False,,,0,0,0
Hum_XLOC_006374,False,,,0,0,0
Hum_XLOC_006375,False,,,0,0,0
Hum_XLOC_006376,False,,,0,0,0
Hum_XLOC_006378,False,,,0,0,0
Hum_XLOC_006379,False,,,0,0,0
Hum_XLOC_006380,True,0.0,,0,0,0
Hum_XLOC_006382,False,,,0,0,0
Hum_XLOC_006383,False,,,0,0,0
Hum_XLOC_006384,False,,,0,0,0
Hum_XLOC_006386,False,,,0,0,0
Hum_XLOC_006387,False,,,0,0,0
Hum_XLOC_006388,False,,,0,0,0
Hum_XLOC_006389,False,,,0,0,0
Hum_XLOC_006391,False,,,0,0,0
Hum_XLOC_006395,False,,,0,0,0
Hum_XLOC_006403,True,0.0,,0,0,0
Hum_XLOC_006406,False,,,0,0,0
Hum_XLOC_006407,False,,,0,0,0
Hum_XLOC_006408,False,,,0,0,0
Hum_XLOC_006409,False,,,0,0,0
Hum_XLOC_006410,False,,,0,0,0
Hum_XLOC_006416,False,,,0,0,0
Hum_XLOC_006418,False,,,0,0,0
Hum_XLOC_006421,False,,,0,0,0
Hum_XLOC_006422,True,0.0,,0,0,0
Hum_XLOC_006427,True,0.0,,0,0,0
Hum_XLOC_006428,False,,,0,0,0
Hum_XLOC_006429,False,,,0,0,0
Hum_XLOC_006432,False,,,0,0,0
Hum_XLOC_006434,True,0.0,,0,0,0
Hum_XLOC_006435,False,,,0,0,0
Hum_XLOC_006436,False,,,0,0,0
Hum_XLOC_006437,False,,,0,0,0
Hum_XLOC_006438,False,,,0,0,0
Hum_XLOC_006440,False,,,0,0,0
Hum_XLOC_006441,False,,,0,0,0
Hum_XLOC_006442,False,,,0,0,0
Hum_XLOC_006443,False,,,0,0,0
Hum_XLOC_006444,False,,,0,0,0
Hum_XLOC_006445,True,0.0,,0,0,0
Hum_XLOC_006446,False,,,0,0,0
Hum_XLOC_006447,False,,,0,0,0
Hum_XLOC_006452,False,,,0,0,0
Hum_XLOC_006455,True,0.0,,0,0,0
Hum_XLOC_006458,False,,,0,0,0
Hum_XLOC_006459,False,,,0,0,0
Hum_XLOC_006460,False,,,0,0,0
Hum_XLOC_006462,False,,,0,0,0
Hum_XLOC_006463,False,,,0,0,0
Hum_XLOC_006464,False,,,0,0,0
Hum_XLOC_006466,False,,,0,0,0
Hum_XLOC_006467,False,,,0,0,0
Hum_XLOC_006469,False,,,0,0,0
Hum_XLOC_006470,False,,,0,0,0
Hum_XLOC_006471,False,,,0,0,0
Hum_XLOC_006474,False,,,0,0,0
Hum_XLOC_006475,True,0.0,,0,0,0
Hum_XLOC_006478,False,,,0,0,0
Hum_XLOC_006479,False,,,0,0,0
Hum_XLOC_006480,False,,,0,0,0
Hum_XLOC_006481,False,,,0,0,0
Hum_XLOC_006482,True,0.0,,0,0,0
Hum_XLOC_006483,False,,,0,0,0
Hum_XLOC_006484,False,,,0,0,0
Hum_XLOC_006485,False,,,0,0,0
Hum_XLOC_006486,True,0.0,,0,0,0
Hum_XLOC_006487,False,,,0,0,0
Hum_XLOC_006488,False,,,0,0,0
Hum_XLOC_006489,False,,,0,0,0
Hum_XLOC_006491,True,0.0,,0,0,0
Hum_XLOC_006497,True,0.0,,0,0,0
Hum_XLOC_006498,False,,,0,0,0
Hum_XLOC_006499,False,,,0,0,0
Hum_XLOC_006506,False,,,0,0,0
Hum_XLOC_006508,False,,,0,0,0
Hum_XLOC_006509,True,0.0,,0,0,0
Hum_XLOC_006510,False,,,0,0,0
Hum_XLOC_006511,False,,,0,0,0
Hum_XLOC_006512,False,,,0,0,0
Hum_XLOC_006513,False,,,0,0,0
Hum_XLOC_006514,False,,,0,0,0
Hum_XLOC_006516,True,0.0,,0,0,0
Hum_XLOC_006517,False,,,0,0,0
Hum_XLOC_006518,True,0.0,,0,0,0
Hum_XLOC_006520,False,,,0,0,0
Hum_XLOC_006525,False,,,0,0,0
Hum_XLOC_006533,False,,,0,0,0
Hum_XLOC_006534,False,,,0,0,0
Hum_XLOC_006535,False,,,0,0,0
Hum_XLOC_006536,True,0.0,,0,0,0
Hum_XLOC_006537,False,,,0,0,0
Hum_XLOC_006538,False,,,0,0,0
Hum_XLOC_006539,True,0.0,,0,0,0
Hum_XLOC_006541,False,,,0,0,0
Hum_XLOC_006543,False,,,0,0,0
Hum_XLOC_006545,True,0.0,,0,0,0
Hum_XLOC_006546,False,,,0,0,0
Hum_XLOC_006547,True,0.0,,0,0,0
Hum_XLOC_006550,False,,,0,0,0
Hum_XLOC_006552,False,,,0,0,0
Hum_XLOC_006553,False,,,0,0,0
Hum_XLOC_006554,False,,,0,0,0
Hum_XLOC_006555,False,,,0,0,0
Hum_XLOC_006556,False,,,0,0,0
Hum_XLOC_006557,False,,,0,0,0
Hum_XLOC_006559,True,0.0,,0,0,0
Hum_XLOC_006560,False,,,0,0,0
Hum_XLOC_006562,False,,,0,0,0
Hum_XLOC_006563,False,,,0,0,0
Hum_XLOC_006564,False,,,0,0,0
Hum_XLOC_006565,True,0.0,,0,0,0
Hum_XLOC_006566,False,,,0,0,0
Hum_XLOC_006567,False,,,0,0,0
Hum_XLOC_006568,False,,,0,0,0
Hum_XLOC_006569,False,,,0,0,0
Hum_XLOC_006570,True,0.0,,0,0,0
Hum_XLOC_006571,False,,,0,0,0
Hum_XLOC_006572,False,,,0,0,0
Hum_XLOC_006573,False,,,0,0,0
Hum_XLOC_006574,False,,,0,0,0
Hum_XLOC_006576,False,,,0,0,0
Hum_XLOC_006577,False,,,0,0,0
Hum_XLOC_006578,False,,,0,0,0
Hum_XLOC_006579,False,,,0,0,0
Hum_XLOC_006580,False,,,0,0,0
Hum_XLOC_006581,False,,,0,0,0
Hum_XLOC_006582,False,,,0,0,0
Hum_XLOC_006583,False,,,0,0,0
Hum_XLOC_006584,False,,,0,0,0
Hum_XLOC_006585,False,,,0,0,0
Hum_XLOC_006586,False,,,0,0,0
Hum_XLOC_006588,False,,,0,0,0
Hum_XLOC_006590,False,,,0,0,0
Hum_XLOC_006591,False,,,0,0,0
Hum_XLOC_006592,False,,,0,0,0
Hum_XLOC_006593,False,,,0,0,0
Hum_XLOC_006596,False,,,0,0,0
Hum_XLOC_006597,False,,,0,0,0
Hum_XLOC_006598,False,,,0,0,0
Hum_XLOC_006599,False,,,0,0,0
Hum_XLOC_006601,False,,,0,0,0
Hum_XLOC_006602,False,,,0,0,0
Hum_XLOC_006603,False,,,0,0,0
Hum_XLOC_006605,False,,,0,0,0
Hum_XLOC_006606,True,0.0,,0,0,0
Hum_XLOC_006607,False,,,0,0,0
Hum_XLOC_006609,True,0.0,,0,0,0
Hum_XLOC_006610,False,,,0,0,0
Hum_XLOC_006611,False,,,0,0,0
Hum_XLOC_006612,True,0.0,,0,0,0
Hum_XLOC_006614,False,,,0,0,0
Hum_XLOC_006615,False,,,0,0,0
Hum_XLOC_006616,False,,,0,0,0
Hum_XLOC_006617,False,,,0,0,0
Hum_XLOC_006619,False,,,0,0,0
Hum_XLOC_006620,False,,,0,0,0
Hum_XLOC_006622,False,,,0,0,0
Hum_XLOC_006623,False,,,0,0,0
Hum_XLOC_006625,True,0.0,,0,0,0
Hum_XLOC_006626,True,0.0,,0,0,0
Hum_XLOC_006627,False,,,0,0,0
Hum_XLOC_006628,False,,,0,0,0
Hum_XLOC_006629,False,,,0,0,0
Hum_XLOC_006630,False,,,0,0,0
Hum_XLOC_006631,True,0.0,,0,0,0
Hum_XLOC_006634,False,,,0,0,0
Hum_XLOC_006635,False,,,0,0,0
Hum_XLOC_006636,False,,,0,0,0
Hum_XLOC_006637,True,0.0,,0,0,0
Hum_XLOC_006638,False,,,0,0,0
Hum_XLOC_006639,False,,,0,0,0
Hum_XLOC_006643,False,,,0,0,0
Hum_XLOC_006644,False,,,0,0,0
Hum_XLOC_006648,False,,,0,0,0
Hum_XLOC_006649,False,,,0,0,0
Hum_XLOC_006653,False,,,0,0,0
Hum_XLOC_006657,False,,2.0,0,0,1
Hum_XLOC_006658,False,,,0,0,0
Hum_XLOC_006659,False,,,0,0,0
Hum_XLOC_006660,False,,0.0,2,2,2
Hum_XLOC_006662,False,,,0,0,0
Hum_XLOC_006663,False,,,0,0,0
Hum_XLOC_006664,False,,,0,0,0
Hum_XLOC_006667,False,,,0,0,0
Hum_XLOC_006668,False,,,0,0,0
Hum_XLOC_006669,False,,,0,0,0
Hum_XLOC_006670,False,,,0,0,0
Hum_XLOC_006671,False,,,0,0,0
Hum_XLOC_006673,False,,,0,0,0
Hum_XLOC_006678,False,,,0,0,0
Hum_XLOC_006679,False,,,0,0,0
Hum_XLOC_006682,False,,,0,0,0
Hum_XLOC_006684,False,,,0,0,0
Hum_XLOC_006685,False,,,0,0,0
Hum_XLOC_006690,False,,,0,0,0
Hum_XLOC_006691,False,,,0,0,0
Hum_XLOC_006692,False,,,0,0,0
Hum_XLOC_006703,False,,,0,0,0
Hum_XLOC_006705,False,,,0,0,0
Hum_XLOC_006709,True,0.0,,0,0,0
Hum_XLOC_006710,False,,,0,0,0
Hum_XLOC_006713,False,,,0,0,0
Hum_XLOC_006720,False,,,0,0,0
Hum_XLOC_006721,False,,,0,0,0
Hum_XLOC_006723,False,,,0,0,0
Hum_XLOC_006724,False,,,0,0,0
Hum_XLOC_006725,True,0.0,,0,0,0
Hum_XLOC_006726,False,,,0,0,0
Hum_XLOC_006730,True,0.0,,0,0,0
Hum_XLOC_006733,False,,,0,0,0
Hum_XLOC_006734,False,,,0,0,0
Hum_XLOC_006735,False,,,0,0,0
Hum_XLOC_006736,False,,,0,0,0
Hum_XLOC_006737,False,,,0,0,0
Hum_XLOC_006738,True,0.0,,0,0,0
Hum_XLOC_006740,False,,,0,0,0
Hum_XLOC_006741,False,,,0,0,0
Hum_XLOC_006742,False,,,0,0,0
Hum_XLOC_006743,True,0.0,,0,0,0
Hum_XLOC_006744,True,0.0,,0,0,0
Hum_XLOC_006745,False,,,0,0,0
Hum_XLOC_006754,False,,,0,0,0
Hum_XLOC_006755,False,,,0,0,0
Hum_XLOC_006756,True,0.0,,0,0,0
Hum_XLOC_006757,False,,,0,0,0
Hum_XLOC_006758,False,,,0,0,0
Hum_XLOC_006760,False,,,0,0,0
Hum_XLOC_006761,False,,,0,0,0
Hum_XLOC_006763,False,,,0,0,0
Hum_XLOC_006764,False,,,0,0,0
Hum_XLOC_006765,False,,,0,0,0
Hum_XLOC_006767,False,,,0,0,0
Hum_XLOC_006779,False,,,0,0,0
Hum_XLOC_006780,False,,,0,0,0
Hum_XLOC_006782,False,,,0,0,0
Hum_XLOC_006783,False,,,0,0,0
Hum_XLOC_006784,False,,,0,0,0
Hum_XLOC_006785,False,,,0,0,0
Hum_XLOC_006786,False,,,0,0,0
Hum_XLOC_006787,False,,,0,0,0
Hum_XLOC_006788,False,,,0,0,0
Hum_XLOC_006791,False,,,0,0,0
Hum_XLOC_006792,False,,,0,0,0
Hum_XLOC_006793,False,,,0,0,0
Hum_XLOC_006794,False,,,0,0,0
Hum_XLOC_006797,False,,,0,0,0
Hum_XLOC_006798,False,,,0,0,0
Hum_XLOC_006799,True,0.0,,0,0,0
Hum_XLOC_006802,False,,,0,0,0
Hum_XLOC_006803,False,,,0,0,0
Hum_XLOC_006804,False,,,0,0,0
Hum_XLOC_006805,False,,,0,0,0
Hum_XLOC_006806,False,,,0,0,0
Hum_XLOC_006807,False,,,0,0,0
Hum_XLOC_006815,False,,,0,0,0
Hum_XLOC_006816,False,,,0,0,0
Hum_XLOC_006817,True,0.0,,0,0,0
Hum_XLOC_006820,False,,,0,0,0
Hum_XLOC_006821,False,,,0,0,0
Hum_XLOC_006822,True,0.0,,0,0,0
Hum_XLOC_006823,True,0.0,,0,0,0
Hum_XLOC_006824,False,,,0,0,0
Hum_XLOC_006825,False,,,0,0,0
Hum_XLOC_006826,False,,,0,0,0
Hum_XLOC_006827,False,,,0,0,0
Hum_XLOC_006828,False,,,0,0,0
Hum_XLOC_006830,True,0.0,,0,0,0
Hum_XLOC_006832,False,,,0,0,0
Hum_XLOC_006833,False,,,0,0,0
Hum_XLOC_006834,False,,,0,0,0
Hum_XLOC_006835,False,,,0,0,0
Hum_XLOC_006836,False,,,0,0,0
Hum_XLOC_006837,False,,,0,0,0
Hum_XLOC_006847,False,,,0,0,0
Hum_XLOC_006850,False,,,0,0,0
Hum_XLOC_006851,False,,,0,0,0
Hum_XLOC_006852,False,,,0,0,0
Hum_XLOC_006853,True,0.0,,0,0,0
Hum_XLOC_006854,False,,,0,0,0
Hum_XLOC_006855,False,,,0,0,0
Hum_XLOC_006856,False,,,0,0,0
Hum_XLOC_006857,False,,,0,0,0
Hum_XLOC_006858,False,,,0,0,0
Hum_XLOC_006861,False,,,0,0,0
Hum_XLOC_006865,True,0.0,,0,0,0
Hum_XLOC_006871,False,,,0,0,0
Hum_XLOC_006879,True,0.0,,0,0,0
Hum_XLOC_006881,True,0.0,,0,0,0
Hum_XLOC_006886,False,,,0,0,0
Hum_XLOC_006887,False,,,0,0,0
Hum_XLOC_006888,False,,,0,0,0
Hum_XLOC_006891,False,,,0,0,0
Hum_XLOC_006893,False,,,0,0,0
Hum_XLOC_006894,False,,,0,0,0
Hum_XLOC_006895,False,,,0,0,0
Hum_XLOC_006897,False,,,0,0,0
Hum_XLOC_006898,True,0.0,,0,0,0
Hum_XLOC_006899,False,,,0,0,0
Hum_XLOC_006900,False,,,0,0,0
Hum_XLOC_006901,False,,,0,0,0
Hum_XLOC_006902,False,,,0,0,0
Hum_XLOC_006903,False,,,0,0,0
Hum_XLOC_006904,False,,,0,0,0
Hum_XLOC_006905,False,,,0,0,0
Hum_XLOC_006906,False,,,0,0,0
Hum_XLOC_006907,False,,,0,0,0
Hum_XLOC_006908,True,0.0,,0,0,0
Hum_XLOC_006909,False,,,0,0,0
Hum_XLOC_006917,False,,,0,0,0
Hum_XLOC_006918,False,,,0,0,0
Hum_XLOC_006919,False,,,0,0,0
Hum_XLOC_006922,True,0.0,,0,0,0
Hum_XLOC_006923,False,,,0,0,0
Hum_XLOC_006924,False,,,0,0,0
Hum_XLOC_006925,False,,,0,0,0
Hum_XLOC_006926,False,,,0,0,0
Hum_XLOC_006927,False,,,0,0,0
Hum_XLOC_006928,False,,,0,0,0
Hum_XLOC_006929,False,,,0,0,0
Hum_XLOC_006930,False,,,0,0,0
Hum_XLOC_006931,True,0.0,,0,0,0
Hum_XLOC_006932,False,,,0,0,0
Hum_XLOC_006935,False,,,0,0,0
Hum_XLOC_006936,False,,,0,0,0
Hum_XLOC_006938,False,,,0,0,0
Hum_XLOC_006939,False,,,0,0,0
Hum_XLOC_006940,False,,,0,0,0
Hum_XLOC_006941,False,,,0,0,0
Hum_XLOC_006943,False,,,0,0,0
Hum_XLOC_006944,False,,,0,0,0
Hum_XLOC_006946,True,0.0,,0,0,0
Hum_XLOC_006950,False,,,0,0,0
Hum_XLOC_006951,False,,,0,0,0
Hum_XLOC_006953,False,,,0,0,0
Hum_XLOC_006954,False,,,0,0,0
Hum_XLOC_006955,False,,,0,0,0
Hum_XLOC_006956,False,,,0,0,0
Hum_XLOC_006957,True,0.0,,0,0,0
Hum_XLOC_006958,False,,,0,0,0
Hum_XLOC_006959,False,,,0,0,0
Hum_XLOC_006960,False,,,0,0,0
Hum_XLOC_006961,False,,,0,0,0
Hum_XLOC_006962,False,,,0,0,0
Hum_XLOC_006963,True,0.0,,0,0,0
Hum_XLOC_006964,False,,,0,0,0
Hum_XLOC_006965,False,,,0,0,0
Hum_XLOC_006966,False,,,0,0,0
Hum_XLOC_006967,False,,,0,0,0
Hum_XLOC_006968,False,,,0,0,0
Hum_XLOC_006969,False,,,0,0,0
Hum_XLOC_006970,False,,,0,0,0
Hum_XLOC_006971,False,,,0,0,0
Hum_XLOC_006972,False,,,0,0,0
Hum_XLOC_006973,False,,,0,0,0
Hum_XLOC_006974,False,,,0,0,0
Hum_XLOC_006975,False,,,0,0,0
Hum_XLOC_006976,False,,,0,0,0
Hum_XLOC_006977,False,,,0,0,0
Hum_XLOC_006980,False,,,0,0,0
Hum_XLOC_006981,False,,,0,0,0
Hum_XLOC_006982,False,,,0,0,0
Hum_XLOC_006983,False,,,0,0,0
Hum_XLOC_006984,False,,,0,0,0
Hum_XLOC_006985,True,0.0,,0,0,0
Hum_XLOC_006988,False,,,0,0,0
Hum_XLOC_006989,True,0.0,,0,0,0
Hum_XLOC_006991,False,,,0,0,0
Hum_XLOC_006992,True,0.0,,0,0,0
Hum_XLOC_006995,False,,,0,0,0
Hum_XLOC_006997,False,,,0,0,0
Hum_XLOC_006998,True,0.0,,0,0,0
Hum_XLOC_007000,False,,,0,0,0
Hum_XLOC_007002,False,,,0,0,0
Hum_XLOC_007003,False,,,0,0,0
Hum_XLOC_007004,True,0.0,,0,0,0
Hum_XLOC_007006,False,,,0,0,0
Hum_XLOC_007010,False,,,0,0,0
Hum_XLOC_007012,False,,,0,0,0
Hum_XLOC_007018,False,,,0,0,0
Hum_XLOC_007019,False,,,0,0,0
Hum_XLOC_007020,False,,,0,0,0
Hum_XLOC_007021,False,,,0,0,0
Hum_XLOC_007022,False,,,0,0,0
Hum_XLOC_007023,False,,,0,0,0
Hum_XLOC_007026,False,,,0,0,0
Hum_XLOC_007027,False,,,0,0,0
Hum_XLOC_007028,False,,,0,0,0
Hum_XLOC_007030,False,,,0,0,0
Hum_XLOC_007031,True,0.0,,0,0,0
Hum_XLOC_007033,False,,,0,0,0
Hum_XLOC_007036,True,0.0,,0,0,0
Hum_XLOC_007038,False,,,0,0,0
Hum_XLOC_007039,True,0.0,,0,0,0
Hum_XLOC_007041,False,,,0,0,0
Hum_XLOC_007044,False,,,0,0,0
Hum_XLOC_007045,False,,,0,0,0
Hum_XLOC_007046,False,,,0,0,0
Hum_XLOC_007047,False,,,0,0,0
Hum_XLOC_007048,False,,,0,0,0
Hum_XLOC_007049,False,,,0,0,0
Hum_XLOC_007050,False,,,0,0,0
Hum_XLOC_007051,False,,,0,0,0
Hum_XLOC_007053,False,,,0,0,0
Hum_XLOC_007054,True,0.0,,0,0,0
Hum_XLOC_007056,True,0.0,,0,0,0
Hum_XLOC_007057,True,0.0,,0,0,0
Hum_XLOC_007059,False,,,0,0,0
Hum_XLOC_007063,False,,,0,0,0
Hum_XLOC_007064,False,,,0,0,0
Hum_XLOC_007065,True,0.0,,0,0,0
Hum_XLOC_007066,False,,,0,0,0
Hum_XLOC_007067,False,,,0,0,0
Hum_XLOC_007075,False,,,0,0,0
Hum_XLOC_007076,False,,,0,0,0
Hum_XLOC_007085,False,,,0,0,0
Hum_XLOC_007092,False,,,0,0,0
Hum_XLOC_007093,False,,,0,0,0
Hum_XLOC_007097,False,,,0,0,0
Hum_XLOC_007099,False,,,0,0,0
Hum_XLOC_007100,False,,,0,0,0
Hum_XLOC_007103,False,,,0,0,0
Hum_XLOC_007106,False,,,0,0,0
Hum_XLOC_007109,True,0.0,,0,0,0
Hum_XLOC_007110,False,,,0,0,0
Hum_XLOC_007113,False,,,0,0,0
Hum_XLOC_007114,False,,,0,0,0
Hum_XLOC_007118,True,0.0,,0,0,0
Hum_XLOC_007122,False,,,0,0,0
Hum_XLOC_007124,False,,,0,0,0
Hum_XLOC_007125,False,,,0,0,0
Hum_XLOC_007131,False,,,0,0,0
Hum_XLOC_007133,False,,,0,0,0
Hum_XLOC_007135,False,,,0,0,0
Hum_XLOC_007140,False,,,0,0,0
Hum_XLOC_007144,True,0.0,,0,0,0
Hum_XLOC_007146,False,,,0,0,0
Hum_XLOC_007147,False,,,0,0,0
Hum_XLOC_007150,False,,,0,0,0
Hum_XLOC_007152,False,,,0,0,0
Hum_XLOC_007155,False,,,0,0,0
Hum_XLOC_007159,False,,,0,0,0
Hum_XLOC_007161,False,,,0,0,0
Hum_XLOC_007162,True,0.0,,0,0,0
Hum_XLOC_007165,True,0.0,,0,0,0
Hum_XLOC_007167,True,0.0,,0,0,0
Hum_XLOC_007168,False,,,0,0,0
Hum_XLOC_007169,False,,,0,0,0
Hum_XLOC_007170,True,0.0,,0,0,0
Hum_XLOC_007171,True,0.0,,0,0,0
Hum_XLOC_007172,False,,,0,0,0
Hum_XLOC_007173,False,,,0,0,0
Hum_XLOC_007174,False,,,0,0,0
Hum_XLOC_007175,False,,,0,0,0
Hum_XLOC_007176,False,,,0,0,0
Hum_XLOC_007177,False,,,0,0,0
Hum_XLOC_007180,False,,,0,0,0
Hum_XLOC_007181,False,,,0,0,0
Hum_XLOC_007183,False,,,0,0,0
Hum_XLOC_007184,False,,,0,0,0
Hum_XLOC_007185,False,,,0,0,0
Hum_XLOC_007186,False,,,0,0,0
Hum_XLOC_007187,False,,,0,0,0
Hum_XLOC_007188,False,,,0,0,0
Hum_XLOC_007192,False,,,0,0,0
Hum_XLOC_007193,True,0.0,,0,0,0
Hum_XLOC_007194,False,,,0,0,0
Hum_XLOC_007196,False,,,0,0,0
Hum_XLOC_007197,True,0.0,,0,0,0
Hum_XLOC_007198,True,0.0,,0,0,0
Hum_XLOC_007199,True,0.0,,0,0,0
Hum_XLOC_007200,False,,,0,0,0
Hum_XLOC_007201,False,,,0,0,0
Hum_XLOC_007202,False,,,0,0,0
Hum_XLOC_007203,True,0.0,,0,0,0
Hum_XLOC_007205,False,,,0,0,0
Hum_XLOC_007206,False,,,0,0,0
Hum_XLOC_007207,False,,,0,0,0
Hum_XLOC_007208,False,,,0,0,0
Hum_XLOC_007210,False,,,0,0,0
Hum_XLOC_007213,False,,,0,0,0
Hum_XLOC_007214,False,,,0,0,0
Hum_XLOC_007215,True,0.0,,0,0,0
Hum_XLOC_007217,False,,,0,0,0
Hum_XLOC_007218,False,,,0,0,0
Hum_XLOC_007219,False,,,0,0,0
Hum_XLOC_007220,False,,,0,0,0
Hum_XLOC_007221,False,,,0,0,0
Hum_XLOC_007223,False,,,0,0,0
Hum_XLOC_007224,False,,,0,0,0
Hum_XLOC_007225,False,,,0,0,0
Hum_XLOC_007227,False,,,0,0,0
Hum_XLOC_007229,False,,,0,0,0
Hum_XLOC_007232,True,0.0,,0,0,0
Hum_XLOC_007233,False,,,0,0,0
Hum_XLOC_007234,False,,,0,0,0
Hum_XLOC_007235,False,,,0,0,0
Hum_XLOC_007236,False,,,0,0,0
Hum_XLOC_007237,False,,,0,0,0
Hum_XLOC_007238,False,,,0,0,0
Hum_XLOC_007239,False,,,0,0,0
Hum_XLOC_007240,False,,,0,0,0
Hum_XLOC_007242,False,,,0,0,0
Hum_XLOC_007243,False,,,0,0,0
Hum_XLOC_007249,True,0.0,,0,0,0
Hum_XLOC_007250,True,0.0,,0,0,0
Hum_XLOC_007252,True,0.0,,0,0,0
Hum_XLOC_007253,False,,,0,0,0
Hum_XLOC_007254,False,,,0,0,0
Hum_XLOC_007255,False,,,0,0,0
Hum_XLOC_007256,False,,,0,0,0
Hum_XLOC_007257,False,,,0,0,0
Hum_XLOC_007259,False,,,0,0,0
Hum_XLOC_007261,False,,,0,0,0
Hum_XLOC_007264,False,,,0,0,0
Hum_XLOC_007265,False,,,0,0,0
Hum_XLOC_007266,False,,,0,0,0
Hum_XLOC_007270,False,,,0,0,0
Hum_XLOC_007271,False,,,0,0,0
Hum_XLOC_007272,False,,,0,0,0
Hum_XLOC_007276,False,,,0,0,0
Hum_XLOC_007277,True,0.0,,0,0,0
Hum_XLOC_007278,False,,,0,0,0
Hum_XLOC_007279,False,,,0,0,0
Hum_XLOC_007282,False,,,0,0,0
Hum_XLOC_007283,False,,,0,0,0
Hum_XLOC_007284,True,0.0,,0,0,0
Hum_XLOC_007287,True,0.0,,0,0,0
Hum_XLOC_007288,False,,,0,0,0
Hum_XLOC_007289,False,,,0,0,0
Hum_XLOC_007290,False,,,0,0,0
Hum_XLOC_007291,False,,,0,0,0
Hum_XLOC_007292,False,,,0,0,0
Hum_XLOC_007293,False,,,0,0,0
Hum_XLOC_007295,False,,,0,0,0
Hum_XLOC_007296,False,,,0,0,0
Hum_XLOC_007299,False,,,0,0,0
Hum_XLOC_007300,False,,,0,0,0
Hum_XLOC_007301,False,,,0,0,0
Hum_XLOC_007302,False,,,0,0,0
Hum_XLOC_007303,False,,,0,0,0
Hum_XLOC_007304,False,,,0,0,0
Hum_XLOC_007305,False,,,0,0,0
Hum_XLOC_007306,False,,,0,0,0
Hum_XLOC_007307,False,,,0,0,0
Hum_XLOC_007313,False,,,0,0,0
Hum_XLOC_007314,False,,,0,0,0
Hum_XLOC_007315,False,,,0,0,0
Hum_XLOC_007316,False,,,0,0,0
Hum_XLOC_007317,False,,,0,0,0
Hum_XLOC_007318,False,,,0,0,0
Hum_XLOC_007319,False,,,0,0,0
Hum_XLOC_007320,False,,,0,0,0
Hum_XLOC_007321,False,,,0,0,0
Hum_XLOC_007327,True,0.0,,0,0,0
Hum_XLOC_007328,False,,,0,0,0
Hum_XLOC_007330,False,,,0,0,0
Hum_XLOC_007333,False,,,0,0,0
Hum_XLOC_007335,False,,,0,0,0
Hum_XLOC_007336,False,,,0,0,0
Hum_XLOC_007339,False,,,0,0,0
Hum_XLOC_007340,False,,,0,0,0
Hum_XLOC_007341,False,,,0,0,0
Hum_XLOC_007342,False,,,0,0,0
Hum_XLOC_007343,False,,,0,0,0
Hum_XLOC_007345,True,0.0,,0,0,0
Hum_XLOC_007346,False,,,0,0,0
Hum_XLOC_007347,True,0.0,,0,0,0
Hum_XLOC_007349,True,0.0,,0,0,0
Hum_XLOC_007355,True,0.0,,0,0,0
Hum_XLOC_007356,True,0.0,,0,0,0
Hum_XLOC_007358,False,,,0,0,0
Hum_XLOC_007359,False,,,0,0,0
Hum_XLOC_007362,True,0.0,,0,0,0
Hum_XLOC_007363,False,,,0,0,0
Hum_XLOC_007364,False,,,0,0,0
Hum_XLOC_007365,False,,,0,0,0
Hum_XLOC_007366,False,,,0,0,0
Hum_XLOC_007367,False,,,0,0,0
Hum_XLOC_007368,False,,,0,0,0
Hum_XLOC_007369,False,,,0,0,0
Hum_XLOC_007370,False,,,0,0,0
Hum_XLOC_007371,False,,,0,0,0
Hum_XLOC_007373,False,,,0,0,0
Hum_XLOC_007375,False,,,0,0,0
Hum_XLOC_007376,False,,,0,0,0
Hum_XLOC_007377,False,,,0,0,0
Hum_XLOC_007378,False,,,0,0,0
Hum_XLOC_007379,False,,,0,0,0
Hum_XLOC_007380,False,,,0,0,0
Hum_XLOC_007381,False,,,0,0,0
Hum_XLOC_007383,False,,,0,0,0
Hum_XLOC_007384,False,,,0,0,0
Hum_XLOC_007385,False,,,0,0,0
Hum_XLOC_007386,False,,,0,0,0
Hum_XLOC_007388,False,,,0,0,0
Hum_XLOC_007389,False,,,0,0,0
Hum_XLOC_007390,False,,,0,0,0
Hum_XLOC_007392,False,,,0,0,0
Hum_XLOC_007393,False,,,0,0,0
Hum_XLOC_007394,False,,,0,0,0
Hum_XLOC_007395,False,,,0,0,0
Hum_XLOC_007396,False,,,0,0,0
Hum_XLOC_007399,False,,,0,0,0
Hum_XLOC_007400,False,,,0,0,0
Hum_XLOC_007401,False,,,0,0,0
Hum_XLOC_007402,False,,,0,0,0
Hum_XLOC_007403,False,,,0,0,0
Hum_XLOC_007404,False,,,0,0,0
Hum_XLOC_007405,False,,,0,0,0
Hum_XLOC_007406,False,,,0,0,0
Hum_XLOC_007407,True,0.0,,0,0,0
Hum_XLOC_007408,True,0.0,,0,0,0
Hum_XLOC_007409,False,,,0,0,0
Hum_XLOC_007412,False,,,0,0,0
Hum_XLOC_007413,False,,,0,0,0
Hum_XLOC_007414,False,,,0,0,0
Hum_XLOC_007415,False,,,0,0,0
Hum_XLOC_007416,False,,,0,0,0
Hum_XLOC_007417,False,,,0,0,0
Hum_XLOC_007418,False,,,0,0,0
Hum_XLOC_007419,True,0.0,,0,0,0
Hum_XLOC_007424,False,,,0,0,0
Hum_XLOC_007430,False,,,0,0,0
Hum_XLOC_007431,False,,,0,0,0
Hum_XLOC_007432,False,,,0,0,0
Hum_XLOC_007442,True,0.0,,0,0,0
Hum_XLOC_007443,True,0.0,,0,0,0
Hum_XLOC_007444,False,,,0,0,0
Hum_XLOC_007445,False,,,0,0,0
Hum_XLOC_007448,False,,,0,0,0
Hum_XLOC_007449,False,,,0,0,0
Hum_XLOC_007452,True,0.0,,0,0,0
Hum_XLOC_007457,False,,,0,0,0
Hum_XLOC_007459,False,,,0,0,0
Hum_XLOC_007464,True,0.0,,0,0,0
Hum_XLOC_007465,False,,,0,0,0
Hum_XLOC_007468,True,0.0,,0,0,0
Hum_XLOC_007469,False,,,0,0,0
Hum_XLOC_007478,False,,,0,0,0
Hum_XLOC_007479,False,,,0,0,0
Hum_XLOC_007480,False,,,0,0,0
Hum_XLOC_007482,False,,,0,0,0
Hum_XLOC_007483,False,,,0,0,0
Hum_XLOC_007484,False,,,0,0,0
Hum_XLOC_007485,True,0.0,,0,0,0
Hum_XLOC_007486,False,,,0,0,0
Hum_XLOC_007487,False,,,0,0,0
Hum_XLOC_007488,False,,,0,0,0
Hum_XLOC_007489,False,,,0,0,0
Hum_XLOC_007493,False,,,0,0,0
Hum_XLOC_007496,True,0.0,,0,0,0
Hum_XLOC_007498,False,,,0,0,0
Hum_XLOC_007500,True,0.0,,0,0,0
Hum_XLOC_007503,False,,,0,0,0
Hum_XLOC_007506,False,,,0,0,0
Hum_XLOC_007507,False,,,0,0,0
Hum_XLOC_007512,True,0.0,,0,0,0
Hum_XLOC_007514,False,,,0,0,0
Hum_XLOC_007515,False,,,0,0,0
Hum_XLOC_007516,True,0.0,,0,0,0
Hum_XLOC_007518,False,,,0,0,0
Hum_XLOC_007520,False,,,0,0,0
Hum_XLOC_007521,False,,,0,0,0
Hum_XLOC_007523,False,,,0,0,0
Hum_XLOC_007524,False,,,0,0,0
Hum_XLOC_007525,False,,,0,0,0
Hum_XLOC_007526,True,0.0,,0,0,0
Hum_XLOC_007529,False,,,0,0,0
Hum_XLOC_007532,True,0.0,,0,0,0
Hum_XLOC_007533,False,,,0,0,0
Hum_XLOC_007537,False,,,0,0,0
Hum_XLOC_007538,False,,,0,0,0
Hum_XLOC_007542,False,,,0,0,0
Hum_XLOC_007543,False,,,0,0,0
Hum_XLOC_007544,True,0.0,,0,0,0
Hum_XLOC_007545,False,,,0,0,0
Hum_XLOC_007546,False,,,0,0,0
Hum_XLOC_007547,False,,,0,0,0
Hum_XLOC_007548,False,,,0,0,0
Hum_XLOC_007551,False,,,0,0,0
Hum_XLOC_007556,True,0.0,,0,0,0
Hum_XLOC_007557,False,,,0,0,0
Hum_XLOC_007559,False,,,0,0,0
Hum_XLOC_007560,True,0.0,,0,0,0
Hum_XLOC_007564,True,0.0,,0,0,0
Hum_XLOC_007565,False,,,0,0,0
Hum_XLOC_007566,False,,,0,0,0
Hum_XLOC_007572,True,0.0,,0,0,0
Hum_XLOC_007573,False,,,0,0,0
Hum_XLOC_007576,False,,,0,0,0
Hum_XLOC_007581,True,0.0,,0,0,0
Hum_XLOC_007582,False,,,0,0,0
Hum_XLOC_007583,True,0.0,,0,0,0
Hum_XLOC_007586,True,0.0,,0,0,0
Hum_XLOC_007588,True,0.0,,0,0,0
Hum_XLOC_007589,True,0.0,,0,0,0
Hum_XLOC_007590,False,,,0,0,0
Hum_XLOC_007592,False,,,0,0,0
Hum_XLOC_007593,False,,,0,0,0
Hum_XLOC_007596,False,,,0,0,0
Hum_XLOC_007599,True,0.0,,0,0,0
Hum_XLOC_007600,False,,,0,0,0
Hum_XLOC_007601,False,,,0,0,0
Hum_XLOC_007606,False,,,0,0,0
Hum_XLOC_007607,False,,,0,0,0
Hum_XLOC_007608,True,0.0,,0,0,0
Hum_XLOC_007610,True,0.0,,0,0,0
Hum_XLOC_007611,True,0.0,,0,0,0
Hum_XLOC_007612,True,0.0,,0,0,0
Hum_XLOC_007613,False,,,0,0,0
Hum_XLOC_007614,False,,,0,0,0
Hum_XLOC_007615,False,,,0,0,0
Hum_XLOC_007616,False,,,0,0,0
Hum_XLOC_007617,False,,,0,0,0
Hum_XLOC_007618,False,,,0,0,0
Hum_XLOC_007619,True,0.0,,0,0,0
Hum_XLOC_007620,False,,,0,0,0
Hum_XLOC_007622,False,,,0,0,0
Hum_XLOC_007625,True,0.0,,0,0,0
Hum_XLOC_007626,False,,,0,0,0
Hum_XLOC_007628,False,,,0,0,0
Hum_XLOC_007629,False,,,0,0,0
Hum_XLOC_007632,False,,,0,0,0
Hum_XLOC_007633,False,,,0,0,0
Hum_XLOC_007635,False,,,0,0,0
Hum_XLOC_007636,False,,,0,0,0
Hum_XLOC_007638,False,,,0,0,0
Hum_XLOC_007642,False,,,0,0,0
Hum_XLOC_007643,True,0.0,,0,0,0
Hum_XLOC_007644,False,,,0,0,0
Hum_XLOC_007645,False,,,0,0,0
Hum_XLOC_007646,False,,,0,0,0
Hum_XLOC_007647,False,,,0,0,0
Hum_XLOC_007648,False,,,0,0,0
Hum_XLOC_007651,False,,,0,0,0
Hum_XLOC_007652,False,,,0,0,0
Hum_XLOC_007653,False,,,0,0,0
Hum_XLOC_007656,False,,,0,0,0
Hum_XLOC_007657,True,0.0,,0,0,0
Hum_XLOC_007666,False,,,0,0,0
Hum_XLOC_007667,False,,,0,0,0
Hum_XLOC_007668,False,,,0,0,0
Hum_XLOC_007670,False,,,0,0,0
Hum_XLOC_007671,False,,,0,0,0
Hum_XLOC_007677,False,,,0,0,0
Hum_XLOC_007678,True,0.0,,0,0,0
Hum_XLOC_007679,False,,,0,0,0
Hum_XLOC_007680,False,,,0,0,0
Hum_XLOC_007682,True,0.0,,0,0,0
Hum_XLOC_007683,False,,,0,0,0
Hum_XLOC_007685,False,,,0,0,0
Hum_XLOC_007686,False,,,0,0,0
Hum_XLOC_007687,False,,,0,0,0
Hum_XLOC_007688,False,,,0,0,0
Hum_XLOC_007695,False,,,0,0,0
Hum_XLOC_007696,False,,,0,0,0
Hum_XLOC_007697,False,,,0,0,0
Hum_XLOC_007702,True,0.0,,0,0,0
Hum_XLOC_007703,True,0.0,,0,0,0
Hum_XLOC_007706,False,,,0,0,0
Hum_XLOC_007708,False,,,0,0,0
Hum_XLOC_007709,True,0.0,,0,0,0
Hum_XLOC_007710,False,,,0,0,0
Hum_XLOC_007711,False,,,0,0,0
Hum_XLOC_007713,False,,,0,0,0
Hum_XLOC_007714,False,,,0,0,0
Hum_XLOC_007715,False,,,0,0,0
Hum_XLOC_007716,False,,,0,0,0
Hum_XLOC_007718,False,,,0,0,0
Hum_XLOC_007720,False,,,0,0,0
Hum_XLOC_007721,False,,,0,0,0
Hum_XLOC_007722,True,0.0,,0,0,0
Hum_XLOC_007723,False,,,0,0,0
Hum_XLOC_007724,False,,,0,0,0
Hum_XLOC_007726,False,,,0,0,0
Hum_XLOC_007727,False,,,0,0,0
Hum_XLOC_007728,False,,,0,0,0
Hum_XLOC_007729,False,,,0,0,0
Hum_XLOC_007730,False,,,0,0,0
Hum_XLOC_007731,True,0.0,,0,0,0
Hum_XLOC_007732,False,,,0,0,0
Hum_XLOC_007733,False,,,0,0,0
Hum_XLOC_007734,False,,,0,0,0
Hum_XLOC_007736,False,,,0,0,0
Hum_XLOC_007737,False,,,0,0,0
Hum_XLOC_007738,False,,,0,0,0
Hum_XLOC_007739,False,,,0,0,0
Hum_XLOC_007740,False,,,0,0,0
Hum_XLOC_007741,False,,,0,0,0
Hum_XLOC_007742,True,0.0,,0,0,0
Hum_XLOC_007743,False,,,0,0,0
Hum_XLOC_007744,False,,,0,0,0
Hum_XLOC_007755,False,,,0,0,0
Hum_XLOC_007757,False,,,0,0,0
Hum_XLOC_007758,False,,,0,0,0
Hum_XLOC_007760,False,,,0,0,0
Hum_XLOC_007765,False,,,0,0,0
Hum_XLOC_007768,False,,,0,0,0
Hum_XLOC_007769,False,,,0,0,0
Hum_XLOC_007770,True,0.0,,0,0,0
Hum_XLOC_007771,False,,,0,0,0
Hum_XLOC_007772,False,,,0,0,0
Hum_XLOC_007775,False,,,0,0,0
Hum_XLOC_007778,True,0.0,,0,0,0
Hum_XLOC_007781,False,,,0,0,0
Hum_XLOC_007783,False,,,0,0,0
Hum_XLOC_007784,False,,,0,0,0
Hum_XLOC_007785,False,,,0,0,0
Hum_XLOC_007787,False,,,0,0,0
Hum_XLOC_007794,False,,,0,0,0
Hum_XLOC_007795,False,,,0,0,0
Hum_XLOC_007796,False,,,0,0,0
Hum_XLOC_007797,False,,,0,0,0
Hum_XLOC_007798,False,,,0,0,0
Hum_XLOC_007800,False,,,0,0,0
Hum_XLOC_007801,False,,,0,0,0
Hum_XLOC_007802,True,0.0,,0,0,0
Hum_XLOC_007803,False,,,0,0,0
Hum_XLOC_007805,False,,,0,0,0
Hum_XLOC_007806,True,0.0,,0,0,0
Hum_XLOC_007807,False,,,0,0,0
Hum_XLOC_007808,False,,,0,0,0
Hum_XLOC_007809,False,,,0,0,0
Hum_XLOC_007810,False,,,0,0,0
Hum_XLOC_007811,False,,,0,0,0
Hum_XLOC_007812,False,,,0,0,0
Hum_XLOC_007813,False,,,0,0,0
Hum_XLOC_007814,False,,,0,0,0
Hum_XLOC_007815,False,,,0,0,0
Hum_XLOC_007816,False,,,0,0,0
Hum_XLOC_007817,False,,,0,0,0
Hum_XLOC_007818,False,,,0,0,0
Hum_XLOC_007830,True,0.0,,0,0,0
Hum_XLOC_007831,False,,,0,0,0
Hum_XLOC_007832,False,,,0,0,0
Hum_XLOC_007833,False,,,0,0,0
Hum_XLOC_007834,False,,,0,0,0
Hum_XLOC_007838,False,,,0,0,0
Hum_XLOC_007839,False,,,0,0,0
Hum_XLOC_007840,False,,,0,0,0
Hum_XLOC_007841,False,,,0,0,0
Hum_XLOC_007843,True,0.0,,0,0,0
Hum_XLOC_007844,True,0.0,,0,0,0
Hum_XLOC_007845,False,,,0,0,0
Hum_XLOC_007846,True,0.0,,0,0,0
Hum_XLOC_007847,True,0.0,,0,0,0
Hum_XLOC_007848,True,0.0,,0,0,0
Hum_XLOC_007853,False,,,0,0,0
Hum_XLOC_007855,True,0.0,,0,0,0
Hum_XLOC_007856,False,,,0,0,0
Hum_XLOC_007857,False,,,0,0,0
Hum_XLOC_007858,False,,,0,0,0
Hum_XLOC_007859,True,0.0,,0,0,0
Hum_XLOC_007860,False,,,0,0,0
Hum_XLOC_007866,True,0.0,,0,0,0
Hum_XLOC_007867,False,,,0,0,0
Hum_XLOC_007872,False,,,0,0,0
Hum_XLOC_007875,False,,,0,0,0
Hum_XLOC_007878,False,,,0,0,0
Hum_XLOC_007879,False,,,0,0,0
Hum_XLOC_007880,True,0.0,,0,0,0
Hum_XLOC_007881,False,,,0,0,0
Hum_XLOC_007882,True,0.0,,0,0,0
Hum_XLOC_007883,False,,,0,0,0
Hum_XLOC_007884,False,,,0,0,0
Hum_XLOC_007887,False,,,0,0,0
Hum_XLOC_007888,False,,,0,0,0
Hum_XLOC_007891,False,,,0,0,0
Hum_XLOC_007892,False,,,0,0,0
Hum_XLOC_007893,True,0.0,,0,0,0
Hum_XLOC_007894,False,,,0,0,0
Hum_XLOC_007895,False,,,0,0,0
Hum_XLOC_007896,False,,,0,0,0
Hum_XLOC_007897,False,,,0,0,0
Hum_XLOC_007899,True,0.0,,0,0,0
Hum_XLOC_007902,False,,,0,0,0
Hum_XLOC_007910,False,,,0,0,0
Hum_XLOC_007911,False,,,0,0,0
Hum_XLOC_007912,False,,,0,0,0
Hum_XLOC_007913,False,,,0,0,0
Hum_XLOC_007915,True,0.0,,0,0,0
Hum_XLOC_007916,False,,,0,0,0
Hum_XLOC_007917,True,0.0,,0,0,0
Hum_XLOC_007921,False,,,0,0,0
Hum_XLOC_007922,True,0.0,,0,0,0
Hum_XLOC_007923,False,,,0,0,0
Hum_XLOC_007924,True,0.0,,0,0,0
Hum_XLOC_007925,False,,,0,0,0
Hum_XLOC_007928,False,,,0,0,0
Hum_XLOC_007930,False,,,0,0,0
Hum_XLOC_007942,False,,,0,0,0
Hum_XLOC_007948,False,,,0,0,0
Hum_XLOC_007949,False,,,0,0,0
Hum_XLOC_007952,False,,,0,0,0
Hum_XLOC_007956,False,,,0,0,0
Hum_XLOC_007959,False,,,0,0,0
Hum_XLOC_007964,False,,,0,0,0
Hum_XLOC_007972,False,,,0,0,0
Hum_XLOC_007974,False,,,0,0,0
Hum_XLOC_007981,False,,,0,0,0
Hum_XLOC_007983,False,,,0,0,0
Hum_XLOC_007984,False,,,0,0,0
Hum_XLOC_007989,False,,,0,0,0
Hum_XLOC_007992,True,0.0,,0,0,0
Hum_XLOC_007994,False,,,0,0,0
Hum_XLOC_007995,True,0.0,,0,0,0
Hum_XLOC_007996,False,,,0,0,0
Hum_XLOC_007997,False,,,0,0,0
Hum_XLOC_007998,False,,,0,0,0
Hum_XLOC_008002,False,,,0,0,0
Hum_XLOC_008007,False,,,0,0,0
Hum_XLOC_008008,True,0.0,,0,0,0
Hum_XLOC_008010,False,,,0,0,0
Hum_XLOC_008011,False,,,0,0,0
Hum_XLOC_008020,True,0.0,,0,0,0
Hum_XLOC_008021,False,,,0,0,0
Hum_XLOC_008022,False,,,0,0,0
Hum_XLOC_008026,False,,,0,0,0
Hum_XLOC_008031,False,,,0,0,0
Hum_XLOC_008036,True,0.0,,0,0,0
Hum_XLOC_008042,False,,,0,0,0
Hum_XLOC_008043,False,,,0,0,0
Hum_XLOC_008044,False,,,0,0,0
Hum_XLOC_008046,False,,,0,0,0
Hum_XLOC_008049,False,,,0,0,0
Hum_XLOC_008050,True,0.0,,0,0,0
Hum_XLOC_008052,False,,,0,0,0
Hum_XLOC_008053,False,,,0,0,0
Hum_XLOC_008054,False,,,0,0,0
Hum_XLOC_008055,False,,,0,0,0
Hum_XLOC_008064,True,0.0,,0,0,0
Hum_XLOC_008073,False,,,0,0,0
Hum_XLOC_008075,False,,,0,0,0
Hum_XLOC_008076,True,0.0,,0,0,0
Hum_XLOC_008077,False,,,0,0,0
Hum_XLOC_008078,False,,,0,0,0
Hum_XLOC_008080,False,,,0,0,0
Hum_XLOC_008081,True,0.0,,0,0,0
Hum_XLOC_008083,False,,,0,0,0
Hum_XLOC_008084,False,,,0,0,0
Hum_XLOC_008090,False,,,0,0,0
Hum_XLOC_008099,True,0.0,,0,0,0
Hum_XLOC_008101,True,0.0,,0,0,0
Hum_XLOC_008114,False,,,0,0,0
Hum_XLOC_008115,True,0.0,,0,0,0
Hum_XLOC_008120,False,,,0,0,0
Hum_XLOC_008128,False,,,0,0,0
Hum_XLOC_008129,False,,,0,0,0
Hum_XLOC_008142,False,,,0,0,0
Hum_XLOC_008143,False,,,0,0,0
Hum_XLOC_008148,False,,,0,0,0
Hum_XLOC_008149,False,,,0,0,0
Hum_XLOC_008150,False,,1.0,0,1,1
Hum_XLOC_008151,False,,,0,0,0
Hum_XLOC_008153,False,,,0,0,0
Hum_XLOC_008155,False,,,0,0,0
Hum_XLOC_008158,True,0.0,,0,0,0
Hum_XLOC_008159,False,,,0,0,0
Hum_XLOC_008160,True,0.0,,0,0,0
Hum_XLOC_008166,False,,,0,0,0
Hum_XLOC_008167,False,,,0,0,0
Hum_XLOC_008168,False,,,0,0,0
Hum_XLOC_008170,False,,,0,0,0
Hum_XLOC_008171,True,0.0,,0,0,0
Hum_XLOC_008172,False,,,0,0,0
Hum_XLOC_008175,False,,,0,0,0
Hum_XLOC_008176,False,,,0,0,0
Hum_XLOC_008178,False,,,0,0,0
Hum_XLOC_008179,True,0.0,,0,0,0
Hum_XLOC_008181,False,,,0,0,0
Hum_XLOC_008182,False,,,0,0,0
Hum_XLOC_008183,True,0.0,,0,0,0
Hum_XLOC_008184,False,,,0,0,0
Hum_XLOC_008185,False,,,0,0,0
Hum_XLOC_008194,False,,,0,0,0
Hum_XLOC_008195,False,,,0,0,0
Hum_XLOC_008196,False,,,0,0,0
Hum_XLOC_008197,False,,,0,0,0
Hum_XLOC_008198,False,,,0,0,0
Hum_XLOC_008199,True,0.0,,0,0,0
Hum_XLOC_008200,False,,,0,0,0
Hum_XLOC_008205,False,,,0,0,0
Hum_XLOC_008206,False,,,0,0,0
Hum_XLOC_008207,False,,,0,0,0
Hum_XLOC_008208,False,,,0,0,0
Hum_XLOC_008211,True,0.0,,0,0,0
Hum_XLOC_008215,False,,,0,0,0
Hum_XLOC_008216,False,,,0,0,0
Hum_XLOC_008221,False,,,0,0,0
Hum_XLOC_008222,False,,,0,0,0
Hum_XLOC_008223,True,0.0,,0,0,0
Hum_XLOC_008224,False,,,0,0,0
Hum_XLOC_008225,True,0.0,,0,0,0
Hum_XLOC_008226,False,,,0,0,0
Hum_XLOC_008227,True,0.0,,0,0,0
Hum_XLOC_008231,False,,,0,0,0
Hum_XLOC_008232,False,,,0,0,0
Hum_XLOC_008233,False,,,0,0,0
Hum_XLOC_008235,False,,,0,0,0
Hum_XLOC_008241,False,,,0,0,0
Hum_XLOC_008243,False,,,0,0,0
Hum_XLOC_008244,False,,,0,0,0
Hum_XLOC_008245,True,0.0,,0,0,0
Hum_XLOC_008249,False,,,0,0,0
Hum_XLOC_008250,False,,,0,0,0
Hum_XLOC_008251,False,,,0,0,0
Hum_XLOC_008253,False,,,0,0,0
Hum_XLOC_008254,False,,,0,0,0
Hum_XLOC_008255,False,,,0,0,0
Hum_XLOC_008256,False,,,0,0,0
Hum_XLOC_008261,False,,,0,0,0
Hum_XLOC_008264,True,0.0,,0,0,0
Hum_XLOC_008265,False,,,0,0,0
Hum_XLOC_008271,False,,,0,0,0
Hum_XLOC_008272,False,,,0,0,0
Hum_XLOC_008273,False,,,0,0,0
Hum_XLOC_008274,False,,,0,0,0
Hum_XLOC_008276,True,0.0,,0,0,0
Hum_XLOC_008281,True,0.0,,0,0,0
Hum_XLOC_008282,True,0.0,,0,0,0
Hum_XLOC_008283,False,,,0,0,0
Hum_XLOC_008286,False,,,0,0,0
Hum_XLOC_008287,False,,,0,0,0
Hum_XLOC_008290,False,,,0,0,0
Hum_XLOC_008293,False,,,0,0,0
Hum_XLOC_008294,False,,,0,0,0
Hum_XLOC_008296,False,,,0,0,0
Hum_XLOC_008299,False,,,0,0,0
Hum_XLOC_008301,False,,,0,0,0
Hum_XLOC_008302,True,0.0,,0,0,0
Hum_XLOC_008304,True,0.0,,0,0,0
Hum_XLOC_008305,False,,,0,0,0
Hum_XLOC_008306,False,,,0,0,0
Hum_XLOC_008307,False,,,0,0,0
Hum_XLOC_008308,False,,,0,0,0
Hum_XLOC_008309,False,,,0,0,0
Hum_XLOC_008310,False,,,0,0,0
Hum_XLOC_008311,False,,,0,0,0
Hum_XLOC_008312,False,,,0,0,0
Hum_XLOC_008313,False,,,0,0,0
Hum_XLOC_008314,True,0.0,,0,0,0
Hum_XLOC_008315,False,,,0,0,0
Hum_XLOC_008316,False,,,0,0,0
Hum_XLOC_008317,False,,,0,0,0
Hum_XLOC_008318,False,,,0,0,0
Hum_XLOC_008319,False,,,0,0,0
Hum_XLOC_008320,True,0.0,,0,0,0
Hum_XLOC_008321,False,,,0,0,0
Hum_XLOC_008322,False,,,0,0,0
Hum_XLOC_008323,False,,,0,0,0
Hum_XLOC_008324,False,,,0,0,0
Hum_XLOC_008326,False,,,0,0,0
Hum_XLOC_008328,False,,,0,0,0
Hum_XLOC_008329,True,0.0,,0,0,0
Hum_XLOC_008330,True,0.0,,0,0,0
Hum_XLOC_008331,False,,,0,0,0
Hum_XLOC_008334,False,,,0,0,0
Hum_XLOC_008335,False,,,0,0,0
Hum_XLOC_008336,False,,,0,0,0
Hum_XLOC_008337,False,,,0,0,0
Hum_XLOC_008338,False,,,0,0,0
Hum_XLOC_008339,False,,,0,0,0
Hum_XLOC_008340,True,0.0,,0,0,0
Hum_XLOC_008341,False,,,0,0,0
Hum_XLOC_008342,False,,,0,0,0
Hum_XLOC_008343,False,,,0,0,0
Hum_XLOC_008344,False,,,0,0,0
Hum_XLOC_008345,False,,,0,0,0
Hum_XLOC_008346,False,,,0,0,0
Hum_XLOC_008347,False,,,0,0,0
Hum_XLOC_008348,False,,,0,0,0
Hum_XLOC_008352,False,,,0,0,0
Hum_XLOC_008356,False,,,0,0,0
Hum_XLOC_008357,False,,,0,0,0
Hum_XLOC_008358,False,,,0,0,0
Hum_XLOC_008359,False,,,0,0,0
Hum_XLOC_008360,False,,,0,0,0
Hum_XLOC_008361,False,,,0,0,0
Hum_XLOC_008366,True,0.0,,0,0,0
Hum_XLOC_008368,False,,,0,0,0
Hum_XLOC_008369,False,,,0,0,0
Hum_XLOC_008370,False,,,0,0,0
Hum_XLOC_008371,True,0.0,,0,0,0
Hum_XLOC_008372,False,,,0,0,0
Hum_XLOC_008373,False,,,0,0,0
Hum_XLOC_008374,True,0.0,,0,0,0
Hum_XLOC_008375,False,,,0,0,0
Hum_XLOC_008376,False,,,0,0,0
Hum_XLOC_008377,False,,,0,0,0
Hum_XLOC_008379,False,,,0,0,0
Hum_XLOC_008384,False,,,0,0,0
Hum_XLOC_008388,False,,,0,0,0
Hum_XLOC_008389,False,,,0,0,0
Hum_XLOC_008390,False,,,0,0,0
Hum_XLOC_008391,False,,,0,0,0
Hum_XLOC_008392,True,0.0,,0,0,0
Hum_XLOC_008393,False,,,0,0,0
Hum_XLOC_008394,True,0.0,,0,0,0
Hum_XLOC_008395,True,0.0,,0,0,0
Hum_XLOC_008396,False,,,0,0,0
Hum_XLOC_008397,False,,,0,0,0
Hum_XLOC_008402,False,,,0,0,0
Hum_XLOC_008403,False,,,0,0,0
Hum_XLOC_008405,False,,,0,0,0
Hum_XLOC_008406,False,,,0,0,0
Hum_XLOC_008407,False,,,0,0,0
Hum_XLOC_008412,False,,,0,0,0
Hum_XLOC_008416,False,,,0,0,0
Hum_XLOC_008418,False,,,0,0,0
Hum_XLOC_008420,False,,,0,0,0
Hum_XLOC_008422,True,0.0,,0,0,0
Hum_XLOC_008424,False,,,0,0,0
Hum_XLOC_008425,False,,,0,0,0
Hum_XLOC_008429,False,,,0,0,0
Hum_XLOC_008430,False,,,0,0,0
Hum_XLOC_008431,True,0.0,,0,0,0
Hum_XLOC_008432,False,,,0,0,0
Hum_XLOC_008433,False,,,0,0,0
Hum_XLOC_008434,False,,,0,0,0
Hum_XLOC_008436,False,,,0,0,0
Hum_XLOC_008437,False,,,0,0,0
Hum_XLOC_008438,False,,,0,0,0
Hum_XLOC_008439,False,,,0,0,0
Hum_XLOC_008440,False,,,0,0,0
Hum_XLOC_008443,True,,,0,0,0
Hum_XLOC_008444,False,,,0,0,0
Hum_XLOC_008445,False,,,0,0,0
Hum_XLOC_008446,False,,,0,0,0
Hum_XLOC_008447,False,,,0,0,0
Hum_XLOC_008448,False,,,0,0,0
Hum_XLOC_008449,False,,,0,0,0
Hum_XLOC_008450,False,,,0,0,0
Hum_XLOC_008451,False,,,0,0,0
Hum_XLOC_008452,False,,,0,0,0
Hum_XLOC_008453,False,,,0,0,0
Hum_XLOC_008454,False,,,0,0,0
Hum_XLOC_008455,False,,,0,0,0
Hum_XLOC_008459,False,,,0,0,0
Hum_XLOC_008461,False,,,0,0,0
Hum_XLOC_008462,True,0.0,,0,0,0
Hum_XLOC_008469,True,0.0,,0,0,0
Hum_XLOC_008471,False,,,0,0,0
Hum_XLOC_008472,False,,,0,0,0
Hum_XLOC_008473,False,,,0,0,0
Hum_XLOC_008474,False,,,0,0,0
Hum_XLOC_008476,False,,,0,0,0
Hum_XLOC_008477,False,,,0,0,0
Hum_XLOC_008478,False,,,0,0,0
Hum_XLOC_008481,False,,,0,0,0
Hum_XLOC_008482,False,,,0,0,0
Hum_XLOC_008483,False,,,0,0,0
Hum_XLOC_008484,False,,,0,0,0
Hum_XLOC_008485,False,,,0,0,0
Hum_XLOC_008486,False,,,0,0,0
Hum_XLOC_008487,False,,,0,0,0
Hum_XLOC_008488,False,,,0,0,0
Hum_XLOC_008489,False,,,0,0,0
Hum_XLOC_008490,False,,,0,0,0
Hum_XLOC_008491,False,,,0,0,0
Hum_XLOC_008492,False,,,0,0,0
Hum_XLOC_008495,False,,,0,0,0
Hum_XLOC_008496,False,,,0,0,0
Hum_XLOC_008497,False,,,0,0,0
Hum_XLOC_008498,False,,,0,0,0
Hum_XLOC_008499,False,,,0,0,0
Hum_XLOC_008500,False,,,0,0,0
Hum_XLOC_008501,False,,,0,0,0
Hum_XLOC_008502,False,,,0,0,0
Hum_XLOC_008503,False,,,0,0,0
Hum_XLOC_008504,False,,,0,0,0
Hum_XLOC_008505,False,,,0,0,0
Hum_XLOC_008506,False,,,0,0,0
Hum_XLOC_008507,False,,,0,0,0
Hum_XLOC_008510,False,,,0,0,0
Hum_XLOC_008511,False,,,0,0,0
Hum_XLOC_008516,True,0.0,,0,0,0
Hum_XLOC_008517,False,,,0,0,0
Hum_XLOC_008518,False,,,0,0,0
Hum_XLOC_008520,False,,,0,0,0
Hum_XLOC_008521,False,,,0,0,0
Hum_XLOC_008523,False,,,0,0,0
Hum_XLOC_008524,True,0.0,,0,0,0
Hum_XLOC_008525,False,,,0,0,0
Hum_XLOC_008527,False,,,0,0,0
Hum_XLOC_008528,True,0.0,,0,0,0
Hum_XLOC_008531,True,0.0,,0,0,0
Hum_XLOC_008532,False,,,0,0,0
Hum_XLOC_008534,False,,,0,0,0
Hum_XLOC_008547,True,0.0,,0,0,0
Hum_XLOC_008548,True,0.0,,0,0,0
Hum_XLOC_008549,False,,,0,0,0
Hum_XLOC_008550,False,,,0,0,0
Hum_XLOC_008551,False,,,0,0,0
Hum_XLOC_008557,False,,,0,0,0
Hum_XLOC_008561,True,0.0,,0,0,0
Hum_XLOC_008564,False,,,0,0,0
Hum_XLOC_008566,True,,,0,0,0
Hum_XLOC_008568,False,,,0,0,0
Hum_XLOC_008569,False,,,0,0,0
Hum_XLOC_008570,False,,,0,0,0
Hum_XLOC_008571,False,,,0,0,0
Hum_XLOC_008572,False,,,0,0,0
Hum_XLOC_008573,False,,,0,0,0
Hum_XLOC_008574,False,,,0,0,0
Hum_XLOC_008575,False,,,0,0,0
Hum_XLOC_008576,False,,,0,0,0
Hum_XLOC_008578,False,,,0,0,0
Hum_XLOC_008579,False,,,0,0,0
Hum_XLOC_008580,False,,,0,0,0
Hum_XLOC_008581,False,,,0,0,0
Hum_XLOC_008582,False,,,0,0,0
Hum_XLOC_008583,False,,,0,0,0
Hum_XLOC_008586,True,0.0,,0,0,0
Hum_XLOC_008587,False,,,0,0,0
Hum_XLOC_008588,True,0.0,,0,0,0
Hum_XLOC_008589,True,0.0,,0,0,0
Hum_XLOC_008594,False,,,0,0,0
Hum_XLOC_008595,False,,,0,0,0
Hum_XLOC_008596,False,,,0,0,0
Hum_XLOC_008597,False,,,0,0,0
Hum_XLOC_008598,False,,,0,0,0
Hum_XLOC_008599,False,,,0,0,0
Hum_XLOC_008600,True,0.0,,0,0,0
Hum_XLOC_008603,False,,,0,0,0
Hum_XLOC_008604,False,,,0,0,0
Hum_XLOC_008610,False,,,0,0,0
Hum_XLOC_008613,False,,,0,0,0
Hum_XLOC_008614,False,,,0,0,0
Hum_XLOC_008619,False,,,0,0,0
Hum_XLOC_008620,False,,,0,0,0
Hum_XLOC_008621,True,0.0,,0,0,0
Hum_XLOC_008622,False,,,0,0,0
Hum_XLOC_008629,True,0.0,,0,0,0
Hum_XLOC_008630,False,,,0,0,0
Hum_XLOC_008631,False,,,0,0,0
Hum_XLOC_008632,False,,,0,0,0
Hum_XLOC_008633,False,,,0,0,0
Hum_XLOC_008634,False,,,0,0,0
Hum_XLOC_008635,False,,,0,0,0
Hum_XLOC_008636,False,,,0,0,0
Hum_XLOC_008637,False,,,0,0,0
Hum_XLOC_008638,False,,,0,0,0
Hum_XLOC_008639,True,0.0,,0,0,0
Hum_XLOC_008640,False,,,0,0,0
Hum_XLOC_008641,False,,,0,0,0
Hum_XLOC_008642,False,,,0,0,0
Hum_XLOC_008643,False,,,0,0,0
Hum_XLOC_008654,False,,,0,0,0
Hum_XLOC_008655,False,,,0,0,0
Hum_XLOC_008657,False,,,0,0,0
Hum_XLOC_008658,False,,,0,0,0
Hum_XLOC_008659,False,,,0,0,0
Hum_XLOC_008664,True,0.0,,0,0,0
Hum_XLOC_008665,False,,,0,0,0
Hum_XLOC_008666,False,,,0,0,0
Hum_XLOC_008667,False,,,0,0,0
Hum_XLOC_008669,False,,,0,0,0
Hum_XLOC_008670,False,,,0,0,0
Hum_XLOC_008671,False,,,0,0,0
Hum_XLOC_008673,True,0.0,,0,0,0
Hum_XLOC_008676,False,,,0,0,0
Hum_XLOC_008677,False,,,0,0,0
Hum_XLOC_008682,True,0.0,,0,0,0
Hum_XLOC_008683,True,0.0,,0,0,0
Hum_XLOC_008684,False,,,0,0,0
Hum_XLOC_008694,False,,,0,0,0
Hum_XLOC_008699,False,,,0,0,0
Hum_XLOC_008700,False,,,0,0,0
Hum_XLOC_008701,False,,,0,0,0
Hum_XLOC_008702,False,,,0,0,0
Hum_XLOC_008705,False,,,0,0,0
Hum_XLOC_008709,False,,,0,0,0
Hum_XLOC_008710,True,0.0,,0,0,0
Hum_XLOC_008711,False,,,0,0,0
Hum_XLOC_008712,False,,,0,0,0
Hum_XLOC_008713,False,,,0,0,0
Hum_XLOC_008714,False,,,0,0,0
Hum_XLOC_008715,False,,,0,0,0
Hum_XLOC_008716,True,0.0,,0,0,0
Hum_XLOC_008717,False,,,0,0,0
Hum_XLOC_008718,False,,,0,0,0
Hum_XLOC_008719,False,,,0,0,0
Hum_XLOC_008720,False,,,0,0,0
Hum_XLOC_008721,False,,,0,0,0
Hum_XLOC_008722,False,,,0,0,0
Hum_XLOC_008723,False,,,0,0,0
Hum_XLOC_008724,False,,,0,0,0
Hum_XLOC_008725,False,,,0,0,0
Hum_XLOC_008726,False,,,0,0,0
Hum_XLOC_008727,True,0.0,,0,0,0
Hum_XLOC_008728,False,,,0,0,0
Hum_XLOC_008729,False,,,0,0,0
Hum_XLOC_008730,False,,,0,0,0
Hum_XLOC_008731,False,,,0,0,0
Hum_XLOC_008734,True,0.0,,0,0,0
Hum_XLOC_008735,False,,,0,0,0
Hum_XLOC_008738,True,0.0,,0,0,0
Hum_XLOC_008741,False,,,0,0,0
Hum_XLOC_008742,False,,,0,0,0
Hum_XLOC_008743,True,0.0,,0,0,0
Hum_XLOC_008744,False,,,0,0,0
Hum_XLOC_008745,False,,,0,0,0
Hum_XLOC_008746,False,,,0,0,0
Hum_XLOC_008748,False,,,0,0,0
Hum_XLOC_008750,False,,,0,0,0
Hum_XLOC_008751,False,,,0,0,0
Hum_XLOC_008752,True,0.0,,0,0,0
Hum_XLOC_008753,False,,,0,0,0
Hum_XLOC_008754,False,,,0,0,0
Hum_XLOC_008755,True,0.0,,0,0,0
Hum_XLOC_008756,False,,,0,0,0
Hum_XLOC_008762,False,,,0,0,0
Hum_XLOC_008763,False,,,0,0,0
Hum_XLOC_008764,False,,,0,0,0
Hum_XLOC_008765,False,,,0,0,0
Hum_XLOC_008766,False,,,0,0,0
Hum_XLOC_008767,False,,,0,0,0
Hum_XLOC_008768,False,,,0,0,0
Hum_XLOC_008769,False,,,0,0,0
Hum_XLOC_008770,False,,,0,0,0
Hum_XLOC_008771,False,,,0,0,0
Hum_XLOC_008773,False,,,0,0,0
Hum_XLOC_008774,False,,,0,0,0
Hum_XLOC_008775,True,0.0,,0,0,0
Hum_XLOC_008776,False,,,0,0,0
Hum_XLOC_008779,True,0.0,,0,0,0
Hum_XLOC_008781,False,,,0,0,0
Hum_XLOC_008785,True,0.0,,0,0,0
Hum_XLOC_008786,False,,,0,0,0
Hum_XLOC_008787,True,0.0,,0,0,0
Hum_XLOC_008788,False,,,0,0,0
Hum_XLOC_008789,False,,,0,0,0
Hum_XLOC_008795,False,,,0,0,0
Hum_XLOC_008796,False,,,0,0,0
Hum_XLOC_008797,False,,,0,0,0
Hum_XLOC_008798,True,0.0,,0,0,0
Hum_XLOC_008800,False,,,0,0,0
Hum_XLOC_008801,False,,,0,0,0
Hum_XLOC_008802,False,,,0,0,0
Hum_XLOC_008809,True,0.0,,0,0,0
Hum_XLOC_008814,False,,,0,0,0
Hum_XLOC_008818,False,,,0,0,0
Hum_XLOC_008822,False,,,0,0,0
Hum_XLOC_008824,False,,,0,0,0
Hum_XLOC_008825,False,,,0,0,0
Hum_XLOC_008826,False,,,0,0,0
Hum_XLOC_008827,True,0.0,,0,0,0
Hum_XLOC_008828,False,,,0,0,0
Hum_XLOC_008829,False,,,0,0,0
Hum_XLOC_008833,False,,,0,0,0
Hum_XLOC_008834,True,0.0,,0,0,0
Hum_XLOC_008835,False,,,0,0,0
Hum_XLOC_008836,False,,,0,0,0
Hum_XLOC_008839,False,,,0,0,0
Hum_XLOC_008840,False,,,0,0,0
Hum_XLOC_008841,False,,,0,0,0
Hum_XLOC_008842,True,0.0,,0,0,0
Hum_XLOC_008843,True,0.0,,0,0,0
Hum_XLOC_008848,False,,,0,0,0
Hum_XLOC_008849,False,,,0,0,0
Hum_XLOC_008852,True,0.0,,0,0,0
Hum_XLOC_008853,False,,,0,0,0
Hum_XLOC_008854,True,0.0,,0,0,0
Hum_XLOC_008855,True,0.0,,0,0,0
Hum_XLOC_008856,False,,,0,0,0
Hum_XLOC_008857,False,,,0,0,0
Hum_XLOC_008861,True,0.0,,0,0,0
Hum_XLOC_008862,False,,,0,0,0
Hum_XLOC_008863,False,,,0,0,0
Hum_XLOC_008864,False,,,0,0,0
Hum_XLOC_008865,False,,,0,0,0
Hum_XLOC_008866,False,,,0,0,0
Hum_XLOC_008869,True,0.0,,0,0,0
Hum_XLOC_008877,False,,,0,0,0
Hum_XLOC_008879,False,,,0,0,0
Hum_XLOC_008880,False,,,0,0,0
Hum_XLOC_008885,True,0.0,,0,0,0
Hum_XLOC_008886,False,,,0,0,0
Hum_XLOC_008891,False,,,0,0,0
Hum_XLOC_008896,False,,,0,0,0
Hum_XLOC_008905,False,,,0,0,0
Hum_XLOC_008908,False,,,0,0,0
Hum_XLOC_008918,True,0.0,,0,0,0
Hum_XLOC_008919,False,,,0,0,0
Hum_XLOC_008920,False,,,0,0,0
Hum_XLOC_008923,False,,,0,0,0
Hum_XLOC_008924,True,0.0,,0,0,0
Hum_XLOC_008925,False,,,0,0,0
Hum_XLOC_008926,False,,,0,0,0
Hum_XLOC_008927,False,,,0,0,0
Hum_XLOC_008928,False,,,0,0,0
Hum_XLOC_008932,False,,,0,0,0
Hum_XLOC_008933,True,0.0,,0,0,0
Hum_XLOC_008934,False,,,0,0,0
Hum_XLOC_008935,False,,,0,0,0
Hum_XLOC_008936,False,,,0,0,0
Hum_XLOC_008942,True,0.0,,0,0,0
Hum_XLOC_008951,False,,,0,0,0
Hum_XLOC_008952,False,,,0,0,0
Hum_XLOC_008953,False,,,0,0,0
Hum_XLOC_008954,False,,,0,0,0
Hum_XLOC_008956,True,0.0,,0,0,0
Hum_XLOC_008957,False,,,0,0,0
Hum_XLOC_008965,False,,,0,0,0
Hum_XLOC_008966,False,,,0,0,0
Hum_XLOC_008967,False,,,0,0,0
Hum_XLOC_008968,False,,,0,0,0
Hum_XLOC_008969,True,0.0,,0,0,0
Hum_XLOC_008971,False,,,0,0,0
Hum_XLOC_008972,False,,,0,0,0
Hum_XLOC_008974,False,,,0,0,0
Hum_XLOC_008975,False,,,0,0,0
Hum_XLOC_008976,False,,,0,0,0
Hum_XLOC_008977,False,,,0,0,0
Hum_XLOC_008978,False,,,0,0,0
Hum_XLOC_008979,False,,,0,0,0
Hum_XLOC_008980,False,,,0,0,0
Hum_XLOC_008981,True,0.0,,0,0,0
Hum_XLOC_008982,True,0.0,,0,0,0
Hum_XLOC_008983,False,,,0,0,0
Hum_XLOC_008984,False,,,0,0,0
Hum_XLOC_008985,False,,,0,0,0
Hum_XLOC_008986,False,,,0,0,0
Hum_XLOC_008987,False,,,0,0,0
Hum_XLOC_008988,False,,,0,0,0
Hum_XLOC_008989,False,,,0,0,0
Hum_XLOC_008992,False,,,0,0,0
Hum_XLOC_008993,False,,,0,0,0
Hum_XLOC_008994,False,,,0,0,0
Hum_XLOC_008995,False,,,0,0,0
Hum_XLOC_008997,True,0.0,,0,0,0
Hum_XLOC_008998,True,0.0,,0,0,0
Hum_XLOC_009007,False,,,0,0,0
Hum_XLOC_009008,False,,,0,0,0
Hum_XLOC_009010,False,,,0,0,0
Hum_XLOC_009011,False,,,0,0,0
Hum_XLOC_009012,False,,,0,0,0
Hum_XLOC_009013,False,,,0,0,0
Hum_XLOC_009014,False,,,0,0,0
Hum_XLOC_009018,False,,,0,0,0
Hum_XLOC_009019,False,,,0,0,0
Hum_XLOC_009024,False,,,0,0,0
Hum_XLOC_009028,False,,,0,0,0
Hum_XLOC_009029,True,0.0,,0,0,0
Hum_XLOC_009036,True,0.0,,0,0,0
Hum_XLOC_009038,False,,,0,0,0
Hum_XLOC_009039,False,,,0,0,0
Hum_XLOC_009040,False,,,0,0,0
Hum_XLOC_009046,False,,,0,0,0
Hum_XLOC_009048,False,,,0,0,0
Hum_XLOC_009049,False,,,0,0,0
Hum_XLOC_009052,False,,,0,0,0
Hum_XLOC_009053,False,,,0,0,0
Hum_XLOC_009054,False,,,0,0,0
Hum_XLOC_009055,False,,,0,0,0
Hum_XLOC_009056,True,0.0,,0,0,0
Hum_XLOC_009058,False,,,0,0,0
Hum_XLOC_009059,False,,,0,0,0
Hum_XLOC_009060,False,,,0,0,0
Hum_XLOC_009061,False,,,0,0,0
Hum_XLOC_009062,False,,,0,0,0
Hum_XLOC_009063,False,,,0,0,0
Hum_XLOC_009064,False,,,0,0,0
Hum_XLOC_009065,False,,,0,0,0
Hum_XLOC_009066,False,,,0,0,0
Hum_XLOC_009067,False,,,0,0,0
Hum_XLOC_009069,False,,,0,0,0
Hum_XLOC_009070,True,0.0,,0,0,0
Hum_XLOC_009071,False,,,0,0,0
Hum_XLOC_009072,False,,,0,0,0
Hum_XLOC_009073,False,,,0,0,0
Hum_XLOC_009074,False,,,0,0,0
Hum_XLOC_009075,False,,,0,0,0
Hum_XLOC_009076,False,,,0,0,0
Hum_XLOC_009077,False,,,0,0,0
Hum_XLOC_009078,False,,,0,0,0
Hum_XLOC_009080,False,,,0,0,0
Hum_XLOC_009082,False,,,0,0,0
Hum_XLOC_009083,True,0.0,,0,0,0
Hum_XLOC_009087,False,,,0,0,0
Hum_XLOC_009091,False,,,0,0,0
Hum_XLOC_009093,False,,,0,0,0
Hum_XLOC_009094,False,,,0,0,0
Hum_XLOC_009095,False,,,0,0,0
Hum_XLOC_009096,False,,,0,0,0
Hum_XLOC_009097,False,,,0,0,0
Hum_XLOC_009098,False,,,0,0,0
Hum_XLOC_009100,False,,,0,0,0
Hum_XLOC_009101,False,,,0,0,0
Hum_XLOC_009102,False,,,0,0,0
Hum_XLOC_009103,True,0.0,,0,0,0
Hum_XLOC_009104,True,0.0,,0,0,0
Hum_XLOC_009106,True,0.0,,0,0,0
Hum_XLOC_009110,False,,,0,0,0
Hum_XLOC_009112,True,0.0,,0,0,0
Hum_XLOC_009114,False,,,0,0,0
Hum_XLOC_009115,False,,,0,0,0
Hum_XLOC_009116,True,0.0,,0,0,0
Hum_XLOC_009117,True,0.0,,0,0,0
Hum_XLOC_009118,False,,,0,0,0
Hum_XLOC_009119,False,,,0,0,0
Hum_XLOC_009121,False,,,0,0,0
Hum_XLOC_009122,False,,,0,0,0
Hum_XLOC_009124,False,,,0,0,0
Hum_XLOC_009125,False,,,0,0,0
Hum_XLOC_009128,False,,,0,0,0
Hum_XLOC_009129,False,,,0,0,0
Hum_XLOC_009130,False,,,0,0,0
Hum_XLOC_009131,False,,,0,0,0
Hum_XLOC_009132,False,,,0,0,0
Hum_XLOC_009134,True,0.0,,0,0,0
Hum_XLOC_009138,True,0.0,,0,0,0
Hum_XLOC_009140,False,,,0,0,0
Hum_XLOC_009141,False,,,0,0,0
Hum_XLOC_009142,False,,,0,0,0
Hum_XLOC_009143,True,0.0,,0,0,0
Hum_XLOC_009144,False,,,0,0,0
Hum_XLOC_009145,False,,,0,0,0
Hum_XLOC_009148,False,,,0,0,0
Hum_XLOC_009151,False,,,0,0,0
Hum_XLOC_009152,True,0.0,,0,0,0
Hum_XLOC_009153,False,,,0,0,0
Hum_XLOC_009154,True,0.0,,0,0,0
Hum_XLOC_009158,False,,,0,0,0
Hum_XLOC_009159,False,,,0,0,0
Hum_XLOC_009160,False,,,0,0,0
Hum_XLOC_009164,False,,,0,0,0
Hum_XLOC_009165,False,,,0,0,0
Hum_XLOC_009166,False,,,0,0,0
Hum_XLOC_009167,False,,2.0,0,0,1
Hum_XLOC_009168,False,,,0,0,0
Hum_XLOC_009169,False,,,0,0,0
Hum_XLOC_009170,False,,,0,0,0
Hum_XLOC_009171,False,,,0,0,0
Hum_XLOC_009172,True,0.0,,0,0,0
Hum_XLOC_009173,False,,,0,0,0
Hum_XLOC_009174,False,,,0,0,0
Hum_XLOC_009175,False,,,0,0,0
Hum_XLOC_009183,False,,,0,0,0
Hum_XLOC_009184,False,,,0,0,0
Hum_XLOC_009185,False,,,0,0,0
Hum_XLOC_009186,False,,,0,0,0
Hum_XLOC_009187,False,,,0,0,0
Hum_XLOC_009188,False,,,0,0,0
Hum_XLOC_009189,False,,,0,0,0
Hum_XLOC_009190,False,,,0,0,0
Hum_XLOC_009191,False,,,0,0,0
Hum_XLOC_009192,True,0.0,,0,0,0
Hum_XLOC_009193,False,,,0,0,0
Hum_XLOC_009194,False,,,0,0,0
Hum_XLOC_009195,False,,,0,0,0
Hum_XLOC_009196,False,,,0,0,0
Hum_XLOC_009197,False,,,0,0,0
Hum_XLOC_009198,True,0.0,,0,0,0
Hum_XLOC_009199,False,,,0,0,0
Hum_XLOC_009201,False,,,0,0,0
Hum_XLOC_009202,False,,,0,0,0
Hum_XLOC_009203,False,,,0,0,0
Hum_XLOC_009204,True,0.0,,0,0,0
Hum_XLOC_009208,False,,,0,0,0
Hum_XLOC_009209,False,,,0,0,0
Hum_XLOC_009210,False,,,0,0,0
Hum_XLOC_009211,False,,,0,0,0
Hum_XLOC_009212,True,0.0,,0,0,0
Hum_XLOC_009214,False,,,0,0,0
Hum_XLOC_009215,False,,,0,0,0
Hum_XLOC_009216,False,,,0,0,0
Hum_XLOC_009217,False,,,0,0,0
Hum_XLOC_009219,True,0.0,,0,0,0
Hum_XLOC_009220,False,,,0,0,0
Hum_XLOC_009221,True,0.0,,0,0,0
Hum_XLOC_009222,False,,,0,0,0
Hum_XLOC_009223,True,0.0,,0,0,0
Hum_XLOC_009224,False,,,0,0,0
Hum_XLOC_009227,False,,,0,0,0
Hum_XLOC_009228,False,,,0,0,0
Hum_XLOC_009229,False,,,0,0,0
Hum_XLOC_009230,False,,,0,0,0
Hum_XLOC_009231,False,,,0,0,0
Hum_XLOC_009239,False,,,0,0,0
Hum_XLOC_009240,False,,,0,0,0
Hum_XLOC_009241,True,0.0,,0,0,0
Hum_XLOC_009244,False,,,0,0,0
Hum_XLOC_009245,False,,,0,0,0
Hum_XLOC_009248,True,0.0,,0,0,0
Hum_XLOC_009255,True,0.0,,0,0,0
Hum_XLOC_009261,False,,,0,0,0
Hum_XLOC_009262,False,,,0,0,0
Hum_XLOC_009265,False,,,0,0,0
Hum_XLOC_009266,False,,,0,0,0
Hum_XLOC_009267,False,,,0,0,0
Hum_XLOC_009268,False,,,0,0,0
Hum_XLOC_009269,False,,,0,0,0
Hum_XLOC_009270,False,,,0,0,0
Hum_XLOC_009271,False,,,0,0,0
Hum_XLOC_009272,False,,,0,0,0
Hum_XLOC_009284,False,,,0,0,0
Hum_XLOC_009285,False,,,0,0,0
Hum_XLOC_009286,False,,,0,0,0
Hum_XLOC_009287,False,,,0,0,0
Hum_XLOC_009293,False,,,0,0,0
Hum_XLOC_009294,False,,,0,0,0
Hum_XLOC_009295,False,,,0,0,0
Hum_XLOC_009296,True,0.0,,0,0,0
Hum_XLOC_009297,False,,,0,0,0
Hum_XLOC_009299,True,0.0,,0,0,0
Hum_XLOC_009306,False,,,0,0,0
Hum_XLOC_009307,False,,,0,0,0
Hum_XLOC_009311,False,,,0,0,0
Hum_XLOC_009312,False,,,0,0,0
Hum_XLOC_009313,False,,,0,0,0
Hum_XLOC_009314,False,,,0,0,0
Hum_XLOC_009315,False,,,0,0,0
Hum_XLOC_009316,False,,,0,0,0
Hum_XLOC_009317,False,,,0,0,0
Hum_XLOC_009318,False,,,0,0,0
Hum_XLOC_009322,True,0.0,,0,0,0
Hum_XLOC_009323,False,,,0,0,0
Hum_XLOC_009324,False,,,0,0,0
Hum_XLOC_009326,False,,,0,0,0
Hum_XLOC_009327,False,,,0,0,0
Hum_XLOC_009328,False,,,0,0,0
Hum_XLOC_009336,True,0.0,,0,0,0
Hum_XLOC_009337,False,,,0,0,0
Hum_XLOC_009338,False,,,0,0,0
Hum_XLOC_009340,False,,,0,0,0
Hum_XLOC_009341,False,,,0,0,0
Hum_XLOC_009343,True,0.0,,0,0,0
Hum_XLOC_009352,False,,,0,0,0
Hum_XLOC_009353,True,0.0,,0,0,0
Hum_XLOC_009354,False,,,0,0,0
Hum_XLOC_009356,False,,,0,0,0
Hum_XLOC_009357,False,,,0,0,0
Hum_XLOC_009369,False,,,0,0,0
Hum_XLOC_009372,True,0.0,,0,0,0
Hum_XLOC_009382,False,,,0,0,0
Hum_XLOC_009383,False,,,0,0,0
Hum_XLOC_009384,False,,,0,0,0
Hum_XLOC_009386,False,,,0,0,0
Hum_XLOC_009387,False,,,0,0,0
Hum_XLOC_009389,False,,,0,0,0
Hum_XLOC_009390,False,,,0,0,0
Hum_XLOC_009391,False,,,0,0,0
Hum_XLOC_009393,True,0.0,,0,0,0
Hum_XLOC_009394,False,,,0,0,0
Hum_XLOC_009398,False,,,0,0,0
Hum_XLOC_009399,True,0.0,,0,0,0
Hum_XLOC_009400,False,,,0,0,0
Hum_XLOC_009401,False,,,0,0,0
Hum_XLOC_009402,False,,,0,0,0
Hum_XLOC_009403,False,,,0,0,0
Hum_XLOC_009404,False,,,0,0,0
Hum_XLOC_009416,False,,,0,0,0
Hum_XLOC_009419,False,,,0,0,0
Hum_XLOC_009422,True,0.0,,0,0,0
Hum_XLOC_009426,False,,,0,0,0
Hum_XLOC_009427,False,,,0,0,0
Hum_XLOC_009430,False,,,0,0,0
Hum_XLOC_009431,False,,,0,0,0
Hum_XLOC_009435,False,,,0,0,0
Hum_XLOC_009441,True,0.0,,0,0,0
Hum_XLOC_009442,False,,,0,0,0
Hum_XLOC_009451,True,0.0,,0,0,0
Hum_XLOC_009452,False,,,0,0,0
Hum_XLOC_009453,False,,,0,0,0
Hum_XLOC_009456,True,0.0,,0,0,0
Hum_XLOC_009459,True,0.0,,0,0,0
Hum_XLOC_009469,False,,,0,0,0
Hum_XLOC_009471,False,,,0,0,0
Hum_XLOC_009472,True,0.0,,0,0,0
Hum_XLOC_009473,True,0.0,,0,0,0
Hum_XLOC_009477,False,,,0,0,0
Hum_XLOC_009478,False,,,0,0,0
Hum_XLOC_009479,False,,,0,0,0
Hum_XLOC_009480,False,,,0,0,0
Hum_XLOC_009481,False,,,0,0,0
Hum_XLOC_009482,False,,,0,0,0
Hum_XLOC_009483,False,,,0,0,0
Hum_XLOC_009488,False,,,0,0,0
Hum_XLOC_009489,False,,,0,0,0
Hum_XLOC_009495,False,,,0,0,0
Hum_XLOC_009502,False,,,0,0,0
Hum_XLOC_009504,True,0.0,,0,0,0
Hum_XLOC_009505,False,,,0,0,0
Hum_XLOC_009509,True,0.0,,0,0,0
Hum_XLOC_009510,False,,,0,0,0
Hum_XLOC_009511,False,,,0,0,0
Hum_XLOC_009512,True,0.0,,0,0,0
Hum_XLOC_009513,False,,,0,0,0
Hum_XLOC_009514,False,,,0,0,0
Hum_XLOC_009515,False,,,0,0,0
Hum_XLOC_009521,False,,,0,0,0
Hum_XLOC_009522,False,,,0,0,0
Hum_XLOC_009523,True,0.0,,0,0,0
Hum_XLOC_009524,True,0.0,,0,0,0
Hum_XLOC_009529,True,0.0,,0,0,0
Hum_XLOC_009530,False,,,0,0,0
Hum_XLOC_009531,False,,,0,0,0
Hum_XLOC_009532,True,0.0,,0,0,0
Hum_XLOC_009533,True,0.0,,0,0,0
Hum_XLOC_009534,False,,,0,0,0
Hum_XLOC_009540,False,,,0,0,0
Hum_XLOC_009541,False,,,0,0,0
Hum_XLOC_009543,False,,,0,0,0
Hum_XLOC_009544,False,,,0,0,0
Hum_XLOC_009545,False,,,0,0,0
Hum_XLOC_009546,False,,,0,0,0
Hum_XLOC_009551,False,,,0,0,0
Hum_XLOC_009552,False,,,0,0,0
Hum_XLOC_009555,False,,,0,0,0
Hum_XLOC_009556,False,,,0,0,0
Hum_XLOC_009560,False,,,0,0,0
Hum_XLOC_009561,False,,,0,0,0
Hum_XLOC_009563,True,0.0,,0,0,0
Hum_XLOC_009564,True,0.0,,0,0,0
Hum_XLOC_009565,False,,,0,0,0
Hum_XLOC_009567,False,,,0,0,0
Hum_XLOC_009568,False,,,0,0,0
Hum_XLOC_009571,False,,,0,0,0
Hum_XLOC_009580,False,,,0,0,0
Hum_XLOC_009581,False,,,0,0,0
Hum_XLOC_009582,False,,,0,0,0
Hum_XLOC_009587,False,,,0,0,0
Hum_XLOC_009588,False,,,0,0,0
Hum_XLOC_009589,False,,,0,0,0
Hum_XLOC_009590,False,,,0,0,0
Hum_XLOC_009591,False,,,0,0,0
Hum_XLOC_009593,False,,,0,0,0
Hum_XLOC_009594,True,0.0,1.0,0,1,1
Hum_XLOC_009596,False,,,0,0,0
Hum_XLOC_009598,False,,,0,0,0
Hum_XLOC_009599,False,,,0,0,0
Hum_XLOC_009600,True,0.0,,0,0,0
Hum_XLOC_009601,True,0.0,,0,0,0
Hum_XLOC_009603,True,0.0,,0,0,0
Hum_XLOC_009605,True,0.0,,0,0,0
Hum_XLOC_009606,False,,,0,0,0
Hum_XLOC_009607,True,0.0,,0,0,0
Hum_XLOC_009609,False,,,0,0,0
Hum_XLOC_009610,False,,,0,0,0
Hum_XLOC_009612,True,0.0,,0,0,0
Hum_XLOC_009613,True,0.0,,0,0,0
Hum_XLOC_009614,False,,,0,0,0
Hum_XLOC_009615,False,,,0,0,0
Hum_XLOC_009616,False,,,0,0,0
Hum_XLOC_009617,False,,,0,0,0
Hum_XLOC_009631,False,,,0,0,0
Hum_XLOC_009633,True,0.0,,0,0,0
Hum_XLOC_009636,False,,,0,0,0
Hum_XLOC_009637,False,,,0,0,0
Hum_XLOC_009638,False,,,0,0,0
Hum_XLOC_009639,False,,,0,0,0
Hum_XLOC_009640,False,,,0,0,0
Hum_XLOC_009641,False,,,0,0,0
Hum_XLOC_009642,True,0.0,,0,0,0
Hum_XLOC_009643,False,,,0,0,0
Hum_XLOC_009644,False,,,0,0,0
Hum_XLOC_009645,False,,,0,0,0
Hum_XLOC_009646,False,,,0,0,0
Hum_XLOC_009647,False,,,0,0,0
Hum_XLOC_009648,False,,,0,0,0
Hum_XLOC_009649,False,,,0,0,0
Hum_XLOC_009650,False,,,0,0,0
Hum_XLOC_009651,False,,,0,0,0
Hum_XLOC_009652,False,,,0,0,0
Hum_XLOC_009655,True,0.0,,0,0,0
Hum_XLOC_009657,False,,,0,0,0
Hum_XLOC_009658,False,,,0,0,0
Hum_XLOC_009669,False,,,0,0,0
Hum_XLOC_009672,False,,,0,0,0
Hum_XLOC_009673,False,,,0,0,0
Hum_XLOC_009674,False,,,0,0,0
Hum_XLOC_009676,False,,,0,0,0
Hum_XLOC_009677,False,,,0,0,0
Hum_XLOC_009678,True,0.0,,0,0,0
Hum_XLOC_009679,False,,,0,0,0
Hum_XLOC_009680,False,,,0,0,0
Hum_XLOC_009682,True,0.0,,0,0,0
Hum_XLOC_009685,False,,,0,0,0
Hum_XLOC_009688,False,,,0,0,0
Hum_XLOC_009690,False,,,0,0,0
Hum_XLOC_009691,False,,,0,0,0
Hum_XLOC_009693,False,,,0,0,0
Hum_XLOC_009694,False,,,0,0,0
Hum_XLOC_009695,False,,,0,0,0
Hum_XLOC_009696,False,,,0,0,0
Hum_XLOC_009697,True,0.0,,0,0,0
Hum_XLOC_009699,False,,,0,0,0
Hum_XLOC_009700,False,,,0,0,0
Hum_XLOC_009702,False,,,0,0,0
Hum_XLOC_009703,False,,,0,0,0
Hum_XLOC_009706,True,0.0,,0,0,0
Hum_XLOC_009708,False,,,0,0,0
Hum_XLOC_009709,False,,,0,0,0
Hum_XLOC_009712,False,,,0,0,0
Hum_XLOC_009713,False,,,0,0,0
Hum_XLOC_009714,False,,,0,0,0
Hum_XLOC_009715,False,,,0,0,0
Hum_XLOC_009716,False,,,0,0,0
Hum_XLOC_009718,False,,,0,0,0
Hum_XLOC_009719,False,,,0,0,0
Hum_XLOC_009720,True,0.0,,0,0,0
Hum_XLOC_009721,False,,,0,0,0
Hum_XLOC_009723,False,,,0,0,0
Hum_XLOC_009729,True,0.0,,0,0,0
Hum_XLOC_009730,False,,,0,0,0
Hum_XLOC_009731,False,,,0,0,0
Hum_XLOC_009732,True,0.0,,0,0,0
Hum_XLOC_009733,False,,,0,0,0
Hum_XLOC_009734,False,,,0,0,0
Hum_XLOC_009735,False,,,0,0,0
Hum_XLOC_009736,False,,,0,0,0
Hum_XLOC_009737,False,,,0,0,0
Hum_XLOC_009738,False,,,0,0,0
Hum_XLOC_009739,False,,,0,0,0
Hum_XLOC_009745,False,,,0,0,0
Hum_XLOC_009746,False,,,0,0,0
Hum_XLOC_009750,False,,,0,0,0
Hum_XLOC_009755,False,,,0,0,0
Hum_XLOC_009758,True,0.0,,0,0,0
Hum_XLOC_009760,False,,,0,0,0
Hum_XLOC_009762,False,,,0,0,0
Hum_XLOC_009763,False,,,0,0,0
Hum_XLOC_009764,False,,,0,0,0
Hum_XLOC_009765,False,,,0,0,0
Hum_XLOC_009766,False,,,0,0,0
Hum_XLOC_009767,False,,,0,0,0
Hum_XLOC_009768,False,,,0,0,0
Hum_XLOC_009769,False,,,0,0,0
Hum_XLOC_009771,False,,,0,0,0
Hum_XLOC_009772,False,,,0,0,0
Hum_XLOC_009773,False,,,0,0,0
Hum_XLOC_009774,True,0.0,,0,0,0
Hum_XLOC_009775,False,,,0,0,0
Hum_XLOC_009777,True,0.0,,0,0,0
Hum_XLOC_009785,False,,,0,0,0
Hum_XLOC_009788,False,,,0,0,0
Hum_XLOC_009790,False,,,0,0,0
Hum_XLOC_009791,True,0.0,,0,0,0
Hum_XLOC_009792,False,,,0,0,0
Hum_XLOC_009793,True,0.0,,0,0,0
Hum_XLOC_009794,False,,,0,0,0
Hum_XLOC_009795,False,,,0,0,0
Hum_XLOC_009796,False,,,0,0,0
Hum_XLOC_009797,False,,,0,0,0
Hum_XLOC_009798,False,,,0,0,0
Hum_XLOC_009799,False,,,0,0,0
Hum_XLOC_009800,False,,,0,0,0
Hum_XLOC_009804,True,0.0,,0,0,0
Hum_XLOC_009807,False,,,0,0,0
Hum_XLOC_009810,True,0.0,,0,0,0
Hum_XLOC_009811,True,0.0,,0,0,0
Hum_XLOC_009812,False,,,0,0,0
Hum_XLOC_009819,False,,,0,0,0
Hum_XLOC_009820,False,,,0,0,0
Hum_XLOC_009821,False,,,0,0,0
Hum_XLOC_009822,False,,,0,0,0
Hum_XLOC_009823,False,,,0,0,0
Hum_XLOC_009824,False,,,0,0,0
Hum_XLOC_009825,False,,,0,0,0
Hum_XLOC_009827,False,,,0,0,0
Hum_XLOC_009829,False,,,0,0,0
Hum_XLOC_009830,False,,,0,0,0
Hum_XLOC_009831,True,0.0,,0,0,0
Hum_XLOC_009832,True,0.0,,0,0,0
Hum_XLOC_009833,False,,,0,0,0
Hum_XLOC_009834,False,,,0,0,0
Hum_XLOC_009841,False,,,0,0,0
Hum_XLOC_009843,False,,,0,0,0
Hum_XLOC_009847,False,,,0,0,0
Hum_XLOC_009848,False,,,0,0,0
Hum_XLOC_009850,False,,,0,0,0
Hum_XLOC_009851,True,0.0,,0,0,0
Hum_XLOC_009852,False,,,0,0,0
Hum_XLOC_009853,False,,,0,0,0
Hum_XLOC_009854,False,,,0,0,0
Hum_XLOC_009855,True,0.0,,0,0,0
Hum_XLOC_009856,False,,,0,0,0
Hum_XLOC_009857,False,,,0,0,0
Hum_XLOC_009858,True,0.0,,0,0,0
Hum_XLOC_009859,True,0.0,,0,0,0
Hum_XLOC_009860,False,,,0,0,0
Hum_XLOC_009862,False,,,0,0,0
Hum_XLOC_009863,False,,,0,0,0
Hum_XLOC_009864,False,,,0,0,0
Hum_XLOC_009868,False,,,0,0,0
Hum_XLOC_009869,False,,,0,0,0
Hum_XLOC_009870,False,,,0,0,0
Hum_XLOC_009871,False,,,0,0,0
Hum_XLOC_009872,False,,,0,0,0
Hum_XLOC_009873,False,,,0,0,0
Hum_XLOC_009874,False,,,0,0,0
Hum_XLOC_009875,False,,,0,0,0
Hum_XLOC_009877,False,,,0,0,0
Hum_XLOC_009878,False,,,0,0,0
Hum_XLOC_009881,False,,,0,0,0
Hum_XLOC_009882,False,,,0,0,0
Hum_XLOC_009883,False,,,0,0,0
Hum_XLOC_009884,True,0.0,,0,0,0
Hum_XLOC_009885,False,,,0,0,0
Hum_XLOC_009886,False,,,0,0,0
Hum_XLOC_009887,True,0.0,,0,0,0
Hum_XLOC_009888,False,,,0,0,0
Hum_XLOC_009889,False,,,0,0,0
Hum_XLOC_009890,False,,,0,0,0
Hum_XLOC_009891,False,,,0,0,0
Hum_XLOC_009892,False,,,0,0,0
Hum_XLOC_009895,True,0.0,,0,0,0
Hum_XLOC_009900,False,,,0,0,0
Hum_XLOC_009901,True,0.0,,0,0,0
Hum_XLOC_009903,False,,,0,0,0
Hum_XLOC_009911,True,0.0,,0,0,0
Hum_XLOC_009916,False,,,0,0,0
Hum_XLOC_009918,False,,,0,0,0
Hum_XLOC_009920,False,,,0,0,0
Hum_XLOC_009921,False,,,0,0,0
Hum_XLOC_009922,True,0.0,,0,0,0
Hum_XLOC_009923,False,,,0,0,0
Hum_XLOC_009924,True,0.0,,0,0,0
Hum_XLOC_009926,False,,,0,0,0
Hum_XLOC_009928,False,,,0,0,0
Hum_XLOC_009932,True,0.0,,0,0,0
Hum_XLOC_009936,True,0.0,,0,0,0
Hum_XLOC_009937,False,,,0,0,0
Hum_XLOC_009939,False,,,0,0,0
Hum_XLOC_009946,False,,,0,0,0
Hum_XLOC_009947,True,0.0,,0,0,0
Hum_XLOC_009948,False,,,0,0,0
Hum_XLOC_009949,False,,,0,0,0
Hum_XLOC_009950,False,,,0,0,0
Hum_XLOC_009951,False,,,0,0,0
Hum_XLOC_009953,False,,,0,0,0
Hum_XLOC_009954,False,,,0,0,0
Hum_XLOC_009955,False,,,0,0,0
Hum_XLOC_009956,False,,,0,0,0
Hum_XLOC_009957,False,,,0,0,0
Hum_XLOC_009958,False,,,0,0,0
Hum_XLOC_009959,False,,,0,0,0
Hum_XLOC_009960,False,,,0,0,0
Hum_XLOC_009961,False,,,0,0,0
Hum_XLOC_009962,False,,,0,0,0
Hum_XLOC_009963,True,0.0,,0,0,0
Hum_XLOC_009964,False,,,0,0,0
Hum_XLOC_009965,False,,,0,0,0
Hum_XLOC_009966,False,,,0,0,0
Hum_XLOC_009967,False,,,0,0,0
Hum_XLOC_009969,False,,,0,0,0
Hum_XLOC_009970,False,,,0,0,0
Hum_XLOC_009971,False,,,0,0,0
Hum_XLOC_009972,False,,,0,0,0
Hum_XLOC_009976,False,,,0,0,0
Hum_XLOC_009977,False,,,0,0,0
Hum_XLOC_009978,False,,,0,0,0
Hum_XLOC_009979,False,,,0,0,0
Hum_XLOC_009980,True,0.0,,0,0,0
Hum_XLOC_009982,False,,,0,0,0
Hum_XLOC_009984,False,,,0,0,0
Hum_XLOC_009985,False,,,0,0,0
Hum_XLOC_009987,False,,,0,0,0
Hum_XLOC_009992,False,,,0,0,0
Hum_XLOC_009995,True,0.0,,0,0,0
Hum_XLOC_009996,False,,,0,0,0
Hum_XLOC_009998,False,,,0,0,0
Hum_XLOC_009999,False,,,0,0,0
Hum_XLOC_010001,False,,,0,0,0
Hum_XLOC_010006,False,,,0,0,0
Hum_XLOC_010007,False,,,0,0,0
Hum_XLOC_010009,False,,,0,0,0
Hum_XLOC_010010,False,,,0,0,0
Hum_XLOC_010012,False,,,0,0,0
Hum_XLOC_010016,True,0.0,,0,0,0
Hum_XLOC_010025,False,,,0,0,0
Hum_XLOC_010026,False,,,0,0,0
Hum_XLOC_010027,False,,,0,0,0
Hum_XLOC_010028,False,,,0,0,0
Hum_XLOC_010029,False,,,0,0,0
Hum_XLOC_010030,False,,,0,0,0
Hum_XLOC_010031,False,,,0,0,0
Hum_XLOC_010034,False,,,0,0,0
Hum_XLOC_010035,True,0.0,,0,0,0
Hum_XLOC_010036,False,,,0,0,0
Hum_XLOC_010038,False,,,0,0,0
Hum_XLOC_010041,False,,,0,0,0
Hum_XLOC_010045,True,0.0,,0,0,0
Hum_XLOC_010046,False,,,0,0,0
Hum_XLOC_010047,False,,,0,0,0
Hum_XLOC_010048,False,,,0,0,0
Hum_XLOC_010049,False,,,0,0,0
Hum_XLOC_010050,False,,,0,0,0
Hum_XLOC_010053,False,,,0,0,0
Hum_XLOC_010054,False,,,0,0,0
Hum_XLOC_010055,False,,,0,0,0
Hum_XLOC_010056,False,,,0,0,0
Hum_XLOC_010058,True,0.0,,0,0,0
Hum_XLOC_010060,False,,,0,0,0
Hum_XLOC_010061,False,,,0,0,0
Hum_XLOC_010062,False,,,0,0,0
Hum_XLOC_010063,False,,,0,0,0
Hum_XLOC_010064,False,,,0,0,0
Hum_XLOC_010065,False,,,0,0,0
Hum_XLOC_010067,True,0.0,,0,0,0
Hum_XLOC_010068,False,,,0,0,0
Hum_XLOC_010069,False,,,0,0,0
Hum_XLOC_010070,True,0.0,,0,0,0
Hum_XLOC_010071,False,,,0,0,0
Hum_XLOC_010072,False,,,0,0,0
Hum_XLOC_010073,False,,,0,0,0
Hum_XLOC_010074,False,,,0,0,0
Hum_XLOC_010075,False,,,0,0,0
Hum_XLOC_010076,False,,,0,0,0
Hum_XLOC_010077,True,0.0,,0,0,0
Hum_XLOC_010078,False,,,0,0,0
Hum_XLOC_010086,False,,,0,0,0
Hum_XLOC_010089,False,,,0,0,0
Hum_XLOC_010090,False,,,0,0,0
Hum_XLOC_010093,False,,,0,0,0
Hum_XLOC_010094,False,,,0,0,0
Hum_XLOC_010095,False,,,0,0,0
Hum_XLOC_010098,False,,,0,0,0
Hum_XLOC_010099,False,,,0,0,0
Hum_XLOC_010100,False,,,0,0,0
Hum_XLOC_010101,False,,,0,0,0
Hum_XLOC_010102,True,0.0,,0,0,0
Hum_XLOC_010103,False,,,0,0,0
Hum_XLOC_010104,False,,,0,0,0
Hum_XLOC_010107,False,,,0,0,0
Hum_XLOC_010108,False,,,0,0,0
Hum_XLOC_010109,False,,,0,0,0
Hum_XLOC_010110,False,,,0,0,0
Hum_XLOC_010111,False,,,0,0,0
Hum_XLOC_010114,True,0.0,,0,0,0
Hum_XLOC_010115,False,,,0,0,0
Hum_XLOC_010118,False,,,0,0,0
Hum_XLOC_010120,False,,,0,0,0
Hum_XLOC_010122,True,0.0,,0,0,0
Hum_XLOC_010124,False,,,0,0,0
Hum_XLOC_010138,False,,,0,0,0
Hum_XLOC_010141,False,,,0,0,0
Hum_XLOC_010143,True,0.0,,0,0,0
Hum_XLOC_010144,False,,,0,0,0
Hum_XLOC_010147,False,,,0,0,0
Hum_XLOC_010148,False,,,0,0,0
Hum_XLOC_010149,False,,,0,0,0
Hum_XLOC_010151,False,,,0,0,0
Hum_XLOC_010152,False,,,0,0,0
Hum_XLOC_010153,True,0.0,,0,0,0
Hum_XLOC_010154,False,,,0,0,0
Hum_XLOC_010156,False,,,0,0,0
Hum_XLOC_010157,False,,,0,0,0
Hum_XLOC_010158,False,,,0,0,0
Hum_XLOC_010169,False,,,0,0,0
Hum_XLOC_010170,False,,,0,0,0
Hum_XLOC_010171,False,,,0,0,0
Hum_XLOC_010172,False,,,0,0,0
Hum_XLOC_010173,False,,,0,0,0
Hum_XLOC_010174,False,,,0,0,0
Hum_XLOC_010177,False,,,0,0,0
Hum_XLOC_010179,True,0.0,,0,0,0
Hum_XLOC_010180,False,,,0,0,0
Hum_XLOC_010182,True,0.0,,0,0,0
Hum_XLOC_010183,False,,,0,0,0
Hum_XLOC_010188,False,,,0,0,0
Hum_XLOC_010189,False,,,0,0,0
Hum_XLOC_010190,False,,,0,0,0
Hum_XLOC_010191,True,0.0,,0,0,0
Hum_XLOC_010192,True,0.0,,0,0,0
Hum_XLOC_010193,False,,,0,0,0
Hum_XLOC_010194,False,,,0,0,0
Hum_XLOC_010195,False,,,0,0,0
Hum_XLOC_010209,False,,,0,0,0
Hum_XLOC_010213,True,0.0,,0,0,0
Hum_XLOC_010215,False,,,0,0,0
Hum_XLOC_010220,False,,,0,0,0
Hum_XLOC_010221,False,,,0,0,0
Hum_XLOC_010231,False,,,0,0,0
Hum_XLOC_010234,True,0.0,,0,0,0
Hum_XLOC_010235,True,0.0,,0,0,0
Hum_XLOC_010236,False,,,0,0,0
Hum_XLOC_010238,False,,,0,0,0
Hum_XLOC_010242,True,0.0,,0,0,0
Hum_XLOC_010243,True,0.0,,0,0,0
Hum_XLOC_010244,True,0.0,,0,0,0
Hum_XLOC_010248,True,0.0,,0,0,0
Hum_XLOC_010249,False,,,0,0,0
Hum_XLOC_010250,False,,,0,0,0
Hum_XLOC_010251,False,,,0,0,0
Hum_XLOC_010252,True,0.0,,0,0,0
Hum_XLOC_010255,False,,,0,0,0
Hum_XLOC_010256,False,,,0,0,0
Hum_XLOC_010262,False,,,0,0,0
Hum_XLOC_010263,False,,,0,0,0
Hum_XLOC_010267,True,0.0,,0,0,0
Hum_XLOC_010268,True,0.0,,0,0,0
Hum_XLOC_010270,False,,,0,0,0
Hum_XLOC_010271,False,,,0,0,0
Hum_XLOC_010272,False,,,0,0,0
Hum_XLOC_010273,False,,,0,0,0
Hum_XLOC_010275,False,,,0,0,0
Hum_XLOC_010276,True,0.0,,0,0,0
Hum_XLOC_010277,True,0.0,,0,0,0
Hum_XLOC_010278,False,,,0,0,0
Hum_XLOC_010279,False,,,0,0,0
Hum_XLOC_010280,True,0.0,,0,0,0
Hum_XLOC_010284,True,0.0,,0,0,0
Hum_XLOC_010287,False,,,0,0,0
Hum_XLOC_010288,False,,,0,0,0
Hum_XLOC_010289,False,,,0,0,0
Hum_XLOC_010292,False,,,0,0,0
Hum_XLOC_010294,True,0.0,,0,0,0
Hum_XLOC_010303,True,0.0,,0,0,0
Hum_XLOC_010304,True,0.0,,0,0,0
Hum_XLOC_010306,True,0.0,,0,0,0
Hum_XLOC_010307,True,0.0,,0,0,0
Hum_XLOC_010311,False,,,0,0,0
Hum_XLOC_010312,False,,,0,0,0
Hum_XLOC_010313,False,,,0,0,0
Hum_XLOC_010314,True,0.0,,0,0,0
Hum_XLOC_010315,False,,,0,0,0
Hum_XLOC_010316,False,,,0,0,0
Hum_XLOC_010317,False,,,0,0,0
Hum_XLOC_010319,True,0.0,,0,0,0
Hum_XLOC_010320,True,0.0,,0,0,0
Hum_XLOC_010321,True,0.0,,0,0,0
Hum_XLOC_010326,False,,,0,0,0
Hum_XLOC_010328,False,,,0,0,0
Hum_XLOC_010332,False,,,0,0,0
Hum_XLOC_010333,False,,,0,0,0
Hum_XLOC_010334,False,,,0,0,0
Hum_XLOC_010338,False,,,0,0,0
Hum_XLOC_010339,False,,,0,0,0
Hum_XLOC_010340,False,,,0,0,0
Hum_XLOC_010341,True,0.0,,0,0,0
Hum_XLOC_010342,False,,,0,0,0
Hum_XLOC_010345,False,,,0,0,0
Hum_XLOC_010347,False,,,0,0,0
Hum_XLOC_010348,False,,,0,0,0
Hum_XLOC_010349,False,,,0,0,0
Hum_XLOC_010350,False,,,0,0,0
Hum_XLOC_010351,False,,,0,0,0
Hum_XLOC_010356,False,,,0,0,0
Hum_XLOC_010357,False,,,0,0,0
Hum_XLOC_010358,False,,,0,0,0
Hum_XLOC_010359,False,,,0,0,0
Hum_XLOC_010367,True,0.0,,0,0,0
Hum_XLOC_010371,False,,,0,0,0
Hum_XLOC_010372,False,,,0,0,0
Hum_XLOC_010373,False,,,0,0,0
Hum_XLOC_010375,False,,,0,0,0
Hum_XLOC_010377,False,,,0,0,0
Hum_XLOC_010378,False,,,0,0,0
Hum_XLOC_010379,False,,,0,0,0
Hum_XLOC_010380,False,,,0,0,0
Hum_XLOC_010381,False,,,0,0,0
Hum_XLOC_010382,False,,,0,0,0
Hum_XLOC_010383,False,,,0,0,0
Hum_XLOC_010384,True,0.0,,0,0,0
Hum_XLOC_010385,False,,,0,0,0
Hum_XLOC_010386,False,,,0,0,0
Hum_XLOC_010387,False,,,0,0,0
Hum_XLOC_010388,True,0.0,,0,0,0
Hum_XLOC_010389,False,,,0,0,0
Hum_XLOC_010390,False,,,0,0,0
Hum_XLOC_010391,False,,,0,0,0
Hum_XLOC_010392,False,,,0,0,0
Hum_XLOC_010394,False,,,0,0,0
Hum_XLOC_010396,False,,,0,0,0
Hum_XLOC_010397,False,,,0,0,0
Hum_XLOC_010398,False,,,0,0,0
Hum_XLOC_010399,False,,,0,0,0
Hum_XLOC_010401,False,,,0,0,0
Hum_XLOC_010406,False,,,0,0,0
Hum_XLOC_010407,False,,,0,0,0
Hum_XLOC_010408,False,,,0,0,0
Hum_XLOC_010412,False,,,0,0,0
Hum_XLOC_010419,False,,,0,0,0
Hum_XLOC_010420,False,,,0,0,0
Hum_XLOC_010424,False,,,0,0,0
Hum_XLOC_010425,True,0.0,,0,0,0
Hum_XLOC_010428,False,,,0,0,0
Hum_XLOC_010429,False,,,0,0,0
Hum_XLOC_010430,True,0.0,,0,0,0
Hum_XLOC_010431,False,,,0,0,0
Hum_XLOC_010432,True,0.0,,0,0,0
Hum_XLOC_010435,False,,,0,0,0
Hum_XLOC_010436,False,,,0,0,0
Hum_XLOC_010437,False,,,0,0,0
Hum_XLOC_010438,False,,,0,0,0
Hum_XLOC_010440,False,,,0,0,0
Hum_XLOC_010442,False,,,0,0,0
Hum_XLOC_010444,False,,,0,0,0
Hum_XLOC_010447,False,,,0,0,0
Hum_XLOC_010448,False,,,0,0,0
Hum_XLOC_010449,True,0.0,,0,0,0
Hum_XLOC_010450,False,,,0,0,0
Hum_XLOC_010451,False,,,0,0,0
Hum_XLOC_010453,True,0.0,,0,0,0
Hum_XLOC_010454,False,,,0,0,0
Hum_XLOC_010455,False,,,0,0,0
Hum_XLOC_010456,False,,,0,0,0
Hum_XLOC_010457,False,,,0,0,0
Hum_XLOC_010458,False,,,0,0,0
Hum_XLOC_010459,False,,,0,0,0
Hum_XLOC_010460,False,,,0,0,0
Hum_XLOC_010461,False,,,0,0,0
Hum_XLOC_010463,False,,,0,0,0
Hum_XLOC_010464,True,0.0,,0,0,0
Hum_XLOC_010465,False,,,0,0,0
Hum_XLOC_010466,True,0.0,,0,0,0
Hum_XLOC_010467,False,,,0,0,0
Hum_XLOC_010468,False,,,0,0,0
Hum_XLOC_010469,True,0.0,,0,0,0
Hum_XLOC_010472,False,,,0,0,0
Hum_XLOC_010473,True,0.0,,0,0,0
Hum_XLOC_010488,False,,,0,0,0
Hum_XLOC_010491,False,,,0,0,0
Hum_XLOC_010494,False,,,0,0,0
Hum_XLOC_010495,False,,,0,0,0
Hum_XLOC_010496,True,0.0,,0,0,0
Hum_XLOC_010500,False,,,0,0,0
Hum_XLOC_010501,False,,,0,0,0
Hum_XLOC_010502,False,,,0,0,0
Hum_XLOC_010503,False,,,0,0,0
Hum_XLOC_010504,False,,,0,0,0
Hum_XLOC_010505,False,,,0,0,0
Hum_XLOC_010506,False,,,0,0,0
Hum_XLOC_010507,False,,,0,0,0
Hum_XLOC_010509,False,,,0,0,0
Hum_XLOC_010512,False,,,0,0,0
Hum_XLOC_010513,False,,,0,0,0
Hum_XLOC_010514,False,,,0,0,0
Hum_XLOC_010515,False,,,0,0,0
Hum_XLOC_010518,False,,,0,0,0
Hum_XLOC_010519,False,,,0,0,0
Hum_XLOC_010521,True,0.0,,0,0,0
Hum_XLOC_010522,False,,,0,0,0
Hum_XLOC_010523,False,,,0,0,0
Hum_XLOC_010524,True,0.0,,0,0,0
Hum_XLOC_010525,True,0.0,,0,0,0
Hum_XLOC_010526,False,,,0,0,0
Hum_XLOC_010528,True,0.0,,0,0,0
Hum_XLOC_010529,True,0.0,,0,0,0
Hum_XLOC_010530,False,,,0,0,0
Hum_XLOC_010532,False,,,0,0,0
Hum_XLOC_010533,False,,,0,0,0
Hum_XLOC_010535,False,,,0,0,0
Hum_XLOC_010536,False,,,0,0,0
Hum_XLOC_010537,False,,,0,0,0
Hum_XLOC_010538,False,,,0,0,0
Hum_XLOC_010539,False,,,0,0,0
Hum_XLOC_010540,False,,,0,0,0
Hum_XLOC_010546,False,,,0,0,0
Hum_XLOC_010548,True,0.0,,0,0,0
Hum_XLOC_010553,False,,,0,0,0
Hum_XLOC_010554,False,,,0,0,0
Hum_XLOC_010555,False,,,0,0,0
Hum_XLOC_010556,False,,,0,0,0
Hum_XLOC_010558,True,0.0,,0,0,0
Hum_XLOC_010569,True,0.0,,0,0,0
Hum_XLOC_010570,False,,,0,0,0
Hum_XLOC_010571,False,,,0,0,0
Hum_XLOC_010572,True,0.0,,0,0,0
Hum_XLOC_010576,False,,,0,0,0
Hum_XLOC_010579,True,0.0,,0,0,0
Hum_XLOC_010581,False,,,0,0,0
Hum_XLOC_010589,True,0.0,,0,0,0
Hum_XLOC_010591,False,,,0,0,0
Hum_XLOC_010592,False,,,0,0,0
Hum_XLOC_010597,True,0.0,,0,0,0
Hum_XLOC_010603,False,,,0,0,0
Hum_XLOC_010608,False,,,0,0,0
Hum_XLOC_010609,False,,,0,0,0
Hum_XLOC_010613,False,,,0,0,0
Hum_XLOC_010614,False,,,0,0,0
Hum_XLOC_010615,False,,,0,0,0
Hum_XLOC_010616,False,,,0,0,0
Hum_XLOC_010627,False,,,0,0,0
Hum_XLOC_010633,False,,,0,0,0
Hum_XLOC_010634,False,,,0,0,0
Hum_XLOC_010635,False,,,0,0,0
Hum_XLOC_010636,False,,,0,0,0
Hum_XLOC_010637,False,,,0,0,0
Hum_XLOC_010638,False,,,0,0,0
Hum_XLOC_010639,False,,,0,0,0
Hum_XLOC_010640,False,,,0,0,0
Hum_XLOC_010641,False,,,0,0,0
Hum_XLOC_010642,False,,,0,0,0
Hum_XLOC_010643,False,,,0,0,0
Hum_XLOC_010651,True,0.0,,0,0,0
Hum_XLOC_010652,False,,,0,0,0
Hum_XLOC_010653,False,,,0,0,0
Hum_XLOC_010655,True,0.0,,0,0,0
Hum_XLOC_010659,False,,,0,0,0
Hum_XLOC_010660,False,,,0,0,0
Hum_XLOC_010661,True,0.0,,0,0,0
Hum_XLOC_010662,False,,,0,0,0
Hum_XLOC_010663,False,,,0,0,0
Hum_XLOC_010666,False,,,0,0,0
Hum_XLOC_010668,True,0.0,,0,0,0
Hum_XLOC_010672,False,,,0,0,0
Hum_XLOC_010674,False,,,0,0,0
Hum_XLOC_010677,True,0.0,,0,0,0
Hum_XLOC_010679,False,,,0,0,0
Hum_XLOC_010680,False,,,0,0,0
Hum_XLOC_010693,False,,,0,0,0
Hum_XLOC_010696,True,0.0,,0,0,0
Hum_XLOC_010698,False,,,0,0,0
Hum_XLOC_010699,False,,,0,0,0
Hum_XLOC_010700,True,0.0,,0,0,0
Hum_XLOC_010703,False,,,0,0,0
Hum_XLOC_010704,False,,,0,0,0
Hum_XLOC_010705,False,,,0,0,0
Hum_XLOC_010706,True,0.0,,0,0,0
Hum_XLOC_010707,True,0.0,,0,0,0
Hum_XLOC_010708,False,,,0,0,0
Hum_XLOC_010711,False,,,0,0,0
Hum_XLOC_010712,False,,,0,0,0
Hum_XLOC_010714,False,,,0,0,0
Hum_XLOC_010715,False,,,0,0,0
Hum_XLOC_010716,False,,,0,0,0
Hum_XLOC_010719,True,0.0,,0,0,0
Hum_XLOC_010720,False,,,0,0,0
Hum_XLOC_010721,True,0.0,,0,0,0
Hum_XLOC_010739,True,0.0,,0,0,0
Hum_XLOC_010741,False,,,0,0,0
Hum_XLOC_010743,False,,,0,0,0
Hum_XLOC_010744,False,,,0,0,0
Hum_XLOC_010745,False,,,0,0,0
Hum_XLOC_010749,False,,,0,0,0
Hum_XLOC_010750,False,,,0,0,0
Hum_XLOC_010751,False,,,0,0,0
Hum_XLOC_010752,False,,,0,0,0
Hum_XLOC_010753,False,,,0,0,0
Hum_XLOC_010755,False,,,0,0,0
Hum_XLOC_010758,True,0.0,,0,0,0
Hum_XLOC_010759,False,,,0,0,0
Hum_XLOC_010760,False,,,0,0,0
Hum_XLOC_010761,False,,,0,0,0
Hum_XLOC_010762,False,,,0,0,0
Hum_XLOC_010763,False,,,0,0,0
Hum_XLOC_010764,False,,,0,0,0
Hum_XLOC_010768,True,0.0,,0,0,0
Hum_XLOC_010769,False,,,0,0,0
Hum_XLOC_010774,False,,,0,0,0
Hum_XLOC_010775,False,,,0,0,0
Hum_XLOC_010776,False,,,0,0,0
Hum_XLOC_010780,False,,,0,0,0
Hum_XLOC_010781,False,,,0,0,0
Hum_XLOC_010782,True,0.0,,0,0,0
Hum_XLOC_010783,False,,,0,0,0
Hum_XLOC_010784,False,,,0,0,0
Hum_XLOC_010785,False,,,0,0,0
Hum_XLOC_010788,False,,,0,0,0
Hum_XLOC_010789,False,,,0,0,0
Hum_XLOC_010792,False,,,0,0,0
Hum_XLOC_010793,False,,,0,0,0
Hum_XLOC_010794,False,,,0,0,0
Hum_XLOC_010796,False,,,0,0,0
Hum_XLOC_010797,False,,,0,0,0
Hum_XLOC_010798,False,,,0,0,0
Hum_XLOC_010799,False,,,0,0,0
Hum_XLOC_010801,False,,,0,0,0
Hum_XLOC_010802,False,,,0,0,0
Hum_XLOC_010803,False,,,0,0,0
Hum_XLOC_010804,False,,,0,0,0
Hum_XLOC_010805,True,0.0,,0,0,0
Hum_XLOC_010806,False,,,0,0,0
Hum_XLOC_010813,True,0.0,,0,0,0
Hum_XLOC_010814,False,,,0,0,0
Hum_XLOC_010815,False,,,0,0,0
Hum_XLOC_010816,False,,,0,0,0
Hum_XLOC_010820,False,,,0,0,0
Hum_XLOC_010821,True,0.0,,0,0,0
Hum_XLOC_010822,True,0.0,,0,0,0
Hum_XLOC_010823,True,0.0,,0,0,0
Hum_XLOC_010831,False,,,0,0,0
Hum_XLOC_010832,False,,,0,0,0
Hum_XLOC_010835,False,,,0,0,0
Hum_XLOC_010836,False,,,0,0,0
Hum_XLOC_010837,False,,,0,0,0
Hum_XLOC_010838,True,0.0,,0,0,0
Hum_XLOC_010839,False,,,0,0,0
Hum_XLOC_010840,False,,,0,0,0
Hum_XLOC_010842,False,,,0,0,0
Hum_XLOC_010845,False,,,0,0,0
Hum_XLOC_010852,False,,,0,0,0
Hum_XLOC_010853,False,,,0,0,0
Hum_XLOC_010854,False,,,0,0,0
Hum_XLOC_010855,True,0.0,,0,0,0
Hum_XLOC_010856,False,,,0,0,0
Hum_XLOC_010857,False,,,0,0,0
Hum_XLOC_010858,False,,,0,0,0
Hum_XLOC_010860,False,,,0,0,0
Hum_XLOC_010861,False,,,0,0,0
Hum_XLOC_010862,False,,,0,0,0
Hum_XLOC_010863,False,,,0,0,0
Hum_XLOC_010864,False,,,0,0,0
Hum_XLOC_010865,False,,,0,0,0
Hum_XLOC_010866,True,0.0,,0,0,0
Hum_XLOC_010867,False,,,0,0,0
Hum_XLOC_010868,True,0.0,,0,0,0
Hum_XLOC_010873,False,,,0,0,0
Hum_XLOC_010874,False,,,0,0,0
Hum_XLOC_010875,True,0.0,,0,0,0
Hum_XLOC_010876,False,,,0,0,0
Hum_XLOC_010877,True,0.0,,0,0,0
Hum_XLOC_010878,False,,,0,0,0
Hum_XLOC_010879,False,,,0,0,0
Hum_XLOC_010880,True,0.0,,0,0,0
Hum_XLOC_010882,True,0.0,,0,0,0
Hum_XLOC_010883,False,,,0,0,0
Hum_XLOC_010884,False,,,0,0,0
Hum_XLOC_010885,False,,,0,0,0
Hum_XLOC_010886,False,,,0,0,0
Hum_XLOC_010887,True,0.0,,0,0,0
Hum_XLOC_010889,False,,,0,0,0
Hum_XLOC_010890,False,,,0,0,0
Hum_XLOC_010891,False,,,0,0,0
Hum_XLOC_010892,False,,,0,0,0
Hum_XLOC_010893,False,,,0,0,0
Hum_XLOC_010897,False,,,0,0,0
Hum_XLOC_010898,False,,,0,0,0
Hum_XLOC_010899,True,0.0,,0,0,0
Hum_XLOC_010901,False,,,0,0,0
Hum_XLOC_010903,False,,,0,0,0
Hum_XLOC_010904,False,,,0,0,0
Hum_XLOC_010905,False,,,0,0,0
Hum_XLOC_010906,False,,,0,0,0
Hum_XLOC_010912,True,0.0,,0,0,0
Hum_XLOC_010913,False,,,0,0,0
Hum_XLOC_010914,False,,,0,0,0
Hum_XLOC_010915,False,,,0,0,0
Hum_XLOC_010921,False,,,0,0,0
Hum_XLOC_010922,True,0.0,,0,0,0
Hum_XLOC_010923,False,,,0,0,0
Hum_XLOC_010924,False,,,0,0,0
Hum_XLOC_010925,False,,,0,0,0
Hum_XLOC_010929,False,,,0,0,0
Hum_XLOC_010930,False,,,0,0,0
Hum_XLOC_010931,False,,,0,0,0
Hum_XLOC_010932,False,,,0,0,0
Hum_XLOC_010933,True,0.0,,0,0,0
Hum_XLOC_010934,False,,,0,0,0
Hum_XLOC_010935,False,,,0,0,0
Hum_XLOC_010938,True,0.0,,0,0,0
Hum_XLOC_010939,False,,,0,0,0
Hum_XLOC_010941,False,,,0,0,0
Hum_XLOC_010942,False,,,0,0,0
Hum_XLOC_010943,False,,,0,0,0
Hum_XLOC_010944,False,,,0,0,0
Hum_XLOC_010946,False,,,0,0,0
Hum_XLOC_010947,False,,,0,0,0
Hum_XLOC_010948,True,0.0,,0,0,0
Hum_XLOC_010952,True,0.0,,0,0,0
Hum_XLOC_010953,False,,,0,0,0
Hum_XLOC_010954,False,,,0,0,0
Hum_XLOC_010955,True,0.0,,0,0,0
Hum_XLOC_010956,False,,,0,0,0
Hum_XLOC_010957,False,,,0,0,0
Hum_XLOC_010958,True,0.0,,0,0,0
Hum_XLOC_010959,False,,,0,0,0
Hum_XLOC_010960,False,,,0,0,0
Hum_XLOC_010961,False,,,0,0,0
Hum_XLOC_010962,False,,,0,0,0
Hum_XLOC_010963,False,,,0,0,0
Hum_XLOC_010964,False,,,0,0,0
Hum_XLOC_010965,False,,,0,0,0
Hum_XLOC_010966,False,,,0,0,0
Hum_XLOC_010967,False,,,0,0,0
Hum_XLOC_010968,False,,,0,0,0
Hum_XLOC_010969,False,,,0,0,0
Hum_XLOC_010970,False,,,0,0,0
Hum_XLOC_010971,True,0.0,,0,0,0
Hum_XLOC_010972,False,,,0,0,0
Hum_XLOC_010973,False,,,0,0,0
Hum_XLOC_010974,False,,,0,0,0
Hum_XLOC_010975,False,,,0,0,0
Hum_XLOC_010976,False,,,0,0,0
Hum_XLOC_010977,False,,,0,0,0
Hum_XLOC_010978,False,,,0,0,0
Hum_XLOC_010979,False,,,0,0,0
Hum_XLOC_010980,False,,,0,0,0
Hum_XLOC_010981,False,,,0,0,0
Hum_XLOC_010982,True,0.0,,0,0,0
Hum_XLOC_010983,False,,,0,0,0
Hum_XLOC_010984,False,,,0,0,0
Hum_XLOC_010985,True,0.0,,0,0,0
Hum_XLOC_010986,False,,,0,0,0
Hum_XLOC_010987,False,,,0,0,0
Hum_XLOC_010988,True,0.0,,0,0,0
Hum_XLOC_010991,False,,,0,0,0
Hum_XLOC_010992,False,,,0,0,0
Hum_XLOC_010993,True,0.0,,0,0,0
Hum_XLOC_010994,False,,,0,0,0
Hum_XLOC_010996,False,,,0,0,0
Hum_XLOC_011002,False,,,0,0,0
Hum_XLOC_011003,False,,,0,0,0
Hum_XLOC_011006,False,,,0,0,0
Hum_XLOC_011007,False,,,0,0,0
Hum_XLOC_011008,True,0.0,,0,0,0
Hum_XLOC_011009,False,,,0,0,0
Hum_XLOC_011010,True,0.0,,0,0,0
Hum_XLOC_011011,False,,,0,0,0
Hum_XLOC_011012,False,,,0,0,0
Hum_XLOC_011014,False,,,0,0,0
Hum_XLOC_011015,False,,,0,0,0
Hum_XLOC_011017,False,,,0,0,0
Hum_XLOC_011018,False,,,0,0,0
Hum_XLOC_011019,False,,,0,0,0
Hum_XLOC_011023,True,0.0,,0,0,0
Hum_XLOC_011024,False,,,0,0,0
Hum_XLOC_011025,False,,,0,0,0
Hum_XLOC_011029,False,,,0,0,0
Hum_XLOC_011030,False,,,0,0,0
Hum_XLOC_011031,False,,,0,0,0
Hum_XLOC_011032,False,,,0,0,0
Hum_XLOC_011033,False,,,0,0,0
Hum_XLOC_011034,True,0.0,,0,0,0
Hum_XLOC_011035,False,,,0,0,0
Hum_XLOC_011036,False,,,0,0,0
Hum_XLOC_011037,False,,,0,0,0
Hum_XLOC_011038,False,,,0,0,0
Hum_XLOC_011039,False,,,0,0,0
Hum_XLOC_011040,False,,,0,0,0
Hum_XLOC_011041,True,0.0,,0,0,0
Hum_XLOC_011043,True,0.0,,0,0,0
Hum_XLOC_011046,False,,,0,0,0
Hum_XLOC_011048,False,,,0,0,0
Hum_XLOC_011049,True,0.0,,0,0,0
Hum_XLOC_011050,False,,,0,0,0
Hum_XLOC_011052,False,,,0,0,0
Hum_XLOC_011055,False,,,0,0,0
Hum_XLOC_011056,False,,,0,0,0
Hum_XLOC_011063,True,0.0,,0,0,0
Hum_XLOC_011065,False,,,0,0,0
Hum_XLOC_011067,True,0.0,,0,0,0
Hum_XLOC_011069,False,,,0,0,0
Hum_XLOC_011071,False,,,0,0,0
Hum_XLOC_011072,False,,,0,0,0
Hum_XLOC_011073,True,0.0,,0,0,0
Hum_XLOC_011075,False,,,0,0,0
Hum_XLOC_011076,False,,,0,0,0
Hum_XLOC_011077,False,,,0,0,0
Hum_XLOC_011078,False,,,0,0,0
Hum_XLOC_011079,False,,,0,0,0
Hum_XLOC_011080,False,,,0,0,0
Hum_XLOC_011081,False,,,0,0,0
Hum_XLOC_011083,False,,,0,0,0
Hum_XLOC_011084,False,,,0,0,0
Hum_XLOC_011086,False,,,0,0,0
Hum_XLOC_011087,False,,,0,0,0
Hum_XLOC_011088,True,0.0,,0,0,0
Hum_XLOC_011094,False,,,0,0,0
Hum_XLOC_011099,False,,,0,0,0
Hum_XLOC_011100,False,,,0,0,0
Hum_XLOC_011101,False,,,0,0,0
Hum_XLOC_011103,False,,,0,0,0
Hum_XLOC_011106,False,,,0,0,0
Hum_XLOC_011107,False,,,0,0,0
Hum_XLOC_011111,False,,,0,0,0
Hum_XLOC_011112,False,,,0,0,0
Hum_XLOC_011113,False,,,0,0,0
Hum_XLOC_011114,False,,,0,0,0
Hum_XLOC_011115,False,,,0,0,0
Hum_XLOC_011116,False,,,0,0,0
Hum_XLOC_011117,False,,,0,0,0
Hum_XLOC_011118,False,,,0,0,0
Hum_XLOC_011119,False,,,0,0,0
Hum_XLOC_011120,False,,,0,0,0
Hum_XLOC_011121,True,0.0,,0,0,0
Hum_XLOC_011127,True,0.0,,0,0,0
Hum_XLOC_011130,True,0.0,,0,0,0
Hum_XLOC_011131,False,,,0,0,0
Hum_XLOC_011132,False,,,0,0,0
Hum_XLOC_011134,False,,,0,0,0
Hum_XLOC_011136,True,0.0,,0,0,0
Hum_XLOC_011138,False,,,0,0,0
Hum_XLOC_011139,False,,,0,0,0
Hum_XLOC_011140,False,,,0,0,0
Hum_XLOC_011141,False,,,0,0,0
Hum_XLOC_011142,True,0.0,,0,0,0
Hum_XLOC_011144,False,,,0,0,0
Hum_XLOC_011148,False,,,0,0,0
Hum_XLOC_011155,False,,,0,0,0
Hum_XLOC_011156,False,,,0,0,0
Hum_XLOC_011158,False,,,0,0,0
Hum_XLOC_011159,True,0.0,,0,0,0
Hum_XLOC_011160,False,,,0,0,0
Hum_XLOC_011161,False,,,0,0,0
Hum_XLOC_011162,False,,,0,0,0
Hum_XLOC_011166,False,,,0,0,0
Hum_XLOC_011167,False,,,0,0,0
Hum_XLOC_011170,False,,,0,0,0
Hum_XLOC_011171,False,,,0,0,0
Hum_XLOC_011172,True,0.0,,0,0,0
Hum_XLOC_011173,False,,,0,0,0
Hum_XLOC_011175,True,0.0,,0,0,0
Hum_XLOC_011177,False,,,0,0,0
Hum_XLOC_011179,False,,,0,0,0
Hum_XLOC_011180,False,,,0,0,0
Hum_XLOC_011182,True,0.0,,0,0,0
Hum_XLOC_011183,True,0.0,,0,0,0
Hum_XLOC_011184,False,,,0,0,0
Hum_XLOC_011185,False,,,0,0,0
Hum_XLOC_011186,False,,,0,0,0
Hum_XLOC_011191,False,,,0,0,0
Hum_XLOC_011194,False,,,0,0,0
Hum_XLOC_011199,False,,,0,0,0
Hum_XLOC_011201,False,,,0,0,0
Hum_XLOC_011202,False,,,0,0,0
Hum_XLOC_011203,False,,,0,0,0
Hum_XLOC_011210,False,,,0,0,0
Hum_XLOC_011214,False,,,0,0,0
Hum_XLOC_011216,False,,,0,0,0
Hum_XLOC_011218,True,0.0,,0,0,0
Hum_XLOC_011219,False,,,0,0,0
Hum_XLOC_011220,False,,,0,0,0
Hum_XLOC_011221,False,,,0,0,0
Hum_XLOC_011222,False,,,0,0,0
Hum_XLOC_011223,False,,,0,0,0
Hum_XLOC_011224,True,0.0,,0,0,0
Hum_XLOC_011225,True,0.0,,0,0,0
Hum_XLOC_011226,False,,,0,0,0
Hum_XLOC_011227,False,,,0,0,0
Hum_XLOC_011228,False,,,0,0,0
Hum_XLOC_011229,True,0.0,,0,0,0
Hum_XLOC_011230,False,,,0,0,0
Hum_XLOC_011231,False,,,0,0,0
Hum_XLOC_011232,False,,,0,0,0
Hum_XLOC_011233,True,0.0,,0,0,0
Hum_XLOC_011234,True,0.0,,0,0,0
Hum_XLOC_011235,False,,,0,0,0
Hum_XLOC_011236,False,,,0,0,0
Hum_XLOC_011237,False,,,0,0,0
Hum_XLOC_011238,False,,,0,0,0
Hum_XLOC_011239,False,,,0,0,0
Hum_XLOC_011241,False,,,0,0,0
Hum_XLOC_011242,False,,,0,0,0
Hum_XLOC_011243,False,,,0,0,0
Hum_XLOC_011244,False,,,0,0,0
Hum_XLOC_011245,False,,,0,0,0
Hum_XLOC_011246,False,,,0,0,0
Hum_XLOC_011247,False,,,0,0,0
Hum_XLOC_011248,False,,,0,0,0
Hum_XLOC_011249,False,,,0,0,0
Hum_XLOC_011250,False,,,0,0,0
Hum_XLOC_011251,False,,,0,0,0
Hum_XLOC_011252,False,,,0,0,0
Hum_XLOC_011253,False,,,0,0,0
Hum_XLOC_011254,False,,,0,0,0
Hum_XLOC_011255,False,,,0,0,0
Hum_XLOC_011256,False,,,0,0,0
Hum_XLOC_011257,False,,,0,0,0
Hum_XLOC_011258,False,,,0,0,0
Hum_XLOC_011259,False,,,0,0,0
Hum_XLOC_011260,False,,,0,0,0
Hum_XLOC_011262,True,0.0,,0,0,0
Hum_XLOC_011263,False,,,0,0,0
Hum_XLOC_011264,True,0.0,,0,0,0
Hum_XLOC_011268,False,,,0,0,0
Hum_XLOC_011269,False,,,0,0,0
Hum_XLOC_011270,False,,,0,0,0
Hum_XLOC_011271,False,,,0,0,0
Hum_XLOC_011272,False,,,0,0,0
Hum_XLOC_011273,False,,,0,0,0
Hum_XLOC_011274,False,,,0,0,0
Hum_XLOC_011275,False,,,0,0,0
Hum_XLOC_011276,False,,,0,0,0
Hum_XLOC_011278,False,,,0,0,0
Hum_XLOC_011279,False,,,0,0,0
Hum_XLOC_011281,True,0.0,,0,0,0
Hum_XLOC_011283,False,,,0,0,0
Hum_XLOC_011284,False,,,0,0,0
Hum_XLOC_011285,False,,,0,0,0
Hum_XLOC_011286,False,,,0,0,0
Hum_XLOC_011290,False,,,0,0,0
Hum_XLOC_011293,False,,,0,0,0
Hum_XLOC_011294,False,,,0,0,0
Hum_XLOC_011295,False,,,0,0,0
Hum_XLOC_011299,False,,,0,0,0
Hum_XLOC_011300,False,,,0,0,0
Hum_XLOC_011301,False,,,0,0,0
Hum_XLOC_011303,False,,,0,0,0
Hum_XLOC_011304,False,,,0,0,0
Hum_XLOC_011305,True,0.0,,0,0,0
Hum_XLOC_011306,False,,,0,0,0
Hum_XLOC_011307,True,0.0,,0,0,0
Hum_XLOC_011309,False,,,0,0,0
Hum_XLOC_011310,False,,,0,0,0
Hum_XLOC_011311,False,,,0,0,0
Hum_XLOC_011312,False,,,0,0,0
Hum_XLOC_011313,False,,,0,0,0
Hum_XLOC_011318,False,,,0,0,0
Hum_XLOC_011324,False,,,0,0,0
Hum_XLOC_011327,False,,,0,0,0
Hum_XLOC_011330,False,,,0,0,0
Hum_XLOC_011331,False,,,0,0,0
Hum_XLOC_011335,False,,,0,0,0
Hum_XLOC_011338,True,0.0,,0,0,0
Hum_XLOC_011339,False,,,0,0,0
Hum_XLOC_011340,False,,,0,0,0
Hum_XLOC_011343,True,0.0,,0,0,0
Hum_XLOC_011347,False,,,0,0,0
Hum_XLOC_011348,False,,,0,0,0
Hum_XLOC_011349,False,,,0,0,0
Hum_XLOC_011351,False,,,0,0,0
Hum_XLOC_011352,False,,,0,0,0
Hum_XLOC_011357,False,,,0,0,0
Hum_XLOC_011358,False,,,0,0,0
Hum_XLOC_011359,False,,,0,0,0
Hum_XLOC_011361,True,0.0,,0,0,0
Hum_XLOC_011363,False,,,0,0,0
Hum_XLOC_011364,False,,,0,0,0
Hum_XLOC_011365,True,0.0,,0,0,0
Hum_XLOC_011367,False,,,0,0,0
Hum_XLOC_011368,False,,,0,0,0
Hum_XLOC_011371,False,,,0,0,0
Hum_XLOC_011392,False,,,0,0,0
Hum_XLOC_011393,False,,,0,0,0
Hum_XLOC_011394,False,,,0,0,0
Hum_XLOC_011395,False,,,0,0,0
Hum_XLOC_011396,True,0.0,,0,0,0
Hum_XLOC_011397,True,0.0,,0,0,0
Hum_XLOC_011398,False,,,0,0,0
Hum_XLOC_011399,False,,,0,0,0
Hum_XLOC_011402,False,,,0,0,0
Hum_XLOC_011404,False,,,0,0,0
Hum_XLOC_011405,False,,,0,0,0
Hum_XLOC_011406,False,,,0,0,0
Hum_XLOC_011407,False,,,0,0,0
Hum_XLOC_011408,False,,,0,0,0
Hum_XLOC_011409,True,0.0,,0,0,0
Hum_XLOC_011410,False,,,0,0,0
Hum_XLOC_011411,True,0.0,,0,0,0
Hum_XLOC_011412,False,,,0,0,0
Hum_XLOC_011413,False,,,0,0,0
Hum_XLOC_011414,False,,,0,0,0
Hum_XLOC_011416,False,,,0,0,0
Hum_XLOC_011417,False,,,0,0,0
Hum_XLOC_011418,False,,,0,0,0
Hum_XLOC_011419,False,,,0,0,0
Hum_XLOC_011420,True,0.0,,0,0,0
Hum_XLOC_011421,False,,,0,0,0
Hum_XLOC_011422,True,0.0,,0,0,0
Hum_XLOC_011423,True,0.0,,0,0,0
Hum_XLOC_011424,False,,,0,0,0
Hum_XLOC_011425,True,0.0,,0,0,0
Hum_XLOC_011426,True,0.0,,0,0,0
Hum_XLOC_011427,True,0.0,,0,0,0
Hum_XLOC_011428,False,,,0,0,0
Hum_XLOC_011429,True,0.0,,0,0,0
Hum_XLOC_011430,False,,,0,0,0
Hum_XLOC_011431,False,,,0,0,0
Hum_XLOC_011432,False,,,0,0,0
Hum_XLOC_011434,False,,,0,0,0
Hum_XLOC_011435,True,0.0,,0,0,0
Hum_XLOC_011436,False,,,0,0,0
Hum_XLOC_011439,False,,,0,0,0
Hum_XLOC_011440,True,0.0,,0,0,0
Hum_XLOC_011441,False,,,0,0,0
Hum_XLOC_011442,False,,,0,0,0
Hum_XLOC_011443,True,0.0,,0,0,0
Hum_XLOC_011444,False,,,0,0,0
Hum_XLOC_011445,True,0.0,,0,0,0
Hum_XLOC_011446,False,,,0,0,0
Hum_XLOC_011448,True,0.0,,0,0,0
Hum_XLOC_011449,False,,,0,0,0
Hum_XLOC_011450,False,,,0,0,0
Hum_XLOC_011451,False,,,0,0,0
Hum_XLOC_011452,False,,,0,0,0
Hum_XLOC_011453,True,0.0,,0,0,0
Hum_XLOC_011456,False,,,0,0,0
Hum_XLOC_011457,False,,,0,0,0
Hum_XLOC_011458,False,,,0,0,0
Hum_XLOC_011459,False,,,0,0,0
Hum_XLOC_011460,False,,,0,0,0
Hum_XLOC_011462,False,,,0,0,0
Hum_XLOC_011463,False,,,0,0,0
Hum_XLOC_011464,False,,,0,0,0
Hum_XLOC_011465,False,,,0,0,0
Hum_XLOC_011466,False,,,0,0,0
Hum_XLOC_011467,False,,,0,0,0
Hum_XLOC_011468,False,,,0,0,0
Hum_XLOC_011469,False,,,0,0,0
Hum_XLOC_011470,False,,,0,0,0
Hum_XLOC_011472,False,,,0,0,0
Hum_XLOC_011481,False,,,0,0,0
Hum_XLOC_011482,False,,,0,0,0
Hum_XLOC_011483,False,,,0,0,0
Hum_XLOC_011484,True,0.0,,0,0,0
Hum_XLOC_011485,True,0.0,,0,0,0
Hum_XLOC_011486,False,,,0,0,0
Hum_XLOC_011487,False,,,0,0,0
Hum_XLOC_011490,False,,,0,0,0
Hum_XLOC_011491,False,,,0,0,0
Hum_XLOC_011494,False,,,0,0,0
Hum_XLOC_011495,False,,,0,0,0
Hum_XLOC_011496,False,,,0,0,0
Hum_XLOC_011497,False,,,0,0,0
Hum_XLOC_011498,True,0.0,,0,0,0
Hum_XLOC_011502,False,,,0,0,0
Hum_XLOC_011505,False,,,0,0,0
Hum_XLOC_011506,False,,,0,0,0
Hum_XLOC_011507,False,,,0,0,0
Hum_XLOC_011508,False,,,0,0,0
Hum_XLOC_011509,False,,,0,0,0
Hum_XLOC_011510,True,0.0,,0,0,0
Hum_XLOC_011514,False,,,0,0,0
Hum_XLOC_011515,False,,,0,0,0
Hum_XLOC_011518,False,,,0,0,0
Hum_XLOC_011521,False,,,0,0,0
Hum_XLOC_011524,True,0.0,,0,0,0
Hum_XLOC_011525,False,,,0,0,0
Hum_XLOC_011526,False,,,0,0,0
Hum_XLOC_011530,False,,,0,0,0
Hum_XLOC_011532,False,,,0,0,0
Hum_XLOC_011533,False,,,0,0,0
Hum_XLOC_011534,False,,,0,0,0
Hum_XLOC_011535,False,,,0,0,0
Hum_XLOC_011536,False,,,0,0,0
Hum_XLOC_011537,False,,,0,0,0
Hum_XLOC_011538,True,0.0,,0,0,0
Hum_XLOC_011539,False,,,0,0,0
Hum_XLOC_011540,True,0.0,,0,0,0
Hum_XLOC_011541,False,,,0,0,0
Hum_XLOC_011542,False,,,0,0,0
Hum_XLOC_011546,True,0.0,,0,0,0
Hum_XLOC_011547,False,,,0,0,0
Hum_XLOC_011548,False,,,0,0,0
Hum_XLOC_011549,False,,,0,0,0
Hum_XLOC_011550,False,,,0,0,0
Hum_XLOC_011552,False,,,0,0,0
Hum_XLOC_011553,True,0.0,,0,0,0
Hum_XLOC_011554,False,,,0,0,0
Hum_XLOC_011555,False,,,0,0,0
Hum_XLOC_011557,False,,,0,0,0
Hum_XLOC_011561,False,,,0,0,0
Hum_XLOC_011562,False,,,0,0,0
Hum_XLOC_011563,False,,,0,0,0
Hum_XLOC_011564,False,,,0,0,0
Hum_XLOC_011565,True,0.0,,0,0,0
Hum_XLOC_011566,False,,,0,0,0
Hum_XLOC_011569,False,,,0,0,0
Hum_XLOC_011571,False,,,0,0,0
Hum_XLOC_011573,False,,,0,0,0
Hum_XLOC_011574,False,,,0,0,0
Hum_XLOC_011575,False,,,0,0,0
Hum_XLOC_011576,False,,,0,0,0
Hum_XLOC_011577,False,,,0,0,0
Hum_XLOC_011578,False,,,0,0,0
Hum_XLOC_011579,True,0.0,,0,0,0
Hum_XLOC_011580,True,0.0,,0,0,0
Hum_XLOC_011581,False,,,0,0,0
Hum_XLOC_011582,True,0.0,,0,0,0
Hum_XLOC_011587,True,0.0,,0,0,0
Hum_XLOC_011588,False,,,0,0,0
Hum_XLOC_011589,False,,,0,0,0
Hum_XLOC_011590,True,0.0,,0,0,0
Hum_XLOC_011594,True,0.0,,0,0,0
Hum_XLOC_011597,False,,,0,0,0
Hum_XLOC_011609,False,,,0,0,0
Hum_XLOC_011610,False,,,0,0,0
Hum_XLOC_011611,True,0.0,,0,0,0
Hum_XLOC_011612,False,,,0,0,0
Hum_XLOC_011619,True,0.0,,0,0,0
Hum_XLOC_011620,False,,,0,0,0
Hum_XLOC_011621,False,,,0,0,0
Hum_XLOC_011622,True,0.0,,0,0,0
Hum_XLOC_011623,False,,,0,0,0
Hum_XLOC_011626,False,,,0,0,0
Hum_XLOC_011633,False,,,0,0,0
Hum_XLOC_011634,False,,,0,0,0
Hum_XLOC_011636,False,,,0,0,0
Hum_XLOC_011639,False,,,0,0,0
Hum_XLOC_011641,True,0.0,,0,0,0
Hum_XLOC_011643,False,,,0,0,0
Hum_XLOC_011644,False,,,0,0,0
Hum_XLOC_011647,False,,,0,0,0
Hum_XLOC_011648,False,,,0,0,0
Hum_XLOC_011649,True,0.0,,0,0,0
Hum_XLOC_011650,False,,,0,0,0
Hum_XLOC_011652,False,,,0,0,0
Hum_XLOC_011655,False,,,0,0,0
Hum_XLOC_011656,False,,,0,0,0
Hum_XLOC_011657,False,,,0,0,0
Hum_XLOC_011658,False,,,0,0,0
Hum_XLOC_011660,False,,,0,0,0
Hum_XLOC_011661,False,,,0,0,0
Hum_XLOC_011662,False,,,0,0,0
Hum_XLOC_011663,False,,,0,0,0
Hum_XLOC_011664,False,,,0,0,0
Hum_XLOC_011665,False,,,0,0,0
Hum_XLOC_011666,True,0.0,,0,0,0
Hum_XLOC_011667,False,,,0,0,0
Hum_XLOC_011670,False,,,0,0,0
Hum_XLOC_011674,True,0.0,,0,0,0
Hum_XLOC_011676,False,,,0,0,0
Hum_XLOC_011680,True,0.0,,0,0,0
Hum_XLOC_011681,False,,,0,0,0
Hum_XLOC_011682,False,,,0,0,0
Hum_XLOC_011687,False,,,0,0,0
Hum_XLOC_011688,False,,,0,0,0
Hum_XLOC_011692,False,,,0,0,0
Hum_XLOC_011703,False,,,0,0,0
Hum_XLOC_011704,True,0.0,,0,0,0
Hum_XLOC_011705,False,,,0,0,0
Hum_XLOC_011706,False,,,0,0,0
Hum_XLOC_011707,False,,,0,0,0
Hum_XLOC_011710,False,,,0,0,0
Hum_XLOC_011714,False,,,0,0,0
Hum_XLOC_011716,False,,,0,0,0
Hum_XLOC_011720,False,,,0,0,0
Hum_XLOC_011723,False,,,0,0,0
Hum_XLOC_011725,False,,,0,0,0
Hum_XLOC_011726,False,,,0,0,0
Hum_XLOC_011739,False,,,0,0,0
Hum_XLOC_011743,False,,,0,0,0
Hum_XLOC_011745,False,,,0,0,0
Hum_XLOC_011746,False,,,0,0,0
Hum_XLOC_011747,False,,,0,0,0
Hum_XLOC_011748,False,,,0,0,0
Hum_XLOC_011750,False,,,0,0,0
Hum_XLOC_011751,False,,,0,0,0
Hum_XLOC_011754,False,,,0,0,0
Hum_XLOC_011755,False,,,0,0,0
Hum_XLOC_011757,False,,,0,0,0
Hum_XLOC_011758,False,,,0,0,0
Hum_XLOC_011759,False,,,0,0,0
Hum_XLOC_011760,False,,,0,0,0
Hum_XLOC_011762,False,,,0,0,0
Hum_XLOC_011763,False,,,0,0,0
Hum_XLOC_011764,True,0.0,,0,0,0
Hum_XLOC_011765,False,,,0,0,0
Hum_XLOC_011766,False,,,0,0,0
Hum_XLOC_011767,False,,,0,0,0
Hum_XLOC_011768,False,,,0,0,0
Hum_XLOC_011769,True,0.0,,0,0,0
Hum_XLOC_011770,False,,,0,0,0
Hum_XLOC_011771,False,,,0,0,0
Hum_XLOC_011772,False,,,0,0,0
Hum_XLOC_011773,False,,,0,0,0
Hum_XLOC_011774,False,,,0,0,0
Hum_XLOC_011775,False,,,0,0,0
Hum_XLOC_011782,False,,,0,0,0
Hum_XLOC_011786,True,0.0,,0,0,0
Hum_XLOC_011787,False,,,0,0,0
Hum_XLOC_011788,False,,,0,0,0
Hum_XLOC_011789,False,,,0,0,0
Hum_XLOC_011793,True,0.0,,0,0,0
Hum_XLOC_011794,False,,,0,0,0
Hum_XLOC_011796,False,,,0,0,0
Hum_XLOC_011797,False,,,0,0,0
Hum_XLOC_011800,False,,,0,0,0
Hum_XLOC_011802,False,,,0,0,0
Hum_XLOC_011806,True,0.0,,0,0,0
Hum_XLOC_011807,False,,,0,0,0
Hum_XLOC_011809,False,,,0,0,0
Hum_XLOC_011810,False,,,0,0,0
Hum_XLOC_011811,False,,,0,0,0
Hum_XLOC_011813,False,,,0,0,0
Hum_XLOC_011817,False,,,0,0,0
Hum_XLOC_011818,False,,,0,0,0
Hum_XLOC_011819,False,,,0,0,0
Hum_XLOC_011820,False,,,0,0,0
Hum_XLOC_011821,False,,,0,0,0
Hum_XLOC_011822,False,,,0,0,0
Hum_XLOC_011823,True,0.0,,0,0,0
Hum_XLOC_011825,False,,,0,0,0
Hum_XLOC_011827,False,,,0,0,0
Hum_XLOC_011828,True,0.0,,0,0,0
Hum_XLOC_011829,False,,,0,0,0
Hum_XLOC_011830,False,,,0,0,0
Hum_XLOC_011831,True,0.0,,0,0,0
Hum_XLOC_011833,False,,,0,0,0
Hum_XLOC_011839,False,,,0,0,0
Hum_XLOC_011840,False,,,0,0,0
Hum_XLOC_011842,False,,,0,0,0
Hum_XLOC_011843,False,,,0,0,0
Hum_XLOC_011844,False,,,0,0,0
Hum_XLOC_011845,False,,,0,0,0
Hum_XLOC_011848,False,,,0,0,0
Hum_XLOC_011849,False,,,0,0,0
Hum_XLOC_011850,True,0.0,,0,0,0
Hum_XLOC_011855,False,,,0,0,0
Hum_XLOC_011856,True,0.0,,0,0,0
Hum_XLOC_011858,False,,,0,0,0
Hum_XLOC_011862,False,,,0,0,0
Hum_XLOC_011863,False,,,0,0,0
Hum_XLOC_011864,False,,,0,0,0
Hum_XLOC_011865,False,,,0,0,0
Hum_XLOC_011866,False,,,0,0,0
Hum_XLOC_011869,False,,,0,0,0
Hum_XLOC_011871,False,,,0,0,0
Hum_XLOC_011873,False,,,0,0,0
Hum_XLOC_011874,False,,,0,0,0
Hum_XLOC_011875,False,,,0,0,0
Hum_XLOC_011876,False,,,0,0,0
Hum_XLOC_011877,False,,,0,0,0
Hum_XLOC_011878,False,,,0,0,0
Hum_XLOC_011879,False,,,0,0,0
Hum_XLOC_011880,False,,,0,0,0
Hum_XLOC_011881,False,,,0,0,0
Hum_XLOC_011883,False,,,0,0,0
Hum_XLOC_011887,False,,,0,0,0
Hum_XLOC_011888,True,0.0,,0,0,0
Hum_XLOC_011889,False,,,0,0,0
Hum_XLOC_011890,False,,,0,0,0
Hum_XLOC_011891,False,,,0,0,0
Hum_XLOC_011892,False,,,0,0,0
Hum_XLOC_011893,False,,,0,0,0
Hum_XLOC_011894,False,,,0,0,0
Hum_XLOC_011895,False,,,0,0,0
Hum_XLOC_011896,False,,,0,0,0
Hum_XLOC_011897,False,,,0,0,0
Hum_XLOC_011898,False,,,0,0,0
Hum_XLOC_011901,False,,,0,0,0
Hum_XLOC_011903,False,,,0,0,0
Hum_XLOC_011904,False,,,0,0,0
Hum_XLOC_011907,False,,,0,0,0
Hum_XLOC_011908,False,,,0,0,0
Hum_XLOC_011909,False,,,0,0,0
Hum_XLOC_011916,False,,,0,0,0
Hum_XLOC_011917,True,0.0,,0,0,0
Hum_XLOC_011918,False,,,0,0,0
Hum_XLOC_011919,True,0.0,,0,0,0
Hum_XLOC_011920,False,,,0,0,0
Hum_XLOC_011921,False,,,0,0,0
Hum_XLOC_011922,False,,,0,0,0
Hum_XLOC_011926,True,0.0,,0,0,0
Hum_XLOC_011927,False,,,0,0,0
Hum_XLOC_011929,False,,,0,0,0
Hum_XLOC_011931,False,,,0,0,0
Hum_XLOC_011932,False,,,0,0,0
Hum_XLOC_011933,False,,,0,0,0
Hum_XLOC_011934,False,,,0,0,0
Hum_XLOC_011935,False,,,0,0,0
Hum_XLOC_011936,False,,,0,0,0
Hum_XLOC_011945,False,,,0,0,0
Hum_XLOC_011946,False,,,0,0,0
Hum_XLOC_011948,False,,,0,0,0
Hum_XLOC_011951,False,,,0,0,0
Hum_XLOC_011953,False,,,0,0,0
Hum_XLOC_011957,False,,,0,0,0
Hum_XLOC_011958,False,,,0,0,0
Hum_XLOC_011965,False,,,0,0,0
Hum_XLOC_011973,True,0.0,,0,0,0
Hum_XLOC_011974,False,,,0,0,0
Hum_XLOC_011978,False,,,0,0,0
Hum_XLOC_011980,True,0.0,,0,0,0
Hum_XLOC_011983,False,,,0,0,0
Hum_XLOC_011984,False,,,0,0,0
Hum_XLOC_011988,True,0.0,,0,0,0
Hum_XLOC_011989,False,,,0,0,0
Hum_XLOC_011990,False,,,0,0,0
Hum_XLOC_011994,False,,,0,0,0
Hum_XLOC_011999,False,,,0,0,0
Hum_XLOC_012000,False,,,0,0,0
Hum_XLOC_012001,False,,,0,0,0
Hum_XLOC_012003,False,,,0,0,0
Hum_XLOC_012005,True,0.0,,0,0,0
Hum_XLOC_012008,False,,,0,0,0
Hum_XLOC_012017,True,0.0,,0,0,0
Hum_XLOC_012018,False,,,0,0,0
Hum_XLOC_012019,False,,,0,0,0
Hum_XLOC_012021,False,,,0,0,0
Hum_XLOC_012022,True,0.0,,0,0,0
Hum_XLOC_012023,False,,,0,0,0
Hum_XLOC_012024,True,0.0,,0,0,0
Hum_XLOC_012025,True,0.0,,0,0,0
Hum_XLOC_012027,True,0.0,,0,0,0
Hum_XLOC_012028,False,,,0,0,0
Hum_XLOC_012030,False,,,0,0,0
Hum_XLOC_012047,False,,,0,0,0
Hum_XLOC_012048,False,,,0,0,0
Hum_XLOC_012055,False,,,0,0,0
Hum_XLOC_012059,False,,,0,0,0
Hum_XLOC_012060,True,0.0,,0,0,0
Hum_XLOC_012062,False,,,0,0,0
Hum_XLOC_012063,False,,,0,0,0
Hum_XLOC_012064,False,,,0,0,0
Hum_XLOC_012070,False,,,0,0,0
Hum_XLOC_012071,True,0.0,,0,0,0
Hum_XLOC_012072,False,,,0,0,0
Hum_XLOC_012073,True,0.0,,0,0,0
Hum_XLOC_012074,False,,,0,0,0
Hum_XLOC_012075,False,,,0,0,0
Hum_XLOC_012076,True,0.0,,0,0,0
Hum_XLOC_012078,False,,,0,0,0
Hum_XLOC_012079,False,,,0,0,0
Hum_XLOC_012081,False,,,0,0,0
Hum_XLOC_012085,False,,,0,0,0
Hum_XLOC_012090,False,,,0,0,0
Hum_XLOC_012093,True,0.0,,0,0,0
Hum_XLOC_012094,False,,,0,0,0
Hum_XLOC_012097,False,,,0,0,0
Hum_XLOC_012098,False,,,0,0,0
Hum_XLOC_012101,False,,,0,0,0
Hum_XLOC_012106,False,,,0,0,0
Hum_XLOC_012107,False,,,0,0,0
Hum_XLOC_012108,False,,,0,0,0
Hum_XLOC_012109,False,,,0,0,0
Hum_XLOC_012110,False,,,0,0,0
Hum_XLOC_012111,False,,,0,0,0
Hum_XLOC_012112,True,0.0,,0,0,0
Hum_XLOC_012113,False,,,0,0,0
Hum_XLOC_012114,False,,,0,0,0
Hum_XLOC_012115,True,0.0,,0,0,0
Hum_XLOC_012123,False,,,0,0,0
Hum_XLOC_012126,False,,,0,0,0
Hum_XLOC_012131,False,,,0,0,0
Hum_XLOC_012132,False,,,0,0,0
Hum_XLOC_012146,True,0.0,,0,0,0
Hum_XLOC_012150,False,,,0,0,0
Hum_XLOC_012151,False,,,0,0,0
Hum_XLOC_012152,False,,,0,0,0
Hum_XLOC_012153,False,,,0,0,0
Hum_XLOC_012154,True,0.0,,0,0,0
Hum_XLOC_012156,False,,,0,0,0
Hum_XLOC_012159,True,0.0,,0,0,0
Hum_XLOC_012164,False,,,0,0,0
Hum_XLOC_012165,True,0.0,,0,0,0
Hum_XLOC_012166,False,,,0,0,0
Hum_XLOC_012167,False,,,0,0,0
Hum_XLOC_012168,False,,,0,0,0
Hum_XLOC_012169,False,,,0,0,0
Hum_XLOC_012171,False,,,0,0,0
Hum_XLOC_012172,False,,,0,0,0
Hum_XLOC_012174,False,,,0,0,0
Hum_XLOC_012175,False,,,0,0,0
Hum_XLOC_012177,False,,,0,0,0
Hum_XLOC_012178,False,,,0,0,0
Hum_XLOC_012179,False,,,0,0,0
Hum_XLOC_012180,False,,,0,0,0
Hum_XLOC_012185,False,,,0,0,0
Hum_XLOC_012186,False,,,0,0,0
Hum_XLOC_012187,False,,,0,0,0
Hum_XLOC_012188,False,,,0,0,0
Hum_XLOC_012189,False,,,0,0,0
Hum_XLOC_012192,False,,,0,0,0
Hum_XLOC_012193,False,,,0,0,0
Hum_XLOC_012194,False,,,0,0,0
Hum_XLOC_012195,False,,,0,0,0
Hum_XLOC_012197,True,0.0,,0,0,0
Hum_XLOC_012199,False,,,0,0,0
Hum_XLOC_012200,False,,,0,0,0
Hum_XLOC_012201,False,,,0,0,0
Hum_XLOC_012202,False,,,0,0,0
Hum_XLOC_012203,True,0.0,,0,0,0
Hum_XLOC_012204,False,,,0,0,0
Hum_XLOC_012205,False,,,0,0,0
Hum_XLOC_012208,False,,,0,0,0
Hum_XLOC_012209,False,,,0,0,0
Hum_XLOC_012210,False,,,0,0,0
Hum_XLOC_012211,False,,,0,0,0
Hum_XLOC_012212,False,,,0,0,0
Hum_XLOC_012213,False,,,0,0,0
Hum_XLOC_012216,False,,,0,0,0
Hum_XLOC_012218,False,,,0,0,0
Hum_XLOC_012219,False,,,0,0,0
Hum_XLOC_012220,False,,,0,0,0
Hum_XLOC_012221,False,,,0,0,0
Hum_XLOC_012222,False,,,0,0,0
Hum_XLOC_012224,False,,,0,0,0
Hum_XLOC_012227,False,,,0,0,0
Hum_XLOC_012230,False,,,0,0,0
Hum_XLOC_012232,False,,,0,0,0
Hum_XLOC_012233,True,0.0,,0,0,0
Hum_XLOC_012235,False,,,0,0,0
Hum_XLOC_012236,False,,,0,0,0
Hum_XLOC_012237,False,,,0,0,0
Hum_XLOC_012238,False,,,0,0,0
Hum_XLOC_012239,False,,,0,0,0
Hum_XLOC_012240,False,,,0,0,0
Hum_XLOC_012241,False,,,0,0,0
Hum_XLOC_012242,False,,,0,0,0
Hum_XLOC_012247,False,,,0,0,0
Hum_XLOC_012248,True,0.0,,0,0,0
Hum_XLOC_012249,True,0.0,,0,0,0
Hum_XLOC_012250,False,,,0,0,0
Hum_XLOC_012251,False,,,0,0,0
Hum_XLOC_012254,False,,,0,0,0
Hum_XLOC_012255,False,,,0,0,0
Hum_XLOC_012256,False,,,0,0,0
Hum_XLOC_012257,False,,,0,0,0
Hum_XLOC_012258,False,,,0,0,0
Hum_XLOC_012261,True,0.0,,0,0,0
Hum_XLOC_012262,True,0.0,,0,0,0
Hum_XLOC_012263,False,,,0,0,0
Hum_XLOC_012264,False,,,0,0,0
Hum_XLOC_012265,False,,,0,0,0
Hum_XLOC_012268,False,,,0,0,0
Hum_XLOC_012272,False,,,0,0,0
Hum_XLOC_012273,False,,,0,0,0
Hum_XLOC_012274,False,,,0,0,0
Hum_XLOC_012275,False,,,0,0,0
Hum_XLOC_012278,False,,,0,0,0
Hum_XLOC_012279,False,,,0,0,0
Hum_XLOC_012280,True,0.0,,0,0,0
Hum_XLOC_012281,False,,,0,0,0
Hum_XLOC_012282,False,,,0,0,0
Hum_XLOC_012283,False,,,0,0,0
Hum_XLOC_012284,False,,,0,0,0
Hum_XLOC_012285,False,,,0,0,0
Hum_XLOC_012286,True,0.0,,0,0,0
Hum_XLOC_012287,False,,,0,0,0
Hum_XLOC_012288,False,,,0,0,0
Hum_XLOC_012289,False,,,0,0,0
Hum_XLOC_012290,False,,,0,0,0
Hum_XLOC_012291,False,,,0,0,0
Hum_XLOC_012292,False,,,0,0,0
Hum_XLOC_012293,True,0.0,,0,0,0
Hum_XLOC_012294,False,,,0,0,0
Hum_XLOC_012295,False,,,0,0,0
Hum_XLOC_012296,False,,,0,0,0
Hum_XLOC_012298,False,,,0,0,0
Hum_XLOC_012301,False,,,0,0,0
Hum_XLOC_012302,False,,,0,0,0
Hum_XLOC_012303,False,,,0,0,0
Hum_XLOC_012304,False,,,0,0,0
Hum_XLOC_012305,False,,,0,0,0
Hum_XLOC_012306,False,,,0,0,0
Hum_XLOC_012311,False,,,0,0,0
Hum_XLOC_012313,False,,,0,0,0
Hum_XLOC_012314,False,,,0,0,0
Hum_XLOC_012315,False,,,0,0,0
Hum_XLOC_012317,False,,,0,0,0
Hum_XLOC_012318,False,,,0,0,0
Hum_XLOC_012319,False,,,0,0,0
Hum_XLOC_012320,False,,,0,0,0
Hum_XLOC_012321,False,,,0,0,0
Hum_XLOC_012322,False,,,0,0,0
Hum_XLOC_012323,False,,,0,0,0
Hum_XLOC_012324,False,,,0,0,0
Hum_XLOC_012325,False,,,0,0,0
Hum_XLOC_012326,True,0.0,,0,0,0
Hum_XLOC_012327,False,,,0,0,0
Hum_XLOC_012328,False,,,0,0,0
Hum_XLOC_012329,False,,,0,0,0
Hum_XLOC_012330,False,,,0,0,0
Hum_XLOC_012333,False,,,0,0,0
Hum_XLOC_012334,False,,,0,0,0
Hum_XLOC_012335,False,,,0,0,0
Hum_XLOC_012336,False,,,0,0,0
Hum_XLOC_012338,False,,,0,0,0
Hum_XLOC_012339,True,0.0,,0,0,0
Hum_XLOC_012340,False,,,0,0,0
Hum_XLOC_012343,False,,,0,0,0
Hum_XLOC_012344,False,,,0,0,0
Hum_XLOC_012345,False,,,0,0,0
Hum_XLOC_012347,True,0.0,,0,0,0
Hum_XLOC_012348,False,,,0,0,0
Hum_XLOC_012349,False,,,0,0,0
Hum_XLOC_012350,False,,,0,0,0
Hum_XLOC_012351,False,,,0,0,0
Hum_XLOC_012352,True,0.0,,0,0,0
Hum_XLOC_012353,False,,,0,0,0
Hum_XLOC_012356,False,,,0,0,0
Hum_XLOC_012357,False,,,0,0,0
Hum_XLOC_012365,False,,,0,0,0
Hum_XLOC_012366,False,,,0,0,0
Hum_XLOC_012367,False,,,0,0,0
Hum_XLOC_012368,False,,,0,0,0
Hum_XLOC_012372,False,,,0,0,0
Hum_XLOC_012375,False,,,0,0,0
Hum_XLOC_012376,False,,,0,0,0
Hum_XLOC_012377,False,,,0,0,0
Hum_XLOC_012378,False,,,0,0,0
Hum_XLOC_012379,False,,,0,0,0
Hum_XLOC_012381,False,,,0,0,0
Hum_XLOC_012382,False,,,0,0,0
Hum_XLOC_012385,False,,,0,0,0
Hum_XLOC_012386,False,,,0,0,0
Hum_XLOC_012387,False,,,0,0,0
Hum_XLOC_012388,False,,,0,0,0
Hum_XLOC_012389,False,,,0,0,0
Hum_XLOC_012395,False,,,0,0,0
Hum_XLOC_012396,False,,,0,0,0
Hum_XLOC_012397,False,,,0,0,0
Hum_XLOC_012398,False,,,0,0,0
Hum_XLOC_012399,False,,,0,0,0
Hum_XLOC_012403,False,,,0,0,0
Hum_XLOC_012406,False,,,0,0,0
Hum_XLOC_012407,False,,,0,0,0
Hum_XLOC_012408,False,,,0,0,0
Hum_XLOC_012409,True,0.0,,0,0,0
Hum_XLOC_012412,False,,,0,0,0
Hum_XLOC_012413,False,,,0,0,0
Hum_XLOC_012414,True,0.0,,0,0,0
Hum_XLOC_012415,False,,,0,0,0
Hum_XLOC_012416,False,,,0,0,0
Hum_XLOC_012418,True,0.0,,0,0,0
Hum_XLOC_012420,False,,,0,0,0
Hum_XLOC_012422,False,,,0,0,0
Hum_XLOC_012423,False,,,0,0,0
Hum_XLOC_012428,False,,,0,0,0
Hum_XLOC_012429,False,,,0,0,0
Hum_XLOC_012430,False,,,0,0,0
Hum_XLOC_012431,False,,,0,0,0
Hum_XLOC_012434,False,,,0,0,0
Hum_XLOC_012438,False,,,0,0,0
Hum_XLOC_012439,True,0.0,,0,0,0
Hum_XLOC_012440,False,,,0,0,0
Hum_XLOC_012442,False,,,0,0,0
Hum_XLOC_012443,False,,,0,0,0
Hum_XLOC_012444,False,,,0,0,0
Hum_XLOC_012445,False,,,0,0,0
Hum_XLOC_012446,False,,,0,0,0
Hum_XLOC_012447,False,,,0,0,0
Hum_XLOC_012448,False,,,0,0,0
Hum_XLOC_012449,False,,,0,0,0
Hum_XLOC_012450,False,,,0,0,0
Hum_XLOC_012451,False,,,0,0,0
Hum_XLOC_012452,True,0.0,,0,0,0
Hum_XLOC_012453,False,,,0,0,0
Hum_XLOC_012454,False,,,0,0,0
Hum_XLOC_012455,False,,,0,0,0
Hum_XLOC_012456,False,,,0,0,0
Hum_XLOC_012457,False,,,0,0,0
Hum_XLOC_012458,False,,,0,0,0
Hum_XLOC_012460,False,,,0,0,0
Hum_XLOC_012461,True,0.0,,0,0,0
Hum_XLOC_012462,False,,,0,0,0
Hum_XLOC_012463,False,,,0,0,0
Hum_XLOC_012467,False,,,0,0,0
Hum_XLOC_012471,False,,,0,0,0
Hum_XLOC_012472,False,,,0,0,0
Hum_XLOC_012473,False,,,0,0,0
Hum_XLOC_012474,False,,,0,0,0
Hum_XLOC_012476,False,,,0,0,0
Hum_XLOC_012477,False,,,0,0,0
Hum_XLOC_012479,True,0.0,,0,0,0
Hum_XLOC_012484,False,,,0,0,0
Hum_XLOC_012485,False,,,0,0,0
Hum_XLOC_012489,False,,,0,0,0
Hum_XLOC_012492,False,,,0,0,0
Hum_XLOC_012493,False,,,0,0,0
Hum_XLOC_012494,False,,,0,0,0
Hum_XLOC_012496,False,,,0,0,0
Hum_XLOC_012497,False,,,0,0,0
Hum_XLOC_012498,False,,,0,0,0
Hum_XLOC_012499,False,,,0,0,0
Hum_XLOC_012500,True,0.0,,0,0,0
Hum_XLOC_012506,False,,,0,0,0
Hum_XLOC_012507,False,,,0,0,0
Hum_XLOC_012508,True,0.0,,0,0,0
Hum_XLOC_012509,False,,,0,0,0
Hum_XLOC_012511,False,,,0,0,0
Hum_XLOC_012512,False,,,0,0,0
Hum_XLOC_012514,False,,,0,0,0
Hum_XLOC_012516,False,,,0,0,0
Hum_XLOC_012517,False,,,0,0,0
Hum_XLOC_012518,False,,,0,0,0
Hum_XLOC_012519,False,,,0,0,0
Hum_XLOC_012520,False,,,0,0,0
Hum_XLOC_012521,False,,,0,0,0
Hum_XLOC_012522,False,,,0,0,0
Hum_XLOC_012525,False,,,0,0,0
Hum_XLOC_012528,False,,,0,0,0
Hum_XLOC_012529,False,,,0,0,0
Hum_XLOC_012530,False,,,0,0,0
Hum_XLOC_012531,False,,,0,0,0
Hum_XLOC_012532,True,0.0,,0,0,0
Hum_XLOC_012533,False,,,0,0,0
Hum_XLOC_012536,False,,,0,0,0
Hum_XLOC_012537,True,0.0,,0,0,0
Hum_XLOC_012538,True,0.0,,0,0,0
Hum_XLOC_012540,False,,,0,0,0
Hum_XLOC_012541,False,,,0,0,0
Hum_XLOC_012542,False,,,0,0,0
Hum_XLOC_012543,False,,,0,0,0
Hum_XLOC_012544,False,,,0,0,0
Hum_XLOC_012545,False,,,0,0,0
Hum_XLOC_012548,False,,,0,0,0
Hum_XLOC_012549,False,,,0,0,0
Hum_XLOC_012550,False,,,0,0,0
Hum_XLOC_012551,False,,,0,0,0
Hum_XLOC_012557,False,,,0,0,0
Hum_XLOC_012559,True,0.0,,0,0,0
Hum_XLOC_012561,False,,,0,0,0
Hum_XLOC_012562,False,,,0,0,0
Hum_XLOC_012564,False,,,0,0,0
Hum_XLOC_012565,True,0.0,,0,0,0
Hum_XLOC_012566,True,0.0,,0,0,0
Hum_XLOC_012569,False,,,0,0,0
Hum_XLOC_012570,False,,,0,0,0
Hum_XLOC_012572,False,,,0,0,0
Hum_XLOC_012574,False,,,0,0,0
Hum_XLOC_012575,False,,,0,0,0
Hum_XLOC_012579,False,,,0,0,0
Hum_XLOC_012580,False,,,0,0,0
Hum_XLOC_012587,False,,,0,0,0
Hum_XLOC_012590,True,0.0,,0,0,0
Hum_XLOC_012593,False,,,0,0,0
Hum_XLOC_012594,False,,,0,0,0
Hum_XLOC_012595,False,,,0,0,0
Hum_XLOC_012596,False,,,0,0,0
Hum_XLOC_012597,False,,,0,0,0
Hum_XLOC_012598,False,,,0,0,0
Hum_XLOC_012602,False,,,0,0,0
Hum_XLOC_012603,True,0.0,,0,0,0
Hum_XLOC_012604,False,,,0,0,0
Hum_XLOC_012606,True,0.0,,0,0,0
Hum_XLOC_012611,False,,,0,0,0
Hum_XLOC_012612,False,,,0,0,0
Hum_XLOC_012613,True,0.0,,0,0,0
Hum_XLOC_012614,False,,,0,0,0
Hum_XLOC_012615,False,,,0,0,0
Hum_XLOC_012619,False,,,0,0,0
Hum_XLOC_012624,False,,,0,0,0
Hum_XLOC_012625,False,,,0,0,0
Hum_XLOC_012626,True,0.0,,0,0,0
Hum_XLOC_012627,False,,,0,0,0
Hum_XLOC_012629,False,,,0,0,0
Hum_XLOC_012630,False,,,0,0,0
Hum_XLOC_012631,False,,,0,0,0
Hum_XLOC_012632,False,,,0,0,0
Hum_XLOC_012633,False,,,0,0,0
Hum_XLOC_012636,False,,,0,0,0
Hum_XLOC_012637,False,,,0,0,0
Hum_XLOC_012638,True,0.0,,0,0,0
Hum_XLOC_012639,False,,,0,0,0
Hum_XLOC_012640,False,,,0,0,0
Hum_XLOC_012641,False,,,0,0,0
Hum_XLOC_012642,False,,,0,0,0
Hum_XLOC_012643,True,0.0,,0,0,0
Hum_XLOC_012644,False,,,0,0,0
Hum_XLOC_012645,False,,,0,0,0
Hum_XLOC_012646,False,,,0,0,0
Hum_XLOC_012647,False,,,0,0,0
Hum_XLOC_012648,False,,,0,0,0
Hum_XLOC_012649,False,,,0,0,0
Hum_XLOC_012650,False,,,0,0,0
Hum_XLOC_012652,False,,,0,0,0
Hum_XLOC_012653,False,,,0,0,0
Hum_XLOC_012654,False,,,0,0,0
Hum_XLOC_012655,False,,,0,0,0
Hum_XLOC_012656,False,,,0,0,0
Hum_XLOC_012657,False,,,0,0,0
Hum_XLOC_012658,False,,,0,0,0
Hum_XLOC_012661,False,,,0,0,0
Hum_XLOC_012662,True,0.0,,0,0,0
Hum_XLOC_012670,True,0.0,,0,0,0
Hum_XLOC_012671,False,,,0,0,0
Hum_XLOC_012672,False,,,0,0,0
Hum_XLOC_012673,False,,,0,0,0
Hum_XLOC_012674,False,,,0,0,0
Hum_XLOC_012675,True,0.0,,0,0,0
Hum_XLOC_012676,True,0.0,,0,0,0
Hum_XLOC_012677,True,0.0,,0,0,0
Hum_XLOC_012678,False,,,0,0,0
Hum_XLOC_012679,True,0.0,,0,0,0
Hum_XLOC_012680,True,0.0,,0,0,0
Hum_XLOC_012681,False,,,0,0,0
Hum_XLOC_012682,False,,,0,0,0
Hum_XLOC_012683,False,,,0,0,0
Hum_XLOC_012684,False,,,0,0,0
Hum_XLOC_012685,False,,,0,0,0
Hum_XLOC_012687,False,,,0,0,0
Hum_XLOC_012689,False,,,0,0,0
Hum_XLOC_012694,True,0.0,,0,0,0
Hum_XLOC_012695,False,,,0,0,0
Hum_XLOC_012700,True,0.0,,0,0,0
Hum_XLOC_012702,False,,,0,0,0
Hum_XLOC_012704,True,0.0,,0,0,0
Hum_XLOC_012705,False,,,0,0,0
Hum_XLOC_012706,True,0.0,,0,0,0
Hum_XLOC_012707,True,0.0,,0,0,0
Hum_XLOC_012713,False,,,0,0,0
Hum_XLOC_012714,False,,,0,0,0
Hum_XLOC_012715,True,0.0,,0,0,0
Hum_XLOC_012720,False,,,0,0,0
Hum_XLOC_012721,False,,,0,0,0
Hum_XLOC_012722,False,,,0,0,0
Hum_XLOC_012724,False,,,0,0,0
Hum_XLOC_012727,False,,,0,0,0
Hum_XLOC_012729,True,0.0,,0,0,0
Hum_XLOC_012730,True,0.0,,0,0,0
Hum_XLOC_012737,False,,,0,0,0
Hum_XLOC_012746,False,,,0,0,0
Hum_XLOC_012747,False,,,0,0,0
Hum_XLOC_012749,False,,,0,0,0
Hum_XLOC_012750,False,,,0,0,0
Hum_XLOC_012751,False,,,0,0,0
Hum_XLOC_012752,False,,,0,0,0
Hum_XLOC_012754,False,,,0,0,0
Hum_XLOC_012755,False,,,0,0,0
Hum_XLOC_012756,False,,,0,0,0
Hum_XLOC_012757,False,,,0,0,0
Hum_XLOC_012760,False,,,0,0,0
Hum_XLOC_012761,False,,,0,0,0
Hum_XLOC_012762,False,,,0,0,0
Hum_XLOC_012767,True,,,0,0,0
Hum_XLOC_012770,True,0.0,,0,0,0
Hum_XLOC_012771,True,0.0,,0,0,0
Hum_XLOC_012772,False,,,0,0,0
Hum_XLOC_012773,False,,,0,0,0
Hum_XLOC_012774,False,,,0,0,0
Hum_XLOC_012775,False,,,0,0,0
Hum_XLOC_012776,False,,,0,0,0
Hum_XLOC_012777,False,,,0,0,0
Hum_XLOC_012778,False,,,0,0,0
Hum_XLOC_012779,False,,,0,0,0
Hum_XLOC_012780,False,,,0,0,0
Hum_XLOC_012781,False,,,0,0,0
Hum_XLOC_012782,False,,,0,0,0
Hum_XLOC_012783,False,,,0,0,0
Hum_XLOC_012784,False,,,0,0,0
Hum_XLOC_012785,True,0.0,,0,0,0
Hum_XLOC_012786,True,0.0,,0,0,0
Hum_XLOC_012787,False,,,0,0,0
Hum_XLOC_012788,False,,,0,0,0
Hum_XLOC_012789,True,0.0,,0,0,0
Hum_XLOC_012791,True,0.0,,0,0,0
Hum_XLOC_012792,False,,,0,0,0
Hum_XLOC_012793,False,,,0,0,0
Hum_XLOC_012794,True,0.0,,0,0,0
Hum_XLOC_012795,False,,,0,0,0
Hum_XLOC_012796,False,,,0,0,0
Hum_XLOC_012797,False,,,0,0,0
Hum_XLOC_012798,False,,,0,0,0
Hum_XLOC_012799,False,,,0,0,0
Hum_XLOC_012800,True,0.0,,0,0,0
Hum_XLOC_012801,False,,,0,0,0
Hum_XLOC_012803,True,0.0,,0,0,0
Hum_XLOC_012804,False,,,0,0,0
Hum_XLOC_012805,False,,,0,0,0
Hum_XLOC_012806,True,0.0,,0,0,0
Hum_XLOC_012807,True,0.0,,0,0,0
Hum_XLOC_012808,False,,,0,0,0
Hum_XLOC_012810,False,,,0,0,0
Hum_XLOC_012811,False,,,0,0,0
Hum_XLOC_012812,False,,,0,0,0
Hum_XLOC_012819,False,,,0,0,0
Hum_XLOC_012820,False,,,0,0,0
Hum_XLOC_012821,True,0.0,,0,0,0
Hum_XLOC_012822,False,,,0,0,0
Hum_XLOC_012823,False,,,0,0,0
Hum_XLOC_012824,False,,,0,0,0
Hum_XLOC_012825,False,,,0,0,0
Hum_XLOC_012826,False,,,0,0,0
Hum_XLOC_012829,False,,,0,0,0
Hum_XLOC_012831,False,,,0,0,0
Hum_XLOC_012832,False,,,0,0,0
Hum_XLOC_012833,False,,,0,0,0
Hum_XLOC_012834,False,,,0,0,0
Hum_XLOC_012835,False,,,0,0,0
Hum_XLOC_012836,False,,,0,0,0
Hum_XLOC_012837,False,,,0,0,0
Hum_XLOC_012838,False,,,0,0,0
Hum_XLOC_012840,False,,,0,0,0
Hum_XLOC_012841,False,,,0,0,0
Hum_XLOC_012842,False,,,0,0,0
Hum_XLOC_012843,False,,,0,0,0
Hum_XLOC_012844,False,,,0,0,0
Hum_XLOC_012845,False,,,0,0,0
Hum_XLOC_012846,False,,,0,0,0
Hum_XLOC_012847,False,,,0,0,0
Hum_XLOC_012848,False,,,0,0,0
Hum_XLOC_012849,False,,,0,0,0
Hum_XLOC_012850,False,,,0,0,0
Hum_XLOC_012851,False,,,0,0,0
Hum_XLOC_012852,False,,,0,0,0
Hum_XLOC_012853,False,,,0,0,0
Hum_XLOC_012854,False,,,0,0,0
Hum_XLOC_012855,False,,,0,0,0
Hum_XLOC_012856,False,,,0,0,0
Hum_XLOC_012857,True,0.0,,0,0,0
Hum_XLOC_012859,False,,,0,0,0
Hum_XLOC_012861,False,,,0,0,0
Hum_XLOC_012862,False,,,0,0,0
Hum_XLOC_012864,True,0.0,,0,0,0
Hum_XLOC_012865,False,,,0,0,0
Hum_XLOC_012866,True,0.0,,0,0,0
Hum_XLOC_012867,False,,,0,0,0
Hum_XLOC_012868,False,,,0,0,0
Hum_XLOC_012869,False,,,0,0,0
Hum_XLOC_012873,False,,,0,0,0
Hum_XLOC_012874,True,0.0,,0,0,0
Hum_XLOC_012875,False,,,0,0,0
Hum_XLOC_012881,False,,,0,0,0
Hum_XLOC_012882,False,,,0,0,0
Hum_XLOC_012883,False,,,0,0,0
Hum_XLOC_012884,False,,,0,0,0
Hum_XLOC_012888,True,0.0,,0,0,0
Hum_XLOC_012889,True,0.0,,0,0,0
Hum_XLOC_012890,False,,,0,0,0
Hum_XLOC_012891,False,,,0,0,0
Hum_XLOC_012893,False,,,0,0,0
Hum_XLOC_012894,False,,,0,0,0
Hum_XLOC_012897,False,,,0,0,0
Hum_XLOC_012898,False,,,0,0,0
Hum_XLOC_012899,False,,,0,0,0
Hum_XLOC_012901,True,0.0,,0,0,0
Hum_XLOC_012903,False,,,0,0,0
Hum_XLOC_012904,False,,,0,0,0
Hum_XLOC_012905,False,,,0,0,0
Hum_XLOC_012910,False,,,0,0,0
Hum_XLOC_012913,False,,,0,0,0
Hum_XLOC_012914,False,,,0,0,0
Hum_XLOC_012916,True,0.0,,0,0,0
Hum_XLOC_012917,False,,,0,0,0
Hum_XLOC_012918,False,,,0,0,0
Hum_XLOC_012919,False,,,0,0,0
Hum_XLOC_012921,False,,,0,0,0
Hum_XLOC_012922,False,,,0,0,0
Hum_XLOC_012923,False,,,0,0,0
Hum_XLOC_012924,True,0.0,,0,0,0
Hum_XLOC_012925,False,,,0,0,0
Hum_XLOC_012926,False,,,0,0,0
Hum_XLOC_012927,False,,,0,0,0
Hum_XLOC_012928,True,0.0,,0,0,0
Hum_XLOC_012929,False,,,0,0,0
Hum_XLOC_012931,False,,,0,0,0
Hum_XLOC_012932,True,0.0,,0,0,0
Hum_XLOC_012935,False,,,0,0,0
Hum_XLOC_012936,True,0.0,,0,0,0
Hum_XLOC_012937,False,,,0,0,0
Hum_XLOC_012938,False,,,0,0,0
Hum_XLOC_012940,True,0.0,,0,0,0
Hum_XLOC_012941,True,0.0,,0,0,0
Hum_XLOC_012942,False,,,0,0,0
Hum_XLOC_012943,False,,,0,0,0
Hum_XLOC_012946,False,,,0,0,0
Hum_XLOC_012947,False,,,0,0,0
Hum_XLOC_012948,False,,,0,0,0
Hum_XLOC_012950,False,,,0,0,0
Hum_XLOC_012952,False,,,0,0,0
Hum_XLOC_012953,True,0.0,,0,0,0
Hum_XLOC_012955,False,,,0,0,0
Hum_XLOC_012957,False,,,0,0,0
Hum_XLOC_012958,False,,,0,0,0
Hum_XLOC_012959,False,,,0,0,0
Hum_XLOC_012960,False,,,0,0,0
Hum_XLOC_012962,False,,,0,0,0
Hum_XLOC_012965,False,,,0,0,0
Hum_XLOC_012967,False,,,0,0,0
Hum_XLOC_012968,False,,,0,0,0
Hum_XLOC_012969,False,,,0,0,0
Hum_XLOC_012971,False,,,0,0,0
Hum_XLOC_012972,False,,,0,0,0
Hum_XLOC_012973,False,,,0,0,0
Hum_XLOC_012974,False,,,0,0,0
Hum_XLOC_012975,False,,,0,0,0
Hum_XLOC_012976,False,,,0,0,0
Hum_XLOC_012980,False,,,0,0,0
Hum_XLOC_012982,False,,,0,0,0
Hum_XLOC_012984,False,,,0,0,0
Hum_XLOC_012985,False,,,0,0,0
Hum_XLOC_012986,False,,,0,0,0
Hum_XLOC_012987,False,,,0,0,0
Hum_XLOC_012988,False,,,0,0,0
Hum_XLOC_012989,False,,,0,0,0
Hum_XLOC_012990,False,,,0,0,0
Hum_XLOC_012992,False,,,0,0,0
Hum_XLOC_012993,True,0.0,,0,0,0
Hum_XLOC_012994,False,,,0,0,0
Hum_XLOC_012995,False,,,0,0,0
Hum_XLOC_012996,False,,,0,0,0
Hum_XLOC_012997,False,,,0,0,0
Hum_XLOC_012998,False,,,0,0,0
Hum_XLOC_012999,False,,,0,0,0
Hum_XLOC_013001,False,,,0,0,0
Hum_XLOC_013002,False,,,0,0,0
Hum_XLOC_013004,False,,,0,0,0
Hum_XLOC_013005,False,,,0,0,0
Hum_XLOC_013006,False,,,0,0,0
Hum_XLOC_013007,False,,,0,0,0
Hum_XLOC_013008,False,,,0,0,0
Hum_XLOC_013009,True,0.0,,0,0,0
Hum_XLOC_013010,False,,,0,0,0
Hum_XLOC_013011,False,,,0,0,0
Hum_XLOC_013014,False,,,0,0,0
Hum_XLOC_013015,False,,,0,0,0
Hum_XLOC_013016,False,,,0,0,0
Hum_XLOC_013017,False,,,0,0,0
Hum_XLOC_013018,True,0.0,,0,0,0
Hum_XLOC_013019,False,,,0,0,0
Hum_XLOC_013021,False,,,0,0,0
Hum_XLOC_013022,False,,,0,0,0
Hum_XLOC_013023,False,,,0,0,0
Hum_XLOC_013024,False,,,0,0,0
Hum_XLOC_013026,False,,,0,0,0
Hum_XLOC_013027,False,,,0,0,0
Hum_XLOC_013028,False,,,0,0,0
Hum_XLOC_013030,False,,,0,0,0
Hum_XLOC_013035,False,,,0,0,0
Hum_XLOC_013036,False,,,0,0,0
Hum_XLOC_013037,False,,,0,0,0
Hum_XLOC_013038,False,,,0,0,0
Hum_XLOC_013039,False,,,0,0,0
Hum_XLOC_013041,True,0.0,,0,0,0
Hum_XLOC_013042,True,0.0,,0,0,0
Hum_XLOC_013043,False,,,0,0,0
Hum_XLOC_013044,False,,,0,0,0
Hum_XLOC_013045,False,,,0,0,0
Hum_XLOC_013046,True,0.0,,0,0,0
Hum_XLOC_013048,False,,,0,0,0
Hum_XLOC_013049,False,,,0,0,0
Hum_XLOC_013050,True,0.0,,0,0,0
Hum_XLOC_013051,False,,,0,0,0
Hum_XLOC_013052,True,0.0,,0,0,0
Hum_XLOC_013054,True,0.0,,0,0,0
Hum_XLOC_013055,False,,,0,0,0
Hum_XLOC_013056,False,,,0,0,0
Hum_XLOC_013057,False,,,0,0,0
Hum_XLOC_013058,False,,,0,0,0
Hum_XLOC_013059,False,,,0,0,0
Hum_XLOC_013060,True,0.0,,0,0,0
Hum_XLOC_013062,False,,,0,0,0
Hum_XLOC_013064,False,,,0,0,0
Hum_XLOC_013067,False,,,0,0,0
Hum_XLOC_013070,False,,,0,0,0
Hum_XLOC_013071,False,,,0,0,0
Hum_XLOC_013072,False,,,0,0,0
Hum_XLOC_013073,False,,,0,0,0
Hum_XLOC_013074,False,,,0,0,0
Hum_XLOC_013075,False,,,0,0,0
Hum_XLOC_013076,False,,,0,0,0
Hum_XLOC_013077,False,,,0,0,0
Hum_XLOC_013078,True,0.0,,0,0,0
Hum_XLOC_013080,False,,,0,0,0
Hum_XLOC_013084,False,,,0,0,0
Hum_XLOC_013085,False,,,0,0,0
Hum_XLOC_013086,False,,,0,0,0
Hum_XLOC_013087,True,0.0,,0,0,0
Hum_XLOC_013088,False,,,0,0,0
Hum_XLOC_013089,False,,,0,0,0
Hum_XLOC_013091,False,,,0,0,0
Hum_XLOC_013092,False,,,0,0,0
Hum_XLOC_013093,False,,,0,0,0
Hum_XLOC_013094,False,,,0,0,0
Hum_XLOC_013095,False,,,0,0,0
Hum_XLOC_013096,False,,,0,0,0
Hum_XLOC_013099,True,0.0,,0,0,0
Hum_XLOC_013100,False,,,0,0,0
Hum_XLOC_013101,False,,,0,0,0
Hum_XLOC_013103,False,,,0,0,0
Hum_XLOC_013105,False,,,0,0,0
Hum_XLOC_013106,False,,,0,0,0
Hum_XLOC_013107,False,,,0,0,0
Hum_XLOC_013110,True,0.0,,0,0,0
Hum_XLOC_013114,False,,,0,0,0
Hum_XLOC_013115,True,0.0,,0,0,0
Hum_XLOC_013117,False,,,0,0,0
Hum_XLOC_013118,False,,,0,0,0
Hum_XLOC_013120,True,0.0,,0,0,0
Hum_XLOC_013121,False,,,0,0,0
Hum_XLOC_013122,False,,,0,0,0
Hum_XLOC_013123,True,0.0,,0,0,0
Hum_XLOC_013124,False,,,0,0,0
Hum_XLOC_013125,True,0.0,,0,0,0
Hum_XLOC_013126,False,,,0,0,0
Hum_XLOC_013128,False,,,0,0,0
Hum_XLOC_013129,True,0.0,,0,0,0
Hum_XLOC_013130,False,,,0,0,0
Hum_XLOC_013131,False,,,0,0,0
Hum_XLOC_013132,False,,,0,0,0
Hum_XLOC_013133,False,,,0,0,0
Hum_XLOC_013135,False,,,0,0,0
Hum_XLOC_013136,False,,,0,0,0
Hum_XLOC_013138,True,0.0,,0,0,0
Hum_XLOC_013139,True,0.0,,0,0,0
Hum_XLOC_013140,False,,,0,0,0
Hum_XLOC_013143,True,0.0,,0,0,0
Hum_XLOC_013144,False,,,0,0,0
Hum_XLOC_013145,False,,,0,0,0
Hum_XLOC_013146,False,,,0,0,0
Hum_XLOC_013147,True,0.0,,0,0,0
Hum_XLOC_013148,False,,,0,0,0
Hum_XLOC_013151,False,,,0,0,0
Hum_XLOC_013152,False,,,0,0,0
Hum_XLOC_013153,False,,,0,0,0
Hum_XLOC_013155,False,,,0,0,0
Hum_XLOC_013156,False,,,0,0,0
Hum_XLOC_013157,False,,,0,0,0
Hum_XLOC_013158,False,,,0,0,0
Hum_XLOC_013160,False,,,0,0,0
Hum_XLOC_013161,False,,,0,0,0
Hum_XLOC_013162,False,,,0,0,0
Hum_XLOC_013163,False,,,0,0,0
Hum_XLOC_013164,True,0.0,,0,0,0
Hum_XLOC_013166,True,0.0,,0,0,0
Hum_XLOC_013167,False,,,0,0,0
Hum_XLOC_013170,False,,,0,0,0
Hum_XLOC_013171,False,,,0,0,0
Hum_XLOC_013173,False,,,0,0,0
Hum_XLOC_013174,False,,,0,0,0
Hum_XLOC_013179,False,,,0,0,0
Hum_XLOC_013180,False,,,0,0,0
Hum_XLOC_013182,False,,,0,0,0
Hum_XLOC_013184,False,,,0,0,0
Hum_XLOC_013193,False,,,0,0,0
Hum_XLOC_013196,True,0.0,,0,0,0
Hum_XLOC_013198,False,,,0,0,0
Hum_XLOC_013199,True,0.0,,0,0,0
Hum_XLOC_013200,True,0.0,,0,0,0
Hum_XLOC_013201,False,,,0,0,0
Hum_XLOC_013203,False,,,0,0,0
Hum_XLOC_013204,False,,,0,0,0
Hum_XLOC_013205,False,,,0,0,0
Hum_XLOC_013211,False,,,0,0,0
Hum_XLOC_013213,False,,,0,0,0
Hum_XLOC_013214,False,,,0,0,0
Hum_XLOC_013215,False,,,0,0,0
Hum_XLOC_013216,False,,,0,0,0
Hum_XLOC_013217,False,,,0,0,0
Hum_XLOC_013218,False,,,0,0,0
Hum_XLOC_013219,False,,,0,0,0
Hum_XLOC_013220,False,,,0,0,0
Hum_XLOC_013221,True,0.0,,0,0,0
Hum_XLOC_013222,False,,,0,0,0
Hum_XLOC_013223,True,0.0,,0,0,0
Hum_XLOC_013224,True,0.0,,0,0,0
Hum_XLOC_013225,False,,,0,0,0
Hum_XLOC_013226,False,,,0,0,0
Hum_XLOC_013227,False,,,0,0,0
Hum_XLOC_013228,False,,,0,0,0
Hum_XLOC_013230,False,,,0,0,0
Hum_XLOC_013231,True,0.0,,0,0,0
Hum_XLOC_013232,False,,,0,0,0
Hum_XLOC_013233,False,,,0,0,0
Hum_XLOC_013234,False,,,0,0,0
Hum_XLOC_013235,True,0.0,,0,0,0
Hum_XLOC_013236,True,0.0,,0,0,0
Hum_XLOC_013237,False,,,0,0,0
Hum_XLOC_013239,True,0.0,,0,0,0
Hum_XLOC_013240,False,,,0,0,0
Hum_XLOC_013241,False,,,0,0,0
Hum_XLOC_013242,False,,,0,0,0
Hum_XLOC_013243,False,,,0,0,0
Hum_XLOC_013244,False,,,0,0,0
Hum_XLOC_013245,False,,,0,0,0
Hum_XLOC_013246,False,,,0,0,0
Hum_XLOC_013247,False,,,0,0,0
Hum_XLOC_013248,False,,,0,0,0
Hum_XLOC_013249,False,,,0,0,0
Hum_XLOC_013250,False,,,0,0,0
Hum_XLOC_013251,False,,,0,0,0
Hum_XLOC_013252,False,,,0,0,0
Hum_XLOC_013253,False,,,0,0,0
Hum_XLOC_013254,False,,,0,0,0
Hum_XLOC_013255,False,,,0,0,0
Hum_XLOC_013257,False,,,0,0,0
Hum_XLOC_013258,False,,,0,0,0
Hum_XLOC_013259,False,,,0,0,0
Hum_XLOC_013260,True,0.0,,0,0,0
Hum_XLOC_013261,False,,,0,0,0
Hum_XLOC_013262,False,,,0,0,0
Hum_XLOC_013263,False,,,0,0,0
Hum_XLOC_013264,False,,,0,0,0
Hum_XLOC_013265,False,,,0,0,0
Hum_XLOC_013266,False,,,0,0,0
Hum_XLOC_013267,False,,,0,0,0
Hum_XLOC_013268,False,,,0,0,0
Hum_XLOC_013269,True,0.0,,0,0,0
Hum_XLOC_013270,False,,,0,0,0
Hum_XLOC_013271,False,,,0,0,0
Hum_XLOC_013272,False,,,0,0,0
Hum_XLOC_013273,False,,,0,0,0
Hum_XLOC_013274,True,0.0,,0,0,0
Hum_XLOC_013275,False,,,0,0,0
Hum_XLOC_013276,False,,,0,0,0
Hum_XLOC_013277,False,,,0,0,0
Hum_XLOC_013278,True,0.0,,0,0,0
Hum_XLOC_013279,True,0.0,,0,0,0
Hum_XLOC_013280,False,,,0,0,0
Hum_XLOC_013281,False,,,0,0,0
Hum_XLOC_013282,False,,,0,0,0
Hum_XLOC_013283,False,,,0,0,0
Hum_XLOC_013284,False,,,0,0,0
Hum_XLOC_013285,False,,,0,0,0
Hum_XLOC_013286,False,,,0,0,0
Hum_XLOC_013287,False,,,0,0,0
Hum_XLOC_013288,False,,,0,0,0
Hum_XLOC_013289,False,,,0,0,0
Hum_XLOC_013290,True,0.0,,0,0,0
Hum_XLOC_013291,False,,,0,0,0
Hum_XLOC_013292,False,,,0,0,0
Hum_XLOC_013293,False,,,0,0,0
Hum_XLOC_013294,False,,,0,0,0
Hum_XLOC_013295,False,,,0,0,0
Hum_XLOC_013296,False,,,0,0,0
Hum_XLOC_013297,False,,,0,0,0
Hum_XLOC_013298,False,,,0,0,0
Hum_XLOC_013300,False,,,0,0,0
Hum_XLOC_013301,False,,,0,0,0
Hum_XLOC_013302,False,,,0,0,0
Hum_XLOC_013303,False,,,0,0,0
Hum_XLOC_013304,False,,,0,0,0
Hum_XLOC_013305,False,,,0,0,0
Hum_XLOC_013306,False,,,0,0,0
Hum_XLOC_013307,False,,,0,0,0
Hum_XLOC_013308,True,0.0,,0,0,0
Hum_XLOC_013312,False,,,0,0,0
Hum_XLOC_013313,True,0.0,,0,0,0
Hum_XLOC_013314,False,,,0,0,0
Hum_XLOC_013316,False,,,0,0,0
Hum_XLOC_013317,True,0.0,,0,0,0
Hum_XLOC_013318,False,,,0,0,0
Hum_XLOC_013319,False,,,0,0,0
Hum_XLOC_013320,True,0.0,,0,0,0
Hum_XLOC_013321,False,,,0,0,0
Hum_XLOC_013322,False,,,0,0,0
Hum_XLOC_013323,False,,,0,0,0
Hum_XLOC_013324,False,,,0,0,0
Hum_XLOC_013329,False,,,0,0,0
Hum_XLOC_013330,False,,,0,0,0
Hum_XLOC_013331,False,,,0,0,0
Hum_XLOC_013332,False,,,0,0,0
Hum_XLOC_013335,True,0.0,,0,0,0
Hum_XLOC_013336,False,,,0,0,0
Hum_XLOC_013337,True,0.0,,0,0,0
Hum_XLOC_013338,False,,,0,0,0
Hum_XLOC_013339,False,,,0,0,0
Hum_XLOC_013342,False,,,0,0,0
Hum_XLOC_013343,False,,,0,0,0
Hum_XLOC_013344,False,,,0,0,0
Hum_XLOC_013345,True,0.0,,0,0,0
Hum_XLOC_013346,True,0.0,,0,0,0
Hum_XLOC_013347,False,,,0,0,0
Hum_XLOC_013348,True,0.0,,0,0,0
Hum_XLOC_013349,True,0.0,,0,0,0
Hum_XLOC_013350,True,0.0,,0,0,0
Hum_XLOC_013352,False,,,0,0,0
Hum_XLOC_013353,False,,,0,0,0
Hum_XLOC_013354,False,,,0,0,0
Hum_XLOC_013355,False,,,0,0,0
Hum_XLOC_013356,True,0.0,,0,0,0
Hum_XLOC_013357,False,,,0,0,0
Hum_XLOC_013358,False,,,0,0,0
Hum_XLOC_013359,True,0.0,,0,0,0
Hum_XLOC_013360,False,,,0,0,0
Hum_XLOC_013361,False,,,0,0,0
Hum_XLOC_013362,False,,,0,0,0
Hum_XLOC_013363,False,,,0,0,0
Hum_XLOC_013364,False,,,0,0,0
Hum_XLOC_013365,False,,,0,0,0
Hum_XLOC_013366,False,,,0,0,0
Hum_XLOC_013367,False,,,0,0,0
Hum_XLOC_013368,False,,,0,0,0
Hum_XLOC_013369,False,,,0,0,0
Hum_XLOC_013370,False,,,0,0,0
Hum_XLOC_013371,False,,,0,0,0
Hum_XLOC_013372,False,,,0,0,0
Hum_XLOC_013373,False,,,0,0,0
Hum_XLOC_013374,False,,,0,0,0
Hum_XLOC_013375,False,,,0,0,0
Hum_XLOC_013376,False,,,0,0,0
Hum_XLOC_013377,False,,,0,0,0
Hum_XLOC_013378,False,,,0,0,0
Hum_XLOC_013379,False,,,0,0,0
Hum_XLOC_013380,False,,,0,0,0
Hum_XLOC_013381,False,,,0,0,0
Hum_XLOC_013382,False,,,0,0,0
Hum_XLOC_013383,False,,,0,0,0
Hum_XLOC_013384,False,,,0,0,0
Hum_XLOC_013385,False,,,0,0,0
Hum_XLOC_013386,False,,,0,0,0
Hum_XLOC_013387,False,,,0,0,0
Hum_XLOC_013388,False,,,0,0,0
Hum_XLOC_013389,False,,,0,0,0
Hum_XLOC_013390,False,,,0,0,0
Hum_XLOC_013391,False,,,0,0,0
Hum_XLOC_013392,False,,,0,0,0
Hum_XLOC_013393,False,,,0,0,0
Hum_XLOC_013394,False,,,0,0,0
Hum_XLOC_013395,False,,,0,0,0
Hum_XLOC_013396,False,,,0,0,0
Hum_XLOC_013398,False,,,0,0,0
Hum_XLOC_013399,False,,,0,0,0
Hum_XLOC_013400,False,,,0,0,0
Hum_XLOC_013401,False,,,0,0,0
Hum_XLOC_013402,False,,,0,0,0
Hum_XLOC_013403,False,,,0,0,0
Hum_XLOC_013404,False,,,0,0,0
Hum_XLOC_013405,False,,,0,0,0
Hum_XLOC_013406,False,,,0,0,0
Hum_XLOC_013407,False,,,0,0,0
Hum_XLOC_013408,False,,,0,0,0
Hum_XLOC_013409,False,,,0,0,0
Hum_XLOC_013410,False,,,0,0,0
Hum_XLOC_013411,False,,,0,0,0
Hum_XLOC_013412,False,,,0,0,0
Hum_XLOC_013413,False,,,0,0,0
Hum_XLOC_013414,True,0.0,,0,0,0
Hum_XLOC_013416,False,,,0,0,0
Hum_XLOC_013417,False,,,0,0,0
Hum_XLOC_013418,False,,,0,0,0
Hum_XLOC_013419,False,,,0,0,0
Hum_XLOC_013420,False,,,0,0,0
Hum_XLOC_013421,False,,,0,0,0
Hum_XLOC_013422,False,,,0,0,0
Hum_XLOC_013423,False,,,0,0,0
Hum_XLOC_013424,False,,,0,0,0
Hum_XLOC_013425,False,,,0,0,0
Hum_XLOC_013426,True,0.0,,0,0,0
Hum_XLOC_013432,True,0.0,,0,0,0
Hum_XLOC_013437,False,,,0,0,0
Hum_XLOC_013439,False,,,0,0,0
Hum_XLOC_013440,False,,,0,0,0
Hum_XLOC_013441,True,0.0,,0,0,0
Hum_XLOC_013442,False,,,0,0,0
Hum_XLOC_013446,False,,,0,0,0
Hum_XLOC_013448,False,,,0,0,0
Hum_XLOC_013449,False,,,0,0,0
Hum_XLOC_013450,False,,,0,0,0
Hum_XLOC_013453,False,,,0,0,0
Hum_XLOC_013454,False,,,0,0,0
Hum_XLOC_013455,False,,,0,0,0
Hum_XLOC_013456,False,,,0,0,0
Hum_XLOC_013457,False,,,0,0,0
Hum_XLOC_013458,False,,,0,0,0
Hum_XLOC_013459,False,,,0,0,0
Hum_XLOC_013461,False,,,0,0,0
Hum_XLOC_013463,True,0.0,,0,0,0
Hum_XLOC_013465,False,,,0,0,0
Hum_XLOC_013466,False,,,0,0,0
Hum_XLOC_013469,False,,,0,0,0
Hum_XLOC_013470,False,,,0,0,0
Hum_XLOC_013471,True,0.0,,0,0,0
Hum_XLOC_013473,False,,,0,0,0
Hum_XLOC_013474,False,,,0,0,0
Hum_XLOC_013475,False,,,0,0,0
Hum_XLOC_013478,False,,,0,0,0
Hum_XLOC_013483,False,,,0,0,0
Hum_XLOC_013485,False,,,0,0,0
Hum_XLOC_013486,True,0.0,,0,0,0
Hum_XLOC_013487,False,,,0,0,0
Hum_XLOC_013488,False,,,0,0,0
Hum_XLOC_013489,False,,,0,0,0
Hum_XLOC_013490,False,,,0,0,0
Hum_XLOC_013492,False,,,0,0,0
Hum_XLOC_013493,False,,,0,0,0
Hum_XLOC_013494,False,,,0,0,0
Hum_XLOC_013495,False,,,0,0,0
Hum_XLOC_013496,True,0.0,,0,0,0
Hum_XLOC_013498,True,0.0,,0,0,0
Hum_XLOC_013499,False,,,0,0,0
Hum_XLOC_013500,False,,,0,0,0
Hum_XLOC_013504,False,,,0,0,0
Hum_XLOC_013505,False,,,0,0,0
Hum_XLOC_013506,True,0.0,,0,0,0
Hum_XLOC_013507,False,,,0,0,0
Hum_XLOC_013508,False,,,0,0,0
Hum_XLOC_013509,False,,,0,0,0
Hum_XLOC_013510,False,,,0,0,0
Hum_XLOC_013511,False,,,0,0,0
Hum_XLOC_013512,False,,,0,0,0
Hum_XLOC_013513,False,,,0,0,0
Hum_XLOC_013514,False,,,0,0,0
Hum_XLOC_013515,False,,,0,0,0
Hum_XLOC_013516,False,,,0,0,0
Hum_XLOC_013517,False,,,0,0,0
Hum_XLOC_013518,False,,,0,0,0
Hum_XLOC_013519,False,,,0,0,0
Hum_XLOC_013520,False,,,0,0,0
Hum_XLOC_013521,True,0.0,,0,0,0
Hum_XLOC_013522,True,0.0,,0,0,0
Hum_XLOC_013523,True,0.0,,0,0,0
Hum_XLOC_013525,False,,,0,0,0
Hum_XLOC_013526,True,0.0,,0,0,0
Hum_XLOC_013527,False,,,0,0,0
Hum_XLOC_013528,False,,,0,0,0
Hum_XLOC_013529,False,,,0,0,0
Hum_XLOC_013530,False,,,0,0,0
Hum_XLOC_013531,False,,,0,0,0
Hum_XLOC_013532,False,,,0,0,0
Hum_XLOC_013534,False,,,0,0,0
Hum_XLOC_013535,False,,,0,0,0
Hum_XLOC_013536,False,,,0,0,0
Hum_XLOC_013537,False,,,0,0,0
Hum_XLOC_013538,False,,,0,0,0
Hum_XLOC_013539,False,,,0,0,0
Hum_XLOC_013540,False,,,0,0,0
Hum_XLOC_013541,False,,,0,0,0
Hum_XLOC_013542,False,,,0,0,0
Hum_XLOC_013545,True,0.0,,0,0,0
Hum_XLOC_013546,False,,,0,0,0
Hum_XLOC_013548,False,,,0,0,0
Hum_XLOC_013549,False,,,0,0,0
Hum_XLOC_013550,False,,,0,0,0
Hum_XLOC_013551,False,,,0,0,0
Hum_XLOC_013552,False,,,0,0,0
Hum_XLOC_013553,False,,,0,0,0
Hum_XLOC_013554,False,,,0,0,0
Hum_XLOC_013555,True,0.0,,0,0,0
Hum_XLOC_013556,False,,,0,0,0
Hum_XLOC_013557,False,,,0,0,0
Hum_XLOC_013558,False,,,0,0,0
Hum_XLOC_013559,False,,,0,0,0
Hum_XLOC_013560,False,,,0,0,0
Hum_XLOC_013561,False,,,0,0,0
Hum_XLOC_013564,False,,,0,0,0
Hum_XLOC_013566,False,,,0,0,0
Hum_XLOC_013567,False,,,0,0,0
Hum_XLOC_013568,True,0.0,,0,0,0
Hum_XLOC_013569,False,,,0,0,0
Hum_XLOC_013570,False,,,0,0,0
Hum_XLOC_013574,False,,,0,0,0
Hum_XLOC_013577,False,,,0,0,0
Hum_XLOC_013578,False,,,0,0,0
Hum_XLOC_013579,True,,,0,0,0
Hum_XLOC_013580,False,,,0,0,0
Hum_XLOC_013582,True,0.0,,0,0,0
Hum_XLOC_013583,False,,,0,0,0
Hum_XLOC_013584,False,,,0,0,0
Hum_XLOC_013594,False,,,0,0,0
Hum_XLOC_013598,False,,,0,0,0
Hum_XLOC_013599,True,0.0,,0,0,0
Hum_XLOC_013600,True,0.0,,0,0,0
Hum_XLOC_013602,False,,,0,0,0
Hum_XLOC_013605,False,,,0,0,0
Hum_XLOC_013607,True,0.0,,0,0,0
Hum_XLOC_013608,False,,,0,0,0
Hum_XLOC_013609,True,0.0,,0,0,0
Hum_XLOC_013610,False,,,0,0,0
Hum_XLOC_013611,False,,,0,0,0
Hum_XLOC_013612,False,,,0,0,0
Hum_XLOC_013613,True,0.0,,0,0,0
Hum_XLOC_013614,False,,,0,0,0
Hum_XLOC_013615,False,,,0,0,0
Hum_XLOC_013616,False,,,0,0,0
Hum_XLOC_013617,False,,,0,0,0
Hum_XLOC_013618,False,,,0,0,0
Hum_XLOC_013622,False,,,0,0,0
Hum_XLOC_013623,False,,,0,0,0
Hum_XLOC_013624,False,,,0,0,0
Hum_XLOC_013625,False,,,0,0,0
Hum_XLOC_013626,False,,,0,0,0
Hum_XLOC_013627,False,,,0,0,0
Hum_XLOC_013629,False,,,0,0,0
Hum_XLOC_013630,False,,,0,0,0
Hum_XLOC_013631,False,,,0,0,0
Hum_XLOC_013632,True,0.0,,0,0,0
Hum_XLOC_013633,False,,,0,0,0
Hum_XLOC_013637,False,,,0,0,0
Hum_XLOC_013642,False,,,0,0,0
Hum_XLOC_013648,False,,,0,0,0
Hum_XLOC_013649,False,,,0,0,0
Hum_XLOC_013652,False,,,0,0,0
Hum_XLOC_013654,False,,,0,0,0
Hum_XLOC_013656,False,,,0,0,0
Hum_XLOC_013657,False,,,0,0,0
Hum_XLOC_013660,False,,,0,0,0
Hum_XLOC_013661,False,,,0,0,0
Hum_XLOC_013662,False,,,0,0,0
Hum_XLOC_013663,False,,,0,0,0
Hum_XLOC_013664,False,,,0,0,0
Hum_XLOC_013665,False,,,0,0,0
Hum_XLOC_013666,False,,,0,0,0
Hum_XLOC_013668,True,0.0,,0,0,0
Hum_XLOC_013669,True,0.0,,0,0,0
Hum_XLOC_013670,True,0.0,,0,0,0
Hum_XLOC_013671,False,,,0,0,0
Hum_XLOC_013672,False,,,0,0,0
Hum_XLOC_013673,False,,,0,0,0
Hum_XLOC_013675,False,,,0,0,0
Hum_XLOC_013676,True,0.0,,0,0,0
Hum_XLOC_013680,False,,,0,0,0
Hum_XLOC_013681,False,,,0,0,0
Hum_XLOC_013683,True,0.0,,0,0,0
Hum_XLOC_013684,False,,,0,0,0
Hum_XLOC_013685,False,,,0,0,0
Hum_XLOC_013686,False,,,0,0,0
Hum_XLOC_013687,False,,,0,0,0
Hum_XLOC_013691,False,,,0,0,0
Hum_XLOC_013692,False,,,0,0,0
Hum_XLOC_013694,False,,,0,0,0
Hum_XLOC_013695,False,,,0,0,0
Hum_XLOC_013698,False,,,0,0,0
Hum_XLOC_013699,True,0.0,,0,0,0
Hum_XLOC_013700,False,,,0,0,0
Hum_XLOC_013705,False,,,0,0,0
Hum_XLOC_013706,False,,,0,0,0
Hum_XLOC_013707,False,,,0,0,0
Hum_XLOC_013708,False,,,0,0,0
Hum_XLOC_013711,False,,,0,0,0
Hum_XLOC_013712,True,0.0,,0,0,0
Hum_XLOC_013713,False,,,0,0,0
Hum_XLOC_013715,False,,,0,0,0
Hum_XLOC_013716,False,,,0,0,0
Hum_XLOC_013719,True,0.0,,0,0,0
Hum_XLOC_013720,False,,,0,0,0
Hum_XLOC_013721,True,0.0,,0,0,0
Hum_XLOC_013722,False,,,0,0,0
Hum_XLOC_013726,False,,,0,0,0
Hum_XLOC_013727,False,,,0,0,0
Hum_XLOC_013729,False,,,0,0,0
Hum_XLOC_013730,False,,,0,0,0
Hum_XLOC_013732,False,,,0,0,0
Hum_XLOC_013733,False,,,0,0,0
Hum_XLOC_013734,False,,,0,0,0
Hum_XLOC_013737,False,,,0,0,0
Hum_XLOC_013738,False,,,0,0,0
Hum_XLOC_013740,False,,,0,0,0
Hum_XLOC_013741,False,,,0,0,0
Hum_XLOC_013742,False,,,0,0,0
Hum_XLOC_013743,False,,,0,0,0
Hum_XLOC_013744,False,,,0,0,0
Hum_XLOC_013748,False,,,0,0,0
Hum_XLOC_013749,True,0.0,,0,0,0
Hum_XLOC_013750,True,0.0,,0,0,0
Hum_XLOC_013751,False,,,0,0,0
Hum_XLOC_013752,False,,,0,0,0
Hum_XLOC_013753,False,,,0,0,0
Hum_XLOC_013754,False,,,0,0,0
Hum_XLOC_013756,False,,,0,0,0
Hum_XLOC_013757,False,,,0,0,0
Hum_XLOC_013758,False,,,0,0,0
Hum_XLOC_013759,True,0.0,,0,0,0
Hum_XLOC_013760,False,,,0,0,0
Hum_XLOC_013761,False,,,0,0,0
Hum_XLOC_013762,False,,,0,0,0
Hum_XLOC_013763,False,,,0,0,0
Hum_XLOC_013765,False,,,0,0,0
Hum_XLOC_013768,False,,,0,0,0
Hum_XLOC_013769,False,,,0,0,0
Hum_XLOC_013770,False,,,0,0,0
Hum_XLOC_013771,False,,,0,0,0
Hum_XLOC_013774,False,,,0,0,0
Hum_XLOC_013775,False,,,0,0,0
Hum_XLOC_013776,False,,,0,0,0
Hum_XLOC_013777,False,,,0,0,0
Hum_XLOC_013778,False,,,0,0,0
Hum_XLOC_013779,False,,,0,0,0
Hum_XLOC_013780,False,,,0,0,0
Hum_XLOC_013781,False,,,0,0,0
Hum_XLOC_013782,False,,,0,0,0
Hum_XLOC_013783,False,,,0,0,0
Hum_XLOC_013784,False,,,0,0,0
Hum_XLOC_013785,False,,,0,0,0
Hum_XLOC_013786,False,,,0,0,0
Hum_XLOC_013788,False,,,0,0,0
Hum_XLOC_013789,False,,,0,0,0
Hum_XLOC_013792,False,,,0,0,0
Hum_XLOC_013795,False,,,0,0,0
Hum_XLOC_013796,False,,,0,0,0
Hum_XLOC_013797,False,,,0,0,0
Hum_XLOC_013798,False,,,0,0,0
Hum_XLOC_013799,False,,,0,0,0
Hum_XLOC_013800,False,,,0,0,0
Hum_XLOC_013803,False,,,0,0,0
Hum_XLOC_013805,False,,,0,0,0
Hum_XLOC_013808,False,,,0,0,0
Hum_XLOC_013809,False,,,0,0,0
Hum_XLOC_013810,False,,,0,0,0
Hum_XLOC_013811,False,,,0,0,0
Hum_XLOC_013814,False,,,0,0,0
Hum_XLOC_013815,False,,,0,0,0
Hum_XLOC_013816,False,,,0,0,0
Hum_XLOC_013817,False,,,0,0,0
Hum_XLOC_013820,False,,,0,0,0
Hum_XLOC_013821,False,,,0,0,0
Hum_XLOC_013823,False,,,0,0,0
Hum_XLOC_013824,False,,,0,0,0
Hum_XLOC_013826,False,,,0,0,0
Hum_XLOC_013827,False,,,0,0,0
Hum_XLOC_013831,True,0.0,,0,0,0
Hum_XLOC_013833,False,,,0,0,0
Hum_XLOC_013834,False,,,0,0,0
Hum_XLOC_013837,False,,,0,0,0
Hum_XLOC_013838,False,,,0,0,0
Hum_XLOC_013840,False,,,0,0,0
Hum_XLOC_013841,True,0.0,,0,0,0
Hum_XLOC_013842,False,,,0,0,0
Hum_XLOC_013843,False,,,0,0,0
Hum_XLOC_013844,False,,,0,0,0
Hum_XLOC_013845,False,,,0,0,0
Hum_XLOC_013846,False,,,0,0,0
Hum_XLOC_013847,False,,,0,0,0
Hum_XLOC_013848,True,0.0,,0,0,0
Hum_XLOC_013849,False,,,0,0,0
Hum_XLOC_013851,False,,,0,0,0
Hum_XLOC_013855,False,,,0,0,0
Hum_XLOC_013856,False,,,0,0,0
Hum_XLOC_013858,False,,,0,0,0
Hum_XLOC_013859,True,0.0,,0,0,0
Hum_XLOC_013860,True,0.0,,0,0,0
Hum_XLOC_013862,False,,,0,0,0
Hum_XLOC_013863,False,,,0,0,0
Hum_XLOC_013864,False,,,0,0,0
Hum_XLOC_013865,True,0.0,,0,0,0
Hum_XLOC_013866,False,,,0,0,0
Hum_XLOC_013868,False,,,0,0,0
Hum_XLOC_013869,False,,,0,0,0
Hum_XLOC_013870,False,,,0,0,0
Hum_XLOC_013872,False,,,0,0,0
Hum_XLOC_013875,False,,,0,0,0
Hum_XLOC_013882,False,,,0,0,0
Hum_XLOC_013883,True,0.0,,0,0,0
Hum_XLOC_013886,False,,,0,0,0
Hum_XLOC_013887,False,,,0,0,0
Hum_XLOC_013890,False,,,0,0,0
Hum_XLOC_013891,False,,,0,0,0
Hum_XLOC_013892,False,,,0,0,0
Hum_XLOC_013896,False,,,0,0,0
Hum_XLOC_013897,False,,,0,0,0
Hum_XLOC_013898,False,,,0,0,0
Hum_XLOC_013899,False,,,0,0,0
Hum_XLOC_013900,False,,,0,0,0
Hum_XLOC_013901,True,0.0,,0,0,0
Hum_XLOC_013903,False,,,0,0,0
Hum_XLOC_013905,False,,,0,0,0
Hum_XLOC_013906,True,0.0,,0,0,0
Hum_XLOC_013907,False,,,0,0,0
Hum_XLOC_013908,False,,,0,0,0
Hum_XLOC_013909,False,,,0,0,0
Hum_XLOC_013912,False,,,0,0,0
Hum_XLOC_013913,False,,,0,0,0
Hum_XLOC_013916,False,,,0,0,0
Hum_XLOC_013919,True,0.0,,0,0,0
Hum_XLOC_013920,False,,,0,0,0
Hum_XLOC_013926,False,,,0,0,0
Hum_XLOC_013927,False,,,0,0,0
Hum_XLOC_013929,False,,,0,0,0
Hum_XLOC_013931,False,,,0,0,0
Hum_XLOC_013932,True,0.0,,0,0,0
Hum_XLOC_013933,True,0.0,,0,0,0
Hum_XLOC_013941,False,,,0,0,0
Hum_XLOC_013942,False,,,0,0,0
Hum_XLOC_013945,False,,,0,0,0
Hum_XLOC_013946,False,,,0,0,0
Hum_XLOC_013948,False,,,0,0,0
Hum_XLOC_013950,True,0.0,,0,0,0
Hum_XLOC_013951,False,,,0,0,0
Hum_XLOC_013952,True,0.0,,0,0,0
Hum_XLOC_013953,False,,,0,0,0
Hum_XLOC_013954,False,,,0,0,0
Hum_XLOC_013955,False,,,0,0,0
Hum_XLOC_013956,True,0.0,,0,0,0
Hum_XLOC_013957,False,,,0,0,0
Hum_XLOC_013958,False,,,0,0,0
Hum_XLOC_013959,False,,,0,0,0
Hum_XLOC_013961,False,,,0,0,0
Hum_XLOC_013962,False,,,0,0,0
Hum_XLOC_013963,False,,,0,0,0
Hum_XLOC_013964,False,,,0,0,0
Hum_XLOC_013965,True,0.0,,0,0,0
Hum_XLOC_013966,False,,,0,0,0
Hum_XLOC_013967,False,,,0,0,0
Hum_XLOC_013968,False,,,0,0,0
Hum_XLOC_013969,False,,,0,0,0
Hum_XLOC_013970,False,,,0,0,0
Hum_XLOC_013971,False,,,0,0,0
Hum_XLOC_013972,False,,,0,0,0
Hum_XLOC_013973,False,,,0,0,0
Hum_XLOC_013974,False,,,0,0,0
Hum_XLOC_013975,False,,,0,0,0
Hum_XLOC_013976,False,,,0,0,0
Hum_XLOC_013978,False,,,0,0,0
Hum_XLOC_013979,False,,,0,0,0
Hum_XLOC_013980,False,,,0,0,0
Hum_XLOC_013983,False,,,0,0,0
Hum_XLOC_013984,False,,,0,0,0
Hum_XLOC_013985,True,0.0,,0,0,0
Hum_XLOC_013986,False,,,0,0,0
Hum_XLOC_013987,False,,,0,0,0
Hum_XLOC_013988,False,,,0,0,0
Hum_XLOC_013989,True,0.0,,0,0,0
Hum_XLOC_013990,False,,,0,0,0
Hum_XLOC_013991,False,,,0,0,0
Hum_XLOC_013992,False,,,0,0,0
Hum_XLOC_013993,False,,,0,0,0
Hum_XLOC_013994,False,,,0,0,0
Hum_XLOC_013997,False,,,0,0,0
Hum_XLOC_013998,False,,,0,0,0
Hum_XLOC_013999,False,,,0,0,0
Hum_XLOC_014000,False,,,0,0,0
Hum_XLOC_014001,False,,,0,0,0
Hum_XLOC_014002,False,,,0,0,0
Hum_XLOC_014003,False,,,0,0,0
Hum_XLOC_014004,False,,,0,0,0
Hum_XLOC_014005,False,,,0,0,0
Hum_XLOC_014006,False,,,0,0,0
Hum_XLOC_014007,False,,,0,0,0
Hum_XLOC_014008,False,,,0,0,0
Hum_XLOC_014012,False,,,0,0,0
Hum_XLOC_014013,False,,,0,0,0
Hum_XLOC_014014,False,,,0,0,0
Hum_XLOC_014015,False,,,0,0,0
Hum_XLOC_014016,False,,,0,0,0
Hum_XLOC_014017,False,,,0,0,0
Hum_XLOC_014018,False,,,0,0,0
Hum_XLOC_014019,False,,,0,0,0
Hum_XLOC_014020,False,,,0,0,0
Hum_XLOC_014021,False,,,0,0,0
Hum_XLOC_014022,False,,,0,0,0
Hum_XLOC_014027,False,,,0,0,0
Hum_XLOC_014028,False,,,0,0,0
Hum_XLOC_014029,False,,,0,0,0
Hum_XLOC_014030,False,,,0,0,0
Hum_XLOC_014035,False,,,0,0,0
Hum_XLOC_014036,False,,,0,0,0
Hum_XLOC_014037,False,,,0,0,0
Hum_XLOC_014040,True,0.0,,0,0,0
Hum_XLOC_014041,False,,,0,0,0
Hum_XLOC_014042,False,,,0,0,0
Hum_XLOC_014043,False,,,0,0,0
Hum_XLOC_014044,False,,,0,0,0
Hum_XLOC_014045,False,,,0,0,0
Hum_XLOC_014046,False,,,0,0,0
Hum_XLOC_014047,False,,,0,0,0
Hum_XLOC_014050,False,,,0,0,0
Hum_XLOC_014051,False,,,0,0,0
Hum_XLOC_014052,False,,,0,0,0
Hum_XLOC_014053,False,,,0,0,0
Hum_XLOC_014054,False,,,0,0,0
Hum_XLOC_014055,True,0.0,,0,0,0
Hum_XLOC_014056,False,,,0,0,0
Hum_XLOC_014058,True,0.0,,0,0,0
Hum_XLOC_014059,False,,,0,0,0
Hum_XLOC_014062,False,,,0,0,0
Hum_XLOC_014063,False,,,0,0,0
Hum_XLOC_014064,False,,,0,0,0
Hum_XLOC_014065,False,,,0,0,0
Hum_XLOC_014067,True,0.0,,0,0,0
Hum_XLOC_014068,False,,,0,0,0
Hum_XLOC_014069,False,,,0,0,0
Hum_XLOC_014070,False,,,0,0,0
Hum_XLOC_014071,False,,,0,0,0
Hum_XLOC_014072,False,,,0,0,0
Hum_XLOC_014073,True,0.0,,0,0,0
Hum_XLOC_014074,False,,,0,0,0
Hum_XLOC_014076,False,,,0,0,0
Hum_XLOC_014077,False,,,0,0,0
Hum_XLOC_014078,False,,,0,0,0
Hum_XLOC_014079,False,,,0,0,0
Hum_XLOC_014080,True,0.0,,0,0,0
Hum_XLOC_014081,False,,,0,0,0
Hum_XLOC_014082,False,,,0,0,0
Hum_XLOC_014083,False,,,0,0,0
Hum_XLOC_014084,False,,,0,0,0
Hum_XLOC_014085,False,,,0,0,0
Hum_XLOC_014086,False,,,0,0,0
Hum_XLOC_014088,False,,,0,0,0
Hum_XLOC_014089,False,,,0,0,0
Hum_XLOC_014090,False,,,0,0,0
Hum_XLOC_014091,False,,,0,0,0
Hum_XLOC_014092,True,0.0,,0,0,0
Hum_XLOC_014093,False,,,0,0,0
Hum_XLOC_014094,True,0.0,,0,0,0
Hum_XLOC_014095,False,,,0,0,0
Hum_XLOC_014096,False,,,0,0,0
Hum_XLOC_014097,False,,,0,0,0
Hum_XLOC_014098,False,,,0,0,0
Hum_XLOC_014099,False,,,0,0,0
Hum_XLOC_014101,True,0.0,,0,0,0
Hum_XLOC_014102,False,,,0,0,0
Hum_XLOC_014103,False,,,0,0,0
Hum_XLOC_014104,False,,,0,0,0
Hum_XLOC_014105,True,0.0,,0,0,0
Hum_XLOC_014106,True,0.0,,0,0,0
Hum_XLOC_014107,True,0.0,,0,0,0
Hum_XLOC_014108,False,,,0,0,0
Hum_XLOC_014109,False,,,0,0,0
Hum_XLOC_014110,False,,,0,0,0
Hum_XLOC_014111,False,,,0,0,0
Hum_XLOC_014112,False,,,0,0,0
Hum_XLOC_014113,False,,,0,0,0
Hum_XLOC_014114,False,,,0,0,0
Hum_XLOC_014115,True,0.0,,0,0,0
Hum_XLOC_014116,False,,,0,0,0
Hum_XLOC_014117,False,,,0,0,0
Hum_XLOC_014118,False,,,0,0,0
Hum_XLOC_014119,False,,,0,0,0
Hum_XLOC_014120,False,,,0,0,0
Hum_XLOC_014121,True,0.0,,0,0,0
Hum_XLOC_014122,False,,,0,0,0
Hum_XLOC_014123,False,,,0,0,0
Hum_XLOC_014124,False,,,0,0,0
Hum_XLOC_014125,False,,,0,0,0
Hum_XLOC_014126,True,0.0,,0,0,0
Hum_XLOC_014127,False,,,0,0,0
Hum_XLOC_014128,False,,,0,0,0
Hum_XLOC_014129,False,,,0,0,0
Hum_XLOC_014130,False,,,0,0,0
Hum_XLOC_014131,False,,,0,0,0
Hum_XLOC_014132,False,,,0,0,0
Hum_XLOC_014133,False,,,0,0,0
Hum_XLOC_014134,False,,,0,0,0
Hum_XLOC_014135,True,0.0,,0,0,0
Hum_XLOC_014136,True,0.0,,0,0,0
Hum_XLOC_014137,False,,,0,0,0
Hum_XLOC_014138,False,,,0,0,0
Hum_XLOC_014139,False,,,0,0,0
Hum_XLOC_014140,False,,,0,0,0
Hum_XLOC_014141,False,,,0,0,0
Hum_XLOC_014142,False,,,0,0,0
Hum_XLOC_014143,False,,,0,0,0
Hum_XLOC_014144,False,,,0,0,0
Hum_XLOC_014145,False,,,0,0,0
Hum_XLOC_014146,False,,,0,0,0
Hum_XLOC_014147,False,,,0,0,0
Hum_XLOC_014150,False,,,0,0,0
Hum_XLOC_014151,False,,,0,0,0
Hum_XLOC_014152,False,,,0,0,0
Hum_XLOC_014153,False,,,0,0,0
Hum_XLOC_014155,True,0.0,,0,0,0
Hum_XLOC_014156,False,,,0,0,0
Hum_XLOC_014157,False,,,0,0,0
Hum_XLOC_014158,False,,,0,0,0
Hum_XLOC_014160,True,0.0,,0,0,0
Hum_XLOC_014161,False,,,0,0,0
Hum_XLOC_014162,False,,,0,0,0
Hum_XLOC_014164,False,,,0,0,0
Hum_XLOC_014165,False,,,0,0,0
Hum_XLOC_014166,False,,,0,0,0
Hum_XLOC_014168,False,,,0,0,0
Hum_XLOC_014169,False,,,0,0,0
Hum_XLOC_014170,False,,,0,0,0
Hum_XLOC_014171,True,0.0,,0,0,0
Hum_XLOC_014172,True,0.0,,0,0,0
Hum_XLOC_014173,False,,,0,0,0
Hum_XLOC_014174,False,,,0,0,0
Hum_XLOC_014175,False,,,0,0,0
Hum_XLOC_014176,False,,,0,0,0
Hum_XLOC_014177,False,,,0,0,0
Hum_XLOC_014178,False,,,0,0,0
Hum_XLOC_014179,False,,,0,0,0
Hum_XLOC_014180,False,,,0,0,0
Hum_XLOC_014181,False,,,0,0,0
Hum_XLOC_014186,True,0.0,,0,0,0
Hum_XLOC_014188,False,,,0,0,0
Hum_XLOC_014191,False,,,0,0,0
Hum_XLOC_014192,True,0.0,,0,0,0
Hum_XLOC_014193,False,,,0,0,0
Hum_XLOC_014194,False,,,0,0,0
Hum_XLOC_014195,False,,,0,0,0
Hum_XLOC_014196,False,,,0,0,0
Hum_XLOC_014198,False,,,0,0,0
Hum_XLOC_014199,False,,,0,0,0
Hum_XLOC_014200,False,,,0,0,0
Hum_XLOC_014201,True,0.0,,0,0,0
Hum_XLOC_014202,False,,,0,0,0
Hum_XLOC_014203,True,0.0,,0,0,0
Hum_XLOC_014204,True,0.0,,0,0,0
Hum_XLOC_014207,False,,,0,0,0
Hum_XLOC_014208,False,,,0,0,0
Hum_XLOC_014212,False,,,0,0,0
Hum_XLOC_014213,False,,,0,0,0
Hum_XLOC_014214,False,,,0,0,0
Hum_XLOC_014215,False,,,0,0,0
Hum_XLOC_014217,False,,,0,0,0
Hum_XLOC_014221,False,,,0,0,0
Hum_XLOC_014222,False,,,0,0,0
Hum_XLOC_014223,False,,,0,0,0
Hum_XLOC_014226,False,,,0,0,0
Hum_XLOC_014227,False,,,0,0,0
Hum_XLOC_014228,False,,,0,0,0
Hum_XLOC_014229,False,,,0,0,0
Hum_XLOC_014230,False,,,0,0,0
Hum_XLOC_014231,False,,,0,0,0
Hum_XLOC_014232,False,,,0,0,0
Hum_XLOC_014233,False,,,0,0,0
Hum_XLOC_014234,False,,,0,0,0
Hum_XLOC_014235,False,,,0,0,0
Hum_XLOC_014236,False,,,0,0,0
Hum_XLOC_014237,False,,,0,0,0
Hum_XLOC_014238,False,,,0,0,0
Hum_XLOC_014241,False,,,0,0,0
Hum_XLOC_014242,False,,,0,0,0
Hum_XLOC_014243,False,,,0,0,0
Hum_XLOC_014248,False,,,0,0,0
Hum_XLOC_014249,False,,,0,0,0
Hum_XLOC_014252,False,,,0,0,0
Hum_XLOC_014253,False,,,0,0,0
Hum_XLOC_014254,False,,,0,0,0
Hum_XLOC_014255,False,,,0,0,0
Hum_XLOC_014256,False,,,0,0,0
Hum_XLOC_014257,False,,,0,0,0
Hum_XLOC_014259,False,,,0,0,0
Hum_XLOC_014260,False,,,0,0,0
Hum_XLOC_014261,True,0.0,,0,0,0
Hum_XLOC_014262,False,,,0,0,0
Hum_XLOC_014263,False,,,0,0,0
Hum_XLOC_014264,False,,,0,0,0
Hum_XLOC_014267,False,,,0,0,0
Hum_XLOC_014268,False,,,0,0,0
Hum_XLOC_014270,False,,,0,0,0
Hum_XLOC_014272,False,,,0,0,0
Hum_XLOC_014274,False,,,0,0,0
Hum_XLOC_014275,False,,,0,0,0
Hum_XLOC_014277,True,0.0,,0,0,0
Hum_XLOC_014278,False,,,0,0,0
Hum_XLOC_014279,True,0.0,,0,0,0
Hum_XLOC_014280,True,0.0,,0,0,0
Hum_XLOC_014281,True,0.0,,0,0,0
Hum_XLOC_014282,False,,,0,0,0
Hum_XLOC_014283,False,,,0,0,0
Hum_XLOC_014284,False,,,0,0,0
Hum_XLOC_014285,False,,,0,0,0
Hum_XLOC_014286,False,,,0,0,0
Hum_XLOC_014287,False,,,0,0,0
Hum_XLOC_014288,False,,,0,0,0
Hum_XLOC_014289,True,0.0,,0,0,0
Hum_XLOC_014290,False,,,0,0,0
Hum_XLOC_014291,False,,,0,0,0
Hum_XLOC_014293,False,,,0,0,0
Hum_XLOC_014294,False,,,0,0,0
Hum_XLOC_014295,True,0.0,,0,0,0
Hum_XLOC_014296,False,,,0,0,0
Hum_XLOC_014298,True,0.0,,0,0,0
Hum_XLOC_014299,False,,,0,0,0
Hum_XLOC_014300,False,,,0,0,0
Hum_XLOC_014301,False,,,0,0,0
Hum_XLOC_014303,True,0.0,,0,0,0
Hum_XLOC_014304,False,,,0,0,0
Hum_XLOC_014305,False,,,0,0,0
Hum_XLOC_014306,False,,,0,0,0
Hum_XLOC_014307,False,,,0,0,0
Hum_XLOC_014308,True,0.0,,0,0,0
Hum_XLOC_014309,False,,,0,0,0
Hum_XLOC_014310,True,0.0,,0,0,0
Hum_XLOC_014312,False,,,0,0,0
Hum_XLOC_014314,True,0.0,,0,0,0
Hum_XLOC_014317,False,,,0,0,0
Hum_XLOC_014318,False,,,0,0,0
Hum_XLOC_014319,False,,,0,0,0
Hum_XLOC_014321,False,,,0,0,0
Hum_XLOC_014324,True,0.0,,0,0,0
Hum_XLOC_014325,False,,,0,0,0
Hum_XLOC_014327,False,,,0,0,0
Hum_XLOC_014328,False,,,0,0,0
Hum_XLOC_014329,False,,,0,0,0
Hum_XLOC_014330,False,,,0,0,0
Hum_XLOC_014331,False,,,0,0,0
Hum_XLOC_014332,False,,,0,0,0
Hum_XLOC_014334,False,,,0,0,0
Hum_XLOC_014335,False,,,0,0,0
Hum_XLOC_014339,False,,,0,0,0
Hum_XLOC_014340,False,,,0,0,0
Hum_XLOC_014341,False,,,0,0,0
Hum_XLOC_014342,False,,,0,0,0
Hum_XLOC_014344,False,,,0,0,0
Hum_XLOC_014347,False,,,0,0,0
Hum_XLOC_014349,False,,,0,0,0
Hum_XLOC_014353,False,,,0,0,0
Hum_XLOC_014354,False,,,0,0,0
Hum_XLOC_014355,False,,,0,0,0
Hum_XLOC_014357,False,,,0,0,0
Hum_XLOC_014361,False,,,0,0,0
Hum_XLOC_014363,False,,,0,0,0
Hum_XLOC_014364,False,,,0,0,0
Hum_XLOC_014370,True,0.0,,0,0,0
Hum_XLOC_014371,False,,,0,0,0
Hum_XLOC_014375,True,0.0,,0,0,0
Hum_XLOC_014376,False,,,0,0,0
Hum_XLOC_014378,False,,,0,0,0
Hum_XLOC_014382,False,,,0,0,0
Hum_XLOC_014383,False,,,0,0,0
Hum_XLOC_014393,False,,,0,0,0
Hum_XLOC_014394,True,0.0,,0,0,0
Hum_XLOC_014395,True,0.0,,0,0,0
Hum_XLOC_014396,False,,,0,0,0
Hum_XLOC_014397,True,0.0,,0,0,0
Hum_XLOC_014398,False,,,0,0,0
Hum_XLOC_014399,True,0.0,,0,0,0
Hum_XLOC_014400,False,,,0,0,0
Hum_XLOC_014402,False,,,0,0,0
Hum_XLOC_014405,True,0.0,,0,0,0
Hum_XLOC_014408,False,,,0,0,0
Hum_XLOC_014409,False,,,0,0,0
Hum_XLOC_014410,True,0.0,,0,0,0
Hum_XLOC_014411,True,0.0,,0,0,0
Hum_XLOC_014412,False,,,0,0,0
Hum_XLOC_014414,True,0.0,,0,0,0
Hum_XLOC_014415,True,0.0,,0,0,0
Hum_XLOC_014417,False,,,0,0,0
Hum_XLOC_014420,False,,,0,0,0
Hum_XLOC_014421,False,,,0,0,0
Hum_XLOC_014422,False,,,0,0,0
Hum_XLOC_014423,True,0.0,,0,0,0
Hum_XLOC_014424,False,,,0,0,0
Hum_XLOC_014432,False,,,0,0,0
Hum_XLOC_014435,False,,,0,0,0
Hum_XLOC_014437,True,0.0,,0,0,0
Hum_XLOC_014439,True,0.0,,0,0,0
Hum_XLOC_014445,False,,,0,0,0
Hum_XLOC_014446,False,,,0,0,0
Hum_XLOC_014447,False,,,0,0,0
Hum_XLOC_014448,False,,,0,0,0
Hum_XLOC_014449,False,,,0,0,0
Hum_XLOC_014450,True,0.0,,0,0,0
Hum_XLOC_014451,False,,,0,0,0
Hum_XLOC_014452,False,,,0,0,0
Hum_XLOC_014453,False,,,0,0,0
Hum_XLOC_014454,False,,,0,0,0
Hum_XLOC_014455,False,,,0,0,0
Hum_XLOC_014456,False,,,0,0,0
Hum_XLOC_014457,True,0.0,,0,0,0
Hum_XLOC_014458,False,,,0,0,0
Hum_XLOC_014459,True,0.0,,0,0,0
Hum_XLOC_014460,False,,,0,0,0
Hum_XLOC_014461,False,,,0,0,0
Hum_XLOC_014462,False,,,0,0,0
Hum_XLOC_014463,False,,,0,0,0
Hum_XLOC_014464,False,,,0,0,0
Hum_XLOC_014465,False,,,0,0,0
Hum_XLOC_014467,True,0.0,,0,0,0
Hum_XLOC_014468,False,,,0,0,0
Hum_XLOC_014469,False,,,0,0,0
Hum_XLOC_014470,False,,,0,0,0
Hum_XLOC_014471,False,,,0,0,0
Hum_XLOC_014472,False,,,0,0,0
Hum_XLOC_014473,False,,,0,0,0
Hum_XLOC_014474,False,,,0,0,0
Hum_XLOC_014475,False,,,0,0,0
Hum_XLOC_014476,False,,,0,0,0
Hum_XLOC_014480,False,,,0,0,0
Hum_XLOC_014482,False,,,0,0,0
Hum_XLOC_014483,False,,,0,0,0
Hum_XLOC_014484,False,,,0,0,0
Hum_XLOC_014487,False,,,0,0,0
Hum_XLOC_014492,False,,,0,0,0
Hum_XLOC_014498,False,,,0,0,0
Hum_XLOC_014499,False,,,0,0,0
Hum_XLOC_014500,False,,,0,0,0
Hum_XLOC_014501,False,,,0,0,0
Hum_XLOC_014502,False,,,0,0,0
Hum_XLOC_014503,False,,,0,0,0
Hum_XLOC_014504,False,,,0,0,0
Hum_XLOC_014505,False,,,0,0,0
Hum_XLOC_014506,True,0.0,,0,0,0
Hum_XLOC_014511,False,,,0,0,0
Hum_XLOC_014512,False,,,0,0,0
Hum_XLOC_014516,False,,,0,0,0
Hum_XLOC_014517,False,,,0,0,0
Hum_XLOC_014518,True,0.0,,0,0,0
Hum_XLOC_014519,False,,,0,0,0
Hum_XLOC_014520,False,,,0,0,0
Hum_XLOC_014521,False,,,0,0,0
Hum_XLOC_014522,False,,,0,0,0
Hum_XLOC_014523,False,,,0,0,0
Hum_XLOC_014526,False,,,0,0,0
Hum_XLOC_014527,False,,,0,0,0
Hum_XLOC_014531,False,,,0,0,0
Hum_XLOC_014532,False,,,0,0,0
Hum_XLOC_014533,False,,,0,0,0
Hum_XLOC_014534,True,0.0,,0,0,0
Hum_XLOC_014538,True,0.0,,0,0,0
Hum_XLOC_014539,True,0.0,,0,0,0
Hum_XLOC_014540,False,,,0,0,0
Hum_XLOC_014541,False,,,0,0,0
Hum_XLOC_014542,False,,,0,0,0
Hum_XLOC_014543,False,,,0,0,0
Hum_XLOC_014544,False,,,0,0,0
Hum_XLOC_014545,False,,,0,0,0
Hum_XLOC_014546,False,,,0,0,0
Hum_XLOC_014547,False,,,0,0,0
Hum_XLOC_014548,False,,,0,0,0
Hum_XLOC_014549,False,,,0,0,0
Hum_XLOC_014551,False,,,0,0,0
Hum_XLOC_014552,False,,,0,0,0
Hum_XLOC_014553,False,,,0,0,0
Hum_XLOC_014554,False,,,0,0,0
Hum_XLOC_014555,False,,,0,0,0
Hum_XLOC_014560,False,,,0,0,0
Hum_XLOC_014561,False,,,0,0,0
Hum_XLOC_014562,False,,,0,0,0
Hum_XLOC_014563,False,,,0,0,0
Hum_XLOC_014564,False,,,0,0,0
Hum_XLOC_014565,False,,,0,0,0
Hum_XLOC_014566,True,0.0,,0,0,0
Hum_XLOC_014567,False,,,0,0,0
Hum_XLOC_014568,False,,,0,0,0
Hum_XLOC_014569,False,,,0,0,0
Hum_XLOC_014570,False,,,0,0,0
Hum_XLOC_014571,False,,,0,0,0
Hum_XLOC_014572,False,,,0,0,0
Hum_XLOC_014573,False,,,0,0,0
Hum_XLOC_014574,False,,,0,0,0
Hum_XLOC_014578,True,0.0,,0,0,0
Hum_XLOC_014579,False,,,0,0,0
Hum_XLOC_014581,False,,,0,0,0
Hum_XLOC_014582,False,,,0,0,0
Hum_XLOC_014583,False,,,0,0,0
Hum_XLOC_014585,True,0.0,,0,0,0
Hum_XLOC_014586,False,,,0,0,0
Hum_XLOC_014587,False,,,0,0,0
Hum_XLOC_014589,False,,,0,0,0
Hum_XLOC_014590,False,,,0,0,0
Hum_XLOC_014591,True,0.0,,0,0,0
Hum_XLOC_014593,True,0.0,,0,0,0
Hum_XLOC_014594,False,,,0,0,0
Hum_XLOC_014596,False,,,0,0,0
Hum_XLOC_014597,False,,,0,0,0
Hum_XLOC_014599,False,,,0,0,0
Hum_XLOC_014600,False,,,0,0,0
Hum_XLOC_014601,False,,,0,0,0
Hum_XLOC_014603,False,,,0,0,0
Hum_XLOC_014605,False,,,0,0,0
Hum_XLOC_014606,False,,,0,0,0
Hum_XLOC_014607,False,,,0,0,0
Hum_XLOC_014608,False,,,0,0,0
Hum_XLOC_014610,False,,,0,0,0
Hum_XLOC_014614,False,,,0,0,0
Hum_XLOC_014616,False,,,0,0,0
Hum_XLOC_014617,False,,,0,0,0
Hum_XLOC_014618,False,,,0,0,0
Hum_XLOC_014619,False,,,0,0,0
Hum_XLOC_014620,False,,,0,0,0
Hum_XLOC_014621,False,,,0,0,0
Hum_XLOC_014622,False,,,0,0,0
Hum_XLOC_014624,False,,,0,0,0
Hum_XLOC_014625,False,,,0,0,0
Hum_XLOC_014626,False,,,0,0,0
Hum_XLOC_014632,True,0.0,,0,0,0
Hum_XLOC_014633,False,,,0,0,0
Hum_XLOC_014634,False,,,0,0,0
Hum_XLOC_014635,False,,,0,0,0
Hum_XLOC_014637,False,,,0,0,0
Hum_XLOC_014638,False,,,0,0,0
Hum_XLOC_014639,False,,,0,0,0
Hum_XLOC_014640,True,0.0,,0,0,0
Hum_XLOC_014643,False,,,0,0,0
Hum_XLOC_014644,False,,,0,0,0
Hum_XLOC_014645,False,,,0,0,0
Hum_XLOC_014646,False,,,0,0,0
Hum_XLOC_014647,False,,,0,0,0
Hum_XLOC_014648,False,,,0,0,0
Hum_XLOC_014649,False,,,0,0,0
Hum_XLOC_014651,False,,,0,0,0
Hum_XLOC_014652,False,,,0,0,0
Hum_XLOC_014653,False,,,0,0,0
Hum_XLOC_014656,False,,,0,0,0
Hum_XLOC_014657,False,,,0,0,0
Hum_XLOC_014658,True,0.0,,0,0,0
Hum_XLOC_014661,False,,,0,0,0
Hum_XLOC_014662,False,,,0,0,0
Hum_XLOC_014663,False,,,0,0,0
Hum_XLOC_014664,True,0.0,,0,0,0
Hum_XLOC_014671,False,,,0,0,0
Hum_XLOC_014672,True,0.0,,0,0,0
Hum_XLOC_014673,True,0.0,,0,0,0
Hum_XLOC_014674,False,,,0,0,0
Hum_XLOC_014675,False,,,0,0,0
Hum_XLOC_014676,False,,,0,0,0
Hum_XLOC_014680,False,,,0,0,0
Hum_XLOC_014684,False,,,0,0,0
Hum_XLOC_014685,False,,,0,0,0
Hum_XLOC_014688,False,,,0,0,0
Hum_XLOC_014689,True,0.0,,0,0,0
Hum_XLOC_014691,False,,,0,0,0
Hum_XLOC_014693,False,,,0,0,0
Hum_XLOC_014701,False,,,0,0,0
Hum_XLOC_014702,False,,,0,0,0
Hum_XLOC_014703,False,,,0,0,0
Hum_XLOC_014704,False,,,0,0,0
Hum_XLOC_014705,False,,,0,0,0
Hum_XLOC_014706,False,,,0,0,0
Hum_XLOC_014708,False,,,0,0,0
Hum_XLOC_014709,False,,,0,0,0
Hum_XLOC_014710,True,0.0,,0,0,0
Hum_XLOC_014711,False,,,0,0,0
Hum_XLOC_014712,False,,,0,0,0
Hum_XLOC_014714,False,,,0,0,0
Hum_XLOC_014715,False,,,0,0,0
Hum_XLOC_014724,True,0.0,,0,0,0
Hum_XLOC_014725,False,,,0,0,0
Hum_XLOC_014726,False,,,0,0,0
Hum_XLOC_014727,True,0.0,,0,0,0
Hum_XLOC_014729,False,,,0,0,0
Hum_XLOC_014730,True,0.0,,0,0,0
Hum_XLOC_014732,True,0.0,,0,0,0
Hum_XLOC_014739,False,,,0,0,0
Hum_XLOC_014741,False,,,0,0,0
Hum_XLOC_014743,False,,,0,0,0
Hum_XLOC_014750,False,,,0,0,0
Hum_XLOC_014751,False,,,0,0,0
Hum_XLOC_014752,False,,,0,0,0
Hum_XLOC_014753,False,,,0,0,0
Hum_XLOC_014754,True,0.0,,0,0,0
Hum_XLOC_014756,False,,,0,0,0
Hum_XLOC_014757,False,,,0,0,0
Hum_XLOC_014762,True,0.0,,0,0,0
Hum_XLOC_014766,False,,,0,0,0
Hum_XLOC_014767,False,,,0,0,0
Hum_XLOC_014771,False,,,0,0,0
Hum_XLOC_014772,False,,,0,0,0
Hum_XLOC_014773,False,,,0,0,0
Hum_XLOC_014774,False,,,0,0,0
Hum_XLOC_014776,False,,,0,0,0
Hum_XLOC_014778,False,,,0,0,0
Hum_XLOC_014779,False,,,0,0,0
Hum_XLOC_014780,False,,,0,0,0
Hum_XLOC_014782,False,,,0,0,0
Hum_XLOC_014783,False,,,0,0,0
Hum_XLOC_014784,False,,,0,0,0
Hum_XLOC_014785,True,0.0,,0,0,0
Hum_XLOC_014786,False,,,0,0,0
Hum_XLOC_014788,False,,,0,0,0
Hum_XLOC_014789,False,,,0,0,0
Hum_XLOC_014792,False,,,0,0,0
Hum_XLOC_014793,True,0.0,,0,0,0
Hum_XLOC_014797,False,,,0,0,0
Hum_XLOC_014798,False,,,0,0,0
Hum_XLOC_014800,False,,,0,0,0
Hum_XLOC_014806,False,,,0,0,0
Hum_XLOC_014807,True,0.0,,0,0,0
Hum_XLOC_014814,False,,,0,0,0
Hum_XLOC_014815,False,,,0,0,0
Hum_XLOC_014818,False,,,0,0,0
Hum_XLOC_014824,False,,,0,0,0
Hum_XLOC_014825,False,,,0,0,0
Hum_XLOC_014826,False,,,0,0,0
Hum_XLOC_014827,False,,,0,0,0
Hum_XLOC_014828,False,,,0,0,0
Hum_XLOC_014830,False,,,0,0,0
Hum_XLOC_014831,False,,,0,0,0
Hum_XLOC_014835,False,,,0,0,0
Hum_XLOC_014836,False,,,0,0,0
Hum_XLOC_014838,False,,,0,0,0
Hum_XLOC_014839,False,,,0,0,0
Hum_XLOC_014841,False,,,0,0,0
Hum_XLOC_014842,False,,,0,0,0
Hum_XLOC_014843,True,0.0,,0,0,0
Hum_XLOC_014844,False,,,0,0,0
Hum_XLOC_014845,False,,,0,0,0
Hum_XLOC_014847,False,,,0,0,0
Hum_XLOC_014848,False,,,0,0,0
Hum_XLOC_014851,False,,,0,0,0
Hum_XLOC_014855,True,0.0,,0,0,0
Hum_XLOC_014858,False,,,0,0,0
Hum_XLOC_014859,False,,,0,0,0
Hum_XLOC_014860,False,,,0,0,0
Hum_XLOC_014862,False,,,0,0,0
Hum_XLOC_014863,False,,,0,0,0
Hum_XLOC_014865,True,0.0,,0,0,0
Hum_XLOC_014866,True,0.0,,0,0,0
Hum_XLOC_014867,False,,,0,0,0
Hum_XLOC_014869,True,0.0,,0,0,0
Hum_XLOC_014870,False,,,0,0,0
Hum_XLOC_014872,False,,,0,0,0
Hum_XLOC_014873,False,,,0,0,0
Hum_XLOC_014875,False,,,0,0,0
Hum_XLOC_014880,False,,,0,0,0
Hum_XLOC_014881,False,,,0,0,0
Hum_XLOC_014889,False,,,0,0,0
Hum_XLOC_014890,False,,,0,0,0
Hum_XLOC_014891,False,,,0,0,0
Hum_XLOC_014892,True,0.0,,0,0,0
Hum_XLOC_014893,False,,,0,0,0
Hum_XLOC_014894,False,,,0,0,0
Hum_XLOC_014895,True,0.0,,0,0,0
Hum_XLOC_014897,True,0.0,,0,0,0
Hum_XLOC_014898,False,,,0,0,0
Hum_XLOC_014899,False,,,0,0,0
Hum_XLOC_014900,False,,,0,0,0
Hum_XLOC_014901,False,,,0,0,0
Hum_XLOC_014902,False,,,0,0,0
Hum_XLOC_014903,False,,,0,0,0
Hum_XLOC_014904,False,,,0,0,0
Hum_XLOC_014905,False,,,0,0,0
Hum_XLOC_014906,False,,,0,0,0
Hum_XLOC_014907,False,,,0,0,0
Hum_XLOC_014908,False,,,0,0,0
Hum_XLOC_014909,False,,,0,0,0
Hum_XLOC_014910,False,,,0,0,0
Hum_XLOC_014911,False,,,0,0,0
Hum_XLOC_014912,False,,,0,0,0
Hum_XLOC_014913,False,,,0,0,0
Hum_XLOC_014914,False,,,0,0,0
Hum_XLOC_014915,False,,,0,0,0
Hum_XLOC_014916,True,0.0,,0,0,0
Hum_XLOC_014919,False,,,0,0,0
Hum_XLOC_014920,False,,,0,0,0
Hum_XLOC_014921,True,0.0,,0,0,0
Hum_XLOC_014922,False,,,0,0,0
Hum_XLOC_014923,False,,,0,0,0
Hum_XLOC_014925,False,,,0,0,0
Hum_XLOC_014926,False,,,0,0,0
Hum_XLOC_014927,False,,,0,0,0
Hum_XLOC_014928,False,,,0,0,0
Hum_XLOC_014929,False,,,0,0,0
Hum_XLOC_014930,False,,,0,0,0
Hum_XLOC_014931,False,,,0,0,0
Hum_XLOC_014932,False,,,0,0,0
Hum_XLOC_014935,False,,,0,0,0
Hum_XLOC_014937,False,,,0,0,0
Hum_XLOC_014940,False,,,0,0,0
Hum_XLOC_014941,False,,,0,0,0
Hum_XLOC_014942,False,,,0,0,0
Hum_XLOC_014943,True,0.0,,0,0,0
Hum_XLOC_014944,False,,,0,0,0
Hum_XLOC_014945,False,,,0,0,0
Hum_XLOC_014946,True,0.0,,0,0,0
Hum_XLOC_014950,False,,,0,0,0
Hum_XLOC_014952,False,,,0,0,0
Hum_XLOC_014953,False,,,0,0,0
Hum_XLOC_014954,False,,,0,0,0
Hum_XLOC_014955,False,,,0,0,0
Hum_XLOC_014956,False,,,0,0,0
Hum_XLOC_014957,True,0.0,,0,0,0
Hum_XLOC_014958,False,,,0,0,0
Hum_XLOC_014961,False,,,0,0,0
Hum_XLOC_014962,False,,,0,0,0
Hum_XLOC_014963,False,,,0,0,0
Hum_XLOC_014964,False,,,0,0,0
Hum_XLOC_014965,False,,,0,0,0
Hum_XLOC_014966,True,0.0,,0,0,0
Hum_XLOC_014969,False,,,0,0,0
Hum_XLOC_014972,False,,,0,0,0
Hum_XLOC_014974,True,0.0,,0,0,0
Hum_XLOC_014976,False,,,0,0,0
Hum_XLOC_014979,False,,,0,0,0
Hum_XLOC_014982,False,,,0,0,0
Hum_XLOC_014986,False,,,0,0,0
Hum_XLOC_014988,False,,,0,0,0
Hum_XLOC_014989,False,,,0,0,0
Hum_XLOC_014990,False,,,0,0,0
Hum_XLOC_014993,True,0.0,,0,0,0
Hum_XLOC_014994,True,0.0,,0,0,0
Hum_XLOC_014995,True,0.0,,0,0,0
Hum_XLOC_014996,True,0.0,,0,0,0
Hum_XLOC_015000,False,,,0,0,0
Hum_XLOC_015001,True,0.0,,0,0,0
Hum_XLOC_015002,False,,,0,0,0
Hum_XLOC_015003,False,,,0,0,0
Hum_XLOC_015004,False,,,0,0,0
Hum_XLOC_015005,False,,,0,0,0
Hum_XLOC_015006,False,,,0,0,0
Hum_XLOC_015007,False,,,0,0,0
Hum_XLOC_015009,False,,,0,0,0
Hum_XLOC_015010,False,,,0,0,0
Hum_XLOC_015011,True,0.0,,0,0,0
Hum_XLOC_015012,True,0.0,,0,0,0
Hum_XLOC_015013,False,,,0,0,0
Hum_XLOC_015015,False,,,0,0,0
Hum_XLOC_015016,False,,,0,0,0
Hum_XLOC_015017,False,,,0,0,0
Hum_XLOC_015019,True,0.0,,0,0,0
Hum_XLOC_015022,False,,,0,0,0
Hum_XLOC_015026,False,,,0,0,0
Hum_XLOC_015031,True,0.0,,0,0,0
Hum_XLOC_015032,False,,,0,0,0
Hum_XLOC_015033,False,,,0,0,0
Hum_XLOC_015034,False,,,0,0,0
Hum_XLOC_015035,False,,,0,0,0
Hum_XLOC_015038,False,,,0,0,0
Hum_XLOC_015039,False,,,0,0,0
Hum_XLOC_015040,False,,,0,0,0
Hum_XLOC_015041,False,,,0,0,0
Hum_XLOC_015042,False,,,0,0,0
Hum_XLOC_015043,False,,,0,0,0
Hum_XLOC_015044,False,,,0,0,0
Hum_XLOC_015045,False,,,0,0,0
Hum_XLOC_015046,False,,,0,0,0
Hum_XLOC_015047,False,,,0,0,0
Hum_XLOC_015048,False,,,0,0,0
Hum_XLOC_015049,False,,,0,0,0
Hum_XLOC_015050,False,,,0,0,0
Hum_XLOC_015051,False,,,0,0,0
Hum_XLOC_015052,True,0.0,,0,0,0
Hum_XLOC_015053,False,,,0,0,0
Hum_XLOC_015054,False,,,0,0,0
Hum_XLOC_015056,False,,,0,0,0
Hum_XLOC_015058,False,,,0,0,0
Hum_XLOC_015059,False,,,0,0,0
Hum_XLOC_015060,False,,,0,0,0
Hum_XLOC_015062,False,,,0,0,0
Hum_XLOC_015070,True,0.0,,0,0,0
Hum_XLOC_015071,False,,,0,0,0
Hum_XLOC_015073,False,,,0,0,0
Hum_XLOC_015074,False,,,0,0,0
Hum_XLOC_015076,True,0.0,,0,0,0
Hum_XLOC_015077,True,0.0,,0,0,0
Hum_XLOC_015079,False,,,0,0,0
Hum_XLOC_015080,False,,,0,0,0
Hum_XLOC_015081,True,0.0,,0,0,0
Hum_XLOC_015082,False,,,0,0,0
Hum_XLOC_015084,False,,,0,0,0
Hum_XLOC_015085,False,,,0,0,0
Hum_XLOC_015086,False,,,0,0,0
Hum_XLOC_015088,False,,,0,0,0
Hum_XLOC_015089,False,,,0,0,0
Hum_XLOC_015090,False,,,0,0,0
Hum_XLOC_015091,False,,,0,0,0
Hum_XLOC_015092,False,,,0,0,0
Hum_XLOC_015093,True,0.0,,0,0,0
Hum_XLOC_015094,False,,,0,0,0
Hum_XLOC_015095,False,,,0,0,0
Hum_XLOC_015096,False,,,0,0,0
Hum_XLOC_015097,False,,,0,0,0
Hum_XLOC_015099,False,,,0,0,0
Hum_XLOC_015103,False,,,0,0,0
Hum_XLOC_015108,False,,,0,0,0
Hum_XLOC_015109,False,,,0,0,0
Hum_XLOC_015110,False,,,0,0,0
Hum_XLOC_015111,False,,,0,0,0
Hum_XLOC_015116,False,,,0,0,0
Hum_XLOC_015117,False,,,0,0,0
Hum_XLOC_015119,True,0.0,,0,0,0
Hum_XLOC_015121,False,,,0,0,0
Hum_XLOC_015122,False,,,0,0,0
Hum_XLOC_015123,False,,,0,0,0
Hum_XLOC_015124,True,0.0,,0,0,0
Hum_XLOC_015126,False,,,0,0,0
Hum_XLOC_015129,True,0.0,,0,0,0
Hum_XLOC_015133,False,,,0,0,0
Hum_XLOC_015135,False,,,0,0,0
Hum_XLOC_015136,False,,,0,0,0
Hum_XLOC_015137,True,0.0,,0,0,0
Hum_XLOC_015138,False,,,0,0,0
Hum_XLOC_015144,True,0.0,,0,0,0
Hum_XLOC_015145,False,,,0,0,0
Hum_XLOC_015147,False,,,0,0,0
Hum_XLOC_015148,True,0.0,,0,0,0
Hum_XLOC_015149,False,,,0,0,0
Hum_XLOC_015153,False,,,0,0,0
Hum_XLOC_015154,True,0.0,,0,0,0
Hum_XLOC_015155,False,,,0,0,0
Hum_XLOC_015157,False,,,0,0,0
Hum_XLOC_015159,False,,,0,0,0
Hum_XLOC_015161,False,,,0,0,0
Hum_XLOC_015162,True,0.0,,0,0,0
Hum_XLOC_015163,False,,,0,0,0
Hum_XLOC_015164,False,,,0,0,0
Hum_XLOC_015165,False,,,0,0,0
Hum_XLOC_015176,False,,,0,0,0
Hum_XLOC_015177,False,,,0,0,0
Hum_XLOC_015178,False,,,0,0,0
Hum_XLOC_015179,False,,,0,0,0
Hum_XLOC_015180,False,,,0,0,0
Hum_XLOC_015181,False,,,0,0,0
Hum_XLOC_015182,False,,,0,0,0
Hum_XLOC_015183,False,,,0,0,0
Hum_XLOC_015184,False,,,0,0,0
Hum_XLOC_015185,False,,,0,0,0
Hum_XLOC_015186,False,,,0,0,0
Hum_XLOC_015188,False,,,0,0,0
Hum_XLOC_015189,False,,,0,0,0
Hum_XLOC_015190,True,0.0,,0,0,0
Hum_XLOC_015191,True,0.0,,0,0,0
Hum_XLOC_015192,True,0.0,,0,0,0
Hum_XLOC_015193,False,,,0,0,0
Hum_XLOC_015194,False,,,0,0,0
Hum_XLOC_015195,False,,,0,0,0
Hum_XLOC_015196,False,,,0,0,0
Hum_XLOC_015197,False,,,0,0,0
Hum_XLOC_015198,False,,,0,0,0
Hum_XLOC_015199,False,,,0,0,0
Hum_XLOC_015200,True,0.0,,0,0,0
Hum_XLOC_015201,False,,,0,0,0
Hum_XLOC_015202,False,,,0,0,0
Hum_XLOC_015203,False,,,0,0,0
Hum_XLOC_015204,False,,,0,0,0
Hum_XLOC_015208,False,,,0,0,0
Hum_XLOC_015209,False,,,0,0,0
Hum_XLOC_015210,False,,,0,0,0
Hum_XLOC_015211,False,,,0,0,0
Hum_XLOC_015220,False,,,0,0,0
Hum_XLOC_015221,False,,,0,0,0
Hum_XLOC_015222,True,0.0,,0,0,0
Hum_XLOC_015224,True,0.0,,0,0,0
Hum_XLOC_015225,True,0.0,,0,0,0
Hum_XLOC_015226,False,,,0,0,0
Hum_XLOC_015227,False,,,0,0,0
Hum_XLOC_015237,False,,,0,0,0
Hum_XLOC_015238,False,,,0,0,0
Hum_XLOC_015239,False,,,0,0,0
Hum_XLOC_015240,False,,,0,0,0
Hum_XLOC_015241,False,,,0,0,0
Hum_XLOC_015242,True,0.0,,0,0,0
Hum_XLOC_015243,False,,,0,0,0
Hum_XLOC_015244,False,,,0,0,0
Hum_XLOC_015246,True,0.0,,0,0,0
Hum_XLOC_015248,False,,,0,0,0
Hum_XLOC_015259,False,,,0,0,0
Hum_XLOC_015261,False,,,0,0,0
Hum_XLOC_015263,True,0.0,,0,0,0
Hum_XLOC_015265,False,,,0,0,0
Hum_XLOC_015268,False,,,0,0,0
Hum_XLOC_015269,True,0.0,,0,0,0
Hum_XLOC_015270,False,,,0,0,0
Hum_XLOC_015271,False,,,0,0,0
Hum_XLOC_015272,False,,,0,0,0
Hum_XLOC_015273,False,,,0,0,0
Hum_XLOC_015274,False,,,0,0,0
Hum_XLOC_015275,True,0.0,,0,0,0
Hum_XLOC_015276,True,0.0,,0,0,0
Hum_XLOC_015288,False,,,0,0,0
Hum_XLOC_015290,False,,,0,0,0
Hum_XLOC_015296,False,,,0,0,0
Hum_XLOC_015297,True,0.0,,0,0,0
Hum_XLOC_015299,False,,,0,0,0
Hum_XLOC_015300,False,,,0,0,0
Hum_XLOC_015301,False,,,0,0,0
Hum_XLOC_015302,False,,,0,0,0
Hum_XLOC_015304,False,,,0,0,0
Hum_XLOC_015305,True,0.0,,0,0,0
Hum_XLOC_015306,False,,,0,0,0
Hum_XLOC_015307,False,,,0,0,0
Hum_XLOC_015308,False,,,0,0,0
Hum_XLOC_015309,False,,,0,0,0
Hum_XLOC_015310,False,,,0,0,0
Hum_XLOC_015311,True,0.0,,0,0,0
Hum_XLOC_015312,True,0.0,,0,0,0
Hum_XLOC_015313,True,0.0,,0,0,0
Hum_XLOC_015314,False,,,0,0,0
Hum_XLOC_015315,False,,,0,0,0
Hum_XLOC_015318,True,0.0,,0,0,0
Hum_XLOC_015319,False,,,0,0,0
Hum_XLOC_015320,False,,,0,0,0
Hum_XLOC_015321,False,,,0,0,0
Hum_XLOC_015322,False,,,0,0,0
Hum_XLOC_015323,False,,,0,0,0
Hum_XLOC_015326,False,,,0,0,0
Hum_XLOC_015328,False,,,0,0,0
Hum_XLOC_015329,False,,,0,0,0
Hum_XLOC_015330,False,,,0,0,0
Hum_XLOC_015331,False,,,0,0,0
Hum_XLOC_015332,False,,,0,0,0
Hum_XLOC_015339,False,,,0,0,0
Hum_XLOC_015341,True,0.0,,0,0,0
Hum_XLOC_015344,False,,,0,0,0
Hum_XLOC_015345,True,0.0,,0,0,0
Hum_XLOC_015346,False,,,0,0,0
Hum_XLOC_015347,True,0.0,,0,0,0
Hum_XLOC_015348,True,0.0,,0,0,0
Hum_XLOC_015350,False,,,0,0,0
Hum_XLOC_015352,False,,,0,0,0
Hum_XLOC_015354,False,,,0,0,0
Hum_XLOC_015355,False,,,0,0,0
Hum_XLOC_015356,False,,,0,0,0
Hum_XLOC_015357,False,,,0,0,0
Hum_XLOC_015358,True,0.0,,0,0,0
Hum_XLOC_015362,False,,,0,0,0
Hum_XLOC_015364,False,,,0,0,0
Hum_XLOC_015366,False,,,0,0,0
Hum_XLOC_015369,True,0.0,,0,0,0
Hum_XLOC_015370,False,,,0,0,0
Hum_XLOC_015371,False,,,0,0,0
Hum_XLOC_015372,False,,,0,0,0
Hum_XLOC_015374,False,,,0,0,0
Hum_XLOC_015375,False,,,0,0,0
Hum_XLOC_015377,True,0.0,,0,0,0
Hum_XLOC_015379,True,0.0,,0,0,0
Hum_XLOC_015381,False,,,0,0,0
Hum_XLOC_015382,False,,,0,0,0
Hum_XLOC_015383,False,,,0,0,0
Hum_XLOC_015384,True,0.0,,0,0,0
Hum_XLOC_015385,False,,,0,0,0
Hum_XLOC_015386,False,,,0,0,0
Hum_XLOC_015387,False,,,0,0,0
Hum_XLOC_015388,False,,,0,0,0
Hum_XLOC_015389,False,,,0,0,0
Hum_XLOC_015390,False,,,0,0,0
Hum_XLOC_015391,True,0.0,,0,0,0
Hum_XLOC_015392,False,,,0,0,0
Hum_XLOC_015393,False,,,0,0,0
Hum_XLOC_015394,True,0.0,,0,0,0
Hum_XLOC_015395,False,,,0,0,0
Hum_XLOC_015396,False,,,0,0,0
Hum_XLOC_015397,False,,,0,0,0
Hum_XLOC_015398,False,,,0,0,0
Hum_XLOC_015399,False,,,0,0,0
Hum_XLOC_015400,False,,,0,0,0
Hum_XLOC_015401,False,,,0,0,0
Hum_XLOC_015402,False,,,0,0,0
Hum_XLOC_015405,True,0.0,,0,0,0
Hum_XLOC_015406,True,0.0,,0,0,0
Hum_XLOC_015410,True,0.0,,0,0,0
Hum_XLOC_015411,False,,,0,0,0
Hum_XLOC_015412,False,,,0,0,0
Hum_XLOC_015413,False,,,0,0,0
Hum_XLOC_015414,False,,,0,0,0
Hum_XLOC_015416,True,0.0,,0,0,0
Hum_XLOC_015417,False,,,0,0,0
Hum_XLOC_015419,False,,,0,0,0
Hum_XLOC_015420,False,,,0,0,0
Hum_XLOC_015421,False,,,0,0,0
Hum_XLOC_015422,False,,,0,0,0
Hum_XLOC_015423,False,,,0,0,0
Hum_XLOC_015428,True,0.0,,0,0,0
Hum_XLOC_015429,False,,,0,0,0
Hum_XLOC_015431,False,,,0,0,0
Hum_XLOC_015432,False,,,0,0,0
Hum_XLOC_015433,False,,,0,0,0
Hum_XLOC_015438,False,,,0,0,0
Hum_XLOC_015447,False,,,0,0,0
Hum_XLOC_015449,True,0.0,,0,0,0
Hum_XLOC_015450,False,,,0,0,0
Hum_XLOC_015451,False,,,0,0,0
Hum_XLOC_015452,False,,,0,0,0
Hum_XLOC_015454,False,,,0,0,0
Hum_XLOC_015455,False,,,0,0,0
Hum_XLOC_015456,False,,,0,0,0
Hum_XLOC_015457,False,,,0,0,0
Hum_XLOC_015459,False,,,0,0,0
Hum_XLOC_015461,False,,,0,0,0
Hum_XLOC_015462,False,,,0,0,0
Hum_XLOC_015463,False,,,0,0,0
Hum_XLOC_015464,True,0.0,,0,0,0
Hum_XLOC_015467,False,,,0,0,0
Hum_XLOC_015471,False,,,0,0,0
Hum_XLOC_015472,False,,,0,0,0
Hum_XLOC_015473,False,,,0,0,0
Hum_XLOC_015475,False,,,0,0,0
Hum_XLOC_015476,False,,,0,0,0
Hum_XLOC_015477,False,,,0,0,0
Hum_XLOC_015479,False,,,0,0,0
Hum_XLOC_015480,False,,,0,0,0
Hum_XLOC_015481,False,,,0,0,0
Hum_XLOC_015482,False,,,0,0,0
Hum_XLOC_015483,False,,,0,0,0
Hum_XLOC_015486,False,,,0,0,0
Hum_XLOC_015487,False,,,0,0,0
Hum_XLOC_015488,True,0.0,,0,0,0
Hum_XLOC_015489,False,,,0,0,0
Hum_XLOC_015490,False,,,0,0,0
Hum_XLOC_015493,False,,,0,0,0
Hum_XLOC_015495,True,0.0,,0,0,0
Hum_XLOC_015496,True,0.0,,0,0,0
Hum_XLOC_015500,False,,,0,0,0
Hum_XLOC_015501,False,,,0,0,0
Hum_XLOC_015502,False,,,0,0,0
Hum_XLOC_015503,True,0.0,,0,0,0
Hum_XLOC_015504,False,,,0,0,0
Hum_XLOC_015506,False,,,0,0,0
Hum_XLOC_015507,False,,,0,0,0
Hum_XLOC_015509,False,,,0,0,0
Hum_XLOC_015510,False,,,0,0,0
Hum_XLOC_015512,True,0.0,,0,0,0
Hum_XLOC_015513,False,,,0,0,0
Hum_XLOC_015514,False,,,0,0,0
Hum_XLOC_015522,False,,,0,0,0
Hum_XLOC_015523,False,,,0,0,0
Hum_XLOC_015525,True,0.0,,0,0,0
Hum_XLOC_015526,False,,,0,0,0
Hum_XLOC_015527,False,,,0,0,0
Hum_XLOC_015528,False,,,0,0,0
Hum_XLOC_015532,True,0.0,,0,0,0
Hum_XLOC_015533,True,0.0,,0,0,0
Hum_XLOC_015536,True,0.0,,0,0,0
Hum_XLOC_015540,False,,,0,0,0
Hum_XLOC_015541,True,0.0,,0,0,0
Hum_XLOC_015545,True,0.0,,0,0,0
Hum_XLOC_015548,False,,,0,0,0
Hum_XLOC_015549,False,,,0,0,0
Hum_XLOC_015550,True,0.0,,0,0,0
Hum_XLOC_015551,False,,,0,0,0
Hum_XLOC_015552,False,,,0,0,0
Hum_XLOC_015553,False,,,0,0,0
Hum_XLOC_015554,False,,,0,0,0
Hum_XLOC_015555,False,,,0,0,0
Hum_XLOC_015556,False,,,0,0,0
Hum_XLOC_015557,False,,,0,0,0
Hum_XLOC_015559,False,,,0,0,0
Hum_XLOC_015560,False,,,0,0,0
Hum_XLOC_015564,False,,,0,0,0
Hum_XLOC_015566,False,,,0,0,0
Hum_XLOC_015567,False,,,0,0,0
Hum_XLOC_015571,True,0.0,,0,0,0
Hum_XLOC_015572,True,0.0,,0,0,0
Hum_XLOC_015573,True,0.0,,0,0,0
Hum_XLOC_015576,False,,,0,0,0
Hum_XLOC_015577,False,,,0,0,0
Hum_XLOC_015579,False,,,0,0,0
Hum_XLOC_015584,False,,,0,0,0
Hum_XLOC_015585,False,,,0,0,0
Hum_XLOC_015586,False,,,0,0,0
Hum_XLOC_015587,False,,,0,0,0
Hum_XLOC_015588,False,,,0,0,0
Hum_XLOC_015589,False,,,0,0,0
Hum_XLOC_015591,True,0.0,,0,0,0
Hum_XLOC_015592,False,,,0,0,0
Hum_XLOC_015593,False,,,0,0,0
Hum_XLOC_015594,False,,,0,0,0
Hum_XLOC_015595,False,,,0,0,0
Hum_XLOC_015596,False,,,0,0,0
Hum_XLOC_015597,False,,,0,0,0
Hum_XLOC_015598,False,,,0,0,0
Hum_XLOC_015599,False,,,0,0,0
Hum_XLOC_015600,False,,,0,0,0
Hum_XLOC_015601,False,,,0,0,0
Hum_XLOC_015609,False,,,0,0,0
Hum_XLOC_015612,False,,,0,0,0
Hum_XLOC_015613,False,,,0,0,0
Hum_XLOC_015615,False,,,0,0,0
Hum_XLOC_015616,True,0.0,,0,0,0
Hum_XLOC_015617,False,,,0,0,0
Hum_XLOC_015618,False,,,0,0,0
Hum_XLOC_015619,False,,,0,0,0
Hum_XLOC_015620,False,,,0,0,0
Hum_XLOC_015621,False,,,0,0,0
Hum_XLOC_015622,False,,,0,0,0
Hum_XLOC_015623,False,,,0,0,0
Hum_XLOC_015625,False,,,0,0,0
Hum_XLOC_015626,False,,,0,0,0
Hum_XLOC_015628,False,,,0,0,0
Hum_XLOC_015629,False,,,0,0,0
Hum_XLOC_015631,False,,,0,0,0
Hum_XLOC_015632,True,0.0,,0,0,0
Hum_XLOC_015633,False,,,0,0,0
Hum_XLOC_015636,False,,,0,0,0
Hum_XLOC_015637,False,,,0,0,0
Hum_XLOC_015640,False,,,0,0,0
Hum_XLOC_015641,False,,,0,0,0
Hum_XLOC_015642,False,,,0,0,0
Hum_XLOC_015643,False,,,0,0,0
Hum_XLOC_015644,False,,,0,0,0
Hum_XLOC_015647,False,,,0,0,0
Hum_XLOC_015650,False,,,0,0,0
Hum_XLOC_015651,False,,,0,0,0
Hum_XLOC_015652,False,,,0,0,0
Hum_XLOC_015654,False,,,0,0,0
Hum_XLOC_015655,False,,,0,0,0
Hum_XLOC_015656,False,,,0,0,0
Hum_XLOC_015658,False,,,0,0,0
Hum_XLOC_015659,False,,,0,0,0
Hum_XLOC_015660,False,,,0,0,0
Hum_XLOC_015661,False,,,0,0,0
Hum_XLOC_015662,False,,,0,0,0
Hum_XLOC_015663,False,,,0,0,0
Hum_XLOC_015664,False,,,0,0,0
Hum_XLOC_015665,False,,,0,0,0
Hum_XLOC_015668,False,,,0,0,0
Hum_XLOC_015670,True,0.0,,0,0,0
Hum_XLOC_015671,True,0.0,,0,0,0
Hum_XLOC_015672,True,0.0,,0,0,0
Hum_XLOC_015673,False,,,0,0,0
Hum_XLOC_015674,False,,,0,0,0
Hum_XLOC_015679,False,,,0,0,0
Hum_XLOC_015680,False,,,0,0,0
Hum_XLOC_015683,True,0.0,,0,0,0
Hum_XLOC_015688,False,,,0,0,0
Hum_XLOC_015689,False,,,0,0,0
Hum_XLOC_015691,False,,,0,0,0
Hum_XLOC_015693,True,0.0,,0,0,0
Hum_XLOC_015698,False,,,0,0,0
Hum_XLOC_015706,False,,,0,0,0
Hum_XLOC_015707,True,0.0,,0,0,0
Hum_XLOC_015708,False,,,0,0,0
Hum_XLOC_015709,False,,,0,0,0
Hum_XLOC_015710,False,,,0,0,0
Hum_XLOC_015711,True,0.0,,0,0,0
Hum_XLOC_015712,False,,,0,0,0
Hum_XLOC_015713,False,,,0,0,0
Hum_XLOC_015715,False,,,0,0,0
Hum_XLOC_015716,False,,,0,0,0
Hum_XLOC_015718,True,0.0,,0,0,0
Hum_XLOC_015719,False,,,0,0,0
Hum_XLOC_015720,False,,,0,0,0
Hum_XLOC_015721,False,,,0,0,0
Hum_XLOC_015722,False,,,0,0,0
Hum_XLOC_015723,False,,,0,0,0
Hum_XLOC_015724,False,,,0,0,0
Hum_XLOC_015725,False,,,0,0,0
Hum_XLOC_015726,False,,,0,0,0
Hum_XLOC_015727,False,,,0,0,0
Hum_XLOC_015731,True,0.0,,0,0,0
Hum_XLOC_015732,False,,,0,0,0
Hum_XLOC_015734,False,,,0,0,0
Hum_XLOC_015742,False,,,0,0,0
Hum_XLOC_015744,True,0.0,,0,0,0
Hum_XLOC_015745,False,,,0,0,0
Hum_XLOC_015746,False,,,0,0,0
Hum_XLOC_015747,False,,,0,0,0
Hum_XLOC_015748,False,,,0,0,0
Hum_XLOC_015749,False,,,0,0,0
Hum_XLOC_015750,False,,,0,0,0
Hum_XLOC_015751,False,,,0,0,0
Hum_XLOC_015752,False,,,0,0,0
Hum_XLOC_015753,False,,,0,0,0
Hum_XLOC_015754,False,,,0,0,0
Hum_XLOC_015755,False,,,0,0,0
Hum_XLOC_015756,False,,,0,0,0
Hum_XLOC_015759,False,,,0,0,0
Hum_XLOC_015761,False,,,0,0,0
Hum_XLOC_015762,True,0.0,,0,0,0
Hum_XLOC_015765,False,,,0,0,0
Hum_XLOC_015767,False,,,0,0,0
Hum_XLOC_015769,False,,,0,0,0
Hum_XLOC_015770,False,,,0,0,0
Hum_XLOC_015771,False,,,0,0,0
Hum_XLOC_015772,False,,,0,0,0
Hum_XLOC_015773,False,,,0,0,0
Hum_XLOC_015774,False,,,0,0,0
Hum_XLOC_015775,False,,,0,0,0
Hum_XLOC_015776,False,,,0,0,0
Hum_XLOC_015777,False,,,0,0,0
Hum_XLOC_015778,False,,,0,0,0
Hum_XLOC_015779,True,0.0,,0,0,0
Hum_XLOC_015780,False,,,0,0,0
Hum_XLOC_015781,False,,,0,0,0
Hum_XLOC_015782,False,,,0,0,0
Hum_XLOC_015783,False,,,0,0,0
Hum_XLOC_015784,True,0.0,,0,0,0
Hum_XLOC_015785,False,,,0,0,0
Hum_XLOC_015786,False,,,0,0,0
Hum_XLOC_015787,False,,,0,0,0
Hum_XLOC_015788,True,0.0,,0,0,0
Hum_XLOC_015789,False,,,0,0,0
Hum_XLOC_015790,False,,,0,0,0
Hum_XLOC_015791,False,,,0,0,0
Hum_XLOC_015792,False,,,0,0,0
Hum_XLOC_015793,False,,,0,0,0
Hum_XLOC_015794,False,,,0,0,0
Hum_XLOC_015795,False,,,0,0,0
Hum_XLOC_015796,False,,,0,0,0
Hum_XLOC_015797,False,,,0,0,0
Hum_XLOC_015798,False,,,0,0,0
Hum_XLOC_015799,False,,,0,0,0
Hum_XLOC_015800,False,,,0,0,0
Hum_XLOC_015801,False,,,0,0,0
Hum_XLOC_015802,False,,,0,0,0
Hum_XLOC_015805,False,,,0,0,0
Hum_XLOC_015806,True,0.0,,0,0,0
Hum_XLOC_015807,True,0.0,,0,0,0
Hum_XLOC_015809,False,,,0,0,0
Hum_XLOC_015810,False,,,0,0,0
Hum_XLOC_015812,True,0.0,,0,0,0
Hum_XLOC_015814,False,,,0,0,0
Hum_XLOC_015815,False,,,0,0,0
Hum_XLOC_015819,True,0.0,,0,0,0
Hum_XLOC_015821,False,,,0,0,0
Hum_XLOC_015822,True,0.0,,0,0,0
Hum_XLOC_015823,True,0.0,,0,0,0
Hum_XLOC_015824,False,,,0,0,0
Hum_XLOC_015825,False,,,0,0,0
Hum_XLOC_015827,True,0.0,,0,0,0
Hum_XLOC_015840,False,,,0,0,0
Hum_XLOC_015841,False,,,0,0,0
Hum_XLOC_015842,False,,,0,0,0
Hum_XLOC_015844,False,,,0,0,0
Hum_XLOC_015845,False,,,0,0,0
Hum_XLOC_015851,False,,,0,0,0
Hum_XLOC_015852,False,,,0,0,0
Hum_XLOC_015853,True,0.0,,0,0,0
Hum_XLOC_015855,False,,,0,0,0
Hum_XLOC_015856,False,,,0,0,0
Hum_XLOC_015859,False,,,0,0,0
Hum_XLOC_015865,False,,,0,0,0
Hum_XLOC_015866,True,0.0,,0,0,0
Hum_XLOC_015867,False,,,0,0,0
Hum_XLOC_015868,False,,,0,0,0
Hum_XLOC_015869,True,0.0,,0,0,0
Hum_XLOC_015870,False,,,0,0,0
Hum_XLOC_015871,False,,,0,0,0
Hum_XLOC_015873,False,,,0,0,0
Hum_XLOC_015876,False,,,0,0,0
Hum_XLOC_015877,False,,,0,0,0
Hum_XLOC_015878,False,,,0,0,0
Hum_XLOC_015880,True,0.0,,0,0,0
Hum_XLOC_015881,True,0.0,,0,0,0
Hum_XLOC_015882,False,,,0,0,0
Hum_XLOC_015884,False,,,0,0,0
Hum_XLOC_015885,False,,,0,0,0
Hum_XLOC_015886,False,,,0,0,0
Hum_XLOC_015887,True,0.0,,0,0,0
Hum_XLOC_015888,False,,,0,0,0
Hum_XLOC_015889,False,,,0,0,0
Hum_XLOC_015890,False,,,0,0,0
Hum_XLOC_015891,True,0.0,,0,0,0
Hum_XLOC_015893,False,,,0,0,0
Hum_XLOC_015894,False,,,0,0,0
Hum_XLOC_015895,False,,,0,0,0
Hum_XLOC_015896,False,,,0,0,0
Hum_XLOC_015898,True,0.0,,0,0,0
Hum_XLOC_015900,False,,,0,0,0
Hum_XLOC_015901,False,,,0,0,0
Hum_XLOC_015902,False,,,0,0,0
Hum_XLOC_015903,False,,,0,0,0
Hum_XLOC_015904,False,,,0,0,0
Hum_XLOC_015905,False,,,0,0,0
Hum_XLOC_015906,False,,,0,0,0
Hum_XLOC_015907,False,,,0,0,0
Hum_XLOC_015910,False,,,0,0,0
Hum_XLOC_015911,False,,,0,0,0
Hum_XLOC_015912,False,,,0,0,0
Hum_XLOC_015913,False,,,0,0,0
Hum_XLOC_015914,False,,,0,0,0
Hum_XLOC_015915,False,,,0,0,0
Hum_XLOC_015916,False,,,0,0,0
Hum_XLOC_015917,False,,,0,0,0
Hum_XLOC_015918,False,,,0,0,0
Hum_XLOC_015919,False,,,0,0,0
Hum_XLOC_015920,False,,,0,0,0
Hum_XLOC_015922,False,,,0,0,0
Hum_XLOC_015924,False,,,0,0,0
Hum_XLOC_015926,False,,,0,0,0
Hum_XLOC_015927,False,,,0,0,0
Hum_XLOC_015929,True,0.0,,0,0,0
Hum_XLOC_015931,False,,,0,0,0
Hum_XLOC_015932,True,0.0,,0,0,0
Hum_XLOC_015933,False,,,0,0,0
Hum_XLOC_015934,True,0.0,,0,0,0
Hum_XLOC_015937,False,,,0,0,0
Hum_XLOC_015940,False,,,0,0,0
Hum_XLOC_015941,False,,,0,0,0
Hum_XLOC_015942,False,,,0,0,0
Hum_XLOC_015943,False,,,0,0,0
Hum_XLOC_015944,False,,,0,0,0
Hum_XLOC_015947,False,,,0,0,0
Hum_XLOC_015948,False,,,0,0,0
Hum_XLOC_015949,False,,,0,0,0
Hum_XLOC_015950,False,,,0,0,0
Hum_XLOC_015951,False,,,0,0,0
Hum_XLOC_015952,False,,,0,0,0
Hum_XLOC_015953,True,0.0,,0,0,0
Hum_XLOC_015954,False,,,0,0,0
Hum_XLOC_015955,False,,,0,0,0
Hum_XLOC_015956,False,,,0,0,0
Hum_XLOC_015957,True,0.0,,0,0,0
Hum_XLOC_015958,True,0.0,,0,0,0
Hum_XLOC_015959,False,,,0,0,0
Hum_XLOC_015960,True,0.0,,0,0,0
Hum_XLOC_015961,False,,,0,0,0
Hum_XLOC_015962,False,,,0,0,0
Hum_XLOC_015963,False,,,0,0,0
Hum_XLOC_015964,True,0.0,,0,0,0
Hum_XLOC_015970,False,,,0,0,0
Hum_XLOC_015971,False,,,0,0,0
Hum_XLOC_015972,False,,,0,0,0
Hum_XLOC_015974,False,,,0,0,0
Hum_XLOC_015975,True,0.0,,0,0,0
Hum_XLOC_015976,False,,,0,0,0
Hum_XLOC_015977,False,,,0,0,0
Hum_XLOC_015978,True,0.0,,0,0,0
Hum_XLOC_015979,False,,,0,0,0
Hum_XLOC_015980,False,,,0,0,0
Hum_XLOC_015981,True,0.0,,0,0,0
Hum_XLOC_015982,False,,,0,0,0
Hum_XLOC_015983,False,,,0,0,0
Hum_XLOC_015984,False,,,0,0,0
Hum_XLOC_015987,False,,,0,0,0
Hum_XLOC_015988,False,,,0,0,0
Hum_XLOC_015989,False,,,0,0,0
Hum_XLOC_015993,False,,,0,0,0
Hum_XLOC_015996,False,,,0,0,0
Hum_XLOC_015997,False,,,0,0,0
Hum_XLOC_015998,False,,,0,0,0
Hum_XLOC_015999,True,0.0,,0,0,0
Hum_XLOC_016000,False,,,0,0,0
Hum_XLOC_016001,False,,2.0,0,0,1
Hum_XLOC_016002,False,,,0,0,0
Hum_XLOC_016003,False,,,0,0,0
Hum_XLOC_016004,False,,,0,0,0
Hum_XLOC_016005,False,,,0,0,0
Hum_XLOC_016006,False,,,0,0,0
Hum_XLOC_016007,False,,,0,0,0
Hum_XLOC_016008,False,,,0,0,0
Hum_XLOC_016009,False,,,0,0,0
Hum_XLOC_016015,False,,,0,0,0
Hum_XLOC_016016,True,0.0,,0,0,0
Hum_XLOC_016017,True,0.0,,0,0,0
Hum_XLOC_016019,True,0.0,,0,0,0
Hum_XLOC_016021,False,,,0,0,0
Hum_XLOC_016028,True,0.0,,0,0,0
Hum_XLOC_016029,False,,,0,0,0
Hum_XLOC_016030,False,,,0,0,0
Hum_XLOC_016031,True,0.0,,0,0,0
Hum_XLOC_016032,False,,,0,0,0
Hum_XLOC_016033,False,,,0,0,0
Hum_XLOC_016034,False,,,0,0,0
Hum_XLOC_016039,False,,,0,0,0
Hum_XLOC_016041,False,,,0,0,0
Hum_XLOC_016044,False,,,0,0,0
Hum_XLOC_016047,True,0.0,,0,0,0
Hum_XLOC_016055,True,0.0,,0,0,0
Hum_XLOC_016058,False,,,0,0,0
Hum_XLOC_016059,False,,,0,0,0
Hum_XLOC_016061,False,,,0,0,0
Hum_XLOC_016062,False,,,0,0,0
Hum_XLOC_016063,False,,,0,0,0
Hum_XLOC_016064,False,,,0,0,0
Hum_XLOC_016079,False,,,0,0,0
Hum_XLOC_016080,False,,,0,0,0
Hum_XLOC_016081,False,,,0,0,0
Hum_XLOC_016082,False,,,0,0,0
Hum_XLOC_016083,False,,,0,0,0
Hum_XLOC_016086,False,,,0,0,0
Hum_XLOC_016088,False,,,0,0,0
Hum_XLOC_016089,True,0.0,,0,0,0
Hum_XLOC_016090,False,,,0,0,0
Hum_XLOC_016093,False,,,0,0,0
Hum_XLOC_016094,False,,,0,0,0
Hum_XLOC_016095,True,0.0,,0,0,0
Hum_XLOC_016096,False,,,0,0,0
Hum_XLOC_016098,False,,,0,0,0
Hum_XLOC_016099,False,,,0,0,0
Hum_XLOC_016100,False,,,0,0,0
Hum_XLOC_016102,False,,,0,0,0
Hum_XLOC_016103,False,,,0,0,0
Hum_XLOC_016105,False,,,0,0,0
Hum_XLOC_016108,False,,,0,0,0
Hum_XLOC_016109,False,,,0,0,0
Hum_XLOC_016112,False,,,0,0,0
Hum_XLOC_016113,False,,,0,0,0
Hum_XLOC_016114,False,,,0,0,0
Hum_XLOC_016118,True,0.0,,0,0,0
Hum_XLOC_016119,False,,,0,0,0
Hum_XLOC_016120,False,,,0,0,0
Hum_XLOC_016123,False,,,0,0,0
Hum_XLOC_016124,False,,,0,0,0
Hum_XLOC_016125,False,,,0,0,0
Hum_XLOC_016126,False,,,0,0,0
Hum_XLOC_016128,False,,,0,0,0
Hum_XLOC_016129,True,0.0,,0,0,0
Hum_XLOC_016130,False,,,0,0,0
Hum_XLOC_016135,True,0.0,,0,0,0
Hum_XLOC_016136,True,0.0,,0,0,0
Hum_XLOC_016137,False,,,0,0,0
Hum_XLOC_016138,False,,,0,0,0
Hum_XLOC_016139,False,,,0,0,0
Hum_XLOC_016140,False,,,0,0,0
Hum_XLOC_016141,True,0.0,,0,0,0
Hum_XLOC_016142,False,,,0,0,0
Hum_XLOC_016143,True,0.0,,0,0,0
Hum_XLOC_016144,False,,,0,0,0
Hum_XLOC_016145,False,,,0,0,0
Hum_XLOC_016146,False,,,0,0,0
Hum_XLOC_016147,True,0.0,,0,0,0
Hum_XLOC_016153,False,,,0,0,0
Hum_XLOC_016154,False,,,0,0,0
Hum_XLOC_016155,False,,,0,0,0
Hum_XLOC_016156,False,,,0,0,0
Hum_XLOC_016157,False,,,0,0,0
Hum_XLOC_016163,True,0.0,,0,0,0
Hum_XLOC_016165,False,,,0,0,0
Hum_XLOC_016167,True,0.0,,0,0,0
Hum_XLOC_016168,False,,,0,0,0
Hum_XLOC_016169,False,,,0,0,0
Hum_XLOC_016170,False,,,0,0,0
Hum_XLOC_016171,False,,,0,0,0
Hum_XLOC_016172,True,0.0,,0,0,0
Hum_XLOC_016174,False,,,0,0,0
Hum_XLOC_016176,False,,,0,0,0
Hum_XLOC_016177,False,,,0,0,0
Hum_XLOC_016178,False,,,0,0,0
Hum_XLOC_016180,True,0.0,,0,0,0
Hum_XLOC_016181,False,,,0,0,0
Hum_XLOC_016182,False,,,0,0,0
Hum_XLOC_016183,False,,,0,0,0
Hum_XLOC_016185,False,,,0,0,0
Hum_XLOC_016190,False,,,0,0,0
Hum_XLOC_016191,True,0.0,,0,0,0
Hum_XLOC_016195,False,,,0,0,0
Hum_XLOC_016197,False,,,0,0,0
Hum_XLOC_016199,False,,,0,0,0
Hum_XLOC_016200,False,,,0,0,0
Hum_XLOC_016204,False,,,0,0,0
Hum_XLOC_016205,False,,,0,0,0
Hum_XLOC_016206,True,0.0,,0,0,0
Hum_XLOC_016207,False,,,0,0,0
Hum_XLOC_016208,False,,,0,0,0
Hum_XLOC_016212,False,,,0,0,0
Hum_XLOC_016214,False,,,0,0,0
Hum_XLOC_016215,True,0.0,,0,0,0
Hum_XLOC_016216,False,,,0,0,0
Hum_XLOC_016218,False,,,0,0,0
Hum_XLOC_016220,False,,,0,0,0
Hum_XLOC_016221,False,,,0,0,0
Hum_XLOC_016222,False,,,0,0,0
Hum_XLOC_016223,True,0.0,,0,0,0
Hum_XLOC_016224,False,,,0,0,0
Hum_XLOC_016225,False,,,0,0,0
Hum_XLOC_016227,False,,,0,0,0
Hum_XLOC_016228,False,,,0,0,0
Hum_XLOC_016229,False,,,0,0,0
Hum_XLOC_016230,False,,,0,0,0
Hum_XLOC_016231,True,0.0,,0,0,0
Hum_XLOC_016232,True,0.0,,0,0,0
Hum_XLOC_016233,False,,,0,0,0
Hum_XLOC_016234,False,,,0,0,0
Hum_XLOC_016235,False,,,0,0,0
Hum_XLOC_016237,False,,,0,0,0
Hum_XLOC_016238,False,,,0,0,0
Hum_XLOC_016239,True,0.0,,0,0,0
Hum_XLOC_016240,False,,,0,0,0
Hum_XLOC_016241,False,,,0,0,0
Hum_XLOC_016243,False,,,0,0,0
Hum_XLOC_016244,True,0.0,,0,0,0
Hum_XLOC_016245,False,,,0,0,0
Hum_XLOC_016248,True,0.0,,0,0,0
Hum_XLOC_016249,False,,,0,0,0
Hum_XLOC_016250,False,,,0,0,0
Hum_XLOC_016251,False,,,0,0,0
Hum_XLOC_016252,False,,,0,0,0
Hum_XLOC_016253,False,,,0,0,0
Hum_XLOC_016254,False,,,0,0,0
Hum_XLOC_016255,False,,,0,0,0
Hum_XLOC_016256,False,,,0,0,0
Hum_XLOC_016257,True,0.0,,0,0,0
Hum_XLOC_016258,True,0.0,,0,0,0
Hum_XLOC_016259,False,,,0,0,0
Hum_XLOC_016261,True,0.0,,0,0,0
Hum_XLOC_016263,True,0.0,,0,0,0
Hum_XLOC_016264,False,,,0,0,0
Hum_XLOC_016267,False,,,0,0,0
Hum_XLOC_016269,True,0.0,,0,0,0
Hum_XLOC_016273,False,,,0,0,0
Hum_XLOC_016274,False,,,0,0,0
Hum_XLOC_016275,True,0.0,,0,0,0
Hum_XLOC_016276,False,,,0,0,0
Hum_XLOC_016283,True,0.0,,0,0,0
Hum_XLOC_016285,True,0.0,,0,0,0
Hum_XLOC_016286,False,,,0,0,0
Hum_XLOC_016290,True,0.0,,0,0,0
Hum_XLOC_016292,True,0.0,,0,0,0
Hum_XLOC_016293,False,,,0,0,0
Hum_XLOC_016298,False,,,0,0,0
Hum_XLOC_016301,True,0.0,,0,0,0
Hum_XLOC_016302,False,,,0,0,0
Hum_XLOC_016303,False,,,0,0,0
Hum_XLOC_016304,False,,,0,0,0
Hum_XLOC_016305,False,,,0,0,0
Hum_XLOC_016306,True,0.0,,0,0,0
Hum_XLOC_016308,False,,,0,0,0
Hum_XLOC_016312,False,,,0,0,0
Hum_XLOC_016313,False,,,0,0,0
Hum_XLOC_016315,False,,,0,0,0
Hum_XLOC_016324,False,,,0,0,0
Hum_XLOC_016325,False,,,0,0,0
Hum_XLOC_016326,True,0.0,,0,0,0
Hum_XLOC_016328,False,,,0,0,0
Hum_XLOC_016331,False,,,0,0,0
Hum_XLOC_016334,False,,,0,0,0
Hum_XLOC_016339,False,,,0,0,0
Hum_XLOC_016345,False,,,0,0,0
Hum_XLOC_016347,False,,,0,0,0
Hum_XLOC_016348,False,,,0,0,0
Hum_XLOC_016349,False,,,0,0,0
Hum_XLOC_016350,False,,,0,0,0
Hum_XLOC_016351,False,,,0,0,0
Hum_XLOC_016352,False,,,0,0,0
Hum_XLOC_016356,False,,,0,0,0
Hum_XLOC_016357,False,,,0,0,0
Hum_XLOC_016358,False,,,0,0,0
Hum_XLOC_016359,False,,,0,0,0
Hum_XLOC_016361,False,,,0,0,0
Hum_XLOC_016365,False,,,0,0,0
Hum_XLOC_016366,False,,,0,0,0
Hum_XLOC_016367,False,,,0,0,0
Hum_XLOC_016368,False,,,0,0,0
Hum_XLOC_016369,False,,,0,0,0
Hum_XLOC_016370,False,,,0,0,0
Hum_XLOC_016371,False,,,0,0,0
Hum_XLOC_016372,True,0.0,,0,0,0
Hum_XLOC_016373,True,0.0,,0,0,0
Hum_XLOC_016375,False,,,0,0,0
Hum_XLOC_016376,False,,,0,0,0
Hum_XLOC_016378,False,,,0,0,0
Hum_XLOC_016380,True,0.0,,0,0,0
Hum_XLOC_016381,False,,,0,0,0
Hum_XLOC_016383,True,0.0,,0,0,0
Hum_XLOC_016385,False,,,0,0,0
Hum_XLOC_016386,False,,,0,0,0
Hum_XLOC_016387,False,,,0,0,0
Hum_XLOC_016388,True,0.0,,0,0,0
Hum_XLOC_016389,False,,,0,0,0
Hum_XLOC_016390,False,,,0,0,0
Hum_XLOC_016392,False,,,0,0,0
Hum_XLOC_016393,False,,,0,0,0
Hum_XLOC_016394,False,,,0,0,0
Hum_XLOC_016396,False,,,0,0,0
Hum_XLOC_016397,True,0.0,,0,0,0
Hum_XLOC_016398,False,,,0,0,0
Hum_XLOC_016404,False,,,0,0,0
Hum_XLOC_016405,True,0.0,,0,0,0
Hum_XLOC_016406,True,0.0,,0,0,0
Hum_XLOC_016407,False,,,0,0,0
Hum_XLOC_016408,False,,,0,0,0
Hum_XLOC_016409,False,,,0,0,0
Hum_XLOC_016410,False,,,0,0,0
Hum_XLOC_016411,False,,,0,0,0
Hum_XLOC_016412,False,,,0,0,0
Hum_XLOC_016413,False,,,0,0,0
Hum_XLOC_016414,False,,,0,0,0
Hum_XLOC_016415,False,,,0,0,0
Hum_XLOC_016416,False,,,0,0,0
Hum_XLOC_016417,False,,,0,0,0
Hum_XLOC_016418,False,,,0,0,0
Hum_XLOC_016419,False,,,0,0,0
Hum_XLOC_016420,False,,,0,0,0
Hum_XLOC_016421,False,,,0,0,0
Hum_XLOC_016422,False,,,0,0,0
Hum_XLOC_016423,False,,,0,0,0
Hum_XLOC_016426,True,0.0,,0,0,0
Hum_XLOC_016427,False,,,0,0,0
Hum_XLOC_016429,False,,,0,0,0
Hum_XLOC_016430,True,0.0,,0,0,0
Hum_XLOC_016431,False,,,0,0,0
Hum_XLOC_016432,False,,,0,0,0
Hum_XLOC_016434,False,,,0,0,0
Hum_XLOC_016437,False,,,0,0,0
Hum_XLOC_016438,False,,,0,0,0
Hum_XLOC_016440,False,,,0,0,0
Hum_XLOC_016447,False,,,0,0,0
Hum_XLOC_016448,False,,,0,0,0
Hum_XLOC_016450,False,,,0,0,0
Hum_XLOC_016463,False,,,0,0,0
Hum_XLOC_016464,False,,,0,0,0
Hum_XLOC_016465,False,,,0,0,0
Hum_XLOC_016466,False,,,0,0,0
Hum_XLOC_016469,False,,,0,0,0
Hum_XLOC_016470,False,,,0,0,0
Hum_XLOC_016471,False,,,0,0,0
Hum_XLOC_016472,True,0.0,,0,0,0
Hum_XLOC_016473,False,,,0,0,0
Hum_XLOC_016474,False,,,0,0,0
Hum_XLOC_016475,True,0.0,,0,0,0
Hum_XLOC_016476,True,0.0,,0,0,0
Hum_XLOC_016477,False,,,0,0,0
Hum_XLOC_016478,False,,,0,0,0
Hum_XLOC_016479,False,,,0,0,0
Hum_XLOC_016480,True,0.0,,0,0,0
Hum_XLOC_016481,False,,,0,0,0
Hum_XLOC_016482,False,,,0,0,0
Hum_XLOC_016483,False,,,0,0,0
Hum_XLOC_016484,False,,,0,0,0
Hum_XLOC_016486,False,,,0,0,0
Hum_XLOC_016487,False,,,0,0,0
Hum_XLOC_016488,True,0.0,,0,0,0
Hum_XLOC_016489,True,0.0,,0,0,0
Hum_XLOC_016490,False,,,0,0,0
Hum_XLOC_016492,False,,,0,0,0
Hum_XLOC_016493,False,,,0,0,0
Hum_XLOC_016496,False,,,0,0,0
Hum_XLOC_016500,True,0.0,,0,0,0
Hum_XLOC_016501,False,,,0,0,0
Hum_XLOC_016502,False,,,0,0,0
Hum_XLOC_016505,True,0.0,,0,0,0
Hum_XLOC_016506,False,,,0,0,0
Hum_XLOC_016507,False,,,0,0,0
Hum_XLOC_016514,False,,,0,0,0
Hum_XLOC_016516,False,,,0,0,0
Hum_XLOC_016517,False,,,0,0,0
Hum_XLOC_016518,False,,,0,0,0
Hum_XLOC_016519,False,,,0,0,0
Hum_XLOC_016522,False,,,0,0,0
Hum_XLOC_016523,False,,,0,0,0
Hum_XLOC_016524,False,,,0,0,0
Hum_XLOC_016525,False,,,0,0,0
Hum_XLOC_016526,False,,,0,0,0
Hum_XLOC_016527,False,,,0,0,0
Hum_XLOC_016528,True,0.0,,0,0,0
Hum_XLOC_016530,False,,,0,0,0
Hum_XLOC_016534,False,,,0,0,0
Hum_XLOC_016535,False,,,0,0,0
Hum_XLOC_016536,False,,,0,0,0
Hum_XLOC_016539,True,0.0,,0,0,0
Hum_XLOC_016541,False,,,0,0,0
Hum_XLOC_016542,False,,,0,0,0
Hum_XLOC_016546,False,,,0,0,0
Hum_XLOC_016547,False,,,0,0,0
Hum_XLOC_016548,False,,,0,0,0
Hum_XLOC_016554,True,0.0,,0,0,0
Hum_XLOC_016555,False,,,0,0,0
Hum_XLOC_016558,False,,,0,0,0
Hum_XLOC_016560,False,,,0,0,0
Hum_XLOC_016561,False,,,0,0,0
Hum_XLOC_016563,True,0.0,,0,0,0
Hum_XLOC_016570,False,,,0,0,0
Hum_XLOC_016574,False,,,0,0,0
Hum_XLOC_016575,False,,,0,0,0
Hum_XLOC_016576,True,0.0,,0,0,0
Hum_XLOC_016577,False,,,0,0,0
Hum_XLOC_016578,False,,,0,0,0
Hum_XLOC_016579,False,,,0,0,0
Hum_XLOC_016580,False,,,0,0,0
Hum_XLOC_016581,False,,,0,0,0
Hum_XLOC_016582,False,,,0,0,0
Hum_XLOC_016583,False,,,0,0,0
Hum_XLOC_016590,False,,,0,0,0
Hum_XLOC_016593,False,,,0,0,0
Hum_XLOC_016594,False,,,0,0,0
Hum_XLOC_016595,False,,,0,0,0
Hum_XLOC_016597,True,0.0,,0,0,0
Hum_XLOC_016598,False,,,0,0,0
Hum_XLOC_016599,False,,,0,0,0
Hum_XLOC_016601,True,0.0,,0,0,0
Hum_XLOC_016607,False,,,0,0,0
Hum_XLOC_016608,False,,,0,0,0
Hum_XLOC_016609,False,,,0,0,0
Hum_XLOC_016611,False,,,0,0,0
Hum_XLOC_016612,False,,,0,0,0
Hum_XLOC_016614,False,,,0,0,0
Hum_XLOC_016615,False,,,0,0,0
Hum_XLOC_016617,True,0.0,,0,0,0
Hum_XLOC_016620,False,,,0,0,0
Hum_XLOC_016622,False,,,0,0,0
Hum_XLOC_016623,True,0.0,,0,0,0
Hum_XLOC_016627,False,,,0,0,0
Hum_XLOC_016628,False,,,0,0,0
Hum_XLOC_016636,False,,,0,0,0
Hum_XLOC_016638,False,,,0,0,0
Hum_XLOC_016639,False,,,0,0,0
Hum_XLOC_016643,False,,,0,0,0
Hum_XLOC_016648,False,,,0,0,0
Hum_XLOC_016649,False,,,0,0,0
Hum_XLOC_016650,False,,,0,0,0
Hum_XLOC_016651,False,,,0,0,0
Hum_XLOC_016652,False,,,0,0,0
Hum_XLOC_016654,False,,,0,0,0
Hum_XLOC_016660,False,,,0,0,0
Hum_XLOC_016663,False,,,0,0,0
Hum_XLOC_016666,False,,,0,0,0
Hum_XLOC_016667,True,0.0,,0,0,0
Hum_XLOC_016668,False,,,0,0,0
Hum_XLOC_016670,False,,,0,0,0
Hum_XLOC_016672,False,,,0,0,0
Hum_XLOC_016674,True,0.0,,0,0,0
Hum_XLOC_016675,False,,,0,0,0
Hum_XLOC_016676,False,,,0,0,0
Hum_XLOC_016677,True,0.0,,0,0,0
Hum_XLOC_016678,True,0.0,,0,0,0
Hum_XLOC_016679,True,0.0,,0,0,0
Hum_XLOC_016680,False,,,0,0,0
Hum_XLOC_016682,False,,,0,0,0
Hum_XLOC_016683,True,0.0,,0,0,0
Hum_XLOC_016684,False,,,0,0,0
Hum_XLOC_016685,False,,,0,0,0
Hum_XLOC_016689,False,,,0,0,0
Hum_XLOC_016692,True,0.0,,0,0,0
Hum_XLOC_016694,False,,,0,0,0
Hum_XLOC_016699,False,,,0,0,0
Hum_XLOC_016700,False,,,0,0,0
Hum_XLOC_016703,True,0.0,,0,0,0
Hum_XLOC_016704,False,,,0,0,0
Hum_XLOC_016705,True,0.0,,0,0,0
Hum_XLOC_016706,False,,,0,0,0
Hum_XLOC_016707,False,,,0,0,0
Hum_XLOC_016709,False,,,0,0,0
Hum_XLOC_016712,False,,,0,0,0
Hum_XLOC_016721,False,,,0,0,0
Hum_XLOC_016724,True,0.0,,0,0,0
Hum_XLOC_016725,True,0.0,,0,0,0
Hum_XLOC_016726,True,0.0,,0,0,0
Hum_XLOC_016727,True,0.0,,0,0,0
Hum_XLOC_016728,False,,,0,0,0
Hum_XLOC_016729,False,,,0,0,0
Hum_XLOC_016730,False,,,0,0,0
Hum_XLOC_016736,False,,,0,0,0
Hum_XLOC_016737,False,,,0,0,0
Hum_XLOC_016742,False,,,0,0,0
Hum_XLOC_016744,False,,,0,0,0
Hum_XLOC_016748,True,0.0,,0,0,0
Hum_XLOC_016749,False,,,0,0,0
Hum_XLOC_016751,False,,,0,0,0
Hum_XLOC_016753,True,0.0,,0,0,0
Hum_XLOC_016755,True,0.0,,0,0,0
Hum_XLOC_016756,False,,,0,0,0
Hum_XLOC_016758,False,,,0,0,0
Hum_XLOC_016760,False,,,0,0,0
Hum_XLOC_016764,False,,,0,0,0
Hum_XLOC_016765,False,,,0,0,0
Hum_XLOC_016768,False,,,0,0,0
Hum_XLOC_016769,False,,,0,0,0
Hum_XLOC_016770,True,0.0,,0,0,0
Hum_XLOC_016772,False,,,0,0,0
Hum_XLOC_016778,False,,,0,0,0
Hum_XLOC_016780,True,0.0,,0,0,0
Hum_XLOC_016781,True,0.0,,0,0,0
Hum_XLOC_016783,False,,,0,0,0
Hum_XLOC_016790,False,,,0,0,0
Hum_XLOC_016792,False,,,0,0,0
Hum_XLOC_016793,False,,,0,0,0
Hum_XLOC_016794,False,,,0,0,0
Hum_XLOC_016795,False,,,0,0,0
Hum_XLOC_016796,False,,,0,0,0
Hum_XLOC_016797,True,0.0,,0,0,0
Hum_XLOC_016798,False,,,0,0,0
Hum_XLOC_016799,False,,,0,0,0
Hum_XLOC_016800,False,,,0,0,0
Hum_XLOC_016801,False,,,0,0,0
Hum_XLOC_016807,False,,,0,0,0
Hum_XLOC_016808,True,0.0,,0,0,0
Hum_XLOC_016811,False,,,0,0,0
Hum_XLOC_016812,True,0.0,,0,0,0
Hum_XLOC_016813,False,,,0,0,0
Hum_XLOC_016814,True,0.0,,0,0,0
Hum_XLOC_016815,True,0.0,,0,0,0
Hum_XLOC_016816,True,0.0,,0,0,0
Hum_XLOC_016819,False,,,0,0,0
Hum_XLOC_016821,False,,,0,0,0
Hum_XLOC_016822,False,,,0,0,0
Hum_XLOC_016823,False,,,0,0,0
Hum_XLOC_016824,False,,,0,0,0
Hum_XLOC_016833,False,,,0,0,0
Hum_XLOC_016836,True,0.0,,0,0,0
Hum_XLOC_016842,True,0.0,,0,0,0
Hum_XLOC_016843,True,0.0,,0,0,0
Hum_XLOC_016844,False,,,0,0,0
Hum_XLOC_016845,False,,,0,0,0
Hum_XLOC_016846,True,0.0,,0,0,0
Hum_XLOC_016848,False,,,0,0,0
Hum_XLOC_016849,False,,,0,0,0
Hum_XLOC_016850,False,,,0,0,0
Hum_XLOC_016855,False,,,0,0,0
Hum_XLOC_016856,False,,,0,0,0
Hum_XLOC_016857,True,0.0,,0,0,0
Hum_XLOC_016858,False,,,0,0,0
Hum_XLOC_016860,False,,,0,0,0
Hum_XLOC_016862,False,,,0,0,0
Hum_XLOC_016863,False,,,0,0,0
Hum_XLOC_016864,False,,,0,0,0
Hum_XLOC_016865,True,0.0,,0,0,0
Hum_XLOC_016866,False,,,0,0,0
Hum_XLOC_016867,False,,,0,0,0
Hum_XLOC_016868,False,,,0,0,0
Hum_XLOC_016869,False,,,0,0,0
Hum_XLOC_016871,False,,,0,0,0
Hum_XLOC_016872,False,,,0,0,0
Hum_XLOC_016873,False,,,0,0,0
Hum_XLOC_016874,True,0.0,,0,0,0
Hum_XLOC_016875,False,,,0,0,0
Hum_XLOC_016876,False,,,0,0,0
Hum_XLOC_016877,False,,,0,0,0
Hum_XLOC_016879,False,,,0,0,0
Hum_XLOC_016880,False,,,0,0,0
Hum_XLOC_016881,False,,,0,0,0
Hum_XLOC_016882,False,,,0,0,0
Hum_XLOC_016883,False,,,0,0,0
Hum_XLOC_016884,False,,,0,0,0
Hum_XLOC_016885,False,,,0,0,0
Hum_XLOC_016887,True,0.0,,0,0,0
Hum_XLOC_016889,False,,,0,0,0
Hum_XLOC_016890,False,,,0,0,0
Hum_XLOC_016891,False,,,0,0,0
Hum_XLOC_016892,False,,,0,0,0
Hum_XLOC_016893,False,,,0,0,0
Hum_XLOC_016894,False,,,0,0,0
Hum_XLOC_016895,False,,,0,0,0
Hum_XLOC_016896,False,,,0,0,0
Hum_XLOC_016897,False,,,0,0,0
Hum_XLOC_016899,True,0.0,,0,0,0
Hum_XLOC_016900,False,,,0,0,0
Hum_XLOC_016901,False,,,0,0,0
Hum_XLOC_016903,False,,,0,0,0
Hum_XLOC_016904,False,,,0,0,0
Hum_XLOC_016905,False,,,0,0,0
Hum_XLOC_016907,False,,,0,0,0
Hum_XLOC_016908,False,,,0,0,0
Hum_XLOC_016909,False,,,0,0,0
Hum_XLOC_016913,False,,,0,0,0
Hum_XLOC_016914,False,,,0,0,0
Hum_XLOC_016917,False,,,0,0,0
Hum_XLOC_016919,False,,,0,0,0
Hum_XLOC_016920,False,,,0,0,0
Hum_XLOC_016921,True,0.0,,0,0,0
Hum_XLOC_016922,False,,,0,0,0
Hum_XLOC_016923,False,,,0,0,0
Hum_XLOC_016924,False,,,0,0,0
Hum_XLOC_016926,False,,,0,0,0
Hum_XLOC_016927,False,,,0,0,0
Hum_XLOC_016928,True,0.0,,0,0,0
Hum_XLOC_016929,False,,,0,0,0
Hum_XLOC_016930,True,0.0,,0,0,0
Hum_XLOC_016931,True,0.0,,0,0,0
Hum_XLOC_016934,False,,,0,0,0
Hum_XLOC_016935,False,,,0,0,0
Hum_XLOC_016936,False,,,0,0,0
Hum_XLOC_016938,True,0.0,,0,0,0
Hum_XLOC_016939,False,,,0,0,0
Hum_XLOC_016940,True,0.0,,0,0,0
Hum_XLOC_016941,False,,,0,0,0
Hum_XLOC_016942,False,,,0,0,0
Hum_XLOC_016943,False,,,0,0,0
Hum_XLOC_016945,False,,,0,0,0
Hum_XLOC_016946,False,,,0,0,0
Hum_XLOC_016947,False,,,0,0,0
Hum_XLOC_016948,False,,,0,0,0
Hum_XLOC_016952,False,,,0,0,0
Hum_XLOC_016953,True,0.0,,0,0,0
Hum_XLOC_016955,False,,,0,0,0
Hum_XLOC_016960,False,,,0,0,0
Hum_XLOC_016961,False,,,0,0,0
Hum_XLOC_016962,False,,,0,0,0
Hum_XLOC_016963,False,,,0,0,0
Hum_XLOC_016964,False,,,0,0,0
Hum_XLOC_016965,False,,,0,0,0
Hum_XLOC_016966,False,,,0,0,0
Hum_XLOC_016969,False,,,0,0,0
Hum_XLOC_016970,False,,,0,0,0
Hum_XLOC_016971,False,,,0,0,0
Hum_XLOC_016972,False,,,0,0,0
Hum_XLOC_016973,False,,,0,0,0
Hum_XLOC_016974,False,,,0,0,0
Hum_XLOC_016975,False,,,0,0,0
Hum_XLOC_016976,False,,,0,0,0
Hum_XLOC_016978,False,,,0,0,0
Hum_XLOC_016979,False,,,0,0,0
Hum_XLOC_016980,False,,,0,0,0
Hum_XLOC_016981,True,0.0,,0,0,0
Hum_XLOC_016984,False,,,0,0,0
Hum_XLOC_016992,False,,,0,0,0
Hum_XLOC_016994,True,0.0,,0,0,0
Hum_XLOC_016995,False,,,0,0,0
Hum_XLOC_016996,False,,,0,0,0
Hum_XLOC_016997,False,,,0,0,0
Hum_XLOC_016998,True,0.0,,0,0,0
Hum_XLOC_016999,False,,,0,0,0
Hum_XLOC_017000,False,,,0,0,0
Hum_XLOC_017002,False,,,0,0,0
Hum_XLOC_017003,False,,,0,0,0
Hum_XLOC_017005,False,,,0,0,0
Hum_XLOC_017006,True,0.0,,0,0,0
Hum_XLOC_017007,False,,,0,0,0
Hum_XLOC_017008,False,,,0,0,0
Hum_XLOC_017009,False,,,0,0,0
Hum_XLOC_017010,False,,,0,0,0
Hum_XLOC_017011,False,,,0,0,0
Hum_XLOC_017014,False,,,0,0,0
Hum_XLOC_017015,True,0.0,,0,0,0
Hum_XLOC_017016,True,0.0,,0,0,0
Hum_XLOC_017017,True,0.0,,0,0,0
Hum_XLOC_017018,False,,,0,0,0
Hum_XLOC_017019,True,0.0,,0,0,0
Hum_XLOC_017020,False,,,0,0,0
Hum_XLOC_017021,False,,,0,0,0
Hum_XLOC_017022,False,,,0,0,0
Hum_XLOC_017023,False,,,0,0,0
Hum_XLOC_017024,False,,,0,0,0
Hum_XLOC_017028,False,,,0,0,0
Hum_XLOC_017029,False,,,0,0,0
Hum_XLOC_017031,False,,,0,0,0
Hum_XLOC_017032,False,,,0,0,0
Hum_XLOC_017037,False,,,0,0,0
Hum_XLOC_017038,False,,,0,0,0
Hum_XLOC_017039,False,,,0,0,0
Hum_XLOC_017041,False,,,0,0,0
Hum_XLOC_017042,False,,,0,0,0
Hum_XLOC_017043,False,,,0,0,0
Hum_XLOC_017045,False,,,0,0,0
Hum_XLOC_017046,False,,,0,0,0
Hum_XLOC_017047,False,,,0,0,0
Hum_XLOC_017048,False,,,0,0,0
Hum_XLOC_017050,False,,,0,0,0
Hum_XLOC_017053,False,,,0,0,0
Hum_XLOC_017055,True,0.0,,0,0,0
Hum_XLOC_017061,False,,,0,0,0
Hum_XLOC_017062,False,,,0,0,0
Hum_XLOC_017063,False,,,0,0,0
Hum_XLOC_017065,False,,,0,0,0
Hum_XLOC_017068,False,,,0,0,0
Hum_XLOC_017069,False,,,0,0,0
Hum_XLOC_017070,True,0.0,,0,0,0
Hum_XLOC_017071,False,,,0,0,0
Hum_XLOC_017072,False,,,0,0,0
Hum_XLOC_017074,False,,,0,0,0
Hum_XLOC_017076,False,,,0,0,0
Hum_XLOC_017077,True,0.0,,0,0,0
Hum_XLOC_017079,False,,,0,0,0
Hum_XLOC_017080,False,,,0,0,0
Hum_XLOC_017081,True,0.0,,0,0,0
Hum_XLOC_017085,False,,,0,0,0
Hum_XLOC_017086,False,,,0,0,0
Hum_XLOC_017088,False,,,0,0,0
Hum_XLOC_017090,False,,,0,0,0
Hum_XLOC_017100,False,,,0,0,0
Hum_XLOC_017102,False,,,0,0,0
Hum_XLOC_017107,False,,,0,0,0
Hum_XLOC_017108,True,0.0,,0,0,0
Hum_XLOC_017112,False,,,0,0,0
Hum_XLOC_017113,False,,,0,0,0
Hum_XLOC_017114,False,,,0,0,0
Hum_XLOC_017115,False,,,0,0,0
Hum_XLOC_017116,False,,,0,0,0
Hum_XLOC_017117,False,,,0,0,0
Hum_XLOC_017118,True,0.0,,0,0,0
Hum_XLOC_017120,False,,,0,0,0
Hum_XLOC_017121,False,,,0,0,0
Hum_XLOC_017122,False,,,0,0,0
Hum_XLOC_017123,False,,,0,0,0
Hum_XLOC_017124,False,,,0,0,0
Hum_XLOC_017125,False,,,0,0,0
Hum_XLOC_017126,False,,,0,0,0
Hum_XLOC_017127,True,0.0,,0,0,0
Hum_XLOC_017128,False,,,0,0,0
Hum_XLOC_017129,False,,,0,0,0
Hum_XLOC_017130,False,,,0,0,0
Hum_XLOC_017132,False,,,0,0,0
Hum_XLOC_017133,False,,,0,0,0
Hum_XLOC_017134,False,,,0,0,0
Hum_XLOC_017135,False,,,0,0,0
Hum_XLOC_017136,False,,,0,0,0
Hum_XLOC_017137,False,,,0,0,0
Hum_XLOC_017138,False,,,0,0,0
Hum_XLOC_017139,False,,,0,0,0
Hum_XLOC_017140,True,0.0,,0,0,0
Hum_XLOC_017142,False,,,0,0,0
Hum_XLOC_017143,True,0.0,,0,0,0
Hum_XLOC_017144,True,0.0,,0,0,0
Hum_XLOC_017147,False,,,0,0,0
Hum_XLOC_017149,False,,,0,0,0
Hum_XLOC_017151,False,,,0,0,0
Hum_XLOC_017152,False,,,0,0,0
Hum_XLOC_017153,False,,,0,0,0
Hum_XLOC_017156,False,,,0,0,0
Hum_XLOC_017157,False,,,0,0,0
Hum_XLOC_017159,True,0.0,,0,0,0
Hum_XLOC_017160,False,,,0,0,0
Hum_XLOC_017161,True,0.0,,0,0,0
Hum_XLOC_017162,True,0.0,,0,0,0
Hum_XLOC_017163,False,,,0,0,0
Hum_XLOC_017166,True,0.0,,0,0,0
Hum_XLOC_017170,True,0.0,,0,0,0
Hum_XLOC_017171,False,,,0,0,0
Hum_XLOC_017176,False,,,0,0,0
Hum_XLOC_017179,False,,,0,0,0
Hum_XLOC_017180,False,,,0,0,0
Hum_XLOC_017181,False,,,0,0,0
Hum_XLOC_017186,False,,,0,0,0
Hum_XLOC_017187,False,,,0,0,0
Hum_XLOC_017189,False,,,0,0,0
Hum_XLOC_017190,True,0.0,,0,0,0
Hum_XLOC_017191,False,,,0,0,0
Hum_XLOC_017203,False,,,0,0,0
Hum_XLOC_017205,False,,,0,0,0
Hum_XLOC_017207,False,,,0,0,0
Hum_XLOC_017208,False,,,0,0,0
Hum_XLOC_017225,False,,,0,0,0
Hum_XLOC_017228,False,,,0,0,0
Hum_XLOC_017234,False,,,0,0,0
Hum_XLOC_017236,False,,,0,0,0
Hum_XLOC_017237,True,0.0,,0,0,0
Hum_XLOC_017241,False,,,0,0,0
Hum_XLOC_017243,False,,,0,0,0
Hum_XLOC_017244,False,,,0,0,0
Hum_XLOC_017245,False,,,0,0,0
Hum_XLOC_017246,False,,,0,0,0
Hum_XLOC_017247,False,,,0,0,0
Hum_XLOC_017249,True,0.0,,0,0,0
Hum_XLOC_017250,True,0.0,,0,0,0
Hum_XLOC_017252,False,,,0,0,0
Hum_XLOC_017253,False,,,0,0,0
Hum_XLOC_017254,False,,,0,0,0
Hum_XLOC_017255,True,0.0,,0,0,0
Hum_XLOC_017256,False,,,0,0,0
Hum_XLOC_017257,False,,,0,0,0
Hum_XLOC_017261,False,,,0,0,0
Hum_XLOC_017262,True,0.0,,0,0,0
Hum_XLOC_017263,False,,,0,0,0
Hum_XLOC_017265,False,,,0,0,0
Hum_XLOC_017266,False,,,0,0,0
Hum_XLOC_017267,False,,,0,0,0
Hum_XLOC_017268,False,,,0,0,0
Hum_XLOC_017269,False,,,0,0,0
Hum_XLOC_017271,False,,,0,0,0
Hum_XLOC_017272,False,,,0,0,0
Hum_XLOC_017273,False,,,0,0,0
Hum_XLOC_017274,True,0.0,,0,0,0
Hum_XLOC_017275,False,,,0,0,0
Hum_XLOC_017276,False,,,0,0,0
Hum_XLOC_017277,False,,,0,0,0
Hum_XLOC_017278,False,,,0,0,0
Hum_XLOC_017279,False,,,0,0,0
Hum_XLOC_017281,False,,,0,0,0
Hum_XLOC_017282,False,,,0,0,0
Hum_XLOC_017283,False,,,0,0,0
Hum_XLOC_017284,False,,,0,0,0
Hum_XLOC_017289,False,,,0,0,0
Hum_XLOC_017294,False,,,0,0,0
Hum_XLOC_017295,False,,,0,0,0
Hum_XLOC_017299,False,,,0,0,0
Hum_XLOC_017303,False,,,0,0,0
Hum_XLOC_017304,False,,,0,0,0
Hum_XLOC_017307,False,,,0,0,0
Hum_XLOC_017309,False,,,0,0,0
Hum_XLOC_017310,False,,,0,0,0
Hum_XLOC_017311,False,,,0,0,0
Hum_XLOC_017312,False,,,0,0,0
Hum_XLOC_017313,False,,,0,0,0
Hum_XLOC_017315,False,,,0,0,0
Hum_XLOC_017316,False,,,0,0,0
Hum_XLOC_017317,True,0.0,,0,0,0
Hum_XLOC_017327,True,0.0,,0,0,0
Hum_XLOC_017329,False,,,0,0,0
Hum_XLOC_017330,False,,,0,0,0
Hum_XLOC_017331,False,,,0,0,0
Hum_XLOC_017339,False,,,0,0,0
Hum_XLOC_017341,False,,,0,0,0
Hum_XLOC_017342,False,,,0,0,0
Hum_XLOC_017343,False,,,0,0,0
Hum_XLOC_017345,False,,,0,0,0
Hum_XLOC_017347,False,,,0,0,0
Hum_XLOC_017348,False,,,0,0,0
Hum_XLOC_017349,False,,,0,0,0
Hum_XLOC_017350,False,,,0,0,0
Hum_XLOC_017353,False,,,0,0,0
Hum_XLOC_017363,False,,,0,0,0
Hum_XLOC_017364,True,0.0,,0,0,0
Hum_XLOC_017366,False,,,0,0,0
Hum_XLOC_017368,False,,,0,0,0
Hum_XLOC_017369,False,,,0,0,0
Hum_XLOC_017372,False,,,0,0,0
Hum_XLOC_017373,False,,,0,0,0
Hum_XLOC_017374,False,,,0,0,0
Hum_XLOC_017375,False,,,0,0,0
Hum_XLOC_017376,False,,,0,0,0
Hum_XLOC_017384,False,,,0,0,0
Hum_XLOC_017385,False,,,0,0,0
Hum_XLOC_017386,False,,,0,0,0
Hum_XLOC_017389,True,0.0,,0,0,0
Hum_XLOC_017390,False,,,0,0,0
Hum_XLOC_017392,False,,,0,0,0
Hum_XLOC_017393,False,,,0,0,0
Hum_XLOC_017394,False,,,0,0,0
Hum_XLOC_017395,False,,,0,0,0
Hum_XLOC_017396,True,0.0,,0,0,0
Hum_XLOC_017397,True,0.0,,0,0,0
Hum_XLOC_017398,True,0.0,,0,0,0
Hum_XLOC_017399,True,0.0,,0,0,0
Hum_XLOC_017400,False,,,0,0,0
Hum_XLOC_017404,False,,,0,0,0
Hum_XLOC_017405,False,,,0,0,0
Hum_XLOC_017409,False,,,0,0,0
Hum_XLOC_017415,False,,,0,0,0
Hum_XLOC_017416,False,,,0,0,0
Hum_XLOC_017417,False,,,0,0,0
Hum_XLOC_017418,False,,,0,0,0
Hum_XLOC_017419,True,0.0,,0,0,0
Hum_XLOC_017421,True,0.0,,0,0,0
Hum_XLOC_017424,False,,,0,0,0
Hum_XLOC_017445,True,0.0,,0,0,0
Hum_XLOC_017452,False,,,0,0,0
Hum_XLOC_017453,False,,,0,0,0
Hum_XLOC_017454,False,,,0,0,0
Hum_XLOC_017455,True,0.0,,0,0,0
Hum_XLOC_017456,False,,,0,0,0
Hum_XLOC_017458,False,,,0,0,0
Hum_XLOC_017460,False,,,0,0,0
Hum_XLOC_017461,False,,,0,0,0
Hum_XLOC_017462,False,,,0,0,0
Hum_XLOC_017463,False,,,0,0,0
Hum_XLOC_017464,False,,,0,0,0
Hum_XLOC_017466,False,,,0,0,0
Hum_XLOC_017468,True,0.0,,0,0,0
Hum_XLOC_017470,False,,,0,0,0
Hum_XLOC_017471,True,0.0,,0,0,0
Hum_XLOC_017472,False,,,0,0,0
Hum_XLOC_017473,False,,,0,0,0
Hum_XLOC_017474,False,,,0,0,0
Hum_XLOC_017475,False,,,0,0,0
Hum_XLOC_017476,False,,,0,0,0
Hum_XLOC_017477,False,,,0,0,0
Hum_XLOC_017478,True,0.0,,0,0,0
Hum_XLOC_017479,False,,,0,0,0
Hum_XLOC_017480,False,,,0,0,0
Hum_XLOC_017481,False,,,0,0,0
Hum_XLOC_017482,False,,,0,0,0
Hum_XLOC_017483,False,,,0,0,0
Hum_XLOC_017485,False,,,0,0,0
Hum_XLOC_017486,False,,,0,0,0
Hum_XLOC_017487,True,0.0,,0,0,0
Hum_XLOC_017488,False,,,0,0,0
Hum_XLOC_017489,True,0.0,,0,0,0
Hum_XLOC_017490,False,,,0,0,0
Hum_XLOC_017492,False,,,0,0,0
Hum_XLOC_017496,False,,,0,0,0
Hum_XLOC_017497,False,,,0,0,0
Hum_XLOC_017499,True,0.0,,0,0,0
Hum_XLOC_017500,False,,,0,0,0
Hum_XLOC_017501,False,,,0,0,0
Hum_XLOC_017502,False,,,0,0,0
Hum_XLOC_017503,False,,,0,0,0
Hum_XLOC_017504,False,,,0,0,0
Hum_XLOC_017506,True,0.0,,0,0,0
Hum_XLOC_017514,False,,,0,0,0
Hum_XLOC_017515,True,0.0,,0,0,0
Hum_XLOC_017516,False,,,0,0,0
Hum_XLOC_017517,True,0.0,,0,0,0
Hum_XLOC_017518,False,,,0,0,0
Hum_XLOC_017520,False,,,0,0,0
Hum_XLOC_017521,True,0.0,,0,0,0
Hum_XLOC_017524,False,,,0,0,0
Hum_XLOC_017527,False,,,0,0,0
Hum_XLOC_017528,False,,,0,0,0
Hum_XLOC_017530,False,,,0,0,0
Hum_XLOC_017531,True,0.0,,0,0,0
Hum_XLOC_017532,True,0.0,,0,0,0
Hum_XLOC_017535,False,,,0,0,0
Hum_XLOC_017537,True,0.0,,0,0,0
Hum_XLOC_017538,False,,,0,0,0
Hum_XLOC_017539,False,,,0,0,0
Hum_XLOC_017542,False,,,0,0,0
Hum_XLOC_017546,True,0.0,,0,0,0
Hum_XLOC_017549,False,,,0,0,0
Hum_XLOC_017550,False,,,0,0,0
Hum_XLOC_017552,False,,,0,0,0
Hum_XLOC_017553,False,,,0,0,0
Hum_XLOC_017556,True,0.0,,0,0,0
Hum_XLOC_017557,False,,,0,0,0
Hum_XLOC_017558,False,,,0,0,0
Hum_XLOC_017559,False,,,0,0,0
Hum_XLOC_017561,False,,,0,0,0
Hum_XLOC_017568,False,,,0,0,0
Hum_XLOC_017569,False,,,0,0,0
Hum_XLOC_017570,False,,,0,0,0
Hum_XLOC_017572,False,,,0,0,0
Hum_XLOC_017574,False,,,0,0,0
Hum_XLOC_017576,True,0.0,,0,0,0
Hum_XLOC_017580,False,,,0,0,0
Hum_XLOC_017581,False,,,0,0,0
Hum_XLOC_017582,False,,,0,0,0
Hum_XLOC_017584,False,,,0,0,0
Hum_XLOC_017586,False,,,0,0,0
Hum_XLOC_017588,True,0.0,,0,0,0
Hum_XLOC_017591,True,0.0,,0,0,0
Hum_XLOC_017596,False,,,0,0,0
Hum_XLOC_017597,True,0.0,,0,0,0
Hum_XLOC_017599,False,,,0,0,0
Hum_XLOC_017600,False,,,0,0,0
Hum_XLOC_017603,False,,,0,0,0
Hum_XLOC_017606,False,,,0,0,0
Hum_XLOC_017608,False,,,0,0,0
Hum_XLOC_017609,False,,,0,0,0
Hum_XLOC_017610,False,,,0,0,0
Hum_XLOC_017611,False,,,0,0,0
Hum_XLOC_017612,False,,,0,0,0
Hum_XLOC_017613,False,,,0,0,0
Hum_XLOC_017614,False,,,0,0,0
Hum_XLOC_017615,False,,,0,0,0
Hum_XLOC_017616,False,,,0,0,0
Hum_XLOC_017620,False,,,0,0,0
Hum_XLOC_017622,False,,,0,0,0
Hum_XLOC_017623,False,,,0,0,0
Hum_XLOC_017624,True,0.0,,0,0,0
Hum_XLOC_017626,False,,,0,0,0
Hum_XLOC_017627,False,,,0,0,0
Hum_XLOC_017628,True,0.0,,0,0,0
Hum_XLOC_017631,False,,,0,0,0
Hum_XLOC_017632,False,,,0,0,0
Hum_XLOC_017633,False,,,0,0,0
Hum_XLOC_017637,False,,,0,0,0
Hum_XLOC_017638,False,,,0,0,0
Hum_XLOC_017639,False,,,0,0,0
Hum_XLOC_017640,False,,,0,0,0
Hum_XLOC_017641,False,,,0,0,0
Hum_XLOC_017642,False,,,0,0,0
Hum_XLOC_017643,True,0.0,,0,0,0
Hum_XLOC_017647,False,,,0,0,0
Hum_XLOC_017648,False,,,0,0,0
Hum_XLOC_017649,False,,,0,0,0
Hum_XLOC_017651,False,,,0,0,0
Hum_XLOC_017652,False,,,0,0,0
Hum_XLOC_017657,True,0.0,,0,0,0
Hum_XLOC_017664,False,,,0,0,0
Hum_XLOC_017665,True,0.0,,0,0,0
Hum_XLOC_017666,True,0.0,,0,0,0
Hum_XLOC_017669,False,,,0,0,0
Hum_XLOC_017670,False,,,0,0,0
Hum_XLOC_017671,False,,,0,0,0
Hum_XLOC_017672,False,,,0,0,0
Hum_XLOC_017673,False,,,0,0,0
Hum_XLOC_017675,False,,,0,0,0
Hum_XLOC_017677,False,,,0,0,0
Hum_XLOC_017679,True,0.0,,0,0,0
Hum_XLOC_017680,True,0.0,,0,0,0
Hum_XLOC_017684,True,0.0,,0,0,0
Hum_XLOC_017685,False,,,0,0,0
Hum_XLOC_017686,False,,,0,0,0
Hum_XLOC_017687,False,,,0,0,0
Hum_XLOC_017690,False,,,0,0,0
Hum_XLOC_017691,False,,,0,0,0
Hum_XLOC_017692,True,0.0,,0,0,0
Hum_XLOC_017693,True,0.0,,0,0,0
Hum_XLOC_017694,True,0.0,,0,0,0
Hum_XLOC_017695,False,,,0,0,0
Hum_XLOC_017696,False,,,0,0,0
Hum_XLOC_017697,True,0.0,,0,0,0
Hum_XLOC_017699,False,,,0,0,0
Hum_XLOC_017700,True,0.0,,0,0,0
Hum_XLOC_017701,False,,,0,0,0
Hum_XLOC_017702,False,,,0,0,0
Hum_XLOC_017703,True,0.0,,0,0,0
Hum_XLOC_017704,False,,,0,0,0
Hum_XLOC_017705,False,,,0,0,0
Hum_XLOC_017706,False,,,0,0,0
Hum_XLOC_017707,False,,,0,0,0
Hum_XLOC_017708,False,,,0,0,0
Hum_XLOC_017709,False,,,0,0,0
Hum_XLOC_017710,False,,,0,0,0
Hum_XLOC_017711,False,,,0,0,0
Hum_XLOC_017712,False,,,0,0,0
Hum_XLOC_017713,False,,,0,0,0
Hum_XLOC_017714,False,,,0,0,0
Hum_XLOC_017717,False,,,0,0,0
Hum_XLOC_017718,False,,,0,0,0
Hum_XLOC_017719,False,,,0,0,0
Hum_XLOC_017720,False,,,0,0,0
Hum_XLOC_017723,False,,,0,0,0
Hum_XLOC_017724,True,0.0,,0,0,0
Hum_XLOC_017725,True,0.0,,0,0,0
Hum_XLOC_017727,False,,,0,0,0
Hum_XLOC_017729,False,,,0,0,0
Hum_XLOC_017730,False,,,0,0,0
Hum_XLOC_017732,False,,,0,0,0
Hum_XLOC_017733,False,,,0,0,0
Hum_XLOC_017736,False,,,0,0,0
Hum_XLOC_017737,False,,,0,0,0
Hum_XLOC_017738,False,,,0,0,0
Hum_XLOC_017740,False,,,0,0,0
Hum_XLOC_017743,False,,,0,0,0
Hum_XLOC_017748,False,,,0,0,0
Hum_XLOC_017749,True,0.0,,0,0,0
Hum_XLOC_017750,False,,,0,0,0
Hum_XLOC_017751,False,,,0,0,0
Hum_XLOC_017752,False,,,0,0,0
Hum_XLOC_017753,False,,,0,0,0
Hum_XLOC_017755,False,,,0,0,0
Hum_XLOC_017758,False,,,0,0,0
Hum_XLOC_017759,False,,,0,0,0
Hum_XLOC_017760,False,,,0,0,0
Hum_XLOC_017761,False,,,0,0,0
Hum_XLOC_017763,False,,,0,0,0
Hum_XLOC_017764,True,0.0,,0,0,0
Hum_XLOC_017765,False,,,0,0,0
Hum_XLOC_017766,False,,,0,0,0
Hum_XLOC_017767,True,0.0,,0,0,0
Hum_XLOC_017768,False,,,0,0,0
Hum_XLOC_017769,False,,,0,0,0
Hum_XLOC_017770,True,0.0,,0,0,0
Hum_XLOC_017771,True,0.0,,0,0,0
Hum_XLOC_017772,True,0.0,,0,0,0
Hum_XLOC_017773,False,,,0,0,0
Hum_XLOC_017776,False,,,0,0,0
Hum_XLOC_017777,False,,,0,0,0
Hum_XLOC_017778,False,,,0,0,0
Hum_XLOC_017780,False,,,0,0,0
Hum_XLOC_017781,False,,,0,0,0
Hum_XLOC_017782,False,,,0,0,0
Hum_XLOC_017783,False,,,0,0,0
Hum_XLOC_017784,False,,,0,0,0
Hum_XLOC_017785,False,,,0,0,0
Hum_XLOC_017786,False,,,0,0,0
Hum_XLOC_017787,False,,,0,0,0
Hum_XLOC_017788,False,,,0,0,0
Hum_XLOC_017789,False,,,0,0,0
Hum_XLOC_017790,False,,,0,0,0
Hum_XLOC_017791,False,,,0,0,0
Hum_XLOC_017792,True,0.0,,0,0,0
Hum_XLOC_017793,False,,,0,0,0
Hum_XLOC_017794,False,,,0,0,0
Hum_XLOC_017795,False,,,0,0,0
Hum_XLOC_017796,False,,,0,0,0
Hum_XLOC_017797,False,,,0,0,0
Hum_XLOC_017798,False,,,0,0,0
Hum_XLOC_017799,True,0.0,,0,0,0
Hum_XLOC_017800,False,,,0,0,0
Hum_XLOC_017801,False,,,0,0,0
Hum_XLOC_017803,False,,,0,0,0
Hum_XLOC_017804,False,,,0,0,0
Hum_XLOC_017806,True,0.0,,0,0,0
Hum_XLOC_017807,False,,,0,0,0
Hum_XLOC_017808,False,,,0,0,0
Hum_XLOC_017809,False,,,0,0,0
Hum_XLOC_017810,False,,,0,0,0
Hum_XLOC_017811,False,,,0,0,0
Hum_XLOC_017812,False,,,0,0,0
Hum_XLOC_017813,True,0.0,,0,0,0
Hum_XLOC_017814,False,,,0,0,0
Hum_XLOC_017815,False,,,0,0,0
Hum_XLOC_017816,True,0.0,,0,0,0
Hum_XLOC_017817,False,,,0,0,0
Hum_XLOC_017818,False,,,0,0,0
Hum_XLOC_017819,False,,,0,0,0
Hum_XLOC_017820,True,0.0,,0,0,0
Hum_XLOC_017823,False,,,0,0,0
Hum_XLOC_017824,True,0.0,,0,0,0
Hum_XLOC_017825,True,0.0,,0,0,0
Hum_XLOC_017826,False,,,0,0,0
Hum_XLOC_017827,False,,,0,0,0
Hum_XLOC_017828,False,,,0,0,0
Hum_XLOC_017832,False,,,0,0,0
Hum_XLOC_017833,True,0.0,,0,0,0
Hum_XLOC_017834,False,,,0,0,0
Hum_XLOC_017835,False,,,0,0,0
Hum_XLOC_017836,False,,,0,0,0
Hum_XLOC_017837,False,,,0,0,0
Hum_XLOC_017841,False,,,0,0,0
Hum_XLOC_017842,False,,,0,0,0
Hum_XLOC_017843,False,,,0,0,0
Hum_XLOC_017845,False,,,0,0,0
Hum_XLOC_017846,False,,,0,0,0
Hum_XLOC_017847,False,,,0,0,0
Hum_XLOC_017848,False,,,0,0,0
Hum_XLOC_017850,False,,,0,0,0
Hum_XLOC_017852,False,,,0,0,0
Hum_XLOC_017857,False,,,0,0,0
Hum_XLOC_017858,False,,,0,0,0
Hum_XLOC_017859,False,,,0,0,0
Hum_XLOC_017860,False,,,0,0,0
Hum_XLOC_017862,True,0.0,,0,0,0
Hum_XLOC_017863,False,,,0,0,0
Hum_XLOC_017865,False,,,0,0,0
Hum_XLOC_017870,False,,,0,0,0
Hum_XLOC_017871,False,,,0,0,0
Hum_XLOC_017876,False,,,0,0,0
Hum_XLOC_017877,False,,,0,0,0
Hum_XLOC_017879,True,0.0,,0,0,0
Hum_XLOC_017880,False,,,0,0,0
Hum_XLOC_017883,False,,,0,0,0
Hum_XLOC_017889,False,,,0,0,0
Hum_XLOC_017896,False,,,0,0,0
Hum_XLOC_017902,False,,,0,0,0
Hum_XLOC_017904,True,0.0,,0,0,0
Hum_XLOC_017911,False,,,0,0,0
Hum_XLOC_017912,False,,,0,0,0
Hum_XLOC_017914,False,,,0,0,0
Hum_XLOC_017916,False,,,0,0,0
Hum_XLOC_017917,False,,,0,0,0
Hum_XLOC_017918,False,,,0,0,0
Hum_XLOC_017919,True,0.0,,0,0,0
Hum_XLOC_017920,True,0.0,,0,0,0
Hum_XLOC_017923,False,,,0,0,0
Hum_XLOC_017925,False,,,0,0,0
Hum_XLOC_017929,False,,,0,0,0
Hum_XLOC_017936,False,,,0,0,0
Hum_XLOC_017937,True,0.0,,0,0,0
Hum_XLOC_017939,False,,,0,0,0
Hum_XLOC_017941,True,0.0,,0,0,0
Hum_XLOC_017948,True,0.0,,0,0,0
Hum_XLOC_017949,False,,,0,0,0
Hum_XLOC_017950,False,,,0,0,0
Hum_XLOC_017956,True,0.0,,0,0,0
Hum_XLOC_017957,False,,,0,0,0
Hum_XLOC_017958,True,0.0,,0,0,0
Hum_XLOC_017959,False,,,0,0,0
Hum_XLOC_017964,False,,,0,0,0
Hum_XLOC_017978,False,,,0,0,0
Hum_XLOC_017979,False,,,0,0,0
Hum_XLOC_017984,True,0.0,,0,0,0
Hum_XLOC_017987,False,,,0,0,0
Hum_XLOC_017990,True,0.0,,0,0,0
Hum_XLOC_017996,False,,,0,0,0
Hum_XLOC_018005,True,0.0,,0,0,0
Hum_XLOC_018006,False,,,0,0,0
Hum_XLOC_018008,False,,,0,0,0
Hum_XLOC_018009,False,,,0,0,0
Hum_XLOC_018010,False,,,0,0,0
Hum_XLOC_018011,True,0.0,,0,0,0
Hum_XLOC_018012,False,,,0,0,0
Hum_XLOC_018015,False,,,0,0,0
Hum_XLOC_018017,False,,,0,0,0
Hum_XLOC_018022,False,,,0,0,0
Hum_XLOC_018023,False,,,0,0,0
Hum_XLOC_018025,False,,,0,0,0
Hum_XLOC_018026,False,,,0,0,0
Hum_XLOC_018028,False,,,0,0,0
Hum_XLOC_018031,False,,,0,0,0
Hum_XLOC_018032,False,,,0,0,0
Hum_XLOC_018033,False,,,0,0,0
Hum_XLOC_018034,False,,,0,0,0
Hum_XLOC_018035,False,,,0,0,0
Hum_XLOC_018037,False,,,0,0,0
Hum_XLOC_018038,False,,,0,0,0
Hum_XLOC_018046,False,,,0,0,0
Hum_XLOC_018047,False,,,0,0,0
Hum_XLOC_018048,False,,,0,0,0
Hum_XLOC_018049,False,,,0,0,0
Hum_XLOC_018050,False,,,0,0,0
Hum_XLOC_018051,True,0.0,,0,0,0
Hum_XLOC_018052,False,,,0,0,0
Hum_XLOC_018054,False,,,0,0,0
Hum_XLOC_018060,False,,,0,0,0
Hum_XLOC_018061,False,,,0,0,0
Hum_XLOC_018062,False,,,0,0,0
Hum_XLOC_018063,False,,,0,0,0
Hum_XLOC_018065,False,,,0,0,0
Hum_XLOC_018066,False,,,0,0,0
Hum_XLOC_018067,False,,,0,0,0
Hum_XLOC_018068,False,,,0,0,0
Hum_XLOC_018069,False,,,0,0,0
Hum_XLOC_018070,True,0.0,,0,0,0
Hum_XLOC_018071,False,,,0,0,0
Hum_XLOC_018072,False,,,0,0,0
Hum_XLOC_018073,False,,,0,0,0
Hum_XLOC_018074,False,,,0,0,0
Hum_XLOC_018076,True,0.0,,0,0,0
Hum_XLOC_018079,False,,,0,0,0
Hum_XLOC_018081,False,,,0,0,0
Hum_XLOC_018082,False,,,0,0,0
Hum_XLOC_018088,False,,,0,0,0
Hum_XLOC_018089,False,,,0,0,0
Hum_XLOC_018090,False,,,0,0,0
Hum_XLOC_018091,False,,,0,0,0
Hum_XLOC_018092,False,,,0,0,0
Hum_XLOC_018094,False,,,0,0,0
Hum_XLOC_018100,False,,,0,0,0
Hum_XLOC_018101,False,,,0,0,0
Hum_XLOC_018104,False,,,0,0,0
Hum_XLOC_018105,False,,,0,0,0
Hum_XLOC_018106,False,,,0,0,0
Hum_XLOC_018108,False,,,0,0,0
Hum_XLOC_018109,False,,,0,0,0
Hum_XLOC_018111,True,0.0,,0,0,0
Hum_XLOC_018112,False,,,0,0,0
Hum_XLOC_018113,False,,,0,0,0
Hum_XLOC_018114,True,0.0,,0,0,0
Hum_XLOC_018119,False,,,0,0,0
Hum_XLOC_018121,False,,,0,0,0
Hum_XLOC_018122,False,,,0,0,0
Hum_XLOC_018129,False,,,0,0,0
Hum_XLOC_018130,False,,,0,0,0
Hum_XLOC_018131,False,,,0,0,0
Hum_XLOC_018133,False,,,0,0,0
Hum_XLOC_018134,False,,,0,0,0
Hum_XLOC_018139,False,,,0,0,0
Hum_XLOC_018140,True,0.0,,0,0,0
Hum_XLOC_018141,False,,,0,0,0
Hum_XLOC_018142,False,,,0,0,0
Hum_XLOC_018143,False,,,0,0,0
Hum_XLOC_018144,False,,,0,0,0
Hum_XLOC_018145,False,,,0,0,0
Hum_XLOC_018146,False,,,0,0,0
Hum_XLOC_018148,False,,,0,0,0
Hum_XLOC_018149,False,,,0,0,0
Hum_XLOC_018150,False,,,0,0,0
Hum_XLOC_018151,False,,,0,0,0
Hum_XLOC_018152,False,,,0,0,0
Hum_XLOC_018156,False,,,0,0,0
Hum_XLOC_018161,True,0.0,,0,0,0
Hum_XLOC_018165,False,,,0,0,0
Hum_XLOC_018166,True,0.0,,0,0,0
Hum_XLOC_018167,False,,,0,0,0
Hum_XLOC_018168,False,,,0,0,0
Hum_XLOC_018169,False,,,0,0,0
Hum_XLOC_018170,False,,,0,0,0
Hum_XLOC_018173,False,,,0,0,0
Hum_XLOC_018176,False,,,0,0,0
Hum_XLOC_018178,False,,,0,0,0
Hum_XLOC_018179,True,0.0,,0,0,0
Hum_XLOC_018182,False,,,0,0,0
Hum_XLOC_018185,False,,,0,0,0
Hum_XLOC_018187,False,,,0,0,0
Hum_XLOC_018202,False,,,0,0,0
Hum_XLOC_018205,True,0.0,,0,0,0
Hum_XLOC_018207,True,0.0,,0,0,0
Hum_XLOC_018209,False,,,0,0,0
Hum_XLOC_018210,False,,,0,0,0
Hum_XLOC_018211,True,0.0,,0,0,0
Hum_XLOC_018215,False,,,0,0,0
Hum_XLOC_018221,False,,,0,0,0
Hum_XLOC_018222,True,0.0,,0,0,0
Hum_XLOC_018223,True,0.0,,0,0,0
Hum_XLOC_018227,True,0.0,,0,0,0
Hum_XLOC_018228,False,,,0,0,0
Hum_XLOC_018229,False,,,0,0,0
Hum_XLOC_018230,False,,,0,0,0
Hum_XLOC_018233,True,0.0,,0,0,0
Hum_XLOC_018234,False,,,0,0,0
Hum_XLOC_018235,False,,,0,0,0
Hum_XLOC_018236,False,,,0,0,0
Hum_XLOC_018237,False,,,0,0,0
Hum_XLOC_018238,False,,,0,0,0
Hum_XLOC_018239,False,,,0,0,0
Hum_XLOC_018240,False,,,0,0,0
Hum_XLOC_018247,False,,,0,0,0
Hum_XLOC_018248,False,,,0,0,0
Hum_XLOC_018249,True,0.0,,0,0,0
Hum_XLOC_018250,False,,,0,0,0
Hum_XLOC_018251,False,,,0,0,0
Hum_XLOC_018253,False,,,0,0,0
Hum_XLOC_018256,False,,,0,0,0
Hum_XLOC_018258,False,,,0,0,0
Hum_XLOC_018259,False,,,0,0,0
Hum_XLOC_018260,False,,,0,0,0
Hum_XLOC_018261,False,,,0,0,0
Hum_XLOC_018265,False,,,0,0,0
Hum_XLOC_018271,False,,,0,0,0
Hum_XLOC_018275,False,,,0,0,0
Hum_XLOC_018276,False,,,0,0,0
Hum_XLOC_018280,False,,,0,0,0
Hum_XLOC_018284,True,0.0,,0,0,0
Hum_XLOC_018293,True,0.0,,0,0,0
Hum_XLOC_018294,True,0.0,,0,0,0
Hum_XLOC_018298,True,0.0,,0,0,0
Hum_XLOC_018304,True,0.0,,0,0,0
Hum_XLOC_018308,False,,,0,0,0
Hum_XLOC_018310,False,,,0,0,0
Hum_XLOC_018311,True,0.0,,0,0,0
Hum_XLOC_018316,True,0.0,,0,0,0
Hum_XLOC_018320,False,,,0,0,0
Hum_XLOC_018328,False,,,0,0,0
Hum_XLOC_018332,False,,,0,0,0
Hum_XLOC_018340,False,,,0,0,0
Hum_XLOC_018341,False,,,0,0,0
Hum_XLOC_018342,False,,,0,0,0
Hum_XLOC_018346,False,,,0,0,0
Hum_XLOC_018347,False,,,0,0,0
Hum_XLOC_018348,False,,,0,0,0
Hum_XLOC_018351,False,,,0,0,0
Hum_XLOC_018352,False,,,0,0,0
Hum_XLOC_018353,False,,,0,0,0
Hum_XLOC_018355,False,,,0,0,0
Hum_XLOC_018356,False,,,0,0,0
Hum_XLOC_018357,False,,,0,0,0
Hum_XLOC_018358,False,,,0,0,0
Hum_XLOC_018359,False,,,0,0,0
Hum_XLOC_018361,False,,,0,0,0
Hum_XLOC_018363,False,,,0,0,0
Hum_XLOC_018364,False,,,0,0,0
Hum_XLOC_018365,False,,,0,0,0
Hum_XLOC_018366,False,,,0,0,0
Hum_XLOC_018369,False,,,0,0,0
Hum_XLOC_018370,False,,,0,0,0
Hum_XLOC_018371,True,0.0,,0,0,0
Hum_XLOC_018374,False,,,0,0,0
Hum_XLOC_018377,False,,,0,0,0
Hum_XLOC_018378,True,0.0,,0,0,0
Hum_XLOC_018379,True,0.0,,0,0,0
Hum_XLOC_018380,False,,,0,0,0
Hum_XLOC_018381,False,,,0,0,0
Hum_XLOC_018382,False,,,0,0,0
Hum_XLOC_018383,False,,,0,0,0
Hum_XLOC_018384,False,,,0,0,0
Hum_XLOC_018385,False,,,0,0,0
Hum_XLOC_018386,False,,,0,0,0
Hum_XLOC_018387,False,,,0,0,0
Hum_XLOC_018388,False,,,0,0,0
Hum_XLOC_018389,False,,,0,0,0
Hum_XLOC_018390,False,,,0,0,0
Hum_XLOC_018391,False,,,0,0,0
Hum_XLOC_018392,False,,,0,0,0
Hum_XLOC_018393,True,0.0,,0,0,0
Hum_XLOC_018395,False,,,0,0,0
Hum_XLOC_018397,False,,,0,0,0
Hum_XLOC_018398,False,,,0,0,0
Hum_XLOC_018399,False,,,0,0,0
Hum_XLOC_018400,False,,,0,0,0
Hum_XLOC_018401,False,,,0,0,0
Hum_XLOC_018402,False,,,0,0,0
Hum_XLOC_018403,False,,,0,0,0
Hum_XLOC_018405,False,,,0,0,0
Hum_XLOC_018406,False,,,0,0,0
Hum_XLOC_018407,False,,,0,0,0
Hum_XLOC_018408,False,,,0,0,0
Hum_XLOC_018410,False,,,0,0,0
Hum_XLOC_018411,False,,,0,0,0
Hum_XLOC_018412,False,,,0,0,0
Hum_XLOC_018413,False,,,0,0,0
Hum_XLOC_018414,False,,,0,0,0
Hum_XLOC_018415,False,,,0,0,0
Hum_XLOC_018416,True,0.0,,0,0,0
Hum_XLOC_018417,True,0.0,,0,0,0
Hum_XLOC_018418,True,0.0,,0,0,0
Hum_XLOC_018419,False,,,0,0,0
Hum_XLOC_018420,False,,,0,0,0
Hum_XLOC_018421,False,,,0,0,0
Hum_XLOC_018422,True,0.0,,0,0,0
Hum_XLOC_018423,False,,,0,0,0
Hum_XLOC_018424,True,0.0,,0,0,0
Hum_XLOC_018426,False,,,0,0,0
Hum_XLOC_018427,False,,,0,0,0
Hum_XLOC_018433,False,,,0,0,0
Hum_XLOC_018435,False,,,0,0,0
Hum_XLOC_018438,False,,,0,0,0
Hum_XLOC_018439,False,,,0,0,0
Hum_XLOC_018440,False,,,0,0,0
Hum_XLOC_018441,True,0.0,,0,0,0
Hum_XLOC_018442,False,,,0,0,0
Hum_XLOC_018443,True,0.0,,0,0,0
Hum_XLOC_018444,True,0.0,,0,0,0
Hum_XLOC_018445,True,0.0,,0,0,0
Hum_XLOC_018446,False,,,0,0,0
Hum_XLOC_018447,False,,,0,0,0
Hum_XLOC_018448,False,,,0,0,0
Hum_XLOC_018450,False,,,0,0,0
Hum_XLOC_018452,False,,,0,0,0
Hum_XLOC_018453,True,0.0,,0,0,0
Hum_XLOC_018454,True,0.0,,0,0,0
Hum_XLOC_018455,False,,,0,0,0
Hum_XLOC_018456,True,0.0,,0,0,0
Hum_XLOC_018457,False,,,0,0,0
Hum_XLOC_018458,False,,,0,0,0
Hum_XLOC_018459,False,,,0,0,0
Hum_XLOC_018460,True,0.0,,0,0,0
Hum_XLOC_018461,False,,,0,0,0
Hum_XLOC_018462,False,,,0,0,0
Hum_XLOC_018463,False,,,0,0,0
Hum_XLOC_018465,True,0.0,,0,0,0
Hum_XLOC_018468,False,,,0,0,0
Hum_XLOC_018469,False,,,0,0,0
Hum_XLOC_018470,False,,,0,0,0
Hum_XLOC_018473,False,,,0,0,0
Hum_XLOC_018474,False,,,0,0,0
Hum_XLOC_018475,False,,,0,0,0
Hum_XLOC_018476,False,,,0,0,0
Hum_XLOC_018477,False,,,0,0,0
Hum_XLOC_018478,False,,,0,0,0
Hum_XLOC_018479,False,,,0,0,0
Hum_XLOC_018487,False,,,0,0,0
Hum_XLOC_018488,True,0.0,,0,0,0
Hum_XLOC_018489,False,,,0,0,0
Hum_XLOC_018492,False,,,0,0,0
Hum_XLOC_018497,True,0.0,,0,0,0
Hum_XLOC_018500,False,,,0,0,0
Hum_XLOC_018502,False,,,0,0,0
Hum_XLOC_018505,False,,,0,0,0
Hum_XLOC_018520,False,,,0,0,0
Hum_XLOC_018525,True,0.0,,0,0,0
Hum_XLOC_018530,True,0.0,,0,0,0
Hum_XLOC_018532,False,,,0,0,0
Hum_XLOC_018538,False,,,0,0,0
Hum_XLOC_018539,False,,,0,0,0
Hum_XLOC_018540,False,,,0,0,0
Hum_XLOC_018541,False,,,0,0,0
Hum_XLOC_018542,False,,,0,0,0
Hum_XLOC_018543,True,0.0,,0,0,0
Hum_XLOC_018544,False,,,0,0,0
Hum_XLOC_018545,False,,,0,0,0
Hum_XLOC_018546,False,,,0,0,0
Hum_XLOC_018547,False,,,0,0,0
Hum_XLOC_018548,False,,,0,0,0
Hum_XLOC_018549,False,,,0,0,0
Hum_XLOC_018550,False,,,0,0,0
Hum_XLOC_018551,False,,,0,0,0
Hum_XLOC_018552,False,,,0,0,0
Hum_XLOC_018553,False,,,0,0,0
Hum_XLOC_018554,False,,,0,0,0
Hum_XLOC_018555,False,,,0,0,0
Hum_XLOC_018556,False,,,0,0,0
Hum_XLOC_018557,False,,,0,0,0
Hum_XLOC_018558,False,,,0,0,0
Hum_XLOC_018559,False,,,0,0,0
Hum_XLOC_018560,False,,,0,0,0
Hum_XLOC_018561,False,,,0,0,0
Hum_XLOC_018562,True,0.0,,0,0,0
Hum_XLOC_018563,False,,,0,0,0
Hum_XLOC_018564,False,,,0,0,0
Hum_XLOC_018565,False,,,0,0,0
Hum_XLOC_018566,False,,,0,0,0
Hum_XLOC_018568,False,,,0,0,0
Hum_XLOC_018569,False,,,0,0,0
Hum_XLOC_018570,False,,,0,0,0
Hum_XLOC_018571,False,,,0,0,0
Hum_XLOC_018572,False,,,0,0,0
Hum_XLOC_018573,False,,,0,0,0
Hum_XLOC_018574,False,,,0,0,0
Hum_XLOC_018575,False,,,0,0,0
Hum_XLOC_018577,True,0.0,,0,0,0
Hum_XLOC_018579,False,,,0,0,0
Hum_XLOC_018582,False,,,0,0,0
Hum_XLOC_018583,True,0.0,,0,0,0
Hum_XLOC_018584,False,,,0,0,0
Hum_XLOC_018585,False,,,0,0,0
Hum_XLOC_018588,False,,,0,0,0
Hum_XLOC_018589,False,,,0,0,0
Hum_XLOC_018595,False,,,0,0,0
Hum_XLOC_018602,False,,,0,0,0
Hum_XLOC_018604,False,,,0,0,0
Hum_XLOC_018605,True,0.0,,0,0,0
Hum_XLOC_018622,False,,,0,0,0
Hum_XLOC_018626,False,,,0,0,0
Hum_XLOC_018627,True,0.0,,0,0,0
Hum_XLOC_018629,False,,,0,0,0
Hum_XLOC_018639,False,,,0,0,0
Hum_XLOC_018641,True,0.0,,0,0,0
Hum_XLOC_018642,True,0.0,,0,0,0
Hum_XLOC_018646,False,,,0,0,0
Hum_XLOC_018647,False,,,0,0,0
Hum_XLOC_018651,False,,,0,0,0
Hum_XLOC_018652,False,,,0,0,0
Hum_XLOC_018655,False,,,0,0,0
Hum_XLOC_018656,True,0.0,,0,0,0
Hum_XLOC_018660,False,,,0,0,0
Hum_XLOC_018661,False,,,0,0,0
Hum_XLOC_018662,False,,,0,0,0
Hum_XLOC_018664,False,,,0,0,0
Hum_XLOC_018665,False,,,0,0,0
Hum_XLOC_018666,True,0.0,,0,0,0
Hum_XLOC_018667,False,,,0,0,0
Hum_XLOC_018668,False,,,0,0,0
Hum_XLOC_018669,True,0.0,,0,0,0
Hum_XLOC_018670,False,,,0,0,0
Hum_XLOC_018672,False,,,0,0,0
Hum_XLOC_018673,True,0.0,,0,0,0
Hum_XLOC_018674,True,0.0,,0,0,0
Hum_XLOC_018676,False,,,0,0,0
Hum_XLOC_018677,False,,,0,0,0
Hum_XLOC_018678,False,,,0,0,0
Hum_XLOC_018679,False,,,0,0,0
Hum_XLOC_018683,False,,,0,0,0
Hum_XLOC_018688,False,,,0,0,0
Hum_XLOC_018689,False,,,0,0,0
Hum_XLOC_018690,True,0.0,,0,0,0
Hum_XLOC_018692,False,,,0,0,0
Hum_XLOC_018693,False,,,0,0,0
Hum_XLOC_018694,False,,,0,0,0
Hum_XLOC_018695,True,0.0,,0,0,0
Hum_XLOC_018696,True,0.0,,0,0,0
Hum_XLOC_018697,False,,,0,0,0
Hum_XLOC_018698,False,,,0,0,0
Hum_XLOC_018699,True,0.0,,0,0,0
Hum_XLOC_018700,True,0.0,,0,0,0
Hum_XLOC_018701,False,,,0,0,0
Hum_XLOC_018702,False,,,0,0,0
Hum_XLOC_018705,False,,,0,0,0
Hum_XLOC_018706,False,,,0,0,0
Hum_XLOC_018707,False,,,0,0,0
Hum_XLOC_018711,False,,,0,0,0
Hum_XLOC_018712,False,,,0,0,0
Hum_XLOC_018713,False,,,0,0,0
Hum_XLOC_018714,False,,,0,0,0
Hum_XLOC_018715,True,0.0,,0,0,0
Hum_XLOC_018716,False,,,0,0,0
Hum_XLOC_018720,False,,,0,0,0
Hum_XLOC_018721,False,,,0,0,0
Hum_XLOC_018722,False,,,0,0,0
Hum_XLOC_018725,False,,,0,0,0
Hum_XLOC_018726,False,,,0,0,0
Hum_XLOC_018727,False,,,0,0,0
Hum_XLOC_018729,False,,,0,0,0
Hum_XLOC_018730,False,,,0,0,0
Hum_XLOC_018731,False,,,0,0,0
Hum_XLOC_018732,False,,,0,0,0
Hum_XLOC_018734,True,0.0,,0,0,0
Hum_XLOC_018740,False,,,0,0,0
Hum_XLOC_018741,True,0.0,,0,0,0
Hum_XLOC_018742,False,,,0,0,0
Hum_XLOC_018743,False,,,0,0,0
Hum_XLOC_018744,False,,,0,0,0
Hum_XLOC_018745,False,,,0,0,0
Hum_XLOC_018746,False,,,0,0,0
Hum_XLOC_018747,False,,,0,0,0
Hum_XLOC_018750,False,,,0,0,0
Hum_XLOC_018753,False,,,0,0,0
Hum_XLOC_018754,False,,,0,0,0
Hum_XLOC_018756,False,,,0,0,0
Hum_XLOC_018761,False,,,0,0,0
Hum_XLOC_018764,False,,,0,0,0
Hum_XLOC_018765,False,,,0,0,0
Hum_XLOC_018766,False,,,0,0,0
Hum_XLOC_018767,False,,,0,0,0
Hum_XLOC_018781,False,,,0,0,0
Hum_XLOC_018782,False,,,0,0,0
Hum_XLOC_018785,False,,,0,0,0
Hum_XLOC_018786,False,,,0,0,0
Hum_XLOC_018789,False,,,0,0,0
Hum_XLOC_018791,True,0.0,,0,0,0
Hum_XLOC_018793,False,,,0,0,0
Hum_XLOC_018796,False,,,0,0,0
Hum_XLOC_018800,False,,,0,0,0
Hum_XLOC_018801,False,,,0,0,0
Hum_XLOC_018802,False,,,0,0,0
Hum_XLOC_018803,False,,,0,0,0
Hum_XLOC_018804,False,,,0,0,0
Hum_XLOC_018806,True,0.0,,0,0,0
Hum_XLOC_018807,False,,,0,0,0
Hum_XLOC_018808,False,,,0,0,0
Hum_XLOC_018809,False,,,0,0,0
Hum_XLOC_018810,False,,,0,0,0
Hum_XLOC_018811,False,,,0,0,0
Hum_XLOC_018813,False,,,0,0,0
Hum_XLOC_018819,False,,,0,0,0
Hum_XLOC_018821,False,,,0,0,0
Hum_XLOC_018822,False,,,0,0,0
Hum_XLOC_018823,False,,,0,0,0
Hum_XLOC_018824,False,,,0,0,0
Hum_XLOC_018826,False,,,0,0,0
Hum_XLOC_018827,False,,,0,0,0
Hum_XLOC_018828,False,,,0,0,0
Hum_XLOC_018829,False,,,0,0,0
Hum_XLOC_018830,False,,,0,0,0
Hum_XLOC_018833,False,,,0,0,0
Hum_XLOC_018834,False,,,0,0,0
Hum_XLOC_018835,True,0.0,,0,0,0
Hum_XLOC_018836,False,,,0,0,0
Hum_XLOC_018837,True,0.0,,0,0,0
Hum_XLOC_018839,False,,,0,0,0
Hum_XLOC_018840,False,,,0,0,0
Hum_XLOC_018841,False,,,0,0,0
Hum_XLOC_018842,True,0.0,,0,0,0
Hum_XLOC_018843,False,,,0,0,0
Hum_XLOC_018844,True,0.0,,0,0,0
Hum_XLOC_018845,True,0.0,,0,0,0
Hum_XLOC_018848,True,0.0,,0,0,0
Hum_XLOC_018849,False,,,0,0,0
Hum_XLOC_018850,False,,,0,0,0
Hum_XLOC_018851,False,,,0,0,0
Hum_XLOC_018852,False,,,0,0,0
Hum_XLOC_018858,True,0.0,,0,0,0
Hum_XLOC_018860,False,,,0,0,0
Hum_XLOC_018863,False,,,0,0,0
Hum_XLOC_018864,False,,,0,0,0
Hum_XLOC_018865,False,,,0,0,0
Hum_XLOC_018867,False,,,0,0,0
Hum_XLOC_018868,False,,,0,0,0
Hum_XLOC_018872,False,,,0,0,0
Hum_XLOC_018873,False,,,0,0,0
Hum_XLOC_018875,False,,,0,0,0
Hum_XLOC_018876,False,,,0,0,0
Hum_XLOC_018877,False,,,0,0,0
Hum_XLOC_018883,False,,,0,0,0
Hum_XLOC_018888,False,,,0,0,0
Hum_XLOC_018889,False,,,0,0,0
Hum_XLOC_018891,False,,,0,0,0
Hum_XLOC_018899,False,,,0,0,0
Hum_XLOC_018901,True,,,0,0,0
Hum_XLOC_018905,False,,,0,0,0
Hum_XLOC_018908,False,,,0,0,0
Hum_XLOC_018912,False,,,0,0,0
Hum_XLOC_018914,False,,,0,0,0
Hum_XLOC_018915,False,,,0,0,0
Hum_XLOC_018916,False,,,0,0,0
Hum_XLOC_018918,False,,,0,0,0
Hum_XLOC_018919,False,,,0,0,0
Hum_XLOC_018920,True,0.0,,0,0,0
Hum_XLOC_018921,False,,,0,0,0
Hum_XLOC_018922,False,,,0,0,0
Hum_XLOC_018923,False,,,0,0,0
Hum_XLOC_018925,True,0.0,,0,0,0
Hum_XLOC_018926,True,0.0,,0,0,0
Hum_XLOC_018927,False,,,0,0,0
Hum_XLOC_018930,False,,,0,0,0
Hum_XLOC_018935,False,,,0,0,0
Hum_XLOC_018936,False,,,0,0,0
Hum_XLOC_018937,False,,,0,0,0
Hum_XLOC_018941,False,,,0,0,0
Hum_XLOC_018942,False,,,0,0,0
Hum_XLOC_018943,True,0.0,,0,0,0
Hum_XLOC_018946,False,,,0,0,0
Hum_XLOC_018947,False,,,0,0,0
Hum_XLOC_018948,False,,,0,0,0
Hum_XLOC_018949,False,,,0,0,0
Hum_XLOC_018952,True,0.0,,0,0,0
Hum_XLOC_018953,False,,,0,0,0
Hum_XLOC_018955,True,0.0,,0,0,0
Hum_XLOC_018961,False,,,0,0,0
Hum_XLOC_018963,True,0.0,,0,0,0
Hum_XLOC_018964,False,,,0,0,0
Hum_XLOC_018965,False,,,0,0,0
Hum_XLOC_018966,False,,,0,0,0
Hum_XLOC_018967,False,,,0,0,0
Hum_XLOC_018968,False,,,0,0,0
Hum_XLOC_018969,False,,,0,0,0
Hum_XLOC_018975,False,,,0,0,0
Hum_XLOC_018977,False,,,0,0,0
Hum_XLOC_018980,False,,,0,0,0
Hum_XLOC_018983,False,,,0,0,0
Hum_XLOC_018985,False,,,0,0,0
Hum_XLOC_018987,False,,,0,0,0
Hum_XLOC_018988,True,0.0,,0,0,0
Hum_XLOC_018991,False,,,0,0,0
Hum_XLOC_018995,False,,,0,0,0
Hum_XLOC_018996,True,0.0,,0,0,0
Hum_XLOC_018997,False,,,0,0,0
Hum_XLOC_019001,False,,,0,0,0
Hum_XLOC_019002,True,0.0,,0,0,0
Hum_XLOC_019005,False,,,0,0,0
Hum_XLOC_019006,False,,,0,0,0
Hum_XLOC_019009,True,0.0,,0,0,0
Hum_XLOC_019010,False,,,0,0,0
Hum_XLOC_019011,True,0.0,,0,0,0
Hum_XLOC_019014,False,,,0,0,0
Hum_XLOC_019017,False,,,0,0,0
Hum_XLOC_019018,True,0.0,,0,0,0
Hum_XLOC_019019,False,,,0,0,0
Hum_XLOC_019021,True,0.0,,0,0,0
Hum_XLOC_019022,True,0.0,,0,0,0
Hum_XLOC_019023,True,0.0,,0,0,0
Hum_XLOC_019024,True,0.0,,0,0,0
Hum_XLOC_019025,False,,,0,0,0
Hum_XLOC_019028,False,,,0,0,0
Hum_XLOC_019030,False,,,0,0,0
Hum_XLOC_019032,False,,,0,0,0
Hum_XLOC_019034,False,,,0,0,0
Hum_XLOC_019040,False,,,0,0,0
Hum_XLOC_019045,False,,,0,0,0
Hum_XLOC_019047,True,0.0,,0,0,0
Hum_XLOC_019049,True,0.0,,0,0,0
Hum_XLOC_019051,False,,,0,0,0
Hum_XLOC_019054,True,0.0,,0,0,0
Hum_XLOC_019057,False,,,0,0,0
Hum_XLOC_019066,False,,,0,0,0
Hum_XLOC_019067,False,,,0,0,0
Hum_XLOC_019068,True,0.0,,0,0,0
Hum_XLOC_019069,False,,,0,0,0
Hum_XLOC_019070,False,,,0,0,0
Hum_XLOC_019071,False,,,0,0,0
Hum_XLOC_019072,False,,,0,0,0
Hum_XLOC_019073,False,,,0,0,0
Hum_XLOC_019074,False,,,0,0,0
Hum_XLOC_019075,False,,,0,0,0
Hum_XLOC_019076,False,,,0,0,0
Hum_XLOC_019077,False,,,0,0,0
Hum_XLOC_019078,False,,,0,0,0
Hum_XLOC_019080,False,,,0,0,0
Hum_XLOC_019081,False,,,0,0,0
Hum_XLOC_019082,False,,,0,0,0
Hum_XLOC_019083,False,,,0,0,0
Hum_XLOC_019084,False,,,0,0,0
Hum_XLOC_019086,False,,,0,0,0
Hum_XLOC_019093,False,,,0,0,0
Hum_XLOC_019094,False,,,0,0,0
Hum_XLOC_019095,False,,,0,0,0
Hum_XLOC_019096,False,,,0,0,0
Hum_XLOC_019099,True,0.0,,0,0,0
Hum_XLOC_019100,False,,,0,0,0
Hum_XLOC_019101,False,,,0,0,0
Hum_XLOC_019102,True,0.0,,0,0,0
Hum_XLOC_019104,True,0.0,,0,0,0
Hum_XLOC_019108,False,,,0,0,0
Hum_XLOC_019109,False,,,0,0,0
Hum_XLOC_019110,False,,,0,0,0
Hum_XLOC_019115,False,,,0,0,0
Hum_XLOC_019116,True,0.0,,0,0,0
Hum_XLOC_019122,False,,,0,0,0
Hum_XLOC_019123,False,,,0,0,0
Hum_XLOC_019125,False,,,0,0,0
Hum_XLOC_019128,False,,,0,0,0
Hum_XLOC_019129,False,,,0,0,0
Hum_XLOC_019130,False,,,0,0,0
Hum_XLOC_019131,False,,,0,0,0
Hum_XLOC_019132,False,,,0,0,0
Hum_XLOC_019134,False,,,0,0,0
Hum_XLOC_019135,True,0.0,,0,0,0
Hum_XLOC_019136,False,,,0,0,0
Hum_XLOC_019137,False,,,0,0,0
Hum_XLOC_019138,False,,,0,0,0
Hum_XLOC_019139,False,,,0,0,0
Hum_XLOC_019140,False,,,0,0,0
Hum_XLOC_019141,True,0.0,,0,0,0
Hum_XLOC_019142,False,,,0,0,0
Hum_XLOC_019143,False,,,0,0,0
Hum_XLOC_019144,False,,,0,0,0
Hum_XLOC_019145,True,0.0,,0,0,0
Hum_XLOC_019146,False,,,0,0,0
Hum_XLOC_019147,False,,,0,0,0
Hum_XLOC_019148,False,,,0,0,0
Hum_XLOC_019149,False,,,0,0,0
Hum_XLOC_019150,False,,,0,0,0
Hum_XLOC_019151,False,,,0,0,0
Hum_XLOC_019152,True,0.0,,0,0,0
Hum_XLOC_019156,False,,,0,0,0
Hum_XLOC_019157,False,,,0,0,0
Hum_XLOC_019159,False,,,0,0,0
Hum_XLOC_019160,False,,,0,0,0
Hum_XLOC_019161,False,,,0,0,0
Hum_XLOC_019162,True,0.0,,0,0,0
Hum_XLOC_019163,True,0.0,,0,0,0
Hum_XLOC_019168,False,,,0,0,0
Hum_XLOC_019169,False,,,0,0,0
Hum_XLOC_019172,False,,,0,0,0
Hum_XLOC_019173,True,0.0,,0,0,0
Hum_XLOC_019177,False,,,0,0,0
Hum_XLOC_019179,False,,,0,0,0
Hum_XLOC_019180,False,,,0,0,0
Hum_XLOC_019181,False,,,0,0,0
Hum_XLOC_019182,False,,,0,0,0
Hum_XLOC_019183,False,,,0,0,0
Hum_XLOC_019185,False,,,0,0,0
Hum_XLOC_019186,False,,,0,0,0
Hum_XLOC_019187,True,0.0,,0,0,0
Hum_XLOC_019188,False,,,0,0,0
Hum_XLOC_019189,False,,,0,0,0
Hum_XLOC_019194,False,,,0,0,0
Hum_XLOC_019197,False,,,0,0,0
Hum_XLOC_019198,True,0.0,,0,0,0
Hum_XLOC_019199,True,0.0,,0,0,0
Hum_XLOC_019200,False,,,0,0,0
Hum_XLOC_019201,False,,,0,0,0
Hum_XLOC_019202,False,,,0,0,0
Hum_XLOC_019205,False,,,0,0,0
Hum_XLOC_019208,False,,,0,0,0
Hum_XLOC_019210,False,,,0,0,0
Hum_XLOC_019211,False,,,0,0,0
Hum_XLOC_019212,False,,,0,0,0
Hum_XLOC_019216,True,0.0,,0,0,0
Hum_XLOC_019219,False,,,0,0,0
Hum_XLOC_019230,False,,,0,0,0
Hum_XLOC_019232,False,,,0,0,0
Hum_XLOC_019234,False,,,0,0,0
Hum_XLOC_019237,True,0.0,,0,0,0
Hum_XLOC_019238,False,,,0,0,0
Hum_XLOC_019240,True,0.0,,0,0,0
Hum_XLOC_019241,False,,,0,0,0
Hum_XLOC_019242,False,,,0,0,0
Hum_XLOC_019243,True,0.0,,0,0,0
Hum_XLOC_019244,False,,,0,0,0
Hum_XLOC_019246,False,,,0,0,0
Hum_XLOC_019247,True,0.0,,0,0,0
Hum_XLOC_019248,False,,,0,0,0
Hum_XLOC_019249,False,,,0,0,0
Hum_XLOC_019250,False,,,0,0,0
Hum_XLOC_019257,False,,,0,0,0
Hum_XLOC_019258,False,,,0,0,0
Hum_XLOC_019259,False,,,0,0,0
Hum_XLOC_019260,False,,,0,0,0
Hum_XLOC_019261,False,,,0,0,0
Hum_XLOC_019262,False,,,0,0,0
Hum_XLOC_019263,False,,,0,0,0
Hum_XLOC_019264,False,,,0,0,0
Hum_XLOC_019266,False,,,0,0,0
Hum_XLOC_019267,True,0.0,,0,0,0
Hum_XLOC_019268,True,0.0,,0,0,0
Hum_XLOC_019269,False,,,0,0,0
Hum_XLOC_019271,False,,,0,0,0
Hum_XLOC_019272,False,,,0,0,0
Hum_XLOC_019273,True,0.0,,0,0,0
Hum_XLOC_019274,False,,,0,0,0
Hum_XLOC_019275,False,,,0,0,0
Hum_XLOC_019276,False,,,0,0,0
Hum_XLOC_019277,True,0.0,,0,0,0
Hum_XLOC_019278,False,,,0,0,0
Hum_XLOC_019279,False,,,0,0,0
Hum_XLOC_019280,False,,,0,0,0
Hum_XLOC_019281,False,,,0,0,0
Hum_XLOC_019282,False,,,0,0,0
Hum_XLOC_019283,False,,,0,0,0
Hum_XLOC_019284,False,,,0,0,0
Hum_XLOC_019286,False,,,0,0,0
Hum_XLOC_019287,True,0.0,,0,0,0
Hum_XLOC_019289,True,0.0,,0,0,0
Hum_XLOC_019290,True,0.0,,0,0,0
Hum_XLOC_019291,True,0.0,,0,0,0
Hum_XLOC_019295,True,0.0,,0,0,0
Hum_XLOC_019301,True,0.0,,0,0,0
Hum_XLOC_019302,False,,,0,0,0
Hum_XLOC_019304,True,0.0,,0,0,0
Hum_XLOC_019305,False,,,0,0,0
Hum_XLOC_019308,False,,,0,0,0
Hum_XLOC_019309,False,,,0,0,0
Hum_XLOC_019310,True,0.0,,0,0,0
Hum_XLOC_019313,False,,,0,0,0
Hum_XLOC_019314,False,,,0,0,0
Hum_XLOC_019316,False,,,0,0,0
Hum_XLOC_019317,False,,,0,0,0
Hum_XLOC_019318,True,0.0,,0,0,0
Hum_XLOC_019319,True,0.0,,0,0,0
Hum_XLOC_019321,False,,,0,0,0
Hum_XLOC_019324,True,0.0,,0,0,0
Hum_XLOC_019328,False,,,0,0,0
Hum_XLOC_019332,True,0.0,,0,0,0
Hum_XLOC_019336,False,,,0,0,0
Hum_XLOC_019340,False,,,0,0,0
Hum_XLOC_019345,False,,,0,0,0
Hum_XLOC_019346,False,,,0,0,0
Hum_XLOC_019347,False,,,0,0,0
Hum_XLOC_019348,False,,,0,0,0
Hum_XLOC_019349,False,,,0,0,0
Hum_XLOC_019350,True,0.0,,0,0,0
Hum_XLOC_019354,False,,,0,0,0
Hum_XLOC_019356,False,,,0,0,0
Hum_XLOC_019357,False,,,0,0,0
Hum_XLOC_019363,False,,,0,0,0
Hum_XLOC_019368,False,,,0,0,0
Hum_XLOC_019370,True,0.0,,0,0,0
Hum_XLOC_019371,True,0.0,,0,0,0
Hum_XLOC_019372,False,,,0,0,0
Hum_XLOC_019373,False,,,0,0,0
Hum_XLOC_019374,False,,,0,0,0
Hum_XLOC_019375,False,,,0,0,0
Hum_XLOC_019376,False,,,0,0,0
Hum_XLOC_019377,False,,,0,0,0
Hum_XLOC_019381,False,,,0,0,0
Hum_XLOC_019382,False,,,0,0,0
Hum_XLOC_019383,False,,,0,0,0
Hum_XLOC_019384,False,,,0,0,0
Hum_XLOC_019385,False,,,0,0,0
Hum_XLOC_019387,False,,,0,0,0
Hum_XLOC_019388,False,,,0,0,0
Hum_XLOC_019389,False,,,0,0,0
Hum_XLOC_019390,False,,,0,0,0
Hum_XLOC_019392,False,,,0,0,0
Hum_XLOC_019393,False,,,0,0,0
Hum_XLOC_019395,False,,,0,0,0
Hum_XLOC_019397,False,,,0,0,0
Hum_XLOC_019398,False,,,0,0,0
Hum_XLOC_019399,False,,,0,0,0
Hum_XLOC_019400,False,,,0,0,0
Hum_XLOC_019401,False,,,0,0,0
Hum_XLOC_019402,False,,,0,0,0
Hum_XLOC_019404,False,,,0,0,0
Hum_XLOC_019405,False,,,0,0,0
Hum_XLOC_019408,False,,,0,0,0
Hum_XLOC_019409,False,,,0,0,0
Hum_XLOC_019411,False,,,0,0,0
Hum_XLOC_019412,True,0.0,,0,0,0
Hum_XLOC_019413,True,0.0,,0,0,0
Hum_XLOC_019414,True,0.0,,0,0,0
Hum_XLOC_019415,False,,,0,0,0
Hum_XLOC_019416,False,,,0,0,0
Hum_XLOC_019417,False,,,0,0,0
Hum_XLOC_019418,False,,,0,0,0
Hum_XLOC_019419,False,,,0,0,0
Hum_XLOC_019420,False,,,0,0,0
Hum_XLOC_019421,False,,,0,0,0
Hum_XLOC_019422,False,,,0,0,0
Hum_XLOC_019423,False,,,0,0,0
Hum_XLOC_019424,False,,,0,0,0
Hum_XLOC_019425,False,,,0,0,0
Hum_XLOC_019426,False,,,0,0,0
Hum_XLOC_019427,False,,,0,0,0
Hum_XLOC_019428,False,,,0,0,0
Hum_XLOC_019429,False,,,0,0,0
Hum_XLOC_019430,False,,,0,0,0
Hum_XLOC_019438,False,,,0,0,0
Hum_XLOC_019439,False,,,0,0,0
Hum_XLOC_019443,False,,,0,0,0
Hum_XLOC_019444,False,,,0,0,0
Hum_XLOC_019445,False,,,0,0,0
Hum_XLOC_019446,True,0.0,,0,0,0
Hum_XLOC_019447,False,,,0,0,0
Hum_XLOC_019448,False,,,0,0,0
Hum_XLOC_019449,False,,,0,0,0
Hum_XLOC_019450,False,,,0,0,0
Hum_XLOC_019451,False,,,0,0,0
Hum_XLOC_019453,False,,,0,0,0
Hum_XLOC_019459,False,,,0,0,0
Hum_XLOC_019462,False,,,0,0,0
Hum_XLOC_019463,False,,,0,0,0
Hum_XLOC_019464,False,,,0,0,0
Hum_XLOC_019465,False,,,0,0,0
Hum_XLOC_019466,False,,,0,0,0
Hum_XLOC_019467,False,,,0,0,0
Hum_XLOC_019468,False,,,0,0,0
Hum_XLOC_019469,False,,,0,0,0
Hum_XLOC_019470,False,,,0,0,0
Hum_XLOC_019472,True,0.0,,0,0,0
Hum_XLOC_019473,False,,,0,0,0
Hum_XLOC_019474,False,,,0,0,0
Hum_XLOC_019477,False,,,0,0,0
Hum_XLOC_019478,False,,,0,0,0
Hum_XLOC_019479,False,,,0,0,0
Hum_XLOC_019480,False,,,0,0,0
Hum_XLOC_019481,False,,,0,0,0
Hum_XLOC_019482,False,,,0,0,0
Hum_XLOC_019483,False,,,0,0,0
Hum_XLOC_019484,False,,,0,0,0
Hum_XLOC_019486,True,0.0,,0,0,0
Hum_XLOC_019488,False,,,0,0,0
Hum_XLOC_019489,False,,,0,0,0
Hum_XLOC_019490,False,,,0,0,0
Hum_XLOC_019491,False,,,0,0,0
Hum_XLOC_019492,False,,,0,0,0
Hum_XLOC_019493,False,,,0,0,0
Hum_XLOC_019494,False,,,0,0,0
Hum_XLOC_019496,False,,,0,0,0
Hum_XLOC_019497,False,,,0,0,0
Hum_XLOC_019498,False,,,0,0,0
Hum_XLOC_019499,False,,,0,0,0
Hum_XLOC_019500,False,,,0,0,0
Hum_XLOC_019501,False,,,0,0,0
Hum_XLOC_019503,True,0.0,,0,0,0
Hum_XLOC_019504,False,,,0,0,0
Hum_XLOC_019505,False,,,0,0,0
Hum_XLOC_019506,False,,,0,0,0
Hum_XLOC_019508,True,0.0,,0,0,0
Hum_XLOC_019509,False,,,0,0,0
Hum_XLOC_019510,False,,,0,0,0
Hum_XLOC_019511,False,,,0,0,0
Hum_XLOC_019512,False,,,0,0,0
Hum_XLOC_019513,False,,,0,0,0
Hum_XLOC_019514,False,,,0,0,0
Hum_XLOC_019515,False,,,0,0,0
Hum_XLOC_019516,False,,,0,0,0
Hum_XLOC_019517,False,,,0,0,0
Hum_XLOC_019519,False,,,0,0,0
Hum_XLOC_019520,False,,,0,0,0
Hum_XLOC_019522,True,0.0,,0,0,0
Hum_XLOC_019523,False,,,0,0,0
Hum_XLOC_019524,False,,,0,0,0
Hum_XLOC_019525,False,,,0,0,0
Hum_XLOC_019528,True,0.0,,0,0,0
Hum_XLOC_019529,False,,,0,0,0
Hum_XLOC_019530,False,,,0,0,0
Hum_XLOC_019531,True,0.0,,0,0,0
Hum_XLOC_019532,True,0.0,,0,0,0
Hum_XLOC_019533,True,0.0,,0,0,0
Hum_XLOC_019534,False,,,0,0,0
Hum_XLOC_019535,False,,,0,0,0
Hum_XLOC_019536,False,,,0,0,0
Hum_XLOC_019537,False,,,0,0,0
Hum_XLOC_019538,False,,,0,0,0
Hum_XLOC_019539,False,,,0,0,0
Hum_XLOC_019542,False,,,0,0,0
Hum_XLOC_019543,False,,,0,0,0
Hum_XLOC_019544,False,,,0,0,0
Hum_XLOC_019545,False,,,0,0,0
Hum_XLOC_019546,False,,,0,0,0
Hum_XLOC_019547,False,,,0,0,0
Hum_XLOC_019551,False,,,0,0,0
Hum_XLOC_019552,False,,,0,0,0
Hum_XLOC_019553,False,,,0,0,0
Hum_XLOC_019554,False,,,0,0,0
Hum_XLOC_019555,False,,,0,0,0
Hum_XLOC_019556,False,,,0,0,0
Hum_XLOC_019557,False,,,0,0,0
Hum_XLOC_019558,False,,,0,0,0
Hum_XLOC_019560,False,,,0,0,0
Hum_XLOC_019561,False,,,0,0,0
Hum_XLOC_019564,False,,,0,0,0
Hum_XLOC_019568,True,0.0,,0,0,0
Hum_XLOC_019569,False,,,0,0,0
Hum_XLOC_019570,False,,,0,0,0
Hum_XLOC_019571,False,,,0,0,0
Hum_XLOC_019572,False,,,0,0,0
Hum_XLOC_019573,False,,,0,0,0
Hum_XLOC_019574,True,0.0,,0,0,0
Hum_XLOC_019580,False,,,0,0,0
Hum_XLOC_019583,False,,,0,0,0
Hum_XLOC_019585,False,,,0,0,0
Hum_XLOC_019586,False,,,0,0,0
Hum_XLOC_019587,True,0.0,,0,0,0
Hum_XLOC_019588,False,,,0,0,0
Hum_XLOC_019592,True,0.0,,0,0,0
Hum_XLOC_019593,False,,,0,0,0
Hum_XLOC_019595,False,,,0,0,0
Hum_XLOC_019596,False,,,0,0,0
Hum_XLOC_019597,False,,,0,0,0
Hum_XLOC_019598,False,,,0,0,0
Hum_XLOC_019600,False,,,0,0,0
Hum_XLOC_019601,False,,,0,0,0
Hum_XLOC_019602,False,,,0,0,0
Hum_XLOC_019603,False,,,0,0,0
Hum_XLOC_019607,False,,,0,0,0
Hum_XLOC_019609,False,,,0,0,0
Hum_XLOC_019610,False,,,0,0,0
Hum_XLOC_019611,False,,,0,0,0
Hum_XLOC_019613,False,,,0,0,0
Hum_XLOC_019614,False,,,0,0,0
Hum_XLOC_019615,False,,,0,0,0
Hum_XLOC_019618,False,,,0,0,0
Hum_XLOC_019619,False,,,0,0,0
Hum_XLOC_019620,False,,,0,0,0
Hum_XLOC_019621,False,,,0,0,0
Hum_XLOC_019622,False,,,0,0,0
Hum_XLOC_019623,False,,,0,0,0
Hum_XLOC_019624,False,,,0,0,0
Hum_XLOC_019627,False,,,0,0,0
Hum_XLOC_019628,False,,,0,0,0
Hum_XLOC_019634,False,,,0,0,0
Hum_XLOC_019635,True,0.0,,0,0,0
Hum_XLOC_019639,True,0.0,,0,0,0
Hum_XLOC_019640,False,,,0,0,0
Hum_XLOC_019641,False,,,0,0,0
Hum_XLOC_019643,False,,,0,0,0
Hum_XLOC_019644,False,,,0,0,0
Hum_XLOC_019646,False,,,0,0,0
Hum_XLOC_019654,False,,,0,0,0
Hum_XLOC_019655,True,0.0,,0,0,0
Hum_XLOC_019657,True,0.0,,0,0,0
Hum_XLOC_019663,False,,,0,0,0
Hum_XLOC_019669,False,,,0,0,0
Hum_XLOC_019672,False,,,0,0,0
Hum_XLOC_019673,False,,,0,0,0
Hum_XLOC_019674,False,,,0,0,0
Hum_XLOC_019675,True,0.0,,0,0,0
Hum_XLOC_019677,True,0.0,,0,0,0
Hum_XLOC_019682,False,,,0,0,0
Hum_XLOC_019683,True,0.0,,0,0,0
Hum_XLOC_019687,False,,,0,0,0
Hum_XLOC_019688,True,0.0,,0,0,0
Hum_XLOC_019690,False,,,0,0,0
Hum_XLOC_019691,False,,,0,0,0
Hum_XLOC_019694,True,0.0,,0,0,0
Hum_XLOC_019696,False,,,0,0,0
Hum_XLOC_019697,False,,,0,0,0
Hum_XLOC_019698,False,,,0,0,0
Hum_XLOC_019702,False,,2.0,0,0,1
Hum_XLOC_019704,False,,,0,0,0
Hum_XLOC_019705,False,,,0,0,0
Hum_XLOC_019706,False,,,0,0,0
Hum_XLOC_019707,False,,,0,0,0
Hum_XLOC_019711,False,,,0,0,0
Hum_XLOC_019714,False,,,0,0,0
Hum_XLOC_019717,False,,,0,0,0
Hum_XLOC_019721,False,,,0,0,0
Hum_XLOC_019722,False,,,0,0,0
Hum_XLOC_019723,False,,,0,0,0
Hum_XLOC_019725,True,0.0,,0,0,0
Hum_XLOC_019726,False,,,0,0,0
Hum_XLOC_019727,False,,,0,0,0
Hum_XLOC_019731,False,,,0,0,0
Hum_XLOC_019732,False,,,0,0,0
Hum_XLOC_019733,False,,,0,0,0
Hum_XLOC_019734,False,,,0,0,0
Hum_XLOC_019735,False,,,0,0,0
Hum_XLOC_019736,False,,,0,0,0
Hum_XLOC_019737,False,,,0,0,0
Hum_XLOC_019738,False,,,0,0,0
Hum_XLOC_019739,False,,,0,0,0
Hum_XLOC_019740,False,,,0,0,0
Hum_XLOC_019743,False,,,0,0,0
Hum_XLOC_019744,False,,,0,0,0
Hum_XLOC_019745,False,,,0,0,0
Hum_XLOC_019751,False,,,0,0,0
Hum_XLOC_019762,True,0.0,,0,0,0
Hum_XLOC_019766,False,,,0,0,0
Hum_XLOC_019768,False,,,0,0,0
Hum_XLOC_019769,False,,,0,0,0
Hum_XLOC_019770,True,0.0,,0,0,0
Hum_XLOC_019771,False,,,0,0,0
Hum_XLOC_019772,False,,,0,0,0
Hum_XLOC_019773,True,0.0,,0,0,0
Hum_XLOC_019774,False,,,0,0,0
Hum_XLOC_019775,False,,,0,0,0
Hum_XLOC_019777,False,,,0,0,0
Hum_XLOC_019778,False,,,0,0,0
Hum_XLOC_019779,False,,,0,0,0
Hum_XLOC_019780,True,0.0,,0,0,0
Hum_XLOC_019781,False,,,0,0,0
Hum_XLOC_019782,True,0.0,,0,0,0
Hum_XLOC_019783,False,,,0,0,0
Hum_XLOC_019784,False,,,0,0,0
Hum_XLOC_019785,False,,,0,0,0
Hum_XLOC_019786,True,0.0,,0,0,0
Hum_XLOC_019789,False,,,0,0,0
Hum_XLOC_019790,False,,,0,0,0
Hum_XLOC_019791,False,,,0,0,0
Hum_XLOC_019792,False,,,0,0,0
Hum_XLOC_019793,False,,,0,0,0
Hum_XLOC_019794,False,,,0,0,0
Hum_XLOC_019795,False,,,0,0,0
Hum_XLOC_019796,False,,,0,0,0
Hum_XLOC_019797,True,0.0,,0,0,0
Hum_XLOC_019799,False,,,0,0,0
Hum_XLOC_019801,False,,,0,0,0
Hum_XLOC_019806,False,,,0,0,0
Hum_XLOC_019809,False,,,0,0,0
Hum_XLOC_019810,False,,,0,0,0
Hum_XLOC_019811,False,,,0,0,0
Hum_XLOC_019812,False,,,0,0,0
Hum_XLOC_019813,False,,,0,0,0
Hum_XLOC_019814,False,,,0,0,0
Hum_XLOC_019816,False,,,0,0,0
Hum_XLOC_019818,False,,,0,0,0
Hum_XLOC_019819,False,,,0,0,0
Hum_XLOC_019820,True,0.0,,0,0,0
Hum_XLOC_019821,False,,,0,0,0
Hum_XLOC_019822,False,,,0,0,0
Hum_XLOC_019823,False,,,0,0,0
Hum_XLOC_019824,False,,,0,0,0
Hum_XLOC_019825,False,,,0,0,0
Hum_XLOC_019826,True,0.0,,0,0,0
Hum_XLOC_019827,True,0.0,,0,0,0
Hum_XLOC_019828,False,,,0,0,0
Hum_XLOC_019829,False,,,0,0,0
Hum_XLOC_019830,True,0.0,,0,0,0
Hum_XLOC_019835,False,,,0,0,0
Hum_XLOC_019836,False,,,0,0,0
Hum_XLOC_019837,True,0.0,,0,0,0
Hum_XLOC_019838,True,0.0,,0,0,0
Hum_XLOC_019842,False,,,0,0,0
Hum_XLOC_019843,False,,,0,0,0
Hum_XLOC_019844,False,,,0,0,0
Hum_XLOC_019845,False,,,0,0,0
Hum_XLOC_019846,False,,,0,0,0
Hum_XLOC_019847,False,,,0,0,0
Hum_XLOC_019848,False,,,0,0,0
Hum_XLOC_019850,True,0.0,,0,0,0
Hum_XLOC_019851,False,,,0,0,0
Hum_XLOC_019853,False,,,0,0,0
Hum_XLOC_019854,True,0.0,,0,0,0
Hum_XLOC_019855,False,,,0,0,0
Hum_XLOC_019858,False,,,0,0,0
Hum_XLOC_019861,True,0.0,,0,0,0
Hum_XLOC_019862,True,0.0,,0,0,0
Hum_XLOC_019863,False,,,0,0,0
Hum_XLOC_019864,True,0.0,,0,0,0
Hum_XLOC_019866,True,0.0,,0,0,0
Hum_XLOC_019868,False,,,0,0,0
Hum_XLOC_019869,True,0.0,,0,0,0
Hum_XLOC_019870,False,,,0,0,0
Hum_XLOC_019871,False,,,0,0,0
Hum_XLOC_019872,False,,,0,0,0
Hum_XLOC_019874,False,,,0,0,0
Hum_XLOC_019875,False,,,0,0,0
Hum_XLOC_019876,False,,,0,0,0
Hum_XLOC_019877,False,,,0,0,0
Hum_XLOC_019881,False,,,0,0,0
Hum_XLOC_019882,False,,,0,0,0
Hum_XLOC_019884,True,0.0,,0,0,0
Hum_XLOC_019886,True,0.0,,0,0,0
Hum_XLOC_019888,False,,,0,0,0
Hum_XLOC_019889,False,,,0,0,0
Hum_XLOC_019890,False,,,0,0,0
Hum_XLOC_019891,False,,,0,0,0
Hum_XLOC_019892,True,0.0,,0,0,0
Hum_XLOC_019893,False,,,0,0,0
Hum_XLOC_019894,True,0.0,,0,0,0
Hum_XLOC_019895,False,,,0,0,0
Hum_XLOC_019896,True,0.0,,0,0,0
Hum_XLOC_019897,False,,,0,0,0
Hum_XLOC_019907,False,,,0,0,0
Hum_XLOC_019908,False,,,0,0,0
Hum_XLOC_019909,True,0.0,,0,0,0
Hum_XLOC_019910,False,,,0,0,0
Hum_XLOC_019911,False,,,0,0,0
Hum_XLOC_019912,False,,,0,0,0
Hum_XLOC_019914,False,,,0,0,0
Hum_XLOC_019917,True,0.0,,0,0,0
Hum_XLOC_019918,False,,,0,0,0
Hum_XLOC_019919,False,,,0,0,0
Hum_XLOC_019920,False,,,0,0,0
Hum_XLOC_019921,False,,,0,0,0
Hum_XLOC_019922,False,,,0,0,0
Hum_XLOC_019928,False,,,0,0,0
Hum_XLOC_019929,False,,,0,0,0
Hum_XLOC_019930,True,0.0,,0,0,0
Hum_XLOC_019931,False,,,0,0,0
Hum_XLOC_019937,False,,,0,0,0
Hum_XLOC_019938,False,,,0,0,0
Hum_XLOC_019939,False,,,0,0,0
Hum_XLOC_019940,True,0.0,,0,0,0
Hum_XLOC_019941,True,0.0,,0,0,0
Hum_XLOC_019942,True,0.0,,0,0,0
Hum_XLOC_019944,False,,,0,0,0
Hum_XLOC_019945,False,,,0,0,0
Hum_XLOC_019946,False,,,0,0,0
Hum_XLOC_019947,False,,,0,0,0
Hum_XLOC_019948,False,,,0,0,0
Hum_XLOC_019949,False,,,0,0,0
Hum_XLOC_019950,False,,,0,0,0
Hum_XLOC_019951,False,,,0,0,0
Hum_XLOC_019952,False,,,0,0,0
Hum_XLOC_019953,False,,,0,0,0
Hum_XLOC_019955,False,,,0,0,0
Hum_XLOC_019958,False,,,0,0,0
Hum_XLOC_019959,False,,,0,0,0
Hum_XLOC_019963,True,0.0,,0,0,0
Hum_XLOC_019964,False,,,0,0,0
Hum_XLOC_019965,False,,,0,0,0
Hum_XLOC_019966,False,,,0,0,0
Hum_XLOC_019967,False,,,0,0,0
Hum_XLOC_019968,True,0.0,,0,0,0
Hum_XLOC_019969,False,,,0,0,0
Hum_XLOC_019970,False,,,0,0,0
Hum_XLOC_019971,False,,,0,0,0
Hum_XLOC_019972,False,,,0,0,0
Hum_XLOC_019973,False,,,0,0,0
Hum_XLOC_019978,True,,,0,0,0
Hum_XLOC_019981,False,,,0,0,0
Hum_XLOC_019985,False,,,0,0,0
Hum_XLOC_019986,False,,,0,0,0
Hum_XLOC_019988,True,0.0,,0,0,0
Hum_XLOC_019989,False,,,0,0,0
Hum_XLOC_019991,False,,,0,0,0
Hum_XLOC_019992,False,,,0,0,0
Hum_XLOC_019995,False,,,0,0,0
Hum_XLOC_019996,False,,,0,0,0
Hum_XLOC_019997,True,0.0,,0,0,0
Hum_XLOC_019998,False,,,0,0,0
Hum_XLOC_019999,False,,,0,0,0
Hum_XLOC_020000,False,,,0,0,0
Hum_XLOC_020001,False,,,0,0,0
Hum_XLOC_020002,False,,,0,0,0
Hum_XLOC_020004,False,,,0,0,0
Hum_XLOC_020021,True,0.0,,0,0,0
Hum_XLOC_020022,True,0.0,,0,0,0
Hum_XLOC_020023,True,0.0,,0,0,0
Hum_XLOC_020027,True,0.0,,0,0,0
Hum_XLOC_020028,True,0.0,,0,0,0
Hum_XLOC_020031,False,,,0,0,0
Hum_XLOC_020032,False,,,0,0,0
Hum_XLOC_020034,False,,,0,0,0
Hum_XLOC_020035,False,,,0,0,0
Hum_XLOC_020036,False,,,0,0,0
Hum_XLOC_020040,False,,,0,0,0
Hum_XLOC_020041,False,,,0,0,0
Hum_XLOC_020042,False,,,0,0,0
Hum_XLOC_020043,False,,,0,0,0
Hum_XLOC_020050,False,,,0,0,0
Hum_XLOC_020051,False,,,0,0,0
Hum_XLOC_020056,False,,,0,0,0
Hum_XLOC_020057,False,,,0,0,0
Hum_XLOC_020058,False,,,0,0,0
Hum_XLOC_020059,False,,,0,0,0
Hum_XLOC_020060,False,,,0,0,0
Hum_XLOC_020061,False,,,0,0,0
Hum_XLOC_020062,False,,,0,0,0
Hum_XLOC_020063,False,,,0,0,0
Hum_XLOC_020069,False,,,0,0,0
Hum_XLOC_020071,False,,,0,0,0
Hum_XLOC_020081,False,,,0,0,0
Hum_XLOC_020084,False,,,0,0,0
Hum_XLOC_020089,False,,,0,0,0
Hum_XLOC_020096,False,,,0,0,0
Hum_XLOC_020100,True,0.0,,0,0,0
Hum_XLOC_020101,True,0.0,,0,0,0
Hum_XLOC_020103,False,,,0,0,0
Hum_XLOC_020106,False,,,0,0,0
Hum_XLOC_020109,False,,,0,0,0
Hum_XLOC_020111,False,,,0,0,0
Hum_XLOC_020112,False,,,0,0,0
Hum_XLOC_020117,False,,,0,0,0
Hum_XLOC_020118,False,,,0,0,0
Hum_XLOC_020119,False,,,0,0,0
Hum_XLOC_020120,False,,,0,0,0
Hum_XLOC_020121,False,,,0,0,0
Hum_XLOC_020122,False,,,0,0,0
Hum_XLOC_020123,False,,,0,0,0
Hum_XLOC_020124,False,,,0,0,0
Hum_XLOC_020125,False,,,0,0,0
Hum_XLOC_020126,False,,,0,0,0
Hum_XLOC_020129,True,0.0,,0,0,0
Hum_XLOC_020133,False,,,0,0,0
Hum_XLOC_020134,False,,,0,0,0
Hum_XLOC_020137,False,,,0,0,0
Hum_XLOC_020139,False,,,0,0,0
Hum_XLOC_020140,True,0.0,,0,0,0
Hum_XLOC_020141,False,,,0,0,0
Hum_XLOC_020142,False,,,0,0,0
Hum_XLOC_020143,False,,,0,0,0
Hum_XLOC_020144,False,,,0,0,0
Hum_XLOC_020146,True,0.0,,0,0,0
Hum_XLOC_020147,False,,,0,0,0
Hum_XLOC_020148,False,,,0,0,0
Hum_XLOC_020149,False,,,0,0,0
Hum_XLOC_020150,False,,,0,0,0
Hum_XLOC_020151,False,,,0,0,0
Hum_XLOC_020156,True,0.0,,0,0,0
Hum_XLOC_020157,False,,,0,0,0
Hum_XLOC_020159,False,,,0,0,0
Hum_XLOC_020161,False,,,0,0,0
Hum_XLOC_020162,False,,,0,0,0
Hum_XLOC_020163,False,,,0,0,0
Hum_XLOC_020164,True,0.0,,0,0,0
Hum_XLOC_020165,False,,,0,0,0
Hum_XLOC_020167,False,,,0,0,0
Hum_XLOC_020168,False,,,0,0,0
Hum_XLOC_020169,False,,,0,0,0
Hum_XLOC_020171,False,,,0,0,0
Hum_XLOC_020172,True,0.0,,0,0,0
Hum_XLOC_020173,True,0.0,,0,0,0
Hum_XLOC_020174,False,,,0,0,0
Hum_XLOC_020175,False,,,0,0,0
Hum_XLOC_020176,False,,,0,0,0
Hum_XLOC_020177,False,,,0,0,0
Hum_XLOC_020178,False,,,0,0,0
Hum_XLOC_020179,False,,,0,0,0
Hum_XLOC_020180,False,,,0,0,0
Hum_XLOC_020181,False,,,0,0,0
Hum_XLOC_020182,False,,,0,0,0
Hum_XLOC_020183,False,,,0,0,0
Hum_XLOC_020187,False,,,0,0,0
Hum_XLOC_020193,False,,,0,0,0
Hum_XLOC_020194,True,0.0,,0,0,0
Hum_XLOC_020195,False,,,0,0,0
Hum_XLOC_020200,False,,,0,0,0
Hum_XLOC_020201,False,,,0,0,0
Hum_XLOC_020203,False,,,0,0,0
Hum_XLOC_020204,False,,,0,0,0
Hum_XLOC_020205,False,,,0,0,0
Hum_XLOC_020206,False,,,0,0,0
Hum_XLOC_020210,False,,,0,0,0
Hum_XLOC_020212,True,0.0,,0,0,0
Hum_XLOC_020214,True,0.0,,0,0,0
Hum_XLOC_020215,True,0.0,,0,0,0
Hum_XLOC_020221,False,,,0,0,0
Hum_XLOC_020231,False,,,0,0,0
Hum_XLOC_020235,False,,,0,0,0
Hum_XLOC_020237,False,,,0,0,0
Hum_XLOC_020238,False,,,0,0,0
Hum_XLOC_020247,False,,,0,0,0
Hum_XLOC_020251,False,,,0,0,0
Hum_XLOC_020252,False,,,0,0,0
Hum_XLOC_020255,True,0.0,,0,0,0
Hum_XLOC_020256,False,,,0,0,0
Hum_XLOC_020257,False,,,0,0,0
Hum_XLOC_020265,False,,,0,0,0
Hum_XLOC_020266,False,,,0,0,0
Hum_XLOC_020267,False,,,0,0,0
Hum_XLOC_020268,False,,,0,0,0
Hum_XLOC_020270,False,,,0,0,0
Hum_XLOC_020271,False,,,0,0,0
Hum_XLOC_020273,False,,,0,0,0
Hum_XLOC_020275,False,,,0,0,0
Hum_XLOC_020276,True,0.0,,0,0,0
Hum_XLOC_020277,False,,,0,0,0
Hum_XLOC_020278,False,,,0,0,0
Hum_XLOC_020279,False,,,0,0,0
Hum_XLOC_020281,False,,,0,0,0
Hum_XLOC_020282,True,0.0,,0,0,0
Hum_XLOC_020283,False,,,0,0,0
Hum_XLOC_020284,False,,,0,0,0
Hum_XLOC_020287,False,,,0,0,0
Hum_XLOC_020288,False,,,0,0,0
Hum_XLOC_020289,False,,,0,0,0
Hum_XLOC_020290,False,,,0,0,0
Hum_XLOC_020291,False,,,0,0,0
Hum_XLOC_020292,False,,,0,0,0
Hum_XLOC_020293,False,,,0,0,0
Hum_XLOC_020294,False,,,0,0,0
Hum_XLOC_020296,False,,,0,0,0
Hum_XLOC_020297,False,,,0,0,0
Hum_XLOC_020298,False,,,0,0,0
Hum_XLOC_020299,False,,,0,0,0
Hum_XLOC_020301,False,,,0,0,0
Hum_XLOC_020302,False,,,0,0,0
Hum_XLOC_020303,False,,,0,0,0
Hum_XLOC_020304,True,0.0,,0,0,0
Hum_XLOC_020305,False,,,0,0,0
Hum_XLOC_020306,False,,,0,0,0
Hum_XLOC_020308,False,,,0,0,0
Hum_XLOC_020309,False,,,0,0,0
Hum_XLOC_020312,False,,,0,0,0
Hum_XLOC_020314,False,,,0,0,0
Hum_XLOC_020315,False,,,0,0,0
Hum_XLOC_020316,False,,,0,0,0
Hum_XLOC_020317,False,,,0,0,0
Hum_XLOC_020319,False,,,0,0,0
Hum_XLOC_020320,False,,,0,0,0
Hum_XLOC_020321,False,,,0,0,0
Hum_XLOC_020332,False,,,0,0,0
Hum_XLOC_020333,False,,,0,0,0
Hum_XLOC_020334,False,,,0,0,0
Hum_XLOC_020335,True,0.0,,0,0,0
Hum_XLOC_020336,True,0.0,,0,0,0
Hum_XLOC_020337,False,,,0,0,0
Hum_XLOC_020338,True,0.0,,0,0,0
Hum_XLOC_020339,False,,,0,0,0
Hum_XLOC_020340,False,,,0,0,0
Hum_XLOC_020345,False,,,0,0,0
Hum_XLOC_020348,False,,,0,0,0
Hum_XLOC_020349,False,,,0,0,0
Hum_XLOC_020350,True,0.0,,0,0,0
Hum_XLOC_020351,False,,,0,0,0
Hum_XLOC_020352,True,0.0,,0,0,0
Hum_XLOC_020355,False,,,0,0,0
Hum_XLOC_020356,False,,,0,0,0
Hum_XLOC_020365,False,,,0,0,0
Hum_XLOC_020368,False,,,0,0,0
Hum_XLOC_020369,False,,,0,0,0
Hum_XLOC_020372,False,,,0,0,0
Hum_XLOC_020377,True,0.0,,0,0,0
Hum_XLOC_020378,False,,,0,0,0
Hum_XLOC_020379,False,,,0,0,0
Hum_XLOC_020384,False,,,0,0,0
Hum_XLOC_020385,False,,,0,0,0
Hum_XLOC_020386,False,,,0,0,0
Hum_XLOC_020389,False,,,0,0,0
Hum_XLOC_020394,False,,,0,0,0
Hum_XLOC_020395,False,,,0,0,0
Hum_XLOC_020398,False,,,0,0,0
Hum_XLOC_020399,False,,,0,0,0
Hum_XLOC_020400,False,,,0,0,0
Hum_XLOC_020401,True,0.0,,0,0,0
Hum_XLOC_020402,False,,,0,0,0
Hum_XLOC_020405,False,,,0,0,0
Hum_XLOC_020406,False,,,0,0,0
Hum_XLOC_020407,False,,,0,0,0
Hum_XLOC_020408,False,,,0,0,0
Hum_XLOC_020409,False,,,0,0,0
Hum_XLOC_020410,False,,,0,0,0
Hum_XLOC_020411,False,,,0,0,0
Hum_XLOC_020412,True,0.0,,0,0,0
Hum_XLOC_020418,False,,,0,0,0
Hum_XLOC_020419,False,,,0,0,0
Hum_XLOC_020420,False,,,0,0,0
Hum_XLOC_020421,False,,,0,0,0
Hum_XLOC_020422,True,0.0,,0,0,0
Hum_XLOC_020425,True,0.0,,0,0,0
Hum_XLOC_020426,False,,,0,0,0
Hum_XLOC_020431,True,0.0,,0,0,0
Hum_XLOC_020432,True,0.0,,0,0,0
Hum_XLOC_020438,True,0.0,,0,0,0
Hum_XLOC_020439,False,,,0,0,0
Hum_XLOC_020440,False,,,0,0,0
Hum_XLOC_020441,False,,,0,0,0
Hum_XLOC_020443,False,,,0,0,0
Hum_XLOC_020448,False,,,0,0,0
Hum_XLOC_020449,False,,,0,0,0
Hum_XLOC_020462,False,,,0,0,0
Hum_XLOC_020463,False,,,0,0,0
Hum_XLOC_020467,True,0.0,,0,0,0
Hum_XLOC_020468,True,0.0,,0,0,0
Hum_XLOC_020469,False,,,0,0,0
Hum_XLOC_020470,False,,,0,0,0
Hum_XLOC_020471,False,,,0,0,0
Hum_XLOC_020472,False,,,0,0,0
Hum_XLOC_020473,False,,,0,0,0
Hum_XLOC_020474,False,,,0,0,0
Hum_XLOC_020476,False,,,0,0,0
Hum_XLOC_020477,False,,,0,0,0
Hum_XLOC_020481,False,,,0,0,0
Hum_XLOC_020482,False,,,0,0,0
Hum_XLOC_020483,False,,,0,0,0
Hum_XLOC_020486,False,,,0,0,0
Hum_XLOC_020487,False,,,0,0,0
Hum_XLOC_020489,False,,,0,0,0
Hum_XLOC_020490,False,,,0,0,0
Hum_XLOC_020491,True,0.0,,0,0,0
Hum_XLOC_020493,False,,,0,0,0
Hum_XLOC_020494,False,,,0,0,0
Hum_XLOC_020495,True,0.0,,0,0,0
Hum_XLOC_020496,False,,,0,0,0
Hum_XLOC_020497,False,,,0,0,0
Hum_XLOC_020500,False,,,0,0,0
Hum_XLOC_020501,True,0.0,,0,0,0
Hum_XLOC_020509,False,,,0,0,0
Hum_XLOC_020510,False,,,0,0,0
Hum_XLOC_020523,False,,,0,0,0
Hum_XLOC_020525,False,,,0,0,0
Hum_XLOC_020526,False,,,0,0,0
Hum_XLOC_020527,False,,,0,0,0
Hum_XLOC_020528,False,,,0,0,0
Hum_XLOC_020530,True,0.0,,0,0,0
Hum_XLOC_020531,False,,,0,0,0
Hum_XLOC_020532,False,,,0,0,0
Hum_XLOC_020533,False,,,0,0,0
Hum_XLOC_020534,False,,,0,0,0
Hum_XLOC_020535,False,,,0,0,0
Hum_XLOC_020537,False,,,0,0,0
Hum_XLOC_020538,False,,,0,0,0
Hum_XLOC_020539,False,,,0,0,0
Hum_XLOC_020542,False,,,0,0,0
Hum_XLOC_020543,False,,,0,0,0
Hum_XLOC_020544,False,,,0,0,0
Hum_XLOC_020547,True,0.0,,0,0,0
Hum_XLOC_020551,False,,,0,0,0
Hum_XLOC_020552,False,,,0,0,0
Hum_XLOC_020555,False,,,0,0,0
Hum_XLOC_020556,False,,,0,0,0
Hum_XLOC_020558,False,,,0,0,0
Hum_XLOC_020584,True,0.0,,0,0,0
Hum_XLOC_020585,True,0.0,,0,0,0
Hum_XLOC_020586,False,,,0,0,0
Hum_XLOC_020588,False,,,0,0,0
Hum_XLOC_020589,False,,,0,0,0
Hum_XLOC_020592,False,,,0,0,0
Hum_XLOC_020593,False,,,0,0,0
Hum_XLOC_020594,False,,,0,0,0
Hum_XLOC_020598,False,,,0,0,0
Hum_XLOC_020600,False,,,0,0,0
Hum_XLOC_020603,False,,,0,0,0
Hum_XLOC_020605,True,0.0,,0,0,0
Hum_XLOC_020606,False,,,0,0,0
Hum_XLOC_020607,False,,,0,0,0
Hum_XLOC_020612,False,,,0,0,0
Hum_XLOC_020613,True,0.0,,0,0,0
Hum_XLOC_020616,True,0.0,,0,0,0
Hum_XLOC_020617,False,,,0,0,0
Hum_XLOC_020622,False,,,0,0,0
Hum_XLOC_020623,False,,,0,0,0
Hum_XLOC_020626,True,0.0,,0,0,0
Hum_XLOC_020627,False,,,0,0,0
Hum_XLOC_020628,False,,,0,0,0
Hum_XLOC_020630,False,,,0,0,0
Hum_XLOC_020635,False,,,0,0,0
Hum_XLOC_020636,False,,,0,0,0
Hum_XLOC_020637,False,,,0,0,0
Hum_XLOC_020639,True,0.0,,0,0,0
Hum_XLOC_020648,True,0.0,,0,0,0
Hum_XLOC_020649,False,,,0,0,0
Hum_XLOC_020650,False,,,0,0,0
Hum_XLOC_020651,True,0.0,,0,0,0
Hum_XLOC_020652,False,,,0,0,0
Hum_XLOC_020653,False,,,0,0,0
Hum_XLOC_020654,True,0.0,,0,0,0
Hum_XLOC_020655,True,0.0,,0,0,0
Hum_XLOC_020656,True,0.0,,0,0,0
Hum_XLOC_020657,False,,,0,0,0
Hum_XLOC_020661,False,,,0,0,0
Hum_XLOC_020663,False,,,0,0,0
Hum_XLOC_020670,False,,,0,0,0
Hum_XLOC_020671,False,,,0,0,0
Hum_XLOC_020683,False,,,0,0,0
Hum_XLOC_020684,True,0.0,,0,0,0
Hum_XLOC_020687,False,,,0,0,0
Hum_XLOC_020688,False,,,0,0,0
Hum_XLOC_020689,False,,,0,0,0
Hum_XLOC_020690,False,,,0,0,0
Hum_XLOC_020691,False,,,0,0,0
Hum_XLOC_020692,True,0.0,,0,0,0
Hum_XLOC_020693,False,,,0,0,0
Hum_XLOC_020694,True,0.0,,0,0,0
Hum_XLOC_020695,False,,,0,0,0
Hum_XLOC_020696,True,0.0,,0,0,0
Hum_XLOC_020698,False,,,0,0,0
Hum_XLOC_020699,False,,,0,0,0
Hum_XLOC_020705,False,,,0,0,0
Hum_XLOC_020707,False,,,0,0,0
Hum_XLOC_020709,True,0.0,,0,0,0
Hum_XLOC_020710,True,0.0,,0,0,0
Hum_XLOC_020711,False,,,0,0,0
Hum_XLOC_020712,False,,,0,0,0
Hum_XLOC_020717,False,,,0,0,0
Hum_XLOC_020718,False,,,0,0,0
Hum_XLOC_020720,True,0.0,,0,0,0
Hum_XLOC_020721,False,,,0,0,0
Hum_XLOC_020722,False,,,0,0,0
Hum_XLOC_020725,False,,,0,0,0
Hum_XLOC_020727,False,,,0,0,0
Hum_XLOC_020728,False,,,0,0,0
Hum_XLOC_020730,False,,,0,0,0
Hum_XLOC_020731,False,,,0,0,0
Hum_XLOC_020732,False,,,0,0,0
Hum_XLOC_020733,True,0.0,,0,0,0
Hum_XLOC_020734,False,,,0,0,0
Hum_XLOC_020735,False,,,0,0,0
Hum_XLOC_020742,False,,,0,0,0
Hum_XLOC_020743,False,,,0,0,0
Hum_XLOC_020750,False,,,0,0,0
Hum_XLOC_020751,True,0.0,,0,0,0
Hum_XLOC_020753,True,0.0,,0,0,0
Hum_XLOC_020754,False,,,0,0,0
Hum_XLOC_020755,False,,,0,0,0
Hum_XLOC_020756,False,,,0,0,0
Hum_XLOC_020757,False,,,0,0,0
Hum_XLOC_020760,False,,,0,0,0
Hum_XLOC_020761,False,,,0,0,0
Hum_XLOC_020762,False,,,0,0,0
Hum_XLOC_020763,False,,,0,0,0
Hum_XLOC_020764,False,,,0,0,0
Hum_XLOC_020765,False,,,0,0,0
Hum_XLOC_020767,False,,,0,0,0
Hum_XLOC_020768,False,,,0,0,0
Hum_XLOC_020770,False,,,0,0,0
Hum_XLOC_020771,False,,,0,0,0
Hum_XLOC_020774,False,,,0,0,0
Hum_XLOC_020776,False,,,0,0,0
Hum_XLOC_020777,False,,,0,0,0
Hum_XLOC_020778,False,,,0,0,0
Hum_XLOC_020779,False,,,0,0,0
Hum_XLOC_020780,False,,,0,0,0
Hum_XLOC_020786,False,,,0,0,0
Hum_XLOC_020792,False,,,0,0,0
Hum_XLOC_020793,False,,,0,0,0
Hum_XLOC_020794,False,,,0,0,0
Hum_XLOC_020795,True,0.0,,0,0,0
Hum_XLOC_020796,False,,,0,0,0
Hum_XLOC_020797,True,0.0,,0,0,0
Hum_XLOC_020798,False,,,0,0,0
Hum_XLOC_020800,False,,,0,0,0
Hum_XLOC_020805,False,,,0,0,0
Hum_XLOC_020806,True,0.0,,0,0,0
Hum_XLOC_020807,False,,,0,0,0
Hum_XLOC_020808,False,,,0,0,0
Hum_XLOC_020809,False,,,0,0,0
Hum_XLOC_020810,False,,,0,0,0
Hum_XLOC_020811,True,0.0,,0,0,0
Hum_XLOC_020812,False,,,0,0,0
Hum_XLOC_020813,False,,,0,0,0
Hum_XLOC_020816,False,,,0,0,0
Hum_XLOC_020817,False,,,0,0,0
Hum_XLOC_020821,False,,,0,0,0
Hum_XLOC_020826,True,0.0,,0,0,0
Hum_XLOC_020827,False,,,0,0,0
Hum_XLOC_020829,False,,,0,0,0
Hum_XLOC_020830,False,,,0,0,0
Hum_XLOC_020840,True,0.0,,0,0,0
Hum_XLOC_020841,False,,,0,0,0
Hum_XLOC_020842,False,,,0,0,0
Hum_XLOC_020843,False,,,0,0,0
Hum_XLOC_020852,True,0.0,,0,0,0
Hum_XLOC_020853,True,0.0,,0,0,0
Hum_XLOC_020854,False,,,0,0,0
Hum_XLOC_020855,False,,,0,0,0
Hum_XLOC_020856,False,,,0,0,0
Hum_XLOC_020858,False,,,0,0,0
Hum_XLOC_020859,False,,,0,0,0
Hum_XLOC_020866,True,0.0,,0,0,0
Hum_XLOC_020867,False,,,0,0,0
Hum_XLOC_020870,False,,,0,0,0
Hum_XLOC_020871,False,,,0,0,0
Hum_XLOC_020872,False,,,0,0,0
Hum_XLOC_020874,True,0.0,,0,0,0
Hum_XLOC_020875,False,,,0,0,0
Hum_XLOC_020877,True,0.0,,0,0,0
Hum_XLOC_020878,False,,,0,0,0
Hum_XLOC_020880,False,,,0,0,0
Hum_XLOC_020882,False,,,0,0,0
Hum_XLOC_020883,False,,,0,0,0
Hum_XLOC_020884,False,,,0,0,0
Hum_XLOC_020887,False,,,0,0,0
Hum_XLOC_020888,False,,,0,0,0
Hum_XLOC_020889,True,0.0,,0,0,0
Hum_XLOC_020891,False,,,0,0,0
Hum_XLOC_020892,False,,,0,0,0
Hum_XLOC_020893,False,,,0,0,0
Hum_XLOC_020894,False,,,0,0,0
Hum_XLOC_020895,False,,,0,0,0
Hum_XLOC_020896,False,,,0,0,0
Hum_XLOC_020897,False,,,0,0,0
Hum_XLOC_020898,True,0.0,,0,0,0
Hum_XLOC_020905,True,0.0,,0,0,0
Hum_XLOC_020906,False,,,0,0,0
Hum_XLOC_020910,False,,,0,0,0
Hum_XLOC_020912,False,,,0,0,0
Hum_XLOC_020913,False,,,0,0,0
Hum_XLOC_020914,True,0.0,,0,0,0
Hum_XLOC_020915,True,0.0,,0,0,0
Hum_XLOC_020916,False,,,0,0,0
Hum_XLOC_020919,False,,,0,0,0
Hum_XLOC_020921,False,,,0,0,0
Hum_XLOC_020922,False,,,0,0,0
Hum_XLOC_020923,True,0.0,,0,0,0
Hum_XLOC_020924,False,,,0,0,0
Hum_XLOC_020925,False,,,0,0,0
Hum_XLOC_020926,False,,,0,0,0
Hum_XLOC_020927,False,,,0,0,0
Hum_XLOC_020928,False,,,0,0,0
Hum_XLOC_020930,False,,,0,0,0
Hum_XLOC_020931,False,,,0,0,0
Hum_XLOC_020932,False,,,0,0,0
Hum_XLOC_020933,True,0.0,,0,0,0
Hum_XLOC_020934,False,,,0,0,0
Hum_XLOC_020935,False,,,0,0,0
Hum_XLOC_020938,False,,,0,0,0
Hum_XLOC_020940,False,,,0,0,0
Hum_XLOC_020941,False,,,0,0,0
Hum_XLOC_020942,False,,,0,0,0
Hum_XLOC_020943,False,,,0,0,0
Hum_XLOC_020944,False,,,0,0,0
Hum_XLOC_020945,False,,,0,0,0
Hum_XLOC_020946,False,,,0,0,0
Hum_XLOC_020947,False,,,0,0,0
Hum_XLOC_020948,False,,,0,0,0
Hum_XLOC_020949,False,,,0,0,0
Hum_XLOC_020951,False,,,0,0,0
Hum_XLOC_020952,False,,,0,0,0
Hum_XLOC_020953,False,,,0,0,0
Hum_XLOC_020954,False,,,0,0,0
Hum_XLOC_020957,False,,,0,0,0
Hum_XLOC_020960,True,0.0,,0,0,0
Hum_XLOC_020961,False,,,0,0,0
Hum_XLOC_020962,False,,,0,0,0
Hum_XLOC_020963,False,,,0,0,0
Hum_XLOC_020965,False,,,0,0,0
Hum_XLOC_020966,False,,,0,0,0
Hum_XLOC_020975,False,,,0,0,0
Hum_XLOC_020981,False,,,0,0,0
Hum_XLOC_020989,False,,,0,0,0
Hum_XLOC_020990,False,,,0,0,0
Hum_XLOC_020992,False,,,0,0,0
Hum_XLOC_020994,False,,,0,0,0
Hum_XLOC_020995,False,,,0,0,0
Hum_XLOC_021001,False,,,0,0,0
Hum_XLOC_021004,True,0.0,,0,0,0
Hum_XLOC_021006,False,,,0,0,0
Hum_XLOC_021007,False,,,0,0,0
Hum_XLOC_021008,False,,,0,0,0
Hum_XLOC_021011,False,,,0,0,0
Hum_XLOC_021013,False,,,0,0,0
Hum_XLOC_021019,True,0.0,,0,0,0
Hum_XLOC_021020,True,0.0,,0,0,0
Hum_XLOC_021021,False,,,0,0,0
Hum_XLOC_021022,False,,,0,0,0
Hum_XLOC_021026,True,0.0,,0,0,0
Hum_XLOC_021027,True,0.0,,0,0,0
Hum_XLOC_021028,False,,,0,0,0
Hum_XLOC_021029,False,,,0,0,0
Hum_XLOC_021033,True,0.0,,0,0,0
Hum_XLOC_021035,False,,,0,0,0
Hum_XLOC_021036,True,0.0,,0,0,0
Hum_XLOC_021037,False,,,0,0,0
Hum_XLOC_021038,False,,,0,0,0
Hum_XLOC_021039,False,,,0,0,0
Hum_XLOC_021040,False,,,0,0,0
Hum_XLOC_021041,False,,,0,0,0
Hum_XLOC_021043,False,,,0,0,0
Hum_XLOC_021044,False,,,0,0,0
Hum_XLOC_021052,False,,,0,0,0
Hum_XLOC_021053,False,,,0,0,0
Hum_XLOC_021054,False,,,0,0,0
Hum_XLOC_021055,True,0.0,,0,0,0
Hum_XLOC_021056,False,,,0,0,0
Hum_XLOC_021058,False,,,0,0,0
Hum_XLOC_021060,False,,,0,0,0
Hum_XLOC_021061,False,,,0,0,0
Hum_XLOC_021063,False,,,0,0,0
Hum_XLOC_021064,True,0.0,,0,0,0
Hum_XLOC_021065,True,0.0,,0,0,0
Hum_XLOC_021066,True,0.0,,0,0,0
Hum_XLOC_021067,False,,,0,0,0
Hum_XLOC_021070,False,,,0,0,0
Hum_XLOC_021071,False,,,0,0,0
Hum_XLOC_021074,False,,,0,0,0
Hum_XLOC_021075,True,0.0,,0,0,0
Hum_XLOC_021076,False,,,0,0,0
Hum_XLOC_021077,False,,,0,0,0
Hum_XLOC_021078,False,,,0,0,0
Hum_XLOC_021081,False,,,0,0,0
Hum_XLOC_021082,True,0.0,,0,0,0
Hum_XLOC_021092,True,0.0,,0,0,0
Hum_XLOC_021095,True,0.0,,0,0,0
Hum_XLOC_021097,False,,,0,0,0
Hum_XLOC_021098,True,0.0,,0,0,0
Hum_XLOC_021099,True,0.0,,0,0,0
Hum_XLOC_021101,True,0.0,,0,0,0
Hum_XLOC_021102,True,0.0,,0,0,0
Hum_XLOC_021107,False,,,0,0,0
Hum_XLOC_021108,False,,,0,0,0
Hum_XLOC_021112,True,0.0,,0,0,0
Hum_XLOC_021113,False,,,0,0,0
Hum_XLOC_021118,False,,,0,0,0
Hum_XLOC_021119,False,,,0,0,0
Hum_XLOC_021121,True,0.0,,0,0,0
Hum_XLOC_021122,True,0.0,,0,0,0
Hum_XLOC_021123,False,,,0,0,0
Hum_XLOC_021125,False,,,0,0,0
Hum_XLOC_021126,True,0.0,,0,0,0
Hum_XLOC_021127,False,,,0,0,0
Hum_XLOC_021128,False,,,0,0,0
Hum_XLOC_021130,False,,,0,0,0
Hum_XLOC_021133,True,0.0,,0,0,0
Hum_XLOC_021135,True,0.0,,0,0,0
Hum_XLOC_021136,False,,,0,0,0
Hum_XLOC_021137,False,,,0,0,0
Hum_XLOC_021138,False,,,0,0,0
Hum_XLOC_021140,True,0.0,,0,0,0
Hum_XLOC_021141,True,0.0,,0,0,0
Hum_XLOC_021143,False,,,0,0,0
Hum_XLOC_021148,True,0.0,,0,0,0
Hum_XLOC_021150,False,,,0,0,0
Hum_XLOC_021155,False,,,0,0,0
Hum_XLOC_021156,False,,,0,0,0
Hum_XLOC_021157,False,,,0,0,0
Hum_XLOC_021158,False,,,0,0,0
Hum_XLOC_021159,False,,,0,0,0
Hum_XLOC_021163,False,,,0,0,0
Hum_XLOC_021164,False,,,0,0,0
Hum_XLOC_021166,True,0.0,,0,0,0
Hum_XLOC_021167,False,,,0,0,0
Hum_XLOC_021168,False,,,0,0,0
Hum_XLOC_021169,False,,,0,0,0
Hum_XLOC_021171,True,0.0,,0,0,0
Hum_XLOC_021175,False,,,0,0,0
Hum_XLOC_021177,False,,,0,0,0
Hum_XLOC_021185,False,,,0,0,0
Hum_XLOC_021196,False,,,0,0,0
Hum_XLOC_021197,False,,,0,0,0
Hum_XLOC_021199,False,,,0,0,0
Hum_XLOC_021203,True,0.0,,0,0,0
Hum_XLOC_021207,False,,,0,0,0
Hum_XLOC_021208,False,,,0,0,0
Hum_XLOC_021209,False,,,0,0,0
Hum_XLOC_021210,False,,,0,0,0
Hum_XLOC_021214,True,0.0,,0,0,0
Hum_XLOC_021216,False,,,0,0,0
Hum_XLOC_021217,False,,,0,0,0
Hum_XLOC_021218,False,,,0,0,0
Hum_XLOC_021233,False,,,0,0,0
Hum_XLOC_021236,True,0.0,,0,0,0
Hum_XLOC_021237,False,,,0,0,0
Hum_XLOC_021239,False,,,0,0,0
Hum_XLOC_021243,False,,,0,0,0
Hum_XLOC_021245,True,0.0,,0,0,0
Hum_XLOC_021246,False,,,0,0,0
Hum_XLOC_021247,False,,,0,0,0
Hum_XLOC_021248,False,,,0,0,0
Hum_XLOC_021249,False,,,0,0,0
Hum_XLOC_021253,False,,,0,0,0
Hum_XLOC_021255,True,0.0,,0,0,0
Hum_XLOC_021260,False,,,0,0,0
Hum_XLOC_021268,False,,,0,0,0
Hum_XLOC_021269,False,,,0,0,0
Hum_XLOC_021270,False,,,0,0,0
Hum_XLOC_021271,False,,,0,0,0
Hum_XLOC_021272,False,,,0,0,0
Hum_XLOC_021273,False,,,0,0,0
Hum_XLOC_021274,False,,,0,0,0
Hum_XLOC_021275,True,0.0,,0,0,0
Hum_XLOC_021276,False,,,0,0,0
Hum_XLOC_021277,True,0.0,,0,0,0
Hum_XLOC_021278,False,,,0,0,0
Hum_XLOC_021283,False,,,0,0,0
Hum_XLOC_021290,True,0.0,,0,0,0
Hum_XLOC_021292,False,,,0,0,0
Hum_XLOC_021295,False,,,0,0,0
Hum_XLOC_021296,False,,,0,0,0
Hum_XLOC_021298,True,0.0,,0,0,0
Hum_XLOC_021300,False,,,0,0,0
Hum_XLOC_021305,True,0.0,,0,0,0
Hum_XLOC_021309,True,0.0,,0,0,0
Hum_XLOC_021312,False,,,0,0,0
Hum_XLOC_021313,False,,,0,0,0
Hum_XLOC_021314,True,0.0,,0,0,0
Hum_XLOC_021315,False,,,0,0,0
Hum_XLOC_021317,True,0.0,,0,0,0
Hum_XLOC_021318,False,,,0,0,0
Hum_XLOC_021319,True,0.0,,0,0,0
Hum_XLOC_021323,False,,,0,0,0
Hum_XLOC_021324,False,,,0,0,0
Hum_XLOC_021325,False,,,0,0,0
Hum_XLOC_021326,False,,,0,0,0
Hum_XLOC_021327,False,,,0,0,0
Hum_XLOC_021328,False,,,0,0,0
Hum_XLOC_021332,False,,,0,0,0
Hum_XLOC_021340,False,,,0,0,0
Hum_XLOC_021341,True,0.0,,0,0,0
Hum_XLOC_021343,True,0.0,,0,0,0
Hum_XLOC_021345,False,,,0,0,0
Hum_XLOC_021347,False,,,0,0,0
Hum_XLOC_021348,False,,,0,0,0
Hum_XLOC_021353,False,,,0,0,0
Hum_XLOC_021358,False,,,0,0,0
Hum_XLOC_021359,False,,,0,0,0
Hum_XLOC_021361,False,,,0,0,0
Hum_XLOC_021362,False,,,0,0,0
Hum_XLOC_021365,False,,,0,0,0
Hum_XLOC_021378,True,0.0,,0,0,0
Hum_XLOC_021379,True,0.0,,0,0,0
Hum_XLOC_021381,False,,,0,0,0
Hum_XLOC_021382,False,,,0,0,0
Hum_XLOC_021383,False,,,0,0,0
Hum_XLOC_021384,False,,,0,0,0
Hum_XLOC_021385,False,,,0,0,0
Hum_XLOC_021386,False,,,0,0,0
Hum_XLOC_021387,False,,,0,0,0
Hum_XLOC_021388,True,0.0,,0,0,0
Hum_XLOC_021390,False,,,0,0,0
Hum_XLOC_021391,False,,,0,0,0
Hum_XLOC_021392,False,,,0,0,0
Hum_XLOC_021394,False,,,0,0,0
Hum_XLOC_021395,True,0.0,,0,0,0
Hum_XLOC_021396,False,,,0,0,0
Hum_XLOC_021397,False,,,0,0,0
Hum_XLOC_021398,False,,,0,0,0
Hum_XLOC_021401,True,0.0,,0,0,0
Hum_XLOC_021402,False,,,0,0,0
Hum_XLOC_021405,False,,,0,0,0
Hum_XLOC_021406,False,,,0,0,0
Hum_XLOC_021408,False,,,0,0,0
Hum_XLOC_021409,False,,,0,0,0
Hum_XLOC_021410,False,,,0,0,0
Hum_XLOC_021411,False,,,0,0,0
Hum_XLOC_021413,False,,,0,0,0
Hum_XLOC_021415,False,,,0,0,0
Hum_XLOC_021416,False,,,0,0,0
Hum_XLOC_021417,True,0.0,,0,0,0
Hum_XLOC_021422,False,,,0,0,0
Hum_XLOC_021423,False,,,0,0,0
Hum_XLOC_021424,False,,,0,0,0
Hum_XLOC_021425,False,,,0,0,0
Hum_XLOC_021426,False,,,0,0,0
Hum_XLOC_021427,False,,,0,0,0
Hum_XLOC_021428,False,,,0,0,0
Hum_XLOC_021432,False,,,0,0,0
Hum_XLOC_021433,False,,,0,0,0
Hum_XLOC_021437,False,,,0,0,0
Hum_XLOC_021441,False,,,0,0,0
Hum_XLOC_021443,False,,,0,0,0
Hum_XLOC_021444,False,,,0,0,0
Hum_XLOC_021445,False,,,0,0,0
Hum_XLOC_021449,False,,,0,0,0
Hum_XLOC_021450,False,,,0,0,0
Hum_XLOC_021453,True,0.0,,0,0,0
Hum_XLOC_021458,True,0.0,,0,0,0
Hum_XLOC_021459,False,,,0,0,0
Hum_XLOC_021460,False,,,0,0,0
Hum_XLOC_021461,False,,,0,0,0
Hum_XLOC_021462,False,,,0,0,0
Hum_XLOC_021466,False,,,0,0,0
Hum_XLOC_021467,False,,,0,0,0
Hum_XLOC_021472,False,,,0,0,0
Hum_XLOC_021473,False,,,0,0,0
Hum_XLOC_021474,False,,,0,0,0
Hum_XLOC_021477,False,,,0,0,0
Hum_XLOC_021478,True,0.0,,0,0,0
Hum_XLOC_021482,True,0.0,,0,0,0
Hum_XLOC_021483,True,0.0,,0,0,0
Hum_XLOC_021484,True,0.0,,0,0,0
Hum_XLOC_021485,True,0.0,,0,0,0
Hum_XLOC_021486,True,0.0,,0,0,0
Hum_XLOC_021488,False,,,0,0,0
Hum_XLOC_021492,False,,,0,0,0
Hum_XLOC_021495,False,,,0,0,0
Hum_XLOC_021496,True,0.0,,0,0,0
Hum_XLOC_021498,False,,,0,0,0
Hum_XLOC_021499,False,,,0,0,0
Hum_XLOC_021501,False,,,0,0,0
Hum_XLOC_021502,False,,,0,0,0
Hum_XLOC_021503,False,,,0,0,0
Hum_XLOC_021504,False,,,0,0,0
Hum_XLOC_021506,False,,,0,0,0
Hum_XLOC_021508,False,,,0,0,0
Hum_XLOC_021511,False,,,0,0,0
Hum_XLOC_021512,False,,,0,0,0
Hum_XLOC_021513,False,,,0,0,0
Hum_XLOC_021514,False,,,0,0,0
Hum_XLOC_021515,False,,,0,0,0
Hum_XLOC_021516,False,,,0,0,0
Hum_XLOC_021518,True,0.0,,0,0,0
Hum_XLOC_021519,False,,,0,0,0
Hum_XLOC_021520,False,,,0,0,0
Hum_XLOC_021521,False,,,0,0,0
Hum_XLOC_021522,False,,,0,0,0
Hum_XLOC_021523,False,,,0,0,0
Hum_XLOC_021524,False,,,0,0,0
Hum_XLOC_021525,False,,,0,0,0
Hum_XLOC_021526,True,0.0,,0,0,0
Hum_XLOC_021527,False,,,0,0,0
Hum_XLOC_021528,True,0.0,,0,0,0
Hum_XLOC_021529,False,,,0,0,0
Hum_XLOC_021530,True,0.0,,0,0,0
Hum_XLOC_021532,False,,,0,0,0
Hum_XLOC_021533,False,,,0,0,0
Hum_XLOC_021534,True,0.0,,0,0,0
Hum_XLOC_021537,False,,,0,0,0
Hum_XLOC_021538,False,,,0,0,0
Hum_XLOC_021539,False,,,0,0,0
Hum_XLOC_021540,False,,,0,0,0
Hum_XLOC_021541,True,0.0,,0,0,0
Hum_XLOC_021555,True,0.0,,0,0,0
Hum_XLOC_021557,False,,,0,0,0
Hum_XLOC_021558,True,0.0,,0,0,0
Hum_XLOC_021559,True,0.0,,0,0,0
Hum_XLOC_021563,False,,,0,0,0
Hum_XLOC_021566,False,,,0,0,0
Hum_XLOC_021568,False,,,0,0,0
Hum_XLOC_021574,True,0.0,,0,0,0
Hum_XLOC_021578,False,,,0,0,0
Hum_XLOC_021579,True,0.0,,0,0,0
Hum_XLOC_021582,False,,,0,0,0
Hum_XLOC_021587,False,,,0,0,0
Hum_XLOC_021589,True,0.0,,0,0,0
Hum_XLOC_021592,False,,,0,0,0
Hum_XLOC_021593,False,,,0,0,0
Hum_XLOC_021594,False,,,0,0,0
Hum_XLOC_021595,False,,,0,0,0
Hum_XLOC_021596,False,,,0,0,0
Hum_XLOC_021597,False,,,0,0,0
Hum_XLOC_021598,False,,,0,0,0
Hum_XLOC_021601,False,,,0,0,0
Hum_XLOC_021604,False,,,0,0,0
Hum_XLOC_021605,False,,,0,0,0
Hum_XLOC_021608,False,,,0,0,0
Hum_XLOC_021609,False,,,0,0,0
Hum_XLOC_021610,False,,,0,0,0
Hum_XLOC_021611,False,,,0,0,0
Hum_XLOC_021612,False,,,0,0,0
Hum_XLOC_021614,False,,,0,0,0
Hum_XLOC_021626,False,,,0,0,0
Hum_XLOC_021628,False,,,0,0,0
Hum_XLOC_021629,False,,,0,0,0
Hum_XLOC_021630,False,,,0,0,0
Hum_XLOC_021631,False,,,0,0,0
Hum_XLOC_021633,False,,,0,0,0
Hum_XLOC_021634,False,,,0,0,0
Hum_XLOC_021635,False,,,0,0,0
Hum_XLOC_021636,False,,,0,0,0
Hum_XLOC_021637,False,,,0,0,0
Hum_XLOC_021638,False,,,0,0,0
Hum_XLOC_021639,False,,,0,0,0
Hum_XLOC_021640,False,,,0,0,0
Hum_XLOC_021641,False,,,0,0,0
Hum_XLOC_021646,False,,,0,0,0
Hum_XLOC_021647,True,0.0,,0,0,0
Hum_XLOC_021656,False,,,0,0,0
Hum_XLOC_021659,False,,,0,0,0
Hum_XLOC_021661,False,,,0,0,0
Hum_XLOC_021668,False,,,0,0,0
Hum_XLOC_021669,False,,,0,0,0
Hum_XLOC_021674,False,,,0,0,0
Hum_XLOC_021680,False,,,0,0,0
Hum_XLOC_021682,False,,,0,0,0
Hum_XLOC_021683,True,0.0,,0,0,0
Hum_XLOC_021684,False,,,0,0,0
Hum_XLOC_021685,True,0.0,,0,0,0
Hum_XLOC_021686,False,,,0,0,0
Hum_XLOC_021688,True,0.0,,0,0,0
Hum_XLOC_021692,False,,,0,0,0
Hum_XLOC_021693,False,,,0,0,0
Hum_XLOC_021700,True,0.0,,0,0,0
Hum_XLOC_021701,False,,,0,0,0
Hum_XLOC_021702,True,0.0,,0,0,0
Hum_XLOC_021705,False,,,0,0,0
Hum_XLOC_021706,True,0.0,,0,0,0
Hum_XLOC_021708,False,,,0,0,0
Hum_XLOC_021713,False,,,0,0,0
Hum_XLOC_021715,True,0.0,,0,0,0
Hum_XLOC_021720,True,0.0,,0,0,0
Hum_XLOC_021725,False,,,0,0,0
Hum_XLOC_021727,False,,,0,0,0
Hum_XLOC_021732,False,,,0,0,0
Hum_XLOC_021733,False,,,0,0,0
Hum_XLOC_021737,False,,,0,0,0
Hum_XLOC_021740,True,0.0,,0,0,0
Hum_XLOC_021741,True,0.0,,0,0,0
Hum_XLOC_021742,False,,,0,0,0
Hum_XLOC_021743,False,,,0,0,0
Hum_XLOC_021745,False,,,0,0,0
Hum_XLOC_021746,False,,,0,0,0
Hum_XLOC_021748,True,0.0,,0,0,0
Hum_XLOC_021752,False,,,0,0,0
Hum_XLOC_021767,False,,,0,0,0
Hum_XLOC_021768,False,,,0,0,0
Hum_XLOC_021788,False,,,0,0,0
Hum_XLOC_021802,True,0.0,,0,0,0
Hum_XLOC_021803,True,0.0,,0,0,0
Hum_XLOC_021804,False,,,0,0,0
Hum_XLOC_021806,False,,,0,0,0
Hum_XLOC_021813,True,0.0,,0,0,0
Hum_XLOC_021815,False,,,0,0,0
Hum_XLOC_021819,False,,,0,0,0
Hum_XLOC_021820,False,,,0,0,0
Hum_XLOC_021821,True,0.0,,0,0,0
Hum_XLOC_021822,False,,,0,0,0
Hum_XLOC_021823,True,0.0,,0,0,0
Hum_XLOC_021824,True,0.0,,0,0,0
Hum_XLOC_021827,False,,,0,0,0
Hum_XLOC_021831,False,,,0,0,0
Hum_XLOC_021833,False,,,0,0,0
Hum_XLOC_021834,True,0.0,,0,0,0
Hum_XLOC_021841,False,,,0,0,0
Hum_XLOC_021845,False,,,0,0,0
Hum_XLOC_021846,False,,,0,0,0
Hum_XLOC_021847,True,0.0,,0,0,0
Hum_XLOC_021852,True,0.0,,0,0,0
Hum_XLOC_021854,False,,,0,0,0
Hum_XLOC_021861,False,,,0,0,0
Hum_XLOC_021862,False,,,0,0,0
Hum_XLOC_021863,False,,,0,0,0
Hum_XLOC_021867,True,0.0,,0,0,0
Hum_XLOC_021869,True,0.0,,0,0,0
Hum_XLOC_021870,False,,,0,0,0
Hum_XLOC_021872,False,,,0,0,0
Hum_XLOC_021876,True,0.0,,0,0,0
Hum_XLOC_021878,False,,,0,0,0
Hum_XLOC_021879,True,0.0,,0,0,0
Hum_XLOC_021880,False,,,0,0,0
Hum_XLOC_021881,True,0.0,,0,0,0
Hum_XLOC_021882,False,,,0,0,0
Hum_XLOC_021883,False,,,0,0,0
Hum_XLOC_021884,False,,,0,0,0
Hum_XLOC_021890,False,,,0,0,0
Hum_XLOC_021893,True,0.0,,0,0,0
Hum_XLOC_021894,True,0.0,,0,0,0
Hum_XLOC_021897,False,,,0,0,0
Hum_XLOC_021898,False,,,0,0,0
Hum_XLOC_021899,False,,,0,0,0
Hum_XLOC_021900,False,,,0,0,0
Hum_XLOC_021901,True,0.0,,0,0,0
Hum_XLOC_021902,False,,,0,0,0
Hum_XLOC_021904,False,,,0,0,0
Hum_XLOC_021905,True,0.0,,0,0,0
Hum_XLOC_021910,True,0.0,,0,0,0
Hum_XLOC_021912,True,0.0,,0,0,0
Hum_XLOC_021914,False,,,0,0,0
Hum_XLOC_021916,False,,,0,0,0
Hum_XLOC_021917,False,,,0,0,0
Hum_XLOC_021919,False,,,0,0,0
Hum_XLOC_021926,True,0.0,,0,0,0
Hum_XLOC_021930,True,0.0,,0,0,0
Hum_XLOC_021931,True,0.0,,0,0,0
Hum_XLOC_021934,True,0.0,,0,0,0
Hum_XLOC_021936,True,0.0,,0,0,0
Hum_XLOC_021937,False,,,0,0,0
Hum_XLOC_021942,False,,,0,0,0
Hum_XLOC_021943,False,,,0,0,0
Hum_XLOC_021948,False,,,0,0,0
Hum_XLOC_021950,False,,,0,0,0
Hum_XLOC_021951,False,,,0,0,0
Hum_XLOC_021953,True,0.0,,0,0,0
Hum_XLOC_021954,False,,,0,0,0
Hum_XLOC_021958,False,,,0,0,0
Hum_XLOC_021961,False,,,0,0,0
Hum_XLOC_021962,False,,,0,0,0
Hum_XLOC_021963,True,0.0,,0,0,0
Hum_XLOC_021967,False,,,0,0,0
Hum_XLOC_021968,False,,,0,0,0
Hum_XLOC_021969,False,,,0,0,0
Hum_XLOC_021970,True,0.0,,0,0,0
Hum_XLOC_021971,False,,,0,0,0
Hum_XLOC_021972,False,,,0,0,0
Hum_XLOC_021975,False,,,0,0,0
Hum_XLOC_021976,False,,,0,0,0
Hum_XLOC_021981,False,,,0,0,0
Hum_XLOC_021982,False,,,0,0,0
Hum_XLOC_021983,False,,,0,0,0
Hum_XLOC_021984,False,,,0,0,0
Hum_XLOC_021985,True,0.0,,0,0,0
Hum_XLOC_021986,False,,,0,0,0
Hum_XLOC_021987,False,,,0,0,0
Hum_XLOC_021988,False,,,0,0,0
Hum_XLOC_021990,False,,,0,0,0
Hum_XLOC_021991,False,,,0,0,0
Hum_XLOC_021992,False,,,0,0,0
Hum_XLOC_021993,False,,,0,0,0
Hum_XLOC_021994,False,,,0,0,0
Hum_XLOC_021995,False,,,0,0,0
Hum_XLOC_021997,False,,,0,0,0
Hum_XLOC_021999,False,,,0,0,0
Hum_XLOC_022000,False,,,0,0,0
Hum_XLOC_022001,False,,,0,0,0
Hum_XLOC_022002,False,,,0,0,0
Hum_XLOC_022003,False,,,0,0,0
Hum_XLOC_022005,False,,,0,0,0
Hum_XLOC_022006,False,,,0,0,0
Hum_XLOC_022007,False,,,0,0,0
Hum_XLOC_022014,True,0.0,,0,0,0
Hum_XLOC_022015,False,,,0,0,0
Hum_XLOC_022016,True,0.0,,0,0,0
Hum_XLOC_022017,False,,,0,0,0
Hum_XLOC_022018,False,,,0,0,0
Hum_XLOC_022019,False,,,0,0,0
Hum_XLOC_022020,False,,,0,0,0
Hum_XLOC_022025,False,,,0,0,0
Hum_XLOC_022026,False,,,0,0,0
Hum_XLOC_022027,False,,,0,0,0
Hum_XLOC_022028,False,,,0,0,0
Hum_XLOC_022030,False,,,0,0,0
Hum_XLOC_022038,False,,,0,0,0
Hum_XLOC_022039,False,,,0,0,0
Hum_XLOC_022042,False,,,0,0,0
Hum_XLOC_022044,True,0.0,,0,0,0
Hum_XLOC_022045,True,0.0,,0,0,0
Hum_XLOC_022046,False,,,0,0,0
Hum_XLOC_022051,False,,,0,0,0
Hum_XLOC_022053,False,,,0,0,0
Hum_XLOC_022057,True,0.0,,0,0,0
Hum_XLOC_022058,False,,,0,0,0
Hum_XLOC_022059,True,0.0,,0,0,0
Hum_XLOC_022060,False,,,0,0,0
Hum_XLOC_022065,False,,,0,0,0
Hum_XLOC_022066,False,,,0,0,0
Hum_XLOC_022067,False,,,0,0,0
Hum_XLOC_022068,False,,,0,0,0
Hum_XLOC_022069,True,0.0,,0,0,0
Hum_XLOC_022070,True,0.0,,0,0,0
Hum_XLOC_022071,False,,,0,0,0
Hum_XLOC_022076,False,,,0,0,0
Hum_XLOC_022077,False,,,0,0,0
Hum_XLOC_022082,True,0.0,,0,0,0
Hum_XLOC_022083,True,0.0,,0,0,0
Hum_XLOC_022084,True,0.0,,0,0,0
Hum_XLOC_022086,True,0.0,,0,0,0
Hum_XLOC_022087,False,,,0,0,0
Hum_XLOC_022088,True,0.0,,0,0,0
Hum_XLOC_022089,True,0.0,,0,0,0
Hum_XLOC_022091,False,,,0,0,0
Hum_XLOC_022092,False,,,0,0,0
Hum_XLOC_022093,False,,,0,0,0
Hum_XLOC_022094,False,,,0,0,0
Hum_XLOC_022095,False,,,0,0,0
Hum_XLOC_022113,False,,,0,0,0
Hum_XLOC_022116,False,,,0,0,0
Hum_XLOC_022119,False,,,0,0,0
Hum_XLOC_022121,False,,,0,0,0
Hum_XLOC_022124,False,,,0,0,0
Hum_XLOC_022125,False,,,0,0,0
Hum_XLOC_022128,True,0.0,,0,0,0
Hum_XLOC_022129,False,,,0,0,0
Hum_XLOC_022130,True,0.0,,0,0,0
Hum_XLOC_022134,False,,,0,0,0
Hum_XLOC_022135,True,0.0,,0,0,0
Hum_XLOC_022136,True,0.0,,0,0,0
Hum_XLOC_022137,False,,,0,0,0
Hum_XLOC_022139,False,,,0,0,0
Hum_XLOC_022141,False,,,0,0,0
Hum_XLOC_022143,False,,,0,0,0
Hum_XLOC_022145,False,,,0,0,0
Hum_XLOC_022146,False,,,0,0,0
Hum_XLOC_022148,False,,,0,0,0
Hum_XLOC_022149,True,0.0,,0,0,0
Hum_XLOC_022155,False,,,0,0,0
Hum_XLOC_022156,True,0.0,,0,0,0
Hum_XLOC_022157,False,,,0,0,0
Hum_XLOC_022158,False,,,0,0,0
Hum_XLOC_022159,True,0.0,,0,0,0
Hum_XLOC_022160,False,,,0,0,0
Hum_XLOC_022161,False,,,0,0,0
Hum_XLOC_022162,False,,,0,0,0
Hum_XLOC_022163,False,,,0,0,0
Hum_XLOC_022164,True,0.0,,0,0,0
Hum_XLOC_022165,True,0.0,,0,0,0
Hum_XLOC_022166,False,,,0,0,0
Hum_XLOC_022167,False,,,0,0,0
Hum_XLOC_022168,False,,,0,0,0
Hum_XLOC_022169,False,,,0,0,0
Hum_XLOC_022170,False,,,0,0,0
Hum_XLOC_022171,False,,,0,0,0
Hum_XLOC_022172,False,,,0,0,0
Hum_XLOC_022173,False,,,0,0,0
Hum_XLOC_022174,True,0.0,,0,0,0
Hum_XLOC_022175,False,,,0,0,0
Hum_XLOC_022176,False,,,0,0,0
Hum_XLOC_022177,False,,,0,0,0
Hum_XLOC_022178,True,0.0,,0,0,0
Hum_XLOC_022179,False,,,0,0,0
Hum_XLOC_022180,True,0.0,,0,0,0
Hum_XLOC_022181,False,,,0,0,0
Hum_XLOC_022189,False,,,0,0,0
Hum_XLOC_022190,False,,,0,0,0
Hum_XLOC_022191,False,,,0,0,0
Hum_XLOC_022192,False,,,0,0,0
Hum_XLOC_022193,False,,,0,0,0
Hum_XLOC_022194,False,,,0,0,0
Hum_XLOC_022195,False,,,0,0,0
Hum_XLOC_022196,False,,,0,0,0
Hum_XLOC_022197,True,0.0,,0,0,0
Hum_XLOC_022198,False,,,0,0,0
Hum_XLOC_022199,False,,,0,0,0
Hum_XLOC_022200,False,,,0,0,0
Hum_XLOC_022203,False,,,0,0,0
Hum_XLOC_022204,False,,,0,0,0
Hum_XLOC_022205,False,,,0,0,0
Hum_XLOC_022206,False,,,0,0,0
Hum_XLOC_022208,False,,,0,0,0
Hum_XLOC_022210,False,,,0,0,0
Hum_XLOC_022211,False,,,0,0,0
Hum_XLOC_022212,True,0.0,,0,0,0
Hum_XLOC_022214,True,0.0,,0,0,0
Hum_XLOC_022216,False,,,0,0,0
Hum_XLOC_022222,False,,,0,0,0
Hum_XLOC_022223,False,,,0,0,0
Hum_XLOC_022224,False,,,0,0,0
Hum_XLOC_022228,False,,,0,0,0
Hum_XLOC_022229,False,,,0,0,0
Hum_XLOC_022235,False,,,0,0,0
Hum_XLOC_022236,True,0.0,,0,0,0
Hum_XLOC_022237,False,,,0,0,0
Hum_XLOC_022239,True,0.0,,0,0,0
Hum_XLOC_022243,False,,,0,0,0
Hum_XLOC_022244,False,,,0,0,0
Hum_XLOC_022256,False,,,0,0,0
Hum_XLOC_022259,False,,,0,0,0
Hum_XLOC_022270,False,,,0,0,0
Hum_XLOC_022271,False,,,0,0,0
Hum_XLOC_022272,False,,,0,0,0
Hum_XLOC_022273,False,,,0,0,0
Hum_XLOC_022274,False,,,0,0,0
Hum_XLOC_022275,False,,,0,0,0
Hum_XLOC_022276,False,,,0,0,0
Hum_XLOC_022277,False,,,0,0,0
Hum_XLOC_022278,False,,,0,0,0
Hum_XLOC_022279,True,0.0,,0,0,0
Hum_XLOC_022280,False,,,0,0,0
Hum_XLOC_022281,False,,,0,0,0
Hum_XLOC_022282,False,,,0,0,0
Hum_XLOC_022283,False,,,0,0,0
Hum_XLOC_022284,False,,,0,0,0
Hum_XLOC_022285,False,,,0,0,0
Hum_XLOC_022287,False,,,0,0,0
Hum_XLOC_022288,False,,,0,0,0
Hum_XLOC_022289,False,,,0,0,0
Hum_XLOC_022290,False,,,0,0,0
Hum_XLOC_022291,False,,,0,0,0
Hum_XLOC_022293,False,,,0,0,0
Hum_XLOC_022295,False,,,0,0,0
Hum_XLOC_022299,True,0.0,,0,0,0
Hum_XLOC_022300,False,,,0,0,0
Hum_XLOC_022305,False,,,0,0,0
Hum_XLOC_022308,False,,,0,0,0
Hum_XLOC_022311,False,,,0,0,0
Hum_XLOC_022312,True,0.0,,0,0,0
Hum_XLOC_022313,False,,,0,0,0
Hum_XLOC_022316,False,,,0,0,0
Hum_XLOC_022320,False,,,0,0,0
Hum_XLOC_022321,False,,,0,0,0
Hum_XLOC_022324,True,0.0,,0,0,0
Hum_XLOC_022325,False,,,0,0,0
Hum_XLOC_022326,False,,,0,0,0
Hum_XLOC_022328,False,,,0,0,0
Hum_XLOC_022329,False,,,0,0,0
Hum_XLOC_022330,True,0.0,,0,0,0
Hum_XLOC_022331,False,,,0,0,0
Hum_XLOC_022332,False,,,0,0,0
Hum_XLOC_022333,False,,,0,0,0
Hum_XLOC_022334,False,,,0,0,0
Hum_XLOC_022335,True,0.0,,0,0,0
Hum_XLOC_022336,False,,,0,0,0
Hum_XLOC_022338,False,,,0,0,0
Hum_XLOC_022344,True,0.0,,0,0,0
Hum_XLOC_022345,True,0.0,,0,0,0
Hum_XLOC_022346,True,0.0,,0,0,0
Hum_XLOC_022347,True,0.0,,0,0,0
Hum_XLOC_022348,False,,,0,0,0
Hum_XLOC_022349,False,,,0,0,0
Hum_XLOC_022350,False,,,0,0,0
Hum_XLOC_022351,True,0.0,,0,0,0
Hum_XLOC_022359,False,,,0,0,0
Hum_XLOC_022360,False,,,0,0,0
Hum_XLOC_022361,True,0.0,,0,0,0
Hum_XLOC_022362,True,0.0,,0,0,0
Hum_XLOC_022368,False,,,0,0,0
Hum_XLOC_022371,False,,,0,0,0
Hum_XLOC_022373,False,,,0,0,0
Hum_XLOC_022374,False,,,0,0,0
Hum_XLOC_022375,False,,,0,0,0
Hum_XLOC_022377,False,,,0,0,0
Hum_XLOC_022388,False,,,0,0,0
Hum_XLOC_022389,True,0.0,,0,0,0
Hum_XLOC_022392,True,0.0,,0,0,0
Hum_XLOC_022393,True,0.0,,0,0,0
Hum_XLOC_022394,False,,,0,0,0
Hum_XLOC_022395,False,,,0,0,0
Hum_XLOC_022398,True,0.0,,0,0,0
Hum_XLOC_022399,False,,,0,0,0
Hum_XLOC_022400,False,,,0,0,0
Hum_XLOC_022402,True,0.0,,0,0,0
Hum_XLOC_022403,True,0.0,,0,0,0
Hum_XLOC_022404,False,,,0,0,0
Hum_XLOC_022405,True,0.0,,0,0,0
Hum_XLOC_022406,False,,,0,0,0
Hum_XLOC_022407,False,,,0,0,0
Hum_XLOC_022409,False,,,0,0,0
Hum_XLOC_022410,False,,,0,0,0
Hum_XLOC_022412,False,,,0,0,0
Hum_XLOC_022413,False,,,0,0,0
Hum_XLOC_022414,False,,,0,0,0
Hum_XLOC_022415,False,,,0,0,0
Hum_XLOC_022416,False,,,0,0,0
Hum_XLOC_022419,True,0.0,,0,0,0
Hum_XLOC_022421,False,,,0,0,0
Hum_XLOC_022422,True,0.0,,0,0,0
Hum_XLOC_022423,False,,,0,0,0
Hum_XLOC_022424,False,,,0,0,0
Hum_XLOC_022425,False,,,0,0,0
Hum_XLOC_022426,False,,,0,0,0
Hum_XLOC_022427,False,,,0,0,0
Hum_XLOC_022429,False,,,0,0,0
Hum_XLOC_022430,False,,,0,0,0
Hum_XLOC_022431,False,,,0,0,0
Hum_XLOC_022435,True,0.0,,0,0,0
Hum_XLOC_022436,True,0.0,,0,0,0
Hum_XLOC_022440,False,,,0,0,0
Hum_XLOC_022443,True,0.0,,0,0,0
Hum_XLOC_022444,False,,,0,0,0
Hum_XLOC_022445,False,,,0,0,0
Hum_XLOC_022446,True,0.0,,0,0,0
Hum_XLOC_022448,True,0.0,,0,0,0
Hum_XLOC_022449,False,,,0,0,0
Hum_XLOC_022450,False,,,0,0,0
Hum_XLOC_022451,False,,,0,0,0
Hum_XLOC_022452,True,0.0,,0,0,0
Hum_XLOC_022453,False,,,0,0,0
Hum_XLOC_022454,True,0.0,,0,0,0
Hum_XLOC_022456,False,,,0,0,0
Hum_XLOC_022457,False,,,0,0,0
Hum_XLOC_022458,True,0.0,,0,0,0
Hum_XLOC_022459,False,,,0,0,0
Hum_XLOC_022460,False,,,0,0,0
Hum_XLOC_022461,True,0.0,,0,0,0
Hum_XLOC_022462,False,,,0,0,0
Hum_XLOC_022463,False,,,0,0,0
Hum_XLOC_022464,False,,,0,0,0
Hum_XLOC_022465,True,0.0,,0,0,0
Hum_XLOC_022466,False,,,0,0,0
Hum_XLOC_022467,False,,,0,0,0
Hum_XLOC_022468,True,0.0,,0,0,0
Hum_XLOC_022469,True,0.0,,0,0,0
Hum_XLOC_022470,False,,,0,0,0
Hum_XLOC_022471,False,,,0,0,0
Hum_XLOC_022472,False,,,0,0,0
Hum_XLOC_022475,True,0.0,,0,0,0
Hum_XLOC_022478,False,,,0,0,0
Hum_XLOC_022479,False,,,0,0,0
Hum_XLOC_022480,False,,,0,0,0
Hum_XLOC_022481,False,,,0,0,0
Hum_XLOC_022485,False,,,0,0,0
Hum_XLOC_022486,False,,,0,0,0
Hum_XLOC_022487,False,,,0,0,0
Hum_XLOC_022492,False,,,0,0,0
Hum_XLOC_022494,True,0.0,,0,0,0
Hum_XLOC_022495,True,0.0,,0,0,0
Hum_XLOC_022499,False,,,0,0,0
Hum_XLOC_022500,False,,,0,0,0
Hum_XLOC_022501,False,,,0,0,0
Hum_XLOC_022502,False,,,0,0,0
Hum_XLOC_022503,False,,,0,0,0
Hum_XLOC_022506,False,,,0,0,0
Hum_XLOC_022507,False,,,0,0,0
Hum_XLOC_022508,False,,,0,0,0
Hum_XLOC_022509,False,,,0,0,0
Hum_XLOC_022510,False,,,0,0,0
Hum_XLOC_022511,False,,,0,0,0
Hum_XLOC_022512,True,0.0,,0,0,0
Hum_XLOC_022516,False,,,0,0,0
Hum_XLOC_022517,False,,,0,0,0
Hum_XLOC_022519,True,0.0,,0,0,0
Hum_XLOC_022522,False,,,0,0,0
Hum_XLOC_022526,False,,,0,0,0
Hum_XLOC_022529,False,,,0,0,0
Hum_XLOC_022530,False,,,0,0,0
Hum_XLOC_022534,False,,,0,0,0
Hum_XLOC_022535,False,,,0,0,0
Hum_XLOC_022536,False,,,0,0,0
Hum_XLOC_022537,True,0.0,,0,0,0
Hum_XLOC_022539,False,,,0,0,0
Hum_XLOC_022540,False,,,0,0,0
Hum_XLOC_022541,False,,,0,0,0
Hum_XLOC_022542,False,,,0,0,0
Hum_XLOC_022545,False,,,0,0,0
Hum_XLOC_022546,False,,,0,0,0
Hum_XLOC_022548,False,,,0,0,0
Hum_XLOC_022550,False,,,0,0,0
Hum_XLOC_022553,False,,,0,0,0
Hum_XLOC_022555,False,,,0,0,0
Hum_XLOC_022558,False,,,0,0,0
Hum_XLOC_022559,False,,,0,0,0
Hum_XLOC_022561,False,,,0,0,0
Hum_XLOC_022565,False,,,0,0,0
Hum_XLOC_022569,False,,,0,0,0
Hum_XLOC_022570,False,,,0,0,0
Hum_XLOC_022572,False,,,0,0,0
Hum_XLOC_022573,True,0.0,,0,0,0
Hum_XLOC_022574,False,,,0,0,0
Hum_XLOC_022575,False,,,0,0,0
Hum_XLOC_022576,False,,,0,0,0
Hum_XLOC_022577,False,,,0,0,0
Hum_XLOC_022578,False,,,0,0,0
Hum_XLOC_022579,False,,,0,0,0
Hum_XLOC_022580,False,,,0,0,0
Hum_XLOC_022581,False,,,0,0,0
Hum_XLOC_022582,False,,,0,0,0
Hum_XLOC_022583,False,,,0,0,0
Hum_XLOC_022584,False,,,0,0,0
Hum_XLOC_022585,False,,,0,0,0
Hum_XLOC_022589,False,,,0,0,0
Hum_XLOC_022590,False,,,0,0,0
Hum_XLOC_022591,False,,,0,0,0
Hum_XLOC_022592,False,,,0,0,0
Hum_XLOC_022593,False,,,0,0,0
Hum_XLOC_022594,False,,,0,0,0
Hum_XLOC_022595,True,0.0,,0,0,0
Hum_XLOC_022596,False,,,0,0,0
Hum_XLOC_022597,False,,,0,0,0
Hum_XLOC_022598,False,,,0,0,0
Hum_XLOC_022599,False,,,0,0,0
Hum_XLOC_022600,False,,,0,0,0
Hum_XLOC_022601,False,,,0,0,0
Hum_XLOC_022602,False,,,0,0,0
Hum_XLOC_022604,False,,,0,0,0
Hum_XLOC_022605,False,,,0,0,0
Hum_XLOC_022606,False,,,0,0,0
Hum_XLOC_022607,False,,,0,0,0
Hum_XLOC_022608,False,,,0,0,0
Hum_XLOC_022609,False,,,0,0,0
Hum_XLOC_022610,False,,,0,0,0
Hum_XLOC_022611,False,,,0,0,0
Hum_XLOC_022612,False,,,0,0,0
Hum_XLOC_022613,False,,,0,0,0
Hum_XLOC_022614,False,,,0,0,0
Hum_XLOC_022615,False,,,0,0,0
Hum_XLOC_022624,False,,,0,0,0
Hum_XLOC_022625,False,,,0,0,0
Hum_XLOC_022626,False,,,0,0,0
Hum_XLOC_022627,False,,,0,0,0
Hum_XLOC_022632,False,,,0,0,0
Hum_XLOC_022633,False,,,0,0,0
Hum_XLOC_022634,False,,,0,0,0
Hum_XLOC_022635,False,,,0,0,0
Hum_XLOC_022636,False,,,0,0,0
Hum_XLOC_022640,True,0.0,,0,0,0
Hum_XLOC_022641,False,,,0,0,0
Hum_XLOC_022642,False,,,0,0,0
Hum_XLOC_022643,False,,,0,0,0
Hum_XLOC_022645,True,0.0,,0,0,0
Hum_XLOC_022649,False,,,0,0,0
Hum_XLOC_022652,False,,,0,0,0
Hum_XLOC_022656,False,,,0,0,0
Hum_XLOC_022657,True,0.0,,0,0,0
Hum_XLOC_022658,False,,,0,0,0
Hum_XLOC_022659,False,,,0,0,0
Hum_XLOC_022661,False,,,0,0,0
Hum_XLOC_022663,False,,,0,0,0
Hum_XLOC_022667,False,,,0,0,0
Hum_XLOC_022670,True,0.0,,0,0,0
Hum_XLOC_022671,False,,,0,0,0
Hum_XLOC_022672,False,,,0,0,0
Hum_XLOC_022673,False,,,0,0,0
Hum_XLOC_022674,False,,,0,0,0
Hum_XLOC_022675,False,,,0,0,0
Hum_XLOC_022676,False,,,0,0,0
Hum_XLOC_022677,False,,,0,0,0
Hum_XLOC_022678,False,,,0,0,0
Hum_XLOC_022679,False,,,0,0,0
Hum_XLOC_022680,False,,,0,0,0
Hum_XLOC_022681,False,,,0,0,0
Hum_XLOC_022682,False,,,0,0,0
Hum_XLOC_022683,False,,,0,0,0
Hum_XLOC_022684,False,,,0,0,0
Hum_XLOC_022685,False,,,0,0,0
Hum_XLOC_022686,False,,,0,0,0
Hum_XLOC_022687,False,,,0,0,0
Hum_XLOC_022688,False,,,0,0,0
Hum_XLOC_022689,False,,,0,0,0
Hum_XLOC_022690,False,,,0,0,0
Hum_XLOC_022691,False,,,0,0,0
Hum_XLOC_022692,False,,,0,0,0
Hum_XLOC_022693,False,,,0,0,0
Hum_XLOC_022694,False,,,0,0,0
Hum_XLOC_022695,False,,,0,0,0
Hum_XLOC_022696,False,,,0,0,0
Hum_XLOC_022697,False,,,0,0,0
Hum_XLOC_022698,False,,,0,0,0
Hum_XLOC_022700,False,,,0,0,0
Hum_XLOC_022701,False,,,0,0,0
Hum_XLOC_022702,False,,,0,0,0
Hum_XLOC_022703,False,,,0,0,0
Hum_XLOC_022704,True,0.0,,0,0,0
Hum_XLOC_022705,False,,,0,0,0
Hum_XLOC_022706,False,,,0,0,0
Hum_XLOC_022707,False,,,0,0,0
Hum_XLOC_022708,False,,,0,0,0
Hum_XLOC_022709,False,,,0,0,0
Hum_XLOC_022710,True,0.0,,0,0,0
Hum_XLOC_022711,False,,,0,0,0
Hum_XLOC_022712,False,,,0,0,0
Hum_XLOC_022713,False,,,0,0,0
Hum_XLOC_022723,False,,,0,0,0
Hum_XLOC_022724,False,,,0,0,0
Hum_XLOC_022729,False,,,0,0,0
Hum_XLOC_022730,False,,,0,0,0
Hum_XLOC_022731,False,,,0,0,0
Hum_XLOC_022732,False,,,0,0,0
Hum_XLOC_022733,False,,,0,0,0
Hum_XLOC_022734,False,,,0,0,0
Hum_XLOC_022736,False,,,0,0,0
Hum_XLOC_022737,False,,,0,0,0
Hum_XLOC_022738,False,,,0,0,0
Hum_XLOC_022739,False,,,0,0,0
Hum_XLOC_022740,False,,,0,0,0
Hum_XLOC_022741,False,,,0,0,0
Hum_XLOC_022742,False,,,0,0,0
Hum_XLOC_022743,False,,,0,0,0
Hum_XLOC_022744,False,,,0,0,0
Hum_XLOC_022745,False,,,0,0,0
Hum_XLOC_022746,False,,,0,0,0
Hum_XLOC_022747,False,,,0,0,0
Hum_XLOC_022750,False,,,0,0,0
Hum_XLOC_022751,False,,,0,0,0
Hum_XLOC_022752,False,,,0,0,0
Hum_XLOC_022753,False,,,0,0,0
Hum_XLOC_022754,True,0.0,,0,0,0
Hum_XLOC_022755,False,,,0,0,0
Hum_XLOC_022756,False,,,0,0,0
Hum_XLOC_022757,False,,,0,0,0
Hum_XLOC_022758,False,,,0,0,0
Hum_XLOC_022759,True,0.0,,0,0,0
Hum_XLOC_022760,False,,,0,0,0
Hum_XLOC_022761,False,,,0,0,0
Hum_XLOC_022763,True,0.0,,0,0,0
Hum_XLOC_022764,True,0.0,,0,0,0
Hum_XLOC_022765,False,,,0,0,0
Hum_XLOC_022766,False,,,0,0,0
Hum_XLOC_022767,False,,,0,0,0
Hum_XLOC_022768,False,,,0,0,0
Hum_XLOC_022769,False,,,0,0,0
Hum_XLOC_022774,False,,,0,0,0
Hum_XLOC_022775,False,,,0,0,0
Hum_XLOC_022778,True,0.0,,0,0,0
Hum_XLOC_022779,False,,,0,0,0
Hum_XLOC_022780,False,,,0,0,0
Hum_XLOC_022781,False,,,0,0,0
Hum_XLOC_022782,False,,,0,0,0
Hum_XLOC_022783,False,,,0,0,0
Hum_XLOC_022786,True,0.0,,0,0,0
Hum_XLOC_022787,False,,,0,0,0
Hum_XLOC_022791,False,,,0,0,0
Hum_XLOC_022792,False,,,0,0,0
Hum_XLOC_022796,False,,,0,0,0
Hum_XLOC_022797,False,,,0,0,0
Hum_XLOC_022798,False,,,0,0,0
Hum_XLOC_022799,False,,,0,0,0
Hum_XLOC_022800,False,,,0,0,0
Hum_XLOC_022801,False,,,0,0,0
Hum_XLOC_022802,False,,,0,0,0
Hum_XLOC_022803,False,,,0,0,0
Hum_XLOC_022804,True,0.0,,0,0,0
Hum_XLOC_022805,False,,,0,0,0
Hum_XLOC_022806,False,,,0,0,0
Hum_XLOC_022808,False,,,0,0,0
Hum_XLOC_022809,True,0.0,,0,0,0
Hum_XLOC_022810,False,,,0,0,0
Hum_XLOC_022811,False,,,0,0,0
Hum_XLOC_022812,False,,,0,0,0
Hum_XLOC_022814,False,,,0,0,0
Hum_XLOC_022818,False,,,0,0,0
Hum_XLOC_022819,True,0.0,,0,0,0
Hum_XLOC_022820,False,,,0,0,0
Hum_XLOC_022822,False,,,0,0,0
Hum_XLOC_022823,True,0.0,,0,0,0
Hum_XLOC_022824,False,,,0,0,0
Hum_XLOC_022826,False,,,0,0,0
Hum_XLOC_022830,False,,,0,0,0
Hum_XLOC_022831,True,0.0,,0,0,0
Hum_XLOC_022834,False,,,0,0,0
Hum_XLOC_022835,False,,,0,0,0
Hum_XLOC_022836,False,,,0,0,0
Hum_XLOC_022837,False,,,0,0,0
Hum_XLOC_022838,False,,,0,0,0
Hum_XLOC_022840,True,0.0,,0,0,0
Hum_XLOC_022841,False,,,0,0,0
Hum_XLOC_022842,False,,,0,0,0
Hum_XLOC_022843,False,,,0,0,0
Hum_XLOC_022844,False,,,0,0,0
Hum_XLOC_022845,False,,,0,0,0
Hum_XLOC_022846,False,,,0,0,0
Hum_XLOC_022847,False,,,0,0,0
Hum_XLOC_022849,False,,,0,0,0
Hum_XLOC_022850,True,0.0,,0,0,0
Hum_XLOC_022851,False,,,0,0,0
Hum_XLOC_022852,False,,,0,0,0
Hum_XLOC_022857,False,,,0,0,0
Hum_XLOC_022858,False,,,0,0,0
Hum_XLOC_022860,True,0.0,,0,0,0
Hum_XLOC_022861,False,,,0,0,0
Hum_XLOC_022862,True,0.0,,0,0,0
Hum_XLOC_022866,False,,,0,0,0
Hum_XLOC_022873,False,,,0,0,0
Hum_XLOC_022874,False,,,0,0,0
Hum_XLOC_022875,False,,,0,0,0
Hum_XLOC_022876,False,,,0,0,0
Hum_XLOC_022877,False,,,0,0,0
Hum_XLOC_022878,False,,,0,0,0
Hum_XLOC_022880,False,,,0,0,0
Hum_XLOC_022881,True,0.0,,0,0,0
Hum_XLOC_022882,False,,,0,0,0
Hum_XLOC_022883,False,,,0,0,0
Hum_XLOC_022885,False,,,0,0,0
Hum_XLOC_022886,False,,,0,0,0
Hum_XLOC_022887,False,,,0,0,0
Hum_XLOC_022888,False,,,0,0,0
Hum_XLOC_022889,True,0.0,,0,0,0
Hum_XLOC_022890,False,,,0,0,0
Hum_XLOC_022892,True,0.0,,0,0,0
Hum_XLOC_022893,False,,,0,0,0
Hum_XLOC_022894,False,,,0,0,0
Hum_XLOC_022895,False,,,0,0,0
Hum_XLOC_022896,False,,,0,0,0
Hum_XLOC_022900,False,,,0,0,0
Hum_XLOC_022901,False,,,0,0,0
Hum_XLOC_022903,False,,,0,0,0
Hum_XLOC_022904,False,,,0,0,0
Hum_XLOC_022905,False,,,0,0,0
Hum_XLOC_022906,False,,,0,0,0
Hum_XLOC_022907,False,,,0,0,0
Hum_XLOC_022908,False,,,0,0,0
Hum_XLOC_022909,False,,,0,0,0
Hum_XLOC_022910,False,,,0,0,0
Hum_XLOC_022911,False,,,0,0,0
Hum_XLOC_022912,False,,,0,0,0
Hum_XLOC_022913,False,,,0,0,0
Hum_XLOC_022914,False,,,0,0,0
Hum_XLOC_022915,True,0.0,,0,0,0
Hum_XLOC_022916,False,,,0,0,0
Hum_XLOC_022917,False,,,0,0,0
Hum_XLOC_022918,False,,,0,0,0
Hum_XLOC_022919,False,,,0,0,0
Hum_XLOC_022921,False,,,0,0,0
Hum_XLOC_022923,False,,,0,0,0
Hum_XLOC_022924,False,,,0,0,0
Hum_XLOC_022925,False,,,0,0,0
Hum_XLOC_022928,False,,,0,0,0
Hum_XLOC_022929,False,,,0,0,0
Hum_XLOC_022930,True,0.0,,0,0,0
Hum_XLOC_022931,True,0.0,,0,0,0
Hum_XLOC_022933,False,,,0,0,0
Hum_XLOC_022935,False,,,0,0,0
Hum_XLOC_022936,False,,,0,0,0
Hum_XLOC_022937,False,,,0,0,0
Hum_XLOC_022938,False,,,0,0,0
Hum_XLOC_022939,False,,,0,0,0
Hum_XLOC_022940,False,,,0,0,0
Hum_XLOC_022941,False,,,0,0,0
Hum_XLOC_022943,True,0.0,,0,0,0
Hum_XLOC_022946,False,,,0,0,0
Hum_XLOC_022947,False,,,0,0,0
Hum_XLOC_022948,False,,,0,0,0
Hum_XLOC_022949,False,,,0,0,0
Hum_XLOC_022950,False,,,0,0,0
Hum_XLOC_022954,True,0.0,,0,0,0
Hum_XLOC_022955,False,,,0,0,0
Hum_XLOC_022956,False,,,0,0,0
Hum_XLOC_022958,False,,,0,0,0
Hum_XLOC_022959,True,0.0,,0,0,0
Hum_XLOC_022960,False,,,0,0,0
Hum_XLOC_022961,False,,,0,0,0
Hum_XLOC_022962,False,,,0,0,0
Hum_XLOC_022963,False,,,0,0,0
Hum_XLOC_022964,False,,,0,0,0
Hum_XLOC_022965,False,,,0,0,0
Hum_XLOC_022966,False,,,0,0,0
Hum_XLOC_022967,False,,,0,0,0
Hum_XLOC_022968,False,,,0,0,0
Hum_XLOC_022974,False,,,0,0,0
Hum_XLOC_022975,False,,,0,0,0
Hum_XLOC_022979,False,,,0,0,0
Hum_XLOC_022982,False,,,0,0,0
Hum_XLOC_022983,False,,,0,0,0
Hum_XLOC_022984,True,0.0,,0,0,0
Hum_XLOC_022985,False,,,0,0,0
Hum_XLOC_022987,False,,,0,0,0
Hum_XLOC_022991,False,,,0,0,0
Hum_XLOC_022992,False,,,0,0,0
Hum_XLOC_022994,False,,,0,0,0
Hum_XLOC_022995,False,,,0,0,0
Hum_XLOC_022996,False,,,0,0,0
Hum_XLOC_022999,False,,,0,0,0
Hum_XLOC_023001,False,,,0,0,0
Hum_XLOC_023002,False,,,0,0,0
Hum_XLOC_023005,False,,,0,0,0
Hum_XLOC_023008,True,0.0,,0,0,0
Hum_XLOC_023009,False,,,0,0,0
Hum_XLOC_023011,False,,,0,0,0
Hum_XLOC_023012,False,,,0,0,0
Hum_XLOC_023013,False,,,0,0,0
Hum_XLOC_023014,True,0.0,,0,0,0
Hum_XLOC_023016,True,0.0,,0,0,0
Hum_XLOC_023017,False,,,0,0,0
Hum_XLOC_023021,True,0.0,,0,0,0
Hum_XLOC_023022,False,,,0,0,0
Hum_XLOC_023023,True,0.0,,0,0,0
Hum_XLOC_023024,True,0.0,,0,0,0
Hum_XLOC_023025,False,,,0,0,0
Hum_XLOC_023029,False,,,0,0,0
Hum_XLOC_023030,False,,,0,0,0
Hum_XLOC_023031,False,,,0,0,0
Hum_XLOC_023032,False,,,0,0,0
Hum_XLOC_023034,True,0.0,,0,0,0
Hum_XLOC_023036,False,,,0,0,0
Hum_XLOC_023037,False,,,0,0,0
Hum_XLOC_023043,False,,,0,0,0
Hum_XLOC_023044,False,,,0,0,0
Hum_XLOC_023045,False,,,0,0,0
Hum_XLOC_023046,False,,,0,0,0
Hum_XLOC_023047,True,0.0,,0,0,0
Hum_XLOC_023049,False,,,0,0,0
Hum_XLOC_023050,False,,,0,0,0
Hum_XLOC_023051,False,,,0,0,0
Hum_XLOC_023052,False,,,0,0,0
Hum_XLOC_023053,False,,,0,0,0
Hum_XLOC_023054,False,,,0,0,0
Hum_XLOC_023055,False,,,0,0,0
Hum_XLOC_023056,False,,,0,0,0
Hum_XLOC_023057,False,,,0,0,0
Hum_XLOC_023058,True,0.0,,0,0,0
Hum_XLOC_023059,False,,,0,0,0
Hum_XLOC_023060,False,,2.0,0,0,1
Hum_XLOC_023061,False,,,0,0,0
Hum_XLOC_023062,True,0.0,,0,0,0
Hum_XLOC_023063,False,,,0,0,0
Hum_XLOC_023064,True,0.0,,0,0,0
Hum_XLOC_023065,False,,,0,0,0
Hum_XLOC_023067,False,,,0,0,0
Hum_XLOC_023068,False,,,0,0,0
Hum_XLOC_023069,False,,,0,0,0
Hum_XLOC_023070,False,,,0,0,0
Hum_XLOC_023071,True,0.0,,0,0,0
Hum_XLOC_023072,True,0.0,,0,0,0
Hum_XLOC_023073,False,,,0,0,0
Hum_XLOC_023074,False,,,0,0,0
Hum_XLOC_023075,False,,,0,0,0
Hum_XLOC_023076,False,,,0,0,0
Hum_XLOC_023077,False,,,0,0,0
Hum_XLOC_023078,True,0.0,,0,0,0
Hum_XLOC_023079,False,,,0,0,0
Hum_XLOC_023080,False,,,0,0,0
Hum_XLOC_023081,False,,,0,0,0
Hum_XLOC_023085,False,,,0,0,0
Hum_XLOC_023086,False,,,0,0,0
Hum_XLOC_023087,False,,,0,0,0
Hum_XLOC_023088,True,0.0,,0,0,0
Hum_XLOC_023089,False,,,0,0,0
Hum_XLOC_023091,False,,,0,0,0
Hum_XLOC_023092,True,0.0,,0,0,0
Hum_XLOC_023094,False,,,0,0,0
Hum_XLOC_023096,False,,,0,0,0
Hum_XLOC_023098,False,,,0,0,0
Hum_XLOC_023099,False,,,0,0,0
Hum_XLOC_023100,False,,,0,0,0
Hum_XLOC_023101,True,0.0,,0,0,0
Hum_XLOC_023105,False,,,0,0,0
Hum_XLOC_023108,True,0.0,,0,0,0
Hum_XLOC_023109,False,,,0,0,0
Hum_XLOC_023110,False,,,0,0,0
Hum_XLOC_023111,False,,,0,0,0
Hum_XLOC_023112,False,,,0,0,0
Hum_XLOC_023113,False,,,0,0,0
Hum_XLOC_023114,False,,,0,0,0
Hum_XLOC_023117,False,,,0,0,0
Hum_XLOC_023120,False,,,0,0,0
Hum_XLOC_023121,False,,,0,0,0
Hum_XLOC_023122,False,,,0,0,0
Hum_XLOC_023123,False,,,0,0,0
Hum_XLOC_023126,False,,,0,0,0
Hum_XLOC_023127,False,,,0,0,0
Hum_XLOC_023128,False,,,0,0,0
Hum_XLOC_023129,False,,,0,0,0
Hum_XLOC_023130,False,,,0,0,0
Hum_XLOC_023131,True,0.0,,0,0,0
Hum_XLOC_023132,False,,,0,0,0
Hum_XLOC_023134,False,,,0,0,0
Hum_XLOC_023136,False,,,0,0,0
Hum_XLOC_023138,False,,,0,0,0
Hum_XLOC_023139,False,,,0,0,0
Hum_XLOC_023142,True,0.0,,0,0,0
Hum_XLOC_023143,False,,,0,0,0
Hum_XLOC_023144,False,,,0,0,0
Hum_XLOC_023145,True,0.0,,0,0,0
Hum_XLOC_023146,False,,,0,0,0
Hum_XLOC_023147,False,,,0,0,0
Hum_XLOC_023148,False,,,0,0,0
Hum_XLOC_023149,False,,,0,0,0
Hum_XLOC_023150,False,,,0,0,0
Hum_XLOC_023151,False,,,0,0,0
Hum_XLOC_023153,False,,,0,0,0
Hum_XLOC_023154,False,,,0,0,0
Hum_XLOC_023155,True,0.0,,0,0,0
Hum_XLOC_023156,False,,,0,0,0
Hum_XLOC_023157,False,,,0,0,0
Hum_XLOC_023163,False,,,0,0,0
Hum_XLOC_023164,False,,,0,0,0
Hum_XLOC_023165,True,0.0,,0,0,0
Hum_XLOC_023166,False,,,0,0,0
Hum_XLOC_023167,False,,,0,0,0
Hum_XLOC_023169,True,0.0,,0,0,0
Hum_XLOC_023170,False,,,0,0,0
Hum_XLOC_023171,False,,,0,0,0
Hum_XLOC_023172,False,,,0,0,0
Hum_XLOC_023173,False,,,0,0,0
Hum_XLOC_023174,False,,,0,0,0
Hum_XLOC_023176,False,,,0,0,0
Hum_XLOC_023177,False,,,0,0,0
Hum_XLOC_023178,False,,,0,0,0
Hum_XLOC_023179,False,,,0,0,0
Hum_XLOC_023180,False,,,0,0,0
Hum_XLOC_023182,False,,,0,0,0
Hum_XLOC_023183,False,,,0,0,0
Hum_XLOC_023184,False,,,0,0,0
Hum_XLOC_023186,True,0.0,,0,0,0
Hum_XLOC_023189,True,0.0,,0,0,0
Hum_XLOC_023190,False,,,0,0,0
Hum_XLOC_023191,False,,,0,0,0
Hum_XLOC_023192,False,,,0,0,0
Hum_XLOC_023194,False,,,0,0,0
Hum_XLOC_023195,False,,,0,0,0
Hum_XLOC_023196,False,,,0,0,0
Hum_XLOC_023197,False,,,0,0,0
Hum_XLOC_023198,False,,,0,0,0
Hum_XLOC_023199,False,,,0,0,0
Hum_XLOC_023200,False,,,0,0,0
Hum_XLOC_023201,True,0.0,,0,0,0
Hum_XLOC_023202,False,,,0,0,0
Hum_XLOC_023203,False,,,0,0,0
Hum_XLOC_023204,False,,,0,0,0
Hum_XLOC_023205,False,,,0,0,0
Hum_XLOC_023206,False,,,0,0,0
Hum_XLOC_023210,True,0.0,,0,0,0
Hum_XLOC_023211,True,0.0,,0,0,0
Hum_XLOC_023212,False,,,0,0,0
Hum_XLOC_023214,False,,,0,0,0
Hum_XLOC_023215,False,,,0,0,0
Hum_XLOC_023217,False,,,0,0,0
Hum_XLOC_023218,False,,,0,0,0
Hum_XLOC_023219,True,0.0,,0,0,0
Hum_XLOC_023224,False,,,0,0,0
Hum_XLOC_023225,False,,,0,0,0
Hum_XLOC_023227,False,,,0,0,0
Hum_XLOC_023228,False,,,0,0,0
Hum_XLOC_023229,False,,,0,0,0
Hum_XLOC_023235,True,0.0,,0,0,0
Hum_XLOC_023236,False,,,0,0,0
Hum_XLOC_023237,True,0.0,,0,0,0
Hum_XLOC_023240,True,0.0,,0,0,0
Hum_XLOC_023241,False,,,0,0,0
Hum_XLOC_023242,False,,,0,0,0
Hum_XLOC_023244,False,,,0,0,0
Hum_XLOC_023246,False,,,0,0,0
Hum_XLOC_023247,False,,,0,0,0
Hum_XLOC_023248,False,,,0,0,0
Hum_XLOC_023249,False,,,0,0,0
Hum_XLOC_023250,False,,,0,0,0
Hum_XLOC_023251,False,,,0,0,0
Hum_XLOC_023252,False,,,0,0,0
Hum_XLOC_023253,False,,,0,0,0
Hum_XLOC_023254,False,,,0,0,0
Hum_XLOC_023255,False,,,0,0,0
Hum_XLOC_023256,True,0.0,,0,0,0
Hum_XLOC_023257,False,,,0,0,0
Hum_XLOC_023258,False,,,0,0,0
Hum_XLOC_023259,True,0.0,,0,0,0
Hum_XLOC_023260,False,,,0,0,0
Hum_XLOC_023261,False,,,0,0,0
Hum_XLOC_023262,True,0.0,,0,0,0
Hum_XLOC_023263,False,,,0,0,0
Hum_XLOC_023264,False,,,0,0,0
Hum_XLOC_023265,False,,,0,0,0
Hum_XLOC_023266,False,,,0,0,0
Hum_XLOC_023267,True,0.0,,0,0,0
Hum_XLOC_023268,False,,,0,0,0
Hum_XLOC_023269,False,,,0,0,0
Hum_XLOC_023270,False,,,0,0,0
Hum_XLOC_023271,False,,,0,0,0
Hum_XLOC_023272,False,,,0,0,0
Hum_XLOC_023273,False,,,0,0,0
Hum_XLOC_023274,False,,,0,0,0
Hum_XLOC_023277,False,,,0,0,0
Hum_XLOC_023278,False,,,0,0,0
Hum_XLOC_023279,False,,,0,0,0
Hum_XLOC_023280,False,,,0,0,0
Hum_XLOC_023281,False,,,0,0,0
Hum_XLOC_023282,False,,,0,0,0
Hum_XLOC_023283,True,0.0,,0,0,0
Hum_XLOC_023284,False,,,0,0,0
Hum_XLOC_023285,False,,,0,0,0
Hum_XLOC_023286,True,0.0,,0,0,0
Hum_XLOC_023287,False,,,0,0,0
Hum_XLOC_023288,False,,,0,0,0
Hum_XLOC_023289,False,,,0,0,0
Hum_XLOC_023290,True,0.0,,0,0,0
Hum_XLOC_023291,False,,,0,0,0
Hum_XLOC_023292,False,,,0,0,0
Hum_XLOC_023293,True,0.0,,0,0,0
Hum_XLOC_023297,False,,,0,0,0
Hum_XLOC_023299,False,,,0,0,0
Hum_XLOC_023300,True,0.0,,0,0,0
Hum_XLOC_023308,True,0.0,,0,0,0
Hum_XLOC_023312,False,,,0,0,0
Hum_XLOC_023316,False,,,0,0,0
Hum_XLOC_023317,False,,,0,0,0
Hum_XLOC_023318,False,,,0,0,0
Hum_XLOC_023320,False,,,0,0,0
Hum_XLOC_023321,True,0.0,,0,0,0
Hum_XLOC_023325,False,,,0,0,0
Hum_XLOC_023327,False,,,0,0,0
Hum_XLOC_023328,False,,,0,0,0
Hum_XLOC_023330,False,,,0,0,0
Hum_XLOC_023332,True,0.0,,0,0,0
Hum_XLOC_023337,False,,,0,0,0
Hum_XLOC_023338,False,,,0,0,0
Hum_XLOC_023339,False,,,0,0,0
Hum_XLOC_023340,False,,,0,0,0
Hum_XLOC_023341,False,,,0,0,0
Hum_XLOC_023342,False,,,0,0,0
Hum_XLOC_023343,False,,,0,0,0
Hum_XLOC_023344,False,,,0,0,0
Hum_XLOC_023345,False,,,0,0,0
Hum_XLOC_023348,False,,,0,0,0
Hum_XLOC_023349,True,0.0,,0,0,0
Hum_XLOC_023351,False,,,0,0,0
Hum_XLOC_023352,False,,,0,0,0
Hum_XLOC_023354,False,,,0,0,0
Hum_XLOC_023355,False,,,0,0,0
Hum_XLOC_023356,False,,,0,0,0
Hum_XLOC_023357,False,,,0,0,0
Hum_XLOC_023358,False,,,0,0,0
Hum_XLOC_023359,False,,,0,0,0
Hum_XLOC_023360,True,0.0,,0,0,0
Hum_XLOC_023361,False,,,0,0,0
Hum_XLOC_023363,False,,,0,0,0
Hum_XLOC_023366,False,,,0,0,0
Hum_XLOC_023367,False,,,0,0,0
Hum_XLOC_023368,False,,,0,0,0
Hum_XLOC_023369,True,0.0,,0,0,0
Hum_XLOC_023371,False,,,0,0,0
Hum_XLOC_023372,False,,,0,0,0
Hum_XLOC_023373,False,,,0,0,0
Hum_XLOC_023375,False,,,0,0,0
Hum_XLOC_023376,False,,,0,0,0
Hum_XLOC_023378,False,,,0,0,0
Hum_XLOC_023379,False,,,0,0,0
Hum_XLOC_023380,True,0.0,,0,0,0
Hum_XLOC_023381,False,,,0,0,0
Hum_XLOC_023382,False,,,0,0,0
Hum_XLOC_023385,False,,,0,0,0
Hum_XLOC_023386,False,,,0,0,0
Hum_XLOC_023387,False,,,0,0,0
Hum_XLOC_023388,False,,,0,0,0
Hum_XLOC_023389,False,,,0,0,0
Hum_XLOC_023390,True,0.0,,0,0,0
Hum_XLOC_023392,False,,,0,0,0
Hum_XLOC_023395,False,,,0,0,0
Hum_XLOC_023397,True,0.0,,0,0,0
Hum_XLOC_023398,True,0.0,,0,0,0
Hum_XLOC_023399,False,,,0,0,0
Hum_XLOC_023400,True,,,0,0,0
Hum_XLOC_023401,False,,,0,0,0
Hum_XLOC_023403,True,0.0,,0,0,0
Hum_XLOC_023404,True,0.0,,0,0,0
Hum_XLOC_023405,False,,,0,0,0
Hum_XLOC_023406,False,,,0,0,0
Hum_XLOC_023410,False,,,0,0,0
Hum_XLOC_023416,False,,,0,0,0
Hum_XLOC_023417,False,,,0,0,0
Hum_XLOC_023418,False,,,0,0,0
Hum_XLOC_023419,False,,,0,0,0
Hum_XLOC_023420,False,,,0,0,0
Hum_XLOC_023421,False,,,0,0,0
Hum_XLOC_023422,False,,,0,0,0
Hum_XLOC_023423,False,,,0,0,0
Hum_XLOC_023424,False,,,0,0,0
Hum_XLOC_023425,True,0.0,,0,0,0
Hum_XLOC_023426,True,0.0,,0,0,0
Hum_XLOC_023428,False,,,0,0,0
Hum_XLOC_023430,False,,,0,0,0
Hum_XLOC_023431,False,,,0,0,0
Hum_XLOC_023432,False,,,0,0,0
Hum_XLOC_023433,False,,,0,0,0
Hum_XLOC_023434,False,,,0,0,0
Hum_XLOC_023439,False,,,0,0,0
Hum_XLOC_023443,True,0.0,,0,0,0
Hum_XLOC_023444,False,,,0,0,0
Hum_XLOC_023445,True,0.0,,0,0,0
Hum_XLOC_023446,False,,,0,0,0
Hum_XLOC_023448,False,,,0,0,0
Hum_XLOC_023449,False,,,0,0,0
Hum_XLOC_023450,True,0.0,,0,0,0
Hum_XLOC_023451,False,,,0,0,0
Hum_XLOC_023452,False,,,0,0,0
Hum_XLOC_023453,True,0.0,,0,0,0
Hum_XLOC_023454,False,,,0,0,0
Hum_XLOC_023455,False,,,0,0,0
Hum_XLOC_023456,False,,,0,0,0
Hum_XLOC_023457,False,,,0,0,0
Hum_XLOC_023458,False,,,0,0,0
Hum_XLOC_023459,False,,,0,0,0
Hum_XLOC_023460,False,,,0,0,0
Hum_XLOC_023461,False,,,0,0,0
Hum_XLOC_023462,False,,,0,0,0
Hum_XLOC_023463,False,,,0,0,0
Hum_XLOC_023464,False,,,0,0,0
Hum_XLOC_023466,False,,,0,0,0
Hum_XLOC_023467,False,,,0,0,0
Hum_XLOC_023468,False,,,0,0,0
Hum_XLOC_023470,False,,,0,0,0
Hum_XLOC_023471,False,,,0,0,0
Hum_XLOC_023472,True,0.0,,0,0,0
Hum_XLOC_023473,False,,,0,0,0
Hum_XLOC_023474,False,,,0,0,0
Hum_XLOC_023475,False,,,0,0,0
Hum_XLOC_023476,False,,,0,0,0
Hum_XLOC_023478,False,,,0,0,0
Hum_XLOC_023479,False,,,0,0,0
Hum_XLOC_023480,False,,,0,0,0
Hum_XLOC_023481,True,0.0,,0,0,0
Hum_XLOC_023482,False,,,0,0,0
Hum_XLOC_023484,False,,,0,0,0
Hum_XLOC_023485,True,0.0,,0,0,0
Hum_XLOC_023487,False,,,0,0,0
Hum_XLOC_023488,True,0.0,,0,0,0
Hum_XLOC_023489,False,,,0,0,0
Hum_XLOC_023490,False,,,0,0,0
Hum_XLOC_023492,False,,,0,0,0
Hum_XLOC_023493,False,,,0,0,0
Hum_XLOC_023494,False,,,0,0,0
Hum_XLOC_023495,False,,,0,0,0
Hum_XLOC_023496,False,,,0,0,0
Hum_XLOC_023497,False,,,0,0,0
Hum_XLOC_023499,False,,,0,0,0
Hum_XLOC_023500,False,,,0,0,0
Hum_XLOC_023501,False,,,0,0,0
Hum_XLOC_023502,False,,,0,0,0
Hum_XLOC_023507,False,,,0,0,0
Hum_XLOC_023508,False,,,0,0,0
Hum_XLOC_023510,False,,,0,0,0
Hum_XLOC_023511,False,,,0,0,0
Hum_XLOC_023512,False,,,0,0,0
Hum_XLOC_023513,False,,,0,0,0
Hum_XLOC_023514,False,,,0,0,0
Hum_XLOC_023515,False,,,0,0,0
Hum_XLOC_023519,False,,,0,0,0
Hum_XLOC_023520,True,0.0,,0,0,0
Hum_XLOC_023521,False,,,0,0,0
Hum_XLOC_023522,False,,,0,0,0
Hum_XLOC_023523,False,,,0,0,0
Hum_XLOC_023524,False,,,0,0,0
Hum_XLOC_023525,False,,,0,0,0
Hum_XLOC_023526,False,,,0,0,0
Hum_XLOC_023528,False,,,0,0,0
Hum_XLOC_023530,False,,,0,0,0
Hum_XLOC_023531,False,,,0,0,0
Hum_XLOC_023532,False,,,0,0,0
Hum_XLOC_023533,False,,,0,0,0
Hum_XLOC_023534,False,,,0,0,0
Hum_XLOC_023535,False,,,0,0,0
Hum_XLOC_023536,False,,,0,0,0
Hum_XLOC_023537,False,,,0,0,0
Hum_XLOC_023538,False,,,0,0,0
Hum_XLOC_023539,False,,,0,0,0
Hum_XLOC_023540,False,,,0,0,0
Hum_XLOC_023541,False,,,0,0,0
Hum_XLOC_023542,False,,,0,0,0
Hum_XLOC_023543,False,,,0,0,0
Hum_XLOC_023544,False,,,0,0,0
Hum_XLOC_023545,False,,,0,0,0
Hum_XLOC_023547,False,,,0,0,0
Hum_XLOC_023548,True,0.0,,0,0,0
Hum_XLOC_023549,False,,,0,0,0
Hum_XLOC_023550,False,,,0,0,0
Hum_XLOC_023552,False,,,0,0,0
Hum_XLOC_023553,False,,,0,0,0
Hum_XLOC_023557,False,,,0,0,0
Hum_XLOC_023558,True,0.0,,0,0,0
Hum_XLOC_023559,False,,,0,0,0
Hum_XLOC_023560,False,,,0,0,0
Hum_XLOC_023561,False,,,0,0,0
Hum_XLOC_023562,False,,,0,0,0
Hum_XLOC_023563,False,,,0,0,0
Hum_XLOC_023564,False,,,0,0,0
Hum_XLOC_023565,False,,,0,0,0
Hum_XLOC_023566,False,,,0,0,0
Hum_XLOC_023567,True,0.0,,0,0,0
Hum_XLOC_023568,False,,,0,0,0
Hum_XLOC_023569,False,,,0,0,0
Hum_XLOC_023570,False,,,0,0,0
Hum_XLOC_023571,False,,,0,0,0
Hum_XLOC_023572,False,,,0,0,0
Hum_XLOC_023573,False,,,0,0,0
Hum_XLOC_023574,True,0.0,,0,0,0
Hum_XLOC_023575,True,0.0,,0,0,0
Hum_XLOC_023576,False,,,0,0,0
Hum_XLOC_023577,False,,,0,0,0
Hum_XLOC_023578,False,,,0,0,0
Hum_XLOC_023579,False,,,0,0,0
Hum_XLOC_023580,True,0.0,,0,0,0
Hum_XLOC_023581,False,,,0,0,0
Hum_XLOC_023582,False,,,0,0,0
Hum_XLOC_023587,True,0.0,,0,0,0
Hum_XLOC_023588,False,,,0,0,0
Hum_XLOC_023590,False,,,0,0,0
Hum_XLOC_023593,False,,,0,0,0
Hum_XLOC_023594,False,,,0,0,0
Hum_XLOC_023595,False,,,0,0,0
Hum_XLOC_023597,False,,,0,0,0
Hum_XLOC_023598,False,,,0,0,0
Hum_XLOC_023599,False,,,0,0,0
Hum_XLOC_023606,True,0.0,,0,0,0
Hum_XLOC_023608,False,,,0,0,0
Hum_XLOC_023619,False,,,0,0,0
Hum_XLOC_023629,False,,,0,0,0
Hum_XLOC_023630,False,,,0,0,0
Hum_XLOC_023632,False,,,0,0,0
Hum_XLOC_023637,False,,,0,0,0
Hum_XLOC_023641,False,,,0,0,0
Hum_XLOC_023648,False,,,0,0,0
Hum_XLOC_023649,False,,,0,0,0
Hum_XLOC_023650,False,,,0,0,0
Hum_XLOC_023652,True,0.0,,0,0,0
Hum_XLOC_023653,False,,,0,0,0
Hum_XLOC_023657,True,0.0,,0,0,0
Hum_XLOC_023658,True,0.0,,0,0,0
Hum_XLOC_023659,False,,,0,0,0
Hum_XLOC_023660,False,,,0,0,0
Hum_XLOC_023662,True,0.0,,0,0,0
Hum_XLOC_023666,False,,,0,0,0
Hum_XLOC_023667,False,,,0,0,0
Hum_XLOC_023669,True,0.0,,0,0,0
Hum_XLOC_023671,False,,,0,0,0
Hum_XLOC_023673,True,0.0,,0,0,0
Hum_XLOC_023679,False,,,0,0,0
Hum_XLOC_023681,False,,,0,0,0
Hum_XLOC_023682,False,,,0,0,0
Hum_XLOC_023683,False,,,0,0,0
Hum_XLOC_023689,True,0.0,,0,0,0
Hum_XLOC_023690,False,,,0,0,0
Hum_XLOC_023691,False,,,0,0,0
Hum_XLOC_023692,False,,,0,0,0
Hum_XLOC_023693,True,0.0,,0,0,0
Hum_XLOC_023698,False,,,0,0,0
Hum_XLOC_023701,False,,,0,0,0
Hum_XLOC_023702,False,,,0,0,0
Hum_XLOC_023704,False,,,0,0,0
Hum_XLOC_023705,True,0.0,,0,0,0
Hum_XLOC_023708,False,,,0,0,0
Hum_XLOC_023717,True,0.0,,0,0,0
Hum_XLOC_023719,False,,,0,0,0
Hum_XLOC_023720,True,0.0,,0,0,0
Hum_XLOC_023721,True,0.0,,0,0,0
Hum_XLOC_023723,False,,,0,0,0
Hum_XLOC_023724,False,,,0,0,0
Hum_XLOC_023725,False,,,0,0,0
Hum_XLOC_023726,False,,,0,0,0
Hum_XLOC_023727,False,,,0,0,0
Hum_XLOC_023729,False,,,0,0,0
Hum_XLOC_023731,True,0.0,,0,0,0
Hum_XLOC_023735,False,,,0,0,0
Hum_XLOC_023736,True,0.0,,0,0,0
Hum_XLOC_023737,False,,,0,0,0
Hum_XLOC_023744,True,0.0,,0,0,0
Hum_XLOC_023745,False,,,0,0,0
Hum_XLOC_023746,True,0.0,,0,0,0
Hum_XLOC_023748,False,,,0,0,0
Hum_XLOC_023752,False,,,0,0,0
Hum_XLOC_023756,True,0.0,,0,0,0
Hum_XLOC_023757,True,0.0,,0,0,0
Hum_XLOC_023758,False,,,0,0,0
Hum_XLOC_023759,True,0.0,,0,0,0
Hum_XLOC_023760,True,0.0,,0,0,0
Hum_XLOC_023764,True,0.0,,0,0,0
Hum_XLOC_023765,False,,,0,0,0
Hum_XLOC_023766,False,,,0,0,0
Hum_XLOC_023768,False,,,0,0,0
Hum_XLOC_023774,False,,,0,0,0
Hum_XLOC_023782,False,,,0,0,0
Hum_XLOC_023783,True,0.0,,0,0,0
Hum_XLOC_023784,True,0.0,,0,0,0
Hum_XLOC_023786,True,0.0,,0,0,0
Hum_XLOC_023790,False,,,0,0,0
Hum_XLOC_023791,True,0.0,,0,0,0
Hum_XLOC_023792,False,,,0,0,0
Hum_XLOC_023793,True,0.0,,0,0,0
Hum_XLOC_023801,False,,,0,0,0
Hum_XLOC_023802,False,,,0,0,0
Hum_XLOC_023804,True,0.0,,0,0,0
Hum_XLOC_023811,False,,,0,0,0
Hum_XLOC_023812,False,,,0,0,0
Hum_XLOC_023813,False,,,0,0,0
Hum_XLOC_023814,False,,,0,0,0
Hum_XLOC_023815,True,0.0,,0,0,0
Hum_XLOC_023816,False,,,0,0,0
Hum_XLOC_023818,False,,,0,0,0
Hum_XLOC_023819,False,,,0,0,0
Hum_XLOC_023820,True,0.0,,0,0,0
Hum_XLOC_023821,False,,,0,0,0
Hum_XLOC_023824,False,,,0,0,0
Hum_XLOC_023825,False,,,0,0,0
Hum_XLOC_023833,True,0.0,,0,0,0
Hum_XLOC_023834,False,,,0,0,0
Hum_XLOC_023837,False,,,0,0,0
Hum_XLOC_023850,False,,,0,0,0
Hum_XLOC_023851,True,0.0,,0,0,0
Hum_XLOC_023856,False,,,0,0,0
Hum_XLOC_023869,True,0.0,,0,0,0
Hum_XLOC_023875,False,,,0,0,0
Hum_XLOC_023876,False,,,0,0,0
Hum_XLOC_023877,False,,,0,0,0
Hum_XLOC_023878,True,0.0,,0,0,0
Hum_XLOC_023879,False,,,0,0,0
Hum_XLOC_023880,False,,,0,0,0
Hum_XLOC_023881,False,,,0,0,0
Hum_XLOC_023883,False,,,0,0,0
Hum_XLOC_023887,True,0.0,,0,0,0
Hum_XLOC_023889,True,0.0,,0,0,0
Hum_XLOC_023893,False,,,0,0,0
Hum_XLOC_023894,False,,,0,0,0
Hum_XLOC_023900,False,,,0,0,0
Hum_XLOC_023903,False,,,0,0,0
Hum_XLOC_023904,False,,,0,0,0
Hum_XLOC_023905,False,,,0,0,0
Hum_XLOC_023906,False,,,0,0,0
Hum_XLOC_023907,False,,,0,0,0
Hum_XLOC_023908,False,,,0,0,0
Hum_XLOC_023909,False,,,0,0,0
Hum_XLOC_023910,False,,,0,0,0
Hum_XLOC_023911,False,,,0,0,0
Hum_XLOC_023920,False,,,0,0,0
Hum_XLOC_023922,True,0.0,,0,0,0
Hum_XLOC_023923,True,0.0,,0,0,0
Hum_XLOC_023924,True,0.0,,0,0,0
Hum_XLOC_023925,False,,,0,0,0
Hum_XLOC_023926,True,0.0,,0,0,0
Hum_XLOC_023927,False,,,0,0,0
Hum_XLOC_023928,True,0.0,,0,0,0
Hum_XLOC_023930,False,,,0,0,0
Hum_XLOC_023932,False,,,0,0,0
Hum_XLOC_023939,False,,,0,0,0
Hum_XLOC_023941,False,,,0,0,0
Hum_XLOC_023943,False,,,0,0,0
Hum_XLOC_023944,False,,,0,0,0
Hum_XLOC_023945,False,,,0,0,0
Hum_XLOC_023946,False,,,0,0,0
Hum_XLOC_023947,False,,,0,0,0
Hum_XLOC_023948,False,,,0,0,0
Hum_XLOC_023949,True,0.0,,0,0,0
Hum_XLOC_023950,True,0.0,,0,0,0
Hum_XLOC_023951,False,,,0,0,0
Hum_XLOC_023952,False,,,0,0,0
Hum_XLOC_023953,False,,,0,0,0
Hum_XLOC_023959,True,0.0,,0,0,0
Hum_XLOC_023960,False,,,0,0,0
Hum_XLOC_023961,True,0.0,,0,0,0
Hum_XLOC_023962,True,0.0,,0,0,0
Hum_XLOC_023968,False,,,0,0,0
Hum_XLOC_023970,False,,,0,0,0
Hum_XLOC_023972,True,0.0,,0,0,0
Hum_XLOC_023973,True,0.0,,0,0,0
Hum_XLOC_023978,False,,,0,0,0
Hum_XLOC_023979,False,,,0,0,0
Hum_XLOC_023986,False,,,0,0,0
Hum_XLOC_023988,False,,,0,0,0
Hum_XLOC_023996,False,,,0,0,0
Hum_XLOC_024001,False,,,0,0,0
Hum_XLOC_024002,False,,,0,0,0
Hum_XLOC_024004,False,,,0,0,0
Hum_XLOC_024013,True,0.0,,0,0,0
Hum_XLOC_024014,False,,,0,0,0
Hum_XLOC_024015,False,,,0,0,0
Hum_XLOC_024016,False,,,0,0,0
Hum_XLOC_024017,False,,,0,0,0
Hum_XLOC_024021,False,,,0,0,0
Hum_XLOC_024029,False,,,0,0,0
Hum_XLOC_024031,True,0.0,,0,0,0
Hum_XLOC_024032,False,,,0,0,0
Hum_XLOC_024033,False,,,0,0,0
Hum_XLOC_024043,False,,,0,0,0
Hum_XLOC_024044,False,,,0,0,0
Hum_XLOC_024046,False,,,0,0,0
Hum_XLOC_024047,True,0.0,,0,0,0
Hum_XLOC_024050,False,,,0,0,0
Hum_XLOC_024051,False,,,0,0,0
Hum_XLOC_024053,False,,,0,0,0
Hum_XLOC_024055,False,,,0,0,0
Hum_XLOC_024057,False,,,0,0,0
Hum_XLOC_024059,False,,,0,0,0
Hum_XLOC_024060,False,,,0,0,0
Hum_XLOC_024061,False,,,0,0,0
Hum_XLOC_024062,False,,,0,0,0
Hum_XLOC_024063,False,,,0,0,0
Hum_XLOC_024064,False,,,0,0,0
Hum_XLOC_024067,False,,,0,0,0
Hum_XLOC_024078,False,,,0,0,0
Hum_XLOC_024079,False,,,0,0,0
Hum_XLOC_024080,False,,,0,0,0
Hum_XLOC_024081,False,,,0,0,0
Hum_XLOC_024082,False,,,0,0,0
Hum_XLOC_024083,False,,,0,0,0
Hum_XLOC_024084,False,,,0,0,0
Hum_XLOC_024085,False,,,0,0,0
Hum_XLOC_024086,False,,,0,0,0
Hum_XLOC_024088,False,,,0,0,0
Hum_XLOC_024089,False,,,0,0,0
Hum_XLOC_024091,False,,,0,0,0
Hum_XLOC_024092,False,,,0,0,0
Hum_XLOC_024093,False,,,0,0,0
Hum_XLOC_024094,False,,,0,0,0
Hum_XLOC_024095,False,,,0,0,0
Hum_XLOC_024096,False,,,0,0,0
Hum_XLOC_024098,False,,,0,0,0
Hum_XLOC_024099,False,,,0,0,0
Hum_XLOC_024100,True,0.0,,0,0,0
Hum_XLOC_024101,False,,,0,0,0
Hum_XLOC_024102,False,,,0,0,0
Hum_XLOC_024104,False,,,0,0,0
Hum_XLOC_024105,False,,,0,0,0
Hum_XLOC_024106,False,,,0,0,0
Hum_XLOC_024107,False,,,0,0,0
Hum_XLOC_024108,False,,,0,0,0
Hum_XLOC_024109,False,,,0,0,0
Hum_XLOC_024110,False,,,0,0,0
Hum_XLOC_024111,False,,,0,0,0
Hum_XLOC_024112,False,,,0,0,0
Hum_XLOC_024114,False,,,0,0,0
Hum_XLOC_024115,False,,,0,0,0
Hum_XLOC_024119,False,,,0,0,0
Hum_XLOC_024120,True,0.0,,0,0,0
Hum_XLOC_024123,True,0.0,,0,0,0
Hum_XLOC_024124,False,,,0,0,0
Hum_XLOC_024125,False,,,0,0,0
Hum_XLOC_024126,False,,,0,0,0
Hum_XLOC_024127,True,0.0,,0,0,0
Hum_XLOC_024128,False,,,0,0,0
Hum_XLOC_024129,False,,,0,0,0
Hum_XLOC_024131,True,0.0,,0,0,0
Hum_XLOC_024132,True,0.0,,0,0,0
Hum_XLOC_024133,False,,,0,0,0
Hum_XLOC_024134,False,,,0,0,0
Hum_XLOC_024135,False,,,0,0,0
Hum_XLOC_024136,False,,,0,0,0
Hum_XLOC_024137,False,,,0,0,0
Hum_XLOC_024140,False,,,0,0,0
Hum_XLOC_024142,False,,,0,0,0
Hum_XLOC_024145,False,,,0,0,0
Hum_XLOC_024148,False,,,0,0,0
Hum_XLOC_024149,False,,,0,0,0
Hum_XLOC_024150,False,,,0,0,0
Hum_XLOC_024151,True,0.0,,0,0,0
Hum_XLOC_024152,False,,,0,0,0
Hum_XLOC_024153,False,,,0,0,0
Hum_XLOC_024154,False,,,0,0,0
Hum_XLOC_024155,True,0.0,,0,0,0
Hum_XLOC_024156,True,0.0,,0,0,0
Hum_XLOC_024157,False,,,0,0,0
Hum_XLOC_024158,False,,,0,0,0
Hum_XLOC_024159,True,0.0,,0,0,0
Hum_XLOC_024160,True,0.0,,0,0,0
Hum_XLOC_024161,False,,,0,0,0
Hum_XLOC_024165,False,,,0,0,0
Hum_XLOC_024166,False,,,0,0,0
Hum_XLOC_024169,True,0.0,,0,0,0
Hum_XLOC_024174,False,,,0,0,0
Hum_XLOC_024175,True,0.0,,0,0,0
Hum_XLOC_024176,False,,,0,0,0
Hum_XLOC_024178,False,,,0,0,0
Hum_XLOC_024179,True,0.0,,0,0,0
Hum_XLOC_024190,False,,,0,0,0
Hum_XLOC_024192,False,,,0,0,0
Hum_XLOC_024194,True,0.0,,0,0,0
Hum_XLOC_024195,False,,,0,0,0
Hum_XLOC_024196,False,,,0,0,0
Hum_XLOC_024197,True,0.0,,0,0,0
Hum_XLOC_024205,True,0.0,,0,0,0
Hum_XLOC_024211,False,,,0,0,0
Hum_XLOC_024215,True,0.0,,0,0,0
Hum_XLOC_024217,True,0.0,,0,0,0
Hum_XLOC_024229,False,,,0,0,0
Hum_XLOC_024233,True,0.0,,0,0,0
Hum_XLOC_024240,False,,,0,0,0
Hum_XLOC_024241,True,0.0,,0,0,0
Hum_XLOC_024242,True,0.0,,0,0,0
Hum_XLOC_024243,True,0.0,,0,0,0
Hum_XLOC_024245,True,0.0,,0,0,0
Hum_XLOC_024248,True,0.0,,0,0,0
Hum_XLOC_024253,False,,,0,0,0
Hum_XLOC_024254,False,,,0,0,0
Hum_XLOC_024257,True,0.0,,0,0,0
Hum_XLOC_024265,True,0.0,,0,0,0
Hum_XLOC_024266,True,0.0,,0,0,0
Hum_XLOC_024268,True,0.0,,0,0,0
Hum_XLOC_024269,False,,,0,0,0
Hum_XLOC_024270,False,,,0,0,0
Hum_XLOC_024281,True,0.0,,0,0,0
Hum_XLOC_024286,False,,,0,0,0
Hum_XLOC_024287,False,,,0,0,0
Hum_XLOC_024288,False,,,0,0,0
Hum_XLOC_024289,False,,,0,0,0
Hum_XLOC_024292,False,,,0,0,0
Hum_XLOC_024293,False,,,0,0,0
Hum_XLOC_024294,False,,,0,0,0
Hum_XLOC_024303,True,0.0,,0,0,0
Hum_XLOC_024309,False,,,0,0,0
Hum_XLOC_024310,False,,,0,0,0
Hum_XLOC_024311,False,,,0,0,0
Hum_XLOC_024313,False,,,0,0,0
Hum_XLOC_024314,False,,,0,0,0
Hum_XLOC_024315,False,,,0,0,0
Hum_XLOC_024318,False,,,0,0,0
Hum_XLOC_024319,False,,,0,0,0
Hum_XLOC_024321,False,,,0,0,0
Hum_XLOC_024322,False,,,0,0,0
Hum_XLOC_024323,False,,,0,0,0
Hum_XLOC_024325,True,0.0,,0,0,0
Hum_XLOC_024329,False,,,0,0,0
Hum_XLOC_024345,False,,,0,0,0
Hum_XLOC_024346,False,,,0,0,0
Hum_XLOC_024354,False,,,0,0,0
Hum_XLOC_024357,False,,,0,0,0
Hum_XLOC_024358,False,,,0,0,0
Hum_XLOC_024359,False,,,0,0,0
Hum_XLOC_024370,False,,,0,0,0
Hum_XLOC_024373,True,0.0,,0,0,0
Hum_XLOC_024374,True,0.0,,0,0,0
Hum_XLOC_024381,True,0.0,,0,0,0
Hum_XLOC_024382,False,,,0,0,0
Hum_XLOC_024383,True,0.0,,0,0,0
Hum_XLOC_024384,True,0.0,,0,0,0
Hum_XLOC_024385,False,,,0,0,0
Hum_XLOC_024386,False,,,0,0,0
Hum_XLOC_024387,False,,,0,0,0
Hum_XLOC_024388,True,0.0,,0,0,0
Hum_XLOC_024389,False,,,0,0,0
Hum_XLOC_024390,False,,,0,0,0
Hum_XLOC_024391,False,,,0,0,0
Hum_XLOC_024392,False,,,0,0,0
Hum_XLOC_024393,False,,,0,0,0
Hum_XLOC_024394,False,,,0,0,0
Hum_XLOC_024396,False,,,0,0,0
Hum_XLOC_024402,False,,,0,0,0
Hum_XLOC_024403,True,0.0,,0,0,0
Hum_XLOC_024404,False,,,0,0,0
Hum_XLOC_024405,False,,,0,0,0
Hum_XLOC_024408,False,,,0,0,0
Hum_XLOC_024409,True,0.0,,0,0,0
Hum_XLOC_024418,True,0.0,,0,0,0
Hum_XLOC_024421,False,,,0,0,0
Hum_XLOC_024422,False,,,0,0,0
Hum_XLOC_024425,True,0.0,,0,0,0
Hum_XLOC_024441,True,0.0,,0,0,0
Hum_XLOC_024444,False,,,0,0,0
Hum_XLOC_024446,False,,,0,0,0
Hum_XLOC_024447,False,,,0,0,0
Hum_XLOC_024452,False,,,0,0,0
Hum_XLOC_024453,False,,,0,0,0
Hum_XLOC_024458,True,0.0,,0,0,0
Hum_XLOC_024459,True,0.0,,0,0,0
Hum_XLOC_024462,False,,,0,0,0
Hum_XLOC_024463,False,,,0,0,0
Hum_XLOC_024464,False,,,0,0,0
Hum_XLOC_024465,False,,,0,0,0
Hum_XLOC_024471,False,,,0,0,0
Hum_XLOC_024472,False,,,0,0,0
Hum_XLOC_024473,False,,,0,0,0
Hum_XLOC_024475,True,0.0,,0,0,0
Hum_XLOC_024476,True,0.0,,0,0,0
Hum_XLOC_024477,False,,,0,0,0
Hum_XLOC_024479,False,,,0,0,0
Hum_XLOC_024483,False,,,0,0,0
Hum_XLOC_024490,False,,,0,0,0
Hum_XLOC_024491,False,,,0,0,0
Hum_XLOC_024492,False,,,0,0,0
Hum_XLOC_024493,False,,,0,0,0
Hum_XLOC_024494,True,0.0,,0,0,0
Hum_XLOC_024495,True,0.0,,0,0,0
Hum_XLOC_024499,False,,,0,0,0
Hum_XLOC_024501,False,,,0,0,0
Hum_XLOC_024507,False,,,0,0,0
Hum_XLOC_024510,False,,,0,0,0
Hum_XLOC_024517,False,,,0,0,0
Hum_XLOC_024520,True,0.0,,0,0,0
Hum_XLOC_024521,True,0.0,,0,0,0
Hum_XLOC_024523,True,0.0,,0,0,0
Hum_XLOC_024525,False,,,0,0,0
Hum_XLOC_024529,False,,,0,0,0
Hum_XLOC_024532,True,0.0,,0,0,0
Hum_XLOC_024535,False,,,0,0,0
Hum_XLOC_024539,False,,,0,0,0
Hum_XLOC_024544,False,,,0,0,0
Hum_XLOC_024550,False,,,0,0,0
Hum_XLOC_024556,True,0.0,,0,0,0
Hum_XLOC_024557,True,0.0,,0,0,0
Hum_XLOC_024559,True,0.0,,0,0,0
Hum_XLOC_024563,False,,,0,0,0
Hum_XLOC_024568,False,,,0,0,0
Hum_XLOC_024575,True,0.0,,0,0,0
Hum_XLOC_024576,False,,,0,0,0
Hum_XLOC_024577,False,,,0,0,0
Hum_XLOC_024578,False,,,0,0,0
Hum_XLOC_024582,True,0.0,,0,0,0
Hum_XLOC_024583,False,,,0,0,0
Hum_XLOC_024586,True,0.0,,0,0,0
Hum_XLOC_024587,False,,,0,0,0
Hum_XLOC_024588,False,,,0,0,0
Hum_XLOC_024589,False,,,0,0,0
Hum_XLOC_024593,False,,,0,0,0
Hum_XLOC_024596,True,0.0,,0,0,0
Hum_XLOC_024597,False,,,0,0,0
Hum_XLOC_024599,False,,,0,0,0
Hum_XLOC_024600,False,,,0,0,0
Hum_XLOC_024601,False,,,0,0,0
Hum_XLOC_024602,True,0.0,,0,0,0
Hum_XLOC_024603,False,,,0,0,0
Hum_XLOC_024604,False,,,0,0,0
Hum_XLOC_024606,False,,,0,0,0
Hum_XLOC_024607,False,,,0,0,0
Hum_XLOC_024608,False,,,0,0,0
Hum_XLOC_024609,False,,,0,0,0
Hum_XLOC_024613,False,,,0,0,0
Hum_XLOC_024614,True,0.0,,0,0,0
Hum_XLOC_024616,False,,,0,0,0
Hum_XLOC_024617,False,,,0,0,0
Hum_XLOC_024618,False,,,0,0,0
Hum_XLOC_024619,False,,,0,0,0
Hum_XLOC_024620,True,0.0,,0,0,0
Hum_XLOC_024621,False,,,0,0,0
Hum_XLOC_024622,False,,,0,0,0
Hum_XLOC_024624,False,,,0,0,0
Hum_XLOC_024634,False,,,0,0,0
Hum_XLOC_024635,False,,,0,0,0
Hum_XLOC_024637,True,0.0,,0,0,0
Hum_XLOC_024638,False,,,0,0,0
Hum_XLOC_024639,False,,,0,0,0
Hum_XLOC_024640,False,,,0,0,0
Hum_XLOC_024641,False,,,0,0,0
Hum_XLOC_024642,False,,,0,0,0
Hum_XLOC_024643,False,,,0,0,0
Hum_XLOC_024644,False,,,0,0,0
Hum_XLOC_024647,False,,,0,0,0
Hum_XLOC_024648,False,,,0,0,0
Hum_XLOC_024649,True,0.0,,0,0,0
Hum_XLOC_024653,False,,,0,0,0
Hum_XLOC_024663,False,,,0,0,0
Hum_XLOC_024664,False,,,0,0,0
Hum_XLOC_024666,False,,,0,0,0
Hum_XLOC_024667,False,,,0,0,0
Hum_XLOC_024668,False,,,0,0,0
Hum_XLOC_024669,False,,,0,0,0
Hum_XLOC_024671,False,,,0,0,0
Hum_XLOC_024675,True,0.0,,0,0,0
Hum_XLOC_024678,False,,,0,0,0
Hum_XLOC_024679,False,,,0,0,0
Hum_XLOC_024687,False,,,0,0,0
Hum_XLOC_024688,False,,,0,0,0
Hum_XLOC_024689,False,,,0,0,0
Hum_XLOC_024690,False,,,0,0,0
Hum_XLOC_024694,False,,,0,0,0
Hum_XLOC_024698,False,,,0,0,0
Hum_XLOC_024702,False,,,0,0,0
Hum_XLOC_024703,False,,,0,0,0
Hum_XLOC_024710,False,,,0,0,0
Hum_XLOC_024713,True,0.0,,0,0,0
Hum_XLOC_024714,False,,,0,0,0
Hum_XLOC_024716,False,,,0,0,0
Hum_XLOC_024717,False,,,0,0,0
Hum_XLOC_024718,False,,,0,0,0
Hum_XLOC_024719,False,,,0,0,0
Hum_XLOC_024720,False,,,0,0,0
Hum_XLOC_024722,False,,,0,0,0
Hum_XLOC_024724,False,,,0,0,0
Hum_XLOC_024725,False,,,0,0,0
Hum_XLOC_024726,False,,,0,0,0
Hum_XLOC_024731,False,,,0,0,0
Hum_XLOC_024732,False,,,0,0,0
Hum_XLOC_024733,False,,,0,0,0
Hum_XLOC_024737,False,,,0,0,0
Hum_XLOC_024738,False,,,0,0,0
Hum_XLOC_024739,True,0.0,,0,0,0
Hum_XLOC_024740,False,,,0,0,0
Hum_XLOC_024745,False,,,0,0,0
Hum_XLOC_024746,False,,,0,0,0
Hum_XLOC_024747,False,,,0,0,0
Hum_XLOC_024752,False,,,0,0,0
Hum_XLOC_024753,False,,,0,0,0
Hum_XLOC_024754,False,,,0,0,0
Hum_XLOC_024758,False,,,0,0,0
Hum_XLOC_024762,True,0.0,,0,0,0
Hum_XLOC_024763,True,0.0,,0,0,0
Hum_XLOC_024767,True,0.0,,0,0,0
Hum_XLOC_024768,False,,,0,0,0
Hum_XLOC_024772,False,,,0,0,0
Hum_XLOC_024773,False,,,0,0,0
Hum_XLOC_024774,False,,,0,0,0
Hum_XLOC_024776,False,,,0,0,0
Hum_XLOC_024777,True,0.0,,0,0,0
Hum_XLOC_024780,False,,,0,0,0
Hum_XLOC_024781,False,,,0,0,0
Hum_XLOC_024782,False,,,0,0,0
Hum_XLOC_024783,False,,,0,0,0
Hum_XLOC_024784,False,,,0,0,0
Hum_XLOC_024785,False,,,0,0,0
Hum_XLOC_024794,False,,,0,0,0
Hum_XLOC_024798,False,,,0,0,0
Hum_XLOC_024799,False,,,0,0,0
Hum_XLOC_024803,False,,,0,0,0
Hum_XLOC_024813,False,,,0,0,0
Hum_XLOC_024814,False,,,0,0,0
Hum_XLOC_024815,False,,,0,0,0
Hum_XLOC_024816,False,,,0,0,0
Hum_XLOC_024820,True,0.0,,0,0,0
Hum_XLOC_024825,True,0.0,,0,0,0
Hum_XLOC_024826,True,0.0,,0,0,0
Hum_XLOC_024827,False,,,0,0,0
Hum_XLOC_024829,True,0.0,,0,0,0
Hum_XLOC_024833,False,,,0,0,0
Hum_XLOC_024837,False,,,0,0,0
Hum_XLOC_024841,False,,,0,0,0
Hum_XLOC_024842,True,0.0,,0,0,0
Hum_XLOC_024843,False,,,0,0,0
Hum_XLOC_024844,False,,,0,0,0
Hum_XLOC_024845,False,,,0,0,0
Hum_XLOC_024847,True,0.0,,0,0,0
Hum_XLOC_024850,False,,,0,0,0
Hum_XLOC_024852,False,,,0,0,0
Hum_XLOC_024854,True,0.0,,0,0,0
Hum_XLOC_024855,False,,,0,0,0
Hum_XLOC_024863,True,0.0,,0,0,0
Hum_XLOC_024864,False,,,0,0,0
Hum_XLOC_024866,False,,,0,0,0
Hum_XLOC_024867,False,,,0,0,0
Hum_XLOC_024871,True,0.0,,0,0,0
Hum_XLOC_024872,True,0.0,,0,0,0
Hum_XLOC_024874,True,0.0,,0,0,0
Hum_XLOC_024875,False,,,0,0,0
Hum_XLOC_024876,True,0.0,,0,0,0
Hum_XLOC_024877,False,,,0,0,0
Hum_XLOC_024880,False,,,0,0,0
Hum_XLOC_024881,False,,,0,0,0
Hum_XLOC_024882,False,,,0,0,0
Hum_XLOC_024883,False,,,0,0,0
Hum_XLOC_024889,False,,,0,0,0
Hum_XLOC_024893,False,,,0,0,0
Hum_XLOC_024894,False,,,0,0,0
Hum_XLOC_024899,False,,,0,0,0
Hum_XLOC_024900,True,0.0,,0,0,0
Hum_XLOC_024905,False,,,0,0,0
Hum_XLOC_024910,True,0.0,,0,0,0
Hum_XLOC_024911,False,,,0,0,0
Hum_XLOC_024913,False,,,0,0,0
Hum_XLOC_024918,False,,,0,0,0
Hum_XLOC_024919,False,,,0,0,0
Hum_XLOC_024920,False,,,0,0,0
Hum_XLOC_024922,True,0.0,,0,0,0
Hum_XLOC_024924,False,,,0,0,0
Hum_XLOC_024929,False,,,0,0,0
Hum_XLOC_024930,False,,,0,0,0
Hum_XLOC_024931,True,0.0,,0,0,0
Hum_XLOC_024932,False,,,0,0,0
Hum_XLOC_024933,False,,,0,0,0
Hum_XLOC_024934,True,0.0,,0,0,0
Hum_XLOC_024935,False,,,0,0,0
Hum_XLOC_024942,False,,,0,0,0
Hum_XLOC_024951,False,,,0,0,0
Hum_XLOC_024952,False,,,0,0,0
Hum_XLOC_024953,False,,,0,0,0
Hum_XLOC_024954,False,,,0,0,0
Hum_XLOC_024957,True,0.0,,0,0,0
Hum_XLOC_024964,False,,,0,0,0
Hum_XLOC_024965,False,,,0,0,0
Hum_XLOC_024967,False,,,0,0,0
Hum_XLOC_024970,True,0.0,,0,0,0
Hum_XLOC_024976,False,,,0,0,0
Hum_XLOC_024979,True,0.0,,0,0,0
Hum_XLOC_024983,False,,,0,0,0
Hum_XLOC_024984,False,,,0,0,0
Hum_XLOC_024987,False,,,0,0,0
Hum_XLOC_024988,False,,,0,0,0
Hum_XLOC_024989,False,,,0,0,0
Hum_XLOC_024991,False,,,0,0,0
Hum_XLOC_024992,False,,,0,0,0
Hum_XLOC_024993,False,,,0,0,0
Hum_XLOC_024996,False,,,0,0,0
Hum_XLOC_024997,False,,,0,0,0
Hum_XLOC_025003,False,,,0,0,0
Hum_XLOC_025009,True,0.0,,0,0,0
Hum_XLOC_025019,False,,,0,0,0
Hum_XLOC_025021,False,,,0,0,0
Hum_XLOC_025022,True,0.0,,0,0,0
Hum_XLOC_025023,False,,,0,0,0
Hum_XLOC_025027,False,,,0,0,0
Hum_XLOC_025028,True,0.0,,0,0,0
Hum_XLOC_025030,False,,,0,0,0
Hum_XLOC_025032,False,,,0,0,0
Hum_XLOC_025033,False,,,0,0,0
Hum_XLOC_025034,False,,,0,0,0
Hum_XLOC_025035,False,,,0,0,0
Hum_XLOC_025036,False,,,0,0,0
Hum_XLOC_025037,False,,,0,0,0
Hum_XLOC_025040,False,,,0,0,0
Hum_XLOC_025042,False,,,0,0,0
Hum_XLOC_025045,False,,,0,0,0
Hum_XLOC_025048,True,0.0,,0,0,0
Hum_XLOC_025049,True,0.0,,0,0,0
Hum_XLOC_025050,False,,,0,0,0
Hum_XLOC_025054,False,,,0,0,0
Hum_XLOC_025057,False,,,0,0,0
Hum_XLOC_025058,False,,,0,0,0
Hum_XLOC_025060,False,,,0,0,0
Hum_XLOC_025061,True,0.0,,0,0,0
Hum_XLOC_025062,False,,,0,0,0
Hum_XLOC_025063,False,,,0,0,0
Hum_XLOC_025064,False,,,0,0,0
Hum_XLOC_025065,True,0.0,,0,0,0
Hum_XLOC_025071,True,0.0,,0,0,0
Hum_XLOC_025074,False,,,0,0,0
Hum_XLOC_025075,False,,,0,0,0
Hum_XLOC_025076,False,,,0,0,0
Hum_XLOC_025077,False,,,0,0,0
Hum_XLOC_025080,False,,,0,0,0
Hum_XLOC_025081,True,0.0,,0,0,0
Hum_XLOC_025084,False,,,0,0,0
Hum_XLOC_025085,False,,,0,0,0
Hum_XLOC_025088,False,,,0,0,0
Hum_XLOC_025091,False,,,0,0,0
Hum_XLOC_025097,False,,,0,0,0
Hum_XLOC_025098,False,,,0,0,0
Hum_XLOC_025101,False,,,0,0,0
Hum_XLOC_025102,False,,,0,0,0
Hum_XLOC_025103,False,,,0,0,0
Hum_XLOC_025104,False,,,0,0,0
Hum_XLOC_025105,False,,,0,0,0
Hum_XLOC_025111,True,0.0,,0,0,0
Hum_XLOC_025121,False,,,0,0,0
Hum_XLOC_025122,False,,,0,0,0
Hum_XLOC_025123,False,,,0,0,0
Hum_XLOC_025124,False,,,0,0,0
Hum_XLOC_025127,False,,,0,0,0
Hum_XLOC_025128,False,,,0,0,0
Hum_XLOC_025147,False,,,0,0,0
Hum_XLOC_025148,False,,,0,0,0
Hum_XLOC_025149,False,,,0,0,0
Hum_XLOC_025168,False,,,0,0,0
Hum_XLOC_025182,True,0.0,,0,0,0
Hum_XLOC_025183,False,,,0,0,0
Hum_XLOC_025188,False,,,0,0,0
Hum_XLOC_025191,False,,,0,0,0
Hum_XLOC_025192,False,,,0,0,0
Hum_XLOC_025196,False,,,0,0,0
Hum_XLOC_025198,False,,,0,0,0
Hum_XLOC_025200,False,,,0,0,0
Hum_XLOC_025208,True,0.0,,0,0,0
Hum_XLOC_025209,False,,,0,0,0
Hum_XLOC_025210,False,,,0,0,0
Hum_XLOC_025212,False,,,0,0,0
Hum_XLOC_025218,False,,,0,0,0
Hum_XLOC_025225,False,,,0,0,0
Hum_XLOC_025228,False,,,0,0,0
Hum_XLOC_025231,False,,,0,0,0
Hum_XLOC_025234,False,,,0,0,0
Hum_XLOC_025241,False,,,0,0,0
Hum_XLOC_025242,False,,,0,0,0
Hum_XLOC_025246,True,0.0,,0,0,0
Hum_XLOC_025247,True,0.0,,0,0,0
Hum_XLOC_025250,False,,,0,0,0
Hum_XLOC_025251,False,,,0,0,0
Hum_XLOC_025252,False,,,0,0,0
Hum_XLOC_025253,False,,,0,0,0
Hum_XLOC_025254,False,,,0,0,0
Hum_XLOC_025256,False,,,0,0,0
Hum_XLOC_025257,False,,,0,0,0
Hum_XLOC_025258,False,,,0,0,0
Hum_XLOC_025259,False,,,0,0,0
Hum_XLOC_025260,False,,,0,0,0
Hum_XLOC_025267,False,,,0,0,0
Hum_XLOC_025268,False,,,0,0,0
Hum_XLOC_025277,False,,,0,0,0
Hum_XLOC_025279,False,,,0,0,0
Hum_XLOC_025280,False,,,0,0,0
Hum_XLOC_025283,False,,,0,0,0
Hum_XLOC_025284,True,0.0,,0,0,0
Hum_XLOC_025286,False,,,0,0,0
Hum_XLOC_025288,False,,,0,0,0
Hum_XLOC_025290,False,,,0,0,0
Hum_XLOC_025291,False,,,0,0,0
Hum_XLOC_025298,False,,,0,0,0
Hum_XLOC_025299,False,,,0,0,0
Hum_XLOC_025303,True,0.0,,0,0,0
Hum_XLOC_025305,True,0.0,,0,0,0
Hum_XLOC_025307,False,,,0,0,0
Hum_XLOC_025309,False,,,0,0,0
Hum_XLOC_025318,False,,,0,0,0
Hum_XLOC_025321,False,,,0,0,0
Hum_XLOC_025323,True,0.0,,0,0,0
Hum_XLOC_025324,False,,,0,0,0
Hum_XLOC_025330,False,,,0,0,0
Hum_XLOC_025331,True,0.0,,0,0,0
Hum_XLOC_025332,True,0.0,,0,0,0
Hum_XLOC_025334,True,0.0,,0,0,0
Hum_XLOC_025335,True,0.0,,0,0,0
Hum_XLOC_025338,False,,,0,0,0
Hum_XLOC_025339,True,0.0,,0,0,0
Hum_XLOC_025340,False,,,0,0,0
Hum_XLOC_025341,False,,,0,0,0
Hum_XLOC_025344,False,,,0,0,0
Hum_XLOC_025346,False,,,0,0,0
Hum_XLOC_025347,False,,,0,0,0
Hum_XLOC_025348,False,,,0,0,0
Hum_XLOC_025349,False,,,0,0,0
Hum_XLOC_025350,False,,,0,0,0
Hum_XLOC_025351,False,,,0,0,0
Hum_XLOC_025353,True,0.0,,0,0,0
Hum_XLOC_025354,False,,,0,0,0
Hum_XLOC_025355,False,,,0,0,0
Hum_XLOC_025356,True,0.0,,0,0,0
Hum_XLOC_025357,True,0.0,,0,0,0
Hum_XLOC_025359,False,,,0,0,0
Hum_XLOC_025361,False,,,0,0,0
Hum_XLOC_025362,False,,,0,0,0
Hum_XLOC_025364,False,,,0,0,0
Hum_XLOC_025365,False,,,0,0,0
Hum_XLOC_025366,True,0.0,,0,0,0
Hum_XLOC_025368,False,,,0,0,0
Hum_XLOC_025369,False,,,0,0,0
Hum_XLOC_025370,False,,,0,0,0
Hum_XLOC_025371,False,,,0,0,0
Hum_XLOC_025372,False,,,0,0,0
Hum_XLOC_025375,False,,,0,0,0
Hum_XLOC_025376,False,,,0,0,0
Hum_XLOC_025377,True,0.0,,0,0,0
Hum_XLOC_025378,False,,,0,0,0
Hum_XLOC_025383,False,,,0,0,0
Hum_XLOC_025384,False,,,0,0,0
Hum_XLOC_025385,False,,,0,0,0
Hum_XLOC_025387,False,,,0,0,0
Hum_XLOC_025389,False,,,0,0,0
Hum_XLOC_025390,False,,,0,0,0
Hum_XLOC_025391,False,,,0,0,0
Hum_XLOC_025394,True,0.0,,0,0,0
Hum_XLOC_025395,False,,,0,0,0
Hum_XLOC_025396,False,,,0,0,0
Hum_XLOC_025397,False,,,0,0,0
Hum_XLOC_025401,False,,,0,0,0
Hum_XLOC_025402,True,0.0,,0,0,0
Hum_XLOC_025403,True,0.0,,0,0,0
Hum_XLOC_025404,False,,,0,0,0
Hum_XLOC_025406,False,,,0,0,0
Hum_XLOC_025407,True,0.0,,0,0,0
Hum_XLOC_025408,True,0.0,,0,0,0
Hum_XLOC_025409,False,,,0,0,0
Hum_XLOC_025410,True,0.0,,0,0,0
Hum_XLOC_025411,False,,,0,0,0
Hum_XLOC_025412,False,,,0,0,0
Hum_XLOC_025413,False,,,0,0,0
Hum_XLOC_025414,True,0.0,,0,0,0
Hum_XLOC_025415,False,,,0,0,0
Hum_XLOC_025416,True,0.0,,0,0,0
Hum_XLOC_025417,False,,,0,0,0
Hum_XLOC_025418,False,,,0,0,0
Hum_XLOC_025419,False,,,0,0,0
Hum_XLOC_025420,False,,,0,0,0
Hum_XLOC_025422,False,,,0,0,0
Hum_XLOC_025423,False,,,0,0,0
Hum_XLOC_025424,False,,,0,0,0
Hum_XLOC_025426,False,,,0,0,0
Hum_XLOC_025428,False,,,0,0,0
Hum_XLOC_025429,False,,,0,0,0
Hum_XLOC_025430,False,,,0,0,0
Hum_XLOC_025431,False,,,0,0,0
Hum_XLOC_025433,False,,,0,0,0
Hum_XLOC_025434,False,,,0,0,0
Hum_XLOC_025435,False,,,0,0,0
Hum_XLOC_025436,True,0.0,,0,0,0
Hum_XLOC_025437,False,,,0,0,0
Hum_XLOC_025438,False,,,0,0,0
Hum_XLOC_025439,False,,,0,0,0
Hum_XLOC_025440,False,,,0,0,0
Hum_XLOC_025441,False,,,0,0,0
Hum_XLOC_025442,False,,,0,0,0
Hum_XLOC_025443,False,,,0,0,0
Hum_XLOC_025444,True,0.0,,0,0,0
Hum_XLOC_025445,True,0.0,,0,0,0
Hum_XLOC_025447,True,0.0,,0,0,0
Hum_XLOC_025448,False,,,0,0,0
Hum_XLOC_025452,True,0.0,,0,0,0
Hum_XLOC_025454,False,,,0,0,0
Hum_XLOC_025456,False,,,0,0,0
Hum_XLOC_025457,False,,,0,0,0
Hum_XLOC_025458,False,,,0,0,0
Hum_XLOC_025459,False,,,0,0,0
Hum_XLOC_025460,True,0.0,,0,0,0
Hum_XLOC_025461,False,,,0,0,0
Hum_XLOC_025462,False,,,0,0,0
Hum_XLOC_025463,False,,,0,0,0
Hum_XLOC_025464,False,,,0,0,0
Hum_XLOC_025465,False,,,0,0,0
Hum_XLOC_025469,False,,,0,0,0
Hum_XLOC_025470,False,,,0,0,0
Hum_XLOC_025473,False,,,0,0,0
Hum_XLOC_025474,True,0.0,,0,0,0
Hum_XLOC_025476,False,,,0,0,0
Hum_XLOC_025477,False,,,0,0,0
Hum_XLOC_025478,True,0.0,,0,0,0
Hum_XLOC_025479,False,,,0,0,0
Hum_XLOC_025480,False,,,0,0,0
Hum_XLOC_025481,True,0.0,,0,0,0
Hum_XLOC_025487,True,0.0,,0,0,0
Hum_XLOC_025488,True,0.0,,0,0,0
Hum_XLOC_025489,False,,,0,0,0
Hum_XLOC_025494,True,0.0,,0,0,0
Hum_XLOC_025498,True,0.0,,0,0,0
Hum_XLOC_025499,False,,,0,0,0
Hum_XLOC_025500,False,,,0,0,0
Hum_XLOC_025501,False,,,0,0,0
Hum_XLOC_025502,False,,,0,0,0
Hum_XLOC_025503,False,,,0,0,0
Hum_XLOC_025504,False,,,0,0,0
Hum_XLOC_025506,True,0.0,,0,0,0
Hum_XLOC_025509,False,,,0,0,0
Hum_XLOC_025519,False,,,0,0,0
Hum_XLOC_025520,False,,,0,0,0
Hum_XLOC_025523,False,,,0,0,0
Hum_XLOC_025536,True,0.0,,0,0,0
Hum_XLOC_025538,False,,,0,0,0
Hum_XLOC_025545,False,,,0,0,0
Hum_XLOC_025546,False,,,0,0,0
Hum_XLOC_025547,False,,,0,0,0
Hum_XLOC_025548,False,,,0,0,0
Hum_XLOC_025549,False,,,0,0,0
Hum_XLOC_025551,False,,,0,0,0
Hum_XLOC_025552,True,0.0,,0,0,0
Hum_XLOC_025562,False,,,0,0,0
Hum_XLOC_025565,False,,,0,0,0
Hum_XLOC_025566,False,,,0,0,0
Hum_XLOC_025568,False,,,0,0,0
Hum_XLOC_025571,False,,,0,0,0
Hum_XLOC_025572,False,,,0,0,0
Hum_XLOC_025573,False,,,0,0,0
Hum_XLOC_025575,False,,,0,0,0
Hum_XLOC_025576,False,,,0,0,0
Hum_XLOC_025577,False,,,0,0,0
Hum_XLOC_025589,True,0.0,,0,0,0
Hum_XLOC_025593,False,,,0,0,0
Hum_XLOC_025595,False,,,0,0,0
Hum_XLOC_025596,True,0.0,,0,0,0
Hum_XLOC_025597,False,,,0,0,0
Hum_XLOC_025599,False,,,0,0,0
Hum_XLOC_025605,False,,,0,0,0
Hum_XLOC_025610,False,,,0,0,0
Hum_XLOC_025611,True,0.0,,0,0,0
Hum_XLOC_025613,False,,,0,0,0
Hum_XLOC_025614,False,,,0,0,0
Hum_XLOC_025615,False,,,0,0,0
Hum_XLOC_025616,False,,,0,0,0
Hum_XLOC_025619,False,,,0,0,0
Hum_XLOC_025626,False,,,0,0,0
Hum_XLOC_025627,False,,,0,0,0
Hum_XLOC_025628,False,,,0,0,0
Hum_XLOC_025638,False,,,0,0,0
Hum_XLOC_025640,False,,,0,0,0
Hum_XLOC_025641,True,0.0,,0,0,0
Hum_XLOC_025642,False,,,0,0,0
Hum_XLOC_025651,True,0.0,,0,0,0
Hum_XLOC_025652,False,,,0,0,0
Hum_XLOC_025655,False,,,0,0,0
Hum_XLOC_025657,False,,,0,0,0
Hum_XLOC_025658,False,,,0,0,0
Hum_XLOC_025659,False,,,0,0,0
Hum_XLOC_025661,False,,,0,0,0
Hum_XLOC_025670,False,,,0,0,0
Hum_XLOC_025683,False,,,0,0,0
Hum_XLOC_025684,False,,,0,0,0
Hum_XLOC_025693,False,,,0,0,0
Hum_XLOC_025695,False,,,0,0,0
Hum_XLOC_025699,False,,,0,0,0
Hum_XLOC_025702,False,,,0,0,0
Hum_XLOC_025703,False,,,0,0,0
Hum_XLOC_025704,False,,,0,0,0
Hum_XLOC_025706,True,0.0,,0,0,0
Hum_XLOC_025707,False,,,0,0,0
Hum_XLOC_025717,False,,,0,0,0
Hum_XLOC_025718,False,,,0,0,0
Hum_XLOC_025719,False,,,0,0,0
Hum_XLOC_025720,True,0.0,,0,0,0
Hum_XLOC_025721,False,,,0,0,0
Hum_XLOC_025723,True,0.0,,0,0,0
Hum_XLOC_025724,True,0.0,,0,0,0
Hum_XLOC_025725,True,0.0,,0,0,0
Hum_XLOC_025727,False,,,0,0,0
Hum_XLOC_025728,False,,,0,0,0
Hum_XLOC_025729,False,,,0,0,0
Hum_XLOC_025750,False,,,0,0,0
Hum_XLOC_025754,True,0.0,,0,0,0
Hum_XLOC_025755,False,,,0,0,0
Hum_XLOC_025756,False,,,0,0,0
Hum_XLOC_025757,False,,,0,0,0
Hum_XLOC_025758,True,0.0,,0,0,0
Hum_XLOC_025760,False,,,0,0,0
Hum_XLOC_025761,False,,,0,0,0
Hum_XLOC_025766,True,0.0,,0,0,0
Hum_XLOC_025768,False,,,0,0,0
Hum_XLOC_025774,False,,,0,0,0
Hum_XLOC_025776,False,,,0,0,0
Hum_XLOC_025777,False,,,0,0,0
Hum_XLOC_025779,False,,,0,0,0
Hum_XLOC_025782,True,0.0,,0,0,0
Hum_XLOC_025783,False,,,0,0,0
Hum_XLOC_025784,False,,,0,0,0
Hum_XLOC_025789,False,,,0,0,0
Hum_XLOC_025790,True,0.0,,0,0,0
Hum_XLOC_025791,True,0.0,,0,0,0
Hum_XLOC_025792,False,,,0,0,0
Hum_XLOC_025802,False,,,0,0,0
Hum_XLOC_025806,False,,,0,0,0
Hum_XLOC_025807,True,0.0,,0,0,0
Hum_XLOC_025808,False,,,0,0,0
Hum_XLOC_025812,True,0.0,,0,0,0
Hum_XLOC_025815,False,,,0,0,0
Hum_XLOC_025820,False,,,0,0,0
Hum_XLOC_025822,False,,,0,0,0
Hum_XLOC_025823,True,0.0,,0,0,0
Hum_XLOC_025824,True,0.0,,0,0,0
Hum_XLOC_025830,False,,,0,0,0
Hum_XLOC_025832,False,,,0,0,0
Hum_XLOC_025834,False,,,0,0,0
Hum_XLOC_025836,False,,,0,0,0
Hum_XLOC_025837,False,,,0,0,0
Hum_XLOC_025841,False,,,0,0,0
Hum_XLOC_025842,False,,,0,0,0
Hum_XLOC_025843,False,,,0,0,0
Hum_XLOC_025844,False,,,0,0,0
Hum_XLOC_025845,False,,,0,0,0
Hum_XLOC_025846,False,,,0,0,0
Hum_XLOC_025847,False,,,0,0,0
Hum_XLOC_025851,False,,,0,0,0
Hum_XLOC_025853,True,0.0,,0,0,0
Hum_XLOC_025860,False,,,0,0,0
Hum_XLOC_025861,False,,,0,0,0
Hum_XLOC_025863,True,0.0,,0,0,0
Hum_XLOC_025864,True,0.0,,0,0,0
Hum_XLOC_025872,True,0.0,,0,0,0
Hum_XLOC_025875,False,,,0,0,0
Hum_XLOC_025879,False,,,0,0,0
Hum_XLOC_025885,False,,,0,0,0
Hum_XLOC_025897,False,,,0,0,0
Hum_XLOC_025898,False,,,0,0,0
Hum_XLOC_025899,False,,,0,0,0
Hum_XLOC_025900,False,,,0,0,0
Hum_XLOC_025909,False,,,0,0,0
Hum_XLOC_025911,False,,,0,0,0
Hum_XLOC_025914,True,0.0,,0,0,0
Hum_XLOC_025915,False,,,0,0,0
Hum_XLOC_025920,True,,,0,0,0
Hum_XLOC_025922,False,,,0,0,0
Hum_XLOC_025923,False,,,0,0,0
Hum_XLOC_025930,False,,,0,0,0
Hum_XLOC_025931,False,,,0,0,0
Hum_XLOC_025933,True,0.0,,0,0,0
Hum_XLOC_025934,False,,,0,0,0
Hum_XLOC_025935,True,0.0,,0,0,0
Hum_XLOC_025936,False,,,0,0,0
Hum_XLOC_025944,False,,,0,0,0
Hum_XLOC_025945,True,0.0,,0,0,0
Hum_XLOC_025951,False,,,0,0,0
Hum_XLOC_025952,False,,,0,0,0
Hum_XLOC_025953,False,,,0,0,0
Hum_XLOC_025954,False,,,0,0,0
Hum_XLOC_025955,False,,,0,0,0
Hum_XLOC_025958,False,,,0,0,0
Hum_XLOC_025959,False,,,0,0,0
Hum_XLOC_025960,False,,,0,0,0
Hum_XLOC_025961,False,,,0,0,0
Hum_XLOC_025965,False,,,0,0,0
Hum_XLOC_025966,True,0.0,,0,0,0
Hum_XLOC_025967,True,0.0,,0,0,0
Hum_XLOC_025968,False,,,0,0,0
Hum_XLOC_025969,False,,,0,0,0
Hum_XLOC_025976,False,,,0,0,0
Hum_XLOC_025977,False,,,0,0,0
Hum_XLOC_025978,False,,,0,0,0
Hum_XLOC_025981,False,,,0,0,0
Hum_XLOC_025987,False,,,0,0,0
Hum_XLOC_025988,False,,,0,0,0
Hum_XLOC_025990,False,,,0,0,0
Hum_XLOC_025992,False,,,0,0,0
Hum_XLOC_025993,True,0.0,,0,0,0
Hum_XLOC_025994,False,,,0,0,0
Hum_XLOC_025995,False,,,0,0,0
Hum_XLOC_025996,False,,,0,0,0
Hum_XLOC_025998,False,,,0,0,0
Hum_XLOC_026004,False,,,0,0,0
Hum_XLOC_026011,True,0.0,,0,0,0
Hum_XLOC_026016,True,0.0,,0,0,0
Hum_XLOC_026021,False,,,0,0,0
Hum_XLOC_026027,True,0.0,,0,0,0
Hum_XLOC_026028,True,0.0,,0,0,0
Hum_XLOC_026035,False,,,0,0,0
Hum_XLOC_026041,True,0.0,,0,0,0
Hum_XLOC_026043,False,,,0,0,0
Hum_XLOC_026044,False,,,0,0,0
Hum_XLOC_026045,False,,,0,0,0
Hum_XLOC_026046,True,0.0,,0,0,0
Hum_XLOC_026048,False,,,0,0,0
Hum_XLOC_026051,False,,,0,0,0
Hum_XLOC_026052,False,,,0,0,0
Hum_XLOC_026054,False,,,0,0,0
Hum_XLOC_026056,False,,,0,0,0
Hum_XLOC_026057,True,0.0,,0,0,0
Hum_XLOC_026058,False,,,0,0,0
Hum_XLOC_026059,False,,,0,0,0
Hum_XLOC_026060,False,,,0,0,0
Hum_XLOC_026062,False,,,0,0,0
Hum_XLOC_026063,False,,,0,0,0
Hum_XLOC_026064,False,,,0,0,0
Hum_XLOC_026065,False,,,0,0,0
Hum_XLOC_026069,False,,,0,0,0
Hum_XLOC_026070,False,,,0,0,0
Hum_XLOC_026071,False,,,0,0,0
Hum_XLOC_026072,True,0.0,,0,0,0
Hum_XLOC_026079,False,,,0,0,0
Hum_XLOC_026080,True,0.0,,0,0,0
Hum_XLOC_026084,False,,,0,0,0
Hum_XLOC_026085,False,,,0,0,0
Hum_XLOC_026086,True,0.0,,0,0,0
Hum_XLOC_026087,True,0.0,,0,0,0
Hum_XLOC_026088,True,0.0,,0,0,0
Hum_XLOC_026091,True,0.0,,0,0,0
Hum_XLOC_026092,True,0.0,,0,0,0
Hum_XLOC_026100,False,,,0,0,0
Hum_XLOC_026101,False,,,0,0,0
Hum_XLOC_026102,False,,,0,0,0
Hum_XLOC_026104,False,,,0,0,0
Hum_XLOC_026105,True,0.0,,0,0,0
Hum_XLOC_026106,False,,,0,0,0
Hum_XLOC_026107,False,,,0,0,0
Hum_XLOC_026108,False,,,0,0,0
Hum_XLOC_026109,False,,,0,0,0
Hum_XLOC_026110,True,0.0,,0,0,0
Hum_XLOC_026111,False,,,0,0,0
Hum_XLOC_026112,False,,,0,0,0
Hum_XLOC_026113,False,,,0,0,0
Hum_XLOC_026114,False,,,0,0,0
Hum_XLOC_026115,False,,,0,0,0
Hum_XLOC_026116,False,,,0,0,0
Hum_XLOC_026117,True,0.0,,0,0,0
Hum_XLOC_026118,True,0.0,,0,0,0
Hum_XLOC_026119,True,0.0,,0,0,0
Hum_XLOC_026120,False,,,0,0,0
Hum_XLOC_026121,False,,,0,0,0
Hum_XLOC_026122,False,,,0,0,0
Hum_XLOC_026129,False,,,0,0,0
Hum_XLOC_026130,False,,,0,0,0
Hum_XLOC_026131,False,,,0,0,0
Hum_XLOC_026132,True,0.0,,0,0,0
Hum_XLOC_026133,False,,,0,0,0
Hum_XLOC_026134,False,,,0,0,0
Hum_XLOC_026135,True,0.0,,0,0,0
Hum_XLOC_026136,False,,,0,0,0
Hum_XLOC_026137,False,,,0,0,0
Hum_XLOC_026138,False,,,0,0,0
Hum_XLOC_026139,False,,,0,0,0
Hum_XLOC_026140,False,,,0,0,0
Hum_XLOC_026141,False,,,0,0,0
Hum_XLOC_026142,False,,,0,0,0
Hum_XLOC_026143,False,,,0,0,0
Hum_XLOC_026144,False,,,0,0,0
Hum_XLOC_026145,False,,,0,0,0
Hum_XLOC_026146,False,,,0,0,0
Hum_XLOC_026148,False,,,0,0,0
Hum_XLOC_026150,True,0.0,,0,0,0
Hum_XLOC_026151,False,,,0,0,0
Hum_XLOC_026152,False,,,0,0,0
Hum_XLOC_026153,True,0.0,,0,0,0
Hum_XLOC_026159,False,,,0,0,0
Hum_XLOC_026160,False,,,0,0,0
Hum_XLOC_026161,False,,,0,0,0
Hum_XLOC_026162,False,,,0,0,0
Hum_XLOC_026164,False,,,0,0,0
Hum_XLOC_026165,False,,,0,0,0
Hum_XLOC_026166,False,,,0,0,0
Hum_XLOC_026167,False,,,0,0,0
Hum_XLOC_026168,False,,,0,0,0
Hum_XLOC_026169,False,,,0,0,0
Hum_XLOC_026171,False,,,0,0,0
Hum_XLOC_026172,False,,,0,0,0
Hum_XLOC_026173,False,,,0,0,0
Hum_XLOC_026174,False,,,0,0,0
Hum_XLOC_026176,False,,,0,0,0
Hum_XLOC_026177,False,,,0,0,0
Hum_XLOC_026178,False,,,0,0,0
Hum_XLOC_026179,False,,,0,0,0
Hum_XLOC_026180,False,,,0,0,0
Hum_XLOC_026181,False,,,0,0,0
Hum_XLOC_026182,False,,,0,0,0
Hum_XLOC_026183,False,,,0,0,0
Hum_XLOC_026188,False,,,0,0,0
Hum_XLOC_026189,False,,,0,0,0
Hum_XLOC_026190,False,,,0,0,0
Hum_XLOC_026191,False,,,0,0,0
Hum_XLOC_026192,False,,,0,0,0
Hum_XLOC_026193,False,,,0,0,0
Hum_XLOC_026194,False,,,0,0,0
Hum_XLOC_026195,True,0.0,,0,0,0
Hum_XLOC_026196,False,,,0,0,0
Hum_XLOC_026197,False,,,0,0,0
Hum_XLOC_026198,True,0.0,,0,0,0
Hum_XLOC_026199,False,,,0,0,0
Hum_XLOC_026201,False,,,0,0,0
Hum_XLOC_026202,False,,,0,0,0
Hum_XLOC_026203,False,,,0,0,0
Hum_XLOC_026204,False,,,0,0,0
Hum_XLOC_026205,True,0.0,,0,0,0
Hum_XLOC_026210,True,0.0,,0,0,0
Hum_XLOC_026211,False,,,0,0,0
Hum_XLOC_026212,False,,,0,0,0
Hum_XLOC_026213,False,,,0,0,0
Hum_XLOC_026214,False,,,0,0,0
Hum_XLOC_026215,False,,,0,0,0
Hum_XLOC_026218,False,,,0,0,0
Hum_XLOC_026219,False,,,0,0,0
Hum_XLOC_026221,False,,,0,0,0
Hum_XLOC_026226,False,,,0,0,0
Hum_XLOC_026228,True,0.0,,0,0,0
Hum_XLOC_026229,False,,,0,0,0
Hum_XLOC_026230,False,,,0,0,0
Hum_XLOC_026231,False,,,0,0,0
Hum_XLOC_026232,True,0.0,,0,0,0
Hum_XLOC_026233,False,,,0,0,0
Hum_XLOC_026234,True,0.0,,0,0,0
Hum_XLOC_026236,False,,,0,0,0
Hum_XLOC_026239,False,,,0,0,0
Hum_XLOC_026242,False,,,0,0,0
Hum_XLOC_026243,False,,,0,0,0
Hum_XLOC_026244,True,0.0,,0,0,0
Hum_XLOC_026245,True,0.0,,0,0,0
Hum_XLOC_026246,False,,,0,0,0
Hum_XLOC_026249,False,,,0,0,0
Hum_XLOC_026250,True,0.0,,0,0,0
Hum_XLOC_026251,True,0.0,,0,0,0
Hum_XLOC_026252,True,0.0,,0,0,0
Hum_XLOC_026253,False,,,0,0,0
Hum_XLOC_026254,False,,,0,0,0
Hum_XLOC_026256,False,,,0,0,0
Hum_XLOC_026257,False,,,0,0,0
Hum_XLOC_026258,False,,,0,0,0
Hum_XLOC_026259,False,,,0,0,0
Hum_XLOC_026260,False,,,0,0,0
Hum_XLOC_026261,True,0.0,,0,0,0
Hum_XLOC_026263,False,,,0,0,0
Hum_XLOC_026264,False,,,0,0,0
Hum_XLOC_026265,False,,,0,0,0
Hum_XLOC_026267,False,,,0,0,0
Hum_XLOC_026268,False,,,0,0,0
Hum_XLOC_026269,True,0.0,,0,0,0
Hum_XLOC_026273,False,,,0,0,0
Hum_XLOC_026274,False,,,0,0,0
Hum_XLOC_026275,False,,,0,0,0
Hum_XLOC_026276,False,,,0,0,0
Hum_XLOC_026277,False,,,0,0,0
Hum_XLOC_026278,False,,,0,0,0
Hum_XLOC_026279,False,,,0,0,0
Hum_XLOC_026280,False,,,0,0,0
Hum_XLOC_026281,True,0.0,,0,0,0
Hum_XLOC_026282,False,,,0,0,0
Hum_XLOC_026283,False,,,0,0,0
Hum_XLOC_026284,False,,,0,0,0
Hum_XLOC_026285,False,,,0,0,0
Hum_XLOC_026286,False,,,0,0,0
Hum_XLOC_026287,False,,,0,0,0
Hum_XLOC_026289,False,,,0,0,0
Hum_XLOC_026291,False,,,0,0,0
Hum_XLOC_026294,False,,,0,0,0
Hum_XLOC_026295,False,,,0,0,0
Hum_XLOC_026296,False,,,0,0,0
Hum_XLOC_026297,False,,,0,0,0
Hum_XLOC_026298,False,,,0,0,0
Hum_XLOC_026299,False,,,0,0,0
Hum_XLOC_026300,False,,,0,0,0
Hum_XLOC_026301,False,,,0,0,0
Hum_XLOC_026302,False,,,0,0,0
Hum_XLOC_026303,False,,,0,0,0
Hum_XLOC_026304,True,0.0,,0,0,0
Hum_XLOC_026305,False,,,0,0,0
Hum_XLOC_026307,False,,,0,0,0
Hum_XLOC_026308,False,,,0,0,0
Hum_XLOC_026309,False,,,0,0,0
Hum_XLOC_026310,True,0.0,,0,0,0
Hum_XLOC_026311,True,0.0,,0,0,0
Hum_XLOC_026312,False,,,0,0,0
Hum_XLOC_026313,True,0.0,,0,0,0
Hum_XLOC_026314,True,0.0,,0,0,0
Hum_XLOC_026315,False,,,0,0,0
Hum_XLOC_026316,False,,,0,0,0
Hum_XLOC_026317,True,0.0,,0,0,0
Hum_XLOC_026318,False,,,0,0,0
Hum_XLOC_026319,False,,,0,0,0
Hum_XLOC_026320,True,0.0,,0,0,0
Hum_XLOC_026322,False,,,0,0,0
Hum_XLOC_026323,True,0.0,,0,0,0
Hum_XLOC_026324,False,,,0,0,0
Hum_XLOC_026325,False,,,0,0,0
Hum_XLOC_026327,False,,,0,0,0
Hum_XLOC_026328,True,0.0,,0,0,0
Hum_XLOC_026329,False,,,0,0,0
Hum_XLOC_026330,False,,,0,0,0
Hum_XLOC_026331,False,,,0,0,0
Hum_XLOC_026332,False,,,0,0,0
Hum_XLOC_026333,False,,,0,0,0
Hum_XLOC_026334,False,,,0,0,0
Hum_XLOC_026335,False,,,0,0,0
Hum_XLOC_026336,False,,,0,0,0
Hum_XLOC_026337,False,,,0,0,0
Hum_XLOC_026338,False,,,0,0,0
Hum_XLOC_026339,False,,,0,0,0
Hum_XLOC_026342,False,,,0,0,0
Hum_XLOC_026346,False,,,0,0,0
Hum_XLOC_026349,True,0.0,,0,0,0
Hum_XLOC_026350,True,0.0,,0,0,0
Hum_XLOC_026352,False,,,0,0,0
Hum_XLOC_026353,False,,,0,0,0
Hum_XLOC_026354,False,,,0,0,0
Hum_XLOC_026355,False,,,0,0,0
Hum_XLOC_026356,False,,,0,0,0
Hum_XLOC_026357,False,,,0,0,0
Hum_XLOC_026358,False,,,0,0,0
Hum_XLOC_026359,False,,,0,0,0
Hum_XLOC_026362,True,0.0,,0,0,0
Hum_XLOC_026363,True,0.0,,0,0,0
Hum_XLOC_026364,False,,,0,0,0
Hum_XLOC_026369,False,,,0,0,0
Hum_XLOC_026376,False,,,0,0,0
Hum_XLOC_026382,False,,,0,0,0
Hum_XLOC_026387,False,,,0,0,0
Hum_XLOC_026388,True,0.0,,0,0,0
Hum_XLOC_026389,True,0.0,,0,0,0
Hum_XLOC_026391,True,0.0,,0,0,0
Hum_XLOC_026393,False,,,0,0,0
Hum_XLOC_026399,True,0.0,,0,0,0
Hum_XLOC_026402,False,,,0,0,0
Hum_XLOC_026405,False,,,0,0,0
Hum_XLOC_026413,False,,,0,0,0
Hum_XLOC_026414,False,,,0,0,0
Hum_XLOC_026415,False,,,0,0,0
Hum_XLOC_026418,True,0.0,,0,0,0
Hum_XLOC_026420,False,,,0,0,0
Hum_XLOC_026421,False,,,0,0,0
Hum_XLOC_026422,False,,,0,0,0
Hum_XLOC_026424,False,,,0,0,0
Hum_XLOC_026427,True,0.0,,0,0,0
Hum_XLOC_026431,True,0.0,,0,0,0
Hum_XLOC_026434,False,,,0,0,0
Hum_XLOC_026435,True,0.0,,0,0,0
Hum_XLOC_026436,False,,,0,0,0
Hum_XLOC_026437,False,,,0,0,0
Hum_XLOC_026438,False,,,0,0,0
Hum_XLOC_026439,False,,,0,0,0
Hum_XLOC_026440,False,,,0,0,0
Hum_XLOC_026441,False,,,0,0,0
Hum_XLOC_026442,False,,,0,0,0
Hum_XLOC_026443,True,0.0,,0,0,0
Hum_XLOC_026444,False,,,0,0,0
Hum_XLOC_026445,False,,,0,0,0
Hum_XLOC_026446,False,,,0,0,0
Hum_XLOC_026447,False,,,0,0,0
Hum_XLOC_026451,False,,,0,0,0
Hum_XLOC_026452,False,,,0,0,0
Hum_XLOC_026454,False,,,0,0,0
Hum_XLOC_026458,False,,,0,0,0
Hum_XLOC_026460,True,0.0,,0,0,0
Hum_XLOC_026462,False,,,0,0,0
Hum_XLOC_026463,False,,,0,0,0
Hum_XLOC_026465,False,,,0,0,0
Hum_XLOC_026466,False,,,0,0,0
Hum_XLOC_026467,False,,,0,0,0
Hum_XLOC_026468,False,,,0,0,0
Hum_XLOC_026469,False,,,0,0,0
Hum_XLOC_026470,True,0.0,,0,0,0
Hum_XLOC_026471,False,,,0,0,0
Hum_XLOC_026473,False,,,0,0,0
Hum_XLOC_026477,True,0.0,,0,0,0
Hum_XLOC_026478,False,,,0,0,0
Hum_XLOC_026481,False,,,0,0,0
Hum_XLOC_026483,False,,,0,0,0
Hum_XLOC_026484,False,,,0,0,0
Hum_XLOC_026485,False,,,0,0,0
Hum_XLOC_026486,False,,,0,0,0
Hum_XLOC_026487,False,,,0,0,0
Hum_XLOC_026488,False,,,0,0,0
Hum_XLOC_026489,False,,,0,0,0
Hum_XLOC_026490,False,,,0,0,0
Hum_XLOC_026491,True,0.0,,0,0,0
Hum_XLOC_026492,False,,,0,0,0
Hum_XLOC_026493,False,,,0,0,0
Hum_XLOC_026494,True,0.0,,0,0,0
Hum_XLOC_026495,False,,,0,0,0
Hum_XLOC_026496,True,0.0,,0,0,0
Hum_XLOC_026497,False,,,0,0,0
Hum_XLOC_026500,False,,,0,0,0
Hum_XLOC_026501,False,,,0,0,0
Hum_XLOC_026502,False,,,0,0,0
Hum_XLOC_026504,True,0.0,,0,0,0
Hum_XLOC_026505,False,,,0,0,0
Hum_XLOC_026506,False,,,0,0,0
Hum_XLOC_026507,False,,,0,0,0
Hum_XLOC_026508,False,,,0,0,0
Hum_XLOC_026509,False,,,0,0,0
Hum_XLOC_026510,False,,,0,0,0
Hum_XLOC_026511,True,0.0,,0,0,0
Hum_XLOC_026512,False,,,0,0,0
Hum_XLOC_026516,False,,,0,0,0
Hum_XLOC_026517,False,,,0,0,0
Hum_XLOC_026523,False,,,0,0,0
Hum_XLOC_026524,False,,,0,0,0
Hum_XLOC_026525,False,,,0,0,0
Hum_XLOC_026527,False,,,0,0,0
Hum_XLOC_026528,False,,,0,0,0
Hum_XLOC_026529,True,0.0,,0,0,0
Hum_XLOC_026530,False,,,0,0,0
Hum_XLOC_026531,False,,,0,0,0
Hum_XLOC_026532,False,,,0,0,0
Hum_XLOC_026533,True,0.0,,0,0,0
Hum_XLOC_026534,False,,,0,0,0
Hum_XLOC_026540,False,,,0,0,0
Hum_XLOC_026542,False,,,0,0,0
Hum_XLOC_026549,False,,,0,0,0
Hum_XLOC_026551,False,,,0,0,0
Hum_XLOC_026552,False,,,0,0,0
Hum_XLOC_026553,False,,,0,0,0
Hum_XLOC_026554,False,,,0,0,0
Hum_XLOC_026561,False,,,0,0,0
Hum_XLOC_026562,False,,,0,0,0
Hum_XLOC_026567,True,0.0,,0,0,0
Hum_XLOC_026568,False,,,0,0,0
Hum_XLOC_026569,False,,,0,0,0
Hum_XLOC_026570,False,,,0,0,0
Hum_XLOC_026571,False,,,0,0,0
Hum_XLOC_026573,False,,,0,0,0
Hum_XLOC_026578,False,,,0,0,0
Hum_XLOC_026579,False,,,0,0,0
Hum_XLOC_026580,False,,,0,0,0
Hum_XLOC_026581,False,,,0,0,0
Hum_XLOC_026582,False,,,0,0,0
Hum_XLOC_026583,False,,,0,0,0
Hum_XLOC_026584,False,,,0,0,0
Hum_XLOC_026585,False,,,0,0,0
Hum_XLOC_026586,False,,,0,0,0
Hum_XLOC_026587,True,0.0,,0,0,0
Hum_XLOC_026588,False,,,0,0,0
Hum_XLOC_026589,False,,,0,0,0
Hum_XLOC_026590,True,0.0,,0,0,0
Hum_XLOC_026591,False,,,0,0,0
Hum_XLOC_026592,False,,,0,0,0
Hum_XLOC_026593,False,,,0,0,0
Hum_XLOC_026594,False,,,0,0,0
Hum_XLOC_026595,False,,,0,0,0
Hum_XLOC_026596,False,,,0,0,0
Hum_XLOC_026597,False,,,0,0,0
Hum_XLOC_026600,False,,,0,0,0
Hum_XLOC_026603,False,,,0,0,0
Hum_XLOC_026604,False,,,0,0,0
Hum_XLOC_026605,False,,,0,0,0
Hum_XLOC_026607,False,,,0,0,0
Hum_XLOC_026608,False,,,0,0,0
Hum_XLOC_026611,False,,,0,0,0
Hum_XLOC_026612,False,,,0,0,0
Hum_XLOC_026614,False,,,0,0,0
Hum_XLOC_026615,False,,,0,0,0
Hum_XLOC_026616,False,,,0,0,0
Hum_XLOC_026618,True,0.0,,0,0,0
Hum_XLOC_026619,True,0.0,,0,0,0
Hum_XLOC_026620,False,,,0,0,0
Hum_XLOC_026621,False,,,0,0,0
Hum_XLOC_026622,False,,,0,0,0
Hum_XLOC_026623,False,,,0,0,0
Hum_XLOC_026624,False,,,0,0,0
Hum_XLOC_026625,False,,,0,0,0
Hum_XLOC_026629,False,,,0,0,0
Hum_XLOC_026630,False,,,0,0,0
Hum_XLOC_026631,False,,,0,0,0
Hum_XLOC_026632,False,,,0,0,0
Hum_XLOC_026633,True,0.0,,0,0,0
Hum_XLOC_026634,False,,,0,0,0
Hum_XLOC_026637,False,,,0,0,0
Hum_XLOC_026638,False,,,0,0,0
Hum_XLOC_026639,False,,,0,0,0
Hum_XLOC_026640,True,0.0,,0,0,0
Hum_XLOC_026641,True,0.0,,0,0,0
Hum_XLOC_026642,False,,,0,0,0
Hum_XLOC_026643,False,,,0,0,0
Hum_XLOC_026644,False,,,0,0,0
Hum_XLOC_026645,False,,,0,0,0
Hum_XLOC_026646,True,0.0,,0,0,0
Hum_XLOC_026647,False,,,0,0,0
Hum_XLOC_026653,True,0.0,,0,0,0
Hum_XLOC_026654,False,,,0,0,0
Hum_XLOC_026655,True,0.0,,0,0,0
Hum_XLOC_026657,False,,,0,0,0
Hum_XLOC_026658,False,,,0,0,0
Hum_XLOC_026659,False,,,0,0,0
Hum_XLOC_026661,False,,,0,0,0
Hum_XLOC_026664,False,,,0,0,0
Hum_XLOC_026665,False,,,0,0,0
Hum_XLOC_026666,True,0.0,,0,0,0
Hum_XLOC_026667,False,,,0,0,0
Hum_XLOC_026668,True,0.0,,0,0,0
Hum_XLOC_026669,False,,,0,0,0
Hum_XLOC_026671,False,,,0,0,0
Hum_XLOC_026673,False,,,0,0,0
Hum_XLOC_026674,False,,,0,0,0
Hum_XLOC_026675,False,,,0,0,0
Hum_XLOC_026676,False,,,0,0,0
Hum_XLOC_026677,False,,,0,0,0
Hum_XLOC_026678,False,,,0,0,0
Hum_XLOC_026681,True,0.0,,0,0,0
Hum_XLOC_026682,False,,,0,0,0
Hum_XLOC_026684,False,,,0,0,0
Hum_XLOC_026685,False,,,0,0,0
Hum_XLOC_026686,False,,,0,0,0
Hum_XLOC_026687,False,,,0,0,0
Hum_XLOC_026688,False,,,0,0,0
Hum_XLOC_026689,True,0.0,,0,0,0
Hum_XLOC_026690,False,,,0,0,0
Hum_XLOC_026691,False,,,0,0,0
Hum_XLOC_026692,False,,,0,0,0
Hum_XLOC_026693,False,,,0,0,0
Hum_XLOC_026694,False,,,0,0,0
Hum_XLOC_026695,False,,,0,0,0
Hum_XLOC_026696,False,,,0,0,0
Hum_XLOC_026699,False,,,0,0,0
Hum_XLOC_026700,False,,,0,0,0
Hum_XLOC_026701,False,,,0,0,0
Hum_XLOC_026702,False,,,0,0,0
Hum_XLOC_026703,False,,,0,0,0
Hum_XLOC_026705,False,,,0,0,0
Hum_XLOC_026706,False,,,0,0,0
Hum_XLOC_026707,False,,,0,0,0
Hum_XLOC_026708,False,,,0,0,0
Hum_XLOC_026710,False,,,0,0,0
Hum_XLOC_026711,False,,,0,0,0
Hum_XLOC_026713,False,,,0,0,0
Hum_XLOC_026717,False,,,0,0,0
Hum_XLOC_026721,False,,,0,0,0
Hum_XLOC_026722,False,,,0,0,0
Hum_XLOC_026723,False,,,0,0,0
Hum_XLOC_026724,False,,,0,0,0
Hum_XLOC_026729,False,,,0,0,0
Hum_XLOC_026730,False,,,0,0,0
Hum_XLOC_026732,True,0.0,,0,0,0
Hum_XLOC_026733,False,,,0,0,0
Hum_XLOC_026734,False,,,0,0,0
Hum_XLOC_026735,False,,,0,0,0
Hum_XLOC_026736,False,,,0,0,0
Hum_XLOC_026737,True,0.0,,0,0,0
Hum_XLOC_026738,False,,,0,0,0
Hum_XLOC_026739,False,,,0,0,0
Hum_XLOC_026740,False,,,0,0,0
Hum_XLOC_026743,True,0.0,,0,0,0
Hum_XLOC_026745,False,,,0,0,0
Hum_XLOC_026747,False,,,0,0,0
Hum_XLOC_026750,False,,,0,0,0
Hum_XLOC_026751,False,,,0,0,0
Hum_XLOC_026752,False,,,0,0,0
Hum_XLOC_026754,False,,,0,0,0
Hum_XLOC_026755,False,,,0,0,0
Hum_XLOC_026756,False,,,0,0,0
Hum_XLOC_026759,False,,,0,0,0
Hum_XLOC_026760,False,,,0,0,0
Hum_XLOC_026761,True,0.0,,0,0,0
Hum_XLOC_026764,True,0.0,,0,0,0
Hum_XLOC_026765,False,,,0,0,0
Hum_XLOC_026766,False,,,0,0,0
Hum_XLOC_026767,True,0.0,,0,0,0
Hum_XLOC_026768,False,,,0,0,0
Hum_XLOC_026770,False,,,0,0,0
Hum_XLOC_026772,False,,,0,0,0
Hum_XLOC_026779,True,0.0,,0,0,0
Hum_XLOC_026781,True,0.0,,0,0,0
Hum_XLOC_026782,True,0.0,,0,0,0
Hum_XLOC_026786,True,0.0,,0,0,0
Hum_XLOC_026790,False,,,0,0,0
Hum_XLOC_026792,False,,,0,0,0
Hum_XLOC_026793,False,,,0,0,0
Hum_XLOC_026794,False,,,0,0,0
Hum_XLOC_026796,True,0.0,,0,0,0
Hum_XLOC_026797,True,0.0,,0,0,0
Hum_XLOC_026800,False,,,0,0,0
Hum_XLOC_026801,False,,,0,0,0
Hum_XLOC_026802,False,,,0,0,0
Hum_XLOC_026805,False,,,0,0,0
Hum_XLOC_026806,False,,,0,0,0
Hum_XLOC_026807,False,,,0,0,0
Hum_XLOC_026808,False,,,0,0,0
Hum_XLOC_026809,False,,,0,0,0
Hum_XLOC_026810,False,,,0,0,0
Hum_XLOC_026811,False,,,0,0,0
Hum_XLOC_026813,False,,,0,0,0
Hum_XLOC_026814,True,0.0,,0,0,0
Hum_XLOC_026815,False,,,0,0,0
Hum_XLOC_026816,False,,,0,0,0
Hum_XLOC_026817,False,,,0,0,0
Hum_XLOC_026818,True,0.0,,0,0,0
Hum_XLOC_026819,False,,,0,0,0
Hum_XLOC_026831,False,,,0,0,0
Hum_XLOC_026832,False,,,0,0,0
Hum_XLOC_026833,False,,,0,0,0
Hum_XLOC_026834,False,,,0,0,0
Hum_XLOC_026835,False,,,0,0,0
Hum_XLOC_026836,False,,,0,0,0
Hum_XLOC_026837,False,,,0,0,0
Hum_XLOC_026838,False,,,0,0,0
Hum_XLOC_026839,False,,,0,0,0
Hum_XLOC_026840,False,,,0,0,0
Hum_XLOC_026841,False,,,0,0,0
Hum_XLOC_026842,False,,,0,0,0
Hum_XLOC_026843,False,,,0,0,0
Hum_XLOC_026844,False,,,0,0,0
Hum_XLOC_026845,False,,,0,0,0
Hum_XLOC_026846,False,,,0,0,0
Hum_XLOC_026847,False,,,0,0,0
Hum_XLOC_026848,False,,,0,0,0
Hum_XLOC_026849,True,0.0,,0,0,0
Hum_XLOC_026850,False,,,0,0,0
Hum_XLOC_026851,False,,,0,0,0
Hum_XLOC_026853,True,0.0,,0,0,0
Hum_XLOC_026855,False,,,0,0,0
Hum_XLOC_026856,False,,,0,0,0
Hum_XLOC_026862,False,,,0,0,0
Hum_XLOC_026864,False,,,0,0,0
Hum_XLOC_026870,True,0.0,,0,0,0
Hum_XLOC_026872,False,,,0,0,0
Hum_XLOC_026873,False,,,0,0,0
Hum_XLOC_026874,False,,,0,0,0
Hum_XLOC_026878,False,,,0,0,0
Hum_XLOC_026879,True,0.0,,0,0,0
Hum_XLOC_026881,False,,,0,0,0
Hum_XLOC_026887,False,,,0,0,0
Hum_XLOC_026888,False,,,0,0,0
Hum_XLOC_026890,False,,,0,0,0
Hum_XLOC_026891,True,0.0,,0,0,0
Hum_XLOC_026892,False,,,0,0,0
Hum_XLOC_026896,False,,,0,0,0
Hum_XLOC_026897,False,,,0,0,0
Hum_XLOC_026899,False,,,0,0,0
Hum_XLOC_026900,True,0.0,,0,0,0
Hum_XLOC_026902,True,0.0,,0,0,0
Hum_XLOC_026903,False,,,0,0,0
Hum_XLOC_026904,False,,,0,0,0
Hum_XLOC_026907,False,,,0,0,0
Hum_XLOC_026908,False,,,0,0,0
Hum_XLOC_026909,False,,,0,0,0
Hum_XLOC_026910,False,,,0,0,0
Hum_XLOC_026911,False,,,0,0,0
Hum_XLOC_026912,False,,,0,0,0
Hum_XLOC_026923,False,,,0,0,0
Hum_XLOC_026924,False,,,0,0,0
Hum_XLOC_026925,False,,,0,0,0
Hum_XLOC_026928,False,,,0,0,0
Hum_XLOC_026929,False,,,0,0,0
Hum_XLOC_026930,False,,,0,0,0
Hum_XLOC_026932,False,,,0,0,0
Hum_XLOC_026936,False,,,0,0,0
Hum_XLOC_026939,False,,,0,0,0
Hum_XLOC_026940,False,,,0,0,0
Hum_XLOC_026941,False,,,0,0,0
Hum_XLOC_026942,False,,,0,0,0
Hum_XLOC_026943,False,,,0,0,0
Hum_XLOC_026945,False,,,0,0,0
Hum_XLOC_026947,False,,,0,0,0
Hum_XLOC_026948,False,,,0,0,0
Hum_XLOC_026954,False,,,0,0,0
Hum_XLOC_026955,True,0.0,,0,0,0
Hum_XLOC_026956,False,,,0,0,0
Hum_XLOC_026958,False,,,0,0,0
Hum_XLOC_026960,False,,,0,0,0
Hum_XLOC_026962,False,,,0,0,0
Hum_XLOC_026963,False,,,0,0,0
Hum_XLOC_026964,False,,,0,0,0
Hum_XLOC_026965,False,,,0,0,0
Hum_XLOC_026966,True,0.0,,0,0,0
Hum_XLOC_026968,False,,,0,0,0
Hum_XLOC_026972,False,,,0,0,0
Hum_XLOC_026974,False,,,0,0,0
Hum_XLOC_026977,False,,,0,0,0
Hum_XLOC_026978,False,,,0,0,0
Hum_XLOC_026980,False,,,0,0,0
Hum_XLOC_026982,False,,,0,0,0
Hum_XLOC_026983,False,,,0,0,0
Hum_XLOC_026984,False,,,0,0,0
Hum_XLOC_026986,False,,,0,0,0
Hum_XLOC_026987,True,0.0,,0,0,0
Hum_XLOC_026988,False,,,0,0,0
Hum_XLOC_026990,False,,,0,0,0
Hum_XLOC_026996,True,0.0,,0,0,0
Hum_XLOC_026997,True,0.0,,0,0,0
Hum_XLOC_026998,False,,,0,0,0
Hum_XLOC_027006,True,0.0,,0,0,0
Hum_XLOC_027007,False,,,0,0,0
Hum_XLOC_027008,False,,,0,0,0
Hum_XLOC_027009,False,,,0,0,0
Hum_XLOC_027010,False,,,0,0,0
Hum_XLOC_027013,False,,,0,0,0
Hum_XLOC_027014,False,,,0,0,0
Hum_XLOC_027017,True,0.0,,0,0,0
Hum_XLOC_027019,False,,,0,0,0
Hum_XLOC_027020,False,,,0,0,0
Hum_XLOC_027021,False,,,0,0,0
Hum_XLOC_027023,True,0.0,,0,0,0
Hum_XLOC_027025,False,,,0,0,0
Hum_XLOC_027034,False,,,0,0,0
Hum_XLOC_027037,False,,,0,0,0
Hum_XLOC_027038,False,,,0,0,0
Hum_XLOC_027039,False,,,0,0,0
Hum_XLOC_027040,False,,,0,0,0
Hum_XLOC_027041,False,,,0,0,0
Hum_XLOC_027042,True,0.0,,0,0,0
Hum_XLOC_027043,False,,,0,0,0
Hum_XLOC_027044,False,,,0,0,0
Hum_XLOC_027046,False,,,0,0,0
Hum_XLOC_027047,True,0.0,,0,0,0
Hum_XLOC_027048,True,0.0,,0,0,0
Hum_XLOC_027049,False,,,0,0,0
Hum_XLOC_027050,False,,,0,0,0
Hum_XLOC_027051,True,0.0,,0,0,0
Hum_XLOC_027053,False,,,0,0,0
Hum_XLOC_027054,False,,,0,0,0
Hum_XLOC_027055,False,,,0,0,0
Hum_XLOC_027057,False,,,0,0,0
Hum_XLOC_027058,True,0.0,,0,0,0
Hum_XLOC_027061,False,,,0,0,0
Hum_XLOC_027062,False,,,0,0,0
Hum_XLOC_027065,False,,,0,0,0
Hum_XLOC_027066,False,,,0,0,0
Hum_XLOC_027069,False,,,0,0,0
Hum_XLOC_027071,False,,,0,0,0
Hum_XLOC_027072,False,,,0,0,0
Hum_XLOC_027073,True,0.0,,0,0,0
Hum_XLOC_027075,False,,,0,0,0
Hum_XLOC_027076,False,,,0,0,0
Hum_XLOC_027077,False,,,0,0,0
Hum_XLOC_027078,False,,,0,0,0
Hum_XLOC_027079,False,,,0,0,0
Hum_XLOC_027080,False,,,0,0,0
Hum_XLOC_027082,False,,,0,0,0
Hum_XLOC_027083,False,,,0,0,0
Hum_XLOC_027084,False,,,0,0,0
Hum_XLOC_027085,False,,,0,0,0
Hum_XLOC_027088,False,,,0,0,0
Hum_XLOC_027091,False,,,0,0,0
Hum_XLOC_027097,False,,,0,0,0
Hum_XLOC_027100,False,,,0,0,0
Hum_XLOC_027103,False,,,0,0,0
Hum_XLOC_027104,False,,,0,0,0
Hum_XLOC_027105,False,,,0,0,0
Hum_XLOC_027107,False,,,0,0,0
Hum_XLOC_027108,False,,,0,0,0
Hum_XLOC_027109,False,,,0,0,0
Hum_XLOC_027110,True,0.0,,0,0,0
Hum_XLOC_027112,False,,,0,0,0
Hum_XLOC_027113,False,,,0,0,0
Hum_XLOC_027114,False,,,0,0,0
Hum_XLOC_027115,False,,,0,0,0
Hum_XLOC_027117,False,,,0,0,0
Hum_XLOC_027120,False,,,0,0,0
Hum_XLOC_027127,False,,,0,0,0
Hum_XLOC_027129,False,,,0,0,0
Hum_XLOC_027130,False,,,0,0,0
Hum_XLOC_027138,True,0.0,,0,0,0
Hum_XLOC_027139,False,,,0,0,0
Hum_XLOC_027140,False,,,0,0,0
Hum_XLOC_027142,False,,,0,0,0
Hum_XLOC_027144,False,,,0,0,0
Hum_XLOC_027146,False,,,0,0,0
Hum_XLOC_027148,True,0.0,,0,0,0
Hum_XLOC_027155,False,,,0,0,0
Hum_XLOC_027156,False,,,0,0,0
Hum_XLOC_027157,False,,,0,0,0
Hum_XLOC_027158,True,0.0,,0,0,0
Hum_XLOC_027160,False,,,0,0,0
Hum_XLOC_027162,False,,,0,0,0
Hum_XLOC_027163,False,,,0,0,0
Hum_XLOC_027165,False,,,0,0,0
Hum_XLOC_027170,True,0.0,,0,0,0
Hum_XLOC_027175,False,,,0,0,0
Hum_XLOC_027176,False,,,0,0,0
Hum_XLOC_027178,False,,,0,0,0
Hum_XLOC_027183,True,0.0,,0,0,0
Hum_XLOC_027185,False,,,0,0,0
Hum_XLOC_027186,False,,,0,0,0
Hum_XLOC_027189,False,,,0,0,0
Hum_XLOC_027190,False,,,0,0,0
Hum_XLOC_027191,False,,,0,0,0
Hum_XLOC_027192,False,,,0,0,0
Hum_XLOC_027193,False,,,0,0,0
Hum_XLOC_027194,False,,,0,0,0
Hum_XLOC_027195,True,0.0,,0,0,0
Hum_XLOC_027196,False,,,0,0,0
Hum_XLOC_027197,True,0.0,,0,0,0
Hum_XLOC_027199,True,0.0,,0,0,0
Hum_XLOC_027200,False,,,0,0,0
Hum_XLOC_027201,False,,,0,0,0
Hum_XLOC_027202,False,,,0,0,0
Hum_XLOC_027203,False,,,0,0,0
Hum_XLOC_027204,False,,,0,0,0
Hum_XLOC_027205,False,,,0,0,0
Hum_XLOC_027206,False,,,0,0,0
Hum_XLOC_027207,False,,,0,0,0
Hum_XLOC_027208,False,,,0,0,0
Hum_XLOC_027209,False,,,0,0,0
Hum_XLOC_027210,False,,,0,0,0
Hum_XLOC_027211,False,,,0,0,0
Hum_XLOC_027212,False,,,0,0,0
Hum_XLOC_027213,False,,,0,0,0
Hum_XLOC_027217,False,,,0,0,0
Hum_XLOC_027218,False,,,0,0,0
Hum_XLOC_027219,False,,,0,0,0
Hum_XLOC_027220,False,,,0,0,0
Hum_XLOC_027221,False,,,0,0,0
Hum_XLOC_027222,False,,,0,0,0
Hum_XLOC_027223,False,,,0,0,0
Hum_XLOC_027226,False,,,0,0,0
Hum_XLOC_027227,False,,,0,0,0
Hum_XLOC_027228,False,,,0,0,0
Hum_XLOC_027229,False,,,0,0,0
Hum_XLOC_027231,True,0.0,,0,0,0
Hum_XLOC_027232,True,0.0,,0,0,0
Hum_XLOC_027234,False,,,0,0,0
Hum_XLOC_027237,False,,,0,0,0
Hum_XLOC_027238,False,,,0,0,0
Hum_XLOC_027239,True,0.0,,0,0,0
Hum_XLOC_027240,True,0.0,,0,0,0
Hum_XLOC_027241,False,,,0,0,0
Hum_XLOC_027243,False,,,0,0,0
Hum_XLOC_027244,False,,,0,0,0
Hum_XLOC_027245,False,,,0,0,0
Hum_XLOC_027246,False,,,0,0,0
Hum_XLOC_027247,False,,,0,0,0
Hum_XLOC_027248,True,0.0,,0,0,0
Hum_XLOC_027249,False,,,0,0,0
Hum_XLOC_027250,False,,,0,0,0
Hum_XLOC_027251,False,,,0,0,0
Hum_XLOC_027252,False,,,0,0,0
Hum_XLOC_027253,False,,,0,0,0
Hum_XLOC_027254,False,,,0,0,0
Hum_XLOC_027255,False,,,0,0,0
Hum_XLOC_027256,False,,,0,0,0
Hum_XLOC_027257,False,,,0,0,0
Hum_XLOC_027259,True,0.0,,0,0,0
Hum_XLOC_027260,False,,,0,0,0
Hum_XLOC_027265,False,,,0,0,0
Hum_XLOC_027280,False,,,0,0,0
Hum_XLOC_027281,False,,,0,0,0
Hum_XLOC_027286,False,,,0,0,0
Hum_XLOC_027288,False,,,0,0,0
Hum_XLOC_027290,True,0.0,,0,0,0
Hum_XLOC_027291,True,0.0,,0,0,0
Hum_XLOC_027293,False,,,0,0,0
Hum_XLOC_027294,True,0.0,,0,0,0
Hum_XLOC_027295,True,0.0,,0,0,0
Hum_XLOC_027296,False,,,0,0,0
Hum_XLOC_027297,True,0.0,,0,0,0
Hum_XLOC_027298,False,,,0,0,0
Hum_XLOC_027299,False,,,0,0,0
Hum_XLOC_027302,False,,,0,0,0
Hum_XLOC_027303,False,,,0,0,0
Hum_XLOC_027304,False,,,0,0,0
Hum_XLOC_027309,False,,,0,0,0
Hum_XLOC_027313,False,,,0,0,0
Hum_XLOC_027314,True,0.0,,0,0,0
Hum_XLOC_027315,True,0.0,,0,0,0
Hum_XLOC_027316,False,,,0,0,0
Hum_XLOC_027317,False,,,0,0,0
Hum_XLOC_027318,False,,,0,0,0
Hum_XLOC_027321,False,,,0,0,0
Hum_XLOC_027322,False,,,0,0,0
Hum_XLOC_027323,False,,,0,0,0
Hum_XLOC_027325,False,,,0,0,0
Hum_XLOC_027327,False,,,0,0,0
Hum_XLOC_027328,False,,,0,0,0
Hum_XLOC_027329,False,,,0,0,0
Hum_XLOC_027330,False,,,0,0,0
Hum_XLOC_027331,False,,,0,0,0
Hum_XLOC_027332,False,,,0,0,0
Hum_XLOC_027333,False,,,0,0,0
Hum_XLOC_027334,False,,,0,0,0
Hum_XLOC_027335,False,,,0,0,0
Hum_XLOC_027336,True,0.0,,0,0,0
Hum_XLOC_027337,False,,,0,0,0
Hum_XLOC_027338,False,,,0,0,0
Hum_XLOC_027339,False,,,0,0,0
Hum_XLOC_027340,False,,,0,0,0
Hum_XLOC_027341,False,,,0,0,0
Hum_XLOC_027342,False,,,0,0,0
Hum_XLOC_027343,False,,,0,0,0
Hum_XLOC_027344,False,,,0,0,0
Hum_XLOC_027345,False,,,0,0,0
Hum_XLOC_027346,False,,,0,0,0
Hum_XLOC_027349,False,,,0,0,0
Hum_XLOC_027350,False,,,0,0,0
Hum_XLOC_027351,False,,,0,0,0
Hum_XLOC_027352,True,0.0,,0,0,0
Hum_XLOC_027353,False,,,0,0,0
Hum_XLOC_027354,True,0.0,,0,0,0
Hum_XLOC_027355,False,,,0,0,0
Hum_XLOC_027357,False,,,0,0,0
Hum_XLOC_027358,True,0.0,,0,0,0
Hum_XLOC_027359,False,,,0,0,0
Hum_XLOC_027360,False,,,0,0,0
Hum_XLOC_027361,False,,,0,0,0
Hum_XLOC_027362,False,,,0,0,0
Hum_XLOC_027363,False,,,0,0,0
Hum_XLOC_027364,False,,,0,0,0
Hum_XLOC_027365,False,,,0,0,0
Hum_XLOC_027366,False,,,0,0,0
Hum_XLOC_027367,False,,,0,0,0
Hum_XLOC_027368,False,,,0,0,0
Hum_XLOC_027369,False,,,0,0,0
Hum_XLOC_027370,False,,,0,0,0
Hum_XLOC_027372,False,,,0,0,0
Hum_XLOC_027374,False,,,0,0,0
Hum_XLOC_027378,False,,,0,0,0
Hum_XLOC_027379,False,,,0,0,0
Hum_XLOC_027381,False,,,0,0,0
Hum_XLOC_027382,True,0.0,,0,0,0
Hum_XLOC_027383,True,0.0,,0,0,0
Hum_XLOC_027384,False,,,0,0,0
Hum_XLOC_027385,False,,,0,0,0
Hum_XLOC_027386,False,,,0,0,0
Hum_XLOC_027387,False,,,0,0,0
Hum_XLOC_027388,False,,,0,0,0
Hum_XLOC_027389,False,,,0,0,0
Hum_XLOC_027390,True,0.0,,0,0,0
Hum_XLOC_027391,True,0.0,,0,0,0
Hum_XLOC_027392,False,,,0,0,0
Hum_XLOC_027393,False,,,0,0,0
Hum_XLOC_027397,True,0.0,,0,0,0
Hum_XLOC_027398,False,,,0,0,0
Hum_XLOC_027399,False,,,0,0,0
Hum_XLOC_027400,False,,,0,0,0
Hum_XLOC_027401,False,,,0,0,0
Hum_XLOC_027402,False,,,0,0,0
Hum_XLOC_027405,False,,,0,0,0
Hum_XLOC_027406,False,,,0,0,0
Hum_XLOC_027407,False,,,0,0,0
Hum_XLOC_027408,False,,,0,0,0
Hum_XLOC_027409,False,,,0,0,0
Hum_XLOC_027410,False,,,0,0,0
Hum_XLOC_027411,False,,,0,0,0
Hum_XLOC_027412,False,,,0,0,0
Hum_XLOC_027413,False,,,0,0,0
Hum_XLOC_027415,False,,,0,0,0
Hum_XLOC_027418,False,,,0,0,0
Hum_XLOC_027419,False,,,0,0,0
Hum_XLOC_027420,False,,,0,0,0
Hum_XLOC_027421,False,,,0,0,0
Hum_XLOC_027422,True,0.0,,0,0,0
Hum_XLOC_027423,False,,,0,0,0
Hum_XLOC_027424,False,,,0,0,0
Hum_XLOC_027426,False,,,0,0,0
Hum_XLOC_027427,False,,,0,0,0
Hum_XLOC_027429,True,0.0,,0,0,0
Hum_XLOC_027430,False,,,0,0,0
Hum_XLOC_027432,False,,,0,0,0
Hum_XLOC_027438,False,,,0,0,0
Hum_XLOC_027440,False,,,0,0,0
Hum_XLOC_027441,False,,,0,0,0
Hum_XLOC_027444,False,,,0,0,0
Hum_XLOC_027445,False,,,0,0,0
Hum_XLOC_027447,False,,,0,0,0
Hum_XLOC_027448,False,,,0,0,0
Hum_XLOC_027449,True,0.0,,0,0,0
Hum_XLOC_027452,True,0.0,,0,0,0
Hum_XLOC_027453,False,,,0,0,0
Hum_XLOC_027454,False,,,0,0,0
Hum_XLOC_027455,False,,,0,0,0
Hum_XLOC_027456,False,,,0,0,0
Hum_XLOC_027457,False,,,0,0,0
Hum_XLOC_027458,False,,,0,0,0
Hum_XLOC_027459,False,,,0,0,0
Hum_XLOC_027461,True,0.0,,0,0,0
Hum_XLOC_027465,False,,,0,0,0
Hum_XLOC_027466,False,,,0,0,0
Hum_XLOC_027467,False,,,0,0,0
Hum_XLOC_027468,False,,,0,0,0
Hum_XLOC_027469,False,,,0,0,0
Hum_XLOC_027472,False,,,0,0,0
Hum_XLOC_027473,False,,,0,0,0
Hum_XLOC_027474,True,0.0,,0,0,0
Hum_XLOC_027475,False,,,0,0,0
Hum_XLOC_027476,False,,,0,0,0
Hum_XLOC_027477,False,,,0,0,0
Hum_XLOC_027478,False,,,0,0,0
Hum_XLOC_027480,False,,,0,0,0
Hum_XLOC_027481,False,,,0,0,0
Hum_XLOC_027482,False,,,0,0,0
Hum_XLOC_027483,False,,,0,0,0
Hum_XLOC_027484,False,,,0,0,0
Hum_XLOC_027485,False,,,0,0,0
Hum_XLOC_027486,False,,,0,0,0
Hum_XLOC_027487,False,,,0,0,0
Hum_XLOC_027488,False,,,0,0,0
Hum_XLOC_027489,True,0.0,,0,0,0
Hum_XLOC_027491,False,,,0,0,0
Hum_XLOC_027494,True,0.0,,0,0,0
Hum_XLOC_027495,False,,,0,0,0
Hum_XLOC_027498,False,,,0,0,0
Hum_XLOC_027499,True,0.0,,0,0,0
Hum_XLOC_027500,False,,,0,0,0
Hum_XLOC_027501,False,,,0,0,0
Hum_XLOC_027502,False,,,0,0,0
Hum_XLOC_027503,False,,,0,0,0
Hum_XLOC_027509,False,,,0,0,0
Hum_XLOC_027510,False,,,0,0,0
Hum_XLOC_027511,False,,,0,0,0
Hum_XLOC_027512,False,,,0,0,0
Hum_XLOC_027516,False,,,0,0,0
Hum_XLOC_027518,False,,,0,0,0
Hum_XLOC_027519,False,,,0,0,0
Hum_XLOC_027520,False,,,0,0,0
Hum_XLOC_027527,False,,,0,0,0
Hum_XLOC_027529,False,,,0,0,0
Hum_XLOC_027535,False,,,0,0,0
Hum_XLOC_027536,False,,,0,0,0
Hum_XLOC_027540,True,0.0,,0,0,0
Hum_XLOC_027544,True,0.0,,0,0,0
Hum_XLOC_027545,False,,,0,0,0
Hum_XLOC_027546,False,,,0,0,0
Hum_XLOC_027547,False,,,0,0,0
Hum_XLOC_027548,False,,,0,0,0
Hum_XLOC_027549,False,,,0,0,0
Hum_XLOC_027557,False,,,0,0,0
Hum_XLOC_027558,True,0.0,,0,0,0
Hum_XLOC_027559,False,,,0,0,0
Hum_XLOC_027560,False,,,0,0,0
Hum_XLOC_027561,True,0.0,,0,0,0
Hum_XLOC_027562,False,,,0,0,0
Hum_XLOC_027563,False,,,0,0,0
Hum_XLOC_027564,True,0.0,,0,0,0
Hum_XLOC_027565,True,0.0,,0,0,0
Hum_XLOC_027567,False,,,0,0,0
Hum_XLOC_027569,True,0.0,,0,0,0
Hum_XLOC_027570,False,,,0,0,0
Hum_XLOC_027571,False,,,0,0,0
Hum_XLOC_027572,False,,,0,0,0
Hum_XLOC_027573,True,0.0,,0,0,0
Hum_XLOC_027574,False,,,0,0,0
Hum_XLOC_027575,False,,,0,0,0
Hum_XLOC_027576,False,,,0,0,0
Hum_XLOC_027577,False,,,0,0,0
Hum_XLOC_027578,True,0.0,,0,0,0
Hum_XLOC_027579,False,,,0,0,0
Hum_XLOC_027580,False,,,0,0,0
Hum_XLOC_027581,False,,,0,0,0
Hum_XLOC_027582,False,,,0,0,0
Hum_XLOC_027583,False,,,0,0,0
Hum_XLOC_027586,False,,,0,0,0
Hum_XLOC_027587,False,,,0,0,0
Hum_XLOC_027588,True,0.0,,0,0,0
Hum_XLOC_027589,True,0.0,,0,0,0
Hum_XLOC_027599,False,,,0,0,0
Hum_XLOC_027601,False,,,0,0,0
Hum_XLOC_027602,False,,,0,0,0
Hum_XLOC_027603,True,0.0,,0,0,0
Hum_XLOC_027604,False,,,0,0,0
Hum_XLOC_027605,False,,,0,0,0
Hum_XLOC_027606,False,,,0,0,0
Hum_XLOC_027607,False,,,0,0,0
Hum_XLOC_027610,False,,,0,0,0
Hum_XLOC_027612,False,,,0,0,0
Hum_XLOC_027613,False,,,0,0,0
Hum_XLOC_027614,False,,,0,0,0
Hum_XLOC_027615,False,,,0,0,0
Hum_XLOC_027618,True,0.0,,0,0,0
Hum_XLOC_027620,False,,,0,0,0
Hum_XLOC_027623,False,,,0,0,0
Hum_XLOC_027625,False,,,0,0,0
Hum_XLOC_027626,False,,,0,0,0
Hum_XLOC_027627,False,,,0,0,0
Hum_XLOC_027628,False,,,0,0,0
Hum_XLOC_027629,False,,,0,0,0
Hum_XLOC_027630,False,,,0,0,0
Hum_XLOC_027631,False,,,0,0,0
Hum_XLOC_027632,True,0.0,,0,0,0
Hum_XLOC_027633,False,,,0,0,0
Hum_XLOC_027634,False,,,0,0,0
Hum_XLOC_027635,False,,,0,0,0
Hum_XLOC_027636,False,,,0,0,0
Hum_XLOC_027637,False,,,0,0,0
Hum_XLOC_027638,False,,,0,0,0
Hum_XLOC_027639,False,,,0,0,0
Hum_XLOC_027640,False,,,0,0,0
Hum_XLOC_027642,False,,,0,0,0
Hum_XLOC_027643,False,,,0,0,0
Hum_XLOC_027644,False,,,0,0,0
Hum_XLOC_027647,False,,,0,0,0
Hum_XLOC_027648,False,,,0,0,0
Hum_XLOC_027649,False,,,0,0,0
Hum_XLOC_027652,False,,,0,0,0
Hum_XLOC_027655,False,,,0,0,0
Hum_XLOC_027656,True,0.0,,0,0,0
Hum_XLOC_027659,True,0.0,,0,0,0
Hum_XLOC_027660,False,,,0,0,0
Hum_XLOC_027661,False,,,0,0,0
Hum_XLOC_027662,False,,,0,0,0
Hum_XLOC_027663,False,,,0,0,0
Hum_XLOC_027664,False,,,0,0,0
Hum_XLOC_027665,False,,,0,0,0
Hum_XLOC_027666,False,,,0,0,0
Hum_XLOC_027667,False,,,0,0,0
Hum_XLOC_027669,False,,,0,0,0
Hum_XLOC_027670,False,,,0,0,0
Hum_XLOC_027671,False,,,0,0,0
Hum_XLOC_027672,False,,,0,0,0
Hum_XLOC_027673,False,,,0,0,0
Hum_XLOC_027677,False,,,0,0,0
Hum_XLOC_027679,False,,,0,0,0
Hum_XLOC_027682,False,,,0,0,0
Hum_XLOC_027683,False,,,0,0,0
Hum_XLOC_027684,False,,,0,0,0
Hum_XLOC_027685,False,,,0,0,0
Hum_XLOC_027686,False,,,0,0,0
Hum_XLOC_027687,False,,,0,0,0
Hum_XLOC_027688,False,,,0,0,0
Hum_XLOC_027689,False,,,0,0,0
Hum_XLOC_027690,False,,,0,0,0
Hum_XLOC_027692,False,,,0,0,0
Hum_XLOC_027694,False,,,0,0,0
Hum_XLOC_027695,False,,,0,0,0
Hum_XLOC_027696,False,,,0,0,0
Hum_XLOC_027698,False,,,0,0,0
Hum_XLOC_027699,True,0.0,,0,0,0
Hum_XLOC_027700,False,,,0,0,0
Hum_XLOC_027703,True,0.0,,0,0,0
Hum_XLOC_027707,False,,,0,0,0
Hum_XLOC_027710,True,0.0,,0,0,0
Hum_XLOC_027712,False,,,0,0,0
Hum_XLOC_027714,False,,,0,0,0
Hum_XLOC_027715,True,0.0,,0,0,0
Hum_XLOC_027716,False,,,0,0,0
Hum_XLOC_027717,False,,,0,0,0
Hum_XLOC_027719,False,,,0,0,0
Hum_XLOC_027721,False,,,0,0,0
Hum_XLOC_027722,True,0.0,,0,0,0
Hum_XLOC_027723,True,0.0,,0,0,0
Hum_XLOC_027724,False,,,0,0,0
Hum_XLOC_027725,False,,,0,0,0
Hum_XLOC_027726,False,,,0,0,0
Hum_XLOC_027727,False,,,0,0,0
Hum_XLOC_027728,False,,,0,0,0
Hum_XLOC_027729,False,,,0,0,0
Hum_XLOC_027730,False,,,0,0,0
Hum_XLOC_027731,False,,,0,0,0
Hum_XLOC_027732,False,,,0,0,0
Hum_XLOC_027733,True,0.0,,0,0,0
Hum_XLOC_027734,False,,,0,0,0
Hum_XLOC_027735,False,,,0,0,0
Hum_XLOC_027736,False,,,0,0,0
Hum_XLOC_027737,False,,,0,0,0
Hum_XLOC_027738,False,,,0,0,0
Hum_XLOC_027739,False,,,0,0,0
Hum_XLOC_027740,False,,,0,0,0
Hum_XLOC_027741,False,,,0,0,0
Hum_XLOC_027742,False,,,0,0,0
Hum_XLOC_027743,False,,,0,0,0
Hum_XLOC_027744,False,,,0,0,0
Hum_XLOC_027745,False,,,0,0,0
Hum_XLOC_027746,False,,,0,0,0
Hum_XLOC_027747,False,,,0,0,0
Hum_XLOC_027749,False,,,0,0,0
Hum_XLOC_027750,True,0.0,,0,0,0
Hum_XLOC_027751,False,,,0,0,0
Hum_XLOC_027752,True,0.0,,0,0,0
Hum_XLOC_027753,False,,,0,0,0
Hum_XLOC_027754,False,,,0,0,0
Hum_XLOC_027755,False,,,0,0,0
Hum_XLOC_027756,False,,,0,0,0
Hum_XLOC_027759,False,,,0,0,0
Hum_XLOC_027760,False,,,0,0,0
Hum_XLOC_027761,True,0.0,,0,0,0
Hum_XLOC_027762,False,,,0,0,0
Hum_XLOC_027767,False,,,0,0,0
Hum_XLOC_027772,False,,,0,0,0
Hum_XLOC_027773,False,,,0,0,0
Hum_XLOC_027774,False,,,0,0,0
Hum_XLOC_027775,False,,,0,0,0
Hum_XLOC_027777,True,0.0,,0,0,0
Hum_XLOC_027778,False,,,0,0,0
Hum_XLOC_027781,False,,,0,0,0
Hum_XLOC_027782,False,,,0,0,0
Hum_XLOC_027790,False,,,0,0,0
Hum_XLOC_027791,False,,,0,0,0
Hum_XLOC_027793,True,0.0,,0,0,0
Hum_XLOC_027799,True,0.0,,0,0,0
Hum_XLOC_027800,False,,,0,0,0
Hum_XLOC_027801,False,,,0,0,0
Hum_XLOC_027802,False,,,0,0,0
Hum_XLOC_027803,False,,,0,0,0
Hum_XLOC_027804,False,,,0,0,0
Hum_XLOC_027806,False,,,0,0,0
Hum_XLOC_027810,True,0.0,,0,0,0
Hum_XLOC_027813,False,,,0,0,0
Hum_XLOC_027814,False,,,0,0,0
Hum_XLOC_027815,False,,,0,0,0
Hum_XLOC_027820,False,,,0,0,0
Hum_XLOC_027821,False,,,0,0,0
Hum_XLOC_027822,False,,,0,0,0
Hum_XLOC_027823,False,,,0,0,0
Hum_XLOC_027825,False,,,0,0,0
Hum_XLOC_027827,False,,,0,0,0
Hum_XLOC_027828,False,,,0,0,0
Hum_XLOC_027829,False,,,0,0,0
Hum_XLOC_027830,False,,,0,0,0
Hum_XLOC_027836,False,,,0,0,0
Hum_XLOC_027837,False,,,0,0,0
Hum_XLOC_027839,True,0.0,,0,0,0
Hum_XLOC_027840,False,,,0,0,0
Hum_XLOC_027841,False,,,0,0,0
Hum_XLOC_027843,False,,,0,0,0
Hum_XLOC_027847,False,,,0,0,0
Hum_XLOC_027849,False,,,0,0,0
Hum_XLOC_027850,False,,,0,0,0
Hum_XLOC_027853,False,,,0,0,0
Hum_XLOC_027854,False,,,0,0,0
Hum_XLOC_027855,True,0.0,,0,0,0
Hum_XLOC_027856,False,,,0,0,0
Hum_XLOC_027857,False,,,0,0,0
Hum_XLOC_027858,False,,,0,0,0
Hum_XLOC_027859,False,,,0,0,0
Hum_XLOC_027861,False,,,0,0,0
Hum_XLOC_027862,False,,,0,0,0
Hum_XLOC_027864,False,,,0,0,0
Hum_XLOC_027865,False,,,0,0,0
Hum_XLOC_027867,False,,,0,0,0
Hum_XLOC_027868,False,,,0,0,0
Hum_XLOC_027869,False,,,0,0,0
Hum_XLOC_027870,True,0.0,,0,0,0
Hum_XLOC_027871,False,,,0,0,0
Hum_XLOC_027872,False,,,0,0,0
Hum_XLOC_027873,True,0.0,,0,0,0
Hum_XLOC_027878,False,,,0,0,0
Hum_XLOC_027882,False,,,0,0,0
Hum_XLOC_027883,False,,,0,0,0
Hum_XLOC_027884,False,,,0,0,0
Hum_XLOC_027888,False,,,0,0,0
Hum_XLOC_027889,False,,,0,0,0
Hum_XLOC_027890,True,0.0,,0,0,0
Hum_XLOC_027892,False,,,0,0,0
Hum_XLOC_027893,False,,,0,0,0
Hum_XLOC_027894,True,0.0,,0,0,0
Hum_XLOC_027895,False,,,0,0,0
Hum_XLOC_027896,False,,,0,0,0
Hum_XLOC_027902,False,,,0,0,0
Hum_XLOC_027903,False,,,0,0,0
Hum_XLOC_027904,True,0.0,,0,0,0
Hum_XLOC_027905,False,,,0,0,0
Hum_XLOC_027907,True,0.0,,0,0,0
Hum_XLOC_027908,True,0.0,,0,0,0
Hum_XLOC_027909,True,0.0,,0,0,0
Hum_XLOC_027910,False,,,0,0,0
Hum_XLOC_027911,False,,,0,0,0
Hum_XLOC_027912,False,,,0,0,0
Hum_XLOC_027913,False,,,0,0,0
Hum_XLOC_027914,True,0.0,,0,0,0
Hum_XLOC_027915,False,,,0,0,0
Hum_XLOC_027916,False,,,0,0,0
Hum_XLOC_027917,False,,,0,0,0
Hum_XLOC_027918,False,,,0,0,0
Hum_XLOC_027919,False,,,0,0,0
Hum_XLOC_027920,False,,,0,0,0
Hum_XLOC_027921,False,,,0,0,0
Hum_XLOC_027922,False,,,0,0,0
Hum_XLOC_027925,False,,,0,0,0
Hum_XLOC_027926,False,,,0,0,0
Hum_XLOC_027931,False,,,0,0,0
Hum_XLOC_027933,False,,,0,0,0
Hum_XLOC_027934,True,0.0,,0,0,0
Hum_XLOC_027935,False,,,0,0,0
Hum_XLOC_027937,False,,,0,0,0
Hum_XLOC_027938,False,,,0,0,0
Hum_XLOC_027939,False,,,0,0,0
Hum_XLOC_027940,False,,,0,0,0
Hum_XLOC_027941,False,,,0,0,0
Hum_XLOC_027942,False,,,0,0,0
Hum_XLOC_027943,False,,,0,0,0
Hum_XLOC_027944,True,0.0,,0,0,0
Hum_XLOC_027946,False,,,0,0,0
Hum_XLOC_027956,False,,,0,0,0
Hum_XLOC_027967,False,,,0,0,0
Hum_XLOC_027973,False,,,0,0,0
Hum_XLOC_027976,False,,,0,0,0
Hum_XLOC_027977,True,0.0,,0,0,0
Hum_XLOC_027978,False,,,0,0,0
Hum_XLOC_027979,False,,,0,0,0
Hum_XLOC_027988,False,,,0,0,0
Hum_XLOC_027989,False,,,0,0,0
Hum_XLOC_027990,False,,,0,0,0
Hum_XLOC_027991,False,,,0,0,0
Hum_XLOC_027992,False,,,0,0,0
Hum_XLOC_027993,False,,,0,0,0
Hum_XLOC_027994,False,,,0,0,0
Hum_XLOC_027995,False,,,0,0,0
Hum_XLOC_027996,False,,,0,0,0
Hum_XLOC_027997,False,,,0,0,0
Hum_XLOC_027998,False,,,0,0,0
Hum_XLOC_027999,False,,,0,0,0
Hum_XLOC_028000,False,,,0,0,0
Hum_XLOC_028001,False,,,0,0,0
Hum_XLOC_028002,False,,,0,0,0
Hum_XLOC_028003,False,,,0,0,0
Hum_XLOC_028004,False,,,0,0,0
Hum_XLOC_028006,False,,,0,0,0
Hum_XLOC_028009,True,0.0,,0,0,0
Hum_XLOC_028011,False,,,0,0,0
Hum_XLOC_028013,True,0.0,,0,0,0
Hum_XLOC_028018,False,,,0,0,0
Hum_XLOC_028019,False,,,0,0,0
Hum_XLOC_028020,False,,,0,0,0
Hum_XLOC_028021,False,,,0,0,0
Hum_XLOC_028022,False,,,0,0,0
Hum_XLOC_028024,False,,,0,0,0
Hum_XLOC_028025,False,,,0,0,0
Hum_XLOC_028026,False,,,0,0,0
Hum_XLOC_028027,False,,,0,0,0
Hum_XLOC_028028,False,,,0,0,0
Hum_XLOC_028029,True,0.0,,0,0,0
Hum_XLOC_028030,False,,,0,0,0
Hum_XLOC_028031,False,,,0,0,0
Hum_XLOC_028032,False,,,0,0,0
Hum_XLOC_028033,False,,,0,0,0
Hum_XLOC_028035,False,,,0,0,0
Hum_XLOC_028036,False,,,0,0,0
Hum_XLOC_028037,True,0.0,,0,0,0
Hum_XLOC_028044,False,,,0,0,0
Hum_XLOC_028046,False,,,0,0,0
Hum_XLOC_028047,False,,,0,0,0
Hum_XLOC_028048,False,,,0,0,0
Hum_XLOC_028051,False,,,0,0,0
Hum_XLOC_028052,False,,,0,0,0
Hum_XLOC_028053,False,,,0,0,0
Hum_XLOC_028054,False,,,0,0,0
Hum_XLOC_028055,True,0.0,,0,0,0
Hum_XLOC_028056,False,,,0,0,0
Hum_XLOC_028057,False,,,0,0,0
Hum_XLOC_028058,False,,,0,0,0
Hum_XLOC_028060,False,,,0,0,0
Hum_XLOC_028062,False,,,0,0,0
Hum_XLOC_028063,False,,,0,0,0
Hum_XLOC_028064,False,,,0,0,0
Hum_XLOC_028065,False,,,0,0,0
Hum_XLOC_028071,False,,,0,0,0
Hum_XLOC_028072,False,,,0,0,0
Hum_XLOC_028073,True,0.0,,0,0,0
Hum_XLOC_028076,False,,,0,0,0
Hum_XLOC_028080,True,0.0,,0,0,0
Hum_XLOC_028082,False,,,0,0,0
Hum_XLOC_028083,True,0.0,,0,0,0
Hum_XLOC_028085,False,,,0,0,0
Hum_XLOC_028086,False,,,0,0,0
Hum_XLOC_028087,False,,,0,0,0
Hum_XLOC_028088,False,,,0,0,0
Hum_XLOC_028089,False,,,0,0,0
Hum_XLOC_028096,False,,,0,0,0
Hum_XLOC_028097,False,,,0,0,0
Hum_XLOC_028110,False,,,0,0,0
Hum_XLOC_028126,True,0.0,,0,0,0
Hum_XLOC_028131,False,,,0,0,0
Hum_XLOC_028132,False,,,0,0,0
Hum_XLOC_028133,False,,,0,0,0
Hum_XLOC_028134,False,,,0,0,0
Hum_XLOC_028135,False,,,0,0,0
Hum_XLOC_028136,True,0.0,,0,0,0
Hum_XLOC_028138,False,,,0,0,0
Hum_XLOC_028139,True,0.0,,0,0,0
Hum_XLOC_028140,False,,,0,0,0
Hum_XLOC_028141,False,,,0,0,0
Hum_XLOC_028142,False,,,0,0,0
Hum_XLOC_028146,False,,,0,0,0
Hum_XLOC_028147,False,,,0,0,0
Hum_XLOC_028148,False,,,0,0,0
Hum_XLOC_028149,False,,,0,0,0
Hum_XLOC_028150,False,,,0,0,0
Hum_XLOC_028152,False,,,0,0,0
Hum_XLOC_028153,False,,,0,0,0
Hum_XLOC_028154,False,,,0,0,0
Hum_XLOC_028155,True,0.0,,0,0,0
Hum_XLOC_028156,False,,,0,0,0
Hum_XLOC_028161,True,0.0,,0,0,0
Hum_XLOC_028166,False,,,0,0,0
Hum_XLOC_028167,False,,,0,0,0
Hum_XLOC_028173,False,,,0,0,0
Hum_XLOC_028174,False,,,0,0,0
Hum_XLOC_028175,False,,,0,0,0
Hum_XLOC_028177,False,,,0,0,0
Hum_XLOC_028180,False,,,0,0,0
Hum_XLOC_028181,False,,,0,0,0
Hum_XLOC_028182,False,,,0,0,0
Hum_XLOC_028183,False,,,0,0,0
Hum_XLOC_028184,False,,,0,0,0
Hum_XLOC_028185,False,,,0,0,0
Hum_XLOC_028186,False,,,0,0,0
Hum_XLOC_028187,False,,,0,0,0
Hum_XLOC_028190,False,,,0,0,0
Hum_XLOC_028191,False,,,0,0,0
Hum_XLOC_028192,False,,,0,0,0
Hum_XLOC_028194,False,,,0,0,0
Hum_XLOC_028196,False,,,0,0,0
Hum_XLOC_028197,False,,,0,0,0
Hum_XLOC_028198,False,,,0,0,0
Hum_XLOC_028199,False,,,0,0,0
Hum_XLOC_028200,False,,,0,0,0
Hum_XLOC_028202,False,,,0,0,0
Hum_XLOC_028203,False,,,0,0,0
Hum_XLOC_028204,False,,,0,0,0
Hum_XLOC_028206,False,,,0,0,0
Hum_XLOC_028210,False,,,0,0,0
Hum_XLOC_028211,True,0.0,,0,0,0
Hum_XLOC_028212,False,,,0,0,0
Hum_XLOC_028213,False,,,0,0,0
Hum_XLOC_028217,False,,,0,0,0
Hum_XLOC_028224,False,,,0,0,0
Hum_XLOC_028227,True,0.0,,0,0,0
Hum_XLOC_028228,False,,,0,0,0
Hum_XLOC_028229,False,,,0,0,0
Hum_XLOC_028233,True,0.0,,0,0,0
Hum_XLOC_028237,True,0.0,,0,0,0
Hum_XLOC_028241,False,,,0,0,0
Hum_XLOC_028242,True,0.0,,0,0,0
Hum_XLOC_028244,True,0.0,,0,0,0
Hum_XLOC_028246,True,0.0,,0,0,0
Hum_XLOC_028247,True,0.0,,0,0,0
Hum_XLOC_028248,True,0.0,,0,0,0
Hum_XLOC_028249,True,0.0,,0,0,0
Hum_XLOC_028251,False,,,0,0,0
Hum_XLOC_028254,False,,,0,0,0
Hum_XLOC_028256,False,,,0,0,0
Hum_XLOC_028257,True,0.0,,0,0,0
Hum_XLOC_028258,False,,,0,0,0
Hum_XLOC_028259,False,,,0,0,0
Hum_XLOC_028260,True,0.0,,0,0,0
Hum_XLOC_028261,True,0.0,,0,0,0
Hum_XLOC_028262,False,,,0,0,0
Hum_XLOC_028264,False,,,0,0,0
Hum_XLOC_028265,False,,,0,0,0
Hum_XLOC_028266,False,,,0,0,0
Hum_XLOC_028267,False,,,0,0,0
Hum_XLOC_028268,True,0.0,,0,0,0
Hum_XLOC_028269,True,0.0,,0,0,0
Hum_XLOC_028270,False,,,0,0,0
Hum_XLOC_028271,False,,,0,0,0
Hum_XLOC_028273,False,,,0,0,0
Hum_XLOC_028274,False,,,0,0,0
Hum_XLOC_028276,False,,,0,0,0
Hum_XLOC_028277,False,,,0,0,0
Hum_XLOC_028278,False,,,0,0,0
Hum_XLOC_028279,True,0.0,,0,0,0
Hum_XLOC_028280,False,,,0,0,0
Hum_XLOC_028281,False,,,0,0,0
Hum_XLOC_028282,False,,,0,0,0
Hum_XLOC_028283,False,,,0,0,0
Hum_XLOC_028284,False,,,0,0,0
Hum_XLOC_028285,False,,,0,0,0
Hum_XLOC_028286,False,,,0,0,0
Hum_XLOC_028287,False,,,0,0,0
Hum_XLOC_028288,False,,,0,0,0
Hum_XLOC_028290,True,0.0,,0,0,0
Hum_XLOC_028294,True,0.0,,0,0,0
Hum_XLOC_028295,True,0.0,,0,0,0
Hum_XLOC_028296,False,,,0,0,0
Hum_XLOC_028297,True,0.0,,0,0,0
Hum_XLOC_028298,False,,,0,0,0
Hum_XLOC_028299,False,,,0,0,0
Hum_XLOC_028300,True,0.0,,0,0,0
Hum_XLOC_028301,False,,,0,0,0
Hum_XLOC_028302,False,,,0,0,0
Hum_XLOC_028303,False,,,0,0,0
Hum_XLOC_028304,False,,,0,0,0
Hum_XLOC_028305,False,,,0,0,0
Hum_XLOC_028306,False,,,0,0,0
Hum_XLOC_028307,False,,,0,0,0
Hum_XLOC_028308,False,,,0,0,0
Hum_XLOC_028309,False,,,0,0,0
Hum_XLOC_028310,True,0.0,,0,0,0
Hum_XLOC_028311,False,,,0,0,0
Hum_XLOC_028312,False,,,0,0,0
Hum_XLOC_028313,False,,,0,0,0
Hum_XLOC_028314,False,,,0,0,0
Hum_XLOC_028315,False,,,0,0,0
Hum_XLOC_028316,False,,,0,0,0
Hum_XLOC_028317,False,,,0,0,0
Hum_XLOC_028318,True,0.0,,0,0,0
Hum_XLOC_028319,False,,,0,0,0
Hum_XLOC_028320,False,,,0,0,0
Hum_XLOC_028321,False,,,0,0,0
Hum_XLOC_028324,True,0.0,,0,0,0
Hum_XLOC_028325,False,,,0,0,0
Hum_XLOC_028326,False,,,0,0,0
Hum_XLOC_028327,False,,,0,0,0
Hum_XLOC_028328,False,,,0,0,0
Hum_XLOC_028329,True,0.0,,0,0,0
Hum_XLOC_028330,True,0.0,,0,0,0
Hum_XLOC_028331,False,,,0,0,0
Hum_XLOC_028332,False,,,0,0,0
Hum_XLOC_028333,False,,,0,0,0
Hum_XLOC_028334,False,,,0,0,0
Hum_XLOC_028335,False,,,0,0,0
Hum_XLOC_028336,False,,,0,0,0
Hum_XLOC_028337,True,0.0,,0,0,0
Hum_XLOC_028338,False,,,0,0,0
Hum_XLOC_028340,False,,,0,0,0
Hum_XLOC_028341,False,,,0,0,0
Hum_XLOC_028342,False,,,0,0,0
Hum_XLOC_028343,False,,,0,0,0
Hum_XLOC_028344,False,,,0,0,0
Hum_XLOC_028345,False,,,0,0,0
Hum_XLOC_028346,True,0.0,,0,0,0
Hum_XLOC_028347,False,,,0,0,0
Hum_XLOC_028350,False,,,0,0,0
Hum_XLOC_028351,False,,,0,0,0
Hum_XLOC_028352,False,,,0,0,0
Hum_XLOC_028353,False,,,0,0,0
Hum_XLOC_028354,True,0.0,,0,0,0
Hum_XLOC_028356,False,,,0,0,0
Hum_XLOC_028359,False,,,0,0,0
Hum_XLOC_028360,True,0.0,,0,0,0
Hum_XLOC_028361,False,,,0,0,0
Hum_XLOC_028362,False,,,0,0,0
Hum_XLOC_028363,False,,,0,0,0
Hum_XLOC_028365,False,,,0,0,0
Hum_XLOC_028366,True,0.0,,0,0,0
Hum_XLOC_028368,True,0.0,,0,0,0
Hum_XLOC_028369,False,,,0,0,0
Hum_XLOC_028370,False,,,0,0,0
Hum_XLOC_028371,False,,,0,0,0
Hum_XLOC_028373,False,,,0,0,0
Hum_XLOC_028375,False,,,0,0,0
Hum_XLOC_028376,False,,,0,0,0
Hum_XLOC_028377,True,0.0,,0,0,0
Hum_XLOC_028380,False,,,0,0,0
Hum_XLOC_028381,False,,,0,0,0
Hum_XLOC_028384,False,,,0,0,0
Hum_XLOC_028385,False,,,0,0,0
Hum_XLOC_028387,False,,,0,0,0
Hum_XLOC_028389,False,,,0,0,0
Hum_XLOC_028390,True,0.0,,0,0,0
Hum_XLOC_028391,False,,,0,0,0
Hum_XLOC_028392,False,,,0,0,0
Hum_XLOC_028393,False,,,0,0,0
Hum_XLOC_028394,False,,,0,0,0
Hum_XLOC_028395,False,,,0,0,0
Hum_XLOC_028396,False,,,0,0,0
Hum_XLOC_028397,False,,,0,0,0
Hum_XLOC_028398,False,,,0,0,0
Hum_XLOC_028399,False,,,0,0,0
Hum_XLOC_028400,False,,,0,0,0
Hum_XLOC_028401,False,,,0,0,0
Hum_XLOC_028402,False,,,0,0,0
Hum_XLOC_028403,False,,,0,0,0
Hum_XLOC_028404,False,,,0,0,0
Hum_XLOC_028405,False,,,0,0,0
Hum_XLOC_028406,False,,,0,0,0
Hum_XLOC_028408,False,,,0,0,0
Hum_XLOC_028409,True,0.0,,0,0,0
Hum_XLOC_028410,False,,,0,0,0
Hum_XLOC_028411,False,,,0,0,0
Hum_XLOC_028412,False,,,0,0,0
Hum_XLOC_028413,False,,,0,0,0
Hum_XLOC_028414,False,,,0,0,0
Hum_XLOC_028415,False,,,0,0,0
Hum_XLOC_028417,False,,,0,0,0
Hum_XLOC_028418,False,,,0,0,0
Hum_XLOC_028419,False,,,0,0,0
Hum_XLOC_028421,False,,,0,0,0
Hum_XLOC_028422,False,,,0,0,0
Hum_XLOC_028423,False,,,0,0,0
Hum_XLOC_028424,False,,,0,0,0
Hum_XLOC_028427,False,,,0,0,0
Hum_XLOC_028428,False,,,0,0,0
Hum_XLOC_028432,False,,,0,0,0
Hum_XLOC_028433,False,,,0,0,0
Hum_XLOC_028434,False,,,0,0,0
Hum_XLOC_028435,False,,,0,0,0
Hum_XLOC_028436,True,0.0,,0,0,0
Hum_XLOC_028437,False,,,0,0,0
Hum_XLOC_028438,False,,,0,0,0
Hum_XLOC_028440,False,,,0,0,0
Hum_XLOC_028441,False,,,0,0,0
Hum_XLOC_028444,False,,,0,0,0
Hum_XLOC_028445,False,,,0,0,0
Hum_XLOC_028446,False,,,0,0,0
Hum_XLOC_028447,False,,,0,0,0
Hum_XLOC_028448,False,,,0,0,0
Hum_XLOC_028455,False,,,0,0,0
Hum_XLOC_028456,False,,,0,0,0
Hum_XLOC_028457,False,,,0,0,0
Hum_XLOC_028458,False,,,0,0,0
Hum_XLOC_028464,True,0.0,,0,0,0
Hum_XLOC_028465,False,,,0,0,0
Hum_XLOC_028466,False,,,0,0,0
Hum_XLOC_028467,True,0.0,,0,0,0
Hum_XLOC_028468,False,,,0,0,0
Hum_XLOC_028469,False,,,0,0,0
Hum_XLOC_028470,False,,,0,0,0
Hum_XLOC_028471,False,,,0,0,0
Hum_XLOC_028472,False,,,0,0,0
Hum_XLOC_028473,False,,,0,0,0
Hum_XLOC_028474,False,,,0,0,0
Hum_XLOC_028475,False,,,0,0,0
Hum_XLOC_028476,True,0.0,,0,0,0
Hum_XLOC_028477,False,,,0,0,0
Hum_XLOC_028478,True,0.0,,0,0,0
Hum_XLOC_028479,False,,,0,0,0
Hum_XLOC_028480,False,,,0,0,0
Hum_XLOC_028481,True,0.0,,0,0,0
Hum_XLOC_028482,False,,,0,0,0
Hum_XLOC_028484,False,,,0,0,0
Hum_XLOC_028488,True,0.0,,0,0,0
Hum_XLOC_028490,False,,,0,0,0
Hum_XLOC_028491,False,,,0,0,0
Hum_XLOC_028495,False,,,0,0,0
Hum_XLOC_028496,True,0.0,,0,0,0
Hum_XLOC_028500,False,,,0,0,0
Hum_XLOC_028502,False,,,0,0,0
Hum_XLOC_028506,False,,,0,0,0
Hum_XLOC_028510,False,,,0,0,0
Hum_XLOC_028512,False,,,0,0,0
Hum_XLOC_028513,False,,,0,0,0
Hum_XLOC_028514,False,,,0,0,0
Hum_XLOC_028515,False,,,0,0,0
Hum_XLOC_028516,False,,,0,0,0
Hum_XLOC_028522,False,,,0,0,0
Hum_XLOC_028529,False,,,0,0,0
Hum_XLOC_028530,False,,,0,0,0
Hum_XLOC_028533,False,,,0,0,0
Hum_XLOC_028536,True,0.0,,0,0,0
Hum_XLOC_028540,False,,,0,0,0
Hum_XLOC_028541,False,,,0,0,0
Hum_XLOC_028542,False,,,0,0,0
Hum_XLOC_028543,True,0.0,,0,0,0
Hum_XLOC_028544,False,,,0,0,0
Hum_XLOC_028545,True,0.0,,0,0,0
Hum_XLOC_028546,False,,,0,0,0
Hum_XLOC_028547,True,0.0,,0,0,0
Hum_XLOC_028551,False,,,0,0,0
Hum_XLOC_028552,False,,,0,0,0
Hum_XLOC_028558,True,0.0,,0,0,0
Hum_XLOC_028559,True,0.0,,0,0,0
Hum_XLOC_028560,False,,,0,0,0
Hum_XLOC_028561,False,,,0,0,0
Hum_XLOC_028562,False,,,0,0,0
Hum_XLOC_028563,False,,,0,0,0
Hum_XLOC_028564,False,,,0,0,0
Hum_XLOC_028565,False,,,0,0,0
Hum_XLOC_028566,False,,,0,0,0
Hum_XLOC_028567,False,,,0,0,0
Hum_XLOC_028569,False,,,0,0,0
Hum_XLOC_028570,False,,,0,0,0
Hum_XLOC_028571,False,,,0,0,0
Hum_XLOC_028576,False,,,0,0,0
Hum_XLOC_028578,False,,,0,0,0
Hum_XLOC_028586,False,,,0,0,0
Hum_XLOC_028587,False,,,0,0,0
Hum_XLOC_028588,False,,,0,0,0
Hum_XLOC_028589,False,,,0,0,0
Hum_XLOC_028590,False,,,0,0,0
Hum_XLOC_028591,False,,,0,0,0
Hum_XLOC_028592,False,,,0,0,0
Hum_XLOC_028594,False,,,0,0,0
Hum_XLOC_028595,False,,,0,0,0
Hum_XLOC_028596,False,,,0,0,0
Hum_XLOC_028597,False,,,0,0,0
Hum_XLOC_028598,False,,,0,0,0
Hum_XLOC_028599,False,,,0,0,0
Hum_XLOC_028600,False,,,0,0,0
Hum_XLOC_028601,False,,,0,0,0
Hum_XLOC_028602,False,,,0,0,0
Hum_XLOC_028603,False,,,0,0,0
Hum_XLOC_028604,False,,,0,0,0
Hum_XLOC_028605,False,,,0,0,0
Hum_XLOC_028606,True,0.0,,0,0,0
Hum_XLOC_028614,False,,,0,0,0
Hum_XLOC_028616,False,,,0,0,0
Hum_XLOC_028619,False,,,0,0,0
Hum_XLOC_028620,False,,,0,0,0
Hum_XLOC_028621,False,,,0,0,0
Hum_XLOC_028622,False,,,0,0,0
Hum_XLOC_028623,True,0.0,,0,0,0
Hum_XLOC_028624,False,,,0,0,0
Hum_XLOC_028626,False,,,0,0,0
Hum_XLOC_028628,False,,,0,0,0
Hum_XLOC_028629,False,,,0,0,0
Hum_XLOC_028630,False,,,0,0,0
Hum_XLOC_028631,False,,,0,0,0
Hum_XLOC_028633,True,0.0,,0,0,0
Hum_XLOC_028634,False,,,0,0,0
Hum_XLOC_028635,False,,,0,0,0
Hum_XLOC_028639,False,,,0,0,0
Hum_XLOC_028640,True,0.0,,0,0,0
Hum_XLOC_028645,False,,,0,0,0
Hum_XLOC_028646,False,,,0,0,0
Hum_XLOC_028648,False,,,0,0,0
Hum_XLOC_028649,False,,,0,0,0
Hum_XLOC_028650,False,,,0,0,0
Hum_XLOC_028651,False,,,0,0,0
Hum_XLOC_028652,False,,,0,0,0
Hum_XLOC_028655,False,,,0,0,0
Hum_XLOC_028656,False,,,0,0,0
Hum_XLOC_028657,True,0.0,,0,0,0
Hum_XLOC_028658,False,,,0,0,0
Hum_XLOC_028664,False,,,0,0,0
Hum_XLOC_028665,True,0.0,,0,0,0
Hum_XLOC_028666,False,,,0,0,0
Hum_XLOC_028667,False,,,0,0,0
Hum_XLOC_028669,False,,,0,0,0
Hum_XLOC_028670,True,0.0,,0,0,0
Hum_XLOC_028671,False,,,0,0,0
Hum_XLOC_028672,True,0.0,,0,0,0
Hum_XLOC_028673,False,,,0,0,0
Hum_XLOC_028676,False,,,0,0,0
Hum_XLOC_028678,True,0.0,,0,0,0
Hum_XLOC_028680,False,,,0,0,0
Hum_XLOC_028681,True,0.0,,0,0,0
Hum_XLOC_028682,True,0.0,,0,0,0
Hum_XLOC_028684,False,,,0,0,0
Hum_XLOC_028685,False,,,0,0,0
Hum_XLOC_028686,False,,,0,0,0
Hum_XLOC_028687,True,0.0,,0,0,0
Hum_XLOC_028688,False,,,0,0,0
Hum_XLOC_028689,False,,,0,0,0
Hum_XLOC_028691,False,,,0,0,0
Hum_XLOC_028692,False,,,0,0,0
Hum_XLOC_028693,False,,,0,0,0
Hum_XLOC_028694,True,0.0,,0,0,0
Hum_XLOC_028695,True,0.0,,0,0,0
Hum_XLOC_028696,False,,,0,0,0
Hum_XLOC_028698,False,,,0,0,0
Hum_XLOC_028699,False,,,0,0,0
Hum_XLOC_028700,False,,,0,0,0
Hum_XLOC_028701,False,,,0,0,0
Hum_XLOC_028702,False,,,0,0,0
Hum_XLOC_028703,False,,,0,0,0
Hum_XLOC_028704,False,,,0,0,0
Hum_XLOC_028705,True,0.0,,0,0,0
Hum_XLOC_028709,False,,,0,0,0
Hum_XLOC_028710,True,0.0,,0,0,0
Hum_XLOC_028711,False,,,0,0,0
Hum_XLOC_028712,True,0.0,,0,0,0
Hum_XLOC_028714,False,,,0,0,0
Hum_XLOC_028717,False,,,0,0,0
Hum_XLOC_028718,False,,,0,0,0
Hum_XLOC_028719,True,0.0,,0,0,0
Hum_XLOC_028720,True,0.0,,0,0,0
Hum_XLOC_028721,False,,,0,0,0
Hum_XLOC_028723,False,,,0,0,0
Hum_XLOC_028725,False,,,0,0,0
Hum_XLOC_028726,False,,,0,0,0
Hum_XLOC_028727,False,,,0,0,0
Hum_XLOC_028728,False,,,0,0,0
Hum_XLOC_028729,False,,,0,0,0
Hum_XLOC_028730,False,,,0,0,0
Hum_XLOC_028732,False,,,0,0,0
Hum_XLOC_028734,False,,,0,0,0
Hum_XLOC_028742,False,,,0,0,0
Hum_XLOC_028743,False,,,0,0,0
Hum_XLOC_028744,False,,,0,0,0
Hum_XLOC_028745,False,,,0,0,0
Hum_XLOC_028746,False,,,0,0,0
Hum_XLOC_028747,False,,,0,0,0
Hum_XLOC_028748,True,0.0,,0,0,0
Hum_XLOC_028749,False,,,0,0,0
Hum_XLOC_028750,False,,,0,0,0
Hum_XLOC_028751,True,0.0,,0,0,0
Hum_XLOC_028752,False,,,0,0,0
Hum_XLOC_028753,False,,,0,0,0
Hum_XLOC_028754,False,,,0,0,0
Hum_XLOC_028755,False,,,0,0,0
Hum_XLOC_028761,False,,,0,0,0
Hum_XLOC_028762,False,,,0,0,0
Hum_XLOC_028763,True,0.0,,0,0,0
Hum_XLOC_028764,False,,,0,0,0
Hum_XLOC_028765,False,,,0,0,0
Hum_XLOC_028766,False,,,0,0,0
Hum_XLOC_028767,False,,,0,0,0
Hum_XLOC_028770,False,,,0,0,0
Hum_XLOC_028775,True,0.0,,0,0,0
Hum_XLOC_028778,False,,,0,0,0
Hum_XLOC_028779,False,,,0,0,0
Hum_XLOC_028781,True,0.0,,0,0,0
Hum_XLOC_028782,True,0.0,,0,0,0
Hum_XLOC_028783,False,,,0,0,0
Hum_XLOC_028784,False,,,0,0,0
Hum_XLOC_028785,False,,,0,0,0
Hum_XLOC_028786,False,,,0,0,0
Hum_XLOC_028787,False,,,0,0,0
Hum_XLOC_028788,False,,,0,0,0
Hum_XLOC_028789,False,,,0,0,0
Hum_XLOC_028790,False,,,0,0,0
Hum_XLOC_028791,False,,,0,0,0
Hum_XLOC_028792,False,,,0,0,0
Hum_XLOC_028793,False,,,0,0,0
Hum_XLOC_028794,False,,,0,0,0
Hum_XLOC_028795,True,0.0,,0,0,0
Hum_XLOC_028797,False,,,0,0,0
Hum_XLOC_028798,False,,,0,0,0
Hum_XLOC_028799,False,,,0,0,0
Hum_XLOC_028800,False,,,0,0,0
Hum_XLOC_028801,False,,,0,0,0
Hum_XLOC_028802,True,0.0,,0,0,0
Hum_XLOC_028803,False,,,0,0,0
Hum_XLOC_028804,False,,,0,0,0
Hum_XLOC_028805,False,,,0,0,0
Hum_XLOC_028806,False,,,0,0,0
Hum_XLOC_028807,False,,,0,0,0
Hum_XLOC_028808,False,,,0,0,0
Hum_XLOC_028812,False,,,0,0,0
Hum_XLOC_028813,False,,,0,0,0
Hum_XLOC_028814,False,,,0,0,0
Hum_XLOC_028817,True,0.0,,0,0,0
Hum_XLOC_028818,False,,,0,0,0
Hum_XLOC_028819,False,,,0,0,0
Hum_XLOC_028820,False,,,0,0,0
Hum_XLOC_028821,True,0.0,,0,0,0
Hum_XLOC_028824,False,,,0,0,0
Hum_XLOC_028825,False,,,0,0,0
Hum_XLOC_028826,False,,,0,0,0
Hum_XLOC_028827,False,,,0,0,0
Hum_XLOC_028830,False,,,0,0,0
Hum_XLOC_028831,False,,,0,0,0
Hum_XLOC_028833,False,,,0,0,0
Hum_XLOC_028834,True,0.0,,0,0,0
Hum_XLOC_028835,True,0.0,,0,0,0
Hum_XLOC_028841,False,,,0,0,0
Hum_XLOC_028842,False,,,0,0,0
Hum_XLOC_028844,False,,,0,0,0
Hum_XLOC_028846,False,,,0,0,0
Hum_XLOC_028847,False,,,0,0,0
Hum_XLOC_028848,False,,,0,0,0
Hum_XLOC_028849,False,,,0,0,0
Hum_XLOC_028850,False,,,0,0,0
Hum_XLOC_028851,False,,,0,0,0
Hum_XLOC_028852,False,,,0,0,0
Hum_XLOC_028853,False,,,0,0,0
Hum_XLOC_028854,False,,,0,0,0
Hum_XLOC_028855,False,,,0,0,0
Hum_XLOC_028857,False,,,0,0,0
Hum_XLOC_028858,False,,,0,0,0
Hum_XLOC_028859,True,0.0,,0,0,0
Hum_XLOC_028860,False,,,0,0,0
Hum_XLOC_028862,False,,,0,0,0
Hum_XLOC_028863,False,,,0,0,0
Hum_XLOC_028866,True,0.0,,0,0,0
Hum_XLOC_028867,False,,,0,0,0
Hum_XLOC_028868,False,,,0,0,0
Hum_XLOC_028869,False,,,0,0,0
Hum_XLOC_028870,False,,,0,0,0
Hum_XLOC_028871,False,,,0,0,0
Hum_XLOC_028872,False,,,0,0,0
Hum_XLOC_028873,True,0.0,,0,0,0
Hum_XLOC_028874,True,0.0,,0,0,0
Hum_XLOC_028875,False,,,0,0,0
Hum_XLOC_028876,False,,,0,0,0
Hum_XLOC_028877,False,,,0,0,0
Hum_XLOC_028878,False,,,0,0,0
Hum_XLOC_028879,False,,,0,0,0
Hum_XLOC_028881,False,,,0,0,0
Hum_XLOC_028882,False,,,0,0,0
Hum_XLOC_028883,False,,,0,0,0
Hum_XLOC_028884,False,,,0,0,0
Hum_XLOC_028885,False,,,0,0,0
Hum_XLOC_028886,False,,,0,0,0
Hum_XLOC_028893,True,0.0,,0,0,0
Hum_XLOC_028894,False,,,0,0,0
Hum_XLOC_028896,True,0.0,,0,0,0
Hum_XLOC_028897,False,,,0,0,0
Hum_XLOC_028899,False,,,0,0,0
Hum_XLOC_028900,False,,,0,0,0
Hum_XLOC_028901,False,,,0,0,0
Hum_XLOC_028904,True,0.0,,0,0,0
Hum_XLOC_028906,False,,,0,0,0
Hum_XLOC_028907,True,0.0,,0,0,0
Hum_XLOC_028908,True,0.0,,0,0,0
Hum_XLOC_028911,True,0.0,,0,0,0
Hum_XLOC_028925,False,,,0,0,0
Hum_XLOC_028926,False,,,0,0,0
Hum_XLOC_028930,False,,,0,0,0
Hum_XLOC_028931,False,,,0,0,0
Hum_XLOC_028932,False,,,0,0,0
Hum_XLOC_028933,False,,,0,0,0
Hum_XLOC_028934,False,,,0,0,0
Hum_XLOC_028937,False,,,0,0,0
Hum_XLOC_028938,False,,,0,0,0
Hum_XLOC_028942,False,,,0,0,0
Hum_XLOC_028944,True,0.0,,0,0,0
Hum_XLOC_028945,False,,,0,0,0
Hum_XLOC_028946,False,,,0,0,0
Hum_XLOC_028947,True,0.0,,0,0,0
Hum_XLOC_028951,False,,,0,0,0
Hum_XLOC_028952,False,,,0,0,0
Hum_XLOC_028953,True,0.0,,0,0,0
Hum_XLOC_028954,True,0.0,,0,0,0
Hum_XLOC_028955,False,,,0,0,0
Hum_XLOC_028956,True,0.0,,0,0,0
Hum_XLOC_028960,False,,,0,0,0
Hum_XLOC_028968,True,0.0,,0,0,0
Hum_XLOC_028969,False,,,0,0,0
Hum_XLOC_028970,True,0.0,,0,0,0
Hum_XLOC_028972,False,,,0,0,0
Hum_XLOC_028978,False,,,0,0,0
Hum_XLOC_028979,False,,,0,0,0
Hum_XLOC_028980,False,,,0,0,0
Hum_XLOC_028984,False,,,0,0,0
Hum_XLOC_028985,False,,,0,0,0
Hum_XLOC_028986,False,,,0,0,0
Hum_XLOC_028987,False,,,0,0,0
Hum_XLOC_028988,False,,,0,0,0
Hum_XLOC_028989,False,,,0,0,0
Hum_XLOC_028990,False,,,0,0,0
Hum_XLOC_028991,False,,,0,0,0
Hum_XLOC_028994,True,0.0,,0,0,0
Hum_XLOC_028995,False,,,0,0,0
Hum_XLOC_028996,False,,,0,0,0
Hum_XLOC_028997,False,,,0,0,0
Hum_XLOC_028999,False,,,0,0,0
Hum_XLOC_029000,False,,,0,0,0
Hum_XLOC_029001,False,,,0,0,0
Hum_XLOC_029002,True,0.0,,0,0,0
Hum_XLOC_029003,False,,,0,0,0
Hum_XLOC_029004,False,,,0,0,0
Hum_XLOC_029005,False,,,0,0,0
Hum_XLOC_029006,False,,,0,0,0
Hum_XLOC_029007,False,,,0,0,0
Hum_XLOC_029008,False,,,0,0,0
Hum_XLOC_029009,True,0.0,,0,0,0
Hum_XLOC_029010,False,,,0,0,0
Hum_XLOC_029011,False,,,0,0,0
Hum_XLOC_029012,False,,,0,0,0
Hum_XLOC_029013,False,,,0,0,0
Hum_XLOC_029014,False,,,0,0,0
Hum_XLOC_029015,False,,,0,0,0
Hum_XLOC_029016,False,,,0,0,0
Hum_XLOC_029017,False,,,0,0,0
Hum_XLOC_029018,False,,,0,0,0
Hum_XLOC_029019,False,,,0,0,0
Hum_XLOC_029023,True,0.0,,0,0,0
Hum_XLOC_029024,False,,,0,0,0
Hum_XLOC_029025,False,,,0,0,0
Hum_XLOC_029026,False,,,0,0,0
Hum_XLOC_029027,False,,,0,0,0
Hum_XLOC_029031,False,,,0,0,0
Hum_XLOC_029032,False,,,0,0,0
Hum_XLOC_029034,False,,,0,0,0
Hum_XLOC_029037,True,0.0,,0,0,0
Hum_XLOC_029040,False,,,0,0,0
Hum_XLOC_029041,False,,,0,0,0
Hum_XLOC_029043,False,,,0,0,0
Hum_XLOC_029044,False,,,0,0,0
Hum_XLOC_029046,False,,,0,0,0
Hum_XLOC_029048,False,,,0,0,0
Hum_XLOC_029050,False,,,0,0,0
Hum_XLOC_029051,True,0.0,,0,0,0
Hum_XLOC_029059,False,,,0,0,0
Hum_XLOC_029060,False,,,0,0,0
Hum_XLOC_029061,False,,,0,0,0
Hum_XLOC_029062,False,,,0,0,0
Hum_XLOC_029064,False,,,0,0,0
Hum_XLOC_029067,True,0.0,,0,0,0
Hum_XLOC_029068,False,,,0,0,0
Hum_XLOC_029069,False,,,0,0,0
Hum_XLOC_029072,True,0.0,,0,0,0
Hum_XLOC_029073,True,0.0,,0,0,0
Hum_XLOC_029075,False,,,0,0,0
Hum_XLOC_029076,False,,,0,0,0
Hum_XLOC_029083,False,,,0,0,0
Hum_XLOC_029085,False,,,0,0,0
Hum_XLOC_029095,False,,,0,0,0
Hum_XLOC_029096,False,,,0,0,0
Hum_XLOC_029097,False,,,0,0,0
Hum_XLOC_029098,False,,,0,0,0
Hum_XLOC_029099,False,,,0,0,0
Hum_XLOC_029100,True,0.0,,0,0,0
Hum_XLOC_029102,False,,,0,0,0
Hum_XLOC_029103,False,,,0,0,0
Hum_XLOC_029105,False,,,0,0,0
Hum_XLOC_029106,False,,,0,0,0
Hum_XLOC_029107,False,,,0,0,0
Hum_XLOC_029108,False,,,0,0,0
Hum_XLOC_029110,False,,,0,0,0
Hum_XLOC_029111,False,,,0,0,0
Hum_XLOC_029112,False,,,0,0,0
Hum_XLOC_029114,False,,,0,0,0
Hum_XLOC_029115,False,,,0,0,0
Hum_XLOC_029118,False,,,0,0,0
Hum_XLOC_029119,False,,,0,0,0
Hum_XLOC_029120,False,,,0,0,0
Hum_XLOC_029123,False,,,0,0,0
Hum_XLOC_029130,True,0.0,,0,0,0
Hum_XLOC_029131,True,0.0,,0,0,0
Hum_XLOC_029133,False,,,0,0,0
Hum_XLOC_029134,False,,,0,0,0
Hum_XLOC_029137,True,0.0,,0,0,0
Hum_XLOC_029142,False,,,0,0,0
Hum_XLOC_029143,False,,,0,0,0
Hum_XLOC_029144,False,,,0,0,0
Hum_XLOC_029146,False,,,0,0,0
Hum_XLOC_029147,False,,,0,0,0
Hum_XLOC_029149,False,,,0,0,0
Hum_XLOC_029151,False,,,0,0,0
Hum_XLOC_029152,False,,,0,0,0
Hum_XLOC_029155,True,0.0,,0,0,0
Hum_XLOC_029158,False,,,0,0,0
Hum_XLOC_029162,False,,,0,0,0
Hum_XLOC_029163,False,,,0,0,0
Hum_XLOC_029171,False,,,0,0,0
Hum_XLOC_029172,False,,,0,0,0
Hum_XLOC_029173,False,,,0,0,0
Hum_XLOC_029174,False,,,0,0,0
Hum_XLOC_029175,False,,,0,0,0
Hum_XLOC_029176,False,,,0,0,0
Hum_XLOC_029177,False,,,0,0,0
Hum_XLOC_029178,False,,,0,0,0
Hum_XLOC_029179,False,,,0,0,0
Hum_XLOC_029180,False,,,0,0,0
Hum_XLOC_029181,False,,,0,0,0
Hum_XLOC_029182,False,,,0,0,0
Hum_XLOC_029186,False,,,0,0,0
Hum_XLOC_029189,False,,,0,0,0
Hum_XLOC_029190,False,,,0,0,0
Hum_XLOC_029191,False,,,0,0,0
Hum_XLOC_029192,False,,,0,0,0
Hum_XLOC_029193,True,0.0,,0,0,0
Hum_XLOC_029194,False,,,0,0,0
Hum_XLOC_029195,False,,,0,0,0
Hum_XLOC_029196,False,,,0,0,0
Hum_XLOC_029197,False,,,0,0,0
Hum_XLOC_029199,False,,,0,0,0
Hum_XLOC_029200,False,,,0,0,0
Hum_XLOC_029201,False,,,0,0,0
Hum_XLOC_029202,False,,,0,0,0
Hum_XLOC_029203,False,,,0,0,0
Hum_XLOC_029204,False,,,0,0,0
Hum_XLOC_029205,False,,,0,0,0
Hum_XLOC_029206,True,0.0,,0,0,0
Hum_XLOC_029207,False,,,0,0,0
Hum_XLOC_029208,False,,,0,0,0
Hum_XLOC_029209,False,,,0,0,0
Hum_XLOC_029210,False,,,0,0,0
Hum_XLOC_029211,True,0.0,,0,0,0
Hum_XLOC_029212,False,,,0,0,0
Hum_XLOC_029213,False,,,0,0,0
Hum_XLOC_029214,True,0.0,,0,0,0
Hum_XLOC_029215,True,0.0,,0,0,0
Hum_XLOC_029216,True,0.0,,0,0,0
Hum_XLOC_029217,False,,,0,0,0
Hum_XLOC_029218,True,0.0,,0,0,0
Hum_XLOC_029219,False,,,0,0,0
Hum_XLOC_029220,False,,,0,0,0
Hum_XLOC_029221,False,,,0,0,0
Hum_XLOC_029222,False,,,0,0,0
Hum_XLOC_029223,False,,,0,0,0
Hum_XLOC_029225,False,,,0,0,0
Hum_XLOC_029227,False,,,0,0,0
Hum_XLOC_029228,False,,,0,0,0
Hum_XLOC_029229,False,,,0,0,0
Hum_XLOC_029230,False,,,0,0,0
Hum_XLOC_029231,False,,,0,0,0
Hum_XLOC_029232,False,,,0,0,0
Hum_XLOC_029233,False,,,0,0,0
Hum_XLOC_029234,True,0.0,,0,0,0
Hum_XLOC_029235,False,,,0,0,0
Hum_XLOC_029239,True,0.0,,0,0,0
Hum_XLOC_029240,False,,,0,0,0
Hum_XLOC_029241,False,,,0,0,0
Hum_XLOC_029242,False,,,0,0,0
Hum_XLOC_029243,False,,,0,0,0
Hum_XLOC_029244,False,,,0,0,0
Hum_XLOC_029245,True,0.0,,0,0,0
Hum_XLOC_029246,False,,,0,0,0
Hum_XLOC_029247,True,0.0,,0,0,0
Hum_XLOC_029248,False,,,0,0,0
Hum_XLOC_029249,False,,,0,0,0
Hum_XLOC_029250,False,,,0,0,0
Hum_XLOC_029252,False,,,0,0,0
Hum_XLOC_029253,True,0.0,,0,0,0
Hum_XLOC_029254,True,0.0,,0,0,0
Hum_XLOC_029255,False,,,0,0,0
Hum_XLOC_029256,False,,,0,0,0
Hum_XLOC_029257,False,,,0,0,0
Hum_XLOC_029259,False,,,0,0,0
Hum_XLOC_029260,False,,,0,0,0
Hum_XLOC_029261,False,,,0,0,0
Hum_XLOC_029262,False,,,0,0,0
Hum_XLOC_029263,False,,,0,0,0
Hum_XLOC_029265,False,,,0,0,0
Hum_XLOC_029266,False,,,0,0,0
Hum_XLOC_029267,False,,,0,0,0
Hum_XLOC_029268,False,,,0,0,0
Hum_XLOC_029272,False,,,0,0,0
Hum_XLOC_029276,False,,,0,0,0
Hum_XLOC_029277,True,0.0,,0,0,0
Hum_XLOC_029278,False,,,0,0,0
Hum_XLOC_029279,True,0.0,,0,0,0
Hum_XLOC_029280,False,,,0,0,0
Hum_XLOC_029281,True,0.0,,0,0,0
Hum_XLOC_029283,True,0.0,,0,0,0
Hum_XLOC_029286,False,,,0,0,0
Hum_XLOC_029287,False,,,0,0,0
Hum_XLOC_029288,False,,,0,0,0
Hum_XLOC_029289,False,,,0,0,0
Hum_XLOC_029290,False,,,0,0,0
Hum_XLOC_029291,False,,,0,0,0
Hum_XLOC_029292,True,0.0,,0,0,0
Hum_XLOC_029293,False,,,0,0,0
Hum_XLOC_029294,False,,,0,0,0
Hum_XLOC_029295,False,,,0,0,0
Hum_XLOC_029298,False,,,0,0,0
Hum_XLOC_029299,False,,,0,0,0
Hum_XLOC_029304,False,,,0,0,0
Hum_XLOC_029305,True,0.0,,0,0,0
Hum_XLOC_029306,False,,,0,0,0
Hum_XLOC_029307,False,,,0,0,0
Hum_XLOC_029308,False,,,0,0,0
Hum_XLOC_029309,False,,,0,0,0
Hum_XLOC_029310,False,,,0,0,0
Hum_XLOC_029311,False,,,0,0,0
Hum_XLOC_029312,True,0.0,,0,0,0
Hum_XLOC_029313,False,,,0,0,0
Hum_XLOC_029314,False,,,0,0,0
Hum_XLOC_029315,False,,,0,0,0
Hum_XLOC_029316,True,0.0,,0,0,0
Hum_XLOC_029317,False,,,0,0,0
Hum_XLOC_029318,False,,,0,0,0
Hum_XLOC_029320,False,,,0,0,0
Hum_XLOC_029321,False,,,0,0,0
Hum_XLOC_029322,False,,,0,0,0
Hum_XLOC_029323,False,,,0,0,0
Hum_XLOC_029324,False,,,0,0,0
Hum_XLOC_029325,False,,,0,0,0
Hum_XLOC_029326,False,,,0,0,0
Hum_XLOC_029327,False,,,0,0,0
Hum_XLOC_029328,False,,,0,0,0
Hum_XLOC_029329,False,,,0,0,0
Hum_XLOC_029331,False,,,0,0,0
Hum_XLOC_029332,False,,,0,0,0
Hum_XLOC_029333,True,0.0,,0,0,0
Hum_XLOC_029334,False,,,0,0,0
Hum_XLOC_029335,False,,,0,0,0
Hum_XLOC_029336,False,,,0,0,0
Hum_XLOC_029337,False,,,0,0,0
Hum_XLOC_029338,True,0.0,,0,0,0
Hum_XLOC_029339,False,,,0,0,0
Hum_XLOC_029341,True,0.0,,0,0,0
Hum_XLOC_029343,False,,,0,0,0
Hum_XLOC_029344,True,0.0,,0,0,0
Hum_XLOC_029347,False,,,0,0,0
Hum_XLOC_029348,False,,,0,0,0
Hum_XLOC_029349,False,,,0,0,0
Hum_XLOC_029350,False,,,0,0,0
Hum_XLOC_029351,False,,,0,0,0
Hum_XLOC_029352,False,,,0,0,0
Hum_XLOC_029353,False,,,0,0,0
Hum_XLOC_029354,False,,,0,0,0
Hum_XLOC_029355,False,,,0,0,0
Hum_XLOC_029356,False,,,0,0,0
Hum_XLOC_029359,False,,,0,0,0
Hum_XLOC_029361,False,,,0,0,0
Hum_XLOC_029362,False,,,0,0,0
Hum_XLOC_029363,True,0.0,,0,0,0
Hum_XLOC_029364,True,0.0,,0,0,0
Hum_XLOC_029365,False,,,0,0,0
Hum_XLOC_029366,False,,,0,0,0
Hum_XLOC_029367,False,,,0,0,0
Hum_XLOC_029368,False,,,0,0,0
Hum_XLOC_029369,False,,,0,0,0
Hum_XLOC_029370,False,,,0,0,0
Hum_XLOC_029371,False,,,0,0,0
Hum_XLOC_029372,True,0.0,,0,0,0
Hum_XLOC_029373,False,,,0,0,0
Hum_XLOC_029374,False,,,0,0,0
Hum_XLOC_029375,False,,,0,0,0
Hum_XLOC_029376,False,,,0,0,0
Hum_XLOC_029377,False,,,0,0,0
Hum_XLOC_029378,False,,,0,0,0
Hum_XLOC_029379,False,,,0,0,0
Hum_XLOC_029380,False,,,0,0,0
Hum_XLOC_029381,False,,,0,0,0
Hum_XLOC_029382,True,0.0,,0,0,0
Hum_XLOC_029384,False,,,0,0,0
Hum_XLOC_029385,False,,,0,0,0
Hum_XLOC_029390,False,,,0,0,0
Hum_XLOC_029391,True,0.0,,0,0,0
Hum_XLOC_029394,True,0.0,,0,0,0
Hum_XLOC_029396,True,0.0,,0,0,0
Hum_XLOC_029404,False,,,0,0,0
Hum_XLOC_029405,False,,,0,0,0
Hum_XLOC_029406,False,,,0,0,0
Hum_XLOC_029407,False,,,0,0,0
Hum_XLOC_029408,False,,,0,0,0
Hum_XLOC_029409,False,,,0,0,0
Hum_XLOC_029410,False,,,0,0,0
Hum_XLOC_029411,False,,,0,0,0
Hum_XLOC_029412,False,,,0,0,0
Hum_XLOC_029413,False,,,0,0,0
Hum_XLOC_029414,False,,,0,0,0
Hum_XLOC_029415,False,,,0,0,0
Hum_XLOC_029417,False,,,0,0,0
Hum_XLOC_029418,False,,,0,0,0
Hum_XLOC_029419,True,0.0,,0,0,0
Hum_XLOC_029428,False,,,0,0,0
Hum_XLOC_029432,False,,,0,0,0
Hum_XLOC_029435,False,,,0,0,0
Hum_XLOC_029436,True,0.0,,0,0,0
Hum_XLOC_029438,False,,,0,0,0
Hum_XLOC_029439,False,,,0,0,0
Hum_XLOC_029440,False,,,0,0,0
Hum_XLOC_029442,False,,,0,0,0
Hum_XLOC_029443,True,0.0,,0,0,0
Hum_XLOC_029445,False,,,0,0,0
Hum_XLOC_029446,False,,,0,0,0
Hum_XLOC_029447,False,,,0,0,0
Hum_XLOC_029450,False,,,0,0,0
Hum_XLOC_029451,True,0.0,,0,0,0
Hum_XLOC_029452,False,,,0,0,0
Hum_XLOC_029453,False,,,0,0,0
Hum_XLOC_029454,False,,,0,0,0
Hum_XLOC_029458,False,,,0,0,0
Hum_XLOC_029459,False,,,0,0,0
Hum_XLOC_029460,False,,,0,0,0
Hum_XLOC_029465,False,,,0,0,0
Hum_XLOC_029466,True,0.0,,0,0,0
Hum_XLOC_029467,True,0.0,,0,0,0
Hum_XLOC_029468,False,,,0,0,0
Hum_XLOC_029469,True,0.0,,0,0,0
Hum_XLOC_029470,False,,,0,0,0
Hum_XLOC_029471,False,,,0,0,0
Hum_XLOC_029475,False,,,0,0,0
Hum_XLOC_029476,False,,,0,0,0
Hum_XLOC_029477,False,,,0,0,0
Hum_XLOC_029478,False,,,0,0,0
Hum_XLOC_029482,False,,,0,0,0
Hum_XLOC_029483,False,,,0,0,0
Hum_XLOC_029485,False,,,0,0,0
Hum_XLOC_029486,False,,,0,0,0
Hum_XLOC_029487,True,0.0,,0,0,0
Hum_XLOC_029490,False,,,0,0,0
Hum_XLOC_029492,False,,,0,0,0
Hum_XLOC_029494,False,,,0,0,0
Hum_XLOC_029495,False,,,0,0,0
Hum_XLOC_029496,False,,,0,0,0
Hum_XLOC_029497,False,,,0,0,0
Hum_XLOC_029498,True,0.0,,0,0,0
Hum_XLOC_029499,False,,,0,0,0
Hum_XLOC_029500,False,,,0,0,0
Hum_XLOC_029501,False,,,0,0,0
Hum_XLOC_029502,False,,,0,0,0
Hum_XLOC_029503,False,,,0,0,0
Hum_XLOC_029504,False,,,0,0,0
Hum_XLOC_029505,True,0.0,,0,0,0
Hum_XLOC_029506,False,,,0,0,0
Hum_XLOC_029509,False,,,0,0,0
Hum_XLOC_029510,False,,,0,0,0
Hum_XLOC_029511,False,,,0,0,0
Hum_XLOC_029512,False,,,0,0,0
Hum_XLOC_029518,False,,,0,0,0
Hum_XLOC_029519,False,,,0,0,0
Hum_XLOC_029520,False,,,0,0,0
Hum_XLOC_029521,False,,,0,0,0
Hum_XLOC_029522,False,,,0,0,0
Hum_XLOC_029523,False,,,0,0,0
Hum_XLOC_029527,False,,,0,0,0
Hum_XLOC_029528,False,,,0,0,0
Hum_XLOC_029529,False,,,0,0,0
Hum_XLOC_029530,False,,,0,0,0
Hum_XLOC_029531,False,,,0,0,0
Hum_XLOC_029532,False,,,0,0,0
Hum_XLOC_029533,False,,,0,0,0
Hum_XLOC_029534,False,,,0,0,0
Hum_XLOC_029535,False,,,0,0,0
Hum_XLOC_029536,False,,,0,0,0
Hum_XLOC_029537,True,0.0,,0,0,0
Hum_XLOC_029539,False,,,0,0,0
Hum_XLOC_029540,False,,,0,0,0
Hum_XLOC_029541,False,,,0,0,0
Hum_XLOC_029542,False,,,0,0,0
Hum_XLOC_029543,True,0.0,,0,0,0
Hum_XLOC_029544,False,,,0,0,0
Hum_XLOC_029545,False,,,0,0,0
Hum_XLOC_029546,False,,,0,0,0
Hum_XLOC_029547,False,,,0,0,0
Hum_XLOC_029548,True,0.0,,0,0,0
Hum_XLOC_029549,False,,,0,0,0
Hum_XLOC_029551,False,,,0,0,0
Hum_XLOC_029552,True,0.0,,0,0,0
Hum_XLOC_029554,False,,,0,0,0
Hum_XLOC_029555,False,,,0,0,0
Hum_XLOC_029556,False,,,0,0,0
Hum_XLOC_029557,False,,,0,0,0
Hum_XLOC_029560,False,,,0,0,0
Hum_XLOC_029561,False,,,0,0,0
Hum_XLOC_029562,False,,,0,0,0
Hum_XLOC_029563,False,,,0,0,0
Hum_XLOC_029564,False,,,0,0,0
Hum_XLOC_029565,False,,,0,0,0
Hum_XLOC_029568,False,,,0,0,0
Hum_XLOC_029586,False,,,0,0,0
Hum_XLOC_029588,False,,,0,0,0
Hum_XLOC_029589,False,,,0,0,0
Hum_XLOC_029591,False,,,0,0,0
Hum_XLOC_029592,False,,,0,0,0
Hum_XLOC_029593,False,,,0,0,0
Hum_XLOC_029594,False,,,0,0,0
Hum_XLOC_029595,True,0.0,,0,0,0
Hum_XLOC_029596,False,,,0,0,0
Hum_XLOC_029597,True,0.0,,0,0,0
Hum_XLOC_029598,False,,,0,0,0
Hum_XLOC_029599,False,,,0,0,0
Hum_XLOC_029600,False,,,0,0,0
Hum_XLOC_029601,False,,,0,0,0
Hum_XLOC_029602,False,,,0,0,0
Hum_XLOC_029603,False,,,0,0,0
Hum_XLOC_029604,False,,,0,0,0
Hum_XLOC_029605,False,,,0,0,0
Hum_XLOC_029606,False,,,0,0,0
Hum_XLOC_029607,False,,,0,0,0
Hum_XLOC_029608,False,,,0,0,0
Hum_XLOC_029609,True,0.0,,0,0,0
Hum_XLOC_029610,False,,,0,0,0
Hum_XLOC_029611,True,0.0,,0,0,0
Hum_XLOC_029612,False,,,0,0,0
Hum_XLOC_029613,False,,,0,0,0
Hum_XLOC_029615,False,,,0,0,0
Hum_XLOC_029616,False,,,0,0,0
Hum_XLOC_029617,False,,,0,0,0
Hum_XLOC_029621,False,,,0,0,0
Hum_XLOC_029624,True,0.0,,0,0,0
Hum_XLOC_029625,False,,,0,0,0
Hum_XLOC_029626,False,,,0,0,0
Hum_XLOC_029635,False,,,0,0,0
Hum_XLOC_029636,False,,,0,0,0
Hum_XLOC_029637,False,,,0,0,0
Hum_XLOC_029638,True,0.0,,0,0,0
Hum_XLOC_029639,True,0.0,,0,0,0
Hum_XLOC_029640,False,,,0,0,0
Hum_XLOC_029641,False,,,0,0,0
Hum_XLOC_029648,False,,,0,0,0
Hum_XLOC_029649,False,,,0,0,0
Hum_XLOC_029650,False,,,0,0,0
Hum_XLOC_029653,False,,,0,0,0
Hum_XLOC_029654,False,,,0,0,0
Hum_XLOC_029655,False,,,0,0,0
Hum_XLOC_029665,False,,,0,0,0
Hum_XLOC_029666,False,,,0,0,0
Hum_XLOC_029667,False,,,0,0,0
Hum_XLOC_029671,False,,,0,0,0
Hum_XLOC_029674,False,,,0,0,0
Hum_XLOC_029675,False,,,0,0,0
Hum_XLOC_029676,True,0.0,,0,0,0
Hum_XLOC_029677,True,0.0,,0,0,0
Hum_XLOC_029679,True,0.0,,0,0,0
Hum_XLOC_029680,False,,,0,0,0
Hum_XLOC_029681,False,,,0,0,0
Hum_XLOC_029682,True,0.0,,0,0,0
Hum_XLOC_029683,False,,,0,0,0
Hum_XLOC_029688,False,,,0,0,0
Hum_XLOC_029691,False,,,0,0,0
Hum_XLOC_029692,False,,,0,0,0
Hum_XLOC_029693,False,,,0,0,0
Hum_XLOC_029696,False,,,0,0,0
Hum_XLOC_029697,False,,,0,0,0
Hum_XLOC_029698,False,,,0,0,0
Hum_XLOC_029699,False,,,0,0,0
Hum_XLOC_029700,True,0.0,,0,0,0
Hum_XLOC_029701,False,,,0,0,0
Hum_XLOC_029703,False,,,0,0,0
Hum_XLOC_029704,True,0.0,,0,0,0
Hum_XLOC_029705,False,,,0,0,0
Hum_XLOC_029709,False,,,0,0,0
Hum_XLOC_029712,True,0.0,,0,0,0
Hum_XLOC_029713,True,0.0,,0,0,0
Hum_XLOC_029715,False,,,0,0,0
Hum_XLOC_029716,False,,,0,0,0
Hum_XLOC_029717,False,,,0,0,0
Hum_XLOC_029718,True,0.0,,0,0,0
Hum_XLOC_029719,False,,,0,0,0
Hum_XLOC_029720,False,,,0,0,0
Hum_XLOC_029721,True,0.0,,0,0,0
Hum_XLOC_029722,False,,,0,0,0
Hum_XLOC_029723,True,0.0,,0,0,0
Hum_XLOC_029724,False,,,0,0,0
Hum_XLOC_029725,False,,,0,0,0
Hum_XLOC_029726,False,,,0,0,0
Hum_XLOC_029727,False,,,0,0,0
Hum_XLOC_029730,False,,,0,0,0
Hum_XLOC_029731,False,,,0,0,0
Hum_XLOC_029732,False,,,0,0,0
Hum_XLOC_029734,True,0.0,,0,0,0
Hum_XLOC_029739,False,,,0,0,0
Hum_XLOC_029741,False,,,0,0,0
Hum_XLOC_029745,False,,,0,0,0
Hum_XLOC_029747,False,,,0,0,0
Hum_XLOC_029748,False,,,0,0,0
Hum_XLOC_029751,True,0.0,,0,0,0
Hum_XLOC_029752,True,0.0,,0,0,0
Hum_XLOC_029753,False,,,0,0,0
Hum_XLOC_029754,True,0.0,,0,0,0
Hum_XLOC_029755,False,,,0,0,0
Hum_XLOC_029756,True,0.0,,0,0,0
Hum_XLOC_029757,False,,,0,0,0
Hum_XLOC_029758,False,,,0,0,0
Hum_XLOC_029759,False,,,0,0,0
Hum_XLOC_029760,False,,,0,0,0
Hum_XLOC_029761,False,,,0,0,0
Hum_XLOC_029762,False,,,0,0,0
Hum_XLOC_029763,False,,,0,0,0
Hum_XLOC_029769,False,,,0,0,0
Hum_XLOC_029784,False,,,0,0,0
Hum_XLOC_029788,False,,,0,0,0
Hum_XLOC_029790,False,,,0,0,0
Hum_XLOC_029791,False,,,0,0,0
Hum_XLOC_029792,False,,,0,0,0
Hum_XLOC_029793,False,,,0,0,0
Hum_XLOC_029794,False,,,0,0,0
Hum_XLOC_029795,False,,,0,0,0
Hum_XLOC_029796,False,,,0,0,0
Hum_XLOC_029797,False,,,0,0,0
Hum_XLOC_029798,False,,,0,0,0
Hum_XLOC_029799,False,,,0,0,0
Hum_XLOC_029800,False,,,0,0,0
Hum_XLOC_029801,False,,,0,0,0
Hum_XLOC_029802,False,,,0,0,0
Hum_XLOC_029803,True,0.0,,0,0,0
Hum_XLOC_029804,False,,,0,0,0
Hum_XLOC_029807,False,,,0,0,0
Hum_XLOC_029808,True,0.0,,0,0,0
Hum_XLOC_029811,False,,,0,0,0
Hum_XLOC_029812,False,,,0,0,0
Hum_XLOC_029814,False,,,0,0,0
Hum_XLOC_029818,False,,,0,0,0
Hum_XLOC_029819,True,0.0,,0,0,0
Hum_XLOC_029821,False,,,0,0,0
Hum_XLOC_029822,False,,,0,0,0
Hum_XLOC_029823,True,0.0,,0,0,0
Hum_XLOC_029824,True,0.0,,0,0,0
Hum_XLOC_029825,False,,,0,0,0
Hum_XLOC_029826,True,0.0,,0,0,0
Hum_XLOC_029827,False,,,0,0,0
Hum_XLOC_029828,False,,,0,0,0
Hum_XLOC_029829,True,0.0,,0,0,0
Hum_XLOC_029830,False,,,0,0,0
Hum_XLOC_029831,False,,,0,0,0
Hum_XLOC_029832,True,0.0,,0,0,0
Hum_XLOC_029833,False,,,0,0,0
Hum_XLOC_029834,False,,,0,0,0
Hum_XLOC_029835,False,,,0,0,0
Hum_XLOC_029836,True,0.0,,0,0,0
Hum_XLOC_029837,False,,,0,0,0
Hum_XLOC_029838,True,0.0,,0,0,0
Hum_XLOC_029839,False,,,0,0,0
Hum_XLOC_029841,False,,,0,0,0
Hum_XLOC_029842,False,,,0,0,0
Hum_XLOC_029843,False,,,0,0,0
Hum_XLOC_029845,False,,,0,0,0
Hum_XLOC_029847,False,,,0,0,0
Hum_XLOC_029848,False,,,0,0,0
Hum_XLOC_029849,False,,,0,0,0
Hum_XLOC_029850,False,,,0,0,0
Hum_XLOC_029851,False,,,0,0,0
Hum_XLOC_029852,False,,,0,0,0
Hum_XLOC_029853,True,0.0,,0,0,0
Hum_XLOC_029854,False,,,0,0,0
Hum_XLOC_029855,False,,,0,0,0
Hum_XLOC_029857,False,,,0,0,0
Hum_XLOC_029858,False,,,0,0,0
Hum_XLOC_029859,False,,,0,0,0
Hum_XLOC_029860,False,,,0,0,0
Hum_XLOC_029861,False,,,0,0,0
Hum_XLOC_029862,False,,,0,0,0
Hum_XLOC_029863,False,,,0,0,0
Hum_XLOC_029864,False,,,0,0,0
Hum_XLOC_029865,True,0.0,,0,0,0
Hum_XLOC_029867,False,,,0,0,0
Hum_XLOC_029868,False,,,0,0,0
Hum_XLOC_029869,False,,,0,0,0
Hum_XLOC_029871,True,0.0,,0,0,0
Hum_XLOC_029873,True,0.0,,0,0,0
Hum_XLOC_029879,False,,,0,0,0
Hum_XLOC_029880,False,,,0,0,0
Hum_XLOC_029881,False,,,0,0,0
Hum_XLOC_029883,True,0.0,,0,0,0
Hum_XLOC_029884,False,,,0,0,0
Hum_XLOC_029885,True,0.0,,0,0,0
Hum_XLOC_029886,True,0.0,,0,0,0
Hum_XLOC_029890,False,,,0,0,0
Hum_XLOC_029891,False,,,0,0,0
Hum_XLOC_029892,False,,,0,0,0
Hum_XLOC_029893,True,0.0,,0,0,0
Hum_XLOC_029896,False,,,0,0,0
Hum_XLOC_029897,False,,,0,0,0
Hum_XLOC_029898,False,,,0,0,0
Hum_XLOC_029899,False,,,0,0,0
Hum_XLOC_029900,False,,,0,0,0
Hum_XLOC_029901,False,,,0,0,0
Hum_XLOC_029902,False,,,0,0,0
Hum_XLOC_029903,False,,,0,0,0
Hum_XLOC_029907,False,,,0,0,0
Hum_XLOC_029908,True,0.0,,0,0,0
Hum_XLOC_029914,False,,,0,0,0
Hum_XLOC_029917,False,,,0,0,0
Hum_XLOC_029919,False,,,0,0,0
Hum_XLOC_029920,False,,,0,0,0
Hum_XLOC_029921,False,,,0,0,0
Hum_XLOC_029922,False,,,0,0,0
Hum_XLOC_029924,False,,,0,0,0
Hum_XLOC_029925,False,,,0,0,0
Hum_XLOC_029926,False,,,0,0,0
Hum_XLOC_029929,True,0.0,,0,0,0
Hum_XLOC_029931,False,,,0,0,0
Hum_XLOC_029932,False,,,0,0,0
Hum_XLOC_029933,False,,,0,0,0
Hum_XLOC_029934,False,,,0,0,0
Hum_XLOC_029935,False,,,0,0,0
Hum_XLOC_029936,False,,,0,0,0
Hum_XLOC_029939,False,,,0,0,0
Hum_XLOC_029940,True,0.0,,0,0,0
Hum_XLOC_029941,False,,,0,0,0
Hum_XLOC_029942,False,,,0,0,0
Hum_XLOC_029945,False,,,0,0,0
Hum_XLOC_029949,False,,,0,0,0
Hum_XLOC_029950,False,,,0,0,0
Hum_XLOC_029951,False,,,0,0,0
Hum_XLOC_029952,False,,,0,0,0
Hum_XLOC_029961,False,,,0,0,0
Hum_XLOC_029962,False,,,0,0,0
Hum_XLOC_029963,False,,,0,0,0
Hum_XLOC_029964,False,,,0,0,0
Hum_XLOC_029965,True,0.0,,0,0,0
Hum_XLOC_029966,True,0.0,,0,0,0
Hum_XLOC_029968,False,,,0,0,0
Hum_XLOC_029969,False,,,0,0,0
Hum_XLOC_029970,False,,,0,0,0
Hum_XLOC_029971,False,,,0,0,0
Hum_XLOC_029974,False,,,0,0,0
Hum_XLOC_029975,True,0.0,,0,0,0
Hum_XLOC_029976,True,0.0,,0,0,0
Hum_XLOC_029979,False,,,0,0,0
Hum_XLOC_029980,False,,,0,0,0
Hum_XLOC_029981,False,,,0,0,0
Hum_XLOC_029982,False,,,0,0,0
Hum_XLOC_029983,False,,,0,0,0
Hum_XLOC_029984,False,,,0,0,0
Hum_XLOC_029985,False,,,0,0,0
Hum_XLOC_029987,False,,,0,0,0
Hum_XLOC_029988,True,0.0,,0,0,0
Hum_XLOC_029989,False,,,0,0,0
Hum_XLOC_029990,False,,,0,0,0
Hum_XLOC_029991,False,,,0,0,0
Hum_XLOC_029995,False,,,0,0,0
Hum_XLOC_029996,False,,,0,0,0
Hum_XLOC_030000,True,0.0,,0,0,0
Hum_XLOC_030001,False,,,0,0,0
Hum_XLOC_030003,False,,,0,0,0
Hum_XLOC_030004,False,,,0,0,0
Hum_XLOC_030008,False,,,0,0,0
Hum_XLOC_030009,False,,,0,0,0
Hum_XLOC_030016,False,,,0,0,0
Hum_XLOC_030017,False,,,0,0,0
Hum_XLOC_030018,False,,,0,0,0
Hum_XLOC_030019,False,,,0,0,0
Hum_XLOC_030020,False,,,0,0,0
Hum_XLOC_030025,False,,,0,0,0
Hum_XLOC_030029,False,,,0,0,0
Hum_XLOC_030031,False,,,0,0,0
Hum_XLOC_030032,False,,,0,0,0
Hum_XLOC_030033,False,,,0,0,0
Hum_XLOC_030034,False,,,0,0,0
Hum_XLOC_030037,False,,,0,0,0
Hum_XLOC_030038,False,,,0,0,0
Hum_XLOC_030039,False,,,0,0,0
Hum_XLOC_030041,False,,,0,0,0
Hum_XLOC_030042,False,,,0,0,0
Hum_XLOC_030043,False,,,0,0,0
Hum_XLOC_030044,False,,,0,0,0
Hum_XLOC_030046,False,,,0,0,0
Hum_XLOC_030047,True,0.0,,0,0,0
Hum_XLOC_030049,False,,,0,0,0
Hum_XLOC_030050,True,0.0,,0,0,0
Hum_XLOC_030051,False,,,0,0,0
Hum_XLOC_030052,False,,,0,0,0
Hum_XLOC_030054,False,,,0,0,0
Hum_XLOC_030055,False,,,0,0,0
Hum_XLOC_030056,False,,,0,0,0
Hum_XLOC_030057,True,0.0,,0,0,0
Hum_XLOC_030059,False,,,0,0,0
Hum_XLOC_030060,False,,,0,0,0
Hum_XLOC_030061,False,,,0,0,0
Hum_XLOC_030062,False,,,0,0,0
Hum_XLOC_030063,False,,,0,0,0
Hum_XLOC_030064,False,,,0,0,0
Hum_XLOC_030069,False,,,0,0,0
Hum_XLOC_030072,False,,,0,0,0
Hum_XLOC_030073,False,,,0,0,0
Hum_XLOC_030074,False,,,0,0,0
Hum_XLOC_030076,False,,,0,0,0
Hum_XLOC_030077,False,,,0,0,0
Hum_XLOC_030080,False,,,0,0,0
Hum_XLOC_030081,False,,,0,0,0
Hum_XLOC_030082,False,,,0,0,0
Hum_XLOC_030095,False,,,0,0,0
Hum_XLOC_030097,True,0.0,,0,0,0
Hum_XLOC_030098,False,,,0,0,0
Hum_XLOC_030100,False,,,0,0,0
Hum_XLOC_030101,True,0.0,,0,0,0
Hum_XLOC_030102,False,,,0,0,0
Hum_XLOC_030103,False,,,0,0,0
Hum_XLOC_030104,False,,,0,0,0
Hum_XLOC_030105,True,0.0,,0,0,0
Hum_XLOC_030106,False,,,0,0,0
Hum_XLOC_030107,False,,,0,0,0
Hum_XLOC_030108,True,0.0,,0,0,0
Hum_XLOC_030109,False,,,0,0,0
Hum_XLOC_030110,False,,,0,0,0
Hum_XLOC_030112,False,,,0,0,0
Hum_XLOC_030113,False,,,0,0,0
Hum_XLOC_030114,False,,,0,0,0
Hum_XLOC_030115,False,,,0,0,0
Hum_XLOC_030116,False,,,0,0,0
Hum_XLOC_030118,False,,,0,0,0
Hum_XLOC_030121,False,,,0,0,0
Hum_XLOC_030123,False,,,0,0,0
Hum_XLOC_030124,False,,,0,0,0
Hum_XLOC_030125,False,,,0,0,0
Hum_XLOC_030126,False,,,0,0,0
Hum_XLOC_030127,False,,,0,0,0
Hum_XLOC_030132,False,,,0,0,0
Hum_XLOC_030133,False,,,0,0,0
Hum_XLOC_030137,False,,,0,0,0
Hum_XLOC_030139,False,,,0,0,0
Hum_XLOC_030140,False,,,0,0,0
Hum_XLOC_030141,False,,,0,0,0
Hum_XLOC_030142,False,,,0,0,0
Hum_XLOC_030143,False,,,0,0,0
Hum_XLOC_030144,False,,,0,0,0
Hum_XLOC_030145,False,,,0,0,0
Hum_XLOC_030147,False,,,0,0,0
Hum_XLOC_030149,True,0.0,,0,0,0
Hum_XLOC_030151,True,0.0,,0,0,0
Hum_XLOC_030152,False,,,0,0,0
Hum_XLOC_030153,False,,,0,0,0
Hum_XLOC_030157,False,,,0,0,0
Hum_XLOC_030160,False,,,0,0,0
Hum_XLOC_030163,False,,,0,0,0
Hum_XLOC_030164,False,,,0,0,0
Hum_XLOC_030168,True,0.0,,0,0,0
Hum_XLOC_030169,False,,,0,0,0
Hum_XLOC_030170,True,0.0,,0,0,0
Hum_XLOC_030171,True,0.0,,0,0,0
Hum_XLOC_030172,True,0.0,,0,0,0
Hum_XLOC_030173,False,,,0,0,0
Hum_XLOC_030174,False,,,0,0,0
Hum_XLOC_030175,False,,,0,0,0
Hum_XLOC_030176,False,,,0,0,0
Hum_XLOC_030177,False,,,0,0,0
Hum_XLOC_030179,True,0.0,,0,0,0
Hum_XLOC_030180,False,,,0,0,0
Hum_XLOC_030181,False,,,0,0,0
Hum_XLOC_030183,True,0.0,,0,0,0
Hum_XLOC_030184,False,,,0,0,0
Hum_XLOC_030185,False,,,0,0,0
Hum_XLOC_030186,True,0.0,,0,0,0
Hum_XLOC_030187,False,,,0,0,0
Hum_XLOC_030190,False,,,0,0,0
Hum_XLOC_030192,False,,,0,0,0
Hum_XLOC_030193,False,,,0,0,0
Hum_XLOC_030194,False,,,0,0,0
Hum_XLOC_030195,False,,,0,0,0
Hum_XLOC_030196,True,0.0,,0,0,0
Hum_XLOC_030198,False,,,0,0,0
Hum_XLOC_030200,True,0.0,,0,0,0
Hum_XLOC_030201,False,,,0,0,0
Hum_XLOC_030202,False,,,0,0,0
Hum_XLOC_030203,False,,,0,0,0
Hum_XLOC_030204,False,,,0,0,0
Hum_XLOC_030205,False,,,0,0,0
Hum_XLOC_030206,False,,,0,0,0
Hum_XLOC_030207,False,,,0,0,0
Hum_XLOC_030209,False,,,0,0,0
Hum_XLOC_030210,False,,,0,0,0
Hum_XLOC_030211,True,0.0,,0,0,0
Hum_XLOC_030212,False,,,0,0,0
Hum_XLOC_030213,False,,,0,0,0
Hum_XLOC_030215,False,,,0,0,0
Hum_XLOC_030216,False,,,0,0,0
Hum_XLOC_030218,True,0.0,,0,0,0
Hum_XLOC_030219,False,,,0,0,0
Hum_XLOC_030222,False,,,0,0,0
Hum_XLOC_030225,False,,,0,0,0
Hum_XLOC_030226,True,0.0,,0,0,0
Hum_XLOC_030228,False,,,0,0,0
Hum_XLOC_030229,False,,,0,0,0
Hum_XLOC_030230,False,,,0,0,0
Hum_XLOC_030231,False,,,0,0,0
Hum_XLOC_030232,False,,,0,0,0
Hum_XLOC_030233,False,,,0,0,0
Hum_XLOC_030234,False,,,0,0,0
Hum_XLOC_030235,True,0.0,,0,0,0
Hum_XLOC_030237,True,0.0,,0,0,0
Hum_XLOC_030238,False,,,0,0,0
Hum_XLOC_030243,False,,,0,0,0
Hum_XLOC_030244,False,,,0,0,0
Hum_XLOC_030245,False,,,0,0,0
Hum_XLOC_030246,False,,,0,0,0
Hum_XLOC_030247,False,,,0,0,0
Hum_XLOC_030248,False,,,0,0,0
Hum_XLOC_030249,True,0.0,,0,0,0
Hum_XLOC_030250,False,,,0,0,0
Hum_XLOC_030251,False,,,0,0,0
Hum_XLOC_030254,True,0.0,,0,0,0
Hum_XLOC_030255,True,0.0,,0,0,0
Hum_XLOC_030257,False,,,0,0,0
Hum_XLOC_030258,False,,,0,0,0
Hum_XLOC_030259,False,,,0,0,0
Hum_XLOC_030260,False,,,0,0,0
Hum_XLOC_030261,False,,,0,0,0
Hum_XLOC_030262,False,,,0,0,0
Hum_XLOC_030263,False,,,0,0,0
Hum_XLOC_030264,False,,,0,0,0
Hum_XLOC_030269,False,,,0,0,0
Hum_XLOC_030270,True,0.0,,0,0,0
Hum_XLOC_030271,False,,,0,0,0
Hum_XLOC_030272,False,,,0,0,0
Hum_XLOC_030273,True,0.0,,0,0,0
Hum_XLOC_030274,False,,,0,0,0
Hum_XLOC_030275,False,,,0,0,0
Hum_XLOC_030276,False,,,0,0,0
Hum_XLOC_030277,False,,,0,0,0
Hum_XLOC_030278,False,,,0,0,0
Hum_XLOC_030279,False,,,0,0,0
Hum_XLOC_030280,False,,,0,0,0
Hum_XLOC_030281,False,,,0,0,0
Hum_XLOC_030282,False,,,0,0,0
Hum_XLOC_030285,False,,,0,0,0
Hum_XLOC_030286,False,,,0,0,0
Hum_XLOC_030288,False,,,0,0,0
Hum_XLOC_030295,False,,,0,0,0
Hum_XLOC_030297,False,,,0,0,0
Hum_XLOC_030299,False,,,0,0,0
Hum_XLOC_030300,False,,,0,0,0
Hum_XLOC_030302,False,,,0,0,0
Hum_XLOC_030304,True,0.0,,0,0,0
Hum_XLOC_030305,True,0.0,,0,0,0
Hum_XLOC_030308,False,,,0,0,0
Hum_XLOC_030310,False,,,0,0,0
Hum_XLOC_030312,False,,,0,0,0
Hum_XLOC_030313,False,,,0,0,0
Hum_XLOC_030314,False,,,0,0,0
Hum_XLOC_030315,True,0.0,,0,0,0
Hum_XLOC_030318,False,,,0,0,0
Hum_XLOC_030319,True,0.0,,0,0,0
Hum_XLOC_030320,True,0.0,,0,0,0
Hum_XLOC_030321,False,,,0,0,0
Hum_XLOC_030322,False,,,0,0,0
Hum_XLOC_030323,True,0.0,,0,0,0
Hum_XLOC_030324,False,,,0,0,0
Hum_XLOC_030326,False,,,0,0,0
Hum_XLOC_030328,True,0.0,,0,0,0
Hum_XLOC_030332,False,,,0,0,0
Hum_XLOC_030335,False,,,0,0,0
Hum_XLOC_030340,False,,,0,0,0
Hum_XLOC_030341,False,,,0,0,0
Hum_XLOC_030342,False,,,0,0,0
Hum_XLOC_030345,False,,,0,0,0
Hum_XLOC_030346,False,,,0,0,0
Hum_XLOC_030348,True,0.0,,0,0,0
Hum_XLOC_030352,False,,,0,0,0
Hum_XLOC_030353,True,0.0,,0,0,0
Hum_XLOC_030354,False,,,0,0,0
Hum_XLOC_030355,False,,,0,0,0
Hum_XLOC_030356,False,,,0,0,0
Hum_XLOC_030357,False,,,0,0,0
Hum_XLOC_030358,False,,,0,0,0
Hum_XLOC_030359,False,,,0,0,0
Hum_XLOC_030360,False,,,0,0,0
Hum_XLOC_030361,False,,,0,0,0
Hum_XLOC_030362,False,,,0,0,0
Hum_XLOC_030364,False,,,0,0,0
Hum_XLOC_030365,False,,,0,0,0
Hum_XLOC_030366,False,,,0,0,0
Hum_XLOC_030367,False,,,0,0,0
Hum_XLOC_030370,False,,,0,0,0
Hum_XLOC_030372,False,,,0,0,0
Hum_XLOC_030384,True,0.0,,0,0,0
Hum_XLOC_030385,True,0.0,,0,0,0
Hum_XLOC_030387,False,,,0,0,0
Hum_XLOC_030389,False,,,0,0,0
Hum_XLOC_030390,False,,,0,0,0
Hum_XLOC_030393,True,0.0,,0,0,0
Hum_XLOC_030396,False,,,0,0,0
Hum_XLOC_030399,False,,,0,0,0
Hum_XLOC_030400,False,,,0,0,0
Hum_XLOC_030401,False,,,0,0,0
Hum_XLOC_030404,False,,,0,0,0
Hum_XLOC_030405,False,,,0,0,0
Hum_XLOC_030406,False,,,0,0,0
Hum_XLOC_030407,False,,,0,0,0
Hum_XLOC_030410,False,,,0,0,0
Hum_XLOC_030411,True,0.0,,0,0,0
Hum_XLOC_030412,True,0.0,,0,0,0
Hum_XLOC_030413,False,,,0,0,0
Hum_XLOC_030414,False,,,0,0,0
Hum_XLOC_030419,False,,,0,0,0
Hum_XLOC_030420,False,,,0,0,0
Hum_XLOC_030421,False,,,0,0,0
Hum_XLOC_030422,False,,,0,0,0
Hum_XLOC_030423,False,,,0,0,0
Hum_XLOC_030424,False,,,0,0,0
Hum_XLOC_030425,False,,,0,0,0
Hum_XLOC_030427,False,,,0,0,0
Hum_XLOC_030428,False,,,0,0,0
Hum_XLOC_030429,False,,,0,0,0
Hum_XLOC_030430,False,,,0,0,0
Hum_XLOC_030432,False,,,0,0,0
Hum_XLOC_030434,True,0.0,,0,0,0
Hum_XLOC_030440,False,,,0,0,0
Hum_XLOC_030443,False,,,0,0,0
Hum_XLOC_030444,True,0.0,,0,0,0
Hum_XLOC_030447,True,0.0,,0,0,0
Hum_XLOC_030448,False,,,0,0,0
Hum_XLOC_030451,True,0.0,,0,0,0
Hum_XLOC_030452,False,,,0,0,0
Hum_XLOC_030453,False,,,0,0,0
Hum_XLOC_030454,False,,,0,0,0
Hum_XLOC_030455,False,,,0,0,0
Hum_XLOC_030457,False,,,0,0,0
Hum_XLOC_030458,False,,,0,0,0
Hum_XLOC_030459,False,,,0,0,0
Hum_XLOC_030460,False,,,0,0,0
Hum_XLOC_030462,False,,,0,0,0
Hum_XLOC_030463,False,,,0,0,0
Hum_XLOC_030464,False,,,0,0,0
Hum_XLOC_030465,False,,,0,0,0
Hum_XLOC_030466,False,,,0,0,0
Hum_XLOC_030467,False,,,0,0,0
Hum_XLOC_030469,False,,,0,0,0
Hum_XLOC_030470,False,,,0,0,0
Hum_XLOC_030471,True,0.0,,0,0,0
Hum_XLOC_030475,False,,,0,0,0
Hum_XLOC_030486,False,,,0,0,0
Hum_XLOC_030487,False,,,0,0,0
Hum_XLOC_030488,False,,,0,0,0
Hum_XLOC_030489,False,,,0,0,0
Hum_XLOC_030490,False,,,0,0,0
Hum_XLOC_030491,False,,,0,0,0
Hum_XLOC_030494,False,,,0,0,0
Hum_XLOC_030495,False,,,0,0,0
Hum_XLOC_030496,False,,,0,0,0
Hum_XLOC_030497,False,,,0,0,0
Hum_XLOC_030501,False,,,0,0,0
Hum_XLOC_030503,False,,,0,0,0
Hum_XLOC_030506,False,,,0,0,0
Hum_XLOC_030507,True,0.0,,0,0,0
Hum_XLOC_030508,False,,,0,0,0
Hum_XLOC_030511,False,,,0,0,0
Hum_XLOC_030514,False,,,0,0,0
Hum_XLOC_030515,False,,,0,0,0
Hum_XLOC_030516,False,,,0,0,0
Hum_XLOC_030523,False,,,0,0,0
Hum_XLOC_030524,False,,,0,0,0
Hum_XLOC_030525,False,,,0,0,0
Hum_XLOC_030526,False,,,0,0,0
Hum_XLOC_030527,False,,,0,0,0
Hum_XLOC_030530,False,,,0,0,0
Hum_XLOC_030531,False,,,0,0,0
Hum_XLOC_030532,True,0.0,,0,0,0
Hum_XLOC_030533,True,0.0,,0,0,0
Hum_XLOC_030534,False,,,0,0,0
Hum_XLOC_030536,False,,,0,0,0
Hum_XLOC_030537,False,,,0,0,0
Hum_XLOC_030538,False,,,0,0,0
Hum_XLOC_030539,False,,,0,0,0
Hum_XLOC_030540,True,0.0,,0,0,0
Hum_XLOC_030541,False,,,0,0,0
Hum_XLOC_030542,False,,,0,0,0
Hum_XLOC_030543,True,0.0,,0,0,0
Hum_XLOC_030544,False,,,0,0,0
Hum_XLOC_030545,False,,,0,0,0
Hum_XLOC_030546,False,,,0,0,0
Hum_XLOC_030547,False,,,0,0,0
Hum_XLOC_030548,False,,,0,0,0
Hum_XLOC_030549,True,0.0,,0,0,0
Hum_XLOC_030550,False,,,0,0,0
Hum_XLOC_030551,False,,,0,0,0
Hum_XLOC_030553,False,,,0,0,0
Hum_XLOC_030554,True,0.0,,0,0,0
Hum_XLOC_030555,False,,,0,0,0
Hum_XLOC_030558,False,,,0,0,0
Hum_XLOC_030560,False,,,0,0,0
Hum_XLOC_030561,False,,,0,0,0
Hum_XLOC_030564,False,,,0,0,0
Hum_XLOC_030565,False,,,0,0,0
Hum_XLOC_030566,False,,,0,0,0
Hum_XLOC_030567,False,,,0,0,0
Hum_XLOC_030568,True,0.0,,0,0,0
Hum_XLOC_030569,False,,,0,0,0
Hum_XLOC_030570,False,,,0,0,0
Hum_XLOC_030571,False,,,0,0,0
Hum_XLOC_030572,False,,,0,0,0
Hum_XLOC_030574,False,,,0,0,0
Hum_XLOC_030575,False,,,0,0,0
Hum_XLOC_030576,False,,,0,0,0
Hum_XLOC_030579,False,,,0,0,0
Hum_XLOC_030580,True,0.0,,0,0,0
Hum_XLOC_030584,False,,,0,0,0
Hum_XLOC_030585,True,0.0,,0,0,0
Hum_XLOC_030587,False,,,0,0,0
Hum_XLOC_030588,False,,,0,0,0
Hum_XLOC_030589,False,,,0,0,0
Hum_XLOC_030590,False,,,0,0,0
Hum_XLOC_030592,False,,,0,0,0
Hum_XLOC_030594,False,,,0,0,0
Hum_XLOC_030595,False,,,0,0,0
Hum_XLOC_030598,False,,,0,0,0
Hum_XLOC_030600,False,,,0,0,0
Hum_XLOC_030601,False,,,0,0,0
Hum_XLOC_030604,False,,,0,0,0
Hum_XLOC_030608,False,,,0,0,0
Hum_XLOC_030609,False,,,0,0,0
Hum_XLOC_030616,False,,,0,0,0
Hum_XLOC_030619,True,0.0,,0,0,0
Hum_XLOC_030621,False,,,0,0,0
Hum_XLOC_030622,True,0.0,,0,0,0
Hum_XLOC_030623,True,0.0,,0,0,0
Hum_XLOC_030626,False,,,0,0,0
Hum_XLOC_030639,False,,,0,0,0
Hum_XLOC_030648,False,,,0,0,0
Hum_XLOC_030652,False,,,0,0,0
Hum_XLOC_030655,False,,,0,0,0
Hum_XLOC_030656,True,0.0,,0,0,0
Hum_XLOC_030657,False,,,0,0,0
Hum_XLOC_030660,False,,,0,0,0
Hum_XLOC_030663,False,,,0,0,0
Hum_XLOC_030665,False,,,0,0,0
Hum_XLOC_030666,False,,,0,0,0
Hum_XLOC_030668,False,,,0,0,0
Hum_XLOC_030670,False,,,0,0,0
Hum_XLOC_030673,False,,,0,0,0
Hum_XLOC_030674,False,,,0,0,0
Hum_XLOC_030676,False,,,0,0,0
Hum_XLOC_030680,False,,,0,0,0
Hum_XLOC_030681,False,,,0,0,0
Hum_XLOC_030684,False,,,0,0,0
Hum_XLOC_030690,False,,,0,0,0
Hum_XLOC_030691,False,,,0,0,0
Hum_XLOC_030695,False,,,0,0,0
Hum_XLOC_030696,False,,,0,0,0
Hum_XLOC_030697,False,,,0,0,0
Hum_XLOC_030699,False,,,0,0,0
Hum_XLOC_030702,False,,,0,0,0
Hum_XLOC_030704,False,,,0,0,0
Hum_XLOC_030705,False,,,0,0,0
Hum_XLOC_030706,False,,,0,0,0
Hum_XLOC_030707,False,,,0,0,0
Hum_XLOC_030711,False,,,0,0,0
Hum_XLOC_030712,True,0.0,,0,0,0
Hum_XLOC_030715,True,0.0,,0,0,0
Hum_XLOC_030716,False,,,0,0,0
Hum_XLOC_030720,False,,,0,0,0
Hum_XLOC_030726,False,,,0,0,0
Hum_XLOC_030727,True,0.0,,0,0,0
Hum_XLOC_030728,False,,,0,0,0
Hum_XLOC_030730,False,,,0,0,0
Hum_XLOC_030731,True,0.0,,0,0,0
Hum_XLOC_030732,False,,,0,0,0
Hum_XLOC_030733,False,,,0,0,0
Hum_XLOC_030734,False,,,0,0,0
Hum_XLOC_030735,False,,,0,0,0
Hum_XLOC_030736,False,,,0,0,0
Hum_XLOC_030737,False,,,0,0,0
Hum_XLOC_030742,False,,,0,0,0
Hum_XLOC_030743,False,,,0,0,0
Hum_XLOC_030744,False,,,0,0,0
Hum_XLOC_030745,False,,,0,0,0
Hum_XLOC_030746,False,,,0,0,0
Hum_XLOC_030747,True,0.0,,0,0,0
Hum_XLOC_030748,False,,,0,0,0
Hum_XLOC_030749,False,,,0,0,0
Hum_XLOC_030750,True,0.0,,0,0,0
Hum_XLOC_030751,False,,,0,0,0
Hum_XLOC_030752,False,,,0,0,0
Hum_XLOC_030753,False,,,0,0,0
Hum_XLOC_030758,False,,,0,0,0
Hum_XLOC_030760,False,,,0,0,0
Hum_XLOC_030761,False,,,0,0,0
Hum_XLOC_030762,False,,,0,0,0
Hum_XLOC_030763,False,,,0,0,0
Hum_XLOC_030764,False,,,0,0,0
Hum_XLOC_030765,True,0.0,,0,0,0
Hum_XLOC_030767,False,,,0,0,0
Hum_XLOC_030768,False,,,0,0,0
Hum_XLOC_030780,False,,,0,0,0
Hum_XLOC_030785,False,,,0,0,0
Hum_XLOC_030786,False,,,0,0,0
Hum_XLOC_030789,False,,,0,0,0
Hum_XLOC_030794,False,,,0,0,0
Hum_XLOC_030795,False,,,0,0,0
Hum_XLOC_030799,False,,,0,0,0
Hum_XLOC_030804,False,,,0,0,0
Hum_XLOC_030805,False,,,0,0,0
Hum_XLOC_030810,False,,,0,0,0
Hum_XLOC_030811,False,,,0,0,0
Hum_XLOC_030812,False,,,0,0,0
Hum_XLOC_030813,False,,,0,0,0
Hum_XLOC_030814,True,0.0,,0,0,0
Hum_XLOC_030815,False,,,0,0,0
Hum_XLOC_030816,False,,,0,0,0
Hum_XLOC_030819,True,0.0,,0,0,0
Hum_XLOC_030820,False,,,0,0,0
Hum_XLOC_030822,False,,,0,0,0
Hum_XLOC_030823,False,,,0,0,0
Hum_XLOC_030824,False,,,0,0,0
Hum_XLOC_030825,True,0.0,,0,0,0
Hum_XLOC_030826,True,0.0,,0,0,0
Hum_XLOC_030827,True,0.0,,0,0,0
Hum_XLOC_030828,False,,,0,0,0
Hum_XLOC_030829,False,,,0,0,0
Hum_XLOC_030830,False,,,0,0,0
Hum_XLOC_030831,False,,,0,0,0
Hum_XLOC_030832,False,,,0,0,0
Hum_XLOC_030833,False,,,0,0,0
Hum_XLOC_030834,False,,,0,0,0
Hum_XLOC_030835,False,,,0,0,0
Hum_XLOC_030836,False,,,0,0,0
Hum_XLOC_030837,False,,,0,0,0
Hum_XLOC_030838,True,0.0,,0,0,0
Hum_XLOC_030839,False,,,0,0,0
Hum_XLOC_030840,True,,,0,0,0
Hum_XLOC_030841,False,,,0,0,0
Hum_XLOC_030842,False,,,0,0,0
Hum_XLOC_030843,False,,,0,0,0
Hum_XLOC_030846,False,,,0,0,0
Hum_XLOC_030848,False,,,0,0,0
Hum_XLOC_030849,True,0.0,,0,0,0
Hum_XLOC_030850,True,0.0,,0,0,0
Hum_XLOC_030851,False,,,0,0,0
Hum_XLOC_030852,False,,,0,0,0
Hum_XLOC_030853,False,,,0,0,0
Hum_XLOC_030854,False,,,0,0,0
Hum_XLOC_030855,True,0.0,,0,0,0
Hum_XLOC_030856,False,,,0,0,0
Hum_XLOC_030858,True,0.0,,0,0,0
Hum_XLOC_030861,False,,,0,0,0
Hum_XLOC_030862,False,,,0,0,0
Hum_XLOC_030863,False,,,0,0,0
Hum_XLOC_030864,False,,,0,0,0
Hum_XLOC_030865,True,0.0,,0,0,0
Hum_XLOC_030866,False,,,0,0,0
Hum_XLOC_030867,False,,,0,0,0
Hum_XLOC_030868,False,,,0,0,0
Hum_XLOC_030869,False,,,0,0,0
Hum_XLOC_030870,False,,,0,0,0
Hum_XLOC_030875,False,,,0,0,0
Hum_XLOC_030876,False,,,0,0,0
Hum_XLOC_030877,True,0.0,,0,0,0
Hum_XLOC_030878,False,,,0,0,0
Hum_XLOC_030879,False,,,0,0,0
Hum_XLOC_030880,False,,,0,0,0
Hum_XLOC_030881,False,,,0,0,0
Hum_XLOC_030883,False,,,0,0,0
Hum_XLOC_030884,False,,,0,0,0
Hum_XLOC_030885,True,0.0,,0,0,0
Hum_XLOC_030886,False,,,0,0,0
Hum_XLOC_030887,False,,,0,0,0
Hum_XLOC_030888,False,,,0,0,0
Hum_XLOC_030889,False,,,0,0,0
Hum_XLOC_030890,False,,,0,0,0
Hum_XLOC_030891,False,,,0,0,0
Hum_XLOC_030893,True,0.0,,0,0,0
Hum_XLOC_030894,False,,,0,0,0
Hum_XLOC_030895,False,,,0,0,0
Hum_XLOC_030896,False,,,0,0,0
Hum_XLOC_030897,False,,,0,0,0
Hum_XLOC_030898,False,,,0,0,0
Hum_XLOC_030899,False,,,0,0,0
Hum_XLOC_030901,False,,,0,0,0
Hum_XLOC_030904,True,0.0,,0,0,0
Hum_XLOC_030905,False,,,0,0,0
Hum_XLOC_030906,False,,,0,0,0
Hum_XLOC_030907,False,,,0,0,0
Hum_XLOC_030908,False,,,0,0,0
Hum_XLOC_030909,False,,,0,0,0
Hum_XLOC_030910,False,,,0,0,0
Hum_XLOC_030911,False,,,0,0,0
Hum_XLOC_030912,True,0.0,,0,0,0
Hum_XLOC_030913,False,,,0,0,0
Hum_XLOC_030914,False,,,0,0,0
Hum_XLOC_030921,False,,,0,0,0
Hum_XLOC_030922,False,,,0,0,0
Hum_XLOC_030924,False,,,0,0,0
Hum_XLOC_030925,False,,,0,0,0
Hum_XLOC_030926,False,,,0,0,0
Hum_XLOC_030927,False,,,0,0,0
Hum_XLOC_030928,False,,,0,0,0
Hum_XLOC_030929,False,,,0,0,0
Hum_XLOC_030930,True,0.0,,0,0,0
Hum_XLOC_030931,False,,,0,0,0
Hum_XLOC_030932,False,,,0,0,0
Hum_XLOC_030933,False,,,0,0,0
Hum_XLOC_030937,False,,,0,0,0
Hum_XLOC_030940,False,,,0,0,0
Hum_XLOC_030941,False,,,0,0,0
Hum_XLOC_030942,False,,,0,0,0
Hum_XLOC_030943,False,,,0,0,0
Hum_XLOC_030944,False,,,0,0,0
Hum_XLOC_030945,True,0.0,,0,0,0
Hum_XLOC_030947,False,,,0,0,0
Hum_XLOC_030950,True,0.0,,0,0,0
Hum_XLOC_030951,True,0.0,,0,0,0
Hum_XLOC_030953,True,0.0,,0,0,0
Hum_XLOC_030957,True,0.0,,0,0,0
Hum_XLOC_030958,False,,,0,0,0
Hum_XLOC_030962,False,,,0,0,0
Hum_XLOC_030963,False,,,0,0,0
Hum_XLOC_030964,False,,,0,0,0
Hum_XLOC_030967,False,,,0,0,0
Hum_XLOC_030972,False,,,0,0,0
Hum_XLOC_030973,False,,,0,0,0
Hum_XLOC_030974,False,,,0,0,0
Hum_XLOC_030976,False,,,0,0,0
Hum_XLOC_030977,False,,,0,0,0
Hum_XLOC_030978,False,,,0,0,0
Hum_XLOC_030979,False,,,0,0,0
Hum_XLOC_030980,False,,,0,0,0
Hum_XLOC_030981,False,,,0,0,0
Hum_XLOC_030982,False,,,0,0,0
Hum_XLOC_030983,True,0.0,,0,0,0
Hum_XLOC_030984,False,,,0,0,0
Hum_XLOC_030988,False,,,0,0,0
Hum_XLOC_030989,False,,,0,0,0
Hum_XLOC_030990,False,,,0,0,0
Hum_XLOC_030991,False,,,0,0,0
Hum_XLOC_030992,False,,,0,0,0
Hum_XLOC_030993,True,0.0,,0,0,0
Hum_XLOC_030996,False,,,0,0,0
Hum_XLOC_030997,False,,,0,0,0
Hum_XLOC_031000,False,,,0,0,0
Hum_XLOC_031001,True,0.0,,0,0,0
Hum_XLOC_031003,False,,,0,0,0
Hum_XLOC_031004,False,,,0,0,0
Hum_XLOC_031005,True,0.0,,0,0,0
Hum_XLOC_031006,False,,,0,0,0
Hum_XLOC_031007,True,0.0,,0,0,0
Hum_XLOC_031008,False,,,0,0,0
Hum_XLOC_031010,False,,,0,0,0
Hum_XLOC_031013,True,0.0,,0,0,0
Hum_XLOC_031018,False,,,0,0,0
Hum_XLOC_031021,False,,,0,0,0
Hum_XLOC_031022,False,,,0,0,0
Hum_XLOC_031023,False,,,0,0,0
Hum_XLOC_031024,True,0.0,,0,0,0
Hum_XLOC_031025,False,,,0,0,0
Hum_XLOC_031026,False,,,0,0,0
Hum_XLOC_031028,False,,,0,0,0
Hum_XLOC_031029,True,0.0,,0,0,0
Hum_XLOC_031030,False,,,0,0,0
Hum_XLOC_031031,False,,,0,0,0
Hum_XLOC_031034,False,,,0,0,0
Hum_XLOC_031035,False,,,0,0,0
Hum_XLOC_031036,False,,,0,0,0
Hum_XLOC_031037,False,,,0,0,0
Hum_XLOC_031039,False,,,0,0,0
Hum_XLOC_031040,False,,,0,0,0
Hum_XLOC_031041,False,,,0,0,0
Hum_XLOC_031042,True,0.0,,0,0,0
Hum_XLOC_031044,False,,,0,0,0
Hum_XLOC_031045,True,0.0,,0,0,0
Hum_XLOC_031046,False,,,0,0,0
Hum_XLOC_031047,True,0.0,,0,0,0
Hum_XLOC_031049,False,,,0,0,0
Hum_XLOC_031050,True,0.0,,0,0,0
Hum_XLOC_031051,True,0.0,,0,0,0
Hum_XLOC_031055,False,,,0,0,0
Hum_XLOC_031058,True,0.0,,0,0,0
Hum_XLOC_031064,False,,,0,0,0
Hum_XLOC_031067,False,,,0,0,0
Hum_XLOC_031070,True,0.0,,0,0,0
Hum_XLOC_031071,True,0.0,,0,0,0
Hum_XLOC_031072,True,0.0,,0,0,0
Hum_XLOC_031073,False,,,0,0,0
Hum_XLOC_031074,True,0.0,,0,0,0
Hum_XLOC_031075,False,,,0,0,0
Hum_XLOC_031078,False,,,0,0,0
Hum_XLOC_031086,True,0.0,,0,0,0
Hum_XLOC_031088,False,,,0,0,0
Hum_XLOC_031089,False,,,0,0,0
Hum_XLOC_031092,False,,,0,0,0
Hum_XLOC_031093,False,,,0,0,0
Hum_XLOC_031096,False,,,0,0,0
Hum_XLOC_031101,False,,,0,0,0
Hum_XLOC_031102,False,,,0,0,0
Hum_XLOC_031104,False,,,0,0,0
Hum_XLOC_031105,False,,,0,0,0
Hum_XLOC_031106,False,,,0,0,0
Hum_XLOC_031107,True,0.0,,0,0,0
Hum_XLOC_031109,False,,,0,0,0
Hum_XLOC_031113,False,,,0,0,0
Hum_XLOC_031114,False,,,0,0,0
Hum_XLOC_031116,True,0.0,,0,0,0
Hum_XLOC_031119,False,,,0,0,0
Hum_XLOC_031120,False,,,0,0,0
Hum_XLOC_031121,False,,,0,0,0
Hum_XLOC_031122,False,,,0,0,0
Hum_XLOC_031123,False,,,0,0,0
Hum_XLOC_031124,False,,,0,0,0
Hum_XLOC_031126,False,,,0,0,0
Hum_XLOC_031132,False,,,0,0,0
Hum_XLOC_031140,False,,,0,0,0
Hum_XLOC_031141,True,0.0,,0,0,0
Hum_XLOC_031143,True,0.0,,0,0,0
Hum_XLOC_031146,False,,,0,0,0
Hum_XLOC_031147,True,0.0,,0,0,0
Hum_XLOC_031148,False,,,0,0,0
Hum_XLOC_031149,False,,,0,0,0
Hum_XLOC_031151,False,,,0,0,0
Hum_XLOC_031152,False,,,0,0,0
Hum_XLOC_031156,True,0.0,,0,0,0
Hum_XLOC_031159,False,,,0,0,0
Hum_XLOC_031161,False,,,0,0,0
Hum_XLOC_031162,False,,,0,0,0
Hum_XLOC_031163,True,0.0,,0,0,0
Hum_XLOC_031164,True,0.0,,0,0,0
Hum_XLOC_031166,False,,,0,0,0
Hum_XLOC_031167,False,,,0,0,0
Hum_XLOC_031169,False,,,0,0,0
Hum_XLOC_031170,False,,,0,0,0
Hum_XLOC_031171,True,0.0,,0,0,0
Hum_XLOC_031174,False,,,0,0,0
Hum_XLOC_031175,False,,,0,0,0
Hum_XLOC_031176,False,,,0,0,0
Hum_XLOC_031177,False,,,0,0,0
Hum_XLOC_031178,False,,,0,0,0
Hum_XLOC_031179,True,0.0,,0,0,0
Hum_XLOC_031180,False,,,0,0,0
Hum_XLOC_031181,False,,,0,0,0
Hum_XLOC_031184,False,,,0,0,0
Hum_XLOC_031185,False,,,0,0,0
Hum_XLOC_031186,False,,,0,0,0
Hum_XLOC_031187,False,,,0,0,0
Hum_XLOC_031188,False,,,0,0,0
Hum_XLOC_031189,True,0.0,,0,0,0
Hum_XLOC_031190,False,,,0,0,0
Hum_XLOC_031192,False,,,0,0,0
Hum_XLOC_031193,False,,,0,0,0
Hum_XLOC_031194,False,,,0,0,0
Hum_XLOC_031195,False,,,0,0,0
Hum_XLOC_031196,False,,,0,0,0
Hum_XLOC_031197,False,,,0,0,0
Hum_XLOC_031200,False,,,0,0,0
Hum_XLOC_031201,False,,,0,0,0
Hum_XLOC_031202,False,,,0,0,0
Hum_XLOC_031203,False,,,0,0,0
Hum_XLOC_031204,False,,,0,0,0
Hum_XLOC_031205,False,,,0,0,0
Hum_XLOC_031206,False,,,0,0,0
Hum_XLOC_031207,True,0.0,,0,0,0
Hum_XLOC_031208,False,,,0,0,0
Hum_XLOC_031209,False,,,0,0,0
Hum_XLOC_031210,False,,,0,0,0
Hum_XLOC_031211,False,,,0,0,0
Hum_XLOC_031212,False,,,0,0,0
Hum_XLOC_031213,False,,,0,0,0
Hum_XLOC_031214,False,,,0,0,0
Hum_XLOC_031216,False,,,0,0,0
Hum_XLOC_031217,True,0.0,,0,0,0
Hum_XLOC_031218,False,,,0,0,0
Hum_XLOC_031219,False,,,0,0,0
Hum_XLOC_031220,False,,,0,0,0
Hum_XLOC_031221,False,,,0,0,0
Hum_XLOC_031222,False,,,0,0,0
Hum_XLOC_031223,False,,,0,0,0
Hum_XLOC_031224,False,,,0,0,0
Hum_XLOC_031225,False,,,0,0,0
Hum_XLOC_031226,False,,,0,0,0
Hum_XLOC_031227,False,,,0,0,0
Hum_XLOC_031229,True,0.0,,0,0,0
Hum_XLOC_031230,False,,,0,0,0
Hum_XLOC_031231,False,,,0,0,0
Hum_XLOC_031232,False,,,0,0,0
Hum_XLOC_031233,False,,,0,0,0
Hum_XLOC_031234,False,,,0,0,0
Hum_XLOC_031235,True,0.0,,0,0,0
Hum_XLOC_031240,False,,,0,0,0
Hum_XLOC_031241,False,,,0,0,0
Hum_XLOC_031244,True,0.0,,0,0,0
Hum_XLOC_031245,False,,,0,0,0
Hum_XLOC_031246,False,,,0,0,0
Hum_XLOC_031247,False,,,0,0,0
Hum_XLOC_031248,False,,,0,0,0
Hum_XLOC_031249,False,,,0,0,0
Hum_XLOC_031250,False,,,0,0,0
Hum_XLOC_031252,False,,,0,0,0
Hum_XLOC_031253,False,,,0,0,0
Hum_XLOC_031254,False,,,0,0,0
Hum_XLOC_031255,False,,,0,0,0
Hum_XLOC_031256,False,,,0,0,0
Hum_XLOC_031257,False,,,0,0,0
Hum_XLOC_031258,False,,,0,0,0
Hum_XLOC_031259,False,,,0,0,0
Hum_XLOC_031262,True,0.0,,0,0,0
Hum_XLOC_031263,False,,,0,0,0
Hum_XLOC_031265,True,0.0,,0,0,0
Hum_XLOC_031266,False,,,0,0,0
Hum_XLOC_031267,False,,,0,0,0
Hum_XLOC_031268,False,,,0,0,0
Hum_XLOC_031269,False,,,0,0,0
Hum_XLOC_031273,False,,,0,0,0
Hum_XLOC_031274,False,,,0,0,0
Hum_XLOC_031275,False,,,0,0,0
Hum_XLOC_031276,False,,,0,0,0
Hum_XLOC_031279,False,,,0,0,0
Hum_XLOC_031280,False,,,0,0,0
Hum_XLOC_031281,False,,,0,0,0
Hum_XLOC_031282,False,,,0,0,0
Hum_XLOC_031283,False,,,0,0,0
Hum_XLOC_031285,False,,,0,0,0
Hum_XLOC_031287,False,,,0,0,0
Hum_XLOC_031288,True,0.0,,0,0,0
Hum_XLOC_031289,False,,,0,0,0
Hum_XLOC_031290,False,,,0,0,0
Hum_XLOC_031291,True,0.0,,0,0,0
Hum_XLOC_031292,False,,,0,0,0
Hum_XLOC_031293,True,0.0,,0,0,0
Hum_XLOC_031295,False,,,0,0,0
Hum_XLOC_031296,False,,,0,0,0
Hum_XLOC_031297,True,0.0,,0,0,0
Hum_XLOC_031300,False,,,0,0,0
Hum_XLOC_031301,False,,,0,0,0
Hum_XLOC_031302,False,,,0,0,0
Hum_XLOC_031303,False,,,0,0,0
Hum_XLOC_031304,False,,,0,0,0
Hum_XLOC_031305,True,0.0,,0,0,0
Hum_XLOC_031306,False,,,0,0,0
Hum_XLOC_031307,False,,,0,0,0
Hum_XLOC_031308,False,,,0,0,0
Hum_XLOC_031309,False,,,0,0,0
Hum_XLOC_031310,False,,,0,0,0
Hum_XLOC_031311,True,0.0,,0,0,0
Hum_XLOC_031312,False,,,0,0,0
Hum_XLOC_031315,False,,,0,0,0
Hum_XLOC_031316,False,,,0,0,0
Hum_XLOC_031317,False,,,0,0,0
Hum_XLOC_031318,False,,,0,0,0
Hum_XLOC_031319,False,,,0,0,0
Hum_XLOC_031320,False,,,0,0,0
Hum_XLOC_031321,False,,,0,0,0
Hum_XLOC_031322,False,,,0,0,0
Hum_XLOC_031323,True,0.0,,0,0,0
Hum_XLOC_031325,False,,,0,0,0
Hum_XLOC_031326,False,,,0,0,0
Hum_XLOC_031327,False,,,0,0,0
Hum_XLOC_031330,False,,,0,0,0
Hum_XLOC_031331,False,,,0,0,0
Hum_XLOC_031332,False,,,0,0,0
Hum_XLOC_031333,True,0.0,,0,0,0
Hum_XLOC_031336,True,0.0,,0,0,0
Hum_XLOC_031339,False,,,0,0,0
Hum_XLOC_031341,False,,,0,0,0
Hum_XLOC_031343,False,,,0,0,0
Hum_XLOC_031346,True,0.0,,0,0,0
Hum_XLOC_031348,False,,,0,0,0
Hum_XLOC_031349,True,0.0,,0,0,0
Hum_XLOC_031350,False,,,0,0,0
Hum_XLOC_031351,False,,,0,0,0
Hum_XLOC_031352,False,,,0,0,0
Hum_XLOC_031353,False,,,0,0,0
Hum_XLOC_031355,False,,,0,0,0
Hum_XLOC_031359,False,,,0,0,0
Hum_XLOC_031360,False,,,0,0,0
Hum_XLOC_031361,False,,,0,0,0
Hum_XLOC_031362,False,,,0,0,0
Hum_XLOC_031363,False,,,0,0,0
Hum_XLOC_031364,False,,,0,0,0
Hum_XLOC_031366,False,,,0,0,0
Hum_XLOC_031367,False,,,0,0,0
Hum_XLOC_031370,False,,,0,0,0
Hum_XLOC_031371,False,,,0,0,0
Hum_XLOC_031375,False,,,0,0,0
Hum_XLOC_031376,False,,,0,0,0
Hum_XLOC_031378,True,0.0,,0,0,0
Hum_XLOC_031379,False,,,0,0,0
Hum_XLOC_031380,False,,,0,0,0
Hum_XLOC_031381,False,,,0,0,0
Hum_XLOC_031382,True,0.0,,0,0,0
Hum_XLOC_031383,False,,,0,0,0
Hum_XLOC_031384,False,,,0,0,0
Hum_XLOC_031385,False,,,0,0,0
Hum_XLOC_031386,True,0.0,,0,0,0
Hum_XLOC_031391,False,,,0,0,0
Hum_XLOC_031392,False,,,0,0,0
Hum_XLOC_031394,False,,,0,0,0
Hum_XLOC_031395,False,,,0,0,0
Hum_XLOC_031396,True,0.0,,0,0,0
Hum_XLOC_031401,False,,,0,0,0
Hum_XLOC_031402,False,,,0,0,0
Hum_XLOC_031404,False,,,0,0,0
Hum_XLOC_031405,False,,,0,0,0
Hum_XLOC_031406,False,,,0,0,0
Hum_XLOC_031407,False,,,0,0,0
Hum_XLOC_031408,False,,,0,0,0
Hum_XLOC_031409,False,,,0,0,0
Hum_XLOC_031412,False,,,0,0,0
Hum_XLOC_031414,False,,,0,0,0
Hum_XLOC_031416,False,,,0,0,0
Hum_XLOC_031417,False,,,0,0,0
Hum_XLOC_031419,False,,,0,0,0
Hum_XLOC_031420,False,,,0,0,0
Hum_XLOC_031421,False,,,0,0,0
Hum_XLOC_031422,False,,,0,0,0
Hum_XLOC_031423,False,,,0,0,0
Hum_XLOC_031424,False,,,0,0,0
Hum_XLOC_031425,False,,,0,0,0
Hum_XLOC_031426,False,,,0,0,0
Hum_XLOC_031427,False,,,0,0,0
Hum_XLOC_031430,False,,,0,0,0
Hum_XLOC_031432,False,,,0,0,0
Hum_XLOC_031433,False,,,0,0,0
Hum_XLOC_031435,False,,,0,0,0
Hum_XLOC_031436,False,,,0,0,0
Hum_XLOC_031439,False,,,0,0,0
Hum_XLOC_031440,False,,,0,0,0
Hum_XLOC_031446,False,,,0,0,0
Hum_XLOC_031449,False,,,0,0,0
Hum_XLOC_031450,True,0.0,,0,0,0
Hum_XLOC_031451,True,0.0,,0,0,0
Hum_XLOC_031453,False,,,0,0,0
Hum_XLOC_031458,True,0.0,,0,0,0
Hum_XLOC_031459,False,,,0,0,0
Hum_XLOC_031468,False,,,0,0,0
Hum_XLOC_031469,True,0.0,,0,0,0
Hum_XLOC_031470,True,0.0,,0,0,0
Hum_XLOC_031471,True,0.0,,0,0,0
Hum_XLOC_031472,False,,,0,0,0
Hum_XLOC_031480,False,,,0,0,0
Hum_XLOC_031482,False,,,0,0,0
Hum_XLOC_031483,False,,,0,0,0
Hum_XLOC_031486,False,,,0,0,0
Hum_XLOC_031487,False,,,0,0,0
Hum_XLOC_031488,False,,,0,0,0
Hum_XLOC_031489,False,,,0,0,0
Hum_XLOC_031490,False,,,0,0,0
Hum_XLOC_031491,False,,,0,0,0
Hum_XLOC_031495,False,,,0,0,0
Hum_XLOC_031496,False,,,0,0,0
Hum_XLOC_031497,False,,,0,0,0
Hum_XLOC_031499,False,,,0,0,0
Hum_XLOC_031500,True,0.0,,0,0,0
Hum_XLOC_031501,False,,,0,0,0
Hum_XLOC_031502,False,,,0,0,0
Hum_XLOC_031503,False,,,0,0,0
Hum_XLOC_031504,False,,,0,0,0
Hum_XLOC_031505,True,0.0,,0,0,0
Hum_XLOC_031506,False,,,0,0,0
Hum_XLOC_031507,False,,,0,0,0
Hum_XLOC_031508,False,,,0,0,0
Hum_XLOC_031509,False,,,0,0,0
Hum_XLOC_031510,False,,,0,0,0
Hum_XLOC_031511,False,,,0,0,0
Hum_XLOC_031512,False,,,0,0,0
Hum_XLOC_031513,False,,,0,0,0
Hum_XLOC_031514,False,,,0,0,0
Hum_XLOC_031515,False,,,0,0,0
Hum_XLOC_031516,False,,,0,0,0
Hum_XLOC_031517,True,0.0,,0,0,0
Hum_XLOC_031522,False,,,0,0,0
Hum_XLOC_031523,False,,,0,0,0
Hum_XLOC_031524,False,,,0,0,0
Hum_XLOC_031525,False,,,0,0,0
Hum_XLOC_031530,False,,,0,0,0
Hum_XLOC_031531,False,,,0,0,0
Hum_XLOC_031532,False,,,0,0,0
Hum_XLOC_031533,False,,,0,0,0
Hum_XLOC_031534,False,,,0,0,0
Hum_XLOC_031535,False,,,0,0,0
Hum_XLOC_031536,False,,,0,0,0
Hum_XLOC_031537,False,,,0,0,0
Hum_XLOC_031538,True,0.0,,0,0,0
Hum_XLOC_031539,False,,,0,0,0
Hum_XLOC_031540,False,,,0,0,0
Hum_XLOC_031541,False,,,0,0,0
Hum_XLOC_031542,True,0.0,,0,0,0
Hum_XLOC_031545,False,,,0,0,0
Hum_XLOC_031547,True,0.0,,0,0,0
Hum_XLOC_031548,False,,,0,0,0
Hum_XLOC_031552,True,0.0,,0,0,0
Hum_XLOC_031554,True,0.0,,0,0,0
Hum_XLOC_031555,False,,,0,0,0
Hum_XLOC_031557,True,0.0,,0,0,0
Hum_XLOC_031562,False,,,0,0,0
Hum_XLOC_031567,False,,,0,0,0
Hum_XLOC_031569,False,,,0,0,0
Hum_XLOC_031570,False,,,0,0,0
Hum_XLOC_031577,False,,,0,0,0
Hum_XLOC_031581,True,0.0,,0,0,0
Hum_XLOC_031584,False,,,0,0,0
Hum_XLOC_031585,False,,,0,0,0
Hum_XLOC_031587,False,,,0,0,0
Hum_XLOC_031588,False,,,0,0,0
Hum_XLOC_031590,False,,,0,0,0
Hum_XLOC_031593,False,,,0,0,0
Hum_XLOC_031597,False,,,0,0,0
Hum_XLOC_031598,False,,,0,0,0
Hum_XLOC_031600,False,,,0,0,0
Hum_XLOC_031601,False,,,0,0,0
Hum_XLOC_031602,False,,,0,0,0
Hum_XLOC_031603,False,,,0,0,0
Hum_XLOC_031604,False,,,0,0,0
Hum_XLOC_031605,True,0.0,,0,0,0
Hum_XLOC_031606,False,,,0,0,0
Hum_XLOC_031607,False,,,0,0,0
Hum_XLOC_031608,False,,,0,0,0
Hum_XLOC_031609,False,,,0,0,0
Hum_XLOC_031610,False,,,0,0,0
Hum_XLOC_031611,False,,,0,0,0
Hum_XLOC_031612,False,,,0,0,0
Hum_XLOC_031613,False,,,0,0,0
Hum_XLOC_031614,False,,,0,0,0
Hum_XLOC_031615,False,,,0,0,0
Hum_XLOC_031616,False,,,0,0,0
Hum_XLOC_031617,False,,,0,0,0
Hum_XLOC_031620,False,,,0,0,0
Hum_XLOC_031621,False,,,0,0,0
Hum_XLOC_031622,True,0.0,,0,0,0
Hum_XLOC_031624,False,,,0,0,0
Hum_XLOC_031625,False,,,0,0,0
Hum_XLOC_031627,False,,,0,0,0
Hum_XLOC_031632,False,,,0,0,0
Hum_XLOC_031633,True,0.0,,0,0,0
Hum_XLOC_031634,False,,,0,0,0
Hum_XLOC_031635,False,,,0,0,0
Hum_XLOC_031638,False,,,0,0,0
Hum_XLOC_031639,True,0.0,,0,0,0
Hum_XLOC_031640,True,0.0,,0,0,0
Hum_XLOC_031641,False,,,0,0,0
Hum_XLOC_031642,False,,,0,0,0
Hum_XLOC_031643,True,0.0,,0,0,0
Hum_XLOC_031644,False,,,0,0,0
Hum_XLOC_031647,False,,,0,0,0
Hum_XLOC_031648,False,,,0,0,0
Hum_XLOC_031652,False,,,0,0,0
Hum_XLOC_031653,False,,,0,0,0
Hum_XLOC_031657,False,,,0,0,0
Hum_XLOC_031658,False,,,0,0,0
Hum_XLOC_031660,False,,,0,0,0
Hum_XLOC_031661,False,,,0,0,0
Hum_XLOC_031662,False,,,0,0,0
Hum_XLOC_031663,False,,,0,0,0
Hum_XLOC_031664,True,0.0,,0,0,0
Hum_XLOC_031665,False,,,0,0,0
Hum_XLOC_031666,False,,,0,0,0
Hum_XLOC_031667,False,,,0,0,0
Hum_XLOC_031668,False,,,0,0,0
Hum_XLOC_031669,False,,,0,0,0
Hum_XLOC_031670,False,,,0,0,0
Hum_XLOC_031671,False,,,0,0,0
Hum_XLOC_031672,False,,,0,0,0
Hum_XLOC_031673,False,,,0,0,0
Hum_XLOC_031674,False,,,0,0,0
Hum_XLOC_031675,False,,,0,0,0
Hum_XLOC_031676,False,,,0,0,0
Hum_XLOC_031677,False,,,0,0,0
Hum_XLOC_031678,False,,,0,0,0
Hum_XLOC_031679,False,,,0,0,0
Hum_XLOC_031680,False,,,0,0,0
Hum_XLOC_031681,False,,,0,0,0
Hum_XLOC_031683,True,0.0,,0,0,0
Hum_XLOC_031684,False,,,0,0,0
Hum_XLOC_031687,False,,,0,0,0
Hum_XLOC_031688,True,0.0,,0,0,0
Hum_XLOC_031689,False,,,0,0,0
Hum_XLOC_031690,False,,,0,0,0
Hum_XLOC_031691,False,,,0,0,0
Hum_XLOC_031692,False,,,0,0,0
Hum_XLOC_031693,False,,,0,0,0
Hum_XLOC_031694,False,,,0,0,0
Hum_XLOC_031695,False,,,0,0,0
Hum_XLOC_031696,False,,,0,0,0
Hum_XLOC_031697,False,,,0,0,0
Hum_XLOC_031698,False,,,0,0,0
Hum_XLOC_031700,False,,,0,0,0
Hum_XLOC_031701,False,,,0,0,0
Hum_XLOC_031703,False,,,0,0,0
Hum_XLOC_031706,False,,,0,0,0
Hum_XLOC_031707,False,,,0,0,0
Hum_XLOC_031708,False,,,0,0,0
Hum_XLOC_031709,False,,,0,0,0
Hum_XLOC_031710,True,0.0,,0,0,0
Hum_XLOC_031712,False,,,0,0,0
Hum_XLOC_031713,False,,,0,0,0
Hum_XLOC_031714,True,0.0,,0,0,0
Hum_XLOC_031715,True,0.0,,0,0,0
Hum_XLOC_031716,False,,,0,0,0
Hum_XLOC_031721,False,,,0,0,0
Hum_XLOC_031722,False,,,0,0,0
Hum_XLOC_031723,False,,,0,0,0
Hum_XLOC_031724,False,,,0,0,0
Hum_XLOC_031727,False,,,0,0,0
Hum_XLOC_031729,False,,,0,0,0
Hum_XLOC_031730,False,,,0,0,0
Hum_XLOC_031731,False,,,0,0,0
Hum_XLOC_031732,False,,,0,0,0
Hum_XLOC_031733,True,0.0,,0,0,0
Hum_XLOC_031734,False,,,0,0,0
Hum_XLOC_031735,False,,,0,0,0
Hum_XLOC_031736,False,,,0,0,0
Hum_XLOC_031737,True,0.0,,0,0,0
Hum_XLOC_031738,True,0.0,,0,0,0
Hum_XLOC_031739,False,,,0,0,0
Hum_XLOC_031740,True,0.0,,0,0,0
Hum_XLOC_031744,False,,,0,0,0
Hum_XLOC_031745,False,,,0,0,0
Hum_XLOC_031746,False,,,0,0,0
Hum_XLOC_031747,False,,,0,0,0
Hum_XLOC_031749,True,0.0,,0,0,0
Hum_XLOC_031750,False,,,0,0,0
Hum_XLOC_031751,True,0.0,,0,0,0
Hum_XLOC_031752,False,,,0,0,0
Hum_XLOC_031753,False,,,0,0,0
Hum_XLOC_031754,False,,,0,0,0
Hum_XLOC_031755,False,,,0,0,0
Hum_XLOC_031756,False,,,0,0,0
Hum_XLOC_031757,True,0.0,,0,0,0
Hum_XLOC_031762,False,,,0,0,0
Hum_XLOC_031763,False,,,0,0,0
Hum_XLOC_031765,False,,,0,0,0
Hum_XLOC_031767,False,,,0,0,0
Hum_XLOC_031768,False,,,0,0,0
Hum_XLOC_031773,False,,,0,0,0
Hum_XLOC_031774,False,,,0,0,0
Hum_XLOC_031776,False,,,0,0,0
Hum_XLOC_031777,True,0.0,,0,0,0
Hum_XLOC_031778,False,,,0,0,0
Hum_XLOC_031779,False,,,0,0,0
Hum_XLOC_031780,True,0.0,,0,0,0
Hum_XLOC_031782,True,0.0,,0,0,0
Hum_XLOC_031783,False,,,0,0,0
Hum_XLOC_031784,False,,,0,0,0
Hum_XLOC_031788,False,,,0,0,0
Hum_XLOC_031789,True,0.0,,0,0,0
Hum_XLOC_031790,True,0.0,,0,0,0
Hum_XLOC_031791,False,,,0,0,0
Hum_XLOC_031792,True,0.0,,0,0,0
Hum_XLOC_031795,False,,,0,0,0
Hum_XLOC_031798,False,,,0,0,0
Hum_XLOC_031799,True,0.0,,0,0,0
Hum_XLOC_031801,False,,,0,0,0
Hum_XLOC_031803,False,,,0,0,0
Hum_XLOC_031804,True,0.0,,0,0,0
Hum_XLOC_031810,False,,,0,0,0
Hum_XLOC_031812,True,0.0,,0,0,0
Hum_XLOC_031813,False,,,0,0,0
Hum_XLOC_031816,False,,,0,0,0
Hum_XLOC_031818,False,,,0,0,0
Hum_XLOC_031828,False,,,0,0,0
Hum_XLOC_031829,True,0.0,,0,0,0
Hum_XLOC_031831,False,,,0,0,0
Hum_XLOC_031833,False,,,0,0,0
Hum_XLOC_031834,False,,,0,0,0
Hum_XLOC_031835,False,,,0,0,0
Hum_XLOC_031837,False,,,0,0,0
Hum_XLOC_031838,False,,,0,0,0
Hum_XLOC_031839,False,,,0,0,0
Hum_XLOC_031841,False,,,0,0,0
Hum_XLOC_031842,False,,,0,0,0
Hum_XLOC_031843,False,,,0,0,0
Hum_XLOC_031845,False,,,0,0,0
Hum_XLOC_031846,False,,,0,0,0
Hum_XLOC_031847,False,,,0,0,0
Hum_XLOC_031848,False,,,0,0,0
Hum_XLOC_031850,False,,,0,0,0
Hum_XLOC_031851,False,,,0,0,0
Hum_XLOC_031852,False,,,0,0,0
Hum_XLOC_031853,True,0.0,,0,0,0
Hum_XLOC_031854,False,,,0,0,0
Hum_XLOC_031855,True,0.0,,0,0,0
Hum_XLOC_031857,False,,,0,0,0
Hum_XLOC_031859,True,0.0,,0,0,0
Hum_XLOC_031860,False,,,0,0,0
Hum_XLOC_031861,True,0.0,,0,0,0
Hum_XLOC_031862,False,,,0,0,0
Hum_XLOC_031863,True,0.0,,0,0,0
Hum_XLOC_031864,False,,,0,0,0
Hum_XLOC_031865,False,,,0,0,0
Hum_XLOC_031867,False,,,0,0,0
Hum_XLOC_031868,True,0.0,,0,0,0
Hum_XLOC_031869,True,0.0,,0,0,0
Hum_XLOC_031870,False,,,0,0,0
Hum_XLOC_031871,False,,,0,0,0
Hum_XLOC_031872,False,,,0,0,0
Hum_XLOC_031874,False,,,0,0,0
Hum_XLOC_031876,True,0.0,,0,0,0
Hum_XLOC_031877,False,,,0,0,0
Hum_XLOC_031878,False,,,0,0,0
Hum_XLOC_031880,False,,,0,0,0
Hum_XLOC_031886,False,,,0,0,0
Hum_XLOC_031887,False,,,0,0,0
Hum_XLOC_031888,False,,,0,0,0
Hum_XLOC_031889,False,,,0,0,0
Hum_XLOC_031890,False,,,0,0,0
Hum_XLOC_031891,False,,,0,0,0
Hum_XLOC_031892,False,,,0,0,0
Hum_XLOC_031893,False,,,0,0,0
Hum_XLOC_031894,True,0.0,,0,0,0
Hum_XLOC_031897,False,,,0,0,0
Hum_XLOC_031898,False,,,0,0,0
Hum_XLOC_031899,False,,,0,0,0
Hum_XLOC_031900,False,,,0,0,0
Hum_XLOC_031901,False,,,0,0,0
Hum_XLOC_031902,False,,,0,0,0
Hum_XLOC_031903,False,,,0,0,0
Hum_XLOC_031904,False,,,0,0,0
Hum_XLOC_031905,False,,,0,0,0
Hum_XLOC_031906,False,,,0,0,0
Hum_XLOC_031907,False,,,0,0,0
Hum_XLOC_031908,False,,,0,0,0
Hum_XLOC_031909,False,,,0,0,0
Hum_XLOC_031910,True,0.0,,0,0,0
Hum_XLOC_031911,False,,,0,0,0
Hum_XLOC_031912,False,,,0,0,0
Hum_XLOC_031913,False,,,0,0,0
Hum_XLOC_031914,False,,,0,0,0
Hum_XLOC_031915,False,,,0,0,0
Hum_XLOC_031916,False,,,0,0,0
Hum_XLOC_031919,False,,,0,0,0
Hum_XLOC_031920,True,0.0,,0,0,0
Hum_XLOC_031921,True,0.0,,0,0,0
Hum_XLOC_031922,False,,,0,0,0
Hum_XLOC_031923,True,0.0,,0,0,0
Hum_XLOC_031924,False,,,0,0,0
Hum_XLOC_031925,True,0.0,,0,0,0
Hum_XLOC_031926,False,,,0,0,0
Hum_XLOC_031927,False,,,0,0,0
Hum_XLOC_031928,False,,,0,0,0
Hum_XLOC_031929,False,,,0,0,0
Hum_XLOC_031930,False,,,0,0,0
Hum_XLOC_031931,False,,,0,0,0
Hum_XLOC_031932,True,0.0,,0,0,0
Hum_XLOC_031933,True,0.0,,0,0,0
Hum_XLOC_031934,False,,,0,0,0
Hum_XLOC_031935,False,,,0,0,0
Hum_XLOC_031936,False,,,0,0,0
Hum_XLOC_031937,False,,,0,0,0
Hum_XLOC_031938,False,,,0,0,0
Hum_XLOC_031939,False,,,0,0,0
Hum_XLOC_031940,False,,,0,0,0
Hum_XLOC_031941,False,,,0,0,0
Hum_XLOC_031942,False,,,0,0,0
Hum_XLOC_031943,False,,,0,0,0
Hum_XLOC_031944,False,,,0,0,0
Hum_XLOC_031946,False,,,0,0,0
Hum_XLOC_031952,False,,,0,0,0
Hum_XLOC_031953,False,,,0,0,0
Hum_XLOC_031954,False,,,0,0,0
Hum_XLOC_031955,False,,,0,0,0
Hum_XLOC_031957,False,,,0,0,0
Hum_XLOC_031958,False,,,0,0,0
Hum_XLOC_031959,False,,,0,0,0
Hum_XLOC_031960,False,,,0,0,0
Hum_XLOC_031961,False,,,0,0,0
Hum_XLOC_031962,False,,,0,0,0
Hum_XLOC_031963,True,0.0,,0,0,0
Hum_XLOC_031966,False,,,0,0,0
Hum_XLOC_031970,False,,,0,0,0
Hum_XLOC_031971,False,,,0,0,0
Hum_XLOC_031972,True,0.0,,0,0,0
Hum_XLOC_031973,False,,,0,0,0
Hum_XLOC_031974,False,,,0,0,0
Hum_XLOC_031978,False,,,0,0,0
Hum_XLOC_031979,False,,,0,0,0
Hum_XLOC_031980,False,,,0,0,0
Hum_XLOC_031982,True,0.0,,0,0,0
Hum_XLOC_031983,False,,,0,0,0
Hum_XLOC_031985,False,,,0,0,0
Hum_XLOC_031986,False,,,0,0,0
Hum_XLOC_031988,False,,,0,0,0
Hum_XLOC_031990,False,,,0,0,0
Hum_XLOC_031992,True,0.0,,0,0,0
Hum_XLOC_031993,False,,,0,0,0
Hum_XLOC_031995,False,,,0,0,0
Hum_XLOC_031996,False,,,0,0,0
Hum_XLOC_031998,False,,,0,0,0
Hum_XLOC_031999,False,,,0,0,0
Hum_XLOC_032000,True,0.0,,0,0,0
Hum_XLOC_032001,False,,,0,0,0
Hum_XLOC_032002,False,,,0,0,0
Hum_XLOC_032003,False,,,0,0,0
Hum_XLOC_032006,False,,,0,0,0
Hum_XLOC_032010,False,,,0,0,0
Hum_XLOC_032012,True,0.0,,0,0,0
Hum_XLOC_032013,True,0.0,,0,0,0
Hum_XLOC_032014,False,,,0,0,0
Hum_XLOC_032015,False,,,0,0,0
Hum_XLOC_032022,False,,,0,0,0
Hum_XLOC_032024,False,,,0,0,0
Hum_XLOC_032025,False,,,0,0,0
Hum_XLOC_032029,False,,,0,0,0
Hum_XLOC_032032,False,,,0,0,0
Hum_XLOC_032033,False,,,0,0,0
Hum_XLOC_032039,False,,,0,0,0
Hum_XLOC_032040,False,,,0,0,0
Hum_XLOC_032042,False,,,0,0,0
Hum_XLOC_032043,True,0.0,,0,0,0
Hum_XLOC_032044,False,,,0,0,0
Hum_XLOC_032045,True,0.0,,0,0,0
Hum_XLOC_032046,True,0.0,,0,0,0
Hum_XLOC_032047,False,,,0,0,0
Hum_XLOC_032048,True,0.0,,0,0,0
Hum_XLOC_032055,False,,,0,0,0
Hum_XLOC_032056,False,,,0,0,0
Hum_XLOC_032057,False,,,0,0,0
Hum_XLOC_032058,False,,,0,0,0
Hum_XLOC_032064,True,0.0,,0,0,0
Hum_XLOC_032065,False,,,0,0,0
Hum_XLOC_032066,False,,,0,0,0
Hum_XLOC_032072,True,0.0,,0,0,0
Hum_XLOC_032078,False,,,0,0,0
Hum_XLOC_032083,True,0.0,,0,0,0
Hum_XLOC_032084,True,0.0,,0,0,0
Hum_XLOC_032086,False,,,0,0,0
Hum_XLOC_032087,False,,,0,0,0
Hum_XLOC_032088,False,,,0,0,0
Hum_XLOC_032089,False,,,0,0,0
Hum_XLOC_032090,False,,,0,0,0
Hum_XLOC_032091,False,,,0,0,0
Hum_XLOC_032092,True,0.0,,0,0,0
Hum_XLOC_032093,True,0.0,,0,0,0
Hum_XLOC_032094,False,,,0,0,0
Hum_XLOC_032095,False,,,0,0,0
Hum_XLOC_032098,False,,,0,0,0
Hum_XLOC_032100,True,0.0,,0,0,0
Hum_XLOC_032101,False,,,0,0,0
Hum_XLOC_032107,True,0.0,,0,0,0
Hum_XLOC_032110,True,0.0,,0,0,0
Hum_XLOC_032111,True,0.0,,0,0,0
Hum_XLOC_032112,True,0.0,,0,0,0
Hum_XLOC_032113,False,,,0,0,0
Hum_XLOC_032115,False,,,0,0,0
Hum_XLOC_032116,False,,,0,0,0
Hum_XLOC_032117,True,0.0,,0,0,0
Hum_XLOC_032118,False,,,0,0,0
Hum_XLOC_032119,True,0.0,,0,0,0
Hum_XLOC_032123,False,,,0,0,0
Hum_XLOC_032124,False,,,0,0,0
Hum_XLOC_032125,False,,,0,0,0
Hum_XLOC_032126,True,0.0,,0,0,0
Hum_XLOC_032127,False,,,0,0,0
Hum_XLOC_032133,True,0.0,,0,0,0
Hum_XLOC_032134,True,0.0,,0,0,0
Hum_XLOC_032136,True,0.0,,0,0,0
Hum_XLOC_032137,False,,,0,0,0
Hum_XLOC_032139,False,,,0,0,0
Hum_XLOC_032141,False,,,0,0,0
Hum_XLOC_032143,False,,,0,0,0
Hum_XLOC_032144,False,,,0,0,0
Hum_XLOC_032145,True,0.0,,0,0,0
Hum_XLOC_032146,False,,,0,0,0
Hum_XLOC_032148,False,,,0,0,0
Hum_XLOC_032153,False,,,0,0,0
Hum_XLOC_032154,False,,,0,0,0
Hum_XLOC_032155,False,,,0,0,0
Hum_XLOC_032156,False,,,0,0,0
Hum_XLOC_032157,False,,,0,0,0
Hum_XLOC_032159,True,0.0,,0,0,0
Hum_XLOC_032160,False,,,0,0,0
Hum_XLOC_032161,False,,,0,0,0
Hum_XLOC_032162,False,,,0,0,0
Hum_XLOC_032163,False,,,0,0,0
Hum_XLOC_032164,False,,,0,0,0
Hum_XLOC_032165,False,,,0,0,0
Hum_XLOC_032166,False,,,0,0,0
Hum_XLOC_032169,False,,,0,0,0
Hum_XLOC_032170,False,,,0,0,0
Hum_XLOC_032171,False,,,0,0,0
Hum_XLOC_032175,False,,,0,0,0
Hum_XLOC_032176,False,,,0,0,0
Hum_XLOC_032177,False,,,0,0,0
Hum_XLOC_032178,False,,,0,0,0
Hum_XLOC_032179,False,,,0,0,0
Hum_XLOC_032180,False,,,0,0,0
Hum_XLOC_032181,False,,,0,0,0
Hum_XLOC_032182,False,,,0,0,0
Hum_XLOC_032183,False,,,0,0,0
Hum_XLOC_032184,False,,,0,0,0
Hum_XLOC_032190,False,,,0,0,0
Hum_XLOC_032191,True,0.0,,0,0,0
Hum_XLOC_032192,True,0.0,,0,0,0
Hum_XLOC_032194,False,,,0,0,0
Hum_XLOC_032195,True,0.0,,0,0,0
Hum_XLOC_032196,False,,,0,0,0
Hum_XLOC_032197,False,,,0,0,0
Hum_XLOC_032198,False,,,0,0,0
Hum_XLOC_032199,False,,,0,0,0
Hum_XLOC_032200,False,,,0,0,0
Hum_XLOC_032201,False,,,0,0,0
Hum_XLOC_032202,False,,,0,0,0
Hum_XLOC_032203,False,,,0,0,0
Hum_XLOC_032204,False,,,0,0,0
Hum_XLOC_032205,False,,,0,0,0
Hum_XLOC_032206,False,,,0,0,0
Hum_XLOC_032207,False,,,0,0,0
Hum_XLOC_032208,False,,,0,0,0
Hum_XLOC_032210,False,,,0,0,0
Hum_XLOC_032211,False,,,0,0,0
Hum_XLOC_032216,True,0.0,,0,0,0
Hum_XLOC_032217,False,,,0,0,0
Hum_XLOC_032218,False,,,0,0,0
Hum_XLOC_032219,False,,,0,0,0
Hum_XLOC_032220,False,,,0,0,0
Hum_XLOC_032221,False,,,0,0,0
Hum_XLOC_032222,False,,,0,0,0
Hum_XLOC_032223,False,,,0,0,0
Hum_XLOC_032224,False,,,0,0,0
Hum_XLOC_032225,True,0.0,,0,0,0
Hum_XLOC_032226,False,,,0,0,0
Hum_XLOC_032227,False,,,0,0,0
Hum_XLOC_032228,True,0.0,,0,0,0
Hum_XLOC_032229,False,,,0,0,0
Hum_XLOC_032230,True,0.0,,0,0,0
Hum_XLOC_032231,False,,,0,0,0
Hum_XLOC_032233,True,0.0,,0,0,0
Hum_XLOC_032234,False,,,0,0,0
Hum_XLOC_032235,False,,,0,0,0
Hum_XLOC_032236,True,0.0,,0,0,0
Hum_XLOC_032237,True,0.0,,0,0,0
Hum_XLOC_032238,False,,,0,0,0
Hum_XLOC_032239,False,,,0,0,0
Hum_XLOC_032240,False,,,0,0,0
Hum_XLOC_032241,False,,,0,0,0
Hum_XLOC_032242,True,0.0,,0,0,0
Hum_XLOC_032243,False,,,0,0,0
Hum_XLOC_032244,False,,,0,0,0
Hum_XLOC_032245,False,,,0,0,0
Hum_XLOC_032247,False,,,0,0,0
Hum_XLOC_032248,False,,,0,0,0
Hum_XLOC_032252,False,,,0,0,0
Hum_XLOC_032253,False,,,0,0,0
Hum_XLOC_032254,False,,,0,0,0
Hum_XLOC_032255,False,,,0,0,0
Hum_XLOC_032257,True,0.0,,0,0,0
Hum_XLOC_032258,False,,,0,0,0
Hum_XLOC_032259,False,,,0,0,0
Hum_XLOC_032260,False,,,0,0,0
Hum_XLOC_032263,False,,,0,0,0
Hum_XLOC_032265,False,,,0,0,0
Hum_XLOC_032266,False,,,0,0,0
Hum_XLOC_032267,False,,,0,0,0
Hum_XLOC_032268,False,,,0,0,0
Hum_XLOC_032269,True,0.0,,0,0,0
Hum_XLOC_032271,False,,,0,0,0
Hum_XLOC_032276,False,,,0,0,0
Hum_XLOC_032277,True,0.0,,0,0,0
Hum_XLOC_032278,False,,,0,0,0
Hum_XLOC_032279,False,,,0,0,0
Hum_XLOC_032282,False,,,0,0,0
Hum_XLOC_032284,False,,,0,0,0
Hum_XLOC_032285,False,,,0,0,0
Hum_XLOC_032287,False,,,0,0,0
Hum_XLOC_032289,False,,,0,0,0
Hum_XLOC_032294,False,,,0,0,0
Hum_XLOC_032295,False,,,0,0,0
Hum_XLOC_032296,False,,,0,0,0
Hum_XLOC_032297,False,,,0,0,0
Hum_XLOC_032298,False,,,0,0,0
Hum_XLOC_032300,True,0.0,,0,0,0
Hum_XLOC_032301,False,,,0,0,0
Hum_XLOC_032302,False,,,0,0,0
Hum_XLOC_032303,False,,,0,0,0
Hum_XLOC_032306,False,,,0,0,0
Hum_XLOC_032312,False,,,0,0,0
Hum_XLOC_032313,False,,,0,0,0
Hum_XLOC_032314,True,0.0,,0,0,0
Hum_XLOC_032315,True,0.0,,0,0,0
Hum_XLOC_032316,False,,,0,0,0
Hum_XLOC_032318,False,,,0,0,0
Hum_XLOC_032319,True,0.0,,0,0,0
Hum_XLOC_032320,False,,,0,0,0
Hum_XLOC_032321,True,0.0,,0,0,0
Hum_XLOC_032323,False,,,0,0,0
Hum_XLOC_032328,False,,,0,0,0
Hum_XLOC_032329,False,,,0,0,0
Hum_XLOC_032330,True,0.0,,0,0,0
Hum_XLOC_032334,False,,,0,0,0
Hum_XLOC_032335,False,,,0,0,0
Hum_XLOC_032336,False,,,0,0,0
Hum_XLOC_032344,False,,,0,0,0
Hum_XLOC_032349,False,,,0,0,0
Hum_XLOC_032350,False,,,0,0,0
Hum_XLOC_032352,True,0.0,,0,0,0
Hum_XLOC_032353,True,0.0,,0,0,0
Hum_XLOC_032356,False,,,0,0,0
Hum_XLOC_032357,False,,,0,0,0
Hum_XLOC_032358,False,,,0,0,0
Hum_XLOC_032359,False,,,0,0,0
Hum_XLOC_032360,False,,,0,0,0
Hum_XLOC_032362,False,,,0,0,0
Hum_XLOC_032363,True,0.0,,0,0,0
Hum_XLOC_032368,False,,,0,0,0
Hum_XLOC_032369,False,,,0,0,0
Hum_XLOC_032370,False,,,0,0,0
Hum_XLOC_032371,False,,,0,0,0
Hum_XLOC_032372,False,,,0,0,0
Hum_XLOC_032373,False,,,0,0,0
Hum_XLOC_032374,False,,,0,0,0
Hum_XLOC_032375,False,,,0,0,0
Hum_XLOC_032376,False,,,0,0,0
Hum_XLOC_032377,False,,,0,0,0
Hum_XLOC_032384,False,,,0,0,0
Hum_XLOC_032385,False,,,0,0,0
Hum_XLOC_032389,False,,,0,0,0
Hum_XLOC_032390,False,,,0,0,0
Hum_XLOC_032391,False,,,0,0,0
Hum_XLOC_032393,False,,,0,0,0
Hum_XLOC_032394,False,,,0,0,0
Hum_XLOC_032397,False,,,0,0,0
Hum_XLOC_032400,False,,,0,0,0
Hum_XLOC_032404,False,,,0,0,0
Hum_XLOC_032406,False,,,0,0,0
Hum_XLOC_032412,False,,,0,0,0
Hum_XLOC_032414,False,,,0,0,0
Hum_XLOC_032415,False,,,0,0,0
Hum_XLOC_032416,False,,,0,0,0
Hum_XLOC_032417,False,,,0,0,0
Hum_XLOC_032419,False,,,0,0,0
Hum_XLOC_032422,False,,,0,0,0
Hum_XLOC_032423,True,0.0,,0,0,0
Hum_XLOC_032426,False,,,0,0,0
Hum_XLOC_032428,False,,,0,0,0
Hum_XLOC_032430,False,,,0,0,0
Hum_XLOC_032431,False,,,0,0,0
Hum_XLOC_032432,True,0.0,,0,0,0
Hum_XLOC_032433,True,0.0,,0,0,0
Hum_XLOC_032434,False,,,0,0,0
Hum_XLOC_032441,False,,,0,0,0
Hum_XLOC_032442,False,,,0,0,0
Hum_XLOC_032444,True,0.0,,0,0,0
Hum_XLOC_032445,True,0.0,,0,0,0
Hum_XLOC_032451,False,,,0,0,0
Hum_XLOC_032452,False,,,0,0,0
Hum_XLOC_032459,False,,,0,0,0
Hum_XLOC_032460,False,,,0,0,0
Hum_XLOC_032463,False,,,0,0,0
Hum_XLOC_032464,False,,,0,0,0
Hum_XLOC_032465,False,,,0,0,0
Hum_XLOC_032466,True,0.0,,0,0,0
Hum_XLOC_032467,False,,,0,0,0
Hum_XLOC_032468,True,0.0,,0,0,0
Hum_XLOC_032470,False,,,0,0,0
Hum_XLOC_032471,False,,,0,0,0
Hum_XLOC_032472,True,0.0,,0,0,0
Hum_XLOC_032473,False,,,0,0,0
Hum_XLOC_032474,False,,,0,0,0
Hum_XLOC_032475,True,0.0,,0,0,0
Hum_XLOC_032476,True,0.0,,0,0,0
Hum_XLOC_032477,False,,,0,0,0
Hum_XLOC_032478,True,0.0,,0,0,0
Hum_XLOC_032479,True,0.0,,0,0,0
Hum_XLOC_032480,True,0.0,,0,0,0
Hum_XLOC_032487,False,,,0,0,0
Hum_XLOC_032488,False,,,0,0,0
Hum_XLOC_032489,False,,,0,0,0
Hum_XLOC_032490,False,,,0,0,0
Hum_XLOC_032491,False,,,0,0,0
Hum_XLOC_032493,False,,,0,0,0
Hum_XLOC_032494,False,,,0,0,0
Hum_XLOC_032495,False,,,0,0,0
Hum_XLOC_032496,False,,,0,0,0
Hum_XLOC_032498,True,0.0,,0,0,0
Hum_XLOC_032503,True,0.0,,0,0,0
Hum_XLOC_032504,False,,,0,0,0
Hum_XLOC_032508,False,,,0,0,0
Hum_XLOC_032509,False,,,0,0,0
Hum_XLOC_032510,False,,,0,0,0
Hum_XLOC_032511,True,0.0,,0,0,0
Hum_XLOC_032512,False,,,0,0,0
Hum_XLOC_032521,False,,,0,0,0
Hum_XLOC_032523,True,0.0,,0,0,0
Hum_XLOC_032524,True,0.0,,0,0,0
Hum_XLOC_032526,True,0.0,,0,0,0
Hum_XLOC_032527,False,,,0,0,0
Hum_XLOC_032528,True,0.0,,0,0,0
Hum_XLOC_032529,False,,,0,0,0
Hum_XLOC_032530,True,0.0,,0,0,0
Hum_XLOC_032531,True,0.0,,0,0,0
Hum_XLOC_032533,True,0.0,,0,0,0
Hum_XLOC_032535,False,,,0,0,0
Hum_XLOC_032536,False,,,0,0,0
Hum_XLOC_032537,False,,,0,0,0
Hum_XLOC_032539,False,,,0,0,0
Hum_XLOC_032541,False,,,0,0,0
Hum_XLOC_032542,False,,,0,0,0
Hum_XLOC_032543,False,,,0,0,0
Hum_XLOC_032546,False,,,0,0,0
Hum_XLOC_032551,False,,,0,0,0
Hum_XLOC_032552,False,,,0,0,0
Hum_XLOC_032553,False,,,0,0,0
Hum_XLOC_032554,False,,,0,0,0
Hum_XLOC_032556,False,,,0,0,0
Hum_XLOC_032558,False,,,0,0,0
Hum_XLOC_032559,False,,,0,0,0
Hum_XLOC_032561,False,,,0,0,0
Hum_XLOC_032565,False,,,0,0,0
Hum_XLOC_032566,False,,,0,0,0
Hum_XLOC_032567,False,,,0,0,0
Hum_XLOC_032570,False,,,0,0,0
Hum_XLOC_032571,False,,,0,0,0
Hum_XLOC_032578,False,,,0,0,0
Hum_XLOC_032579,False,,,0,0,0
Hum_XLOC_032582,False,,,0,0,0
Hum_XLOC_032583,False,,,0,0,0
Hum_XLOC_032586,False,,,0,0,0
Hum_XLOC_032587,False,,,0,0,0
Hum_XLOC_032588,False,,,0,0,0
Hum_XLOC_032592,False,,,0,0,0
Hum_XLOC_032598,False,,,0,0,0
Hum_XLOC_032599,True,0.0,,0,0,0
Hum_XLOC_032600,True,0.0,,0,0,0
Hum_XLOC_032601,False,,,0,0,0
Hum_XLOC_032603,False,,,0,0,0
Hum_XLOC_032605,False,,,0,0,0
Hum_XLOC_032607,False,,,0,0,0
Hum_XLOC_032618,False,,,0,0,0
Hum_XLOC_032620,False,,,0,0,0
Hum_XLOC_032621,False,,,0,0,0
Hum_XLOC_032622,False,,,0,0,0
Hum_XLOC_032631,True,0.0,,0,0,0
Hum_XLOC_032639,True,0.0,,0,0,0
Hum_XLOC_032646,False,,,0,0,0
Hum_XLOC_032648,False,,,0,0,0
Hum_XLOC_032649,False,,,0,0,0
Hum_XLOC_032650,False,,,0,0,0
Hum_XLOC_032652,False,,,0,0,0
Hum_XLOC_032659,False,,,0,0,0
Hum_XLOC_032660,False,,,0,0,0
Hum_XLOC_032668,False,,,0,0,0
Hum_XLOC_032673,False,,,0,0,0
Hum_XLOC_032675,False,,,0,0,0
Hum_XLOC_032676,False,,,0,0,0
Hum_XLOC_032677,False,,,0,0,0
Hum_XLOC_032681,True,0.0,,0,0,0
Hum_XLOC_032682,False,,,0,0,0
Hum_XLOC_032683,False,,,0,0,0
Hum_XLOC_032686,True,0.0,,0,0,0
Hum_XLOC_032688,True,0.0,,0,0,0
Hum_XLOC_032689,True,0.0,,0,0,0
Hum_XLOC_032691,True,0.0,,0,0,0
Hum_XLOC_032692,False,,,0,0,0
Hum_XLOC_032694,False,,,0,0,0
Hum_XLOC_032695,False,,,0,0,0
Hum_XLOC_032696,False,,,0,0,0
Hum_XLOC_032697,False,,,0,0,0
Hum_XLOC_032698,False,,,0,0,0
Hum_XLOC_032699,False,,,0,0,0
Hum_XLOC_032700,True,0.0,,0,0,0
Hum_XLOC_032701,False,,,0,0,0
Hum_XLOC_032702,False,,,0,0,0
Hum_XLOC_032703,False,,,0,0,0
Hum_XLOC_032704,False,,,0,0,0
Hum_XLOC_032705,False,,,0,0,0
Hum_XLOC_032706,False,,,0,0,0
Hum_XLOC_032707,True,0.0,,0,0,0
Hum_XLOC_032710,True,0.0,,0,0,0
Hum_XLOC_032713,False,,,0,0,0
Hum_XLOC_032718,True,0.0,,0,0,0
Hum_XLOC_032722,True,0.0,,0,0,0
Hum_XLOC_032725,False,,,0,0,0
Hum_XLOC_032728,False,,,0,0,0
Hum_XLOC_032729,False,,,0,0,0
Hum_XLOC_032730,False,,,0,0,0
Hum_XLOC_032731,False,,,0,0,0
Hum_XLOC_032734,False,,,0,0,0
Hum_XLOC_032736,True,0.0,,0,0,0
Hum_XLOC_032737,True,0.0,,0,0,0
Hum_XLOC_032738,False,,,0,0,0
Hum_XLOC_032739,True,0.0,,0,0,0
Hum_XLOC_032746,True,0.0,,0,0,0
Hum_XLOC_032747,False,,,0,0,0
Hum_XLOC_032757,False,,,0,0,0
Hum_XLOC_032758,False,,,0,0,0
Hum_XLOC_032760,False,,,0,0,0
Hum_XLOC_032761,False,,,0,0,0
Hum_XLOC_032763,False,,,0,0,0
Hum_XLOC_032764,False,,,0,0,0
Hum_XLOC_032765,False,,,0,0,0
Hum_XLOC_032766,True,0.0,,0,0,0
Hum_XLOC_032767,False,,,0,0,0
Hum_XLOC_032769,True,0.0,,0,0,0
Hum_XLOC_032770,False,,,0,0,0
Hum_XLOC_032771,False,,,0,0,0
Hum_XLOC_032773,True,0.0,,0,0,0
Hum_XLOC_032774,False,,,0,0,0
Hum_XLOC_032775,False,,,0,0,0
Hum_XLOC_032776,False,,,0,0,0
Hum_XLOC_032777,False,,,0,0,0
Hum_XLOC_032779,False,,,0,0,0
Hum_XLOC_032780,False,,,0,0,0
Hum_XLOC_032781,False,,,0,0,0
Hum_XLOC_032782,False,,,0,0,0
Hum_XLOC_032783,False,,,0,0,0
Hum_XLOC_032784,False,,,0,0,0
Hum_XLOC_032785,False,,,0,0,0
Hum_XLOC_032786,False,,,0,0,0
Hum_XLOC_032787,True,0.0,,0,0,0
Hum_XLOC_032788,False,,,0,0,0
Hum_XLOC_032790,False,,,0,0,0
Hum_XLOC_032791,False,,,0,0,0
Hum_XLOC_032792,False,,,0,0,0
Hum_XLOC_032793,False,,,0,0,0
Hum_XLOC_032794,False,,,0,0,0
Hum_XLOC_032795,False,,,0,0,0
Hum_XLOC_032797,False,,,0,0,0
Hum_XLOC_032801,True,0.0,,0,0,0
Hum_XLOC_032802,False,,,0,0,0
Hum_XLOC_032804,True,0.0,,0,0,0
Hum_XLOC_032806,False,,,0,0,0
Hum_XLOC_032808,False,,,0,0,0
Hum_XLOC_032809,False,,,0,0,0
Hum_XLOC_032811,False,,,0,0,0
Hum_XLOC_032812,False,,,0,0,0
Hum_XLOC_032814,True,0.0,,0,0,0
Hum_XLOC_032815,False,,,0,0,0
Hum_XLOC_032816,False,,,0,0,0
Hum_XLOC_032818,False,,,0,0,0
Hum_XLOC_032819,True,0.0,,0,0,0
Hum_XLOC_032820,False,,,0,0,0
Hum_XLOC_032824,True,0.0,,0,0,0
Hum_XLOC_032826,False,,,0,0,0
Hum_XLOC_032827,True,0.0,,0,0,0
Hum_XLOC_032828,False,,,0,0,0
Hum_XLOC_032830,True,0.0,,0,0,0
Hum_XLOC_032831,False,,,0,0,0
Hum_XLOC_032832,True,0.0,,0,0,0
Hum_XLOC_032833,False,,,0,0,0
Hum_XLOC_032843,False,,,0,0,0
Hum_XLOC_032844,False,,,0,0,0
Hum_XLOC_032849,True,0.0,,0,0,0
Hum_XLOC_032851,False,,,0,0,0
Hum_XLOC_032852,False,,,0,0,0
Hum_XLOC_032853,False,,,0,0,0
Hum_XLOC_032854,False,,,0,0,0
Hum_XLOC_032856,False,,,0,0,0
Hum_XLOC_032857,False,,,0,0,0
Hum_XLOC_032858,False,,,0,0,0
Hum_XLOC_032860,False,,,0,0,0
Hum_XLOC_032863,False,,,0,0,0
Hum_XLOC_032864,False,,,0,0,0
Hum_XLOC_032865,False,,,0,0,0
Hum_XLOC_032866,False,,,0,0,0
Hum_XLOC_032867,False,,,0,0,0
Hum_XLOC_032873,False,,,0,0,0
Hum_XLOC_032875,False,,,0,0,0
Hum_XLOC_032876,False,,,0,0,0
Hum_XLOC_032877,True,0.0,,0,0,0
Hum_XLOC_032878,False,,,0,0,0
Hum_XLOC_032880,True,0.0,,0,0,0
Hum_XLOC_032886,False,,,0,0,0
Hum_XLOC_032887,False,,,0,0,0
Hum_XLOC_032889,False,,,0,0,0
Hum_XLOC_032890,False,,,0,0,0
Hum_XLOC_032895,False,,,0,0,0
Hum_XLOC_032896,False,,,0,0,0
Hum_XLOC_032898,False,,,0,0,0
Hum_XLOC_032899,False,,,0,0,0
Hum_XLOC_032906,True,0.0,,0,0,0
Hum_XLOC_032908,False,,,0,0,0
Hum_XLOC_032910,True,0.0,,0,0,0
Hum_XLOC_032917,False,,,0,0,0
Hum_XLOC_032922,True,0.0,,0,0,0
Hum_XLOC_032923,False,,,0,0,0
Hum_XLOC_032924,False,,,0,0,0
Hum_XLOC_032925,True,0.0,,0,0,0
Hum_XLOC_032926,True,0.0,,0,0,0
Hum_XLOC_032927,False,,,0,0,0
Hum_XLOC_032928,False,,,0,0,0
Hum_XLOC_032931,False,,,0,0,0
Hum_XLOC_032932,False,,,0,0,0
Hum_XLOC_032933,False,,,0,0,0
Hum_XLOC_032934,False,,,0,0,0
Hum_XLOC_032935,True,0.0,,0,0,0
Hum_XLOC_032936,False,,,0,0,0
Hum_XLOC_032937,False,,,0,0,0
Hum_XLOC_032940,True,0.0,,0,0,0
Hum_XLOC_032941,False,,,0,0,0
Hum_XLOC_032942,False,,,0,0,0
Hum_XLOC_032943,False,,,0,0,0
Hum_XLOC_032945,False,,,0,0,0
Hum_XLOC_032946,False,,,0,0,0
Hum_XLOC_032947,True,0.0,,0,0,0
Hum_XLOC_032948,False,,,0,0,0
Hum_XLOC_032949,False,,,0,0,0
Hum_XLOC_032954,False,,,0,0,0
Hum_XLOC_032955,True,0.0,,0,0,0
Hum_XLOC_032956,False,,,0,0,0
Hum_XLOC_032957,True,0.0,,0,0,0
Hum_XLOC_032960,False,,,0,0,0
Hum_XLOC_032966,False,,,0,0,0
Hum_XLOC_032968,True,0.0,,0,0,0
Hum_XLOC_032969,False,,,0,0,0
Hum_XLOC_032970,False,,,0,0,0
Hum_XLOC_032972,True,0.0,,0,0,0
Hum_XLOC_032974,False,,,0,0,0
Hum_XLOC_032975,True,0.0,,0,0,0
Hum_XLOC_032976,False,,,0,0,0
Hum_XLOC_032979,True,0.0,,0,0,0
Hum_XLOC_032981,True,0.0,,0,0,0
Hum_XLOC_032982,False,,,0,0,0
Hum_XLOC_032986,False,,,0,0,0
Hum_XLOC_032987,False,,,0,0,0
Hum_XLOC_032991,False,,,0,0,0
Hum_XLOC_032994,False,,,0,0,0
Hum_XLOC_032995,False,,,0,0,0
Hum_XLOC_032996,True,0.0,,0,0,0
Hum_XLOC_032997,False,,,0,0,0
Hum_XLOC_032998,True,0.0,,0,0,0
Hum_XLOC_032999,False,,,0,0,0
Hum_XLOC_033000,False,,,0,0,0
Hum_XLOC_033001,False,,,0,0,0
Hum_XLOC_033002,False,,,0,0,0
Hum_XLOC_033003,False,,,0,0,0
Hum_XLOC_033004,False,,,0,0,0
Hum_XLOC_033005,False,,,0,0,0
Hum_XLOC_033006,True,0.0,,0,0,0
Hum_XLOC_033007,False,,,0,0,0
Hum_XLOC_033016,False,,,0,0,0
Hum_XLOC_033017,False,,,0,0,0
Hum_XLOC_033018,False,,,0,0,0
Hum_XLOC_033019,False,,,0,0,0
Hum_XLOC_033020,False,,,0,0,0
Hum_XLOC_033021,False,,,0,0,0
Hum_XLOC_033022,True,0.0,,0,0,0
Hum_XLOC_033023,False,,,0,0,0
Hum_XLOC_033024,False,,,0,0,0
Hum_XLOC_033025,False,,,0,0,0
Hum_XLOC_033026,False,,,0,0,0
Hum_XLOC_033027,False,,,0,0,0
Hum_XLOC_033028,False,,,0,0,0
Hum_XLOC_033030,True,0.0,,0,0,0
Hum_XLOC_033031,True,0.0,,0,0,0
Hum_XLOC_033038,False,,,0,0,0
Hum_XLOC_033039,False,,,0,0,0
Hum_XLOC_033041,False,,,0,0,0
Hum_XLOC_033043,False,,,0,0,0
Hum_XLOC_033044,False,,,0,0,0
Hum_XLOC_033049,False,,,0,0,0
Hum_XLOC_033050,False,,,0,0,0
Hum_XLOC_033051,True,0.0,,0,0,0
Hum_XLOC_033053,True,0.0,,0,0,0
Hum_XLOC_033054,False,,,0,0,0
Hum_XLOC_033058,False,,,0,0,0
Hum_XLOC_033059,False,,,0,0,0
Hum_XLOC_033062,False,,,0,0,0
Hum_XLOC_033064,False,,,0,0,0
Hum_XLOC_033069,False,,,0,0,0
Hum_XLOC_033070,False,,,0,0,0
Hum_XLOC_033074,True,0.0,,0,0,0
Hum_XLOC_033077,False,,,0,0,0
Hum_XLOC_033079,False,,,0,0,0
Hum_XLOC_033082,False,,,0,0,0
Hum_XLOC_033084,False,,,0,0,0
Hum_XLOC_033085,False,,,0,0,0
Hum_XLOC_033086,False,,,0,0,0
Hum_XLOC_033088,False,,,0,0,0
Hum_XLOC_033091,False,,,0,0,0
Hum_XLOC_033093,True,0.0,,0,0,0
Hum_XLOC_033095,False,,,0,0,0
Hum_XLOC_033096,False,,,0,0,0
Hum_XLOC_033104,True,0.0,,0,0,0
Hum_XLOC_033105,True,0.0,,0,0,0
Hum_XLOC_033109,True,0.0,,0,0,0
Hum_XLOC_033111,False,,,0,0,0
Hum_XLOC_033113,False,,,0,0,0
Hum_XLOC_033116,False,,,0,0,0
Hum_XLOC_033117,True,0.0,,0,0,0
Hum_XLOC_033120,True,0.0,,0,0,0
Hum_XLOC_033124,False,,,0,0,0
Hum_XLOC_033125,False,,,0,0,0
Hum_XLOC_033131,False,,,0,0,0
Hum_XLOC_033132,False,,,0,0,0
Hum_XLOC_033133,False,,,0,0,0
Hum_XLOC_033134,False,,,0,0,0
Hum_XLOC_033136,False,,,0,0,0
Hum_XLOC_033142,False,,,0,0,0
Hum_XLOC_033143,False,,,0,0,0
Hum_XLOC_033145,False,,,0,0,0
Hum_XLOC_033147,False,,,0,0,0
Hum_XLOC_033148,False,,,0,0,0
Hum_XLOC_033149,False,,,0,0,0
Hum_XLOC_033152,True,0.0,,0,0,0
Hum_XLOC_033153,False,,,0,0,0
Hum_XLOC_033154,False,,,0,0,0
Hum_XLOC_033155,False,,,0,0,0
Hum_XLOC_033161,False,,,0,0,0
Hum_XLOC_033162,False,,,0,0,0
Hum_XLOC_033163,False,,,0,0,0
Hum_XLOC_033164,False,,,0,0,0
Hum_XLOC_033165,True,0.0,,0,0,0
Hum_XLOC_033166,False,,,0,0,0
Hum_XLOC_033167,False,,,0,0,0
Hum_XLOC_033168,False,,,0,0,0
Hum_XLOC_033169,False,,,0,0,0
Hum_XLOC_033173,False,,,0,0,0
Hum_XLOC_033174,False,,,0,0,0
Hum_XLOC_033175,False,,,0,0,0
Hum_XLOC_033176,False,,,0,0,0
Hum_XLOC_033177,True,0.0,,0,0,0
Hum_XLOC_033179,True,0.0,,0,0,0
Hum_XLOC_033180,False,,,0,0,0
Hum_XLOC_033181,False,,,0,0,0
Hum_XLOC_033184,False,,,0,0,0
Hum_XLOC_033185,False,,,0,0,0
Hum_XLOC_033188,False,,,0,0,0
Hum_XLOC_033193,False,,,0,0,0
Hum_XLOC_033194,False,,,0,0,0
Hum_XLOC_033196,False,,,0,0,0
Hum_XLOC_033202,False,,,0,0,0
Hum_XLOC_033204,False,,,0,0,0
Hum_XLOC_033205,False,,,0,0,0
Hum_XLOC_033209,False,,,0,0,0
Hum_XLOC_033210,False,,,0,0,0
Hum_XLOC_033211,False,,,0,0,0
Hum_XLOC_033215,False,,,0,0,0
Hum_XLOC_033216,False,,,0,0,0
Hum_XLOC_033218,False,,,0,0,0
Hum_XLOC_033224,True,0.0,,0,0,0
Hum_XLOC_033225,False,,,0,0,0
Hum_XLOC_033226,False,,,0,0,0
Hum_XLOC_033228,False,,,0,0,0
Hum_XLOC_033229,True,0.0,,0,0,0
Hum_XLOC_033230,True,0.0,,0,0,0
Hum_XLOC_033231,False,,,0,0,0
Hum_XLOC_033232,True,0.0,,0,0,0
Hum_XLOC_033233,False,,,0,0,0
Hum_XLOC_033234,False,,,0,0,0
Hum_XLOC_033235,False,,,0,0,0
Hum_XLOC_033236,False,,,0,0,0
Hum_XLOC_033243,False,,,0,0,0
Hum_XLOC_033244,False,,,0,0,0
Hum_XLOC_033245,False,,,0,0,0
Hum_XLOC_033246,False,,,0,0,0
Hum_XLOC_033247,True,0.0,,0,0,0
Hum_XLOC_033248,False,,,0,0,0
Hum_XLOC_033249,False,,,0,0,0
Hum_XLOC_033250,False,,,0,0,0
Hum_XLOC_033251,False,,,0,0,0
Hum_XLOC_033252,False,,,0,0,0
Hum_XLOC_033253,False,,,0,0,0
Hum_XLOC_033254,False,,,0,0,0
Hum_XLOC_033255,False,,,0,0,0
Hum_XLOC_033256,False,,,0,0,0
Hum_XLOC_033257,False,,,0,0,0
Hum_XLOC_033258,False,,,0,0,0
Hum_XLOC_033259,False,,,0,0,0
Hum_XLOC_033260,False,,,0,0,0
Hum_XLOC_033267,False,,,0,0,0
Hum_XLOC_033268,False,,,0,0,0
Hum_XLOC_033270,True,0.0,,0,0,0
Hum_XLOC_033275,False,,,0,0,0
Hum_XLOC_033278,False,,,0,0,0
Hum_XLOC_033280,True,0.0,,0,0,0
Hum_XLOC_033282,True,0.0,,0,0,0
Hum_XLOC_033283,False,,,0,0,0
Hum_XLOC_033284,False,,,0,0,0
Hum_XLOC_033285,False,,,0,0,0
Hum_XLOC_033288,True,0.0,,0,0,0
Hum_XLOC_033293,False,,,0,0,0
Hum_XLOC_033294,False,,,0,0,0
Hum_XLOC_033303,True,0.0,,0,0,0
Hum_XLOC_033304,False,,,0,0,0
Hum_XLOC_033307,False,,,0,0,0
Hum_XLOC_033308,False,,,0,0,0
Hum_XLOC_033313,False,,,0,0,0
Hum_XLOC_033317,False,,,0,0,0
Hum_XLOC_033318,False,,,0,0,0
Hum_XLOC_033319,False,,,0,0,0
Hum_XLOC_033320,True,0.0,,0,0,0
Hum_XLOC_033321,False,,,0,0,0
Hum_XLOC_033325,False,,,0,0,0
Hum_XLOC_033326,False,,,0,0,0
Hum_XLOC_033327,False,,,0,0,0
Hum_XLOC_033328,False,,,0,0,0
Hum_XLOC_033341,True,0.0,,0,0,0
Hum_XLOC_033342,False,,,0,0,0
Hum_XLOC_033344,False,,,0,0,0
Hum_XLOC_033345,False,,,0,0,0
Hum_XLOC_033346,False,,,0,0,0
Hum_XLOC_033347,False,,,0,0,0
Hum_XLOC_033348,False,,,0,0,0
Hum_XLOC_033350,False,,,0,0,0
Hum_XLOC_033351,False,,,0,0,0
Hum_XLOC_033352,False,,,0,0,0
Hum_XLOC_033353,False,,,0,0,0
Hum_XLOC_033354,False,,,0,0,0
Hum_XLOC_033356,True,0.0,,0,0,0
Hum_XLOC_033357,False,,,0,0,0
Hum_XLOC_033358,False,,,0,0,0
Hum_XLOC_033359,True,0.0,,0,0,0
Hum_XLOC_033360,False,,,0,0,0
Hum_XLOC_033361,False,,,0,0,0
Hum_XLOC_033363,False,,,0,0,0
Hum_XLOC_033364,False,,,0,0,0
Hum_XLOC_033366,False,,,0,0,0
Hum_XLOC_033370,False,,,0,0,0
Hum_XLOC_033371,False,,,0,0,0
Hum_XLOC_033373,False,,,0,0,0
Hum_XLOC_033374,True,0.0,,0,0,0
Hum_XLOC_033379,False,,,0,0,0
Hum_XLOC_033382,False,,,0,0,0
Hum_XLOC_033383,False,,,0,0,0
Hum_XLOC_033384,False,,,0,0,0
Hum_XLOC_033385,False,,,0,0,0
Hum_XLOC_033386,False,,,0,0,0
Hum_XLOC_033389,False,,,0,0,0
Hum_XLOC_033390,False,,,0,0,0
Hum_XLOC_033396,True,0.0,,0,0,0
Hum_XLOC_033397,True,0.0,,0,0,0
Hum_XLOC_033400,True,0.0,,0,0,0
Hum_XLOC_033403,False,,,0,0,0
Hum_XLOC_033405,False,,,0,0,0
Hum_XLOC_033406,False,,,0,0,0
Hum_XLOC_033407,False,,,0,0,0
Hum_XLOC_033408,False,,,0,0,0
Hum_XLOC_033409,False,,,0,0,0
Hum_XLOC_033410,False,,,0,0,0
Hum_XLOC_033412,False,,,0,0,0
Hum_XLOC_033413,False,,,0,0,0
Hum_XLOC_033415,False,,,0,0,0
Hum_XLOC_033421,False,,,0,0,0
Hum_XLOC_033422,False,,,0,0,0
Hum_XLOC_033424,False,,,0,0,0
Hum_XLOC_033428,True,0.0,,0,0,0
Hum_XLOC_033429,True,0.0,,0,0,0
Hum_XLOC_033435,False,,,0,0,0
Hum_XLOC_033436,False,,,0,0,0
Hum_XLOC_033437,False,,,0,0,0
Hum_XLOC_033439,False,,,0,0,0
Hum_XLOC_033441,False,,,0,0,0
Hum_XLOC_033442,False,,,0,0,0
Hum_XLOC_033443,False,,,0,0,0
Hum_XLOC_033445,False,,,0,0,0
Hum_XLOC_033446,False,,,0,0,0
Hum_XLOC_033447,True,0.0,,0,0,0
Hum_XLOC_033449,False,,,0,0,0
Hum_XLOC_033450,False,,,0,0,0
Hum_XLOC_033452,False,,,0,0,0
Hum_XLOC_033453,True,0.0,,0,0,0
Hum_XLOC_033455,False,,,0,0,0
Hum_XLOC_033458,False,,,0,0,0
Hum_XLOC_033459,False,,,0,0,0
Hum_XLOC_033460,False,,,0,0,0
Hum_XLOC_033461,False,,,0,0,0
Hum_XLOC_033462,False,,,0,0,0
Hum_XLOC_033463,True,0.0,,0,0,0
Hum_XLOC_033467,False,,,0,0,0
Hum_XLOC_033468,False,,,0,0,0
Hum_XLOC_033469,False,,,0,0,0
Hum_XLOC_033472,False,,,0,0,0
Hum_XLOC_033474,True,0.0,,0,0,0
Hum_XLOC_033476,True,0.0,,0,0,0
Hum_XLOC_033478,False,,,0,0,0
Hum_XLOC_033479,False,,,0,0,0
Hum_XLOC_033480,False,,,0,0,0
Hum_XLOC_033482,False,,,0,0,0
Hum_XLOC_033483,False,,,0,0,0
Hum_XLOC_033489,False,,,0,0,0
Hum_XLOC_033491,False,,,0,0,0
Hum_XLOC_033495,True,0.0,,0,0,0
Hum_XLOC_033497,True,0.0,,0,0,0
Hum_XLOC_033512,False,,,0,0,0
Hum_XLOC_033513,True,0.0,,0,0,0
Hum_XLOC_033514,False,,,0,0,0
Hum_XLOC_033518,False,,,0,0,0
Hum_XLOC_033519,False,,,0,0,0
Hum_XLOC_033520,False,,,0,0,0
Hum_XLOC_033521,False,,,0,0,0
Hum_XLOC_033522,True,0.0,,0,0,0
Hum_XLOC_033523,False,,,0,0,0
Hum_XLOC_033524,True,0.0,,0,0,0
Hum_XLOC_033525,False,,,0,0,0
Hum_XLOC_033528,False,,,0,0,0
Hum_XLOC_033529,True,0.0,,0,0,0
Hum_XLOC_033530,False,,,0,0,0
Hum_XLOC_033531,False,,,0,0,0
Hum_XLOC_033532,False,,,0,0,0
Hum_XLOC_033536,False,,,0,0,0
Hum_XLOC_033537,False,,,0,0,0
Hum_XLOC_033538,True,0.0,,0,0,0
Hum_XLOC_033543,False,,,0,0,0
Hum_XLOC_033545,False,,,0,0,0
Hum_XLOC_033546,False,,,0,0,0
Hum_XLOC_033547,False,,,0,0,0
Hum_XLOC_033548,False,,,0,0,0
Hum_XLOC_033549,False,,,0,0,0
Hum_XLOC_033550,True,0.0,,0,0,0
Hum_XLOC_033551,False,,,0,0,0
Hum_XLOC_033552,True,0.0,,0,0,0
Hum_XLOC_033553,False,,,0,0,0
Hum_XLOC_033554,False,,,0,0,0
Hum_XLOC_033555,False,,,0,0,0
Hum_XLOC_033557,False,,,0,0,0
Hum_XLOC_033558,False,,,0,0,0
Hum_XLOC_033559,True,0.0,,0,0,0
Hum_XLOC_033560,False,,,0,0,0
Hum_XLOC_033562,False,,,0,0,0
Hum_XLOC_033563,False,,,0,0,0
Hum_XLOC_033564,False,,,0,0,0
Hum_XLOC_033566,False,,,0,0,0
Hum_XLOC_033567,True,0.0,,0,0,0
Hum_XLOC_033569,False,,,0,0,0
Hum_XLOC_033570,False,,,0,0,0
Hum_XLOC_033571,False,,,0,0,0
Hum_XLOC_033573,False,,,0,0,0
Hum_XLOC_033574,False,,,0,0,0
Hum_XLOC_033575,False,,,0,0,0
Hum_XLOC_033576,False,,,0,0,0
Hum_XLOC_033578,False,,,0,0,0
Hum_XLOC_033579,False,,,0,0,0
Hum_XLOC_033580,False,,,0,0,0
Hum_XLOC_033581,False,,,0,0,0
Hum_XLOC_033582,False,,,0,0,0
Hum_XLOC_033583,False,,,0,0,0
Hum_XLOC_033584,False,,,0,0,0
Hum_XLOC_033585,True,0.0,,0,0,0
Hum_XLOC_033587,False,,,0,0,0
Hum_XLOC_033588,False,,,0,0,0
Hum_XLOC_033589,False,,,0,0,0
Hum_XLOC_033590,False,,,0,0,0
Hum_XLOC_033591,False,,,0,0,0
Hum_XLOC_033592,True,0.0,,0,0,0
Hum_XLOC_033598,False,,,0,0,0
Hum_XLOC_033599,False,,,0,0,0
Hum_XLOC_033600,False,,,0,0,0
Hum_XLOC_033602,False,,,0,0,0
Hum_XLOC_033604,False,,,0,0,0
Hum_XLOC_033605,False,,,0,0,0
Hum_XLOC_033611,False,,,0,0,0
Hum_XLOC_033612,True,0.0,,0,0,0
Hum_XLOC_033613,True,0.0,,0,0,0
Hum_XLOC_033617,False,,,0,0,0
Hum_XLOC_033622,False,,,0,0,0
Hum_XLOC_033625,False,,,0,0,0
Hum_XLOC_033627,False,,,0,0,0
Hum_XLOC_033628,True,0.0,,0,0,0
Hum_XLOC_033630,False,,,0,0,0
Hum_XLOC_033631,False,,,0,0,0
Hum_XLOC_033633,False,,,0,0,0
Hum_XLOC_033635,False,,,0,0,0
Hum_XLOC_033636,False,,,0,0,0
Hum_XLOC_033637,False,,,0,0,0
Hum_XLOC_033638,False,,,0,0,0
Hum_XLOC_033639,False,,,0,0,0
Hum_XLOC_033640,False,,,0,0,0
Hum_XLOC_033641,False,,,0,0,0
Hum_XLOC_033642,False,,,0,0,0
Hum_XLOC_033643,False,,,0,0,0
Hum_XLOC_033644,False,,,0,0,0
Hum_XLOC_033647,False,,,0,0,0
Hum_XLOC_033651,False,,,0,0,0
Hum_XLOC_033652,False,,,0,0,0
Hum_XLOC_033654,False,,,0,0,0
Hum_XLOC_033657,False,,,0,0,0
Hum_XLOC_033659,False,,,0,0,0
Hum_XLOC_033663,False,,,0,0,0
Hum_XLOC_033666,False,,,0,0,0
Hum_XLOC_033667,False,,,0,0,0
Hum_XLOC_033668,False,,,0,0,0
Hum_XLOC_033669,False,,,0,0,0
Hum_XLOC_033670,False,,,0,0,0
Hum_XLOC_033671,False,,,0,0,0
Hum_XLOC_033672,False,,,0,0,0
Hum_XLOC_033673,True,0.0,,0,0,0
Hum_XLOC_033677,False,,,0,0,0
Hum_XLOC_033678,False,,,0,0,0
Hum_XLOC_033679,False,,,0,0,0
Hum_XLOC_033680,False,,,0,0,0
Hum_XLOC_033682,False,,,0,0,0
Hum_XLOC_033685,False,,,0,0,0
Hum_XLOC_033686,False,,,0,0,0
Hum_XLOC_033687,False,,,0,0,0
Hum_XLOC_033688,True,0.0,,0,0,0
Hum_XLOC_033689,True,0.0,,0,0,0
Hum_XLOC_033692,False,,,0,0,0
Hum_XLOC_033693,False,,,0,0,0
Hum_XLOC_033707,True,0.0,,0,0,0
Hum_XLOC_033708,False,,,0,0,0
Hum_XLOC_033709,False,,,0,0,0
Hum_XLOC_033712,False,,,0,0,0
Hum_XLOC_033718,False,,,0,0,0
Hum_XLOC_033721,False,,,0,0,0
Hum_XLOC_033724,False,,,0,0,0
Hum_XLOC_033725,False,,,0,0,0
Hum_XLOC_033726,False,,,0,0,0
Hum_XLOC_033730,True,0.0,,0,0,0
Hum_XLOC_033731,False,,,0,0,0
Hum_XLOC_033732,False,,,0,0,0
Hum_XLOC_033733,False,,,0,0,0
Hum_XLOC_033737,False,,,0,0,0
Hum_XLOC_033738,False,,,0,0,0
Hum_XLOC_033739,False,,,0,0,0
Hum_XLOC_033744,False,,,0,0,0
Hum_XLOC_033745,False,,,0,0,0
Hum_XLOC_033747,False,,,0,0,0
Hum_XLOC_033748,False,,,0,0,0
Hum_XLOC_033750,False,,,0,0,0
Hum_XLOC_033754,False,,,0,0,0
Hum_XLOC_033757,False,,,0,0,0
Hum_XLOC_033759,False,,,0,0,0
Hum_XLOC_033760,False,,,0,0,0
Hum_XLOC_033761,False,,,0,0,0
Hum_XLOC_033762,False,,,0,0,0
Hum_XLOC_033763,True,0.0,,0,0,0
Hum_XLOC_033764,True,0.0,,0,0,0
Hum_XLOC_033765,False,,,0,0,0
Hum_XLOC_033767,False,,,0,0,0
Hum_XLOC_033770,True,0.0,,0,0,0
Hum_XLOC_033771,False,,,0,0,0
Hum_XLOC_033772,False,,,0,0,0
Hum_XLOC_033773,False,,,0,0,0
Hum_XLOC_033774,False,,,0,0,0
Hum_XLOC_033775,True,0.0,,0,0,0
Hum_XLOC_033776,False,,,0,0,0
Hum_XLOC_033780,False,,,0,0,0
Hum_XLOC_033781,False,,,0,0,0
Hum_XLOC_033782,True,0.0,,0,0,0
Hum_XLOC_033783,False,,,0,0,0
Hum_XLOC_033784,False,,,0,0,0
Hum_XLOC_033785,False,,,0,0,0
Hum_XLOC_033786,False,,,0,0,0
Hum_XLOC_033787,False,,,0,0,0
Hum_XLOC_033788,True,0.0,,0,0,0
Hum_XLOC_033789,False,,,0,0,0
Hum_XLOC_033793,False,,,0,0,0
Hum_XLOC_033794,True,0.0,,0,0,0
Hum_XLOC_033795,False,,,0,0,0
Hum_XLOC_033796,False,,,0,0,0
Hum_XLOC_033797,False,,,0,0,0
Hum_XLOC_033798,False,,,0,0,0
Hum_XLOC_033799,False,,,0,0,0
Hum_XLOC_033800,False,,,0,0,0
Hum_XLOC_033801,False,,,0,0,0
Hum_XLOC_033802,False,,,0,0,0
Hum_XLOC_033803,False,,,0,0,0
Hum_XLOC_033804,False,,,0,0,0
Hum_XLOC_033805,False,,,0,0,0
Hum_XLOC_033806,True,0.0,,0,0,0
Hum_XLOC_033807,False,,,0,0,0
Hum_XLOC_033808,False,,,0,0,0
Hum_XLOC_033812,False,,,0,0,0
Hum_XLOC_033813,False,,,0,0,0
Hum_XLOC_033814,False,,,0,0,0
Hum_XLOC_033815,False,,,0,0,0
Hum_XLOC_033817,False,,,0,0,0
Hum_XLOC_033820,False,,,0,0,0
Hum_XLOC_033821,False,,,0,0,0
Hum_XLOC_033822,False,,,0,0,0
Hum_XLOC_033825,False,,,0,0,0
Hum_XLOC_033827,False,,,0,0,0
Hum_XLOC_033828,False,,,0,0,0
Hum_XLOC_033829,True,0.0,,0,0,0
Hum_XLOC_033830,False,,,0,0,0
Hum_XLOC_033831,False,,,0,0,0
Hum_XLOC_033832,False,,,0,0,0
Hum_XLOC_033833,False,,,0,0,0
Hum_XLOC_033835,False,,,0,0,0
Hum_XLOC_033837,False,,,0,0,0
Hum_XLOC_033838,True,0.0,,0,0,0
Hum_XLOC_033839,False,,,0,0,0
Hum_XLOC_033840,False,,,0,0,0
Hum_XLOC_033845,True,0.0,,0,0,0
Hum_XLOC_033846,False,,,0,0,0
Hum_XLOC_033847,False,,,0,0,0
Hum_XLOC_033849,False,,,0,0,0
Hum_XLOC_033852,False,,,0,0,0
Hum_XLOC_033853,True,0.0,,0,0,0
Hum_XLOC_033854,False,,,0,0,0
Hum_XLOC_033856,True,0.0,,0,0,0
Hum_XLOC_033857,False,,,0,0,0
Hum_XLOC_033858,False,,,0,0,0
Hum_XLOC_033860,True,0.0,,0,0,0
Hum_XLOC_033863,False,,,0,0,0
Hum_XLOC_033869,True,0.0,,0,0,0
Hum_XLOC_033870,False,,,0,0,0
Hum_XLOC_033871,False,,,0,0,0
Hum_XLOC_033872,False,,,0,0,0
Hum_XLOC_033874,False,,,0,0,0
Hum_XLOC_033875,False,,,0,0,0
Hum_XLOC_033877,True,0.0,,0,0,0
Hum_XLOC_033881,False,,,0,0,0
Hum_XLOC_033883,False,,,0,0,0
Hum_XLOC_033884,False,,,0,0,0
Hum_XLOC_033885,True,0.0,,0,0,0
Hum_XLOC_033886,False,,,0,0,0
Hum_XLOC_033887,False,,,0,0,0
Hum_XLOC_033888,False,,,0,0,0
Hum_XLOC_033889,False,,,0,0,0
Hum_XLOC_033890,False,,,0,0,0
Hum_XLOC_033892,False,,,0,0,0
Hum_XLOC_033893,False,,,0,0,0
Hum_XLOC_033898,False,,,0,0,0
Hum_XLOC_033899,False,,,0,0,0
Hum_XLOC_033903,False,,,0,0,0
Hum_XLOC_033909,True,0.0,,0,0,0
Hum_XLOC_033916,False,,,0,0,0
Hum_XLOC_033917,False,,,0,0,0
Hum_XLOC_033918,False,,,0,0,0
Hum_XLOC_033919,False,,,0,0,0
Hum_XLOC_033922,False,,,0,0,0
Hum_XLOC_033924,True,0.0,,0,0,0
Hum_XLOC_033925,False,,,0,0,0
Hum_XLOC_033926,True,0.0,,0,0,0
Hum_XLOC_033929,True,0.0,,0,0,0
Hum_XLOC_033930,False,,,0,0,0
Hum_XLOC_033931,False,,,0,0,0
Hum_XLOC_033933,False,,,0,0,0
Hum_XLOC_033934,False,,,0,0,0
Hum_XLOC_033943,False,,,0,0,0
Hum_XLOC_033944,False,,,0,0,0
Hum_XLOC_033945,False,,,0,0,0
Hum_XLOC_033946,False,,,0,0,0
Hum_XLOC_033947,False,,,0,0,0
Hum_XLOC_033948,False,,,0,0,0
Hum_XLOC_033949,False,,,0,0,0
Hum_XLOC_033952,True,0.0,,0,0,0
Hum_XLOC_033953,False,,,0,0,0
Hum_XLOC_033959,False,,,0,0,0
Hum_XLOC_033960,True,0.0,,0,0,0
Hum_XLOC_033964,False,,,0,0,0
Hum_XLOC_033965,False,,,0,0,0
Hum_XLOC_033966,False,,,0,0,0
Hum_XLOC_033967,False,,,0,0,0
Hum_XLOC_033971,False,,,0,0,0
Hum_XLOC_033975,False,,,0,0,0
Hum_XLOC_033986,True,0.0,,0,0,0
Hum_XLOC_033987,False,,,0,0,0
Hum_XLOC_033988,False,,,0,0,0
Hum_XLOC_033989,False,,,0,0,0
Hum_XLOC_033993,False,,,0,0,0
Hum_XLOC_033995,True,0.0,,0,0,0
Hum_XLOC_033999,False,,,0,0,0
Hum_XLOC_034004,False,,,0,0,0
Hum_XLOC_034006,True,0.0,,0,0,0
Hum_XLOC_034010,True,0.0,,0,0,0
Hum_XLOC_034013,False,,,0,0,0
Hum_XLOC_034014,False,,,0,0,0
Hum_XLOC_034015,True,0.0,,0,0,0
Hum_XLOC_034016,False,,,0,0,0
Hum_XLOC_034017,False,,,0,0,0
Hum_XLOC_034018,False,,,0,0,0
Hum_XLOC_034019,False,,,0,0,0
Hum_XLOC_034020,False,,,0,0,0
Hum_XLOC_034022,False,,,0,0,0
Hum_XLOC_034024,False,,,0,0,0
Hum_XLOC_034025,False,,,0,0,0
Hum_XLOC_034026,False,,,0,0,0
Hum_XLOC_034032,False,,,0,0,0
Hum_XLOC_034035,False,,,0,0,0
Hum_XLOC_034039,False,,,0,0,0
Hum_XLOC_034040,False,,,0,0,0
Hum_XLOC_034043,True,0.0,,0,0,0
Hum_XLOC_034045,False,,,0,0,0
Hum_XLOC_034051,False,,,0,0,0
Hum_XLOC_034052,False,,,0,0,0
Hum_XLOC_034053,False,,,0,0,0
Hum_XLOC_034062,False,,,0,0,0
Hum_XLOC_034063,False,,,0,0,0
Hum_XLOC_034064,False,,,0,0,0
Hum_XLOC_034068,False,,,0,0,0
Hum_XLOC_034070,False,,,0,0,0
Hum_XLOC_034073,True,0.0,,0,0,0
Hum_XLOC_034076,False,,,0,0,0
Hum_XLOC_034077,False,,,0,0,0
Hum_XLOC_034078,False,,,0,0,0
Hum_XLOC_034082,False,,,0,0,0
Hum_XLOC_034085,True,0.0,,0,0,0
Hum_XLOC_034087,False,,,0,0,0
Hum_XLOC_034088,False,,,0,0,0
Hum_XLOC_034089,False,,,0,0,0
Hum_XLOC_034091,False,,,0,0,0
Hum_XLOC_034094,False,,,0,0,0
Hum_XLOC_034095,False,,,0,0,0
Hum_XLOC_034096,False,,,0,0,0
Hum_XLOC_034097,False,,,0,0,0
Hum_XLOC_034098,False,,,0,0,0
Hum_XLOC_034101,False,,,0,0,0
Hum_XLOC_034102,False,,,0,0,0
Hum_XLOC_034103,True,0.0,,0,0,0
Hum_XLOC_034106,False,,,0,0,0
Hum_XLOC_034108,False,,,0,0,0
Hum_XLOC_034117,True,0.0,,0,0,0
Hum_XLOC_034118,False,,,0,0,0
Hum_XLOC_034119,False,,,0,0,0
Hum_XLOC_034120,True,0.0,,0,0,0
Hum_XLOC_034122,False,,,0,0,0
Hum_XLOC_034126,False,,,0,0,0
Hum_XLOC_034127,False,,,0,0,0
Hum_XLOC_034128,False,,,0,0,0
Hum_XLOC_034131,False,,,0,0,0
Hum_XLOC_034132,False,,,0,0,0
Hum_XLOC_034133,False,,,0,0,0
Hum_XLOC_034134,False,,,0,0,0
Hum_XLOC_034135,True,0.0,,0,0,0
Hum_XLOC_034136,False,,,0,0,0
Hum_XLOC_034137,False,,,0,0,0
Hum_XLOC_034138,False,,,0,0,0
Hum_XLOC_034141,False,,,0,0,0
Hum_XLOC_034142,False,,,0,0,0
Hum_XLOC_034143,False,,,0,0,0
Hum_XLOC_034144,False,,,0,0,0
Hum_XLOC_034146,False,,,0,0,0
Hum_XLOC_034149,True,0.0,,0,0,0
Hum_XLOC_034150,True,0.0,,0,0,0
Hum_XLOC_034151,False,,,0,0,0
Hum_XLOC_034152,False,,,0,0,0
Hum_XLOC_034153,False,,,0,0,0
Hum_XLOC_034155,False,,,0,0,0
Hum_XLOC_034158,False,,,0,0,0
Hum_XLOC_034162,False,,,0,0,0
Hum_XLOC_034163,True,0.0,,0,0,0
Hum_XLOC_034165,True,0.0,,0,0,0
Hum_XLOC_034166,False,,,0,0,0
Hum_XLOC_034167,False,,,0,0,0
Hum_XLOC_034168,True,0.0,,0,0,0
Hum_XLOC_034169,False,,,0,0,0
Hum_XLOC_034170,False,,,0,0,0
Hum_XLOC_034171,False,,,0,0,0
Hum_XLOC_034172,False,,,0,0,0
Hum_XLOC_034173,True,0.0,,0,0,0
Hum_XLOC_034174,False,,,0,0,0
Hum_XLOC_034175,False,,,0,0,0
Hum_XLOC_034176,False,,,0,0,0
Hum_XLOC_034177,False,,,0,0,0
Hum_XLOC_034178,False,,,0,0,0
Hum_XLOC_034184,False,,,0,0,0
Hum_XLOC_034185,False,,,0,0,0
Hum_XLOC_034186,True,0.0,,0,0,0
Hum_XLOC_034187,False,,,0,0,0
Hum_XLOC_034197,False,,,0,0,0
Hum_XLOC_034198,False,,,0,0,0
Hum_XLOC_034199,False,,,0,0,0
Hum_XLOC_034200,False,,,0,0,0
Hum_XLOC_034201,False,,,0,0,0
Hum_XLOC_034202,True,0.0,,0,0,0
Hum_XLOC_034203,False,,,0,0,0
Hum_XLOC_034204,False,,,0,0,0
Hum_XLOC_034205,False,,,0,0,0
Hum_XLOC_034206,True,0.0,,0,0,0
Hum_XLOC_034207,True,0.0,,0,0,0
Hum_XLOC_034208,True,0.0,,0,0,0
Hum_XLOC_034209,False,,,0,0,0
Hum_XLOC_034210,False,,,0,0,0
Hum_XLOC_034211,True,0.0,,0,0,0
Hum_XLOC_034212,False,,,0,0,0
Hum_XLOC_034213,False,,,0,0,0
Hum_XLOC_034214,False,,,0,0,0
Hum_XLOC_034215,False,,,0,0,0
Hum_XLOC_034216,False,,,0,0,0
Hum_XLOC_034217,False,,,0,0,0
Hum_XLOC_034218,False,,,0,0,0
Hum_XLOC_034220,False,,,0,0,0
Hum_XLOC_034222,False,,,0,0,0
Hum_XLOC_034223,False,,,0,0,0
Hum_XLOC_034224,True,0.0,,0,0,0
Hum_XLOC_034225,False,,,0,0,0
Hum_XLOC_034226,False,,,0,0,0
Hum_XLOC_034227,False,,,0,0,0
Hum_XLOC_034232,False,,,0,0,0
Hum_XLOC_034233,False,,,0,0,0
Hum_XLOC_034234,False,,,0,0,0
Hum_XLOC_034235,True,0.0,,0,0,0
Hum_XLOC_034236,False,,,0,0,0
Hum_XLOC_034237,False,,,0,0,0
Hum_XLOC_034239,False,,,0,0,0
Hum_XLOC_034240,False,,,0,0,0
Hum_XLOC_034242,False,,,0,0,0
Hum_XLOC_034243,False,,,0,0,0
Hum_XLOC_034244,False,,,0,0,0
Hum_XLOC_034245,False,,,0,0,0
Hum_XLOC_034246,False,,,0,0,0
Hum_XLOC_034247,False,,,0,0,0
Hum_XLOC_034248,False,,,0,0,0
Hum_XLOC_034249,False,,,0,0,0
Hum_XLOC_034250,False,,,0,0,0
Hum_XLOC_034251,True,0.0,,0,0,0
Hum_XLOC_034252,False,,,0,0,0
Hum_XLOC_034253,False,,,0,0,0
Hum_XLOC_034254,False,,,0,0,0
Hum_XLOC_034255,False,,,0,0,0
Hum_XLOC_034256,False,,,0,0,0
Hum_XLOC_034257,False,,,0,0,0
Hum_XLOC_034258,False,,,0,0,0
Hum_XLOC_034259,False,,,0,0,0
Hum_XLOC_034260,False,,,0,0,0
Hum_XLOC_034261,False,,,0,0,0
Hum_XLOC_034263,False,,,0,0,0
Hum_XLOC_034264,True,0.0,,0,0,0
Hum_XLOC_034265,False,,,0,0,0
Hum_XLOC_034266,False,,,0,0,0
Hum_XLOC_034267,False,,,0,0,0
Hum_XLOC_034268,False,,,0,0,0
Hum_XLOC_034269,False,,,0,0,0
Hum_XLOC_034270,False,,,0,0,0
Hum_XLOC_034271,False,,,0,0,0
Hum_XLOC_034273,True,0.0,,0,0,0
Hum_XLOC_034274,False,,,0,0,0
Hum_XLOC_034275,False,,,0,0,0
Hum_XLOC_034276,False,,,0,0,0
Hum_XLOC_034279,True,,,0,0,0
Hum_XLOC_034280,False,,,0,0,0
Hum_XLOC_034281,False,,,0,0,0
Hum_XLOC_034282,False,,,0,0,0
Hum_XLOC_034284,False,,,0,0,0
Hum_XLOC_034285,False,,,0,0,0
Hum_XLOC_034294,False,,,0,0,0
Hum_XLOC_034295,False,,,0,0,0
Hum_XLOC_034296,False,,,0,0,0
Hum_XLOC_034297,False,,,0,0,0
Hum_XLOC_034298,False,,,0,0,0
Hum_XLOC_034299,False,,,0,0,0
Hum_XLOC_034300,False,,,0,0,0
Hum_XLOC_034301,False,,,0,0,0
Hum_XLOC_034302,False,,,0,0,0
Hum_XLOC_034303,False,,,0,0,0
Hum_XLOC_034304,True,0.0,,0,0,0
Hum_XLOC_034305,True,0.0,,0,0,0
Hum_XLOC_034306,False,,,0,0,0
Hum_XLOC_034307,False,,,0,0,0
Hum_XLOC_034308,False,,,0,0,0
Hum_XLOC_034309,False,,,0,0,0
Hum_XLOC_034310,False,,,0,0,0
Hum_XLOC_034311,False,,,0,0,0
Hum_XLOC_034312,False,,,0,0,0
Hum_XLOC_034313,False,,,0,0,0
Hum_XLOC_034314,False,,,0,0,0
Hum_XLOC_034315,False,,,0,0,0
Hum_XLOC_034316,False,,,0,0,0
Hum_XLOC_034317,False,,,0,0,0
Hum_XLOC_034318,False,,,0,0,0
Hum_XLOC_034319,False,,,0,0,0
Hum_XLOC_034320,False,,,0,0,0
Hum_XLOC_034321,True,0.0,,0,0,0
Hum_XLOC_034322,False,,,0,0,0
Hum_XLOC_034323,False,,,0,0,0
Hum_XLOC_034324,False,,,0,0,0
Hum_XLOC_034325,False,,,0,0,0
Hum_XLOC_034326,False,,,0,0,0
Hum_XLOC_034327,False,,,0,0,0
Hum_XLOC_034328,False,,,0,0,0
Hum_XLOC_034329,False,,,0,0,0
Hum_XLOC_034330,False,,,0,0,0
Hum_XLOC_034331,False,,,0,0,0
Hum_XLOC_034338,False,,,0,0,0
Hum_XLOC_034339,True,0.0,,0,0,0
Hum_XLOC_034340,False,,,0,0,0
Hum_XLOC_034341,True,0.0,,0,0,0
Hum_XLOC_034342,False,,,0,0,0
Hum_XLOC_034343,False,,,0,0,0
Hum_XLOC_034344,False,,,0,0,0
Hum_XLOC_034345,False,,,0,0,0
Hum_XLOC_034350,False,,,0,0,0
Hum_XLOC_034352,False,,,0,0,0
Hum_XLOC_034353,False,,,0,0,0
Hum_XLOC_034354,False,,,0,0,0
Hum_XLOC_034356,False,,,0,0,0
Hum_XLOC_034359,False,,,0,0,0
Hum_XLOC_034360,False,,,0,0,0
Hum_XLOC_034361,False,,,0,0,0
Hum_XLOC_034362,False,,,0,0,0
Hum_XLOC_034363,False,,,0,0,0
Hum_XLOC_034364,False,,,0,0,0
Hum_XLOC_034365,False,,,0,0,0
Hum_XLOC_034366,False,,,0,0,0
Hum_XLOC_034367,False,,,0,0,0
Hum_XLOC_034368,False,,,0,0,0
Hum_XLOC_034369,False,,,0,0,0
Hum_XLOC_034370,False,,,0,0,0
Hum_XLOC_034371,False,,,0,0,0
Hum_XLOC_034372,False,,,0,0,0
Hum_XLOC_034373,False,,,0,0,0
Hum_XLOC_034374,True,0.0,,0,0,0
Hum_XLOC_034380,False,,,0,0,0
Hum_XLOC_034382,False,,,0,0,0
Hum_XLOC_034383,False,,,0,0,0
Hum_XLOC_034384,False,,,0,0,0
Hum_XLOC_034388,False,,,0,0,0
Hum_XLOC_034389,True,0.0,,0,0,0
Hum_XLOC_034392,False,,,0,0,0
Hum_XLOC_034393,False,,,0,0,0
Hum_XLOC_034402,False,,,0,0,0
Hum_XLOC_034405,False,,,0,0,0
Hum_XLOC_034406,False,,,0,0,0
Hum_XLOC_034407,False,,,0,0,0
Hum_XLOC_034408,False,,,0,0,0
Hum_XLOC_034409,False,,,0,0,0
Hum_XLOC_034410,False,,,0,0,0
Hum_XLOC_034420,False,,,0,0,0
Hum_XLOC_034421,True,0.0,,0,0,0
Hum_XLOC_034422,False,,,0,0,0
Hum_XLOC_034423,False,,,0,0,0
Hum_XLOC_034424,False,,,0,0,0
Hum_XLOC_034425,False,,,0,0,0
Hum_XLOC_034426,False,,,0,0,0
Hum_XLOC_034427,False,,,0,0,0
Hum_XLOC_034429,True,0.0,,0,0,0
Hum_XLOC_034430,False,,,0,0,0
Hum_XLOC_034431,False,,,0,0,0
Hum_XLOC_034433,False,,,0,0,0
Hum_XLOC_034434,False,,,0,0,0
Hum_XLOC_034435,False,,,0,0,0
Hum_XLOC_034436,True,0.0,,0,0,0
Hum_XLOC_034437,False,,,0,0,0
Hum_XLOC_034439,False,,,0,0,0
Hum_XLOC_034440,False,,,0,0,0
Hum_XLOC_034441,False,,,0,0,0
Hum_XLOC_034442,False,,,0,0,0
Hum_XLOC_034443,False,,,0,0,0
Hum_XLOC_034444,False,,,0,0,0
Hum_XLOC_034445,False,,,0,0,0
Hum_XLOC_034446,False,,,0,0,0
Hum_XLOC_034447,False,,,0,0,0
Hum_XLOC_034449,False,,,0,0,0
Hum_XLOC_034450,False,,,0,0,0
Hum_XLOC_034452,False,,,0,0,0
Hum_XLOC_034453,False,,,0,0,0
Hum_XLOC_034454,False,,,0,0,0
Hum_XLOC_034456,False,,,0,0,0
Hum_XLOC_034457,True,0.0,,0,0,0
Hum_XLOC_034458,False,,,0,0,0
Hum_XLOC_034459,False,,,0,0,0
Hum_XLOC_034460,False,,,0,0,0
Hum_XLOC_034461,True,0.0,,0,0,0
Hum_XLOC_034462,True,0.0,,0,0,0
Hum_XLOC_034463,False,,,0,0,0
Hum_XLOC_034474,False,,,0,0,0
Hum_XLOC_034476,False,,,0,0,0
Hum_XLOC_034477,False,,,0,0,0
Hum_XLOC_034478,False,,,0,0,0
Hum_XLOC_034480,False,,,0,0,0
Hum_XLOC_034481,False,,,0,0,0
Hum_XLOC_034482,False,,,0,0,0
Hum_XLOC_034484,True,0.0,,0,0,0
Hum_XLOC_034485,False,,,0,0,0
Hum_XLOC_034486,False,,,0,0,0
Hum_XLOC_034487,False,,,0,0,0
Hum_XLOC_034489,True,0.0,,0,0,0
Hum_XLOC_034490,False,,,0,0,0
Hum_XLOC_034492,False,,,0,0,0
Hum_XLOC_034499,True,0.0,,0,0,0
Hum_XLOC_034500,False,,,0,0,0
Hum_XLOC_034501,False,,,0,0,0
Hum_XLOC_034502,False,,,0,0,0
Hum_XLOC_034503,False,,,0,0,0
Hum_XLOC_034504,False,,,0,0,0
Hum_XLOC_034505,False,,,0,0,0
Hum_XLOC_034506,False,,,0,0,0
Hum_XLOC_034507,False,,,0,0,0
Hum_XLOC_034508,True,0.0,,0,0,0
Hum_XLOC_034509,False,,,0,0,0
Hum_XLOC_034510,False,,,0,0,0
Hum_XLOC_034512,False,,,0,0,0
Hum_XLOC_034513,True,0.0,,0,0,0
Hum_XLOC_034514,False,,,0,0,0
Hum_XLOC_034515,True,0.0,,0,0,0
Hum_XLOC_034516,False,,,0,0,0
Hum_XLOC_034517,False,,,0,0,0
Hum_XLOC_034518,False,,,0,0,0
Hum_XLOC_034519,False,,,0,0,0
Hum_XLOC_034520,False,,,0,0,0
Hum_XLOC_034521,False,,,0,0,0
Hum_XLOC_034522,False,,,0,0,0
Hum_XLOC_034523,False,,,0,0,0
Hum_XLOC_034524,False,,,0,0,0
Hum_XLOC_034525,False,,,0,0,0
Hum_XLOC_034526,True,0.0,,0,0,0
Hum_XLOC_034527,True,0.0,,0,0,0
Hum_XLOC_034528,False,,,0,0,0
Hum_XLOC_034529,True,0.0,,0,0,0
Hum_XLOC_034530,False,,,0,0,0
Hum_XLOC_034531,False,,,0,0,0
Hum_XLOC_034532,False,,,0,0,0
Hum_XLOC_034533,False,,,0,0,0
Hum_XLOC_034536,False,,,0,0,0
Hum_XLOC_034543,False,,,0,0,0
Hum_XLOC_034544,True,0.0,,0,0,0
Hum_XLOC_034547,True,0.0,,0,0,0
Hum_XLOC_034548,True,0.0,,0,0,0
Hum_XLOC_034549,False,,,0,0,0
Hum_XLOC_034550,False,,,0,0,0
Hum_XLOC_034551,False,,,0,0,0
Hum_XLOC_034552,False,,,0,0,0
Hum_XLOC_034556,False,,,0,0,0
Hum_XLOC_034558,False,,,0,0,0
Hum_XLOC_034559,False,,,0,0,0
Hum_XLOC_034563,False,,,0,0,0
Hum_XLOC_034569,True,0.0,,0,0,0
Hum_XLOC_034570,True,0.0,,0,0,0
Hum_XLOC_034571,False,,,0,0,0
Hum_XLOC_034572,False,,,0,0,0
Hum_XLOC_034573,False,,,0,0,0
Hum_XLOC_034579,False,,,0,0,0
Hum_XLOC_034582,False,,,0,0,0
Hum_XLOC_034583,False,,,0,0,0
Hum_XLOC_034584,False,,,0,0,0
Hum_XLOC_034585,True,0.0,,0,0,0
Hum_XLOC_034586,False,,,0,0,0
Hum_XLOC_034587,True,0.0,,0,0,0
Hum_XLOC_034588,False,,,0,0,0
Hum_XLOC_034589,False,,,0,0,0
Hum_XLOC_034590,False,,,0,0,0
Hum_XLOC_034594,False,,,0,0,0
Hum_XLOC_034595,False,,,0,0,0
Hum_XLOC_034596,False,,,0,0,0
Hum_XLOC_034597,False,,,0,0,0
Hum_XLOC_034598,False,,,0,0,0
Hum_XLOC_034599,False,,,0,0,0
Hum_XLOC_034600,False,,,0,0,0
Hum_XLOC_034601,False,,,0,0,0
Hum_XLOC_034602,False,,,0,0,0
Hum_XLOC_034603,False,,,0,0,0
Hum_XLOC_034604,False,,,0,0,0
Hum_XLOC_034605,False,,,0,0,0
Hum_XLOC_034606,False,,,0,0,0
Hum_XLOC_034607,False,,,0,0,0
Hum_XLOC_034611,True,0.0,,0,0,0
Hum_XLOC_034612,False,,,0,0,0
Hum_XLOC_034614,False,,,0,0,0
Hum_XLOC_034615,False,,,0,0,0
Hum_XLOC_034616,False,,,0,0,0
Hum_XLOC_034617,False,,,0,0,0
Hum_XLOC_034618,False,,,0,0,0
Hum_XLOC_034621,True,0.0,,0,0,0
Hum_XLOC_034622,False,,,0,0,0
Hum_XLOC_034624,False,,,0,0,0
Hum_XLOC_034627,False,,,0,0,0
Hum_XLOC_034628,False,,,0,0,0
Hum_XLOC_034629,False,,,0,0,0
Hum_XLOC_034630,False,,,0,0,0
Hum_XLOC_034631,False,,,0,0,0
Hum_XLOC_034635,False,,,0,0,0
Hum_XLOC_034636,False,,,0,0,0
Hum_XLOC_034639,False,,,0,0,0
Hum_XLOC_034640,False,,,0,0,0
Hum_XLOC_034642,False,,,0,0,0
Hum_XLOC_034643,False,,,0,0,0
Hum_XLOC_034644,False,,,0,0,0
Hum_XLOC_034645,True,0.0,,0,0,0
Hum_XLOC_034646,False,,,0,0,0
Hum_XLOC_034647,True,0.0,,0,0,0
Hum_XLOC_034648,False,,,0,0,0
Hum_XLOC_034649,False,,,0,0,0
Hum_XLOC_034651,True,0.0,,0,0,0
Hum_XLOC_034653,False,,,0,0,0
Hum_XLOC_034657,True,0.0,,0,0,0
Hum_XLOC_034658,False,,,0,0,0
Hum_XLOC_034662,False,,,0,0,0
Hum_XLOC_034663,False,,,0,0,0
Hum_XLOC_034664,False,,,0,0,0
Hum_XLOC_034668,False,,,0,0,0
Hum_XLOC_034669,True,0.0,,0,0,0
Hum_XLOC_034671,False,,,0,0,0
Hum_XLOC_034673,True,0.0,,0,0,0
Hum_XLOC_034679,False,,,0,0,0
Hum_XLOC_034681,False,,,0,0,0
Hum_XLOC_034682,False,,,0,0,0
Hum_XLOC_034683,False,,,0,0,0
Hum_XLOC_034686,True,0.0,,0,0,0
Hum_XLOC_034688,False,,,0,0,0
Hum_XLOC_034689,True,0.0,,0,0,0
Hum_XLOC_034690,False,,,0,0,0
Hum_XLOC_034691,False,,,0,0,0
Hum_XLOC_034692,False,,,0,0,0
Hum_XLOC_034693,False,,,0,0,0
Hum_XLOC_034694,False,,,0,0,0
Hum_XLOC_034695,False,,,0,0,0
Hum_XLOC_034697,False,,,0,0,0
Hum_XLOC_034698,False,,,0,0,0
Hum_XLOC_034704,False,,,0,0,0
Hum_XLOC_034705,False,,,0,0,0
Hum_XLOC_034706,False,,,0,0,0
Hum_XLOC_034710,False,,,0,0,0
Hum_XLOC_034711,False,,,0,0,0
Hum_XLOC_034712,False,,,0,0,0
Hum_XLOC_034713,False,,,0,0,0
Hum_XLOC_034714,False,,,0,0,0
Hum_XLOC_034715,True,0.0,,0,0,0
Hum_XLOC_034724,False,,,0,0,0
Hum_XLOC_034725,False,,,0,0,0
Hum_XLOC_034727,False,,,0,0,0
Hum_XLOC_034733,False,,,0,0,0
Hum_XLOC_034734,True,0.0,,0,0,0
Hum_XLOC_034735,False,,,0,0,0
Hum_XLOC_034737,True,0.0,,0,0,0
Hum_XLOC_034738,False,,,0,0,0
Hum_XLOC_034740,False,,,0,0,0
Hum_XLOC_034742,False,,,0,0,0
Hum_XLOC_034745,False,,,0,0,0
Hum_XLOC_034750,True,0.0,,0,0,0
Hum_XLOC_034751,False,,,0,0,0
Hum_XLOC_034752,False,,,0,0,0
Hum_XLOC_034753,False,,,0,0,0
Hum_XLOC_034763,False,,,0,0,0
Hum_XLOC_034768,False,,,0,0,0
Hum_XLOC_034770,False,,,0,0,0
Hum_XLOC_034771,False,,,0,0,0
Hum_XLOC_034774,True,0.0,,0,0,0
Hum_XLOC_034778,False,,,0,0,0
Hum_XLOC_034779,False,,,0,0,0
Hum_XLOC_034780,False,,,0,0,0
Hum_XLOC_034782,True,0.0,,0,0,0
Hum_XLOC_034783,False,,,0,0,0
Hum_XLOC_034784,False,,,0,0,0
Hum_XLOC_034785,False,,,0,0,0
Hum_XLOC_034786,False,,,0,0,0
Hum_XLOC_034787,False,,,0,0,0
Hum_XLOC_034788,False,,,0,0,0
Hum_XLOC_034790,False,,,0,0,0
Hum_XLOC_034791,False,,,0,0,0
Hum_XLOC_034792,False,,,0,0,0
Hum_XLOC_034793,False,,,0,0,0
Hum_XLOC_034794,False,,,0,0,0
Hum_XLOC_034795,True,0.0,,0,0,0
Hum_XLOC_034798,False,,,0,0,0
Hum_XLOC_034799,False,,,0,0,0
Hum_XLOC_034800,False,,,0,0,0
Hum_XLOC_034801,True,0.0,,0,0,0
Hum_XLOC_034802,True,0.0,,0,0,0
Hum_XLOC_034803,False,,,0,0,0
Hum_XLOC_034804,False,,,0,0,0
Hum_XLOC_034805,False,,,0,0,0
Hum_XLOC_034809,False,,,0,0,0
Hum_XLOC_034810,False,,,0,0,0
Hum_XLOC_034812,False,,,0,0,0
Hum_XLOC_034814,False,,,0,0,0
Hum_XLOC_034815,True,0.0,,0,0,0
Hum_XLOC_034817,False,,,0,0,0
Hum_XLOC_034818,False,,,0,0,0
Hum_XLOC_034819,False,,,0,0,0
Hum_XLOC_034820,False,,,0,0,0
Hum_XLOC_034822,False,,,0,0,0
Hum_XLOC_034823,True,0.0,,0,0,0
Hum_XLOC_034824,False,,,0,0,0
Hum_XLOC_034826,False,,,0,0,0
Hum_XLOC_034827,False,,,0,0,0
Hum_XLOC_034828,False,,,0,0,0
Hum_XLOC_034829,True,0.0,,0,0,0
Hum_XLOC_034833,True,0.0,,0,0,0
Hum_XLOC_034834,True,0.0,,0,0,0
Hum_XLOC_034835,False,,,0,0,0
Hum_XLOC_034836,False,,,0,0,0
Hum_XLOC_034837,True,0.0,,0,0,0
Hum_XLOC_034842,False,,,0,0,0
Hum_XLOC_034843,False,,,0,0,0
Hum_XLOC_034846,False,,,0,0,0
Hum_XLOC_034850,False,,,0,0,0
Hum_XLOC_034851,False,,,0,0,0
Hum_XLOC_034853,False,,,0,0,0
Hum_XLOC_034855,False,,,0,0,0
Hum_XLOC_034856,False,,,0,0,0
Hum_XLOC_034858,True,0.0,,0,0,0
Hum_XLOC_034859,False,,,0,0,0
Hum_XLOC_034860,False,,,0,0,0
Hum_XLOC_034861,False,,,0,0,0
Hum_XLOC_034862,False,,,0,0,0
Hum_XLOC_034863,True,0.0,,0,0,0
Hum_XLOC_034864,False,,,0,0,0
Hum_XLOC_034865,False,,,0,0,0
Hum_XLOC_034871,False,,,0,0,0
Hum_XLOC_034873,True,0.0,,0,0,0
Hum_XLOC_034874,True,0.0,,0,0,0
Hum_XLOC_034875,False,,,0,0,0
Hum_XLOC_034876,False,,,0,0,0
Hum_XLOC_034882,False,,,0,0,0
Hum_XLOC_034883,False,,,0,0,0
Hum_XLOC_034890,False,,,0,0,0
Hum_XLOC_034893,False,,,0,0,0
Hum_XLOC_034894,False,,,0,0,0
Hum_XLOC_034896,False,,,0,0,0
Hum_XLOC_034897,False,,,0,0,0
Hum_XLOC_034898,True,0.0,,0,0,0
Hum_XLOC_034902,False,,,0,0,0
Hum_XLOC_034903,False,,,0,0,0
Hum_XLOC_034904,False,,,0,0,0
Hum_XLOC_034905,False,,,0,0,0
Hum_XLOC_034906,False,,,0,0,0
Hum_XLOC_034908,False,,,0,0,0
Hum_XLOC_034909,False,,,0,0,0
Hum_XLOC_034910,False,,,0,0,0
Hum_XLOC_034911,False,,,0,0,0
Hum_XLOC_034912,False,,,0,0,0
Hum_XLOC_034913,False,,,0,0,0
Hum_XLOC_034914,False,,,0,0,0
Hum_XLOC_034915,False,,,0,0,0
Hum_XLOC_034916,True,0.0,,0,0,0
Hum_XLOC_034917,False,,,0,0,0
Hum_XLOC_034919,False,,,0,0,0
Hum_XLOC_034920,False,,,0,0,0
Hum_XLOC_034921,False,,,0,0,0
Hum_XLOC_034922,False,,,0,0,0
Hum_XLOC_034923,False,,,0,0,0
Hum_XLOC_034924,False,,,0,0,0
Hum_XLOC_034925,False,,,0,0,0
Hum_XLOC_034926,False,,,0,0,0
Hum_XLOC_034927,False,,,0,0,0
Hum_XLOC_034928,False,,,0,0,0
Hum_XLOC_034929,False,,,0,0,0
Hum_XLOC_034930,False,,,0,0,0
Hum_XLOC_034931,False,,,0,0,0
Hum_XLOC_034934,False,,,0,0,0
Hum_XLOC_034935,False,,,0,0,0
Hum_XLOC_034936,False,,,0,0,0
Hum_XLOC_034938,False,,,0,0,0
Hum_XLOC_034939,False,,,0,0,0
Hum_XLOC_034940,False,,,0,0,0
Hum_XLOC_034942,False,,,0,0,0
Hum_XLOC_034943,False,,,0,0,0
Hum_XLOC_034944,False,,,0,0,0
Hum_XLOC_034945,True,0.0,,0,0,0
Hum_XLOC_034946,False,,,0,0,0
Hum_XLOC_034949,False,,,0,0,0
Hum_XLOC_034952,False,,,0,0,0
Hum_XLOC_034955,False,,,0,0,0
Hum_XLOC_034963,False,,,0,0,0
Hum_XLOC_034964,False,,,0,0,0
Hum_XLOC_034965,False,,,0,0,0
Hum_XLOC_034966,False,,,0,0,0
Hum_XLOC_034967,False,,,0,0,0
Hum_XLOC_034968,False,,,0,0,0
Hum_XLOC_034972,False,,,0,0,0
Hum_XLOC_034974,False,,,0,0,0
Hum_XLOC_034975,False,,,0,0,0
Hum_XLOC_034976,False,,,0,0,0
Hum_XLOC_034977,False,,,0,0,0
Hum_XLOC_034979,False,,,0,0,0
Hum_XLOC_034980,True,0.0,,0,0,0
Hum_XLOC_034981,False,,,0,0,0
Hum_XLOC_034982,False,,,0,0,0
Hum_XLOC_034983,False,,,0,0,0
Hum_XLOC_034984,False,,,0,0,0
Hum_XLOC_034985,False,,,0,0,0
Hum_XLOC_034993,False,,,0,0,0
Hum_XLOC_034994,False,,,0,0,0
Hum_XLOC_034995,False,,,0,0,0
Hum_XLOC_034996,False,,,0,0,0
Hum_XLOC_034997,True,0.0,,0,0,0
Hum_XLOC_034998,False,,,0,0,0
Hum_XLOC_034999,False,,,0,0,0
Hum_XLOC_035001,False,,,0,0,0
Hum_XLOC_035002,False,,,0,0,0
Hum_XLOC_035003,False,,,0,0,0
Hum_XLOC_035004,False,,,0,0,0
Hum_XLOC_035005,True,0.0,,0,0,0
Hum_XLOC_035012,False,,,0,0,0
Hum_XLOC_035015,True,0.0,,0,0,0
Hum_XLOC_035016,False,,,0,0,0
Hum_XLOC_035017,False,,,0,0,0
Hum_XLOC_035019,False,,,0,0,0
Hum_XLOC_035021,True,0.0,,0,0,0
Hum_XLOC_035024,True,0.0,,0,0,0
Hum_XLOC_035025,False,,,0,0,0
Hum_XLOC_035027,True,0.0,,0,0,0
Hum_XLOC_035028,True,0.0,,0,0,0
Hum_XLOC_035029,False,,,0,0,0
Hum_XLOC_035030,False,,,0,0,0
Hum_XLOC_035031,True,0.0,,0,0,0
Hum_XLOC_035032,False,,,0,0,0
Hum_XLOC_035033,False,,,0,0,0
Hum_XLOC_035035,False,,,0,0,0
Hum_XLOC_035037,True,0.0,,0,0,0
Hum_XLOC_035038,False,,,0,0,0
Hum_XLOC_035041,False,,,0,0,0
Hum_XLOC_035042,False,,,0,0,0
Hum_XLOC_035063,True,0.0,,0,0,0
Hum_XLOC_035064,False,,,0,0,0
Hum_XLOC_035065,False,,,0,0,0
Hum_XLOC_035066,False,,,0,0,0
Hum_XLOC_035067,False,,,0,0,0
Hum_XLOC_035069,False,,,0,0,0
Hum_XLOC_035070,False,,,0,0,0
Hum_XLOC_035073,False,,,0,0,0
Hum_XLOC_035074,False,,,0,0,0
Hum_XLOC_035076,False,,,0,0,0
Hum_XLOC_035077,True,0.0,,0,0,0
Hum_XLOC_035078,False,,,0,0,0
Hum_XLOC_035080,False,,,0,0,0
Hum_XLOC_035081,True,0.0,,0,0,0
Hum_XLOC_035082,False,,,0,0,0
Hum_XLOC_035083,False,,,0,0,0
Hum_XLOC_035084,True,0.0,,0,0,0
Hum_XLOC_035085,False,,,0,0,0
Hum_XLOC_035086,False,,,0,0,0
Hum_XLOC_035094,False,,,0,0,0
Hum_XLOC_035095,True,0.0,,0,0,0
Hum_XLOC_035096,False,,,0,0,0
Hum_XLOC_035097,True,0.0,,0,0,0
Hum_XLOC_035101,False,,,0,0,0
Hum_XLOC_035102,False,,,0,0,0
Hum_XLOC_035105,False,,,0,0,0
Hum_XLOC_035108,False,,,0,0,0
Hum_XLOC_035109,False,,,0,0,0
Hum_XLOC_035110,False,,,0,0,0
Hum_XLOC_035112,False,,,0,0,0
Hum_XLOC_035114,False,,,0,0,0
Hum_XLOC_035115,False,,,0,0,0
Hum_XLOC_035116,False,,,0,0,0
Hum_XLOC_035120,False,,,0,0,0
Hum_XLOC_035121,True,0.0,,0,0,0
Hum_XLOC_035122,False,,,0,0,0
Hum_XLOC_035123,False,,,0,0,0
Hum_XLOC_035124,False,,,0,0,0
Hum_XLOC_035125,False,,,0,0,0
Hum_XLOC_035126,False,,,0,0,0
Hum_XLOC_035127,False,,,0,0,0
Hum_XLOC_035131,True,0.0,,0,0,0
Hum_XLOC_035132,False,,,0,0,0
Hum_XLOC_035133,False,,,0,0,0
Hum_XLOC_035135,False,,,0,0,0
Hum_XLOC_035136,False,,,0,0,0
Hum_XLOC_035137,False,,,0,0,0
Hum_XLOC_035138,False,,,0,0,0
Hum_XLOC_035139,False,,,0,0,0
Hum_XLOC_035141,False,,,0,0,0
Hum_XLOC_035142,True,0.0,,0,0,0
Hum_XLOC_035143,True,0.0,,0,0,0
Hum_XLOC_035144,False,,,0,0,0
Hum_XLOC_035145,False,,,0,0,0
Hum_XLOC_035146,True,0.0,,0,0,0
Hum_XLOC_035147,False,,,0,0,0
Hum_XLOC_035148,True,0.0,,0,0,0
Hum_XLOC_035149,True,0.0,,0,0,0
Hum_XLOC_035150,False,,,0,0,0
Hum_XLOC_035152,True,0.0,,0,0,0
Hum_XLOC_035153,False,,,0,0,0
Hum_XLOC_035154,False,,,0,0,0
Hum_XLOC_035155,False,,,0,0,0
Hum_XLOC_035156,False,,,0,0,0
Hum_XLOC_035157,False,,,0,0,0
Hum_XLOC_035158,True,0.0,,0,0,0
Hum_XLOC_035159,False,,,0,0,0
Hum_XLOC_035160,True,0.0,,0,0,0
Hum_XLOC_035161,True,0.0,,0,0,0
Hum_XLOC_035162,False,,,0,0,0
Hum_XLOC_035163,False,,,0,0,0
Hum_XLOC_035164,False,,,0,0,0
Hum_XLOC_035168,True,0.0,,0,0,0
Hum_XLOC_035169,False,,,0,0,0
Hum_XLOC_035170,False,,,0,0,0
Hum_XLOC_035171,False,,,0,0,0
Hum_XLOC_035172,False,,,0,0,0
Hum_XLOC_035173,False,,,0,0,0
Hum_XLOC_035174,False,,,0,0,0
Hum_XLOC_035175,True,0.0,,0,0,0
Hum_XLOC_035176,False,,,0,0,0
Hum_XLOC_035177,True,0.0,,0,0,0
Hum_XLOC_035178,False,,,0,0,0
Hum_XLOC_035181,False,,,0,0,0
Hum_XLOC_035182,True,0.0,,0,0,0
Hum_XLOC_035183,False,,,0,0,0
Hum_XLOC_035184,False,,,0,0,0
Hum_XLOC_035185,False,,,0,0,0
Hum_XLOC_035186,False,,,0,0,0
Hum_XLOC_035188,False,,,0,0,0
Hum_XLOC_035189,False,,,0,0,0
Hum_XLOC_035194,True,0.0,,0,0,0
Hum_XLOC_035195,False,,,0,0,0
Hum_XLOC_035196,False,,,0,0,0
Hum_XLOC_035197,True,0.0,,0,0,0
Hum_XLOC_035198,False,,,0,0,0
Hum_XLOC_035199,True,0.0,,0,0,0
Hum_XLOC_035200,False,,,0,0,0
Hum_XLOC_035201,False,,,0,0,0
Hum_XLOC_035202,False,,,0,0,0
Hum_XLOC_035203,False,,,0,0,0
Hum_XLOC_035204,False,,,0,0,0
Hum_XLOC_035205,False,,,0,0,0
Hum_XLOC_035206,False,,,0,0,0
Hum_XLOC_035209,False,,,0,0,0
Hum_XLOC_035210,False,,,0,0,0
Hum_XLOC_035213,False,,,0,0,0
Hum_XLOC_035215,False,,,0,0,0
Hum_XLOC_035217,True,0.0,,0,0,0
Hum_XLOC_035218,False,,,0,0,0
Hum_XLOC_035219,False,,,0,0,0
Hum_XLOC_035220,False,,,0,0,0
Hum_XLOC_035221,False,,,0,0,0
Hum_XLOC_035222,False,,,0,0,0
Hum_XLOC_035223,False,,,0,0,0
Hum_XLOC_035224,False,,,0,0,0
Hum_XLOC_035225,False,,,0,0,0
Hum_XLOC_035226,False,,,0,0,0
Hum_XLOC_035227,False,,,0,0,0
Hum_XLOC_035228,False,,,0,0,0
Hum_XLOC_035231,False,,,0,0,0
Hum_XLOC_035233,False,,,0,0,0
Hum_XLOC_035234,False,,,0,0,0
Hum_XLOC_035241,False,,,0,0,0
Hum_XLOC_035242,True,0.0,,0,0,0
Hum_XLOC_035243,True,0.0,,0,0,0
Hum_XLOC_035244,True,0.0,,0,0,0
Hum_XLOC_035245,False,,,0,0,0
Hum_XLOC_035247,True,0.0,,0,0,0
Hum_XLOC_035248,True,0.0,,0,0,0
Hum_XLOC_035249,False,,,0,0,0
Hum_XLOC_035250,True,0.0,,0,0,0
Hum_XLOC_035251,False,,,0,0,0
Hum_XLOC_035252,False,,,0,0,0
Hum_XLOC_035253,False,,,0,0,0
Hum_XLOC_035254,False,,,0,0,0
Hum_XLOC_035255,True,0.0,,0,0,0
Hum_XLOC_035256,True,0.0,,0,0,0
Hum_XLOC_035257,False,,,0,0,0
Hum_XLOC_035258,False,,,0,0,0
Hum_XLOC_035259,False,,,0,0,0
Hum_XLOC_035260,False,,,0,0,0
Hum_XLOC_035261,True,0.0,,0,0,0
Hum_XLOC_035262,False,,,0,0,0
Hum_XLOC_035263,False,,,0,0,0
Hum_XLOC_035264,False,,,0,0,0
Hum_XLOC_035265,True,0.0,,0,0,0
Hum_XLOC_035266,False,,,0,0,0
Hum_XLOC_035275,True,0.0,,0,0,0
Hum_XLOC_035277,False,,,0,0,0
Hum_XLOC_035278,True,0.0,,0,0,0
Hum_XLOC_035279,True,0.0,,0,0,0
Hum_XLOC_035282,False,,,0,0,0
Hum_XLOC_035283,True,0.0,,0,0,0
Hum_XLOC_035297,False,,,0,0,0
Hum_XLOC_035298,False,,,0,0,0
Hum_XLOC_035299,False,,,0,0,0
Hum_XLOC_035300,False,,,0,0,0
Hum_XLOC_035301,True,0.0,,0,0,0
Hum_XLOC_035305,False,,,0,0,0
Hum_XLOC_035310,False,,,0,0,0
Hum_XLOC_035311,False,,,0,0,0
Hum_XLOC_035313,False,,,0,0,0
Hum_XLOC_035314,False,,,0,0,0
Hum_XLOC_035315,False,,,0,0,0
Hum_XLOC_035317,False,,,0,0,0
Hum_XLOC_035318,False,,,0,0,0
Hum_XLOC_035320,False,,,0,0,0
Hum_XLOC_035321,True,0.0,,0,0,0
Hum_XLOC_035322,False,,,0,0,0
Hum_XLOC_035323,False,,,0,0,0
Hum_XLOC_035325,True,0.0,,0,0,0
Hum_XLOC_035327,False,,,0,0,0
Hum_XLOC_035329,True,0.0,,0,0,0
Hum_XLOC_035330,False,,,0,0,0
Hum_XLOC_035331,False,,,0,0,0
Hum_XLOC_035333,True,0.0,,0,0,0
Hum_XLOC_035335,False,,,0,0,0
Hum_XLOC_035336,False,,,0,0,0
Hum_XLOC_035337,False,,,0,0,0
Hum_XLOC_035338,False,,,0,0,0
Hum_XLOC_035339,False,,,0,0,0
Hum_XLOC_035340,False,,,0,0,0
Hum_XLOC_035341,False,,,0,0,0
Hum_XLOC_035342,False,,,0,0,0
Hum_XLOC_035343,True,0.0,,0,0,0
Hum_XLOC_035344,False,,,0,0,0
Hum_XLOC_035345,True,0.0,,0,0,0
Hum_XLOC_035346,False,,,0,0,0
Hum_XLOC_035349,False,,,0,0,0
Hum_XLOC_035357,True,0.0,,0,0,0
Hum_XLOC_035360,False,,,0,0,0
Hum_XLOC_035364,False,,,0,0,0
Hum_XLOC_035366,True,0.0,,0,0,0
Hum_XLOC_035367,False,,,0,0,0
Hum_XLOC_035371,False,,,0,0,0
Hum_XLOC_035372,False,,,0,0,0
Hum_XLOC_035373,False,,,0,0,0
Hum_XLOC_035374,False,,,0,0,0
Hum_XLOC_035375,False,,,0,0,0
Hum_XLOC_035376,False,,,0,0,0
Hum_XLOC_035377,False,,,0,0,0
Hum_XLOC_035378,False,,,0,0,0
Hum_XLOC_035382,False,,,0,0,0
Hum_XLOC_035383,False,,,0,0,0
Hum_XLOC_035387,False,,,0,0,0
Hum_XLOC_035388,True,0.0,,0,0,0
Hum_XLOC_035389,False,,,0,0,0
Hum_XLOC_035390,True,0.0,,0,0,0
Hum_XLOC_035391,False,,,0,0,0
Hum_XLOC_035392,True,0.0,,0,0,0
Hum_XLOC_035394,False,,,0,0,0
Hum_XLOC_035395,False,,,0,0,0
Hum_XLOC_035396,True,0.0,,0,0,0
Hum_XLOC_035398,False,,,0,0,0
Hum_XLOC_035399,False,,,0,0,0
Hum_XLOC_035400,False,,,0,0,0
Hum_XLOC_035401,False,,,0,0,0
Hum_XLOC_035405,False,,,0,0,0
Hum_XLOC_035406,False,,,0,0,0
Hum_XLOC_035407,False,,,0,0,0
Hum_XLOC_035408,False,,,0,0,0
Hum_XLOC_035411,False,,,0,0,0
Hum_XLOC_035412,False,,,0,0,0
Hum_XLOC_035413,False,,,0,0,0
Hum_XLOC_035416,False,,,0,0,0
Hum_XLOC_035417,False,,,0,0,0
Hum_XLOC_035419,False,,,0,0,0
Hum_XLOC_035420,False,,,0,0,0
Hum_XLOC_035421,False,,,0,0,0
Hum_XLOC_035422,False,,,0,0,0
Hum_XLOC_035424,False,,,0,0,0
Hum_XLOC_035425,False,,,0,0,0
Hum_XLOC_035426,False,,,0,0,0
Hum_XLOC_035427,False,,,0,0,0
Hum_XLOC_035428,False,,,0,0,0
Hum_XLOC_035429,True,0.0,,0,0,0
Hum_XLOC_035430,False,,,0,0,0
Hum_XLOC_035431,True,0.0,,0,0,0
Hum_XLOC_035432,False,,,0,0,0
Hum_XLOC_035433,False,,,0,0,0
Hum_XLOC_035434,False,,,0,0,0
Hum_XLOC_035435,False,,,0,0,0
Hum_XLOC_035436,False,,,0,0,0
Hum_XLOC_035438,False,,,0,0,0
Hum_XLOC_035439,False,,,0,0,0
Hum_XLOC_035440,False,,,0,0,0
Hum_XLOC_035441,True,0.0,,0,0,0
Hum_XLOC_035445,False,,,0,0,0
Hum_XLOC_035447,False,,,0,0,0
Hum_XLOC_035448,False,,,0,0,0
Hum_XLOC_035450,False,,,0,0,0
Hum_XLOC_035452,False,,,0,0,0
Hum_XLOC_035453,False,,,0,0,0
Hum_XLOC_035454,False,,,0,0,0
Hum_XLOC_035457,True,0.0,,0,0,0
Hum_XLOC_035460,False,,,0,0,0
Hum_XLOC_035461,False,,,0,0,0
Hum_XLOC_035462,False,,,0,0,0
Hum_XLOC_035463,False,,,0,0,0
Hum_XLOC_035464,False,,,0,0,0
Hum_XLOC_035465,False,,,0,0,0
Hum_XLOC_035466,False,,,0,0,0
Hum_XLOC_035467,False,,,0,0,0
Hum_XLOC_035468,False,,,0,0,0
Hum_XLOC_035469,False,,,0,0,0
Hum_XLOC_035470,False,,,0,0,0
Hum_XLOC_035471,False,,,0,0,0
Hum_XLOC_035473,False,,,0,0,0
Hum_XLOC_035474,False,,,0,0,0
Hum_XLOC_035475,False,,,0,0,0
Hum_XLOC_035477,False,,,0,0,0
Hum_XLOC_035482,False,,,0,0,0
Hum_XLOC_035483,False,,,0,0,0
Hum_XLOC_035484,False,,,0,0,0
Hum_XLOC_035485,False,,,0,0,0
Hum_XLOC_035486,True,0.0,,0,0,0
Hum_XLOC_035490,False,,,0,0,0
Hum_XLOC_035491,True,0.0,,0,0,0
Hum_XLOC_035492,False,,,0,0,0
Hum_XLOC_035494,False,,,0,0,0
Hum_XLOC_035495,True,0.0,,0,0,0
Hum_XLOC_035500,False,,,0,0,0
Hum_XLOC_035502,False,,,0,0,0
Hum_XLOC_035503,False,,,0,0,0
Hum_XLOC_035508,True,0.0,,0,0,0
Hum_XLOC_035509,False,,,0,0,0
Hum_XLOC_035510,False,,,0,0,0
Hum_XLOC_035511,False,,,0,0,0
Hum_XLOC_035513,True,0.0,,0,0,0
Hum_XLOC_035514,False,,,0,0,0
Hum_XLOC_035515,False,,,0,0,0
Hum_XLOC_035516,False,,,0,0,0
Hum_XLOC_035517,False,,,0,0,0
Hum_XLOC_035518,False,,,0,0,0
Hum_XLOC_035519,False,,,0,0,0
Hum_XLOC_035520,False,,,0,0,0
Hum_XLOC_035521,False,,,0,0,0
Hum_XLOC_035522,False,,,0,0,0
Hum_XLOC_035523,False,,,0,0,0
Hum_XLOC_035524,False,,,0,0,0
Hum_XLOC_035525,False,,,0,0,0
Hum_XLOC_035526,False,,,0,0,0
Hum_XLOC_035530,False,,,0,0,0
Hum_XLOC_035531,False,,,0,0,0
Hum_XLOC_035534,False,,,0,0,0
Hum_XLOC_035535,False,,,0,0,0
Hum_XLOC_035536,False,,,0,0,0
Hum_XLOC_035541,False,,,0,0,0
Hum_XLOC_035542,True,0.0,,0,0,0
Hum_XLOC_035548,False,,,0,0,0
Hum_XLOC_035549,False,,,0,0,0
Hum_XLOC_035550,False,,,0,0,0
Hum_XLOC_035551,False,,,0,0,0
Hum_XLOC_035552,False,,,0,0,0
Hum_XLOC_035553,False,,,0,0,0
Hum_XLOC_035555,True,0.0,,0,0,0
Hum_XLOC_035556,False,,,0,0,0
Hum_XLOC_035560,False,,,0,0,0
Hum_XLOC_035563,False,,,0,0,0
Hum_XLOC_035564,False,,,0,0,0
Hum_XLOC_035565,False,,,0,0,0
Hum_XLOC_035566,False,,,0,0,0
Hum_XLOC_035567,True,0.0,,0,0,0
Hum_XLOC_035574,False,,,0,0,0
Hum_XLOC_035575,False,,,0,0,0
Hum_XLOC_035577,True,0.0,,0,0,0
Hum_XLOC_035580,False,,,0,0,0
Hum_XLOC_035581,False,,,0,0,0
Hum_XLOC_035585,False,,,0,0,0
Hum_XLOC_035586,False,,,0,0,0
Hum_XLOC_035595,False,,,0,0,0
Hum_XLOC_035613,True,0.0,,0,0,0
Hum_XLOC_035618,True,0.0,,0,0,0
Hum_XLOC_035620,False,,,0,0,0
Hum_XLOC_035625,False,,,0,0,0
Hum_XLOC_035626,False,,,0,0,0
Hum_XLOC_035627,False,,,0,0,0
Hum_XLOC_035628,False,,,0,0,0
Hum_XLOC_035638,False,,,0,0,0
Hum_XLOC_035640,False,,,0,0,0
Hum_XLOC_035641,True,0.0,,0,0,0
Hum_XLOC_035642,False,,,0,0,0
Hum_XLOC_035643,False,,,0,0,0
Hum_XLOC_035644,False,,,0,0,0
Hum_XLOC_035645,True,0.0,,0,0,0
Hum_XLOC_035646,False,,,0,0,0
Hum_XLOC_035647,False,,,0,0,0
Hum_XLOC_035648,False,,,0,0,0
Hum_XLOC_035649,False,,,0,0,0
Hum_XLOC_035650,True,0.0,,0,0,0
Hum_XLOC_035651,False,,,0,0,0
Hum_XLOC_035652,False,,,0,0,0
Hum_XLOC_035659,False,,,0,0,0
Hum_XLOC_035660,False,,,0,0,0
Hum_XLOC_035663,True,0.0,,0,0,0
Hum_XLOC_035666,False,,,0,0,0
Hum_XLOC_035667,False,,,0,0,0
Hum_XLOC_035668,False,,,0,0,0
Hum_XLOC_035669,False,,,0,0,0
Hum_XLOC_035671,False,,,0,0,0
Hum_XLOC_035672,False,,,0,0,0
Hum_XLOC_035673,False,,,0,0,0
Hum_XLOC_035679,False,,,0,0,0
Hum_XLOC_035680,False,,,0,0,0
Hum_XLOC_035681,False,,,0,0,0
Hum_XLOC_035684,False,,,0,0,0
Hum_XLOC_035686,False,,,0,0,0
Hum_XLOC_035690,False,,,0,0,0
Hum_XLOC_035691,True,0.0,,0,0,0
Hum_XLOC_035697,True,0.0,,0,0,0
Hum_XLOC_035698,False,,,0,0,0
Hum_XLOC_035699,False,,,0,0,0
Hum_XLOC_035700,True,0.0,,0,0,0
Hum_XLOC_035701,True,0.0,,0,0,0
Hum_XLOC_035707,False,,,0,0,0
Hum_XLOC_035710,False,,,0,0,0
Hum_XLOC_035714,False,,,0,0,0
Hum_XLOC_035715,False,,,0,0,0
Hum_XLOC_035716,False,,,0,0,0
Hum_XLOC_035718,False,,,0,0,0
Hum_XLOC_035720,False,,,0,0,0
Hum_XLOC_035721,False,,,0,0,0
Hum_XLOC_035722,False,,,0,0,0
Hum_XLOC_035723,False,,,0,0,0
Hum_XLOC_035724,True,0.0,,0,0,0
Hum_XLOC_035725,False,,,0,0,0
Hum_XLOC_035726,False,,,0,0,0
Hum_XLOC_035730,False,,,0,0,0
Hum_XLOC_035743,False,,,0,0,0
Hum_XLOC_035744,False,,,0,0,0
Hum_XLOC_035745,True,0.0,,0,0,0
Hum_XLOC_035746,False,,,0,0,0
Hum_XLOC_035749,True,0.0,,0,0,0
Hum_XLOC_035750,False,,,0,0,0
Hum_XLOC_035752,True,0.0,,0,0,0
Hum_XLOC_035758,False,,,0,0,0
Hum_XLOC_035760,False,,,0,0,0
Hum_XLOC_035768,False,,,0,0,0
Hum_XLOC_035769,False,,,0,0,0
Hum_XLOC_035770,False,,,0,0,0
Hum_XLOC_035771,False,,,0,0,0
Hum_XLOC_035772,True,0.0,,0,0,0
Hum_XLOC_035773,False,,,0,0,0
Hum_XLOC_035774,True,0.0,,0,0,0
Hum_XLOC_035776,False,,,0,0,0
Hum_XLOC_035778,False,,,0,0,0
Hum_XLOC_035779,False,,,0,0,0
Hum_XLOC_035780,False,,,0,0,0
Hum_XLOC_035786,False,,,0,0,0
Hum_XLOC_035787,False,,,0,0,0
Hum_XLOC_035789,False,,,0,0,0
Hum_XLOC_035790,False,,,0,0,0
Hum_XLOC_035791,False,,,0,0,0
Hum_XLOC_035792,True,0.0,,0,0,0
Hum_XLOC_035793,False,,,0,0,0
Hum_XLOC_035796,False,,,0,0,0
Hum_XLOC_035798,False,,,0,0,0
Hum_XLOC_035799,False,,,0,0,0
Hum_XLOC_035800,False,,,0,0,0
Hum_XLOC_035801,True,0.0,,0,0,0
Hum_XLOC_035802,False,,,0,0,0
Hum_XLOC_035803,True,0.0,,0,0,0
Hum_XLOC_035806,False,,,0,0,0
Hum_XLOC_035807,False,,,0,0,0
Hum_XLOC_035813,False,,,0,0,0
Hum_XLOC_035816,False,,,0,0,0
Hum_XLOC_035817,False,,,0,0,0
Hum_XLOC_035818,False,,,0,0,0
Hum_XLOC_035821,False,,,0,0,0
Hum_XLOC_035822,False,,,0,0,0
Hum_XLOC_035826,False,,,0,0,0
Hum_XLOC_035828,False,,,0,0,0
Hum_XLOC_035829,False,,,0,0,0
Hum_XLOC_035830,False,,,0,0,0
Hum_XLOC_035831,True,0.0,,0,0,0
Hum_XLOC_035832,False,,,0,0,0
Hum_XLOC_035833,False,,,0,0,0
Hum_XLOC_035834,False,,,0,0,0
Hum_XLOC_035835,False,,,0,0,0
Hum_XLOC_035836,False,,,0,0,0
Hum_XLOC_035837,False,,,0,0,0
Hum_XLOC_035839,False,,,0,0,0
Hum_XLOC_035840,False,,,0,0,0
Hum_XLOC_035841,False,,,0,0,0
Hum_XLOC_035842,True,0.0,,0,0,0
Hum_XLOC_035843,False,,,0,0,0
Hum_XLOC_035844,False,,,0,0,0
Hum_XLOC_035845,False,,,0,0,0
Hum_XLOC_035847,False,,,0,0,0
Hum_XLOC_035848,False,,,0,0,0
Hum_XLOC_035850,False,,,0,0,0
Hum_XLOC_035853,False,,,0,0,0
Hum_XLOC_035854,False,,,0,0,0
Hum_XLOC_035855,False,,,0,0,0
Hum_XLOC_035856,False,,,0,0,0
Hum_XLOC_035857,False,,,0,0,0
Hum_XLOC_035859,False,,,0,0,0
Hum_XLOC_035861,False,,,0,0,0
Hum_XLOC_035862,False,,,0,0,0
Hum_XLOC_035864,True,0.0,,0,0,0
Hum_XLOC_035865,False,,,0,0,0
Hum_XLOC_035867,True,0.0,,0,0,0
Hum_XLOC_035868,False,,,0,0,0
Hum_XLOC_035870,False,,,0,0,0
Hum_XLOC_035871,False,,,0,0,0
Hum_XLOC_035873,False,,,0,0,0
Hum_XLOC_035874,False,,,0,0,0
Hum_XLOC_035875,False,,,0,0,0
Hum_XLOC_035876,False,,,0,0,0
Hum_XLOC_035877,False,,,0,0,0
Hum_XLOC_035878,False,,,0,0,0
Hum_XLOC_035881,False,,,0,0,0
Hum_XLOC_035882,False,,,0,0,0
Hum_XLOC_035883,False,,,0,0,0
Hum_XLOC_035884,False,,,0,0,0
Hum_XLOC_035885,False,,,0,0,0
Hum_XLOC_035886,False,,,0,0,0
Hum_XLOC_035887,True,0.0,,0,0,0
Hum_XLOC_035888,False,,,0,0,0
Hum_XLOC_035889,False,,,0,0,0
Hum_XLOC_035890,False,,,0,0,0
Hum_XLOC_035891,False,,,0,0,0
Hum_XLOC_035894,False,,,0,0,0
Hum_XLOC_035895,False,,,0,0,0
Hum_XLOC_035896,False,,,0,0,0
Hum_XLOC_035897,False,,,0,0,0
Hum_XLOC_035898,False,,,0,0,0
Hum_XLOC_035899,False,,,0,0,0
Hum_XLOC_035900,False,,,0,0,0
Hum_XLOC_035901,False,,,0,0,0
Hum_XLOC_035902,False,,,0,0,0
Hum_XLOC_035903,True,0.0,,0,0,0
Hum_XLOC_035904,False,,,0,0,0
Hum_XLOC_035905,False,,,0,0,0
Hum_XLOC_035906,False,,,0,0,0
Hum_XLOC_035907,False,,,0,0,0
Hum_XLOC_035908,False,,,0,0,0
Hum_XLOC_035909,False,,,0,0,0
Hum_XLOC_035910,True,0.0,,0,0,0
Hum_XLOC_035911,False,,,0,0,0
Hum_XLOC_035912,False,,,0,0,0
Hum_XLOC_035914,False,,,0,0,0
Hum_XLOC_035915,False,,,0,0,0
Hum_XLOC_035916,False,,,0,0,0
Hum_XLOC_035917,False,,,0,0,0
Hum_XLOC_035920,True,0.0,,0,0,0
Hum_XLOC_035921,False,,,0,0,0
Hum_XLOC_035922,False,,,0,0,0
Hum_XLOC_035923,False,,,0,0,0
Hum_XLOC_035924,False,,,0,0,0
Hum_XLOC_035925,True,0.0,,0,0,0
Hum_XLOC_035928,False,,,0,0,0
Hum_XLOC_035931,False,,,0,0,0
Hum_XLOC_035932,False,,,0,0,0
Hum_XLOC_035933,False,,,0,0,0
Hum_XLOC_035934,True,0.0,,0,0,0
Hum_XLOC_035935,False,,,0,0,0
Hum_XLOC_035936,False,,,0,0,0
Hum_XLOC_035937,False,,,0,0,0
Hum_XLOC_035938,False,,,0,0,0
Hum_XLOC_035939,False,,,0,0,0
Hum_XLOC_035940,False,,,0,0,0
Hum_XLOC_035941,False,,,0,0,0
Hum_XLOC_035942,False,,,0,0,0
Hum_XLOC_035943,False,,,0,0,0
Hum_XLOC_035944,False,,,0,0,0
Hum_XLOC_035945,True,0.0,,0,0,0
Hum_XLOC_035946,False,,,0,0,0
Hum_XLOC_035948,False,,,0,0,0
Hum_XLOC_035949,False,,,0,0,0
Hum_XLOC_035950,False,,,0,0,0
Hum_XLOC_035951,True,0.0,,0,0,0
Hum_XLOC_035952,False,,,0,0,0
Hum_XLOC_035953,False,,,0,0,0
Hum_XLOC_035957,True,0.0,,0,0,0
Hum_XLOC_035958,False,,,0,0,0
Hum_XLOC_035959,False,,,0,0,0
Hum_XLOC_035961,False,,,0,0,0
Hum_XLOC_035962,False,,,0,0,0
Hum_XLOC_035963,False,,,0,0,0
Hum_XLOC_035964,True,0.0,,0,0,0
Hum_XLOC_035966,False,,,0,0,0
Hum_XLOC_035968,True,0.0,,0,0,0
Hum_XLOC_035969,False,,,0,0,0
Hum_XLOC_035970,False,,,0,0,0
Hum_XLOC_035977,False,,,0,0,0
Hum_XLOC_035980,False,,,0,0,0
Hum_XLOC_035981,False,,,0,0,0
Hum_XLOC_035982,False,,,0,0,0
Hum_XLOC_035983,False,,,0,0,0
Hum_XLOC_035984,False,,,0,0,0
Hum_XLOC_035985,False,,,0,0,0
Hum_XLOC_035986,False,,,0,0,0
Hum_XLOC_035987,False,,,0,0,0
Hum_XLOC_035988,False,,,0,0,0
Hum_XLOC_035989,False,,,0,0,0
Hum_XLOC_035990,False,,,0,0,0
Hum_XLOC_035991,False,,,0,0,0
Hum_XLOC_035992,False,,,0,0,0
Hum_XLOC_035993,False,,,0,0,0
Hum_XLOC_035994,False,,,0,0,0
Hum_XLOC_035995,False,,,0,0,0
Hum_XLOC_035996,False,,,0,0,0
Hum_XLOC_035998,False,,,0,0,0
Hum_XLOC_035999,False,,,0,0,0
Hum_XLOC_036000,False,,,0,0,0
Hum_XLOC_036001,False,,,0,0,0
Hum_XLOC_036002,False,,,0,0,0
Hum_XLOC_036003,False,,,0,0,0
Hum_XLOC_036004,True,0.0,,0,0,0
Hum_XLOC_036005,False,,,0,0,0
Hum_XLOC_036006,True,0.0,,0,0,0
Hum_XLOC_036007,False,,,0,0,0
Hum_XLOC_036008,False,,,0,0,0
Hum_XLOC_036009,True,0.0,,0,0,0
Hum_XLOC_036010,False,,,0,0,0
Hum_XLOC_036011,False,,,0,0,0
Hum_XLOC_036012,True,0.0,,0,0,0
Hum_XLOC_036013,False,,,0,0,0
Hum_XLOC_036019,False,,,0,0,0
Hum_XLOC_036020,False,,,0,0,0
Hum_XLOC_036021,True,0.0,,0,0,0
Hum_XLOC_036028,False,,,0,0,0
Hum_XLOC_036029,False,,,0,0,0
Hum_XLOC_036030,False,,,0,0,0
Hum_XLOC_036034,True,0.0,,0,0,0
Hum_XLOC_036035,False,,,0,0,0
Hum_XLOC_036036,True,0.0,,0,0,0
Hum_XLOC_036037,False,,,0,0,0
Hum_XLOC_036038,False,,,0,0,0
Hum_XLOC_036039,False,,,0,0,0
Hum_XLOC_036040,True,0.0,,0,0,0
Hum_XLOC_036043,True,0.0,,0,0,0
Hum_XLOC_036044,False,,,0,0,0
Hum_XLOC_036048,False,,,0,0,0
Hum_XLOC_036049,False,,,0,0,0
Hum_XLOC_036050,False,,,0,0,0
Hum_XLOC_036056,False,,,0,0,0
Hum_XLOC_036057,True,0.0,,0,0,0
Hum_XLOC_036060,True,0.0,,0,0,0
Hum_XLOC_036061,False,,,0,0,0
Hum_XLOC_036067,False,,,0,0,0
Hum_XLOC_036068,False,,,0,0,0
Hum_XLOC_036069,False,,,0,0,0
Hum_XLOC_036070,False,,,0,0,0
Hum_XLOC_036071,False,,,0,0,0
Hum_XLOC_036082,True,0.0,,0,0,0
Hum_XLOC_036083,False,,,0,0,0
Hum_XLOC_036086,True,0.0,,0,0,0
Hum_XLOC_036090,False,,,0,0,0
Hum_XLOC_036093,True,0.0,,0,0,0
Hum_XLOC_036100,False,,,0,0,0
Hum_XLOC_036101,False,,,0,0,0
Hum_XLOC_036104,False,,,0,0,0
Hum_XLOC_036105,False,,,0,0,0
Hum_XLOC_036106,True,0.0,,0,0,0
Hum_XLOC_036107,False,,,0,0,0
Hum_XLOC_036109,False,,,0,0,0
Hum_XLOC_036114,False,,,0,0,0
Hum_XLOC_036118,False,,,0,0,0
Hum_XLOC_036119,True,0.0,,0,0,0
Hum_XLOC_036120,True,0.0,,0,0,0
Hum_XLOC_036122,False,,,0,0,0
Hum_XLOC_036127,False,,,0,0,0
Hum_XLOC_036130,False,,,0,0,0
Hum_XLOC_036131,False,,,0,0,0
Hum_XLOC_036132,False,,,0,0,0
Hum_XLOC_036133,True,0.0,,0,0,0
Hum_XLOC_036134,False,,,0,0,0
Hum_XLOC_036140,False,,,0,0,0
Hum_XLOC_036141,False,,,0,0,0
Hum_XLOC_036144,False,,,0,0,0
Hum_XLOC_036145,False,,,0,0,0
Hum_XLOC_036146,False,,,0,0,0
Hum_XLOC_036151,False,,,0,0,0
Hum_XLOC_036152,False,,,0,0,0
Hum_XLOC_036153,False,,,0,0,0
Hum_XLOC_036161,False,,,0,0,0
Hum_XLOC_036162,False,,,0,0,0
Hum_XLOC_036163,False,,,0,0,0
Hum_XLOC_036164,False,,,0,0,0
Hum_XLOC_036165,False,,,0,0,0
Hum_XLOC_036166,False,,,0,0,0
Hum_XLOC_036167,False,,,0,0,0
Hum_XLOC_036168,False,,,0,0,0
Hum_XLOC_036170,True,0.0,,0,0,0
Hum_XLOC_036171,False,,,0,0,0
Hum_XLOC_036173,True,0.0,,0,0,0
Hum_XLOC_036174,False,,,0,0,0
Hum_XLOC_036176,False,,,0,0,0
Hum_XLOC_036177,False,,,0,0,0
Hum_XLOC_036178,False,,,0,0,0
Hum_XLOC_036179,False,,,0,0,0
Hum_XLOC_036183,False,,,0,0,0
Hum_XLOC_036184,True,0.0,,0,0,0
Hum_XLOC_036189,True,0.0,,0,0,0
Hum_XLOC_036194,True,0.0,,0,0,0
Hum_XLOC_036198,False,,,0,0,0
Hum_XLOC_036199,False,,,0,0,0
Hum_XLOC_036201,False,,,0,0,0
Hum_XLOC_036208,False,,,0,0,0
Hum_XLOC_036209,False,,,0,0,0
Hum_XLOC_036210,False,,,0,0,0
Hum_XLOC_036211,False,,,0,0,0
Hum_XLOC_036212,False,,,0,0,0
Hum_XLOC_036214,False,,,0,0,0
Hum_XLOC_036215,False,,,0,0,0
Hum_XLOC_036216,True,0.0,,0,0,0
Hum_XLOC_036218,False,,,0,0,0
Hum_XLOC_036219,False,,,0,0,0
Hum_XLOC_036220,False,,,0,0,0
Hum_XLOC_036221,False,,,0,0,0
Hum_XLOC_036223,False,,,0,0,0
Hum_XLOC_036224,True,0.0,,0,0,0
Hum_XLOC_036225,False,,,0,0,0
Hum_XLOC_036226,True,0.0,,0,0,0
Hum_XLOC_036227,False,,,0,0,0
Hum_XLOC_036228,False,,,0,0,0
Hum_XLOC_036233,False,,,0,0,0
Hum_XLOC_036234,False,,,0,0,0
Hum_XLOC_036235,False,,,0,0,0
Hum_XLOC_036236,False,,,0,0,0
Hum_XLOC_036237,False,,,0,0,0
Hum_XLOC_036238,False,,,0,0,0
Hum_XLOC_036241,False,,,0,0,0
Hum_XLOC_036242,False,,,0,0,0
Hum_XLOC_036243,False,,,0,0,0
Hum_XLOC_036244,False,,,0,0,0
Hum_XLOC_036245,False,,,0,0,0
Hum_XLOC_036246,False,,,0,0,0
Hum_XLOC_036247,False,,,0,0,0
Hum_XLOC_036248,True,0.0,,0,0,0
Hum_XLOC_036249,False,,,0,0,0
Hum_XLOC_036252,True,0.0,,0,0,0
Hum_XLOC_036253,True,0.0,,0,0,0
Hum_XLOC_036254,True,0.0,,0,0,0
Hum_XLOC_036255,True,0.0,,0,0,0
Hum_XLOC_036256,False,,,0,0,0
Hum_XLOC_036257,False,,,0,0,0
Hum_XLOC_036259,False,,,0,0,0
Hum_XLOC_036267,False,,,0,0,0
Hum_XLOC_036268,False,,,0,0,0
Hum_XLOC_036269,False,,,0,0,0
Hum_XLOC_036270,True,0.0,,0,0,0
Hum_XLOC_036271,False,,,0,0,0
Hum_XLOC_036272,False,,,0,0,0
Hum_XLOC_036273,False,,,0,0,0
Hum_XLOC_036274,False,,,0,0,0
Hum_XLOC_036275,False,,,0,0,0
Hum_XLOC_036278,True,0.0,,0,0,0
Hum_XLOC_036279,True,0.0,,0,0,0
Hum_XLOC_036280,False,,,0,0,0
Hum_XLOC_036281,False,,,0,0,0
Hum_XLOC_036282,False,,,0,0,0
Hum_XLOC_036283,True,0.0,,0,0,0
Hum_XLOC_036284,False,,,0,0,0
Hum_XLOC_036290,False,,,0,0,0
Hum_XLOC_036293,False,,,0,0,0
Hum_XLOC_036294,True,0.0,,0,0,0
Hum_XLOC_036296,False,,,0,0,0
Hum_XLOC_036298,False,,,0,0,0
Hum_XLOC_036299,False,,,0,0,0
Hum_XLOC_036300,False,,,0,0,0
Hum_XLOC_036301,False,,,0,0,0
Hum_XLOC_036302,False,,,0,0,0
Hum_XLOC_036303,False,,,0,0,0
Hum_XLOC_036304,False,,,0,0,0
Hum_XLOC_036305,False,,,0,0,0
Hum_XLOC_036306,False,,,0,0,0
Hum_XLOC_036307,False,,,0,0,0
Hum_XLOC_036308,False,,,0,0,0
Hum_XLOC_036309,False,,,0,0,0
Hum_XLOC_036311,False,,,0,0,0
Hum_XLOC_036312,False,,,0,0,0
Hum_XLOC_036313,False,,,0,0,0
Hum_XLOC_036314,False,,,0,0,0
Hum_XLOC_036315,False,,,0,0,0
Hum_XLOC_036316,True,0.0,,0,0,0
Hum_XLOC_036317,False,,,0,0,0
Hum_XLOC_036322,False,,,0,0,0
Hum_XLOC_036323,False,,,0,0,0
Hum_XLOC_036326,False,,,0,0,0
Hum_XLOC_036327,False,,,0,0,0
Hum_XLOC_036330,False,,,0,0,0
Hum_XLOC_036331,False,,,0,0,0
Hum_XLOC_036332,False,,,0,0,0
Hum_XLOC_036333,False,,,0,0,0
Hum_XLOC_036334,False,,,0,0,0
Hum_XLOC_036335,True,0.0,,0,0,0
Hum_XLOC_036336,False,,,0,0,0
Hum_XLOC_036337,False,,,0,0,0
Hum_XLOC_036338,True,0.0,,0,0,0
Hum_XLOC_036339,True,0.0,,0,0,0
Hum_XLOC_036341,False,,,0,0,0
Hum_XLOC_036347,False,,,0,0,0
Hum_XLOC_036348,False,,,0,0,0
Hum_XLOC_036349,True,0.0,,0,0,0
Hum_XLOC_036350,False,,,0,0,0
Hum_XLOC_036351,False,,,0,0,0
Hum_XLOC_036352,False,,,0,0,0
Hum_XLOC_036353,False,,,0,0,0
Hum_XLOC_036355,False,,,0,0,0
Hum_XLOC_036356,True,0.0,,0,0,0
Hum_XLOC_036357,False,,,0,0,0
Hum_XLOC_036358,False,,,0,0,0
Hum_XLOC_036359,False,,,0,0,0
Hum_XLOC_036360,False,,,0,0,0
Hum_XLOC_036361,False,,,0,0,0
Hum_XLOC_036362,False,,,0,0,0
Hum_XLOC_036369,False,,,0,0,0
Hum_XLOC_036370,False,,,0,0,0
Hum_XLOC_036382,False,,,0,0,0
Hum_XLOC_036383,True,0.0,,0,0,0
Hum_XLOC_036384,False,,,0,0,0
Hum_XLOC_036385,False,,,0,0,0
Hum_XLOC_036386,False,,,0,0,0
Hum_XLOC_036389,True,0.0,,0,0,0
Hum_XLOC_036391,False,,,0,0,0
Hum_XLOC_036396,False,,,0,0,0
Hum_XLOC_036397,False,,,0,0,0
Hum_XLOC_036398,False,,,0,0,0
Hum_XLOC_036402,False,,,0,0,0
Hum_XLOC_036403,True,0.0,,0,0,0
Hum_XLOC_036404,False,,,0,0,0
Hum_XLOC_036405,False,,,0,0,0
Hum_XLOC_036406,False,,,0,0,0
Hum_XLOC_036407,False,,,0,0,0
Hum_XLOC_036408,True,0.0,,0,0,0
Hum_XLOC_036409,False,,,0,0,0
Hum_XLOC_036410,False,,,0,0,0
Hum_XLOC_036411,False,,,0,0,0
Hum_XLOC_036412,False,,,0,0,0
Hum_XLOC_036413,False,,,0,0,0
Hum_XLOC_036414,False,,,0,0,0
Hum_XLOC_036415,True,0.0,,0,0,0
Hum_XLOC_036416,False,,,0,0,0
Hum_XLOC_036417,False,,,0,0,0
Hum_XLOC_036420,False,,,0,0,0
Hum_XLOC_036421,False,,,0,0,0
Hum_XLOC_036422,False,,,0,0,0
Hum_XLOC_036423,False,,,0,0,0
Hum_XLOC_036424,False,,,0,0,0
Hum_XLOC_036425,False,,,0,0,0
Hum_XLOC_036426,False,,,0,0,0
Hum_XLOC_036427,True,0.0,,0,0,0
Hum_XLOC_036432,False,,,0,0,0
Hum_XLOC_036433,False,,,0,0,0
Hum_XLOC_036434,False,,,0,0,0
Hum_XLOC_036435,False,,,0,0,0
Hum_XLOC_036436,False,,,0,0,0
Hum_XLOC_036437,False,,,0,0,0
Hum_XLOC_036439,False,,,0,0,0
Hum_XLOC_036440,True,0.0,,0,0,0
Hum_XLOC_036441,True,0.0,,0,0,0
Hum_XLOC_036442,False,,,0,0,0
Hum_XLOC_036443,False,,,0,0,0
Hum_XLOC_036445,False,,,0,0,0
Hum_XLOC_036447,False,,,0,0,0
Hum_XLOC_036448,False,,,0,0,0
Hum_XLOC_036450,False,,,0,0,0
Hum_XLOC_036451,True,0.0,,0,0,0
Hum_XLOC_036453,False,,,0,0,0
Hum_XLOC_036455,False,,,0,0,0
Hum_XLOC_036456,False,,,0,0,0
Hum_XLOC_036457,True,0.0,,0,0,0
Hum_XLOC_036458,True,0.0,,0,0,0
Hum_XLOC_036459,True,0.0,,0,0,0
Hum_XLOC_036460,False,,,0,0,0
Hum_XLOC_036461,False,,,0,0,0
Hum_XLOC_036467,False,,,0,0,0
Hum_XLOC_036469,False,,,0,0,0
Hum_XLOC_036470,False,,,0,0,0
Hum_XLOC_036471,False,,,0,0,0
Hum_XLOC_036473,False,,,0,0,0
Hum_XLOC_036474,False,,,0,0,0
Hum_XLOC_036475,False,,,0,0,0
Hum_XLOC_036476,False,,,0,0,0
Hum_XLOC_036477,False,,,0,0,0
Hum_XLOC_036478,False,,,0,0,0
Hum_XLOC_036479,False,,,0,0,0
Hum_XLOC_036480,False,,,0,0,0
Hum_XLOC_036481,False,,,0,0,0
Hum_XLOC_036485,False,,,0,0,0
Hum_XLOC_036487,False,,,0,0,0
Hum_XLOC_036488,False,,,0,0,0
Hum_XLOC_036489,False,,,0,0,0
Hum_XLOC_036490,False,,,0,0,0
Hum_XLOC_036491,False,,,0,0,0
Hum_XLOC_036492,False,,,0,0,0
Hum_XLOC_036493,False,,,0,0,0
Hum_XLOC_036494,False,,,0,0,0
Hum_XLOC_036497,False,,,0,0,0
Hum_XLOC_036499,False,,,0,0,0
Hum_XLOC_036500,False,,,0,0,0
Hum_XLOC_036502,False,,,0,0,0
Hum_XLOC_036503,False,,,0,0,0
Hum_XLOC_036504,False,,,0,0,0
Hum_XLOC_036505,False,,,0,0,0
Hum_XLOC_036506,False,,,0,0,0
Hum_XLOC_036507,False,,,0,0,0
Hum_XLOC_036511,False,,,0,0,0
Hum_XLOC_036515,False,,,0,0,0
Hum_XLOC_036516,False,,,0,0,0
Hum_XLOC_036517,False,,,0,0,0
Hum_XLOC_036519,False,,,0,0,0
Hum_XLOC_036521,False,,,0,0,0
Hum_XLOC_036523,True,0.0,,0,0,0
Hum_XLOC_036524,False,,,0,0,0
Hum_XLOC_036527,False,,,0,0,0
Hum_XLOC_036531,False,,,0,0,0
Hum_XLOC_036534,False,,,0,0,0
Hum_XLOC_036536,False,,,0,0,0
Hum_XLOC_036538,False,,,0,0,0
Hum_XLOC_036539,False,,,0,0,0
Hum_XLOC_036540,False,,,0,0,0
Hum_XLOC_036541,False,,,0,0,0
Hum_XLOC_036542,False,,,0,0,0
Hum_XLOC_036543,False,,,0,0,0
Hum_XLOC_036544,False,,,0,0,0
Hum_XLOC_036545,False,,,0,0,0
Hum_XLOC_036546,False,,,0,0,0
Hum_XLOC_036547,True,0.0,,0,0,0
Hum_XLOC_036548,False,,,0,0,0
Hum_XLOC_036549,False,,,0,0,0
Hum_XLOC_036550,False,,,0,0,0
Hum_XLOC_036551,False,,,0,0,0
Hum_XLOC_036552,False,,,0,0,0
Hum_XLOC_036553,False,,,0,0,0
Hum_XLOC_036555,False,,,0,0,0
Hum_XLOC_036556,False,,,0,0,0
Hum_XLOC_036557,False,,,0,0,0
Hum_XLOC_036558,False,,,0,0,0
Hum_XLOC_036559,False,,,0,0,0
Hum_XLOC_036560,False,,,0,0,0
Hum_XLOC_036561,False,,,0,0,0
Hum_XLOC_036562,False,,,0,0,0
Hum_XLOC_036563,False,,,0,0,0
Hum_XLOC_036564,True,0.0,,0,0,0
Hum_XLOC_036565,False,,,0,0,0
Hum_XLOC_036567,False,,,0,0,0
Hum_XLOC_036569,False,,,0,0,0
Hum_XLOC_036570,False,,,0,0,0
Hum_XLOC_036572,False,,,0,0,0
Hum_XLOC_036573,True,0.0,,0,0,0
Hum_XLOC_036577,False,,,0,0,0
Hum_XLOC_036578,False,,,0,0,0
Hum_XLOC_036579,False,,,0,0,0
Hum_XLOC_036583,False,,,0,0,0
Hum_XLOC_036584,False,,,0,0,0
Hum_XLOC_036585,False,,,0,0,0
Hum_XLOC_036587,False,,,0,0,0
Hum_XLOC_036588,False,,,0,0,0
Hum_XLOC_036589,True,0.0,,0,0,0
Hum_XLOC_036590,False,,,0,0,0
Hum_XLOC_036591,False,,,0,0,0
Hum_XLOC_036592,True,0.0,,0,0,0
Hum_XLOC_036593,False,,,0,0,0
Hum_XLOC_036594,True,0.0,,0,0,0
Hum_XLOC_036595,False,,,0,0,0
Hum_XLOC_036596,True,0.0,,0,0,0
Hum_XLOC_036597,False,,,0,0,0
Hum_XLOC_036598,False,,,0,0,0
Hum_XLOC_036599,False,,,0,0,0
Hum_XLOC_036600,True,0.0,,0,0,0
Hum_XLOC_036607,False,,,0,0,0
Hum_XLOC_036609,False,,,0,0,0
Hum_XLOC_036610,True,0.0,,0,0,0
Hum_XLOC_036611,True,0.0,,0,0,0
Hum_XLOC_036615,True,0.0,,0,0,0
Hum_XLOC_036616,False,,,0,0,0
Hum_XLOC_036617,True,0.0,,0,0,0
Hum_XLOC_036618,False,,,0,0,0
Hum_XLOC_036619,False,,,0,0,0
Hum_XLOC_036623,False,,,0,0,0
Hum_XLOC_036625,False,,,0,0,0
Hum_XLOC_036627,False,,,0,0,0
Hum_XLOC_036628,False,,,0,0,0
Hum_XLOC_036629,False,,,0,0,0
Hum_XLOC_036630,False,,,0,0,0
Hum_XLOC_036632,False,,,0,0,0
Hum_XLOC_036633,False,,,0,0,0
Hum_XLOC_036634,False,,,0,0,0
Hum_XLOC_036635,False,,,0,0,0
Hum_XLOC_036638,False,,,0,0,0
Hum_XLOC_036639,False,,,0,0,0
Hum_XLOC_036647,False,,,0,0,0
Hum_XLOC_036648,True,0.0,,0,0,0
Hum_XLOC_036649,True,0.0,,0,0,0
Hum_XLOC_036650,False,,,0,0,0
Hum_XLOC_036652,True,0.0,,0,0,0
Hum_XLOC_036653,False,,,0,0,0
Hum_XLOC_036654,True,0.0,,0,0,0
Hum_XLOC_036655,True,0.0,,0,0,0
Hum_XLOC_036659,False,,,0,0,0
Hum_XLOC_036660,False,,,0,0,0
Hum_XLOC_036661,False,,,0,0,0
Hum_XLOC_036662,False,,,0,0,0
Hum_XLOC_036663,False,,,0,0,0
Hum_XLOC_036664,True,0.0,,0,0,0
Hum_XLOC_036666,False,,,0,0,0
Hum_XLOC_036668,False,,,0,0,0
Hum_XLOC_036669,True,0.0,,0,0,0
Hum_XLOC_036673,False,,,0,0,0
Hum_XLOC_036674,False,,,0,0,0
Hum_XLOC_036675,False,,,0,0,0
Hum_XLOC_036676,False,,,0,0,0
Hum_XLOC_036677,False,,,0,0,0
Hum_XLOC_036678,False,,,0,0,0
Hum_XLOC_036679,True,0.0,,0,0,0
Hum_XLOC_036680,False,,,0,0,0
Hum_XLOC_036681,False,,,0,0,0
Hum_XLOC_036682,False,,,0,0,0
Hum_XLOC_036683,False,,,0,0,0
Hum_XLOC_036685,False,,,0,0,0
Hum_XLOC_036686,False,,,0,0,0
Hum_XLOC_036689,False,,,0,0,0
Hum_XLOC_036690,False,,,0,0,0
Hum_XLOC_036691,False,,,0,0,0
Hum_XLOC_036692,False,,,0,0,0
Hum_XLOC_036693,False,,,0,0,0
Hum_XLOC_036694,False,,,0,0,0
Hum_XLOC_036695,False,,,0,0,0
Hum_XLOC_036697,False,,,0,0,0
Hum_XLOC_036698,False,,,0,0,0
Hum_XLOC_036700,False,,,0,0,0
Hum_XLOC_036701,False,,,0,0,0
Hum_XLOC_036702,False,,,0,0,0
Hum_XLOC_036703,False,,,0,0,0
Hum_XLOC_036704,False,,,0,0,0
Hum_XLOC_036705,False,,,0,0,0
Hum_XLOC_036706,False,,,0,0,0
Hum_XLOC_036716,False,,,0,0,0
Hum_XLOC_036717,False,,,0,0,0
Hum_XLOC_036718,False,,,0,0,0
Hum_XLOC_036719,True,0.0,,0,0,0
Hum_XLOC_036720,False,,,0,0,0
Hum_XLOC_036721,False,,,0,0,0
Hum_XLOC_036722,False,,,0,0,0
Hum_XLOC_036723,True,0.0,,0,0,0
Hum_XLOC_036724,False,,,0,0,0
Hum_XLOC_036725,True,0.0,,0,0,0
Hum_XLOC_036726,False,,,0,0,0
Hum_XLOC_036727,True,0.0,,0,0,0
Hum_XLOC_036728,False,,,0,0,0
Hum_XLOC_036735,False,,,0,0,0
Hum_XLOC_036736,False,,,0,0,0
Hum_XLOC_036741,False,,,0,0,0
Hum_XLOC_036743,False,,,0,0,0
Hum_XLOC_036745,False,,,0,0,0
Hum_XLOC_036747,False,,,0,0,0
Hum_XLOC_036748,True,0.0,,0,0,0
Hum_XLOC_036751,False,,,0,0,0
Hum_XLOC_036762,False,,,0,0,0
Hum_XLOC_036764,False,,,0,0,0
Hum_XLOC_036765,True,0.0,,0,0,0
Hum_XLOC_036766,False,,,0,0,0
Hum_XLOC_036768,False,,,0,0,0
Hum_XLOC_036769,True,0.0,,0,0,0
Hum_XLOC_036770,False,,,0,0,0
Hum_XLOC_036772,False,,,0,0,0
Hum_XLOC_036776,False,,,0,0,0
Hum_XLOC_036777,False,,,0,0,0
Hum_XLOC_036779,False,,,0,0,0
Hum_XLOC_036782,False,,,0,0,0
Hum_XLOC_036783,False,,,0,0,0
Hum_XLOC_036785,False,,,0,0,0
Hum_XLOC_036786,False,,,0,0,0
Hum_XLOC_036787,False,,,0,0,0
Hum_XLOC_036790,False,,,0,0,0
Hum_XLOC_036791,False,,,0,0,0
Hum_XLOC_036794,True,0.0,,0,0,0
Hum_XLOC_036796,True,0.0,,0,0,0
Hum_XLOC_036797,False,,,0,0,0
Hum_XLOC_036803,False,,,0,0,0
Hum_XLOC_036805,True,0.0,,0,0,0
Hum_XLOC_036806,False,,,0,0,0
Hum_XLOC_036810,False,,,0,0,0
Hum_XLOC_036811,False,,,0,0,0
Hum_XLOC_036812,False,,,0,0,0
Hum_XLOC_036814,True,0.0,,0,0,0
Hum_XLOC_036819,False,,,0,0,0
Hum_XLOC_036820,False,,,0,0,0
Hum_XLOC_036821,False,,,0,0,0
Hum_XLOC_036822,True,0.0,,0,0,0
Hum_XLOC_036823,True,0.0,,0,0,0
Hum_XLOC_036824,False,,,0,0,0
Hum_XLOC_036825,False,,,0,0,0
Hum_XLOC_036826,False,,,0,0,0
Hum_XLOC_036827,False,,,0,0,0
Hum_XLOC_036831,False,,,0,0,0
Hum_XLOC_036834,False,,,0,0,0
Hum_XLOC_036835,False,,,0,0,0
Hum_XLOC_036836,True,0.0,,0,0,0
Hum_XLOC_036841,False,,,0,0,0
Hum_XLOC_036844,True,0.0,,0,0,0
Hum_XLOC_036851,False,,,0,0,0
Hum_XLOC_036852,False,,,0,0,0
Hum_XLOC_036853,False,,,0,0,0
Hum_XLOC_036854,False,,,0,0,0
Hum_XLOC_036855,False,,,0,0,0
Hum_XLOC_036856,False,,,0,0,0
Hum_XLOC_036858,False,,,0,0,0
Hum_XLOC_036859,False,,,0,0,0
Hum_XLOC_036860,False,,,0,0,0
Hum_XLOC_036861,False,,,0,0,0
Hum_XLOC_036862,False,,,0,0,0
Hum_XLOC_036863,False,,,0,0,0
Hum_XLOC_036864,False,,,0,0,0
Hum_XLOC_036865,False,,,0,0,0
Hum_XLOC_036866,False,,,0,0,0
Hum_XLOC_036867,False,,,0,0,0
Hum_XLOC_036868,False,,,0,0,0
Hum_XLOC_036869,False,,,0,0,0
Hum_XLOC_036870,False,,,0,0,0
Hum_XLOC_036871,True,0.0,,0,0,0
Hum_XLOC_036875,True,0.0,,0,0,0
Hum_XLOC_036876,False,,,0,0,0
Hum_XLOC_036877,False,,,0,0,0
Hum_XLOC_036879,True,0.0,,0,0,0
Hum_XLOC_036880,False,,,0,0,0
Hum_XLOC_036884,False,,,0,0,0
Hum_XLOC_036885,False,,,0,0,0
Hum_XLOC_036887,False,,,0,0,0
Hum_XLOC_036888,False,,,0,0,0
Hum_XLOC_036889,False,,,0,0,0
Hum_XLOC_036890,False,,,0,0,0
Hum_XLOC_036891,False,,,0,0,0
Hum_XLOC_036892,False,,,0,0,0
Hum_XLOC_036894,False,,,0,0,0
Hum_XLOC_036895,False,,,0,0,0
Hum_XLOC_036901,False,,,0,0,0
Hum_XLOC_036906,False,,,0,0,0
Hum_XLOC_036907,False,,,0,0,0
Hum_XLOC_036911,True,0.0,,0,0,0
Hum_XLOC_036912,False,,,0,0,0
Hum_XLOC_036916,True,0.0,,0,0,0
Hum_XLOC_036917,False,,,0,0,0
Hum_XLOC_036918,False,,,0,0,0
Hum_XLOC_036920,False,,,0,0,0
Hum_XLOC_036921,False,,,0,0,0
Hum_XLOC_036922,False,,,0,0,0
Hum_XLOC_036925,False,,,0,0,0
Hum_XLOC_036926,False,,,0,0,0
Hum_XLOC_036932,False,,,0,0,0
Hum_XLOC_036933,False,,,0,0,0
Hum_XLOC_036934,False,,,0,0,0
Hum_XLOC_036935,False,,,0,0,0
Hum_XLOC_036936,False,,,0,0,0
Hum_XLOC_036937,False,,,0,0,0
Hum_XLOC_036938,False,,,0,0,0
Hum_XLOC_036939,False,,,0,0,0
Hum_XLOC_036940,False,,,0,0,0
Hum_XLOC_036941,False,,,0,0,0
Hum_XLOC_036942,True,0.0,,0,0,0
Hum_XLOC_036943,False,,,0,0,0
Hum_XLOC_036944,False,,,0,0,0
Hum_XLOC_036945,False,,,0,0,0
Hum_XLOC_036946,False,,,0,0,0
Hum_XLOC_036947,False,,,0,0,0
Hum_XLOC_036948,False,,,0,0,0
Hum_XLOC_036949,False,,,0,0,0
Hum_XLOC_036951,False,,,0,0,0
Hum_XLOC_036952,False,,,0,0,0
Hum_XLOC_036953,False,,,0,0,0
Hum_XLOC_036954,False,,,0,0,0
Hum_XLOC_036955,False,,,0,0,0
Hum_XLOC_036956,False,,,0,0,0
Hum_XLOC_036957,True,0.0,,0,0,0
Hum_XLOC_036958,True,0.0,,0,0,0
Hum_XLOC_036959,False,,,0,0,0
Hum_XLOC_036960,False,,,0,0,0
Hum_XLOC_036961,False,,,0,0,0
Hum_XLOC_036962,False,,,0,0,0
Hum_XLOC_036963,False,,,0,0,0
Hum_XLOC_036964,False,,,0,0,0
Hum_XLOC_036965,True,0.0,,0,0,0
Hum_XLOC_036966,False,,,0,0,0
Hum_XLOC_036967,False,,,0,0,0
Hum_XLOC_036968,True,0.0,,0,0,0
Hum_XLOC_036969,False,,,0,0,0
Hum_XLOC_036970,False,,,0,0,0
Hum_XLOC_036971,False,,,0,0,0
Hum_XLOC_036972,False,,,0,0,0
Hum_XLOC_036973,False,,,0,0,0
Hum_XLOC_036974,False,,,0,0,0
Hum_XLOC_036976,False,,,0,0,0
Hum_XLOC_036977,False,,,0,0,0
Hum_XLOC_036978,False,,,0,0,0
Hum_XLOC_036979,False,,,0,0,0
Hum_XLOC_036980,False,,,0,0,0
Hum_XLOC_036984,False,,,0,0,0
Hum_XLOC_036986,False,,,0,0,0
Hum_XLOC_036988,False,,,0,0,0
Hum_XLOC_036989,False,,,0,0,0
Hum_XLOC_036990,False,,,0,0,0
Hum_XLOC_036991,False,,,0,0,0
Hum_XLOC_036992,False,,,0,0,0
Hum_XLOC_036993,False,,,0,0,0
Hum_XLOC_036994,False,,,0,0,0
Hum_XLOC_036995,False,,,0,0,0
Hum_XLOC_036996,True,0.0,,0,0,0
Hum_XLOC_036997,True,0.0,,0,0,0
Hum_XLOC_036998,True,0.0,,0,0,0
Hum_XLOC_036999,False,,,0,0,0
Hum_XLOC_037000,False,,,0,0,0
Hum_XLOC_037001,False,,,0,0,0
Hum_XLOC_037002,False,,,0,0,0
Hum_XLOC_037003,False,,,0,0,0
Hum_XLOC_037007,False,,,0,0,0
Hum_XLOC_037009,False,,,0,0,0
Hum_XLOC_037010,False,,,0,0,0
Hum_XLOC_037011,False,,,0,0,0
Hum_XLOC_037012,False,,,0,0,0
Hum_XLOC_037013,False,,,0,0,0
Hum_XLOC_037015,False,,,0,0,0
Hum_XLOC_037018,False,,,0,0,0
Hum_XLOC_037019,False,,,0,0,0
Hum_XLOC_037021,True,0.0,,0,0,0
Hum_XLOC_037022,False,,,0,0,0
Hum_XLOC_037023,False,,,0,0,0
Hum_XLOC_037024,False,,,0,0,0
Hum_XLOC_037025,False,,,0,0,0
Hum_XLOC_037026,False,,,0,0,0
Hum_XLOC_037027,False,,,0,0,0
Hum_XLOC_037029,True,0.0,,0,0,0
Hum_XLOC_037030,False,,,0,0,0
Hum_XLOC_037031,False,,,0,0,0
Hum_XLOC_037032,False,,,0,0,0
Hum_XLOC_037033,False,,,0,0,0
Hum_XLOC_037034,False,,,0,0,0
Hum_XLOC_037035,True,0.0,,0,0,0
Hum_XLOC_037037,False,,,0,0,0
Hum_XLOC_037038,False,,,0,0,0
Hum_XLOC_037039,False,,,0,0,0
Hum_XLOC_037041,False,,,0,0,0
Hum_XLOC_037047,False,,,0,0,0
Hum_XLOC_037052,False,,,0,0,0
Hum_XLOC_037055,False,,,0,0,0
Hum_XLOC_037056,False,,,0,0,0
Hum_XLOC_037058,True,0.0,,0,0,0
Hum_XLOC_037059,False,,,0,0,0
Hum_XLOC_037061,False,,,0,0,0
Hum_XLOC_037063,False,,,0,0,0
Hum_XLOC_037064,False,,,0,0,0
Hum_XLOC_037065,False,,,0,0,0
Hum_XLOC_037066,False,,,0,0,0
Hum_XLOC_037067,False,,,0,0,0
Hum_XLOC_037068,False,,,0,0,0
Hum_XLOC_037069,False,,,0,0,0
Hum_XLOC_037070,False,,,0,0,0
Hum_XLOC_037071,False,,,0,0,0
Hum_XLOC_037072,False,,,0,0,0
Hum_XLOC_037073,False,,,0,0,0
Hum_XLOC_037074,False,,,0,0,0
Hum_XLOC_037075,False,,,0,0,0
Hum_XLOC_037076,False,,,0,0,0
Hum_XLOC_037077,False,,,0,0,0
Hum_XLOC_037078,True,0.0,,0,0,0
Hum_XLOC_037079,False,,,0,0,0
Hum_XLOC_037080,False,,,0,0,0
Hum_XLOC_037081,False,,,0,0,0
Hum_XLOC_037082,False,,,0,0,0
Hum_XLOC_037083,False,,,0,0,0
Hum_XLOC_037084,False,,,0,0,0
Hum_XLOC_037085,False,,,0,0,0
Hum_XLOC_037086,False,,,0,0,0
Hum_XLOC_037087,False,,,0,0,0
Hum_XLOC_037089,False,,,0,0,0
Hum_XLOC_037090,True,0.0,,0,0,0
Hum_XLOC_037091,True,0.0,,0,0,0
Hum_XLOC_037092,True,0.0,,0,0,0
Hum_XLOC_037093,False,,,0,0,0
Hum_XLOC_037094,False,,,0,0,0
Hum_XLOC_037095,False,,,0,0,0
Hum_XLOC_037096,False,,,0,0,0
Hum_XLOC_037097,False,,,0,0,0
Hum_XLOC_037098,False,,,0,0,0
Hum_XLOC_037099,False,,,0,0,0
Hum_XLOC_037100,False,,,0,0,0
Hum_XLOC_037101,True,0.0,,0,0,0
Hum_XLOC_037102,False,,,0,0,0
Hum_XLOC_037103,False,,,0,0,0
Hum_XLOC_037104,False,,,0,0,0
Hum_XLOC_037105,False,,,0,0,0
Hum_XLOC_037106,False,,,0,0,0
Hum_XLOC_037107,False,,,0,0,0
Hum_XLOC_037108,False,,,0,0,0
Hum_XLOC_037109,False,,,0,0,0
Hum_XLOC_037110,False,,,0,0,0
Hum_XLOC_037111,False,,,0,0,0
Hum_XLOC_037112,False,,,0,0,0
Hum_XLOC_037113,False,,,0,0,0
Hum_XLOC_037114,False,,,0,0,0
Hum_XLOC_037116,False,,,0,0,0
Hum_XLOC_037117,True,0.0,,0,0,0
Hum_XLOC_037118,True,0.0,,0,0,0
Hum_XLOC_037119,False,,,0,0,0
Hum_XLOC_037123,False,,,0,0,0
Hum_XLOC_037126,False,,,0,0,0
Hum_XLOC_037127,False,,,0,0,0
Hum_XLOC_037128,False,,,0,0,0
Hum_XLOC_037129,False,,,0,0,0
Hum_XLOC_037131,False,,,0,0,0
Hum_XLOC_037132,False,,,0,0,0
Hum_XLOC_037133,True,0.0,,0,0,0
Hum_XLOC_037136,False,,,0,0,0
Hum_XLOC_037139,False,,,0,0,0
Hum_XLOC_037141,False,,,0,0,0
Hum_XLOC_037142,True,0.0,,0,0,0
Hum_XLOC_037143,False,,,0,0,0
Hum_XLOC_037145,True,0.0,,0,0,0
Hum_XLOC_037146,False,,,0,0,0
Hum_XLOC_037147,False,,,0,0,0
Hum_XLOC_037149,True,0.0,,0,0,0
Hum_XLOC_037151,False,,,0,0,0
Hum_XLOC_037153,False,,,0,0,0
Hum_XLOC_037156,False,,,0,0,0
Hum_XLOC_037160,False,,,0,0,0
Hum_XLOC_037161,False,,,0,0,0
Hum_XLOC_037162,True,0.0,,0,0,0
Hum_XLOC_037165,False,,,0,0,0
Hum_XLOC_037167,False,,,0,0,0
Hum_XLOC_037168,False,,,0,0,0
Hum_XLOC_037169,False,,,0,0,0
Hum_XLOC_037171,False,,,0,0,0
Hum_XLOC_037172,False,,,0,0,0
Hum_XLOC_037173,True,0.0,,0,0,0
Hum_XLOC_037174,False,,,0,0,0
Hum_XLOC_037175,False,,,0,0,0
Hum_XLOC_037176,True,0.0,,0,0,0
Hum_XLOC_037177,False,,,0,0,0
Hum_XLOC_037178,False,,,0,0,0
Hum_XLOC_037180,False,,,0,0,0
Hum_XLOC_037181,False,,,0,0,0
Hum_XLOC_037182,True,0.0,,0,0,0
Hum_XLOC_037183,False,,,0,0,0
Hum_XLOC_037184,False,,,0,0,0
Hum_XLOC_037185,False,,,0,0,0
Hum_XLOC_037186,False,,,0,0,0
Hum_XLOC_037187,False,,,0,0,0
Hum_XLOC_037188,False,,,0,0,0
Hum_XLOC_037189,False,,,0,0,0
Hum_XLOC_037192,True,0.0,,0,0,0
Hum_XLOC_037195,False,,,0,0,0
Hum_XLOC_037196,True,0.0,,0,0,0
Hum_XLOC_037199,False,,,0,0,0
Hum_XLOC_037200,False,,,0,0,0
Hum_XLOC_037204,False,,,0,0,0
Hum_XLOC_037206,False,,,0,0,0
Hum_XLOC_037208,False,,,0,0,0
Hum_XLOC_037209,False,,,0,0,0
Hum_XLOC_037210,False,,,0,0,0
Hum_XLOC_037211,False,,,0,0,0
Hum_XLOC_037212,False,,,0,0,0
Hum_XLOC_037213,False,,,0,0,0
Hum_XLOC_037215,False,,,0,0,0
Hum_XLOC_037217,False,,,0,0,0
Hum_XLOC_037218,False,,,0,0,0
Hum_XLOC_037219,True,0.0,,0,0,0
Hum_XLOC_037220,False,,,0,0,0
Hum_XLOC_037222,False,,,0,0,0
Hum_XLOC_037223,False,,,0,0,0
Hum_XLOC_037225,True,0.0,,0,0,0
Hum_XLOC_037226,False,,,0,0,0
Hum_XLOC_037227,False,,,0,0,0
Hum_XLOC_037241,False,,,0,0,0
Hum_XLOC_037243,False,,,0,0,0
Hum_XLOC_037244,False,,,0,0,0
Hum_XLOC_037245,False,,,0,0,0
Hum_XLOC_037246,False,,,0,0,0
Hum_XLOC_037247,False,,,0,0,0
Hum_XLOC_037251,False,,,0,0,0
Hum_XLOC_037256,True,0.0,,0,0,0
Hum_XLOC_037262,False,,,0,0,0
Hum_XLOC_037263,False,,,0,0,0
Hum_XLOC_037264,False,,,0,0,0
Hum_XLOC_037265,False,,,0,0,0
Hum_XLOC_037266,False,,,0,0,0
Hum_XLOC_037269,False,,,0,0,0
Hum_XLOC_037270,False,,,0,0,0
Hum_XLOC_037271,False,,,0,0,0
Hum_XLOC_037272,False,,,0,0,0
Hum_XLOC_037273,False,,,0,0,0
Hum_XLOC_037274,False,,,0,0,0
Hum_XLOC_037275,False,,,0,0,0
Hum_XLOC_037276,False,,,0,0,0
Hum_XLOC_037277,False,,,0,0,0
Hum_XLOC_037278,False,,,0,0,0
Hum_XLOC_037280,False,,,0,0,0
Hum_XLOC_037281,False,,,0,0,0
Hum_XLOC_037282,False,,,0,0,0
Hum_XLOC_037283,True,0.0,,0,0,0
Hum_XLOC_037284,False,,,0,0,0
Hum_XLOC_037285,False,,,0,0,0
Hum_XLOC_037286,False,,,0,0,0
Hum_XLOC_037287,False,,,0,0,0
Hum_XLOC_037288,False,,,0,0,0
Hum_XLOC_037289,False,,,0,0,0
Hum_XLOC_037290,False,,,0,0,0
Hum_XLOC_037291,False,,,0,0,0
Hum_XLOC_037292,False,,,0,0,0
Hum_XLOC_037295,True,0.0,,0,0,0
Hum_XLOC_037296,False,,,0,0,0
Hum_XLOC_037297,False,,,0,0,0
Hum_XLOC_037298,False,,,0,0,0
Hum_XLOC_037299,False,,,0,0,0
Hum_XLOC_037300,False,,,0,0,0
Hum_XLOC_037301,False,,,0,0,0
Hum_XLOC_037302,False,,,0,0,0
Hum_XLOC_037303,True,0.0,,0,0,0
Hum_XLOC_037304,False,,,0,0,0
Hum_XLOC_037305,False,,,0,0,0
Hum_XLOC_037306,False,,,0,0,0
Hum_XLOC_037307,True,0.0,,0,0,0
Hum_XLOC_037308,True,0.0,,0,0,0
Hum_XLOC_037309,False,,,0,0,0
Hum_XLOC_037310,False,,,0,0,0
Hum_XLOC_037311,False,,,0,0,0
Hum_XLOC_037314,True,0.0,,0,0,0
Hum_XLOC_037315,True,0.0,,0,0,0
Hum_XLOC_037316,False,,,0,0,0
Hum_XLOC_037317,False,,,0,0,0
Hum_XLOC_037318,False,,,0,0,0
Hum_XLOC_037319,True,0.0,,0,0,0
Hum_XLOC_037320,False,,,0,0,0
Hum_XLOC_037321,False,,,0,0,0
Hum_XLOC_037323,False,,,0,0,0
Hum_XLOC_037324,False,,,0,0,0
Hum_XLOC_037325,False,,,0,0,0
Hum_XLOC_037327,False,,,0,0,0
Hum_XLOC_037329,False,,,0,0,0
Hum_XLOC_037355,False,,,0,0,0
Hum_XLOC_037357,False,,,0,0,0
Hum_XLOC_037358,False,,,0,0,0
Hum_XLOC_037359,True,0.0,,0,0,0
Hum_XLOC_037361,False,,,0,0,0
Hum_XLOC_037362,False,,,0,0,0
Hum_XLOC_037363,False,,,0,0,0
Hum_XLOC_037364,False,,,0,0,0
Hum_XLOC_037365,False,,,0,0,0
Hum_XLOC_037366,False,,,0,0,0
Hum_XLOC_037367,False,,,0,0,0
Hum_XLOC_037368,True,0.0,,0,0,0
Hum_XLOC_037369,False,,,0,0,0
Hum_XLOC_037370,False,,,0,0,0
Hum_XLOC_037371,True,0.0,,0,0,0
Hum_XLOC_037375,False,,,0,0,0
Hum_XLOC_037380,False,,,0,0,0
Hum_XLOC_037381,False,,,0,0,0
Hum_XLOC_037382,False,,,0,0,0
Hum_XLOC_037383,False,,,0,0,0
Hum_XLOC_037391,True,0.0,,0,0,0
Hum_XLOC_037392,True,0.0,,0,0,0
Hum_XLOC_037395,False,,,0,0,0
Hum_XLOC_037397,False,,,0,0,0
Hum_XLOC_037398,False,,,0,0,0
Hum_XLOC_037400,False,,,0,0,0
Hum_XLOC_037401,True,0.0,,0,0,0
Hum_XLOC_037402,True,0.0,,0,0,0
Hum_XLOC_037403,False,,,0,0,0
Hum_XLOC_037406,True,0.0,,0,0,0
Hum_XLOC_037407,False,,,0,0,0
Hum_XLOC_037410,False,,,0,0,0
Hum_XLOC_037413,False,,,0,0,0
Hum_XLOC_037414,False,,,0,0,0
Hum_XLOC_037416,False,,,0,0,0
Hum_XLOC_037417,False,,,0,0,0
Hum_XLOC_037427,False,,,0,0,0
Hum_XLOC_037429,False,,,0,0,0
Hum_XLOC_037430,False,,,0,0,0
Hum_XLOC_037431,False,,,0,0,0
Hum_XLOC_037432,False,,,0,0,0
Hum_XLOC_037433,False,,,0,0,0
Hum_XLOC_037434,False,,,0,0,0
Hum_XLOC_037438,True,0.0,,0,0,0
Hum_XLOC_037439,False,,,0,0,0
Hum_XLOC_037440,False,,,0,0,0
Hum_XLOC_037441,True,0.0,,0,0,0
Hum_XLOC_037442,False,,,0,0,0
Hum_XLOC_037443,False,,,0,0,0
Hum_XLOC_037444,False,,,0,0,0
Hum_XLOC_037445,False,,,0,0,0
Hum_XLOC_037446,True,0.0,,0,0,0
Hum_XLOC_037447,True,0.0,,0,0,0
Hum_XLOC_037449,False,,,0,0,0
Hum_XLOC_037450,False,,,0,0,0
Hum_XLOC_037451,False,,,0,0,0
Hum_XLOC_037452,False,,,0,0,0
Hum_XLOC_037455,False,,,0,0,0
Hum_XLOC_037456,False,,,0,0,0
Hum_XLOC_037457,False,,,0,0,0
Hum_XLOC_037460,False,,,0,0,0
Hum_XLOC_037462,False,,,0,0,0
Hum_XLOC_037463,False,,,0,0,0
Hum_XLOC_037465,True,0.0,,0,0,0
Hum_XLOC_037466,True,0.0,,0,0,0
Hum_XLOC_037467,False,,,0,0,0
Hum_XLOC_037468,False,,,0,0,0
Hum_XLOC_037473,False,,,0,0,0
Hum_XLOC_037475,False,,,0,0,0
Hum_XLOC_037476,False,,,0,0,0
Hum_XLOC_037478,False,,,0,0,0
Hum_XLOC_037485,False,,,0,0,0
Hum_XLOC_037486,True,,,0,0,0
Hum_XLOC_037493,False,,,0,0,0
Hum_XLOC_037494,False,,,0,0,0
Hum_XLOC_037496,False,,,0,0,0
Hum_XLOC_037497,True,0.0,,0,0,0
Hum_XLOC_037498,False,,,0,0,0
Hum_XLOC_037499,False,,,0,0,0
Hum_XLOC_037500,False,,,0,0,0
Hum_XLOC_037501,True,0.0,,0,0,0
Hum_XLOC_037502,False,,,0,0,0
Hum_XLOC_037514,False,,,0,0,0
Hum_XLOC_037516,False,,,0,0,0
Hum_XLOC_037518,False,,,0,0,0
Hum_XLOC_037520,False,,,0,0,0
Hum_XLOC_037521,False,,,0,0,0
Hum_XLOC_037522,False,,,0,0,0
Hum_XLOC_037523,True,0.0,,0,0,0
Hum_XLOC_037525,False,,,0,0,0
Hum_XLOC_037526,False,,,0,0,0
Hum_XLOC_037527,False,,,0,0,0
Hum_XLOC_037528,False,,,0,0,0
Hum_XLOC_037529,False,,,0,0,0
Hum_XLOC_037530,False,,,0,0,0
Hum_XLOC_037531,False,,,0,0,0
Hum_XLOC_037533,False,,,0,0,0
Hum_XLOC_037534,True,0.0,,0,0,0
Hum_XLOC_037535,False,,,0,0,0
Hum_XLOC_037536,False,,,0,0,0
Hum_XLOC_037537,False,,,0,0,0
Hum_XLOC_037539,False,,,0,0,0
Hum_XLOC_037540,True,0.0,,0,0,0
Hum_XLOC_037541,True,0.0,,0,0,0
Hum_XLOC_037542,False,,,0,0,0
Hum_XLOC_037543,False,,,0,0,0
Hum_XLOC_037547,False,,,0,0,0
Hum_XLOC_037548,False,,,0,0,0
Hum_XLOC_037549,False,,,0,0,0
Hum_XLOC_037550,True,0.0,,0,0,0
Hum_XLOC_037551,False,,,0,0,0
Hum_XLOC_037552,False,,,0,0,0
Hum_XLOC_037553,False,,,0,0,0
Hum_XLOC_037554,False,,,0,0,0
Hum_XLOC_037555,False,,,0,0,0
Hum_XLOC_037556,False,,,0,0,0
Hum_XLOC_037557,False,,,0,0,0
Hum_XLOC_037558,False,,,0,0,0
Hum_XLOC_037559,False,,,0,0,0
Hum_XLOC_037564,False,,,0,0,0
Hum_XLOC_037565,True,0.0,,0,0,0
Hum_XLOC_037567,False,,,0,0,0
Hum_XLOC_037568,False,,,0,0,0
Hum_XLOC_037569,False,,,0,0,0
Hum_XLOC_037570,True,0.0,,0,0,0
Hum_XLOC_037571,False,,,0,0,0
Hum_XLOC_037572,False,,,0,0,0
Hum_XLOC_037573,False,,,0,0,0
Hum_XLOC_037574,False,,,0,0,0
Hum_XLOC_037575,False,,,0,0,0
Hum_XLOC_037576,False,,,0,0,0
Hum_XLOC_037577,False,,,0,0,0
Hum_XLOC_037578,False,,,0,0,0
Hum_XLOC_037579,False,,,0,0,0
Hum_XLOC_037580,False,,,0,0,0
Hum_XLOC_037581,False,,,0,0,0
Hum_XLOC_037582,False,,,0,0,0
Hum_XLOC_037583,False,,,0,0,0
Hum_XLOC_037586,False,,,0,0,0
Hum_XLOC_037592,False,,,0,0,0
Hum_XLOC_037594,False,,,0,0,0
Hum_XLOC_037595,True,0.0,,0,0,0
Hum_XLOC_037596,False,,,0,0,0
Hum_XLOC_037597,False,,,0,0,0
Hum_XLOC_037598,False,,,0,0,0
Hum_XLOC_037599,True,0.0,,0,0,0
Hum_XLOC_037600,True,0.0,,0,0,0
Hum_XLOC_037604,True,0.0,,0,0,0
Hum_XLOC_037605,False,,,0,0,0
Hum_XLOC_037606,False,,,0,0,0
Hum_XLOC_037607,False,,,0,0,0
Hum_XLOC_037608,False,,,0,0,0
Hum_XLOC_037610,False,,,0,0,0
Hum_XLOC_037612,False,,,0,0,0
Hum_XLOC_037613,False,,,0,0,0
Hum_XLOC_037614,False,,,0,0,0
Hum_XLOC_037615,False,,,0,0,0
Hum_XLOC_037616,False,,,0,0,0
Hum_XLOC_037617,False,,,0,0,0
Hum_XLOC_037618,False,,,0,0,0
Hum_XLOC_037621,False,,,0,0,0
Hum_XLOC_037626,False,,,0,0,0
Hum_XLOC_037627,True,0.0,,0,0,0
Hum_XLOC_037628,False,,,0,0,0
Hum_XLOC_037629,False,,,0,0,0
Hum_XLOC_037630,False,,,0,0,0
Hum_XLOC_037633,False,,,0,0,0
Hum_XLOC_037634,False,,,0,0,0
Hum_XLOC_037635,False,,,0,0,0
Hum_XLOC_037636,False,,,0,0,0
Hum_XLOC_037637,False,,,0,0,0
Hum_XLOC_037638,True,0.0,,0,0,0
Hum_XLOC_037639,False,,,0,0,0
Hum_XLOC_037640,False,,,0,0,0
Hum_XLOC_037645,False,,,0,0,0
Hum_XLOC_037646,True,0.0,,0,0,0
Hum_XLOC_037647,True,0.0,,0,0,0
Hum_XLOC_037649,False,,,0,0,0
Hum_XLOC_037650,False,,,0,0,0
Hum_XLOC_037655,False,,,0,0,0
Hum_XLOC_037656,False,,,0,0,0
Hum_XLOC_037657,False,,,0,0,0
Hum_XLOC_037658,False,,,0,0,0
Hum_XLOC_037660,True,0.0,,0,0,0
Hum_XLOC_037661,False,,,0,0,0
Hum_XLOC_037662,False,,,0,0,0
Hum_XLOC_037663,False,,,0,0,0
Hum_XLOC_037664,False,,,0,0,0
Hum_XLOC_037665,False,,,0,0,0
Hum_XLOC_037667,False,,,0,0,0
Hum_XLOC_037668,False,,,0,0,0
Hum_XLOC_037669,False,,,0,0,0
Hum_XLOC_037670,False,,,0,0,0
Hum_XLOC_037671,False,,,0,0,0
Hum_XLOC_037672,False,,,0,0,0
Hum_XLOC_037673,False,,,0,0,0
Hum_XLOC_037674,False,,,0,0,0
Hum_XLOC_037675,True,0.0,,0,0,0
Hum_XLOC_037676,False,,,0,0,0
Hum_XLOC_037677,False,,,0,0,0
Hum_XLOC_037678,True,0.0,,0,0,0
Hum_XLOC_037680,False,,,0,0,0
Hum_XLOC_037681,True,0.0,,0,0,0
Hum_XLOC_037686,False,,,0,0,0
Hum_XLOC_037688,False,,,0,0,0
Hum_XLOC_037689,True,0.0,,0,0,0
Hum_XLOC_037691,False,,,0,0,0
Hum_XLOC_037696,False,,,0,0,0
Hum_XLOC_037697,False,,,0,0,0
Hum_XLOC_037698,False,,,0,0,0
Hum_XLOC_037699,True,0.0,,0,0,0
Hum_XLOC_037700,False,,,0,0,0
Hum_XLOC_037701,False,,,0,0,0
Hum_XLOC_037702,False,,,0,0,0
Hum_XLOC_037703,False,,,0,0,0
Hum_XLOC_037704,False,,,0,0,0
Hum_XLOC_037705,False,,,0,0,0
Hum_XLOC_037706,False,,,0,0,0
Hum_XLOC_037707,False,,,0,0,0
Hum_XLOC_037708,False,,,0,0,0
Hum_XLOC_037709,True,0.0,,0,0,0
Hum_XLOC_037710,False,,,0,0,0
Hum_XLOC_037711,False,,,0,0,0
Hum_XLOC_037714,False,,,0,0,0
Hum_XLOC_037717,False,,,0,0,0
Hum_XLOC_037718,False,,,0,0,0
Hum_XLOC_037719,False,,,0,0,0
Hum_XLOC_037720,True,0.0,,0,0,0
Hum_XLOC_037721,False,,,0,0,0
Hum_XLOC_037723,False,,,0,0,0
Hum_XLOC_037726,True,0.0,,0,0,0
Hum_XLOC_037728,False,,,0,0,0
Hum_XLOC_037729,False,,,0,0,0
Hum_XLOC_037730,False,,,0,0,0
Hum_XLOC_037731,False,,,0,0,0
Hum_XLOC_037733,False,,,0,0,0
Hum_XLOC_037734,False,,,0,0,0
Hum_XLOC_037735,False,,,0,0,0
Hum_XLOC_037736,True,0.0,,0,0,0
Hum_XLOC_037737,False,,,0,0,0
Hum_XLOC_037745,False,,,0,0,0
Hum_XLOC_037746,False,,,0,0,0
Hum_XLOC_037747,True,0.0,,0,0,0
Hum_XLOC_037748,False,,,0,0,0
Hum_XLOC_037750,False,,,0,0,0
Hum_XLOC_037752,False,,,0,0,0
Hum_XLOC_037753,False,,,0,0,0
Hum_XLOC_037754,False,,,0,0,0
Hum_XLOC_037755,False,,,0,0,0
Hum_XLOC_037756,False,,,0,0,0
Hum_XLOC_037757,False,,,0,0,0
Hum_XLOC_037758,False,,,0,0,0
Hum_XLOC_037759,False,,,0,0,0
Hum_XLOC_037760,False,,,0,0,0
Hum_XLOC_037761,False,,,0,0,0
Hum_XLOC_037762,True,0.0,,0,0,0
Hum_XLOC_037763,False,,,0,0,0
Hum_XLOC_037764,False,,,0,0,0
Hum_XLOC_037766,False,,,0,0,0
Hum_XLOC_037767,False,,,0,0,0
Hum_XLOC_037768,True,0.0,,0,0,0
Hum_XLOC_037769,False,,,0,0,0
Hum_XLOC_037770,False,,,0,0,0
Hum_XLOC_037771,False,,,0,0,0
Hum_XLOC_037772,False,,,0,0,0
Hum_XLOC_037773,False,,,0,0,0
Hum_XLOC_037775,False,,,0,0,0
Hum_XLOC_037777,False,,,0,0,0
Hum_XLOC_037779,False,,,0,0,0
Hum_XLOC_037780,True,0.0,,0,0,0
Hum_XLOC_037781,True,0.0,,0,0,0
Hum_XLOC_037782,False,,,0,0,0
Hum_XLOC_037783,False,,,0,0,0
Hum_XLOC_037784,False,,,0,0,0
Hum_XLOC_037785,False,,,0,0,0
Hum_XLOC_037786,False,,,0,0,0
Hum_XLOC_037787,False,,,0,0,0
Hum_XLOC_037788,False,,,0,0,0
Hum_XLOC_037789,False,,,0,0,0
Hum_XLOC_037790,False,,,0,0,0
Hum_XLOC_037791,False,,,0,0,0
Hum_XLOC_037792,False,,,0,0,0
Hum_XLOC_037793,False,,,0,0,0
Hum_XLOC_037794,False,,,0,0,0
Hum_XLOC_037795,False,,,0,0,0
Hum_XLOC_037796,False,,,0,0,0
Hum_XLOC_037798,False,,,0,0,0
Hum_XLOC_037800,False,,,0,0,0
Hum_XLOC_037801,False,,,0,0,0
Hum_XLOC_037805,False,,,0,0,0
Hum_XLOC_037808,False,,,0,0,0
Hum_XLOC_037809,False,,,0,0,0
Hum_XLOC_037810,False,,,0,0,0
Hum_XLOC_037811,False,,,0,0,0
Hum_XLOC_037814,False,,,0,0,0
Hum_XLOC_037816,False,,,0,0,0
Hum_XLOC_037817,True,0.0,,0,0,0
Hum_XLOC_037818,False,,,0,0,0
Hum_XLOC_037819,True,0.0,,0,0,0
Hum_XLOC_037821,False,,,0,0,0
Hum_XLOC_037822,False,,,0,0,0
Hum_XLOC_037824,False,,,0,0,0
Hum_XLOC_037825,False,,,0,0,0
Hum_XLOC_037826,False,,,0,0,0
Hum_XLOC_037827,False,,,0,0,0
Hum_XLOC_037828,False,,,0,0,0
Hum_XLOC_037829,False,,,0,0,0
Hum_XLOC_037831,True,0.0,,0,0,0
Hum_XLOC_037834,True,0.0,,0,0,0
Hum_XLOC_037835,False,,,0,0,0
Hum_XLOC_037836,False,,,0,0,0
Hum_XLOC_037837,False,,,0,0,0
Hum_XLOC_037838,False,,,0,0,0
Hum_XLOC_037839,False,,,0,0,0
Hum_XLOC_037840,False,,,0,0,0
Hum_XLOC_037841,False,,,0,0,0
Hum_XLOC_037842,False,,,0,0,0
Hum_XLOC_037843,False,,,0,0,0
Hum_XLOC_037845,False,,,0,0,0
Hum_XLOC_037847,False,,,0,0,0
Hum_XLOC_037848,False,,,0,0,0
Hum_XLOC_037849,False,,,0,0,0
Hum_XLOC_037850,False,,,0,0,0
Hum_XLOC_037851,False,,,0,0,0
Hum_XLOC_037853,True,0.0,,0,0,0
Hum_XLOC_037856,True,0.0,,0,0,0
Hum_XLOC_037857,False,,,0,0,0
Hum_XLOC_037858,False,,,0,0,0
Hum_XLOC_037860,False,,,0,0,0
Hum_XLOC_037862,False,,,0,0,0
Hum_XLOC_037863,False,,,0,0,0
Hum_XLOC_037864,False,,,0,0,0
Hum_XLOC_037865,False,,,0,0,0
Hum_XLOC_037867,False,,,0,0,0
Hum_XLOC_037868,False,,,0,0,0
Hum_XLOC_037869,False,,,0,0,0
Hum_XLOC_037870,False,,,0,0,0
Hum_XLOC_037871,False,,,0,0,0
Hum_XLOC_037872,False,,,0,0,0
Hum_XLOC_037873,False,,,0,0,0
Hum_XLOC_037875,True,0.0,,0,0,0
Hum_XLOC_037878,False,,,0,0,0
Hum_XLOC_037879,False,,,0,0,0
Hum_XLOC_037882,False,,,0,0,0
Hum_XLOC_037883,True,0.0,,0,0,0
Hum_XLOC_037884,False,,,0,0,0
Hum_XLOC_037885,False,,,0,0,0
Hum_XLOC_037886,False,,,0,0,0
Hum_XLOC_037887,False,,,0,0,0
Hum_XLOC_037888,False,,,0,0,0
Hum_XLOC_037889,False,,,0,0,0
Hum_XLOC_037892,False,,,0,0,0
Hum_XLOC_037893,False,,,0,0,0
Hum_XLOC_037895,True,0.0,,0,0,0
Hum_XLOC_037896,False,,,0,0,0
Hum_XLOC_037898,False,,,0,0,0
Hum_XLOC_037899,False,,,0,0,0
Hum_XLOC_037900,True,0.0,,0,0,0
Hum_XLOC_037901,False,,,0,0,0
Hum_XLOC_037902,False,,,0,0,0
Hum_XLOC_037903,False,,,0,0,0
Hum_XLOC_037904,False,,,0,0,0
Hum_XLOC_037908,False,,,0,0,0
Hum_XLOC_037910,False,,,0,0,0
Hum_XLOC_037913,False,,,0,0,0
Hum_XLOC_037915,False,,,0,0,0
Hum_XLOC_037916,False,,,0,0,0
Hum_XLOC_037918,False,,,0,0,0
Hum_XLOC_037919,False,,,0,0,0
Hum_XLOC_037920,False,,,0,0,0
Hum_XLOC_037921,False,,,0,0,0
Hum_XLOC_037923,True,0.0,,0,0,0
Hum_XLOC_037928,False,,,0,0,0
Hum_XLOC_037929,False,,,0,0,0
Hum_XLOC_037931,True,0.0,,0,0,0
Hum_XLOC_037932,False,,,0,0,0
Hum_XLOC_037933,False,,,0,0,0
Hum_XLOC_037934,False,,,0,0,0
Hum_XLOC_037935,True,0.0,,0,0,0
Hum_XLOC_037936,False,,,0,0,0
Hum_XLOC_037940,True,0.0,,0,0,0
Hum_XLOC_037941,False,,,0,0,0
Hum_XLOC_037942,True,0.0,,0,0,0
Hum_XLOC_037943,False,,,0,0,0
Hum_XLOC_037944,True,0.0,,0,0,0
Hum_XLOC_037947,False,,,0,0,0
Hum_XLOC_037948,False,,,0,0,0
Hum_XLOC_037949,False,,,0,0,0
Hum_XLOC_037950,True,0.0,,0,0,0
Hum_XLOC_037951,True,0.0,,0,0,0
Hum_XLOC_037957,True,0.0,,0,0,0
Hum_XLOC_037958,False,,,0,0,0
Hum_XLOC_037961,False,,,0,0,0
Hum_XLOC_037962,False,,,0,0,0
Hum_XLOC_037963,False,,,0,0,0
Hum_XLOC_037964,False,,,0,0,0
Hum_XLOC_037965,False,,,0,0,0
Hum_XLOC_037966,False,,,0,0,0
Hum_XLOC_037967,False,,,0,0,0
Hum_XLOC_037968,False,,,0,0,0
Hum_XLOC_037969,False,,,0,0,0
Hum_XLOC_037970,True,0.0,,0,0,0
Hum_XLOC_037971,False,,,0,0,0
Hum_XLOC_037974,True,0.0,,0,0,0
Hum_XLOC_037977,False,,,0,0,0
Hum_XLOC_037981,True,0.0,,0,0,0
Hum_XLOC_037982,False,,,0,0,0
Hum_XLOC_037983,False,,,0,0,0
Hum_XLOC_037989,True,0.0,,0,0,0
Hum_XLOC_037990,False,,,0,0,0
Hum_XLOC_037991,False,,,0,0,0
Hum_XLOC_037992,False,,,0,0,0
Hum_XLOC_037994,False,,,0,0,0
Hum_XLOC_037996,False,,,0,0,0
Hum_XLOC_038000,True,0.0,,0,0,0
Hum_XLOC_038001,False,,,0,0,0
Hum_XLOC_038002,False,,,0,0,0
Hum_XLOC_038003,False,,,0,0,0
Hum_XLOC_038004,True,0.0,,0,0,0
Hum_XLOC_038006,False,,,0,0,0
Hum_XLOC_038008,False,,,0,0,0
Hum_XLOC_038009,False,,,0,0,0
Hum_XLOC_038010,False,,,0,0,0
Hum_XLOC_038011,False,,,0,0,0
Hum_XLOC_038012,True,0.0,,0,0,0
Hum_XLOC_038013,False,,,0,0,0
Hum_XLOC_038014,True,0.0,,0,0,0
Hum_XLOC_038015,True,0.0,,0,0,0
Hum_XLOC_038016,False,,,0,0,0
Hum_XLOC_038017,True,0.0,,0,0,0
Hum_XLOC_038018,False,,,0,0,0
Hum_XLOC_038019,True,0.0,,0,0,0
Hum_XLOC_038020,False,,,0,0,0
Hum_XLOC_038021,False,,,0,0,0
Hum_XLOC_038022,False,,,0,0,0
Hum_XLOC_038023,False,,,0,0,0
Hum_XLOC_038029,True,0.0,,0,0,0
Hum_XLOC_038031,True,0.0,,0,0,0
Hum_XLOC_038032,True,0.0,,0,0,0
Hum_XLOC_038033,True,0.0,,0,0,0
Hum_XLOC_038034,False,,,0,0,0
Hum_XLOC_038036,False,,,0,0,0
Hum_XLOC_038037,True,0.0,,0,0,0
Hum_XLOC_038038,True,0.0,,0,0,0
Hum_XLOC_038039,False,,,0,0,0
Hum_XLOC_038040,False,,,0,0,0
Hum_XLOC_038042,False,,,0,0,0
Hum_XLOC_038043,False,,,0,0,0
Hum_XLOC_038044,False,,,0,0,0
Hum_XLOC_038045,False,,,0,0,0
Hum_XLOC_038046,False,,,0,0,0
Hum_XLOC_038047,False,,,0,0,0
Hum_XLOC_038048,False,,,0,0,0
Hum_XLOC_038052,False,,,0,0,0
Hum_XLOC_038053,False,,,0,0,0
Hum_XLOC_038054,False,,,0,0,0
Hum_XLOC_038055,False,,,0,0,0
Hum_XLOC_038056,False,,,0,0,0
Hum_XLOC_038057,False,,,0,0,0
Hum_XLOC_038060,False,,,0,0,0
Hum_XLOC_038061,True,0.0,,0,0,0
Hum_XLOC_038062,False,,,0,0,0
Hum_XLOC_038063,True,0.0,,0,0,0
Hum_XLOC_038064,False,,,0,0,0
Hum_XLOC_038066,True,0.0,,0,0,0
Hum_XLOC_038067,False,,,0,0,0
Hum_XLOC_038068,False,,,0,0,0
Hum_XLOC_038069,False,,,0,0,0
Hum_XLOC_038072,False,,,0,0,0
Hum_XLOC_038073,False,,,0,0,0
Hum_XLOC_038075,False,,,0,0,0
Hum_XLOC_038076,False,,,0,0,0
Hum_XLOC_038077,False,,,0,0,0
Hum_XLOC_038078,False,,,0,0,0
Hum_XLOC_038079,False,,,0,0,0
Hum_XLOC_038080,False,,,0,0,0
Hum_XLOC_038081,False,,,0,0,0
Hum_XLOC_038082,False,,,0,0,0
Hum_XLOC_038085,False,,,0,0,0
Hum_XLOC_038086,False,,,0,0,0
Hum_XLOC_038087,False,,,0,0,0
Hum_XLOC_038088,True,0.0,,0,0,0
Hum_XLOC_038090,False,,,0,0,0
Hum_XLOC_038092,True,0.0,,0,0,0
Hum_XLOC_038095,False,,,0,0,0
Hum_XLOC_038098,False,,,0,0,0
Hum_XLOC_038099,False,,,0,0,0
Hum_XLOC_038100,False,,,0,0,0
Hum_XLOC_038101,False,,,0,0,0
Hum_XLOC_038102,False,,,0,0,0
Hum_XLOC_038104,False,,,0,0,0
Hum_XLOC_038105,False,,,0,0,0
Hum_XLOC_038107,False,,,0,0,0
Hum_XLOC_038108,True,0.0,,0,0,0
Hum_XLOC_038110,True,0.0,,0,0,0
Hum_XLOC_038112,False,,,0,0,0
Hum_XLOC_038115,True,0.0,,0,0,0
Hum_XLOC_038116,True,0.0,,0,0,0
Hum_XLOC_038118,False,,,0,0,0
Hum_XLOC_038121,False,,,0,0,0
Hum_XLOC_038122,False,,,0,0,0
Hum_XLOC_038123,False,,,0,0,0
Hum_XLOC_038124,False,,,0,0,0
Hum_XLOC_038125,False,,,0,0,0
Hum_XLOC_038126,True,0.0,,0,0,0
Hum_XLOC_038127,False,,,0,0,0
Hum_XLOC_038133,False,,,0,0,0
Hum_XLOC_038134,False,,,0,0,0
Hum_XLOC_038135,False,,,0,0,0
Hum_XLOC_038136,False,,,0,0,0
Hum_XLOC_038137,False,,,0,0,0
Hum_XLOC_038138,False,,,0,0,0
Hum_XLOC_038139,False,,,0,0,0
Hum_XLOC_038140,False,,,0,0,0
Hum_XLOC_038141,False,,,0,0,0
Hum_XLOC_038142,False,,,0,0,0
Hum_XLOC_038143,False,,,0,0,0
Hum_XLOC_038144,True,0.0,,0,0,0
Hum_XLOC_038146,False,,,0,0,0
Hum_XLOC_038147,False,,,0,0,0
Hum_XLOC_038148,False,,,0,0,0
Hum_XLOC_038149,False,,,0,0,0
Hum_XLOC_038150,True,0.0,,0,0,0
Hum_XLOC_038151,False,,,0,0,0
Hum_XLOC_038152,True,0.0,,0,0,0
Hum_XLOC_038153,False,,,0,0,0
Hum_XLOC_038154,False,,,0,0,0
Hum_XLOC_038155,True,0.0,,0,0,0
Hum_XLOC_038158,True,0.0,,0,0,0
Hum_XLOC_038159,False,,,0,0,0
Hum_XLOC_038160,False,,,0,0,0
Hum_XLOC_038161,False,,,0,0,0
Hum_XLOC_038162,False,,,0,0,0
Hum_XLOC_038163,False,,,0,0,0
Hum_XLOC_038164,False,,,0,0,0
Hum_XLOC_038165,False,,,0,0,0
Hum_XLOC_038166,False,,,0,0,0
Hum_XLOC_038167,False,,,0,0,0
Hum_XLOC_038168,False,,,0,0,0
Hum_XLOC_038169,True,0.0,,0,0,0
Hum_XLOC_038170,False,,,0,0,0
Hum_XLOC_038171,False,,,0,0,0
Hum_XLOC_038172,False,,,0,0,0
Hum_XLOC_038173,False,,,0,0,0
Hum_XLOC_038174,False,,,0,0,0
Hum_XLOC_038175,True,0.0,,0,0,0
Hum_XLOC_038176,True,0.0,,0,0,0
Hum_XLOC_038177,False,,,0,0,0
Hum_XLOC_038178,False,,,0,0,0
Hum_XLOC_038179,False,,,0,0,0
Hum_XLOC_038180,False,,,0,0,0
Hum_XLOC_038181,False,,,0,0,0
Hum_XLOC_038182,False,,,0,0,0
Hum_XLOC_038184,False,,,0,0,0
Hum_XLOC_038185,False,,,0,0,0
Hum_XLOC_038188,True,0.0,,0,0,0
Hum_XLOC_038189,False,,,0,0,0
Hum_XLOC_038191,True,0.0,,0,0,0
Hum_XLOC_038194,False,,,0,0,0
Hum_XLOC_038195,True,0.0,,0,0,0
Hum_XLOC_038196,True,0.0,,0,0,0
Hum_XLOC_038197,True,0.0,,0,0,0
Hum_XLOC_038199,False,,,0,0,0
Hum_XLOC_038204,False,,,0,0,0
Hum_XLOC_038205,False,,,0,0,0
Hum_XLOC_038206,False,,,0,0,0
Hum_XLOC_038207,False,,,0,0,0
Hum_XLOC_038213,False,,,0,0,0
Hum_XLOC_038214,True,0.0,,0,0,0
Hum_XLOC_038215,False,,,0,0,0
Hum_XLOC_038217,False,,,0,0,0
Hum_XLOC_038218,False,,,0,0,0
Hum_XLOC_038219,False,,,0,0,0
Hum_XLOC_038221,True,0.0,,0,0,0
Hum_XLOC_038225,True,0.0,,0,0,0
Hum_XLOC_038228,True,0.0,,0,0,0
Hum_XLOC_038229,False,,,0,0,0
Hum_XLOC_038233,True,0.0,,0,0,0
Hum_XLOC_038234,False,,,0,0,0
Hum_XLOC_038237,False,,,0,0,0
Hum_XLOC_038239,False,,,0,0,0
Hum_XLOC_038240,False,,,0,0,0
Hum_XLOC_038241,False,,,0,0,0
Hum_XLOC_038242,False,,,0,0,0
Hum_XLOC_038244,False,,,0,0,0
Hum_XLOC_038245,True,0.0,,0,0,0
Hum_XLOC_038247,False,,,0,0,0
Hum_XLOC_038248,False,,,0,0,0
Hum_XLOC_038249,False,,,0,0,0
Hum_XLOC_038252,False,,,0,0,0
Hum_XLOC_038253,False,,,0,0,0
Hum_XLOC_038254,False,,,0,0,0
Hum_XLOC_038255,False,,,0,0,0
Hum_XLOC_038256,False,,,0,0,0
Hum_XLOC_038257,False,,,0,0,0
Hum_XLOC_038258,False,,,0,0,0
Hum_XLOC_038263,False,,,0,0,0
Hum_XLOC_038266,True,0.0,,0,0,0
Hum_XLOC_038267,False,,,0,0,0
Hum_XLOC_038268,False,,,0,0,0
Hum_XLOC_038269,False,,,0,0,0
Hum_XLOC_038270,True,0.0,,0,0,0
Hum_XLOC_038272,False,,,0,0,0
Hum_XLOC_038273,True,0.0,,0,0,0
Hum_XLOC_038274,False,,,0,0,0
Hum_XLOC_038275,False,,,0,0,0
Hum_XLOC_038276,False,,,0,0,0
Hum_XLOC_038287,False,,,0,0,0
Hum_XLOC_038288,False,,,0,0,0
Hum_XLOC_038291,True,0.0,,0,0,0
Hum_XLOC_038292,True,0.0,,0,0,0
Hum_XLOC_038293,True,0.0,,0,0,0
Hum_XLOC_038294,True,0.0,,0,0,0
Hum_XLOC_038295,False,,,0,0,0
Hum_XLOC_038296,False,,,0,0,0
Hum_XLOC_038297,False,,,0,0,0
Hum_XLOC_038298,False,,,0,0,0
Hum_XLOC_038300,False,,,0,0,0
Hum_XLOC_038301,False,,,0,0,0
Hum_XLOC_038302,False,,,0,0,0
Hum_XLOC_038303,False,,,0,0,0
Hum_XLOC_038304,False,,,0,0,0
Hum_XLOC_038307,False,,,0,0,0
Hum_XLOC_038309,False,,,0,0,0
Hum_XLOC_038310,False,,,0,0,0
Hum_XLOC_038311,False,,,0,0,0
Hum_XLOC_038312,True,0.0,,0,0,0
Hum_XLOC_038315,False,,,0,0,0
Hum_XLOC_038316,True,0.0,,0,0,0
Hum_XLOC_038318,False,,,0,0,0
Hum_XLOC_038319,False,,,0,0,0
Hum_XLOC_038320,False,,,0,0,0
Hum_XLOC_038332,False,,,0,0,0
Hum_XLOC_038334,False,,,0,0,0
Hum_XLOC_038335,False,,,0,0,0
Hum_XLOC_038336,False,,,0,0,0
Hum_XLOC_038337,False,,,0,0,0
Hum_XLOC_038338,False,,,0,0,0
Hum_XLOC_038339,False,,,0,0,0
Hum_XLOC_038340,False,,,0,0,0
Hum_XLOC_038341,False,,,0,0,0
Hum_XLOC_038342,True,0.0,,0,0,0
Hum_XLOC_038343,False,,,0,0,0
Hum_XLOC_038344,False,,,0,0,0
Hum_XLOC_038348,True,0.0,,0,0,0
Hum_XLOC_038350,True,0.0,,0,0,0
Hum_XLOC_038351,False,,,0,0,0
Hum_XLOC_038352,False,,,0,0,0
Hum_XLOC_038353,False,,,0,0,0
Hum_XLOC_038354,False,,,0,0,0
Hum_XLOC_038355,False,,,0,0,0
Hum_XLOC_038356,False,,,0,0,0
Hum_XLOC_038357,False,,,0,0,0
Hum_XLOC_038358,False,,,0,0,0
Hum_XLOC_038359,False,,,0,0,0
Hum_XLOC_038360,False,,,0,0,0
Hum_XLOC_038361,False,,,0,0,0
Hum_XLOC_038362,True,0.0,,0,0,0
Hum_XLOC_038367,False,,,0,0,0
Hum_XLOC_038368,False,,,0,0,0
Hum_XLOC_038369,False,,,0,0,0
Hum_XLOC_038373,False,,,0,0,0
Hum_XLOC_038374,False,,,0,0,0
Hum_XLOC_038375,False,,,0,0,0
Hum_XLOC_038377,False,,,0,0,0
Hum_XLOC_038379,False,,,0,0,0
Hum_XLOC_038380,False,,,0,0,0
Hum_XLOC_038381,False,,,0,0,0
Hum_XLOC_038384,False,,,0,0,0
Hum_XLOC_038385,True,0.0,,0,0,0
Hum_XLOC_038389,False,,,0,0,0
Hum_XLOC_038390,False,,,0,0,0
Hum_XLOC_038391,False,,,0,0,0
Hum_XLOC_038392,False,,,0,0,0
Hum_XLOC_038393,False,,,0,0,0
Hum_XLOC_038394,False,,,0,0,0
Hum_XLOC_038395,False,,,0,0,0
Hum_XLOC_038396,False,,,0,0,0
Hum_XLOC_038397,False,,,0,0,0
Hum_XLOC_038398,False,,,0,0,0
Hum_XLOC_038399,False,,,0,0,0
Hum_XLOC_038400,False,,,0,0,0
Hum_XLOC_038407,True,0.0,,0,0,0
Hum_XLOC_038410,False,,,0,0,0
Hum_XLOC_038411,False,,,0,0,0
Hum_XLOC_038412,False,,,0,0,0
Hum_XLOC_038413,False,,,0,0,0
Hum_XLOC_038414,True,0.0,,0,0,0
Hum_XLOC_038415,False,,,0,0,0
Hum_XLOC_038416,True,0.0,,0,0,0
Hum_XLOC_038417,False,,,0,0,0
Hum_XLOC_038418,False,,,0,0,0
Hum_XLOC_038419,False,,,0,0,0
Hum_XLOC_038420,False,,,0,0,0
Hum_XLOC_038421,False,,,0,0,0
Hum_XLOC_038422,False,,,0,0,0
Hum_XLOC_038425,False,,,0,0,0
Hum_XLOC_038426,False,,,0,0,0
Hum_XLOC_038428,False,,,0,0,0
Hum_XLOC_038429,True,0.0,,0,0,0
Hum_XLOC_038433,False,,,0,0,0
Hum_XLOC_038434,False,,,0,0,0
Hum_XLOC_038436,True,0.0,,0,0,0
Hum_XLOC_038437,False,,,0,0,0
Hum_XLOC_038438,True,0.0,,0,0,0
Hum_XLOC_038439,False,,,0,0,0
Hum_XLOC_038440,False,,,0,0,0
Hum_XLOC_038441,False,,,0,0,0
Hum_XLOC_038443,False,,,0,0,0
Hum_XLOC_038444,False,,,0,0,0
Hum_XLOC_038445,False,,,0,0,0
Hum_XLOC_038446,True,0.0,,0,0,0
Hum_XLOC_038447,False,,,0,0,0
Hum_XLOC_038449,True,0.0,,0,0,0
Hum_XLOC_038450,False,,,0,0,0
Hum_XLOC_038451,False,,,0,0,0
Hum_XLOC_038452,False,,,0,0,0
Hum_XLOC_038453,False,,,0,0,0
Hum_XLOC_038454,True,0.0,,0,0,0
Hum_XLOC_038455,False,,,0,0,0
Hum_XLOC_038456,False,,,0,0,0
Hum_XLOC_038457,False,,,0,0,0
Hum_XLOC_038458,False,,,0,0,0
Hum_XLOC_038459,False,,,0,0,0
Hum_XLOC_038460,False,,,0,0,0
Hum_XLOC_038461,False,,,0,0,0
Hum_XLOC_038463,False,,,0,0,0
Hum_XLOC_038464,False,,,0,0,0
Hum_XLOC_038465,False,,,0,0,0
Hum_XLOC_038466,False,,,0,0,0
Hum_XLOC_038467,False,,,0,0,0
Hum_XLOC_038468,False,,,0,0,0
Hum_XLOC_038469,False,,,0,0,0
Hum_XLOC_038470,False,,,0,0,0
Hum_XLOC_038471,False,,,0,0,0
Hum_XLOC_038472,False,,,0,0,0
Hum_XLOC_038474,False,,,0,0,0
Hum_XLOC_038475,False,,,0,0,0
Hum_XLOC_038476,True,0.0,,0,0,0
Hum_XLOC_038477,True,0.0,,0,0,0
Hum_XLOC_038478,False,,,0,0,0
Hum_XLOC_038479,False,,,0,0,0
Hum_XLOC_038480,True,0.0,,0,0,0
Hum_XLOC_038481,False,,,0,0,0
Hum_XLOC_038482,False,,,0,0,0
Hum_XLOC_038483,False,,,0,0,0
Hum_XLOC_038484,False,,,0,0,0
Hum_XLOC_038488,False,,,0,0,0
Hum_XLOC_038489,False,,,0,0,0
Hum_XLOC_038490,False,,,0,0,0
Hum_XLOC_038491,False,,,0,0,0
Hum_XLOC_038492,True,0.0,,0,0,0
Hum_XLOC_038493,False,,,0,0,0
Hum_XLOC_038494,True,0.0,,0,0,0
Hum_XLOC_038495,False,,,0,0,0
Hum_XLOC_038497,False,,,0,0,0
Hum_XLOC_038498,False,,,0,0,0
Hum_XLOC_038499,False,,,0,0,0
Hum_XLOC_038500,False,,,0,0,0
Hum_XLOC_038501,False,,,0,0,0
Hum_XLOC_038503,False,,,0,0,0
Hum_XLOC_038504,False,,,0,0,0
Hum_XLOC_038506,True,0.0,,0,0,0
Hum_XLOC_038507,False,,,0,0,0
Hum_XLOC_038512,False,,,0,0,0
Hum_XLOC_038513,False,,,0,0,0
Hum_XLOC_038515,False,,,0,0,0
Hum_XLOC_038516,False,,,0,0,0
Hum_XLOC_038517,False,,,0,0,0
Hum_XLOC_038519,False,,,0,0,0
Hum_XLOC_038521,False,,,0,0,0
Hum_XLOC_038524,False,,,0,0,0
Hum_XLOC_038526,False,,,0,0,0
Hum_XLOC_038529,True,0.0,,0,0,0
Hum_XLOC_038530,False,,,0,0,0
Hum_XLOC_038531,False,,,0,0,0
Hum_XLOC_038532,False,,,0,0,0
Hum_XLOC_038533,False,,,0,0,0
Hum_XLOC_038534,True,0.0,,0,0,0
Hum_XLOC_038536,True,0.0,,0,0,0
Hum_XLOC_038537,False,,,0,0,0
Hum_XLOC_038539,False,,,0,0,0
Hum_XLOC_038540,True,0.0,,0,0,0
Hum_XLOC_038542,False,,,0,0,0
Hum_XLOC_038543,False,,,0,0,0
Hum_XLOC_038544,False,,,0,0,0
Hum_XLOC_038545,False,,,0,0,0
Hum_XLOC_038546,False,,,0,0,0
Hum_XLOC_038547,False,,,0,0,0
Hum_XLOC_038548,False,,,0,0,0
Hum_XLOC_038549,False,,,0,0,0
Hum_XLOC_038553,False,,,0,0,0
Hum_XLOC_038558,False,,,0,0,0
Hum_XLOC_038568,False,,,0,0,0
Hum_XLOC_038569,False,,,0,0,0
Hum_XLOC_038570,False,,,0,0,0
Hum_XLOC_038571,False,,,0,0,0
Hum_XLOC_038572,False,,,0,0,0
Hum_XLOC_038573,False,,,0,0,0
Hum_XLOC_038574,False,,,0,0,0
Hum_XLOC_038575,False,,,0,0,0
Hum_XLOC_038577,False,,,0,0,0
Hum_XLOC_038578,False,,,0,0,0
Hum_XLOC_038579,False,,,0,0,0
Hum_XLOC_038580,True,0.0,,0,0,0
Hum_XLOC_038581,False,,,0,0,0
Hum_XLOC_038582,False,,,0,0,0
Hum_XLOC_038583,False,,,0,0,0
Hum_XLOC_038586,False,,,0,0,0
Hum_XLOC_038590,False,,,0,0,0
Hum_XLOC_038591,False,,,0,0,0
Hum_XLOC_038594,False,,,0,0,0
Hum_XLOC_038596,False,,,0,0,0
Hum_XLOC_038597,False,,,0,0,0
Hum_XLOC_038598,True,0.0,,0,0,0
Hum_XLOC_038599,False,,,0,0,0
Hum_XLOC_038601,False,,,0,0,0
Hum_XLOC_038602,False,,,0,0,0
Hum_XLOC_038603,True,0.0,,0,0,0
Hum_XLOC_038604,False,,,0,0,0
Hum_XLOC_038609,False,,,0,0,0
Hum_XLOC_038610,True,0.0,,0,0,0
Hum_XLOC_038611,False,,,0,0,0
Hum_XLOC_038612,False,,,0,0,0
Hum_XLOC_038613,False,,,0,0,0
Hum_XLOC_038614,False,,,0,0,0
Hum_XLOC_038616,False,,,0,0,0
Hum_XLOC_038617,False,,,0,0,0
Hum_XLOC_038618,False,,,0,0,0
Hum_XLOC_038619,False,,,0,0,0
Hum_XLOC_038620,False,,,0,0,0
Hum_XLOC_038621,False,,,0,0,0
Hum_XLOC_038623,False,,,0,0,0
Hum_XLOC_038627,False,,,0,0,0
Hum_XLOC_038628,True,0.0,,0,0,0
Hum_XLOC_038629,False,,,0,0,0
Hum_XLOC_038630,False,,,0,0,0
Hum_XLOC_038631,False,,,0,0,0
Hum_XLOC_038632,False,,,0,0,0
Hum_XLOC_038633,True,0.0,,0,0,0
Hum_XLOC_038634,False,,,0,0,0
Hum_XLOC_038635,False,,,0,0,0
Hum_XLOC_038636,False,,,0,0,0
Hum_XLOC_038637,True,0.0,,0,0,0
Hum_XLOC_038638,False,,,0,0,0
Hum_XLOC_038639,False,,,0,0,0
Hum_XLOC_038640,False,,,0,0,0
Hum_XLOC_038641,False,,,0,0,0
Hum_XLOC_038642,False,,,0,0,0
Hum_XLOC_038643,True,0.0,,0,0,0
Hum_XLOC_038644,False,,,0,0,0
Hum_XLOC_038645,False,,,0,0,0
Hum_XLOC_038646,False,,,0,0,0
Hum_XLOC_038647,False,,,0,0,0
Hum_XLOC_038648,False,,,0,0,0
Hum_XLOC_038649,False,,,0,0,0
Hum_XLOC_038650,False,,,0,0,0
Hum_XLOC_038651,False,,,0,0,0
Hum_XLOC_038652,False,,,0,0,0
Hum_XLOC_038655,False,,,0,0,0
Hum_XLOC_038656,False,,,0,0,0
Hum_XLOC_038657,False,,,0,0,0
Hum_XLOC_038658,False,,,0,0,0
Hum_XLOC_038661,False,,,0,0,0
Hum_XLOC_038662,False,,,0,0,0
Hum_XLOC_038663,False,,,0,0,0
Hum_XLOC_038664,False,,,0,0,0
Hum_XLOC_038665,False,,,0,0,0
Hum_XLOC_038666,False,,,0,0,0
Hum_XLOC_038667,False,,,0,0,0
Hum_XLOC_038681,False,,,0,0,0
Hum_XLOC_038682,False,,,0,0,0
Hum_XLOC_038683,False,,,0,0,0
Hum_XLOC_038684,False,,,0,0,0
Hum_XLOC_038690,False,,,0,0,0
Hum_XLOC_038692,False,,,0,0,0
Hum_XLOC_038699,False,,,0,0,0
Hum_XLOC_038700,False,,,0,0,0
Hum_XLOC_038701,False,,,0,0,0
Hum_XLOC_038702,False,,,0,0,0
Hum_XLOC_038703,False,,,0,0,0
Hum_XLOC_038706,False,,,0,0,0
Hum_XLOC_038710,False,,,0,0,0
Hum_XLOC_038713,True,0.0,,0,0,0
Hum_XLOC_038714,True,0.0,,0,0,0
Hum_XLOC_038715,True,0.0,,0,0,0
Hum_XLOC_038717,False,,,0,0,0
Hum_XLOC_038723,False,,,0,0,0
Hum_XLOC_038724,False,,,0,0,0
Hum_XLOC_038725,False,,,0,0,0
Hum_XLOC_038726,False,,,0,0,0
Hum_XLOC_038727,False,,,0,0,0
Hum_XLOC_038729,False,,,0,0,0
Hum_XLOC_038730,False,,,0,0,0
Hum_XLOC_038731,False,,,0,0,0
Hum_XLOC_038732,True,0.0,,0,0,0
Hum_XLOC_038733,False,,,0,0,0
Hum_XLOC_038734,False,,,0,0,0
Hum_XLOC_038735,False,,,0,0,0
Hum_XLOC_038739,False,,,0,0,0
Hum_XLOC_038740,False,,,0,0,0
Hum_XLOC_038741,False,,,0,0,0
Hum_XLOC_038749,False,,,0,0,0
Hum_XLOC_038752,False,,,0,0,0
Hum_XLOC_038753,False,,,0,0,0
Hum_XLOC_038754,False,,,0,0,0
Hum_XLOC_038755,True,0.0,,0,0,0
Hum_XLOC_038756,True,0.0,,0,0,0
Hum_XLOC_038757,True,0.0,,0,0,0
Hum_XLOC_038758,False,,,0,0,0
Hum_XLOC_038759,True,0.0,,0,0,0
Hum_XLOC_038760,False,,,0,0,0
Hum_XLOC_038762,True,0.0,,0,0,0
Hum_XLOC_038764,False,,,0,0,0
Hum_XLOC_038765,False,,,0,0,0
Hum_XLOC_038767,True,0.0,,0,0,0
Hum_XLOC_038770,False,,,0,0,0
Hum_XLOC_038771,False,,,0,0,0
Hum_XLOC_038772,False,,,0,0,0
Hum_XLOC_038774,True,0.0,,0,0,0
Hum_XLOC_038776,False,,,0,0,0
Hum_XLOC_038778,False,,,0,0,0
Hum_XLOC_038779,False,,,0,0,0
Hum_XLOC_038781,False,,,0,0,0
Hum_XLOC_038783,False,,,0,0,0
Hum_XLOC_038784,False,,,0,0,0
Hum_XLOC_038791,False,,,0,0,0
Hum_XLOC_038793,False,,,0,0,0
Hum_XLOC_038794,False,,,0,0,0
Hum_XLOC_038800,False,,,0,0,0
Hum_XLOC_038801,False,,,0,0,0
Hum_XLOC_038802,False,,,0,0,0
Hum_XLOC_038803,False,,,0,0,0
Hum_XLOC_038805,False,,,0,0,0
Hum_XLOC_038806,False,,,0,0,0
Hum_XLOC_038808,False,,,0,0,0
Hum_XLOC_038809,True,0.0,,0,0,0
Hum_XLOC_038810,True,0.0,,0,0,0
Hum_XLOC_038813,False,,,0,0,0
Hum_XLOC_038814,False,,,0,0,0
Hum_XLOC_038815,False,,,0,0,0
Hum_XLOC_038821,False,,,0,0,0
Hum_XLOC_038824,False,,,0,0,0
Hum_XLOC_038826,False,,,0,0,0
Hum_XLOC_038827,False,,,0,0,0
Hum_XLOC_038828,False,,,0,0,0
Hum_XLOC_038829,False,,,0,0,0
Hum_XLOC_038830,False,,,0,0,0
Hum_XLOC_038832,False,,,0,0,0
Hum_XLOC_038833,False,,,0,0,0
Hum_XLOC_038837,False,,,0,0,0
Hum_XLOC_038838,False,,,0,0,0
Hum_XLOC_038840,False,,,0,0,0
Hum_XLOC_038844,False,,,0,0,0
Hum_XLOC_038846,False,,,0,0,0
Hum_XLOC_038847,False,,,0,0,0
Hum_XLOC_038849,False,,,0,0,0
Hum_XLOC_038851,False,,,0,0,0
Hum_XLOC_038852,True,0.0,,0,0,0
Hum_XLOC_038853,True,0.0,,0,0,0
Hum_XLOC_038854,False,,,0,0,0
Hum_XLOC_038856,False,,,0,0,0
Hum_XLOC_038857,False,,,0,0,0
Hum_XLOC_038858,True,0.0,,0,0,0
Hum_XLOC_038859,False,,,0,0,0
Hum_XLOC_038860,False,,,0,0,0
Hum_XLOC_038862,True,0.0,,0,0,0
Hum_XLOC_038863,False,,,0,0,0
Hum_XLOC_038865,False,,,0,0,0
Hum_XLOC_038866,False,,,0,0,0
Hum_XLOC_038869,False,,,0,0,0
Hum_XLOC_038870,False,,,0,0,0
Hum_XLOC_038872,False,,,0,0,0
Hum_XLOC_038874,False,,,0,0,0
Hum_XLOC_038875,False,,,0,0,0
Hum_XLOC_038882,False,,,0,0,0
Hum_XLOC_038885,False,,,0,0,0
Hum_XLOC_038887,False,,,0,0,0
Hum_XLOC_038892,False,,,0,0,0
Hum_XLOC_038893,False,,,0,0,0
Hum_XLOC_038900,False,,,0,0,0
Hum_XLOC_038901,False,,,0,0,0
Hum_XLOC_038902,False,,,0,0,0
Hum_XLOC_038905,False,,,0,0,0
Hum_XLOC_038906,False,,,0,0,0
Hum_XLOC_038909,False,,,0,0,0
Hum_XLOC_038913,True,0.0,,0,0,0
Hum_XLOC_038914,False,,,0,0,0
Hum_XLOC_038915,False,,,0,0,0
Hum_XLOC_038917,False,,,0,0,0
Hum_XLOC_038918,False,,,0,0,0
Hum_XLOC_038919,False,,,0,0,0
Hum_XLOC_038920,False,,,0,0,0
Hum_XLOC_038922,True,0.0,,0,0,0
Hum_XLOC_038927,True,0.0,,0,0,0
Hum_XLOC_038930,False,,,0,0,0
Hum_XLOC_038935,False,,,0,0,0
Hum_XLOC_038936,True,0.0,,0,0,0
Hum_XLOC_038938,False,,,0,0,0
Hum_XLOC_038939,False,,,0,0,0
Hum_XLOC_038940,True,0.0,,0,0,0
Hum_XLOC_038941,False,,,0,0,0
Hum_XLOC_038945,True,0.0,,0,0,0
Hum_XLOC_038946,False,,,0,0,0
Hum_XLOC_038947,True,0.0,,0,0,0
Hum_XLOC_038948,False,,,0,0,0
Hum_XLOC_038950,False,,,0,0,0
Hum_XLOC_038952,True,0.0,,0,0,0
Hum_XLOC_038953,False,,,0,0,0
Hum_XLOC_038954,False,,,0,0,0
Hum_XLOC_038955,False,,,0,0,0
Hum_XLOC_038957,False,,,0,0,0
Hum_XLOC_038958,True,0.0,,0,0,0
Hum_XLOC_038960,False,,,0,0,0
Hum_XLOC_038961,False,,,0,0,0
Hum_XLOC_038962,False,,,0,0,0
Hum_XLOC_038963,False,,,0,0,0
Hum_XLOC_038964,False,,,0,0,0
Hum_XLOC_038965,False,,,0,0,0
Hum_XLOC_038966,False,,,0,0,0
Hum_XLOC_038968,False,,,0,0,0
Hum_XLOC_038969,False,,,0,0,0
Hum_XLOC_038972,True,0.0,,0,0,0
Hum_XLOC_038974,False,,,0,0,0
Hum_XLOC_038975,False,,,0,0,0
Hum_XLOC_038976,True,0.0,,0,0,0
Hum_XLOC_038977,False,,,0,0,0
Hum_XLOC_038978,False,,,0,0,0
Hum_XLOC_038980,False,,,0,0,0
Hum_XLOC_038982,False,,,0,0,0
Hum_XLOC_038983,False,,,0,0,0
Hum_XLOC_038984,True,0.0,,0,0,0
Hum_XLOC_038985,False,,,0,0,0
Hum_XLOC_038986,True,0.0,,0,0,0
Hum_XLOC_038987,False,,,0,0,0
Hum_XLOC_038989,False,,,0,0,0
Hum_XLOC_038990,False,,,0,0,0
Hum_XLOC_038991,False,,,0,0,0
Hum_XLOC_038992,False,,,0,0,0
Hum_XLOC_038993,False,,,0,0,0
Hum_XLOC_038994,True,0.0,,0,0,0
Hum_XLOC_038995,False,,,0,0,0
Hum_XLOC_038996,False,,,0,0,0
Hum_XLOC_038997,False,,,0,0,0
Hum_XLOC_038998,False,,,0,0,0
Hum_XLOC_038999,False,,,0,0,0
Hum_XLOC_039000,False,,,0,0,0
Hum_XLOC_039001,False,,,0,0,0
Hum_XLOC_039003,False,,,0,0,0
Hum_XLOC_039004,False,,,0,0,0
Hum_XLOC_039005,False,,,0,0,0
Hum_XLOC_039006,False,,,0,0,0
Hum_XLOC_039008,False,,,0,0,0
Hum_XLOC_039009,False,,,0,0,0
Hum_XLOC_039010,False,,,0,0,0
Hum_XLOC_039011,False,,,0,0,0
Hum_XLOC_039016,False,,,0,0,0
Hum_XLOC_039017,False,,,0,0,0
Hum_XLOC_039020,True,0.0,,0,0,0
Hum_XLOC_039021,False,,,0,0,0
Hum_XLOC_039022,False,,,0,0,0
Hum_XLOC_039024,False,,,0,0,0
Hum_XLOC_039029,False,,,0,0,0
Hum_XLOC_039031,False,,,0,0,0
Hum_XLOC_039035,False,,,0,0,0
Hum_XLOC_039036,False,,,0,0,0
Hum_XLOC_039037,False,,,0,0,0
Hum_XLOC_039039,False,,,0,0,0
Hum_XLOC_039040,False,,,0,0,0
Hum_XLOC_039041,False,,,0,0,0
Hum_XLOC_039042,False,,,0,0,0
Hum_XLOC_039043,False,,,0,0,0
Hum_XLOC_039045,True,0.0,,0,0,0
Hum_XLOC_039046,False,,,0,0,0
Hum_XLOC_039048,False,,,0,0,0
Hum_XLOC_039049,False,,,0,0,0
Hum_XLOC_039050,False,,,0,0,0
Hum_XLOC_039051,False,,,0,0,0
Hum_XLOC_039052,False,,,0,0,0
Hum_XLOC_039053,False,,,0,0,0
Hum_XLOC_039054,False,,,0,0,0
Hum_XLOC_039055,False,,,0,0,0
Hum_XLOC_039056,False,,,0,0,0
Hum_XLOC_039057,False,,,0,0,0
Hum_XLOC_039058,True,0.0,,0,0,0
Hum_XLOC_039059,True,0.0,,0,0,0
Hum_XLOC_039061,False,,,0,0,0
Hum_XLOC_039062,False,,,0,0,0
Hum_XLOC_039063,False,,,0,0,0
Hum_XLOC_039064,False,,,0,0,0
Hum_XLOC_039065,False,,,0,0,0
Hum_XLOC_039066,False,,,0,0,0
Hum_XLOC_039067,False,,,0,0,0
Hum_XLOC_039068,False,,,0,0,0
Hum_XLOC_039070,True,0.0,,0,0,0
Hum_XLOC_039071,False,,,0,0,0
Hum_XLOC_039073,False,,,0,0,0
Hum_XLOC_039074,False,,,0,0,0
Hum_XLOC_039075,True,0.0,,0,0,0
Hum_XLOC_039076,True,0.0,,0,0,0
Hum_XLOC_039079,False,,,0,0,0
Hum_XLOC_039080,False,,,0,0,0
Hum_XLOC_039081,False,,,0,0,0
Hum_XLOC_039082,False,,,0,0,0
Hum_XLOC_039083,True,0.0,,0,0,0
Hum_XLOC_039084,False,,,0,0,0
Hum_XLOC_039086,False,,,0,0,0
Hum_XLOC_039087,False,,,0,0,0
Hum_XLOC_039088,False,,,0,0,0
Hum_XLOC_039090,False,,,0,0,0
Hum_XLOC_039091,False,,,0,0,0
Hum_XLOC_039092,False,,,0,0,0
Hum_XLOC_039093,False,,,0,0,0
Hum_XLOC_039094,False,,,0,0,0
Hum_XLOC_039095,False,,,0,0,0
Hum_XLOC_039096,False,,,0,0,0
Hum_XLOC_039097,False,,,0,0,0
Hum_XLOC_039098,False,,,0,0,0
Hum_XLOC_039099,False,,,0,0,0
Hum_XLOC_039100,False,,,0,0,0
Hum_XLOC_039101,False,,,0,0,0
Hum_XLOC_039102,False,,,0,0,0
Hum_XLOC_039103,False,,,0,0,0
Hum_XLOC_039104,False,,,0,0,0
Hum_XLOC_039105,False,,,0,0,0
Hum_XLOC_039106,False,,,0,0,0
Hum_XLOC_039107,True,0.0,,0,0,0
Hum_XLOC_039108,False,,,0,0,0
Hum_XLOC_039110,False,,,0,0,0
Hum_XLOC_039112,False,,,0,0,0
Hum_XLOC_039113,False,,,0,0,0
Hum_XLOC_039114,False,,,0,0,0
Hum_XLOC_039115,False,,,0,0,0
Hum_XLOC_039116,False,,,0,0,0
Hum_XLOC_039117,False,,,0,0,0
Hum_XLOC_039118,False,,,0,0,0
Hum_XLOC_039119,False,,,0,0,0
Hum_XLOC_039120,False,,,0,0,0
Hum_XLOC_039121,False,,,0,0,0
Hum_XLOC_039123,False,,,0,0,0
Hum_XLOC_039124,True,0.0,,0,0,0
Hum_XLOC_039125,False,,,0,0,0
Hum_XLOC_039126,False,,,0,0,0
Hum_XLOC_039127,True,0.0,,0,0,0
Hum_XLOC_039129,False,,,0,0,0
Hum_XLOC_039130,False,,,0,0,0
Hum_XLOC_039131,False,,,0,0,0
Hum_XLOC_039132,False,,,0,0,0
Hum_XLOC_039133,False,,,0,0,0
Hum_XLOC_039136,True,0.0,,0,0,0
Hum_XLOC_039139,False,,,0,0,0
Hum_XLOC_039140,True,0.0,,0,0,0
Hum_XLOC_039150,True,0.0,,0,0,0
Hum_XLOC_039151,False,,,0,0,0
Hum_XLOC_039160,False,,,0,0,0
Hum_XLOC_039161,True,0.0,,0,0,0
Hum_XLOC_039162,False,,,0,0,0
Hum_XLOC_039163,True,0.0,,0,0,0
Hum_XLOC_039164,False,,,0,0,0
Hum_XLOC_039169,True,0.0,,0,0,0
Hum_XLOC_039170,False,,,0,0,0
Hum_XLOC_039171,False,,,0,0,0
Hum_XLOC_039172,False,,,0,0,0
Hum_XLOC_039174,False,,,0,0,0
Hum_XLOC_039175,True,0.0,,0,0,0
Hum_XLOC_039179,False,,,0,0,0
Hum_XLOC_039180,True,0.0,,0,0,0
Hum_XLOC_039181,False,,,0,0,0
Hum_XLOC_039182,False,,,0,0,0
Hum_XLOC_039183,False,,,0,0,0
Hum_XLOC_039186,False,,,0,0,0
Hum_XLOC_039187,False,,,0,0,0
Hum_XLOC_039188,False,,,0,0,0
Hum_XLOC_039189,False,,,0,0,0
Hum_XLOC_039190,False,,,0,0,0
Hum_XLOC_039191,True,0.0,,0,0,0
Hum_XLOC_039192,True,0.0,,0,0,0
Hum_XLOC_039193,False,,,0,0,0
Hum_XLOC_039194,True,0.0,,0,0,0
Hum_XLOC_039195,False,,,0,0,0
Hum_XLOC_039196,False,,,0,0,0
Hum_XLOC_039198,True,0.0,,0,0,0
Hum_XLOC_039199,True,0.0,,0,0,0
Hum_XLOC_039201,False,,,0,0,0
Hum_XLOC_039203,False,,,0,0,0
Hum_XLOC_039204,False,,,0,0,0
Hum_XLOC_039205,False,,,0,0,0
Hum_XLOC_039206,False,,,0,0,0
Hum_XLOC_039207,False,,,0,0,0
Hum_XLOC_039208,False,,,0,0,0
Hum_XLOC_039209,False,,,0,0,0
Hum_XLOC_039212,False,,,0,0,0
Hum_XLOC_039213,False,,,0,0,0
Hum_XLOC_039214,False,,,0,0,0
Hum_XLOC_039215,True,0.0,,0,0,0
Hum_XLOC_039216,False,,,0,0,0
Hum_XLOC_039217,True,0.0,,0,0,0
Hum_XLOC_039218,False,,,0,0,0
Hum_XLOC_039219,False,,,0,0,0
Hum_XLOC_039220,False,,,0,0,0
Hum_XLOC_039221,False,,,0,0,0
Hum_XLOC_039222,False,,,0,0,0
Hum_XLOC_039224,False,,,0,0,0
Hum_XLOC_039225,True,0.0,,0,0,0
Hum_XLOC_039227,False,,,0,0,0
Hum_XLOC_039231,False,,,0,0,0
Hum_XLOC_039232,True,0.0,,0,0,0
Hum_XLOC_039234,False,,,0,0,0
Hum_XLOC_039235,True,0.0,,0,0,0
Hum_XLOC_039236,False,,,0,0,0
Hum_XLOC_039237,False,,,0,0,0
Hum_XLOC_039238,False,,,0,0,0
Hum_XLOC_039239,False,,,0,0,0
Hum_XLOC_039240,False,,,0,0,0
Hum_XLOC_039241,False,,,0,0,0
Hum_XLOC_039244,False,,,0,0,0
Hum_XLOC_039247,True,0.0,,0,0,0
Hum_XLOC_039248,False,,,0,0,0
Hum_XLOC_039250,False,,,0,0,0
Hum_XLOC_039251,False,,,0,0,0
Hum_XLOC_039252,False,,,0,0,0
Hum_XLOC_039258,True,0.0,,0,0,0
Hum_XLOC_039259,True,0.0,,0,0,0
Hum_XLOC_039262,False,,,0,0,0
Hum_XLOC_039263,False,,,0,0,0
Hum_XLOC_039264,False,,,0,0,0
Hum_XLOC_039265,True,0.0,,0,0,0
Hum_XLOC_039267,False,,,0,0,0
Hum_XLOC_039268,True,0.0,,0,0,0
Hum_XLOC_039269,False,,,0,0,0
Hum_XLOC_039270,False,,,0,0,0
Hum_XLOC_039271,False,,,0,0,0
Hum_XLOC_039272,False,,,0,0,0
Hum_XLOC_039274,True,0.0,,0,0,0
Hum_XLOC_039276,False,,,0,0,0
Hum_XLOC_039279,False,,,0,0,0
Hum_XLOC_039280,False,,,0,0,0
Hum_XLOC_039281,False,,,0,0,0
Hum_XLOC_039282,False,,,0,0,0
Hum_XLOC_039283,False,,,0,0,0
Hum_XLOC_039284,False,,,0,0,0
Hum_XLOC_039285,False,,,0,0,0
Hum_XLOC_039286,False,,,0,0,0
Hum_XLOC_039288,True,0.0,,0,0,0
Hum_XLOC_039289,True,0.0,,0,0,0
Hum_XLOC_039290,False,,,0,0,0
Hum_XLOC_039291,False,,,0,0,0
Hum_XLOC_039292,False,,,0,0,0
Hum_XLOC_039296,False,,,0,0,0
Hum_XLOC_039297,True,0.0,,0,0,0
Hum_XLOC_039298,False,,,0,0,0
Hum_XLOC_039299,False,,,0,0,0
Hum_XLOC_039300,False,,,0,0,0
Hum_XLOC_039301,False,,,0,0,0
Hum_XLOC_039302,False,,,0,0,0
Hum_XLOC_039303,False,,,0,0,0
Hum_XLOC_039305,False,,,0,0,0
Hum_XLOC_039306,False,,,0,0,0
Hum_XLOC_039307,False,,,0,0,0
Hum_XLOC_039308,False,,,0,0,0
Hum_XLOC_039309,False,,,0,0,0
Hum_XLOC_039310,False,,,0,0,0
Hum_XLOC_039312,False,,,0,0,0
Hum_XLOC_039320,False,,,0,0,0
Hum_XLOC_039321,False,,,0,0,0
Hum_XLOC_039322,False,,,0,0,0
Hum_XLOC_039323,False,,,0,0,0
Hum_XLOC_039324,True,0.0,,0,0,0
Hum_XLOC_039325,False,,,0,0,0
Hum_XLOC_039326,False,,,0,0,0
Hum_XLOC_039327,False,,,0,0,0
Hum_XLOC_039328,False,,,0,0,0
Hum_XLOC_039330,False,,,0,0,0
Hum_XLOC_039331,False,,,0,0,0
Hum_XLOC_039333,False,,,0,0,0
Hum_XLOC_039337,False,,,0,0,0
Hum_XLOC_039342,False,,,0,0,0
Hum_XLOC_039343,False,,,0,0,0
Hum_XLOC_039344,False,,,0,0,0
Hum_XLOC_039346,False,,,0,0,0
Hum_XLOC_039347,True,0.0,,0,0,0
Hum_XLOC_039349,False,,,0,0,0
Hum_XLOC_039352,False,,,0,0,0
Hum_XLOC_039354,False,,,0,0,0
Hum_XLOC_039355,False,,,0,0,0
Hum_XLOC_039356,False,,,0,0,0
Hum_XLOC_039357,False,,,0,0,0
Hum_XLOC_039358,False,,,0,0,0
Hum_XLOC_039359,False,,,0,0,0
Hum_XLOC_039360,False,,,0,0,0
Hum_XLOC_039361,False,,,0,0,0
Hum_XLOC_039362,False,,,0,0,0
Hum_XLOC_039363,False,,,0,0,0
Hum_XLOC_039364,False,,,0,0,0
Hum_XLOC_039365,False,,,0,0,0
Hum_XLOC_039366,False,,,0,0,0
Hum_XLOC_039367,False,,,0,0,0
Hum_XLOC_039368,False,,,0,0,0
Hum_XLOC_039369,True,0.0,,0,0,0
Hum_XLOC_039370,False,,,0,0,0
Hum_XLOC_039372,True,0.0,,0,0,0
Hum_XLOC_039373,True,0.0,,0,0,0
Hum_XLOC_039376,False,,,0,0,0
Hum_XLOC_039377,False,,,0,0,0
Hum_XLOC_039378,True,0.0,,0,0,0
Hum_XLOC_039379,False,,,0,0,0
Hum_XLOC_039380,False,,,0,0,0
Hum_XLOC_039381,False,,,0,0,0
Hum_XLOC_039382,True,0.0,,0,0,0
Hum_XLOC_039383,False,,,0,0,0
Hum_XLOC_039385,False,,,0,0,0
Hum_XLOC_039387,False,,,0,0,0
Hum_XLOC_039390,False,,,0,0,0
Hum_XLOC_039391,False,,,0,0,0
Hum_XLOC_039392,False,,,0,0,0
Hum_XLOC_039393,False,,,0,0,0
Hum_XLOC_039394,False,,,0,0,0
Hum_XLOC_039395,False,,,0,0,0
Hum_XLOC_039397,False,,,0,0,0
Hum_XLOC_039400,False,,,0,0,0
Hum_XLOC_039401,False,,,0,0,0
Hum_XLOC_039402,True,0.0,,0,0,0
Hum_XLOC_039403,False,,,0,0,0
Hum_XLOC_039404,False,,,0,0,0
Hum_XLOC_039406,False,,,0,0,0
Hum_XLOC_039407,False,,,0,0,0
Hum_XLOC_039408,False,,,0,0,0
Hum_XLOC_039409,False,,,0,0,0
Hum_XLOC_039410,False,,,0,0,0
Hum_XLOC_039411,False,,,0,0,0
Hum_XLOC_039414,False,,,0,0,0
Hum_XLOC_039415,False,,,0,0,0
Hum_XLOC_039416,False,,,0,0,0
Hum_XLOC_039417,False,,,0,0,0
Hum_XLOC_039418,False,,,0,0,0
Hum_XLOC_039419,False,,,0,0,0
Hum_XLOC_039420,False,,,0,0,0
Hum_XLOC_039421,False,,,0,0,0
Hum_XLOC_039422,False,,,0,0,0
Hum_XLOC_039423,False,,,0,0,0
Hum_XLOC_039424,False,,,0,0,0
Hum_XLOC_039425,False,,,0,0,0
Hum_XLOC_039426,False,,,0,0,0
Hum_XLOC_039427,False,,,0,0,0
Hum_XLOC_039428,False,,,0,0,0
Hum_XLOC_039429,False,,,0,0,0
Hum_XLOC_039430,False,,,0,0,0
Hum_XLOC_039431,False,,,0,0,0
Hum_XLOC_039432,True,0.0,,0,0,0
Hum_XLOC_039433,False,,,0,0,0
Hum_XLOC_039434,False,,,0,0,0
Hum_XLOC_039435,False,,,0,0,0
Hum_XLOC_039436,False,,,0,0,0
Hum_XLOC_039437,True,0.0,,0,0,0
Hum_XLOC_039438,False,,,0,0,0
Hum_XLOC_039441,False,,,0,0,0
Hum_XLOC_039442,False,,,0,0,0
Hum_XLOC_039444,False,,,0,0,0
Hum_XLOC_039445,False,,,0,0,0
Hum_XLOC_039446,True,,,0,0,0
Hum_XLOC_039447,True,0.0,,0,0,0
Hum_XLOC_039448,False,,,0,0,0
Hum_XLOC_039449,True,0.0,,0,0,0
Hum_XLOC_039454,True,0.0,,0,0,0
Hum_XLOC_039455,True,0.0,,0,0,0
Hum_XLOC_039456,False,,,0,0,0
Hum_XLOC_039457,False,,,0,0,0
Hum_XLOC_039458,False,,,0,0,0
Hum_XLOC_039459,False,,,0,0,0
Hum_XLOC_039460,True,0.0,,0,0,0
Hum_XLOC_039462,False,,,0,0,0
Hum_XLOC_039463,False,,,0,0,0
Hum_XLOC_039464,True,0.0,,0,0,0
Hum_XLOC_039468,True,0.0,,0,0,0
Hum_XLOC_039469,True,0.0,,0,0,0
Hum_XLOC_039470,False,,,0,0,0
Hum_XLOC_039471,False,,,0,0,0
Hum_XLOC_039472,False,,,0,0,0
Hum_XLOC_039475,False,,,0,0,0
Hum_XLOC_039476,False,,,0,0,0
Hum_XLOC_039481,False,,,0,0,0
Hum_XLOC_039482,False,,,0,0,0
Hum_XLOC_039483,False,,,0,0,0
Hum_XLOC_039484,False,,,0,0,0
Hum_XLOC_039489,True,0.0,,0,0,0
Hum_XLOC_039490,False,,,0,0,0
Hum_XLOC_039491,False,,,0,0,0
Hum_XLOC_039492,False,,,0,0,0
Hum_XLOC_039493,False,,,0,0,0
Hum_XLOC_039494,False,,,0,0,0
Hum_XLOC_039495,False,,,0,0,0
Hum_XLOC_039496,False,,,0,0,0
Hum_XLOC_039497,False,,,0,0,0
Hum_XLOC_039498,False,,,0,0,0
Hum_XLOC_039499,False,,,0,0,0
Hum_XLOC_039500,False,,,0,0,0
Hum_XLOC_039501,True,0.0,,0,0,0
Hum_XLOC_039502,False,,,0,0,0
Hum_XLOC_039503,False,,,0,0,0
Hum_XLOC_039504,False,,,0,0,0
Hum_XLOC_039505,False,,,0,0,0
Hum_XLOC_039506,True,0.0,,0,0,0
Hum_XLOC_039507,False,,,0,0,0
Hum_XLOC_039509,True,0.0,,0,0,0
Hum_XLOC_039510,False,,,0,0,0
Hum_XLOC_039511,False,,,0,0,0
Hum_XLOC_039512,False,,,0,0,0
Hum_XLOC_039513,False,,,0,0,0
Hum_XLOC_039514,False,,,0,0,0
Hum_XLOC_039515,True,0.0,,0,0,0
Hum_XLOC_039516,False,,,0,0,0
Hum_XLOC_039517,False,,,0,0,0
Hum_XLOC_039518,False,,,0,0,0
Hum_XLOC_039519,False,,,0,0,0
Hum_XLOC_039520,False,,,0,0,0
Hum_XLOC_039521,False,,,0,0,0
Hum_XLOC_039522,False,,,0,0,0
Hum_XLOC_039523,False,,,0,0,0
Hum_XLOC_039524,True,0.0,,0,0,0
Hum_XLOC_039525,True,0.0,,0,0,0
Hum_XLOC_039526,True,0.0,,0,0,0
Hum_XLOC_039527,False,,,0,0,0
Hum_XLOC_039528,False,,,0,0,0
Hum_XLOC_039529,False,,,0,0,0
Hum_XLOC_039530,False,,,0,0,0
Hum_XLOC_039531,False,,,0,0,0
Hum_XLOC_039532,False,,,0,0,0
Hum_XLOC_039533,False,,,0,0,0
Hum_XLOC_039534,False,,,0,0,0
Hum_XLOC_039535,False,,,0,0,0
Hum_XLOC_039536,True,0.0,,0,0,0
Hum_XLOC_039537,False,,,0,0,0
Hum_XLOC_039538,False,,,0,0,0
Hum_XLOC_039539,False,,,0,0,0
Hum_XLOC_039540,False,,,0,0,0
Hum_XLOC_039541,False,,,0,0,0
Hum_XLOC_039542,False,,,0,0,0
Hum_XLOC_039543,False,,,0,0,0
Hum_XLOC_039546,True,0.0,,0,0,0
Hum_XLOC_039551,True,0.0,,0,0,0
Hum_XLOC_039552,True,0.0,,0,0,0
Hum_XLOC_039553,False,,,0,0,0
Hum_XLOC_039554,False,,,0,0,0
Hum_XLOC_039557,False,,,0,0,0
Hum_XLOC_039558,False,,,0,0,0
Hum_XLOC_039559,False,,,0,0,0
Hum_XLOC_039561,False,,,0,0,0
Hum_XLOC_039562,False,,,0,0,0
Hum_XLOC_039564,False,,,0,0,0
Hum_XLOC_039566,True,0.0,,0,0,0
Hum_XLOC_039567,False,,,0,0,0
Hum_XLOC_039568,False,,,0,0,0
Hum_XLOC_039569,False,,,0,0,0
Hum_XLOC_039570,False,,,0,0,0
Hum_XLOC_039573,True,0.0,,0,0,0
Hum_XLOC_039574,True,0.0,,0,0,0
Hum_XLOC_039575,True,0.0,,0,0,0
Hum_XLOC_039576,False,,,0,0,0
Hum_XLOC_039577,False,,,0,0,0
Hum_XLOC_039578,False,,,0,0,0
Hum_XLOC_039580,False,,,0,0,0
Hum_XLOC_039581,False,,,0,0,0
Hum_XLOC_039582,False,,,0,0,0
Hum_XLOC_039583,False,,,0,0,0
Hum_XLOC_039584,True,0.0,,0,0,0
Hum_XLOC_039585,False,,,0,0,0
Hum_XLOC_039586,False,,,0,0,0
Hum_XLOC_039587,False,,,0,0,0
Hum_XLOC_039588,True,0.0,,0,0,0
Hum_XLOC_039589,True,0.0,,0,0,0
Hum_XLOC_039590,False,,,0,0,0
Hum_XLOC_039591,False,,,0,0,0
Hum_XLOC_039592,False,,,0,0,0
Hum_XLOC_039593,False,,,0,0,0
Hum_XLOC_039595,False,,,0,0,0
Hum_XLOC_039596,True,0.0,,0,0,0
Hum_XLOC_039597,False,,,0,0,0
Hum_XLOC_039598,True,0.0,,0,0,0
Hum_XLOC_039599,False,,,0,0,0
Hum_XLOC_039600,False,,,0,0,0
Hum_XLOC_039601,True,0.0,,0,0,0
Hum_XLOC_039602,False,,,0,0,0
Hum_XLOC_039604,False,,,0,0,0
Hum_XLOC_039605,False,,,0,0,0
Hum_XLOC_039606,False,,,0,0,0
Hum_XLOC_039607,False,,,0,0,0
Hum_XLOC_039608,False,,,0,0,0
Hum_XLOC_039609,False,,,0,0,0
Hum_XLOC_039610,False,,,0,0,0
Hum_XLOC_039611,False,,,0,0,0
Hum_XLOC_039612,False,,,0,0,0
Hum_XLOC_039613,False,,,0,0,0
Hum_XLOC_039614,False,,,0,0,0
Hum_XLOC_039615,False,,,0,0,0
Hum_XLOC_039616,True,0.0,,0,0,0
Hum_XLOC_039617,False,,,0,0,0
Hum_XLOC_039618,False,,,0,0,0
Hum_XLOC_039621,True,0.0,,0,0,0
Hum_XLOC_039622,False,,,0,0,0
Hum_XLOC_039623,False,,,0,0,0
Hum_XLOC_039624,False,,,0,0,0
Hum_XLOC_039625,False,,,0,0,0
Hum_XLOC_039626,False,,,0,0,0
Hum_XLOC_039627,False,,,0,0,0
Hum_XLOC_039628,False,,,0,0,0
Hum_XLOC_039629,False,,,0,0,0
Hum_XLOC_039631,True,0.0,,0,0,0
Hum_XLOC_039633,False,,,0,0,0
Hum_XLOC_039634,False,,,0,0,0
Hum_XLOC_039636,False,,,0,0,0
Hum_XLOC_039637,False,,,0,0,0
Hum_XLOC_039638,False,,,0,0,0
Hum_XLOC_039639,False,,,0,0,0
Hum_XLOC_039640,False,,,0,0,0
Hum_XLOC_039641,False,,,0,0,0
Hum_XLOC_039642,True,0.0,,0,0,0
Hum_XLOC_039643,False,,,0,0,0
Hum_XLOC_039644,True,0.0,,0,0,0
Hum_XLOC_039648,False,,,0,0,0
Hum_XLOC_039649,False,,,0,0,0
Hum_XLOC_039650,True,0.0,,0,0,0
Hum_XLOC_039651,False,,,0,0,0
Hum_XLOC_039652,True,0.0,,0,0,0
Hum_XLOC_039653,False,,,0,0,0
Hum_XLOC_039655,False,,,0,0,0
Hum_XLOC_039656,True,0.0,,0,0,0
Hum_XLOC_039657,False,,,0,0,0
Hum_XLOC_039658,True,0.0,,0,0,0
Hum_XLOC_039659,False,,,0,0,0
Hum_XLOC_039661,False,,,0,0,0
Hum_XLOC_039662,False,,,0,0,0
Hum_XLOC_039665,False,,,0,0,0
Hum_XLOC_039666,False,,,0,0,0
Hum_XLOC_039668,False,,,0,0,0
Hum_XLOC_039669,False,,,0,0,0
Hum_XLOC_039670,False,,,0,0,0
Hum_XLOC_039671,False,,,0,0,0
Hum_XLOC_039672,True,0.0,,0,0,0
Hum_XLOC_039673,False,,,0,0,0
Hum_XLOC_039674,False,,,0,0,0
Hum_XLOC_039675,False,,,0,0,0
Hum_XLOC_039676,False,,,0,0,0
Hum_XLOC_039677,False,,,0,0,0
Hum_XLOC_039678,False,,,0,0,0
Hum_XLOC_039679,False,,,0,0,0
Hum_XLOC_039680,False,,,0,0,0
Hum_XLOC_039681,False,,,0,0,0
Hum_XLOC_039682,False,,,0,0,0
Hum_XLOC_039686,False,,,0,0,0
Hum_XLOC_039687,False,,,0,0,0
Hum_XLOC_039689,False,,,0,0,0
Hum_XLOC_039690,False,,,0,0,0
Hum_XLOC_039691,False,,,0,0,0
Hum_XLOC_039692,False,,,0,0,0
Hum_XLOC_039693,False,,,0,0,0
Hum_XLOC_039697,False,,,0,0,0
Hum_XLOC_039698,False,,,0,0,0
Hum_XLOC_039699,False,,,0,0,0
Hum_XLOC_039700,False,,,0,0,0
Hum_XLOC_039701,True,0.0,,0,0,0
Hum_XLOC_039702,False,,,0,0,0
Hum_XLOC_039703,True,0.0,,0,0,0
Hum_XLOC_039707,True,0.0,,0,0,0
Hum_XLOC_039708,False,,,0,0,0
Hum_XLOC_039709,False,,,0,0,0
Hum_XLOC_039710,False,,,0,0,0
Hum_XLOC_039711,False,,,0,0,0
Hum_XLOC_039712,False,,,0,0,0
Hum_XLOC_039713,False,,,0,0,0
Hum_XLOC_039714,False,,,0,0,0
Hum_XLOC_039715,False,,,0,0,0
Hum_XLOC_039716,False,,,0,0,0
Hum_XLOC_039717,False,,,0,0,0
Hum_XLOC_039718,False,,,0,0,0
Hum_XLOC_039719,False,,,0,0,0
Hum_XLOC_039720,False,,,0,0,0
Hum_XLOC_039721,False,,,0,0,0
Hum_XLOC_039722,True,0.0,,0,0,0
Hum_XLOC_039723,False,,,0,0,0
Hum_XLOC_039724,True,0.0,,0,0,0
Hum_XLOC_039725,False,,,0,0,0
Hum_XLOC_039726,False,,,0,0,0
Hum_XLOC_039727,False,,,0,0,0
Hum_XLOC_039729,False,,,0,0,0
Hum_XLOC_039731,False,,,0,0,0
Hum_XLOC_039732,False,,,0,0,0
Hum_XLOC_039733,True,0.0,,0,0,0
Hum_XLOC_039734,False,,,0,0,0
Hum_XLOC_039735,False,,,0,0,0
Hum_XLOC_039736,False,,,0,0,0
Hum_XLOC_039739,False,,,0,0,0
Hum_XLOC_039740,True,0.0,,0,0,0
Hum_XLOC_039741,False,,,0,0,0
Hum_XLOC_039742,False,,,0,0,0
Hum_XLOC_039743,False,,,0,0,0
Hum_XLOC_039744,False,,,0,0,0
Hum_XLOC_039745,False,,,0,0,0
Hum_XLOC_039746,False,,,0,0,0
Hum_XLOC_039747,False,,,0,0,0
Hum_XLOC_039748,False,,,0,0,0
Hum_XLOC_039749,False,,,0,0,0
Hum_XLOC_039750,False,,,0,0,0
Hum_XLOC_039751,False,,,0,0,0
Hum_XLOC_039752,False,,,0,0,0
Hum_XLOC_039753,False,,,0,0,0
Hum_XLOC_039754,False,,,0,0,0
Hum_XLOC_039755,False,,,0,0,0
Hum_XLOC_039756,False,,,0,0,0
Hum_XLOC_039757,False,,,0,0,0
Hum_XLOC_039759,False,,,0,0,0
Hum_XLOC_039762,False,,,0,0,0
Hum_XLOC_039763,False,,,0,0,0
Hum_XLOC_039764,True,0.0,,0,0,0
Hum_XLOC_039765,False,,,0,0,0
Hum_XLOC_039766,False,,,0,0,0
Hum_XLOC_039767,False,,,0,0,0
Hum_XLOC_039768,False,,,0,0,0
Hum_XLOC_039769,False,,,0,0,0
Hum_XLOC_039770,True,0.0,,0,0,0
Hum_XLOC_039771,False,,,0,0,0
Hum_XLOC_039772,False,,,0,0,0
Hum_XLOC_039773,False,,,0,0,0
Hum_XLOC_039775,False,,,0,0,0
Hum_XLOC_039780,False,,,0,0,0
Hum_XLOC_039784,False,,,0,0,0
Hum_XLOC_039785,False,,,0,0,0
Hum_XLOC_039786,False,,,0,0,0
Hum_XLOC_039787,False,,,0,0,0
Hum_XLOC_039789,False,,,0,0,0
Hum_XLOC_039790,False,,,0,0,0
Hum_XLOC_039791,False,,,0,0,0
Hum_XLOC_039792,False,,,0,0,0
Hum_XLOC_039793,False,,,0,0,0
Hum_XLOC_039794,False,,,0,0,0
Hum_XLOC_039795,False,,,0,0,0
Hum_XLOC_039796,False,,,0,0,0
Hum_XLOC_039801,False,,,0,0,0
Hum_XLOC_039802,False,,,0,0,0
Hum_XLOC_039803,False,,,0,0,0
Hum_XLOC_039804,False,,,0,0,0
Hum_XLOC_039805,False,,,0,0,0
Hum_XLOC_039809,True,0.0,,0,0,0
Hum_XLOC_039810,False,,,0,0,0
Hum_XLOC_039811,False,,,0,0,0
Hum_XLOC_039813,False,,,0,0,0
Hum_XLOC_039814,True,0.0,,0,0,0
Hum_XLOC_039815,False,,,0,0,0
Hum_XLOC_039816,False,,,0,0,0
Hum_XLOC_039818,False,,,0,0,0
Hum_XLOC_039820,True,0.0,,0,0,0
Hum_XLOC_039822,False,,,0,0,0
Hum_XLOC_039823,True,0.0,,0,0,0
Hum_XLOC_039824,False,,,0,0,0
Hum_XLOC_039825,False,,,0,0,0
Hum_XLOC_039826,False,,,0,0,0
Hum_XLOC_039827,False,,,0,0,0
Hum_XLOC_039829,False,,,0,0,0
Hum_XLOC_039830,True,0.0,,0,0,0
Hum_XLOC_039831,False,,,0,0,0
Hum_XLOC_039834,False,,,0,0,0
Hum_XLOC_039835,True,0.0,,0,0,0
Hum_XLOC_039836,False,,,0,0,0
Hum_XLOC_039837,False,,,0,0,0
Hum_XLOC_039838,False,,,0,0,0
Hum_XLOC_039839,True,0.0,,0,0,0
Hum_XLOC_039841,False,,,0,0,0
Hum_XLOC_039842,True,0.0,,0,0,0
Hum_XLOC_039845,True,0.0,,0,0,0
Hum_XLOC_039846,False,,,0,0,0
Hum_XLOC_039847,False,,,0,0,0
Hum_XLOC_039848,False,,,0,0,0
Hum_XLOC_039849,False,,,0,0,0
Hum_XLOC_039850,False,,,0,0,0
Hum_XLOC_039851,False,,,0,0,0
Hum_XLOC_039853,True,0.0,,0,0,0
Hum_XLOC_039854,False,,,0,0,0
Hum_XLOC_039855,True,0.0,,0,0,0
Hum_XLOC_039856,True,0.0,,0,0,0
Hum_XLOC_039863,False,,,0,0,0
Hum_XLOC_039864,False,,,0,0,0
Hum_XLOC_039865,False,,,0,0,0
Hum_XLOC_039866,False,,,0,0,0
Hum_XLOC_039867,False,,,0,0,0
Hum_XLOC_039868,False,,,0,0,0
Hum_XLOC_039869,False,,,0,0,0
Hum_XLOC_039870,False,,,0,0,0
Hum_XLOC_039874,False,,,0,0,0
Hum_XLOC_039876,False,,,0,0,0
Hum_XLOC_039877,False,,,0,0,0
Hum_XLOC_039878,False,,,0,0,0
Hum_XLOC_039879,False,,,0,0,0
Hum_XLOC_039880,False,,,0,0,0
Hum_XLOC_039882,False,,,0,0,0
Hum_XLOC_039883,False,,,0,0,0
Hum_XLOC_039885,False,,,0,0,0
Hum_XLOC_039886,False,,,0,0,0
Hum_XLOC_039887,False,,,0,0,0
Hum_XLOC_039889,False,,,0,0,0
Hum_XLOC_039891,False,,,0,0,0
Hum_XLOC_039892,False,,,0,0,0
Hum_XLOC_039893,False,,,0,0,0
Hum_XLOC_039895,False,,,0,0,0
Hum_XLOC_039896,False,,,0,0,0
Hum_XLOC_039897,False,,,0,0,0
Hum_XLOC_039898,False,,,0,0,0
Hum_XLOC_039901,True,0.0,,0,0,0
Hum_XLOC_039904,False,,,0,0,0
Hum_XLOC_039905,False,,,0,0,0
Hum_XLOC_039906,False,,,0,0,0
Hum_XLOC_039907,False,,,0,0,0
Hum_XLOC_039908,False,,,0,0,0
Hum_XLOC_039910,False,,,0,0,0
Hum_XLOC_039911,False,,,0,0,0
Hum_XLOC_039912,False,,,0,0,0
Hum_XLOC_039913,False,,,0,0,0
Hum_XLOC_039914,False,,,0,0,0
Hum_XLOC_039915,True,0.0,,0,0,0
Hum_XLOC_039919,False,,,0,0,0
Hum_XLOC_039920,True,0.0,,0,0,0
Hum_XLOC_039921,False,,,0,0,0
Hum_XLOC_039923,False,,,0,0,0
Hum_XLOC_039924,False,,,0,0,0
Hum_XLOC_039925,False,,,0,0,0
Hum_XLOC_039929,True,0.0,,0,0,0
Hum_XLOC_039930,False,,,0,0,0
Hum_XLOC_039931,False,,,0,0,0
Hum_XLOC_039932,False,,,0,0,0
Hum_XLOC_039933,False,,,0,0,0
Hum_XLOC_039934,False,,,0,0,0
Hum_XLOC_039935,False,,,0,0,0
Hum_XLOC_039936,False,,,0,0,0
Hum_XLOC_039937,False,,,0,0,0
Hum_XLOC_039938,False,,,0,0,0
Hum_XLOC_039939,False,,,0,0,0
Hum_XLOC_039940,False,,,0,0,0
Hum_XLOC_039941,False,,,0,0,0
Hum_XLOC_039944,False,,,0,0,0
Hum_XLOC_039945,False,,,0,0,0
Hum_XLOC_039946,True,0.0,,0,0,0
Hum_XLOC_039948,False,,,0,0,0
Hum_XLOC_039949,False,,,0,0,0
Hum_XLOC_039950,False,,,0,0,0
Hum_XLOC_039951,False,,,0,0,0
Hum_XLOC_039952,False,,,0,0,0
Hum_XLOC_039953,False,,,0,0,0
Hum_XLOC_039954,True,0.0,,0,0,0
Hum_XLOC_039955,True,0.0,,0,0,0
Hum_XLOC_039956,False,,,0,0,0
Hum_XLOC_039958,False,,,0,0,0
Hum_XLOC_039959,False,,,0,0,0
Hum_XLOC_039960,False,,,0,0,0
Hum_XLOC_039961,False,,,0,0,0
Hum_XLOC_039962,False,,,0,0,0
Hum_XLOC_039964,False,,,0,0,0
Hum_XLOC_039966,True,0.0,,0,0,0
Hum_XLOC_039967,False,,,0,0,0
Hum_XLOC_039968,False,,,0,0,0
Hum_XLOC_039969,False,,,0,0,0
Hum_XLOC_039970,False,,,0,0,0
Hum_XLOC_039971,False,,,0,0,0
Hum_XLOC_039973,False,,,0,0,0
Hum_XLOC_039974,False,,,0,0,0
Hum_XLOC_039975,True,0.0,,0,0,0
Hum_XLOC_039977,True,0.0,,0,0,0
Hum_XLOC_039978,False,,,0,0,0
Hum_XLOC_039980,False,,,0,0,0
Hum_XLOC_039983,False,,,0,0,0
Hum_XLOC_039984,False,,,0,0,0
Hum_XLOC_039985,False,,,0,0,0
Hum_XLOC_039986,False,,,0,0,0
Hum_XLOC_039987,False,,,0,0,0
Hum_XLOC_039988,False,,,0,0,0
Hum_XLOC_039991,False,,,0,0,0
Hum_XLOC_039996,False,,,0,0,0
Hum_XLOC_040002,False,,,0,0,0
Hum_XLOC_040004,False,,,0,0,0
Hum_XLOC_040005,False,,,0,0,0
Hum_XLOC_040006,False,,,0,0,0
Hum_XLOC_040007,False,,,0,0,0
Hum_XLOC_040008,False,,,0,0,0
Hum_XLOC_040009,False,,,0,0,0
Hum_XLOC_040010,False,,,0,0,0
Hum_XLOC_040012,False,,,0,0,0
Hum_XLOC_040013,True,0.0,,0,0,0
Hum_XLOC_040017,False,,,0,0,0
Hum_XLOC_040018,False,,,0,0,0
Hum_XLOC_040019,False,,,0,0,0
Hum_XLOC_040020,False,,,0,0,0
Hum_XLOC_040022,False,,,0,0,0
Hum_XLOC_040027,False,,,0,0,0
Hum_XLOC_040033,False,,,0,0,0
Hum_XLOC_040037,False,,,0,0,0
Hum_XLOC_040038,False,,,0,0,0
Hum_XLOC_040039,False,,,0,0,0
Hum_XLOC_040042,False,,,0,0,0
Hum_XLOC_040045,False,,,0,0,0
Hum_XLOC_040046,False,,,0,0,0
Hum_XLOC_040047,False,,,0,0,0
Hum_XLOC_040049,False,,,0,0,0
Hum_XLOC_040051,False,,,0,0,0
Hum_XLOC_040052,True,0.0,,0,0,0
Hum_XLOC_040054,False,,,0,0,0
Hum_XLOC_040056,False,,,0,0,0
Hum_XLOC_040057,False,,,0,0,0
Hum_XLOC_040058,False,,,0,0,0
Hum_XLOC_040061,True,0.0,,0,0,0
Hum_XLOC_040066,False,,,0,0,0
Hum_XLOC_040067,False,,,0,0,0
Hum_XLOC_040068,False,,,0,0,0
Hum_XLOC_040069,False,,,0,0,0
Hum_XLOC_040070,True,0.0,,0,0,0
Hum_XLOC_040072,False,,,0,0,0
Hum_XLOC_040073,False,,,0,0,0
Hum_XLOC_040074,False,,,0,0,0
Hum_XLOC_040075,False,,,0,0,0
Hum_XLOC_040079,False,,,0,0,0
Hum_XLOC_040080,False,,,0,0,0
Hum_XLOC_040081,True,0.0,,0,0,0
Hum_XLOC_040082,False,,,0,0,0
Hum_XLOC_040086,True,0.0,,0,0,0
Hum_XLOC_040088,False,,,0,0,0
Hum_XLOC_040089,False,,,0,0,0
Hum_XLOC_040093,True,0.0,,0,0,0
Hum_XLOC_040094,False,,,0,0,0
Hum_XLOC_040095,False,,,0,0,0
Hum_XLOC_040096,False,,,0,0,0
Hum_XLOC_040107,False,,,0,0,0
Hum_XLOC_040109,True,0.0,,0,0,0
Hum_XLOC_040112,False,,,0,0,0
Hum_XLOC_040113,False,,,0,0,0
Hum_XLOC_040114,True,0.0,,0,0,0
Hum_XLOC_040115,False,,,0,0,0
Hum_XLOC_040117,False,,,0,0,0
Hum_XLOC_040118,False,,,0,0,0
Hum_XLOC_040119,False,,,0,0,0
Hum_XLOC_040120,False,,,0,0,0
Hum_XLOC_040124,False,,,0,0,0
Hum_XLOC_040127,False,,,0,0,0
Hum_XLOC_040129,False,,,0,0,0
Hum_XLOC_040130,False,,,0,0,0
Hum_XLOC_040134,False,,,0,0,0
Hum_XLOC_040139,False,,,0,0,0
Hum_XLOC_040140,False,,,0,0,0
Hum_XLOC_040141,False,,,0,0,0
Hum_XLOC_040142,False,,,0,0,0
Hum_XLOC_040147,False,,,0,0,0
Hum_XLOC_040148,False,,,0,0,0
Hum_XLOC_040149,False,,,0,0,0
Hum_XLOC_040150,False,,,0,0,0
Hum_XLOC_040153,False,,,0,0,0
Hum_XLOC_040156,False,,,0,0,0
Hum_XLOC_040157,False,,,0,0,0
Hum_XLOC_040158,False,,,0,0,0
Hum_XLOC_040159,True,0.0,,0,0,0
Hum_XLOC_040160,False,,,0,0,0
Hum_XLOC_040161,False,,,0,0,0
Hum_XLOC_040162,False,,,0,0,0
Hum_XLOC_040163,False,,,0,0,0
Hum_XLOC_040164,False,,,0,0,0
Hum_XLOC_040165,False,,,0,0,0
Hum_XLOC_040166,False,,,0,0,0
Hum_XLOC_040167,False,,,0,0,0
Hum_XLOC_040168,False,,,0,0,0
Hum_XLOC_040169,False,,,0,0,0
Hum_XLOC_040172,False,,,0,0,0
Hum_XLOC_040173,True,0.0,,0,0,0
Hum_XLOC_040174,False,,,0,0,0
Hum_XLOC_040175,False,,,0,0,0
Hum_XLOC_040176,False,,,0,0,0
Hum_XLOC_040178,False,,,0,0,0
Hum_XLOC_040179,False,,,0,0,0
Hum_XLOC_040180,False,,,0,0,0
Hum_XLOC_040181,False,,,0,0,0
Hum_XLOC_040182,False,,,0,0,0
Hum_XLOC_040183,False,,,0,0,0
Hum_XLOC_040184,True,0.0,,0,0,0
Hum_XLOC_040185,False,,,0,0,0
Hum_XLOC_040186,False,,,0,0,0
Hum_XLOC_040187,False,,,0,0,0
Hum_XLOC_040188,False,,,0,0,0
Hum_XLOC_040189,True,0.0,,0,0,0
Hum_XLOC_040190,False,,,0,0,0
Hum_XLOC_040191,False,,,0,0,0
Hum_XLOC_040192,False,,,0,0,0
Hum_XLOC_040193,False,,,0,0,0
Hum_XLOC_040194,False,,,0,0,0
Hum_XLOC_040195,False,,,0,0,0
Hum_XLOC_040196,False,,,0,0,0
Hum_XLOC_040197,False,,,0,0,0
Hum_XLOC_040198,False,,,0,0,0
Hum_XLOC_040199,True,0.0,,0,0,0
Hum_XLOC_040200,True,0.0,,0,0,0
Hum_XLOC_040204,True,0.0,,0,0,0
Hum_XLOC_040205,False,,,0,0,0
Hum_XLOC_040206,False,,,0,0,0
Hum_XLOC_040207,False,,,0,0,0
Hum_XLOC_040208,False,,,0,0,0
Hum_XLOC_040209,False,,,0,0,0
Hum_XLOC_040210,False,,,0,0,0
Hum_XLOC_040212,False,,,0,0,0
Hum_XLOC_040213,True,0.0,,0,0,0
Hum_XLOC_040214,False,,,0,0,0
Hum_XLOC_040215,False,,,0,0,0
Hum_XLOC_040216,False,,,0,0,0
Hum_XLOC_040217,False,,,0,0,0
Hum_XLOC_040218,False,,,0,0,0
Hum_XLOC_040219,False,,,0,0,0
Hum_XLOC_040220,False,,,0,0,0
Hum_XLOC_040222,False,,,0,0,0
Hum_XLOC_040224,False,,,0,0,0
Hum_XLOC_040232,False,,,0,0,0
Hum_XLOC_040233,False,,,0,0,0
Hum_XLOC_040234,False,,,0,0,0
Hum_XLOC_040235,False,,,0,0,0
Hum_XLOC_040236,False,,,0,0,0
Hum_XLOC_040238,True,0.0,,0,0,0
Hum_XLOC_040239,False,,,0,0,0
Hum_XLOC_040242,False,,,0,0,0
Hum_XLOC_040243,False,,,0,0,0
Hum_XLOC_040244,False,,,0,0,0
Hum_XLOC_040246,False,,,0,0,0
Hum_XLOC_040247,False,,,0,0,0
Hum_XLOC_040248,False,,,0,0,0
Hum_XLOC_040249,False,,,0,0,0
Hum_XLOC_040252,True,0.0,,0,0,0
Hum_XLOC_040253,False,,,0,0,0
Hum_XLOC_040255,False,,,0,0,0
Hum_XLOC_040256,False,,,0,0,0
Hum_XLOC_040257,False,,,0,0,0
Hum_XLOC_040259,False,,,0,0,0
Hum_XLOC_040260,False,,,0,0,0
Hum_XLOC_040261,False,,,0,0,0
Hum_XLOC_040262,False,,,0,0,0
Hum_XLOC_040264,False,,,0,0,0
Hum_XLOC_040265,False,,,0,0,0
Hum_XLOC_040266,False,,,0,0,0
Hum_XLOC_040267,False,,,0,0,0
Hum_XLOC_040268,False,,,0,0,0
Hum_XLOC_040269,False,,,0,0,0
Hum_XLOC_040270,False,,,0,0,0
Hum_XLOC_040274,False,,,0,0,0
Hum_XLOC_040275,False,,,0,0,0
Hum_XLOC_040276,True,0.0,,0,0,0
Hum_XLOC_040277,False,,,0,0,0
Hum_XLOC_040278,False,,,0,0,0
Hum_XLOC_040279,False,,,0,0,0
Hum_XLOC_040280,False,,,0,0,0
Hum_XLOC_040281,False,,,0,0,0
Hum_XLOC_040282,False,,,0,0,0
Hum_XLOC_040283,False,,,0,0,0
Hum_XLOC_040284,False,,,0,0,0
Hum_XLOC_040285,False,,,0,0,0
Hum_XLOC_040286,False,,,0,0,0
Hum_XLOC_040287,False,,,0,0,0
Hum_XLOC_040288,False,,,0,0,0
Hum_XLOC_040289,False,,,0,0,0
Hum_XLOC_040290,True,0.0,,0,0,0
Hum_XLOC_040291,True,0.0,,0,0,0
Hum_XLOC_040292,False,,,0,0,0
Hum_XLOC_040294,False,,,0,0,0
Hum_XLOC_040295,False,,,0,0,0
Hum_XLOC_040296,False,,,0,0,0
Hum_XLOC_040297,False,,,0,0,0
Hum_XLOC_040298,False,,,0,0,0
Hum_XLOC_040301,False,,,0,0,0
Hum_XLOC_040302,False,,,0,0,0
Hum_XLOC_040303,False,,,0,0,0
Hum_XLOC_040304,False,,,0,0,0
Hum_XLOC_040308,False,,,0,0,0
Hum_XLOC_040309,False,,,0,0,0
Hum_XLOC_040310,False,,,0,0,0
Hum_XLOC_040313,True,0.0,,0,0,0
Hum_XLOC_040314,False,,,0,0,0
Hum_XLOC_040315,False,,,0,0,0
Hum_XLOC_040316,False,,,0,0,0
Hum_XLOC_040317,False,,,0,0,0
Hum_XLOC_040318,False,,,0,0,0
Hum_XLOC_040319,False,,,0,0,0
Hum_XLOC_040320,False,,,0,0,0
Hum_XLOC_040321,False,,,0,0,0
Hum_XLOC_040322,True,0.0,,0,0,0
Hum_XLOC_040323,True,0.0,,0,0,0
Hum_XLOC_040324,False,,,0,0,0
Hum_XLOC_040329,False,,,0,0,0
Hum_XLOC_040331,True,0.0,,0,0,0
Hum_XLOC_040332,False,,,0,0,0
Hum_XLOC_040333,False,,,0,0,0
Hum_XLOC_040334,False,,,0,0,0
Hum_XLOC_040335,False,,,0,0,0
Hum_XLOC_040337,False,,,0,0,0
Hum_XLOC_040338,False,,,0,0,0
Hum_XLOC_040340,False,,,0,0,0
Hum_XLOC_040341,False,,,0,0,0
Hum_XLOC_040342,False,,,0,0,0
Hum_XLOC_040343,True,0.0,,0,0,0
Hum_XLOC_040344,False,,,0,0,0
Hum_XLOC_040345,True,0.0,,0,0,0
Hum_XLOC_040346,True,0.0,,0,0,0
Hum_XLOC_040348,False,,,0,0,0
Hum_XLOC_040349,True,0.0,,0,0,0
Hum_XLOC_040355,True,0.0,,0,0,0
Hum_XLOC_040356,True,0.0,,0,0,0
Hum_XLOC_040357,False,,,0,0,0
Hum_XLOC_040359,True,0.0,,0,0,0
Hum_XLOC_040360,False,,,0,0,0
Hum_XLOC_040361,False,,,0,0,0
Hum_XLOC_040362,False,,,0,0,0
Hum_XLOC_040363,False,,,0,0,0
Hum_XLOC_040364,False,,,0,0,0
Hum_XLOC_040365,False,,,0,0,0
Hum_XLOC_040366,False,,,0,0,0
Hum_XLOC_040367,True,0.0,,0,0,0
Hum_XLOC_040368,False,,,0,0,0
Hum_XLOC_040369,False,,,0,0,0
Hum_XLOC_040370,False,,,0,0,0
Hum_XLOC_040371,False,,,0,0,0
Hum_XLOC_040372,True,0.0,,0,0,0
Hum_XLOC_040373,False,,,0,0,0
Hum_XLOC_040374,False,,,0,0,0
Hum_XLOC_040375,False,,,0,0,0
Hum_XLOC_040382,False,,,0,0,0
Hum_XLOC_040383,False,,,0,0,0
Hum_XLOC_040384,False,,,0,0,0
Hum_XLOC_040385,False,,,0,0,0
Hum_XLOC_040388,False,,,0,0,0
Hum_XLOC_040389,False,,,0,0,0
Hum_XLOC_040390,False,,,0,0,0
Hum_XLOC_040391,False,,,0,0,0
Hum_XLOC_040392,False,,,0,0,0
Hum_XLOC_040398,False,,,0,0,0
Hum_XLOC_040403,True,0.0,,0,0,0
Hum_XLOC_040406,True,0.0,,0,0,0
Hum_XLOC_040407,False,,,0,0,0
Hum_XLOC_040408,True,0.0,,0,0,0
Hum_XLOC_040409,False,,,0,0,0
Hum_XLOC_040410,False,,,0,0,0
Hum_XLOC_040411,True,0.0,,0,0,0
Hum_XLOC_040412,False,,,0,0,0
Hum_XLOC_040413,False,,,0,0,0
Hum_XLOC_040414,False,,,0,0,0
Hum_XLOC_040415,False,,,0,0,0
Hum_XLOC_040416,False,,,0,0,0
Hum_XLOC_040417,False,,,0,0,0
Hum_XLOC_040418,False,,,0,0,0
Hum_XLOC_040419,True,0.0,,0,0,0
Hum_XLOC_040420,False,,,0,0,0
Hum_XLOC_040421,False,,,0,0,0
Hum_XLOC_040422,False,,,0,0,0
Hum_XLOC_040423,False,,,0,0,0
Hum_XLOC_040425,True,0.0,,0,0,0
Hum_XLOC_040427,False,,,0,0,0
Hum_XLOC_040428,False,,,0,0,0
Hum_XLOC_040432,False,,,0,0,0
Hum_XLOC_040434,False,,,0,0,0
Hum_XLOC_040440,False,,,0,0,0
Hum_XLOC_040441,False,,,0,0,0
Hum_XLOC_040446,False,,,0,0,0
Hum_XLOC_040447,False,,,0,0,0
Hum_XLOC_040451,False,,,0,0,0
Hum_XLOC_040452,False,,,0,0,0
Hum_XLOC_040453,True,0.0,,0,0,0
Hum_XLOC_040458,False,,,0,0,0
Hum_XLOC_040459,False,,,0,0,0
Hum_XLOC_040460,False,,,0,0,0
Hum_XLOC_040461,False,,,0,0,0
Hum_XLOC_040462,False,,,0,0,0
Hum_XLOC_040464,False,,,0,0,0
Hum_XLOC_040471,False,,,0,0,0
Hum_XLOC_040473,True,0.0,,0,0,0
Hum_XLOC_040475,True,0.0,,0,0,0
Hum_XLOC_040477,False,,,0,0,0
Hum_XLOC_040478,False,,,0,0,0
Hum_XLOC_040479,False,,,0,0,0
Hum_XLOC_040480,False,,,0,0,0
Hum_XLOC_040481,False,,,0,0,0
Hum_XLOC_040482,False,,,0,0,0
Hum_XLOC_040483,False,,,0,0,0
Hum_XLOC_040484,False,,,0,0,0
Hum_XLOC_040485,False,,,0,0,0
Hum_XLOC_040486,False,,,0,0,0
Hum_XLOC_040487,False,,,0,0,0
Hum_XLOC_040490,False,,,0,0,0
Hum_XLOC_040491,False,,,0,0,0
Hum_XLOC_040492,True,0.0,,0,0,0
Hum_XLOC_040494,False,,,0,0,0
Hum_XLOC_040502,False,,,0,0,0
Hum_XLOC_040507,False,,,0,0,0
Hum_XLOC_040508,True,0.0,,0,0,0
Hum_XLOC_040509,True,0.0,,0,0,0
Hum_XLOC_040510,False,,,0,0,0
Hum_XLOC_040511,False,,,0,0,0
Hum_XLOC_040513,False,,,0,0,0
Hum_XLOC_040514,False,,,0,0,0
Hum_XLOC_040515,False,,,0,0,0
Hum_XLOC_040516,False,,,0,0,0
Hum_XLOC_040518,False,,,0,0,0
Hum_XLOC_040521,False,,,0,0,0
Hum_XLOC_040523,True,,,0,0,0
Hum_XLOC_040524,True,0.0,,0,0,0
Hum_XLOC_040525,False,,,0,0,0
Hum_XLOC_040526,False,,,0,0,0
Hum_XLOC_040527,False,,,0,0,0
Hum_XLOC_040532,True,0.0,,0,0,0
Hum_XLOC_040539,False,,,0,0,0
Hum_XLOC_040540,True,0.0,,0,0,0
Hum_XLOC_040547,False,,,0,0,0
Hum_XLOC_040548,False,,,0,0,0
Hum_XLOC_040549,False,,,0,0,0
Hum_XLOC_040556,True,0.0,,0,0,0
Hum_XLOC_040558,False,,,0,0,0
Hum_XLOC_040565,False,,,0,0,0
Hum_XLOC_040566,False,,,0,0,0
Hum_XLOC_040573,False,,,0,0,0
Hum_XLOC_040574,False,,,0,0,0
Hum_XLOC_040575,True,0.0,,0,0,0
Hum_XLOC_040578,False,,,0,0,0
Hum_XLOC_040579,False,,,0,0,0
Hum_XLOC_040581,False,,,0,0,0
Hum_XLOC_040582,True,0.0,,0,0,0
Hum_XLOC_040583,False,,,0,0,0
Hum_XLOC_040584,False,,,0,0,0
Hum_XLOC_040585,False,,,0,0,0
Hum_XLOC_040586,False,,,0,0,0
Hum_XLOC_040589,False,,,0,0,0
Hum_XLOC_040590,False,,,0,0,0
Hum_XLOC_040592,False,,,0,0,0
Hum_XLOC_040593,False,,,0,0,0
Hum_XLOC_040594,False,,,0,0,0
Hum_XLOC_040595,True,0.0,,0,0,0
Hum_XLOC_040596,True,0.0,,0,0,0
Hum_XLOC_040597,False,,,0,0,0
Hum_XLOC_040602,False,,,0,0,0
Hum_XLOC_040603,False,,,0,0,0
Hum_XLOC_040604,False,,,0,0,0
Hum_XLOC_040609,False,,,0,0,0
Hum_XLOC_040610,False,,,0,0,0
Hum_XLOC_040611,False,,,0,0,0
Hum_XLOC_040613,False,,,0,0,0
Hum_XLOC_040614,False,,,0,0,0
Hum_XLOC_040617,False,,,0,0,0
Hum_XLOC_040618,False,,,0,0,0
Hum_XLOC_040620,False,,,0,0,0
Hum_XLOC_040621,False,,,0,0,0
Hum_XLOC_040622,True,0.0,,0,0,0
Hum_XLOC_040624,False,,,0,0,0
Hum_XLOC_040625,False,,,0,0,0
Hum_XLOC_040626,False,,,0,0,0
Hum_XLOC_040627,False,,,0,0,0
Hum_XLOC_040629,False,,,0,0,0
Hum_XLOC_040634,True,0.0,,0,0,0
Hum_XLOC_040635,False,,,0,0,0
Hum_XLOC_040637,True,0.0,,0,0,0
Hum_XLOC_040638,False,,,0,0,0
Hum_XLOC_040639,False,,,0,0,0
Hum_XLOC_040640,True,0.0,,0,0,0
Hum_XLOC_040641,False,,,0,0,0
Hum_XLOC_040646,False,,,0,0,0
Hum_XLOC_040647,True,0.0,,0,0,0
Hum_XLOC_040648,True,0.0,,0,0,0
Hum_XLOC_040649,False,,,0,0,0
Hum_XLOC_040651,False,,,0,0,0
Hum_XLOC_040652,False,,,0,0,0
Hum_XLOC_040656,False,,,0,0,0
Hum_XLOC_040661,False,,,0,0,0
Hum_XLOC_040662,True,0.0,,0,0,0
Hum_XLOC_040663,True,0.0,,0,0,0
Hum_XLOC_040672,False,,,0,0,0
Hum_XLOC_040673,False,,,0,0,0
Hum_XLOC_040674,False,,,0,0,0
Hum_XLOC_040676,False,,,0,0,0
Hum_XLOC_040677,False,,,0,0,0
Hum_XLOC_040678,False,,,0,0,0
Hum_XLOC_040683,False,,,0,0,0
Hum_XLOC_040685,False,,,0,0,0
Hum_XLOC_040686,False,,,0,0,0
Hum_XLOC_040687,False,,,0,0,0
Hum_XLOC_040688,False,,,0,0,0
Hum_XLOC_040689,False,,,0,0,0
Hum_XLOC_040690,False,,,0,0,0
Hum_XLOC_040691,True,0.0,,0,0,0
Hum_XLOC_040692,False,,,0,0,0
Hum_XLOC_040694,False,,,0,0,0
Hum_XLOC_040695,False,,,0,0,0
Hum_XLOC_040696,False,,,0,0,0
Hum_XLOC_040697,False,,,0,0,0
Hum_XLOC_040698,False,,,0,0,0
Hum_XLOC_040700,False,,,0,0,0
Hum_XLOC_040701,False,,,0,0,0
Hum_XLOC_040709,True,0.0,,0,0,0
Hum_XLOC_040711,True,0.0,,0,0,0
Hum_XLOC_040713,False,,,0,0,0
Hum_XLOC_040714,False,,,0,0,0
Hum_XLOC_040717,False,,,0,0,0
Hum_XLOC_040722,False,,,0,0,0
Hum_XLOC_040724,False,,,0,0,0
Hum_XLOC_040727,False,,,0,0,0
Hum_XLOC_040728,False,,,0,0,0
Hum_XLOC_040729,False,,,0,0,0
Hum_XLOC_040730,False,,,0,0,0
Hum_XLOC_040731,False,,,0,0,0
Hum_XLOC_040732,True,0.0,,0,0,0
Hum_XLOC_040733,True,0.0,,0,0,0
Hum_XLOC_040734,False,,,0,0,0
Hum_XLOC_040736,False,,,0,0,0
Hum_XLOC_040737,True,0.0,,0,0,0
Hum_XLOC_040738,False,,,0,0,0
Hum_XLOC_040739,False,,,0,0,0
Hum_XLOC_040740,False,,,0,0,0
Hum_XLOC_040741,False,,,0,0,0
Hum_XLOC_040742,False,,,0,0,0
Hum_XLOC_040746,False,,,0,0,0
Hum_XLOC_040747,False,,,0,0,0
Hum_XLOC_040748,True,0.0,,0,0,0
Hum_XLOC_040750,False,,,0,0,0
Hum_XLOC_040751,False,,,0,0,0
Hum_XLOC_040752,False,,,0,0,0
Hum_XLOC_040753,False,,,0,0,0
Hum_XLOC_040754,False,,,0,0,0
Hum_XLOC_040755,False,,,0,0,0
Hum_XLOC_040756,False,,,0,0,0
Hum_XLOC_040757,False,,,0,0,0
Hum_XLOC_040758,False,,,0,0,0
Hum_XLOC_040761,False,,,0,0,0
Hum_XLOC_040762,False,,,0,0,0
Hum_XLOC_040764,False,,,0,0,0
Hum_XLOC_040766,False,,,0,0,0
Hum_XLOC_040770,True,0.0,,0,0,0
Hum_XLOC_040771,False,,,0,0,0
Hum_XLOC_040772,False,,,0,0,0
Hum_XLOC_040773,False,,,0,0,0
Hum_XLOC_040774,False,,,0,0,0
Hum_XLOC_040775,True,0.0,,0,0,0
Hum_XLOC_040776,False,,,0,0,0
Hum_XLOC_040777,False,,,0,0,0
Hum_XLOC_040778,False,,,0,0,0
Hum_XLOC_040779,False,,,0,0,0
Hum_XLOC_040780,False,,,0,0,0
Hum_XLOC_040781,False,,,0,0,0
Hum_XLOC_040782,False,,,0,0,0
Hum_XLOC_040783,False,,,0,0,0
Hum_XLOC_040784,False,,,0,0,0
Hum_XLOC_040785,False,,,0,0,0
Hum_XLOC_040786,False,,,0,0,0
Hum_XLOC_040787,False,,,0,0,0
Hum_XLOC_040796,False,,,0,0,0
Hum_XLOC_040797,False,,,0,0,0
Hum_XLOC_040798,True,0.0,,0,0,0
Hum_XLOC_040799,False,,,0,0,0
Hum_XLOC_040800,True,0.0,,0,0,0
Hum_XLOC_040801,False,,,0,0,0
Hum_XLOC_040802,True,0.0,,0,0,0
Hum_XLOC_040803,False,,,0,0,0
Hum_XLOC_040804,False,,,0,0,0
Hum_XLOC_040806,False,,,0,0,0
Hum_XLOC_040815,False,,,0,0,0
Hum_XLOC_040822,True,0.0,,0,0,0
Hum_XLOC_040823,False,,,0,0,0
Hum_XLOC_040824,False,,,0,0,0
Hum_XLOC_040825,False,,,0,0,0
Hum_XLOC_040827,False,,,0,0,0
Hum_XLOC_040828,False,,,0,0,0
Hum_XLOC_040829,False,,,0,0,0
Hum_XLOC_040830,False,,,0,0,0
Hum_XLOC_040831,False,,,0,0,0
Hum_XLOC_040833,False,,,0,0,0
Hum_XLOC_040834,False,,,0,0,0
Hum_XLOC_040835,True,0.0,,0,0,0
Hum_XLOC_040836,False,,,0,0,0
Hum_XLOC_040838,False,,,0,0,0
Hum_XLOC_040839,False,,,0,0,0
Hum_XLOC_040840,True,0.0,,0,0,0
Hum_XLOC_040841,False,,,0,0,0
Hum_XLOC_040842,False,,,0,0,0
Hum_XLOC_040843,True,0.0,,0,0,0
Hum_XLOC_040849,True,0.0,,0,0,0
Hum_XLOC_040850,False,,,0,0,0
Hum_XLOC_040851,False,,,0,0,0
Hum_XLOC_040852,False,,,0,0,0
Hum_XLOC_040853,False,,,0,0,0
Hum_XLOC_040854,False,,,0,0,0
Hum_XLOC_040855,False,,,0,0,0
Hum_XLOC_040856,False,,,0,0,0
Hum_XLOC_040857,False,,,0,0,0
Hum_XLOC_040858,True,0.0,,0,0,0
Hum_XLOC_040859,False,,,0,0,0
Hum_XLOC_040860,False,,,0,0,0
Hum_XLOC_040861,False,,,0,0,0
Hum_XLOC_040862,False,,,0,0,0
Hum_XLOC_040863,False,,,0,0,0
Hum_XLOC_040864,False,,,0,0,0
Hum_XLOC_040871,True,0.0,,0,0,0
Hum_XLOC_040872,False,,,0,0,0
Hum_XLOC_040873,True,0.0,,0,0,0
Hum_XLOC_040875,False,,,0,0,0
Hum_XLOC_040876,True,0.0,,0,0,0
Hum_XLOC_040877,False,,,0,0,0
Hum_XLOC_040882,False,,,0,0,0
Hum_XLOC_040883,False,,,0,0,0
Hum_XLOC_040884,False,,,0,0,0
Hum_XLOC_040885,False,,,0,0,0
Hum_XLOC_040886,False,,,0,0,0
Hum_XLOC_040887,False,,,0,0,0
Hum_XLOC_040889,False,,,0,0,0
Hum_XLOC_040891,False,,,0,0,0
Hum_XLOC_040894,False,,,0,0,0
Hum_XLOC_040895,True,0.0,,0,0,0
Hum_XLOC_040898,False,,,0,0,0
Hum_XLOC_040899,False,,,0,0,0
Hum_XLOC_040900,False,,,0,0,0
Hum_XLOC_040901,False,,,0,0,0
Hum_XLOC_040902,True,0.0,,0,0,0
Hum_XLOC_040905,False,,,0,0,0
Hum_XLOC_040906,False,,,0,0,0
Hum_XLOC_040911,False,,,0,0,0
Hum_XLOC_040916,False,,,0,0,0
Hum_XLOC_040917,False,,,0,0,0
Hum_XLOC_040918,False,,,0,0,0
Hum_XLOC_040919,True,0.0,,0,0,0
Hum_XLOC_040922,True,0.0,,0,0,0
Hum_XLOC_040925,False,,,0,0,0
Hum_XLOC_040931,False,,,0,0,0
Hum_XLOC_040932,False,,,0,0,0
Hum_XLOC_040933,False,,,0,0,0
Hum_XLOC_040934,False,,,0,0,0
Hum_XLOC_040935,False,,,0,0,0
Hum_XLOC_040936,False,,,0,0,0
Hum_XLOC_040941,False,,,0,0,0
Hum_XLOC_040942,False,,,0,0,0
Hum_XLOC_040943,False,,,0,0,0
Hum_XLOC_040944,False,,,0,0,0
Hum_XLOC_040946,False,,,0,0,0
Hum_XLOC_040948,False,,,0,0,0
Hum_XLOC_040949,False,,,0,0,0
Hum_XLOC_040950,False,,,0,0,0
Hum_XLOC_040952,False,,,0,0,0
Hum_XLOC_040957,False,,,0,0,0
Hum_XLOC_040958,False,,,0,0,0
Hum_XLOC_040961,True,0.0,,0,0,0
Hum_XLOC_040962,False,,,0,0,0
Hum_XLOC_040963,False,,,0,0,0
Hum_XLOC_040964,True,0.0,,0,0,0
Hum_XLOC_040965,False,,,0,0,0
Hum_XLOC_040966,True,0.0,,0,0,0
Hum_XLOC_040967,True,0.0,,0,0,0
Hum_XLOC_040969,False,,,0,0,0
Hum_XLOC_040970,False,,,0,0,0
Hum_XLOC_040971,False,,,0,0,0
Hum_XLOC_040972,True,0.0,,0,0,0
Hum_XLOC_040973,True,0.0,,0,0,0
Hum_XLOC_040974,True,0.0,,0,0,0
Hum_XLOC_040975,False,,,0,0,0
Hum_XLOC_040979,True,0.0,,0,0,0
Hum_XLOC_040980,False,,,0,0,0
Hum_XLOC_040981,False,,,0,0,0
Hum_XLOC_040983,False,,,0,0,0
Hum_XLOC_040984,True,0.0,,0,0,0
Hum_XLOC_040987,False,,,0,0,0
Hum_XLOC_040988,False,,,0,0,0
Hum_XLOC_040989,False,,,0,0,0
Hum_XLOC_040991,False,,,0,0,0
Hum_XLOC_040993,False,,,0,0,0
Hum_XLOC_040994,False,,,0,0,0
Hum_XLOC_040995,False,,,0,0,0
Hum_XLOC_040998,False,,,0,0,0
Hum_XLOC_041002,False,,,0,0,0
Hum_XLOC_041004,False,,,0,0,0
Hum_XLOC_041005,False,,,0,0,0
Hum_XLOC_041006,True,0.0,,0,0,0
Hum_XLOC_041008,False,,,0,0,0
Hum_XLOC_041009,True,0.0,,0,0,0
Hum_XLOC_041012,True,0.0,,0,0,0
Hum_XLOC_041016,False,,,0,0,0
Hum_XLOC_041017,False,,,0,0,0
Hum_XLOC_041019,True,0.0,,0,0,0
Hum_XLOC_041020,False,,,0,0,0
Hum_XLOC_041021,False,,,0,0,0
Hum_XLOC_041023,False,,,0,0,0
Hum_XLOC_041024,True,0.0,,0,0,0
Hum_XLOC_041025,False,,,0,0,0
Hum_XLOC_041026,False,,,0,0,0
Hum_XLOC_041027,False,,,0,0,0
Hum_XLOC_041028,False,,,0,0,0
Hum_XLOC_041029,False,,,0,0,0
Hum_XLOC_041031,False,,,0,0,0
Hum_XLOC_041032,False,,,0,0,0
Hum_XLOC_041033,False,,,0,0,0
Hum_XLOC_041034,False,,,0,0,0
Hum_XLOC_041035,False,,,0,0,0
Hum_XLOC_041036,False,,,0,0,0
Hum_XLOC_041037,False,,,0,0,0
Hum_XLOC_041038,False,,,0,0,0
Hum_XLOC_041039,False,,,0,0,0
Hum_XLOC_041040,False,,,0,0,0
Hum_XLOC_041041,False,,,0,0,0
Hum_XLOC_041042,False,,,0,0,0
Hum_XLOC_041043,False,,,0,0,0
Hum_XLOC_041044,True,0.0,,0,0,0
Hum_XLOC_041045,True,0.0,,0,0,0
Hum_XLOC_041046,True,0.0,,0,0,0
Hum_XLOC_041047,True,0.0,,0,0,0
Hum_XLOC_041048,False,,,0,0,0
Hum_XLOC_041049,False,,,0,0,0
Hum_XLOC_041050,False,,,0,0,0
Hum_XLOC_041051,False,,,0,0,0
Hum_XLOC_041052,False,,,0,0,0
Hum_XLOC_041053,False,,,0,0,0
Hum_XLOC_041054,False,,,0,0,0
Hum_XLOC_041056,False,,,0,0,0
Hum_XLOC_041057,False,,,0,0,0
Hum_XLOC_041058,False,,,0,0,0
Hum_XLOC_041060,False,,,0,0,0
Hum_XLOC_041061,False,,,0,0,0
Hum_XLOC_041062,False,,,0,0,0
Hum_XLOC_041063,False,,,0,0,0
Hum_XLOC_041064,False,,,0,0,0
Hum_XLOC_041065,True,0.0,,0,0,0
Hum_XLOC_041066,False,,,0,0,0
Hum_XLOC_041067,False,,,0,0,0
Hum_XLOC_041068,False,,,0,0,0
Hum_XLOC_041069,True,0.0,,0,0,0
Hum_XLOC_041070,False,,,0,0,0
Hum_XLOC_041071,False,,,0,0,0
Hum_XLOC_041074,False,,,0,0,0
Hum_XLOC_041075,False,,,0,0,0
Hum_XLOC_041076,False,,,0,0,0
Hum_XLOC_041077,False,,,0,0,0
Hum_XLOC_041078,False,,,0,0,0
Hum_XLOC_041079,True,0.0,,0,0,0
Hum_XLOC_041080,False,,,0,0,0
Hum_XLOC_041082,False,,,0,0,0
Hum_XLOC_041083,False,,,0,0,0
Hum_XLOC_041087,True,0.0,,0,0,0
Hum_XLOC_041088,False,,,0,0,0
Hum_XLOC_041089,True,0.0,,0,0,0
Hum_XLOC_041090,False,,,0,0,0
Hum_XLOC_041091,True,0.0,,0,0,0
Hum_XLOC_041097,True,0.0,,0,0,0
Hum_XLOC_041098,False,,,0,0,0
Hum_XLOC_041099,True,0.0,,0,0,0
Hum_XLOC_041100,False,,,0,0,0
Hum_XLOC_041101,False,,,0,0,0
Hum_XLOC_041102,False,,,0,0,0
Hum_XLOC_041105,False,,,0,0,0
Hum_XLOC_041106,False,,,0,0,0
Hum_XLOC_041107,True,0.0,,0,0,0
Hum_XLOC_041108,False,,,0,0,0
Hum_XLOC_041109,False,,,0,0,0
Hum_XLOC_041110,False,,,0,0,0
Hum_XLOC_041111,True,0.0,,0,0,0
Hum_XLOC_041112,False,,,0,0,0
Hum_XLOC_041114,True,0.0,,0,0,0
Hum_XLOC_041115,False,,,0,0,0
Hum_XLOC_041116,False,,,0,0,0
Hum_XLOC_041117,True,0.0,,0,0,0
Hum_XLOC_041118,False,,,0,0,0
Hum_XLOC_041120,False,,,0,0,0
Hum_XLOC_041125,False,,,0,0,0
Hum_XLOC_041126,False,,,0,0,0
Hum_XLOC_041127,True,0.0,,0,0,0
Hum_XLOC_041128,False,,,0,0,0
Hum_XLOC_041129,False,,,0,0,0
Hum_XLOC_041130,True,0.0,,0,0,0
Hum_XLOC_041131,False,,,0,0,0
Hum_XLOC_041137,False,,,0,0,0
Hum_XLOC_041138,False,,,0,0,0
Hum_XLOC_041139,False,,,0,0,0
Hum_XLOC_041140,False,,,0,0,0
Hum_XLOC_041141,False,,,0,0,0
Hum_XLOC_041142,False,,,0,0,0
Hum_XLOC_041143,False,,,0,0,0
Hum_XLOC_041144,False,,,0,0,0
Hum_XLOC_041145,False,,,0,0,0
Hum_XLOC_041149,False,,,0,0,0
Hum_XLOC_041150,False,,,0,0,0
Hum_XLOC_041151,False,,,0,0,0
Hum_XLOC_041152,True,0.0,,0,0,0
Hum_XLOC_041153,False,,,0,0,0
Hum_XLOC_041154,False,,,0,0,0
Hum_XLOC_041155,True,0.0,,0,0,0
Hum_XLOC_041156,True,0.0,,0,0,0
Hum_XLOC_041157,False,,,0,0,0
Hum_XLOC_041159,False,,,0,0,0
Hum_XLOC_041160,False,,,0,0,0
Hum_XLOC_041161,False,,,0,0,0
Hum_XLOC_041162,False,,,0,0,0
Hum_XLOC_041163,False,,,0,0,0
Hum_XLOC_041164,False,,,0,0,0
Hum_XLOC_041166,False,,,0,0,0
Hum_XLOC_041167,False,,,0,0,0
Hum_XLOC_041168,True,0.0,,0,0,0
Hum_XLOC_041169,False,,,0,0,0
Hum_XLOC_041171,False,,,0,0,0
Hum_XLOC_041172,False,,,0,0,0
Hum_XLOC_041173,False,,,0,0,0
Hum_XLOC_041174,False,,,0,0,0
Hum_XLOC_041175,False,,,0,0,0
Hum_XLOC_041176,False,,,0,0,0
Hum_XLOC_041177,False,,,0,0,0
Hum_XLOC_041178,False,,,0,0,0
Hum_XLOC_041179,True,0.0,,0,0,0
Hum_XLOC_041180,True,0.0,,0,0,0
Hum_XLOC_041181,False,,,0,0,0
Hum_XLOC_041182,False,,,0,0,0
Hum_XLOC_041183,False,,,0,0,0
Hum_XLOC_041184,False,,,0,0,0
Hum_XLOC_041185,False,,,0,0,0
Hum_XLOC_041186,False,,,0,0,0
Hum_XLOC_041187,False,,,0,0,0
Hum_XLOC_041188,False,,,0,0,0
Hum_XLOC_041189,False,,,0,0,0
Hum_XLOC_041191,False,,,0,0,0
Hum_XLOC_041192,False,,,0,0,0
Hum_XLOC_041193,False,,,0,0,0
Hum_XLOC_041194,False,,,0,0,0
Hum_XLOC_041195,False,,,0,0,0
Hum_XLOC_041199,False,,,0,0,0
Hum_XLOC_041200,False,,,0,0,0
Hum_XLOC_041201,True,0.0,,0,0,0
Hum_XLOC_041202,False,,,0,0,0
Hum_XLOC_041203,False,,,0,0,0
Hum_XLOC_041204,True,0.0,,0,0,0
Hum_XLOC_041205,False,,,0,0,0
Hum_XLOC_041206,False,,,0,0,0
Hum_XLOC_041212,False,,,0,0,0
Hum_XLOC_041213,False,,,0,0,0
Hum_XLOC_041214,False,,,0,0,0
Hum_XLOC_041215,False,,,0,0,0
Hum_XLOC_041216,False,,,0,0,0
Hum_XLOC_041217,False,,,0,0,0
Hum_XLOC_041218,True,0.0,,0,0,0
Hum_XLOC_041222,False,,,0,0,0
Hum_XLOC_041223,False,,,0,0,0
Hum_XLOC_041224,False,,,0,0,0
Hum_XLOC_041225,False,,,0,0,0
Hum_XLOC_041226,False,,,0,0,0
Hum_XLOC_041227,False,,,0,0,0
Hum_XLOC_041234,False,,,0,0,0
Hum_XLOC_041235,False,,,0,0,0
Hum_XLOC_041236,False,,,0,0,0
Hum_XLOC_041237,False,,,0,0,0
Hum_XLOC_041238,False,,,0,0,0
Hum_XLOC_041239,False,,,0,0,0
Hum_XLOC_041240,False,,,0,0,0
Hum_XLOC_041241,False,,,0,0,0
Hum_XLOC_041242,True,0.0,,0,0,0
Hum_XLOC_041243,True,0.0,,0,0,0
Hum_XLOC_041246,False,,,0,0,0
Hum_XLOC_041248,False,,,0,0,0
Hum_XLOC_041249,True,0.0,,0,0,0
Hum_XLOC_041250,False,,,0,0,0
Hum_XLOC_041251,False,,,0,0,0
Hum_XLOC_041252,False,,,0,0,0
Hum_XLOC_041253,True,0.0,,0,0,0
Hum_XLOC_041254,False,,,0,0,0
Hum_XLOC_041255,False,,,0,0,0
Hum_XLOC_041256,False,,,0,0,0
Hum_XLOC_041257,True,0.0,,0,0,0
Hum_XLOC_041259,False,,,0,0,0
Hum_XLOC_041260,False,,,0,0,0
Hum_XLOC_041261,False,,,0,0,0
Hum_XLOC_041262,False,,,0,0,0
Hum_XLOC_041267,False,,,0,0,0
Hum_XLOC_041268,False,,,0,0,0
Hum_XLOC_041269,False,,,0,0,0
Hum_XLOC_041270,False,,,0,0,0
Hum_XLOC_041274,False,,,0,0,0
Hum_XLOC_041275,False,,,0,0,0
Hum_XLOC_041278,True,0.0,,0,0,0
Hum_XLOC_041281,False,,,0,0,0
Hum_XLOC_041282,True,0.0,,0,0,0
Hum_XLOC_041283,False,,,0,0,0
Hum_XLOC_041285,True,0.0,,0,0,0
Hum_XLOC_041288,True,0.0,,0,0,0
Hum_XLOC_041289,False,,,0,0,0
Hum_XLOC_041295,False,,,0,0,0
Hum_XLOC_041296,False,,,0,0,0
Hum_XLOC_041300,False,,,0,0,0
Hum_XLOC_041301,False,,,0,0,0
Hum_XLOC_041302,False,,,0,0,0
Hum_XLOC_041303,True,0.0,,0,0,0
Hum_XLOC_041304,False,,,0,0,0
Hum_XLOC_041308,False,,,0,0,0
Hum_XLOC_041309,False,,,0,0,0
Hum_XLOC_041310,False,,,0,0,0
Hum_XLOC_041311,True,0.0,,0,0,0
Hum_XLOC_041312,False,,,0,0,0
Hum_XLOC_041313,False,,,0,0,0
Hum_XLOC_041314,False,,,0,0,0
Hum_XLOC_041315,False,,,0,0,0
Hum_XLOC_041316,False,,,0,0,0
Hum_XLOC_041317,False,,,0,0,0
Hum_XLOC_041318,False,,,0,0,0
Hum_XLOC_041319,False,,,0,0,0
Hum_XLOC_041320,False,,,0,0,0
Hum_XLOC_041321,False,,,0,0,0
Hum_XLOC_041323,False,,,0,0,0
Hum_XLOC_041324,False,,,0,0,0
Hum_XLOC_041325,False,,,0,0,0
Hum_XLOC_041326,False,,,0,0,0
Hum_XLOC_041327,True,0.0,,0,0,0
Hum_XLOC_041328,False,,,0,0,0
Hum_XLOC_041330,False,,,0,0,0
Hum_XLOC_041331,False,,,0,0,0
Hum_XLOC_041332,False,,,0,0,0
Hum_XLOC_041333,False,,,0,0,0
Hum_XLOC_041334,False,,,0,0,0
Hum_XLOC_041336,False,,,0,0,0
Hum_XLOC_041339,False,,,0,0,0
Hum_XLOC_041344,False,,,0,0,0
Hum_XLOC_041345,False,,,0,0,0
Hum_XLOC_041347,False,,,0,0,0
Hum_XLOC_041348,False,,,0,0,0
Hum_XLOC_041349,False,,,0,0,0
Hum_XLOC_041352,False,,,0,0,0
Hum_XLOC_041359,True,0.0,,0,0,0
Hum_XLOC_041360,False,,,0,0,0
Hum_XLOC_041361,False,,,0,0,0
Hum_XLOC_041362,False,,,0,0,0
Hum_XLOC_041363,False,,,0,0,0
Hum_XLOC_041365,False,,,0,0,0
Hum_XLOC_041367,False,,,0,0,0
Hum_XLOC_041368,False,,,0,0,0
Hum_XLOC_041369,False,,,0,0,0
Hum_XLOC_041370,False,,,0,0,0
Hum_XLOC_041371,False,,,0,0,0
Hum_XLOC_041372,False,,,0,0,0
Hum_XLOC_041374,False,,,0,0,0
Hum_XLOC_041375,False,,,0,0,0
Hum_XLOC_041376,False,,,0,0,0
Hum_XLOC_041377,False,,,0,0,0
Hum_XLOC_041378,False,,,0,0,0
Hum_XLOC_041379,False,,,0,0,0
Hum_XLOC_041380,False,,,0,0,0
Hum_XLOC_041381,False,,,0,0,0
Hum_XLOC_041382,False,,,0,0,0
Hum_XLOC_041384,False,,,0,0,0
Hum_XLOC_041385,False,,,0,0,0
Hum_XLOC_041386,False,,,0,0,0
Hum_XLOC_041387,False,,,0,0,0
Hum_XLOC_041398,False,,,0,0,0
Hum_XLOC_041399,True,0.0,,0,0,0
Hum_XLOC_041400,False,,,0,0,0
Hum_XLOC_041401,False,,,0,0,0
Hum_XLOC_041402,True,0.0,,0,0,0
Hum_XLOC_041403,False,,,0,0,0
Hum_XLOC_041404,False,,,0,0,0
Hum_XLOC_041405,False,,,0,0,0
Hum_XLOC_041406,False,,,0,0,0
Hum_XLOC_041407,False,,,0,0,0
Hum_XLOC_041408,False,,,0,0,0
Hum_XLOC_041409,False,,,0,0,0
Hum_XLOC_041411,False,,,0,0,0
Hum_XLOC_041412,False,,,0,0,0
Hum_XLOC_041413,False,,,0,0,0
Hum_XLOC_041414,False,,,0,0,0
Hum_XLOC_041415,True,0.0,,0,0,0
Hum_XLOC_041416,False,,,0,0,0
Hum_XLOC_041417,False,,,0,0,0
Hum_XLOC_041419,False,,,0,0,0
Hum_XLOC_041420,False,,,0,0,0
Hum_XLOC_041421,False,,,0,0,0
Hum_XLOC_041422,False,,,0,0,0
Hum_XLOC_041424,False,,,0,0,0
Hum_XLOC_041425,False,,,0,0,0
Hum_XLOC_041427,False,,,0,0,0
Hum_XLOC_041431,False,,,0,0,0
Hum_XLOC_041432,False,,,0,0,0
Hum_XLOC_041433,False,,,0,0,0
Hum_XLOC_041434,False,,,0,0,0
Hum_XLOC_041435,True,0.0,,0,0,0
Hum_XLOC_041436,False,,,0,0,0
Hum_XLOC_041437,False,,,0,0,0
Hum_XLOC_041438,False,,,0,0,0
Hum_XLOC_041439,False,,,0,0,0
Hum_XLOC_041441,False,,,0,0,0
Hum_XLOC_041442,False,,,0,0,0
Hum_XLOC_041443,False,,,0,0,0
Hum_XLOC_041444,False,,,0,0,0
Hum_XLOC_041445,False,,,0,0,0
Hum_XLOC_041446,False,,,0,0,0
Hum_XLOC_041447,False,,,0,0,0
Hum_XLOC_041448,True,0.0,,0,0,0
Hum_XLOC_041449,False,,,0,0,0
Hum_XLOC_041450,False,,,0,0,0
Hum_XLOC_041451,False,,,0,0,0
Hum_XLOC_041452,False,,,0,0,0
Hum_XLOC_041453,False,,,0,0,0
Hum_XLOC_041454,False,,,0,0,0
Hum_XLOC_041455,False,,,0,0,0
Hum_XLOC_041456,False,,,0,0,0
Hum_XLOC_041457,False,,,0,0,0
Hum_XLOC_041458,True,0.0,,0,0,0
Hum_XLOC_041459,False,,,0,0,0
Hum_XLOC_041461,True,0.0,,0,0,0
Hum_XLOC_041463,False,,,0,0,0
Hum_XLOC_041466,False,,,0,0,0
Hum_XLOC_041467,False,,,0,0,0
Hum_XLOC_041469,False,,,0,0,0
Hum_XLOC_041471,False,,,0,0,0
Hum_XLOC_041472,False,,,0,0,0
Hum_XLOC_041473,False,,,0,0,0
Hum_XLOC_041474,False,,,0,0,0
Hum_XLOC_041475,False,,,0,0,0
Hum_XLOC_041476,False,,,0,0,0
Hum_XLOC_041477,False,,,0,0,0
Hum_XLOC_041478,False,,,0,0,0
Hum_XLOC_041479,False,,,0,0,0
Hum_XLOC_041480,True,0.0,,0,0,0
Hum_XLOC_041482,False,,,0,0,0
Hum_XLOC_041483,False,,,0,0,0
Hum_XLOC_041485,False,,,0,0,0
Hum_XLOC_041486,False,,,0,0,0
Hum_XLOC_041487,True,0.0,,0,0,0
Hum_XLOC_041488,False,,,0,0,0
Hum_XLOC_041489,False,,,0,0,0
Hum_XLOC_041490,False,,,0,0,0
Hum_XLOC_041491,False,,,0,0,0
Hum_XLOC_041492,True,0.0,,0,0,0
Hum_XLOC_041493,False,,,0,0,0
Hum_XLOC_041494,False,,,0,0,0
Hum_XLOC_041496,True,0.0,,0,0,0
Hum_XLOC_041498,False,,,0,0,0
Hum_XLOC_041499,False,,,0,0,0
Hum_XLOC_041500,False,,,0,0,0
Hum_XLOC_041502,False,,,0,0,0
Hum_XLOC_041503,False,,,0,0,0
Hum_XLOC_041504,False,,,0,0,0
Hum_XLOC_041507,False,,,0,0,0
Hum_XLOC_041509,True,0.0,,0,0,0
Hum_XLOC_041510,False,,,0,0,0
Hum_XLOC_041513,False,,,0,0,0
Hum_XLOC_041515,False,,,0,0,0
Hum_XLOC_041517,False,,,0,0,0
Hum_XLOC_041518,False,,,0,0,0
Hum_XLOC_041519,False,,,0,0,0
Hum_XLOC_041520,False,,,0,0,0
Hum_XLOC_041521,False,,,0,0,0
Hum_XLOC_041523,False,,,0,0,0
Hum_XLOC_041524,False,,,0,0,0
Hum_XLOC_041530,False,,,0,0,0
Hum_XLOC_041532,True,0.0,,0,0,0
Hum_XLOC_041539,True,0.0,,0,0,0
Hum_XLOC_041540,False,,,0,0,0
Hum_XLOC_041541,True,0.0,,0,0,0
Hum_XLOC_041543,False,,,0,0,0
Hum_XLOC_041544,False,,,0,0,0
Hum_XLOC_041545,False,,,0,0,0
Hum_XLOC_041547,False,,,0,0,0
Hum_XLOC_041548,True,0.0,,0,0,0
Hum_XLOC_041552,False,,,0,0,0
Hum_XLOC_041553,False,,,0,0,0
Hum_XLOC_041554,False,,,0,0,0
Hum_XLOC_041555,True,0.0,,0,0,0
Hum_XLOC_041557,False,,,0,0,0
Hum_XLOC_041559,False,,,0,0,0
Hum_XLOC_041560,False,,,0,0,0
Hum_XLOC_041561,False,,,0,0,0
Hum_XLOC_041562,False,,,0,0,0
Hum_XLOC_041563,False,,,0,0,0
Hum_XLOC_041564,True,0.0,,0,0,0
Hum_XLOC_041565,False,,,0,0,0
Hum_XLOC_041566,False,,,0,0,0
Hum_XLOC_041567,True,0.0,,0,0,0
Hum_XLOC_041570,False,,,0,0,0
Hum_XLOC_041571,False,,,0,0,0
Hum_XLOC_041572,False,,,0,0,0
Hum_XLOC_041574,False,,,0,0,0
Hum_XLOC_041575,False,,,0,0,0
Hum_XLOC_041576,False,,,0,0,0
Hum_XLOC_041577,False,,,0,0,0
Hum_XLOC_041578,False,,,0,0,0
Hum_XLOC_041579,False,,,0,0,0
Hum_XLOC_041581,False,,,0,0,0
Hum_XLOC_041582,False,,,0,0,0
Hum_XLOC_041583,False,,,0,0,0
Hum_XLOC_041585,False,,,0,0,0
Hum_XLOC_041587,False,,,0,0,0
Hum_XLOC_041588,False,,,0,0,0
Hum_XLOC_041589,False,,,0,0,0
Hum_XLOC_041590,False,,,0,0,0
Hum_XLOC_041591,False,,,0,0,0
Hum_XLOC_041592,False,,,0,0,0
Hum_XLOC_041593,False,,,0,0,0
Hum_XLOC_041594,False,,,0,0,0
Hum_XLOC_041595,False,,,0,0,0
Hum_XLOC_041596,False,,,0,0,0
Hum_XLOC_041597,False,,,0,0,0
Hum_XLOC_041598,True,0.0,,0,0,0
Hum_XLOC_041599,False,,,0,0,0
Hum_XLOC_041600,False,,,0,0,0
Hum_XLOC_041601,False,,,0,0,0
Hum_XLOC_041602,False,,,0,0,0
Hum_XLOC_041603,False,,,0,0,0
Hum_XLOC_041604,False,,,0,0,0
Hum_XLOC_041605,False,,,0,0,0
Hum_XLOC_041606,False,,,0,0,0
Hum_XLOC_041608,True,0.0,,0,0,0
Hum_XLOC_041612,False,,,0,0,0
Hum_XLOC_041613,False,,,0,0,0
Hum_XLOC_041614,False,,,0,0,0
Hum_XLOC_041615,False,,,0,0,0
Hum_XLOC_041616,False,,,0,0,0
Hum_XLOC_041617,False,,,0,0,0
Hum_XLOC_041620,False,,,0,0,0
Hum_XLOC_041621,False,,,0,0,0
Hum_XLOC_041622,True,0.0,,0,0,0
Hum_XLOC_041623,False,,,0,0,0
Hum_XLOC_041624,True,0.0,,0,0,0
Hum_XLOC_041626,False,,,0,0,0
Hum_XLOC_041627,False,,,0,0,0
Hum_XLOC_041628,False,,,0,0,0
Hum_XLOC_041629,False,,,0,0,0
Hum_XLOC_041630,False,,,0,0,0
Hum_XLOC_041631,False,,,0,0,0
Hum_XLOC_041632,False,,,0,0,0
Hum_XLOC_041633,False,,,0,0,0
Hum_XLOC_041634,False,,,0,0,0
Hum_XLOC_041635,False,,,0,0,0
Hum_XLOC_041636,False,,,0,0,0
Hum_XLOC_041637,False,,,0,0,0
Hum_XLOC_041638,True,0.0,,0,0,0
Hum_XLOC_041639,False,,,0,0,0
Hum_XLOC_041643,False,,,0,0,0
Hum_XLOC_041644,False,,,0,0,0
Hum_XLOC_041645,False,,,0,0,0
Hum_XLOC_041646,False,,,0,0,0
Hum_XLOC_041647,True,0.0,,0,0,0
Hum_XLOC_041648,False,,,0,0,0
Hum_XLOC_041650,False,,,0,0,0
Hum_XLOC_041651,False,,,0,0,0
Hum_XLOC_041652,False,,,0,0,0
Hum_XLOC_041653,False,,,0,0,0
Hum_XLOC_041654,False,,,0,0,0
Hum_XLOC_041655,False,,,0,0,0
Hum_XLOC_041657,True,0.0,,0,0,0
Hum_XLOC_041665,False,,,0,0,0
Hum_XLOC_041666,False,,,0,0,0
Hum_XLOC_041670,False,,,0,0,0
Hum_XLOC_041671,False,,,0,0,0
Hum_XLOC_041672,False,,,0,0,0
Hum_XLOC_041674,False,,,0,0,0
Hum_XLOC_041675,False,,,0,0,0
Hum_XLOC_041676,False,,,0,0,0
Hum_XLOC_041677,True,0.0,,0,0,0
Hum_XLOC_041678,False,,,0,0,0
Hum_XLOC_041680,False,,,0,0,0
Hum_XLOC_041681,False,,,0,0,0
Hum_XLOC_041682,False,,,0,0,0
Hum_XLOC_041683,False,,,0,0,0
Hum_XLOC_041684,False,,,0,0,0
Hum_XLOC_041687,False,,,0,0,0
Hum_XLOC_041688,False,,,0,0,0
Hum_XLOC_041691,False,,,0,0,0
Hum_XLOC_041692,False,,,0,0,0
Hum_XLOC_041693,True,0.0,,0,0,0
Hum_XLOC_041694,False,,,0,0,0
Hum_XLOC_041696,False,,,0,0,0
Hum_XLOC_041697,False,,,0,0,0
Hum_XLOC_041698,False,,,0,0,0
Hum_XLOC_041700,False,,,0,0,0
Hum_XLOC_041701,False,,,0,0,0
Hum_XLOC_041702,False,,,0,0,0
Hum_XLOC_041704,False,,,0,0,0
Hum_XLOC_041705,False,,,0,0,0
Hum_XLOC_041706,False,,,0,0,0
Hum_XLOC_041708,True,0.0,,0,0,0
Hum_XLOC_041709,False,,,0,0,0
Hum_XLOC_041710,False,,,0,0,0
Hum_XLOC_041711,False,,,0,0,0
Hum_XLOC_041712,False,,,0,0,0
Hum_XLOC_041713,False,,,0,0,0
Hum_XLOC_041714,False,,,0,0,0
Hum_XLOC_041717,False,,,0,0,0
Hum_XLOC_041718,False,,,0,0,0
Hum_XLOC_041719,False,,,0,0,0
Hum_XLOC_041720,False,,,0,0,0
Hum_XLOC_041721,True,0.0,,0,0,0
Hum_XLOC_041722,True,0.0,,0,0,0
Hum_XLOC_041723,False,,,0,0,0
Hum_XLOC_041724,False,,,0,0,0
Hum_XLOC_041725,False,,,0,0,0
Hum_XLOC_041727,False,,,0,0,0
Hum_XLOC_041728,True,0.0,,0,0,0
Hum_XLOC_041729,False,,,0,0,0
Hum_XLOC_041730,False,,,0,0,0
Hum_XLOC_041731,False,,,0,0,0
Hum_XLOC_041732,False,,,0,0,0
Hum_XLOC_041734,True,0.0,,0,0,0
Hum_XLOC_041735,False,,,0,0,0
Hum_XLOC_041736,True,0.0,,0,0,0
Hum_XLOC_041737,False,,,0,0,0
Hum_XLOC_041738,False,,,0,0,0
Hum_XLOC_041739,False,,,0,0,0
Hum_XLOC_041740,False,,,0,0,0
Hum_XLOC_041741,False,,,0,0,0
Hum_XLOC_041742,False,,,0,0,0
Hum_XLOC_041743,True,0.0,,0,0,0
Hum_XLOC_041744,False,,,0,0,0
Hum_XLOC_041745,False,,,0,0,0
Hum_XLOC_041748,False,,,0,0,0
Hum_XLOC_041749,False,,,0,0,0
Hum_XLOC_041751,False,,,0,0,0
Hum_XLOC_041752,False,,,0,0,0
Hum_XLOC_041753,False,,,0,0,0
Hum_XLOC_041754,False,,,0,0,0
Hum_XLOC_041755,False,,,0,0,0
Hum_XLOC_041756,False,,,0,0,0
Hum_XLOC_041758,False,,,0,0,0
Hum_XLOC_041759,False,,,0,0,0
Hum_XLOC_041763,False,,,0,0,0
Hum_XLOC_041764,False,,,0,0,0
Hum_XLOC_041765,False,,,0,0,0
Hum_XLOC_041766,False,,,0,0,0
Hum_XLOC_041767,False,,,0,0,0
Hum_XLOC_041768,True,0.0,,0,0,0
Hum_XLOC_041769,False,,,0,0,0
Hum_XLOC_041770,False,,,0,0,0
Hum_XLOC_041777,False,,,0,0,0
Hum_XLOC_041778,False,,,0,0,0
Hum_XLOC_041780,False,,,0,0,0
Hum_XLOC_041782,False,,,0,0,0
Hum_XLOC_041783,False,,,0,0,0
Hum_XLOC_041784,False,,,0,0,0
Hum_XLOC_041785,False,,,0,0,0
Hum_XLOC_041786,False,,,0,0,0
Hum_XLOC_041787,False,,,0,0,0
Hum_XLOC_041788,False,,,0,0,0
Hum_XLOC_041789,False,,,0,0,0
Hum_XLOC_041790,False,,,0,0,0
Hum_XLOC_041797,True,0.0,,0,0,0
Hum_XLOC_041798,False,,,0,0,0
Hum_XLOC_041799,False,,,0,0,0
Hum_XLOC_041800,False,,,0,0,0
Hum_XLOC_041803,False,,,0,0,0
Hum_XLOC_041806,False,,,0,0,0
Hum_XLOC_041807,True,0.0,,0,0,0
Hum_XLOC_041810,False,,,0,0,0
Hum_XLOC_041811,False,,,0,0,0
Hum_XLOC_041812,False,,,0,0,0
Hum_XLOC_041813,False,,,0,0,0
Hum_XLOC_041814,False,,,0,0,0
Hum_XLOC_041815,False,,,0,0,0
Hum_XLOC_041816,False,,,0,0,0
Hum_XLOC_041817,False,,,0,0,0
Hum_XLOC_041818,True,0.0,,0,0,0
Hum_XLOC_041819,False,,,0,0,0
Hum_XLOC_041820,False,,,0,0,0
Hum_XLOC_041821,False,,,0,0,0
Hum_XLOC_041824,False,,,0,0,0
Hum_XLOC_041825,False,,,0,0,0
Hum_XLOC_041826,False,,,0,0,0
Hum_XLOC_041827,False,,,0,0,0
Hum_XLOC_041828,False,,,0,0,0
Hum_XLOC_041829,False,,,0,0,0
Hum_XLOC_041830,False,,,0,0,0
Hum_XLOC_041831,False,,,0,0,0
Hum_XLOC_041832,False,,,0,0,0
Hum_XLOC_041833,False,,,0,0,0
Hum_XLOC_041834,False,,,0,0,0
Hum_XLOC_041835,False,,,0,0,0
Hum_XLOC_041836,False,,,0,0,0
Hum_XLOC_041839,False,,,0,0,0
Hum_XLOC_041840,True,0.0,,0,0,0
Hum_XLOC_041841,True,0.0,,0,0,0
Hum_XLOC_041842,True,0.0,,0,0,0
Hum_XLOC_041843,False,,,0,0,0
Hum_XLOC_041844,False,,,0,0,0
Hum_XLOC_041845,False,,,0,0,0
Hum_XLOC_041846,False,,,0,0,0
Hum_XLOC_041847,True,0.0,,0,0,0
Hum_XLOC_041848,True,0.0,,0,0,0
Hum_XLOC_041850,False,,,0,0,0
Hum_XLOC_041851,False,,,0,0,0
Hum_XLOC_041853,True,0.0,,0,0,0
Hum_XLOC_041854,False,,,0,0,0
Hum_XLOC_041855,False,,,0,0,0
Hum_XLOC_041857,False,,,0,0,0
Hum_XLOC_041858,True,0.0,,0,0,0
Hum_XLOC_041859,False,,,0,0,0
Hum_XLOC_041860,False,,,0,0,0
Hum_XLOC_041861,False,,,0,0,0
Hum_XLOC_041862,False,,,0,0,0
Hum_XLOC_041863,False,,,0,0,0
Hum_XLOC_041864,True,0.0,,0,0,0
Hum_XLOC_041865,False,,,0,0,0
Hum_XLOC_041866,True,0.0,,0,0,0
Hum_XLOC_041867,True,0.0,,0,0,0
Hum_XLOC_041868,True,0.0,,0,0,0
Hum_XLOC_041869,False,,,0,0,0
Hum_XLOC_041871,False,,,0,0,0
Hum_XLOC_041872,True,0.0,,0,0,0
Hum_XLOC_041875,False,,,0,0,0
Hum_XLOC_041876,False,,,0,0,0
Hum_XLOC_041877,False,,,0,0,0
Hum_XLOC_041878,False,,,0,0,0
Hum_XLOC_041879,False,,,0,0,0
Hum_XLOC_041880,False,,,0,0,0
Hum_XLOC_041882,False,,,0,0,0
Hum_XLOC_041883,False,,,0,0,0
Hum_XLOC_041884,False,,,0,0,0
Hum_XLOC_041885,False,,,0,0,0
Hum_XLOC_041886,False,,,0,0,0
Hum_XLOC_041887,True,0.0,,0,0,0
Hum_XLOC_041888,False,,,0,0,0
Hum_XLOC_041889,True,0.0,,0,0,0
Hum_XLOC_041892,False,,,0,0,0
Hum_XLOC_041893,False,,,0,0,0
Hum_XLOC_041894,True,0.0,,0,0,0
Hum_XLOC_041895,False,,,0,0,0
Hum_XLOC_041896,False,,,0,0,0
Hum_XLOC_041897,False,,,0,0,0
Hum_XLOC_041898,False,,,0,0,0
Hum_XLOC_041899,False,,,0,0,0
Hum_XLOC_041900,False,,,0,0,0
Hum_XLOC_041902,False,,,0,0,0
Hum_XLOC_041903,False,,,0,0,0
Hum_XLOC_041904,False,,,0,0,0
Hum_XLOC_041909,False,,,0,0,0
Hum_XLOC_041910,False,,,0,0,0
Hum_XLOC_041911,True,0.0,,0,0,0
Hum_XLOC_041912,True,0.0,,0,0,0
Hum_XLOC_041916,True,0.0,,0,0,0
Hum_XLOC_041919,True,0.0,,0,0,0
Hum_XLOC_041920,False,,,0,0,0
Hum_XLOC_041926,False,,,0,0,0
Hum_XLOC_041931,False,,,0,0,0
Hum_XLOC_041936,False,,,0,0,0
Hum_XLOC_041937,False,,,0,0,0
Hum_XLOC_041940,False,,,0,0,0
Hum_XLOC_041941,False,,,0,0,0
Hum_XLOC_041946,False,,,0,0,0
Hum_XLOC_041948,False,,,0,0,0
Hum_XLOC_041952,False,,,0,0,0
Hum_XLOC_041953,False,,,0,0,0
Hum_XLOC_041954,False,,,0,0,0
Hum_XLOC_041955,False,,,0,0,0
Hum_XLOC_041956,False,,,0,0,0
Hum_XLOC_041958,False,,,0,0,0
Hum_XLOC_041959,False,,,0,0,0
Hum_XLOC_041961,False,,,0,0,0
Hum_XLOC_041962,False,,,0,0,0
Hum_XLOC_041965,False,,,0,0,0
Hum_XLOC_041966,False,,,0,0,0
Hum_XLOC_041968,False,,,0,0,0
Hum_XLOC_041970,False,,,0,0,0
Hum_XLOC_041972,False,,,0,0,0
Hum_XLOC_041973,False,,,0,0,0
Hum_XLOC_041974,False,,,0,0,0
Hum_XLOC_041987,False,,,0,0,0
Hum_XLOC_041988,True,0.0,,0,0,0
Hum_XLOC_041990,False,,,0,0,0
Hum_XLOC_041996,False,,,0,0,0
Hum_XLOC_041999,True,0.0,,0,0,0
Hum_XLOC_042002,False,,,0,0,0
Hum_XLOC_042006,False,,,0,0,0
Hum_XLOC_042010,True,0.0,,0,0,0
Hum_XLOC_042012,False,,,0,0,0
Hum_XLOC_042013,False,,,0,0,0
Hum_XLOC_042014,False,,,0,0,0
Hum_XLOC_042017,True,0.0,,0,0,0
Hum_XLOC_042022,False,,,0,0,0
Hum_XLOC_042024,False,,,0,0,0
Hum_XLOC_042025,False,,,0,0,0
Hum_XLOC_042026,False,,,0,0,0
Hum_XLOC_042027,True,0.0,,0,0,0
Hum_XLOC_042028,True,0.0,,0,0,0
Hum_XLOC_042029,False,,,0,0,0
Hum_XLOC_042030,True,0.0,,0,0,0
Hum_XLOC_042031,False,,,0,0,0
Hum_XLOC_042032,False,,,0,0,0
Hum_XLOC_042033,False,,,0,0,0
Hum_XLOC_042035,False,,,0,0,0
Hum_XLOC_042038,False,,,0,0,0
Hum_XLOC_042039,False,,,0,0,0
Hum_XLOC_042040,True,0.0,,0,0,0
Hum_XLOC_042046,False,,,0,0,0
Hum_XLOC_042049,False,,,0,0,0
Hum_XLOC_042050,False,,,0,0,0
Hum_XLOC_042055,False,,,0,0,0
Hum_XLOC_042059,False,,,0,0,0
Hum_XLOC_042062,False,,,0,0,0
Hum_XLOC_042063,False,,,0,0,0
Hum_XLOC_042064,False,,,0,0,0
Hum_XLOC_042065,False,,,0,0,0
Hum_XLOC_042066,False,,,0,0,0
Hum_XLOC_042067,False,,,0,0,0
Hum_XLOC_042070,False,,,0,0,0
Hum_XLOC_042071,False,,,0,0,0
Hum_XLOC_042072,False,,,0,0,0
Hum_XLOC_042075,False,,,0,0,0
Hum_XLOC_042080,False,,,0,0,0
Hum_XLOC_042081,True,0.0,,0,0,0
Hum_XLOC_042082,True,0.0,,0,0,0
Hum_XLOC_042087,False,,,0,0,0
Hum_XLOC_042088,False,,,0,0,0
Hum_XLOC_042089,False,,,0,0,0
Hum_XLOC_042092,False,,,0,0,0
Hum_XLOC_042093,True,0.0,,0,0,0
Hum_XLOC_042094,False,,,0,0,0
Hum_XLOC_042098,False,,,0,0,0
Hum_XLOC_042102,False,,,0,0,0
Hum_XLOC_042107,True,0.0,,0,0,0
Hum_XLOC_042108,False,,,0,0,0
Hum_XLOC_042109,False,,,0,0,0
Hum_XLOC_042110,False,,,0,0,0
Hum_XLOC_042113,True,0.0,,0,0,0
Hum_XLOC_042114,False,,,0,0,0
Hum_XLOC_042116,True,0.0,,0,0,0
Hum_XLOC_042119,False,,,0,0,0
Hum_XLOC_042120,False,,,0,0,0
Hum_XLOC_042122,False,,,0,0,0
Hum_XLOC_042125,False,,,0,0,0
Hum_XLOC_042126,False,,,0,0,0
Hum_XLOC_042128,False,,,0,0,0
Hum_XLOC_042133,False,,,0,0,0
Hum_XLOC_042135,False,,,0,0,0
Hum_XLOC_042136,False,,,0,0,0
Hum_XLOC_042137,False,,,0,0,0
Hum_XLOC_042138,False,,,0,0,0
Hum_XLOC_042139,False,,,0,0,0
Hum_XLOC_042140,False,,,0,0,0
Hum_XLOC_042141,False,,,0,0,0
Hum_XLOC_042142,False,,,0,0,0
Hum_XLOC_042144,False,,,0,0,0
Hum_XLOC_042145,False,,,0,0,0
Hum_XLOC_042146,False,,,0,0,0
Hum_XLOC_042147,True,0.0,,0,0,0
Hum_XLOC_042149,True,0.0,,0,0,0
Hum_XLOC_042152,False,,,0,0,0
Hum_XLOC_042153,False,,,0,0,0
Hum_XLOC_042154,False,,,0,0,0
Hum_XLOC_042155,False,,,0,0,0
Hum_XLOC_042156,False,,,0,0,0
Hum_XLOC_042162,False,,,0,0,0
Hum_XLOC_042163,False,,,0,0,0
Hum_XLOC_042165,False,,,0,0,0
Hum_XLOC_042166,False,,,0,0,0
Hum_XLOC_042170,False,,,0,0,0
Hum_XLOC_042171,False,,,0,0,0
Hum_XLOC_042172,False,,,0,0,0
Hum_XLOC_042173,False,,,0,0,0
Hum_XLOC_042176,False,,,0,0,0
Hum_XLOC_042177,False,,,0,0,0
Hum_XLOC_042178,False,,,0,0,0
Hum_XLOC_042182,False,,,0,0,0
Hum_XLOC_042184,False,,,0,0,0
Hum_XLOC_042185,False,,,0,0,0
Hum_XLOC_042186,False,,,0,0,0
Hum_XLOC_042187,False,,,0,0,0
Hum_XLOC_042188,False,,,0,0,0
Hum_XLOC_042189,False,,,0,0,0
Hum_XLOC_042190,False,,,0,0,0
Hum_XLOC_042191,False,,,0,0,0
Hum_XLOC_042192,False,,,0,0,0
Hum_XLOC_042193,False,,,0,0,0
Hum_XLOC_042195,False,,,0,0,0
Hum_XLOC_042201,False,,,0,0,0
Hum_XLOC_042203,False,,,0,0,0
Hum_XLOC_042205,False,,,0,0,0
Hum_XLOC_042206,False,,,0,0,0
Hum_XLOC_042207,False,,,0,0,0
Hum_XLOC_042208,False,,,0,0,0
Hum_XLOC_042209,True,0.0,,0,0,0
Hum_XLOC_042210,False,,,0,0,0
Hum_XLOC_042211,False,,,0,0,0
Hum_XLOC_042212,False,,,0,0,0
Hum_XLOC_042213,False,,,0,0,0
Hum_XLOC_042214,False,,,0,0,0
Hum_XLOC_042215,False,,,0,0,0
Hum_XLOC_042216,False,,,0,0,0
Hum_XLOC_042217,False,,,0,0,0
Hum_XLOC_042218,False,,,0,0,0
Hum_XLOC_042219,False,,,0,0,0
Hum_XLOC_042221,False,,,0,0,0
Hum_XLOC_042222,False,,,0,0,0
Hum_XLOC_042223,True,0.0,,0,0,0
Hum_XLOC_042224,True,0.0,,0,0,0
Hum_XLOC_042225,False,,,0,0,0
Hum_XLOC_042226,True,0.0,,0,0,0
Hum_XLOC_042227,False,,,0,0,0
Hum_XLOC_042228,False,,,0,0,0
Hum_XLOC_042229,False,,,0,0,0
Hum_XLOC_042230,False,,,0,0,0
Hum_XLOC_042231,False,,,0,0,0
Hum_XLOC_042232,False,,,0,0,0
Hum_XLOC_042233,False,,,0,0,0
Hum_XLOC_042234,False,,,0,0,0
Hum_XLOC_042235,False,,,0,0,0
Hum_XLOC_042236,False,,,0,0,0
Hum_XLOC_042237,False,,,0,0,0
Hum_XLOC_042238,False,,,0,0,0
Hum_XLOC_042239,False,,,0,0,0
Hum_XLOC_042240,True,0.0,,0,0,0
Hum_XLOC_042241,False,,,0,0,0
Hum_XLOC_042247,False,,,0,0,0
Hum_XLOC_042248,False,,,0,0,0
Hum_XLOC_042249,False,,,0,0,0
Hum_XLOC_042250,False,,,0,0,0
Hum_XLOC_042251,False,,,0,0,0
Hum_XLOC_042252,False,,,0,0,0
Hum_XLOC_042253,False,,,0,0,0
Hum_XLOC_042254,True,0.0,,0,0,0
Hum_XLOC_042256,False,,,0,0,0
Hum_XLOC_042258,False,,,0,0,0
Hum_XLOC_042259,False,,,0,0,0
Hum_XLOC_042260,False,,,0,0,0
Hum_XLOC_042261,False,,,0,0,0
Hum_XLOC_042262,False,,,0,0,0
Hum_XLOC_042263,False,,,0,0,0
Hum_XLOC_042264,False,,,0,0,0
Hum_XLOC_042265,False,,,0,0,0
Hum_XLOC_042266,False,,,0,0,0
Hum_XLOC_042267,False,,,0,0,0
Hum_XLOC_042268,True,0.0,,0,0,0
Hum_XLOC_042269,False,,,0,0,0
Hum_XLOC_042270,False,,,0,0,0
Hum_XLOC_042271,False,,,0,0,0
Hum_XLOC_042274,False,,,0,0,0
Hum_XLOC_042277,False,,,0,0,0
Hum_XLOC_042278,False,,,0,0,0
Hum_XLOC_042279,False,,,0,0,0
Hum_XLOC_042281,True,0.0,,0,0,0
Hum_XLOC_042284,True,0.0,,0,0,0
Hum_XLOC_042285,False,,,0,0,0
Hum_XLOC_042286,False,,,0,0,0
Hum_XLOC_042288,False,,,0,0,0
Hum_XLOC_042289,False,,,0,0,0
Hum_XLOC_042290,False,,,0,0,0
Hum_XLOC_042293,False,,,0,0,0
Hum_XLOC_042295,False,,,0,0,0
Hum_XLOC_042296,False,,,0,0,0
Hum_XLOC_042297,False,,,0,0,0
Hum_XLOC_042299,False,,,0,0,0
Hum_XLOC_042300,False,,,0,0,0
Hum_XLOC_042301,True,0.0,,0,0,0
Hum_XLOC_042302,False,,,0,0,0
Hum_XLOC_042303,False,,,0,0,0
Hum_XLOC_042304,True,0.0,,0,0,0
Hum_XLOC_042305,False,,,0,0,0
Hum_XLOC_042306,False,,,0,0,0
Hum_XLOC_042307,False,,,0,0,0
Hum_XLOC_042308,False,,,0,0,0
Hum_XLOC_042309,False,,,0,0,0
Hum_XLOC_042310,False,,,0,0,0
Hum_XLOC_042311,False,,,0,0,0
Hum_XLOC_042313,False,,,0,0,0
Hum_XLOC_042314,False,,,0,0,0
Hum_XLOC_042315,False,,,0,0,0
Hum_XLOC_042316,False,,,0,0,0
Hum_XLOC_042317,False,,,0,0,0
Hum_XLOC_042321,False,,,0,0,0
Hum_XLOC_042322,False,,,0,0,0
Hum_XLOC_042323,False,,,0,0,0
Hum_XLOC_042324,True,0.0,,0,0,0
Hum_XLOC_042325,False,,,0,0,0
Hum_XLOC_042329,False,,,0,0,0
Hum_XLOC_042333,False,,,0,0,0
Hum_XLOC_042334,False,,,0,0,0
Hum_XLOC_042335,False,,,0,0,0
Hum_XLOC_042336,False,,,0,0,0
Hum_XLOC_042340,False,,,0,0,0
Hum_XLOC_042346,False,,,0,0,0
Hum_XLOC_042352,False,,,0,0,0
Hum_XLOC_042355,False,,,0,0,0
Hum_XLOC_042356,False,,,0,0,0
Hum_XLOC_042357,False,,,0,0,0
Hum_XLOC_042358,False,,,0,0,0
Hum_XLOC_042359,False,,,0,0,0
Hum_XLOC_042360,True,0.0,,0,0,0
Hum_XLOC_042361,False,,,0,0,0
Hum_XLOC_042363,False,,,0,0,0
Hum_XLOC_042370,False,,,0,0,0
Hum_XLOC_042371,False,,,0,0,0
Hum_XLOC_042374,False,,,0,0,0
Hum_XLOC_042375,False,,,0,0,0
Hum_XLOC_042376,False,,,0,0,0
Hum_XLOC_042379,True,0.0,,0,0,0
Hum_XLOC_042381,False,,,0,0,0
Hum_XLOC_042382,False,,,0,0,0
Hum_XLOC_042383,False,,,0,0,0
Hum_XLOC_042384,False,,,0,0,0
Hum_XLOC_042385,False,,,0,0,0
Hum_XLOC_042386,False,,,0,0,0
Hum_XLOC_042391,False,,,0,0,0
Hum_XLOC_042392,True,0.0,,0,0,0
Hum_XLOC_042393,False,,,0,0,0
Hum_XLOC_042398,False,,,0,0,0
Hum_XLOC_042401,False,,,0,0,0
Hum_XLOC_042402,True,0.0,,0,0,0
Hum_XLOC_042403,False,,,0,0,0
Hum_XLOC_042407,True,0.0,,0,0,0
Hum_XLOC_042409,False,,,0,0,0
Hum_XLOC_042410,False,,,0,0,0
Hum_XLOC_042411,True,0.0,,0,0,0
Hum_XLOC_042412,True,0.0,,0,0,0
Hum_XLOC_042414,False,,,0,0,0
Hum_XLOC_042417,False,,,0,0,0
Hum_XLOC_042418,False,,,0,0,0
Hum_XLOC_042419,False,,,0,0,0
Hum_XLOC_042422,False,,,0,0,0
Hum_XLOC_042423,False,,,0,0,0
Hum_XLOC_042424,False,,,0,0,0
Hum_XLOC_042425,False,,,0,0,0
Hum_XLOC_042426,False,,,0,0,0
Hum_XLOC_042427,False,,,0,0,0
Hum_XLOC_042428,False,,,0,0,0
Hum_XLOC_042429,False,,,0,0,0
Hum_XLOC_042432,False,,,0,0,0
Hum_XLOC_042433,False,,,0,0,0
Hum_XLOC_042435,False,,,0,0,0
Hum_XLOC_042436,True,0.0,,0,0,0
Hum_XLOC_042437,False,,,0,0,0
Hum_XLOC_042438,True,0.0,,0,0,0
Hum_XLOC_042440,False,,,0,0,0
Hum_XLOC_042441,True,0.0,,0,0,0
Hum_XLOC_042442,True,0.0,,0,0,0
Hum_XLOC_042443,True,0.0,,0,0,0
Hum_XLOC_042444,False,,,0,0,0
Hum_XLOC_042445,False,,,0,0,0
Hum_XLOC_042446,False,,,0,0,0
Hum_XLOC_042447,False,,,0,0,0
Hum_XLOC_042449,True,0.0,,0,0,0
Hum_XLOC_042450,False,,,0,0,0
Hum_XLOC_042451,False,,,0,0,0
Hum_XLOC_042453,True,0.0,,0,0,0
Hum_XLOC_042461,True,0.0,,0,0,0
Hum_XLOC_042462,False,,,0,0,0
Hum_XLOC_042464,False,,,0,0,0
Hum_XLOC_042465,False,,,0,0,0
Hum_XLOC_042470,False,,,0,0,0
Hum_XLOC_042471,False,,,0,0,0
Hum_XLOC_042472,False,,,0,0,0
Hum_XLOC_042473,False,,,0,0,0
Hum_XLOC_042474,False,,,0,0,0
Hum_XLOC_042475,True,0.0,,0,0,0
Hum_XLOC_042478,False,,,0,0,0
Hum_XLOC_042479,True,0.0,,0,0,0
Hum_XLOC_042480,False,,,0,0,0
Hum_XLOC_042482,False,,,0,0,0
Hum_XLOC_042483,False,,,0,0,0
Hum_XLOC_042484,False,,,0,0,0
Hum_XLOC_042485,True,0.0,,0,0,0
Hum_XLOC_042486,False,,,0,0,0
Hum_XLOC_042487,False,,,0,0,0
Hum_XLOC_042489,True,0.0,,0,0,0
Hum_XLOC_042490,False,,,0,0,0
Hum_XLOC_042491,False,,,0,0,0
Hum_XLOC_042492,False,,,0,0,0
Hum_XLOC_042493,True,0.0,,0,0,0
Hum_XLOC_042494,True,0.0,,0,0,0
Hum_XLOC_042495,False,,,0,0,0
Hum_XLOC_042497,False,,,0,0,0
Hum_XLOC_042499,False,,,0,0,0
Hum_XLOC_042502,False,,,0,0,0
Hum_XLOC_042505,True,0.0,,0,0,0
Hum_XLOC_042506,False,,,0,0,0
Hum_XLOC_042507,False,,,0,0,0
Hum_XLOC_042509,False,,,0,0,0
Hum_XLOC_042510,True,0.0,,0,0,0
Hum_XLOC_042511,False,,,0,0,0
Hum_XLOC_042512,True,0.0,,0,0,0
Hum_XLOC_042513,False,,,0,0,0
Hum_XLOC_042514,True,0.0,,0,0,0
Hum_XLOC_042515,False,,,0,0,0
Hum_XLOC_042516,True,0.0,,0,0,0
Hum_XLOC_042517,False,,,0,0,0
Hum_XLOC_042518,False,,,0,0,0
Hum_XLOC_042519,False,,,0,0,0
Hum_XLOC_042520,False,,,0,0,0
Hum_XLOC_042521,False,,,0,0,0
Hum_XLOC_042522,False,,,0,0,0
Hum_XLOC_042523,False,,,0,0,0
Hum_XLOC_042524,False,,,0,0,0
Hum_XLOC_042525,False,,,0,0,0
Hum_XLOC_042526,False,,,0,0,0
Hum_XLOC_042527,False,,,0,0,0
Hum_XLOC_042528,False,,,0,0,0
Hum_XLOC_042529,False,,,0,0,0
Hum_XLOC_042530,False,,,0,0,0
Hum_XLOC_042531,False,,,0,0,0
Hum_XLOC_042533,False,,,0,0,0
Hum_XLOC_042540,False,,,0,0,0
Hum_XLOC_042543,False,,,0,0,0
Hum_XLOC_042544,False,,,0,0,0
Hum_XLOC_042545,True,0.0,,0,0,0
Hum_XLOC_042547,False,,,0,0,0
Hum_XLOC_042548,False,,,0,0,0
Hum_XLOC_042549,False,,,0,0,0
Hum_XLOC_042550,False,,,0,0,0
Hum_XLOC_042551,True,0.0,,0,0,0
Hum_XLOC_042553,True,0.0,,0,0,0
Hum_XLOC_042556,False,,,0,0,0
Hum_XLOC_042557,False,,,0,0,0
Hum_XLOC_042562,True,0.0,,0,0,0
Hum_XLOC_042563,False,,,0,0,0
Hum_XLOC_042565,False,,,0,0,0
Hum_XLOC_042566,True,0.0,,0,0,0
Hum_XLOC_042567,False,,,0,0,0
Hum_XLOC_042570,False,,,0,0,0
Hum_XLOC_042571,True,0.0,,0,0,0
Hum_XLOC_042573,False,,,0,0,0
Hum_XLOC_042574,False,,,0,0,0
Hum_XLOC_042575,False,,,0,0,0
Hum_XLOC_042576,False,,,0,0,0
Hum_XLOC_042577,False,,,0,0,0
Hum_XLOC_042579,True,0.0,,0,0,0
Hum_XLOC_042580,False,,,0,0,0
Hum_XLOC_042582,True,0.0,,0,0,0
Hum_XLOC_042585,False,,,0,0,0
Hum_XLOC_042588,False,,,0,0,0
Hum_XLOC_042589,True,0.0,,0,0,0
Hum_XLOC_042590,False,,,0,0,0
Hum_XLOC_042591,False,,,0,0,0
Hum_XLOC_042592,False,,,0,0,0
Hum_XLOC_042593,False,,,0,0,0
Hum_XLOC_042596,False,,,0,0,0
Hum_XLOC_042600,False,,,0,0,0
Hum_XLOC_042601,False,,,0,0,0
Hum_XLOC_042602,False,,,0,0,0
Hum_XLOC_042603,False,,,0,0,0
Hum_XLOC_042604,False,,,0,0,0
Hum_XLOC_042605,False,,,0,0,0
Hum_XLOC_042607,False,,,0,0,0
Hum_XLOC_042608,False,,,0,0,0
Hum_XLOC_042609,False,,,0,0,0
Hum_XLOC_042610,False,,,0,0,0
Hum_XLOC_042611,False,,,0,0,0
Hum_XLOC_042614,False,,,0,0,0
Hum_XLOC_042618,False,,,0,0,0
Hum_XLOC_042619,False,,,0,0,0
Hum_XLOC_042620,False,,,0,0,0
Hum_XLOC_042622,False,,,0,0,0
Hum_XLOC_042623,False,,,0,0,0
Hum_XLOC_042624,False,,,0,0,0
Hum_XLOC_042625,False,,,0,0,0
Hum_XLOC_042626,False,,,0,0,0
Hum_XLOC_042627,False,,,0,0,0
Hum_XLOC_042630,False,,,0,0,0
Hum_XLOC_042633,False,,,0,0,0
Hum_XLOC_042634,False,,,0,0,0
Hum_XLOC_042637,False,,,0,0,0
Hum_XLOC_042638,False,,,0,0,0
Hum_XLOC_042639,False,,,0,0,0
Hum_XLOC_042640,False,,,0,0,0
Hum_XLOC_042641,False,,,0,0,0
Hum_XLOC_042642,False,,,0,0,0
Hum_XLOC_042643,False,,,0,0,0
Hum_XLOC_042649,True,0.0,,0,0,0
Hum_XLOC_042651,True,0.0,,0,0,0
Hum_XLOC_042658,True,0.0,,0,0,0
Hum_XLOC_042659,True,0.0,,0,0,0
Hum_XLOC_042664,True,0.0,,0,0,0
Hum_XLOC_042666,True,0.0,,0,0,0
Hum_XLOC_042667,False,,,0,0,0
Hum_XLOC_042669,True,0.0,,0,0,0
Hum_XLOC_042670,True,0.0,,0,0,0
Hum_XLOC_042671,True,0.0,,0,0,0
Hum_XLOC_042672,False,,,0,0,0
Hum_XLOC_042674,False,,,0,0,0
Hum_XLOC_042676,False,,,0,0,0
Hum_XLOC_042678,True,0.0,,0,0,0
Hum_XLOC_042679,False,,,0,0,0
Hum_XLOC_042680,False,,,0,0,0
Hum_XLOC_042681,True,0.0,,0,0,0
Hum_XLOC_042685,True,0.0,,0,0,0
Hum_XLOC_042688,False,,,0,0,0
Hum_XLOC_042693,False,,,0,0,0
Hum_XLOC_042695,False,,,0,0,0
Hum_XLOC_042699,False,,,0,0,0
Hum_XLOC_042700,False,,,0,0,0
Hum_XLOC_042701,False,,,0,0,0
Hum_XLOC_042702,False,,,0,0,0
Hum_XLOC_042704,False,,,0,0,0
Hum_XLOC_042705,False,,,0,0,0
Hum_XLOC_042706,False,,,0,0,0
Hum_XLOC_042707,False,,,0,0,0
Hum_XLOC_042709,True,0.0,,0,0,0
Hum_XLOC_042710,True,0.0,,0,0,0
Hum_XLOC_042714,False,,,0,0,0
Hum_XLOC_042715,False,,,0,0,0
Hum_XLOC_042716,False,,,0,0,0
Hum_XLOC_042717,False,,,0,0,0
Hum_XLOC_042718,True,0.0,,0,0,0
Hum_XLOC_042720,False,,,0,0,0
Hum_XLOC_042721,False,,,0,0,0
Hum_XLOC_042724,False,,,0,0,0
Hum_XLOC_042728,True,0.0,,0,0,0
Hum_XLOC_042731,False,,,0,0,0
Hum_XLOC_042734,False,,,0,0,0
Hum_XLOC_042735,False,,,0,0,0
Hum_XLOC_042736,False,,,0,0,0
Hum_XLOC_042739,True,0.0,,0,0,0
Hum_XLOC_042742,False,,,0,0,0
Hum_XLOC_042745,False,,,0,0,0
Hum_XLOC_042749,True,0.0,,0,0,0
Hum_XLOC_042750,False,,,0,0,0
Hum_XLOC_042751,True,0.0,,0,0,0
Hum_XLOC_042757,False,,,0,0,0
Hum_XLOC_042759,False,,,0,0,0
Hum_XLOC_042761,True,0.0,,0,0,0
Hum_XLOC_042764,False,,,0,0,0
Hum_XLOC_042765,False,,,0,0,0
Hum_XLOC_042766,False,,,0,0,0
Hum_XLOC_042769,False,,,0,0,0
Hum_XLOC_042774,True,0.0,,0,0,0
Hum_XLOC_042783,False,,,0,0,0
Hum_XLOC_042784,False,,,0,0,0
Hum_XLOC_042787,False,,,0,0,0
Hum_XLOC_042788,False,,,0,0,0
Hum_XLOC_042789,False,,,0,0,0
Hum_XLOC_042795,False,,,0,0,0
Hum_XLOC_042798,False,,,0,0,0
Hum_XLOC_042799,True,0.0,,0,0,0
Hum_XLOC_042802,True,0.0,,0,0,0
Hum_XLOC_042804,True,0.0,,0,0,0
Hum_XLOC_042805,True,0.0,,0,0,0
Hum_XLOC_042806,False,,,0,0,0
Hum_XLOC_042807,False,,,0,0,0
Hum_XLOC_042808,False,,,0,0,0
Hum_XLOC_042809,False,,,0,0,0
Hum_XLOC_042810,False,,,0,0,0
Hum_XLOC_042813,False,,,0,0,0
Hum_XLOC_042814,True,0.0,,0,0,0
Hum_XLOC_042816,False,,,0,0,0
Hum_XLOC_042817,False,,,0,0,0
Hum_XLOC_042820,True,0.0,,0,0,0
Hum_XLOC_042821,True,0.0,,0,0,0
Hum_XLOC_042822,True,0.0,,0,0,0
Hum_XLOC_042827,False,,,0,0,0
Hum_XLOC_042828,False,,,0,0,0
Hum_XLOC_042829,False,,,0,0,0
Hum_XLOC_042830,True,0.0,,0,0,0
Hum_XLOC_042835,False,,,0,0,0
Hum_XLOC_042836,False,,,0,0,0
Hum_XLOC_042839,False,,,0,0,0
Hum_XLOC_042841,False,,,0,0,0
Hum_XLOC_042843,False,,,0,0,0
Hum_XLOC_042844,False,,,0,0,0
Hum_XLOC_042845,False,,,0,0,0
Hum_XLOC_042846,True,0.0,,0,0,0
Hum_XLOC_042847,True,0.0,,0,0,0
Hum_XLOC_042848,True,0.0,,0,0,0
Hum_XLOC_042849,False,,,0,0,0
Hum_XLOC_042850,False,,,0,0,0
Hum_XLOC_042851,False,,,0,0,0
Hum_XLOC_042853,True,0.0,,0,0,0
Hum_XLOC_042855,False,,,0,0,0
Hum_XLOC_042856,True,0.0,,0,0,0
Hum_XLOC_042857,False,,,0,0,0
Hum_XLOC_042858,False,,,0,0,0
Hum_XLOC_042859,False,,,0,0,0
Hum_XLOC_042861,True,0.0,,0,0,0
Hum_XLOC_042867,False,,,0,0,0
Hum_XLOC_042875,True,0.0,,0,0,0
Hum_XLOC_042876,False,,,0,0,0
Hum_XLOC_042880,False,,,0,0,0
Hum_XLOC_042882,False,,,0,0,0
Hum_XLOC_042883,False,,,0,0,0
Hum_XLOC_042885,True,0.0,,0,0,0
Hum_XLOC_042889,False,,,0,0,0
Hum_XLOC_042890,False,,,0,0,0
Hum_XLOC_042893,False,,,0,0,0
Hum_XLOC_042896,False,,,0,0,0
Hum_XLOC_042897,False,,,0,0,0
Hum_XLOC_042900,False,,,0,0,0
Hum_XLOC_042906,True,0.0,,0,0,0
Hum_XLOC_042908,False,,,0,0,0
Hum_XLOC_042909,False,,,0,0,0
Hum_XLOC_042910,False,,,0,0,0
Hum_XLOC_042911,True,0.0,,0,0,0
Hum_XLOC_042912,False,,,0,0,0
Hum_XLOC_042914,False,,,0,0,0
Hum_XLOC_042915,True,0.0,,0,0,0
Hum_XLOC_042921,False,,,0,0,0
Hum_XLOC_042922,False,,,0,0,0
Hum_XLOC_042924,False,,,0,0,0
Hum_XLOC_042925,False,,,0,0,0
Hum_XLOC_042926,False,,,0,0,0
Hum_XLOC_042927,False,,,0,0,0
Hum_XLOC_042928,False,,,0,0,0
Hum_XLOC_042930,False,,,0,0,0
Hum_XLOC_042931,False,,,0,0,0
Hum_XLOC_042932,False,,,0,0,0
Hum_XLOC_042933,False,,,0,0,0
Hum_XLOC_042937,False,,,0,0,0
Hum_XLOC_042938,False,,,0,0,0
Hum_XLOC_042940,False,,,0,0,0
Hum_XLOC_042941,False,,,0,0,0
Hum_XLOC_042942,False,,,0,0,0
Hum_XLOC_042943,False,,,0,0,0
Hum_XLOC_042946,False,,,0,0,0
Hum_XLOC_042949,False,,,0,0,0
Hum_XLOC_042952,True,0.0,,0,0,0
Hum_XLOC_042953,False,,,0,0,0
Hum_XLOC_042954,False,,,0,0,0
Hum_XLOC_042955,False,,,0,0,0
Hum_XLOC_042956,False,,,0,0,0
Hum_XLOC_042957,False,,,0,0,0
Hum_XLOC_042974,False,,,0,0,0
Hum_XLOC_042975,False,,,0,0,0
Hum_XLOC_042980,False,,,0,0,0
Hum_XLOC_042981,False,,,0,0,0
Hum_XLOC_042983,True,0.0,,0,0,0
Hum_XLOC_042986,False,,,0,0,0
Hum_XLOC_042987,False,,,0,0,0
Hum_XLOC_042988,False,,,0,0,0
Hum_XLOC_042989,True,0.0,,0,0,0
Hum_XLOC_042991,False,,,0,0,0
Hum_XLOC_042992,True,0.0,,0,0,0
Hum_XLOC_042993,False,,,0,0,0
Hum_XLOC_042995,False,,,0,0,0
Hum_XLOC_042998,False,,,0,0,0
Hum_XLOC_043001,False,,,0,0,0
Hum_XLOC_043009,False,,,0,0,0
Hum_XLOC_043010,False,,,0,0,0
Hum_XLOC_043011,True,0.0,,0,0,0
Hum_XLOC_043017,False,,,0,0,0
Hum_XLOC_043018,False,,,0,0,0
Hum_XLOC_043019,False,,,0,0,0
Hum_XLOC_043020,False,,,0,0,0
Hum_XLOC_043021,False,,,0,0,0
Hum_XLOC_043022,False,,,0,0,0
Hum_XLOC_043024,False,,,0,0,0
Hum_XLOC_043025,False,,,0,0,0
Hum_XLOC_043026,False,,,0,0,0
Hum_XLOC_043027,False,,,0,0,0
Hum_XLOC_043028,False,,,0,0,0
Hum_XLOC_043029,False,,,0,0,0
Hum_XLOC_043030,False,,,0,0,0
Hum_XLOC_043031,False,,,0,0,0
Hum_XLOC_043035,False,,,0,0,0
Hum_XLOC_043036,False,,,0,0,0
Hum_XLOC_043037,False,,,0,0,0
Hum_XLOC_043038,False,,,0,0,0
Hum_XLOC_043039,False,,,0,0,0
Hum_XLOC_043040,False,,,0,0,0
Hum_XLOC_043045,False,,,0,0,0
Hum_XLOC_043046,True,0.0,,0,0,0
Hum_XLOC_043047,False,,,0,0,0
Hum_XLOC_043051,True,0.0,,0,0,0
Hum_XLOC_043052,False,,,0,0,0
Hum_XLOC_043053,False,,,0,0,0
Hum_XLOC_043054,False,,,0,0,0
Hum_XLOC_043055,True,0.0,,0,0,0
Hum_XLOC_043056,False,,,0,0,0
Hum_XLOC_043057,True,0.0,,0,0,0
Hum_XLOC_043058,False,,,0,0,0
Hum_XLOC_043061,False,,,0,0,0
Hum_XLOC_043062,False,,,0,0,0
Hum_XLOC_043063,False,,,0,0,0
Hum_XLOC_043064,False,,,0,0,0
Hum_XLOC_043065,False,,,0,0,0
Hum_XLOC_043066,False,,,0,0,0
Hum_XLOC_043067,True,0.0,,0,0,0
Hum_XLOC_043068,False,,,0,0,0
Hum_XLOC_043069,False,,,0,0,0
Hum_XLOC_043075,True,0.0,,0,0,0
Hum_XLOC_043076,False,,,0,0,0
Hum_XLOC_043077,False,,,0,0,0
Hum_XLOC_043078,True,0.0,,0,0,0
Hum_XLOC_043079,False,,,0,0,0
Hum_XLOC_043080,True,0.0,,0,0,0
Hum_XLOC_043081,False,,,0,0,0
Hum_XLOC_043083,False,,,0,0,0
Hum_XLOC_043085,False,,,0,0,0
Hum_XLOC_043086,False,,,0,0,0
Hum_XLOC_043088,False,,,0,0,0
Hum_XLOC_043089,True,0.0,,0,0,0
Hum_XLOC_043090,True,0.0,,0,0,0
Hum_XLOC_043097,False,,,0,0,0
Hum_XLOC_043098,False,,,0,0,0
Hum_XLOC_043099,False,,,0,0,0
Hum_XLOC_043100,False,,,0,0,0
Hum_XLOC_043101,False,,,0,0,0
Hum_XLOC_043102,True,0.0,,0,0,0
Hum_XLOC_043107,False,,,0,0,0
Hum_XLOC_043108,False,,,0,0,0
Hum_XLOC_043109,False,,,0,0,0
Hum_XLOC_043110,False,,,0,0,0
Hum_XLOC_043111,True,0.0,,0,0,0
Hum_XLOC_043112,False,,,0,0,0
Hum_XLOC_043113,True,0.0,,0,0,0
Hum_XLOC_043114,False,,,0,0,0
Hum_XLOC_043115,False,,,0,0,0
Hum_XLOC_043116,False,,,0,0,0
Hum_XLOC_043120,False,,,0,0,0
Hum_XLOC_043121,False,,,0,0,0
Hum_XLOC_043122,False,,,0,0,0
Hum_XLOC_043123,False,,,0,0,0
Hum_XLOC_043124,False,,,0,0,0
Hum_XLOC_043125,False,,,0,0,0
Hum_XLOC_043126,False,,,0,0,0
Hum_XLOC_043127,False,,,0,0,0
Hum_XLOC_043128,False,,,0,0,0
Hum_XLOC_043129,True,0.0,,0,0,0
Hum_XLOC_043130,False,,,0,0,0
Hum_XLOC_043131,False,,,0,0,0
Hum_XLOC_043132,False,,,0,0,0
Hum_XLOC_043133,False,,,0,0,0
Hum_XLOC_043134,True,0.0,,0,0,0
Hum_XLOC_043135,True,0.0,,0,0,0
Hum_XLOC_043136,False,,,0,0,0
Hum_XLOC_043137,False,,,0,0,0
Hum_XLOC_043141,False,,,0,0,0
Hum_XLOC_043142,False,,,0,0,0
Hum_XLOC_043143,False,,,0,0,0
Hum_XLOC_043144,False,,,0,0,0
Hum_XLOC_043146,False,,,0,0,0
Hum_XLOC_043147,False,,,0,0,0
Hum_XLOC_043151,False,,,0,0,0
Hum_XLOC_043152,False,,,0,0,0
Hum_XLOC_043153,False,,,0,0,0
Hum_XLOC_043155,True,0.0,,0,0,0
Hum_XLOC_043156,False,,,0,0,0
Hum_XLOC_043158,False,,,0,0,0
Hum_XLOC_043159,False,,,0,0,0
Hum_XLOC_043160,False,,,0,0,0
Hum_XLOC_043161,False,,,0,0,0
Hum_XLOC_043162,False,,,0,0,0
Hum_XLOC_043168,True,0.0,,0,0,0
Hum_XLOC_043172,False,,,0,0,0
Hum_XLOC_043175,False,,,0,0,0
Hum_XLOC_043177,False,,,0,0,0
Hum_XLOC_043178,False,,,0,0,0
Hum_XLOC_043179,False,,,0,0,0
Hum_XLOC_043180,True,0.0,,0,0,0
Hum_XLOC_043181,True,0.0,,0,0,0
Hum_XLOC_043182,True,0.0,,0,0,0
Hum_XLOC_043183,False,,,0,0,0
Hum_XLOC_043184,False,,,0,0,0
Hum_XLOC_043188,False,,,0,0,0
Hum_XLOC_043189,False,,,0,0,0
Hum_XLOC_043190,False,,,0,0,0
Hum_XLOC_043191,False,,,0,0,0
Hum_XLOC_043192,False,,,0,0,0
Hum_XLOC_043194,False,,,0,0,0
Hum_XLOC_043195,False,,,0,0,0
Hum_XLOC_043197,True,0.0,,0,0,0
Hum_XLOC_043198,True,0.0,,0,0,0
Hum_XLOC_043199,False,,,0,0,0
Hum_XLOC_043200,False,,,0,0,0
Hum_XLOC_043201,True,0.0,,0,0,0
Hum_XLOC_043202,False,,,0,0,0
Hum_XLOC_043203,False,,,0,0,0
Hum_XLOC_043206,False,,,0,0,0
Hum_XLOC_043207,False,,,0,0,0
Hum_XLOC_043209,False,,,0,0,0
Hum_XLOC_043210,False,,,0,0,0
Hum_XLOC_043212,True,0.0,,0,0,0
Hum_XLOC_043213,False,,,0,0,0
Hum_XLOC_043214,False,,,0,0,0
Hum_XLOC_043215,True,0.0,,0,0,0
Hum_XLOC_043216,False,,,0,0,0
Hum_XLOC_043217,False,,,0,0,0
Hum_XLOC_043218,False,,,0,0,0
Hum_XLOC_043219,False,,,0,0,0
Hum_XLOC_043221,False,,,0,0,0
Hum_XLOC_043223,False,,,0,0,0
Hum_XLOC_043226,False,,,0,0,0
Hum_XLOC_043228,False,,,0,0,0
Hum_XLOC_043229,False,,,0,0,0
Hum_XLOC_043234,False,,,0,0,0
Hum_XLOC_043235,False,,,0,0,0
Hum_XLOC_043236,False,,,0,0,0
Hum_XLOC_043237,False,,,0,0,0
Hum_XLOC_043238,True,0.0,,0,0,0
Hum_XLOC_043239,False,,,0,0,0
Hum_XLOC_043240,False,,,0,0,0
Hum_XLOC_043242,False,,,0,0,0
Hum_XLOC_043243,False,,,0,0,0
Hum_XLOC_043244,False,,,0,0,0
Hum_XLOC_043246,False,,,0,0,0
Hum_XLOC_043250,False,,,0,0,0
Hum_XLOC_043254,False,,,0,0,0
Hum_XLOC_043256,False,,,0,0,0
Hum_XLOC_043257,False,,,0,0,0
Hum_XLOC_043258,False,,,0,0,0
Hum_XLOC_043259,False,,,0,0,0
Hum_XLOC_043261,True,0.0,,0,0,0
Hum_XLOC_043262,False,,,0,0,0
Hum_XLOC_043263,False,,,0,0,0
Hum_XLOC_043264,False,,,0,0,0
Hum_XLOC_043266,True,0.0,,0,0,0
Hum_XLOC_043267,False,,,0,0,0
Hum_XLOC_043270,False,,,0,0,0
Hum_XLOC_043272,True,0.0,,0,0,0
Hum_XLOC_043273,False,,,0,0,0
Hum_XLOC_043274,True,0.0,,0,0,0
Hum_XLOC_043275,False,,,0,0,0
Hum_XLOC_043279,True,0.0,,0,0,0
Hum_XLOC_043280,False,,,0,0,0
Hum_XLOC_043281,False,,,0,0,0
Hum_XLOC_043282,False,,,0,0,0
Hum_XLOC_043283,True,0.0,,0,0,0
Hum_XLOC_043284,False,,,0,0,0
Hum_XLOC_043285,False,,,0,0,0
Hum_XLOC_043286,False,,,0,0,0
Hum_XLOC_043287,False,,,0,0,0
Hum_XLOC_043288,False,,,0,0,0
Hum_XLOC_043289,False,,,0,0,0
Hum_XLOC_043290,False,,,0,0,0
Hum_XLOC_043291,False,,,0,0,0
Hum_XLOC_043292,False,,,0,0,0
Hum_XLOC_043294,False,,,0,0,0
Hum_XLOC_043295,False,,,0,0,0
Hum_XLOC_043296,False,,,0,0,0
Hum_XLOC_043297,False,,,0,0,0
Hum_XLOC_043298,False,,,0,0,0
Hum_XLOC_043299,True,0.0,,0,0,0
Hum_XLOC_043300,True,0.0,,0,0,0
Hum_XLOC_043301,False,,,0,0,0
Hum_XLOC_043302,False,,,0,0,0
Hum_XLOC_043303,False,,,0,0,0
Hum_XLOC_043304,False,,,0,0,0
Hum_XLOC_043305,False,,,0,0,0
Hum_XLOC_043306,False,,,0,0,0
Hum_XLOC_043308,False,,,0,0,0
Hum_XLOC_043309,False,,,0,0,0
Hum_XLOC_043310,True,0.0,,0,0,0
Hum_XLOC_043312,False,,,0,0,0
Hum_XLOC_043315,False,,,0,0,0
Hum_XLOC_043316,False,,,0,0,0
Hum_XLOC_043319,True,0.0,,0,0,0
Hum_XLOC_043320,False,,,0,0,0
Hum_XLOC_043321,False,,,0,0,0
Hum_XLOC_043322,False,,,0,0,0
Hum_XLOC_043323,False,,,0,0,0
Hum_XLOC_043324,False,,,0,0,0
Hum_XLOC_043325,False,,,0,0,0
Hum_XLOC_043326,True,0.0,,0,0,0
Hum_XLOC_043327,False,,,0,0,0
Hum_XLOC_043328,True,0.0,,0,0,0
Hum_XLOC_043329,True,0.0,,0,0,0
Hum_XLOC_043332,False,,,0,0,0
Hum_XLOC_043333,False,,,0,0,0
Hum_XLOC_043334,False,,,0,0,0
Hum_XLOC_043335,False,,,0,0,0
Hum_XLOC_043336,True,0.0,,0,0,0
Hum_XLOC_043337,False,,,0,0,0
Hum_XLOC_043338,False,,,0,0,0
Hum_XLOC_043339,True,0.0,,0,0,0
Hum_XLOC_043340,False,,,0,0,0
Hum_XLOC_043344,False,,,0,0,0
Hum_XLOC_043345,False,,,0,0,0
Hum_XLOC_043346,False,,,0,0,0
Hum_XLOC_043347,False,,,0,0,0
Hum_XLOC_043348,False,,,0,0,0
Hum_XLOC_043349,False,,,0,0,0
Hum_XLOC_043350,False,,,0,0,0
Hum_XLOC_043351,False,,,0,0,0
Hum_XLOC_043352,False,,,0,0,0
Hum_XLOC_043353,False,,,0,0,0
Hum_XLOC_043354,False,,,0,0,0
Hum_XLOC_043355,False,,,0,0,0
Hum_XLOC_043357,False,,,0,0,0
Hum_XLOC_043359,True,0.0,,0,0,0
Hum_XLOC_043360,False,,,0,0,0
Hum_XLOC_043361,False,,,0,0,0
Hum_XLOC_043362,False,,,0,0,0
Hum_XLOC_043365,False,,,0,0,0
Hum_XLOC_043366,False,,,0,0,0
Hum_XLOC_043367,False,,,0,0,0
Hum_XLOC_043370,False,,,0,0,0
Hum_XLOC_043371,True,0.0,,0,0,0
Hum_XLOC_043372,False,,,0,0,0
Hum_XLOC_043374,False,,,0,0,0
Hum_XLOC_043376,False,,,0,0,0
Hum_XLOC_043377,False,,,0,0,0
Hum_XLOC_043378,False,,,0,0,0
Hum_XLOC_043379,False,,,0,0,0
Hum_XLOC_043380,False,,,0,0,0
Hum_XLOC_043381,False,,,0,0,0
Hum_XLOC_043382,False,,,0,0,0
Hum_XLOC_043383,False,,,0,0,0
Hum_XLOC_043384,False,,,0,0,0
Hum_XLOC_043386,False,,,0,0,0
Hum_XLOC_043387,False,,,0,0,0
Hum_XLOC_043388,False,,,0,0,0
Hum_XLOC_043391,False,,,0,0,0
Hum_XLOC_043393,True,0.0,,0,0,0
Hum_XLOC_043394,False,,,0,0,0
Hum_XLOC_043395,True,0.0,,0,0,0
Hum_XLOC_043397,True,0.0,,0,0,0
Hum_XLOC_043398,False,,,0,0,0
Hum_XLOC_043402,False,,,0,0,0
Hum_XLOC_043404,False,,,0,0,0
Hum_XLOC_043405,False,,,0,0,0
Hum_XLOC_043407,False,,,0,0,0
Hum_XLOC_043408,False,,,0,0,0
Hum_XLOC_043409,False,,,0,0,0
Hum_XLOC_043411,False,,,0,0,0
Hum_XLOC_043413,False,,,0,0,0
Hum_XLOC_043416,False,,,0,0,0
Hum_XLOC_043417,False,,,0,0,0
Hum_XLOC_043418,False,,,0,0,0
Hum_XLOC_043419,False,,,0,0,0
Hum_XLOC_043420,False,,,0,0,0
Hum_XLOC_043426,False,,,0,0,0
Hum_XLOC_043427,True,0.0,,0,0,0
Hum_XLOC_043428,True,0.0,,0,0,0
Hum_XLOC_043429,False,,,0,0,0
Hum_XLOC_043430,False,,,0,0,0
Hum_XLOC_043431,False,,,0,0,0
Hum_XLOC_043432,False,,,0,0,0
Hum_XLOC_043433,False,,,0,0,0
Hum_XLOC_043434,False,,,0,0,0
Hum_XLOC_043437,True,0.0,,0,0,0
Hum_XLOC_043438,False,,,0,0,0
Hum_XLOC_043439,False,,,0,0,0
Hum_XLOC_043440,False,,,0,0,0
Hum_XLOC_043441,True,0.0,,0,0,0
Hum_XLOC_043443,False,,,0,0,0
Hum_XLOC_043444,False,,,0,0,0
Hum_XLOC_043445,False,,,0,0,0
Hum_XLOC_043446,False,,,0,0,0
Hum_XLOC_043447,False,,,0,0,0
Hum_XLOC_043448,False,,,0,0,0
Hum_XLOC_043449,False,,,0,0,0
Hum_XLOC_043450,False,,,0,0,0
Hum_XLOC_043451,False,,,0,0,0
Hum_XLOC_043452,False,,,0,0,0
Hum_XLOC_043453,False,,,0,0,0
Hum_XLOC_043454,False,,,0,0,0
Hum_XLOC_043455,False,,,0,0,0
Hum_XLOC_043456,False,,,0,0,0
Hum_XLOC_043457,False,,,0,0,0
Hum_XLOC_043458,False,,,0,0,0
Hum_XLOC_043459,False,,,0,0,0
Hum_XLOC_043461,False,,,0,0,0
Hum_XLOC_043462,True,0.0,,0,0,0
Hum_XLOC_043463,True,0.0,,0,0,0
Hum_XLOC_043464,True,0.0,,0,0,0
Hum_XLOC_043465,True,,,0,0,0
Hum_XLOC_043466,False,,,0,0,0
Hum_XLOC_043467,False,,,0,0,0
Hum_XLOC_043468,False,,,0,0,0
Hum_XLOC_043469,False,,,0,0,0
Hum_XLOC_043470,False,,,0,0,0
Hum_XLOC_043471,False,,,0,0,0
Hum_XLOC_043472,False,,,0,0,0
Hum_XLOC_043473,False,,,0,0,0
Hum_XLOC_043474,False,,,0,0,0
Hum_XLOC_043475,False,,,0,0,0
Hum_XLOC_043481,False,,,0,0,0
Hum_XLOC_043484,False,,,0,0,0
Hum_XLOC_043486,False,,,0,0,0
Hum_XLOC_043487,False,,,0,0,0
Hum_XLOC_043488,False,,,0,0,0
Hum_XLOC_043489,False,,,0,0,0
Hum_XLOC_043492,False,,,0,0,0
Hum_XLOC_043494,False,,,0,0,0
Hum_XLOC_043497,False,,,0,0,0
Hum_XLOC_043498,False,,,0,0,0
Hum_XLOC_043500,False,,,0,0,0
Hum_XLOC_043501,False,,,0,0,0
Hum_XLOC_043502,False,,,0,0,0
Hum_XLOC_043504,False,,,0,0,0
Hum_XLOC_043505,False,,,0,0,0
Hum_XLOC_043506,False,,,0,0,0
Hum_XLOC_043507,False,,,0,0,0
Hum_XLOC_043508,True,0.0,,0,0,0
Hum_XLOC_043509,False,,,0,0,0
Hum_XLOC_043510,True,0.0,,0,0,0
Hum_XLOC_043511,False,,,0,0,0
Hum_XLOC_043512,False,,,0,0,0
Hum_XLOC_043513,False,,,0,0,0
Hum_XLOC_043514,False,,,0,0,0
Hum_XLOC_043516,False,,,0,0,0
Hum_XLOC_043518,False,,,0,0,0
Hum_XLOC_043520,False,,,0,0,0
Hum_XLOC_043522,False,,,0,0,0
Hum_XLOC_043525,False,,,0,0,0
Hum_XLOC_043527,False,,,0,0,0
Hum_XLOC_043529,False,,,0,0,0
Hum_XLOC_043530,False,,,0,0,0
Hum_XLOC_043535,False,,,0,0,0
Hum_XLOC_043536,False,,,0,0,0
Hum_XLOC_043542,False,,,0,0,0
Hum_XLOC_043543,True,0.0,,0,0,0
Hum_XLOC_043544,True,0.0,,0,0,0
Hum_XLOC_043545,True,0.0,,0,0,0
Hum_XLOC_043547,False,,,0,0,0
Hum_XLOC_043548,True,0.0,,0,0,0
Hum_XLOC_043549,False,,,0,0,0
Hum_XLOC_043550,False,,,0,0,0
Hum_XLOC_043553,False,,,0,0,0
Hum_XLOC_043554,True,0.0,,0,0,0
Hum_XLOC_043555,True,0.0,,0,0,0
Hum_XLOC_043557,False,,,0,0,0
Hum_XLOC_043558,False,,,0,0,0
Hum_XLOC_043559,False,,,0,0,0
Hum_XLOC_043560,False,,,0,0,0
Hum_XLOC_043561,True,0.0,,0,0,0
Hum_XLOC_043562,False,,,0,0,0
Hum_XLOC_043563,False,,,0,0,0
Hum_XLOC_043565,False,,,0,0,0
Hum_XLOC_043566,False,,,0,0,0
Hum_XLOC_043568,False,,,0,0,0
Hum_XLOC_043570,False,,,0,0,0
Hum_XLOC_043572,False,,,0,0,0
Hum_XLOC_043575,True,0.0,,0,0,0
Hum_XLOC_043579,True,0.0,,0,0,0
Hum_XLOC_043580,False,,,0,0,0
Hum_XLOC_043581,False,,,0,0,0
Hum_XLOC_043582,False,,,0,0,0
Hum_XLOC_043583,False,,,0,0,0
Hum_XLOC_043584,False,,,0,0,0
Hum_XLOC_043585,False,,,0,0,0
Hum_XLOC_043587,False,,,0,0,0
Hum_XLOC_043588,False,,,0,0,0
Hum_XLOC_043589,False,,,0,0,0
Hum_XLOC_043590,True,0.0,,0,0,0
Hum_XLOC_043594,False,,,0,0,0
Hum_XLOC_043595,False,,,0,0,0
Hum_XLOC_043598,False,,,0,0,0
Hum_XLOC_043599,True,0.0,,0,0,0
Hum_XLOC_043600,False,,,0,0,0
Hum_XLOC_043601,True,0.0,,0,0,0
Hum_XLOC_043602,False,,,0,0,0
Hum_XLOC_043603,True,0.0,,0,0,0
Hum_XLOC_043604,False,,,0,0,0
Hum_XLOC_043605,False,,,0,0,0
Hum_XLOC_043606,False,,,0,0,0
Hum_XLOC_043607,False,,,0,0,0
Hum_XLOC_043608,True,0.0,,0,0,0
Hum_XLOC_043609,False,,,0,0,0
Hum_XLOC_043613,False,,,0,0,0
Hum_XLOC_043614,False,,,0,0,0
Hum_XLOC_043615,False,,,0,0,0
Hum_XLOC_043616,True,0.0,,0,0,0
Hum_XLOC_043617,False,,,0,0,0
Hum_XLOC_043618,False,,,0,0,0
Hum_XLOC_043619,False,,,0,0,0
Hum_XLOC_043620,False,,,0,0,0
Hum_XLOC_043621,True,0.0,,0,0,0
Hum_XLOC_043622,False,,,0,0,0
Hum_XLOC_043625,False,,,0,0,0
Hum_XLOC_043626,False,,,0,0,0
Hum_XLOC_043627,False,,,0,0,0
Hum_XLOC_043628,False,,,0,0,0
Hum_XLOC_043629,False,,,0,0,0
Hum_XLOC_043630,False,,,0,0,0
Hum_XLOC_043631,False,,,0,0,0
Hum_XLOC_043632,False,,,0,0,0
Hum_XLOC_043633,True,0.0,,0,0,0
Hum_XLOC_043634,False,,,0,0,0
Hum_XLOC_043635,False,,,0,0,0
Hum_XLOC_043636,False,,,0,0,0
Hum_XLOC_043637,False,,,0,0,0
Hum_XLOC_043638,False,,,0,0,0
Hum_XLOC_043642,True,0.0,,0,0,0
Hum_XLOC_043647,True,0.0,,0,0,0
Hum_XLOC_043648,False,,,0,0,0
Hum_XLOC_043649,False,,,0,0,0
Hum_XLOC_043650,False,,,0,0,0
Hum_XLOC_043651,False,,,0,0,0
Hum_XLOC_043652,False,,,0,0,0
Hum_XLOC_043653,False,,,0,0,0
Hum_XLOC_043654,True,0.0,,0,0,0
Hum_XLOC_043655,True,0.0,,0,0,0
Hum_XLOC_043656,False,,,0,0,0
Hum_XLOC_043657,False,,,0,0,0
Hum_XLOC_043658,False,,,0,0,0
Hum_XLOC_043659,True,0.0,,0,0,0
Hum_XLOC_043660,False,,,0,0,0
Hum_XLOC_043662,False,,,0,0,0
Hum_XLOC_043663,False,,,0,0,0
Hum_XLOC_043664,False,,,0,0,0
Hum_XLOC_043666,True,0.0,,0,0,0
Hum_XLOC_043667,False,,,0,0,0
Hum_XLOC_043668,False,,,0,0,0
Hum_XLOC_043669,False,,,0,0,0
Hum_XLOC_043670,False,,,0,0,0
Hum_XLOC_043672,True,0.0,,0,0,0
Hum_XLOC_043674,False,,,0,0,0
Hum_XLOC_043675,True,0.0,,0,0,0
Hum_XLOC_043680,False,,,0,0,0
Hum_XLOC_043681,False,,,0,0,0
Hum_XLOC_043682,False,,,0,0,0
Hum_XLOC_043684,False,,,0,0,0
Hum_XLOC_043686,False,,,0,0,0
Hum_XLOC_043687,False,,,0,0,0
Hum_XLOC_043688,False,,,0,0,0
Hum_XLOC_043689,True,0.0,,0,0,0
Hum_XLOC_043690,False,,,0,0,0
Hum_XLOC_043694,False,,,0,0,0
Hum_XLOC_043695,False,,,0,0,0
Hum_XLOC_043697,False,,,0,0,0
Hum_XLOC_043698,False,,,0,0,0
Hum_XLOC_043702,False,,,0,0,0
Hum_XLOC_043703,False,,,0,0,0
Hum_XLOC_043704,False,,,0,0,0
Hum_XLOC_043706,False,,,0,0,0
Hum_XLOC_043710,False,,,0,0,0
Hum_XLOC_043711,False,,,0,0,0
Hum_XLOC_043713,True,0.0,,0,0,0
Hum_XLOC_043714,False,,,0,0,0
Hum_XLOC_043715,False,,,0,0,0
Hum_XLOC_043716,False,,,0,0,0
Hum_XLOC_043719,True,0.0,,0,0,0
Hum_XLOC_043722,False,,,0,0,0
Hum_XLOC_043724,False,,,0,0,0
Hum_XLOC_043725,True,0.0,,0,0,0
Hum_XLOC_043727,False,,,0,0,0
Hum_XLOC_043728,False,,,0,0,0
Hum_XLOC_043734,False,,,0,0,0
Hum_XLOC_043737,False,,,0,0,0
Hum_XLOC_043740,False,,,0,0,0
Hum_XLOC_043741,False,,,0,0,0
Hum_XLOC_043742,True,0.0,,0,0,0
Hum_XLOC_043743,False,,,0,0,0
Hum_XLOC_043745,True,0.0,,0,0,0
Hum_XLOC_043746,True,0.0,,0,0,0
Hum_XLOC_043747,False,,,0,0,0
Hum_XLOC_043750,True,0.0,,0,0,0
Hum_XLOC_043754,False,,,0,0,0
Hum_XLOC_043755,False,,,0,0,0
Hum_XLOC_043756,False,,,0,0,0
Hum_XLOC_043757,False,,,0,0,0
Hum_XLOC_043758,True,0.0,,0,0,0
Hum_XLOC_043759,False,,,0,0,0
Hum_XLOC_043760,False,,,0,0,0
Hum_XLOC_043763,False,,,0,0,0
Hum_XLOC_043764,True,0.0,,0,0,0
Hum_XLOC_043765,False,,,0,0,0
Hum_XLOC_043767,False,,,0,0,0
Hum_XLOC_043768,False,,,0,0,0
Hum_XLOC_043776,False,,,0,0,0
Hum_XLOC_043779,False,,,0,0,0
Hum_XLOC_043780,True,0.0,,0,0,0
Hum_XLOC_043782,True,0.0,,0,0,0
Hum_XLOC_043783,False,,,0,0,0
Hum_XLOC_043784,False,,,0,0,0
Hum_XLOC_043785,False,,,0,0,0
Hum_XLOC_043787,False,,,0,0,0
Hum_XLOC_043788,False,,,0,0,0
Hum_XLOC_043789,False,,,0,0,0
Hum_XLOC_043790,False,,,0,0,0
Hum_XLOC_043799,False,,,0,0,0
Hum_XLOC_043800,False,,,0,0,0
Hum_XLOC_043802,False,,,0,0,0
Hum_XLOC_043803,True,0.0,,0,0,0
Hum_XLOC_043806,True,0.0,,0,0,0
Hum_XLOC_043808,False,,,0,0,0
Hum_XLOC_043809,False,,,0,0,0
Hum_XLOC_043810,False,,,0,0,0
Hum_XLOC_043811,False,,,0,0,0
Hum_XLOC_043812,False,,,0,0,0
Hum_XLOC_043813,False,,,0,0,0
Hum_XLOC_043814,True,0.0,,0,0,0
Hum_XLOC_043815,False,,,0,0,0
Hum_XLOC_043822,False,,,0,0,0
Hum_XLOC_043823,False,,,0,0,0
Hum_XLOC_043824,False,,,0,0,0
Hum_XLOC_043825,False,,,0,0,0
Hum_XLOC_043827,False,,,0,0,0
Hum_XLOC_043828,False,,,0,0,0
Hum_XLOC_043829,False,,,0,0,0
Hum_XLOC_043830,False,,,0,0,0
Hum_XLOC_043831,False,,,0,0,0
Hum_XLOC_043832,False,,,0,0,0
Hum_XLOC_043833,False,,,0,0,0
Hum_XLOC_043834,False,,,0,0,0
Hum_XLOC_043835,False,,,0,0,0
Hum_XLOC_043836,True,0.0,,0,0,0
Hum_XLOC_043837,False,,,0,0,0
Hum_XLOC_043838,False,,,0,0,0
Hum_XLOC_043839,False,,,0,0,0
Hum_XLOC_043840,False,,,0,0,0
Hum_XLOC_043841,False,,,0,0,0
Hum_XLOC_043842,False,,,0,0,0
Hum_XLOC_043843,False,,,0,0,0
Hum_XLOC_043844,False,,,0,0,0
Hum_XLOC_043845,False,,,0,0,0
Hum_XLOC_043846,True,0.0,,0,0,0
Hum_XLOC_043847,False,,,0,0,0
Hum_XLOC_043849,False,,,0,0,0
Hum_XLOC_043851,False,,,0,0,0
Hum_XLOC_043852,False,,,0,0,0
Hum_XLOC_043853,False,,,0,0,0
Hum_XLOC_043854,True,0.0,,0,0,0
Hum_XLOC_043855,False,,,0,0,0
Hum_XLOC_043856,True,0.0,,0,0,0
Hum_XLOC_043857,False,,,0,0,0
Hum_XLOC_043858,False,,,0,0,0
Hum_XLOC_043859,False,,,0,0,0
Hum_XLOC_043861,False,,,0,0,0
Hum_XLOC_043862,False,,,0,0,0
Hum_XLOC_043863,False,,,0,0,0
Hum_XLOC_043864,True,0.0,,0,0,0
Hum_XLOC_043865,False,,,0,0,0
Hum_XLOC_043866,False,,,0,0,0
Hum_XLOC_043873,False,,,0,0,0
Hum_XLOC_043874,False,,,0,0,0
Hum_XLOC_043878,False,,,0,0,0
Hum_XLOC_043879,False,,,0,0,0
Hum_XLOC_043880,False,,,0,0,0
Hum_XLOC_043881,False,,,0,0,0
Hum_XLOC_043882,False,,,0,0,0
Hum_XLOC_043883,False,,,0,0,0
Hum_XLOC_043884,False,,,0,0,0
Hum_XLOC_043885,False,,,0,0,0
Hum_XLOC_043886,True,0.0,,0,0,0
Hum_XLOC_043887,False,,,0,0,0
Hum_XLOC_043888,False,,,0,0,0
Hum_XLOC_043890,False,,,0,0,0
Hum_XLOC_043892,False,,,0,0,0
Hum_XLOC_043893,False,,,0,0,0
Hum_XLOC_043894,False,,,0,0,0
Hum_XLOC_043895,False,,,0,0,0
Hum_XLOC_043896,False,,,0,0,0
Hum_XLOC_043897,False,,,0,0,0
Hum_XLOC_043898,True,0.0,,0,0,0
Hum_XLOC_043899,False,,,0,0,0
Hum_XLOC_043900,False,,,0,0,0
Hum_XLOC_043903,False,,,0,0,0
Hum_XLOC_043904,False,,,0,0,0
Hum_XLOC_043905,False,,,0,0,0
Hum_XLOC_043906,True,0.0,,0,0,0
Hum_XLOC_043907,False,,,0,0,0
Hum_XLOC_043908,False,,,0,0,0
Hum_XLOC_043909,False,,,0,0,0
Hum_XLOC_043910,False,,,0,0,0
Hum_XLOC_043911,False,,,0,0,0
Hum_XLOC_043912,False,,,0,0,0
Hum_XLOC_043913,True,0.0,,0,0,0
Hum_XLOC_043914,False,,,0,0,0
Hum_XLOC_043915,False,,,0,0,0
Hum_XLOC_043916,False,,,0,0,0
Hum_XLOC_043917,False,,,0,0,0
Hum_XLOC_043918,True,0.0,,0,0,0
Hum_XLOC_043921,False,,,0,0,0
Hum_XLOC_043922,False,,,0,0,0
Hum_XLOC_043923,True,0.0,,0,0,0
Hum_XLOC_043924,False,,,0,0,0
Hum_XLOC_043927,False,,,0,0,0
Hum_XLOC_043928,True,0.0,,0,0,0
Hum_XLOC_043929,False,,,0,0,0
Hum_XLOC_043931,False,,,0,0,0
Hum_XLOC_043932,False,,,0,0,0
Hum_XLOC_043934,False,,,0,0,0
Hum_XLOC_043936,False,,,0,0,0
Hum_XLOC_043938,False,,,0,0,0
Hum_XLOC_043939,False,,,0,0,0
Hum_XLOC_043940,False,,,0,0,0
Hum_XLOC_043941,False,,,0,0,0
Hum_XLOC_043942,False,,,0,0,0
Hum_XLOC_043943,False,,,0,0,0
Hum_XLOC_043944,False,,,0,0,0
Hum_XLOC_043945,False,,,0,0,0
Hum_XLOC_043946,True,0.0,,0,0,0
Hum_XLOC_043947,False,,,0,0,0
Hum_XLOC_043948,False,,,0,0,0
Hum_XLOC_043949,False,,,0,0,0
Hum_XLOC_043950,False,,,0,0,0
Hum_XLOC_043951,False,,,0,0,0
Hum_XLOC_043952,False,,,0,0,0
Hum_XLOC_043953,False,,,0,0,0
Hum_XLOC_043956,False,,,0,0,0
Hum_XLOC_043957,False,,,0,0,0
Hum_XLOC_043958,False,,,0,0,0
Hum_XLOC_043963,False,,,0,0,0
Hum_XLOC_043964,False,,,0,0,0
Hum_XLOC_043966,True,0.0,,0,0,0
Hum_XLOC_043968,False,,,0,0,0
Hum_XLOC_043970,True,0.0,,0,0,0
Hum_XLOC_043971,False,,,0,0,0
Hum_XLOC_043972,False,,,0,0,0
Hum_XLOC_043973,False,,,0,0,0
Hum_XLOC_043979,False,,,0,0,0
Hum_XLOC_043980,True,0.0,,0,0,0
Hum_XLOC_043981,True,0.0,,0,0,0
Hum_XLOC_043982,False,,,0,0,0
Hum_XLOC_043983,False,,,0,0,0
Hum_XLOC_043985,False,,,0,0,0
Hum_XLOC_043986,False,,,0,0,0
Hum_XLOC_043987,False,,,0,0,0
Hum_XLOC_043988,False,,,0,0,0
Hum_XLOC_043989,True,0.0,,0,0,0
Hum_XLOC_043990,True,0.0,,0,0,0
Hum_XLOC_043991,False,,,0,0,0
Hum_XLOC_043995,False,,,0,0,0
Hum_XLOC_043996,True,0.0,,0,0,0
Hum_XLOC_043997,False,,,0,0,0
Hum_XLOC_043998,False,,,0,0,0
Hum_XLOC_043999,False,,,0,0,0
Hum_XLOC_044000,False,,,0,0,0
Hum_XLOC_044001,False,,,0,0,0
Hum_XLOC_044002,True,0.0,,0,0,0
Hum_XLOC_044003,True,0.0,,0,0,0
Hum_XLOC_044005,False,,,0,0,0
Hum_XLOC_044006,True,0.0,,0,0,0
Hum_XLOC_044007,False,,,0,0,0
Hum_XLOC_044011,True,0.0,,0,0,0
Hum_XLOC_044012,True,0.0,,0,0,0
Hum_XLOC_044013,False,,,0,0,0
Hum_XLOC_044014,False,,,0,0,0
Hum_XLOC_044015,False,,,0,0,0
Hum_XLOC_044016,False,,,0,0,0
Hum_XLOC_044017,False,,,0,0,0
Hum_XLOC_044018,False,,,0,0,0
Hum_XLOC_044022,False,,,0,0,0
Hum_XLOC_044023,True,0.0,,0,0,0
Hum_XLOC_044024,False,,,0,0,0
Hum_XLOC_044029,False,,,0,0,0
Hum_XLOC_044031,False,,,0,0,0
Hum_XLOC_044032,False,,,0,0,0
Hum_XLOC_044044,False,,,0,0,0
Hum_XLOC_044048,False,,,0,0,0
Hum_XLOC_044049,True,0.0,,0,0,0
Hum_XLOC_044050,False,,,0,0,0
Hum_XLOC_044052,True,0.0,,0,0,0
Hum_XLOC_044053,False,,,0,0,0
Hum_XLOC_044056,False,,,0,0,0
Hum_XLOC_044061,False,,,0,0,0
Hum_XLOC_044062,False,,,0,0,0
Hum_XLOC_044064,False,,,0,0,0
Hum_XLOC_044065,False,,,0,0,0
Hum_XLOC_044066,True,0.0,,0,0,0
Hum_XLOC_044067,False,,,0,0,0
Hum_XLOC_044068,False,,,0,0,0
Hum_XLOC_044069,False,,,0,0,0
Hum_XLOC_044070,False,,,0,0,0
Hum_XLOC_044071,False,,,0,0,0
Hum_XLOC_044072,False,,,0,0,0
Hum_XLOC_044076,True,0.0,,0,0,0
Hum_XLOC_044077,False,,,0,0,0
Hum_XLOC_044080,False,,,0,0,0
Hum_XLOC_044081,False,,,0,0,0
Hum_XLOC_044082,False,,,0,0,0
Hum_XLOC_044083,False,,,0,0,0
Hum_XLOC_044084,False,,,0,0,0
Hum_XLOC_044085,False,,,0,0,0
Hum_XLOC_044086,False,,,0,0,0
Hum_XLOC_044087,False,,,0,0,0
Hum_XLOC_044088,False,,,0,0,0
Hum_XLOC_044089,False,,,0,0,0
Hum_XLOC_044090,False,,,0,0,0
Hum_XLOC_044091,False,,,0,0,0
Hum_XLOC_044092,False,,,0,0,0
Hum_XLOC_044093,False,,,0,0,0
Hum_XLOC_044094,True,0.0,,0,0,0
Hum_XLOC_044095,False,,,0,0,0
Hum_XLOC_044098,False,,,0,0,0
Hum_XLOC_044099,False,,,0,0,0
Hum_XLOC_044100,False,,,0,0,0
Hum_XLOC_044102,False,,,0,0,0
Hum_XLOC_044103,False,,,0,0,0
Hum_XLOC_044104,False,,,0,0,0
Hum_XLOC_044105,False,,,0,0,0
Hum_XLOC_044107,False,,,0,0,0
Hum_XLOC_044108,False,,,0,0,0
Hum_XLOC_044109,False,,,0,0,0
Hum_XLOC_044110,True,0.0,,0,0,0
Hum_XLOC_044111,True,0.0,,0,0,0
Hum_XLOC_044112,False,,,0,0,0
Hum_XLOC_044114,False,,,0,0,0
Hum_XLOC_044118,False,,,0,0,0
Hum_XLOC_044119,False,,,0,0,0
Hum_XLOC_044120,True,0.0,,0,0,0
Hum_XLOC_044122,False,,,0,0,0
Hum_XLOC_044123,False,,,0,0,0
Hum_XLOC_044124,False,,,0,0,0
Hum_XLOC_044125,False,,,0,0,0
Hum_XLOC_044126,False,,,0,0,0
Hum_XLOC_044127,False,,,0,0,0
Hum_XLOC_044129,False,,,0,0,0
Hum_XLOC_044130,False,,,0,0,0
Hum_XLOC_044131,False,,,0,0,0
Hum_XLOC_044132,False,,,0,0,0
Hum_XLOC_044133,False,,,0,0,0
Hum_XLOC_044134,False,,,0,0,0
Hum_XLOC_044135,True,0.0,,0,0,0
Hum_XLOC_044136,False,,,0,0,0
Hum_XLOC_044137,False,,,0,0,0
Hum_XLOC_044138,True,0.0,,0,0,0
Hum_XLOC_044139,False,,,0,0,0
Hum_XLOC_044140,False,,,0,0,0
Hum_XLOC_044141,False,,,0,0,0
Hum_XLOC_044142,False,,,0,0,0
Hum_XLOC_044143,False,,,0,0,0
Hum_XLOC_044144,False,,,0,0,0
Hum_XLOC_044145,False,,,0,0,0
Hum_XLOC_044147,False,,,0,0,0
Hum_XLOC_044148,True,0.0,,0,0,0
Hum_XLOC_044149,False,,,0,0,0
Hum_XLOC_044150,False,,,0,0,0
Hum_XLOC_044151,True,0.0,,0,0,0
Hum_XLOC_044152,False,,,0,0,0
Hum_XLOC_044157,False,,,0,0,0
Hum_XLOC_044159,False,,,0,0,0
Hum_XLOC_044164,False,,,0,0,0
Hum_XLOC_044166,False,,,0,0,0
Hum_XLOC_044167,False,,,0,0,0
Hum_XLOC_044168,False,,,0,0,0
Hum_XLOC_044169,False,,,0,0,0
Hum_XLOC_044170,False,,,0,0,0
Hum_XLOC_044177,False,,,0,0,0
Hum_XLOC_044178,False,,,0,0,0
Hum_XLOC_044179,True,0.0,,0,0,0
Hum_XLOC_044181,False,,,0,0,0
Hum_XLOC_044183,False,,,0,0,0
Hum_XLOC_044184,False,,,0,0,0
Hum_XLOC_044185,False,,,0,0,0
Hum_XLOC_044187,False,,,0,0,0
Hum_XLOC_044188,False,,,0,0,0
Hum_XLOC_044192,False,,,0,0,0
Hum_XLOC_044193,True,0.0,,0,0,0
Hum_XLOC_044194,False,,,0,0,0
Hum_XLOC_044195,False,,,0,0,0
Hum_XLOC_044196,False,,,0,0,0
Hum_XLOC_044197,False,,,0,0,0
Hum_XLOC_044198,False,,,0,0,0
Hum_XLOC_044199,False,,,0,0,0
Hum_XLOC_044200,False,,,0,0,0
Hum_XLOC_044201,False,,,0,0,0
Hum_XLOC_044202,False,,,0,0,0
Hum_XLOC_044204,False,,,0,0,0
Hum_XLOC_044205,False,,,0,0,0
Hum_XLOC_044206,False,,,0,0,0
Hum_XLOC_044208,True,0.0,,0,0,0
Hum_XLOC_044209,False,,,0,0,0
Hum_XLOC_044210,True,0.0,,0,0,0
Hum_XLOC_044211,False,,,0,0,0
Hum_XLOC_044212,False,,,0,0,0
Hum_XLOC_044215,False,,,0,0,0
Hum_XLOC_044216,False,,,0,0,0
Hum_XLOC_044218,False,,,0,0,0
Hum_XLOC_044219,True,0.0,,0,0,0
Hum_XLOC_044221,False,,,0,0,0
Hum_XLOC_044222,False,,,0,0,0
Hum_XLOC_044223,False,,,0,0,0
Hum_XLOC_044224,False,,,0,0,0
Hum_XLOC_044230,True,0.0,,0,0,0
Hum_XLOC_044232,False,,,0,0,0
Hum_XLOC_044237,True,0.0,,0,0,0
Hum_XLOC_044240,True,0.0,,0,0,0
Hum_XLOC_044242,True,0.0,,0,0,0
Hum_XLOC_044243,True,0.0,,0,0,0
Hum_XLOC_044245,False,,,0,0,0
Hum_XLOC_044246,True,0.0,,0,0,0
Hum_XLOC_044247,True,0.0,,0,0,0
Hum_XLOC_044251,False,,,0,0,0
Hum_XLOC_044252,False,,,0,0,0
Hum_XLOC_044253,False,,,0,0,0
Hum_XLOC_044255,False,,,0,0,0
Hum_XLOC_044256,False,,,0,0,0
Hum_XLOC_044262,False,,,0,0,0
Hum_XLOC_044264,True,0.0,,0,0,0
Hum_XLOC_044265,False,,,0,0,0
Hum_XLOC_044266,False,,,0,0,0
Hum_XLOC_044267,False,,,0,0,0
Hum_XLOC_044268,False,,,0,0,0
Hum_XLOC_044269,True,0.0,,0,0,0
Hum_XLOC_044270,True,0.0,,0,0,0
Hum_XLOC_044271,False,,,0,0,0
Hum_XLOC_044272,False,,,0,0,0
Hum_XLOC_044273,False,,,0,0,0
Hum_XLOC_044275,False,,,0,0,0
Hum_XLOC_044278,False,,,0,0,0
Hum_XLOC_044281,True,0.0,,0,0,0
Hum_XLOC_044282,False,,,0,0,0
Hum_XLOC_044283,True,0.0,,0,0,0
Hum_XLOC_044284,False,,,0,0,0
Hum_XLOC_044285,False,,,0,0,0
Hum_XLOC_044287,True,0.0,,0,0,0
Hum_XLOC_044289,False,,,0,0,0
Hum_XLOC_044295,False,,,0,0,0
Hum_XLOC_044297,False,,,0,0,0
Hum_XLOC_044298,False,,,0,0,0
Hum_XLOC_044305,True,0.0,,0,0,0
Hum_XLOC_044306,True,0.0,,0,0,0
Hum_XLOC_044307,False,,,0,0,0
Hum_XLOC_044310,False,,,0,0,0
Hum_XLOC_044313,False,,,0,0,0
Hum_XLOC_044314,False,,,0,0,0
Hum_XLOC_044316,False,,,0,0,0
Hum_XLOC_044328,False,,,0,0,0
Hum_XLOC_044333,False,,,0,0,0
Hum_XLOC_044335,False,,,0,0,0
Hum_XLOC_044337,False,,,0,0,0
Hum_XLOC_044352,True,0.0,,0,0,0
Hum_XLOC_044357,False,,,0,0,0
Hum_XLOC_044359,True,0.0,,0,0,0
Hum_XLOC_044364,False,,,0,0,0
Hum_XLOC_044365,False,,,0,0,0
Hum_XLOC_044366,True,0.0,,0,0,0
Hum_XLOC_044367,False,,,0,0,0
Hum_XLOC_044369,False,,,0,0,0
Hum_XLOC_044370,True,0.0,,0,0,0
Hum_XLOC_044371,True,0.0,,0,0,0
Hum_XLOC_044372,False,,,0,0,0
Hum_XLOC_044374,False,,,0,0,0
Hum_XLOC_044375,False,,,0,0,0
Hum_XLOC_044376,False,,,0,0,0
Hum_XLOC_044381,False,,,0,0,0
Hum_XLOC_044382,False,,,0,0,0
Hum_XLOC_044383,True,0.0,,0,0,0
Hum_XLOC_044384,False,,,0,0,0
Hum_XLOC_044385,True,0.0,,0,0,0
Hum_XLOC_044389,False,,,0,0,0
Hum_XLOC_044392,False,,,0,0,0
Hum_XLOC_044396,False,,,0,0,0
Hum_XLOC_044398,False,,,0,0,0
Hum_XLOC_044399,False,,,0,0,0
Hum_XLOC_044401,False,,,0,0,0
Hum_XLOC_044402,False,,,0,0,0
Hum_XLOC_044403,True,0.0,,0,0,0
Hum_XLOC_044404,False,,,0,0,0
Hum_XLOC_044405,False,,,0,0,0
Hum_XLOC_044406,False,,,0,0,0
Hum_XLOC_044407,False,,,0,0,0
Hum_XLOC_044412,False,,,0,0,0
Hum_XLOC_044416,False,,,0,0,0
Hum_XLOC_044417,True,0.0,,0,0,0
Hum_XLOC_044418,True,0.0,,0,0,0
Hum_XLOC_044419,False,,,0,0,0
Hum_XLOC_044420,False,,,0,0,0
Hum_XLOC_044425,False,,,0,0,0
Hum_XLOC_044426,False,,,0,0,0
Hum_XLOC_044427,False,,,0,0,0
Hum_XLOC_044430,False,,,0,0,0
Hum_XLOC_044432,False,,,0,0,0
Hum_XLOC_044433,False,,,0,0,0
Hum_XLOC_044436,True,0.0,,0,0,0
Hum_XLOC_044437,False,,,0,0,0
Hum_XLOC_044439,False,,,0,0,0
Hum_XLOC_044441,False,,,0,0,0
Hum_XLOC_044442,False,,,0,0,0
Hum_XLOC_044443,False,,,0,0,0
Hum_XLOC_044446,False,,,0,0,0
Hum_XLOC_044447,False,,,0,0,0
Hum_XLOC_044448,True,0.0,,0,0,0
Hum_XLOC_044449,False,,,0,0,0
Hum_XLOC_044452,False,,,0,0,0
Hum_XLOC_044456,False,,,0,0,0
Hum_XLOC_044457,False,,,0,0,0
Hum_XLOC_044460,False,,,0,0,0
Hum_XLOC_044461,False,,,0,0,0
Hum_XLOC_044462,False,,,0,0,0
Hum_XLOC_044463,False,,,0,0,0
Hum_XLOC_044464,False,,,0,0,0
Hum_XLOC_044465,False,,,0,0,0
Hum_XLOC_044466,False,,,0,0,0
Hum_XLOC_044472,False,,,0,0,0
Hum_XLOC_044479,False,,,0,0,0
Hum_XLOC_044480,False,,,0,0,0
Hum_XLOC_044481,False,,,0,0,0
Hum_XLOC_044482,False,,,0,0,0
Hum_XLOC_044483,False,,,0,0,0
Hum_XLOC_044484,True,0.0,,0,0,0
Hum_XLOC_044485,False,,,0,0,0
Hum_XLOC_044489,False,,,0,0,0
Hum_XLOC_044492,False,,,0,0,0
Hum_XLOC_044496,False,,,0,0,0
Hum_XLOC_044499,False,,,0,0,0
Hum_XLOC_044500,False,,,0,0,0
Hum_XLOC_044501,True,0.0,,0,0,0
Hum_XLOC_044505,True,0.0,,0,0,0
Hum_XLOC_044506,False,,,0,0,0
Hum_XLOC_044507,False,,,0,0,0
Hum_XLOC_044508,False,,,0,0,0
Hum_XLOC_044511,False,,,0,0,0
Hum_XLOC_044512,False,,,0,0,0
Hum_XLOC_044516,False,,,0,0,0
Hum_XLOC_044522,False,,,0,0,0
Hum_XLOC_044524,False,,,0,0,0
Hum_XLOC_044525,False,,,0,0,0
Hum_XLOC_044526,False,,,0,0,0
Hum_XLOC_044527,True,0.0,,0,0,0
Hum_XLOC_044528,False,,,0,0,0
Hum_XLOC_044529,True,0.0,,0,0,0
Hum_XLOC_044530,True,0.0,,0,0,0
Hum_XLOC_044531,True,0.0,,0,0,0
Hum_XLOC_044533,True,0.0,,0,0,0
Hum_XLOC_044534,False,,,0,0,0
Hum_XLOC_044535,False,,,0,0,0
Hum_XLOC_044539,False,,,0,0,0
Hum_XLOC_044540,False,,,0,0,0
Hum_XLOC_044541,False,,,0,0,0
Hum_XLOC_044544,True,0.0,,0,0,0
Hum_XLOC_044545,False,,,0,0,0
Hum_XLOC_044546,False,,,0,0,0
Hum_XLOC_044547,False,,,0,0,0
Hum_XLOC_044553,False,,,0,0,0
Hum_XLOC_044554,False,,,0,0,0
Hum_XLOC_044556,False,,,0,0,0
Hum_XLOC_044558,False,,,0,0,0
Hum_XLOC_044560,False,,,0,0,0
Hum_XLOC_044561,False,,,0,0,0
Hum_XLOC_044563,False,,,0,0,0
Hum_XLOC_044564,False,,,0,0,0
Hum_XLOC_044565,False,,,0,0,0
Hum_XLOC_044566,False,,,0,0,0
Hum_XLOC_044567,False,,,0,0,0
Hum_XLOC_044569,False,,,0,0,0
Hum_XLOC_044570,False,,,0,0,0
Hum_XLOC_044571,False,,,0,0,0
Hum_XLOC_044572,False,,,0,0,0
Hum_XLOC_044575,True,0.0,,0,0,0
Hum_XLOC_044583,False,,,0,0,0
Hum_XLOC_044586,False,,,0,0,0
Hum_XLOC_044587,False,,,0,0,0
Hum_XLOC_044588,False,,,0,0,0
Hum_XLOC_044589,False,,,0,0,0
Hum_XLOC_044590,False,,,0,0,0
Hum_XLOC_044591,False,,,0,0,0
Hum_XLOC_044592,False,,,0,0,0
Hum_XLOC_044593,False,,,0,0,0
Hum_XLOC_044597,False,,,0,0,0
Hum_XLOC_044598,False,,,0,0,0
Hum_XLOC_044600,False,,,0,0,0
Hum_XLOC_044610,True,0.0,,0,0,0
Hum_XLOC_044612,False,,,0,0,0
Hum_XLOC_044616,True,0.0,,0,0,0
Hum_XLOC_044617,False,,,0,0,0
Hum_XLOC_044618,False,,,0,0,0
Hum_XLOC_044619,False,,,0,0,0
Hum_XLOC_044620,False,,,0,0,0
Hum_XLOC_044621,True,0.0,,0,0,0
Hum_XLOC_044622,False,,,0,0,0
Hum_XLOC_044623,False,,,0,0,0
Hum_XLOC_044624,True,0.0,,0,0,0
Hum_XLOC_044625,False,,,0,0,0
Hum_XLOC_044626,False,,,0,0,0
Hum_XLOC_044631,False,,,0,0,0
Hum_XLOC_044634,True,0.0,,0,0,0
Hum_XLOC_044636,False,,,0,0,0
Hum_XLOC_044637,False,,,0,0,0
Hum_XLOC_044638,False,,,0,0,0
Hum_XLOC_044639,False,,,0,0,0
Hum_XLOC_044641,False,,,0,0,0
Hum_XLOC_044642,False,,,0,0,0
Hum_XLOC_044645,False,,,0,0,0
Hum_XLOC_044646,False,,,0,0,0
Hum_XLOC_044647,False,,,0,0,0
Hum_XLOC_044660,False,,,0,0,0
Hum_XLOC_044661,False,,,0,0,0
Hum_XLOC_044662,False,,,0,0,0
Hum_XLOC_044663,False,,,0,0,0
Hum_XLOC_044664,False,,,0,0,0
Hum_XLOC_044665,False,,,0,0,0
Hum_XLOC_044666,False,,,0,0,0
Hum_XLOC_044667,True,0.0,,0,0,0
Hum_XLOC_044668,False,,,0,0,0
Hum_XLOC_044669,False,,,0,0,0
Hum_XLOC_044670,False,,,0,0,0
Hum_XLOC_044671,True,0.0,,0,0,0
Hum_XLOC_044672,False,,,0,0,0
Hum_XLOC_044673,True,0.0,,0,0,0
Hum_XLOC_044676,True,0.0,,0,0,0
Hum_XLOC_044677,False,,,0,0,0
Hum_XLOC_044678,True,0.0,,0,0,0
Hum_XLOC_044679,False,,,0,0,0
Hum_XLOC_044680,False,,,0,0,0
Hum_XLOC_044681,False,,,0,0,0
Hum_XLOC_044683,False,,,0,0,0
Hum_XLOC_044684,False,,,0,0,0
Hum_XLOC_044685,True,0.0,,0,0,0
Hum_XLOC_044687,False,,,0,0,0
Hum_XLOC_044688,False,,,0,0,0
Hum_XLOC_044689,False,,,0,0,0
Hum_XLOC_044690,False,,,0,0,0
Hum_XLOC_044691,False,,,0,0,0
Hum_XLOC_044692,False,,,0,0,0
Hum_XLOC_044693,False,,,0,0,0
Hum_XLOC_044694,False,,,0,0,0
Hum_XLOC_044695,False,,,0,0,0
Hum_XLOC_044700,False,,,0,0,0
Hum_XLOC_044701,False,,,0,0,0
Hum_XLOC_044703,False,,,0,0,0
Hum_XLOC_044705,False,,,0,0,0
Hum_XLOC_044706,False,,,0,0,0
Hum_XLOC_044711,False,,,0,0,0
Hum_XLOC_044712,False,,,0,0,0
Hum_XLOC_044713,False,,,0,0,0
Hum_XLOC_044716,False,,,0,0,0
Hum_XLOC_044718,False,,,0,0,0
Hum_XLOC_044719,False,,,0,0,0
Hum_XLOC_044720,False,,,0,0,0
Hum_XLOC_044722,False,,,0,0,0
Hum_XLOC_044723,False,,,0,0,0
Hum_XLOC_044724,False,,,0,0,0
Hum_XLOC_044725,False,,,0,0,0
Hum_XLOC_044726,False,,,0,0,0
Hum_XLOC_044727,False,,,0,0,0
Hum_XLOC_044729,False,,,0,0,0
Hum_XLOC_044731,False,,,0,0,0
Hum_XLOC_044732,False,,,0,0,0
Hum_XLOC_044733,False,,,0,0,0
Hum_XLOC_044735,False,,,0,0,0
Hum_XLOC_044736,False,,,0,0,0
Hum_XLOC_044737,False,,,0,0,0
Hum_XLOC_044739,False,,,0,0,0
Hum_XLOC_044740,False,,,0,0,0
Hum_XLOC_044741,False,,,0,0,0
Hum_XLOC_044742,False,,,0,0,0
Hum_XLOC_044748,False,,,0,0,0
Hum_XLOC_044749,True,0.0,,0,0,0
Hum_XLOC_044750,True,0.0,,0,0,0
Hum_XLOC_044751,False,,,0,0,0
Hum_XLOC_044753,False,,,0,0,0
Hum_XLOC_044754,False,,,0,0,0
Hum_XLOC_044755,False,,,0,0,0
Hum_XLOC_044756,False,,,0,0,0
Hum_XLOC_044757,False,,,0,0,0
Hum_XLOC_044759,False,,,0,0,0
Hum_XLOC_044760,False,,,0,0,0
Hum_XLOC_044761,False,,,0,0,0
Hum_XLOC_044766,False,,,0,0,0
Hum_XLOC_044767,False,,,0,0,0
Hum_XLOC_044771,False,,,0,0,0
Hum_XLOC_044772,True,0.0,,0,0,0
Hum_XLOC_044775,False,,,0,0,0
Hum_XLOC_044776,True,0.0,,0,0,0
Hum_XLOC_044777,False,,,0,0,0
Hum_XLOC_044778,False,,,0,0,0
Hum_XLOC_044779,False,,,0,0,0
Hum_XLOC_044780,False,,,0,0,0
Hum_XLOC_044782,True,0.0,,0,0,0
Hum_XLOC_044784,False,,,0,0,0
Hum_XLOC_044785,False,,,0,0,0
Hum_XLOC_044786,False,,,0,0,0
Hum_XLOC_044788,False,,,0,0,0
Hum_XLOC_044790,False,,,0,0,0
Hum_XLOC_044792,False,,,0,0,0
Hum_XLOC_044793,False,,,0,0,0
Hum_XLOC_044794,True,0.0,,0,0,0
Hum_XLOC_044795,False,,,0,0,0
Hum_XLOC_044796,False,,,0,0,0
Hum_XLOC_044798,False,,,0,0,0
Hum_XLOC_044800,True,0.0,,0,0,0
Hum_XLOC_044806,False,,,0,0,0
Hum_XLOC_044812,False,,,0,0,0
Hum_XLOC_044813,False,,,0,0,0
Hum_XLOC_044814,False,,,0,0,0
Hum_XLOC_044815,False,,,0,0,0
Hum_XLOC_044816,False,,,0,0,0
Hum_XLOC_044817,False,,,0,0,0
Hum_XLOC_044819,False,,,0,0,0
Hum_XLOC_044820,False,,,0,0,0
Hum_XLOC_044821,False,,,0,0,0
Hum_XLOC_044822,False,,,0,0,0
Hum_XLOC_044823,False,,,0,0,0
Hum_XLOC_044824,True,0.0,,0,0,0
Hum_XLOC_044825,False,,,0,0,0
Hum_XLOC_044826,False,,,0,0,0
Hum_XLOC_044827,False,,,0,0,0
Hum_XLOC_044828,True,0.0,,0,0,0
Hum_XLOC_044829,False,,,0,0,0
Hum_XLOC_044830,False,,,0,0,0
Hum_XLOC_044831,False,,,0,0,0
Hum_XLOC_044832,False,,,0,0,0
Hum_XLOC_044833,False,,,0,0,0
Hum_XLOC_044834,False,,,0,0,0
Hum_XLOC_044838,False,,,0,0,0
Hum_XLOC_044839,False,,,0,0,0
Hum_XLOC_044840,False,,,0,0,0
Hum_XLOC_044841,False,,,0,0,0
Hum_XLOC_044849,False,,,0,0,0
Hum_XLOC_044853,False,,,0,0,0
Hum_XLOC_044854,True,0.0,,0,0,0
Hum_XLOC_044855,False,,,0,0,0
Hum_XLOC_044856,False,,,0,0,0
Hum_XLOC_044857,False,,,0,0,0
Hum_XLOC_044858,False,,,0,0,0
Hum_XLOC_044859,False,,,0,0,0
Hum_XLOC_044860,False,,,0,0,0
Hum_XLOC_044861,False,,,0,0,0
Hum_XLOC_044862,False,,,0,0,0
Hum_XLOC_044863,False,,,0,0,0
Hum_XLOC_044864,False,,,0,0,0
Hum_XLOC_044865,False,,,0,0,0
Hum_XLOC_044867,False,,,0,0,0
Hum_XLOC_044871,False,,,0,0,0
Hum_XLOC_044872,False,,,0,0,0
Hum_XLOC_044874,True,0.0,,0,0,0
Hum_XLOC_044877,True,0.0,,0,0,0
Hum_XLOC_044881,True,0.0,,0,0,0
Hum_XLOC_044886,False,,,0,0,0
Hum_XLOC_044887,False,,,0,0,0
Hum_XLOC_044891,False,,,0,0,0
Hum_XLOC_044892,False,,,0,0,0
Hum_XLOC_044893,False,,,0,0,0
Hum_XLOC_044894,False,,,0,0,0
Hum_XLOC_044895,False,,,0,0,0
Hum_XLOC_044896,False,,,0,0,0
Hum_XLOC_044897,False,,,0,0,0
Hum_XLOC_044898,False,,,0,0,0
Hum_XLOC_044900,False,,,0,0,0
Hum_XLOC_044901,False,,,0,0,0
Hum_XLOC_044907,False,,,0,0,0
Hum_XLOC_044908,False,,,0,0,0
Hum_XLOC_044909,False,,,0,0,0
Hum_XLOC_044915,False,,,0,0,0
Hum_XLOC_044916,False,,,0,0,0
Hum_XLOC_044917,False,,,0,0,0
Hum_XLOC_044920,False,,,0,0,0
Hum_XLOC_044921,False,,,0,0,0
Hum_XLOC_044922,False,,,0,0,0
Hum_XLOC_044923,False,,,0,0,0
Hum_XLOC_044924,False,,,0,0,0
Hum_XLOC_044926,True,0.0,,0,0,0
Hum_XLOC_044929,False,,,0,0,0
Hum_XLOC_044931,False,,,0,0,0
Hum_XLOC_044932,True,0.0,,0,0,0
Hum_XLOC_044933,False,,,0,0,0
Hum_XLOC_044937,False,,,0,0,0
Hum_XLOC_044938,True,0.0,,0,0,0
Hum_XLOC_044939,False,,,0,0,0
Hum_XLOC_044940,False,,,0,0,0
Hum_XLOC_044941,False,,,0,0,0
Hum_XLOC_044942,False,,,0,0,0
Hum_XLOC_044943,False,,,0,0,0
Hum_XLOC_044944,False,,,0,0,0
Hum_XLOC_044945,False,,,0,0,0
Hum_XLOC_044946,False,,,0,0,0
Hum_XLOC_044947,False,,,0,0,0
Hum_XLOC_044948,False,,,0,0,0
Hum_XLOC_044949,True,0.0,,0,0,0
Hum_XLOC_044952,True,0.0,,0,0,0
Hum_XLOC_044953,False,,,0,0,0
Hum_XLOC_044954,False,,,0,0,0
Hum_XLOC_044957,True,0.0,,0,0,0
Hum_XLOC_044962,False,,,0,0,0
Hum_XLOC_044967,False,,,0,0,0
Hum_XLOC_044968,False,,,0,0,0
Hum_XLOC_044972,True,0.0,,0,0,0
Hum_XLOC_044973,False,,,0,0,0
Hum_XLOC_044974,False,,,0,0,0
Hum_XLOC_044975,False,,,0,0,0
Hum_XLOC_044976,False,,,0,0,0
Hum_XLOC_044977,False,,,0,0,0
Hum_XLOC_044978,False,,,0,0,0
Hum_XLOC_044979,False,,,0,0,0
Hum_XLOC_044985,False,,,0,0,0
Hum_XLOC_044986,False,,,0,0,0
Hum_XLOC_044987,False,,,0,0,0
Hum_XLOC_044989,False,,,0,0,0
Hum_XLOC_044990,False,,,0,0,0
Hum_XLOC_044991,False,,,0,0,0
Hum_XLOC_044993,False,,,0,0,0
Hum_XLOC_044994,False,,,0,0,0
Hum_XLOC_044995,False,,,0,0,0
Hum_XLOC_044996,False,,,0,0,0
Hum_XLOC_044998,False,,,0,0,0
Hum_XLOC_044999,True,0.0,,0,0,0
Hum_XLOC_045000,False,,,0,0,0
Hum_XLOC_045001,False,,,0,0,0
Hum_XLOC_045002,False,,,0,0,0
Hum_XLOC_045003,False,,,0,0,0
Hum_XLOC_045004,False,,,0,0,0
Hum_XLOC_045006,False,,,0,0,0
Hum_XLOC_045007,False,,,0,0,0
Hum_XLOC_045008,False,,,0,0,0
Hum_XLOC_045009,False,,,0,0,0
Hum_XLOC_045010,False,,,0,0,0
Hum_XLOC_045011,False,,,0,0,0
Hum_XLOC_045013,False,,,0,0,0
Hum_XLOC_045014,False,,,0,0,0
Hum_XLOC_045015,False,,,0,0,0
Hum_XLOC_045016,False,,,0,0,0
Hum_XLOC_045017,False,,,0,0,0
Hum_XLOC_045018,True,,,0,0,0
Hum_XLOC_045021,False,,,0,0,0
Hum_XLOC_045022,False,,,0,0,0
Hum_XLOC_045023,False,,,0,0,0
Hum_XLOC_045024,False,,,0,0,0
Hum_XLOC_045030,False,,,0,0,0
Hum_XLOC_045031,False,,,0,0,0
Hum_XLOC_045034,False,,,0,0,0
Hum_XLOC_045036,False,,,0,0,0
Hum_XLOC_045037,False,,,0,0,0
Hum_XLOC_045039,False,,,0,0,0
Hum_XLOC_045040,False,,,0,0,0
Hum_XLOC_045042,False,,,0,0,0
Hum_XLOC_045044,False,,,0,0,0
Hum_XLOC_045045,False,,,0,0,0
Hum_XLOC_045054,False,,,0,0,0
Hum_XLOC_045055,False,,,0,0,0
Hum_XLOC_045056,False,,,0,0,0
Hum_XLOC_045057,False,,,0,0,0
Hum_XLOC_045058,True,0.0,,0,0,0
Hum_XLOC_045059,False,,,0,0,0
Hum_XLOC_045060,False,,,0,0,0
Hum_XLOC_045062,True,0.0,,0,0,0
Hum_XLOC_045064,False,,,0,0,0
Hum_XLOC_045065,False,,,0,0,0
Hum_XLOC_045066,True,0.0,,0,0,0
Hum_XLOC_045067,False,,,0,0,0
Hum_XLOC_045068,True,0.0,,0,0,0
Hum_XLOC_045069,False,,,0,0,0
Hum_XLOC_045070,False,,,0,0,0
Hum_XLOC_045071,False,,,0,0,0
Hum_XLOC_045075,True,0.0,,0,0,0
Hum_XLOC_045076,True,0.0,,0,0,0
Hum_XLOC_045078,True,0.0,,0,0,0
Hum_XLOC_045079,True,0.0,,0,0,0
Hum_XLOC_045082,False,,,0,0,0
Hum_XLOC_045086,False,,,0,0,0
Hum_XLOC_045091,False,,,0,0,0
Hum_XLOC_045092,False,,,0,0,0
Hum_XLOC_045094,False,,,0,0,0
Hum_XLOC_045095,False,,,0,0,0
Hum_XLOC_045096,False,,,0,0,0
Hum_XLOC_045097,False,,,0,0,0
Hum_XLOC_045098,False,,,0,0,0
Hum_XLOC_045099,False,,,0,0,0
Hum_XLOC_045100,True,0.0,,0,0,0
Hum_XLOC_045101,False,,,0,0,0
Hum_XLOC_045103,False,,,0,0,0
Hum_XLOC_045105,True,0.0,,0,0,0
Hum_XLOC_045106,True,0.0,,0,0,0
Hum_XLOC_045107,True,0.0,,0,0,0
Hum_XLOC_045109,False,,,0,0,0
Hum_XLOC_045112,True,0.0,,0,0,0
Hum_XLOC_045113,False,,,0,0,0
Hum_XLOC_045114,False,,,0,0,0
Hum_XLOC_045115,False,,,0,0,0
Hum_XLOC_045116,False,,,0,0,0
Hum_XLOC_045117,False,,,0,0,0
Hum_XLOC_045118,False,,,0,0,0
Hum_XLOC_045119,False,,,0,0,0
Hum_XLOC_045120,True,0.0,,0,0,0
Hum_XLOC_045121,False,,,0,0,0
Hum_XLOC_045122,False,,,0,0,0
Hum_XLOC_045123,False,,,0,0,0
Hum_XLOC_045127,False,,,0,0,0
Hum_XLOC_045128,True,0.0,,0,0,0
Hum_XLOC_045129,False,,,0,0,0
Hum_XLOC_045130,False,,,0,0,0
Hum_XLOC_045131,False,,,0,0,0
Hum_XLOC_045133,True,0.0,,0,0,0
Hum_XLOC_045136,True,0.0,,0,0,0
Hum_XLOC_045137,False,,,0,0,0
Hum_XLOC_045138,False,,,0,0,0
Hum_XLOC_045139,False,,,0,0,0
Hum_XLOC_045140,False,,,0,0,0
Hum_XLOC_045143,True,0.0,,0,0,0
Hum_XLOC_045144,False,,,0,0,0
Hum_XLOC_045145,False,,,0,0,0
Hum_XLOC_045148,True,0.0,,0,0,0
Hum_XLOC_045149,False,,,0,0,0
Hum_XLOC_045150,False,,,0,0,0
Hum_XLOC_045151,False,,,0,0,0
Hum_XLOC_045152,False,,,0,0,0
Hum_XLOC_045154,False,,,0,0,0
Hum_XLOC_045157,False,,,0,0,0
Hum_XLOC_045158,False,,,0,0,0
Hum_XLOC_045159,False,,,0,0,0
Hum_XLOC_045160,False,,,0,0,0
Hum_XLOC_045161,False,,,0,0,0
Hum_XLOC_045162,False,,,0,0,0
Hum_XLOC_045163,False,,,0,0,0
Hum_XLOC_045164,False,,,0,0,0
Hum_XLOC_045165,False,,,0,0,0
Hum_XLOC_045166,False,,,0,0,0
Hum_XLOC_045167,True,0.0,,0,0,0
Hum_XLOC_045168,False,,,0,0,0
Hum_XLOC_045169,True,0.0,,0,0,0
Hum_XLOC_045170,True,0.0,,0,0,0
Hum_XLOC_045171,False,,,0,0,0
Hum_XLOC_045172,False,,,0,0,0
Hum_XLOC_045173,False,,,0,0,0
Hum_XLOC_045174,False,,,0,0,0
Hum_XLOC_045175,True,0.0,,0,0,0
Hum_XLOC_045177,False,,,0,0,0
Hum_XLOC_045178,False,,,0,0,0
Hum_XLOC_045179,False,,,0,0,0
Hum_XLOC_045180,False,,,0,0,0
Hum_XLOC_045181,False,,,0,0,0
Hum_XLOC_045182,False,,,0,0,0
Hum_XLOC_045183,False,,,0,0,0
Hum_XLOC_045186,True,0.0,,0,0,0
Hum_XLOC_045193,False,,,0,0,0
Hum_XLOC_045194,False,,,0,0,0
Hum_XLOC_045197,False,,,0,0,0
Hum_XLOC_045198,False,,,0,0,0
Hum_XLOC_045199,False,,,0,0,0
Hum_XLOC_045200,False,,,0,0,0
Hum_XLOC_045201,False,,,0,0,0
Hum_XLOC_045202,False,,,0,0,0
Hum_XLOC_045203,False,,,0,0,0
Hum_XLOC_045204,False,,,0,0,0
Hum_XLOC_045205,False,,,0,0,0
Hum_XLOC_045207,True,0.0,,0,0,0
Hum_XLOC_045211,True,0.0,,0,0,0
Hum_XLOC_045212,False,,,0,0,0
Hum_XLOC_045213,False,,,0,0,0
Hum_XLOC_045215,True,0.0,,0,0,0
Hum_XLOC_045216,False,,,0,0,0
Hum_XLOC_045217,True,0.0,,0,0,0
Hum_XLOC_045218,False,,,0,0,0
Hum_XLOC_045219,False,,,0,0,0
Hum_XLOC_045221,False,,,0,0,0
Hum_XLOC_045223,False,,,0,0,0
Hum_XLOC_045224,False,,,0,0,0
Hum_XLOC_045225,False,,,0,0,0
Hum_XLOC_045226,False,,,0,0,0
Hum_XLOC_045227,False,,,0,0,0
Hum_XLOC_045230,False,,,0,0,0
Hum_XLOC_045233,False,,,0,0,0
Hum_XLOC_045235,False,,,0,0,0
Hum_XLOC_045237,False,,,0,0,0
Hum_XLOC_045238,False,,,0,0,0
Hum_XLOC_045239,False,,,0,0,0
Hum_XLOC_045240,False,,,0,0,0
Hum_XLOC_045241,False,,,0,0,0
Hum_XLOC_045242,False,,,0,0,0
Hum_XLOC_045243,False,,,0,0,0
Hum_XLOC_045244,False,,,0,0,0
Hum_XLOC_045245,False,,,0,0,0
Hum_XLOC_045246,True,0.0,,0,0,0
Hum_XLOC_045247,False,,,0,0,0
Hum_XLOC_045249,False,,,0,0,0
Hum_XLOC_045250,False,,,0,0,0
Hum_XLOC_045251,False,,,0,0,0
Hum_XLOC_045253,False,,,0,0,0
Hum_XLOC_045254,False,,,0,0,0
Hum_XLOC_045255,False,,,0,0,0
Hum_XLOC_045256,True,0.0,,0,0,0
Hum_XLOC_045257,False,,,0,0,0
Hum_XLOC_045259,False,,,0,0,0
Hum_XLOC_045262,False,,,0,0,0
Hum_XLOC_045265,False,,,0,0,0
Hum_XLOC_045266,False,,,0,0,0
Hum_XLOC_045267,False,,,0,0,0
Hum_XLOC_045268,False,,,0,0,0
Hum_XLOC_045269,False,,,0,0,0
Hum_XLOC_045271,False,,,0,0,0
Hum_XLOC_045277,False,,,0,0,0
Hum_XLOC_045278,True,0.0,,0,0,0
Hum_XLOC_045282,False,,,0,0,0
Hum_XLOC_045283,False,,,0,0,0
Hum_XLOC_045284,False,,,0,0,0
Hum_XLOC_045285,False,,,0,0,0
Hum_XLOC_045286,False,,,0,0,0
Hum_XLOC_045288,False,,,0,0,0
Hum_XLOC_045295,False,,,0,0,0
Hum_XLOC_045296,False,,,0,0,0
Hum_XLOC_045297,False,,,0,0,0
Hum_XLOC_045298,True,0.0,,0,0,0
Hum_XLOC_045300,False,,,0,0,0
Hum_XLOC_045301,True,0.0,,0,0,0
Hum_XLOC_045302,False,,,0,0,0
Hum_XLOC_045303,True,0.0,,0,0,0
Hum_XLOC_045304,False,,,0,0,0
Hum_XLOC_045305,False,,,0,0,0
Hum_XLOC_045306,False,,,0,0,0
Hum_XLOC_045307,False,,,0,0,0
Hum_XLOC_045308,False,,,0,0,0
Hum_XLOC_045309,False,,,0,0,0
Hum_XLOC_045310,False,,,0,0,0
Hum_XLOC_045311,False,,,0,0,0
Hum_XLOC_045312,True,0.0,,0,0,0
Hum_XLOC_045313,False,,,0,0,0
Hum_XLOC_045314,False,,,0,0,0
Hum_XLOC_045315,True,0.0,,0,0,0
Hum_XLOC_045317,False,,,0,0,0
Hum_XLOC_045323,False,,,0,0,0
Hum_XLOC_045325,False,,,0,0,0
Hum_XLOC_045326,False,,,0,0,0
Hum_XLOC_045327,False,,,0,0,0
Hum_XLOC_045331,False,,,0,0,0
Hum_XLOC_045336,True,0.0,,0,0,0
Hum_XLOC_045337,True,0.0,,0,0,0
Hum_XLOC_045338,False,,,0,0,0
Hum_XLOC_045339,False,,,0,0,0
Hum_XLOC_045340,False,,,0,0,0
Hum_XLOC_045341,False,,,0,0,0
Hum_XLOC_045342,False,,,0,0,0
Hum_XLOC_045343,False,,,0,0,0
Hum_XLOC_045344,False,,,0,0,0
Hum_XLOC_045345,True,0.0,,0,0,0
Hum_XLOC_045347,False,,,0,0,0
Hum_XLOC_045348,False,,,0,0,0
Hum_XLOC_045349,False,,,0,0,0
Hum_XLOC_045350,False,,,0,0,0
Hum_XLOC_045353,False,,,0,0,0
Hum_XLOC_045354,False,,,0,0,0
Hum_XLOC_045358,False,,,0,0,0
Hum_XLOC_045359,False,,,0,0,0
Hum_XLOC_045361,False,,,0,0,0
Hum_XLOC_045362,False,,,0,0,0
Hum_XLOC_045366,False,,,0,0,0
Hum_XLOC_045367,False,,,0,0,0
Hum_XLOC_045368,False,,,0,0,0
Hum_XLOC_045369,False,,,0,0,0
Hum_XLOC_045370,False,,,0,0,0
Hum_XLOC_045371,True,0.0,,0,0,0
Hum_XLOC_045372,False,,,0,0,0
Hum_XLOC_045373,False,,,0,0,0
Hum_XLOC_045374,True,0.0,,0,0,0
Hum_XLOC_045375,True,,,0,0,0
Hum_XLOC_045377,True,0.0,,0,0,0
Hum_XLOC_045378,True,0.0,,0,0,0
Hum_XLOC_045379,True,0.0,,0,0,0
Hum_XLOC_045380,False,,,0,0,0
Hum_XLOC_045383,True,0.0,,0,0,0
Hum_XLOC_045385,False,,,0,0,0
Hum_XLOC_045386,False,,,0,0,0
Hum_XLOC_045387,False,,,0,0,0
Hum_XLOC_045388,False,,,0,0,0
Hum_XLOC_045389,False,,,0,0,0
Hum_XLOC_045390,False,,,0,0,0
Hum_XLOC_045391,False,,,0,0,0
Hum_XLOC_045392,False,,,0,0,0
Hum_XLOC_045394,True,0.0,,0,0,0
Hum_XLOC_045395,False,,,0,0,0
Hum_XLOC_045396,False,,,0,0,0
Hum_XLOC_045397,False,,,0,0,0
Hum_XLOC_045398,False,,,0,0,0
Hum_XLOC_045399,False,,,0,0,0
Hum_XLOC_045402,False,,,0,0,0
Hum_XLOC_045403,False,,,0,0,0
Hum_XLOC_045404,True,0.0,,0,0,0
Hum_XLOC_045405,False,,,0,0,0
Hum_XLOC_045406,True,0.0,,0,0,0
Hum_XLOC_045408,False,,,0,0,0
Hum_XLOC_045411,False,,,0,0,0
Hum_XLOC_045412,False,,,0,0,0
Hum_XLOC_045413,True,0.0,,0,0,0
Hum_XLOC_045414,False,,,0,0,0
Hum_XLOC_045415,False,,,0,0,0
Hum_XLOC_045416,True,0.0,,0,0,0
Hum_XLOC_045417,True,0.0,,0,0,0
Hum_XLOC_045418,True,0.0,,0,0,0
Hum_XLOC_045422,False,,,0,0,0
Hum_XLOC_045425,False,,,0,0,0
Hum_XLOC_045427,True,0.0,,0,0,0
Hum_XLOC_045431,False,,,0,0,0
Hum_XLOC_045432,True,0.0,,0,0,0
Hum_XLOC_045436,True,0.0,,0,0,0
Hum_XLOC_045437,False,,,0,0,0
Hum_XLOC_045438,False,,,0,0,0
Hum_XLOC_045439,False,,,0,0,0
Hum_XLOC_045440,False,,,0,0,0
Hum_XLOC_045441,True,0.0,,0,0,0
Hum_XLOC_045442,False,,,0,0,0
Hum_XLOC_045445,False,,,0,0,0
Hum_XLOC_045446,True,0.0,,0,0,0
Hum_XLOC_045447,False,,,0,0,0
Hum_XLOC_045450,False,,,0,0,0
Hum_XLOC_045451,True,0.0,,0,0,0
Hum_XLOC_045453,False,,,0,0,0
Hum_XLOC_045455,False,,,0,0,0
Hum_XLOC_045459,False,,,0,0,0
Hum_XLOC_045460,True,0.0,,0,0,0
Hum_XLOC_045461,False,,,0,0,0
Hum_XLOC_045462,False,,,0,0,0
Hum_XLOC_045465,False,,,0,0,0
Hum_XLOC_045467,False,,,0,0,0
Hum_XLOC_045468,False,,,0,0,0
Hum_XLOC_045469,True,0.0,,0,0,0
Hum_XLOC_045470,False,,,0,0,0
Hum_XLOC_045475,False,,,0,0,0
Hum_XLOC_045476,False,,,0,0,0
Hum_XLOC_045477,False,,,0,0,0
Hum_XLOC_045481,False,,,0,0,0
Hum_XLOC_045482,False,,,0,0,0
Hum_XLOC_045487,False,,,0,0,0
Hum_XLOC_045490,False,,,0,0,0
Hum_XLOC_045491,True,0.0,,0,0,0
Hum_XLOC_045493,False,,,0,0,0
Hum_XLOC_045494,True,0.0,,0,0,0
Hum_XLOC_045498,False,,,0,0,0
Hum_XLOC_045501,False,,,0,0,0
Hum_XLOC_045503,False,,,0,0,0
Hum_XLOC_045505,False,,,0,0,0
Hum_XLOC_045507,False,,,0,0,0
Hum_XLOC_045513,False,,,0,0,0
Hum_XLOC_045514,False,,,0,0,0
Hum_XLOC_045515,False,,,0,0,0
Hum_XLOC_045517,False,,,0,0,0
Hum_XLOC_045518,False,,,0,0,0
Hum_XLOC_045524,True,0.0,,0,0,0
Hum_XLOC_045525,False,,,0,0,0
Hum_XLOC_045526,False,,,0,0,0
Hum_XLOC_045527,True,0.0,,0,0,0
Hum_XLOC_045528,True,0.0,,0,0,0
Hum_XLOC_045529,False,,,0,0,0
Hum_XLOC_045530,False,,,0,0,0
Hum_XLOC_045533,False,,,0,0,0
Hum_XLOC_045534,False,,,0,0,0
Hum_XLOC_045535,False,,,0,0,0
Hum_XLOC_045536,False,,,0,0,0
Hum_XLOC_045537,False,,,0,0,0
Hum_XLOC_045538,False,,,0,0,0
Hum_XLOC_045539,False,,,0,0,0
Hum_XLOC_045540,False,,,0,0,0
Hum_XLOC_045542,False,,,0,0,0
Hum_XLOC_045543,False,,,0,0,0
Hum_XLOC_045544,True,0.0,,0,0,0
Hum_XLOC_045545,False,,,0,0,0
Hum_XLOC_045546,False,,,0,0,0
Hum_XLOC_045547,False,,,0,0,0
Hum_XLOC_045548,False,,,0,0,0
Hum_XLOC_045550,False,,,0,0,0
Hum_XLOC_045551,False,,,0,0,0
Hum_XLOC_045553,False,,,0,0,0
Hum_XLOC_045555,False,,,0,0,0
Hum_XLOC_045556,False,,,0,0,0
Hum_XLOC_045557,False,,,0,0,0
Hum_XLOC_045558,False,,,0,0,0
Hum_XLOC_045559,False,,,0,0,0
Hum_XLOC_045560,False,,,0,0,0
Hum_XLOC_045561,False,,,0,0,0
Hum_XLOC_045562,False,,,0,0,0
Hum_XLOC_045563,False,,,0,0,0
Hum_XLOC_045564,False,,,0,0,0
Hum_XLOC_045565,False,,,0,0,0
Hum_XLOC_045566,False,,,0,0,0
Hum_XLOC_045567,True,0.0,,0,0,0
Hum_XLOC_045568,False,,,0,0,0
Hum_XLOC_045569,True,0.0,,0,0,0
Hum_XLOC_045570,True,0.0,,0,0,0
Hum_XLOC_045572,True,0.0,,0,0,0
Hum_XLOC_045576,False,,,0,0,0
Hum_XLOC_045577,False,,,0,0,0
Hum_XLOC_045578,False,,,0,0,0
Hum_XLOC_045579,False,,,0,0,0
Hum_XLOC_045581,False,,,0,0,0
Hum_XLOC_045582,False,,,0,0,0
Hum_XLOC_045583,False,,,0,0,0
Hum_XLOC_045584,True,0.0,,0,0,0
Hum_XLOC_045588,True,0.0,,0,0,0
Hum_XLOC_045589,False,,,0,0,0
Hum_XLOC_045590,False,,,0,0,0
Hum_XLOC_045591,False,,,0,0,0
Hum_XLOC_045592,False,,,0,0,0
Hum_XLOC_045593,True,0.0,,0,0,0
Hum_XLOC_045594,False,,,0,0,0
Hum_XLOC_045595,False,,,0,0,0
Hum_XLOC_045596,True,0.0,,0,0,0
Hum_XLOC_045597,True,0.0,,0,0,0
Hum_XLOC_045599,False,,,0,0,0
Hum_XLOC_045604,False,,,0,0,0
Hum_XLOC_045605,False,,,0,0,0
Hum_XLOC_045606,False,,,0,0,0
Hum_XLOC_045607,False,,,0,0,0
Hum_XLOC_045608,False,,,0,0,0
Hum_XLOC_045610,False,,,0,0,0
Hum_XLOC_045612,True,0.0,,0,0,0
Hum_XLOC_045614,False,,,0,0,0
Hum_XLOC_045615,False,,,0,0,0
Hum_XLOC_045616,False,,,0,0,0
Hum_XLOC_045617,True,0.0,,0,0,0
Hum_XLOC_045618,False,,,0,0,0
Hum_XLOC_045624,True,0.0,,0,0,0
Hum_XLOC_045625,True,0.0,,0,0,0
Hum_XLOC_045630,False,,,0,0,0
Hum_XLOC_045631,False,,,0,0,0
Hum_XLOC_045632,False,,,0,0,0
Hum_XLOC_045634,False,,,0,0,0
Hum_XLOC_045635,False,,,0,0,0
Hum_XLOC_045636,False,,,0,0,0
Hum_XLOC_045637,False,,,0,0,0
Hum_XLOC_045638,True,0.0,,0,0,0
Hum_XLOC_045639,False,,,0,0,0
Hum_XLOC_045640,False,,,0,0,0
Hum_XLOC_045641,False,,,0,0,0
Hum_XLOC_045642,False,,,0,0,0
Hum_XLOC_045643,False,,,0,0,0
Hum_XLOC_045646,False,,,0,0,0
Hum_XLOC_045647,False,,,0,0,0
Hum_XLOC_045649,True,0.0,,0,0,0
Hum_XLOC_045650,True,0.0,,0,0,0
Hum_XLOC_045651,False,,,0,0,0
Hum_XLOC_045652,False,,,0,0,0
Hum_XLOC_045653,False,,,0,0,0
Hum_XLOC_045655,False,,,0,0,0
Hum_XLOC_045656,False,,,0,0,0
Hum_XLOC_045659,False,,,0,0,0
Hum_XLOC_045660,False,,,0,0,0
Hum_XLOC_045661,True,0.0,,0,0,0
Hum_XLOC_045662,True,0.0,,0,0,0
Hum_XLOC_045663,False,,,0,0,0
Hum_XLOC_045665,False,,,0,0,0
Hum_XLOC_045666,False,,,0,0,0
Hum_XLOC_045667,True,0.0,,0,0,0
Hum_XLOC_045668,False,,,0,0,0
Hum_XLOC_045669,False,,,0,0,0
Hum_XLOC_045670,False,,,0,0,0
Hum_XLOC_045671,False,,,0,0,0
Hum_XLOC_045673,False,,,0,0,0
Hum_XLOC_045674,True,0.0,,0,0,0
Hum_XLOC_045676,False,,,0,0,0
Hum_XLOC_045680,False,,,0,0,0
Hum_XLOC_045682,False,,,0,0,0
Hum_XLOC_045684,False,,,0,0,0
Hum_XLOC_045685,False,,,0,0,0
Hum_XLOC_045690,False,,,0,0,0
Hum_XLOC_045691,False,,,0,0,0
Hum_XLOC_045692,False,,,0,0,0
Hum_XLOC_045696,False,,,0,0,0
Hum_XLOC_045698,False,,,0,0,0
Hum_XLOC_045699,True,0.0,,0,0,0
Hum_XLOC_045707,False,,,0,0,0
Hum_XLOC_045708,False,,,0,0,0
Hum_XLOC_045709,False,,,0,0,0
Hum_XLOC_045710,False,,,0,0,0
Hum_XLOC_045714,False,,,0,0,0
Hum_XLOC_045715,False,,,0,0,0
Hum_XLOC_045716,False,,,0,0,0
Hum_XLOC_045717,False,,,0,0,0
Hum_XLOC_045721,False,,,0,0,0
Hum_XLOC_045723,False,,,0,0,0
Hum_XLOC_045725,False,,,0,0,0
Hum_XLOC_045726,True,0.0,,0,0,0
Hum_XLOC_045729,False,,,0,0,0
Hum_XLOC_045731,True,0.0,,0,0,0
Hum_XLOC_045732,False,,,0,0,0
Hum_XLOC_045733,False,,,0,0,0
Hum_XLOC_045734,False,,,0,0,0
Hum_XLOC_045735,True,0.0,,0,0,0
Hum_XLOC_045736,True,0.0,,0,0,0
Hum_XLOC_045737,False,,,0,0,0
Hum_XLOC_045738,False,,,0,0,0
Hum_XLOC_045739,False,,,0,0,0
Hum_XLOC_045740,False,,,0,0,0
Hum_XLOC_045741,True,0.0,,0,0,0
Hum_XLOC_045742,False,,,0,0,0
Hum_XLOC_045745,False,,,0,0,0
Hum_XLOC_045747,False,,,0,0,0
Hum_XLOC_045748,False,,,0,0,0
Hum_XLOC_045749,False,,,0,0,0
Hum_XLOC_045750,False,,,0,0,0
Hum_XLOC_045751,False,,,0,0,0
Hum_XLOC_045752,False,,,0,0,0
Hum_XLOC_045755,False,,,0,0,0
Hum_XLOC_045756,False,,,0,0,0
Hum_XLOC_045757,False,,,0,0,0
Hum_XLOC_045758,False,,,0,0,0
Hum_XLOC_045764,False,,,0,0,0
Hum_XLOC_045765,False,,,0,0,0
Hum_XLOC_045766,False,,,0,0,0
Hum_XLOC_045767,False,,,0,0,0
Hum_XLOC_045773,False,,,0,0,0
Hum_XLOC_045775,False,,,0,0,0
Hum_XLOC_045776,False,,,0,0,0
Hum_XLOC_045780,False,,,0,0,0
Hum_XLOC_045781,False,,,0,0,0
Hum_XLOC_045782,False,,,0,0,0
Hum_XLOC_045783,False,,,0,0,0
Hum_XLOC_045784,False,,,0,0,0
Hum_XLOC_045785,False,,,0,0,0
Hum_XLOC_045786,False,,,0,0,0
Hum_XLOC_045787,True,0.0,,0,0,0
Hum_XLOC_045788,False,,,0,0,0
Hum_XLOC_045789,False,,,0,0,0
Hum_XLOC_045790,False,,,0,0,0
Hum_XLOC_045791,False,,,0,0,0
Hum_XLOC_045792,False,,,0,0,0
Hum_XLOC_045801,False,,,0,0,0
Hum_XLOC_045803,False,,,0,0,0
Hum_XLOC_045805,False,,,0,0,0
Hum_XLOC_045807,False,,,0,0,0
Hum_XLOC_045809,True,0.0,,0,0,0
Hum_XLOC_045810,False,,,0,0,0
Hum_XLOC_045811,False,,,0,0,0
Hum_XLOC_045813,False,,,0,0,0
Hum_XLOC_045814,False,,,0,0,0
Hum_XLOC_045815,False,,,0,0,0
Hum_XLOC_045816,True,0.0,,0,0,0
Hum_XLOC_045817,True,0.0,,0,0,0
Hum_XLOC_045822,False,,,0,0,0
Hum_XLOC_045823,False,,,0,0,0
Hum_XLOC_045825,False,,,0,0,0
Hum_XLOC_045829,False,,,0,0,0
Hum_XLOC_045830,False,,,0,0,0
Hum_XLOC_045831,False,,,0,0,0
Hum_XLOC_045832,False,,,0,0,0
Hum_XLOC_045833,False,,,0,0,0
Hum_XLOC_045834,False,,,0,0,0
Hum_XLOC_045836,False,,,0,0,0
Hum_XLOC_045839,False,,,0,0,0
Hum_XLOC_045840,False,,,0,0,0
Hum_XLOC_045841,False,,,0,0,0
Hum_XLOC_045842,False,,,0,0,0
Hum_XLOC_045843,False,,,0,0,0
Hum_XLOC_045844,False,,,0,0,0
Hum_XLOC_045845,False,,,0,0,0
Hum_XLOC_045846,False,,,0,0,0
Hum_XLOC_045847,True,0.0,,0,0,0
Hum_XLOC_045848,False,,,0,0,0
Hum_XLOC_045849,False,,,0,0,0
Hum_XLOC_045850,False,,,0,0,0
Hum_XLOC_045851,False,,,0,0,0
Hum_XLOC_045852,False,,,0,0,0
Hum_XLOC_045854,False,,,0,0,0
Hum_XLOC_045855,False,,,0,0,0
Hum_XLOC_045856,False,,,0,0,0
Hum_XLOC_045868,True,0.0,,0,0,0
Hum_XLOC_045869,False,,,0,0,0
Hum_XLOC_045871,False,,,0,0,0
Hum_XLOC_045872,False,,,0,0,0
Hum_XLOC_045873,False,,,0,0,0
Hum_XLOC_045874,True,0.0,,0,0,0
Hum_XLOC_045876,False,,,0,0,0
Hum_XLOC_045878,False,,,0,0,0
Hum_XLOC_045880,False,,,0,0,0
Hum_XLOC_045881,True,0.0,,0,0,0
Hum_XLOC_045882,False,,,0,0,0
Hum_XLOC_045883,False,,,0,0,0
Hum_XLOC_045884,False,,,0,0,0
Hum_XLOC_045885,False,,,0,0,0
Hum_XLOC_045886,False,,,0,0,0
Hum_XLOC_045887,False,,,0,0,0
Hum_XLOC_045888,False,,,0,0,0
Hum_XLOC_045889,False,,,0,0,0
Hum_XLOC_045890,False,,,0,0,0
Hum_XLOC_045891,False,,,0,0,0
Hum_XLOC_045892,False,,,0,0,0
Hum_XLOC_045893,False,,,0,0,0
Hum_XLOC_045894,False,,,0,0,0
Hum_XLOC_045895,False,,,0,0,0
Hum_XLOC_045896,False,,,0,0,0
Hum_XLOC_045897,True,0.0,,0,0,0
Hum_XLOC_045898,False,,,0,0,0
Hum_XLOC_045899,False,,,0,0,0
Hum_XLOC_045900,False,,,0,0,0
Hum_XLOC_045901,False,,,0,0,0
Hum_XLOC_045903,True,0.0,,0,0,0
Hum_XLOC_045904,False,,,0,0,0
Hum_XLOC_045905,False,,,0,0,0
Hum_XLOC_045906,True,0.0,,0,0,0
Hum_XLOC_045908,False,,,0,0,0
Hum_XLOC_045909,False,,,0,0,0
Hum_XLOC_045913,False,,,0,0,0
Hum_XLOC_045916,False,,,0,0,0
Hum_XLOC_045917,False,,,0,0,0
Hum_XLOC_045918,False,,,0,0,0
Hum_XLOC_045922,False,,,0,0,0
Hum_XLOC_045923,False,,,0,0,0
Hum_XLOC_045926,False,,,0,0,0
Hum_XLOC_045927,False,,,0,0,0
Hum_XLOC_045929,False,,,0,0,0
Hum_XLOC_045930,False,,,0,0,0
Hum_XLOC_045931,False,,,0,0,0
Hum_XLOC_045932,False,,,0,0,0
Hum_XLOC_045933,False,,,0,0,0
Hum_XLOC_045934,True,0.0,,0,0,0
Hum_XLOC_045935,False,,,0,0,0
Hum_XLOC_045936,False,,,0,0,0
Hum_XLOC_045937,False,,,0,0,0
Hum_XLOC_045938,False,,,0,0,0
Hum_XLOC_045939,False,,,0,0,0
Hum_XLOC_045940,True,0.0,,0,0,0
Hum_XLOC_045941,False,,,0,0,0
Hum_XLOC_045942,False,,,0,0,0
Hum_XLOC_045943,False,,,0,0,0
Hum_XLOC_045944,False,,,0,0,0
Hum_XLOC_045946,True,0.0,,0,0,0
Hum_XLOC_045947,False,,,0,0,0
Hum_XLOC_045948,False,,,0,0,0
Hum_XLOC_045949,False,,,0,0,0
Hum_XLOC_045951,False,,,0,0,0
Hum_XLOC_045952,False,,,0,0,0
Hum_XLOC_045953,False,,,0,0,0
Hum_XLOC_045954,False,,,0,0,0
Hum_XLOC_045955,False,,,0,0,0
Hum_XLOC_045956,False,,,0,0,0
Hum_XLOC_045957,False,,,0,0,0
Hum_XLOC_045958,False,,,0,0,0
Hum_XLOC_045959,False,,,0,0,0
Hum_XLOC_045960,False,,,0,0,0
Hum_XLOC_045961,False,,,0,0,0
Hum_XLOC_045963,False,,,0,0,0
Hum_XLOC_045964,False,,,0,0,0
Hum_XLOC_045965,False,,,0,0,0
Hum_XLOC_045966,False,,,0,0,0
Hum_XLOC_045967,False,,,0,0,0
Hum_XLOC_045968,False,,,0,0,0
Hum_XLOC_045970,False,,,0,0,0
Hum_XLOC_045971,False,,,0,0,0
Hum_XLOC_045972,False,,,0,0,0
Hum_XLOC_045973,True,0.0,,0,0,0
Hum_XLOC_045974,True,0.0,,0,0,0
Hum_XLOC_045975,True,0.0,,0,0,0
Hum_XLOC_045976,False,,,0,0,0
Hum_XLOC_045977,False,,,0,0,0
Hum_XLOC_045979,False,,,0,0,0
Hum_XLOC_045981,False,,,0,0,0
Hum_XLOC_045982,True,0.0,,0,0,0
Hum_XLOC_045986,True,0.0,,0,0,0
Hum_XLOC_045987,False,,,0,0,0
Hum_XLOC_045988,False,,,0,0,0
Hum_XLOC_045989,False,,,0,0,0
Hum_XLOC_045990,False,,,0,0,0
Hum_XLOC_045991,False,,,0,0,0
Hum_XLOC_045992,True,0.0,,0,0,0
Hum_XLOC_045993,True,0.0,,0,0,0
Hum_XLOC_045994,False,,,0,0,0
Hum_XLOC_045995,True,0.0,,0,0,0
Hum_XLOC_045999,False,,,0,0,0
Hum_XLOC_046000,False,,,0,0,0
Hum_XLOC_046002,True,0.0,,0,0,0
Hum_XLOC_046005,False,,,0,0,0
Hum_XLOC_046007,False,,,0,0,0
Hum_XLOC_046009,False,,,0,0,0
Hum_XLOC_046014,False,,,0,0,0
Hum_XLOC_046015,True,0.0,,0,0,0
Hum_XLOC_046016,False,,,0,0,0
Hum_XLOC_046017,False,,,0,0,0
Hum_XLOC_046018,False,,,0,0,0
Hum_XLOC_046021,True,,,0,0,0
Hum_XLOC_046026,False,,,0,0,0
Hum_XLOC_046027,False,,,0,0,0
Hum_XLOC_046028,False,,,0,0,0
Hum_XLOC_046029,False,,,0,0,0
Hum_XLOC_046030,False,,,0,0,0
Hum_XLOC_046031,False,,,0,0,0
Hum_XLOC_046032,False,,,0,0,0
Hum_XLOC_046033,False,,,0,0,0
Hum_XLOC_046035,False,,,0,0,0
Hum_XLOC_046036,True,0.0,,0,0,0
Hum_XLOC_046037,False,,,0,0,0
Hum_XLOC_046038,False,,,0,0,0
Hum_XLOC_046039,False,,,0,0,0
Hum_XLOC_046040,False,,,0,0,0
Hum_XLOC_046046,False,,,0,0,0
Hum_XLOC_046047,False,,,0,0,0
Hum_XLOC_046048,False,,,0,0,0
Hum_XLOC_046051,False,,,0,0,0
Hum_XLOC_046052,False,,,0,0,0
Hum_XLOC_046053,False,,,0,0,0
Hum_XLOC_046054,False,,,0,0,0
Hum_XLOC_046055,False,,,0,0,0
Hum_XLOC_046059,False,,,0,0,0
Hum_XLOC_046061,False,,,0,0,0
Hum_XLOC_046066,False,,,0,0,0
Hum_XLOC_046067,False,,,0,0,0
Hum_XLOC_046069,False,,,0,0,0
Hum_XLOC_046071,False,,,0,0,0
Hum_XLOC_046074,False,,,0,0,0
Hum_XLOC_046080,False,,,0,0,0
Hum_XLOC_046082,False,,,0,0,0
Hum_XLOC_046084,False,,,0,0,0
Hum_XLOC_046087,False,,,0,0,0
Hum_XLOC_046088,False,,,0,0,0
Hum_XLOC_046089,True,0.0,,0,0,0
Hum_XLOC_046091,False,,,0,0,0
Hum_XLOC_046093,False,,,0,0,0
Hum_XLOC_046094,False,,,0,0,0
Hum_XLOC_046097,False,,,0,0,0
Hum_XLOC_046099,False,,,0,0,0
Hum_XLOC_046100,False,,,0,0,0
Hum_XLOC_046105,False,,,0,0,0
Hum_XLOC_046108,False,,,0,0,0
Hum_XLOC_046109,False,,,0,0,0
Hum_XLOC_046130,False,,,0,0,0
Hum_XLOC_046132,True,0.0,,0,0,0
Hum_XLOC_046135,False,,,0,0,0
Hum_XLOC_046136,False,,,0,0,0
Hum_XLOC_046137,False,,,0,0,0
Hum_XLOC_046138,True,0.0,,0,0,0
Hum_XLOC_046139,False,,,0,0,0
Hum_XLOC_046140,False,,,0,0,0
Hum_XLOC_046141,False,,,0,0,0
Hum_XLOC_046142,False,,,0,0,0
Hum_XLOC_046143,False,,,0,0,0
Hum_XLOC_046144,False,,,0,0,0
Hum_XLOC_046145,False,,,0,0,0
Hum_XLOC_046146,False,,,0,0,0
Hum_XLOC_046153,True,0.0,,0,0,0
Hum_XLOC_046154,False,,,0,0,0
Hum_XLOC_046155,False,,,0,0,0
Hum_XLOC_046156,False,,,0,0,0
Hum_XLOC_046157,False,,,0,0,0
Hum_XLOC_046158,False,,,0,0,0
Hum_XLOC_046159,False,,,0,0,0
Hum_XLOC_046160,False,,,0,0,0
Hum_XLOC_046161,False,,,0,0,0
Hum_XLOC_046162,False,,,0,0,0
Hum_XLOC_046164,False,,,0,0,0
Hum_XLOC_046171,True,0.0,,0,0,0
Hum_XLOC_046172,True,0.0,,0,0,0
Hum_XLOC_046173,False,,,0,0,0
Hum_XLOC_046175,False,,,0,0,0
Hum_XLOC_046176,True,0.0,,0,0,0
Hum_XLOC_046187,False,,,0,0,0
Hum_XLOC_046188,False,,,0,0,0
Hum_XLOC_046189,False,,,0,0,0
Hum_XLOC_046190,False,,,0,0,0
Hum_XLOC_046191,True,0.0,,0,0,0
Hum_XLOC_046192,False,,,0,0,0
Hum_XLOC_046194,False,,,0,0,0
Hum_XLOC_046195,False,,,0,0,0
Hum_XLOC_046200,False,,,0,0,0
Hum_XLOC_046201,False,,,0,0,0
Hum_XLOC_046202,False,,,0,0,0
Hum_XLOC_046203,True,0.0,,0,0,0
Hum_XLOC_046204,False,,,0,0,0
Hum_XLOC_046205,False,,,0,0,0
Hum_XLOC_046207,False,,,0,0,0
Hum_XLOC_046213,True,0.0,,0,0,0
Hum_XLOC_046214,True,0.0,,0,0,0
Hum_XLOC_046215,False,,,0,0,0
Hum_XLOC_046218,False,,,0,0,0
Hum_XLOC_046221,False,,,0,0,0
Hum_XLOC_046222,True,0.0,,0,0,0
Hum_XLOC_046224,False,,,0,0,0
Hum_XLOC_046225,True,0.0,,0,0,0
Hum_XLOC_046226,False,,,0,0,0
Hum_XLOC_046227,True,0.0,,0,0,0
Hum_XLOC_046228,False,,,0,0,0
Hum_XLOC_046229,False,,,0,0,0
Hum_XLOC_046231,False,,,0,0,0
Hum_XLOC_046232,False,,,0,0,0
Hum_XLOC_046233,True,0.0,,0,0,0
Hum_XLOC_046234,False,,,0,0,0
Hum_XLOC_046235,False,,,0,0,0
Hum_XLOC_046236,False,,,0,0,0
Hum_XLOC_046237,False,,,0,0,0
Hum_XLOC_046238,False,,,0,0,0
Hum_XLOC_046239,False,,,0,0,0
Hum_XLOC_046240,False,,,0,0,0
Hum_XLOC_046243,False,,,0,0,0
Hum_XLOC_046245,False,,,0,0,0
Hum_XLOC_046246,False,,,0,0,0
Hum_XLOC_046247,False,,,0,0,0
Hum_XLOC_046253,False,,,0,0,0
Hum_XLOC_046254,False,,,0,0,0
Hum_XLOC_046255,False,,,0,0,0
Hum_XLOC_046256,False,,,0,0,0
Hum_XLOC_046258,False,,,0,0,0
Hum_XLOC_046259,False,,,0,0,0
Hum_XLOC_046260,False,,,0,0,0
Hum_XLOC_046269,False,,,0,0,0
Hum_XLOC_046274,False,,,0,0,0
Hum_XLOC_046275,False,,,0,0,0
Hum_XLOC_046281,False,,,0,0,0
Hum_XLOC_046282,False,,,0,0,0
Hum_XLOC_046283,False,,,0,0,0
Hum_XLOC_046284,False,,,0,0,0
Hum_XLOC_046285,False,,,0,0,0
Hum_XLOC_046286,True,0.0,,0,0,0
Hum_XLOC_046291,False,,,0,0,0
Hum_XLOC_046294,False,,,0,0,0
Hum_XLOC_046298,True,0.0,,0,0,0
Hum_XLOC_046299,False,,,0,0,0
Hum_XLOC_046300,False,,,0,0,0
Hum_XLOC_046307,False,,,0,0,0
Hum_XLOC_046308,False,,,0,0,0
Hum_XLOC_046309,False,,,0,0,0
Hum_XLOC_046312,False,,,0,0,0
Hum_XLOC_046317,False,,,0,0,0
Hum_XLOC_046318,False,,,0,0,0
Hum_XLOC_046323,False,,,0,0,0
Hum_XLOC_046328,False,,,0,0,0
Hum_XLOC_046329,True,0.0,,0,0,0
Hum_XLOC_046330,False,,,0,0,0
Hum_XLOC_046331,False,,,0,0,0
Hum_XLOC_046332,False,,,0,0,0
Hum_XLOC_046334,False,,,0,0,0
Hum_XLOC_046342,False,,,0,0,0
Hum_XLOC_046343,False,,,0,0,0
Hum_XLOC_046346,False,,,0,0,0
Hum_XLOC_046348,False,,,0,0,0
Hum_XLOC_046351,False,,,0,0,0
Hum_XLOC_046357,True,0.0,,0,0,0
Hum_XLOC_046358,False,,,0,0,0
Hum_XLOC_046359,False,,,0,0,0
Hum_XLOC_046361,False,,,0,0,0
Hum_XLOC_046362,False,,,0,0,0
Hum_XLOC_046363,False,,,0,0,0
Hum_XLOC_046364,False,,,0,0,0
Hum_XLOC_046365,False,,,0,0,0
Hum_XLOC_046366,False,,,0,0,0
Hum_XLOC_046370,False,,,0,0,0
Hum_XLOC_046371,False,,,0,0,0
Hum_XLOC_046372,False,,,0,0,0
Hum_XLOC_046373,True,0.0,,0,0,0
Hum_XLOC_046376,False,,,0,0,0
Hum_XLOC_046379,False,,,0,0,0
Hum_XLOC_046380,False,,,0,0,0
Hum_XLOC_046381,False,,,0,0,0
Hum_XLOC_046382,False,,,0,0,0
Hum_XLOC_046383,False,,,0,0,0
Hum_XLOC_046385,False,,,0,0,0
Hum_XLOC_046391,False,,,0,0,0
Hum_XLOC_046392,False,,,0,0,0
Hum_XLOC_046393,False,,,0,0,0
Hum_XLOC_046396,True,0.0,,0,0,0
Hum_XLOC_046397,False,,,0,0,0
Hum_XLOC_046398,False,,,0,0,0
Hum_XLOC_046399,True,0.0,,0,0,0
Hum_XLOC_046400,False,,,0,0,0
Hum_XLOC_046401,False,,,0,0,0
Hum_XLOC_046402,False,,,0,0,0
Hum_XLOC_046404,False,,,0,0,0
Hum_XLOC_046405,False,,,0,0,0
Hum_XLOC_046406,False,,,0,0,0
Hum_XLOC_046407,False,,,0,0,0
Hum_XLOC_046408,False,,,0,0,0
Hum_XLOC_046409,False,,,0,0,0
Hum_XLOC_046410,False,,,0,0,0
Hum_XLOC_046411,False,,,0,0,0
Hum_XLOC_046412,False,,,0,0,0
Hum_XLOC_046413,False,,,0,0,0
Hum_XLOC_046414,False,,,0,0,0
Hum_XLOC_046415,False,,,0,0,0
Hum_XLOC_046416,False,,,0,0,0
Hum_XLOC_046417,False,,,0,0,0
Hum_XLOC_046419,False,,,0,0,0
Hum_XLOC_046420,False,,,0,0,0
Hum_XLOC_046421,True,0.0,,0,0,0
Hum_XLOC_046422,False,,,0,0,0
Hum_XLOC_046423,False,,,0,0,0
Hum_XLOC_046425,False,,,0,0,0
Hum_XLOC_046428,True,0.0,,0,0,0
Hum_XLOC_046430,True,0.0,,0,0,0
Hum_XLOC_046431,False,,,0,0,0
Hum_XLOC_046432,False,,,0,0,0
Hum_XLOC_046433,False,,,0,0,0
Hum_XLOC_046434,False,,,0,0,0
Hum_XLOC_046437,False,,,0,0,0
Hum_XLOC_046438,False,,,0,0,0
Hum_XLOC_046439,False,,,0,0,0
Hum_XLOC_046440,False,,,0,0,0
Hum_XLOC_046441,False,,,0,0,0
Hum_XLOC_046442,False,,,0,0,0
Hum_XLOC_046443,False,,,0,0,0
Hum_XLOC_046444,False,,,0,0,0
Hum_XLOC_046455,False,,,0,0,0
Hum_XLOC_046456,False,,,0,0,0
Hum_XLOC_046457,False,,,0,0,0
Hum_XLOC_046458,False,,,0,0,0
Hum_XLOC_046459,False,,,0,0,0
Hum_XLOC_046464,False,,,0,0,0
Hum_XLOC_046467,False,,,0,0,0
Hum_XLOC_046468,False,,,0,0,0
Hum_XLOC_046469,False,,,0,0,0
Hum_XLOC_046470,False,,,0,0,0
Hum_XLOC_046471,False,,,0,0,0
Hum_XLOC_046472,False,,,0,0,0
Hum_XLOC_046473,False,,,0,0,0
Hum_XLOC_046474,False,,,0,0,0
Hum_XLOC_046481,False,,,0,0,0
Hum_XLOC_046482,False,,,0,0,0
Hum_XLOC_046484,False,,,0,0,0
Hum_XLOC_046485,False,,,0,0,0
Hum_XLOC_046486,True,0.0,,0,0,0
Hum_XLOC_046487,False,,,0,0,0
Hum_XLOC_046488,False,,,0,0,0
Hum_XLOC_046490,False,,,0,0,0
Hum_XLOC_046491,False,,,0,0,0
Hum_XLOC_046492,False,,,0,0,0
Hum_XLOC_046493,False,,,0,0,0
Hum_XLOC_046494,True,0.0,,0,0,0
Hum_XLOC_046498,False,,,0,0,0
Hum_XLOC_046499,False,,,0,0,0
Hum_XLOC_046501,False,,,0,0,0
Hum_XLOC_046502,False,,,0,0,0
Hum_XLOC_046503,False,,,0,0,0
Hum_XLOC_046504,False,,,0,0,0
Hum_XLOC_046505,False,,,0,0,0
Hum_XLOC_046506,False,,,0,0,0
Hum_XLOC_046507,False,,,0,0,0
Hum_XLOC_046509,True,0.0,,0,0,0
Hum_XLOC_046510,False,,,0,0,0
Hum_XLOC_046511,False,,,0,0,0
Hum_XLOC_046512,False,,,0,0,0
Hum_XLOC_046513,True,0.0,,0,0,0
Hum_XLOC_046514,False,,,0,0,0
Hum_XLOC_046515,False,,,0,0,0
Hum_XLOC_046516,False,,,0,0,0
Hum_XLOC_046517,False,,,0,0,0
Hum_XLOC_046518,True,0.0,,0,0,0
Hum_XLOC_046519,True,0.0,,0,0,0
Hum_XLOC_046520,False,,,0,0,0
Hum_XLOC_046521,False,,,0,0,0
Hum_XLOC_046524,False,,,0,0,0
Hum_XLOC_046526,False,,,0,0,0
Hum_XLOC_046529,False,,,0,0,0
Hum_XLOC_046530,False,,,0,0,0
Hum_XLOC_046534,False,,,0,0,0
Hum_XLOC_046535,True,0.0,,0,0,0
Hum_XLOC_046543,False,,,0,0,0
Hum_XLOC_046554,False,,,0,0,0
Hum_XLOC_046556,True,0.0,,0,0,0
Hum_XLOC_046558,False,,,0,0,0
Hum_XLOC_046559,False,,,0,0,0
Hum_XLOC_046563,False,,,0,0,0
Hum_XLOC_046565,False,,,0,0,0
Hum_XLOC_046566,False,,,0,0,0
Hum_XLOC_046568,False,,,0,0,0
Hum_XLOC_046569,False,,,0,0,0
Hum_XLOC_046570,True,0.0,,0,0,0
Hum_XLOC_046571,True,0.0,,0,0,0
Hum_XLOC_046572,False,,,0,0,0
Hum_XLOC_046573,False,,,0,0,0
Hum_XLOC_046574,False,,,0,0,0
Hum_XLOC_046578,False,,,0,0,0
Hum_XLOC_046579,False,,,0,0,0
Hum_XLOC_046580,False,,,0,0,0
Hum_XLOC_046581,False,,,0,0,0
Hum_XLOC_046582,False,,,0,0,0
Hum_XLOC_046583,False,,,0,0,0
Hum_XLOC_046584,False,,,0,0,0
Hum_XLOC_046585,False,,,0,0,0
Hum_XLOC_046587,False,,,0,0,0
Hum_XLOC_046588,False,,,0,0,0
Hum_XLOC_046589,False,,,0,0,0
Hum_XLOC_046590,False,,,0,0,0
Hum_XLOC_046592,True,0.0,,0,0,0
Hum_XLOC_046593,False,,,0,0,0
Hum_XLOC_046594,False,,,0,0,0
Hum_XLOC_046597,True,0.0,,0,0,0
Hum_XLOC_046599,False,,,0,0,0
Hum_XLOC_046600,False,,,0,0,0
Hum_XLOC_046601,False,,,0,0,0
Hum_XLOC_046602,False,,,0,0,0
Hum_XLOC_046603,False,,,0,0,0
Hum_XLOC_046611,False,,,0,0,0
Hum_XLOC_046615,False,,,0,0,0
Hum_XLOC_046617,False,,,0,0,0
Hum_XLOC_046618,False,,,0,0,0
Hum_XLOC_046619,False,,,0,0,0
Hum_XLOC_046620,False,,,0,0,0
Hum_XLOC_046623,False,,,0,0,0
Hum_XLOC_046628,False,,,0,0,0
Hum_XLOC_046630,False,,,0,0,0
Hum_XLOC_046631,True,0.0,,0,0,0
Hum_XLOC_046632,False,,,0,0,0
Hum_XLOC_046634,True,0.0,,0,0,0
Hum_XLOC_046638,False,,,0,0,0
Hum_XLOC_046639,False,,,0,0,0
Hum_XLOC_046641,False,,,0,0,0
Hum_XLOC_046642,False,,,0,0,0
Hum_XLOC_046643,False,,,0,0,0
Hum_XLOC_046645,False,,,0,0,0
Hum_XLOC_046646,False,,,0,0,0
Hum_XLOC_046647,False,,,0,0,0
Hum_XLOC_046648,False,,,0,0,0
Hum_XLOC_046649,False,,,0,0,0
Hum_XLOC_046653,False,,,0,0,0
Hum_XLOC_046654,False,,,0,0,0
Hum_XLOC_046655,False,,,0,0,0
Hum_XLOC_046658,False,,,0,0,0
Hum_XLOC_046663,False,,,0,0,0
Hum_XLOC_046668,False,,,0,0,0
Hum_XLOC_046669,False,,,0,0,0
Hum_XLOC_046670,False,,,0,0,0
Hum_XLOC_046671,False,,,0,0,0
Hum_XLOC_046674,False,,,0,0,0
Hum_XLOC_046675,False,,,0,0,0
Hum_XLOC_046681,False,,,0,0,0
Hum_XLOC_046682,False,,,0,0,0
Hum_XLOC_046685,True,0.0,,0,0,0
Hum_XLOC_046694,True,0.0,,0,0,0
Hum_XLOC_046695,False,,,0,0,0
Hum_XLOC_046696,False,,,0,0,0
Hum_XLOC_046702,False,,,0,0,0
Hum_XLOC_046705,False,,,0,0,0
Hum_XLOC_046706,True,0.0,,0,0,0
Hum_XLOC_046709,True,0.0,,0,0,0
Hum_XLOC_046710,False,,,0,0,0
Hum_XLOC_046711,False,,,0,0,0
Hum_XLOC_046712,False,,,0,0,0
Hum_XLOC_046713,False,,,0,0,0
Hum_XLOC_046714,False,,,0,0,0
Hum_XLOC_046721,False,,,0,0,0
Hum_XLOC_046722,False,,,0,0,0
Hum_XLOC_046723,False,,,0,0,0
Hum_XLOC_046724,False,,,0,0,0
Hum_XLOC_046725,False,,,0,0,0
Hum_XLOC_046730,False,,,0,0,0
Hum_XLOC_046733,False,,,0,0,0
Hum_XLOC_046734,False,,,0,0,0
Hum_XLOC_046735,False,,,0,0,0
Hum_XLOC_046740,True,0.0,,0,0,0
Hum_XLOC_046741,False,,,0,0,0
Hum_XLOC_046742,False,,,0,0,0
Hum_XLOC_046743,False,,,0,0,0
Hum_XLOC_046744,False,,,0,0,0
Hum_XLOC_046745,False,,,0,0,0
Hum_XLOC_046748,True,0.0,,0,0,0
Hum_XLOC_046753,False,,,0,0,0
Hum_XLOC_046760,False,,,0,0,0
Hum_XLOC_046763,False,,,0,0,0
Hum_XLOC_046768,False,,,0,0,0
Hum_XLOC_046771,False,,,0,0,0
Hum_XLOC_046772,True,0.0,,0,0,0
Hum_XLOC_046773,False,,,0,0,0
Hum_XLOC_046774,False,,,0,0,0
Hum_XLOC_046775,False,,,0,0,0
Hum_XLOC_046776,True,0.0,,0,0,0
Hum_XLOC_046777,True,0.0,,0,0,0
Hum_XLOC_046780,False,,,0,0,0
Hum_XLOC_046781,True,0.0,,0,0,0
Hum_XLOC_046782,False,,,0,0,0
Hum_XLOC_046783,False,,,0,0,0
Hum_XLOC_046784,False,,,0,0,0
Hum_XLOC_046785,False,,,0,0,0
Hum_XLOC_046786,False,,,0,0,0
Hum_XLOC_046787,False,,,0,0,0
Hum_XLOC_046789,False,,,0,0,0
Hum_XLOC_046790,False,,,0,0,0
Hum_XLOC_046791,False,,,0,0,0
Hum_XLOC_046792,False,,,0,0,0
Hum_XLOC_046793,False,,,0,0,0
Hum_XLOC_046794,False,,,0,0,0
Hum_XLOC_046795,False,,,0,0,0
Hum_XLOC_046796,False,,,0,0,0
Hum_XLOC_046804,True,0.0,,0,0,0
Hum_XLOC_046806,False,,,0,0,0
Hum_XLOC_046807,True,0.0,,0,0,0
Hum_XLOC_046808,False,,,0,0,0
Hum_XLOC_046809,False,,,0,0,0
Hum_XLOC_046811,False,,,0,0,0
Hum_XLOC_046812,False,,,0,0,0
Hum_XLOC_046814,False,,,0,0,0
Hum_XLOC_046815,False,,,0,0,0
Hum_XLOC_046817,True,0.0,,0,0,0
Hum_XLOC_046820,False,,,0,0,0
Hum_XLOC_046821,True,0.0,,0,0,0
Hum_XLOC_046822,False,,,0,0,0
Hum_XLOC_046823,True,0.0,,0,0,0
Hum_XLOC_046825,False,,,0,0,0
Hum_XLOC_046826,False,,,0,0,0
Hum_XLOC_046827,False,,,0,0,0
Hum_XLOC_046830,True,0.0,,0,0,0
Hum_XLOC_046831,False,,,0,0,0
Hum_XLOC_046834,False,,,0,0,0
Hum_XLOC_046835,False,,,0,0,0
Hum_XLOC_046836,False,,,0,0,0
Hum_XLOC_046837,False,,,0,0,0
Hum_XLOC_046838,True,0.0,,0,0,0
Hum_XLOC_046839,False,,,0,0,0
Hum_XLOC_046841,False,,,0,0,0
Hum_XLOC_046842,False,,,0,0,0
Hum_XLOC_046843,False,,,0,0,0
Hum_XLOC_046844,False,,,0,0,0
Hum_XLOC_046845,False,,,0,0,0
Hum_XLOC_046846,False,,,0,0,0
Hum_XLOC_046847,False,,,0,0,0
Hum_XLOC_046848,False,,,0,0,0
Hum_XLOC_046849,False,,,0,0,0
Hum_XLOC_046850,False,,,0,0,0
Hum_XLOC_046852,False,,,0,0,0
Hum_XLOC_046853,False,,,0,0,0
Hum_XLOC_046854,True,0.0,,0,0,0
Hum_XLOC_046855,False,,,0,0,0
Hum_XLOC_046856,False,,,0,0,0
Hum_XLOC_046857,False,,,0,0,0
Hum_XLOC_046858,False,,,0,0,0
Hum_XLOC_046863,True,0.0,,0,0,0
Hum_XLOC_046864,False,,,0,0,0
Hum_XLOC_046865,False,,,0,0,0
Hum_XLOC_046866,False,,,0,0,0
Hum_XLOC_046867,False,,,0,0,0
Hum_XLOC_046868,True,0.0,,0,0,0
Hum_XLOC_046870,True,0.0,,0,0,0
Hum_XLOC_046871,False,,,0,0,0
Hum_XLOC_046872,True,0.0,,0,0,0
Hum_XLOC_046873,False,,,0,0,0
Hum_XLOC_046874,False,,,0,0,0
Hum_XLOC_046875,False,,,0,0,0
Hum_XLOC_046877,False,,,0,0,0
Hum_XLOC_046879,False,,,0,0,0
Hum_XLOC_046880,False,,,0,0,0
Hum_XLOC_046881,False,,,0,0,0
Hum_XLOC_046883,False,,,0,0,0
Hum_XLOC_046884,False,,,0,0,0
Hum_XLOC_046889,False,,,0,0,0
Hum_XLOC_046891,False,,,0,0,0
Hum_XLOC_046895,False,,,0,0,0
Hum_XLOC_046900,False,,,0,0,0
Hum_XLOC_046901,False,,,0,0,0
Hum_XLOC_046902,False,,,0,0,0
Hum_XLOC_046904,False,,,0,0,0
Hum_XLOC_046905,False,,,0,0,0
Hum_XLOC_046908,False,,,0,0,0
Hum_XLOC_046909,False,,,0,0,0
Hum_XLOC_046911,False,,,0,0,0
Hum_XLOC_046912,False,,,0,0,0
Hum_XLOC_046913,False,,,0,0,0
Hum_XLOC_046914,False,,,0,0,0
Hum_XLOC_046915,False,,,0,0,0
Hum_XLOC_046916,False,,,0,0,0
Hum_XLOC_046918,False,,,0,0,0
Hum_XLOC_046923,False,,,0,0,0
Hum_XLOC_046933,False,,,0,0,0
Hum_XLOC_046934,True,0.0,,0,0,0
Hum_XLOC_046937,False,,,0,0,0
Hum_XLOC_046943,False,,,0,0,0
Hum_XLOC_046946,False,,,0,0,0
Hum_XLOC_046947,False,,,0,0,0
Hum_XLOC_046948,True,0.0,,0,0,0
Hum_XLOC_046950,False,,,0,0,0
Hum_XLOC_046951,True,0.0,,0,0,0
Hum_XLOC_046952,False,,,0,0,0
Hum_XLOC_046953,False,,,0,0,0
Hum_XLOC_046954,True,0.0,,0,0,0
Hum_XLOC_046956,False,,,0,0,0
Hum_XLOC_046957,True,0.0,,0,0,0
Hum_XLOC_046959,False,,,0,0,0
Hum_XLOC_046961,False,,,0,0,0
Hum_XLOC_046962,False,,,0,0,0
Hum_XLOC_046963,False,,,0,0,0
Hum_XLOC_046964,False,,,0,0,0
Hum_XLOC_046965,False,,,0,0,0
Hum_XLOC_046966,False,,,0,0,0
Hum_XLOC_046967,False,,,0,0,0
Hum_XLOC_046968,False,,,0,0,0
Hum_XLOC_046969,False,,,0,0,0
Hum_XLOC_046970,True,0.0,,0,0,0
Hum_XLOC_046971,True,0.0,,0,0,0
Hum_XLOC_046974,False,,,0,0,0
Hum_XLOC_046976,False,,,0,0,0
Hum_XLOC_046977,False,,,0,0,0
Hum_XLOC_046978,False,,,0,0,0
Hum_XLOC_046979,False,,,0,0,0
Hum_XLOC_046980,True,0.0,,0,0,0
Hum_XLOC_046981,False,,,0,0,0
Hum_XLOC_046982,False,,,0,0,0
Hum_XLOC_046983,False,,,0,0,0
Hum_XLOC_046984,False,,,0,0,0
Hum_XLOC_046985,False,,,0,0,0
Hum_XLOC_046987,False,,,0,0,0
Hum_XLOC_046991,False,,,0,0,0
Hum_XLOC_046993,False,,,0,0,0
Hum_XLOC_046994,False,,,0,0,0
Hum_XLOC_047000,False,,,0,0,0
Hum_XLOC_047002,True,0.0,,0,0,0
Hum_XLOC_047003,False,,,0,0,0
Hum_XLOC_047004,False,,,0,0,0
Hum_XLOC_047005,False,,,0,0,0
Hum_XLOC_047006,False,,,0,0,0
Hum_XLOC_047008,False,,,0,0,0
Hum_XLOC_047009,False,,,0,0,0
Hum_XLOC_047012,False,,,0,0,0
Hum_XLOC_047015,False,,,0,0,0
Hum_XLOC_047017,False,,,0,0,0
Hum_XLOC_047018,True,0.0,,0,0,0
Hum_XLOC_047019,False,,,0,0,0
Hum_XLOC_047020,True,0.0,,0,0,0
Hum_XLOC_047022,True,0.0,,0,0,0
Hum_XLOC_047023,False,,,0,0,0
Hum_XLOC_047024,False,,,0,0,0
Hum_XLOC_047025,False,,,0,0,0
Hum_XLOC_047026,False,,,0,0,0
Hum_XLOC_047027,False,,,0,0,0
Hum_XLOC_047029,False,,,0,0,0
Hum_XLOC_047030,False,,,0,0,0
Hum_XLOC_047031,False,,,0,0,0
Hum_XLOC_047034,False,,,0,0,0
Hum_XLOC_047038,True,0.0,,0,0,0
Hum_XLOC_047040,False,,,0,0,0
Hum_XLOC_047041,False,,,0,0,0
Hum_XLOC_047044,False,,,0,0,0
Hum_XLOC_047045,False,,,0,0,0
Hum_XLOC_047046,True,0.0,,0,0,0
Hum_XLOC_047047,False,,,0,0,0
Hum_XLOC_047048,False,,,0,0,0
Hum_XLOC_047049,False,,,0,0,0
Hum_XLOC_047052,False,,,0,0,0
Hum_XLOC_047053,False,,,0,0,0
Hum_XLOC_047054,False,,,0,0,0
Hum_XLOC_047055,False,,,0,0,0
Hum_XLOC_047056,False,,,0,0,0
Hum_XLOC_047058,False,,,0,0,0
Hum_XLOC_047059,False,,,0,0,0
Hum_XLOC_047065,False,,,0,0,0
Hum_XLOC_047066,False,,,0,0,0
Hum_XLOC_047067,False,,,0,0,0
Hum_XLOC_047068,False,,,0,0,0
Hum_XLOC_047069,False,,,0,0,0
Hum_XLOC_047070,False,,,0,0,0
Hum_XLOC_047071,True,0.0,,0,0,0
Hum_XLOC_047072,False,,,0,0,0
Hum_XLOC_047073,False,,,0,0,0
Hum_XLOC_047074,True,0.0,,0,0,0
Hum_XLOC_047075,False,,,0,0,0
Hum_XLOC_047076,True,0.0,,0,0,0
Hum_XLOC_047078,True,0.0,,0,0,0
Hum_XLOC_047079,False,,,0,0,0
Hum_XLOC_047080,True,0.0,,0,0,0
Hum_XLOC_047081,False,,,0,0,0
Hum_XLOC_047082,False,,,0,0,0
Hum_XLOC_047091,False,,,0,0,0
Hum_XLOC_047092,True,0.0,,0,0,0
Hum_XLOC_047093,False,,,0,0,0
Hum_XLOC_047094,False,,,0,0,0
Hum_XLOC_047095,False,,,0,0,0
Hum_XLOC_047097,False,,,0,0,0
Hum_XLOC_047100,False,,,0,0,0
Hum_XLOC_047104,True,,,0,0,0
Hum_XLOC_047105,True,0.0,,0,0,0
Hum_XLOC_047106,False,,,0,0,0
Hum_XLOC_047107,False,,,0,0,0
Hum_XLOC_047110,False,,,0,0,0
Hum_XLOC_047111,False,,,0,0,0
Hum_XLOC_047114,False,,,0,0,0
Hum_XLOC_047117,False,,,0,0,0
Hum_XLOC_047118,False,,,0,0,0
Hum_XLOC_047119,True,0.0,,0,0,0
Hum_XLOC_047120,False,,,0,0,0
Hum_XLOC_047122,False,,,0,0,0
Hum_XLOC_047123,False,,,0,0,0
Hum_XLOC_047124,False,,,0,0,0
Hum_XLOC_047125,False,,,0,0,0
Hum_XLOC_047130,False,,,0,0,0
Hum_XLOC_047133,False,,,0,0,0
Hum_XLOC_047138,False,,,0,0,0
Hum_XLOC_047139,True,0.0,,0,0,0
Hum_XLOC_047140,False,,,0,0,0
Hum_XLOC_047141,False,,,0,0,0
Hum_XLOC_047142,False,,,0,0,0
Hum_XLOC_047144,False,,,0,0,0
Hum_XLOC_047148,False,,,0,0,0
Hum_XLOC_047149,False,,,0,0,0
Hum_XLOC_047150,False,,,0,0,0
Hum_XLOC_047151,False,,,0,0,0
Hum_XLOC_047152,False,,,0,0,0
Hum_XLOC_047153,False,,,0,0,0
Hum_XLOC_047154,False,,,0,0,0
Hum_XLOC_047156,True,0.0,,0,0,0
Hum_XLOC_047157,True,0.0,,0,0,0
Hum_XLOC_047158,False,,,0,0,0
Hum_XLOC_047159,False,,,0,0,0
Hum_XLOC_047160,False,,,0,0,0
Hum_XLOC_047161,False,,,0,0,0
Hum_XLOC_047162,False,,,0,0,0
Hum_XLOC_047165,False,,,0,0,0
Hum_XLOC_047167,False,,,0,0,0
Hum_XLOC_047169,False,,,0,0,0
Hum_XLOC_047171,False,,,0,0,0
Hum_XLOC_047177,False,,,0,0,0
Hum_XLOC_047179,False,,,0,0,0
Hum_XLOC_047180,False,,,0,0,0
Hum_XLOC_047181,False,,,0,0,0
Hum_XLOC_047182,True,0.0,,0,0,0
Hum_XLOC_047183,False,,,0,0,0
Hum_XLOC_047184,False,,,0,0,0
Hum_XLOC_047185,False,,,0,0,0
Hum_XLOC_047186,False,,,0,0,0
Hum_XLOC_047187,True,0.0,,0,0,0
Hum_XLOC_047188,True,0.0,,0,0,0
Hum_XLOC_047189,True,0.0,,0,0,0
Hum_XLOC_047190,False,,,0,0,0
Hum_XLOC_047191,False,,,0,0,0
Hum_XLOC_047192,False,,,0,0,0
Hum_XLOC_047193,False,,,0,0,0
Hum_XLOC_047194,True,0.0,,0,0,0
Hum_XLOC_047196,False,,,0,0,0
Hum_XLOC_047197,True,0.0,,0,0,0
Hum_XLOC_047198,False,,,0,0,0
Hum_XLOC_047199,False,,,0,0,0
Hum_XLOC_047200,False,,,0,0,0
Hum_XLOC_047201,False,,,0,0,0
Hum_XLOC_047202,False,,,0,0,0
Hum_XLOC_047203,False,,,0,0,0
Hum_XLOC_047206,False,,,0,0,0
Hum_XLOC_047207,False,,,0,0,0
Hum_XLOC_047208,False,,,0,0,0
Hum_XLOC_047209,False,,,0,0,0
Hum_XLOC_047211,False,,,0,0,0
Hum_XLOC_047212,False,,,0,0,0
Hum_XLOC_047215,False,,,0,0,0
Hum_XLOC_047216,False,,,0,0,0
Hum_XLOC_047217,False,,,0,0,0
Hum_XLOC_047218,False,,,0,0,0
Hum_XLOC_047219,False,,,0,0,0
Hum_XLOC_047220,False,,,0,0,0
Hum_XLOC_047221,False,,,0,0,0
Hum_XLOC_047223,True,0.0,,0,0,0
Hum_XLOC_047226,True,0.0,,0,0,0
Hum_XLOC_047230,True,0.0,,0,0,0
Hum_XLOC_047233,False,,,0,0,0
Hum_XLOC_047239,False,,,0,0,0
Hum_XLOC_047240,False,,,0,0,0
Hum_XLOC_047241,False,,,0,0,0
Hum_XLOC_047242,True,0.0,,0,0,0
Hum_XLOC_047244,False,,,0,0,0
Hum_XLOC_047245,True,0.0,,0,0,0
Hum_XLOC_047247,True,0.0,,0,0,0
Hum_XLOC_047249,False,,,0,0,0
Hum_XLOC_047251,False,,,0,0,0
Hum_XLOC_047252,False,,,0,0,0
Hum_XLOC_047253,False,,,0,0,0
Hum_XLOC_047255,False,,,0,0,0
Hum_XLOC_047257,False,,,0,0,0
Hum_XLOC_047259,False,,,0,0,0
Hum_XLOC_047260,False,,,0,0,0
Hum_XLOC_047261,False,,,0,0,0
Hum_XLOC_047262,False,,,0,0,0
Hum_XLOC_047263,False,,,0,0,0
Hum_XLOC_047264,False,,,0,0,0
Hum_XLOC_047265,False,,,0,0,0
Hum_XLOC_047266,False,,,0,0,0
Hum_XLOC_047267,False,,,0,0,0
Hum_XLOC_047270,False,,,0,0,0
Hum_XLOC_047271,False,,,0,0,0
Hum_XLOC_047272,False,,,0,0,0
Hum_XLOC_047273,False,,,0,0,0
Hum_XLOC_047274,False,,,0,0,0
Hum_XLOC_047285,False,,,0,0,0
Hum_XLOC_047286,False,,,0,0,0
Hum_XLOC_047287,False,,,0,0,0
Hum_XLOC_047288,False,,,0,0,0
Hum_XLOC_047289,False,,,0,0,0
Hum_XLOC_047290,False,,,0,0,0
Hum_XLOC_047291,False,,,0,0,0
Hum_XLOC_047292,False,,,0,0,0
Hum_XLOC_047293,False,,,0,0,0
Hum_XLOC_047295,False,,,0,0,0
Hum_XLOC_047296,False,,,0,0,0
Hum_XLOC_047300,False,,,0,0,0
Hum_XLOC_047303,False,,,0,0,0
Hum_XLOC_047304,False,,,0,0,0
Hum_XLOC_047305,False,,,0,0,0
Hum_XLOC_047306,False,,,0,0,0
Hum_XLOC_047307,False,,,0,0,0
Hum_XLOC_047308,False,,,0,0,0
Hum_XLOC_047309,False,,,0,0,0
Hum_XLOC_047310,False,,,0,0,0
Hum_XLOC_047311,False,,,0,0,0
Hum_XLOC_047312,False,,,0,0,0
Hum_XLOC_047313,True,0.0,,0,0,0
Hum_XLOC_047314,False,,,0,0,0
Hum_XLOC_047315,False,,,0,0,0
Hum_XLOC_047316,True,0.0,,0,0,0
Hum_XLOC_047318,False,,,0,0,0
Hum_XLOC_047319,False,,,0,0,0
Hum_XLOC_047320,False,,,0,0,0
Hum_XLOC_047321,False,,,0,0,0
Hum_XLOC_047322,False,,,0,0,0
Hum_XLOC_047323,False,,,0,0,0
Hum_XLOC_047324,True,0.0,,0,0,0
Hum_XLOC_047325,False,,,0,0,0
Hum_XLOC_047326,False,,,0,0,0
Hum_XLOC_047330,False,,,0,0,0
Hum_XLOC_047331,False,,,0,0,0
Hum_XLOC_047333,False,,,0,0,0
Hum_XLOC_047338,False,,,0,0,0
Hum_XLOC_047339,False,,,0,0,0
Hum_XLOC_047340,False,,,0,0,0
Hum_XLOC_047341,True,0.0,,0,0,0
Hum_XLOC_047342,False,,,0,0,0
Hum_XLOC_047344,False,,,0,0,0
Hum_XLOC_047345,False,,,0,0,0
Hum_XLOC_047347,False,,,0,0,0
Hum_XLOC_047348,False,,,0,0,0
Hum_XLOC_047349,False,,,0,0,0
Hum_XLOC_047350,False,,,0,0,0
Hum_XLOC_047353,False,,,0,0,0
Hum_XLOC_047354,False,,,0,0,0
Hum_XLOC_047355,False,,,0,0,0
Hum_XLOC_047356,False,,,0,0,0
Hum_XLOC_047357,False,,,0,0,0
Hum_XLOC_047358,False,,,0,0,0
Hum_XLOC_047359,False,,,0,0,0
Hum_XLOC_047360,False,,,0,0,0
Hum_XLOC_047361,False,,,0,0,0
Hum_XLOC_047362,False,,,0,0,0
Hum_XLOC_047363,False,,,0,0,0
Hum_XLOC_047364,False,,,0,0,0
Hum_XLOC_047365,False,,,0,0,0
Hum_XLOC_047366,False,,,0,0,0
Hum_XLOC_047367,False,,,0,0,0
Hum_XLOC_047368,False,,,0,0,0
Hum_XLOC_047369,False,,,0,0,0
Hum_XLOC_047370,True,0.0,,0,0,0
Hum_XLOC_047371,False,,,0,0,0
Hum_XLOC_047372,False,,,0,0,0
Hum_XLOC_047374,False,,,0,0,0
Hum_XLOC_047375,False,,,0,0,0
Hum_XLOC_047376,False,,,0,0,0
Hum_XLOC_047377,False,,,0,0,0
Hum_XLOC_047378,True,0.0,,0,0,0
Hum_XLOC_047379,False,,,0,0,0
Hum_XLOC_047380,False,,,0,0,0
Hum_XLOC_047381,False,,,0,0,0
Hum_XLOC_047382,False,,,0,0,0
Hum_XLOC_047383,False,,,0,0,0
Hum_XLOC_047384,False,,,0,0,0
Hum_XLOC_047385,False,,,0,0,0
Hum_XLOC_047386,False,,,0,0,0
Hum_XLOC_047387,False,,,0,0,0
Hum_XLOC_047388,False,,,0,0,0
Hum_XLOC_047389,False,,,0,0,0
Hum_XLOC_047392,False,,,0,0,0
Hum_XLOC_047393,False,,,0,0,0
Hum_XLOC_047394,False,,,0,0,0
Hum_XLOC_047395,False,,,0,0,0
Hum_XLOC_047396,False,,,0,0,0
Hum_XLOC_047397,False,,,0,0,0
Hum_XLOC_047398,True,0.0,,0,0,0
Hum_XLOC_047400,False,,,0,0,0
Hum_XLOC_047401,False,,,0,0,0
Hum_XLOC_047402,False,,,0,0,0
Hum_XLOC_047403,False,,,0,0,0
Hum_XLOC_047404,False,,,0,0,0
Hum_XLOC_047405,True,0.0,,0,0,0
Hum_XLOC_047406,False,,,0,0,0
Hum_XLOC_047407,False,,,0,0,0
Hum_XLOC_047410,False,,,0,0,0
Hum_XLOC_047411,False,,,0,0,0
Hum_XLOC_047412,False,,,0,0,0
Hum_XLOC_047413,False,,,0,0,0
Hum_XLOC_047416,False,,,0,0,0
Hum_XLOC_047417,False,,,0,0,0
Hum_XLOC_047418,True,0.0,,0,0,0
Hum_XLOC_047419,False,,,0,0,0
Hum_XLOC_047420,False,,,0,0,0
Hum_XLOC_047421,True,0.0,,0,0,0
Hum_XLOC_047422,True,0.0,,0,0,0
Hum_XLOC_047423,False,,,0,0,0
Hum_XLOC_047424,False,,,0,0,0
Hum_XLOC_047426,True,0.0,,0,0,0
Hum_XLOC_047427,False,,,0,0,0
Hum_XLOC_047428,False,,,0,0,0
Hum_XLOC_047429,False,,,0,0,0
Hum_XLOC_047431,False,,,0,0,0
Hum_XLOC_047432,False,,,0,0,0
Hum_XLOC_047434,False,,,0,0,0
Hum_XLOC_047435,False,,,0,0,0
Hum_XLOC_047436,False,,,0,0,0
Hum_XLOC_047437,False,,,0,0,0
Hum_XLOC_047438,False,,,0,0,0
Hum_XLOC_047439,False,,,0,0,0
Hum_XLOC_047440,False,,,0,0,0
Hum_XLOC_047441,False,,,0,0,0
Hum_XLOC_047442,False,,,0,0,0
Hum_XLOC_047443,False,,,0,0,0
Hum_XLOC_047444,False,,,0,0,0
Hum_XLOC_047445,False,,,0,0,0
Hum_XLOC_047446,False,,,0,0,0
Hum_XLOC_047447,False,,,0,0,0
Hum_XLOC_047448,False,,,0,0,0
Hum_XLOC_047449,False,,,0,0,0
Hum_XLOC_047450,False,,,0,0,0
Hum_XLOC_047451,False,,,0,0,0
Hum_XLOC_047452,False,,,0,0,0
Hum_XLOC_047453,False,,,0,0,0
Hum_XLOC_047454,True,0.0,,0,0,0
Hum_XLOC_047455,False,,,0,0,0
Hum_XLOC_047456,True,0.0,,0,0,0
Hum_XLOC_047457,False,,,0,0,0
Hum_XLOC_047458,False,,,0,0,0
Hum_XLOC_047459,False,,,0,0,0
Hum_XLOC_047460,False,,,0,0,0
Hum_XLOC_047461,False,,,0,0,0
Hum_XLOC_047462,False,,,0,0,0
Hum_XLOC_047463,False,,,0,0,0
Hum_XLOC_047464,False,,,0,0,0
Hum_XLOC_047465,False,,,0,0,0
Hum_XLOC_047468,False,,,0,0,0
Hum_XLOC_047470,False,,,0,0,0
Hum_XLOC_047473,False,,,0,0,0
Hum_XLOC_047484,False,,,0,0,0
Hum_XLOC_047488,False,,,0,0,0
Hum_XLOC_047489,False,,,0,0,0
Hum_XLOC_047491,False,,,0,0,0
Hum_XLOC_047492,False,,,0,0,0
Hum_XLOC_047493,False,,,0,0,0
Hum_XLOC_047495,False,,,0,0,0
Hum_XLOC_047496,False,,,0,0,0
Hum_XLOC_047497,False,,,0,0,0
Hum_XLOC_047498,False,,,0,0,0
Hum_XLOC_047501,False,,,0,0,0
Hum_XLOC_047502,False,,,0,0,0
Hum_XLOC_047505,False,,,0,0,0
Hum_XLOC_047510,False,,,0,0,0
Hum_XLOC_047517,False,,,0,0,0
Hum_XLOC_047518,False,,,0,0,0
Hum_XLOC_047519,False,,,0,0,0
Hum_XLOC_047521,False,,,0,0,0
Hum_XLOC_047522,False,,,0,0,0
Hum_XLOC_047523,True,0.0,,0,0,0
Hum_XLOC_047526,False,,,0,0,0
Hum_XLOC_047527,False,,,0,0,0
Hum_XLOC_047529,False,,,0,0,0
Hum_XLOC_047530,False,,,0,0,0
Hum_XLOC_047531,False,,,0,0,0
Hum_XLOC_047532,False,,,0,0,0
Hum_XLOC_047534,False,,,0,0,0
Hum_XLOC_047535,False,,,0,0,0
Hum_XLOC_047537,False,,,0,0,0
Hum_XLOC_047539,False,,,0,0,0
Hum_XLOC_047540,False,,,0,0,0
Hum_XLOC_047542,True,0.0,,0,0,0
Hum_XLOC_047543,True,0.0,,0,0,0
Hum_XLOC_047544,False,,,0,0,0
Hum_XLOC_047545,True,0.0,,0,0,0
Hum_XLOC_047547,False,,,0,0,0
Hum_XLOC_047554,False,,,0,0,0
Hum_XLOC_047555,False,,,0,0,0
Hum_XLOC_047556,False,,,0,0,0
Hum_XLOC_047557,False,,,0,0,0
Hum_XLOC_047558,False,,,0,0,0
Hum_XLOC_047559,True,0.0,,0,0,0
Hum_XLOC_047561,True,0.0,,0,0,0
Hum_XLOC_047562,False,,,0,0,0
Hum_XLOC_047563,False,,,0,0,0
Hum_XLOC_047565,False,,,0,0,0
Hum_XLOC_047566,False,,,0,0,0
Hum_XLOC_047571,False,,,0,0,0
Hum_XLOC_047572,False,,,0,0,0
Hum_XLOC_047573,True,0.0,,0,0,0
Hum_XLOC_047575,False,,,0,0,0
Hum_XLOC_047578,False,,,0,0,0
Hum_XLOC_047579,True,0.0,,0,0,0
Hum_XLOC_047580,False,,,0,0,0
Hum_XLOC_047581,True,0.0,,0,0,0
Hum_XLOC_047584,False,,,0,0,0
Hum_XLOC_047585,False,,,0,0,0
Hum_XLOC_047586,False,,,0,0,0
Hum_XLOC_047587,False,,,0,0,0
Hum_XLOC_047588,False,,,0,0,0
Hum_XLOC_047591,True,0.0,,0,0,0
Hum_XLOC_047592,False,,,0,0,0
Hum_XLOC_047594,False,,,0,0,0
Hum_XLOC_047596,True,0.0,,0,0,0
Hum_XLOC_047600,False,,,0,0,0
Hum_XLOC_047601,False,,,0,0,0
Hum_XLOC_047602,False,,,0,0,0
Hum_XLOC_047603,False,,,0,0,0
Hum_XLOC_047608,False,,,0,0,0
Hum_XLOC_047609,False,,,0,0,0
Hum_XLOC_047610,False,,,0,0,0
Hum_XLOC_047611,False,,,0,0,0
Hum_XLOC_047612,False,,,0,0,0
Hum_XLOC_047613,False,,,0,0,0
Hum_XLOC_047614,False,,,0,0,0
Hum_XLOC_047615,False,,,0,0,0
Hum_XLOC_047616,False,,,0,0,0
Hum_XLOC_047617,False,,,0,0,0
Hum_XLOC_047618,False,,,0,0,0
Hum_XLOC_047619,True,0.0,,0,0,0
Hum_XLOC_047620,False,,,0,0,0
Hum_XLOC_047622,False,,,0,0,0
Hum_XLOC_047624,True,0.0,,0,0,0
Hum_XLOC_047625,True,0.0,,0,0,0
Hum_XLOC_047626,False,,,0,0,0
Hum_XLOC_047631,False,,,0,0,0
Hum_XLOC_047636,False,,,0,0,0
Hum_XLOC_047644,False,,,0,0,0
Hum_XLOC_047647,False,,,0,0,0
Hum_XLOC_047648,True,0.0,,0,0,0
Hum_XLOC_047649,False,,,0,0,0
Hum_XLOC_047650,False,,,0,0,0
Hum_XLOC_047651,False,,,0,0,0
Hum_XLOC_047652,False,,,0,0,0
Hum_XLOC_047653,False,,,0,0,0
Hum_XLOC_047654,False,,,0,0,0
Hum_XLOC_047655,False,,,0,0,0
Hum_XLOC_047656,False,,,0,0,0
Hum_XLOC_047657,False,,,0,0,0
Hum_XLOC_047659,False,,,0,0,0
Hum_XLOC_047660,False,,,0,0,0
Hum_XLOC_047661,False,,,0,0,0
Hum_XLOC_047665,False,,,0,0,0
Hum_XLOC_047667,False,,,0,0,0
Hum_XLOC_047669,False,,,0,0,0
Hum_XLOC_047673,True,0.0,,0,0,0
Hum_XLOC_047675,False,,,0,0,0
Hum_XLOC_047676,False,,,0,0,0
Hum_XLOC_047677,False,,,0,0,0
Hum_XLOC_047678,False,,,0,0,0
Hum_XLOC_047683,True,0.0,,0,0,0
Hum_XLOC_047684,False,,,0,0,0
Hum_XLOC_047686,True,0.0,,0,0,0
Hum_XLOC_047687,True,0.0,,0,0,0
Hum_XLOC_047688,False,,,0,0,0
Hum_XLOC_047689,False,,,0,0,0
Hum_XLOC_047690,False,,,0,0,0
Hum_XLOC_047691,False,,,0,0,0
Hum_XLOC_047693,False,,,0,0,0
Hum_XLOC_047697,False,,,0,0,0
Hum_XLOC_047698,True,0.0,,0,0,0
Hum_XLOC_047705,True,0.0,,0,0,0
Hum_XLOC_047709,False,,,0,0,0
Hum_XLOC_047715,True,0.0,,0,0,0
Hum_XLOC_047716,True,0.0,,0,0,0
Hum_XLOC_047718,False,,,0,0,0
Hum_XLOC_047726,True,0.0,,0,0,0
Hum_XLOC_047727,False,,,0,0,0
Hum_XLOC_047728,False,,,0,0,0
Hum_XLOC_047733,False,,,0,0,0
Hum_XLOC_047734,False,,,0,0,0
Hum_XLOC_047735,False,,,0,0,0
Hum_XLOC_047736,False,,,0,0,0
Hum_XLOC_047738,False,,,0,0,0
Hum_XLOC_047741,False,,,0,0,0
Hum_XLOC_047744,False,,,0,0,0
Hum_XLOC_047745,True,0.0,,0,0,0
Hum_XLOC_047747,False,,,0,0,0
Hum_XLOC_047748,False,,,0,0,0
Hum_XLOC_047749,False,,,0,0,0
Hum_XLOC_047750,False,,,0,0,0
Hum_XLOC_047751,True,0.0,,0,0,0
Hum_XLOC_047752,False,,,0,0,0
Hum_XLOC_047753,False,,,0,0,0
Hum_XLOC_047755,False,,,0,0,0
Hum_XLOC_047759,True,0.0,,0,0,0
Hum_XLOC_047761,True,0.0,,0,0,0
Hum_XLOC_047762,True,0.0,,0,0,0
Hum_XLOC_047763,True,0.0,,0,0,0
Hum_XLOC_047765,False,,,0,0,0
Hum_XLOC_047766,False,,,0,0,0
Hum_XLOC_047767,False,,,0,0,0
Hum_XLOC_047768,False,,,0,0,0
Hum_XLOC_047771,False,,,0,0,0
Hum_XLOC_047779,False,,,0,0,0
Hum_XLOC_047781,False,,,0,0,0
Hum_XLOC_047788,False,,,0,0,0
Hum_XLOC_047790,False,,,0,0,0
Hum_XLOC_047791,False,,,0,0,0
Hum_XLOC_047792,False,,,0,0,0
Hum_XLOC_047793,False,,,0,0,0
Hum_XLOC_047794,True,0.0,,0,0,0
Hum_XLOC_047795,False,,,0,0,0
Hum_XLOC_047796,True,0.0,,0,0,0
Hum_XLOC_047797,True,0.0,,0,0,0
Hum_XLOC_047798,True,0.0,,0,0,0
Hum_XLOC_047801,True,0.0,,0,0,0
Hum_XLOC_047802,False,,,0,0,0
Hum_XLOC_047808,False,,,0,0,0
Hum_XLOC_047809,False,,,0,0,0
Hum_XLOC_047811,False,,,0,0,0
Hum_XLOC_047812,False,,,0,0,0
Hum_XLOC_047813,False,,,0,0,0
Hum_XLOC_047814,False,,,0,0,0
Hum_XLOC_047816,False,,,0,0,0
Hum_XLOC_047817,True,0.0,,0,0,0
Hum_XLOC_047818,True,0.0,,0,0,0
Hum_XLOC_047819,False,,,0,0,0
Hum_XLOC_047820,False,,,0,0,0
Hum_XLOC_047821,True,0.0,,0,0,0
Hum_XLOC_047824,False,,,0,0,0
Hum_XLOC_047825,False,,,0,0,0
Hum_XLOC_047831,False,,,0,0,0
Hum_XLOC_047833,False,,,0,0,0
Hum_XLOC_047834,False,,,0,0,0
Hum_XLOC_047835,True,0.0,,0,0,0
Hum_XLOC_047841,True,0.0,,0,0,0
Hum_XLOC_047842,False,,,0,0,0
Hum_XLOC_047843,False,,,0,0,0
Hum_XLOC_047844,False,,,0,0,0
Hum_XLOC_047845,False,,,0,0,0
Hum_XLOC_047846,False,,,0,0,0
Hum_XLOC_047847,False,,,0,0,0
Hum_XLOC_047850,True,0.0,,0,0,0
Hum_XLOC_047851,False,,,0,0,0
Hum_XLOC_047854,False,,,0,0,0
Hum_XLOC_047855,False,,,0,0,0
Hum_XLOC_047856,False,,,0,0,0
Hum_XLOC_047857,False,,,0,0,0
Hum_XLOC_047858,True,0.0,,0,0,0
Hum_XLOC_047861,False,,,0,0,0
Hum_XLOC_047862,False,,,0,0,0
Hum_XLOC_047863,False,,,0,0,0
Hum_XLOC_047864,False,,,0,0,0
Hum_XLOC_047865,False,,,0,0,0
Hum_XLOC_047866,False,,,0,0,0
Hum_XLOC_047867,False,,,0,0,0
Hum_XLOC_047868,False,,,0,0,0
Hum_XLOC_047869,False,,,0,0,0
Hum_XLOC_047870,False,,,0,0,0
Hum_XLOC_047871,False,,,0,0,0
Hum_XLOC_047872,False,,,0,0,0
Hum_XLOC_047873,False,,,0,0,0
Hum_XLOC_047874,False,,,0,0,0
Hum_XLOC_047876,False,,,0,0,0
Hum_XLOC_047877,False,,,0,0,0
Hum_XLOC_047878,False,,,0,0,0
Hum_XLOC_047879,True,0.0,,0,0,0
Hum_XLOC_047880,False,,,0,0,0
Hum_XLOC_047881,False,,,0,0,0
Hum_XLOC_047882,False,,,0,0,0
Hum_XLOC_047883,True,0.0,,0,0,0
Hum_XLOC_047884,False,,,0,0,0
Hum_XLOC_047885,False,,,0,0,0
Hum_XLOC_047886,False,,,0,0,0
Hum_XLOC_047887,False,,,0,0,0
Hum_XLOC_047888,False,,,0,0,0
Hum_XLOC_047891,False,,,0,0,0
Hum_XLOC_047893,False,,,0,0,0
Hum_XLOC_047895,False,,,0,0,0
Hum_XLOC_047896,False,,,0,0,0
Hum_XLOC_047897,False,,,0,0,0
Hum_XLOC_047898,False,,,0,0,0
Hum_XLOC_047899,False,,,0,0,0
Hum_XLOC_047900,False,,,0,0,0
Hum_XLOC_047901,False,,,0,0,0
Hum_XLOC_047902,False,,,0,0,0
Hum_XLOC_047903,False,,,0,0,0
Hum_XLOC_047904,False,,,0,0,0
Hum_XLOC_047906,False,,,0,0,0
Hum_XLOC_047907,False,,,0,0,0
Hum_XLOC_047908,False,,,0,0,0
Hum_XLOC_047910,False,,,0,0,0
Hum_XLOC_047911,False,,,0,0,0
Hum_XLOC_047912,False,,,0,0,0
Hum_XLOC_047913,False,,,0,0,0
Hum_XLOC_047920,False,,,0,0,0
Hum_XLOC_047921,False,,,0,0,0
Hum_XLOC_047924,True,0.0,,0,0,0
Hum_XLOC_047926,False,,,0,0,0
Hum_XLOC_047927,False,,,0,0,0
Hum_XLOC_047928,False,,,0,0,0
Hum_XLOC_047929,True,0.0,,0,0,0
Hum_XLOC_047930,False,,,0,0,0
Hum_XLOC_047934,True,0.0,,0,0,0
Hum_XLOC_047935,False,,,0,0,0
Hum_XLOC_047936,False,,,0,0,0
Hum_XLOC_047937,False,,,0,0,0
Hum_XLOC_047938,False,,,0,0,0
Hum_XLOC_047939,False,,,0,0,0
Hum_XLOC_047946,False,,,0,0,0
Hum_XLOC_047949,False,,,0,0,0
Hum_XLOC_047952,False,,,0,0,0
Hum_XLOC_047953,False,,,0,0,0
Hum_XLOC_047954,False,,,0,0,0
Hum_XLOC_047956,False,,,0,0,0
Hum_XLOC_047957,False,,,0,0,0
Hum_XLOC_047958,True,0.0,,0,0,0
Hum_XLOC_047959,True,0.0,,0,0,0
Hum_XLOC_047963,False,,,0,0,0
Hum_XLOC_047964,False,,,0,0,0
Hum_XLOC_047966,False,,,0,0,0
Hum_XLOC_047967,False,,,0,0,0
Hum_XLOC_047968,False,,,0,0,0
Hum_XLOC_047969,False,,,0,0,0
Hum_XLOC_047970,False,,,0,0,0
Hum_XLOC_047971,False,,,0,0,0
Hum_XLOC_047972,False,,,0,0,0
Hum_XLOC_047974,True,0.0,,0,0,0
Hum_XLOC_047975,False,,,0,0,0
Hum_XLOC_047976,False,,,0,0,0
Hum_XLOC_047977,True,0.0,,0,0,0
Hum_XLOC_047979,False,,,0,0,0
Hum_XLOC_047982,False,,,0,0,0
Hum_XLOC_047983,False,,,0,0,0
Hum_XLOC_047985,False,,,0,0,0
Hum_XLOC_047986,False,,,0,0,0
Hum_XLOC_047987,False,,,0,0,0
Hum_XLOC_047988,False,,,0,0,0
Hum_XLOC_047989,False,,,0,0,0
Hum_XLOC_047990,False,,,0,0,0
Hum_XLOC_047991,False,,,0,0,0
Hum_XLOC_047994,False,,,0,0,0
Hum_XLOC_047995,False,,,0,0,0
Hum_XLOC_047996,False,,,0,0,0
Hum_XLOC_047997,True,0.0,,0,0,0
Hum_XLOC_047999,False,,,0,0,0
Hum_XLOC_048000,False,,,0,0,0
Hum_XLOC_048002,False,,,0,0,0
Hum_XLOC_048003,False,,,0,0,0
Hum_XLOC_048006,False,,,0,0,0
Hum_XLOC_048007,True,0.0,,0,0,0
Hum_XLOC_048008,False,,,0,0,0
Hum_XLOC_048009,True,0.0,,0,0,0
Hum_XLOC_048010,True,0.0,,0,0,0
Hum_XLOC_048012,False,,,0,0,0
Hum_XLOC_048013,False,,,0,0,0
Hum_XLOC_048021,False,,,0,0,0
Hum_XLOC_048022,False,,,0,0,0
Hum_XLOC_048023,False,,,0,0,0
Hum_XLOC_048024,False,,,0,0,0
Hum_XLOC_048026,False,,,0,0,0
Hum_XLOC_048027,False,,,0,0,0
Hum_XLOC_048029,False,,,0,0,0
Hum_XLOC_048030,False,,,0,0,0
Hum_XLOC_048032,False,,,0,0,0
Hum_XLOC_048033,False,,,0,0,0
Hum_XLOC_048038,False,,,0,0,0
Hum_XLOC_048039,False,,,0,0,0
Hum_XLOC_048040,False,,,0,0,0
Hum_XLOC_048042,False,,,0,0,0
Hum_XLOC_048047,False,,,0,0,0
Hum_XLOC_048048,False,,,0,0,0
Hum_XLOC_048049,False,,,0,0,0
Hum_XLOC_048050,False,,,0,0,0
Hum_XLOC_048052,False,,,0,0,0
Hum_XLOC_048054,False,,,0,0,0
Hum_XLOC_048055,False,,,0,0,0
Hum_XLOC_048056,True,0.0,,0,0,0
Hum_XLOC_048059,False,,,0,0,0
Hum_XLOC_048060,False,,,0,0,0
Hum_XLOC_048064,False,,,0,0,0
Hum_XLOC_048065,True,0.0,,0,0,0
Hum_XLOC_048066,False,,,0,0,0
Hum_XLOC_048067,False,,,0,0,0
Hum_XLOC_048070,False,,,0,0,0
Hum_XLOC_048073,False,,,0,0,0
Hum_XLOC_048074,False,,,0,0,0
Hum_XLOC_048075,False,,,0,0,0
Hum_XLOC_048081,False,,,0,0,0
Hum_XLOC_048083,False,,,0,0,0
Hum_XLOC_048085,False,,,0,0,0
Hum_XLOC_048086,False,,,0,0,0
Hum_XLOC_048087,False,,,0,0,0
Hum_XLOC_048088,False,,,0,0,0
Hum_XLOC_048089,True,0.0,,0,0,0
Hum_XLOC_048091,True,0.0,,0,0,0
Hum_XLOC_048099,False,,,0,0,0
Hum_XLOC_048100,False,,,0,0,0
Hum_XLOC_048103,False,,,0,0,0
Hum_XLOC_048104,False,,,0,0,0
Hum_XLOC_048107,False,,,0,0,0
Hum_XLOC_048108,False,,,0,0,0
Hum_XLOC_048110,False,,,0,0,0
Hum_XLOC_048111,False,,,0,0,0
Hum_XLOC_048112,False,,,0,0,0
Hum_XLOC_048116,False,,,0,0,0
Hum_XLOC_048117,True,0.0,,0,0,0
Hum_XLOC_048118,True,0.0,,0,0,0
Hum_XLOC_048120,False,,,0,0,0
Hum_XLOC_048121,True,0.0,,0,0,0
Hum_XLOC_048123,False,,,0,0,0
Hum_XLOC_048124,False,,,0,0,0
Hum_XLOC_048131,True,0.0,,0,0,0
Hum_XLOC_048132,False,,,0,0,0
Hum_XLOC_048134,False,,,0,0,0
Hum_XLOC_048135,False,,,0,0,0
Hum_XLOC_048136,False,,,0,0,0
Hum_XLOC_048137,False,,,0,0,0
Hum_XLOC_048138,False,,,0,0,0
Hum_XLOC_048139,False,,,0,0,0
Hum_XLOC_048140,False,,,0,0,0
Hum_XLOC_048141,False,,,0,0,0
Hum_XLOC_048142,True,0.0,,0,0,0
Hum_XLOC_048143,False,,,0,0,0
Hum_XLOC_048148,True,0.0,,0,0,0
Hum_XLOC_048149,False,,,0,0,0
Hum_XLOC_048150,True,0.0,,0,0,0
Hum_XLOC_048151,False,,,0,0,0
Hum_XLOC_048155,False,,,0,0,0
Hum_XLOC_048156,False,,,0,0,0
Hum_XLOC_048158,True,0.0,,0,0,0
Hum_XLOC_048160,False,,,0,0,0
Hum_XLOC_048161,True,0.0,,0,0,0
Hum_XLOC_048162,False,,,0,0,0
Hum_XLOC_048163,False,,,0,0,0
Hum_XLOC_048164,False,,,0,0,0
Hum_XLOC_048167,False,,,0,0,0
Hum_XLOC_048168,True,0.0,,0,0,0
Hum_XLOC_048169,False,,,0,0,0
Hum_XLOC_048170,False,,,0,0,0
Hum_XLOC_048172,True,0.0,,0,0,0
Hum_XLOC_048173,False,,,0,0,0
Hum_XLOC_048178,False,,,0,0,0
Hum_XLOC_048182,False,,,0,0,0
Hum_XLOC_048187,False,,,0,0,0
Hum_XLOC_048188,True,0.0,,0,0,0
Hum_XLOC_048193,True,0.0,,0,0,0
Hum_XLOC_048194,False,,,0,0,0
Hum_XLOC_048195,True,0.0,,0,0,0
Hum_XLOC_048196,False,,,0,0,0
Hum_XLOC_048197,False,,,0,0,0
Hum_XLOC_048200,False,,,0,0,0
Hum_XLOC_048201,False,,,0,0,0
Hum_XLOC_048203,True,0.0,,0,0,0
Hum_XLOC_048204,False,,,0,0,0
Hum_XLOC_048205,False,,,0,0,0
Hum_XLOC_048206,True,0.0,,0,0,0
Hum_XLOC_048207,False,,,0,0,0
Hum_XLOC_048208,False,,,0,0,0
Hum_XLOC_048209,False,,,0,0,0
Hum_XLOC_048210,False,,,0,0,0
Hum_XLOC_048211,False,,,0,0,0
Hum_XLOC_048212,False,,,0,0,0
Hum_XLOC_048213,False,,,0,0,0
Hum_XLOC_048214,False,,,0,0,0
Hum_XLOC_048215,False,,,0,0,0
Hum_XLOC_048216,False,,,0,0,0
Hum_XLOC_048217,False,,,0,0,0
Hum_XLOC_048218,False,,,0,0,0
Hum_XLOC_048219,True,0.0,,0,0,0
Hum_XLOC_048220,True,0.0,,0,0,0
Hum_XLOC_048224,True,0.0,,0,0,0
Hum_XLOC_048225,True,0.0,,0,0,0
Hum_XLOC_048226,False,,,0,0,0
Hum_XLOC_048227,False,,,0,0,0
Hum_XLOC_048228,True,0.0,,0,0,0
Hum_XLOC_048229,False,,,0,0,0
Hum_XLOC_048230,False,,,0,0,0
Hum_XLOC_048231,False,,,0,0,0
Hum_XLOC_048232,False,,,0,0,0
Hum_XLOC_048233,False,,,0,0,0
Hum_XLOC_048235,True,0.0,,0,0,0
Hum_XLOC_048236,False,,,0,0,0
Hum_XLOC_048237,False,,,0,0,0
Hum_XLOC_048238,True,0.0,,0,0,0
Hum_XLOC_048243,False,,,0,0,0
Hum_XLOC_048244,False,,,0,0,0
Hum_XLOC_048245,False,,,0,0,0
Hum_XLOC_048246,False,,,0,0,0
Hum_XLOC_048248,False,,,0,0,0
Hum_XLOC_048249,False,,,0,0,0
Hum_XLOC_048250,True,0.0,,0,0,0
Hum_XLOC_048251,False,,,0,0,0
Hum_XLOC_048252,False,,,0,0,0
Hum_XLOC_048253,True,0.0,,0,0,0
Hum_XLOC_048254,True,0.0,,0,0,0
Hum_XLOC_048256,False,,,0,0,0
Hum_XLOC_048258,True,0.0,,0,0,0
Hum_XLOC_048259,False,,,0,0,0
Hum_XLOC_048260,False,,,0,0,0
Hum_XLOC_048261,False,,,0,0,0
Hum_XLOC_048262,False,,,0,0,0
Hum_XLOC_048263,False,,,0,0,0
Hum_XLOC_048264,False,,,0,0,0
Hum_XLOC_048272,False,,,0,0,0
Hum_XLOC_048275,False,,,0,0,0
Hum_XLOC_048276,False,,,0,0,0
Hum_XLOC_048277,False,,,0,0,0
Hum_XLOC_048280,False,,,0,0,0
Hum_XLOC_048283,False,,,0,0,0
Hum_XLOC_048284,False,,,0,0,0
Hum_XLOC_048285,False,,,0,0,0
Hum_XLOC_048286,False,,,0,0,0
Hum_XLOC_048287,False,,,0,0,0
Hum_XLOC_048289,False,,,0,0,0
Hum_XLOC_048290,False,,,0,0,0
Hum_XLOC_048292,False,,,0,0,0
Hum_XLOC_048293,False,,,0,0,0
Hum_XLOC_048294,False,,,0,0,0
Hum_XLOC_048295,True,0.0,,0,0,0
Hum_XLOC_048296,False,,,0,0,0
Hum_XLOC_048299,False,,,0,0,0
Hum_XLOC_048303,True,0.0,,0,0,0
Hum_XLOC_048305,False,,,0,0,0
Hum_XLOC_048307,False,,,0,0,0
Hum_XLOC_048308,False,,,0,0,0
Hum_XLOC_048309,True,0.0,,0,0,0
Hum_XLOC_048310,False,,,0,0,0
Hum_XLOC_048311,False,,,0,0,0
Hum_XLOC_048312,False,,,0,0,0
Hum_XLOC_048313,False,,,0,0,0
Hum_XLOC_048314,False,,,0,0,0
Hum_XLOC_048315,False,,,0,0,0
Hum_XLOC_048316,False,,,0,0,0
Hum_XLOC_048317,False,,,0,0,0
Hum_XLOC_048318,False,,,0,0,0
Hum_XLOC_048319,False,,,0,0,0
Hum_XLOC_048320,False,,,0,0,0
Hum_XLOC_048321,False,,,0,0,0
Hum_XLOC_048322,False,,,0,0,0
Hum_XLOC_048323,False,,,0,0,0
Hum_XLOC_048324,False,,,0,0,0
Hum_XLOC_048325,False,,,0,0,0
Hum_XLOC_048326,False,,,0,0,0
Hum_XLOC_048327,False,,,0,0,0
Hum_XLOC_048328,False,,,0,0,0
Hum_XLOC_048329,False,,,0,0,0
Hum_XLOC_048330,False,,,0,0,0
Hum_XLOC_048333,True,0.0,,0,0,0
Hum_XLOC_048334,False,,,0,0,0
Hum_XLOC_048335,False,,,0,0,0
Hum_XLOC_048336,False,,,0,0,0
Hum_XLOC_048337,False,,,0,0,0
Hum_XLOC_048338,False,,,0,0,0
Hum_XLOC_048339,False,,,0,0,0
Hum_XLOC_048341,False,,,0,0,0
Hum_XLOC_048342,False,,,0,0,0
Hum_XLOC_048344,False,,,0,0,0
Hum_XLOC_048349,False,,,0,0,0
Hum_XLOC_048355,False,,,0,0,0
Hum_XLOC_048356,False,,,0,0,0
Hum_XLOC_048357,False,,,0,0,0
Hum_XLOC_048358,False,,,0,0,0
Hum_XLOC_048360,False,,,0,0,0
Hum_XLOC_048361,False,,,0,0,0
Hum_XLOC_048362,False,,,0,0,0
Hum_XLOC_048363,False,,,0,0,0
Hum_XLOC_048364,False,,,0,0,0
Hum_XLOC_048365,False,,,0,0,0
Hum_XLOC_048366,False,,,0,0,0
Hum_XLOC_048367,False,,,0,0,0
Hum_XLOC_048368,False,,,0,0,0
Hum_XLOC_048369,False,,,0,0,0
Hum_XLOC_048370,False,,,0,0,0
Hum_XLOC_048371,False,,,0,0,0
Hum_XLOC_048375,True,0.0,,0,0,0
Hum_XLOC_048376,False,,,0,0,0
Hum_XLOC_048378,False,,,0,0,0
Hum_XLOC_048380,False,,,0,0,0
Hum_XLOC_048385,True,0.0,,0,0,0
Hum_XLOC_048386,False,,,0,0,0
Hum_XLOC_048387,False,,,0,0,0
Hum_XLOC_048388,False,,,0,0,0
Hum_XLOC_048390,False,,,0,0,0
Hum_XLOC_048394,False,,,0,0,0
Hum_XLOC_048395,False,,,0,0,0
Hum_XLOC_048399,True,0.0,,0,0,0
Hum_XLOC_048400,True,0.0,,0,0,0
Hum_XLOC_048401,False,,,0,0,0
Hum_XLOC_048403,False,,,0,0,0
Hum_XLOC_048404,False,,,0,0,0
Hum_XLOC_048406,False,,,0,0,0
Hum_XLOC_048407,False,,,0,0,0
Hum_XLOC_048408,False,,,0,0,0
Hum_XLOC_048409,False,,,0,0,0
Hum_XLOC_048410,True,0.0,,0,0,0
Hum_XLOC_048411,False,,,0,0,0
Hum_XLOC_048412,False,,,0,0,0
Hum_XLOC_048413,False,,,0,0,0
Hum_XLOC_048415,False,,,0,0,0
Hum_XLOC_048416,False,,,0,0,0
Hum_XLOC_048417,False,,,0,0,0
Hum_XLOC_048418,False,,,0,0,0
Hum_XLOC_048419,True,0.0,,0,0,0
Hum_XLOC_048420,False,,,0,0,0
Hum_XLOC_048422,False,,,0,0,0
Hum_XLOC_048423,False,,,0,0,0
Hum_XLOC_048424,False,,,0,0,0
Hum_XLOC_048425,False,,,0,0,0
Hum_XLOC_048426,False,,,0,0,0
Hum_XLOC_048427,False,,,0,0,0
Hum_XLOC_048429,False,,,0,0,0
Hum_XLOC_048430,False,,,0,0,0
Hum_XLOC_048431,False,,,0,0,0
Hum_XLOC_048432,False,,,0,0,0
Hum_XLOC_048433,False,,,0,0,0
Hum_XLOC_048437,False,,,0,0,0
Hum_XLOC_048438,False,,,0,0,0
Hum_XLOC_048442,False,,,0,0,0
Hum_XLOC_048443,True,0.0,,0,0,0
Hum_XLOC_048444,False,,,0,0,0
Hum_XLOC_048445,False,,,0,0,0
Hum_XLOC_048446,False,,,0,0,0
Hum_XLOC_048448,True,0.0,,0,0,0
Hum_XLOC_048451,False,,,0,0,0
Hum_XLOC_048452,False,,,0,0,0
Hum_XLOC_048453,False,,,0,0,0
Hum_XLOC_048454,False,,,0,0,0
Hum_XLOC_048455,True,0.0,,0,0,0
Hum_XLOC_048456,False,,,0,0,0
Hum_XLOC_048458,False,,,0,0,0
Hum_XLOC_048459,False,,,0,0,0
Hum_XLOC_048462,False,,,0,0,0
Hum_XLOC_048463,False,,,0,0,0
Hum_XLOC_048464,False,,,0,0,0
Hum_XLOC_048466,False,,,0,0,0
Hum_XLOC_048467,False,,,0,0,0
Hum_XLOC_048468,False,,,0,0,0
Hum_XLOC_048469,False,,,0,0,0
Hum_XLOC_048470,False,,,0,0,0
Hum_XLOC_048471,False,,,0,0,0
Hum_XLOC_048472,False,,,0,0,0
Hum_XLOC_048473,True,0.0,,0,0,0
Hum_XLOC_048474,False,,,0,0,0
Hum_XLOC_048475,True,0.0,,0,0,0
Hum_XLOC_048476,False,,,0,0,0
Hum_XLOC_048477,False,,,0,0,0
Hum_XLOC_048478,False,,,0,0,0
Hum_XLOC_048479,False,,,0,0,0
Hum_XLOC_048480,True,0.0,,0,0,0
Hum_XLOC_048481,False,,,0,0,0
Hum_XLOC_048486,False,,,0,0,0
Hum_XLOC_048487,False,,,0,0,0
Hum_XLOC_048495,False,,,0,0,0
Hum_XLOC_048496,False,,,0,0,0
Hum_XLOC_048497,False,,,0,0,0
Hum_XLOC_048501,False,,,0,0,0
Hum_XLOC_048502,True,0.0,,0,0,0
Hum_XLOC_048505,True,0.0,,0,0,0
Hum_XLOC_048506,True,0.0,,0,0,0
Hum_XLOC_048508,False,,,0,0,0
Hum_XLOC_048509,False,,,0,0,0
Hum_XLOC_048515,False,,,0,0,0
Hum_XLOC_048517,False,,,0,0,0
Hum_XLOC_048518,False,,,0,0,0
Hum_XLOC_048519,False,,,0,0,0
Hum_XLOC_048520,True,0.0,,0,0,0
Hum_XLOC_048523,False,,,0,0,0
Hum_XLOC_048524,True,0.0,,0,0,0
Hum_XLOC_048525,False,,,0,0,0
Hum_XLOC_048526,False,,,0,0,0
Hum_XLOC_048527,False,,,0,0,0
Hum_XLOC_048531,False,,,0,0,0
Hum_XLOC_048532,False,,,0,0,0
Hum_XLOC_048533,False,,,0,0,0
Hum_XLOC_048534,True,0.0,,0,0,0
Hum_XLOC_048535,False,,,0,0,0
Hum_XLOC_048538,False,,,0,0,0
Hum_XLOC_048539,True,0.0,,0,0,0
Hum_XLOC_048541,True,0.0,,0,0,0
Hum_XLOC_048544,False,,,0,0,0
Hum_XLOC_048546,False,,,0,0,0
Hum_XLOC_048553,False,,,0,0,0
Hum_XLOC_048554,False,,,0,0,0
Hum_XLOC_048555,False,,,0,0,0
Hum_XLOC_048556,False,,,0,0,0
Hum_XLOC_048557,False,,,0,0,0
Hum_XLOC_048558,False,,,0,0,0
Hum_XLOC_048560,False,,,0,0,0
Hum_XLOC_048561,False,,,0,0,0
Hum_XLOC_048562,False,,,0,0,0
Hum_XLOC_048563,False,,,0,0,0
Hum_XLOC_048564,False,,,0,0,0
Hum_XLOC_048565,False,,,0,0,0
Hum_XLOC_048566,False,,,0,0,0
Hum_XLOC_048567,False,,,0,0,0
Hum_XLOC_048570,False,,,0,0,0
Hum_XLOC_048571,False,,,0,0,0
Hum_XLOC_048574,False,,,0,0,0
Hum_XLOC_048576,False,,,0,0,0
Hum_XLOC_048577,False,,,0,0,0
Hum_XLOC_048578,True,0.0,,0,0,0
Hum_XLOC_048580,True,0.0,,0,0,0
Hum_XLOC_048581,False,,,0,0,0
Hum_XLOC_048582,False,,,0,0,0
Hum_XLOC_048583,False,,,0,0,0
Hum_XLOC_048584,False,,,0,0,0
Hum_XLOC_048593,True,0.0,,0,0,0
Hum_XLOC_048594,False,,,0,0,0
Hum_XLOC_048595,False,,,0,0,0
Hum_XLOC_048596,False,,,0,0,0
Hum_XLOC_048598,False,,,0,0,0
Hum_XLOC_048599,False,,,0,0,0
Hum_XLOC_048600,False,,,0,0,0
Hum_XLOC_048601,False,,,0,0,0
Hum_XLOC_048602,False,,,0,0,0
Hum_XLOC_048603,False,,,0,0,0
Hum_XLOC_048604,False,,,0,0,0
Hum_XLOC_048605,False,,,0,0,0
Hum_XLOC_048608,False,,,0,0,0
Hum_XLOC_048609,False,,,0,0,0
Hum_XLOC_048610,False,,,0,0,0
Hum_XLOC_048611,False,,,0,0,0
Hum_XLOC_048612,False,,,0,0,0
Hum_XLOC_048613,False,,,0,0,0
Hum_XLOC_048614,False,,,0,0,0
Hum_XLOC_048615,False,,,0,0,0
Hum_XLOC_048616,False,,,0,0,0
Hum_XLOC_048617,False,,,0,0,0
Hum_XLOC_048618,False,,,0,0,0
Hum_XLOC_048620,False,,,0,0,0
Hum_XLOC_048621,False,,,0,0,0
Hum_XLOC_048622,False,,,0,0,0
Hum_XLOC_048623,False,,,0,0,0
Hum_XLOC_048624,False,,,0,0,0
Hum_XLOC_048626,True,0.0,,0,0,0
Hum_XLOC_048631,False,,,0,0,0
Hum_XLOC_048632,False,,,0,0,0
Hum_XLOC_048634,False,,,0,0,0
Hum_XLOC_048639,False,,,0,0,0
Hum_XLOC_048640,False,,,0,0,0
Hum_XLOC_048641,False,,,0,0,0
Hum_XLOC_048642,False,,,0,0,0
Hum_XLOC_048649,False,,,0,0,0
Hum_XLOC_048652,False,,,0,0,0
Hum_XLOC_048653,False,,,0,0,0
Hum_XLOC_048656,False,,,0,0,0
Hum_XLOC_048658,False,,,0,0,0
Hum_XLOC_048659,False,,,0,0,0
Hum_XLOC_048660,False,,,0,0,0
Hum_XLOC_048661,False,,,0,0,0
Hum_XLOC_048662,False,,,0,0,0
Hum_XLOC_048665,False,,,0,0,0
Hum_XLOC_048667,True,0.0,,0,0,0
Hum_XLOC_048668,True,0.0,,0,0,0
Hum_XLOC_048669,False,,,0,0,0
Hum_XLOC_048670,False,,,0,0,0
Hum_XLOC_048671,False,,,0,0,0
Hum_XLOC_048673,True,0.0,,0,0,0
Hum_XLOC_048674,False,,,0,0,0
Hum_XLOC_048678,False,,,0,0,0
Hum_XLOC_048680,False,,,0,0,0
Hum_XLOC_048682,False,,,0,0,0
Hum_XLOC_048683,False,,,0,0,0
Hum_XLOC_048687,True,0.0,,0,0,0
Hum_XLOC_048690,False,,,0,0,0
Hum_XLOC_048691,False,,,0,0,0
Hum_XLOC_048692,False,,,0,0,0
Hum_XLOC_048694,False,,,0,0,0
Hum_XLOC_048695,False,,,0,0,0
Hum_XLOC_048696,False,,,0,0,0
Hum_XLOC_048697,False,,,0,0,0
Hum_XLOC_048698,False,,,0,0,0
Hum_XLOC_048699,False,,,0,0,0
Hum_XLOC_048700,True,0.0,,0,0,0
Hum_XLOC_048701,False,,,0,0,0
Hum_XLOC_048702,False,,,0,0,0
Hum_XLOC_048703,False,,,0,0,0
Hum_XLOC_048704,False,,,0,0,0
Hum_XLOC_048705,False,,,0,0,0
Hum_XLOC_048706,True,0.0,,0,0,0
Hum_XLOC_048708,False,,,0,0,0
Hum_XLOC_048709,False,,,0,0,0
Hum_XLOC_048710,False,,,0,0,0
Hum_XLOC_048711,False,,,0,0,0
Hum_XLOC_048714,True,0.0,,0,0,0
Hum_XLOC_048715,False,,,0,0,0
Hum_XLOC_048716,True,0.0,,0,0,0
Hum_XLOC_048717,False,,,0,0,0
Hum_XLOC_048718,False,,,0,0,0
Hum_XLOC_048721,True,0.0,,0,0,0
Hum_XLOC_048722,True,0.0,,0,0,0
Hum_XLOC_048723,False,,,0,0,0
Hum_XLOC_048724,False,,,0,0,0
Hum_XLOC_048725,False,,,0,0,0
Hum_XLOC_048726,False,,,0,0,0
Hum_XLOC_048731,False,,,0,0,0
Hum_XLOC_048732,False,,,0,0,0
Hum_XLOC_048733,False,,,0,0,0
Hum_XLOC_048734,False,,,0,0,0
Hum_XLOC_048735,False,,,0,0,0
Hum_XLOC_048736,True,0.0,,0,0,0
Hum_XLOC_048737,True,0.0,,0,0,0
Hum_XLOC_048738,False,,,0,0,0
Hum_XLOC_048739,True,0.0,,0,0,0
Hum_XLOC_048740,False,,,0,0,0
Hum_XLOC_048741,False,,,0,0,0
Hum_XLOC_048742,False,,,0,0,0
Hum_XLOC_048743,False,,,0,0,0
Hum_XLOC_048744,True,0.0,,0,0,0
Hum_XLOC_048746,False,,,0,0,0
Hum_XLOC_048747,False,,,0,0,0
Hum_XLOC_048748,False,,,0,0,0
Hum_XLOC_048749,False,,,0,0,0
Hum_XLOC_048751,False,,,0,0,0
Hum_XLOC_048753,True,0.0,,0,0,0
Hum_XLOC_048754,True,0.0,,0,0,0
Hum_XLOC_048756,False,,,0,0,0
Hum_XLOC_048757,False,,,0,0,0
Hum_XLOC_048760,False,,,0,0,0
Hum_XLOC_048761,False,,,0,0,0
Hum_XLOC_048762,False,,,0,0,0
Hum_XLOC_048763,False,,,0,0,0
Hum_XLOC_048771,False,,,0,0,0
Hum_XLOC_048772,False,,,0,0,0
Hum_XLOC_048774,False,,,0,0,0
Hum_XLOC_048775,False,,,0,0,0
Hum_XLOC_048776,True,0.0,,0,0,0
Hum_XLOC_048777,False,,,0,0,0
Hum_XLOC_048778,False,,,0,0,0
Hum_XLOC_048779,False,,,0,0,0
Hum_XLOC_048780,False,,,0,0,0
Hum_XLOC_048781,True,0.0,,0,0,0
Hum_XLOC_048782,False,,,0,0,0
Hum_XLOC_048783,True,0.0,,0,0,0
Hum_XLOC_048784,True,0.0,,0,0,0
Hum_XLOC_048785,False,,,0,0,0
Hum_XLOC_048786,False,,,0,0,0
Hum_XLOC_048787,False,,,0,0,0
Hum_XLOC_048788,False,,,0,0,0
Hum_XLOC_048789,True,0.0,,0,0,0
Hum_XLOC_048792,False,,,0,0,0
Hum_XLOC_048794,False,,,0,0,0
Hum_XLOC_048795,False,,,0,0,0
Hum_XLOC_048797,False,,,0,0,0
Hum_XLOC_048798,True,0.0,,0,0,0
Hum_XLOC_048799,False,,,0,0,0
Hum_XLOC_048800,False,,,0,0,0
Hum_XLOC_048802,False,,,0,0,0
Hum_XLOC_048805,False,,,0,0,0
Hum_XLOC_048806,False,,,0,0,0
Hum_XLOC_048807,False,,,0,0,0
Hum_XLOC_048809,False,,,0,0,0
Hum_XLOC_048810,False,,,0,0,0
Hum_XLOC_048811,False,,,0,0,0
Hum_XLOC_048815,False,,,0,0,0
Hum_XLOC_048816,True,0.0,,0,0,0
Hum_XLOC_048817,True,0.0,,0,0,0
Hum_XLOC_048818,False,,,0,0,0
Hum_XLOC_048819,False,,,0,0,0
Hum_XLOC_048820,False,,,0,0,0
Hum_XLOC_048825,False,,,0,0,0
Hum_XLOC_048826,False,,,0,0,0
Hum_XLOC_048827,False,,,0,0,0
Hum_XLOC_048829,False,,,0,0,0
Hum_XLOC_048830,False,,,0,0,0
Hum_XLOC_048831,False,,,0,0,0
Hum_XLOC_048832,False,,,0,0,0
Hum_XLOC_048833,False,,,0,0,0
Hum_XLOC_048834,False,,,0,0,0
Hum_XLOC_048835,False,,,0,0,0
Hum_XLOC_048836,False,,,0,0,0
Hum_XLOC_048837,False,,,0,0,0
Hum_XLOC_048838,False,,,0,0,0
Hum_XLOC_048839,False,,,0,0,0
Hum_XLOC_048840,True,0.0,,0,0,0
Hum_XLOC_048842,True,0.0,,0,0,0
Hum_XLOC_048843,False,,,0,0,0
Hum_XLOC_048844,False,,,0,0,0
Hum_XLOC_048845,False,,,0,0,0
Hum_XLOC_048846,False,,,0,0,0
Hum_XLOC_048847,False,,,0,0,0
Hum_XLOC_048848,False,,,0,0,0
Hum_XLOC_048851,False,,,0,0,0
Hum_XLOC_048852,False,,,0,0,0
Hum_XLOC_048853,False,,,0,0,0
Hum_XLOC_048856,False,,,0,0,0
Hum_XLOC_048857,False,,,0,0,0
Hum_XLOC_048859,True,0.0,,0,0,0
Hum_XLOC_048863,False,,,0,0,0
Hum_XLOC_048867,False,,,0,0,0
Hum_XLOC_048868,True,0.0,,0,0,0
Hum_XLOC_048869,False,,,0,0,0
Hum_XLOC_048870,False,,,0,0,0
Hum_XLOC_048871,False,,,0,0,0
Hum_XLOC_048875,False,,,0,0,0
Hum_XLOC_048876,False,,,0,0,0
Hum_XLOC_048877,False,,,0,0,0
Hum_XLOC_048879,False,,,0,0,0
Hum_XLOC_048880,False,,,0,0,0
Hum_XLOC_048881,False,,,0,0,0
Hum_XLOC_048882,False,,,0,0,0
Hum_XLOC_048883,False,,,0,0,0
Hum_XLOC_048884,False,,,0,0,0
Hum_XLOC_048888,False,,,0,0,0
Hum_XLOC_048889,False,,,0,0,0
Hum_XLOC_048890,False,,,0,0,0
Hum_XLOC_048891,True,0.0,,0,0,0
Hum_XLOC_048892,False,,,0,0,0
Hum_XLOC_048893,False,,,0,0,0
Hum_XLOC_048896,False,,,0,0,0
Hum_XLOC_048897,False,,,0,0,0
Hum_XLOC_048898,False,,,0,0,0
Hum_XLOC_048899,False,,,0,0,0
Hum_XLOC_048903,True,0.0,,0,0,0
Hum_XLOC_048905,False,,,0,0,0
Hum_XLOC_048906,True,0.0,,0,0,0
Hum_XLOC_048908,False,,,0,0,0
Hum_XLOC_048909,True,0.0,,0,0,0
Hum_XLOC_048910,False,,,0,0,0
Hum_XLOC_048911,False,,,0,0,0
Hum_XLOC_048913,False,,,0,0,0
Hum_XLOC_048915,False,,,0,0,0
Hum_XLOC_048916,False,,,0,0,0
Hum_XLOC_048926,False,,,0,0,0
Hum_XLOC_048928,False,,,0,0,0
Hum_XLOC_048929,False,,,0,0,0
Hum_XLOC_048930,False,,,0,0,0
Hum_XLOC_048931,False,,,0,0,0
Hum_XLOC_048932,False,,,0,0,0
Hum_XLOC_048935,True,0.0,,0,0,0
Hum_XLOC_048936,False,,,0,0,0
Hum_XLOC_048937,False,,,0,0,0
Hum_XLOC_048938,False,,,0,0,0
Hum_XLOC_048941,True,0.0,,0,0,0
Hum_XLOC_048942,True,0.0,,0,0,0
Hum_XLOC_048943,False,,,0,0,0
Hum_XLOC_048945,True,0.0,,0,0,0
Hum_XLOC_048946,False,,,0,0,0
Hum_XLOC_048947,False,,,0,0,0
Hum_XLOC_048948,False,,,0,0,0
Hum_XLOC_048949,False,,,0,0,0
Hum_XLOC_048950,False,,,0,0,0
Hum_XLOC_048952,False,,,0,0,0
Hum_XLOC_048953,False,,,0,0,0
Hum_XLOC_048954,False,,,0,0,0
Hum_XLOC_048955,False,,,0,0,0
Hum_XLOC_048956,False,,,0,0,0
Hum_XLOC_048957,True,0.0,,0,0,0
Hum_XLOC_048959,False,,,0,0,0
Hum_XLOC_048960,False,,,0,0,0
Hum_XLOC_048961,False,,,0,0,0
Hum_XLOC_048962,False,,,0,0,0
Hum_XLOC_048963,False,,,0,0,0
Hum_XLOC_048965,True,0.0,,0,0,0
Hum_XLOC_048966,True,0.0,,0,0,0
Hum_XLOC_048967,False,,,0,0,0
Hum_XLOC_048969,False,,,0,0,0
Hum_XLOC_048970,False,,,0,0,0
Hum_XLOC_048971,False,,,0,0,0
Hum_XLOC_048972,False,,,0,0,0
Hum_XLOC_048973,False,,,0,0,0
Hum_XLOC_048974,False,,,0,0,0
Hum_XLOC_048975,False,,,0,0,0
Hum_XLOC_048976,False,,,0,0,0
Hum_XLOC_048977,False,,,0,0,0
Hum_XLOC_048978,True,0.0,,0,0,0
Hum_XLOC_048987,False,,,0,0,0
Hum_XLOC_048988,True,0.0,,0,0,0
Hum_XLOC_048990,False,,,0,0,0
Hum_XLOC_048997,False,,,0,0,0
Hum_XLOC_048998,False,,,0,0,0
Hum_XLOC_048999,True,0.0,,0,0,0
Hum_XLOC_049000,True,0.0,,0,0,0
Hum_XLOC_049001,False,,,0,0,0
Hum_XLOC_049002,False,,,0,0,0
Hum_XLOC_049006,True,0.0,,0,0,0
Hum_XLOC_049007,True,0.0,,0,0,0
Hum_XLOC_049008,False,,,0,0,0
Hum_XLOC_049009,True,0.0,,0,0,0
Hum_XLOC_049011,False,,,0,0,0
Hum_XLOC_049012,False,,,0,0,0
Hum_XLOC_049013,False,,,0,0,0
Hum_XLOC_049018,False,,,0,0,0
Hum_XLOC_049019,False,,,0,0,0
Hum_XLOC_049020,False,,,0,0,0
Hum_XLOC_049021,False,,,0,0,0
Hum_XLOC_049022,False,,,0,0,0
Hum_XLOC_049023,False,,,0,0,0
Hum_XLOC_049024,True,0.0,,0,0,0
Hum_XLOC_049025,False,,,0,0,0
Hum_XLOC_049026,False,,,0,0,0
Hum_XLOC_049027,False,,,0,0,0
Hum_XLOC_049028,True,0.0,,0,0,0
Hum_XLOC_049030,False,,,0,0,0
Hum_XLOC_049031,False,,,0,0,0
Hum_XLOC_049032,False,,,0,0,0
Hum_XLOC_049033,False,,,0,0,0
Hum_XLOC_049034,False,,,0,0,0
Hum_XLOC_049037,True,0.0,,0,0,0
Hum_XLOC_049039,False,,,0,0,0
Hum_XLOC_049040,True,0.0,,0,0,0
Hum_XLOC_049041,False,,,0,0,0
Hum_XLOC_049042,False,,,0,0,0
Hum_XLOC_049043,True,0.0,,0,0,0
Hum_XLOC_049056,False,,,0,0,0
Hum_XLOC_049057,False,,,0,0,0
Hum_XLOC_049058,False,,,0,0,0
Hum_XLOC_049059,False,,,0,0,0
Hum_XLOC_049060,False,,,0,0,0
Hum_XLOC_049061,False,,,0,0,0
Hum_XLOC_049062,True,0.0,,0,0,0
Hum_XLOC_049063,True,0.0,,0,0,0
Hum_XLOC_049064,True,0.0,,0,0,0
Hum_XLOC_049066,False,,,0,0,0
Hum_XLOC_049069,False,,,0,0,0
Hum_XLOC_049070,False,,,0,0,0
Hum_XLOC_049071,False,,,0,0,0
Hum_XLOC_049075,True,0.0,,0,0,0
Hum_XLOC_049078,False,,,0,0,0
Hum_XLOC_049079,False,,,0,0,0
Hum_XLOC_049080,False,,,0,0,0
Hum_XLOC_049082,False,,,0,0,0
Hum_XLOC_049084,True,0.0,,0,0,0
Hum_XLOC_049085,False,,,0,0,0
Hum_XLOC_049086,False,,,0,0,0
Hum_XLOC_049088,False,,,0,0,0
Hum_XLOC_049089,False,,,0,0,0
Hum_XLOC_049090,False,,,0,0,0
Hum_XLOC_049091,False,,,0,0,0
Hum_XLOC_049094,True,0.0,,0,0,0
Hum_XLOC_049095,False,,,0,0,0
Hum_XLOC_049096,False,,,0,0,0
Hum_XLOC_049097,False,,,0,0,0
Hum_XLOC_049098,False,,,0,0,0
Hum_XLOC_049099,True,0.0,,0,0,0
Hum_XLOC_049101,False,,,0,0,0
Hum_XLOC_049102,True,0.0,,0,0,0
Hum_XLOC_049103,False,,,0,0,0
Hum_XLOC_049104,False,,,0,0,0
Hum_XLOC_049105,False,,,0,0,0
Hum_XLOC_049106,True,0.0,,0,0,0
Hum_XLOC_049107,False,,,0,0,0
Hum_XLOC_049108,False,,,0,0,0
Hum_XLOC_049109,True,0.0,,0,0,0
Hum_XLOC_049110,False,,,0,0,0
Hum_XLOC_049111,False,,,0,0,0
Hum_XLOC_049112,False,,,0,0,0
Hum_XLOC_049114,False,,,0,0,0
Hum_XLOC_049117,False,,,0,0,0
Hum_XLOC_049118,False,,,0,0,0
Hum_XLOC_049119,False,,,0,0,0
Hum_XLOC_049120,True,0.0,,0,0,0
Hum_XLOC_049121,False,,,0,0,0
Hum_XLOC_049122,False,,,0,0,0
Hum_XLOC_049123,False,,,0,0,0
Hum_XLOC_049124,False,,,0,0,0
Hum_XLOC_049127,True,0.0,,0,0,0
Hum_XLOC_049128,False,,,0,0,0
Hum_XLOC_049129,True,0.0,,0,0,0
Hum_XLOC_049133,False,,,0,0,0
Hum_XLOC_049135,False,,,0,0,0
Hum_XLOC_049137,False,,,0,0,0
Hum_XLOC_049141,False,,,0,0,0
Hum_XLOC_049146,False,,,0,0,0
Hum_XLOC_049147,False,,,0,0,0
Hum_XLOC_049152,False,,,0,0,0
Hum_XLOC_049153,False,,,0,0,0
Hum_XLOC_049154,False,,,0,0,0
Hum_XLOC_049155,False,,,0,0,0
Hum_XLOC_049158,False,,,0,0,0
Hum_XLOC_049159,False,,,0,0,0
Hum_XLOC_049160,False,,,0,0,0
Hum_XLOC_049161,False,,,0,0,0
Hum_XLOC_049162,False,,,0,0,0
Hum_XLOC_049163,False,,,0,0,0
Hum_XLOC_049170,False,,,0,0,0
Hum_XLOC_049171,False,,,0,0,0
Hum_XLOC_049172,False,,,0,0,0
Hum_XLOC_049173,False,,,0,0,0
Hum_XLOC_049174,False,,,0,0,0
Hum_XLOC_049175,False,,,0,0,0
Hum_XLOC_049176,False,,,0,0,0
Hum_XLOC_049177,False,,,0,0,0
Hum_XLOC_049178,False,,,0,0,0
Hum_XLOC_049179,True,0.0,,0,0,0
Hum_XLOC_049180,True,0.0,,0,0,0
Hum_XLOC_049181,False,,,0,0,0
Hum_XLOC_049182,False,,,0,0,0
Hum_XLOC_049183,False,,,0,0,0
Hum_XLOC_049184,False,,,0,0,0
Hum_XLOC_049185,False,,,0,0,0
Hum_XLOC_049186,False,,,0,0,0
Hum_XLOC_049187,False,,,0,0,0
Hum_XLOC_049188,False,,,0,0,0
Hum_XLOC_049189,False,,,0,0,0
Hum_XLOC_049190,False,,,0,0,0
Hum_XLOC_049191,False,,,0,0,0
Hum_XLOC_049193,True,0.0,,0,0,0
Hum_XLOC_049194,False,,,0,0,0
Hum_XLOC_049195,True,0.0,,0,0,0
Hum_XLOC_049196,False,,,0,0,0
Hum_XLOC_049198,True,0.0,,0,0,0
Hum_XLOC_049201,False,,,0,0,0
Hum_XLOC_049203,False,,,0,0,0
Hum_XLOC_049204,False,,,0,0,0
Hum_XLOC_049205,False,,,0,0,0
Hum_XLOC_049207,True,0.0,,0,0,0
Hum_XLOC_049213,False,,,0,0,0
Hum_XLOC_049214,False,,,0,0,0
Hum_XLOC_049215,False,,,0,0,0
Hum_XLOC_049216,False,,,0,0,0
Hum_XLOC_049222,False,,,0,0,0
Hum_XLOC_049223,False,,,0,0,0
Hum_XLOC_049224,False,,,0,0,0
Hum_XLOC_049225,False,,,0,0,0
Hum_XLOC_049226,False,,,0,0,0
Hum_XLOC_049227,False,,,0,0,0
Hum_XLOC_049228,True,0.0,,0,0,0
Hum_XLOC_049229,True,0.0,,0,0,0
Hum_XLOC_049230,False,,,0,0,0
Hum_XLOC_049235,True,0.0,,0,0,0
Hum_XLOC_049237,False,,,0,0,0
Hum_XLOC_049238,False,,,0,0,0
Hum_XLOC_049242,False,,,0,0,0
Hum_XLOC_049245,False,,,0,0,0
Hum_XLOC_049250,False,,,0,0,0
Hum_XLOC_049251,False,,,0,0,0
Hum_XLOC_049252,True,0.0,,0,0,0
Hum_XLOC_049254,False,,,0,0,0
Hum_XLOC_049256,False,,,0,0,0
Hum_XLOC_049257,False,,,0,0,0
Hum_XLOC_049258,False,,,0,0,0
Hum_XLOC_049259,False,,,0,0,0
Hum_XLOC_049262,False,,,0,0,0
Hum_XLOC_049263,False,,,0,0,0
Hum_XLOC_049264,False,,,0,0,0
Hum_XLOC_049265,False,,,0,0,0
Hum_XLOC_049266,False,,,0,0,0
Hum_XLOC_049267,False,,,0,0,0
Hum_XLOC_049268,False,,,0,0,0
Hum_XLOC_049269,True,0.0,,0,0,0
Hum_XLOC_049270,True,0.0,,0,0,0
Hum_XLOC_049275,True,0.0,,0,0,0
Hum_XLOC_049276,False,,,0,0,0
Hum_XLOC_049277,False,,,0,0,0
Hum_XLOC_049278,False,,,0,0,0
Hum_XLOC_049279,False,,,0,0,0
Hum_XLOC_049280,False,,,0,0,0
Hum_XLOC_049281,False,,,0,0,0
Hum_XLOC_049282,False,,,0,0,0
Hum_XLOC_049283,False,,,0,0,0
Hum_XLOC_049284,False,,,0,0,0
Hum_XLOC_049285,False,,,0,0,0
Hum_XLOC_049286,False,,,0,0,0
Hum_XLOC_049287,False,,,0,0,0
Hum_XLOC_049288,False,,,0,0,0
Hum_XLOC_049289,False,,,0,0,0
Hum_XLOC_049290,True,0.0,,0,0,0
Hum_XLOC_049291,True,0.0,,0,0,0
Hum_XLOC_049293,True,0.0,,0,0,0
Hum_XLOC_049294,False,,,0,0,0
Hum_XLOC_049295,False,,,0,0,0
Hum_XLOC_049296,False,,,0,0,0
Hum_XLOC_049297,False,,,0,0,0
Hum_XLOC_049298,True,0.0,,0,0,0
Hum_XLOC_049299,False,,,0,0,0
Hum_XLOC_049301,False,,,0,0,0
Hum_XLOC_049308,False,,,0,0,0
Hum_XLOC_049310,False,,,0,0,0
Hum_XLOC_049311,False,,,0,0,0
Hum_XLOC_049312,False,,,0,0,0
Hum_XLOC_049313,False,,,0,0,0
Hum_XLOC_049314,False,,,0,0,0
Hum_XLOC_049315,False,,,0,0,0
Hum_XLOC_049316,False,,,0,0,0
Hum_XLOC_049317,True,0.0,,0,0,0
Hum_XLOC_049318,False,,,0,0,0
Hum_XLOC_049319,False,,,0,0,0
Hum_XLOC_049321,False,,,0,0,0
Hum_XLOC_049322,False,,,0,0,0
Hum_XLOC_049323,False,,,0,0,0
Hum_XLOC_049324,False,,,0,0,0
Hum_XLOC_049325,False,,,0,0,0
Hum_XLOC_049326,False,,,0,0,0
Hum_XLOC_049327,False,,,0,0,0
Hum_XLOC_049328,False,,,0,0,0
Hum_XLOC_049329,False,,,0,0,0
Hum_XLOC_049330,False,,,0,0,0
Hum_XLOC_049331,False,,,0,0,0
Hum_XLOC_049332,False,,,0,0,0
Hum_XLOC_049333,False,,,0,0,0
Hum_XLOC_049334,False,,,0,0,0
Hum_XLOC_049335,False,,,0,0,0
Hum_XLOC_049336,False,,,0,0,0
Hum_XLOC_049337,False,,,0,0,0
Hum_XLOC_049338,False,,,0,0,0
Hum_XLOC_049339,False,,,0,0,0
Hum_XLOC_049340,True,0.0,,0,0,0
Hum_XLOC_049341,False,,,0,0,0
Hum_XLOC_049342,False,,,0,0,0
Hum_XLOC_049343,False,,,0,0,0
Hum_XLOC_049344,False,,,0,0,0
Hum_XLOC_049345,True,0.0,,0,0,0
Hum_XLOC_049347,True,0.0,,0,0,0
Hum_XLOC_049348,False,,,0,0,0
Hum_XLOC_049349,False,,,0,0,0
Hum_XLOC_049352,False,,,0,0,0
Hum_XLOC_049353,False,,,0,0,0
Hum_XLOC_049354,False,,,0,0,0
Hum_XLOC_049355,False,,,0,0,0
Hum_XLOC_049360,True,0.0,,0,0,0
Hum_XLOC_049362,False,,,0,0,0
Hum_XLOC_049363,False,,,0,0,0
Hum_XLOC_049364,False,,,0,0,0
Hum_XLOC_049365,False,,,0,0,0
Hum_XLOC_049366,False,,,0,0,0
Hum_XLOC_049367,False,,,0,0,0
Hum_XLOC_049368,True,0.0,,0,0,0
Hum_XLOC_049369,False,,,0,0,0
Hum_XLOC_049370,False,,,0,0,0
Hum_XLOC_049371,False,,,0,0,0
Hum_XLOC_049372,False,,,0,0,0
Hum_XLOC_049374,True,0.0,,0,0,0
Hum_XLOC_049375,False,,,0,0,0
Hum_XLOC_049381,True,0.0,,0,0,0
Hum_XLOC_049382,False,,,0,0,0
Hum_XLOC_049385,False,,,0,0,0
Hum_XLOC_049388,False,,,0,0,0
Hum_XLOC_049390,False,,,0,0,0
Hum_XLOC_049391,False,,,0,0,0
Hum_XLOC_049395,False,,,0,0,0
Hum_XLOC_049397,False,,,0,0,0
Hum_XLOC_049398,True,0.0,,0,0,0
Hum_XLOC_049399,False,,,0,0,0
Hum_XLOC_049400,True,0.0,,0,0,0
Hum_XLOC_049401,False,,,0,0,0
Hum_XLOC_049403,False,,,0,0,0
Hum_XLOC_049404,True,0.0,,0,0,0
Hum_XLOC_049405,False,,,0,0,0
Hum_XLOC_049407,False,,,0,0,0
Hum_XLOC_049412,True,0.0,,0,0,0
Hum_XLOC_049413,True,0.0,,0,0,0
Hum_XLOC_049417,False,,,0,0,0
Hum_XLOC_049418,False,,,0,0,0
Hum_XLOC_049419,False,,,0,0,0
Hum_XLOC_049422,False,,,0,0,0
Hum_XLOC_049433,False,,,0,0,0
Hum_XLOC_049434,False,,,0,0,0
Hum_XLOC_049437,False,,,0,0,0
Hum_XLOC_049438,True,0.0,,0,0,0
Hum_XLOC_049439,True,0.0,,0,0,0
Hum_XLOC_049443,False,,,0,0,0
Hum_XLOC_049446,True,0.0,,0,0,0
Hum_XLOC_049449,False,,,0,0,0
Hum_XLOC_049450,True,0.0,,0,0,0
Hum_XLOC_049452,False,,,0,0,0
Hum_XLOC_049453,False,,,0,0,0
Hum_XLOC_049454,False,,,0,0,0
Hum_XLOC_049455,False,,,0,0,0
Hum_XLOC_049457,True,0.0,,0,0,0
Hum_XLOC_049458,False,,,0,0,0
Hum_XLOC_049459,False,,,0,0,0
Hum_XLOC_049460,False,,,0,0,0
Hum_XLOC_049461,False,,,0,0,0
Hum_XLOC_049468,False,,,0,0,0
Hum_XLOC_049470,False,,,0,0,0
Hum_XLOC_049471,False,,,0,0,0
Hum_XLOC_049472,False,,,0,0,0
Hum_XLOC_049473,False,,,0,0,0
Hum_XLOC_049474,False,,,0,0,0
Hum_XLOC_049475,False,,,0,0,0
Hum_XLOC_049476,False,,,0,0,0
Hum_XLOC_049477,False,,,0,0,0
Hum_XLOC_049478,True,0.0,,0,0,0
Hum_XLOC_049479,False,,,0,0,0
Hum_XLOC_049480,False,,,0,0,0
Hum_XLOC_049481,True,0.0,,0,0,0
Hum_XLOC_049482,False,,,0,0,0
Hum_XLOC_049483,False,,,0,0,0
Hum_XLOC_049484,False,,,0,0,0
Hum_XLOC_049485,False,,,0,0,0
Hum_XLOC_049486,False,,,0,0,0
Hum_XLOC_049495,False,,,0,0,0
Hum_XLOC_049496,False,,,0,0,0
Hum_XLOC_049497,False,,,0,0,0
Hum_XLOC_049498,False,,,0,0,0
Hum_XLOC_049499,False,,,0,0,0
Hum_XLOC_049500,False,,,0,0,0
Hum_XLOC_049503,True,0.0,,0,0,0
Hum_XLOC_049504,False,,,0,0,0
Hum_XLOC_049505,False,,,0,0,0
Hum_XLOC_049506,False,,,0,0,0
Hum_XLOC_049508,False,,,0,0,0
Hum_XLOC_049510,False,,,0,0,0
Hum_XLOC_049514,False,,,0,0,0
Hum_XLOC_049521,False,,,0,0,0
Hum_XLOC_049524,False,,,0,0,0
Hum_XLOC_049525,False,,,0,0,0
Hum_XLOC_049528,False,,,0,0,0
Hum_XLOC_049531,False,,,0,0,0
Hum_XLOC_049532,False,,,0,0,0
Hum_XLOC_049533,False,,,0,0,0
Hum_XLOC_049535,False,,,0,0,0
Hum_XLOC_049536,False,,,0,0,0
Hum_XLOC_049537,False,,,0,0,0
Hum_XLOC_049539,False,,,0,0,0
Hum_XLOC_049540,True,0.0,,0,0,0
Hum_XLOC_049541,False,,,0,0,0
Hum_XLOC_049542,False,,,0,0,0
Hum_XLOC_049543,False,,,0,0,0
Hum_XLOC_049545,False,,,0,0,0
Hum_XLOC_049546,True,0.0,,0,0,0
Hum_XLOC_049548,False,,,0,0,0
Hum_XLOC_049549,False,,,0,0,0
Hum_XLOC_049550,False,,,0,0,0
Hum_XLOC_049551,True,0.0,,0,0,0
Hum_XLOC_049552,False,,,0,0,0
Hum_XLOC_049553,False,,,0,0,0
Hum_XLOC_049554,True,0.0,,0,0,0
Hum_XLOC_049555,False,,,0,0,0
Hum_XLOC_049556,False,,,0,0,0
Hum_XLOC_049557,False,,,0,0,0
Hum_XLOC_049559,True,0.0,,0,0,0
Hum_XLOC_049561,False,,,0,0,0
Hum_XLOC_049562,True,0.0,,0,0,0
Hum_XLOC_049569,True,0.0,,0,0,0
Hum_XLOC_049570,False,,,0,0,0
Hum_XLOC_049571,True,0.0,,0,0,0
Hum_XLOC_049574,False,,,0,0,0
Hum_XLOC_049576,False,,,0,0,0
Hum_XLOC_049577,False,,,0,0,0
Hum_XLOC_049580,False,,,0,0,0
Hum_XLOC_049581,False,,,0,0,0
Hum_XLOC_049582,False,,,0,0,0
Hum_XLOC_049587,False,,,0,0,0
Hum_XLOC_049588,False,,,0,0,0
Hum_XLOC_049591,False,,,0,0,0
Hum_XLOC_049592,False,,,0,0,0
Hum_XLOC_049594,False,,,0,0,0
Hum_XLOC_049595,False,,,0,0,0
Hum_XLOC_049598,False,,,0,0,0
Hum_XLOC_049599,False,,,0,0,0
Hum_XLOC_049600,True,0.0,,0,0,0
Hum_XLOC_049601,False,,,0,0,0
Hum_XLOC_049606,False,,,0,0,0
Hum_XLOC_049607,False,,,0,0,0
Hum_XLOC_049608,False,,,0,0,0
Hum_XLOC_049609,False,,,0,0,0
Hum_XLOC_049614,False,,,0,0,0
Hum_XLOC_049615,False,,,0,0,0
Hum_XLOC_049616,False,,,0,0,0
Hum_XLOC_049617,False,,,0,0,0
Hum_XLOC_049618,False,,,0,0,0
Hum_XLOC_049619,False,,,0,0,0
Hum_XLOC_049624,False,,,0,0,0
Hum_XLOC_049625,False,,,0,0,0
Hum_XLOC_049631,False,,,0,0,0
Hum_XLOC_049633,False,,,0,0,0
Hum_XLOC_049635,False,,,0,0,0
Hum_XLOC_049636,True,0.0,,0,0,0
Hum_XLOC_049637,False,,,0,0,0
Hum_XLOC_049638,False,,,0,0,0
Hum_XLOC_049639,False,,,0,0,0
Hum_XLOC_049641,False,,,0,0,0
Hum_XLOC_049642,False,,,0,0,0
Hum_XLOC_049645,False,,,0,0,0
Hum_XLOC_049646,False,,,0,0,0
Hum_XLOC_049647,True,0.0,,0,0,0
Hum_XLOC_049651,False,,,0,0,0
Hum_XLOC_049652,False,,,0,0,0
Hum_XLOC_049653,False,,,0,0,0
Hum_XLOC_049654,False,,,0,0,0
Hum_XLOC_049655,False,,,0,0,0
Hum_XLOC_049658,False,,,0,0,0
Hum_XLOC_049659,False,,,0,0,0
Hum_XLOC_049660,False,,,0,0,0
Hum_XLOC_049661,False,,,0,0,0
Hum_XLOC_049662,False,,,0,0,0
Hum_XLOC_049663,False,,,0,0,0
Hum_XLOC_049664,False,,,0,0,0
Hum_XLOC_049665,False,,,0,0,0
Hum_XLOC_049666,False,,,0,0,0
Hum_XLOC_049668,False,,,0,0,0
Hum_XLOC_049670,False,,,0,0,0
Hum_XLOC_049671,False,,,0,0,0
Hum_XLOC_049672,False,,,0,0,0
Hum_XLOC_049673,False,,,0,0,0
Hum_XLOC_049678,False,,,0,0,0
Hum_XLOC_049680,False,,,0,0,0
Hum_XLOC_049682,True,0.0,,0,0,0
Hum_XLOC_049683,True,0.0,,0,0,0
Hum_XLOC_049684,True,0.0,,0,0,0
Hum_XLOC_049692,True,0.0,,0,0,0
Hum_XLOC_049696,True,0.0,,0,0,0
Hum_XLOC_049698,False,,,0,0,0
Hum_XLOC_049699,True,0.0,,0,0,0
Hum_XLOC_049700,True,0.0,,0,0,0
Hum_XLOC_049701,False,,,0,0,0
Hum_XLOC_049702,False,,,0,0,0
Hum_XLOC_049704,False,,,0,0,0
Hum_XLOC_049705,False,,,0,0,0
Hum_XLOC_049706,False,,,0,0,0
Hum_XLOC_049707,False,,,0,0,0
Hum_XLOC_049710,False,,,0,0,0
Hum_XLOC_049711,False,,,0,0,0
Hum_XLOC_049712,False,,,0,0,0
Hum_XLOC_049713,False,,,0,0,0
Hum_XLOC_049714,True,0.0,,0,0,0
Hum_XLOC_049715,False,,,0,0,0
Hum_XLOC_049717,False,,,0,0,0
Hum_XLOC_049718,False,,,0,0,0
Hum_XLOC_049719,False,,,0,0,0
Hum_XLOC_049720,False,,,0,0,0
Hum_XLOC_049721,False,,,0,0,0
Hum_XLOC_049723,False,,,0,0,0
Hum_XLOC_049724,False,,,0,0,0
Hum_XLOC_049725,False,,,0,0,0
Hum_XLOC_049728,False,,,0,0,0
Hum_XLOC_049729,False,,,0,0,0
Hum_XLOC_049730,False,,,0,0,0
Hum_XLOC_049733,False,,,0,0,0
Hum_XLOC_049735,False,,,0,0,0
Hum_XLOC_049742,True,0.0,,0,0,0
Hum_XLOC_049743,False,,,0,0,0
Hum_XLOC_049746,True,0.0,,0,0,0
Hum_XLOC_049747,True,0.0,,0,0,0
Hum_XLOC_049749,True,0.0,,0,0,0
Hum_XLOC_049750,True,0.0,,0,0,0
Hum_XLOC_049752,False,,,0,0,0
Hum_XLOC_049754,False,,,0,0,0
Hum_XLOC_049756,False,,,0,0,0
Hum_XLOC_049757,False,,,0,0,0
Hum_XLOC_049758,False,,,0,0,0
Hum_XLOC_049759,False,,,0,0,0
Hum_XLOC_049760,False,,,0,0,0
Hum_XLOC_049761,False,,,0,0,0
Hum_XLOC_049762,False,,,0,0,0
Hum_XLOC_049763,False,,,0,0,0
Hum_XLOC_049765,False,,,0,0,0
Hum_XLOC_049768,False,,,0,0,0
Hum_XLOC_049769,True,0.0,,0,0,0
Hum_XLOC_049770,False,,,0,0,0
Hum_XLOC_049771,False,,,0,0,0
Hum_XLOC_049772,False,,,0,0,0
Hum_XLOC_049773,False,,,0,0,0
Hum_XLOC_049774,True,0.0,,0,0,0
Hum_XLOC_049775,False,,,0,0,0
Hum_XLOC_049776,True,0.0,,0,0,0
Hum_XLOC_049777,True,0.0,,0,0,0
Hum_XLOC_049780,False,,,0,0,0
Hum_XLOC_049783,True,0.0,,0,0,0
Hum_XLOC_049784,False,,,0,0,0
Hum_XLOC_049785,False,,,0,0,0
Hum_XLOC_049786,False,,,0,0,0
Hum_XLOC_049787,False,,,0,0,0
Hum_XLOC_049788,False,,,0,0,0
Hum_XLOC_049789,False,,,0,0,0
Hum_XLOC_049790,False,,,0,0,0
Hum_XLOC_049791,False,,,0,0,0
Hum_XLOC_049792,False,,,0,0,0
Hum_XLOC_049793,False,,,0,0,0
Hum_XLOC_049798,True,0.0,,0,0,0
Hum_XLOC_049799,False,,,0,0,0
Hum_XLOC_049800,False,,,0,0,0
Hum_XLOC_049801,False,,,0,0,0
Hum_XLOC_049802,False,,,0,0,0
Hum_XLOC_049803,False,,,0,0,0
Hum_XLOC_049804,False,,,0,0,0
Hum_XLOC_049805,True,0.0,,0,0,0
Hum_XLOC_049806,False,,,0,0,0
Hum_XLOC_049807,False,,,0,0,0
Hum_XLOC_049808,False,,,0,0,0
Hum_XLOC_049809,True,0.0,,0,0,0
Hum_XLOC_049810,True,0.0,,0,0,0
Hum_XLOC_049811,True,0.0,,0,0,0
Hum_XLOC_049812,False,,,0,0,0
Hum_XLOC_049813,True,0.0,,0,0,0
Hum_XLOC_049814,False,,,0,0,0
Hum_XLOC_049815,False,,,0,0,0
Hum_XLOC_049818,False,,,0,0,0
Hum_XLOC_049820,True,0.0,,0,0,0
Hum_XLOC_049825,False,,,0,0,0
Hum_XLOC_049828,False,,,0,0,0
Hum_XLOC_049829,False,,,0,0,0
Hum_XLOC_049832,True,0.0,,0,0,0
Hum_XLOC_049833,False,,,0,0,0
Hum_XLOC_049834,False,,,0,0,0
Hum_XLOC_049835,False,,,0,0,0
Hum_XLOC_049836,False,,,0,0,0
Hum_XLOC_049837,False,,,0,0,0
Hum_XLOC_049839,False,,,0,0,0
Hum_XLOC_049840,False,,,0,0,0
Hum_XLOC_049843,False,,,0,0,0
Hum_XLOC_049844,False,,,0,0,0
Hum_XLOC_049845,True,0.0,,0,0,0
Hum_XLOC_049846,False,,,0,0,0
Hum_XLOC_049848,False,,,0,0,0
Hum_XLOC_049849,False,,,0,0,0
Hum_XLOC_049850,False,,,0,0,0
Hum_XLOC_049851,False,,,0,0,0
Hum_XLOC_049853,False,,,0,0,0
Hum_XLOC_049854,False,,,0,0,0
Hum_XLOC_049855,False,,,0,0,0
Hum_XLOC_049856,True,0.0,,0,0,0
Hum_XLOC_049860,False,,,0,0,0
Hum_XLOC_049862,True,0.0,,0,0,0
Hum_XLOC_049863,False,,,0,0,0
Hum_XLOC_049865,False,,,0,0,0
Hum_XLOC_049866,False,,,0,0,0
Hum_XLOC_049868,False,,,0,0,0
Hum_XLOC_049869,False,,,0,0,0
Hum_XLOC_049874,False,,,0,0,0
Hum_XLOC_049875,False,,,0,0,0
Hum_XLOC_049876,False,,,0,0,0
Hum_XLOC_049877,False,,,0,0,0
Hum_XLOC_049878,False,,,0,0,0
Hum_XLOC_049879,False,,,0,0,0
Hum_XLOC_049880,False,,,0,0,0
Hum_XLOC_049881,False,,,0,0,0
Hum_XLOC_049882,True,0.0,,0,0,0
Hum_XLOC_049883,False,,,0,0,0
Hum_XLOC_049884,False,,,0,0,0
Hum_XLOC_049885,False,,,0,0,0
Hum_XLOC_049886,False,,,0,0,0
Hum_XLOC_049887,False,,,0,0,0
Hum_XLOC_049888,False,,,0,0,0
Hum_XLOC_049889,False,,,0,0,0
Hum_XLOC_049890,False,,,0,0,0
Hum_XLOC_049893,False,,,0,0,0
Hum_XLOC_049894,False,,,0,0,0
Hum_XLOC_049895,False,,,0,0,0
Hum_XLOC_049896,False,,,0,0,0
Hum_XLOC_049900,True,0.0,,0,0,0
Hum_XLOC_049902,False,,,0,0,0
Hum_XLOC_049903,False,,,0,0,0
Hum_XLOC_049904,False,,,0,0,0
Hum_XLOC_049905,False,,,0,0,0
Hum_XLOC_049906,False,,,0,0,0
Hum_XLOC_049907,False,,,0,0,0
Hum_XLOC_049908,False,,,0,0,0
Hum_XLOC_049917,False,,,0,0,0
Hum_XLOC_049918,False,,,0,0,0
Hum_XLOC_049919,True,0.0,,0,0,0
Hum_XLOC_049921,False,,,0,0,0
Hum_XLOC_049922,False,,,0,0,0
Hum_XLOC_049925,False,,,0,0,0
Hum_XLOC_049926,False,,,0,0,0
Hum_XLOC_049927,False,,,0,0,0
Hum_XLOC_049928,False,,,0,0,0
Hum_XLOC_049929,False,,,0,0,0
Hum_XLOC_049930,False,,,0,0,0
Hum_XLOC_049931,False,,,0,0,0
Hum_XLOC_049932,False,,,0,0,0
Hum_XLOC_049933,False,,,0,0,0
Hum_XLOC_049934,False,,,0,0,0
Hum_XLOC_049935,False,,,0,0,0
Hum_XLOC_049936,True,0.0,,0,0,0
Hum_XLOC_049937,False,,,0,0,0
Hum_XLOC_049940,True,0.0,,0,0,0
Hum_XLOC_049941,False,,,0,0,0
Hum_XLOC_049946,False,,,0,0,0
Hum_XLOC_049948,False,,,0,0,0
Hum_XLOC_049952,False,,,0,0,0
Hum_XLOC_049956,False,,,0,0,0
Hum_XLOC_049958,False,,,0,0,0
Hum_XLOC_049959,False,,,0,0,0
Hum_XLOC_049960,False,,,0,0,0
Hum_XLOC_049961,False,,,0,0,0
Hum_XLOC_049962,False,,,0,0,0
Hum_XLOC_049963,False,,,0,0,0
Hum_XLOC_049964,False,,,0,0,0
Hum_XLOC_049965,False,,,0,0,0
Hum_XLOC_049966,False,,,0,0,0
Hum_XLOC_049967,False,,,0,0,0
Hum_XLOC_049968,False,,,0,0,0
Hum_XLOC_049970,False,,,0,0,0
Hum_XLOC_049972,False,,,0,0,0
Hum_XLOC_049975,False,,,0,0,0
Hum_XLOC_049976,False,,,0,0,0
Hum_XLOC_049978,False,,,0,0,0
Hum_XLOC_049979,True,0.0,,0,0,0
Hum_XLOC_049980,False,,,0,0,0
Hum_XLOC_049981,False,,,0,0,0
Hum_XLOC_049982,False,,,0,0,0
Hum_XLOC_049983,True,0.0,,0,0,0
Hum_XLOC_049984,False,,,0,0,0
Hum_XLOC_049985,False,,,0,0,0
Hum_XLOC_049988,False,,,0,0,0
Hum_XLOC_049989,False,,,0,0,0
Hum_XLOC_049990,False,,,0,0,0
Hum_XLOC_049991,False,,,0,0,0
Hum_XLOC_049992,False,,,0,0,0
Hum_XLOC_049995,False,,,0,0,0
Hum_XLOC_049996,False,,,0,0,0
Hum_XLOC_049997,False,,,0,0,0
Hum_XLOC_049998,False,,,0,0,0
Hum_XLOC_049999,True,0.0,,0,0,0
Hum_XLOC_050000,False,,,0,0,0
Hum_XLOC_050001,False,,,0,0,0
Hum_XLOC_050004,False,,,0,0,0
Hum_XLOC_050005,False,,,0,0,0
Hum_XLOC_050007,True,0.0,,0,0,0
Hum_XLOC_050009,False,,,0,0,0
Hum_XLOC_050011,False,,,0,0,0
Hum_XLOC_050012,True,0.0,,0,0,0
Hum_XLOC_050013,True,0.0,,0,0,0
Hum_XLOC_050015,False,,,0,0,0
Hum_XLOC_050016,False,,,0,0,0
Hum_XLOC_050019,False,,,0,0,0
Hum_XLOC_050020,False,,,0,0,0
Hum_XLOC_050021,False,,,0,0,0
Hum_XLOC_050022,True,0.0,,0,0,0
Hum_XLOC_050027,True,0.0,,0,0,0
Hum_XLOC_050033,False,,,0,0,0
Hum_XLOC_050034,False,,,0,0,0
Hum_XLOC_050035,False,,,0,0,0
Hum_XLOC_050036,False,,,0,0,0
Hum_XLOC_050038,False,,,0,0,0
Hum_XLOC_050039,False,,,0,0,0
Hum_XLOC_050040,False,,,0,0,0
Hum_XLOC_050041,False,,,0,0,0
Hum_XLOC_050042,True,0.0,,0,0,0
Hum_XLOC_050046,False,,,0,0,0
Hum_XLOC_050047,False,,,0,0,0
Hum_XLOC_050050,False,,,0,0,0
Hum_XLOC_050057,False,,,0,0,0
Hum_XLOC_050058,True,0.0,,0,0,0
Hum_XLOC_050059,False,,,0,0,0
Hum_XLOC_050063,False,,,0,0,0
Hum_XLOC_050066,False,,,0,0,0
Hum_XLOC_050067,False,,,0,0,0
Hum_XLOC_050071,False,,,0,0,0
Hum_XLOC_050076,False,,,0,0,0
Hum_XLOC_050078,False,,,0,0,0
Hum_XLOC_050079,True,0.0,,0,0,0
Hum_XLOC_050080,False,,,0,0,0
Hum_XLOC_050081,False,,,0,0,0
Hum_XLOC_050082,False,,,0,0,0
Hum_XLOC_050083,False,,,0,0,0
Hum_XLOC_050084,False,,,0,0,0
Hum_XLOC_050085,True,0.0,,0,0,0
Hum_XLOC_050086,False,,,0,0,0
Hum_XLOC_050087,False,,,0,0,0
Hum_XLOC_050088,False,,,0,0,0
Hum_XLOC_050089,False,,,0,0,0
Hum_XLOC_050090,False,,,0,0,0
Hum_XLOC_050091,True,0.0,,0,0,0
Hum_XLOC_050092,False,,,0,0,0
Hum_XLOC_050093,False,,,0,0,0
Hum_XLOC_050095,False,,,0,0,0
Hum_XLOC_050096,False,,,0,0,0
Hum_XLOC_050097,False,,,0,0,0
Hum_XLOC_050098,True,0.0,,0,0,0
Hum_XLOC_050099,False,,,0,0,0
Hum_XLOC_050101,False,,,0,0,0
Hum_XLOC_050102,False,,,0,0,0
Hum_XLOC_050103,False,,,0,0,0
Hum_XLOC_050104,False,,,0,0,0
Hum_XLOC_050105,False,,,0,0,0
Hum_XLOC_050107,False,,,0,0,0
Hum_XLOC_050111,False,,,0,0,0
Hum_XLOC_050112,True,0.0,,0,0,0
Hum_XLOC_050113,False,,,0,0,0
Hum_XLOC_050115,False,,,0,0,0
Hum_XLOC_050117,True,0.0,,0,0,0
Hum_XLOC_050120,False,,,0,0,0
Hum_XLOC_050122,True,0.0,,0,0,0
Hum_XLOC_050126,False,,,0,0,0
Hum_XLOC_050127,False,,,0,0,0
Hum_XLOC_050128,False,,,0,0,0
Hum_XLOC_050129,False,,,0,0,0
Hum_XLOC_050130,False,,,0,0,0
Hum_XLOC_050131,True,0.0,,0,0,0
Hum_XLOC_050132,False,,,0,0,0
Hum_XLOC_050133,False,,,0,0,0
Hum_XLOC_050134,False,,,0,0,0
Hum_XLOC_050135,False,,,0,0,0
Hum_XLOC_050136,False,,,0,0,0
Hum_XLOC_050137,True,0.0,,0,0,0
Hum_XLOC_050138,False,,,0,0,0
Hum_XLOC_050142,True,0.0,,0,0,0
Hum_XLOC_050143,False,,,0,0,0
Hum_XLOC_050144,False,,,0,0,0
Hum_XLOC_050145,False,,,0,0,0
Hum_XLOC_050147,False,,,0,0,0
Hum_XLOC_050149,True,0.0,,0,0,0
Hum_XLOC_050152,False,,,0,0,0
Hum_XLOC_050153,True,0.0,,0,0,0
Hum_XLOC_050154,False,,,0,0,0
Hum_XLOC_050155,False,,,0,0,0
Hum_XLOC_050156,False,,,0,0,0
Hum_XLOC_050158,False,,,0,0,0
Hum_XLOC_050159,False,,,0,0,0
Hum_XLOC_050160,False,,,0,0,0
Hum_XLOC_050161,False,,,0,0,0
Hum_XLOC_050162,False,,,0,0,0
Hum_XLOC_050163,True,0.0,,0,0,0
Hum_XLOC_050164,True,0.0,,0,0,0
Hum_XLOC_050165,False,,,0,0,0
Hum_XLOC_050166,False,,,0,0,0
Hum_XLOC_050168,False,,,0,0,0
Hum_XLOC_050170,False,,,0,0,0
Hum_XLOC_050171,False,,,0,0,0
Hum_XLOC_050172,False,,,0,0,0
Hum_XLOC_050175,False,,,0,0,0
Hum_XLOC_050176,False,,,0,0,0
Hum_XLOC_050177,False,,,0,0,0
Hum_XLOC_050180,True,0.0,,0,0,0
Hum_XLOC_050181,False,,,0,0,0
Hum_XLOC_050182,False,,,0,0,0
Hum_XLOC_050183,False,,,0,0,0
Hum_XLOC_050185,False,,,0,0,0
Hum_XLOC_050186,False,,,0,0,0
Hum_XLOC_050187,False,,,0,0,0
Hum_XLOC_050188,False,,,0,0,0
Hum_XLOC_050189,True,,,0,0,0
Hum_XLOC_050190,False,,,0,0,0
Hum_XLOC_050195,False,,,0,0,0
Hum_XLOC_050196,False,,,0,0,0
Hum_XLOC_050197,True,0.0,,0,0,0
Hum_XLOC_050198,False,,,0,0,0
Hum_XLOC_050200,False,,,0,0,0
Hum_XLOC_050201,False,,,0,0,0
Hum_XLOC_050202,False,,,0,0,0
Hum_XLOC_050204,True,0.0,,0,0,0
Hum_XLOC_050205,False,,,0,0,0
Hum_XLOC_050207,False,,,0,0,0
Hum_XLOC_050210,True,0.0,,0,0,0
Hum_XLOC_050211,False,,,0,0,0
Hum_XLOC_050214,False,,,0,0,0
Hum_XLOC_050216,False,,,0,0,0
Hum_XLOC_050217,True,0.0,,0,0,0
Hum_XLOC_050218,False,,,0,0,0
Hum_XLOC_050219,False,,,0,0,0
Hum_XLOC_050220,False,,,0,0,0
Hum_XLOC_050222,False,,,0,0,0
Hum_XLOC_050227,False,,,0,0,0
Hum_XLOC_050228,False,,,0,0,0
Hum_XLOC_050229,False,,,0,0,0
Hum_XLOC_050230,False,,,0,0,0
Hum_XLOC_050231,False,,,0,0,0
Hum_XLOC_050232,True,0.0,,0,0,0
Hum_XLOC_050234,False,,,0,0,0
Hum_XLOC_050235,False,,,0,0,0
Hum_XLOC_050236,False,,,0,0,0
Hum_XLOC_050237,False,,,0,0,0
Hum_XLOC_050238,False,,,0,0,0
Hum_XLOC_050239,False,,,0,0,0
Hum_XLOC_050240,False,,,0,0,0
Hum_XLOC_050242,False,,,0,0,0
Hum_XLOC_050243,False,,,0,0,0
Hum_XLOC_050245,False,,,0,0,0
Hum_XLOC_050248,False,,,0,0,0
Hum_XLOC_050249,False,,,0,0,0
Hum_XLOC_050250,False,,,0,0,0
Hum_XLOC_050254,False,,,0,0,0
Hum_XLOC_050255,False,,,0,0,0
Hum_XLOC_050256,True,0.0,,0,0,0
Hum_XLOC_050257,False,,,0,0,0
Hum_XLOC_050258,False,,,0,0,0
Hum_XLOC_050260,False,,,0,0,0
Hum_XLOC_050263,False,,,0,0,0
Hum_XLOC_050264,False,,,0,0,0
Hum_XLOC_050265,False,,,0,0,0
Hum_XLOC_050268,False,,,0,0,0
Hum_XLOC_050269,False,,,0,0,0
Hum_XLOC_050272,False,,,0,0,0
Hum_XLOC_050275,False,,,0,0,0
Hum_XLOC_050277,True,0.0,,0,0,0
Hum_XLOC_050278,False,,,0,0,0
Hum_XLOC_050280,True,0.0,,0,0,0
Hum_XLOC_050281,False,,,0,0,0
Hum_XLOC_050282,False,,,0,0,0
Hum_XLOC_050283,False,,,0,0,0
Hum_XLOC_050284,True,0.0,,0,0,0
Hum_XLOC_050285,False,,,0,0,0
Hum_XLOC_050291,False,,,0,0,0
Hum_XLOC_050293,False,,,0,0,0
Hum_XLOC_050294,False,,,0,0,0
Hum_XLOC_050297,False,,,0,0,0
Hum_XLOC_050298,False,,,0,0,0
Hum_XLOC_050300,False,,,0,0,0
Hum_XLOC_050302,False,,,0,0,0
Hum_XLOC_050303,False,,,0,0,0
Hum_XLOC_050304,False,,,0,0,0
Hum_XLOC_050306,True,0.0,,0,0,0
Hum_XLOC_050307,False,,,0,0,0
Hum_XLOC_050308,False,,,0,0,0
Hum_XLOC_050309,True,0.0,,0,0,0
Hum_XLOC_050313,False,,,0,0,0
Hum_XLOC_050314,False,,,0,0,0
Hum_XLOC_050315,False,,,0,0,0
Hum_XLOC_050316,False,,,0,0,0
Hum_XLOC_050317,False,,,0,0,0
Hum_XLOC_050318,False,,,0,0,0
Hum_XLOC_050319,False,,,0,0,0
Hum_XLOC_050320,False,,,0,0,0
Hum_XLOC_050322,False,,,0,0,0
Hum_XLOC_050323,False,,,0,0,0
Hum_XLOC_050325,False,,,0,0,0
Hum_XLOC_050326,False,,,0,0,0
Hum_XLOC_050327,False,,,0,0,0
Hum_XLOC_050328,False,,,0,0,0
Hum_XLOC_050329,False,,,0,0,0
Hum_XLOC_050330,True,0.0,,0,0,0
Hum_XLOC_050332,False,,,0,0,0
Hum_XLOC_050333,False,,,0,0,0
Hum_XLOC_050334,True,0.0,,0,0,0
Hum_XLOC_050335,False,,,0,0,0
Hum_XLOC_050342,False,,,0,0,0
Hum_XLOC_050343,False,,,0,0,0
Hum_XLOC_050344,False,,,0,0,0
Hum_XLOC_050346,False,,,0,0,0
Hum_XLOC_050349,False,,,0,0,0
Hum_XLOC_050350,True,0.0,,0,0,0
Hum_XLOC_050351,False,,,0,0,0
Hum_XLOC_050352,False,,,0,0,0
Hum_XLOC_050353,False,,,0,0,0
Hum_XLOC_050354,False,,,0,0,0
Hum_XLOC_050358,False,,,0,0,0
Hum_XLOC_050359,False,,,0,0,0
Hum_XLOC_050360,False,,,0,0,0
Hum_XLOC_050362,False,,,0,0,0
Hum_XLOC_050363,False,,,0,0,0
Hum_XLOC_050364,False,,,0,0,0
Hum_XLOC_050365,False,,,0,0,0
Hum_XLOC_050366,False,,,0,0,0
Hum_XLOC_050369,False,,,0,0,0
Hum_XLOC_050370,False,,,0,0,0
Hum_XLOC_050371,False,,,0,0,0
Hum_XLOC_050372,False,,,0,0,0
Hum_XLOC_050373,False,,,0,0,0
Hum_XLOC_050374,False,,,0,0,0
Hum_XLOC_050375,False,,,0,0,0
Hum_XLOC_050376,False,,,0,0,0
Hum_XLOC_050377,True,0.0,,0,0,0
Hum_XLOC_050380,False,,,0,0,0
Hum_XLOC_050384,False,,,0,0,0
Hum_XLOC_050385,True,0.0,,0,0,0
Hum_XLOC_050386,False,,,0,0,0
Hum_XLOC_050387,False,,,0,0,0
Hum_XLOC_050391,False,,,0,0,0
Hum_XLOC_050393,False,,,0,0,0
Hum_XLOC_050394,False,,,0,0,0
Hum_XLOC_050398,False,,,0,0,0
Hum_XLOC_050399,False,,,0,0,0
Hum_XLOC_050400,False,,,0,0,0
Hum_XLOC_050401,False,,,0,0,0
Hum_XLOC_050402,False,,,0,0,0
Hum_XLOC_050403,False,,,0,0,0
Hum_XLOC_050404,True,0.0,,0,0,0
Hum_XLOC_050406,False,,,0,0,0
Hum_XLOC_050407,False,,,0,0,0
Hum_XLOC_050411,False,,,0,0,0
Hum_XLOC_050412,False,,,0,0,0
Hum_XLOC_050414,False,,,0,0,0
Hum_XLOC_050415,False,,,0,0,0
Hum_XLOC_050418,False,,,0,0,0
Hum_XLOC_050419,False,,,0,0,0
Hum_XLOC_050420,False,,,0,0,0
Hum_XLOC_050423,False,,,0,0,0
Hum_XLOC_050424,False,,,0,0,0
Hum_XLOC_050426,False,,,0,0,0
Hum_XLOC_050427,False,,,0,0,0
Hum_XLOC_050428,True,0.0,,0,0,0
Hum_XLOC_050429,False,,,0,0,0
Hum_XLOC_050432,False,,,0,0,0
Hum_XLOC_050433,False,,,0,0,0
Hum_XLOC_050434,False,,,0,0,0
Hum_XLOC_050436,False,,,0,0,0
Hum_XLOC_050437,False,,,0,0,0
Hum_XLOC_050438,False,,,0,0,0
Hum_XLOC_050439,False,,,0,0,0
Hum_XLOC_050440,True,0.0,,0,0,0
Hum_XLOC_050441,True,0.0,,0,0,0
Hum_XLOC_050442,False,,,0,0,0
Hum_XLOC_050443,False,,,0,0,0
Hum_XLOC_050445,False,,,0,0,0
Hum_XLOC_050446,True,0.0,,0,0,0
Hum_XLOC_050447,False,,,0,0,0
Hum_XLOC_050448,False,,,0,0,0
Hum_XLOC_050449,False,,,0,0,0
Hum_XLOC_050450,False,,,0,0,0
Hum_XLOC_050451,True,0.0,,0,0,0
Hum_XLOC_050452,False,,,0,0,0
Hum_XLOC_050453,False,,,0,0,0
Hum_XLOC_050454,False,,,0,0,0
Hum_XLOC_050455,False,,,0,0,0
Hum_XLOC_050456,False,,,0,0,0
Hum_XLOC_050458,True,0.0,,0,0,0
Hum_XLOC_050462,False,,,0,0,0
Hum_XLOC_050463,False,,,0,0,0
Hum_XLOC_050465,False,,2.0,0,0,1
Hum_XLOC_050466,False,,,0,0,0
Hum_XLOC_050467,False,,,0,0,0
Hum_XLOC_050468,False,,,0,0,0
Hum_XLOC_050469,False,,,0,0,0
Hum_XLOC_050476,False,,,0,0,0
Hum_XLOC_050480,False,,,0,0,0
Hum_XLOC_050482,True,0.0,,0,0,0
Hum_XLOC_050484,False,,,0,0,0
Hum_XLOC_050486,False,,,0,0,0
Hum_XLOC_050487,True,0.0,,0,0,0
Hum_XLOC_050488,False,,,0,0,0
Hum_XLOC_050489,False,,,0,0,0
Hum_XLOC_050490,False,,,0,0,0
Hum_XLOC_050491,False,,,0,0,0
Hum_XLOC_050493,False,,,0,0,0
Hum_XLOC_050494,True,0.0,,0,0,0
Hum_XLOC_050495,False,,,0,0,0
Hum_XLOC_050496,True,0.0,,0,0,0
Hum_XLOC_050497,False,,,0,0,0
Hum_XLOC_050499,False,,,0,0,0
Hum_XLOC_050500,True,0.0,,0,0,0
Hum_XLOC_050501,False,,,0,0,0
Hum_XLOC_050502,False,,,0,0,0
Hum_XLOC_050503,False,,,0,0,0
Hum_XLOC_050504,False,,,0,0,0
Hum_XLOC_050505,False,,,0,0,0
Hum_XLOC_050506,False,,,0,0,0
Hum_XLOC_050510,False,,,0,0,0
Hum_XLOC_050514,False,,,0,0,0
Hum_XLOC_050518,True,0.0,,0,0,0
Hum_XLOC_050519,False,,,0,0,0
Hum_XLOC_050520,False,,,0,0,0
Hum_XLOC_050524,False,,,0,0,0
Hum_XLOC_050525,False,,,0,0,0
Hum_XLOC_050527,False,,,0,0,0
Hum_XLOC_050528,False,,,0,0,0
Hum_XLOC_050529,False,,,0,0,0
Hum_XLOC_050530,False,,,0,0,0
Hum_XLOC_050531,False,,,0,0,0
Hum_XLOC_050532,False,,,0,0,0
Hum_XLOC_050533,False,,,0,0,0
Hum_XLOC_050536,False,,,0,0,0
Hum_XLOC_050537,False,,,0,0,0
Hum_XLOC_050538,False,,,0,0,0
Hum_XLOC_050539,False,,,0,0,0
Hum_XLOC_050540,False,,,0,0,0
Hum_XLOC_050542,False,,,0,0,0
Hum_XLOC_050544,True,0.0,,0,0,0
Hum_XLOC_050545,False,,,0,0,0
Hum_XLOC_050546,True,0.0,,0,0,0
Hum_XLOC_050551,True,0.0,,0,0,0
Hum_XLOC_050552,True,0.0,,0,0,0
Hum_XLOC_050554,False,,,0,0,0
Hum_XLOC_050555,False,,,0,0,0
Hum_XLOC_050556,False,,,0,0,0
Hum_XLOC_050557,False,,,0,0,0
Hum_XLOC_050558,False,,,0,0,0
Hum_XLOC_050560,False,,,0,0,0
Hum_XLOC_050561,True,0.0,,0,0,0
Hum_XLOC_050563,False,,,0,0,0
Hum_XLOC_050564,False,,,0,0,0
Hum_XLOC_050566,False,,,0,0,0
Hum_XLOC_050571,False,,,0,0,0
Hum_XLOC_050572,True,0.0,,0,0,0
Hum_XLOC_050573,False,,,0,0,0
Hum_XLOC_050574,False,,,0,0,0
Hum_XLOC_050578,False,,,0,0,0
Hum_XLOC_050583,False,,,0,0,0
Hum_XLOC_050587,False,,,0,0,0
Hum_XLOC_050588,False,,,0,0,0
Hum_XLOC_050590,True,0.0,,0,0,0
Hum_XLOC_050593,False,,,0,0,0
Hum_XLOC_050594,False,,,0,0,0
Hum_XLOC_050595,False,,,0,0,0
Hum_XLOC_050597,False,,,0,0,0
Hum_XLOC_050603,False,,,0,0,0
Hum_XLOC_050606,False,,,0,0,0
Hum_XLOC_050608,True,0.0,,0,0,0
Hum_XLOC_050613,True,0.0,,0,0,0
Hum_XLOC_050614,False,,,0,0,0
Hum_XLOC_050617,False,,,0,0,0
Hum_XLOC_050618,True,0.0,,0,0,0
Hum_XLOC_050621,False,,,0,0,0
Hum_XLOC_050622,False,,,0,0,0
Hum_XLOC_050623,False,,,0,0,0
Hum_XLOC_050624,False,,,0,0,0
Hum_XLOC_050625,False,,,0,0,0
Hum_XLOC_050635,False,,,0,0,0
Hum_XLOC_050636,False,,,0,0,0
Hum_XLOC_050637,False,,,0,0,0
Hum_XLOC_050638,False,,,0,0,0
Hum_XLOC_050639,False,,,0,0,0
Hum_XLOC_050640,False,,,0,0,0
Hum_XLOC_050641,False,,,0,0,0
Hum_XLOC_050642,False,,,0,0,0
Hum_XLOC_050643,False,,,0,0,0
Hum_XLOC_050645,False,,,0,0,0
Hum_XLOC_050646,False,,,0,0,0
Hum_XLOC_050647,False,,,0,0,0
Hum_XLOC_050650,False,,,0,0,0
Hum_XLOC_050651,False,,,0,0,0
Hum_XLOC_050652,True,0.0,,0,0,0
Hum_XLOC_050653,True,0.0,,0,0,0
Hum_XLOC_050654,True,0.0,,0,0,0
Hum_XLOC_050655,False,,,0,0,0
Hum_XLOC_050656,False,,,0,0,0
Hum_XLOC_050657,False,,,0,0,0
Hum_XLOC_050661,False,,,0,0,0
Hum_XLOC_050662,False,,,0,0,0
Hum_XLOC_050663,False,,,0,0,0
Hum_XLOC_050671,False,,,0,0,0
Hum_XLOC_050673,False,,,0,0,0
Hum_XLOC_050677,True,0.0,,0,0,0
Hum_XLOC_050678,False,,,0,0,0
Hum_XLOC_050679,True,0.0,,0,0,0
Hum_XLOC_050684,False,,,0,0,0
Hum_XLOC_050685,False,,,0,0,0
Hum_XLOC_050686,False,,,0,0,0
Hum_XLOC_050687,True,0.0,,0,0,0
Hum_XLOC_050688,False,,,0,0,0
Hum_XLOC_050689,True,0.0,,0,0,0
Hum_XLOC_050690,False,,,0,0,0
Hum_XLOC_050691,False,,,0,0,0
Hum_XLOC_050692,False,,,0,0,0
Hum_XLOC_050693,False,,,0,0,0
Hum_XLOC_050694,False,,,0,0,0
Hum_XLOC_050695,False,,,0,0,0
Hum_XLOC_050696,False,,,0,0,0
Hum_XLOC_050700,False,,,0,0,0
Hum_XLOC_050701,False,,,0,0,0
Hum_XLOC_050702,False,,,0,0,0
Hum_XLOC_050703,False,,,0,0,0
Hum_XLOC_050704,False,,,0,0,0
Hum_XLOC_050705,False,,,0,0,0
Hum_XLOC_050706,False,,,0,0,0
Hum_XLOC_050707,False,,,0,0,0
Hum_XLOC_050708,False,,,0,0,0
Hum_XLOC_050709,False,,,0,0,0
Hum_XLOC_050710,False,,,0,0,0
Hum_XLOC_050711,False,,,0,0,0
Hum_XLOC_050712,True,0.0,,0,0,0
Hum_XLOC_050713,False,,,0,0,0
Hum_XLOC_050714,False,,,0,0,0
Hum_XLOC_050715,False,,,0,0,0
Hum_XLOC_050716,False,,,0,0,0
Hum_XLOC_050718,False,,,0,0,0
Hum_XLOC_050719,False,,,0,0,0
Hum_XLOC_050720,False,,,0,0,0
Hum_XLOC_050722,True,0.0,,0,0,0
Hum_XLOC_050723,False,,,0,0,0
Hum_XLOC_050724,False,,,0,0,0
Hum_XLOC_050725,False,,,0,0,0
Hum_XLOC_050730,False,,,0,0,0
Hum_XLOC_050731,False,,,0,0,0
Hum_XLOC_050732,False,,,0,0,0
Hum_XLOC_050733,False,,,0,0,0
Hum_XLOC_050734,False,,,0,0,0
Hum_XLOC_050736,False,,,0,0,0
Hum_XLOC_050737,False,,,0,0,0
Hum_XLOC_050739,False,,,0,0,0
Hum_XLOC_050740,False,,,0,0,0
Hum_XLOC_050741,False,,,0,0,0
Hum_XLOC_050744,False,,,0,0,0
Hum_XLOC_050745,False,,,0,0,0
Hum_XLOC_050748,False,,,0,0,0
Hum_XLOC_050749,False,,,0,0,0
Hum_XLOC_050750,False,,,0,0,0
Hum_XLOC_050751,False,,,0,0,0
Hum_XLOC_050752,False,,,0,0,0
Hum_XLOC_050754,False,,,0,0,0
Hum_XLOC_050755,False,,,0,0,0
Hum_XLOC_050760,True,0.0,,0,0,0
Hum_XLOC_050761,True,0.0,,0,0,0
Hum_XLOC_050763,False,,,0,0,0
Hum_XLOC_050765,False,,,0,0,0
Hum_XLOC_050766,False,,,0,0,0
Hum_XLOC_050767,False,,,0,0,0
Hum_XLOC_050768,False,,,0,0,0
Hum_XLOC_050769,False,,,0,0,0
Hum_XLOC_050770,False,,,0,0,0
Hum_XLOC_050771,False,,,0,0,0
Hum_XLOC_050772,False,,,0,0,0
Hum_XLOC_050773,False,,,0,0,0
Hum_XLOC_050774,False,,,0,0,0
Hum_XLOC_050775,False,,,0,0,0
Hum_XLOC_050776,False,,,0,0,0
Hum_XLOC_050777,False,,,0,0,0
Hum_XLOC_050778,True,0.0,,0,0,0
Hum_XLOC_050779,False,,,0,0,0
Hum_XLOC_050780,False,,,0,0,0
Hum_XLOC_050781,False,,,0,0,0
Hum_XLOC_050782,False,,,0,0,0
Hum_XLOC_050783,False,,,0,0,0
Hum_XLOC_050785,True,0.0,,0,0,0
Hum_XLOC_050786,False,,,0,0,0
Hum_XLOC_050788,False,,,0,0,0
Hum_XLOC_050789,False,,,0,0,0
Hum_XLOC_050790,False,,,0,0,0
Hum_XLOC_050791,False,,,0,0,0
Hum_XLOC_050792,False,,,0,0,0
Hum_XLOC_050793,False,,,0,0,0
Hum_XLOC_050794,False,,,0,0,0
Hum_XLOC_050795,False,,,0,0,0
Hum_XLOC_050796,False,,,0,0,0
Hum_XLOC_050797,True,0.0,,0,0,0
Hum_XLOC_050799,False,,,0,0,0
Hum_XLOC_050800,False,,,0,0,0
Hum_XLOC_050801,False,,,0,0,0
Hum_XLOC_050802,True,0.0,,0,0,0
Hum_XLOC_050803,False,,,0,0,0
Hum_XLOC_050805,False,,,0,0,0
Hum_XLOC_050806,False,,,0,0,0
Hum_XLOC_050807,False,,,0,0,0
Hum_XLOC_050808,False,,,0,0,0
Hum_XLOC_050809,False,,,0,0,0
Hum_XLOC_050815,True,0.0,,0,0,0
Hum_XLOC_050817,False,,,0,0,0
Hum_XLOC_050820,False,,,0,0,0
Hum_XLOC_050821,True,0.0,,0,0,0
Hum_XLOC_050822,False,,,0,0,0
Hum_XLOC_050823,False,,,0,0,0
Hum_XLOC_050827,False,,,0,0,0
Hum_XLOC_050828,False,,,0,0,0
Hum_XLOC_050829,True,0.0,,0,0,0
Hum_XLOC_050832,False,,,0,0,0
Hum_XLOC_050835,False,,,0,0,0
Hum_XLOC_050836,False,,,0,0,0
Hum_XLOC_050838,True,0.0,,0,0,0
Hum_XLOC_050839,False,,,0,0,0
Hum_XLOC_050840,True,0.0,,0,0,0
Hum_XLOC_050841,False,,,0,0,0
Hum_XLOC_050842,True,0.0,,0,0,0
Hum_XLOC_050845,False,,,0,0,0
Hum_XLOC_050846,True,0.0,,0,0,0
Hum_XLOC_050847,False,,,0,0,0
Hum_XLOC_050853,False,,,0,0,0
Hum_XLOC_050859,False,,,0,0,0
Hum_XLOC_050862,True,0.0,,0,0,0
Hum_XLOC_050864,False,,,0,0,0
Hum_XLOC_050866,False,,,0,0,0
Hum_XLOC_050868,True,0.0,,0,0,0
Hum_XLOC_050872,False,,,0,0,0
Hum_XLOC_050879,False,,,0,0,0
Hum_XLOC_050880,False,,,0,0,0
Hum_XLOC_050881,False,,,0,0,0
Hum_XLOC_050883,False,,,0,0,0
Hum_XLOC_050884,False,,,0,0,0
Hum_XLOC_050885,False,,,0,0,0
Hum_XLOC_050886,False,,,0,0,0
Hum_XLOC_050887,True,0.0,,0,0,0
Hum_XLOC_050889,True,0.0,,0,0,0
Hum_XLOC_050890,True,0.0,,0,0,0
Hum_XLOC_050891,False,,,0,0,0
Hum_XLOC_050893,False,,,0,0,0
Hum_XLOC_050895,False,,,0,0,0
Hum_XLOC_050896,False,,,0,0,0
Hum_XLOC_050900,False,,,0,0,0
Hum_XLOC_050901,False,,,0,0,0
Hum_XLOC_050902,False,,,0,0,0
Hum_XLOC_050903,False,,,0,0,0
Hum_XLOC_050904,False,,,0,0,0
Hum_XLOC_050906,False,,,0,0,0
Hum_XLOC_050909,False,,,0,0,0
Hum_XLOC_050910,True,0.0,,0,0,0
Hum_XLOC_050911,False,,,0,0,0
Hum_XLOC_050912,False,,,0,0,0
Hum_XLOC_050913,True,0.0,,0,0,0
Hum_XLOC_050914,False,,,0,0,0
Hum_XLOC_050915,False,,,0,0,0
Hum_XLOC_050916,False,,,0,0,0
Hum_XLOC_050919,False,,,0,0,0
Hum_XLOC_050921,False,,,0,0,0
Hum_XLOC_050922,False,,,0,0,0
Hum_XLOC_050924,False,,,0,0,0
Hum_XLOC_050926,False,,,0,0,0
Hum_XLOC_050929,False,,,0,0,0
Hum_XLOC_050930,False,,,0,0,0
Hum_XLOC_050931,False,,,0,0,0
Hum_XLOC_050932,False,,,0,0,0
Hum_XLOC_050936,False,,,0,0,0
Hum_XLOC_050937,False,,,0,0,0
Hum_XLOC_050938,True,0.0,,0,0,0
Hum_XLOC_050940,False,,,0,0,0
Hum_XLOC_050941,False,,,0,0,0
Hum_XLOC_050942,False,,,0,0,0
Hum_XLOC_050943,False,,,0,0,0
Hum_XLOC_050944,False,,,0,0,0
Hum_XLOC_050947,False,,,0,0,0
Hum_XLOC_050948,False,,,0,0,0
Hum_XLOC_050950,False,,,0,0,0
Hum_XLOC_050951,False,,,0,0,0
Hum_XLOC_050952,False,,,0,0,0
Hum_XLOC_050953,False,,,0,0,0
Hum_XLOC_050956,False,,,0,0,0
Hum_XLOC_050957,False,,,0,0,0
Hum_XLOC_050958,False,,,0,0,0
Hum_XLOC_050959,False,,,0,0,0
Hum_XLOC_050962,False,,,0,0,0
Hum_XLOC_050963,False,,,0,0,0
Hum_XLOC_050965,False,,,0,0,0
Hum_XLOC_050966,False,,,0,0,0
Hum_XLOC_050968,False,,,0,0,0
Hum_XLOC_050969,False,,,0,0,0
Hum_XLOC_050970,False,,,0,0,0
Hum_XLOC_050971,False,,,0,0,0
Hum_XLOC_050972,False,,,0,0,0
Hum_XLOC_050973,False,,,0,0,0
Hum_XLOC_050974,False,,,0,0,0
Hum_XLOC_050975,False,,,0,0,0
Hum_XLOC_050976,False,,0.0,1,2,6
Hum_XLOC_050979,False,,,0,0,0
Hum_XLOC_050980,True,0.0,,0,0,0
Hum_XLOC_050981,False,,,0,0,0
Hum_XLOC_050983,False,,,0,0,0
Hum_XLOC_050985,False,,,0,0,0
Hum_XLOC_050989,False,,,0,0,0
Hum_XLOC_050990,False,,,0,0,0
Hum_XLOC_050991,False,,,0,0,0
Hum_XLOC_050992,False,,,0,0,0
Hum_XLOC_050993,False,,,0,0,0
Hum_XLOC_050995,False,,,0,0,0
Hum_XLOC_050996,False,,,0,0,0
Hum_XLOC_050998,False,,,0,0,0
Hum_XLOC_050999,False,,,0,0,0
Hum_XLOC_051002,False,,,0,0,0
Hum_XLOC_051006,False,,,0,0,0
Hum_XLOC_051007,False,,,0,0,0
Hum_XLOC_051011,False,,,0,0,0
Hum_XLOC_051012,False,,,0,0,0
Hum_XLOC_051014,True,0.0,,0,0,0
Hum_XLOC_051015,False,,,0,0,0
Hum_XLOC_051019,False,,,0,0,0
Hum_XLOC_051020,False,,,0,0,0
Hum_XLOC_051021,False,,,0,0,0
Hum_XLOC_051022,False,,,0,0,0
Hum_XLOC_051023,True,0.0,,0,0,0
Hum_XLOC_051024,False,,,0,0,0
Hum_XLOC_051025,True,0.0,,0,0,0
Hum_XLOC_051026,False,,,0,0,0
Hum_XLOC_051027,False,,,0,0,0
Hum_XLOC_051028,False,,,0,0,0
Hum_XLOC_051029,False,,,0,0,0
Hum_XLOC_051030,False,,,0,0,0
Hum_XLOC_051031,False,,,0,0,0
Hum_XLOC_051032,False,,,0,0,0
Hum_XLOC_051034,True,0.0,,0,0,0
Hum_XLOC_051035,False,,,0,0,0
Hum_XLOC_051036,False,,,0,0,0
Hum_XLOC_051039,True,0.0,,0,0,0
Hum_XLOC_051040,False,,,0,0,0
Hum_XLOC_051044,False,,,0,0,0
Hum_XLOC_051046,False,,,0,0,0
Hum_XLOC_051047,True,,,0,0,0
Hum_XLOC_051048,False,,,0,0,0
Hum_XLOC_051049,False,,,0,0,0
Hum_XLOC_051050,False,,,0,0,0
Hum_XLOC_051051,False,,,0,0,0
Hum_XLOC_051052,False,,,0,0,0
Hum_XLOC_051053,False,,,0,0,0
Hum_XLOC_051054,False,,,0,0,0
Hum_XLOC_051057,True,0.0,,0,0,0
Hum_XLOC_051058,False,,,0,0,0
Hum_XLOC_051059,False,,,0,0,0
Hum_XLOC_051060,False,,,0,0,0
Hum_XLOC_051062,False,,,0,0,0
Hum_XLOC_051063,False,,,0,0,0
Hum_XLOC_051064,False,,,0,0,0
Hum_XLOC_051065,False,,,0,0,0
Hum_XLOC_051066,False,,,0,0,0
Hum_XLOC_051071,False,,,0,0,0
Hum_XLOC_051072,False,,,0,0,0
Hum_XLOC_051073,False,,,0,0,0
Hum_XLOC_051074,False,,,0,0,0
Hum_XLOC_051075,False,,,0,0,0
Hum_XLOC_051076,False,,,0,0,0
Hum_XLOC_051077,False,,,0,0,0
Hum_XLOC_051079,False,,,0,0,0
Hum_XLOC_051080,False,,,0,0,0
Hum_XLOC_051081,False,,,0,0,0
Hum_XLOC_051082,False,,,0,0,0
Hum_XLOC_051083,False,,,0,0,0
Hum_XLOC_051085,False,,,0,0,0
Hum_XLOC_051087,False,,,0,0,0
Hum_XLOC_051088,False,,,0,0,0
Hum_XLOC_051089,False,,,0,0,0
Hum_XLOC_051090,False,,,0,0,0
Hum_XLOC_051092,False,,,0,0,0
Hum_XLOC_051093,False,,,0,0,0
Hum_XLOC_051094,False,,,0,0,0
Hum_XLOC_051095,False,,,0,0,0
Hum_XLOC_051096,False,,,0,0,0
Hum_XLOC_051097,False,,,0,0,0
Hum_XLOC_051098,False,,,0,0,0
Hum_XLOC_051099,False,,,0,0,0
Hum_XLOC_051100,False,,,0,0,0
Hum_XLOC_051101,False,,,0,0,0
Hum_XLOC_051102,False,,,0,0,0
Hum_XLOC_051103,False,,,0,0,0
Hum_XLOC_051104,False,,,0,0,0
Hum_XLOC_051105,False,,,0,0,0
Hum_XLOC_051106,False,,,0,0,0
Hum_XLOC_051107,True,0.0,,0,0,0
Hum_XLOC_051108,False,,,0,0,0
Hum_XLOC_051109,False,,,0,0,0
Hum_XLOC_051113,False,,,0,0,0
Hum_XLOC_051114,True,0.0,,0,0,0
Hum_XLOC_051115,True,0.0,,0,0,0
Hum_XLOC_051117,True,0.0,,0,0,0
Hum_XLOC_051118,False,,,0,0,0
Hum_XLOC_051119,False,,,0,0,0
Hum_XLOC_051120,False,,,0,0,0
Hum_XLOC_051121,False,,,0,0,0
Hum_XLOC_051122,True,0.0,,0,0,0
Hum_XLOC_051123,False,,,0,0,0
Hum_XLOC_051124,False,,,0,0,0
Hum_XLOC_051125,False,,,0,0,0
Hum_XLOC_051127,False,,,0,0,0
Hum_XLOC_051128,False,,,0,0,0
Hum_XLOC_051129,False,,,0,0,0
Hum_XLOC_051130,False,,,0,0,0
Hum_XLOC_051131,False,,,0,0,0
Hum_XLOC_051132,False,,,0,0,0
Hum_XLOC_051133,False,,,0,0,0
Hum_XLOC_051135,False,,,0,0,0
Hum_XLOC_051136,False,,,0,0,0
Hum_XLOC_051137,False,,,0,0,0
Hum_XLOC_051138,False,,,0,0,0
Hum_XLOC_051139,True,0.0,,0,0,0
Hum_XLOC_051140,False,,,0,0,0
Hum_XLOC_051141,False,,,0,0,0
Hum_XLOC_051144,False,,,0,0,0
Hum_XLOC_051145,True,0.0,,0,0,0
Hum_XLOC_051147,False,,,0,0,0
Hum_XLOC_051148,False,,,0,0,0
Hum_XLOC_051149,False,,,0,0,0
Hum_XLOC_051150,False,,,0,0,0
Hum_XLOC_051151,False,,,0,0,0
Hum_XLOC_051152,True,0.0,,0,0,0
Hum_XLOC_051153,True,0.0,,0,0,0
Hum_XLOC_051154,False,,,0,0,0
Hum_XLOC_051155,False,,,0,0,0
Hum_XLOC_051156,True,0.0,,0,0,0
Hum_XLOC_051157,False,,,0,0,0
Hum_XLOC_051158,False,,,0,0,0
Hum_XLOC_051159,False,,,0,0,0
Hum_XLOC_051160,False,,,0,0,0
Hum_XLOC_051161,False,,,0,0,0
Hum_XLOC_051162,False,,,0,0,0
Hum_XLOC_051163,False,,,0,0,0
Hum_XLOC_051168,True,0.0,,0,0,0
Hum_XLOC_051169,False,,,0,0,0
Hum_XLOC_051170,False,,,0,0,0
Hum_XLOC_051171,False,,,0,0,0
Hum_XLOC_051172,False,,,0,0,0
Hum_XLOC_051173,False,,,0,0,0
Hum_XLOC_051174,False,,,0,0,0
Hum_XLOC_051175,True,0.0,,0,0,0
Hum_XLOC_051176,False,,,0,0,0
Hum_XLOC_051177,False,,,0,0,0
Hum_XLOC_051181,False,,,0,0,0
Hum_XLOC_051182,False,,,0,0,0
Hum_XLOC_051183,False,,,0,0,0
Hum_XLOC_051184,False,,,0,0,0
Hum_XLOC_051186,False,,,0,0,0
Hum_XLOC_051189,True,0.0,,0,0,0
Hum_XLOC_051190,False,,,0,0,0
Hum_XLOC_051191,False,,,0,0,0
Hum_XLOC_051194,False,,,0,0,0
Hum_XLOC_051195,False,,,0,0,0
Hum_XLOC_051196,True,0.0,,0,0,0
Hum_XLOC_051197,False,,,0,0,0
Hum_XLOC_051198,True,0.0,,0,0,0
Hum_XLOC_051199,False,,,0,0,0
Hum_XLOC_051200,False,,,0,0,0
Hum_XLOC_051201,False,,,0,0,0
Hum_XLOC_051202,False,,,0,0,0
Hum_XLOC_051203,False,,,0,0,0
Hum_XLOC_051204,False,,,0,0,0
Hum_XLOC_051205,False,,,0,0,0
Hum_XLOC_051207,False,,,0,0,0
Hum_XLOC_051208,False,,,0,0,0
Hum_XLOC_051209,False,,,0,0,0
Hum_XLOC_051210,False,,,0,0,0
Hum_XLOC_051211,False,,,0,0,0
Hum_XLOC_051212,False,,,0,0,0
Hum_XLOC_051213,False,,,0,0,0
Hum_XLOC_051214,False,,,0,0,0
Hum_XLOC_051215,False,,,0,0,0
Hum_XLOC_051216,False,,,0,0,0
Hum_XLOC_051217,False,,,0,0,0
Hum_XLOC_051218,False,,,0,0,0
Hum_XLOC_051222,False,,,0,0,0
Hum_XLOC_051223,False,,,0,0,0
Hum_XLOC_051224,False,,,0,0,0
Hum_XLOC_051226,False,,,0,0,0
Hum_XLOC_051227,False,,,0,0,0
Hum_XLOC_051231,False,,,0,0,0
Hum_XLOC_051232,False,,,0,0,0
Hum_XLOC_051237,False,,,0,0,0
Hum_XLOC_051238,False,,,0,0,0
Hum_XLOC_051239,False,,,0,0,0
Hum_XLOC_051242,True,0.0,,0,0,0
Hum_XLOC_051243,False,,,0,0,0
Hum_XLOC_051244,False,,,0,0,0
Hum_XLOC_051246,False,,,0,0,0
Hum_XLOC_051247,False,,,0,0,0
Hum_XLOC_051249,True,0.0,,0,0,0
Hum_XLOC_051250,False,,,0,0,0
Hum_XLOC_051251,False,,,0,0,0
Hum_XLOC_051252,False,,,0,0,0
Hum_XLOC_051253,True,0.0,,0,0,0
Hum_XLOC_051254,False,,,0,0,0
Hum_XLOC_051256,False,,,0,0,0
Hum_XLOC_051258,False,,,0,0,0
Hum_XLOC_051259,False,,,0,0,0
Hum_XLOC_051261,False,,,0,0,0
Hum_XLOC_051262,False,,,0,0,0
Hum_XLOC_051263,False,,,0,0,0
Hum_XLOC_051264,False,,,0,0,0
Hum_XLOC_051265,False,,,0,0,0
Hum_XLOC_051266,False,,,0,0,0
Hum_XLOC_051268,False,,,0,0,0
Hum_XLOC_051269,False,,,0,0,0
Hum_XLOC_051270,False,,,0,0,0
Hum_XLOC_051271,True,0.0,,0,0,0
Hum_XLOC_051272,False,,,0,0,0
Hum_XLOC_051273,False,,,0,0,0
Hum_XLOC_051274,False,,,0,0,0
Hum_XLOC_051276,False,,,0,0,0
Hum_XLOC_051277,False,,,0,0,0
Hum_XLOC_051278,False,,,0,0,0
Hum_XLOC_051279,False,,,0,0,0
Hum_XLOC_051283,False,,,0,0,0
Hum_XLOC_051285,False,,,0,0,0
Hum_XLOC_051287,True,0.0,,0,0,0
Hum_XLOC_051288,False,,,0,0,0
Hum_XLOC_051290,False,,,0,0,0
Hum_XLOC_051291,False,,,0,0,0
Hum_XLOC_051293,False,,,0,0,0
Hum_XLOC_051294,False,,,0,0,0
Hum_XLOC_051297,False,,,0,0,0
Hum_XLOC_051298,True,0.0,,0,0,0
Hum_XLOC_051301,False,,,0,0,0
Hum_XLOC_051302,False,,,0,0,0
Hum_XLOC_051304,True,0.0,,0,0,0
Hum_XLOC_051306,False,,,0,0,0
Hum_XLOC_051307,False,,,0,0,0
Hum_XLOC_051308,False,,,0,0,0
Hum_XLOC_051309,False,,,0,0,0
Hum_XLOC_051310,False,,,0,0,0
Hum_XLOC_051311,False,,,0,0,0
Hum_XLOC_051313,False,,,0,0,0
Hum_XLOC_051314,False,,,0,0,0
Hum_XLOC_051316,True,0.0,,0,0,0
Hum_XLOC_051317,True,0.0,,0,0,0
Hum_XLOC_051319,False,,,0,0,0
Hum_XLOC_051322,True,0.0,,0,0,0
Hum_XLOC_051323,False,,,0,0,0
Hum_XLOC_051324,False,,,0,0,0
Hum_XLOC_051325,False,,,0,0,0
Hum_XLOC_051326,False,,,0,0,0
Hum_XLOC_051327,False,,,0,0,0
Hum_XLOC_051328,False,,,0,0,0
Hum_XLOC_051329,False,,,0,0,0
Hum_XLOC_051330,False,,,0,0,0
Hum_XLOC_051332,False,,,0,0,0
Hum_XLOC_051333,False,,,0,0,0
Hum_XLOC_051334,False,,,0,0,0
Hum_XLOC_051335,False,,,0,0,0
Hum_XLOC_051336,False,,,0,0,0
Hum_XLOC_051337,True,0.0,,0,0,0
Hum_XLOC_051339,False,,,0,0,0
Hum_XLOC_051340,False,,,0,0,0
Hum_XLOC_051341,False,,,0,0,0
Hum_XLOC_051342,False,,,0,0,0
Hum_XLOC_051345,False,,,0,0,0
Hum_XLOC_051346,True,0.0,,0,0,0
Hum_XLOC_051352,False,,,0,0,0
Hum_XLOC_051353,False,,,0,0,0
Hum_XLOC_051355,False,,,0,0,0
Hum_XLOC_051356,False,,,0,0,0
Hum_XLOC_051358,False,,,0,0,0
Hum_XLOC_051359,True,0.0,,0,0,0
Hum_XLOC_051360,True,0.0,,0,0,0
Hum_XLOC_051361,False,,,0,0,0
Hum_XLOC_051362,True,0.0,,0,0,0
Hum_XLOC_051363,False,,,0,0,0
Hum_XLOC_051364,False,,,0,0,0
Hum_XLOC_051365,False,,,0,0,0
Hum_XLOC_051366,False,,,0,0,0
Hum_XLOC_051367,False,,,0,0,0
Hum_XLOC_051368,False,,,0,0,0
Hum_XLOC_051369,False,,,0,0,0
Hum_XLOC_051370,False,,,0,0,0
Hum_XLOC_051371,False,,,0,0,0
Hum_XLOC_051372,False,,,0,0,0
Hum_XLOC_051374,False,,,0,0,0
Hum_XLOC_051375,False,,,0,0,0
Hum_XLOC_051378,False,,,0,0,0
Hum_XLOC_051379,False,,,0,0,0
Hum_XLOC_051380,False,,,0,0,0
Hum_XLOC_051381,False,,,0,0,0
Hum_XLOC_051382,False,,,0,0,0
Hum_XLOC_051383,False,,,0,0,0
Hum_XLOC_051385,False,,,0,0,0
Hum_XLOC_051386,False,,,0,0,0
Hum_XLOC_051387,False,,,0,0,0
Hum_XLOC_051388,False,,,0,0,0
Hum_XLOC_051389,False,,,0,0,0
Hum_XLOC_051390,False,,,0,0,0
Hum_XLOC_051392,False,,,0,0,0
Hum_XLOC_051393,False,,,0,0,0
Hum_XLOC_051395,False,,,0,0,0
Hum_XLOC_051396,False,,,0,0,0
Hum_XLOC_051397,False,,,0,0,0
Hum_XLOC_051400,False,,,0,0,0
Hum_XLOC_051402,False,,,0,0,0
Hum_XLOC_051403,False,,,0,0,0
Hum_XLOC_051404,False,,,0,0,0
Hum_XLOC_051407,False,,,0,0,0
Hum_XLOC_051410,False,,,0,0,0
Hum_XLOC_051411,False,,,0,0,0
Hum_XLOC_051413,False,,,0,0,0
Hum_XLOC_051416,True,0.0,,0,0,0
Hum_XLOC_051417,False,,,0,0,0
Hum_XLOC_051419,False,,,0,0,0
Hum_XLOC_051422,True,0.0,,0,0,0
Hum_XLOC_051423,False,,,0,0,0
Hum_XLOC_051426,False,,,0,0,0
Hum_XLOC_051430,False,,,0,0,0
Hum_XLOC_051431,False,,,0,0,0
Hum_XLOC_051432,True,0.0,,0,0,0
Hum_XLOC_051435,True,0.0,,0,0,0
Hum_XLOC_051436,False,,,0,0,0
Hum_XLOC_051437,False,,,0,0,0
Hum_XLOC_051438,False,,,0,0,0
Hum_XLOC_051439,True,0.0,,0,0,0
Hum_XLOC_051440,False,,,0,0,0
Hum_XLOC_051449,False,,,0,0,0
Hum_XLOC_051450,False,,,0,0,0
Hum_XLOC_051451,False,,,0,0,0
Hum_XLOC_051452,False,,,0,0,0
Hum_XLOC_051454,False,,,0,0,0
Hum_XLOC_051455,True,0.0,,0,0,0
Hum_XLOC_051456,False,,,0,0,0
Hum_XLOC_051457,False,,,0,0,0
Hum_XLOC_051459,True,0.0,,0,0,0
Hum_XLOC_051460,False,,,0,0,0
Hum_XLOC_051461,False,,,0,0,0
Hum_XLOC_051462,False,,,0,0,0
Hum_XLOC_051463,False,,,0,0,0
Hum_XLOC_051464,True,0.0,,0,0,0
Hum_XLOC_051466,True,0.0,,0,0,0
Hum_XLOC_051467,False,,,0,0,0
Hum_XLOC_051468,False,,,0,0,0
Hum_XLOC_051469,False,,,0,0,0
Hum_XLOC_051470,False,,,0,0,0
Hum_XLOC_051471,False,,,0,0,0
Hum_XLOC_051472,False,,,0,0,0
Hum_XLOC_051473,False,,,0,0,0
Hum_XLOC_051474,False,,,0,0,0
Hum_XLOC_051475,False,,,0,0,0
Hum_XLOC_051477,False,,,0,0,0
Hum_XLOC_051478,False,,,0,0,0
Hum_XLOC_051479,False,,,0,0,0
Hum_XLOC_051480,False,,,0,0,0
Hum_XLOC_051481,False,,,0,0,0
Hum_XLOC_051482,False,,,0,0,0
Hum_XLOC_051483,False,,,0,0,0
Hum_XLOC_051484,False,,,0,0,0
Hum_XLOC_051485,False,,,0,0,0
Hum_XLOC_051487,True,0.0,,0,0,0
Hum_XLOC_051488,False,,,0,0,0
Hum_XLOC_051489,False,,,0,0,0
Hum_XLOC_051490,False,,,0,0,0
Hum_XLOC_051492,False,,,0,0,0
Hum_XLOC_051495,True,0.0,,0,0,0
Hum_XLOC_051496,False,,,0,0,0
Hum_XLOC_051497,False,,,0,0,0
Hum_XLOC_051500,False,,,0,0,0
Hum_XLOC_051501,False,,,0,0,0
Hum_XLOC_051502,False,,,0,0,0
Hum_XLOC_051503,True,0.0,,0,0,0
Hum_XLOC_051504,False,,,0,0,0
Hum_XLOC_051506,False,,,0,0,0
Hum_XLOC_051509,False,,,0,0,0
Hum_XLOC_051513,False,,,0,0,0
Hum_XLOC_051514,False,,,0,0,0
Hum_XLOC_051516,False,,,0,0,0
Hum_XLOC_051518,False,,,0,0,0
Hum_XLOC_051519,False,,,0,0,0
Hum_XLOC_051520,False,,,0,0,0
Hum_XLOC_051521,False,,,0,0,0
Hum_XLOC_051524,False,,,0,0,0
Hum_XLOC_051525,False,,,0,0,0
Hum_XLOC_051526,False,,,0,0,0
Hum_XLOC_051531,True,0.0,,0,0,0
Hum_XLOC_051535,False,,,0,0,0
Hum_XLOC_051537,True,0.0,,0,0,0
Hum_XLOC_051539,False,,,0,0,0
Hum_XLOC_051540,False,,,0,0,0
Hum_XLOC_051541,True,0.0,,0,0,0
Hum_XLOC_051542,False,,,0,0,0
Hum_XLOC_051544,False,,,0,0,0
Hum_XLOC_051546,False,,,0,0,0
Hum_XLOC_051547,False,,,0,0,0
Hum_XLOC_051548,False,,,0,0,0
Hum_XLOC_051550,False,,,0,0,0
Hum_XLOC_051556,False,,,0,0,0
Hum_XLOC_051558,False,,,0,0,0
Hum_XLOC_051561,False,,,0,0,0
Hum_XLOC_051562,False,,,0,0,0
Hum_XLOC_051563,True,0.0,,0,0,0
Hum_XLOC_051565,False,,,0,0,0
Hum_XLOC_051566,False,,,0,0,0
Hum_XLOC_051567,False,,,0,0,0
Hum_XLOC_051568,False,,,0,0,0
Hum_XLOC_051569,True,0.0,,0,0,0
Hum_XLOC_051575,False,,,0,0,0
Hum_XLOC_051584,True,0.0,,0,0,0
Hum_XLOC_051585,False,,,0,0,0
Hum_XLOC_051594,False,,,0,0,0
Hum_XLOC_051595,False,,,0,0,0
Hum_XLOC_051596,True,0.0,,0,0,0
Hum_XLOC_051597,False,,,0,0,0
Hum_XLOC_051598,True,0.0,,0,0,0
Hum_XLOC_051599,False,,,0,0,0
Hum_XLOC_051600,False,,,0,0,0
Hum_XLOC_051602,False,,,0,0,0
Hum_XLOC_051603,False,,,0,0,0
Hum_XLOC_051604,True,0.0,,0,0,0
Hum_XLOC_051605,False,,,0,0,0
Hum_XLOC_051606,True,0.0,,0,0,0
Hum_XLOC_051607,True,0.0,,0,0,0
Hum_XLOC_051611,False,,,0,0,0
Hum_XLOC_051614,False,,,0,0,0
Hum_XLOC_051621,False,,,0,0,0
Hum_XLOC_051622,False,,,0,0,0
Hum_XLOC_051623,False,,,0,0,0
Hum_XLOC_051628,True,0.0,,0,0,0
Hum_XLOC_051629,False,,,0,0,0
Hum_XLOC_051630,False,,,0,0,0
Hum_XLOC_051638,False,,,0,0,0
Hum_XLOC_051639,False,,,0,0,0
Hum_XLOC_051640,False,,,0,0,0
Hum_XLOC_051642,False,,,0,0,0
Hum_XLOC_051643,False,,,0,0,0
Hum_XLOC_051644,False,,,0,0,0
Hum_XLOC_051649,False,,,0,0,0
Hum_XLOC_051652,False,,,0,0,0
Hum_XLOC_051654,False,,,0,0,0
Hum_XLOC_051655,False,,,0,0,0
Hum_XLOC_051656,False,,,0,0,0
Hum_XLOC_051657,False,,,0,0,0
Hum_XLOC_051658,False,,,0,0,0
Hum_XLOC_051659,False,,,0,0,0
Hum_XLOC_051660,False,,,0,0,0
Hum_XLOC_051665,False,,,0,0,0
Hum_XLOC_051666,False,,,0,0,0
Hum_XLOC_051667,False,,,0,0,0
Hum_XLOC_051669,False,,,0,0,0
Hum_XLOC_051670,False,,,0,0,0
Hum_XLOC_051672,False,,,0,0,0
Hum_XLOC_051673,False,,,0,0,0
Hum_XLOC_051674,False,,,0,0,0
Hum_XLOC_051675,False,,,0,0,0
Hum_XLOC_051678,True,0.0,,0,0,0
Hum_XLOC_051679,False,,,0,0,0
Hum_XLOC_051681,False,,,0,0,0
Hum_XLOC_051682,False,,,0,0,0
Hum_XLOC_051683,False,,,0,0,0
Hum_XLOC_051687,False,,,0,0,0
Hum_XLOC_051688,False,,,0,0,0
Hum_XLOC_051690,False,,,0,0,0
Hum_XLOC_051691,True,0.0,,0,0,0
Hum_XLOC_051693,False,,,0,0,0
Hum_XLOC_051694,False,,,0,0,0
Hum_XLOC_051695,False,,,0,0,0
Hum_XLOC_051696,False,,,0,0,0
Hum_XLOC_051697,False,,,0,0,0
Hum_XLOC_051698,False,,,0,0,0
Hum_XLOC_051699,False,,,0,0,0
Hum_XLOC_051703,True,0.0,,0,0,0
Hum_XLOC_051706,False,,,0,0,0
Hum_XLOC_051708,False,,,0,0,0
Hum_XLOC_051710,False,,,0,0,0
Hum_XLOC_051712,False,,,0,0,0
Hum_XLOC_051713,False,,,0,0,0
Hum_XLOC_051715,True,0.0,,0,0,0
Hum_XLOC_051716,False,,,0,0,0
Hum_XLOC_051717,False,,,0,0,0
Hum_XLOC_051718,False,,,0,0,0
Hum_XLOC_051719,True,0.0,,0,0,0
Hum_XLOC_051720,False,,,0,0,0
Hum_XLOC_051721,True,0.0,,0,0,0
Hum_XLOC_051722,False,,,0,0,0
Hum_XLOC_051724,False,,,0,0,0
Hum_XLOC_051726,True,0.0,,0,0,0
Hum_XLOC_051727,False,,,0,0,0
Hum_XLOC_051728,True,0.0,,0,0,0
Hum_XLOC_051729,False,,,0,0,0
Hum_XLOC_051730,False,,,0,0,0
Hum_XLOC_051731,False,,,0,0,0
Hum_XLOC_051733,False,,,0,0,0
Hum_XLOC_051734,False,,,0,0,0
Hum_XLOC_051743,False,,,0,0,0
Hum_XLOC_051746,False,,,0,0,0
Hum_XLOC_051747,False,,,0,0,0
Hum_XLOC_051751,True,0.0,,0,0,0
Hum_XLOC_051760,False,,,0,0,0
Hum_XLOC_051761,False,,,0,0,0
Hum_XLOC_051762,False,,,0,0,0
Hum_XLOC_051764,False,,,0,0,0
Hum_XLOC_051765,False,,,0,0,0
Hum_XLOC_051767,False,,,0,0,0
Hum_XLOC_051770,False,,,0,0,0
Hum_XLOC_051778,False,,,0,0,0
Hum_XLOC_051779,True,0.0,,0,0,0
Hum_XLOC_051780,False,,,0,0,0
Hum_XLOC_051781,False,,,0,0,0
Hum_XLOC_051782,False,,,0,0,0
Hum_XLOC_051783,False,,,0,0,0
Hum_XLOC_051784,False,,,0,0,0
Hum_XLOC_051786,False,,,0,0,0
Hum_XLOC_051787,False,,,0,0,0
Hum_XLOC_051788,False,,,0,0,0
Hum_XLOC_051789,False,,,0,0,0
Hum_XLOC_051790,False,,,0,0,0
Hum_XLOC_051791,False,,,0,0,0
Hum_XLOC_051792,False,,,0,0,0
Hum_XLOC_051793,False,,,0,0,0
Hum_XLOC_051794,False,,,0,0,0
Hum_XLOC_051795,False,,,0,0,0
Hum_XLOC_051796,True,0.0,,0,0,0
Hum_XLOC_051797,True,0.0,,0,0,0
Hum_XLOC_051801,False,,,0,0,0
Hum_XLOC_051803,False,,,0,0,0
Hum_XLOC_051804,False,,,0,0,0
Hum_XLOC_051805,False,,,0,0,0
Hum_XLOC_051807,False,,,0,0,0
Hum_XLOC_051810,False,,,0,0,0
Hum_XLOC_051820,False,,,0,0,0
Hum_XLOC_051821,False,,,0,0,0
Hum_XLOC_051822,True,0.0,,0,0,0
Hum_XLOC_051823,True,0.0,,0,0,0
Hum_XLOC_051827,False,,,0,0,0
Hum_XLOC_051828,False,,,0,0,0
Hum_XLOC_051829,False,,,0,0,0
Hum_XLOC_051832,False,,,0,0,0
Hum_XLOC_051833,False,,,0,0,0
Hum_XLOC_051834,False,,,0,0,0
Hum_XLOC_051835,False,,,0,0,0
Hum_XLOC_051836,True,0.0,,0,0,0
Hum_XLOC_051840,False,,,0,0,0
Hum_XLOC_051841,False,,,0,0,0
Hum_XLOC_051842,True,0.0,,0,0,0
Hum_XLOC_051843,True,0.0,,0,0,0
Hum_XLOC_051844,False,,,0,0,0
Hum_XLOC_051851,False,,,0,0,0
Hum_XLOC_051852,False,,,0,0,0
Hum_XLOC_051853,False,,,0,0,0
Hum_XLOC_051854,False,,,0,0,0
Hum_XLOC_051855,False,,,0,0,0
Hum_XLOC_051856,False,,,0,0,0
Hum_XLOC_051857,True,0.0,,0,0,0
Hum_XLOC_051858,False,,,0,0,0
Hum_XLOC_051859,False,,,0,0,0
Hum_XLOC_051860,False,,,0,0,0
Hum_XLOC_051861,True,0.0,,0,0,0
Hum_XLOC_051862,True,0.0,,0,0,0
Hum_XLOC_051863,False,,,0,0,0
Hum_XLOC_051864,False,,,0,0,0
Hum_XLOC_051865,False,,,0,0,0
Hum_XLOC_051868,False,,,0,0,0
Hum_XLOC_051869,False,,,0,0,0
Hum_XLOC_051870,False,,,0,0,0
Hum_XLOC_051871,False,,,0,0,0
Hum_XLOC_051872,False,,,0,0,0
Hum_XLOC_051873,False,,,0,0,0
Hum_XLOC_051874,False,,,0,0,0
Hum_XLOC_051875,False,,,0,0,0
Hum_XLOC_051877,True,0.0,,0,0,0
Hum_XLOC_051878,False,,,0,0,0
Hum_XLOC_051883,True,0.0,,0,0,0
Hum_XLOC_051884,False,,,0,0,0
Hum_XLOC_051886,False,,,0,0,0
Hum_XLOC_051889,False,,,0,0,0
Hum_XLOC_051892,False,,,0,0,0
Hum_XLOC_051893,False,,,0,0,0
Hum_XLOC_051894,False,,,0,0,0
Hum_XLOC_051895,False,,,0,0,0
Hum_XLOC_051896,False,,,0,0,0
Hum_XLOC_051897,False,,,0,0,0
Hum_XLOC_051898,False,,,0,0,0
Hum_XLOC_051899,False,,,0,0,0
Hum_XLOC_051900,False,,,0,0,0
Hum_XLOC_051901,False,,,0,0,0
Hum_XLOC_051903,False,,,0,0,0
Hum_XLOC_051909,False,,,0,0,0
Hum_XLOC_051910,False,,,0,0,0
Hum_XLOC_051912,False,,,0,0,0
Hum_XLOC_051913,True,0.0,,0,0,0
Hum_XLOC_051915,False,,,0,0,0
Hum_XLOC_051917,False,,,0,0,0
Hum_XLOC_051918,False,,,0,0,0
Hum_XLOC_051919,False,,,0,0,0
Hum_XLOC_051921,False,,,0,0,0
Hum_XLOC_051925,False,,,0,0,0
Hum_XLOC_051926,False,,,0,0,0
Hum_XLOC_051927,False,,,0,0,0
Hum_XLOC_051928,False,,,0,0,0
Hum_XLOC_051929,False,,,0,0,0
Hum_XLOC_051930,False,,,0,0,0
Hum_XLOC_051931,False,,,0,0,0
Hum_XLOC_051932,True,0.0,,0,0,0
Hum_XLOC_051933,False,,,0,0,0
Hum_XLOC_051934,False,,,0,0,0
Hum_XLOC_051935,False,,,0,0,0
Hum_XLOC_051936,False,,,0,0,0
Hum_XLOC_051937,False,,,0,0,0
Hum_XLOC_051939,False,,,0,0,0
Hum_XLOC_051940,False,,,0,0,0
Hum_XLOC_051941,False,,,0,0,0
Hum_XLOC_051943,False,,,0,0,0
Hum_XLOC_051944,False,,,0,0,0
Hum_XLOC_051945,False,,,0,0,0
Hum_XLOC_051946,False,,,0,0,0
Hum_XLOC_051947,False,,,0,0,0
Hum_XLOC_051948,False,,,0,0,0
Hum_XLOC_051949,False,,,0,0,0
Hum_XLOC_051950,False,,,0,0,0
Hum_XLOC_051951,False,,,0,0,0
Hum_XLOC_051954,True,0.0,,0,0,0
Hum_XLOC_051955,False,,,0,0,0
Hum_XLOC_051956,False,,,0,0,0
Hum_XLOC_051957,False,,,0,0,0
Hum_XLOC_051958,False,,,0,0,0
Hum_XLOC_051960,False,,,0,0,0
Hum_XLOC_051963,False,,,0,0,0
Hum_XLOC_051965,False,,,0,0,0
Hum_XLOC_051966,False,,,0,0,0
Hum_XLOC_051969,False,,,0,0,0
Hum_XLOC_051970,False,,,0,0,0
Hum_XLOC_051971,False,,,0,0,0
Hum_XLOC_051972,False,,,0,0,0
Hum_XLOC_051973,False,,,0,0,0
Hum_XLOC_051974,False,,,0,0,0
Hum_XLOC_051975,False,,,0,0,0
Hum_XLOC_051976,True,0.0,,0,0,0
Hum_XLOC_051977,False,,,0,0,0
Hum_XLOC_051978,False,,,0,0,0
Hum_XLOC_051979,False,,,0,0,0
Hum_XLOC_051980,False,,,0,0,0
Hum_XLOC_051981,False,,,0,0,0
Hum_XLOC_051982,False,,,0,0,0
Hum_XLOC_051983,False,,,0,0,0
Hum_XLOC_051984,False,,,0,0,0
Hum_XLOC_051985,False,,,0,0,0
Hum_XLOC_051987,True,0.0,,0,0,0
Hum_XLOC_051988,False,,,0,0,0
Hum_XLOC_051989,False,,,0,0,0
Hum_XLOC_051990,False,,,0,0,0
Hum_XLOC_051991,False,,2.0,0,0,1
Hum_XLOC_051992,False,,,0,0,0
Hum_XLOC_051993,False,,,0,0,0
Hum_XLOC_051996,False,,,0,0,0
Hum_XLOC_051997,False,,,0,0,0
Hum_XLOC_051998,True,0.0,,0,0,0
Hum_XLOC_051999,False,,,0,0,0
Hum_XLOC_052000,False,,,0,0,0
Hum_XLOC_052001,True,0.0,,0,0,0
Hum_XLOC_052006,False,,,0,0,0
Hum_XLOC_052007,False,,,0,0,0
Hum_XLOC_052011,False,,,0,0,0
Hum_XLOC_052012,False,,,0,0,0
Hum_XLOC_052015,False,,,0,0,0
Hum_XLOC_052017,False,,,0,0,0
Hum_XLOC_052018,False,,,0,0,0
Hum_XLOC_052027,False,,,0,0,0
Hum_XLOC_052029,False,,,0,0,0
Hum_XLOC_052030,False,,,0,0,0
Hum_XLOC_052038,False,,,0,0,0
Hum_XLOC_052039,True,0.0,,0,0,0
Hum_XLOC_052040,False,,,0,0,0
Hum_XLOC_052042,False,,,0,0,0
Hum_XLOC_052047,True,0.0,,0,0,0
Hum_XLOC_052048,False,,,0,0,0
Hum_XLOC_052049,False,,,0,0,0
Hum_XLOC_052050,False,,,0,0,0
Hum_XLOC_052051,False,,,0,0,0
Hum_XLOC_052053,False,,,0,0,0
Hum_XLOC_052063,False,,,0,0,0
Hum_XLOC_052064,False,,,0,0,0
Hum_XLOC_052065,False,,,0,0,0
Hum_XLOC_052066,False,,,0,0,0
Hum_XLOC_052067,False,,,0,0,0
Hum_XLOC_052070,False,,,0,0,0
Hum_XLOC_052072,False,,,0,0,0
Hum_XLOC_052073,False,,,0,0,0
Hum_XLOC_052074,False,,,0,0,0
Hum_XLOC_052075,False,,,0,0,0
Hum_XLOC_052076,False,,,0,0,0
Hum_XLOC_052077,False,,,0,0,0
Hum_XLOC_052084,False,,,0,0,0
Hum_XLOC_052085,False,,,0,0,0
Hum_XLOC_052086,False,,,0,0,0
Hum_XLOC_052087,False,,,0,0,0
Hum_XLOC_052091,False,,,0,0,0
Hum_XLOC_052093,False,,,0,0,0
Hum_XLOC_052096,False,,0.0,1,3,3
Hum_XLOC_052097,False,,0.0,1,3,3
Hum_XLOC_052099,False,,,0,0,0
Hum_XLOC_052101,False,,,0,0,0
Hum_XLOC_052102,False,,,0,0,0
Hum_XLOC_052103,False,,,0,0,0
Hum_XLOC_052104,False,,,0,0,0
Hum_XLOC_052106,False,,,0,0,0
Hum_XLOC_052107,False,,,0,0,0
Hum_XLOC_052109,False,,,0,0,0
Hum_XLOC_052110,False,,,0,0,0
Hum_XLOC_052112,False,,,0,0,0
Hum_XLOC_052113,False,,,0,0,0
Hum_XLOC_052116,False,,,0,0,0
Hum_XLOC_052118,False,,,0,0,0
Hum_XLOC_052120,False,,,0,0,0
Hum_XLOC_052122,False,,,0,0,0
Hum_XLOC_052123,False,,,0,0,0
Hum_XLOC_052124,False,,,0,0,0
Hum_XLOC_052125,False,,,0,0,0
Hum_XLOC_052126,True,0.0,,0,0,0
Hum_XLOC_052127,False,,,0,0,0
Hum_XLOC_052128,False,,,0,0,0
Hum_XLOC_052130,False,,,0,0,0
Hum_XLOC_052131,False,,2.0,0,0,4
Hum_XLOC_052132,False,,,0,0,0
Hum_XLOC_052133,False,,,0,0,0
Hum_XLOC_052135,False,,,0,0,0
Hum_XLOC_052140,False,,,0,0,0
Hum_XLOC_052141,False,,,0,0,0
Hum_XLOC_052142,False,,,0,0,0
Hum_XLOC_052143,False,,,0,0,0
Hum_XLOC_052144,False,,,0,0,0
Hum_XLOC_052145,True,0.0,,0,0,0
Hum_XLOC_052146,False,,,0,0,0
Hum_XLOC_052147,False,,,0,0,0
Hum_XLOC_052149,False,,,0,0,0
Hum_XLOC_052151,False,,,0,0,0
Hum_XLOC_052152,False,,,0,0,0
Hum_XLOC_052153,False,,,0,0,0
Hum_XLOC_052154,False,,,0,0,0
Hum_XLOC_052155,False,,,0,0,0
Hum_XLOC_052156,False,,,0,0,0
Hum_XLOC_052157,False,,,0,0,0
Hum_XLOC_052159,False,,,0,0,0
Hum_XLOC_052160,False,,,0,0,0
Hum_XLOC_052162,False,,,0,0,0
Hum_XLOC_052163,False,,,0,0,0
Hum_XLOC_052164,True,0.0,,0,0,0
Hum_XLOC_052166,False,,,0,0,0
Hum_XLOC_052167,False,,,0,0,0
Hum_XLOC_052169,False,,,0,0,0
Hum_XLOC_052170,False,,,0,0,0
Hum_XLOC_052171,False,,,0,0,0
Hum_XLOC_052173,False,,,0,0,0
Hum_XLOC_052175,False,,,0,0,0
Hum_XLOC_052177,False,,,0,0,0
Hum_XLOC_052178,False,,,0,0,0
Hum_XLOC_052179,False,,,0,0,0
Hum_XLOC_052181,False,,,0,0,0
Hum_XLOC_052182,False,,,0,0,0
Hum_XLOC_052183,False,,,0,0,0
Hum_XLOC_052184,False,,,0,0,0
Hum_XLOC_052185,False,,,0,0,0
Hum_XLOC_052187,False,,,0,0,0
Hum_XLOC_052190,False,,,0,0,0
Hum_XLOC_052192,False,,,0,0,0
Hum_XLOC_052193,False,,,0,0,0
Hum_XLOC_052194,False,,,0,0,0
Hum_XLOC_052195,False,,,0,0,0
Hum_XLOC_052196,False,,,0,0,0
Hum_XLOC_052197,False,,,0,0,0
Hum_XLOC_052198,False,,,0,0,0
Hum_XLOC_052200,False,,,0,0,0
Hum_XLOC_052201,False,,,0,0,0
Hum_XLOC_052202,True,0.0,,0,0,0
Hum_XLOC_052203,True,0.0,,0,0,0
Hum_XLOC_052204,False,,,0,0,0
Hum_XLOC_052207,True,0.0,,0,0,0
Hum_XLOC_052210,False,,,0,0,0
Hum_XLOC_052211,True,0.0,,0,0,0
Hum_XLOC_052212,True,0.0,,0,0,0
Hum_XLOC_052213,False,,,0,0,0
Hum_XLOC_052214,False,,,0,0,0
Hum_XLOC_052215,False,,,0,0,0
Hum_XLOC_052216,True,0.0,,0,0,0
Hum_XLOC_052217,False,,,0,0,0
Hum_XLOC_052218,True,0.0,,0,0,0
Hum_XLOC_052219,False,,,0,0,0
Hum_XLOC_052225,False,,,0,0,0
Hum_XLOC_052227,False,,,0,0,0
Hum_XLOC_052228,False,,,0,0,0
Hum_XLOC_052229,False,,,0,0,0
Hum_XLOC_052231,False,,,0,0,0
Hum_XLOC_052232,False,,,0,0,0
Hum_XLOC_052233,False,,,0,0,0
Hum_XLOC_052234,True,0.0,,0,0,0
Hum_XLOC_052236,False,,,0,0,0
Hum_XLOC_052237,False,,,0,0,0
Hum_XLOC_052238,False,,,0,0,0
Hum_XLOC_052239,False,,,0,0,0
Hum_XLOC_052240,False,,,0,0,0
Hum_XLOC_052241,False,,,0,0,0
Hum_XLOC_052242,False,,,0,0,0
Hum_XLOC_052243,False,,,0,0,0
Hum_XLOC_052244,False,,,0,0,0
Hum_XLOC_052245,True,0.0,,0,0,0
Hum_XLOC_052246,False,,,0,0,0
Hum_XLOC_052247,False,,,0,0,0
Hum_XLOC_052249,False,,,0,0,0
Hum_XLOC_052252,False,,,0,0,0
Hum_XLOC_052253,False,,,0,0,0
Hum_XLOC_052254,False,,,0,0,0
Hum_XLOC_052255,False,,,0,0,0
Hum_XLOC_052256,False,,,0,0,0
Hum_XLOC_052257,False,,,0,0,0
Hum_XLOC_052258,False,,,0,0,0
Hum_XLOC_052260,True,0.0,,0,0,0
Hum_XLOC_052262,False,,,0,0,0
Hum_XLOC_052263,False,,,0,0,0
Hum_XLOC_052264,False,,,0,0,0
Hum_XLOC_052265,True,0.0,,0,0,0
Hum_XLOC_052268,False,,,0,0,0
Hum_XLOC_052269,True,0.0,,0,0,0
Hum_XLOC_052270,False,,,0,0,0
Hum_XLOC_052271,True,0.0,,0,0,0
Hum_XLOC_052272,False,,,0,0,0
Hum_XLOC_052273,False,,,0,0,0
Hum_XLOC_052274,False,,,0,0,0
Hum_XLOC_052275,True,0.0,,0,0,0
Hum_XLOC_052277,False,,,0,0,0
Hum_XLOC_052278,False,,,0,0,0
Hum_XLOC_052279,False,,,0,0,0
Hum_XLOC_052280,False,,,0,0,0
Hum_XLOC_052281,False,,,0,0,0
Hum_XLOC_052282,False,,,0,0,0
Hum_XLOC_052284,False,,,0,0,0
Hum_XLOC_052285,True,0.0,,0,0,0
Hum_XLOC_052286,False,,,0,0,0
Hum_XLOC_052288,False,,,0,0,0
Hum_XLOC_052289,False,,,0,0,0
Hum_XLOC_052290,False,,,0,0,0
Hum_XLOC_052291,False,,,0,0,0
Hum_XLOC_052292,False,,,0,0,0
Hum_XLOC_052293,False,,,0,0,0
Hum_XLOC_052294,False,,,0,0,0
Hum_XLOC_052298,False,,,0,0,0
Hum_XLOC_052305,False,,,0,0,0
Hum_XLOC_052306,False,,,0,0,0
Hum_XLOC_052307,False,,,0,0,0
Hum_XLOC_052308,False,,,0,0,0
Hum_XLOC_052309,False,,,0,0,0
Hum_XLOC_052310,False,,,0,0,0
Hum_XLOC_052311,True,0.0,,0,0,0
Hum_XLOC_052312,False,,,0,0,0
Hum_XLOC_052313,True,0.0,,0,0,0
Hum_XLOC_052315,False,,,0,0,0
Hum_XLOC_052316,False,,,0,0,0
Hum_XLOC_052317,False,,,0,0,0
Hum_XLOC_052318,False,,,0,0,0
Hum_XLOC_052319,True,0.0,,0,0,0
Hum_XLOC_052325,False,,,0,0,0
Hum_XLOC_052326,False,,,0,0,0
Hum_XLOC_052327,False,,,0,0,0
Hum_XLOC_052328,False,,,0,0,0
Hum_XLOC_052329,True,0.0,,0,0,0
Hum_XLOC_052330,False,,,0,0,0
Hum_XLOC_052331,False,,,0,0,0
Hum_XLOC_052332,False,,,0,0,0
Hum_XLOC_052333,False,,,0,0,0
Hum_XLOC_052334,False,,,0,0,0
Hum_XLOC_052335,False,,,0,0,0
Hum_XLOC_052336,True,0.0,,0,0,0
Hum_XLOC_052337,False,,,0,0,0
Hum_XLOC_052338,False,,,0,0,0
Hum_XLOC_052339,False,,,0,0,0
Hum_XLOC_052340,False,,,0,0,0
Hum_XLOC_052341,False,,,0,0,0
Hum_XLOC_052342,False,,,0,0,0
Hum_XLOC_052343,False,,,0,0,0
Hum_XLOC_052344,False,,,0,0,0
Hum_XLOC_052347,False,,,0,0,0
Hum_XLOC_052349,True,0.0,,0,0,0
Hum_XLOC_052350,False,,,0,0,0
Hum_XLOC_052351,False,,,0,0,0
Hum_XLOC_052352,True,0.0,,0,0,0
Hum_XLOC_052353,False,,,0,0,0
Hum_XLOC_052354,True,0.0,,0,0,0
Hum_XLOC_052356,True,0.0,,0,0,0
Hum_XLOC_052357,False,,,0,0,0
Hum_XLOC_052358,False,,,0,0,0
Hum_XLOC_052360,False,,,0,0,0
Hum_XLOC_052361,False,,,0,0,0
Hum_XLOC_052362,False,,,0,0,0
Hum_XLOC_052363,False,,,0,0,0
Hum_XLOC_052364,False,,,0,0,0
Hum_XLOC_052365,False,,,0,0,0
Hum_XLOC_052366,True,0.0,,0,0,0
Hum_XLOC_052367,False,,,0,0,0
Hum_XLOC_052368,False,,,0,0,0
Hum_XLOC_052370,False,,,0,0,0
Hum_XLOC_052371,False,,,0,0,0
Hum_XLOC_052372,False,,,0,0,0
Hum_XLOC_052373,True,0.0,,0,0,0
Hum_XLOC_052374,False,,,0,0,0
Hum_XLOC_052375,False,,,0,0,0
Hum_XLOC_052376,False,,,0,0,0
Hum_XLOC_052377,False,,,0,0,0
Hum_XLOC_052378,False,,,0,0,0
Hum_XLOC_052381,True,0.0,,0,0,0
Hum_XLOC_052385,False,,,0,0,0
Hum_XLOC_052386,False,,,0,0,0
Hum_XLOC_052395,False,,,0,0,0
Hum_XLOC_052397,False,,,0,0,0
Hum_XLOC_052398,False,,,0,0,0
Hum_XLOC_052399,True,0.0,,0,0,0
Hum_XLOC_052401,False,,,0,0,0
Hum_XLOC_052402,False,,,0,0,0
Hum_XLOC_052406,False,,,0,0,0
Hum_XLOC_052408,False,,,0,0,0
Hum_XLOC_052409,False,,,0,0,0
Hum_XLOC_052410,False,,,0,0,0
Hum_XLOC_052411,True,0.0,,0,0,0
Hum_XLOC_052412,False,,,0,0,0
Hum_XLOC_052414,False,,,0,0,0
Hum_XLOC_052415,True,0.0,,0,0,0
Hum_XLOC_052418,False,,,0,0,0
Hum_XLOC_052419,False,,,0,0,0
Hum_XLOC_052421,False,,,0,0,0
Hum_XLOC_052422,True,0.0,,0,0,0
Hum_XLOC_052424,False,,,0,0,0
Hum_XLOC_052425,False,,,0,0,0
Hum_XLOC_052426,False,,,0,0,0
Hum_XLOC_052427,False,,,0,0,0
Hum_XLOC_052429,False,,,0,0,0
Hum_XLOC_052430,True,0.0,,0,0,0
Hum_XLOC_052431,False,,,0,0,0
Hum_XLOC_052432,False,,,0,0,0
Hum_XLOC_052433,False,,,0,0,0
Hum_XLOC_052434,False,,,0,0,0
Hum_XLOC_052437,False,,,0,0,0
Hum_XLOC_052438,False,,,0,0,0
Hum_XLOC_052446,True,0.0,,0,0,0
Hum_XLOC_052447,True,0.0,,0,0,0
Hum_XLOC_052449,True,0.0,,0,0,0
Hum_XLOC_052450,True,0.0,,0,0,0
Hum_XLOC_052451,False,,,0,0,0
Hum_XLOC_052454,False,,,0,0,0
Hum_XLOC_052460,False,,,0,0,0
Hum_XLOC_052461,False,,,0,0,0
Hum_XLOC_052467,False,,,0,0,0
Hum_XLOC_052468,False,,,0,0,0
Hum_XLOC_052469,True,0.0,,0,0,0
Hum_XLOC_052470,False,,,0,0,0
Hum_XLOC_052472,False,,,0,0,0
Hum_XLOC_052473,False,,,0,0,0
Hum_XLOC_052474,False,,,0,0,0
Hum_XLOC_052475,False,,,0,0,0
Hum_XLOC_052476,False,,,0,0,0
Hum_XLOC_052477,False,,,0,0,0
Hum_XLOC_052478,False,,,0,0,0
Hum_XLOC_052479,True,0.0,,0,0,0
Hum_XLOC_052481,False,,,0,0,0
Hum_XLOC_052483,False,,,0,0,0
Hum_XLOC_052484,False,,,0,0,0
Hum_XLOC_052485,False,,,0,0,0
Hum_XLOC_052486,False,,,0,0,0
Hum_XLOC_052487,False,,,0,0,0
Hum_XLOC_052489,True,0.0,,0,0,0
Hum_XLOC_052495,False,,,0,0,0
Hum_XLOC_052496,False,,,0,0,0
Hum_XLOC_052497,False,,,0,0,0
Hum_XLOC_052498,False,,,0,0,0
Hum_XLOC_052499,False,,,0,0,0
Hum_XLOC_052500,False,,,0,0,0
Hum_XLOC_052501,False,,,0,0,0
Hum_XLOC_052502,True,0.0,,0,0,0
Hum_XLOC_052503,False,,,0,0,0
Hum_XLOC_052504,False,,,0,0,0
Hum_XLOC_052505,False,,,0,0,0
Hum_XLOC_052506,False,,,0,0,0
Hum_XLOC_052507,False,,,0,0,0
Hum_XLOC_052508,False,,,0,0,0
Hum_XLOC_052509,False,,,0,0,0
Hum_XLOC_052512,False,,,0,0,0
Hum_XLOC_052513,False,,,0,0,0
Hum_XLOC_052515,True,0.0,,0,0,0
Hum_XLOC_052516,False,,,0,0,0
Hum_XLOC_052517,False,,,0,0,0
Hum_XLOC_052518,True,0.0,,0,0,0
Hum_XLOC_052519,False,,,0,0,0
Hum_XLOC_052520,False,,,0,0,0
Hum_XLOC_052521,False,,,0,0,0
Hum_XLOC_052522,True,0.0,,0,0,0
Hum_XLOC_052523,False,,,0,0,0
Hum_XLOC_052524,False,,,0,0,0
Hum_XLOC_052525,False,,,0,0,0
Hum_XLOC_052526,False,,,0,0,0
Hum_XLOC_052527,False,,,0,0,0
Hum_XLOC_052528,False,,,0,0,0
Hum_XLOC_052529,True,0.0,,0,0,0
Hum_XLOC_052530,False,,,0,0,0
Hum_XLOC_052533,False,,,0,0,0
Hum_XLOC_052534,False,,,0,0,0
Hum_XLOC_052535,False,,,0,0,0
Hum_XLOC_052536,False,,,0,0,0
Hum_XLOC_052537,False,,,0,0,0
Hum_XLOC_052538,False,,,0,0,0
Hum_XLOC_052539,False,,,0,0,0
Hum_XLOC_052540,False,,,0,0,0
Hum_XLOC_052548,False,,,0,0,0
Hum_XLOC_052549,False,,,0,0,0
Hum_XLOC_052551,False,,,0,0,0
Hum_XLOC_052553,False,,,0,0,0
Hum_XLOC_052556,False,,,0,0,0
Hum_XLOC_052558,False,,,0,0,0
Hum_XLOC_052559,False,,,0,0,0
Hum_XLOC_052561,False,,,0,0,0
Hum_XLOC_052562,False,,,0,0,0
Hum_XLOC_052565,True,0.0,,0,0,0
Hum_XLOC_052567,False,,,0,0,0
Hum_XLOC_052568,False,,,0,0,0
Hum_XLOC_052569,False,,,0,0,0
Hum_XLOC_052571,True,0.0,,0,0,0
Hum_XLOC_052574,False,,,0,0,0
Hum_XLOC_052576,True,0.0,,0,0,0
Hum_XLOC_052578,False,,,0,0,0
Hum_XLOC_052581,False,,,0,0,0
Hum_XLOC_052583,False,,,0,0,0
Hum_XLOC_052591,False,,,0,0,0
Hum_XLOC_052592,False,,,0,0,0
Hum_XLOC_052593,False,,,0,0,0
Hum_XLOC_052594,False,,,0,0,0
Hum_XLOC_052597,False,,,0,0,0
Hum_XLOC_052598,False,,,0,0,0
Hum_XLOC_052600,True,0.0,,0,0,0
Hum_XLOC_052602,False,,,0,0,0
Hum_XLOC_052604,False,,,0,0,0
Hum_XLOC_052605,False,,,0,0,0
Hum_XLOC_052606,False,,,0,0,0
Hum_XLOC_052610,True,0.0,,0,0,0
Hum_XLOC_052611,False,,,0,0,0
Hum_XLOC_052612,True,0.0,,0,0,0
Hum_XLOC_052613,False,,,0,0,0
Hum_XLOC_052614,True,0.0,,0,0,0
Hum_XLOC_052616,False,,,0,0,0
Hum_XLOC_052617,False,,,0,0,0
Hum_XLOC_052618,False,,,0,0,0
Hum_XLOC_052621,False,,,0,0,0
Hum_XLOC_052622,False,,,0,0,0
Hum_XLOC_052623,False,,,0,0,0
Hum_XLOC_052625,False,,,0,0,0
Hum_XLOC_052626,False,,,0,0,0
Hum_XLOC_052627,False,,,0,0,0
Hum_XLOC_052628,False,,,0,0,0
Hum_XLOC_052629,False,,,0,0,0
Hum_XLOC_052630,False,,,0,0,0
Hum_XLOC_052631,False,,,0,0,0
Hum_XLOC_052632,True,0.0,,0,0,0
Hum_XLOC_052635,False,,,0,0,0
Hum_XLOC_052636,False,,,0,0,0
Hum_XLOC_052637,False,,,0,0,0
Hum_XLOC_052638,False,,,0,0,0
Hum_XLOC_052641,False,,,0,0,0
Hum_XLOC_052648,False,,,0,0,0
Hum_XLOC_052651,True,0.0,,0,0,0
Hum_XLOC_052654,False,,2.0,0,0,1
Hum_XLOC_052655,False,,,0,0,0
Hum_XLOC_052660,False,,,0,0,0
Hum_XLOC_052661,False,,,0,0,0
Hum_XLOC_052663,False,,,0,0,0
Hum_XLOC_052664,False,,,0,0,0
Hum_XLOC_052669,True,0.0,,0,0,0
Hum_XLOC_052671,False,,,0,0,0
Hum_XLOC_052672,True,0.0,,0,0,0
Hum_XLOC_052675,False,,,0,0,0
Hum_XLOC_052676,True,0.0,,0,0,0
Hum_XLOC_052677,True,0.0,,0,0,0
Hum_XLOC_052678,False,,,0,0,0
Hum_XLOC_052679,False,,,0,0,0
Hum_XLOC_052688,False,,,0,0,0
Hum_XLOC_052691,False,,,0,0,0
Hum_XLOC_052692,False,,,0,0,0
Hum_XLOC_052693,False,,,0,0,0
Hum_XLOC_052694,False,,,0,0,0
Hum_XLOC_052695,False,,,0,0,0
Hum_XLOC_052696,False,,,0,0,0
Hum_XLOC_052697,False,,,0,0,0
Hum_XLOC_052698,True,0.0,,0,0,0
Hum_XLOC_052699,False,,,0,0,0
Hum_XLOC_052700,False,,,0,0,0
Hum_XLOC_052701,False,,,0,0,0
Hum_XLOC_052702,False,,,0,0,0
Hum_XLOC_052703,True,0.0,,0,0,0
Hum_XLOC_052704,True,0.0,,0,0,0
Hum_XLOC_052705,False,,,0,0,0
Hum_XLOC_052707,False,,,0,0,0
Hum_XLOC_052708,False,,,0,0,0
Hum_XLOC_052709,False,,,0,0,0
Hum_XLOC_052710,False,,,0,0,0
Hum_XLOC_052711,False,,,0,0,0
Hum_XLOC_052712,False,,,0,0,0
Hum_XLOC_052713,False,,,0,0,0
Hum_XLOC_052715,False,,,0,0,0
Hum_XLOC_052717,False,,,0,0,0
Hum_XLOC_052722,False,,,0,0,0
Hum_XLOC_052727,True,0.0,,0,0,0
Hum_XLOC_052730,True,0.0,,0,0,0
Hum_XLOC_052731,False,,,0,0,0
Hum_XLOC_052734,False,,,0,0,0
Hum_XLOC_052735,False,,,0,0,0
Hum_XLOC_052737,False,,,0,0,0
Hum_XLOC_052739,False,,,0,0,0
Hum_XLOC_052740,False,,,0,0,0
Hum_XLOC_052741,False,,,0,0,0
Hum_XLOC_052742,True,0.0,,0,0,0
Hum_XLOC_052743,False,,,0,0,0
Hum_XLOC_052744,False,,,0,0,0
Hum_XLOC_052745,False,,,0,0,0
Hum_XLOC_052746,True,0.0,,0,0,0
Hum_XLOC_052748,True,0.0,,0,0,0
Hum_XLOC_052749,True,0.0,,0,0,0
Hum_XLOC_052753,True,0.0,,0,0,0
Hum_XLOC_052754,False,,,0,0,0
Hum_XLOC_052755,True,0.0,,0,0,0
Hum_XLOC_052756,False,,,0,0,0
Hum_XLOC_052760,False,,,0,0,0
Hum_XLOC_052761,False,,,0,0,0
Hum_XLOC_052762,False,,,0,0,0
Hum_XLOC_052763,False,,,0,0,0
Hum_XLOC_052764,False,,,0,0,0
Hum_XLOC_052765,False,,,0,0,0
Hum_XLOC_052766,False,,,0,0,0
Hum_XLOC_052767,False,,,0,0,0
Hum_XLOC_052770,False,,,0,0,0
Hum_XLOC_052776,False,,,0,0,0
Hum_XLOC_052777,False,,,0,0,0
Hum_XLOC_052778,False,,,0,0,0
Hum_XLOC_052779,True,0.0,,0,0,0
Hum_XLOC_052780,True,0.0,,0,0,0
Hum_XLOC_052781,False,,,0,0,0
Hum_XLOC_052782,False,,,0,0,0
Hum_XLOC_052783,False,,,0,0,0
Hum_XLOC_052784,True,0.0,,0,0,0
Hum_XLOC_052785,False,,,0,0,0
Hum_XLOC_052787,False,,,0,0,0
Hum_XLOC_052788,False,,,0,0,0
Hum_XLOC_052789,True,0.0,,0,0,0
Hum_XLOC_052791,False,,,0,0,0
Hum_XLOC_052792,False,,,0,0,0
Hum_XLOC_052793,False,,,0,0,0
Hum_XLOC_052794,False,,,0,0,0
Hum_XLOC_052797,False,,,0,0,0
Hum_XLOC_052799,False,,,0,0,0
Hum_XLOC_052801,False,,,0,0,0
Hum_XLOC_052802,True,0.0,,0,0,0
Hum_XLOC_052803,False,,,0,0,0
Hum_XLOC_052804,False,,,0,0,0
Hum_XLOC_052807,False,,,0,0,0
Hum_XLOC_052811,False,,,0,0,0
Hum_XLOC_052812,True,0.0,,0,0,0
Hum_XLOC_052823,False,,,0,0,0
Hum_XLOC_052824,False,,,0,0,0
Hum_XLOC_052830,False,,,0,0,0
Hum_XLOC_052832,False,,,0,0,0
Hum_XLOC_052833,True,0.0,,0,0,0
Hum_XLOC_052834,False,,,0,0,0
Hum_XLOC_052835,True,0.0,,0,0,0
Hum_XLOC_052836,False,,,0,0,0
Hum_XLOC_052837,False,,,0,0,0
Hum_XLOC_052838,True,0.0,,0,0,0
Hum_XLOC_052839,False,,,0,0,0
Hum_XLOC_052840,True,0.0,,0,0,0
Hum_XLOC_052841,False,,,0,0,0
Hum_XLOC_052842,False,,,0,0,0
Hum_XLOC_052843,False,,,0,0,0
Hum_XLOC_052845,False,,,0,0,0
Hum_XLOC_052846,False,,,0,0,0
Hum_XLOC_052847,True,0.0,,0,0,0
Hum_XLOC_052848,False,,,0,0,0
Hum_XLOC_052849,False,,,0,0,0
Hum_XLOC_052850,False,,,0,0,0
Hum_XLOC_052851,False,,,0,0,0
Hum_XLOC_052852,False,,,0,0,0
Hum_XLOC_052853,True,0.0,,0,0,0
Hum_XLOC_052855,True,0.0,,0,0,0
Hum_XLOC_052856,False,,,0,0,0
Hum_XLOC_052857,False,,,0,0,0
Hum_XLOC_052858,False,,,0,0,0
Hum_XLOC_052860,False,,,0,0,0
Hum_XLOC_052861,False,,,0,0,0
Hum_XLOC_052863,False,,,0,0,0
Hum_XLOC_052864,False,,,0,0,0
Hum_XLOC_052865,False,,,0,0,0
Hum_XLOC_052866,False,,,0,0,0
Hum_XLOC_052868,False,,,0,0,0
Hum_XLOC_052873,False,,,0,0,0
Hum_XLOC_052877,False,,,0,0,0
Hum_XLOC_052878,True,0.0,,0,0,0
Hum_XLOC_052885,False,,,0,0,0
Hum_XLOC_052886,False,,,0,0,0
Hum_XLOC_052887,True,0.0,,0,0,0
Hum_XLOC_052888,False,,,0,0,0
Hum_XLOC_052889,False,,,0,0,0
Hum_XLOC_052891,False,,,0,0,0
Hum_XLOC_052892,True,0.0,,0,0,0
Hum_XLOC_052893,True,0.0,,0,0,0
Hum_XLOC_052898,True,0.0,,0,0,0
Hum_XLOC_052899,False,,,0,0,0
Hum_XLOC_052900,False,,,0,0,0
Hum_XLOC_052902,True,0.0,,0,0,0
Hum_XLOC_052904,True,0.0,,0,0,0
Hum_XLOC_052906,False,,,0,0,0
Hum_XLOC_052913,False,,,0,0,0
Hum_XLOC_052919,True,0.0,,0,0,0
Hum_XLOC_052920,True,0.0,,0,0,0
Hum_XLOC_052926,False,,,0,0,0
Hum_XLOC_052930,False,,,0,0,0
Hum_XLOC_052931,False,,,0,0,0
Hum_XLOC_052932,False,,,0,0,0
Hum_XLOC_052933,False,,,0,0,0
Hum_XLOC_052934,False,,,0,0,0
Hum_XLOC_052938,False,,,0,0,0
Hum_XLOC_052943,True,0.0,,0,0,0
Hum_XLOC_052946,False,,,0,0,0
Hum_XLOC_052947,False,,,0,0,0
Hum_XLOC_052948,False,,,0,0,0
Hum_XLOC_052953,False,,,0,0,0
Hum_XLOC_052956,False,,,0,0,0
Hum_XLOC_052957,False,,,0,0,0
Hum_XLOC_052958,False,,,0,0,0
Hum_XLOC_052959,False,,,0,0,0
Hum_XLOC_052960,False,,,0,0,0
Hum_XLOC_052961,False,,,0,0,0
Hum_XLOC_052962,False,,,0,0,0
Hum_XLOC_052963,False,,,0,0,0
Hum_XLOC_052964,False,,,0,0,0
Hum_XLOC_052966,False,,,0,0,0
Hum_XLOC_052968,True,0.0,,0,0,0
Hum_XLOC_052969,False,,,0,0,0
Hum_XLOC_052970,False,,,0,0,0
Hum_XLOC_052971,False,,,0,0,0
Hum_XLOC_052973,False,,,0,0,0
Hum_XLOC_052974,False,,,0,0,0
Hum_XLOC_052975,False,,,0,0,0
Hum_XLOC_052978,False,,,0,0,0
Hum_XLOC_052979,False,,,0,0,0
Hum_XLOC_052984,False,,,0,0,0
Hum_XLOC_052985,False,,,0,0,0
Hum_XLOC_052987,False,,,0,0,0
Hum_XLOC_052988,False,,,0,0,0
Hum_XLOC_052989,False,,,0,0,0
Hum_XLOC_052991,False,,,0,0,0
Hum_XLOC_052992,False,,,0,0,0
Hum_XLOC_052993,False,,,0,0,0
Hum_XLOC_052996,False,,,0,0,0
Hum_XLOC_053000,False,,,0,0,0
Hum_XLOC_053001,False,,,0,0,0
Hum_XLOC_053002,False,,,0,0,0
Hum_XLOC_053003,False,,,0,0,0
Hum_XLOC_053004,False,,,0,0,0
Hum_XLOC_053005,False,,,0,0,0
Hum_XLOC_053006,False,,,0,0,0
Hum_XLOC_053012,True,0.0,,0,0,0
Hum_XLOC_053014,False,,,0,0,0
Hum_XLOC_053017,False,,,0,0,0
Hum_XLOC_053021,True,0.0,,0,0,0
Hum_XLOC_053028,False,,,0,0,0
Hum_XLOC_053031,False,,,0,0,0
Hum_XLOC_053032,False,,,0,0,0
Hum_XLOC_053033,False,,,0,0,0
Hum_XLOC_053037,False,,,0,0,0
Hum_XLOC_053038,True,0.0,,0,0,0
Hum_XLOC_053039,True,0.0,,0,0,0
Hum_XLOC_053040,False,,,0,0,0
Hum_XLOC_053041,False,,,0,0,0
Hum_XLOC_053043,False,,,0,0,0
Hum_XLOC_053044,False,,,0,0,0
Hum_XLOC_053045,False,,,0,0,0
Hum_XLOC_053046,False,,,0,0,0
Hum_XLOC_053047,False,,,0,0,0
Hum_XLOC_053051,True,0.0,,0,0,0
Hum_XLOC_053058,False,,,0,0,0
Hum_XLOC_053059,False,,,0,0,0
Hum_XLOC_053063,False,,,0,0,0
Hum_XLOC_053066,True,0.0,,0,0,0
Hum_XLOC_053069,False,,,0,0,0
Hum_XLOC_053070,False,,,0,0,0
Hum_XLOC_053075,False,,,0,0,0
Hum_XLOC_053076,False,,,0,0,0
Hum_XLOC_053084,False,,,0,0,0
Hum_XLOC_053085,False,,,0,0,0
Hum_XLOC_053086,False,,,0,0,0
Hum_XLOC_053087,False,,,0,0,0
Hum_XLOC_053088,False,,,0,0,0
Hum_XLOC_053089,False,,,0,0,0
Hum_XLOC_053090,False,,,0,0,0
Hum_XLOC_053091,False,,,0,0,0
Hum_XLOC_053092,False,,,0,0,0
Hum_XLOC_053094,False,,,0,0,0
Hum_XLOC_053098,False,,,0,0,0
Hum_XLOC_053111,False,,,0,0,0
Hum_XLOC_053112,False,,,0,0,0
Hum_XLOC_053113,False,,,0,0,0
Hum_XLOC_053114,False,,,0,0,0
Hum_XLOC_053115,True,0.0,,0,0,0
Hum_XLOC_053116,False,,,0,0,0
Hum_XLOC_053117,False,,,0,0,0
Hum_XLOC_053119,True,0.0,,0,0,0
Hum_XLOC_053121,False,,,0,0,0
Hum_XLOC_053123,False,,,0,0,0
Hum_XLOC_053125,False,,,0,0,0
Hum_XLOC_053126,False,,,0,0,0
Hum_XLOC_053127,False,,,0,0,0
Hum_XLOC_053128,False,,,0,0,0
Hum_XLOC_053129,False,,,0,0,0
Hum_XLOC_053130,True,0.0,,0,0,0
Hum_XLOC_053134,False,,,0,0,0
Hum_XLOC_053135,False,,,0,0,0
Hum_XLOC_053136,False,,,0,0,0
Hum_XLOC_053137,False,,,0,0,0
Hum_XLOC_053138,False,,,0,0,0
Hum_XLOC_053144,True,0.0,,0,0,0
Hum_XLOC_053154,False,,,0,0,0
Hum_XLOC_053155,False,,,0,0,0
Hum_XLOC_053156,False,,,0,0,0
Hum_XLOC_053157,False,,,0,0,0
Hum_XLOC_053158,False,,,0,0,0
Hum_XLOC_053160,False,,,0,0,0
Hum_XLOC_053161,False,,,0,0,0
Hum_XLOC_053164,False,,,0,0,0
Hum_XLOC_053173,False,,,0,0,0
Hum_XLOC_053177,True,0.0,,0,0,0
Hum_XLOC_053179,False,,,0,0,0
Hum_XLOC_053180,False,,,0,0,0
Hum_XLOC_053183,False,,,0,0,0
Hum_XLOC_053184,False,,,0,0,0
Hum_XLOC_053185,True,0.0,,0,0,0
Hum_XLOC_053200,False,,,0,0,0
Hum_XLOC_053202,False,,,0,0,0
Hum_XLOC_053205,True,0.0,,0,0,0
Hum_XLOC_053206,False,,,0,0,0
Hum_XLOC_053211,False,,,0,0,0
Hum_XLOC_053216,False,,,0,0,0
Hum_XLOC_053218,False,,,0,0,0
Hum_XLOC_053219,True,0.0,,0,0,0
Hum_XLOC_053222,False,,,0,0,0
Hum_XLOC_053223,False,,,0,0,0
Hum_XLOC_053225,False,,,0,0,0
Hum_XLOC_053228,False,,,0,0,0
Hum_XLOC_053234,True,0.0,,0,0,0
Hum_XLOC_053238,False,,,0,0,0
Hum_XLOC_053241,True,0.0,,0,0,0
Hum_XLOC_053244,False,,,0,0,0
Hum_XLOC_053246,False,,,0,0,0
Hum_XLOC_053247,False,,,0,0,0
Hum_XLOC_053248,False,,,0,0,0
Hum_XLOC_053252,True,0.0,,0,0,0
Hum_XLOC_053255,False,,,0,0,0
Hum_XLOC_053256,False,,,0,0,0
Hum_XLOC_053257,False,,,0,0,0
Hum_XLOC_053261,False,,,0,0,0
Hum_XLOC_053262,False,,,0,0,0
Hum_XLOC_053273,False,,,0,0,0
Hum_XLOC_053274,True,0.0,,0,0,0
Hum_XLOC_053285,False,,,0,0,0
Hum_XLOC_053289,False,,,0,0,0
Hum_XLOC_053290,False,,,0,0,0
Hum_XLOC_053294,False,,,0,0,0
Hum_XLOC_053297,False,,,0,0,0
Hum_XLOC_053299,False,,,0,0,0
Hum_XLOC_053302,False,,,0,0,0
Hum_XLOC_053304,True,0.0,,0,0,0
Hum_XLOC_053305,False,,,0,0,0
Hum_XLOC_053306,False,,,0,0,0
Hum_XLOC_053309,False,,,0,0,0
Hum_XLOC_053311,False,,,0,0,0
Hum_XLOC_053312,False,,,0,0,0
Hum_XLOC_053319,False,,,0,0,0
Hum_XLOC_053322,False,,,0,0,0
Hum_XLOC_053323,True,0.0,,0,0,0
Hum_XLOC_053325,False,,,0,0,0
Hum_XLOC_053326,False,,,0,0,0
Hum_XLOC_053327,False,,,0,0,0
Hum_XLOC_053328,False,,,0,0,0
Hum_XLOC_053329,False,,,0,0,0
Hum_XLOC_053331,False,,,0,0,0
Hum_XLOC_053332,False,,,0,0,0
Hum_XLOC_053333,False,,,0,0,0
Hum_XLOC_053335,True,0.0,,0,0,0
Hum_XLOC_053340,False,,,0,0,0
Hum_XLOC_053343,False,,,0,0,0
Hum_XLOC_053344,False,,,0,0,0
Hum_XLOC_053345,False,,,0,0,0
Hum_XLOC_053351,False,,,0,0,0
Hum_XLOC_053353,False,,,0,0,0
Hum_XLOC_053355,False,,,0,0,0
Hum_XLOC_053357,False,,,0,0,0
Hum_XLOC_053358,True,0.0,,0,0,0
Hum_XLOC_053359,False,,,0,0,0
Hum_XLOC_053360,False,,,0,0,0
Hum_XLOC_053361,False,,,0,0,0
Hum_XLOC_053366,False,,,0,0,0
Hum_XLOC_053371,False,,,0,0,0
Hum_XLOC_053376,False,,,0,0,0
Hum_XLOC_053377,False,,,0,0,0
Hum_XLOC_053379,False,,,0,0,0
Hum_XLOC_053380,False,,,0,0,0
Hum_XLOC_053382,False,,,0,0,0
Hum_XLOC_053383,False,,,0,0,0
Hum_XLOC_053391,True,0.0,,0,0,0
Hum_XLOC_053392,False,,,0,0,0
Hum_XLOC_053393,False,,,0,0,0
Hum_XLOC_053396,False,,,0,0,0
Hum_XLOC_053401,False,,,0,0,0
Hum_XLOC_053409,False,,,0,0,0
Hum_XLOC_053415,False,,,0,0,0
Hum_XLOC_053422,False,,,0,0,0
Hum_XLOC_053423,False,,,0,0,0
Hum_XLOC_053424,False,,,0,0,0
Hum_XLOC_053427,False,,,0,0,0
Hum_XLOC_053429,False,,,0,0,0
Hum_XLOC_053431,True,0.0,,0,0,0
Hum_XLOC_053432,True,0.0,,0,0,0
Hum_XLOC_053434,False,,,0,0,0
Hum_XLOC_053437,False,,,0,0,0
Hum_XLOC_053438,False,,,0,0,0
Hum_XLOC_053440,False,,,0,0,0
Hum_XLOC_053444,False,,,0,0,0
Hum_XLOC_053445,False,,,0,0,0
Hum_XLOC_053446,False,,,0,0,0
Hum_XLOC_053448,False,,,0,0,0
Hum_XLOC_053452,False,,,0,0,0
Hum_XLOC_053454,False,,,0,0,0
Hum_XLOC_053455,False,,,0,0,0
Hum_XLOC_053462,False,,,0,0,0
Hum_XLOC_053464,False,,,0,0,0
Hum_XLOC_053466,False,,,0,0,0
Hum_XLOC_053470,False,,,0,0,0
Hum_XLOC_053472,False,,,0,0,0
Hum_XLOC_053475,False,,,0,0,0
Hum_XLOC_053476,True,0.0,,0,0,0
Hum_XLOC_053477,False,,,0,0,0
Hum_XLOC_053478,False,,,0,0,0
Hum_XLOC_053481,False,,,0,0,0
Hum_XLOC_053484,False,,,0,0,0
Hum_XLOC_053485,False,,,0,0,0
Hum_XLOC_053486,False,,,0,0,0
Hum_XLOC_053488,False,,,0,0,0
Hum_XLOC_053489,False,,,0,0,0
Hum_XLOC_053495,False,,,0,0,0
Hum_XLOC_053496,False,,,0,0,0
Hum_XLOC_053497,False,,,0,0,0
Hum_XLOC_053498,False,,,0,0,0
Hum_XLOC_053499,True,0.0,,0,0,0
Hum_XLOC_053501,False,,,0,0,0
Hum_XLOC_053502,False,,,0,0,0
Hum_XLOC_053503,False,,,0,0,0
Hum_XLOC_053504,False,,,0,0,0
Hum_XLOC_053505,False,,,0,0,0
Hum_XLOC_053506,False,,,0,0,0
Hum_XLOC_053515,False,,,0,0,0
Hum_XLOC_053516,False,,,0,0,0
Hum_XLOC_053518,False,,,0,0,0
Hum_XLOC_053519,False,,,0,0,0
Hum_XLOC_053520,False,,,0,0,0
Hum_XLOC_053521,False,,,0,0,0
Hum_XLOC_053522,False,,,0,0,0
Hum_XLOC_053523,False,,,0,0,0
Hum_XLOC_053525,False,,,0,0,0
Hum_XLOC_053526,True,0.0,,0,0,0
Hum_XLOC_053527,False,,,0,0,0
Hum_XLOC_053528,False,,,0,0,0
Hum_XLOC_053529,True,0.0,,0,0,0
Hum_XLOC_053530,False,,,0,0,0
Hum_XLOC_053531,False,,,0,0,0
Hum_XLOC_053532,False,,,0,0,0
Hum_XLOC_053533,True,0.0,,0,0,0
Hum_XLOC_053534,False,,,0,0,0
Hum_XLOC_053538,True,0.0,,0,0,0
Hum_XLOC_053539,False,,,0,0,0
Hum_XLOC_053541,False,,,0,0,0
Hum_XLOC_053543,False,,,0,0,0
Hum_XLOC_053544,True,0.0,,0,0,0
Hum_XLOC_053545,False,,,0,0,0
Hum_XLOC_053546,True,0.0,,0,0,0
Hum_XLOC_053548,True,0.0,,0,0,0
Hum_XLOC_053550,False,,,0,0,0
Hum_XLOC_053552,False,,,0,0,0
Hum_XLOC_053555,True,0.0,,0,0,0
Hum_XLOC_053563,False,,,0,0,0
Hum_XLOC_053565,False,,,0,0,0
Hum_XLOC_053566,True,0.0,,0,0,0
Hum_XLOC_053567,False,,,0,0,0
Hum_XLOC_053569,False,,,0,0,0
Hum_XLOC_053570,True,0.0,,0,0,0
Hum_XLOC_053572,False,,,0,0,0
Hum_XLOC_053573,False,,,0,0,0
Hum_XLOC_053574,False,,,0,0,0
Hum_XLOC_053575,True,0.0,,0,0,0
Hum_XLOC_053576,False,,,0,0,0
Hum_XLOC_053578,False,,,0,0,0
Hum_XLOC_053585,False,,,0,0,0
Hum_XLOC_053587,False,,,0,0,0
Hum_XLOC_053588,False,,,0,0,0
Hum_XLOC_053591,True,0.0,,0,0,0
Hum_XLOC_053592,False,,,0,0,0
Hum_XLOC_053593,True,0.0,,0,0,0
Hum_XLOC_053594,False,,,0,0,0
Hum_XLOC_053595,False,,,0,0,0
Hum_XLOC_053596,True,0.0,,0,0,0
Hum_XLOC_053599,False,,,0,0,0
Hum_XLOC_053600,False,,,0,0,0
Hum_XLOC_053602,False,,,0,0,0
Hum_XLOC_053603,False,,,0,0,0
Hum_XLOC_053604,False,,,0,0,0
Hum_XLOC_053609,False,,,0,0,0
Hum_XLOC_053612,True,0.0,,0,0,0
Hum_XLOC_053618,False,,,0,0,0
Hum_XLOC_053622,False,,,0,0,0
Hum_XLOC_053626,False,,,0,0,0
Hum_XLOC_053627,False,,,0,0,0
Hum_XLOC_053629,False,,,0,0,0
Hum_XLOC_053630,False,,,0,0,0
Hum_XLOC_053631,False,,,0,0,0
Hum_XLOC_053632,False,,,0,0,0
Hum_XLOC_053636,False,,,0,0,0
Hum_XLOC_053639,False,,,0,0,0
Hum_XLOC_053643,False,,,0,0,0
Hum_XLOC_053644,False,,,0,0,0
Hum_XLOC_053645,False,,,0,0,0
Hum_XLOC_053647,False,,,0,0,0
Hum_XLOC_053649,False,,,0,0,0
Hum_XLOC_053653,True,0.0,,0,0,0
Hum_XLOC_053654,False,,,0,0,0
Hum_XLOC_053659,False,,,0,0,0
Hum_XLOC_053661,False,,,0,0,0
Hum_XLOC_053663,False,,,0,0,0
Hum_XLOC_053664,False,,,0,0,0
Hum_XLOC_053666,False,,,0,0,0
Hum_XLOC_053667,False,,,0,0,0
Hum_XLOC_053677,False,,,0,0,0
Hum_XLOC_053678,False,,,0,0,0
Hum_XLOC_053684,True,0.0,,0,0,0
Hum_XLOC_053694,False,,,0,0,0
Hum_XLOC_053695,False,,,0,0,0
Hum_XLOC_053701,False,,,0,0,0
Hum_XLOC_053702,False,,,0,0,0
Hum_XLOC_053703,False,,,0,0,0
Hum_XLOC_053704,True,0.0,,0,0,0
Hum_XLOC_053707,False,,,0,0,0
Hum_XLOC_053708,False,,,0,0,0
Hum_XLOC_053709,False,,,0,0,0
Hum_XLOC_053711,False,,,0,0,0
Hum_XLOC_053713,False,,,0,0,0
Hum_XLOC_053716,False,,,0,0,0
Hum_XLOC_053717,False,,,0,0,0
Hum_XLOC_053718,False,,,0,0,0
Hum_XLOC_053722,False,,,0,0,0
Hum_XLOC_053724,False,,,0,0,0
Hum_XLOC_053725,False,,,0,0,0
Hum_XLOC_053726,False,,,0,0,0
Hum_XLOC_053727,False,,,0,0,0
Hum_XLOC_053728,False,,,0,0,0
Hum_XLOC_053731,True,0.0,,0,0,0
Hum_XLOC_053732,False,,,0,0,0
Hum_XLOC_053735,False,,,0,0,0
Hum_XLOC_053736,False,,,0,0,0
Hum_XLOC_053738,True,0.0,,0,0,0
Hum_XLOC_053739,True,0.0,,0,0,0
Hum_XLOC_053741,False,,,0,0,0
Hum_XLOC_053744,False,,,0,0,0
Hum_XLOC_053747,False,,,0,0,0
Hum_XLOC_053758,False,,,0,0,0
Hum_XLOC_053759,False,,,0,0,0
Hum_XLOC_053760,False,,,0,0,0
Hum_XLOC_053761,False,,,0,0,0
Hum_XLOC_053762,False,,,0,0,0
Hum_XLOC_053764,False,,,0,0,0
Hum_XLOC_053765,False,,,0,0,0
Hum_XLOC_053766,False,,,0,0,0
Hum_XLOC_053774,False,,,0,0,0
Hum_XLOC_053775,False,,,0,0,0
Hum_XLOC_053776,False,,,0,0,0
Hum_XLOC_053779,False,,,0,0,0
Hum_XLOC_053784,False,,,0,0,0
Hum_XLOC_053785,False,,,0,0,0
Hum_XLOC_053786,False,,,0,0,0
Hum_XLOC_053787,False,,,0,0,0
Hum_XLOC_053789,False,,,0,0,0
Hum_XLOC_053790,False,,,0,0,0
Hum_XLOC_053791,False,,,0,0,0
Hum_XLOC_053792,False,,,0,0,0
Hum_XLOC_053793,False,,,0,0,0
Hum_XLOC_053794,False,,,0,0,0
Hum_XLOC_053795,False,,,0,0,0
Hum_XLOC_053796,False,,,0,0,0
Hum_XLOC_053799,False,,,0,0,0
Hum_XLOC_053800,False,,,0,0,0
Hum_XLOC_053803,False,,,0,0,0
Hum_XLOC_053807,False,,,0,0,0
Hum_XLOC_053808,False,,,0,0,0
Hum_XLOC_053809,True,0.0,,0,0,0
Hum_XLOC_053810,False,,,0,0,0
Hum_XLOC_053811,False,,,0,0,0
Hum_XLOC_053812,False,,,0,0,0
Hum_XLOC_053814,False,,,0,0,0
Hum_XLOC_053820,False,,,0,0,0
Hum_XLOC_053822,False,,,0,0,0
Hum_XLOC_053823,False,,,0,0,0
Hum_XLOC_053825,False,,,0,0,0
Hum_XLOC_053830,False,,,0,0,0
Hum_XLOC_053831,True,0.0,,0,0,0
Hum_XLOC_053832,False,,,0,0,0
Hum_XLOC_053833,False,,,0,0,0
Hum_XLOC_053834,False,,,0,0,0
Hum_XLOC_053837,False,,,0,0,0
Hum_XLOC_053840,False,,,0,0,0
Hum_XLOC_053841,False,,,0,0,0
Hum_XLOC_053842,False,,,0,0,0
Hum_XLOC_053843,False,,,0,0,0
Hum_XLOC_053844,False,,,0,0,0
Hum_XLOC_053845,False,,,0,0,0
Hum_XLOC_053847,False,,,0,0,0
Hum_XLOC_053848,False,,,0,0,0
Hum_XLOC_053851,False,,,0,0,0
Hum_XLOC_053855,False,,,0,0,0
Hum_XLOC_053856,True,0.0,,0,0,0
Hum_XLOC_053857,False,,,0,0,0
Hum_XLOC_053858,False,,,0,0,0
Hum_XLOC_053859,True,0.0,,0,0,0
Hum_XLOC_053863,False,,,0,0,0
Hum_XLOC_053865,False,,,0,0,0
Hum_XLOC_053866,False,,,0,0,0
Hum_XLOC_053867,False,,,0,0,0
Hum_XLOC_053868,False,,,0,0,0
Hum_XLOC_053870,True,0.0,,0,0,0
Hum_XLOC_053875,False,,,0,0,0
Hum_XLOC_053880,False,,,0,0,0
Hum_XLOC_053883,False,,,0,0,0
Hum_XLOC_053884,True,0.0,,0,0,0
Hum_XLOC_053885,False,,,0,0,0
Hum_XLOC_053886,False,,,0,0,0
Hum_XLOC_053889,False,,,0,0,0
Hum_XLOC_053890,True,0.0,,0,0,0
Hum_XLOC_053891,False,,,0,0,0
Hum_XLOC_053892,True,0.0,,0,0,0
Hum_XLOC_053893,False,,,0,0,0
Hum_XLOC_053895,False,,,0,0,0
Hum_XLOC_053902,False,,,0,0,0
Hum_XLOC_053905,False,,,0,0,0
Hum_XLOC_053918,False,,,0,0,0
Hum_XLOC_053919,True,0.0,,0,0,0
Hum_XLOC_053924,False,,,0,0,0
Hum_XLOC_053925,False,,,0,0,0
Hum_XLOC_053927,False,,,0,0,0
Hum_XLOC_053928,False,,,0,0,0
Hum_XLOC_053929,False,,,0,0,0
Hum_XLOC_053932,False,,,0,0,0
Hum_XLOC_053934,False,,,0,0,0
Hum_XLOC_053935,False,,,0,0,0
Hum_XLOC_053937,True,0.0,,0,0,0
Hum_XLOC_053938,False,,,0,0,0
Hum_XLOC_053940,False,,,0,0,0
Hum_XLOC_053951,False,,,0,0,0
Hum_XLOC_053959,False,,,0,0,0
Hum_XLOC_053960,False,,,0,0,0
Hum_XLOC_053961,True,0.0,,0,0,0
Hum_XLOC_053965,False,,,0,0,0
Hum_XLOC_053973,False,,,0,0,0
Hum_XLOC_053977,True,0.0,,0,0,0
Hum_XLOC_053978,False,,,0,0,0
Hum_XLOC_053979,False,,,0,0,0
Hum_XLOC_053980,False,,,0,0,0
Hum_XLOC_053982,False,,,0,0,0
Hum_XLOC_053983,False,,,0,0,0
Hum_XLOC_053984,False,,,0,0,0
Hum_XLOC_053986,False,,,0,0,0
Hum_XLOC_053988,False,,,0,0,0
Hum_XLOC_053989,False,,,0,0,0
Hum_XLOC_053990,False,,,0,0,0
Hum_XLOC_053992,False,,,0,0,0
Hum_XLOC_053993,False,,,0,0,0
Hum_XLOC_053994,False,,,0,0,0
Hum_XLOC_053997,True,0.0,,0,0,0
Hum_XLOC_053999,False,,,0,0,0
Hum_XLOC_054002,True,0.0,,0,0,0
Hum_XLOC_054003,False,,,0,0,0
Hum_XLOC_054005,True,0.0,,0,0,0
Hum_XLOC_054006,False,,,0,0,0
Hum_XLOC_054007,False,,,0,0,0
Hum_XLOC_054008,False,,,0,0,0
Hum_XLOC_054010,False,,,0,0,0
Hum_XLOC_054011,False,,,0,0,0
Hum_XLOC_054012,False,,,0,0,0
Hum_XLOC_054014,False,,,0,0,0
Hum_XLOC_054015,False,,,0,0,0
Hum_XLOC_054021,False,,,0,0,0
Hum_XLOC_054022,False,,,0,0,0
Hum_XLOC_054027,False,,,0,0,0
Hum_XLOC_054028,True,0.0,,0,0,0
Hum_XLOC_054029,False,,,0,0,0
Hum_XLOC_054030,False,,,0,0,0
Hum_XLOC_054031,False,,,0,0,0
Hum_XLOC_054032,False,,,0,0,0
Hum_XLOC_054034,False,,,0,0,0
Hum_XLOC_054035,False,,,0,0,0
Hum_XLOC_054039,False,,,0,0,0
Hum_XLOC_054041,False,,,0,0,0
Hum_XLOC_054042,False,,,0,0,0
Hum_XLOC_054043,False,,,0,0,0
Hum_XLOC_054044,False,,,0,0,0
Hum_XLOC_054045,False,,,0,0,0
Hum_XLOC_054046,False,,,0,0,0
Hum_XLOC_054052,False,,,0,0,0
Hum_XLOC_054053,False,,,0,0,0
Hum_XLOC_054054,False,,,0,0,0
Hum_XLOC_054057,False,,,0,0,0
Hum_XLOC_054058,False,,,0,0,0
Hum_XLOC_054059,False,,,0,0,0
Hum_XLOC_054060,False,,,0,0,0
Hum_XLOC_054061,False,,,0,0,0
Hum_XLOC_054065,True,,,0,0,0
Hum_XLOC_054068,True,0.0,,0,0,0
Hum_XLOC_054069,False,,,0,0,0
Hum_XLOC_054070,False,,,0,0,0
Hum_XLOC_054071,False,,,0,0,0
Hum_XLOC_054072,False,,,0,0,0
Hum_XLOC_054073,False,,,0,0,0
Hum_XLOC_054074,False,,,0,0,0
Hum_XLOC_054075,False,,,0,0,0
Hum_XLOC_054076,False,,,0,0,0
Hum_XLOC_054077,False,,,0,0,0
Hum_XLOC_054078,False,,,0,0,0
Hum_XLOC_054079,False,,,0,0,0
Hum_XLOC_054080,False,,,0,0,0
Hum_XLOC_054082,False,,,0,0,0
Hum_XLOC_054083,False,,,0,0,0
Hum_XLOC_054084,False,,,0,0,0
Hum_XLOC_054090,False,,,0,0,0
Hum_XLOC_054093,False,,,0,0,0
Hum_XLOC_054096,False,,,0,0,0
Hum_XLOC_054101,True,0.0,,0,0,0
Hum_XLOC_054107,False,,,0,0,0
Hum_XLOC_054108,False,,,0,0,0
Hum_XLOC_054114,True,0.0,,0,0,0
Hum_XLOC_054115,True,0.0,,0,0,0
Hum_XLOC_054117,True,0.0,,0,0,0
Hum_XLOC_054118,False,,,0,0,0
Hum_XLOC_054121,False,,,0,0,0
Hum_XLOC_054123,True,0.0,,0,0,0
Hum_XLOC_054124,True,0.0,,0,0,0
Hum_XLOC_054131,False,,,0,0,0
Hum_XLOC_054132,False,,,0,0,0
Hum_XLOC_054133,True,0.0,,0,0,0
Hum_XLOC_054135,False,,,0,0,0
Hum_XLOC_054136,False,,,0,0,0
Hum_XLOC_054140,False,,,0,0,0
Hum_XLOC_054142,False,,,0,0,0
Hum_XLOC_054144,False,,,0,0,0
Hum_XLOC_054145,False,,,0,0,0
Hum_XLOC_054148,True,0.0,,0,0,0
Hum_XLOC_054155,False,,,0,0,0
Hum_XLOC_054156,False,,,0,0,0
Hum_XLOC_054158,False,,,0,0,0
Hum_XLOC_054162,False,,,0,0,0
Hum_XLOC_054166,True,0.0,,0,0,0
Hum_XLOC_054167,False,,,0,0,0
Hum_XLOC_054168,False,,,0,0,0
Hum_XLOC_054169,True,0.0,,0,0,0
Hum_XLOC_054170,False,,,0,0,0
Hum_XLOC_054173,False,,,0,0,0
Hum_XLOC_054174,False,,,0,0,0
Hum_XLOC_054175,False,,,0,0,0
Hum_XLOC_054176,False,,,0,0,0
Hum_XLOC_054178,False,,,0,0,0
Hum_XLOC_054180,True,0.0,,0,0,0
Hum_XLOC_054181,False,,,0,0,0
Hum_XLOC_054183,False,,,0,0,0
Hum_XLOC_054184,False,,,0,0,0
Hum_XLOC_054186,False,,,0,0,0
Hum_XLOC_054187,False,,,0,0,0
Hum_XLOC_054188,False,,,0,0,0
Hum_XLOC_054189,False,,,0,0,0
Hum_XLOC_054190,True,0.0,,0,0,0
Hum_XLOC_054191,False,,,0,0,0
Hum_XLOC_054195,False,,,0,0,0
Hum_XLOC_054198,False,,,0,0,0
Hum_XLOC_054200,False,,,0,0,0
Hum_XLOC_054201,False,,,0,0,0
Hum_XLOC_054212,False,,,0,0,0
Hum_XLOC_054213,False,,,0,0,0
Hum_XLOC_054214,False,,,0,0,0
Hum_XLOC_054215,False,,,0,0,0
Hum_XLOC_054216,False,,,0,0,0
Hum_XLOC_054217,False,,,0,0,0
Hum_XLOC_054218,False,,,0,0,0
Hum_XLOC_054219,False,,,0,0,0
Hum_XLOC_054221,True,0.0,,0,0,0
Hum_XLOC_054222,False,,,0,0,0
Hum_XLOC_054223,True,0.0,,0,0,0
Hum_XLOC_054225,True,0.0,,0,0,0
Hum_XLOC_054226,False,,,0,0,0
Hum_XLOC_054227,False,,,0,0,0
Hum_XLOC_054228,False,,,0,0,0
Hum_XLOC_054230,False,,,0,0,0
Hum_XLOC_054232,False,,,0,0,0
Hum_XLOC_054233,False,,,0,0,0
Hum_XLOC_054235,False,,,0,0,0
Hum_XLOC_054236,False,,,0,0,0
Hum_XLOC_054239,True,0.0,,0,0,0
Hum_XLOC_054241,False,,,0,0,0
Hum_XLOC_054246,False,,,0,0,0
Hum_XLOC_054247,False,,,0,0,0
Hum_XLOC_054248,False,,,0,0,0
Hum_XLOC_054250,False,,,0,0,0
Hum_XLOC_054251,False,,,0,0,0
Hum_XLOC_054255,False,,,0,0,0
Hum_XLOC_054256,False,,,0,0,0
Hum_XLOC_054264,False,,,0,0,0
Hum_XLOC_054265,False,,,0,0,0
Hum_XLOC_054266,True,0.0,,0,0,0
Hum_XLOC_054269,False,,,0,0,0
Hum_XLOC_054272,False,,,0,0,0
Hum_XLOC_054276,False,,,0,0,0
Hum_XLOC_054285,False,,,0,0,0
Hum_XLOC_054287,False,,,0,0,0
Hum_XLOC_054293,False,,,0,0,0
Hum_XLOC_054294,False,,,0,0,0
Hum_XLOC_054295,False,,,0,0,0
Hum_XLOC_054299,False,,,0,0,0
Hum_XLOC_054303,False,,,0,0,0
Hum_XLOC_054304,False,,,0,0,0
Hum_XLOC_054305,True,0.0,,0,0,0
Hum_XLOC_054307,False,,,0,0,0
Hum_XLOC_054308,False,,,0,0,0
Hum_XLOC_054315,False,,,0,0,0
Hum_XLOC_054316,False,,,0,0,0
Hum_XLOC_054317,False,,,0,0,0
Hum_XLOC_054318,False,,,0,0,0
Hum_XLOC_054319,True,0.0,,0,0,0
Hum_XLOC_054320,False,,,0,0,0
Hum_XLOC_054321,False,,,0,0,0
Hum_XLOC_054322,False,,,0,0,0
Hum_XLOC_054323,False,,,0,0,0
Hum_XLOC_054327,False,,,0,0,0
Hum_XLOC_054329,False,,,0,0,0
Hum_XLOC_054330,False,,,0,0,0
Hum_XLOC_054331,False,,,0,0,0
Hum_XLOC_054333,True,0.0,,0,0,0
Hum_XLOC_054334,False,,,0,0,0
Hum_XLOC_054335,False,,,0,0,0
Hum_XLOC_054339,False,,,0,0,0
Hum_XLOC_054340,False,,,0,0,0
Hum_XLOC_054341,False,,,0,0,0
Hum_XLOC_054346,False,,,0,0,0
Hum_XLOC_054347,False,,,0,0,0
Hum_XLOC_054348,False,,,0,0,0
Hum_XLOC_054350,False,,,0,0,0
Hum_XLOC_054352,False,,,0,0,0
Hum_XLOC_054355,False,,,0,0,0
Hum_XLOC_054359,True,0.0,,0,0,0
Hum_XLOC_054360,False,,,0,0,0
Hum_XLOC_054361,False,,,0,0,0
Hum_XLOC_054373,False,,,0,0,0
Hum_XLOC_054375,True,0.0,,0,0,0
Hum_XLOC_054376,False,,,0,0,0
Hum_XLOC_054388,False,,,0,0,0
Hum_XLOC_054394,False,,,0,0,0
Hum_XLOC_054395,False,,,0,0,0
Hum_XLOC_054396,False,,,0,0,0
Hum_XLOC_054397,False,,,0,0,0
Hum_XLOC_054398,False,,,0,0,0
Hum_XLOC_054399,False,,,0,0,0
Hum_XLOC_054400,False,,,0,0,0
Hum_XLOC_054401,False,,,0,0,0
Hum_XLOC_054402,False,,,0,0,0
Hum_XLOC_054403,False,,,0,0,0
Hum_XLOC_054404,False,,,0,0,0
Hum_XLOC_054405,False,,,0,0,0
Hum_XLOC_054409,False,,,0,0,0
Hum_XLOC_054411,False,,,0,0,0
Hum_XLOC_054412,False,,,0,0,0
Hum_XLOC_054413,False,,,0,0,0
Hum_XLOC_054417,False,,,0,0,0
Hum_XLOC_054418,False,,,0,0,0
Hum_XLOC_054419,False,,,0,0,0
Hum_XLOC_054420,False,,,0,0,0
Hum_XLOC_054424,False,,,0,0,0
Hum_XLOC_054425,False,,,0,0,0
Hum_XLOC_054427,False,,,0,0,0
Hum_XLOC_054428,False,,,0,0,0
Hum_XLOC_054429,False,,,0,0,0
Hum_XLOC_054430,False,,,0,0,0
Hum_XLOC_054431,False,,,0,0,0
Hum_XLOC_054432,False,,,0,0,0
Hum_XLOC_054433,False,,,0,0,0
Hum_XLOC_054434,False,,,0,0,0
Hum_XLOC_054435,False,,,0,0,0
Hum_XLOC_054436,False,,,0,0,0
Hum_XLOC_054437,False,,,0,0,0
Hum_XLOC_054438,False,,,0,0,0
Hum_XLOC_054439,False,,,0,0,0
Hum_XLOC_054440,False,,,0,0,0
Hum_XLOC_054441,False,,,0,0,0
Hum_XLOC_054442,False,,,0,0,0
Hum_XLOC_054443,False,,,0,0,0
Hum_XLOC_054448,False,,,0,0,0
Hum_XLOC_054449,False,,,0,0,0
Hum_XLOC_054450,False,,,0,0,0
Hum_XLOC_054451,False,,,0,0,0
Hum_XLOC_054452,False,,,0,0,0
Hum_XLOC_054453,False,,,0,0,0
Hum_XLOC_054454,False,,,0,0,0
Hum_XLOC_054455,True,0.0,,0,0,0
Hum_XLOC_054456,True,0.0,,0,0,0
Hum_XLOC_054458,False,,,0,0,0
Hum_XLOC_054465,False,,,0,0,0
Hum_XLOC_054467,False,,,0,0,0
Hum_XLOC_054468,False,,,0,0,0
Hum_XLOC_054469,False,,,0,0,0
Hum_XLOC_054470,False,,,0,0,0
Hum_XLOC_054471,True,0.0,,0,0,0
Hum_XLOC_054473,False,,,0,0,0
Hum_XLOC_054478,True,0.0,,0,0,0
Hum_XLOC_054479,False,,,0,0,0
Hum_XLOC_054482,False,,,0,0,0
Hum_XLOC_054483,False,,,0,0,0
Hum_XLOC_054487,False,,,0,0,0
Hum_XLOC_054490,False,,,0,0,0
Hum_XLOC_054491,False,,,0,0,0
Hum_XLOC_054494,False,,,0,0,0
Hum_XLOC_054495,False,,,0,0,0
Hum_XLOC_054496,False,,,0,0,0
Hum_XLOC_054497,False,,,0,0,0
Hum_XLOC_054498,False,,,0,0,0
Hum_XLOC_054499,False,,,0,0,0
Hum_XLOC_054500,False,,,0,0,0
Hum_XLOC_054501,False,,,0,0,0
Hum_XLOC_054503,False,,,0,0,0
Hum_XLOC_054504,False,,,0,0,0
Hum_XLOC_054505,False,,,0,0,0
Hum_XLOC_054506,False,,,0,0,0
Hum_XLOC_054507,False,,,0,0,0
Hum_XLOC_054508,False,,,0,0,0
Hum_XLOC_054509,False,,,0,0,0
Hum_XLOC_054511,False,,,0,0,0
Hum_XLOC_054512,False,,,0,0,0
Hum_XLOC_054513,True,0.0,,0,0,0
Hum_XLOC_054514,False,,,0,0,0
Hum_XLOC_054515,False,,,0,0,0
Hum_XLOC_054516,False,,,0,0,0
Hum_XLOC_054517,False,,,0,0,0
Hum_XLOC_054518,False,,,0,0,0
Hum_XLOC_054519,False,,,0,0,0
Hum_XLOC_054520,False,,,0,0,0
Hum_XLOC_054521,False,,,0,0,0
Hum_XLOC_054522,False,,,0,0,0
Hum_XLOC_054523,False,,,0,0,0
Hum_XLOC_054524,False,,,0,0,0
Hum_XLOC_054525,False,,,0,0,0
Hum_XLOC_054526,False,,,0,0,0
Hum_XLOC_054527,False,,,0,0,0
Hum_XLOC_054528,False,,,0,0,0
Hum_XLOC_054529,False,,,0,0,0
Hum_XLOC_054530,True,0.0,,0,0,0
Hum_XLOC_054532,True,0.0,,0,0,0
Hum_XLOC_054533,False,,,0,0,0
Hum_XLOC_054534,False,,,0,0,0
Hum_XLOC_054535,False,,,0,0,0
Hum_XLOC_054537,False,,,0,0,0
Hum_XLOC_054538,False,,,0,0,0
Hum_XLOC_054540,False,,,0,0,0
Hum_XLOC_054543,False,,,0,0,0
Hum_XLOC_054544,False,,,0,0,0
Hum_XLOC_054545,False,,,0,0,0
Hum_XLOC_054547,False,,,0,0,0
Hum_XLOC_054548,True,0.0,,0,0,0
Hum_XLOC_054549,False,,,0,0,0
Hum_XLOC_054550,True,0.0,,0,0,0
Hum_XLOC_054551,False,,,0,0,0
Hum_XLOC_054552,False,,,0,0,0
Hum_XLOC_054554,False,,,0,0,0
Hum_XLOC_054557,False,,,0,0,0
Hum_XLOC_054558,False,,,0,0,0
Hum_XLOC_054559,False,,,0,0,0
Hum_XLOC_054560,False,,,0,0,0
Hum_XLOC_054561,False,,,0,0,0
Hum_XLOC_054562,False,,,0,0,0
Hum_XLOC_054568,False,,,0,0,0
Hum_XLOC_054569,False,,,0,0,0
Hum_XLOC_054571,False,,2.0,0,0,1
