lncRNA,specific_line,tau,n_lines_essential,group
Hum_XLOC_000006,,0.56,0,B
Hum_XLOC_000008,,0.511,0,B
Hum_XLOC_000016,,0.732,0,B
Hum_XLOC_000030,,0.43,0,B
Hum_XLOC_000033,,0.583,0,B
Hum_XLOC_000039,,0.676,0,B
Hum_XLOC_000053,HAP1,0.955,0,N
Hum_XLOC_000057,HEK293FT,0.808,1,E
Hum_XLOC_000060,THP1,0.882,1,E
Hum_XLOC_000080,,0.719,0,B
Hum_XLOC_000094,K562,1.0,0,N
Hum_XLOC_000100,,1.25,2,P
Hum_XLOC_000105,,1.25,0,
Hum_XLOC_000107,,1.25,1,
Hum_XLOC_000111,,1.0,1,
Hum_XLOC_000134,,0.304,0,B
Hum_XLOC_000143,,0.556,1,
Hum_XLOC_000145,,0.731,1,
Hum_XLOC_000149,,0.738,0,B
Hum_XLOC_000155,,0.95,2,P
Hum_XLOC_000169,,0.116,0,B
Hum_XLOC_000170,,0.455,0,B
Hum_XLOC_000194,THP1,0.908,0,N
Hum_XLOC_000201,,1.25,0,
Hum_XLOC_000231,,0.667,1,
Hum_XLOC_000233,MDA-MB-231,0.941,1,E
Hum_XLOC_000245,,0.732,1,
Hum_XLOC_000247,,1.0,0,
Hum_XLOC_000248,HAP1,0.871,0,N
Hum_XLOC_000265,,0.485,0,B
Hum_XLOC_000282,K562,0.997,0,N
Hum_XLOC_000286,,0.505,1,
Hum_XLOC_000292,,0.758,0,B
Hum_XLOC_000307,MDA-MB-231,0.962,1,E
Hum_XLOC_000308,,1.25,0,
Hum_XLOC_000312,,0.784,1,
Hum_XLOC_000314,,0.292,0,B
Hum_XLOC_000317,,0.594,0,
Hum_XLOC_000319,,0.736,0,B
Hum_XLOC_000332,,1.25,0,
Hum_XLOC_000338,,0.481,2,P
Hum_XLOC_000342,K562,0.992,0,N
Hum_XLOC_000345,,0.625,0,
Hum_XLOC_000362,,0.75,0,
Hum_XLOC_000377,HAP1,0.981,1,E
Hum_XLOC_000390,THP1,0.98,0,N
Hum_XLOC_000394,,0.384,0,B
Hum_XLOC_000411,HAP1,0.935,0,N
Hum_XLOC_000415,,0.75,0,
Hum_XLOC_000430,,1.0,0,
Hum_XLOC_000436,K562,0.911,1,E
Hum_XLOC_000437,K562,0.894,1,T
Hum_XLOC_000456,,0.399,4,P
Hum_XLOC_000461,MDA-MB-231,0.853,0,N
Hum_XLOC_000462,,0.773,0,B
Hum_XLOC_000465,,0.625,0,
Hum_XLOC_000472,,1.0,0,
Hum_XLOC_000474,HAP1,1.0,0,N
Hum_XLOC_000478,K562,0.92,0,N
Hum_XLOC_000486,,0.576,0,B
Hum_XLOC_000490,,0.545,0,B
Hum_XLOC_000498,,0.68,0,B
Hum_XLOC_000500,,0.861,1,
Hum_XLOC_000510,,0.676,0,B
Hum_XLOC_000535,,0.79,0,B
Hum_XLOC_000540,,1.25,0,
Hum_XLOC_000556,,0.442,0,B
Hum_XLOC_000574,,0.778,0,B
Hum_XLOC_000575,,0.595,0,B
Hum_XLOC_000582,,0.636,0,B
Hum_XLOC_000590,,0.637,0,B
Hum_XLOC_000601,,0.641,0,B
Hum_XLOC_000604,,0.57,0,B
Hum_XLOC_000608,,0.448,2,P
Hum_XLOC_000612,,0.875,0,
Hum_XLOC_000636,,0.788,2,P
Hum_XLOC_000638,THP1,0.864,0,N
Hum_XLOC_000641,MDA-MB-231,0.985,0,N
Hum_XLOC_000655,,0.8,1,
Hum_XLOC_000668,,0.383,0,B
Hum_XLOC_000680,,0.629,0,B
Hum_XLOC_000681,MDA-MB-231,0.956,0,N
Hum_XLOC_000695,HEK293FT,0.968,0,N
Hum_XLOC_000702,,0.441,0,B
Hum_XLOC_000726,,0.622,0,B
Hum_XLOC_000727,,1.0,0,
Hum_XLOC_000758,THP1,0.981,0,N
Hum_XLOC_000773,,0.28,0,B
Hum_XLOC_000774,,0.703,0,B
Hum_XLOC_000797,HEK293FT,0.875,0,N
Hum_XLOC_000799,,0.812,0,
Hum_XLOC_000800,,0.721,0,B
Hum_XLOC_000807,,1.0,0,
Hum_XLOC_000818,HAP1,1.0,1,E
Hum_XLOC_000828,MDA-MB-231,0.98,0,N
Hum_XLOC_000831,,1.25,0,
Hum_XLOC_000835,HEK293FT,0.995,0,N
Hum_XLOC_000840,,1.0,0,
Hum_XLOC_000841,,1.25,1,
Hum_XLOC_000842,,1.0,0,
Hum_XLOC_000854,,0.509,1,
Hum_XLOC_000855,MDA-MB-231,0.943,0,N
Hum_XLOC_000883,,1.25,0,
Hum_XLOC_000885,,0.875,0,
Hum_XLOC_000905,THP1,1.0,0,N
Hum_XLOC_000917,MDA-MB-231,0.974,0,N
Hum_XLOC_000925,,0.72,0,B
Hum_XLOC_000944,,0.483,0,B
Hum_XLOC_000949,,1.25,0,
Hum_XLOC_000953,MDA-MB-231,0.975,0,N
Hum_XLOC_000964,,0.696,0,B
Hum_XLOC_000990,,1.25,0,
Hum_XLOC_000994,,1.0,0,
Hum_XLOC_001020,THP1,0.914,0,N
Hum_XLOC_001029,,0.667,0,B
Hum_XLOC_001066,,0.586,2,P
Hum_XLOC_001120,,0.399,0,B
Hum_XLOC_001121,K562,0.884,0,N
Hum_XLOC_001122,,0.79,0,B
Hum_XLOC_001125,,0.56,0,B
Hum_XLOC_001132,MDA-MB-231,0.997,0,N
Hum_XLOC_001138,,0.691,0,B
Hum_XLOC_001144,K562,0.991,0,N
Hum_XLOC_001146,,0.75,0,
Hum_XLOC_001188,,0.875,1,
Hum_XLOC_001191,,0.697,0,B
Hum_XLOC_001192,,0.238,0,B
Hum_XLOC_001217,,1.25,0,
Hum_XLOC_001222,,1.25,0,
Hum_XLOC_001228,,1.25,0,
Hum_XLOC_001230,,1.25,0,
Hum_XLOC_001237,THP1,0.976,0,N
Hum_XLOC_001243,,0.745,0,B
Hum_XLOC_001275,,1.0,0,
Hum_XLOC_001279,,0.78,0,B
Hum_XLOC_001291,HEK293FT,0.902,0,N
Hum_XLOC_001296,,1.25,1,
Hum_XLOC_001297,HEK293FT,0.824,0,N
Hum_XLOC_001309,HEK293FT,0.816,0,N
Hum_XLOC_001329,HEK293FT,0.935,0,N
Hum_XLOC_001330,,0.771,0,B
Hum_XLOC_001355,,1.25,0,
Hum_XLOC_001366,,0.411,0,B
Hum_XLOC_001367,,0.744,0,B
Hum_XLOC_001375,,1.25,0,
Hum_XLOC_001390,THP1,0.944,0,N
Hum_XLOC_001405,K562,0.951,0,N
Hum_XLOC_001461,K562,0.999,0,N
Hum_XLOC_001465,K562,0.914,0,N
Hum_XLOC_001488,THP1,0.817,0,N
Hum_XLOC_001490,K562,0.886,1,T
Hum_XLOC_001509,,0.557,1,
Hum_XLOC_001516,,0.539,0,B
Hum_XLOC_001532,,0.477,0,B
Hum_XLOC_001539,,0.365,0,B
Hum_XLOC_001541,,0.585,0,B
Hum_XLOC_001542,,0.761,0,B
Hum_XLOC_001548,MDA-MB-231,0.951,1,E
Hum_XLOC_001559,,1.25,0,
Hum_XLOC_001565,MDA-MB-231,0.868,1,E
Hum_XLOC_001566,THP1,0.976,0,N
Hum_XLOC_001575,,0.797,0,B
Hum_XLOC_001580,,0.735,0,B
Hum_XLOC_001590,,0.364,0,B
Hum_XLOC_001615,,0.45,1,
Hum_XLOC_001624,,0.468,0,B
Hum_XLOC_001639,,1.25,0,
Hum_XLOC_001661,K562,0.998,0,N
Hum_XLOC_001666,,1.25,0,
Hum_XLOC_001668,,1.25,0,
Hum_XLOC_001688,MDA-MB-231,1.0,0,N
Hum_XLOC_001689,,1.0,0,
Hum_XLOC_001695,MDA-MB-231,0.905,0,N
Hum_XLOC_001696,,0.643,0,
Hum_XLOC_001698,THP1,0.971,0,N
Hum_XLOC_001707,MDA-MB-231,0.813,0,N
Hum_XLOC_001760,,1.25,0,
Hum_XLOC_001761,,1.25,1,
Hum_XLOC_001773,,0.401,0,B
Hum_XLOC_001775,,0.696,0,B
Hum_XLOC_001779,,0.395,1,
Hum_XLOC_001783,,1.25,1,
Hum_XLOC_001791,K562,0.956,1,E
Hum_XLOC_001805,,0.95,0,
Hum_XLOC_001809,,0.754,0,B
Hum_XLOC_001848,,1.0,0,
Hum_XLOC_001919,,1.0,1,
Hum_XLOC_001941,,0.343,0,B
Hum_XLOC_001942,,0.72,0,B
Hum_XLOC_001949,,1.25,0,
Hum_XLOC_001950,,1.25,1,
Hum_XLOC_001953,,0.613,0,B
Hum_XLOC_001957,K562,0.879,0,N
Hum_XLOC_001961,THP1,0.908,1,T
Hum_XLOC_001969,,0.701,0,B
Hum_XLOC_002024,HAP1,0.998,0,N
Hum_XLOC_002028,,0.711,0,B
Hum_XLOC_002033,,0.708,1,
Hum_XLOC_002036,,1.0,0,
Hum_XLOC_002037,,1.25,0,
Hum_XLOC_002041,THP1,0.865,0,N
Hum_XLOC_002059,HAP1,0.856,0,N
Hum_XLOC_002061,,0.525,0,B
Hum_XLOC_002068,,0.768,0,B
Hum_XLOC_002081,,0.781,0,
Hum_XLOC_002093,,1.0,0,
Hum_XLOC_002099,HEK293FT,0.802,0,N
Hum_XLOC_002144,MDA-MB-231,0.828,0,N
Hum_XLOC_002150,,1.0,0,
Hum_XLOC_002152,,1.25,0,
Hum_XLOC_002154,,1.0,0,
Hum_XLOC_002169,THP1,0.809,2,P
Hum_XLOC_002170,,0.7,0,
Hum_XLOC_002176,,0.616,0,B
Hum_XLOC_002178,HAP1,0.925,0,N
Hum_XLOC_002186,,0.65,1,
Hum_XLOC_002204,,1.25,1,
Hum_XLOC_002205,,1.0,1,
Hum_XLOC_002219,,1.25,1,
Hum_XLOC_002244,,0.875,0,
Hum_XLOC_002252,,0.614,0,B
Hum_XLOC_002261,,0.246,0,B
Hum_XLOC_002262,,0.917,0,
Hum_XLOC_002265,,0.626,0,B
Hum_XLOC_002271,,0.767,0,B
Hum_XLOC_002280,,0.629,0,B
Hum_XLOC_002282,,0.406,1,
Hum_XLOC_002283,,0.386,0,B
Hum_XLOC_002284,,0.601,1,
Hum_XLOC_002294,,0.618,0,B
Hum_XLOC_002296,K562,1.0,0,N
Hum_XLOC_002299,,0.705,0,B
Hum_XLOC_002301,HEK293FT,0.936,0,N
Hum_XLOC_002306,,0.781,0,B
Hum_XLOC_002311,,0.529,2,P
Hum_XLOC_002313,,0.333,1,
Hum_XLOC_002314,,0.355,2,P
Hum_XLOC_002327,,0.691,0,B
Hum_XLOC_002330,THP1,1.0,0,N
Hum_XLOC_002338,,0.633,0,B
Hum_XLOC_002344,,0.769,0,B
Hum_XLOC_002347,,0.488,0,B
Hum_XLOC_002348,,0.355,0,B
Hum_XLOC_002362,,1.0,0,
Hum_XLOC_002364,,0.889,0,
Hum_XLOC_002383,,1.25,0,
Hum_XLOC_002386,MDA-MB-231,0.991,0,N
Hum_XLOC_002390,,0.503,0,B
Hum_XLOC_002394,,0.69,0,B
Hum_XLOC_002398,,0.745,0,B
Hum_XLOC_002399,,0.938,0,
Hum_XLOC_002408,,0.445,0,B
Hum_XLOC_002414,,0.647,0,B
Hum_XLOC_002418,MDA-MB-231,0.986,0,N
Hum_XLOC_002435,MDA-MB-231,0.984,1,E
Hum_XLOC_002440,HAP1,0.863,1,E
Hum_XLOC_002489,THP1,0.938,0,N
Hum_XLOC_002490,THP1,0.995,0,N
Hum_XLOC_002493,,0.529,0,B
Hum_XLOC_002520,HEK293FT,0.962,0,N
Hum_XLOC_002524,,0.694,0,B
Hum_XLOC_002546,,0.747,0,B
Hum_XLOC_002560,HAP1,0.954,0,N
Hum_XLOC_002570,,0.769,0,B
Hum_XLOC_002577,HEK293FT,0.873,0,N
Hum_XLOC_002579,,1.25,1,
Hum_XLOC_002586,,1.25,0,
Hum_XLOC_002589,,0.507,1,
Hum_XLOC_002629,MDA-MB-231,1.0,0,N
Hum_XLOC_002631,HEK293FT,0.812,0,N
Hum_XLOC_002635,,0.691,0,B
Hum_XLOC_002644,,0.677,0,B
Hum_XLOC_002646,,0.552,0,B
Hum_XLOC_002653,,0.75,0,B
Hum_XLOC_002681,,0.833,0,
Hum_XLOC_002695,,1.25,0,
Hum_XLOC_002702,K562,0.985,0,N
Hum_XLOC_002705,K562,1.0,1,T
Hum_XLOC_002711,HAP1,0.858,0,N
Hum_XLOC_002714,MDA-MB-231,0.982,0,N
Hum_XLOC_002717,,0.688,0,B
Hum_XLOC_002725,HEK293FT,0.852,0,N
Hum_XLOC_002741,,0.499,0,B
Hum_XLOC_002742,,0.714,1,
Hum_XLOC_002744,,0.573,0,B
Hum_XLOC_002760,HEK293FT,0.942,0,N
Hum_XLOC_002788,,0.579,0,B
Hum_XLOC_002792,,0.504,1,
Hum_XLOC_002796,K562,0.996,0,N
Hum_XLOC_002817,,0.85,0,
Hum_XLOC_002836,,0.563,3,P
Hum_XLOC_002844,,0.682,1,
Hum_XLOC_002845,,0.284,0,B
Hum_XLOC_002859,HAP1,0.971,0,N
Hum_XLOC_002889,,0.572,1,
Hum_XLOC_002911,,0.442,0,B
Hum_XLOC_002935,,0.654,1,
Hum_XLOC_002937,,0.358,0,B
Hum_XLOC_002967,,0.562,0,
Hum_XLOC_002983,,0.403,0,B
Hum_XLOC_002986,,0.727,0,B
Hum_XLOC_002990,,0.66,0,B
Hum_XLOC_003039,THP1,1.0,0,N
Hum_XLOC_003061,,0.565,1,
Hum_XLOC_003086,,0.668,2,P
Hum_XLOC_003099,THP1,0.908,0,N
Hum_XLOC_003109,THP1,0.922,1,T
Hum_XLOC_003128,,0.765,0,B
Hum_XLOC_003134,THP1,0.85,1,E
Hum_XLOC_003137,,0.663,0,B
Hum_XLOC_003154,,0.598,0,B
Hum_XLOC_003155,,0.67,0,B
Hum_XLOC_003171,,0.549,0,B
Hum_XLOC_003209,,0.681,0,B
Hum_XLOC_003215,,0.386,0,B
Hum_XLOC_003221,HEK293FT,0.968,0,N
Hum_XLOC_003232,,1.25,0,
Hum_XLOC_003268,,1.0,1,
Hum_XLOC_003269,HAP1,1.0,1,E
Hum_XLOC_003286,,0.712,0,B
Hum_XLOC_003290,,1.25,0,
Hum_XLOC_003294,,1.25,0,
Hum_XLOC_003321,,0.755,0,B
Hum_XLOC_003324,,0.676,0,B
Hum_XLOC_003334,,0.698,0,B
Hum_XLOC_003337,,1.0,0,
Hum_XLOC_003338,K562,0.97,0,N
Hum_XLOC_003352,,0.697,0,B
Hum_XLOC_003357,HEK293FT,0.917,0,N
Hum_XLOC_003361,,0.658,0,B
Hum_XLOC_003371,,0.506,0,B
Hum_XLOC_003381,,0.583,0,
Hum_XLOC_003408,MDA-MB-231,0.995,0,N
Hum_XLOC_003436,MDA-MB-231,1.0,0,N
Hum_XLOC_003440,,1.0,0,
Hum_XLOC_003450,THP1,0.977,1,E
Hum_XLOC_003466,THP1,0.901,0,N
Hum_XLOC_003488,,0.664,0,B
Hum_XLOC_003491,,0.446,0,B
Hum_XLOC_003497,,1.0,0,
Hum_XLOC_003498,,1.0,0,
Hum_XLOC_003502,HAP1,0.839,0,N
Hum_XLOC_003518,,0.504,0,B
Hum_XLOC_003532,,0.549,0,B
Hum_XLOC_003543,HEK293FT,0.807,0,N
Hum_XLOC_003554,,0.477,2,P
Hum_XLOC_003563,HAP1,0.871,0,N
Hum_XLOC_003567,,0.625,0,B
Hum_XLOC_003568,,0.875,1,
Hum_XLOC_003570,,1.25,0,
Hum_XLOC_003571,,1.25,0,
Hum_XLOC_003593,,0.434,0,B
Hum_XLOC_003594,,0.739,0,B
Hum_XLOC_003598,,0.738,0,B
Hum_XLOC_003626,,1.25,0,
Hum_XLOC_003628,,1.25,1,
Hum_XLOC_003630,,1.25,0,
Hum_XLOC_003641,,0.567,1,
Hum_XLOC_003662,,0.548,0,B
Hum_XLOC_003665,,0.778,1,
Hum_XLOC_003672,,1.0,0,
Hum_XLOC_003673,,1.25,0,
Hum_XLOC_003674,HEK293FT,0.843,0,N
Hum_XLOC_003676,,0.359,0,B
Hum_XLOC_003686,,0.558,0,B
Hum_XLOC_003697,,0.602,0,B
Hum_XLOC_003717,,0.906,0,
Hum_XLOC_003725,,0.615,0,B
Hum_XLOC_003743,,1.25,0,
Hum_XLOC_003754,,0.54,0,B
Hum_XLOC_003766,,0.631,0,B
Hum_XLOC_003775,THP1,0.923,0,N
Hum_XLOC_003790,,0.778,0,B
Hum_XLOC_003799,,0.789,1,
Hum_XLOC_003853,K562,0.838,0,N
Hum_XLOC_003865,,0.717,0,B
Hum_XLOC_003871,,0.784,0,B
Hum_XLOC_003891,,0.747,0,B
Hum_XLOC_003892,THP1,1.0,2,P
Hum_XLOC_003910,,0.714,0,B
Hum_XLOC_003911,MDA-MB-231,0.914,0,N
Hum_XLOC_003952,,1.25,0,
Hum_XLOC_003971,,0.603,0,B
Hum_XLOC_003988,,0.9,1,
Hum_XLOC_004020,,0.551,0,B
Hum_XLOC_004035,,0.632,0,B
Hum_XLOC_004036,K562,0.939,1,E
Hum_XLOC_004048,,1.0,0,
Hum_XLOC_004068,,0.667,0,
Hum_XLOC_004069,,0.798,0,B
Hum_XLOC_004095,HEK293FT,0.965,0,N
Hum_XLOC_004096,,0.238,0,B
Hum_XLOC_004116,,0.67,1,
Hum_XLOC_004123,THP1,0.975,0,N
Hum_XLOC_004134,,1.0,0,
Hum_XLOC_004161,,0.75,0,
Hum_XLOC_004168,,1.0,0,
Hum_XLOC_004169,,1.25,0,
Hum_XLOC_004177,K562,0.999,0,N
Hum_XLOC_004200,,0.591,0,B
Hum_XLOC_004201,,0.438,0,
Hum_XLOC_004219,,0.526,1,
Hum_XLOC_004226,,0.739,0,B
Hum_XLOC_004227,,0.738,1,
Hum_XLOC_004236,,0.821,1,
Hum_XLOC_004254,,0.482,5,P
Hum_XLOC_004255,,0.491,0,B
Hum_XLOC_004262,,0.62,4,P
Hum_XLOC_004269,THP1,0.802,0,N
Hum_XLOC_004277,,0.483,0,B
Hum_XLOC_004278,,0.783,0,B
Hum_XLOC_004282,,1.25,0,
Hum_XLOC_004287,,0.758,0,B
Hum_XLOC_004293,MDA-MB-231,0.882,0,N
Hum_XLOC_004302,,0.167,0,
Hum_XLOC_004303,,0.426,0,B
Hum_XLOC_004306,,0.625,0,
Hum_XLOC_004309,MDA-MB-231,0.828,0,N
Hum_XLOC_004314,,0.33,0,B
Hum_XLOC_004317,,0.649,0,B
Hum_XLOC_004336,,0.639,1,
Hum_XLOC_004343,,0.302,0,B
Hum_XLOC_004350,,0.705,0,B
Hum_XLOC_004361,,0.875,0,
Hum_XLOC_004363,,0.875,0,
Hum_XLOC_004401,,0.567,0,B
Hum_XLOC_004405,,1.25,1,
Hum_XLOC_004407,K562,1.0,0,N
Hum_XLOC_004424,HAP1,0.844,1,E
Hum_XLOC_004437,MDA-MB-231,0.902,0,N
Hum_XLOC_004446,,0.599,0,B
Hum_XLOC_004457,,1.25,0,
Hum_XLOC_004482,,0.745,0,B
Hum_XLOC_004502,,0.7,0,
Hum_XLOC_004515,,0.164,0,B
Hum_XLOC_004529,,1.25,0,
Hum_XLOC_004535,HAP1,0.991,0,N
Hum_XLOC_004553,,0.543,0,B
Hum_XLOC_004566,,1.0,0,
Hum_XLOC_004567,,1.25,0,
Hum_XLOC_004572,,0.74,2,P
Hum_XLOC_004578,,1.0,0,
Hum_XLOC_004580,MDA-MB-231,1.0,0,N
Hum_XLOC_004581,,1.25,0,
Hum_XLOC_004587,MDA-MB-231,0.832,0,N
Hum_XLOC_004600,,0.446,0,B
Hum_XLOC_004601,,0.627,1,
Hum_XLOC_004607,HEK293FT,0.8,0,N
Hum_XLOC_004617,,0.369,0,B
Hum_XLOC_004619,,1.0,0,
Hum_XLOC_004620,,0.8,1,
Hum_XLOC_004632,,0.705,0,B
Hum_XLOC_004636,,0.439,1,
Hum_XLOC_004652,,0.75,0,
Hum_XLOC_004653,,0.5,0,
Hum_XLOC_004657,MDA-MB-231,0.891,3,P
Hum_XLOC_004661,,0.753,0,B
Hum_XLOC_004683,HEK293FT,0.886,0,N
Hum_XLOC_004684,K562,1.0,0,N
Hum_XLOC_004688,HAP1,0.813,0,N
Hum_XLOC_004689,K562,0.915,0,N
Hum_XLOC_004705,,0.558,0,B
Hum_XLOC_004717,MDA-MB-231,0.913,1,E
Hum_XLOC_004718,,0.889,0,
Hum_XLOC_004733,,0.621,0,B
Hum_XLOC_004741,,0.406,0,B
Hum_XLOC_004762,K562,0.983,0,N
Hum_XLOC_004771,HEK293FT,0.94,0,N
Hum_XLOC_004777,,0.611,0,B
Hum_XLOC_004788,,1.25,1,
Hum_XLOC_004791,HEK293FT,0.976,1,E
Hum_XLOC_004795,,0.71,0,B
Hum_XLOC_004803,THP1,0.868,0,N
Hum_XLOC_004805,,0.581,0,B
Hum_XLOC_004813,,0.602,0,B
Hum_XLOC_004815,,1.25,1,
Hum_XLOC_004822,,1.0,0,
Hum_XLOC_004823,,1.25,1,
Hum_XLOC_004827,HEK293FT,0.874,0,N
Hum_XLOC_004837,,1.25,1,
Hum_XLOC_004839,,0.376,0,B
Hum_XLOC_004855,,0.64,0,B
Hum_XLOC_004874,MDA-MB-231,0.998,0,N
Hum_XLOC_004875,,0.75,0,
Hum_XLOC_004878,MDA-MB-231,0.999,0,N
Hum_XLOC_004884,MDA-MB-231,0.867,1,T
Hum_XLOC_004911,,1.25,0,
Hum_XLOC_004915,,0.647,2,P
Hum_XLOC_004927,THP1,0.934,1,E
Hum_XLOC_004929,,0.77,0,B
Hum_XLOC_004936,,0.404,0,B
Hum_XLOC_004957,,1.25,0,
Hum_XLOC_004960,,0.417,0,
Hum_XLOC_004965,MDA-MB-231,0.906,0,N
Hum_XLOC_004979,,0.742,1,
Hum_XLOC_004983,K562,1.0,0,N
Hum_XLOC_004993,,1.25,1,
Hum_XLOC_005006,,0.783,0,B
Hum_XLOC_005009,,0.944,0,
Hum_XLOC_005027,MDA-MB-231,0.811,0,N
Hum_XLOC_005039,MDA-MB-231,1.0,0,N
Hum_XLOC_005052,,0.479,0,B
Hum_XLOC_005064,,0.683,0,B
Hum_XLOC_005067,MDA-MB-231,0.999,0,N
Hum_XLOC_005075,,1.25,0,
Hum_XLOC_005083,,0.5,0,B
Hum_XLOC_005116,K562,0.99,0,N
Hum_XLOC_005120,,0.6,0,B
Hum_XLOC_005131,HEK293FT,0.835,0,N
Hum_XLOC_005138,MDA-MB-231,0.989,0,N
Hum_XLOC_005173,K562,1.0,1,E
Hum_XLOC_005212,THP1,0.977,0,N
Hum_XLOC_005219,HEK293FT,0.938,0,N
Hum_XLOC_005230,,0.701,0,B
Hum_XLOC_005272,K562,0.949,1,T
Hum_XLOC_005279,,0.367,0,B
Hum_XLOC_005283,,0.972,0,
Hum_XLOC_005284,THP1,0.998,0,N
Hum_XLOC_005296,,0.6,0,B
Hum_XLOC_005317,MDA-MB-231,0.904,0,N
Hum_XLOC_005324,,1.0,1,
Hum_XLOC_005329,HEK293FT,0.815,1,T
Hum_XLOC_005338,,0.792,0,B
Hum_XLOC_005352,,1.0,0,
Hum_XLOC_005372,,0.663,0,B
Hum_XLOC_005394,,1.0,0,
Hum_XLOC_005402,,1.25,0,
Hum_XLOC_005409,,0.875,0,
Hum_XLOC_005458,,1.25,1,
Hum_XLOC_005474,,0.595,0,B
Hum_XLOC_005490,,0.534,0,B
Hum_XLOC_005499,MDA-MB-231,0.902,0,N
Hum_XLOC_005502,,1.25,0,
Hum_XLOC_005513,,0.544,0,B
Hum_XLOC_005516,,1.25,0,
Hum_XLOC_005526,,0.637,0,B
Hum_XLOC_005529,THP1,0.818,1,E
Hum_XLOC_005531,,0.7,0,B
Hum_XLOC_005541,HEK293FT,0.852,1,E
Hum_XLOC_005571,,0.772,0,B
Hum_XLOC_005573,HAP1,0.86,0,N
Hum_XLOC_005610,MDA-MB-231,0.8,0,N
Hum_XLOC_005619,,0.5,0,
Hum_XLOC_005624,,0.478,1,
Hum_XLOC_005627,MDA-MB-231,0.8,0,N
Hum_XLOC_005631,,0.621,0,B
Hum_XLOC_005648,HEK293FT,0.967,1,E
Hum_XLOC_005656,,1.25,0,
Hum_XLOC_005658,,1.0,0,
Hum_XLOC_005659,,1.25,0,
Hum_XLOC_005666,,1.25,0,
Hum_XLOC_005667,,0.404,0,B
Hum_XLOC_005668,,0.389,0,
Hum_XLOC_005675,,0.795,0,B
Hum_XLOC_005685,,0.627,0,B
Hum_XLOC_005690,,0.607,1,
Hum_XLOC_005695,,0.68,0,B
Hum_XLOC_005708,,0.875,0,
Hum_XLOC_005749,,1.25,0,
Hum_XLOC_005768,,0.732,0,B
Hum_XLOC_005793,THP1,0.933,0,N
Hum_XLOC_005803,,1.0,1,
Hum_XLOC_005812,HEK293FT,0.96,0,N
Hum_XLOC_005834,,1.0,1,
Hum_XLOC_005846,,1.25,0,
Hum_XLOC_005851,,0.8,0,
Hum_XLOC_005856,,0.749,0,B
Hum_XLOC_005857,,0.75,0,B
Hum_XLOC_005870,,0.718,0,B
Hum_XLOC_005873,,0.62,1,
Hum_XLOC_005882,,0.317,0,B
Hum_XLOC_005906,HEK293FT,0.881,0,N
Hum_XLOC_005913,,0.633,0,B
Hum_XLOC_005916,,0.66,0,B
Hum_XLOC_005918,,0.593,0,B
Hum_XLOC_005926,,0.559,1,
Hum_XLOC_005940,,0.77,0,B
Hum_XLOC_005958,,1.25,0,
Hum_XLOC_005959,,1.0,0,
Hum_XLOC_005962,,1.25,0,
Hum_XLOC_005981,,1.25,0,
Hum_XLOC_005989,MDA-MB-231,0.96,0,N
Hum_XLOC_005995,,0.417,0,B
Hum_XLOC_005997,,1.25,1,
Hum_XLOC_006029,HEK293FT,0.994,1,E
Hum_XLOC_006040,HEK293FT,0.995,1,T
Hum_XLOC_006051,HEK293FT,0.942,1,E
Hum_XLOC_006053,HAP1,0.905,0,N
Hum_XLOC_006054,,1.0,0,
Hum_XLOC_006070,,1.25,0,
Hum_XLOC_006073,,0.625,0,B
Hum_XLOC_006076,HAP1,0.984,0,N
Hum_XLOC_006081,,0.786,0,B
Hum_XLOC_006082,HEK293FT,0.813,0,N
Hum_XLOC_006108,,0.625,0,B
Hum_XLOC_006110,,0.565,1,
Hum_XLOC_006111,HEK293FT,0.885,0,N
Hum_XLOC_006119,,1.0,0,
Hum_XLOC_006126,,0.75,1,
Hum_XLOC_006131,,0.786,0,
Hum_XLOC_006134,,1.25,0,
Hum_XLOC_006136,K562,0.85,0,N
Hum_XLOC_006144,HEK293FT,0.992,0,N
Hum_XLOC_006174,THP1,0.981,0,N
Hum_XLOC_006175,THP1,0.898,0,N
Hum_XLOC_006177,,0.722,1,
Hum_XLOC_006190,,1.25,0,
Hum_XLOC_006217,,0.449,0,B
Hum_XLOC_006231,,0.706,1,
Hum_XLOC_006258,,1.25,0,
Hum_XLOC_006259,,1.25,0,
Hum_XLOC_006264,,1.0,1,
Hum_XLOC_006267,HAP1,0.99,0,N
Hum_XLOC_006269,,0.768,1,
Hum_XLOC_006274,,1.0,1,
Hum_XLOC_006278,,1.0,0,
Hum_XLOC_006280,,1.0,0,
Hum_XLOC_006306,,0.765,0,B
Hum_XLOC_006315,,0.708,0,
Hum_XLOC_006316,,0.788,0,B
Hum_XLOC_006318,MDA-MB-231,0.989,1,E
Hum_XLOC_006320,,0.75,0,
Hum_XLOC_006323,THP1,0.85,0,N
Hum_XLOC_006335,,0.656,0,
Hum_XLOC_006343,,0.586,0,B
Hum_XLOC_006346,HEK293FT,0.816,0,N
Hum_XLOC_006355,K562,0.997,0,N
Hum_XLOC_006368,MDA-MB-231,1.0,0,N
Hum_XLOC_006369,,1.25,1,
Hum_XLOC_006370,,1.25,0,
Hum_XLOC_006380,K562,0.999,1,E
Hum_XLOC_006403,,0.422,0,B
Hum_XLOC_006422,,1.25,1,
Hum_XLOC_006427,,0.762,0,B
Hum_XLOC_006434,MDA-MB-231,0.956,0,N
Hum_XLOC_006445,K562,0.997,0,N
Hum_XLOC_006455,,0.584,1,
Hum_XLOC_006475,,0.712,0,B
Hum_XLOC_006482,HEK293FT,1.0,0,N
Hum_XLOC_006486,,1.25,0,
Hum_XLOC_006491,,0.713,0,B
Hum_XLOC_006497,K562,0.815,0,N
Hum_XLOC_006509,K562,1.0,2,P
Hum_XLOC_006516,MDA-MB-231,1.0,0,N
Hum_XLOC_006518,,0.875,0,
Hum_XLOC_006536,,0.541,1,
Hum_XLOC_006539,,0.681,0,B
Hum_XLOC_006545,,0.308,0,B
Hum_XLOC_006547,MDA-MB-231,0.895,2,P
Hum_XLOC_006559,,0.733,2,P
Hum_XLOC_006565,,0.451,0,B
Hum_XLOC_006570,HAP1,1.0,0,N
Hum_XLOC_006606,,0.665,0,B
Hum_XLOC_006609,K562,0.955,0,N
Hum_XLOC_006612,,0.622,0,B
Hum_XLOC_006625,,1.25,0,
Hum_XLOC_006626,,1.25,0,
Hum_XLOC_006631,THP1,0.988,0,N
Hum_XLOC_006637,,0.657,0,B
Hum_XLOC_006709,K562,0.993,0,N
Hum_XLOC_006725,,0.478,0,B
Hum_XLOC_006730,K562,0.847,1,E
Hum_XLOC_006738,THP1,0.999,0,N
Hum_XLOC_006743,,1.25,0,
Hum_XLOC_006744,,0.75,0,
Hum_XLOC_006756,HEK293FT,0.913,0,N
Hum_XLOC_006799,,0.562,0,
Hum_XLOC_006817,HEK293FT,0.861,0,N
Hum_XLOC_006822,,0.636,1,
Hum_XLOC_006823,,0.51,0,B
Hum_XLOC_006830,,1.25,0,
Hum_XLOC_006853,HEK293FT,0.938,0,N
Hum_XLOC_006865,HEK293FT,0.908,1,E
Hum_XLOC_006879,,0.438,0,B
Hum_XLOC_006881,,0.316,2,P
Hum_XLOC_006898,,0.604,0,B
Hum_XLOC_006908,,1.0,0,
Hum_XLOC_006922,,0.516,0,B
Hum_XLOC_006931,MDA-MB-231,0.926,0,N
Hum_XLOC_006946,,0.691,0,B
Hum_XLOC_006957,,1.0,0,
Hum_XLOC_006963,,1.0,0,
Hum_XLOC_006985,HEK293FT,0.97,0,N
Hum_XLOC_006989,,0.875,0,
Hum_XLOC_006992,,0.527,0,B
Hum_XLOC_006998,MDA-MB-231,0.892,0,N
Hum_XLOC_007004,,0.735,0,B
Hum_XLOC_007031,,0.767,0,B
Hum_XLOC_007036,,0.625,0,B
Hum_XLOC_007039,K562,0.972,0,N
Hum_XLOC_007054,,1.0,0,
Hum_XLOC_007056,,0.62,0,B
Hum_XLOC_007057,,0.684,0,B
Hum_XLOC_007065,,0.74,0,B
Hum_XLOC_007109,,0.752,0,B
Hum_XLOC_007118,,0.531,1,
Hum_XLOC_007144,,0.716,0,B
Hum_XLOC_007162,,0.588,1,
Hum_XLOC_007165,,0.528,0,B
Hum_XLOC_007167,,0.752,0,B
Hum_XLOC_007170,,1.25,0,
Hum_XLOC_007171,,1.25,0,
Hum_XLOC_007193,THP1,0.993,0,N
Hum_XLOC_007197,MDA-MB-231,0.937,0,N
Hum_XLOC_007198,MDA-MB-231,0.996,0,N
Hum_XLOC_007199,MDA-MB-231,0.993,0,N
Hum_XLOC_007203,,0.712,0,B
Hum_XLOC_007215,,0.575,1,
Hum_XLOC_007232,,0.774,1,
Hum_XLOC_007249,,0.833,0,
Hum_XLOC_007250,K562,0.841,0,N
Hum_XLOC_007252,HEK293FT,0.998,0,N
Hum_XLOC_007277,HEK293FT,0.807,0,N
Hum_XLOC_007284,,1.25,0,
Hum_XLOC_007287,,0.782,0,B
Hum_XLOC_007327,,0.8,0,B
Hum_XLOC_007345,,0.526,0,B
Hum_XLOC_007347,,0.5,0,
Hum_XLOC_007349,,0.696,0,B
Hum_XLOC_007355,,0.719,0,B
Hum_XLOC_007356,,0.75,1,
Hum_XLOC_007362,,1.25,0,
Hum_XLOC_007407,THP1,0.882,1,E
Hum_XLOC_007408,,0.775,0,B
Hum_XLOC_007419,K562,0.995,0,N
Hum_XLOC_007442,,0.668,2,P
Hum_XLOC_007443,,0.519,1,
Hum_XLOC_007452,,0.399,0,B
Hum_XLOC_007464,,0.649,0,B
Hum_XLOC_007468,,0.788,2,P
Hum_XLOC_007485,HEK293FT,0.804,0,N
Hum_XLOC_007496,HAP1,0.869,1,E
Hum_XLOC_007500,HAP1,0.989,0,N
Hum_XLOC_007512,HEK293FT,0.835,1,E
Hum_XLOC_007516,THP1,0.85,0,N
Hum_XLOC_007526,K562,0.993,0,N
Hum_XLOC_007532,,0.684,0,B
Hum_XLOC_007544,K562,1.0,0,N
Hum_XLOC_007556,MDA-MB-231,0.996,0,N
Hum_XLOC_007560,,1.0,0,
Hum_XLOC_007564,HAP1,0.838,0,N
Hum_XLOC_007572,,0.609,0,B
Hum_XLOC_007581,,1.0,0,
Hum_XLOC_007583,,1.0,0,
Hum_XLOC_007586,,0.938,0,
Hum_XLOC_007588,,0.546,0,B
Hum_XLOC_007589,,0.672,1,
Hum_XLOC_007599,,0.477,0,B
Hum_XLOC_007608,,0.748,0,B
Hum_XLOC_007610,,0.691,0,B
Hum_XLOC_007611,,0.65,0,B
Hum_XLOC_007612,,0.565,1,
Hum_XLOC_007619,THP1,0.985,0,N
Hum_XLOC_007625,,1.25,0,
Hum_XLOC_007643,,0.75,0,
Hum_XLOC_007657,HAP1,0.847,1,E
Hum_XLOC_007678,,0.357,0,B
Hum_XLOC_007682,HAP1,0.804,0,N
Hum_XLOC_007702,K562,1.0,0,N
Hum_XLOC_007703,K562,0.917,0,N
Hum_XLOC_007709,,0.715,0,B
Hum_XLOC_007722,,0.7,1,
Hum_XLOC_007731,,0.969,0,
Hum_XLOC_007742,,1.25,0,
Hum_XLOC_007770,HEK293FT,0.977,0,N
Hum_XLOC_007778,HAP1,0.99,0,N
Hum_XLOC_007802,,1.0,0,
Hum_XLOC_007806,,1.0,0,
Hum_XLOC_007830,,0.585,0,B
Hum_XLOC_007843,,1.0,1,
Hum_XLOC_007844,HEK293FT,0.978,0,N
Hum_XLOC_007846,,1.25,1,
Hum_XLOC_007847,,1.0,0,
Hum_XLOC_007848,,1.25,1,
Hum_XLOC_007855,,0.5,0,
Hum_XLOC_007859,,0.574,0,B
Hum_XLOC_007866,HAP1,0.843,0,N
Hum_XLOC_007880,,0.508,0,B
Hum_XLOC_007882,HEK293FT,0.828,0,N
Hum_XLOC_007893,K562,0.999,0,N
Hum_XLOC_007899,,0.569,0,B
Hum_XLOC_007915,K562,1.0,0,N
Hum_XLOC_007917,K562,0.944,0,N
Hum_XLOC_007922,,0.715,0,B
Hum_XLOC_007924,,0.586,0,B
Hum_XLOC_007992,HAP1,0.936,0,N
Hum_XLOC_007995,,0.315,0,B
Hum_XLOC_008008,,0.505,0,B
Hum_XLOC_008020,,0.679,0,
Hum_XLOC_008036,,0.713,0,B
Hum_XLOC_008050,HAP1,0.949,0,N
Hum_XLOC_008064,,0.375,1,
Hum_XLOC_008076,,0.51,5,P
Hum_XLOC_008081,,0.678,5,P
Hum_XLOC_008099,MDA-MB-231,0.984,1,E
Hum_XLOC_008101,MDA-MB-231,0.92,0,N
Hum_XLOC_008115,THP1,0.961,0,N
Hum_XLOC_008158,,0.614,1,
Hum_XLOC_008160,,0.742,0,B
Hum_XLOC_008171,,0.833,0,
Hum_XLOC_008179,,0.75,0,
Hum_XLOC_008183,MDA-MB-231,1.0,1,E
Hum_XLOC_008199,,1.25,0,
Hum_XLOC_008211,,0.574,0,B
Hum_XLOC_008223,HAP1,0.975,1,E
Hum_XLOC_008225,,0.74,0,B
Hum_XLOC_008227,HEK293FT,0.891,0,N
Hum_XLOC_008245,MDA-MB-231,0.859,0,N
Hum_XLOC_008264,,0.681,0,B
Hum_XLOC_008276,,0.797,0,B
Hum_XLOC_008281,HEK293FT,0.894,1,E
Hum_XLOC_008282,,1.0,1,
Hum_XLOC_008302,,0.518,0,B
Hum_XLOC_008304,,1.0,0,
Hum_XLOC_008314,,1.25,0,
Hum_XLOC_008320,HEK293FT,1.0,0,N
Hum_XLOC_008329,,0.339,0,B
Hum_XLOC_008330,,0.395,1,
Hum_XLOC_008340,,1.0,1,
Hum_XLOC_008366,,0.632,1,
Hum_XLOC_008371,MDA-MB-231,0.859,1,E
Hum_XLOC_008374,,0.677,0,B
Hum_XLOC_008392,,1.0,0,
Hum_XLOC_008394,,1.0,0,
Hum_XLOC_008395,,1.0,0,
Hum_XLOC_008422,THP1,0.821,1,T
Hum_XLOC_008431,,0.727,0,B
Hum_XLOC_008443,,0.812,1,
Hum_XLOC_008462,,0.674,1,
Hum_XLOC_008469,,0.597,0,B
Hum_XLOC_008516,,0.519,0,B
Hum_XLOC_008524,,0.906,0,
Hum_XLOC_008528,,1.25,0,
Hum_XLOC_008531,,1.25,0,
Hum_XLOC_008547,,0.769,0,B
Hum_XLOC_008548,,0.622,0,B
Hum_XLOC_008561,,1.0,0,
Hum_XLOC_008566,,0.572,0,B
Hum_XLOC_008586,MDA-MB-231,0.906,1,E
Hum_XLOC_008588,MDA-MB-231,0.971,0,N
Hum_XLOC_008589,MDA-MB-231,0.961,0,N
Hum_XLOC_008600,THP1,0.95,0,N
Hum_XLOC_008621,,0.219,0,B
Hum_XLOC_008629,,0.541,1,
Hum_XLOC_008639,,1.0,0,
Hum_XLOC_008664,,0.3,1,
Hum_XLOC_008673,,1.0,1,
Hum_XLOC_008682,,0.567,0,B
Hum_XLOC_008683,,0.72,2,P
Hum_XLOC_008710,HAP1,0.966,0,N
Hum_XLOC_008716,,1.25,0,
Hum_XLOC_008727,,1.0,0,
Hum_XLOC_008734,,0.875,0,
Hum_XLOC_008738,,0.333,0,B
Hum_XLOC_008743,,0.498,0,B
Hum_XLOC_008752,,1.25,0,
Hum_XLOC_008755,,1.25,0,
Hum_XLOC_008775,HEK293FT,0.866,0,N
Hum_XLOC_008779,,0.409,0,B
Hum_XLOC_008785,HEK293FT,0.865,0,N
Hum_XLOC_008787,K562,0.968,0,N
Hum_XLOC_008798,K562,0.88,1,T
Hum_XLOC_008809,,0.636,0,B
Hum_XLOC_008827,,0.675,0,B
Hum_XLOC_008834,,1.0,0,
Hum_XLOC_008842,K562,0.99,0,N
Hum_XLOC_008843,K562,0.929,1,T
Hum_XLOC_008852,HEK293FT,0.935,0,N
Hum_XLOC_008854,,0.764,1,
Hum_XLOC_008855,,0.675,0,B
Hum_XLOC_008861,THP1,1.0,0,N
Hum_XLOC_008869,K562,0.927,1,T
Hum_XLOC_008885,,0.607,0,B
Hum_XLOC_008918,THP1,0.938,0,N
Hum_XLOC_008924,HAP1,0.842,1,T
Hum_XLOC_008933,,1.25,0,
Hum_XLOC_008942,,0.244,0,B
Hum_XLOC_008956,MDA-MB-231,0.909,0,N
Hum_XLOC_008969,HAP1,0.886,0,N
Hum_XLOC_008981,K562,0.967,0,N
Hum_XLOC_008982,HEK293FT,0.849,0,N
Hum_XLOC_008997,MDA-MB-231,0.858,0,N
Hum_XLOC_008998,MDA-MB-231,0.825,0,N
Hum_XLOC_009029,,1.25,1,
Hum_XLOC_009036,,0.672,0,B
Hum_XLOC_009056,K562,0.983,0,N
Hum_XLOC_009070,MDA-MB-231,1.0,0,N
Hum_XLOC_009083,,0.758,0,B
Hum_XLOC_009103,HAP1,0.941,1,E
Hum_XLOC_009104,HAP1,0.888,0,N
Hum_XLOC_009106,,1.0,0,
Hum_XLOC_009112,MDA-MB-231,0.953,0,N
Hum_XLOC_009116,,0.625,0,
Hum_XLOC_009117,,1.0,0,
Hum_XLOC_009134,MDA-MB-231,0.987,0,N
Hum_XLOC_009138,HAP1,0.857,0,N
Hum_XLOC_009143,,0.484,0,B
Hum_XLOC_009152,,0.8,0,B
Hum_XLOC_009154,MDA-MB-231,0.959,0,N
Hum_XLOC_009172,,1.0,1,
Hum_XLOC_009192,MDA-MB-231,0.868,0,N
Hum_XLOC_009198,,0.875,0,
Hum_XLOC_009204,HEK293FT,0.951,0,N
Hum_XLOC_009212,,0.694,0,
Hum_XLOC_009219,,1.25,0,
Hum_XLOC_009221,,1.25,0,
Hum_XLOC_009223,,0.545,0,B
Hum_XLOC_009241,,0.365,0,B
Hum_XLOC_009248,THP1,0.99,0,N
Hum_XLOC_009255,,0.739,0,B
Hum_XLOC_009296,,0.669,0,B
Hum_XLOC_009299,,0.396,4,P
Hum_XLOC_009322,,0.576,1,
Hum_XLOC_009336,,0.5,0,
Hum_XLOC_009343,MDA-MB-231,0.915,0,N
Hum_XLOC_009353,,0.714,1,
Hum_XLOC_009372,,0.399,1,
Hum_XLOC_009393,,0.487,0,B
Hum_XLOC_009399,THP1,0.897,0,N
Hum_XLOC_009422,,0.753,2,P
Hum_XLOC_009441,HAP1,0.991,0,N
Hum_XLOC_009451,,0.739,0,B
Hum_XLOC_009456,,1.25,0,
Hum_XLOC_009459,,0.646,0,B
Hum_XLOC_009472,,0.571,1,
Hum_XLOC_009473,,0.45,1,
Hum_XLOC_009504,,0.786,0,B
Hum_XLOC_009509,,1.0,0,
Hum_XLOC_009512,HAP1,0.981,1,E
Hum_XLOC_009523,K562,0.963,0,N
Hum_XLOC_009524,MDA-MB-231,1.0,0,N
Hum_XLOC_009529,,1.25,0,
Hum_XLOC_009532,,0.667,0,
Hum_XLOC_009533,,0.33,0,B
Hum_XLOC_009563,K562,0.995,0,N
Hum_XLOC_009564,,0.785,0,B
Hum_XLOC_009594,,0.302,0,B
Hum_XLOC_009600,,1.25,0,
Hum_XLOC_009601,,0.617,0,B
Hum_XLOC_009603,,0.773,0,B
Hum_XLOC_009605,,0.395,2,P
Hum_XLOC_009607,,0.767,0,B
Hum_XLOC_009612,MDA-MB-231,0.85,0,N
Hum_XLOC_009613,,0.685,0,B
Hum_XLOC_009633,,0.698,0,B
Hum_XLOC_009642,,1.0,0,
Hum_XLOC_009655,,0.382,0,B
Hum_XLOC_009678,,1.0,1,
Hum_XLOC_009682,,0.541,0,B
Hum_XLOC_009697,,0.75,0,
Hum_XLOC_009706,,0.644,0,B
Hum_XLOC_009720,,0.527,0,B
Hum_XLOC_009729,,0.361,0,B
Hum_XLOC_009732,,1.25,0,
Hum_XLOC_009758,,1.0,0,
Hum_XLOC_009774,,1.25,0,
Hum_XLOC_009777,MDA-MB-231,0.971,0,N
Hum_XLOC_009791,,1.0,0,
Hum_XLOC_009793,,1.0,1,
Hum_XLOC_009804,,0.312,0,B
Hum_XLOC_009810,,0.625,0,
Hum_XLOC_009811,,0.779,0,B
Hum_XLOC_009831,,1.25,0,
Hum_XLOC_009832,,0.792,0,
Hum_XLOC_009851,,1.25,0,
Hum_XLOC_009855,HEK293FT,0.997,0,N
Hum_XLOC_009858,,1.0,0,
Hum_XLOC_009859,HEK293FT,0.984,0,N
Hum_XLOC_009884,THP1,1.0,0,N
Hum_XLOC_009887,HAP1,0.997,0,N
Hum_XLOC_009895,THP1,1.0,0,N
Hum_XLOC_009901,,0.554,1,
Hum_XLOC_009911,,0.5,1,
Hum_XLOC_009922,HEK293FT,0.855,0,N
Hum_XLOC_009924,,0.63,0,B
Hum_XLOC_009932,,0.501,0,B
Hum_XLOC_009936,,0.363,0,B
Hum_XLOC_009947,,1.0,0,
Hum_XLOC_009963,HAP1,0.985,0,N
Hum_XLOC_009980,,1.25,0,
Hum_XLOC_009995,,0.504,0,B
Hum_XLOC_010016,THP1,0.837,1,E
Hum_XLOC_010035,THP1,0.994,0,N
Hum_XLOC_010045,,1.0,0,
Hum_XLOC_010058,HAP1,0.904,0,N
Hum_XLOC_010067,,1.0,0,
Hum_XLOC_010070,,1.25,0,
Hum_XLOC_010077,,1.25,0,
Hum_XLOC_010102,,0.75,0,
Hum_XLOC_010114,,0.78,0,B
Hum_XLOC_010122,,0.677,0,B
Hum_XLOC_010143,MDA-MB-231,0.945,0,N
Hum_XLOC_010153,,1.25,0,
Hum_XLOC_010179,,0.812,0,
Hum_XLOC_010182,,0.776,0,B
Hum_XLOC_010191,,0.577,0,B
Hum_XLOC_010192,HEK293FT,0.804,0,N
Hum_XLOC_010213,,1.0,0,
Hum_XLOC_010234,,1.25,0,
Hum_XLOC_010235,,1.0,0,
Hum_XLOC_010242,,0.752,0,B
Hum_XLOC_010243,HAP1,0.906,1,E
Hum_XLOC_010244,,0.702,0,B
Hum_XLOC_010248,HEK293FT,0.848,0,N
Hum_XLOC_010252,,0.581,0,B
Hum_XLOC_010267,,0.783,0,B
Hum_XLOC_010268,,0.756,0,B
Hum_XLOC_010276,,0.334,0,B
Hum_XLOC_010277,,0.8,0,
Hum_XLOC_010280,,1.0,0,
Hum_XLOC_010284,,1.25,0,
Hum_XLOC_010294,,0.761,0,B
Hum_XLOC_010303,,0.418,0,B
Hum_XLOC_010304,MDA-MB-231,0.971,0,N
Hum_XLOC_010306,MDA-MB-231,0.867,0,N
Hum_XLOC_010307,MDA-MB-231,0.886,1,T
Hum_XLOC_010314,MDA-MB-231,0.993,0,N
Hum_XLOC_010319,,0.714,1,
Hum_XLOC_010320,MDA-MB-231,1.0,0,N
Hum_XLOC_010321,MDA-MB-231,0.951,1,E
Hum_XLOC_010341,,0.938,0,
Hum_XLOC_010367,MDA-MB-231,0.859,0,N
Hum_XLOC_010384,K562,1.0,0,N
Hum_XLOC_010388,,1.25,0,
Hum_XLOC_010425,,0.729,0,B
Hum_XLOC_010430,K562,0.979,0,N
Hum_XLOC_010432,MDA-MB-231,0.992,0,N
Hum_XLOC_010449,,0.875,0,
Hum_XLOC_010453,,0.479,0,B
Hum_XLOC_010464,,0.619,0,B
Hum_XLOC_010466,,0.5,1,
Hum_XLOC_010469,K562,1.0,0,N
Hum_XLOC_010473,,1.0,0,
Hum_XLOC_010496,,1.0,0,
Hum_XLOC_010521,,0.344,1,
Hum_XLOC_010524,,0.691,0,B
Hum_XLOC_010525,,0.602,0,B
Hum_XLOC_010528,K562,1.0,0,N
Hum_XLOC_010529,,0.513,0,B
Hum_XLOC_010548,HEK293FT,0.982,0,N
Hum_XLOC_010558,,0.584,0,B
Hum_XLOC_010569,HEK293FT,0.83,0,N
Hum_XLOC_010572,HEK293FT,0.841,0,N
Hum_XLOC_010579,,0.292,0,B
Hum_XLOC_010589,,0.703,0,B
Hum_XLOC_010597,THP1,0.924,0,N
Hum_XLOC_010651,HEK293FT,0.936,1,E
Hum_XLOC_010655,,0.676,0,B
Hum_XLOC_010661,K562,0.866,0,N
Hum_XLOC_010668,K562,0.981,0,N
Hum_XLOC_010677,,0.18,0,B
Hum_XLOC_010696,,0.388,0,B
Hum_XLOC_010700,,0.699,0,B
Hum_XLOC_010706,,0.513,1,
Hum_XLOC_010707,,0.395,1,
Hum_XLOC_010719,,0.743,0,B
Hum_XLOC_010721,,0.476,1,
Hum_XLOC_010739,,0.708,0,B
Hum_XLOC_010758,,0.713,2,P
Hum_XLOC_010768,,0.762,0,B
Hum_XLOC_010782,MDA-MB-231,0.993,1,E
Hum_XLOC_010805,,1.25,1,
Hum_XLOC_010813,,0.41,0,B
Hum_XLOC_010821,,0.446,0,B
Hum_XLOC_010822,,0.358,0,B
Hum_XLOC_010823,,0.672,1,
Hum_XLOC_010838,THP1,0.96,0,N
Hum_XLOC_010855,,1.25,0,
Hum_XLOC_010866,,1.0,0,
Hum_XLOC_010868,,1.25,0,
Hum_XLOC_010875,,0.496,0,B
Hum_XLOC_010877,,0.444,1,
Hum_XLOC_010880,,0.27,0,B
Hum_XLOC_010882,,0.917,0,
Hum_XLOC_010887,,0.857,0,
Hum_XLOC_010899,MDA-MB-231,0.817,0,N
Hum_XLOC_010912,,0.75,0,
Hum_XLOC_010922,MDA-MB-231,0.9,0,N
Hum_XLOC_010933,HEK293FT,0.893,0,N
Hum_XLOC_010938,K562,0.875,0,N
Hum_XLOC_010948,MDA-MB-231,0.962,0,N
Hum_XLOC_010952,,0.647,0,B
Hum_XLOC_010955,,0.502,0,B
Hum_XLOC_010958,,0.65,0,B
Hum_XLOC_010971,,1.25,0,
Hum_XLOC_010982,K562,0.999,0,N
Hum_XLOC_010985,,0.551,0,B
Hum_XLOC_010988,,0.833,0,
Hum_XLOC_010993,K562,1.0,0,N
Hum_XLOC_011008,MDA-MB-231,0.994,0,N
Hum_XLOC_011010,,0.542,0,B
Hum_XLOC_011023,THP1,0.994,0,N
Hum_XLOC_011034,HAP1,0.998,0,N
Hum_XLOC_011041,,1.25,0,
Hum_XLOC_011043,,0.709,0,B
Hum_XLOC_011049,,0.636,0,B
Hum_XLOC_011063,,0.464,0,B
Hum_XLOC_011067,HAP1,0.996,0,N
Hum_XLOC_011073,,0.595,0,B
Hum_XLOC_011088,,1.0,0,
Hum_XLOC_011121,,0.653,0,B
Hum_XLOC_011127,MDA-MB-231,0.902,0,N
Hum_XLOC_011130,MDA-MB-231,0.837,1,E
Hum_XLOC_011136,,0.292,0,B
Hum_XLOC_011142,MDA-MB-231,0.994,1,E
Hum_XLOC_011159,,0.506,0,B
Hum_XLOC_011172,THP1,0.912,0,N
Hum_XLOC_011175,,0.511,0,B
Hum_XLOC_011182,,1.25,0,
Hum_XLOC_011183,,1.25,1,
Hum_XLOC_011218,,0.875,0,
Hum_XLOC_011224,,1.0,1,
Hum_XLOC_011225,K562,0.999,1,E
Hum_XLOC_011229,HAP1,1.0,1,T
Hum_XLOC_011233,HAP1,1.0,1,E
Hum_XLOC_011234,,1.25,0,
Hum_XLOC_011262,,0.658,0,B
Hum_XLOC_011264,THP1,1.0,1,T
Hum_XLOC_011281,,0.708,0,B
Hum_XLOC_011305,,0.309,0,B
Hum_XLOC_011307,,0.602,0,B
Hum_XLOC_011338,,0.414,1,
Hum_XLOC_011343,,0.527,0,B
Hum_XLOC_011361,,1.0,0,
Hum_XLOC_011365,,0.543,1,
Hum_XLOC_011396,,0.698,0,B
Hum_XLOC_011397,HEK293FT,0.996,1,E
Hum_XLOC_011409,,1.25,0,
Hum_XLOC_011411,,1.25,0,
Hum_XLOC_011420,,1.25,0,
Hum_XLOC_011422,,1.0,0,
Hum_XLOC_011423,,1.25,0,
Hum_XLOC_011425,K562,0.986,0,N
Hum_XLOC_011426,K562,0.981,0,N
Hum_XLOC_011427,,1.0,0,
Hum_XLOC_011429,,1.0,0,
Hum_XLOC_011435,,1.25,0,
Hum_XLOC_011440,K562,0.994,0,N
Hum_XLOC_011443,,1.25,0,
Hum_XLOC_011445,,1.25,0,
Hum_XLOC_011448,,1.25,1,
Hum_XLOC_011453,K562,0.998,3,P
Hum_XLOC_011484,HEK293FT,0.901,0,N
Hum_XLOC_011485,MDA-MB-231,0.999,0,N
Hum_XLOC_011498,,0.75,0,B
Hum_XLOC_011510,,0.75,0,B
Hum_XLOC_011524,,0.78,0,B
Hum_XLOC_011538,HAP1,0.975,1,E
Hum_XLOC_011540,,0.692,0,B
Hum_XLOC_011546,,0.697,1,
Hum_XLOC_011553,MDA-MB-231,0.869,0,N
Hum_XLOC_011565,,0.784,0,B
Hum_XLOC_011579,MDA-MB-231,0.985,0,N
Hum_XLOC_011580,HEK293FT,1.0,0,N
Hum_XLOC_011582,,1.0,0,
Hum_XLOC_011587,MDA-MB-231,0.944,1,E
Hum_XLOC_011590,,0.625,0,
Hum_XLOC_011594,,0.614,1,
Hum_XLOC_011611,HEK293FT,0.833,0,N
Hum_XLOC_011619,,0.632,0,B
Hum_XLOC_011622,MDA-MB-231,0.977,0,N
Hum_XLOC_011641,,0.735,0,B
Hum_XLOC_011649,,0.726,0,B
Hum_XLOC_011666,,1.0,0,
Hum_XLOC_011674,THP1,1.0,0,N
Hum_XLOC_011680,,0.685,0,B
Hum_XLOC_011704,,0.778,0,
Hum_XLOC_011764,,1.25,0,
Hum_XLOC_011769,HAP1,0.985,0,N
Hum_XLOC_011786,,0.631,0,B
Hum_XLOC_011793,,0.44,0,B
Hum_XLOC_011806,,0.664,1,
Hum_XLOC_011823,MDA-MB-231,0.994,0,N
Hum_XLOC_011828,,0.647,0,B
Hum_XLOC_011831,,0.484,1,
Hum_XLOC_011850,,0.602,0,B
Hum_XLOC_011856,,0.68,0,B
Hum_XLOC_011888,,1.25,1,
Hum_XLOC_011917,,0.938,0,
Hum_XLOC_011919,THP1,0.926,0,N
Hum_XLOC_011926,,0.666,0,B
Hum_XLOC_011973,,0.511,0,B
Hum_XLOC_011980,,0.707,0,B
Hum_XLOC_011988,,1.25,1,
Hum_XLOC_012005,,0.49,1,
Hum_XLOC_012017,,0.75,0,
Hum_XLOC_012022,HAP1,0.914,0,N
Hum_XLOC_012024,,0.667,0,
Hum_XLOC_012025,,1.0,0,
Hum_XLOC_012027,MDA-MB-231,0.982,0,N
Hum_XLOC_012060,MDA-MB-231,0.918,0,N
Hum_XLOC_012071,HEK293FT,0.906,1,E
Hum_XLOC_012073,HEK293FT,0.968,0,N
Hum_XLOC_012076,HAP1,0.831,0,N
Hum_XLOC_012093,,1.0,0,
Hum_XLOC_012112,,0.688,1,
Hum_XLOC_012115,,0.517,2,P
Hum_XLOC_012146,HEK293FT,0.814,0,N
Hum_XLOC_012154,,0.685,1,
Hum_XLOC_012159,,0.7,0,B
Hum_XLOC_012165,THP1,0.811,0,N
Hum_XLOC_012197,K562,0.946,0,N
Hum_XLOC_012203,,0.617,0,B
Hum_XLOC_012233,,1.0,0,
Hum_XLOC_012248,,0.671,0,B
Hum_XLOC_012249,,0.78,0,B
Hum_XLOC_012261,,0.618,1,
Hum_XLOC_012262,,0.276,1,
Hum_XLOC_012280,MDA-MB-231,0.987,0,N
Hum_XLOC_012286,,0.692,0,B
Hum_XLOC_012293,,1.25,0,
Hum_XLOC_012326,,1.25,0,
Hum_XLOC_012339,,1.25,0,
Hum_XLOC_012347,,1.25,0,
Hum_XLOC_012352,,1.25,0,
Hum_XLOC_012409,,0.545,0,B
Hum_XLOC_012414,,0.442,0,B
Hum_XLOC_012418,,0.468,0,B
Hum_XLOC_012439,MDA-MB-231,0.804,0,N
Hum_XLOC_012452,,1.0,0,
Hum_XLOC_012461,,0.5,0,
Hum_XLOC_012479,HAP1,1.0,0,N
Hum_XLOC_012500,,0.557,1,
Hum_XLOC_012508,MDA-MB-231,0.941,0,N
Hum_XLOC_012532,,0.647,0,B
Hum_XLOC_012537,,1.0,0,
Hum_XLOC_012538,HEK293FT,0.812,1,T
Hum_XLOC_012559,,0.658,0,B
Hum_XLOC_012565,,1.25,0,
Hum_XLOC_012566,,0.711,0,B
Hum_XLOC_012590,,0.474,0,B
Hum_XLOC_012603,,0.483,0,B
Hum_XLOC_012606,,0.234,1,
Hum_XLOC_012613,,1.25,0,
Hum_XLOC_012626,,0.596,1,
Hum_XLOC_012638,MDA-MB-231,0.968,0,N
Hum_XLOC_012643,HAP1,0.908,0,N
Hum_XLOC_012662,K562,0.928,0,N
Hum_XLOC_012670,,0.437,0,B
Hum_XLOC_012675,,1.25,0,
Hum_XLOC_012676,,1.25,0,
Hum_XLOC_012677,,1.0,1,
Hum_XLOC_012679,,1.25,0,
Hum_XLOC_012680,,1.0,0,
Hum_XLOC_012694,,0.58,0,B
Hum_XLOC_012700,,0.614,0,B
Hum_XLOC_012704,HAP1,0.825,0,N
Hum_XLOC_012706,,0.469,0,B
Hum_XLOC_012707,,0.167,0,
Hum_XLOC_012715,THP1,0.86,0,N
Hum_XLOC_012729,,0.774,0,B
Hum_XLOC_012730,,0.229,0,B
Hum_XLOC_012767,HEK293FT,0.817,0,N
Hum_XLOC_012770,,0.646,0,B
Hum_XLOC_012771,,0.607,0,
Hum_XLOC_012785,,1.25,0,
Hum_XLOC_012786,MDA-MB-231,0.833,0,N
Hum_XLOC_012789,,1.0,0,
Hum_XLOC_012791,K562,0.972,0,N
Hum_XLOC_012794,MDA-MB-231,1.0,0,N
Hum_XLOC_012800,,1.25,0,
Hum_XLOC_012803,K562,1.0,0,N
Hum_XLOC_012806,,1.25,0,
Hum_XLOC_012807,,1.25,1,
Hum_XLOC_012821,HEK293FT,0.863,0,N
Hum_XLOC_012857,,0.406,0,
Hum_XLOC_012864,THP1,0.967,1,E
Hum_XLOC_012866,,0.639,0,
Hum_XLOC_012874,,0.62,0,B
Hum_XLOC_012888,K562,1.0,0,N
Hum_XLOC_012889,,0.972,0,
Hum_XLOC_012901,,0.656,1,
Hum_XLOC_012916,,0.405,0,B
Hum_XLOC_012924,K562,0.991,0,N
Hum_XLOC_012928,HAP1,0.817,0,N
Hum_XLOC_012932,,1.0,0,
Hum_XLOC_012936,,0.706,0,B
Hum_XLOC_012940,,0.765,0,B
Hum_XLOC_012941,MDA-MB-231,0.845,0,N
Hum_XLOC_012953,HAP1,0.989,0,N
Hum_XLOC_012993,,1.0,0,
Hum_XLOC_013009,,1.25,1,
Hum_XLOC_013018,HAP1,0.968,0,N
Hum_XLOC_013041,,1.25,0,
Hum_XLOC_013042,MDA-MB-231,1.0,0,N
Hum_XLOC_013046,MDA-MB-231,0.841,0,N
Hum_XLOC_013050,,0.539,0,B
Hum_XLOC_013052,,1.25,0,
Hum_XLOC_013054,,0.75,0,
Hum_XLOC_013060,,0.423,1,
Hum_XLOC_013078,HAP1,0.921,0,N
Hum_XLOC_013087,,1.25,0,
Hum_XLOC_013099,,0.698,1,
Hum_XLOC_013110,K562,0.892,0,N
Hum_XLOC_013115,,1.25,0,
Hum_XLOC_013120,THP1,0.816,0,N
Hum_XLOC_013123,HEK293FT,0.848,0,N
Hum_XLOC_013125,HEK293FT,0.917,0,N
Hum_XLOC_013129,,0.406,0,
Hum_XLOC_013138,,0.487,0,B
Hum_XLOC_013139,,0.53,0,B
Hum_XLOC_013143,MDA-MB-231,0.938,0,N
Hum_XLOC_013147,,0.637,0,B
Hum_XLOC_013164,,1.0,0,
Hum_XLOC_013166,,0.5,0,
Hum_XLOC_013196,,0.664,0,B
Hum_XLOC_013199,,0.538,0,B
Hum_XLOC_013200,,0.75,0,
Hum_XLOC_013221,HEK293FT,0.996,0,N
Hum_XLOC_013223,HEK293FT,0.983,0,N
Hum_XLOC_013224,K562,0.98,0,N
Hum_XLOC_013231,,1.25,0,
Hum_XLOC_013235,,1.0,0,
Hum_XLOC_013236,,1.25,1,
Hum_XLOC_013239,,0.938,0,
Hum_XLOC_013260,MDA-MB-231,0.972,0,N
Hum_XLOC_013269,,1.25,0,
Hum_XLOC_013274,K562,1.0,0,N
Hum_XLOC_013278,,0.972,0,
Hum_XLOC_013279,,1.25,0,
Hum_XLOC_013290,,1.0,1,
Hum_XLOC_013308,,1.25,0,
Hum_XLOC_013313,,0.75,0,
Hum_XLOC_013317,,1.0,0,
Hum_XLOC_013320,,1.25,0,
Hum_XLOC_013335,,0.625,0,B
Hum_XLOC_013337,,0.684,0,B
Hum_XLOC_013345,,0.893,1,
Hum_XLOC_013346,,1.25,0,
Hum_XLOC_013348,,0.783,0,B
Hum_XLOC_013349,,1.0,0,
Hum_XLOC_013350,,0.688,0,B
Hum_XLOC_013356,,0.875,0,
Hum_XLOC_013359,HAP1,0.9,0,N
Hum_XLOC_013414,,1.0,0,
Hum_XLOC_013426,,0.576,5,P
Hum_XLOC_013432,,1.0,0,
Hum_XLOC_013441,,0.791,0,B
Hum_XLOC_013463,,1.25,1,
Hum_XLOC_013471,,0.554,0,B
Hum_XLOC_013486,,0.586,0,B
Hum_XLOC_013496,,1.25,0,
Hum_XLOC_013498,,0.765,0,B
Hum_XLOC_013506,,0.5,1,
Hum_XLOC_013521,,1.25,0,
Hum_XLOC_013522,,1.25,0,
Hum_XLOC_013523,,1.25,0,
Hum_XLOC_013526,MDA-MB-231,0.997,1,E
Hum_XLOC_013545,K562,0.96,0,N
Hum_XLOC_013555,,0.77,2,P
Hum_XLOC_013568,,0.763,0,B
Hum_XLOC_013579,,0.833,0,
Hum_XLOC_013582,HEK293FT,0.966,0,N
Hum_XLOC_013599,,0.556,0,
Hum_XLOC_013600,HAP1,1.0,0,N
Hum_XLOC_013607,THP1,0.859,0,N
Hum_XLOC_013609,,0.778,0,B
Hum_XLOC_013613,,0.625,0,
Hum_XLOC_013632,K562,0.996,0,N
Hum_XLOC_013668,HAP1,0.89,0,N
Hum_XLOC_013669,,1.25,0,
Hum_XLOC_013670,,1.0,0,
Hum_XLOC_013676,,1.0,0,
Hum_XLOC_013683,HAP1,0.91,0,N
Hum_XLOC_013699,,0.722,0,
Hum_XLOC_013712,,0.733,0,B
Hum_XLOC_013719,,0.354,0,B
Hum_XLOC_013721,,1.25,0,
Hum_XLOC_013749,,1.0,0,
Hum_XLOC_013750,,1.0,0,
Hum_XLOC_013759,,1.25,0,
Hum_XLOC_013831,,0.526,2,P
Hum_XLOC_013841,,0.317,0,B
Hum_XLOC_013848,,0.833,0,
Hum_XLOC_013859,THP1,0.991,2,P
Hum_XLOC_013860,THP1,0.982,0,N
Hum_XLOC_013865,,0.778,0,
Hum_XLOC_013883,THP1,0.992,0,N
Hum_XLOC_013901,THP1,0.869,0,N
Hum_XLOC_013906,,0.301,0,B
Hum_XLOC_013919,HEK293FT,0.82,0,N
Hum_XLOC_013932,THP1,0.826,1,T
Hum_XLOC_013933,HAP1,0.85,1,E
Hum_XLOC_013950,,1.25,0,
Hum_XLOC_013952,,1.25,0,
Hum_XLOC_013956,HAP1,1.0,0,N
Hum_XLOC_013965,,1.0,0,
Hum_XLOC_013985,,1.0,0,
Hum_XLOC_013989,,1.0,0,
Hum_XLOC_014040,,0.676,0,B
Hum_XLOC_014055,,1.0,1,
Hum_XLOC_014058,,1.0,0,
Hum_XLOC_014067,HEK293FT,0.865,0,N
Hum_XLOC_014073,HAP1,0.995,0,N
Hum_XLOC_014080,K562,0.993,0,N
Hum_XLOC_014092,,1.0,0,
Hum_XLOC_014094,,1.0,0,
Hum_XLOC_014101,THP1,1.0,0,N
Hum_XLOC_014105,,0.764,0,B
Hum_XLOC_014106,,0.692,0,B
Hum_XLOC_014107,MDA-MB-231,0.976,0,N
Hum_XLOC_014115,,0.917,0,
Hum_XLOC_014121,,1.25,0,
Hum_XLOC_014126,THP1,0.983,0,N
Hum_XLOC_014135,,0.95,0,
Hum_XLOC_014136,HEK293FT,0.998,0,N
Hum_XLOC_014155,HAP1,0.935,2,P
Hum_XLOC_014160,,0.232,0,B
Hum_XLOC_014171,,0.75,0,
Hum_XLOC_014172,,0.591,0,B
Hum_XLOC_014186,,0.678,0,B
Hum_XLOC_014192,,1.0,1,
Hum_XLOC_014201,,0.689,1,
Hum_XLOC_014203,,0.875,0,
Hum_XLOC_014204,,0.875,0,
Hum_XLOC_014261,THP1,0.996,0,N
Hum_XLOC_014277,K562,0.986,0,N
Hum_XLOC_014279,HEK293FT,0.997,0,N
Hum_XLOC_014280,,0.622,0,B
Hum_XLOC_014281,,1.25,0,
Hum_XLOC_014289,,1.0,0,
Hum_XLOC_014295,MDA-MB-231,0.905,0,N
Hum_XLOC_014298,THP1,0.863,0,N
Hum_XLOC_014303,,0.79,1,
Hum_XLOC_014308,HAP1,0.84,0,N
Hum_XLOC_014310,,0.352,0,B
Hum_XLOC_014314,,0.79,0,B
Hum_XLOC_014324,K562,0.994,1,E
Hum_XLOC_014370,K562,0.939,0,N
Hum_XLOC_014375,,0.52,0,B
Hum_XLOC_014394,,0.736,1,
Hum_XLOC_014395,,0.639,0,B
Hum_XLOC_014397,,0.64,0,B
Hum_XLOC_014399,,0.295,0,B
Hum_XLOC_014405,,0.821,0,
Hum_XLOC_014410,,1.25,1,
Hum_XLOC_014411,K562,1.0,0,N
Hum_XLOC_014414,,0.742,0,B
Hum_XLOC_014415,MDA-MB-231,0.805,1,E
Hum_XLOC_014423,,0.929,0,
Hum_XLOC_014437,,0.692,0,B
Hum_XLOC_014439,,0.602,1,
Hum_XLOC_014450,,1.25,0,
Hum_XLOC_014457,HAP1,0.987,0,N
Hum_XLOC_014459,K562,0.997,1,E
Hum_XLOC_014467,K562,1.0,0,N
Hum_XLOC_014506,,0.621,0,B
Hum_XLOC_014518,,0.833,0,
Hum_XLOC_014534,,0.59,0,B
Hum_XLOC_014538,,0.724,0,B
Hum_XLOC_014539,,0.686,0,B
Hum_XLOC_014566,,0.375,0,
Hum_XLOC_014578,HAP1,0.833,0,N
Hum_XLOC_014585,,0.793,1,
Hum_XLOC_014591,THP1,0.836,0,N
Hum_XLOC_014593,,0.65,1,
Hum_XLOC_014632,,0.45,0,B
Hum_XLOC_014640,,0.656,0,
Hum_XLOC_014658,HAP1,0.998,0,N
Hum_XLOC_014664,,1.0,0,
Hum_XLOC_014672,K562,0.829,0,N
Hum_XLOC_014673,HEK293FT,0.839,0,N
Hum_XLOC_014689,HEK293FT,0.972,0,N
Hum_XLOC_014710,,0.437,0,B
Hum_XLOC_014724,,1.25,1,
Hum_XLOC_014727,,0.703,0,B
Hum_XLOC_014730,,1.0,0,
Hum_XLOC_014732,,1.25,0,
Hum_XLOC_014754,,0.773,0,B
Hum_XLOC_014762,,0.833,0,
Hum_XLOC_014785,MDA-MB-231,0.821,0,N
Hum_XLOC_014793,K562,0.985,0,N
Hum_XLOC_014807,THP1,0.946,0,N
Hum_XLOC_014843,,0.521,0,B
Hum_XLOC_014855,,0.743,1,
Hum_XLOC_014865,,0.793,0,B
Hum_XLOC_014866,,0.485,0,B
Hum_XLOC_014869,HEK293FT,0.864,0,N
Hum_XLOC_014892,,1.25,2,P
Hum_XLOC_014895,THP1,0.824,0,N
Hum_XLOC_014897,,0.302,0,B
Hum_XLOC_014916,MDA-MB-231,0.891,0,N
Hum_XLOC_014921,,0.713,0,B
Hum_XLOC_014943,,1.25,0,
Hum_XLOC_014946,THP1,1.0,0,N
Hum_XLOC_014957,,0.893,0,
Hum_XLOC_014966,,0.701,1,
Hum_XLOC_014974,,1.25,0,
Hum_XLOC_014993,,0.917,1,
Hum_XLOC_014994,,1.0,0,
Hum_XLOC_014995,,0.75,0,
Hum_XLOC_014996,,0.929,0,
Hum_XLOC_015001,HAP1,0.822,0,N
Hum_XLOC_015011,HAP1,0.888,1,E
Hum_XLOC_015012,HAP1,0.997,0,N
Hum_XLOC_015019,HAP1,1.0,0,N
Hum_XLOC_015031,HAP1,0.93,1,E
Hum_XLOC_015052,,1.25,0,
Hum_XLOC_015070,,0.583,1,
Hum_XLOC_015076,HAP1,1.0,0,N
Hum_XLOC_015077,,1.25,2,P
Hum_XLOC_015081,,1.25,0,
Hum_XLOC_015093,,1.25,1,
Hum_XLOC_015119,K562,0.982,0,N
Hum_XLOC_015124,THP1,0.953,0,N
Hum_XLOC_015129,,0.58,0,B
Hum_XLOC_015137,,0.657,1,
Hum_XLOC_015144,,0.812,0,
Hum_XLOC_015148,THP1,1.0,0,N
Hum_XLOC_015154,,0.515,0,B
Hum_XLOC_015162,,0.631,0,B
Hum_XLOC_015190,K562,1.0,0,N
Hum_XLOC_015191,K562,1.0,0,N
Hum_XLOC_015192,,0.95,0,
Hum_XLOC_015200,,0.758,0,B
Hum_XLOC_015222,K562,0.929,0,N
Hum_XLOC_015224,,0.622,0,B
Hum_XLOC_015225,,0.395,0,B
Hum_XLOC_015242,,0.687,0,B
Hum_XLOC_015246,,0.556,0,B
Hum_XLOC_015263,,1.0,1,
Hum_XLOC_015269,MDA-MB-231,1.0,0,N
Hum_XLOC_015275,,0.348,0,B
Hum_XLOC_015276,,0.75,0,B
Hum_XLOC_015297,,1.25,0,
Hum_XLOC_015305,,1.25,0,
Hum_XLOC_015311,,0.477,0,B
Hum_XLOC_015312,,0.806,0,
Hum_XLOC_015313,,1.25,0,
Hum_XLOC_015318,MDA-MB-231,0.89,0,N
Hum_XLOC_015341,,0.75,0,B
Hum_XLOC_015345,HAP1,0.826,1,E
Hum_XLOC_015347,,0.4,0,B
Hum_XLOC_015348,,0.5,0,
Hum_XLOC_015358,,0.938,0,
Hum_XLOC_015369,,1.0,0,
Hum_XLOC_015377,,0.735,0,B
Hum_XLOC_015379,,0.524,0,B
Hum_XLOC_015384,,1.25,0,
Hum_XLOC_015391,,0.783,0,B
Hum_XLOC_015394,,1.25,0,
Hum_XLOC_015405,,0.708,0,
Hum_XLOC_015406,HEK293FT,0.9,0,N
Hum_XLOC_015410,MDA-MB-231,0.957,0,N
Hum_XLOC_015416,HEK293FT,0.912,0,N
Hum_XLOC_015428,,0.536,0,B
Hum_XLOC_015449,,0.657,0,B
Hum_XLOC_015464,,0.605,0,B
Hum_XLOC_015488,K562,0.995,1,E
Hum_XLOC_015495,,0.526,0,B
Hum_XLOC_015496,THP1,0.812,0,N
Hum_XLOC_015503,,1.0,0,
Hum_XLOC_015512,HAP1,0.883,0,N
Hum_XLOC_015525,K562,0.946,0,N
Hum_XLOC_015532,HEK293FT,0.816,1,E
Hum_XLOC_015533,,0.655,0,B
Hum_XLOC_015536,,0.554,0,B
Hum_XLOC_015541,,0.558,0,B
Hum_XLOC_015545,THP1,0.992,0,N
Hum_XLOC_015550,MDA-MB-231,0.981,0,N
Hum_XLOC_015571,,0.763,0,B
Hum_XLOC_015572,,0.663,0,B
Hum_XLOC_015573,,0.622,0,B
Hum_XLOC_015591,,0.564,0,B
Hum_XLOC_015616,,1.0,0,
Hum_XLOC_015632,HEK293FT,0.859,0,N
Hum_XLOC_015670,,0.377,0,B
Hum_XLOC_015671,,0.544,1,
Hum_XLOC_015672,,0.537,0,B
Hum_XLOC_015683,HAP1,0.903,0,N
Hum_XLOC_015693,,0.797,1,
Hum_XLOC_015707,,0.629,0,B
Hum_XLOC_015711,,0.437,0,B
Hum_XLOC_015718,,0.75,0,
Hum_XLOC_015731,,0.679,0,B
Hum_XLOC_015744,,1.25,0,
Hum_XLOC_015762,,0.684,0,B
Hum_XLOC_015779,,1.25,0,
Hum_XLOC_015784,HAP1,0.999,0,N
Hum_XLOC_015788,HAP1,0.927,0,N
Hum_XLOC_015806,K562,1.0,0,N
Hum_XLOC_015807,,1.25,0,
Hum_XLOC_015812,,0.6,0,
Hum_XLOC_015819,,0.57,0,B
Hum_XLOC_015822,,0.875,1,
Hum_XLOC_015823,,0.95,0,
Hum_XLOC_015827,,0.516,0,B
Hum_XLOC_015853,,0.917,0,
Hum_XLOC_015866,MDA-MB-231,0.979,1,T
Hum_XLOC_015869,,1.25,0,
Hum_XLOC_015880,,0.715,0,B
Hum_XLOC_015881,,0.34,2,P
Hum_XLOC_015887,,0.75,0,
Hum_XLOC_015891,,0.958,0,
Hum_XLOC_015898,,1.0,1,
Hum_XLOC_015929,,0.742,0,B
Hum_XLOC_015932,,0.333,0,B
Hum_XLOC_015934,,0.394,0,B
Hum_XLOC_015953,,0.812,0,
Hum_XLOC_015957,,1.0,0,
Hum_XLOC_015958,,0.625,0,
Hum_XLOC_015960,,0.706,1,
Hum_XLOC_015964,MDA-MB-231,0.845,1,E
Hum_XLOC_015975,,0.706,0,B
Hum_XLOC_015978,K562,0.997,0,N
Hum_XLOC_015981,,0.625,0,B
Hum_XLOC_015999,HEK293FT,0.954,0,N
Hum_XLOC_016016,,0.39,0,B
Hum_XLOC_016017,,0.623,1,
Hum_XLOC_016019,,0.793,0,B
Hum_XLOC_016028,,0.618,0,B
Hum_XLOC_016031,THP1,1.0,2,P
Hum_XLOC_016047,,1.25,0,
Hum_XLOC_016055,,1.0,0,
Hum_XLOC_016089,,1.0,0,
Hum_XLOC_016095,,1.25,0,
Hum_XLOC_016118,,1.25,0,
Hum_XLOC_016129,,1.25,0,
Hum_XLOC_016135,THP1,1.0,0,N
Hum_XLOC_016136,THP1,1.0,0,N
Hum_XLOC_016141,,1.25,0,
Hum_XLOC_016143,,1.25,1,
Hum_XLOC_016147,,1.25,0,
Hum_XLOC_016163,THP1,0.985,1,T
Hum_XLOC_016167,MDA-MB-231,0.801,1,E
Hum_XLOC_016172,,0.489,0,B
Hum_XLOC_016180,,0.391,3,P
Hum_XLOC_016191,,0.736,0,B
Hum_XLOC_016206,,0.75,0,
Hum_XLOC_016215,,0.542,0,
Hum_XLOC_016223,K562,0.99,1,E
Hum_XLOC_016231,,0.625,0,B
Hum_XLOC_016232,THP1,0.975,0,N
Hum_XLOC_016239,,0.421,1,
Hum_XLOC_016244,,1.25,1,
Hum_XLOC_016248,,0.408,0,B
Hum_XLOC_016257,,0.917,0,
Hum_XLOC_016258,,1.0,0,
Hum_XLOC_016261,HAP1,0.837,0,N
Hum_XLOC_016263,,0.559,0,B
Hum_XLOC_016269,,0.652,0,B
Hum_XLOC_016275,THP1,0.853,0,N
Hum_XLOC_016283,,0.69,0,B
Hum_XLOC_016285,,0.399,0,B
Hum_XLOC_016290,,0.571,1,
Hum_XLOC_016292,,0.621,4,P
Hum_XLOC_016301,,0.697,0,B
Hum_XLOC_016306,,0.591,0,B
Hum_XLOC_016326,MDA-MB-231,0.894,0,N
Hum_XLOC_016372,,0.5,0,
Hum_XLOC_016373,,0.722,0,
Hum_XLOC_016380,,0.938,0,
Hum_XLOC_016383,HAP1,0.806,1,T
Hum_XLOC_016388,,0.917,0,
Hum_XLOC_016397,,0.79,0,B
Hum_XLOC_016405,THP1,0.95,0,N
Hum_XLOC_016406,,0.958,0,
Hum_XLOC_016426,,1.25,0,
Hum_XLOC_016430,,0.76,0,B
Hum_XLOC_016472,,0.626,0,B
Hum_XLOC_016475,,0.917,0,
Hum_XLOC_016476,,1.0,3,P
Hum_XLOC_016480,,1.25,0,
Hum_XLOC_016488,,1.25,0,
Hum_XLOC_016489,,1.25,0,
Hum_XLOC_016500,MDA-MB-231,0.841,0,N
Hum_XLOC_016505,,0.779,0,B
Hum_XLOC_016528,HEK293FT,0.917,1,E
Hum_XLOC_016539,,0.699,0,B
Hum_XLOC_016554,,0.797,0,B
Hum_XLOC_016563,,0.504,2,P
Hum_XLOC_016576,,0.737,0,B
Hum_XLOC_016597,HEK293FT,0.861,1,E
Hum_XLOC_016601,,0.507,0,B
Hum_XLOC_016617,,0.787,0,B
Hum_XLOC_016623,,0.679,0,B
Hum_XLOC_016667,HAP1,0.934,1,T
Hum_XLOC_016674,,0.638,0,B
Hum_XLOC_016677,,0.772,0,B
Hum_XLOC_016678,HAP1,0.856,0,N
Hum_XLOC_016679,,1.25,0,
Hum_XLOC_016683,,1.0,1,
Hum_XLOC_016692,,0.429,0,
Hum_XLOC_016703,,0.412,2,P
Hum_XLOC_016705,,0.821,0,
Hum_XLOC_016724,K562,0.99,0,N
Hum_XLOC_016725,,0.503,0,B
Hum_XLOC_016726,,0.58,0,B
Hum_XLOC_016727,,0.554,0,B
Hum_XLOC_016748,,0.534,2,P
Hum_XLOC_016753,,0.594,0,B
Hum_XLOC_016755,K562,0.947,0,N
Hum_XLOC_016770,,0.482,0,B
Hum_XLOC_016780,,1.25,0,
Hum_XLOC_016781,,0.75,0,
Hum_XLOC_016797,,1.25,0,
Hum_XLOC_016808,,0.776,0,B
Hum_XLOC_016812,MDA-MB-231,0.838,0,N
Hum_XLOC_016814,THP1,0.924,2,P
Hum_XLOC_016815,THP1,0.851,1,E
Hum_XLOC_016816,HEK293FT,0.815,0,N
Hum_XLOC_016836,THP1,0.914,0,N
Hum_XLOC_016842,,0.336,1,
Hum_XLOC_016843,,0.459,0,B
Hum_XLOC_016846,,0.64,0,B
Hum_XLOC_016857,K562,0.926,0,N
Hum_XLOC_016865,THP1,1.0,0,N
Hum_XLOC_016874,,0.724,0,B
Hum_XLOC_016887,MDA-MB-231,0.924,0,N
Hum_XLOC_016899,HEK293FT,0.999,0,N
Hum_XLOC_016921,,0.56,0,B
Hum_XLOC_016928,,0.792,0,
Hum_XLOC_016930,MDA-MB-231,0.938,1,E
Hum_XLOC_016931,MDA-MB-231,0.905,0,N
Hum_XLOC_016938,,0.398,0,B
Hum_XLOC_016940,,0.791,1,
Hum_XLOC_016953,K562,1.0,0,N
Hum_XLOC_016981,,0.688,0,
Hum_XLOC_016994,,0.889,0,
Hum_XLOC_016998,,1.25,0,
Hum_XLOC_017006,,1.25,0,
Hum_XLOC_017015,,1.0,0,
Hum_XLOC_017016,,1.0,1,
Hum_XLOC_017017,,1.25,0,
Hum_XLOC_017019,,1.25,0,
Hum_XLOC_017055,,0.502,3,P
Hum_XLOC_017070,HAP1,0.822,0,N
Hum_XLOC_017077,,0.684,1,
Hum_XLOC_017081,,1.25,0,
Hum_XLOC_017108,HAP1,0.908,0,N
Hum_XLOC_017118,,0.625,0,
Hum_XLOC_017127,MDA-MB-231,0.808,0,N
Hum_XLOC_017140,MDA-MB-231,0.909,0,N
Hum_XLOC_017143,K562,0.801,0,N
Hum_XLOC_017144,K562,0.98,0,N
Hum_XLOC_017159,THP1,0.906,0,N
Hum_XLOC_017161,,0.683,0,B
Hum_XLOC_017162,,0.336,0,B
Hum_XLOC_017166,,0.393,0,B
Hum_XLOC_017170,HAP1,0.818,0,N
Hum_XLOC_017190,,0.547,0,B
Hum_XLOC_017237,,0.331,0,B
Hum_XLOC_017249,,0.359,0,B
Hum_XLOC_017250,,0.484,0,B
Hum_XLOC_017255,HAP1,0.964,0,N
Hum_XLOC_017262,,1.0,0,
Hum_XLOC_017274,,1.25,0,
Hum_XLOC_017317,,0.875,0,
Hum_XLOC_017327,,1.0,0,
Hum_XLOC_017364,THP1,0.969,2,P
Hum_XLOC_017389,,1.0,1,
Hum_XLOC_017396,,0.607,0,B
Hum_XLOC_017397,,0.906,0,
Hum_XLOC_017398,HAP1,0.975,1,E
Hum_XLOC_017399,,0.68,0,B
Hum_XLOC_017419,,0.75,0,
Hum_XLOC_017421,HAP1,0.965,0,N
Hum_XLOC_017445,,0.59,1,
Hum_XLOC_017455,,0.25,0,
Hum_XLOC_017468,,1.25,0,
Hum_XLOC_017471,MDA-MB-231,0.939,0,N
Hum_XLOC_017478,MDA-MB-231,0.851,0,N
Hum_XLOC_017487,THP1,0.96,0,N
Hum_XLOC_017489,THP1,0.935,1,E
Hum_XLOC_017499,HAP1,0.853,0,N
Hum_XLOC_017506,,0.889,0,
Hum_XLOC_017515,,0.324,0,B
Hum_XLOC_017517,,0.731,0,B
Hum_XLOC_017521,,0.634,0,B
Hum_XLOC_017531,,0.917,0,
Hum_XLOC_017532,MDA-MB-231,0.803,0,N
Hum_XLOC_017537,,0.611,0,
Hum_XLOC_017546,,0.712,0,B
Hum_XLOC_017556,,1.25,0,
Hum_XLOC_017576,,0.632,0,B
Hum_XLOC_017588,,1.25,0,
Hum_XLOC_017591,HAP1,0.962,0,N
Hum_XLOC_017597,THP1,0.982,0,N
Hum_XLOC_017624,,0.75,0,
Hum_XLOC_017628,,0.786,0,
Hum_XLOC_017643,,0.75,0,B
Hum_XLOC_017657,,0.783,1,
Hum_XLOC_017665,,0.539,0,B
Hum_XLOC_017666,MDA-MB-231,0.882,0,N
Hum_XLOC_017679,THP1,0.835,0,N
Hum_XLOC_017680,,0.355,0,B
Hum_XLOC_017684,,0.329,0,B
Hum_XLOC_017692,MDA-MB-231,0.96,0,N
Hum_XLOC_017693,THP1,0.828,0,N
Hum_XLOC_017694,,1.25,0,
Hum_XLOC_017697,,0.735,0,B
Hum_XLOC_017700,,1.25,0,
Hum_XLOC_017703,HAP1,0.988,0,N
Hum_XLOC_017724,,0.691,0,B
Hum_XLOC_017725,,0.875,0,
Hum_XLOC_017749,,0.574,0,B
Hum_XLOC_017764,THP1,0.812,0,N
Hum_XLOC_017767,,1.25,1,
Hum_XLOC_017770,,1.25,0,
Hum_XLOC_017771,,0.833,0,
Hum_XLOC_017772,HAP1,0.907,0,N
Hum_XLOC_017792,,1.25,1,
Hum_XLOC_017799,HEK293FT,0.998,0,N
Hum_XLOC_017806,,0.609,1,
Hum_XLOC_017813,,0.938,0,
Hum_XLOC_017816,,1.25,0,
Hum_XLOC_017820,K562,0.872,0,N
Hum_XLOC_017824,K562,0.979,1,T
Hum_XLOC_017825,,1.25,0,
Hum_XLOC_017833,,0.754,0,B
Hum_XLOC_017862,,0.514,1,
Hum_XLOC_017879,,0.641,0,B
Hum_XLOC_017904,,0.54,1,
Hum_XLOC_017919,,0.75,1,
Hum_XLOC_017920,THP1,0.972,0,N
Hum_XLOC_017937,,0.51,0,B
Hum_XLOC_017941,,0.413,0,B
Hum_XLOC_017948,HEK293FT,0.812,0,N
Hum_XLOC_017956,,0.347,0,B
Hum_XLOC_017958,,0.572,0,B
Hum_XLOC_017984,,0.698,0,B
Hum_XLOC_017990,,0.77,0,B
Hum_XLOC_018005,HEK293FT,0.821,0,N
Hum_XLOC_018011,THP1,0.998,2,P
Hum_XLOC_018051,,1.0,0,
Hum_XLOC_018070,,0.875,0,
Hum_XLOC_018076,,1.25,1,
Hum_XLOC_018111,,0.568,0,B
Hum_XLOC_018114,,0.798,0,B
Hum_XLOC_018140,K562,0.999,0,N
Hum_XLOC_018161,,0.772,0,B
Hum_XLOC_018166,,1.25,0,
Hum_XLOC_018179,K562,0.862,0,N
Hum_XLOC_018205,,0.627,0,B
Hum_XLOC_018207,,0.938,0,
Hum_XLOC_018211,HAP1,0.862,0,N
Hum_XLOC_018222,,0.278,1,
Hum_XLOC_018223,,0.639,0,B
Hum_XLOC_018227,,0.591,0,B
Hum_XLOC_018233,,1.25,0,
Hum_XLOC_018249,,1.25,0,
Hum_XLOC_018284,HEK293FT,0.888,0,N
Hum_XLOC_018293,,0.79,0,B
Hum_XLOC_018294,HEK293FT,0.875,0,N
Hum_XLOC_018298,,0.603,0,B
Hum_XLOC_018304,,0.614,0,B
Hum_XLOC_018311,,0.628,0,B
Hum_XLOC_018316,,0.509,0,B
Hum_XLOC_018371,,0.583,3,P
Hum_XLOC_018378,,0.5,0,
Hum_XLOC_018379,,1.25,0,
Hum_XLOC_018393,,0.702,0,B
Hum_XLOC_018416,HAP1,0.805,0,N
Hum_XLOC_018417,,1.25,0,
Hum_XLOC_018418,,0.768,0,B
Hum_XLOC_018422,,1.25,0,
Hum_XLOC_018424,HEK293FT,0.857,0,N
Hum_XLOC_018441,THP1,0.941,1,E
Hum_XLOC_018443,,1.0,0,
Hum_XLOC_018444,HEK293FT,1.0,1,E
Hum_XLOC_018445,HEK293FT,0.86,0,N
Hum_XLOC_018453,,1.25,0,
Hum_XLOC_018454,,1.25,0,
Hum_XLOC_018456,,1.25,0,
Hum_XLOC_018460,,1.25,1,
Hum_XLOC_018465,,1.0,0,
Hum_XLOC_018488,,1.25,0,
Hum_XLOC_018497,THP1,0.985,0,N
Hum_XLOC_018525,,0.75,0,
Hum_XLOC_018530,,0.639,1,
Hum_XLOC_018543,,0.747,0,B
Hum_XLOC_018562,,1.25,0,
Hum_XLOC_018577,THP1,0.838,0,N
Hum_XLOC_018583,,0.478,0,B
Hum_XLOC_018605,,0.75,0,
Hum_XLOC_018627,HEK293FT,0.867,0,N
Hum_XLOC_018641,,0.738,0,B
Hum_XLOC_018642,,0.599,4,P
Hum_XLOC_018656,K562,0.917,0,N
Hum_XLOC_018666,,0.75,0,
Hum_XLOC_018669,,1.25,0,
Hum_XLOC_018673,HEK293FT,0.809,0,N
Hum_XLOC_018674,,0.782,0,B
Hum_XLOC_018690,,1.25,0,
Hum_XLOC_018695,HEK293FT,1.0,1,E
Hum_XLOC_018696,,1.25,0,
Hum_XLOC_018699,,1.25,1,
Hum_XLOC_018700,,1.25,0,
Hum_XLOC_018715,,0.359,0,B
Hum_XLOC_018734,THP1,0.886,0,N
Hum_XLOC_018741,HEK293FT,0.979,0,N
Hum_XLOC_018791,,0.5,0,
Hum_XLOC_018806,HAP1,0.989,0,N
Hum_XLOC_018835,HAP1,1.0,0,N
Hum_XLOC_018837,,0.784,0,B
Hum_XLOC_018842,HAP1,0.956,0,N
Hum_XLOC_018844,MDA-MB-231,0.86,1,E
Hum_XLOC_018845,,0.594,0,
Hum_XLOC_018848,,0.604,0,B
Hum_XLOC_018858,,0.397,0,B
Hum_XLOC_018901,K562,0.984,0,N
Hum_XLOC_018920,,0.641,2,P
Hum_XLOC_018925,HEK293FT,0.866,0,N
Hum_XLOC_018926,K562,0.854,1,T
Hum_XLOC_018943,,0.917,0,
Hum_XLOC_018952,K562,0.952,0,N
Hum_XLOC_018955,,0.44,0,B
Hum_XLOC_018963,,0.663,0,B
Hum_XLOC_018988,,0.51,3,P
Hum_XLOC_018996,,0.725,0,B
Hum_XLOC_019002,,0.673,0,B
Hum_XLOC_019009,HEK293FT,0.863,0,N
Hum_XLOC_019011,,0.723,0,B
Hum_XLOC_019018,,0.73,0,B
Hum_XLOC_019021,MDA-MB-231,0.994,1,E
Hum_XLOC_019022,MDA-MB-231,0.978,0,N
Hum_XLOC_019023,,0.347,2,P
Hum_XLOC_019024,,0.701,0,B
Hum_XLOC_019047,,0.748,0,B
Hum_XLOC_019049,,0.445,0,B
Hum_XLOC_019054,,0.314,0,B
Hum_XLOC_019068,,1.25,0,
Hum_XLOC_019099,,1.0,0,
Hum_XLOC_019102,,0.581,0,B
Hum_XLOC_019104,,0.645,0,B
Hum_XLOC_019116,HEK293FT,0.827,0,N
Hum_XLOC_019135,,1.25,0,
Hum_XLOC_019141,,1.25,0,
Hum_XLOC_019145,,0.75,0,
Hum_XLOC_019152,,1.0,0,
Hum_XLOC_019162,,0.474,0,B
Hum_XLOC_019163,,0.592,2,P
Hum_XLOC_019173,,0.416,0,B
Hum_XLOC_019187,K562,1.0,0,N
Hum_XLOC_019198,,0.579,0,B
Hum_XLOC_019199,HAP1,0.856,1,E
Hum_XLOC_019216,,1.25,0,
Hum_XLOC_019237,,0.561,0,B
Hum_XLOC_019240,,0.75,0,
Hum_XLOC_019243,,0.375,0,
Hum_XLOC_019247,,0.728,0,B
Hum_XLOC_019267,,0.621,1,
Hum_XLOC_019268,HEK293FT,0.988,0,N
Hum_XLOC_019273,,1.25,0,
Hum_XLOC_019277,,1.25,0,
Hum_XLOC_019287,,0.75,0,
Hum_XLOC_019289,,1.0,0,
Hum_XLOC_019290,,0.917,0,
Hum_XLOC_019291,MDA-MB-231,0.942,0,N
Hum_XLOC_019295,HEK293FT,0.904,0,N
Hum_XLOC_019301,,0.494,0,B
Hum_XLOC_019304,,0.665,0,B
Hum_XLOC_019310,,0.74,0,B
Hum_XLOC_019318,HEK293FT,0.839,0,N
Hum_XLOC_019319,,0.673,0,B
Hum_XLOC_019324,,0.732,0,B
Hum_XLOC_019332,THP1,0.858,1,E
Hum_XLOC_019350,HEK293FT,0.837,0,N
Hum_XLOC_019370,,1.25,0,
Hum_XLOC_019371,,0.414,0,B
Hum_XLOC_019412,,1.0,0,
Hum_XLOC_019413,,1.0,1,
Hum_XLOC_019414,K562,1.0,0,N
Hum_XLOC_019446,MDA-MB-231,0.925,0,N
Hum_XLOC_019472,,1.25,1,
Hum_XLOC_019486,,0.875,0,
Hum_XLOC_019503,,0.917,0,
Hum_XLOC_019508,,1.0,1,
Hum_XLOC_019522,,0.844,0,
Hum_XLOC_019528,,1.25,0,
Hum_XLOC_019531,K562,0.944,1,E
Hum_XLOC_019532,K562,0.953,0,N
Hum_XLOC_019533,,0.529,3,P
Hum_XLOC_019568,,0.74,1,
Hum_XLOC_019574,,0.318,0,B
Hum_XLOC_019587,HEK293FT,0.862,0,N
Hum_XLOC_019592,K562,1.0,0,N
Hum_XLOC_019635,,0.769,0,B
Hum_XLOC_019639,THP1,0.918,0,N
Hum_XLOC_019655,,0.52,1,
Hum_XLOC_019657,,0.374,2,P
Hum_XLOC_019675,HAP1,0.978,0,N
Hum_XLOC_019677,,0.545,0,B
Hum_XLOC_019683,,0.485,2,P
Hum_XLOC_019688,,0.65,0,
Hum_XLOC_019694,,0.704,0,B
Hum_XLOC_019725,,0.41,0,B
Hum_XLOC_019762,,0.607,0,B
Hum_XLOC_019770,,0.708,0,
Hum_XLOC_019773,,1.25,0,
Hum_XLOC_019780,THP1,0.989,0,N
Hum_XLOC_019782,,1.0,0,
Hum_XLOC_019786,HEK293FT,0.962,0,N
Hum_XLOC_019797,,0.786,1,
Hum_XLOC_019820,,1.0,1,
Hum_XLOC_019826,,0.938,0,
Hum_XLOC_019827,THP1,0.944,0,N
Hum_XLOC_019830,,1.25,0,
Hum_XLOC_019837,MDA-MB-231,0.948,0,N
Hum_XLOC_019838,MDA-MB-231,0.848,0,N
Hum_XLOC_019850,HAP1,0.931,0,N
Hum_XLOC_019854,HAP1,0.85,0,N
Hum_XLOC_019861,,1.25,1,
Hum_XLOC_019862,,1.0,0,
Hum_XLOC_019864,,0.875,0,
Hum_XLOC_019866,HEK293FT,0.988,0,N
Hum_XLOC_019869,,1.0,0,
Hum_XLOC_019884,,0.589,0,B
Hum_XLOC_019886,,1.0,0,
Hum_XLOC_019892,THP1,0.997,1,E
Hum_XLOC_019894,MDA-MB-231,0.871,0,N
Hum_XLOC_019896,HEK293FT,0.934,0,N
Hum_XLOC_019909,THP1,0.973,0,N
Hum_XLOC_019917,,0.523,0,B
Hum_XLOC_019930,,0.306,0,
Hum_XLOC_019940,,0.688,0,B
Hum_XLOC_019941,THP1,0.988,1,E
Hum_XLOC_019942,MDA-MB-231,0.934,1,E
Hum_XLOC_019963,,0.664,1,
Hum_XLOC_019968,,0.399,0,B
Hum_XLOC_019978,HEK293FT,0.979,0,N
Hum_XLOC_019988,,0.421,0,B
Hum_XLOC_019997,,0.5,0,
Hum_XLOC_020021,,0.502,1,
Hum_XLOC_020022,,0.564,1,
Hum_XLOC_020023,,0.54,0,B
Hum_XLOC_020027,,0.77,0,B
Hum_XLOC_020028,,0.73,0,B
Hum_XLOC_020100,K562,0.952,0,N
Hum_XLOC_020101,,0.917,0,
Hum_XLOC_020129,HEK293FT,0.827,0,N
Hum_XLOC_020140,K562,0.994,0,N
Hum_XLOC_020146,HAP1,0.815,1,E
Hum_XLOC_020156,HEK293FT,0.8,1,E
Hum_XLOC_020164,,1.25,0,
Hum_XLOC_020172,,0.667,1,
Hum_XLOC_020173,,1.25,0,
Hum_XLOC_020194,HEK293FT,0.903,1,E
Hum_XLOC_020212,,0.415,0,B
Hum_XLOC_020214,,0.532,0,B
Hum_XLOC_020215,,0.493,0,B
Hum_XLOC_020255,,0.627,0,B
Hum_XLOC_020276,THP1,0.951,0,N
Hum_XLOC_020282,,0.409,0,B
Hum_XLOC_020304,,1.0,0,
Hum_XLOC_020335,,0.424,0,B
Hum_XLOC_020336,,0.206,0,B
Hum_XLOC_020338,,0.723,0,B
Hum_XLOC_020350,,0.568,1,
Hum_XLOC_020352,,0.67,0,B
Hum_XLOC_020377,,0.469,1,
Hum_XLOC_020401,K562,0.892,0,N
Hum_XLOC_020412,HAP1,1.0,0,N
Hum_XLOC_020422,,1.25,1,
Hum_XLOC_020425,K562,0.964,2,P
Hum_XLOC_020431,K562,0.958,1,E
Hum_XLOC_020432,,0.566,1,
Hum_XLOC_020438,,0.587,0,B
Hum_XLOC_020467,,0.726,0,B
Hum_XLOC_020468,,0.683,0,B
Hum_XLOC_020491,,0.508,0,B
Hum_XLOC_020495,HEK293FT,0.872,0,N
Hum_XLOC_020501,,0.724,0,B
Hum_XLOC_020530,,0.774,0,B
Hum_XLOC_020547,,0.6,1,
Hum_XLOC_020584,,0.626,3,P
Hum_XLOC_020585,,0.578,1,
Hum_XLOC_020605,,0.236,0,B
Hum_XLOC_020613,,0.541,2,P
Hum_XLOC_020616,,0.57,0,B
Hum_XLOC_020626,MDA-MB-231,0.852,0,N
Hum_XLOC_020639,,0.609,0,B
Hum_XLOC_020648,,0.917,0,
Hum_XLOC_020651,,0.72,0,B
Hum_XLOC_020654,,0.489,1,
Hum_XLOC_020655,,1.0,0,
Hum_XLOC_020656,,0.375,0,
Hum_XLOC_020684,HEK293FT,0.809,0,N
Hum_XLOC_020692,HAP1,0.801,0,N
Hum_XLOC_020694,HEK293FT,0.983,0,N
Hum_XLOC_020696,HEK293FT,0.899,1,E
Hum_XLOC_020709,,0.721,0,B
Hum_XLOC_020710,,0.75,0,
Hum_XLOC_020720,,0.469,2,P
Hum_XLOC_020733,MDA-MB-231,0.929,0,N
Hum_XLOC_020751,,0.681,0,B
Hum_XLOC_020753,,0.632,0,B
Hum_XLOC_020795,,1.0,1,
Hum_XLOC_020797,,0.555,0,B
Hum_XLOC_020806,THP1,0.965,1,T
Hum_XLOC_020811,HEK293FT,0.848,0,N
Hum_XLOC_020826,,0.778,0,B
Hum_XLOC_020840,,0.95,0,
Hum_XLOC_020852,MDA-MB-231,0.886,0,N
Hum_XLOC_020853,MDA-MB-231,0.911,0,N
Hum_XLOC_020866,,0.681,0,B
Hum_XLOC_020874,K562,0.967,0,N
Hum_XLOC_020877,,0.264,2,P
Hum_XLOC_020889,,0.585,0,B
Hum_XLOC_020898,,1.25,0,
Hum_XLOC_020905,,0.698,0,B
Hum_XLOC_020914,,0.783,1,
Hum_XLOC_020915,,0.694,2,P
Hum_XLOC_020923,,0.8,1,
Hum_XLOC_020933,,0.583,0,
Hum_XLOC_020960,,1.25,0,
Hum_XLOC_021004,,0.66,0,B
Hum_XLOC_021019,,0.613,3,P
Hum_XLOC_021020,HEK293FT,0.894,0,N
Hum_XLOC_021026,,0.492,0,B
Hum_XLOC_021027,,0.597,0,B
Hum_XLOC_021033,MDA-MB-231,0.973,0,N
Hum_XLOC_021036,HAP1,0.912,0,N
Hum_XLOC_021055,,0.47,2,P
Hum_XLOC_021064,,0.722,0,B
Hum_XLOC_021065,MDA-MB-231,0.854,0,N
Hum_XLOC_021066,,0.812,0,
Hum_XLOC_021075,,0.652,1,
Hum_XLOC_021082,,0.504,0,B
Hum_XLOC_021092,,0.527,1,
Hum_XLOC_021095,MDA-MB-231,0.826,1,E
Hum_XLOC_021098,HEK293FT,0.896,1,T
Hum_XLOC_021099,THP1,0.895,0,N
Hum_XLOC_021101,,0.481,0,B
Hum_XLOC_021102,,0.462,0,B
Hum_XLOC_021112,,0.744,2,P
Hum_XLOC_021121,,0.739,0,B
Hum_XLOC_021122,,0.653,2,P
Hum_XLOC_021126,,0.416,1,
Hum_XLOC_021133,,0.72,0,B
Hum_XLOC_021135,,0.697,0,B
Hum_XLOC_021140,,0.654,0,B
Hum_XLOC_021141,,0.75,0,
Hum_XLOC_021148,,0.781,0,
Hum_XLOC_021166,,0.541,1,
Hum_XLOC_021171,MDA-MB-231,0.934,1,T
Hum_XLOC_021203,,0.512,0,B
Hum_XLOC_021214,,0.789,0,B
Hum_XLOC_021236,MDA-MB-231,0.982,0,N
Hum_XLOC_021245,,0.616,2,P
Hum_XLOC_021255,HAP1,0.828,0,N
Hum_XLOC_021275,,1.25,0,
Hum_XLOC_021277,MDA-MB-231,0.964,1,E
Hum_XLOC_021290,HEK293FT,0.919,0,N
Hum_XLOC_021298,,0.724,1,
Hum_XLOC_021305,,1.0,0,
Hum_XLOC_021309,,0.672,1,
Hum_XLOC_021314,HEK293FT,0.818,0,N
Hum_XLOC_021317,,0.794,0,B
Hum_XLOC_021319,,0.59,2,P
Hum_XLOC_021341,MDA-MB-231,0.828,0,N
Hum_XLOC_021343,,0.741,0,B
Hum_XLOC_021378,,0.75,0,
Hum_XLOC_021379,,1.25,0,
Hum_XLOC_021388,HAP1,0.994,0,N
Hum_XLOC_021395,,0.75,0,
Hum_XLOC_021401,,0.555,0,B
Hum_XLOC_021417,,0.592,0,B
Hum_XLOC_021453,,0.713,0,B
Hum_XLOC_021458,,0.485,0,B
Hum_XLOC_021478,MDA-MB-231,0.924,0,N
Hum_XLOC_021482,,1.0,0,
Hum_XLOC_021483,HAP1,1.0,0,N
Hum_XLOC_021484,HAP1,0.919,0,N
Hum_XLOC_021485,HEK293FT,0.894,0,N
Hum_XLOC_021486,MDA-MB-231,0.894,0,N
Hum_XLOC_021496,,0.704,0,B
Hum_XLOC_021518,K562,0.938,0,N
Hum_XLOC_021526,K562,1.0,0,N
Hum_XLOC_021528,THP1,0.975,0,N
Hum_XLOC_021530,,0.583,0,B
Hum_XLOC_021534,,1.0,0,
Hum_XLOC_021541,HAP1,0.884,0,N
Hum_XLOC_021555,,0.649,1,
Hum_XLOC_021558,K562,0.929,1,E
Hum_XLOC_021559,K562,0.998,1,T
Hum_XLOC_021574,,0.624,0,B
Hum_XLOC_021579,,0.938,0,
Hum_XLOC_021589,,0.655,0,B
Hum_XLOC_021647,HEK293FT,0.905,0,N
Hum_XLOC_021683,,1.25,0,
Hum_XLOC_021685,HAP1,0.824,0,N
Hum_XLOC_021688,,1.0,0,
Hum_XLOC_021700,MDA-MB-231,1.0,1,E
Hum_XLOC_021702,,0.556,1,
Hum_XLOC_021706,,0.659,1,
Hum_XLOC_021715,HEK293FT,0.951,0,N
Hum_XLOC_021720,,0.348,0,B
Hum_XLOC_021740,,0.562,1,
Hum_XLOC_021741,HEK293FT,0.958,0,N
Hum_XLOC_021748,MDA-MB-231,0.831,1,E
Hum_XLOC_021802,,0.35,0,B
Hum_XLOC_021803,,0.575,1,
Hum_XLOC_021813,THP1,0.993,0,N
Hum_XLOC_021821,,0.798,0,B
Hum_XLOC_021823,,0.601,0,B
Hum_XLOC_021824,,0.734,2,P
Hum_XLOC_021834,,0.812,0,
Hum_XLOC_021847,,0.627,0,B
Hum_XLOC_021852,,0.861,0,
Hum_XLOC_021867,MDA-MB-231,0.988,0,N
Hum_XLOC_021869,,0.698,0,B
Hum_XLOC_021876,,0.583,1,
Hum_XLOC_021879,HEK293FT,1.0,0,N
Hum_XLOC_021881,,1.25,0,
Hum_XLOC_021893,HEK293FT,0.839,1,E
Hum_XLOC_021894,,0.527,0,B
Hum_XLOC_021901,,0.463,0,B
Hum_XLOC_021905,,0.603,0,B
Hum_XLOC_021910,,0.564,0,B
Hum_XLOC_021912,,0.488,0,B
Hum_XLOC_021926,,0.769,0,B
Hum_XLOC_021930,,0.625,0,B
Hum_XLOC_021931,,0.447,0,B
Hum_XLOC_021934,,0.726,1,
Hum_XLOC_021936,,0.625,1,
Hum_XLOC_021953,MDA-MB-231,0.943,0,N
Hum_XLOC_021963,,0.42,0,B
Hum_XLOC_021970,HAP1,0.838,0,N
Hum_XLOC_021985,,0.438,0,B
Hum_XLOC_022014,THP1,0.995,0,N
Hum_XLOC_022016,HEK293FT,0.805,0,N
Hum_XLOC_022044,,0.75,0,
Hum_XLOC_022045,,0.875,0,
Hum_XLOC_022057,HEK293FT,0.957,1,E
Hum_XLOC_022059,,0.404,0,B
Hum_XLOC_022069,,0.752,0,B
Hum_XLOC_022070,HAP1,0.859,0,N
Hum_XLOC_022082,,1.25,0,
Hum_XLOC_022083,,0.477,1,
Hum_XLOC_022084,,0.727,1,
Hum_XLOC_022086,,1.25,0,
Hum_XLOC_022088,,0.7,0,
Hum_XLOC_022089,K562,0.855,0,N
Hum_XLOC_022128,,0.359,0,B
Hum_XLOC_022130,,0.729,1,
Hum_XLOC_022135,,1.0,0,
Hum_XLOC_022136,,0.67,0,B
Hum_XLOC_022149,,0.75,0,
Hum_XLOC_022156,,1.0,0,
Hum_XLOC_022159,K562,1.0,0,N
Hum_XLOC_022164,MDA-MB-231,1.0,0,N
Hum_XLOC_022165,,1.25,0,
Hum_XLOC_022174,MDA-MB-231,0.917,1,E
Hum_XLOC_022178,MDA-MB-231,0.94,0,N
Hum_XLOC_022180,MDA-MB-231,0.973,1,T
Hum_XLOC_022197,,0.704,1,
Hum_XLOC_022212,THP1,1.0,0,N
Hum_XLOC_022214,,0.405,0,B
Hum_XLOC_022236,,0.609,0,B
Hum_XLOC_022239,MDA-MB-231,1.0,0,N
Hum_XLOC_022279,THP1,0.882,0,N
Hum_XLOC_022299,,0.624,1,
Hum_XLOC_022312,,0.532,0,B
Hum_XLOC_022324,,0.555,1,
Hum_XLOC_022330,,0.368,1,
Hum_XLOC_022335,,0.697,0,B
Hum_XLOC_022344,,0.437,1,
Hum_XLOC_022345,HEK293FT,0.818,0,N
Hum_XLOC_022346,,0.567,0,B
Hum_XLOC_022347,,0.615,0,B
Hum_XLOC_022351,,0.754,1,
Hum_XLOC_022361,,0.495,0,B
Hum_XLOC_022362,HAP1,0.991,0,N
Hum_XLOC_022389,,0.718,0,B
Hum_XLOC_022392,,0.56,0,B
Hum_XLOC_022393,,0.639,0,
Hum_XLOC_022398,,0.79,0,B
Hum_XLOC_022402,HEK293FT,0.99,0,N
Hum_XLOC_022403,K562,0.943,0,N
Hum_XLOC_022405,HEK293FT,1.0,0,N
Hum_XLOC_022419,,0.386,0,B
Hum_XLOC_022422,K562,0.97,0,N
Hum_XLOC_022435,,0.95,0,
Hum_XLOC_022436,HAP1,1.0,1,E
Hum_XLOC_022443,MDA-MB-231,0.982,0,N
Hum_XLOC_022446,,0.794,0,B
Hum_XLOC_022448,K562,0.979,1,E
Hum_XLOC_022452,,1.0,0,
Hum_XLOC_022454,,1.25,0,
Hum_XLOC_022458,K562,1.0,1,E
Hum_XLOC_022461,,0.669,0,B
Hum_XLOC_022465,,1.25,0,
Hum_XLOC_022468,,1.0,0,
Hum_XLOC_022469,HEK293FT,0.99,0,N
Hum_XLOC_022475,K562,0.945,0,N
Hum_XLOC_022494,,0.608,2,P
Hum_XLOC_022495,,1.0,0,
Hum_XLOC_022512,,1.25,0,
Hum_XLOC_022519,MDA-MB-231,0.982,1,E
Hum_XLOC_022537,,0.75,0,
Hum_XLOC_022573,,0.781,0,
Hum_XLOC_022595,,0.75,0,
Hum_XLOC_022640,,0.906,0,
Hum_XLOC_022645,HEK293FT,0.91,0,N
Hum_XLOC_022657,,0.778,1,
Hum_XLOC_022670,,1.0,0,
Hum_XLOC_022704,,1.25,0,
Hum_XLOC_022710,,1.25,0,
Hum_XLOC_022754,,1.25,0,
Hum_XLOC_022759,,0.367,1,
Hum_XLOC_022763,,0.875,0,
Hum_XLOC_022764,,1.0,1,
Hum_XLOC_022778,K562,0.812,0,N
Hum_XLOC_022786,,1.25,0,
Hum_XLOC_022804,HEK293FT,0.814,0,N
Hum_XLOC_022809,,0.786,0,
Hum_XLOC_022819,,0.672,0,B
Hum_XLOC_022823,,1.25,2,P
Hum_XLOC_022831,HEK293FT,0.977,0,N
Hum_XLOC_022840,K562,0.962,0,N
Hum_XLOC_022850,,1.25,0,
Hum_XLOC_022860,,0.699,0,B
Hum_XLOC_022862,,0.632,0,B
Hum_XLOC_022881,,1.0,0,
Hum_XLOC_022889,,0.833,1,
Hum_XLOC_022892,,0.675,1,
Hum_XLOC_022915,THP1,0.925,0,N
Hum_XLOC_022930,,1.25,0,
Hum_XLOC_022931,,1.25,1,
Hum_XLOC_022943,,0.791,1,
Hum_XLOC_022954,,0.517,0,B
Hum_XLOC_022959,HEK293FT,0.994,0,N
Hum_XLOC_022984,HAP1,0.907,0,N
Hum_XLOC_023008,,0.65,0,
Hum_XLOC_023014,MDA-MB-231,0.912,0,N
Hum_XLOC_023016,,0.593,0,B
Hum_XLOC_023021,,0.497,1,
Hum_XLOC_023023,HAP1,0.949,0,N
Hum_XLOC_023024,,0.553,1,
Hum_XLOC_023034,MDA-MB-231,0.929,2,P
Hum_XLOC_023047,K562,0.999,1,E
Hum_XLOC_023058,MDA-MB-231,0.872,0,N
Hum_XLOC_023062,,0.28,0,B
Hum_XLOC_023064,,0.793,0,B
Hum_XLOC_023071,K562,0.985,0,N
Hum_XLOC_023072,K562,0.987,0,N
Hum_XLOC_023078,HEK293FT,0.856,0,N
Hum_XLOC_023088,,1.25,0,
Hum_XLOC_023092,,0.69,0,B
Hum_XLOC_023101,,0.581,0,B
Hum_XLOC_023108,,0.638,2,P
Hum_XLOC_023131,MDA-MB-231,1.0,0,N
Hum_XLOC_023142,,0.917,0,
Hum_XLOC_023145,HEK293FT,0.96,0,N
Hum_XLOC_023155,,0.443,0,B
Hum_XLOC_023165,,0.57,0,B
Hum_XLOC_023169,,1.25,0,
Hum_XLOC_023186,,1.25,0,
Hum_XLOC_023189,HAP1,0.885,0,N
Hum_XLOC_023201,K562,1.0,1,E
Hum_XLOC_023210,K562,0.929,0,N
Hum_XLOC_023211,,0.656,0,B
Hum_XLOC_023219,HEK293FT,0.804,0,N
Hum_XLOC_023235,,0.794,0,B
Hum_XLOC_023237,,0.71,0,B
Hum_XLOC_023240,HEK293FT,0.887,1,T
Hum_XLOC_023256,HEK293FT,0.847,0,N
Hum_XLOC_023259,,0.676,0,B
Hum_XLOC_023262,,1.25,0,
Hum_XLOC_023267,HEK293FT,0.912,0,N
Hum_XLOC_023283,,1.0,1,
Hum_XLOC_023286,,1.25,0,
Hum_XLOC_023290,,0.906,0,
Hum_XLOC_023293,,0.723,0,B
Hum_XLOC_023300,HAP1,1.0,0,N
Hum_XLOC_023308,HAP1,0.99,0,N
Hum_XLOC_023321,,1.0,2,P
Hum_XLOC_023332,,1.25,1,
Hum_XLOC_023349,,0.42,0,B
Hum_XLOC_023360,,1.0,0,
Hum_XLOC_023369,,0.85,0,
Hum_XLOC_023380,,0.875,0,
Hum_XLOC_023390,,1.25,0,
Hum_XLOC_023397,MDA-MB-231,0.994,0,N
Hum_XLOC_023398,,0.958,0,
Hum_XLOC_023400,,1.25,0,
Hum_XLOC_023403,,0.536,0,B
Hum_XLOC_023404,,0.763,0,B
Hum_XLOC_023425,MDA-MB-231,0.868,0,N
Hum_XLOC_023426,MDA-MB-231,0.974,0,N
Hum_XLOC_023443,,1.25,0,
Hum_XLOC_023445,,0.709,1,
Hum_XLOC_023450,,1.25,0,
Hum_XLOC_023453,,1.25,0,
Hum_XLOC_023472,,1.25,0,
Hum_XLOC_023481,HEK293FT,0.996,1,E
Hum_XLOC_023485,,0.624,0,B
Hum_XLOC_023488,MDA-MB-231,0.845,0,N
Hum_XLOC_023520,,0.444,0,B
Hum_XLOC_023548,,1.25,0,
Hum_XLOC_023558,K562,1.0,0,N
Hum_XLOC_023567,HAP1,0.889,0,N
Hum_XLOC_023574,,0.75,0,B
Hum_XLOC_023575,,1.25,0,
Hum_XLOC_023580,,0.622,0,B
Hum_XLOC_023587,,0.533,0,B
Hum_XLOC_023606,,0.546,0,B
Hum_XLOC_023652,,0.292,0,B
Hum_XLOC_023657,,0.487,1,
Hum_XLOC_023658,,0.436,2,P
Hum_XLOC_023662,,0.413,0,B
Hum_XLOC_023669,,0.177,2,P
Hum_XLOC_023673,HEK293FT,0.925,1,E
Hum_XLOC_023689,HAP1,0.885,0,N
Hum_XLOC_023693,,0.562,0,B
Hum_XLOC_023705,,0.477,0,B
Hum_XLOC_023717,,0.626,0,B
Hum_XLOC_023720,K562,0.869,0,N
Hum_XLOC_023721,HAP1,0.919,0,N
Hum_XLOC_023731,MDA-MB-231,0.869,0,N
Hum_XLOC_023736,,0.753,0,B
Hum_XLOC_023744,,0.374,0,B
Hum_XLOC_023746,THP1,0.933,0,N
Hum_XLOC_023756,THP1,0.85,0,N
Hum_XLOC_023757,,0.638,1,
Hum_XLOC_023759,,0.793,0,B
Hum_XLOC_023760,THP1,0.859,0,N
Hum_XLOC_023764,,1.0,0,
Hum_XLOC_023783,,0.778,0,
Hum_XLOC_023784,HAP1,0.949,0,N
Hum_XLOC_023786,,0.786,1,
Hum_XLOC_023791,,0.652,0,B
Hum_XLOC_023793,,0.302,0,B
Hum_XLOC_023804,,0.5,0,
Hum_XLOC_023815,,0.608,1,
Hum_XLOC_023820,,0.735,0,B
Hum_XLOC_023833,,0.451,0,B
Hum_XLOC_023851,,0.366,0,B
Hum_XLOC_023869,,0.642,0,B
Hum_XLOC_023878,,1.0,0,
Hum_XLOC_023887,,0.246,0,B
Hum_XLOC_023889,HAP1,0.873,0,N
Hum_XLOC_023922,,0.313,0,B
Hum_XLOC_023923,,0.502,0,B
Hum_XLOC_023924,,0.725,1,
Hum_XLOC_023926,,0.655,1,
Hum_XLOC_023928,HEK293FT,0.883,0,N
Hum_XLOC_023949,,0.488,1,
Hum_XLOC_023950,,0.787,0,B
Hum_XLOC_023959,K562,1.0,0,N
Hum_XLOC_023961,,1.0,0,
Hum_XLOC_023962,,1.25,0,
Hum_XLOC_023972,,0.619,1,
Hum_XLOC_023973,,0.416,0,B
Hum_XLOC_024013,,0.486,0,B
Hum_XLOC_024031,MDA-MB-231,0.913,0,N
Hum_XLOC_024047,,0.214,0,B
Hum_XLOC_024100,THP1,0.995,0,N
Hum_XLOC_024120,,1.25,0,
Hum_XLOC_024123,,0.725,1,
Hum_XLOC_024127,,1.0,0,
Hum_XLOC_024131,,1.25,0,
Hum_XLOC_024132,,1.25,1,
Hum_XLOC_024151,,1.25,1,
Hum_XLOC_024155,,1.25,0,
Hum_XLOC_024156,,1.25,0,
Hum_XLOC_024159,,1.0,0,
Hum_XLOC_024160,,1.25,1,
Hum_XLOC_024169,,0.844,0,
Hum_XLOC_024175,THP1,0.981,1,E
Hum_XLOC_024179,,0.75,0,
Hum_XLOC_024194,,1.0,0,
Hum_XLOC_024197,,1.0,0,
Hum_XLOC_024205,K562,0.987,0,N
Hum_XLOC_024215,HAP1,0.91,0,N
Hum_XLOC_024217,HAP1,0.954,0,N
Hum_XLOC_024233,,0.529,0,B
Hum_XLOC_024241,,0.633,0,B
Hum_XLOC_024242,,0.659,0,B
Hum_XLOC_024243,,0.161,0,B
Hum_XLOC_024245,HAP1,0.849,0,N
Hum_XLOC_024248,,0.579,0,B
Hum_XLOC_024257,HEK293FT,0.964,0,N
Hum_XLOC_024265,,0.561,0,B
Hum_XLOC_024266,,0.786,0,
Hum_XLOC_024268,,0.5,0,
Hum_XLOC_024281,HEK293FT,0.834,0,N
Hum_XLOC_024303,,0.339,0,B
Hum_XLOC_024325,,0.293,0,B
Hum_XLOC_024373,MDA-MB-231,0.934,0,N
Hum_XLOC_024374,MDA-MB-231,0.91,2,P
Hum_XLOC_024381,,0.698,0,B
Hum_XLOC_024383,HEK293FT,0.81,0,N
Hum_XLOC_024384,,0.71,0,B
Hum_XLOC_024388,,0.75,0,
Hum_XLOC_024403,,0.631,0,B
Hum_XLOC_024409,,0.726,0,B
Hum_XLOC_024418,,0.595,0,B
Hum_XLOC_024425,,0.615,0,B
Hum_XLOC_024441,,0.792,1,
Hum_XLOC_024458,,0.418,0,B
Hum_XLOC_024459,,0.245,1,
Hum_XLOC_024475,,0.63,0,B
Hum_XLOC_024476,,0.75,0,B
Hum_XLOC_024494,,0.565,1,
Hum_XLOC_024495,,0.614,0,B
Hum_XLOC_024520,,0.697,0,B
Hum_XLOC_024521,,0.778,0,B
Hum_XLOC_024523,,0.456,0,B
Hum_XLOC_024532,,0.648,1,
Hum_XLOC_024556,,0.711,2,P
Hum_XLOC_024557,K562,0.826,0,N
Hum_XLOC_024559,,0.572,0,B
Hum_XLOC_024575,,0.689,1,
Hum_XLOC_024582,,0.606,1,
Hum_XLOC_024586,,1.25,0,
Hum_XLOC_024596,,1.25,0,
Hum_XLOC_024602,,0.612,1,
Hum_XLOC_024614,MDA-MB-231,0.89,0,N
Hum_XLOC_024620,,0.707,0,B
Hum_XLOC_024637,,0.768,0,B
Hum_XLOC_024649,MDA-MB-231,0.975,0,N
Hum_XLOC_024675,HEK293FT,0.972,0,N
Hum_XLOC_024713,K562,0.849,1,E
Hum_XLOC_024739,,0.652,0,B
Hum_XLOC_024762,THP1,0.853,0,N
Hum_XLOC_024763,,0.575,0,B
Hum_XLOC_024767,K562,0.973,0,N
Hum_XLOC_024777,,1.25,0,
Hum_XLOC_024820,,0.234,1,
Hum_XLOC_024825,,0.769,0,B
Hum_XLOC_024826,HAP1,0.877,0,N
Hum_XLOC_024829,,0.197,2,P
Hum_XLOC_024842,,0.491,1,
Hum_XLOC_024847,,0.486,1,
Hum_XLOC_024854,,0.787,0,B
Hum_XLOC_024863,,0.496,1,
Hum_XLOC_024871,,0.432,0,B
Hum_XLOC_024872,,0.582,1,
Hum_XLOC_024874,HEK293FT,0.894,1,E
Hum_XLOC_024876,,0.777,0,B
Hum_XLOC_024900,,0.633,0,B
Hum_XLOC_024910,,0.467,0,B
Hum_XLOC_024922,,0.674,1,
Hum_XLOC_024931,,0.782,0,B
Hum_XLOC_024934,,0.875,0,
Hum_XLOC_024957,,0.466,0,B
Hum_XLOC_024970,,0.524,0,B
Hum_XLOC_024979,,0.769,0,B
Hum_XLOC_025009,,0.492,0,B
Hum_XLOC_025022,,1.0,0,
Hum_XLOC_025028,,0.689,0,B
Hum_XLOC_025048,,0.488,0,B
Hum_XLOC_025049,,0.643,0,B
Hum_XLOC_025061,,0.481,0,B
Hum_XLOC_025065,,0.46,0,B
Hum_XLOC_025071,,1.25,0,
Hum_XLOC_025081,MDA-MB-231,0.942,1,E
Hum_XLOC_025111,,0.556,0,B
Hum_XLOC_025182,,0.752,0,B
Hum_XLOC_025208,HAP1,0.83,0,N
Hum_XLOC_025246,,0.7,0,B
Hum_XLOC_025247,K562,0.989,0,N
Hum_XLOC_025284,,0.68,0,B
Hum_XLOC_025303,,0.58,0,B
Hum_XLOC_025305,,0.497,0,B
Hum_XLOC_025323,,0.274,0,B
Hum_XLOC_025331,,0.778,0,B
Hum_XLOC_025332,,0.718,1,
Hum_XLOC_025334,K562,0.975,0,N
Hum_XLOC_025335,THP1,0.911,0,N
Hum_XLOC_025339,THP1,0.938,0,N
Hum_XLOC_025353,K562,0.999,0,N
Hum_XLOC_025356,K562,0.99,0,N
Hum_XLOC_025357,,0.964,0,
Hum_XLOC_025366,,1.0,0,
Hum_XLOC_025377,,1.0,0,
Hum_XLOC_025394,HAP1,0.933,0,N
Hum_XLOC_025402,MDA-MB-231,0.995,0,N
Hum_XLOC_025403,,1.25,0,
Hum_XLOC_025407,,0.657,0,B
Hum_XLOC_025408,,1.25,0,
Hum_XLOC_025410,,1.25,0,
Hum_XLOC_025414,K562,0.967,0,N
Hum_XLOC_025416,K562,0.982,0,N
Hum_XLOC_025436,,1.25,1,
Hum_XLOC_025444,,0.682,0,B
Hum_XLOC_025445,MDA-MB-231,0.822,0,N
Hum_XLOC_025447,K562,0.868,1,T
Hum_XLOC_025452,,0.472,1,
Hum_XLOC_025460,,0.613,0,B
Hum_XLOC_025474,,0.676,0,B
Hum_XLOC_025478,,0.773,0,B
Hum_XLOC_025481,HAP1,0.821,1,E
Hum_XLOC_025487,,0.757,0,B
Hum_XLOC_025488,,0.559,0,B
Hum_XLOC_025494,,0.39,0,B
Hum_XLOC_025498,,1.0,0,
Hum_XLOC_025506,,0.64,0,B
Hum_XLOC_025536,,0.404,0,B
Hum_XLOC_025552,HEK293FT,0.945,1,E
Hum_XLOC_025589,MDA-MB-231,0.969,1,E
Hum_XLOC_025596,,0.721,1,
Hum_XLOC_025611,,0.269,1,
Hum_XLOC_025641,MDA-MB-231,0.924,0,N
Hum_XLOC_025651,,0.534,0,B
Hum_XLOC_025706,,0.635,0,B
Hum_XLOC_025720,HAP1,0.947,0,N
Hum_XLOC_025723,,0.753,0,B
Hum_XLOC_025724,,0.761,0,B
Hum_XLOC_025725,,0.697,2,P
Hum_XLOC_025754,K562,0.981,0,N
Hum_XLOC_025758,HAP1,0.938,1,E
Hum_XLOC_025766,,0.459,0,B
Hum_XLOC_025782,,0.747,0,B
Hum_XLOC_025790,,0.346,0,B
Hum_XLOC_025791,,0.438,0,B
Hum_XLOC_025807,,0.321,0,B
Hum_XLOC_025812,,0.768,0,B
Hum_XLOC_025823,,0.514,0,B
Hum_XLOC_025824,,0.516,0,B
Hum_XLOC_025853,,0.459,2,P
Hum_XLOC_025863,,0.714,1,
Hum_XLOC_025864,MDA-MB-231,0.948,1,E
Hum_XLOC_025872,THP1,0.998,0,N
Hum_XLOC_025914,,0.611,0,B
Hum_XLOC_025920,,0.684,0,B
Hum_XLOC_025933,,0.682,0,B
Hum_XLOC_025935,MDA-MB-231,0.949,0,N
Hum_XLOC_025945,THP1,0.8,0,N
Hum_XLOC_025966,HAP1,0.83,0,N
Hum_XLOC_025967,,0.758,0,B
Hum_XLOC_025993,K562,1.0,0,N
Hum_XLOC_026011,,1.25,1,
Hum_XLOC_026016,,0.32,0,B
Hum_XLOC_026027,HEK293FT,0.807,0,N
Hum_XLOC_026028,,0.61,0,B
Hum_XLOC_026041,,0.628,0,B
Hum_XLOC_026046,,0.573,1,
Hum_XLOC_026057,,0.298,0,B
Hum_XLOC_026072,,0.5,0,
Hum_XLOC_026080,,1.0,0,
Hum_XLOC_026086,,0.354,0,B
Hum_XLOC_026087,,0.667,0,
Hum_XLOC_026088,,0.461,0,B
Hum_XLOC_026091,,0.392,0,B
Hum_XLOC_026092,,0.742,0,B
Hum_XLOC_026105,,0.616,0,B
Hum_XLOC_026110,,1.25,0,
Hum_XLOC_026117,,0.596,0,B
Hum_XLOC_026118,HEK293FT,0.99,0,N
Hum_XLOC_026119,HEK293FT,0.917,0,N
Hum_XLOC_026132,HEK293FT,0.894,0,N
Hum_XLOC_026135,,1.25,0,
Hum_XLOC_026150,,0.645,0,B
Hum_XLOC_026153,,0.422,0,B
Hum_XLOC_026195,,0.5,0,
Hum_XLOC_026198,,1.0,0,
Hum_XLOC_026205,,0.695,0,B
Hum_XLOC_026210,,0.482,0,B
Hum_XLOC_026228,,0.469,0,B
Hum_XLOC_026232,,0.396,0,B
Hum_XLOC_026234,,0.752,2,P
Hum_XLOC_026244,,0.723,0,B
Hum_XLOC_026245,THP1,0.919,0,N
Hum_XLOC_026250,K562,0.979,1,E
Hum_XLOC_026251,MDA-MB-231,0.884,0,N
Hum_XLOC_026252,K562,0.904,0,N
Hum_XLOC_026261,K562,1.0,0,N
Hum_XLOC_026269,,0.57,0,B
Hum_XLOC_026281,K562,1.0,0,N
Hum_XLOC_026304,,1.25,0,
Hum_XLOC_026310,,0.665,0,B
Hum_XLOC_026311,,0.344,2,P
Hum_XLOC_026313,,0.71,0,B
Hum_XLOC_026314,,0.333,0,B
Hum_XLOC_026317,HEK293FT,0.917,0,N
Hum_XLOC_026320,,0.69,0,B
Hum_XLOC_026323,,1.0,0,
Hum_XLOC_026328,,1.0,1,
Hum_XLOC_026349,HAP1,0.988,0,N
Hum_XLOC_026350,,0.688,0,B
Hum_XLOC_026362,,0.769,0,B
Hum_XLOC_026363,,0.783,0,B
Hum_XLOC_026388,,0.563,0,B
Hum_XLOC_026389,,0.594,1,
Hum_XLOC_026391,,0.665,0,B
Hum_XLOC_026399,,0.716,0,B
Hum_XLOC_026418,HAP1,0.816,1,E
Hum_XLOC_026427,,0.54,0,B
Hum_XLOC_026431,,0.59,0,B
Hum_XLOC_026435,,0.765,0,B
Hum_XLOC_026443,,1.25,0,
Hum_XLOC_026460,,0.696,0,B
Hum_XLOC_026470,,1.25,0,
Hum_XLOC_026477,,0.719,0,
Hum_XLOC_026491,THP1,1.0,0,N
Hum_XLOC_026494,MDA-MB-231,1.0,0,N
Hum_XLOC_026496,,1.25,0,
Hum_XLOC_026504,,0.743,0,B
Hum_XLOC_026511,,0.516,0,B
Hum_XLOC_026529,,0.535,0,B
Hum_XLOC_026533,,1.0,0,
Hum_XLOC_026567,,0.567,1,
Hum_XLOC_026587,,1.0,0,
Hum_XLOC_026590,,0.917,0,
Hum_XLOC_026618,,0.316,0,B
Hum_XLOC_026619,,0.361,0,B
Hum_XLOC_026633,,1.0,0,
Hum_XLOC_026640,,0.51,0,B
Hum_XLOC_026641,,0.519,0,B
Hum_XLOC_026646,,1.0,0,
Hum_XLOC_026653,,0.428,0,B
Hum_XLOC_026655,,0.511,0,B
Hum_XLOC_026666,,0.704,0,B
Hum_XLOC_026668,,0.75,0,B
Hum_XLOC_026681,,0.348,0,B
Hum_XLOC_026689,,1.0,0,
Hum_XLOC_026732,,0.634,0,B
Hum_XLOC_026737,,0.583,0,
Hum_XLOC_026743,,0.453,0,B
Hum_XLOC_026761,,0.724,0,B
Hum_XLOC_026764,,0.625,0,B
Hum_XLOC_026767,,0.833,0,
Hum_XLOC_026779,,0.664,0,B
Hum_XLOC_026781,,0.786,0,B
Hum_XLOC_026782,,0.71,2,P
Hum_XLOC_026786,,0.48,0,B
Hum_XLOC_026796,,0.579,0,B
Hum_XLOC_026797,MDA-MB-231,0.978,1,E
Hum_XLOC_026814,,1.0,0,
Hum_XLOC_026818,K562,1.0,0,N
Hum_XLOC_026849,,0.576,0,B
Hum_XLOC_026853,HAP1,0.953,1,E
Hum_XLOC_026870,,0.527,1,
Hum_XLOC_026879,,0.75,1,
Hum_XLOC_026891,,0.766,0,B
Hum_XLOC_026900,,0.46,2,P
Hum_XLOC_026902,THP1,0.907,0,N
Hum_XLOC_026955,MDA-MB-231,1.0,0,N
Hum_XLOC_026966,,0.189,0,B
Hum_XLOC_026987,,0.624,0,B
Hum_XLOC_026996,,1.25,0,
Hum_XLOC_026997,THP1,0.866,1,E
Hum_XLOC_027006,,0.719,0,
Hum_XLOC_027017,,0.642,0,B
Hum_XLOC_027023,THP1,1.0,0,N
Hum_XLOC_027042,,1.0,0,
Hum_XLOC_027047,HEK293FT,1.0,0,N
Hum_XLOC_027048,,1.25,1,
Hum_XLOC_027051,,1.0,0,
Hum_XLOC_027058,HAP1,0.908,0,N
Hum_XLOC_027073,,1.25,0,
Hum_XLOC_027110,,0.357,0,
Hum_XLOC_027138,,0.773,0,B
Hum_XLOC_027148,THP1,0.851,0,N
Hum_XLOC_027158,,1.25,1,
Hum_XLOC_027170,HAP1,0.947,0,N
Hum_XLOC_027183,HAP1,0.908,0,N
Hum_XLOC_027195,,0.465,0,B
Hum_XLOC_027197,,0.35,0,B
Hum_XLOC_027199,,0.712,0,B
Hum_XLOC_027231,HAP1,0.813,0,N
Hum_XLOC_027232,,0.715,0,B
Hum_XLOC_027239,,0.659,0,B
Hum_XLOC_027240,,0.442,1,
Hum_XLOC_027248,,1.25,0,
Hum_XLOC_027259,,0.572,0,B
Hum_XLOC_027290,,1.0,0,
Hum_XLOC_027291,,1.25,0,
Hum_XLOC_027294,MDA-MB-231,0.898,0,N
Hum_XLOC_027295,,1.25,0,
Hum_XLOC_027297,HEK293FT,0.999,1,E
Hum_XLOC_027314,,0.768,2,P
Hum_XLOC_027315,,0.697,0,B
Hum_XLOC_027336,THP1,0.892,0,N
Hum_XLOC_027352,,0.75,0,
Hum_XLOC_027354,THP1,0.986,0,N
Hum_XLOC_027358,MDA-MB-231,0.825,0,N
Hum_XLOC_027382,,0.523,0,B
Hum_XLOC_027383,,0.331,0,B
Hum_XLOC_027390,,1.0,1,
Hum_XLOC_027391,MDA-MB-231,0.953,0,N
Hum_XLOC_027397,,0.449,0,B
Hum_XLOC_027422,,1.0,1,
Hum_XLOC_027429,K562,0.954,1,E
Hum_XLOC_027449,THP1,0.945,0,N
Hum_XLOC_027452,THP1,0.893,0,N
Hum_XLOC_027461,MDA-MB-231,0.999,1,T
Hum_XLOC_027474,,1.25,0,
Hum_XLOC_027489,HAP1,0.868,0,N
Hum_XLOC_027494,,1.0,0,
Hum_XLOC_027499,,0.75,0,
Hum_XLOC_027540,,0.736,0,B
Hum_XLOC_027544,,0.739,1,
Hum_XLOC_027558,,0.773,0,B
Hum_XLOC_027561,,0.557,0,B
Hum_XLOC_027564,THP1,0.984,0,N
Hum_XLOC_027565,THP1,0.993,0,N
Hum_XLOC_027569,,0.748,0,B
Hum_XLOC_027573,K562,0.81,0,N
Hum_XLOC_027578,,0.761,0,B
Hum_XLOC_027588,,0.528,0,B
Hum_XLOC_027589,,0.522,0,B
Hum_XLOC_027603,MDA-MB-231,0.967,0,N
Hum_XLOC_027618,,0.268,1,
Hum_XLOC_027632,HAP1,0.99,0,N
Hum_XLOC_027656,HEK293FT,0.928,1,E
Hum_XLOC_027659,,0.313,0,B
Hum_XLOC_027699,,1.25,0,
Hum_XLOC_027703,,0.3,0,B
Hum_XLOC_027710,,0.62,0,B
Hum_XLOC_027715,,0.535,0,B
Hum_XLOC_027722,,1.25,0,
Hum_XLOC_027723,K562,0.964,1,T
Hum_XLOC_027733,,0.875,0,
Hum_XLOC_027750,,0.621,0,B
Hum_XLOC_027752,K562,0.988,0,N
Hum_XLOC_027761,K562,0.962,1,T
Hum_XLOC_027777,,0.875,1,
Hum_XLOC_027793,,0.5,0,B
Hum_XLOC_027799,,0.674,0,B
Hum_XLOC_027810,,0.368,0,B
Hum_XLOC_027839,,0.583,1,
Hum_XLOC_027855,,0.475,0,B
Hum_XLOC_027870,,1.0,0,
Hum_XLOC_027873,,0.465,0,B
Hum_XLOC_027890,,1.25,0,
Hum_XLOC_027894,,0.739,0,B
Hum_XLOC_027904,,0.577,0,B
Hum_XLOC_027907,,0.609,1,
Hum_XLOC_027908,,0.781,0,B
Hum_XLOC_027909,,0.407,1,
Hum_XLOC_027914,MDA-MB-231,1.0,0,N
Hum_XLOC_027934,,0.636,0,B
Hum_XLOC_027944,HEK293FT,0.983,0,N
Hum_XLOC_027977,,0.797,0,B
Hum_XLOC_028009,HEK293FT,0.827,0,N
Hum_XLOC_028013,HAP1,0.974,0,N
Hum_XLOC_028029,,0.405,0,B
Hum_XLOC_028037,MDA-MB-231,0.998,0,N
Hum_XLOC_028055,,1.25,0,
Hum_XLOC_028073,,0.775,0,B
Hum_XLOC_028080,,0.76,0,B
Hum_XLOC_028083,,0.413,0,B
Hum_XLOC_028126,,1.25,0,
Hum_XLOC_028136,,0.917,0,
Hum_XLOC_028139,MDA-MB-231,1.0,0,N
Hum_XLOC_028155,,1.25,0,
Hum_XLOC_028161,MDA-MB-231,0.87,1,E
Hum_XLOC_028211,HEK293FT,1.0,0,N
Hum_XLOC_028227,,0.784,0,B
Hum_XLOC_028233,,0.285,0,B
Hum_XLOC_028237,,0.385,0,B
Hum_XLOC_028242,K562,0.837,0,N
Hum_XLOC_028244,,0.583,0,B
Hum_XLOC_028246,,0.724,0,B
Hum_XLOC_028247,HAP1,0.851,0,N
Hum_XLOC_028248,HAP1,0.9,0,N
Hum_XLOC_028249,HAP1,0.958,0,N
Hum_XLOC_028257,,0.972,0,
Hum_XLOC_028260,,1.25,0,
Hum_XLOC_028261,,1.25,0,
Hum_XLOC_028268,,0.875,0,
Hum_XLOC_028269,HAP1,0.869,0,N
Hum_XLOC_028279,K562,0.875,0,N
Hum_XLOC_028290,,0.636,1,
Hum_XLOC_028294,,0.609,0,B
Hum_XLOC_028295,,1.25,0,
Hum_XLOC_028297,,1.25,0,
Hum_XLOC_028300,,1.0,0,
Hum_XLOC_028310,,1.25,0,
Hum_XLOC_028318,,1.25,0,
Hum_XLOC_028324,,0.875,0,
Hum_XLOC_028329,,1.25,0,
Hum_XLOC_028330,,1.25,0,
Hum_XLOC_028337,,1.25,0,
Hum_XLOC_028346,,0.727,0,B
Hum_XLOC_028354,,0.464,0,B
Hum_XLOC_028360,,0.743,2,P
Hum_XLOC_028366,,0.772,0,B
Hum_XLOC_028368,,0.5,0,
Hum_XLOC_028377,HAP1,0.844,0,N
Hum_XLOC_028390,,0.5,0,
Hum_XLOC_028409,,0.509,0,B
Hum_XLOC_028436,,0.75,0,
Hum_XLOC_028464,,1.25,0,
Hum_XLOC_028467,K562,0.992,0,N
Hum_XLOC_028476,,0.958,0,
Hum_XLOC_028478,,0.75,0,
Hum_XLOC_028481,,0.643,1,
Hum_XLOC_028488,,1.25,0,
Hum_XLOC_028496,THP1,0.954,1,E
Hum_XLOC_028536,,0.401,2,P
Hum_XLOC_028543,,0.583,0,B
Hum_XLOC_028545,,0.426,0,B
Hum_XLOC_028547,,0.72,0,B
Hum_XLOC_028558,,1.0,0,
Hum_XLOC_028559,HEK293FT,0.875,0,N
Hum_XLOC_028606,,0.545,0,B
Hum_XLOC_028623,,1.0,0,
Hum_XLOC_028633,HAP1,0.833,0,N
Hum_XLOC_028640,,0.688,0,
Hum_XLOC_028657,,0.709,0,B
Hum_XLOC_028665,,1.25,0,
Hum_XLOC_028670,,0.72,0,B
Hum_XLOC_028672,K562,0.828,0,N
Hum_XLOC_028678,,1.0,1,
Hum_XLOC_028681,K562,0.855,0,N
Hum_XLOC_028682,,0.517,2,P
Hum_XLOC_028687,HAP1,0.857,0,N
Hum_XLOC_028694,,1.0,0,
Hum_XLOC_028695,,1.0,0,
Hum_XLOC_028705,K562,0.995,0,N
Hum_XLOC_028710,,0.397,1,
Hum_XLOC_028712,,0.739,0,B
Hum_XLOC_028719,,0.562,0,B
Hum_XLOC_028720,,0.675,0,B
Hum_XLOC_028748,,1.25,0,
Hum_XLOC_028751,,1.25,0,
Hum_XLOC_028763,,0.736,0,B
Hum_XLOC_028775,,0.631,0,B
Hum_XLOC_028781,HEK293FT,0.812,0,N
Hum_XLOC_028782,HAP1,0.88,0,N
Hum_XLOC_028795,,0.715,1,
Hum_XLOC_028802,,1.25,0,
Hum_XLOC_028817,,0.833,0,
Hum_XLOC_028821,,0.676,0,B
Hum_XLOC_028834,,0.917,0,
Hum_XLOC_028835,THP1,0.981,0,N
Hum_XLOC_028859,,0.658,0,B
Hum_XLOC_028866,,1.25,0,
Hum_XLOC_028873,HEK293FT,0.928,0,N
Hum_XLOC_028874,HAP1,0.861,1,E
Hum_XLOC_028893,,1.0,0,
Hum_XLOC_028896,,0.719,0,
Hum_XLOC_028904,,0.755,0,B
Hum_XLOC_028907,,0.782,0,B
Hum_XLOC_028908,,0.67,0,B
Hum_XLOC_028911,,0.661,1,
Hum_XLOC_028944,,1.0,0,
Hum_XLOC_028947,,1.25,1,
Hum_XLOC_028953,,0.719,0,
Hum_XLOC_028954,,0.501,0,B
Hum_XLOC_028956,,0.732,0,B
Hum_XLOC_028968,HAP1,0.823,1,E
Hum_XLOC_028970,,0.44,0,B
Hum_XLOC_028994,,1.25,1,
Hum_XLOC_029002,,1.0,1,
Hum_XLOC_029009,K562,0.974,0,N
Hum_XLOC_029023,,0.345,1,
Hum_XLOC_029037,,0.812,1,
Hum_XLOC_029051,,0.787,0,B
Hum_XLOC_029067,THP1,1.0,1,E
Hum_XLOC_029072,,0.713,0,B
Hum_XLOC_029073,,1.25,0,
Hum_XLOC_029100,MDA-MB-231,0.826,0,N
Hum_XLOC_029130,HAP1,0.844,1,E
Hum_XLOC_029131,,0.559,0,B
Hum_XLOC_029137,,0.451,0,B
Hum_XLOC_029155,,0.575,0,B
Hum_XLOC_029193,,0.75,1,
Hum_XLOC_029206,,1.25,0,
Hum_XLOC_029211,,1.25,0,
Hum_XLOC_029214,,1.25,0,
Hum_XLOC_029215,,0.938,1,
Hum_XLOC_029216,,0.767,0,B
Hum_XLOC_029218,,0.781,0,B
Hum_XLOC_029234,,1.25,0,
Hum_XLOC_029239,,1.25,0,
Hum_XLOC_029245,K562,0.981,0,N
Hum_XLOC_029247,,1.0,0,
Hum_XLOC_029253,,0.529,0,B
Hum_XLOC_029254,,0.6,0,B
Hum_XLOC_029277,,0.648,0,B
Hum_XLOC_029279,,0.625,1,
Hum_XLOC_029281,,0.383,2,P
Hum_XLOC_029283,,1.25,0,
Hum_XLOC_029292,,0.618,1,
Hum_XLOC_029305,,0.413,0,B
Hum_XLOC_029312,,1.25,0,
Hum_XLOC_029316,HAP1,1.0,1,E
Hum_XLOC_029333,,0.794,0,B
Hum_XLOC_029338,,0.821,0,
Hum_XLOC_029341,,0.964,0,
Hum_XLOC_029344,,0.473,0,B
Hum_XLOC_029363,,1.25,0,
Hum_XLOC_029364,,1.25,0,
Hum_XLOC_029372,,1.25,0,
Hum_XLOC_029382,K562,0.999,0,N
Hum_XLOC_029391,,0.328,0,B
Hum_XLOC_029394,MDA-MB-231,0.987,0,N
Hum_XLOC_029396,,0.429,0,B
Hum_XLOC_029419,,1.25,0,
Hum_XLOC_029436,HAP1,0.868,0,N
Hum_XLOC_029443,,1.0,0,
Hum_XLOC_029451,K562,0.995,0,N
Hum_XLOC_029466,,1.0,0,
Hum_XLOC_029467,,0.48,2,P
Hum_XLOC_029469,,0.627,1,
Hum_XLOC_029487,,0.697,0,B
Hum_XLOC_029498,HAP1,0.958,0,N
Hum_XLOC_029505,,0.581,0,B
Hum_XLOC_029537,,1.0,0,
Hum_XLOC_029543,THP1,0.834,0,N
Hum_XLOC_029548,,1.25,0,
Hum_XLOC_029552,MDA-MB-231,0.925,0,N
Hum_XLOC_029595,,1.25,0,
Hum_XLOC_029597,HEK293FT,1.0,0,N
Hum_XLOC_029609,HEK293FT,0.809,0,N
Hum_XLOC_029611,,0.72,0,B
Hum_XLOC_029624,,0.696,0,B
Hum_XLOC_029638,MDA-MB-231,0.85,0,N
Hum_XLOC_029639,THP1,1.0,0,N
Hum_XLOC_029676,K562,1.0,0,N
Hum_XLOC_029677,K562,1.0,0,N
Hum_XLOC_029679,THP1,0.988,1,E
Hum_XLOC_029682,,0.574,0,B
Hum_XLOC_029700,,1.0,0,
Hum_XLOC_029704,,0.643,0,B
Hum_XLOC_029712,,0.5,0,B
Hum_XLOC_029713,,0.734,0,B
Hum_XLOC_029718,,1.0,0,
Hum_XLOC_029721,HAP1,0.908,0,N
Hum_XLOC_029723,,0.629,0,B
Hum_XLOC_029734,,0.701,1,
Hum_XLOC_029751,HEK293FT,0.995,0,N
Hum_XLOC_029752,,0.768,0,B
Hum_XLOC_029754,,0.599,0,B
Hum_XLOC_029756,MDA-MB-231,0.942,0,N
Hum_XLOC_029803,,1.25,0,
Hum_XLOC_029808,,1.0,0,
Hum_XLOC_029819,,0.833,0,
Hum_XLOC_029823,,1.25,1,
Hum_XLOC_029824,,0.875,0,
Hum_XLOC_029826,THP1,0.937,0,N
Hum_XLOC_029829,,1.25,0,
Hum_XLOC_029832,,0.525,1,
Hum_XLOC_029836,,0.549,0,B
Hum_XLOC_029838,HEK293FT,0.925,0,N
Hum_XLOC_029853,HAP1,0.975,0,N
Hum_XLOC_029865,,1.0,0,
Hum_XLOC_029871,,0.675,0,B
Hum_XLOC_029873,,0.806,0,
Hum_XLOC_029883,,0.372,0,B
Hum_XLOC_029885,MDA-MB-231,0.892,0,N
Hum_XLOC_029886,,0.5,0,B
Hum_XLOC_029893,,1.0,0,
Hum_XLOC_029908,,0.75,0,
Hum_XLOC_029929,,0.773,1,
Hum_XLOC_029940,,0.709,0,B
Hum_XLOC_029965,HEK293FT,0.888,0,N
Hum_XLOC_029966,,0.467,0,B
Hum_XLOC_029975,,1.0,0,
Hum_XLOC_029976,,0.626,0,B
Hum_XLOC_029988,,0.692,0,B
Hum_XLOC_030000,,0.445,0,B
Hum_XLOC_030047,,0.402,0,B
Hum_XLOC_030050,,0.265,0,B
Hum_XLOC_030057,,1.25,0,
Hum_XLOC_030097,,0.792,0,
Hum_XLOC_030101,,0.772,0,B
Hum_XLOC_030105,,1.0,1,
Hum_XLOC_030108,,0.833,0,
Hum_XLOC_030149,,0.714,0,B
Hum_XLOC_030151,,0.553,0,B
Hum_XLOC_030168,,0.6,0,B
Hum_XLOC_030170,MDA-MB-231,0.969,0,N
Hum_XLOC_030171,MDA-MB-231,0.986,0,N
Hum_XLOC_030172,,0.944,0,
Hum_XLOC_030179,HEK293FT,0.839,1,E
Hum_XLOC_030183,,0.499,1,
Hum_XLOC_030186,,0.929,1,
Hum_XLOC_030196,,0.604,0,B
Hum_XLOC_030200,,0.972,0,
Hum_XLOC_030211,,0.625,0,
Hum_XLOC_030218,,1.25,0,
Hum_XLOC_030226,MDA-MB-231,0.971,0,N
Hum_XLOC_030235,,1.0,1,
Hum_XLOC_030237,,0.692,0,B
Hum_XLOC_030249,,0.745,0,B
Hum_XLOC_030254,THP1,0.891,0,N
Hum_XLOC_030255,,1.0,1,
Hum_XLOC_030270,K562,0.942,0,N
Hum_XLOC_030273,,1.25,0,
Hum_XLOC_030304,HAP1,0.984,1,E
Hum_XLOC_030305,,0.833,0,
Hum_XLOC_030315,,0.64,0,B
Hum_XLOC_030319,,0.5,0,
Hum_XLOC_030320,,0.734,1,
Hum_XLOC_030323,K562,0.883,0,N
Hum_XLOC_030328,HAP1,0.996,0,N
Hum_XLOC_030348,,0.774,0,B
Hum_XLOC_030353,,0.356,0,B
Hum_XLOC_030384,,0.685,0,B
Hum_XLOC_030385,,0.214,1,
Hum_XLOC_030393,,0.606,0,B
Hum_XLOC_030411,,0.746,0,B
Hum_XLOC_030412,,0.75,0,
Hum_XLOC_030434,,0.467,0,B
Hum_XLOC_030444,,1.0,0,
Hum_XLOC_030447,MDA-MB-231,0.973,0,N
Hum_XLOC_030451,,0.571,1,
Hum_XLOC_030471,,0.875,0,
Hum_XLOC_030507,,1.0,0,
Hum_XLOC_030532,HAP1,0.98,0,N
Hum_XLOC_030533,,1.0,0,
Hum_XLOC_030540,,1.0,0,
Hum_XLOC_030543,,0.875,0,
Hum_XLOC_030549,,1.25,0,
Hum_XLOC_030554,THP1,0.961,0,N
Hum_XLOC_030568,,1.25,0,
Hum_XLOC_030580,,1.0,0,
Hum_XLOC_030585,,0.378,0,B
Hum_XLOC_030619,,0.47,0,B
Hum_XLOC_030622,,0.665,0,B
Hum_XLOC_030623,HEK293FT,0.839,0,N
Hum_XLOC_030656,,0.674,0,B
Hum_XLOC_030712,MDA-MB-231,0.85,0,N
Hum_XLOC_030715,,0.334,0,B
Hum_XLOC_030727,,0.716,0,B
Hum_XLOC_030731,,1.0,0,
Hum_XLOC_030747,,1.25,0,
Hum_XLOC_030750,,1.25,2,P
Hum_XLOC_030765,,0.782,0,B
Hum_XLOC_030814,,0.875,0,
Hum_XLOC_030819,,0.668,1,
Hum_XLOC_030825,,1.25,0,
Hum_XLOC_030826,,0.75,0,
Hum_XLOC_030827,,0.5,0,
Hum_XLOC_030838,HEK293FT,0.903,0,N
Hum_XLOC_030840,,1.0,0,
Hum_XLOC_030849,,0.569,5,P
Hum_XLOC_030850,,0.535,0,B
Hum_XLOC_030855,HEK293FT,0.941,0,N
Hum_XLOC_030858,,0.692,0,B
Hum_XLOC_030865,MDA-MB-231,0.935,0,N
Hum_XLOC_030877,,0.735,0,B
Hum_XLOC_030885,K562,0.999,0,N
Hum_XLOC_030893,K562,1.0,0,N
Hum_XLOC_030904,,1.25,1,
Hum_XLOC_030912,,1.25,1,
Hum_XLOC_030930,,1.25,2,P
Hum_XLOC_030945,,0.792,0,
Hum_XLOC_030950,MDA-MB-231,0.963,0,N
Hum_XLOC_030951,MDA-MB-231,0.86,0,N
Hum_XLOC_030953,,1.0,0,
Hum_XLOC_030957,,0.454,0,B
Hum_XLOC_030983,,1.25,1,
Hum_XLOC_030993,,0.588,0,B
Hum_XLOC_031001,,0.714,1,
Hum_XLOC_031005,,0.5,0,
Hum_XLOC_031007,K562,0.997,0,N
Hum_XLOC_031013,,1.0,0,
Hum_XLOC_031024,HAP1,0.962,1,E
Hum_XLOC_031029,,0.875,0,
Hum_XLOC_031042,,0.889,0,
Hum_XLOC_031045,,0.591,1,
Hum_XLOC_031047,,0.742,0,B
Hum_XLOC_031050,,0.316,2,P
Hum_XLOC_031051,,0.53,0,B
Hum_XLOC_031058,HEK293FT,0.882,1,E
Hum_XLOC_031070,,0.48,0,B
Hum_XLOC_031071,,0.66,0,B
Hum_XLOC_031072,,0.706,1,
Hum_XLOC_031074,,0.46,0,B
Hum_XLOC_031086,,0.661,0,B
Hum_XLOC_031107,THP1,0.917,1,E
Hum_XLOC_031116,HEK293FT,0.915,0,N
Hum_XLOC_031141,,0.683,0,B
Hum_XLOC_031143,K562,0.928,0,N
Hum_XLOC_031147,,1.25,0,
Hum_XLOC_031156,,0.747,0,B
Hum_XLOC_031163,,0.717,0,B
Hum_XLOC_031164,,0.75,0,
Hum_XLOC_031171,,0.7,0,B
Hum_XLOC_031179,,1.25,0,
Hum_XLOC_031189,,1.0,0,
Hum_XLOC_031207,,1.25,0,
Hum_XLOC_031217,,0.632,0,B
Hum_XLOC_031229,,0.833,0,
Hum_XLOC_031235,,0.344,0,B
Hum_XLOC_031244,,0.75,0,
Hum_XLOC_031262,MDA-MB-231,0.902,2,P
Hum_XLOC_031265,,1.0,0,
Hum_XLOC_031288,HEK293FT,0.964,0,N
Hum_XLOC_031291,,0.964,0,
Hum_XLOC_031293,,0.599,0,B
Hum_XLOC_031297,HAP1,0.819,0,N
Hum_XLOC_031305,THP1,0.937,0,N
Hum_XLOC_031311,,0.716,0,B
Hum_XLOC_031323,MDA-MB-231,0.994,0,N
Hum_XLOC_031333,HEK293FT,0.874,1,E
Hum_XLOC_031336,,1.25,0,
Hum_XLOC_031346,,1.0,0,
Hum_XLOC_031349,,1.0,0,
Hum_XLOC_031378,K562,0.96,0,N
Hum_XLOC_031382,,0.583,0,
Hum_XLOC_031386,K562,0.986,0,N
Hum_XLOC_031396,,0.419,0,B
Hum_XLOC_031450,,0.617,0,B
Hum_XLOC_031451,,0.449,0,B
Hum_XLOC_031458,THP1,0.998,0,N
Hum_XLOC_031469,HAP1,0.824,0,N
Hum_XLOC_031470,,0.674,0,B
Hum_XLOC_031471,THP1,0.831,1,E
Hum_XLOC_031500,,0.429,1,
Hum_XLOC_031505,,1.25,0,
Hum_XLOC_031517,,0.685,0,B
Hum_XLOC_031538,,1.0,0,
Hum_XLOC_031542,MDA-MB-231,0.994,0,N
Hum_XLOC_031547,,0.725,0,B
Hum_XLOC_031552,,0.488,0,B
Hum_XLOC_031554,,0.7,0,B
Hum_XLOC_031557,,0.38,0,B
Hum_XLOC_031581,,0.784,0,B
Hum_XLOC_031605,,1.25,1,
Hum_XLOC_031622,,0.799,1,
Hum_XLOC_031633,,0.958,0,
Hum_XLOC_031639,,0.667,0,B
Hum_XLOC_031640,,0.729,0,B
Hum_XLOC_031643,,1.0,0,
Hum_XLOC_031664,,1.25,0,
Hum_XLOC_031683,THP1,0.864,0,N
Hum_XLOC_031688,,0.969,0,
Hum_XLOC_031710,HEK293FT,0.909,0,N
Hum_XLOC_031714,,0.786,0,B
Hum_XLOC_031715,,0.562,0,B
Hum_XLOC_031733,,0.746,0,B
Hum_XLOC_031737,HEK293FT,0.988,0,N
Hum_XLOC_031738,,0.796,0,B
Hum_XLOC_031740,,0.708,0,B
Hum_XLOC_031749,THP1,0.981,0,N
Hum_XLOC_031751,,1.25,0,
Hum_XLOC_031757,HEK293FT,0.895,0,N
Hum_XLOC_031777,MDA-MB-231,0.985,0,N
Hum_XLOC_031780,MDA-MB-231,0.999,1,T
Hum_XLOC_031782,,0.771,0,B
Hum_XLOC_031789,,0.65,0,
Hum_XLOC_031790,,0.792,0,
Hum_XLOC_031792,HEK293FT,0.834,0,N
Hum_XLOC_031799,,0.875,1,
Hum_XLOC_031804,,0.767,0,B
Hum_XLOC_031812,THP1,0.815,0,N
Hum_XLOC_031829,HAP1,0.857,1,E
Hum_XLOC_031853,,0.515,0,B
Hum_XLOC_031855,,0.565,0,B
Hum_XLOC_031859,,0.51,0,B
Hum_XLOC_031861,K562,1.0,0,N
Hum_XLOC_031863,,0.734,0,B
Hum_XLOC_031868,,0.756,0,B
Hum_XLOC_031869,HAP1,0.888,0,N
Hum_XLOC_031876,,0.619,0,B
Hum_XLOC_031894,,0.85,0,
Hum_XLOC_031910,THP1,0.99,0,N
Hum_XLOC_031920,,0.631,0,B
Hum_XLOC_031921,,0.689,0,B
Hum_XLOC_031923,,0.622,0,B
Hum_XLOC_031925,,0.719,0,B
Hum_XLOC_031932,,1.0,0,
Hum_XLOC_031933,,1.25,0,
Hum_XLOC_031963,HEK293FT,0.973,0,N
Hum_XLOC_031972,HEK293FT,0.811,0,N
Hum_XLOC_031982,,1.0,0,
Hum_XLOC_031992,,0.58,1,
Hum_XLOC_032000,,0.5,0,
Hum_XLOC_032012,,0.722,1,
Hum_XLOC_032013,HAP1,0.917,1,E
Hum_XLOC_032043,,1.25,0,
Hum_XLOC_032045,,0.697,1,
Hum_XLOC_032046,,0.547,3,P
Hum_XLOC_032048,,0.716,0,B
Hum_XLOC_032064,,1.25,0,
Hum_XLOC_032072,,1.25,0,
Hum_XLOC_032083,,0.522,0,B
Hum_XLOC_032084,,0.736,1,
Hum_XLOC_032092,,1.25,0,
Hum_XLOC_032093,THP1,0.973,0,N
Hum_XLOC_032100,,0.744,0,B
Hum_XLOC_032107,,0.63,1,
Hum_XLOC_032110,,0.793,0,B
Hum_XLOC_032111,,0.706,0,B
Hum_XLOC_032112,,0.747,0,B
Hum_XLOC_032117,,0.718,0,B
Hum_XLOC_032119,THP1,0.943,2,P
Hum_XLOC_032126,,0.505,0,B
Hum_XLOC_032133,,0.711,1,
Hum_XLOC_032134,K562,0.854,0,N
Hum_XLOC_032136,MDA-MB-231,0.91,0,N
Hum_XLOC_032145,,0.386,0,B
Hum_XLOC_032159,K562,0.893,0,N
Hum_XLOC_032191,K562,0.997,0,N
Hum_XLOC_032192,,0.641,0,B
Hum_XLOC_032195,,0.625,0,
Hum_XLOC_032216,K562,0.996,0,N
Hum_XLOC_032225,K562,1.0,0,N
Hum_XLOC_032228,,1.25,0,
Hum_XLOC_032230,,1.25,0,
Hum_XLOC_032233,,1.25,0,
Hum_XLOC_032236,,1.25,0,
Hum_XLOC_032237,,1.0,0,
Hum_XLOC_032242,,1.25,0,
Hum_XLOC_032257,,0.474,0,B
Hum_XLOC_032269,,0.653,0,B
Hum_XLOC_032277,,0.396,1,
Hum_XLOC_032300,HEK293FT,0.923,0,N
Hum_XLOC_032314,THP1,0.948,1,E
Hum_XLOC_032315,,1.25,1,
Hum_XLOC_032319,THP1,0.991,0,N
Hum_XLOC_032321,,0.7,0,
Hum_XLOC_032330,,0.724,0,B
Hum_XLOC_032352,HEK293FT,0.82,0,N
Hum_XLOC_032353,,0.77,0,B
Hum_XLOC_032363,,1.25,0,
Hum_XLOC_032423,,0.85,0,
Hum_XLOC_032432,,1.0,0,
Hum_XLOC_032433,,0.667,2,P
Hum_XLOC_032444,K562,0.885,0,N
Hum_XLOC_032445,HEK293FT,0.805,0,N
Hum_XLOC_032466,K562,0.895,0,N
Hum_XLOC_032468,,0.739,0,B
Hum_XLOC_032472,THP1,1.0,1,T
Hum_XLOC_032475,,0.795,0,B
Hum_XLOC_032476,,0.772,1,
Hum_XLOC_032478,,0.575,0,B
Hum_XLOC_032479,,0.659,2,P
Hum_XLOC_032480,,0.605,0,B
Hum_XLOC_032498,,1.25,0,
Hum_XLOC_032503,HEK293FT,0.897,0,N
Hum_XLOC_032511,,1.0,0,
Hum_XLOC_032523,,0.796,0,B
Hum_XLOC_032524,,0.495,0,B
Hum_XLOC_032526,,0.79,0,B
Hum_XLOC_032528,,0.625,0,B
Hum_XLOC_032530,,0.79,0,B
Hum_XLOC_032531,,0.778,0,B
Hum_XLOC_032533,,0.697,0,B
Hum_XLOC_032599,,0.702,0,B
Hum_XLOC_032600,,0.477,0,B
Hum_XLOC_032631,,1.25,0,
Hum_XLOC_032639,HAP1,1.0,0,N
Hum_XLOC_032681,K562,0.997,1,E
Hum_XLOC_032686,HEK293FT,0.832,0,N
Hum_XLOC_032688,,0.757,0,B
Hum_XLOC_032689,,0.5,0,
Hum_XLOC_032691,HAP1,0.964,1,E
Hum_XLOC_032700,,1.25,0,
Hum_XLOC_032707,,0.399,0,B
Hum_XLOC_032710,,0.528,1,
Hum_XLOC_032718,HEK293FT,0.825,0,N
Hum_XLOC_032722,,0.662,0,B
Hum_XLOC_032736,,1.25,0,
Hum_XLOC_032737,,1.0,0,
Hum_XLOC_032739,,0.461,0,B
Hum_XLOC_032746,THP1,0.994,0,N
Hum_XLOC_032766,HEK293FT,1.0,0,N
Hum_XLOC_032769,,0.875,0,
Hum_XLOC_032773,,0.5,1,
Hum_XLOC_032787,,1.25,0,
Hum_XLOC_032801,,0.63,0,B
Hum_XLOC_032804,,0.917,0,
Hum_XLOC_032814,,0.724,0,B
Hum_XLOC_032819,,0.75,0,
Hum_XLOC_032824,THP1,0.887,0,N
Hum_XLOC_032827,,1.25,0,
Hum_XLOC_032830,,0.375,0,
Hum_XLOC_032832,,1.25,0,
Hum_XLOC_032849,HEK293FT,0.817,0,N
Hum_XLOC_032877,HAP1,0.821,0,N
Hum_XLOC_032880,,0.518,0,B
Hum_XLOC_032906,,0.512,0,B
Hum_XLOC_032910,,0.761,0,B
Hum_XLOC_032922,,0.786,0,B
Hum_XLOC_032925,,0.481,0,B
Hum_XLOC_032926,,0.737,0,B
Hum_XLOC_032935,,0.69,0,B
Hum_XLOC_032940,THP1,0.817,0,N
Hum_XLOC_032947,HEK293FT,0.964,0,N
Hum_XLOC_032955,,1.0,0,
Hum_XLOC_032957,,1.0,0,
Hum_XLOC_032968,,0.747,0,B
Hum_XLOC_032972,,0.66,1,
Hum_XLOC_032975,,0.72,0,B
Hum_XLOC_032979,THP1,0.985,0,N
Hum_XLOC_032981,,0.38,1,
Hum_XLOC_032996,,0.651,1,
Hum_XLOC_032998,K562,1.0,0,N
Hum_XLOC_033006,,1.25,0,
Hum_XLOC_033022,,1.25,0,
Hum_XLOC_033030,,0.556,0,B
Hum_XLOC_033031,,0.59,0,B
Hum_XLOC_033051,HEK293FT,0.815,2,P
Hum_XLOC_033053,,0.917,0,
Hum_XLOC_033074,,1.25,0,
Hum_XLOC_033093,,1.25,0,
Hum_XLOC_033104,K562,1.0,0,N
Hum_XLOC_033105,,0.75,1,
Hum_XLOC_033109,,0.681,0,B
Hum_XLOC_033117,,0.712,1,
Hum_XLOC_033120,THP1,0.992,0,N
Hum_XLOC_033152,K562,0.822,2,P
Hum_XLOC_033165,,0.654,0,B
Hum_XLOC_033177,,1.25,0,
Hum_XLOC_033179,,0.694,0,
Hum_XLOC_033224,,0.793,0,B
Hum_XLOC_033229,HEK293FT,0.954,0,N
Hum_XLOC_033230,,0.716,0,B
Hum_XLOC_033232,K562,1.0,0,N
Hum_XLOC_033247,MDA-MB-231,0.802,0,N
Hum_XLOC_033270,,0.388,0,B
Hum_XLOC_033280,,0.601,0,B
Hum_XLOC_033282,THP1,0.999,0,N
Hum_XLOC_033288,,0.789,0,B
Hum_XLOC_033303,,0.687,0,B
Hum_XLOC_033320,,1.0,0,
Hum_XLOC_033341,,1.25,0,
Hum_XLOC_033356,,0.71,1,
Hum_XLOC_033359,MDA-MB-231,0.928,0,N
Hum_XLOC_033374,,0.569,0,B
Hum_XLOC_033396,,0.769,0,B
Hum_XLOC_033397,,0.795,1,
Hum_XLOC_033400,HAP1,0.995,0,N
Hum_XLOC_033428,,0.768,1,
Hum_XLOC_033429,HEK293FT,0.839,0,N
Hum_XLOC_033447,,0.766,0,B
Hum_XLOC_033453,THP1,0.871,1,E
Hum_XLOC_033463,,0.67,0,B
Hum_XLOC_033474,HEK293FT,0.999,0,N
Hum_XLOC_033476,,0.594,0,B
Hum_XLOC_033495,HAP1,0.94,0,N
Hum_XLOC_033497,,0.689,0,B
Hum_XLOC_033513,,1.25,0,
Hum_XLOC_033522,,0.612,0,B
Hum_XLOC_033524,,0.734,0,B
Hum_XLOC_033529,,0.75,1,
Hum_XLOC_033538,,0.72,0,B
Hum_XLOC_033550,MDA-MB-231,0.988,0,N
Hum_XLOC_033552,THP1,0.841,1,E
Hum_XLOC_033559,THP1,0.927,0,N
Hum_XLOC_033567,,0.475,0,B
Hum_XLOC_033585,,1.0,0,
Hum_XLOC_033592,K562,0.986,0,N
Hum_XLOC_033612,,0.75,0,B
Hum_XLOC_033613,HEK293FT,0.91,0,N
Hum_XLOC_033628,,0.75,0,
Hum_XLOC_033673,K562,1.0,0,N
Hum_XLOC_033688,,1.25,0,
Hum_XLOC_033689,HEK293FT,0.819,0,N
Hum_XLOC_033707,,0.434,0,B
Hum_XLOC_033730,K562,0.951,1,E
Hum_XLOC_033763,,0.415,0,B
Hum_XLOC_033764,,0.398,0,B
Hum_XLOC_033770,,0.735,0,B
Hum_XLOC_033775,,0.5,0,
Hum_XLOC_033782,,0.729,0,B
Hum_XLOC_033788,THP1,0.956,0,N
Hum_XLOC_033794,,0.261,0,B
Hum_XLOC_033806,K562,0.903,1,E
Hum_XLOC_033829,,0.875,0,
Hum_XLOC_033838,MDA-MB-231,0.944,0,N
Hum_XLOC_033845,HEK293FT,0.804,0,N
Hum_XLOC_033853,MDA-MB-231,1.0,0,N
Hum_XLOC_033856,MDA-MB-231,0.942,0,N
Hum_XLOC_033860,,1.25,0,
Hum_XLOC_033869,,0.59,0,B
Hum_XLOC_033877,HAP1,0.802,0,N
Hum_XLOC_033885,K562,1.0,2,P
Hum_XLOC_033909,,0.455,0,B
Hum_XLOC_033924,,0.605,0,B
Hum_XLOC_033926,,1.0,0,
Hum_XLOC_033929,,0.752,0,B
Hum_XLOC_033952,,0.857,0,
Hum_XLOC_033960,THP1,0.981,1,E
Hum_XLOC_033986,K562,0.964,1,E
Hum_XLOC_033995,,0.784,0,B
Hum_XLOC_034006,,1.25,0,
Hum_XLOC_034010,,0.311,0,B
Hum_XLOC_034015,,0.545,0,B
Hum_XLOC_034043,,0.75,0,
Hum_XLOC_034073,,0.739,0,B
Hum_XLOC_034085,HAP1,0.933,0,N
Hum_XLOC_034103,,0.325,0,B
Hum_XLOC_034117,,1.0,1,
Hum_XLOC_034120,,0.715,1,
Hum_XLOC_034135,HEK293FT,0.942,1,E
Hum_XLOC_034149,,0.387,0,B
Hum_XLOC_034150,,0.441,0,B
Hum_XLOC_034163,,0.311,0,B
Hum_XLOC_034165,,0.732,0,B
Hum_XLOC_034168,,1.25,0,
Hum_XLOC_034173,,0.833,1,
Hum_XLOC_034186,,0.875,0,
Hum_XLOC_034202,,1.25,1,
Hum_XLOC_034206,,1.0,0,
Hum_XLOC_034207,,1.25,0,
Hum_XLOC_034208,,0.618,0,B
Hum_XLOC_034211,,0.59,0,B
Hum_XLOC_034224,MDA-MB-231,0.951,0,N
Hum_XLOC_034235,,0.629,0,B
Hum_XLOC_034251,,0.938,0,
Hum_XLOC_034264,HEK293FT,1.0,0,N
Hum_XLOC_034273,,1.25,0,
Hum_XLOC_034279,,0.378,0,B
Hum_XLOC_034304,K562,0.997,0,N
Hum_XLOC_034305,,1.25,1,
Hum_XLOC_034321,K562,0.97,0,N
Hum_XLOC_034339,,1.0,0,
Hum_XLOC_034341,,0.625,0,
Hum_XLOC_034374,,0.625,1,
Hum_XLOC_034389,,0.705,0,B
Hum_XLOC_034421,,1.25,1,
Hum_XLOC_034429,,0.629,0,B
Hum_XLOC_034436,,0.677,0,B
Hum_XLOC_034457,HAP1,1.0,0,N
Hum_XLOC_034461,,1.25,0,
Hum_XLOC_034462,K562,1.0,0,N
Hum_XLOC_034484,,0.643,0,B
Hum_XLOC_034489,,0.5,2,P
Hum_XLOC_034499,,0.958,0,
Hum_XLOC_034508,HAP1,0.939,1,T
Hum_XLOC_034513,,1.25,0,
Hum_XLOC_034515,,1.25,0,
Hum_XLOC_034526,,1.25,0,
Hum_XLOC_034527,,1.0,0,
Hum_XLOC_034529,,1.0,0,
Hum_XLOC_034544,,0.5,1,
Hum_XLOC_034547,,0.405,0,B
Hum_XLOC_034548,,0.394,1,
Hum_XLOC_034569,,0.522,0,B
Hum_XLOC_034570,,0.747,0,B
Hum_XLOC_034585,,0.529,0,B
Hum_XLOC_034587,,0.728,0,B
Hum_XLOC_034611,,0.52,0,B
Hum_XLOC_034621,,1.0,0,
Hum_XLOC_034645,HAP1,0.865,0,N
Hum_XLOC_034647,,0.565,0,B
Hum_XLOC_034651,,0.411,0,B
Hum_XLOC_034657,,0.669,0,B
Hum_XLOC_034669,,0.424,3,P
Hum_XLOC_034673,,0.677,1,
Hum_XLOC_034686,,0.75,0,B
Hum_XLOC_034689,,0.782,0,B
Hum_XLOC_034715,MDA-MB-231,0.893,0,N
Hum_XLOC_034734,,1.25,0,
Hum_XLOC_034737,,1.25,0,
Hum_XLOC_034750,,0.59,0,B
Hum_XLOC_034774,,0.917,0,
Hum_XLOC_034782,,0.421,0,B
Hum_XLOC_034795,,1.0,0,
Hum_XLOC_034801,HEK293FT,1.0,0,N
Hum_XLOC_034802,,1.25,0,
Hum_XLOC_034815,MDA-MB-231,0.939,0,N
Hum_XLOC_034823,,0.557,0,B
Hum_XLOC_034829,,0.545,0,B
Hum_XLOC_034833,,0.49,0,B
Hum_XLOC_034834,,0.432,0,B
Hum_XLOC_034837,HAP1,0.821,0,N
Hum_XLOC_034858,,1.25,1,
Hum_XLOC_034863,,0.5,0,
Hum_XLOC_034873,MDA-MB-231,0.987,2,P
Hum_XLOC_034874,,0.464,0,B
Hum_XLOC_034898,,0.189,0,B
Hum_XLOC_034916,,1.25,0,
Hum_XLOC_034945,MDA-MB-231,1.0,0,N
Hum_XLOC_034980,,0.6,0,B
Hum_XLOC_034997,,1.25,1,
Hum_XLOC_035005,,0.875,0,
Hum_XLOC_035015,,0.875,0,
Hum_XLOC_035021,,0.654,0,B
Hum_XLOC_035024,,0.31,0,B
Hum_XLOC_035027,HAP1,1.0,0,N
Hum_XLOC_035028,HAP1,0.978,0,N
Hum_XLOC_035031,,0.875,0,
Hum_XLOC_035037,,0.482,1,
Hum_XLOC_035063,HAP1,0.815,0,N
Hum_XLOC_035077,,0.515,0,B
Hum_XLOC_035081,,1.0,1,
Hum_XLOC_035084,,1.25,0,
Hum_XLOC_035095,HAP1,1.0,0,N
Hum_XLOC_035097,,0.85,0,
Hum_XLOC_035121,K562,0.999,1,E
Hum_XLOC_035131,HAP1,0.883,0,N
Hum_XLOC_035142,,0.688,0,B
Hum_XLOC_035143,MDA-MB-231,0.948,0,N
Hum_XLOC_035146,,0.7,0,B
Hum_XLOC_035148,,0.414,0,B
Hum_XLOC_035149,MDA-MB-231,0.824,0,N
Hum_XLOC_035152,HAP1,0.976,0,N
Hum_XLOC_035158,K562,0.989,0,N
Hum_XLOC_035160,,0.628,0,B
Hum_XLOC_035161,,0.437,0,B
Hum_XLOC_035168,,0.701,0,B
Hum_XLOC_035175,,0.667,0,
Hum_XLOC_035177,K562,0.999,0,N
Hum_XLOC_035182,,0.597,0,B
Hum_XLOC_035194,,0.417,0,B
Hum_XLOC_035197,,0.489,0,B
Hum_XLOC_035199,,0.749,1,
Hum_XLOC_035217,,1.0,0,
Hum_XLOC_035242,,0.434,0,B
Hum_XLOC_035243,,0.833,0,
Hum_XLOC_035244,THP1,0.964,0,N
Hum_XLOC_035247,,0.639,3,P
Hum_XLOC_035248,,0.276,0,B
Hum_XLOC_035250,,0.247,0,B
Hum_XLOC_035255,,1.25,0,
Hum_XLOC_035256,,1.25,0,
Hum_XLOC_035261,,1.25,0,
Hum_XLOC_035265,,0.727,0,B
Hum_XLOC_035275,,0.47,5,P
Hum_XLOC_035278,,1.0,0,
Hum_XLOC_035279,,0.75,0,B
Hum_XLOC_035283,,0.633,0,B
Hum_XLOC_035301,MDA-MB-231,0.827,0,N
Hum_XLOC_035321,,0.783,1,
Hum_XLOC_035325,K562,0.857,0,N
Hum_XLOC_035329,K562,0.958,0,N
Hum_XLOC_035333,,0.71,1,
Hum_XLOC_035343,,0.763,0,B
Hum_XLOC_035345,,0.606,0,B
Hum_XLOC_035357,THP1,0.81,0,N
Hum_XLOC_035366,,0.596,0,B
Hum_XLOC_035388,,1.25,1,
Hum_XLOC_035390,,0.759,0,B
Hum_XLOC_035392,HEK293FT,0.914,0,N
Hum_XLOC_035396,,0.6,0,
Hum_XLOC_035429,,1.0,1,
Hum_XLOC_035431,,1.25,1,
Hum_XLOC_035441,,0.7,0,B
Hum_XLOC_035457,,0.736,0,B
Hum_XLOC_035486,,0.52,0,B
Hum_XLOC_035491,,0.494,0,B
Hum_XLOC_035495,,0.73,0,B
Hum_XLOC_035508,,0.457,0,B
Hum_XLOC_035513,,0.228,0,B
Hum_XLOC_035542,,0.759,0,B
Hum_XLOC_035555,,0.522,0,B
Hum_XLOC_035567,,0.504,0,B
Hum_XLOC_035577,MDA-MB-231,0.996,0,N
Hum_XLOC_035613,,0.588,0,B
Hum_XLOC_035618,,0.646,1,
Hum_XLOC_035641,,0.699,0,B
Hum_XLOC_035645,,0.741,1,
Hum_XLOC_035650,HEK293FT,0.948,1,E
Hum_XLOC_035663,,0.296,1,
Hum_XLOC_035691,,0.857,0,
Hum_XLOC_035697,,1.0,0,
Hum_XLOC_035700,HEK293FT,0.894,1,E
Hum_XLOC_035701,HEK293FT,0.972,0,N
Hum_XLOC_035724,,1.25,0,
Hum_XLOC_035745,,1.25,0,
Hum_XLOC_035749,,0.655,0,B
Hum_XLOC_035752,,0.778,1,
Hum_XLOC_035772,,1.25,0,
Hum_XLOC_035774,MDA-MB-231,0.893,0,N
Hum_XLOC_035792,,0.5,0,
Hum_XLOC_035801,,1.0,0,
Hum_XLOC_035803,,0.696,0,B
Hum_XLOC_035831,,0.642,0,B
Hum_XLOC_035842,,0.583,1,
Hum_XLOC_035864,THP1,0.865,0,N
Hum_XLOC_035867,,0.917,0,
Hum_XLOC_035887,,1.25,0,
Hum_XLOC_035903,,0.917,0,
Hum_XLOC_035910,,1.25,0,
Hum_XLOC_035920,,1.25,0,
Hum_XLOC_035925,,0.75,0,
Hum_XLOC_035934,,1.25,0,
Hum_XLOC_035945,,0.321,1,
Hum_XLOC_035951,,1.0,0,
Hum_XLOC_035957,MDA-MB-231,0.901,0,N
Hum_XLOC_035964,MDA-MB-231,0.969,1,E
Hum_XLOC_035968,,0.587,1,
Hum_XLOC_036004,,1.0,0,
Hum_XLOC_036006,,0.743,1,
Hum_XLOC_036009,,0.708,0,B
Hum_XLOC_036012,,0.667,0,
Hum_XLOC_036021,,1.25,0,
Hum_XLOC_036034,K562,1.0,0,N
Hum_XLOC_036036,,1.0,0,
Hum_XLOC_036040,,1.25,0,
Hum_XLOC_036043,,1.25,0,
Hum_XLOC_036057,,0.622,0,B
Hum_XLOC_036060,,0.684,0,B
Hum_XLOC_036082,MDA-MB-231,0.976,0,N
Hum_XLOC_036086,,0.578,0,B
Hum_XLOC_036093,,1.25,0,
Hum_XLOC_036106,,1.0,0,
Hum_XLOC_036119,K562,0.9,0,N
Hum_XLOC_036120,,0.65,0,
Hum_XLOC_036133,,0.833,0,
Hum_XLOC_036170,,0.9,0,
Hum_XLOC_036173,,0.452,0,B
Hum_XLOC_036184,K562,1.0,1,T
Hum_XLOC_036189,HAP1,0.996,0,N
Hum_XLOC_036194,,0.796,0,B
Hum_XLOC_036216,K562,0.914,1,T
Hum_XLOC_036224,MDA-MB-231,0.852,0,N
Hum_XLOC_036226,,0.524,0,B
Hum_XLOC_036248,,0.289,0,B
Hum_XLOC_036252,,1.25,1,
Hum_XLOC_036253,,1.25,1,
Hum_XLOC_036254,,1.25,0,
Hum_XLOC_036255,K562,0.9,0,N
Hum_XLOC_036270,HEK293FT,0.987,0,N
Hum_XLOC_036278,,0.683,0,B
Hum_XLOC_036279,,0.7,0,
Hum_XLOC_036283,,0.619,1,
Hum_XLOC_036294,K562,0.95,0,N
Hum_XLOC_036316,,0.464,0,B
Hum_XLOC_036335,,0.625,0,
Hum_XLOC_036338,MDA-MB-231,0.894,0,N
Hum_XLOC_036339,MDA-MB-231,0.85,3,P
Hum_XLOC_036349,K562,0.992,0,N
Hum_XLOC_036356,,1.0,0,
Hum_XLOC_036383,HEK293FT,0.87,0,N
Hum_XLOC_036389,,0.631,0,B
Hum_XLOC_036403,,0.833,0,
Hum_XLOC_036408,THP1,0.885,0,N
Hum_XLOC_036415,,0.571,0,B
Hum_XLOC_036427,,0.669,0,B
Hum_XLOC_036440,,0.346,1,
Hum_XLOC_036441,,0.604,0,B
Hum_XLOC_036451,,0.35,0,
Hum_XLOC_036457,,1.0,0,
Hum_XLOC_036458,MDA-MB-231,0.952,0,N
Hum_XLOC_036459,,0.714,1,
Hum_XLOC_036523,,0.763,0,B
Hum_XLOC_036547,,1.25,1,
Hum_XLOC_036564,,0.61,0,B
Hum_XLOC_036573,,0.614,0,B
Hum_XLOC_036589,,1.25,0,
Hum_XLOC_036592,,1.25,0,
Hum_XLOC_036594,HEK293FT,0.882,0,N
Hum_XLOC_036596,,1.25,0,
Hum_XLOC_036600,,0.735,0,B
Hum_XLOC_036610,,0.769,0,B
Hum_XLOC_036611,,0.482,0,B
Hum_XLOC_036615,,0.481,0,B
Hum_XLOC_036617,,0.767,0,B
Hum_XLOC_036648,,0.938,0,
Hum_XLOC_036649,,1.0,0,
Hum_XLOC_036652,HAP1,0.984,0,N
Hum_XLOC_036654,HAP1,1.0,0,N
Hum_XLOC_036655,,1.25,0,
Hum_XLOC_036664,,0.454,0,B
Hum_XLOC_036669,,0.75,0,
Hum_XLOC_036679,THP1,0.865,0,N
Hum_XLOC_036719,K562,0.996,1,E
Hum_XLOC_036723,,0.378,0,B
Hum_XLOC_036725,,0.493,1,
Hum_XLOC_036727,,0.718,1,
Hum_XLOC_036748,K562,0.835,3,P
Hum_XLOC_036765,,0.286,0,B
Hum_XLOC_036769,THP1,0.869,1,E
Hum_XLOC_036794,K562,0.817,0,N
Hum_XLOC_036796,THP1,0.992,1,T
Hum_XLOC_036805,HEK293FT,0.938,0,N
Hum_XLOC_036814,,0.583,0,B
Hum_XLOC_036822,,0.812,1,
Hum_XLOC_036823,,0.917,0,
Hum_XLOC_036836,,0.694,1,
Hum_XLOC_036844,,0.596,0,B
Hum_XLOC_036871,,0.468,0,B
Hum_XLOC_036875,,0.604,0,B
Hum_XLOC_036879,,0.792,0,B
Hum_XLOC_036911,K562,0.983,0,N
Hum_XLOC_036916,,1.0,0,
Hum_XLOC_036942,,1.25,0,
Hum_XLOC_036957,THP1,0.983,0,N
Hum_XLOC_036958,,1.25,0,
Hum_XLOC_036965,MDA-MB-231,0.933,0,N
Hum_XLOC_036968,THP1,0.94,0,N
Hum_XLOC_036996,,0.663,0,B
Hum_XLOC_036997,,0.658,0,B
Hum_XLOC_036998,THP1,0.942,0,N
Hum_XLOC_037021,,1.0,0,
Hum_XLOC_037029,K562,0.995,0,N
Hum_XLOC_037035,,1.25,1,
Hum_XLOC_037058,,0.462,0,B
Hum_XLOC_037078,,1.25,0,
Hum_XLOC_037090,K562,1.0,0,N
Hum_XLOC_037091,,0.917,0,
Hum_XLOC_037092,K562,0.999,0,N
Hum_XLOC_037101,,1.25,0,
Hum_XLOC_037117,K562,1.0,0,N
Hum_XLOC_037118,,1.0,0,
Hum_XLOC_037133,THP1,0.992,1,E
Hum_XLOC_037142,,0.634,0,B
Hum_XLOC_037145,,0.438,0,
Hum_XLOC_037149,,0.414,0,B
Hum_XLOC_037162,,1.25,0,
Hum_XLOC_037173,,0.75,0,
Hum_XLOC_037176,MDA-MB-231,0.978,0,N
Hum_XLOC_037182,THP1,0.875,1,E
Hum_XLOC_037192,,0.716,1,
Hum_XLOC_037196,,0.75,0,
Hum_XLOC_037219,,0.445,0,B
Hum_XLOC_037225,,0.875,0,
Hum_XLOC_037256,,0.533,0,B
Hum_XLOC_037283,,1.0,0,
Hum_XLOC_037295,,0.75,0,
Hum_XLOC_037303,,0.75,0,
Hum_XLOC_037307,,1.25,0,
Hum_XLOC_037308,,0.64,0,B
Hum_XLOC_037314,,0.657,1,
Hum_XLOC_037315,,0.668,0,B
Hum_XLOC_037319,,0.614,0,B
Hum_XLOC_037359,,1.25,0,
Hum_XLOC_037368,,0.723,0,B
Hum_XLOC_037371,,0.559,2,P
Hum_XLOC_037391,K562,0.926,0,N
Hum_XLOC_037392,,1.25,0,
Hum_XLOC_037401,THP1,0.95,0,N
Hum_XLOC_037402,,1.0,0,
Hum_XLOC_037406,,0.362,0,B
Hum_XLOC_037438,MDA-MB-231,0.953,0,N
Hum_XLOC_037441,,1.25,0,
Hum_XLOC_037446,,0.18,0,B
Hum_XLOC_037447,,0.305,1,
Hum_XLOC_037465,,0.906,0,
Hum_XLOC_037466,,0.556,0,B
Hum_XLOC_037486,,0.78,0,B
Hum_XLOC_037497,HEK293FT,0.838,0,N
Hum_XLOC_037501,HAP1,0.874,0,N
Hum_XLOC_037523,,0.762,1,
Hum_XLOC_037534,,0.785,0,B
Hum_XLOC_037540,,0.459,1,
Hum_XLOC_037541,,1.25,0,
Hum_XLOC_037550,,0.563,0,B
Hum_XLOC_037565,,0.288,0,B
Hum_XLOC_037570,K562,0.879,0,N
Hum_XLOC_037595,,1.25,0,
Hum_XLOC_037599,,0.786,0,
Hum_XLOC_037600,,1.0,0,
Hum_XLOC_037604,,0.503,2,P
Hum_XLOC_037627,,0.623,0,B
Hum_XLOC_037638,,1.25,0,
Hum_XLOC_037646,,0.761,0,B
Hum_XLOC_037647,HAP1,0.822,0,N
Hum_XLOC_037660,,0.561,0,B
Hum_XLOC_037675,MDA-MB-231,1.0,0,N
Hum_XLOC_037678,,1.25,0,
Hum_XLOC_037681,,0.466,4,P
Hum_XLOC_037689,,0.551,2,P
Hum_XLOC_037699,HAP1,0.953,0,N
Hum_XLOC_037709,,0.679,0,B
Hum_XLOC_037720,K562,0.997,0,N
Hum_XLOC_037726,,0.5,0,B
Hum_XLOC_037736,,1.25,1,
Hum_XLOC_037747,,0.343,0,B
Hum_XLOC_037762,,0.762,0,B
Hum_XLOC_037768,,1.25,0,
Hum_XLOC_037780,,0.893,0,
Hum_XLOC_037781,HEK293FT,1.0,0,N
Hum_XLOC_037817,,1.25,0,
Hum_XLOC_037819,,1.25,0,
Hum_XLOC_037831,,0.701,0,B
Hum_XLOC_037834,THP1,0.801,0,N
Hum_XLOC_037853,,1.0,0,
Hum_XLOC_037856,,0.75,0,
Hum_XLOC_037875,,0.95,0,
Hum_XLOC_037883,,0.781,0,
Hum_XLOC_037895,,0.844,0,
Hum_XLOC_037900,,0.75,0,
Hum_XLOC_037923,,1.25,0,
Hum_XLOC_037931,,0.75,0,
Hum_XLOC_037935,HEK293FT,1.0,0,N
Hum_XLOC_037940,,0.375,0,
Hum_XLOC_037942,,1.25,0,
Hum_XLOC_037944,,1.0,0,
Hum_XLOC_037950,,1.0,0,
Hum_XLOC_037951,HAP1,1.0,0,N
Hum_XLOC_037957,,0.621,0,B
Hum_XLOC_037970,HAP1,0.987,0,N
Hum_XLOC_037974,,0.462,3,P
Hum_XLOC_037981,,0.417,0,
Hum_XLOC_037989,HEK293FT,0.966,0,N
Hum_XLOC_038000,,0.603,0,B
Hum_XLOC_038004,,0.812,0,
Hum_XLOC_038012,,0.714,0,
Hum_XLOC_038014,,1.25,0,
Hum_XLOC_038015,,1.0,0,
Hum_XLOC_038017,K562,0.99,0,N
Hum_XLOC_038019,,1.0,0,
Hum_XLOC_038029,,0.349,0,B
Hum_XLOC_038031,,0.421,0,B
Hum_XLOC_038032,,0.705,1,
Hum_XLOC_038033,THP1,0.997,0,N
Hum_XLOC_038037,,0.613,0,B
Hum_XLOC_038038,,0.577,0,B
Hum_XLOC_038061,HAP1,0.932,0,N
Hum_XLOC_038063,,1.0,0,
Hum_XLOC_038066,HEK293FT,0.812,0,N
Hum_XLOC_038088,,1.0,0,
Hum_XLOC_038092,THP1,0.94,0,N
Hum_XLOC_038108,,1.25,1,
Hum_XLOC_038110,,1.25,0,
Hum_XLOC_038115,,0.68,0,B
Hum_XLOC_038116,,0.645,1,
Hum_XLOC_038126,HAP1,1.0,0,N
Hum_XLOC_038144,,1.25,0,
Hum_XLOC_038150,,1.25,0,
Hum_XLOC_038152,,0.75,0,
Hum_XLOC_038155,,0.691,0,B
Hum_XLOC_038158,MDA-MB-231,0.967,1,E
Hum_XLOC_038169,K562,0.942,0,N
Hum_XLOC_038175,K562,0.959,1,E
Hum_XLOC_038176,K562,0.975,0,N
Hum_XLOC_038188,THP1,0.894,0,N
Hum_XLOC_038191,HAP1,0.997,0,N
Hum_XLOC_038195,,0.697,0,B
Hum_XLOC_038196,,0.422,1,
Hum_XLOC_038197,,0.39,1,
Hum_XLOC_038214,,0.571,0,B
Hum_XLOC_038221,THP1,0.801,2,P
Hum_XLOC_038225,,0.615,0,B
Hum_XLOC_038228,HAP1,0.808,1,E
Hum_XLOC_038233,,0.408,1,
Hum_XLOC_038245,HEK293FT,0.867,1,E
Hum_XLOC_038266,,0.722,0,
Hum_XLOC_038270,,1.25,1,
Hum_XLOC_038273,,1.25,0,
Hum_XLOC_038291,,0.466,1,
Hum_XLOC_038292,,0.525,0,B
Hum_XLOC_038293,,0.351,0,B
Hum_XLOC_038294,,0.717,0,B
Hum_XLOC_038312,,1.25,2,P
Hum_XLOC_038316,HEK293FT,0.846,0,N
Hum_XLOC_038342,,0.598,0,B
Hum_XLOC_038348,THP1,0.977,0,N
Hum_XLOC_038350,,0.5,0,
Hum_XLOC_038362,THP1,0.91,1,T
Hum_XLOC_038385,,0.711,0,B
Hum_XLOC_038407,,0.605,0,B
Hum_XLOC_038414,,1.0,0,
Hum_XLOC_038416,,1.25,1,
Hum_XLOC_038429,,0.75,0,
Hum_XLOC_038436,,0.593,0,B
Hum_XLOC_038438,,1.25,0,
Hum_XLOC_038446,,0.615,0,B
Hum_XLOC_038449,,0.701,0,B
Hum_XLOC_038454,,0.917,0,
Hum_XLOC_038476,K562,1.0,0,N
Hum_XLOC_038477,K562,0.999,0,N
Hum_XLOC_038480,,1.25,0,
Hum_XLOC_038492,K562,1.0,0,N
Hum_XLOC_038494,,1.25,2,P
Hum_XLOC_038506,,0.696,0,B
Hum_XLOC_038529,HAP1,0.856,1,T
Hum_XLOC_038534,HEK293FT,0.972,0,N
Hum_XLOC_038536,HAP1,0.972,0,N
Hum_XLOC_038540,HAP1,1.0,0,N
Hum_XLOC_038580,,1.0,0,
Hum_XLOC_038598,,1.0,1,
Hum_XLOC_038603,,0.776,0,B
Hum_XLOC_038610,MDA-MB-231,0.961,1,E
Hum_XLOC_038628,,1.25,0,
Hum_XLOC_038633,,1.25,0,
Hum_XLOC_038637,,1.0,0,
Hum_XLOC_038643,,0.75,0,
Hum_XLOC_038713,,1.25,0,
Hum_XLOC_038714,,1.0,0,
Hum_XLOC_038715,,1.25,0,
Hum_XLOC_038732,HEK293FT,0.902,0,N
Hum_XLOC_038755,HAP1,0.952,0,N
Hum_XLOC_038756,,0.506,0,B
Hum_XLOC_038757,,0.338,2,P
Hum_XLOC_038759,,0.507,0,B
Hum_XLOC_038762,,0.544,0,B
Hum_XLOC_038767,K562,1.0,0,N
Hum_XLOC_038774,,0.793,0,B
Hum_XLOC_038809,HEK293FT,0.808,0,N
Hum_XLOC_038810,HEK293FT,0.922,1,T
Hum_XLOC_038852,,1.0,0,
Hum_XLOC_038853,,1.25,0,
Hum_XLOC_038858,K562,0.875,1,E
Hum_XLOC_038862,HEK293FT,0.847,0,N
Hum_XLOC_038913,K562,0.988,0,N
Hum_XLOC_038922,,0.31,0,B
Hum_XLOC_038927,HAP1,0.8,1,T
Hum_XLOC_038936,,0.429,1,
Hum_XLOC_038940,,0.46,0,B
Hum_XLOC_038945,,0.443,0,B
Hum_XLOC_038947,HAP1,0.999,0,N
Hum_XLOC_038952,,0.728,0,B
Hum_XLOC_038958,HEK293FT,0.974,0,N
Hum_XLOC_038972,HAP1,0.986,1,T
Hum_XLOC_038976,,1.25,0,
Hum_XLOC_038984,MDA-MB-231,1.0,0,N
Hum_XLOC_038986,,1.25,1,
Hum_XLOC_038994,,0.5,0,
Hum_XLOC_039020,,0.917,0,
Hum_XLOC_039045,,0.747,0,B
Hum_XLOC_039058,,0.597,0,B
Hum_XLOC_039059,,0.388,0,B
Hum_XLOC_039070,,0.625,0,B
Hum_XLOC_039075,K562,0.823,0,N
Hum_XLOC_039076,K562,0.888,0,N
Hum_XLOC_039083,HAP1,0.986,0,N
Hum_XLOC_039107,K562,0.997,0,N
Hum_XLOC_039124,K562,1.0,0,N
Hum_XLOC_039127,,0.8,0,
Hum_XLOC_039136,,0.75,0,B
Hum_XLOC_039140,,0.42,0,B
Hum_XLOC_039150,,0.627,0,B
Hum_XLOC_039161,K562,0.994,0,N
Hum_XLOC_039163,K562,1.0,1,E
Hum_XLOC_039169,,0.75,0,B
Hum_XLOC_039175,K562,1.0,0,N
Hum_XLOC_039180,,0.52,1,
Hum_XLOC_039191,HEK293FT,0.915,0,N
Hum_XLOC_039192,,0.732,0,B
Hum_XLOC_039194,,1.0,0,
Hum_XLOC_039198,,1.25,0,
Hum_XLOC_039199,,1.25,1,
Hum_XLOC_039215,MDA-MB-231,0.92,0,N
Hum_XLOC_039217,,1.25,0,
Hum_XLOC_039225,,0.611,0,
Hum_XLOC_039232,,0.779,0,B
Hum_XLOC_039235,,1.25,0,
Hum_XLOC_039247,,0.747,0,B
Hum_XLOC_039258,,1.0,0,
Hum_XLOC_039259,,1.0,0,
Hum_XLOC_039265,,1.25,0,
Hum_XLOC_039268,,0.833,0,
Hum_XLOC_039274,,1.25,0,
Hum_XLOC_039288,K562,0.996,0,N
Hum_XLOC_039289,K562,1.0,0,N
Hum_XLOC_039297,,1.0,0,
Hum_XLOC_039324,K562,0.996,0,N
Hum_XLOC_039347,,0.85,0,
Hum_XLOC_039369,,0.405,2,P
Hum_XLOC_039372,HEK293FT,0.881,0,N
Hum_XLOC_039373,,0.57,0,B
Hum_XLOC_039378,,1.25,0,
Hum_XLOC_039382,HEK293FT,0.945,0,N
Hum_XLOC_039402,,0.76,0,B
Hum_XLOC_039432,,1.25,0,
Hum_XLOC_039437,HEK293FT,0.831,0,N
Hum_XLOC_039446,,0.66,0,B
Hum_XLOC_039447,,0.393,0,B
Hum_XLOC_039449,,0.55,0,B
Hum_XLOC_039454,MDA-MB-231,0.985,0,N
Hum_XLOC_039455,,1.25,1,
Hum_XLOC_039460,,0.714,0,B
Hum_XLOC_039464,HEK293FT,0.909,0,N
Hum_XLOC_039468,K562,1.0,0,N
Hum_XLOC_039469,,1.0,1,
Hum_XLOC_039489,K562,1.0,0,N
Hum_XLOC_039501,,1.0,0,
Hum_XLOC_039506,,1.0,0,
Hum_XLOC_039509,,0.875,1,
Hum_XLOC_039515,,1.0,0,
Hum_XLOC_039524,MDA-MB-231,0.994,1,E
Hum_XLOC_039525,MDA-MB-231,0.981,0,N
Hum_XLOC_039526,K562,0.84,0,N
Hum_XLOC_039536,,0.602,2,P
Hum_XLOC_039546,,0.4,0,
Hum_XLOC_039551,,0.58,0,B
Hum_XLOC_039552,HAP1,0.996,1,E
Hum_XLOC_039566,HAP1,0.855,0,N
Hum_XLOC_039573,,0.875,0,
Hum_XLOC_039574,,0.619,0,B
Hum_XLOC_039575,,0.461,0,B
Hum_XLOC_039584,HEK293FT,0.988,1,E
Hum_XLOC_039588,,1.25,0,
Hum_XLOC_039589,,1.25,0,
Hum_XLOC_039596,,1.25,0,
Hum_XLOC_039598,,1.0,0,
Hum_XLOC_039601,,1.25,0,
Hum_XLOC_039616,,1.25,0,
Hum_XLOC_039621,,0.727,0,B
Hum_XLOC_039631,HAP1,0.999,1,T
Hum_XLOC_039642,THP1,0.849,2,P
Hum_XLOC_039644,,1.0,0,
Hum_XLOC_039650,,0.731,2,P
Hum_XLOC_039652,,1.25,0,
Hum_XLOC_039656,HAP1,0.8,1,E
Hum_XLOC_039658,,1.25,0,
Hum_XLOC_039672,K562,1.0,0,N
Hum_XLOC_039701,,0.603,0,B
Hum_XLOC_039703,,0.763,1,
Hum_XLOC_039707,THP1,0.976,0,N
Hum_XLOC_039722,,1.0,0,
Hum_XLOC_039724,K562,0.993,0,N
Hum_XLOC_039733,K562,0.988,0,N
Hum_XLOC_039740,HEK293FT,0.886,1,E
Hum_XLOC_039764,K562,0.997,0,N
Hum_XLOC_039770,HAP1,0.917,0,N
Hum_XLOC_039809,,1.25,0,
Hum_XLOC_039814,,0.477,0,B
Hum_XLOC_039820,,0.627,0,B
Hum_XLOC_039823,HEK293FT,0.992,0,N
Hum_XLOC_039830,,0.706,0,B
Hum_XLOC_039835,MDA-MB-231,0.999,0,N
Hum_XLOC_039839,,1.25,0,
Hum_XLOC_039842,,0.45,0,B
Hum_XLOC_039845,,1.25,0,
Hum_XLOC_039853,,1.25,0,
Hum_XLOC_039855,,1.0,0,
Hum_XLOC_039856,K562,0.818,1,T
Hum_XLOC_039901,,0.761,0,B
Hum_XLOC_039915,,0.789,0,B
Hum_XLOC_039920,HEK293FT,0.869,0,N
Hum_XLOC_039929,MDA-MB-231,0.962,0,N
Hum_XLOC_039946,,1.0,0,
Hum_XLOC_039954,,0.875,0,
Hum_XLOC_039955,,0.722,0,
Hum_XLOC_039966,K562,0.993,0,N
Hum_XLOC_039975,,0.833,0,
Hum_XLOC_039977,,0.393,0,B
Hum_XLOC_040013,,0.571,0,
Hum_XLOC_040052,,0.618,0,B
Hum_XLOC_040061,,0.75,0,
Hum_XLOC_040070,MDA-MB-231,0.989,0,N
Hum_XLOC_040081,,1.25,0,
Hum_XLOC_040086,MDA-MB-231,0.992,0,N
Hum_XLOC_040093,,0.59,0,B
Hum_XLOC_040109,,0.721,0,B
Hum_XLOC_040114,HEK293FT,1.0,0,N
Hum_XLOC_040159,MDA-MB-231,0.849,0,N
Hum_XLOC_040173,K562,1.0,0,N
Hum_XLOC_040184,,0.502,1,
Hum_XLOC_040189,,0.409,0,B
Hum_XLOC_040199,,0.427,0,B
Hum_XLOC_040200,,0.54,0,B
Hum_XLOC_040204,,0.579,0,B
Hum_XLOC_040213,HEK293FT,0.987,0,N
Hum_XLOC_040238,,0.766,0,B
Hum_XLOC_040252,,0.311,0,B
Hum_XLOC_040276,K562,0.853,0,N
Hum_XLOC_040290,,0.613,0,B
Hum_XLOC_040291,,0.658,0,B
Hum_XLOC_040313,,0.685,0,B
Hum_XLOC_040322,,0.532,1,
Hum_XLOC_040323,,0.5,0,
Hum_XLOC_040331,,1.0,0,
Hum_XLOC_040343,,0.732,0,B
Hum_XLOC_040345,,1.0,0,
Hum_XLOC_040346,HEK293FT,0.804,0,N
Hum_XLOC_040349,,0.679,0,
Hum_XLOC_040355,,0.711,1,
Hum_XLOC_040356,,0.706,0,B
Hum_XLOC_040359,HAP1,0.994,0,N
Hum_XLOC_040367,HAP1,0.883,0,N
Hum_XLOC_040372,,0.583,0,
Hum_XLOC_040403,,0.761,0,B
Hum_XLOC_040406,,0.792,0,B
Hum_XLOC_040408,HEK293FT,0.897,0,N
Hum_XLOC_040411,K562,1.0,0,N
Hum_XLOC_040419,K562,0.998,0,N
Hum_XLOC_040425,,1.25,0,
Hum_XLOC_040453,,0.585,0,B
Hum_XLOC_040473,,0.793,1,
Hum_XLOC_040475,MDA-MB-231,0.968,0,N
Hum_XLOC_040492,THP1,0.871,0,N
Hum_XLOC_040508,THP1,0.936,0,N
Hum_XLOC_040509,K562,0.825,0,N
Hum_XLOC_040523,K562,0.988,0,N
Hum_XLOC_040524,K562,0.981,0,N
Hum_XLOC_040532,,0.46,0,B
Hum_XLOC_040540,,0.345,0,B
Hum_XLOC_040556,,0.616,1,
Hum_XLOC_040575,,0.729,0,B
Hum_XLOC_040582,,1.0,0,
Hum_XLOC_040595,MDA-MB-231,0.896,1,E
Hum_XLOC_040596,MDA-MB-231,0.931,1,E
Hum_XLOC_040622,,1.25,1,
Hum_XLOC_040634,,0.958,0,
Hum_XLOC_040637,MDA-MB-231,0.94,1,T
Hum_XLOC_040640,MDA-MB-231,0.999,1,E
Hum_XLOC_040647,,0.75,1,
Hum_XLOC_040648,K562,0.968,0,N
Hum_XLOC_040662,HEK293FT,0.892,0,N
Hum_XLOC_040663,,0.232,0,B
Hum_XLOC_040691,K562,0.911,0,N
Hum_XLOC_040709,,0.58,1,
Hum_XLOC_040711,,0.266,2,P
Hum_XLOC_040732,HEK293FT,0.886,0,N
Hum_XLOC_040733,,0.69,0,B
Hum_XLOC_040737,,0.718,0,B
Hum_XLOC_040748,,0.486,0,B
Hum_XLOC_040770,,0.781,0,
Hum_XLOC_040775,K562,0.908,0,N
Hum_XLOC_040798,,1.25,1,
Hum_XLOC_040800,,1.25,0,
Hum_XLOC_040802,,1.0,1,
Hum_XLOC_040822,,0.769,0,B
Hum_XLOC_040835,,0.708,0,B
Hum_XLOC_040840,MDA-MB-231,0.95,0,N
Hum_XLOC_040843,K562,0.943,0,N
Hum_XLOC_040849,HEK293FT,0.882,0,N
Hum_XLOC_040858,,0.917,0,
Hum_XLOC_040871,HEK293FT,0.996,0,N
Hum_XLOC_040873,HEK293FT,0.838,1,E
Hum_XLOC_040876,HEK293FT,0.83,0,N
Hum_XLOC_040895,,0.69,1,
Hum_XLOC_040902,HAP1,0.996,1,E
Hum_XLOC_040919,,0.574,1,
Hum_XLOC_040922,,0.49,0,B
Hum_XLOC_040961,,0.694,1,
Hum_XLOC_040964,,0.574,0,B
Hum_XLOC_040966,HAP1,0.986,0,N
Hum_XLOC_040967,MDA-MB-231,0.998,0,N
Hum_XLOC_040972,,1.25,0,
Hum_XLOC_040973,,0.479,1,
Hum_XLOC_040974,,0.559,1,
Hum_XLOC_040979,,0.609,0,B
Hum_XLOC_040984,,0.54,0,B
Hum_XLOC_041006,,0.875,0,
Hum_XLOC_041009,K562,0.906,1,T
Hum_XLOC_041012,HAP1,0.924,0,N
Hum_XLOC_041019,,1.0,0,
Hum_XLOC_041024,,0.875,0,
Hum_XLOC_041044,,1.25,2,P
Hum_XLOC_041045,HEK293FT,0.991,0,N
Hum_XLOC_041046,,0.645,1,
Hum_XLOC_041047,,0.752,0,B
Hum_XLOC_041065,,1.25,2,P
Hum_XLOC_041069,,1.25,0,
Hum_XLOC_041079,HEK293FT,0.921,0,N
Hum_XLOC_041087,,0.379,0,B
Hum_XLOC_041089,,0.74,0,B
Hum_XLOC_041091,K562,0.918,1,E
Hum_XLOC_041097,K562,0.999,0,N
Hum_XLOC_041099,,1.25,0,
Hum_XLOC_041107,MDA-MB-231,0.952,0,N
Hum_XLOC_041111,,0.421,0,B
Hum_XLOC_041114,,1.25,0,
Hum_XLOC_041117,,0.938,0,
Hum_XLOC_041127,,0.594,0,B
Hum_XLOC_041130,K562,1.0,0,N
Hum_XLOC_041152,K562,1.0,0,N
Hum_XLOC_041155,,1.0,0,
Hum_XLOC_041156,HAP1,0.996,0,N
Hum_XLOC_041168,K562,0.983,0,N
Hum_XLOC_041179,,1.25,0,
Hum_XLOC_041180,,0.875,0,
Hum_XLOC_041201,,0.157,1,
Hum_XLOC_041204,,0.669,0,B
Hum_XLOC_041218,,0.679,0,B
Hum_XLOC_041242,K562,0.806,0,N
Hum_XLOC_041243,,0.671,0,B
Hum_XLOC_041249,,1.25,0,
Hum_XLOC_041253,,0.5,0,
Hum_XLOC_041257,MDA-MB-231,1.0,0,N
Hum_XLOC_041278,,1.25,0,
Hum_XLOC_041282,,1.0,0,
Hum_XLOC_041285,,0.678,0,B
Hum_XLOC_041288,,0.771,0,B
Hum_XLOC_041303,,0.387,0,B
Hum_XLOC_041311,HAP1,0.816,0,N
Hum_XLOC_041327,K562,0.867,0,N
Hum_XLOC_041359,THP1,0.962,0,N
Hum_XLOC_041399,,0.744,0,B
Hum_XLOC_041402,,1.25,1,
Hum_XLOC_041415,,1.25,0,
Hum_XLOC_041435,THP1,0.939,0,N
Hum_XLOC_041448,,0.789,0,B
Hum_XLOC_041458,,0.65,0,B
Hum_XLOC_041461,,0.582,0,B
Hum_XLOC_041480,,0.444,0,B
Hum_XLOC_041487,THP1,0.814,0,N
Hum_XLOC_041492,,1.0,0,
Hum_XLOC_041496,,0.703,0,B
Hum_XLOC_041509,HAP1,0.967,0,N
Hum_XLOC_041532,,0.393,0,B
Hum_XLOC_041539,,0.638,0,B
Hum_XLOC_041541,,0.666,0,B
Hum_XLOC_041548,,0.789,0,B
Hum_XLOC_041555,,0.544,0,B
Hum_XLOC_041564,,0.528,0,B
Hum_XLOC_041567,,0.812,0,
Hum_XLOC_041598,K562,1.0,0,N
Hum_XLOC_041608,,0.345,0,B
Hum_XLOC_041622,HAP1,0.899,0,N
Hum_XLOC_041624,HAP1,0.943,0,N
Hum_XLOC_041638,HAP1,0.923,1,E
Hum_XLOC_041647,MDA-MB-231,0.965,0,N
Hum_XLOC_041657,MDA-MB-231,0.846,1,T
Hum_XLOC_041677,,1.25,1,
Hum_XLOC_041693,,0.783,0,B
Hum_XLOC_041708,K562,1.0,0,N
Hum_XLOC_041721,HEK293FT,0.937,0,N
Hum_XLOC_041722,HEK293FT,0.953,0,N
Hum_XLOC_041728,,1.25,0,
Hum_XLOC_041734,,1.25,0,
Hum_XLOC_041736,K562,1.0,0,N
Hum_XLOC_041743,,0.958,0,
Hum_XLOC_041768,,0.55,0,B
Hum_XLOC_041797,,1.0,0,
Hum_XLOC_041807,,1.25,1,
Hum_XLOC_041818,,0.5,1,
Hum_XLOC_041840,,1.0,0,
Hum_XLOC_041841,,0.875,0,
Hum_XLOC_041842,HAP1,1.0,0,N
Hum_XLOC_041847,,0.699,0,B
Hum_XLOC_041848,,0.561,0,B
Hum_XLOC_041853,HAP1,0.896,0,N
Hum_XLOC_041858,,0.875,1,
Hum_XLOC_041864,THP1,0.88,0,N
Hum_XLOC_041866,THP1,0.951,0,N
Hum_XLOC_041867,,1.0,1,
Hum_XLOC_041868,THP1,0.854,0,N
Hum_XLOC_041872,,0.581,0,B
Hum_XLOC_041887,,0.547,0,B
Hum_XLOC_041889,,1.25,0,
Hum_XLOC_041894,HEK293FT,0.949,0,N
Hum_XLOC_041911,K562,0.989,0,N
Hum_XLOC_041912,K562,0.999,0,N
Hum_XLOC_041916,,0.658,0,B
Hum_XLOC_041919,,0.796,0,B
Hum_XLOC_041988,,0.569,0,B
Hum_XLOC_041999,,0.762,0,B
Hum_XLOC_042010,,0.917,0,
Hum_XLOC_042017,,0.632,0,B
Hum_XLOC_042027,THP1,0.996,0,N
Hum_XLOC_042028,HAP1,0.865,0,N
Hum_XLOC_042030,THP1,0.942,0,N
Hum_XLOC_042040,HAP1,0.9,0,N
Hum_XLOC_042081,HAP1,0.866,0,N
Hum_XLOC_042082,HAP1,0.945,2,P
Hum_XLOC_042093,K562,0.985,0,N
Hum_XLOC_042107,HEK293FT,0.805,0,N
Hum_XLOC_042113,THP1,0.89,0,N
Hum_XLOC_042116,K562,0.846,0,N
Hum_XLOC_042147,,0.51,1,
Hum_XLOC_042149,,0.653,0,B
Hum_XLOC_042209,THP1,0.988,0,N
Hum_XLOC_042223,,0.75,1,
Hum_XLOC_042224,,1.0,0,
Hum_XLOC_042226,HAP1,1.0,0,N
Hum_XLOC_042240,,0.77,0,B
Hum_XLOC_042254,,0.75,0,
Hum_XLOC_042268,,0.25,0,
Hum_XLOC_042281,,0.75,0,B
Hum_XLOC_042284,,0.795,0,B
Hum_XLOC_042301,K562,0.969,0,N
Hum_XLOC_042304,,1.25,0,
Hum_XLOC_042324,K562,0.974,0,N
Hum_XLOC_042360,HEK293FT,0.858,0,N
Hum_XLOC_042379,,0.276,0,B
Hum_XLOC_042392,,0.688,0,B
Hum_XLOC_042402,HEK293FT,0.876,1,T
Hum_XLOC_042407,,0.633,3,P
Hum_XLOC_042411,,0.592,0,B
Hum_XLOC_042412,,0.434,0,B
Hum_XLOC_042436,,1.0,0,
Hum_XLOC_042438,HEK293FT,0.994,0,N
Hum_XLOC_042441,,1.25,0,
Hum_XLOC_042442,,0.496,0,B
Hum_XLOC_042443,,0.658,0,B
Hum_XLOC_042449,,0.654,0,B
Hum_XLOC_042453,HAP1,0.84,0,N
Hum_XLOC_042461,HAP1,0.829,0,N
Hum_XLOC_042475,,0.4,0,
Hum_XLOC_042479,,0.453,0,B
Hum_XLOC_042485,HEK293FT,0.879,1,T
Hum_XLOC_042489,THP1,0.838,0,N
Hum_XLOC_042493,THP1,0.9,0,N
Hum_XLOC_042494,,0.875,0,
Hum_XLOC_042505,,0.74,0,B
Hum_XLOC_042510,HEK293FT,0.903,0,N
Hum_XLOC_042512,,0.559,0,B
Hum_XLOC_042514,,0.603,0,B
Hum_XLOC_042516,,0.721,0,B
Hum_XLOC_042545,,0.833,0,
Hum_XLOC_042551,K562,0.896,1,E
Hum_XLOC_042553,,0.782,0,B
Hum_XLOC_042562,HEK293FT,0.801,1,E
Hum_XLOC_042566,,0.652,0,B
Hum_XLOC_042571,THP1,0.997,0,N
Hum_XLOC_042579,K562,0.864,0,N
Hum_XLOC_042582,,0.785,1,
Hum_XLOC_042589,,0.793,0,B
Hum_XLOC_042649,,1.0,0,
Hum_XLOC_042651,,0.448,0,B
Hum_XLOC_042658,,0.61,0,B
Hum_XLOC_042659,,0.614,0,B
Hum_XLOC_042664,,0.552,2,P
Hum_XLOC_042666,,0.535,0,B
Hum_XLOC_042669,,0.509,0,B
Hum_XLOC_042670,,0.68,1,
Hum_XLOC_042671,,0.744,0,B
Hum_XLOC_042678,,0.465,0,B
Hum_XLOC_042681,HEK293FT,0.847,0,N
Hum_XLOC_042685,THP1,0.997,1,E
Hum_XLOC_042709,MDA-MB-231,0.808,0,N
Hum_XLOC_042710,HEK293FT,0.881,0,N
Hum_XLOC_042718,,1.25,0,
Hum_XLOC_042728,HEK293FT,0.934,0,N
Hum_XLOC_042739,,0.728,0,B
Hum_XLOC_042749,,0.675,1,
Hum_XLOC_042751,K562,0.89,0,N
Hum_XLOC_042761,,0.654,1,
Hum_XLOC_042774,,0.566,1,
Hum_XLOC_042799,HEK293FT,0.846,1,E
Hum_XLOC_042802,,0.549,0,B
Hum_XLOC_042804,THP1,0.958,0,N
Hum_XLOC_042805,,1.25,0,
Hum_XLOC_042814,,1.25,0,
Hum_XLOC_042820,,0.596,0,B
Hum_XLOC_042821,,0.636,0,B
Hum_XLOC_042822,,0.553,0,B
Hum_XLOC_042830,,1.25,1,
Hum_XLOC_042846,THP1,0.95,0,N
Hum_XLOC_042847,,0.958,0,
Hum_XLOC_042848,K562,0.985,0,N
Hum_XLOC_042853,HAP1,0.966,0,N
Hum_XLOC_042856,,0.756,0,B
Hum_XLOC_042861,,0.527,0,B
Hum_XLOC_042875,,0.775,0,B
Hum_XLOC_042885,,0.343,1,
Hum_XLOC_042906,HEK293FT,0.971,0,N
Hum_XLOC_042911,,0.833,0,
Hum_XLOC_042915,,0.734,1,
Hum_XLOC_042952,,0.958,0,
Hum_XLOC_042983,,0.385,0,B
Hum_XLOC_042989,HAP1,0.925,0,N
Hum_XLOC_042992,K562,0.845,0,N
Hum_XLOC_043011,THP1,0.844,0,N
Hum_XLOC_043046,,1.25,0,
Hum_XLOC_043051,MDA-MB-231,0.988,0,N
Hum_XLOC_043055,MDA-MB-231,0.838,0,N
Hum_XLOC_043057,,1.0,0,
Hum_XLOC_043067,,1.25,0,
Hum_XLOC_043075,,0.4,0,B
Hum_XLOC_043078,,0.587,0,B
Hum_XLOC_043080,,0.656,0,B
Hum_XLOC_043089,,0.8,0,B
Hum_XLOC_043090,,0.625,0,
Hum_XLOC_043102,,0.736,0,B
Hum_XLOC_043111,HEK293FT,0.968,0,N
Hum_XLOC_043113,HEK293FT,0.982,2,P
Hum_XLOC_043129,,1.25,0,
Hum_XLOC_043134,THP1,0.941,1,E
Hum_XLOC_043135,K562,0.825,0,N
Hum_XLOC_043155,HAP1,0.848,0,N
Hum_XLOC_043168,,0.416,0,B
Hum_XLOC_043180,,0.525,0,B
Hum_XLOC_043181,HAP1,0.933,0,N
Hum_XLOC_043182,,0.781,1,
Hum_XLOC_043197,THP1,0.917,0,N
Hum_XLOC_043198,,0.553,0,B
Hum_XLOC_043201,,0.545,0,B
Hum_XLOC_043212,,0.513,0,B
Hum_XLOC_043215,MDA-MB-231,0.997,0,N
Hum_XLOC_043238,,1.25,0,
Hum_XLOC_043261,,1.25,1,
Hum_XLOC_043266,HAP1,0.833,0,N
Hum_XLOC_043272,,0.573,0,B
Hum_XLOC_043274,THP1,0.809,0,N
Hum_XLOC_043279,,0.5,0,
Hum_XLOC_043283,HEK293FT,0.828,0,N
Hum_XLOC_043299,HEK293FT,0.837,0,N
Hum_XLOC_043300,,0.656,0,
Hum_XLOC_043310,HEK293FT,0.964,0,N
Hum_XLOC_043319,,0.739,0,B
Hum_XLOC_043326,,0.75,1,
Hum_XLOC_043328,,0.777,0,B
Hum_XLOC_043329,,0.599,0,B
Hum_XLOC_043336,,1.25,0,
Hum_XLOC_043339,,0.599,0,B
Hum_XLOC_043359,HEK293FT,0.812,0,N
Hum_XLOC_043371,,0.917,0,
Hum_XLOC_043393,,0.476,0,B
Hum_XLOC_043395,HAP1,0.966,0,N
Hum_XLOC_043397,THP1,0.863,0,N
Hum_XLOC_043427,,0.572,0,B
Hum_XLOC_043428,,0.73,0,B
Hum_XLOC_043437,,0.73,0,B
Hum_XLOC_043441,,0.875,0,
Hum_XLOC_043462,HEK293FT,0.944,0,N
Hum_XLOC_043463,HEK293FT,0.934,0,N
Hum_XLOC_043464,,0.358,0,B
Hum_XLOC_043465,,0.689,0,B
Hum_XLOC_043508,K562,0.875,0,N
Hum_XLOC_043510,K562,0.896,0,N
Hum_XLOC_043543,,0.54,0,B
Hum_XLOC_043544,,0.288,0,B
Hum_XLOC_043545,,0.266,0,B
Hum_XLOC_043548,THP1,0.85,0,N
Hum_XLOC_043554,,0.422,0,B
Hum_XLOC_043555,,0.625,0,B
Hum_XLOC_043561,HAP1,0.99,0,N
Hum_XLOC_043575,,1.25,0,
Hum_XLOC_043579,,0.517,0,B
Hum_XLOC_043590,MDA-MB-231,0.997,1,E
Hum_XLOC_043599,,0.806,1,
Hum_XLOC_043601,,0.629,0,B
Hum_XLOC_043603,,1.25,1,
Hum_XLOC_043608,,0.695,0,B
Hum_XLOC_043616,,0.659,0,B
Hum_XLOC_043621,MDA-MB-231,0.989,0,N
Hum_XLOC_043633,HEK293FT,1.0,0,N
Hum_XLOC_043642,,0.655,1,
Hum_XLOC_043647,,0.958,1,
Hum_XLOC_043654,,0.731,0,B
Hum_XLOC_043655,K562,0.959,0,N
Hum_XLOC_043659,,1.0,0,
Hum_XLOC_043666,HAP1,0.849,1,E
Hum_XLOC_043672,,0.789,0,B
Hum_XLOC_043675,,0.614,0,B
Hum_XLOC_043689,,0.62,0,B
Hum_XLOC_043713,,0.653,0,B
Hum_XLOC_043719,THP1,0.806,0,N
Hum_XLOC_043725,,0.781,0,B
Hum_XLOC_043742,HEK293FT,0.954,0,N
Hum_XLOC_043745,,1.25,0,
Hum_XLOC_043746,,0.691,2,P
Hum_XLOC_043750,,0.6,0,B
Hum_XLOC_043758,,1.25,0,
Hum_XLOC_043764,HEK293FT,0.888,0,N
Hum_XLOC_043780,,0.497,0,B
Hum_XLOC_043782,,0.692,0,B
Hum_XLOC_043803,,1.25,0,
Hum_XLOC_043806,K562,0.987,0,N
Hum_XLOC_043814,,0.893,0,
Hum_XLOC_043836,K562,1.0,0,N
Hum_XLOC_043846,,0.679,0,
Hum_XLOC_043854,,1.25,0,
Hum_XLOC_043856,,0.642,0,B
Hum_XLOC_043864,,1.0,0,
Hum_XLOC_043886,HAP1,0.993,1,E
Hum_XLOC_043898,,1.0,0,
Hum_XLOC_043906,,0.667,0,
Hum_XLOC_043913,THP1,0.879,0,N
Hum_XLOC_043918,,0.499,0,B
Hum_XLOC_043923,THP1,0.996,1,E
Hum_XLOC_043928,MDA-MB-231,0.897,0,N
Hum_XLOC_043946,MDA-MB-231,0.912,0,N
Hum_XLOC_043966,,0.699,3,P
Hum_XLOC_043970,,0.655,0,B
Hum_XLOC_043980,,0.75,0,
Hum_XLOC_043981,,0.743,0,B
Hum_XLOC_043989,,0.758,1,
Hum_XLOC_043990,,0.798,0,B
Hum_XLOC_043996,,0.768,0,B
Hum_XLOC_044002,,0.636,0,B
Hum_XLOC_044003,,0.386,0,B
Hum_XLOC_044006,,0.446,0,B
Hum_XLOC_044011,,0.792,0,
Hum_XLOC_044012,THP1,0.992,0,N
Hum_XLOC_044023,,0.614,0,B
Hum_XLOC_044049,MDA-MB-231,0.994,0,N
Hum_XLOC_044052,,0.755,0,B
Hum_XLOC_044066,,1.25,0,
Hum_XLOC_044076,,0.712,0,B
Hum_XLOC_044094,K562,1.0,0,N
Hum_XLOC_044110,,0.75,0,
Hum_XLOC_044111,,0.781,0,B
Hum_XLOC_044120,,1.25,0,
Hum_XLOC_044135,,1.25,0,
Hum_XLOC_044138,THP1,0.977,0,N
Hum_XLOC_044148,,1.0,0,
Hum_XLOC_044151,,0.5,0,
Hum_XLOC_044179,,0.598,0,B
Hum_XLOC_044193,,0.763,0,B
Hum_XLOC_044208,,0.64,1,
Hum_XLOC_044210,,0.788,0,B
Hum_XLOC_044219,HEK293FT,0.884,0,N
Hum_XLOC_044230,,0.774,0,B
Hum_XLOC_044237,,0.794,0,B
Hum_XLOC_044240,,0.747,0,B
Hum_XLOC_044242,K562,0.907,0,N
Hum_XLOC_044243,HAP1,0.824,0,N
Hum_XLOC_044246,,0.54,0,B
Hum_XLOC_044247,,0.785,1,
Hum_XLOC_044264,,0.498,0,B
Hum_XLOC_044269,,0.721,0,B
Hum_XLOC_044270,,0.76,0,B
Hum_XLOC_044281,,0.587,0,B
Hum_XLOC_044283,,0.301,2,P
Hum_XLOC_044287,,0.57,0,B
Hum_XLOC_044305,,0.796,0,B
Hum_XLOC_044306,,0.344,1,
Hum_XLOC_044352,HEK293FT,0.891,0,N
Hum_XLOC_044359,,0.711,1,
Hum_XLOC_044366,,0.332,1,
Hum_XLOC_044370,,0.28,0,B
Hum_XLOC_044371,,0.558,0,B
Hum_XLOC_044383,K562,0.997,0,N
Hum_XLOC_044385,,1.0,0,
Hum_XLOC_044403,,0.479,0,B
Hum_XLOC_044417,,0.712,0,B
Hum_XLOC_044418,,0.737,0,B
Hum_XLOC_044436,,0.661,0,B
Hum_XLOC_044448,,0.667,0,
Hum_XLOC_044484,,0.373,0,B
Hum_XLOC_044501,,0.653,0,B
Hum_XLOC_044505,HEK293FT,0.895,0,N
Hum_XLOC_044527,,1.0,0,
Hum_XLOC_044529,,0.606,0,B
Hum_XLOC_044530,,0.582,2,P
Hum_XLOC_044531,,0.343,0,B
Hum_XLOC_044533,,0.654,0,B
Hum_XLOC_044544,THP1,0.91,0,N
Hum_XLOC_044575,,1.25,0,
Hum_XLOC_044610,THP1,0.839,1,E
Hum_XLOC_044616,,0.692,0,B
Hum_XLOC_044621,,1.25,0,
Hum_XLOC_044624,HEK293FT,0.844,0,N
Hum_XLOC_044634,,0.258,1,
Hum_XLOC_044667,,0.768,2,P
Hum_XLOC_044671,,0.7,0,B
Hum_XLOC_044673,K562,0.999,0,N
Hum_XLOC_044676,,0.507,0,B
Hum_XLOC_044678,,0.626,0,B
Hum_XLOC_044685,,0.759,0,B
Hum_XLOC_044749,,0.55,1,
Hum_XLOC_044750,,0.628,0,B
Hum_XLOC_044772,MDA-MB-231,0.997,0,N
Hum_XLOC_044776,,0.626,0,B
Hum_XLOC_044782,,0.437,0,B
Hum_XLOC_044794,K562,0.995,0,N
Hum_XLOC_044800,,0.791,1,
Hum_XLOC_044824,,0.53,0,B
Hum_XLOC_044828,THP1,0.889,0,N
Hum_XLOC_044854,,1.25,0,
Hum_XLOC_044874,,0.667,1,
Hum_XLOC_044877,,1.0,1,
Hum_XLOC_044881,,1.25,1,
Hum_XLOC_044926,,0.6,0,B
Hum_XLOC_044932,,0.738,0,B
Hum_XLOC_044938,,1.0,1,
Hum_XLOC_044949,THP1,1.0,1,T
Hum_XLOC_044952,,1.25,0,
Hum_XLOC_044957,,0.538,0,B
Hum_XLOC_044972,,0.543,0,B
Hum_XLOC_044999,,0.736,0,B
Hum_XLOC_045018,THP1,0.825,0,N
Hum_XLOC_045058,HEK293FT,0.866,0,N
Hum_XLOC_045062,K562,0.85,0,N
Hum_XLOC_045066,,0.75,0,
Hum_XLOC_045068,,0.719,0,B
Hum_XLOC_045075,THP1,0.874,1,E
Hum_XLOC_045076,K562,0.918,2,P
Hum_XLOC_045078,MDA-MB-231,0.984,0,N
Hum_XLOC_045079,MDA-MB-231,0.984,0,N
Hum_XLOC_045100,K562,0.822,0,N
Hum_XLOC_045105,,0.546,0,B
Hum_XLOC_045106,,0.618,0,B
Hum_XLOC_045107,K562,0.885,0,N
Hum_XLOC_045112,THP1,0.964,0,N
Hum_XLOC_045120,K562,1.0,0,N
Hum_XLOC_045128,,1.0,0,
Hum_XLOC_045133,HEK293FT,0.896,0,N
Hum_XLOC_045136,,0.537,1,
Hum_XLOC_045143,,1.0,0,
Hum_XLOC_045148,,0.563,0,B
Hum_XLOC_045167,,0.456,0,B
Hum_XLOC_045169,HAP1,0.995,0,N
Hum_XLOC_045170,,1.0,0,
Hum_XLOC_045175,,1.25,3,P
Hum_XLOC_045186,,0.648,0,B
Hum_XLOC_045207,,0.917,0,
Hum_XLOC_045211,,1.25,0,
Hum_XLOC_045215,K562,1.0,0,N
Hum_XLOC_045217,K562,1.0,0,N
Hum_XLOC_045246,,0.291,0,B
Hum_XLOC_045256,,0.972,0,
Hum_XLOC_045278,,1.0,0,
Hum_XLOC_045298,,1.0,0,
Hum_XLOC_045301,THP1,0.904,0,N
Hum_XLOC_045303,THP1,0.915,1,T
Hum_XLOC_045312,K562,0.999,0,N
Hum_XLOC_045315,MDA-MB-231,0.957,0,N
Hum_XLOC_045336,,0.635,0,B
Hum_XLOC_045337,,0.32,2,P
Hum_XLOC_045345,HAP1,0.876,0,N
Hum_XLOC_045371,,1.25,0,
Hum_XLOC_045374,MDA-MB-231,1.0,1,E
Hum_XLOC_045375,MDA-MB-231,0.99,0,N
Hum_XLOC_045377,,0.561,0,B
Hum_XLOC_045378,,0.713,0,B
Hum_XLOC_045379,MDA-MB-231,0.867,0,N
Hum_XLOC_045383,,0.743,0,B
Hum_XLOC_045394,,0.75,0,
Hum_XLOC_045404,THP1,0.98,0,N
Hum_XLOC_045406,,0.938,0,
Hum_XLOC_045413,,0.772,0,B
Hum_XLOC_045416,,0.917,2,P
Hum_XLOC_045417,,0.753,0,B
Hum_XLOC_045418,,0.56,0,B
Hum_XLOC_045427,HAP1,0.888,1,E
Hum_XLOC_045432,,0.763,0,B
Hum_XLOC_045436,HAP1,1.0,0,N
Hum_XLOC_045441,THP1,0.88,0,N
Hum_XLOC_045446,K562,0.997,1,T
Hum_XLOC_045451,,0.5,0,
Hum_XLOC_045460,HAP1,0.955,0,N
Hum_XLOC_045469,,1.25,0,
Hum_XLOC_045491,THP1,0.823,0,N
Hum_XLOC_045494,HAP1,0.976,0,N
Hum_XLOC_045524,THP1,0.846,0,N
Hum_XLOC_045527,,0.664,0,B
Hum_XLOC_045528,,0.693,0,B
Hum_XLOC_045544,K562,0.85,0,N
Hum_XLOC_045567,HAP1,0.987,0,N
Hum_XLOC_045569,K562,1.0,0,N
Hum_XLOC_045570,,0.749,0,B
Hum_XLOC_045572,,0.75,0,
Hum_XLOC_045584,,0.717,0,B
Hum_XLOC_045588,THP1,0.826,1,E
Hum_XLOC_045593,,0.5,0,
Hum_XLOC_045596,K562,0.989,1,E
Hum_XLOC_045597,,0.938,0,
Hum_XLOC_045612,MDA-MB-231,0.914,0,N
Hum_XLOC_045617,,0.646,4,P
Hum_XLOC_045624,,0.605,1,
Hum_XLOC_045625,,0.625,1,
Hum_XLOC_045638,THP1,0.886,0,N
Hum_XLOC_045649,,0.669,0,B
Hum_XLOC_045650,,0.759,1,
Hum_XLOC_045661,,0.593,2,P
Hum_XLOC_045662,THP1,0.863,3,P
Hum_XLOC_045667,,0.794,0,B
Hum_XLOC_045674,,0.556,0,B
Hum_XLOC_045699,,0.588,0,B
Hum_XLOC_045726,HEK293FT,0.943,0,N
Hum_XLOC_045731,,0.536,0,
Hum_XLOC_045735,HEK293FT,0.833,0,N
Hum_XLOC_045736,,1.25,0,
Hum_XLOC_045741,,0.75,0,
Hum_XLOC_045787,,0.542,0,
Hum_XLOC_045809,,0.75,1,
Hum_XLOC_045816,,0.608,0,B
Hum_XLOC_045817,,0.476,1,
Hum_XLOC_045847,THP1,0.94,0,N
Hum_XLOC_045868,,1.25,0,
Hum_XLOC_045874,HAP1,1.0,0,N
Hum_XLOC_045881,,1.25,0,
Hum_XLOC_045897,,1.0,0,
Hum_XLOC_045903,,1.0,0,
Hum_XLOC_045906,,1.25,0,
Hum_XLOC_045934,,1.25,0,
Hum_XLOC_045940,,1.25,0,
Hum_XLOC_045946,,1.25,0,
Hum_XLOC_045973,THP1,0.929,0,N
Hum_XLOC_045974,THP1,0.936,2,P
Hum_XLOC_045975,THP1,0.968,0,N
Hum_XLOC_045982,,1.25,0,
Hum_XLOC_045986,THP1,0.92,0,N
Hum_XLOC_045992,MDA-MB-231,0.999,0,N
Hum_XLOC_045993,MDA-MB-231,1.0,0,N
Hum_XLOC_045995,,1.0,0,
Hum_XLOC_046002,,0.448,0,B
Hum_XLOC_046015,,0.337,1,
Hum_XLOC_046021,,0.531,0,B
Hum_XLOC_046036,,1.25,0,
Hum_XLOC_046089,,0.25,0,
Hum_XLOC_046132,,0.361,0,B
Hum_XLOC_046138,HEK293FT,0.802,0,N
Hum_XLOC_046153,,0.958,0,
Hum_XLOC_046171,,0.727,0,B
Hum_XLOC_046172,,0.5,1,
Hum_XLOC_046176,THP1,0.829,1,T
Hum_XLOC_046191,,0.688,0,B
Hum_XLOC_046203,THP1,0.82,0,N
Hum_XLOC_046213,,1.0,0,
Hum_XLOC_046214,MDA-MB-231,0.992,0,N
Hum_XLOC_046222,MDA-MB-231,0.81,0,N
Hum_XLOC_046225,,0.788,0,B
Hum_XLOC_046227,K562,0.993,0,N
Hum_XLOC_046233,K562,1.0,0,N
Hum_XLOC_046286,HAP1,0.93,0,N
Hum_XLOC_046298,,0.175,0,B
Hum_XLOC_046329,HAP1,0.839,0,N
Hum_XLOC_046357,,0.51,2,P
Hum_XLOC_046373,THP1,0.965,0,N
Hum_XLOC_046396,,0.545,0,B
Hum_XLOC_046399,,1.25,0,
Hum_XLOC_046421,,1.25,0,
Hum_XLOC_046428,,0.857,0,
Hum_XLOC_046430,K562,0.947,0,N
Hum_XLOC_046486,MDA-MB-231,0.807,2,P
Hum_XLOC_046494,,0.62,0,B
Hum_XLOC_046509,,0.549,0,B
Hum_XLOC_046513,,0.821,0,
Hum_XLOC_046518,,1.25,0,
Hum_XLOC_046519,,0.917,0,
Hum_XLOC_046535,,0.52,0,B
Hum_XLOC_046556,,0.604,0,B
Hum_XLOC_046570,HEK293FT,0.91,0,N
Hum_XLOC_046571,,0.729,0,B
Hum_XLOC_046592,,1.25,0,
Hum_XLOC_046597,,0.701,0,B
Hum_XLOC_046631,,0.593,0,B
Hum_XLOC_046634,HEK293FT,0.838,0,N
Hum_XLOC_046685,,0.875,0,
Hum_XLOC_046694,,0.765,0,B
Hum_XLOC_046706,THP1,0.817,0,N
Hum_XLOC_046709,,0.958,0,
Hum_XLOC_046740,,0.612,0,B
Hum_XLOC_046748,MDA-MB-231,0.894,0,N
Hum_XLOC_046772,HAP1,0.965,0,N
Hum_XLOC_046776,,0.812,0,
Hum_XLOC_046777,,0.736,0,B
Hum_XLOC_046781,,0.382,0,B
Hum_XLOC_046804,,0.523,0,B
Hum_XLOC_046807,HEK293FT,0.828,1,T
Hum_XLOC_046817,HEK293FT,0.85,0,N
Hum_XLOC_046821,,1.25,1,
Hum_XLOC_046823,,1.25,0,
Hum_XLOC_046830,,0.638,0,B
Hum_XLOC_046838,MDA-MB-231,0.909,0,N
Hum_XLOC_046854,,1.25,0,
Hum_XLOC_046863,K562,0.837,0,N
Hum_XLOC_046868,,1.0,1,
Hum_XLOC_046870,,0.444,0,B
Hum_XLOC_046872,,0.65,0,B
Hum_XLOC_046934,,0.625,0,
Hum_XLOC_046948,K562,0.999,0,N
Hum_XLOC_046951,,0.444,0,B
Hum_XLOC_046954,,0.958,0,
Hum_XLOC_046957,,0.519,0,B
Hum_XLOC_046970,K562,0.993,0,N
Hum_XLOC_046971,K562,0.998,0,N
Hum_XLOC_046980,,1.25,0,
Hum_XLOC_047002,MDA-MB-231,0.896,0,N
Hum_XLOC_047018,,0.762,0,B
Hum_XLOC_047020,,1.0,0,
Hum_XLOC_047022,,0.733,0,B
Hum_XLOC_047038,K562,0.997,1,E
Hum_XLOC_047046,,0.559,0,B
Hum_XLOC_047071,,0.693,0,B
Hum_XLOC_047074,HEK293FT,0.875,0,N
Hum_XLOC_047076,HAP1,0.918,0,N
Hum_XLOC_047078,,0.357,0,B
Hum_XLOC_047080,,0.679,0,B
Hum_XLOC_047092,HAP1,0.968,0,N
Hum_XLOC_047104,,0.466,0,B
Hum_XLOC_047105,,0.488,0,B
Hum_XLOC_047119,,1.25,0,
Hum_XLOC_047139,,1.0,1,
Hum_XLOC_047156,,0.549,0,B
Hum_XLOC_047157,,0.631,0,B
Hum_XLOC_047182,,0.812,0,
Hum_XLOC_047187,,0.639,0,B
Hum_XLOC_047188,,0.386,0,B
Hum_XLOC_047189,HAP1,0.995,0,N
Hum_XLOC_047194,,0.614,0,B
Hum_XLOC_047197,K562,0.826,0,N
Hum_XLOC_047223,,0.778,0,B
Hum_XLOC_047226,,0.563,1,
Hum_XLOC_047230,HAP1,0.999,0,N
Hum_XLOC_047242,,0.57,0,B
Hum_XLOC_047245,THP1,0.999,2,P
Hum_XLOC_047247,,0.22,4,P
Hum_XLOC_047313,K562,0.917,0,N
Hum_XLOC_047316,,1.0,0,
Hum_XLOC_047324,K562,0.921,0,N
Hum_XLOC_047341,,1.25,0,
Hum_XLOC_047370,,1.0,0,
Hum_XLOC_047378,,1.25,0,
Hum_XLOC_047398,THP1,0.994,0,N
Hum_XLOC_047405,HAP1,0.846,0,N
Hum_XLOC_047418,,0.75,0,
Hum_XLOC_047421,,0.684,0,B
Hum_XLOC_047422,,0.27,0,B
Hum_XLOC_047426,,0.85,0,
Hum_XLOC_047454,,1.25,0,
Hum_XLOC_047456,HEK293FT,0.812,1,T
Hum_XLOC_047523,,0.666,0,B
Hum_XLOC_047542,,0.503,0,B
Hum_XLOC_047543,,0.597,1,
Hum_XLOC_047545,,0.565,0,B
Hum_XLOC_047559,,1.25,2,P
Hum_XLOC_047561,MDA-MB-231,0.942,0,N
Hum_XLOC_047573,,1.25,0,
Hum_XLOC_047579,K562,1.0,2,P
Hum_XLOC_047581,,0.311,0,B
Hum_XLOC_047591,,0.281,1,
Hum_XLOC_047596,THP1,0.898,0,N
Hum_XLOC_047619,,0.642,0,B
Hum_XLOC_047624,,0.587,0,B
Hum_XLOC_047625,,0.583,1,
Hum_XLOC_047648,,0.675,2,P
Hum_XLOC_047673,HAP1,0.838,0,N
Hum_XLOC_047683,,0.516,0,B
Hum_XLOC_047686,,1.25,0,
Hum_XLOC_047687,,1.0,0,
Hum_XLOC_047698,,0.518,0,B
Hum_XLOC_047705,,0.31,0,B
Hum_XLOC_047715,,1.25,0,
Hum_XLOC_047716,,0.684,0,B
Hum_XLOC_047726,,0.604,0,B
Hum_XLOC_047745,,0.278,0,B
Hum_XLOC_047751,,0.495,0,B
Hum_XLOC_047759,HAP1,0.92,0,N
Hum_XLOC_047761,K562,0.978,1,T
Hum_XLOC_047762,,1.0,1,
Hum_XLOC_047763,,1.25,0,
Hum_XLOC_047794,K562,0.985,0,N
Hum_XLOC_047796,,0.317,3,P
Hum_XLOC_047797,,0.31,1,
Hum_XLOC_047798,,0.582,2,P
Hum_XLOC_047801,HEK293FT,0.869,1,E
Hum_XLOC_047817,,1.25,0,
Hum_XLOC_047818,,0.773,0,B
Hum_XLOC_047821,,0.484,1,
Hum_XLOC_047835,K562,0.827,0,N
Hum_XLOC_047841,,0.643,0,
Hum_XLOC_047850,MDA-MB-231,0.963,0,N
Hum_XLOC_047858,K562,1.0,0,N
Hum_XLOC_047879,MDA-MB-231,0.999,0,N
Hum_XLOC_047883,MDA-MB-231,0.958,0,N
Hum_XLOC_047924,,1.0,0,
Hum_XLOC_047929,,1.25,0,
Hum_XLOC_047934,,0.77,0,B
Hum_XLOC_047958,,0.789,1,
Hum_XLOC_047959,,0.595,0,B
Hum_XLOC_047974,K562,0.881,0,N
Hum_XLOC_047977,THP1,0.834,1,E
Hum_XLOC_047997,,0.375,0,
Hum_XLOC_048007,MDA-MB-231,0.963,1,T
Hum_XLOC_048009,,0.461,1,
Hum_XLOC_048010,,0.384,0,B
Hum_XLOC_048056,THP1,0.964,0,N
Hum_XLOC_048065,,0.389,0,B
Hum_XLOC_048089,HEK293FT,0.963,0,N
Hum_XLOC_048091,,0.725,1,
Hum_XLOC_048117,HEK293FT,0.9,0,N
Hum_XLOC_048118,,0.746,0,B
Hum_XLOC_048121,,0.352,0,B
Hum_XLOC_048131,,1.25,0,
Hum_XLOC_048142,THP1,0.993,0,N
Hum_XLOC_048148,,0.462,0,B
Hum_XLOC_048150,,0.789,0,B
Hum_XLOC_048158,,0.736,0,B
Hum_XLOC_048161,HEK293FT,0.941,1,E
Hum_XLOC_048168,,0.595,0,B
Hum_XLOC_048172,THP1,0.998,0,N
Hum_XLOC_048188,HAP1,0.929,0,N
Hum_XLOC_048193,,1.25,0,
Hum_XLOC_048195,,1.0,0,
Hum_XLOC_048203,HEK293FT,0.855,0,N
Hum_XLOC_048206,K562,1.0,0,N
Hum_XLOC_048219,,1.25,0,
Hum_XLOC_048220,,1.25,0,
Hum_XLOC_048224,,0.75,0,
Hum_XLOC_048225,,0.75,0,
Hum_XLOC_048228,,0.666,0,B
Hum_XLOC_048235,HAP1,0.981,0,N
Hum_XLOC_048238,HAP1,0.95,1,E
Hum_XLOC_048250,,1.25,0,
Hum_XLOC_048253,,0.758,1,
Hum_XLOC_048254,,0.584,0,B
Hum_XLOC_048258,,1.25,0,
Hum_XLOC_048295,HEK293FT,1.0,1,E
Hum_XLOC_048303,,1.0,0,
Hum_XLOC_048309,K562,0.868,0,N
Hum_XLOC_048333,THP1,0.835,0,N
Hum_XLOC_048375,THP1,0.992,0,N
Hum_XLOC_048385,,0.733,0,B
Hum_XLOC_048399,,0.787,0,B
Hum_XLOC_048400,,0.711,1,
Hum_XLOC_048410,,0.782,0,B
Hum_XLOC_048419,,1.25,0,
Hum_XLOC_048443,HEK293FT,0.812,0,N
Hum_XLOC_048448,,0.658,0,B
Hum_XLOC_048455,MDA-MB-231,0.865,0,N
Hum_XLOC_048473,THP1,1.0,0,N
Hum_XLOC_048475,,1.25,0,
Hum_XLOC_048480,,1.25,1,
Hum_XLOC_048502,,0.539,1,
Hum_XLOC_048505,HEK293FT,0.886,0,N
Hum_XLOC_048506,,0.614,0,B
Hum_XLOC_048520,,1.0,0,
Hum_XLOC_048524,,0.75,0,
Hum_XLOC_048534,,1.0,0,
Hum_XLOC_048539,,0.724,0,B
Hum_XLOC_048541,,0.65,0,
Hum_XLOC_048578,,0.8,0,
Hum_XLOC_048580,K562,0.954,0,N
Hum_XLOC_048593,,0.459,0,B
Hum_XLOC_048626,HAP1,0.821,0,N
Hum_XLOC_048667,THP1,1.0,1,E
Hum_XLOC_048668,K562,0.993,0,N
Hum_XLOC_048673,,0.752,1,
Hum_XLOC_048687,,1.25,0,
Hum_XLOC_048700,,1.25,0,
Hum_XLOC_048706,HAP1,0.852,0,N
Hum_XLOC_048714,,0.768,1,
Hum_XLOC_048716,MDA-MB-231,1.0,0,N
Hum_XLOC_048721,K562,1.0,0,N
Hum_XLOC_048722,THP1,0.802,0,N
Hum_XLOC_048736,HAP1,0.841,0,N
Hum_XLOC_048737,HAP1,0.861,0,N
Hum_XLOC_048739,,1.25,0,
Hum_XLOC_048744,,0.407,0,B
Hum_XLOC_048753,K562,0.984,0,N
Hum_XLOC_048754,K562,0.994,1,E
Hum_XLOC_048776,THP1,0.913,0,N
Hum_XLOC_048781,K562,1.0,1,E
Hum_XLOC_048783,,0.875,0,
Hum_XLOC_048784,,1.25,0,
Hum_XLOC_048789,K562,0.993,0,N
Hum_XLOC_048798,MDA-MB-231,0.8,0,N
Hum_XLOC_048816,,0.75,0,
Hum_XLOC_048817,,0.75,0,
Hum_XLOC_048840,,1.25,0,
Hum_XLOC_048842,,0.771,2,P
Hum_XLOC_048859,,0.435,1,
Hum_XLOC_048868,,0.602,0,B
Hum_XLOC_048891,,1.25,0,
Hum_XLOC_048903,HEK293FT,0.999,0,N
Hum_XLOC_048906,,0.35,0,B
Hum_XLOC_048909,,0.457,0,B
Hum_XLOC_048935,,0.407,1,
Hum_XLOC_048941,MDA-MB-231,0.93,0,N
Hum_XLOC_048942,MDA-MB-231,0.916,0,N
Hum_XLOC_048945,,0.788,1,
Hum_XLOC_048957,MDA-MB-231,0.926,0,N
Hum_XLOC_048965,HAP1,0.993,0,N
Hum_XLOC_048966,HAP1,0.988,0,N
Hum_XLOC_048978,,0.85,1,
Hum_XLOC_048988,,0.759,0,B
Hum_XLOC_048999,,0.728,0,B
Hum_XLOC_049000,HAP1,0.819,1,T
Hum_XLOC_049006,,0.554,0,B
Hum_XLOC_049007,,0.525,0,B
Hum_XLOC_049009,,0.741,0,B
Hum_XLOC_049024,THP1,0.998,0,N
Hum_XLOC_049028,,1.0,1,
Hum_XLOC_049037,,0.582,0,B
Hum_XLOC_049040,,0.797,0,B
Hum_XLOC_049043,,0.239,0,B
Hum_XLOC_049062,,1.25,0,
Hum_XLOC_049063,,0.609,0,B
Hum_XLOC_049064,,0.489,0,B
Hum_XLOC_049075,,0.573,0,B
Hum_XLOC_049084,THP1,0.812,0,N
Hum_XLOC_049094,THP1,0.992,2,P
Hum_XLOC_049099,,1.25,0,
Hum_XLOC_049102,,0.721,0,B
Hum_XLOC_049106,MDA-MB-231,0.836,0,N
Hum_XLOC_049109,THP1,0.852,0,N
Hum_XLOC_049120,,0.644,0,B
Hum_XLOC_049127,,0.642,1,
Hum_XLOC_049129,,0.532,0,B
Hum_XLOC_049179,,1.25,0,
Hum_XLOC_049180,,1.0,0,
Hum_XLOC_049193,,1.0,0,
Hum_XLOC_049195,,1.25,0,
Hum_XLOC_049198,,0.603,0,B
Hum_XLOC_049207,,0.714,1,
Hum_XLOC_049228,MDA-MB-231,0.967,0,N
Hum_XLOC_049229,,1.0,1,
Hum_XLOC_049235,K562,0.816,0,N
Hum_XLOC_049252,K562,0.996,0,N
Hum_XLOC_049269,HEK293FT,0.881,0,N
Hum_XLOC_049270,,0.875,0,
Hum_XLOC_049275,,0.761,2,P
Hum_XLOC_049290,,1.0,0,
Hum_XLOC_049291,HAP1,0.85,0,N
Hum_XLOC_049293,,1.25,0,
Hum_XLOC_049298,,0.741,1,
Hum_XLOC_049317,,1.0,0,
Hum_XLOC_049340,HAP1,0.999,1,E
Hum_XLOC_049345,,0.745,1,
Hum_XLOC_049347,HEK293FT,0.897,0,N
Hum_XLOC_049360,,0.781,0,
Hum_XLOC_049368,,1.25,1,
Hum_XLOC_049374,,1.25,1,
Hum_XLOC_049381,HAP1,0.838,0,N
Hum_XLOC_049398,,0.719,0,B
Hum_XLOC_049400,,0.712,0,B
Hum_XLOC_049404,,0.429,0,B
Hum_XLOC_049412,,0.621,1,
Hum_XLOC_049413,,0.713,0,B
Hum_XLOC_049438,,0.648,1,
Hum_XLOC_049439,,0.699,0,B
Hum_XLOC_049446,,0.568,0,B
Hum_XLOC_049450,,0.685,0,B
Hum_XLOC_049457,,0.583,0,B
Hum_XLOC_049478,,0.475,0,B
Hum_XLOC_049481,HEK293FT,0.811,0,N
Hum_XLOC_049503,,0.328,2,P
Hum_XLOC_049540,,0.917,0,
Hum_XLOC_049546,HEK293FT,0.899,0,N
Hum_XLOC_049551,,1.25,0,
Hum_XLOC_049554,HAP1,0.811,0,N
Hum_XLOC_049559,MDA-MB-231,0.962,0,N
Hum_XLOC_049562,,1.25,0,
Hum_XLOC_049569,,0.658,0,B
Hum_XLOC_049571,,0.765,1,
Hum_XLOC_049600,,1.0,0,
Hum_XLOC_049636,,0.9,0,
Hum_XLOC_049647,,1.25,0,
Hum_XLOC_049682,,0.25,0,
Hum_XLOC_049683,HEK293FT,0.81,0,N
Hum_XLOC_049684,THP1,0.99,1,E
Hum_XLOC_049692,K562,1.0,0,N
Hum_XLOC_049696,MDA-MB-231,0.95,0,N
Hum_XLOC_049699,,1.0,0,
Hum_XLOC_049700,,1.25,0,
Hum_XLOC_049714,,1.25,0,
Hum_XLOC_049742,,0.625,0,
Hum_XLOC_049746,,1.0,1,
Hum_XLOC_049747,HEK293FT,0.832,0,N
Hum_XLOC_049749,THP1,0.893,0,N
Hum_XLOC_049750,,0.36,0,B
Hum_XLOC_049769,,0.52,0,B
Hum_XLOC_049774,,0.653,0,B
Hum_XLOC_049776,HAP1,0.868,0,N
Hum_XLOC_049777,,1.0,0,
Hum_XLOC_049783,,1.0,0,
Hum_XLOC_049798,,1.25,0,
Hum_XLOC_049805,K562,1.0,0,N
Hum_XLOC_049809,HEK293FT,0.955,0,N
Hum_XLOC_049810,MDA-MB-231,0.984,0,N
Hum_XLOC_049811,MDA-MB-231,0.904,0,N
Hum_XLOC_049813,HEK293FT,0.996,0,N
Hum_XLOC_049820,THP1,0.944,0,N
Hum_XLOC_049832,MDA-MB-231,0.976,0,N
Hum_XLOC_049845,HEK293FT,0.987,0,N
Hum_XLOC_049856,,0.561,0,B
Hum_XLOC_049862,,0.753,0,B
Hum_XLOC_049882,,1.25,0,
Hum_XLOC_049900,,1.25,0,
Hum_XLOC_049919,MDA-MB-231,1.0,0,N
Hum_XLOC_049936,,0.938,0,
Hum_XLOC_049940,THP1,0.938,1,E
Hum_XLOC_049979,,0.579,0,B
Hum_XLOC_049983,HAP1,0.95,0,N
Hum_XLOC_049999,HAP1,0.899,0,N
Hum_XLOC_050007,,0.626,0,B
Hum_XLOC_050012,THP1,0.904,0,N
Hum_XLOC_050013,,0.806,1,
Hum_XLOC_050022,,0.416,0,B
Hum_XLOC_050027,THP1,0.884,1,T
Hum_XLOC_050042,,1.25,1,
Hum_XLOC_050058,THP1,0.905,1,E
Hum_XLOC_050079,MDA-MB-231,0.965,0,N
Hum_XLOC_050085,MDA-MB-231,0.967,0,N
Hum_XLOC_050091,HEK293FT,0.857,0,N
Hum_XLOC_050098,,0.784,0,B
Hum_XLOC_050112,,0.407,0,B
Hum_XLOC_050117,,0.58,0,B
Hum_XLOC_050122,,0.576,0,B
Hum_XLOC_050131,,1.25,0,
Hum_XLOC_050137,,0.777,0,B
Hum_XLOC_050142,THP1,0.934,0,N
Hum_XLOC_050149,,0.502,0,B
Hum_XLOC_050153,MDA-MB-231,0.988,0,N
Hum_XLOC_050163,MDA-MB-231,0.935,0,N
Hum_XLOC_050164,,0.343,0,B
Hum_XLOC_050180,,0.578,0,B
Hum_XLOC_050189,K562,1.0,0,N
Hum_XLOC_050197,,0.667,1,
Hum_XLOC_050204,,1.0,0,
Hum_XLOC_050210,HAP1,0.966,0,N
Hum_XLOC_050217,THP1,0.802,0,N
Hum_XLOC_050232,THP1,0.999,2,P
Hum_XLOC_050256,,0.329,1,
Hum_XLOC_050277,,0.455,0,B
Hum_XLOC_050280,,0.75,0,
Hum_XLOC_050284,MDA-MB-231,0.975,0,N
Hum_XLOC_050306,HEK293FT,0.869,0,N
Hum_XLOC_050309,HAP1,1.0,0,N
Hum_XLOC_050330,,0.461,0,B
Hum_XLOC_050334,HAP1,0.976,0,N
Hum_XLOC_050350,K562,0.994,0,N
Hum_XLOC_050377,,0.798,0,B
Hum_XLOC_050385,,1.0,0,
Hum_XLOC_050404,HEK293FT,0.942,0,N
Hum_XLOC_050428,,0.661,0,B
Hum_XLOC_050440,,1.0,0,
Hum_XLOC_050441,K562,0.993,0,N
Hum_XLOC_050446,,1.25,0,
Hum_XLOC_050451,MDA-MB-231,1.0,1,E
Hum_XLOC_050458,THP1,0.803,1,T
Hum_XLOC_050482,,1.0,0,
Hum_XLOC_050487,,1.0,0,
Hum_XLOC_050494,,0.739,1,
Hum_XLOC_050496,,0.614,0,B
Hum_XLOC_050500,,1.25,1,
Hum_XLOC_050518,THP1,0.905,0,N
Hum_XLOC_050544,MDA-MB-231,0.986,0,N
Hum_XLOC_050546,HEK293FT,0.886,0,N
Hum_XLOC_050551,HEK293FT,0.854,0,N
Hum_XLOC_050552,HEK293FT,0.89,0,N
Hum_XLOC_050561,,0.4,0,B
Hum_XLOC_050572,,0.671,1,
Hum_XLOC_050590,,0.405,0,B
Hum_XLOC_050608,HEK293FT,0.831,1,E
Hum_XLOC_050613,,0.75,0,
Hum_XLOC_050618,,0.703,0,B
Hum_XLOC_050652,,0.471,1,
Hum_XLOC_050653,,0.642,0,B
Hum_XLOC_050654,THP1,0.804,0,N
Hum_XLOC_050677,HEK293FT,0.953,0,N
Hum_XLOC_050679,,0.794,1,
Hum_XLOC_050687,HAP1,0.96,0,N
Hum_XLOC_050689,HAP1,0.991,0,N
Hum_XLOC_050712,MDA-MB-231,0.879,0,N
Hum_XLOC_050722,THP1,0.864,0,N
Hum_XLOC_050760,HEK293FT,0.892,0,N
Hum_XLOC_050761,HEK293FT,0.871,0,N
Hum_XLOC_050778,,1.0,0,
Hum_XLOC_050785,,0.415,0,B
Hum_XLOC_050797,HAP1,0.922,0,N
Hum_XLOC_050802,MDA-MB-231,0.893,0,N
Hum_XLOC_050815,,0.747,0,B
Hum_XLOC_050821,K562,0.934,0,N
Hum_XLOC_050829,,1.0,0,
Hum_XLOC_050838,,0.765,0,B
Hum_XLOC_050840,,0.75,4,P
Hum_XLOC_050842,,1.0,0,
Hum_XLOC_050846,THP1,0.91,0,N
Hum_XLOC_050862,,0.75,0,B
Hum_XLOC_050868,,0.601,0,B
Hum_XLOC_050887,,0.31,0,B
Hum_XLOC_050889,,0.326,1,
Hum_XLOC_050890,,0.364,0,B
Hum_XLOC_050910,HAP1,0.955,0,N
Hum_XLOC_050913,THP1,0.948,0,N
Hum_XLOC_050938,,1.25,0,
Hum_XLOC_050980,,0.669,0,B
Hum_XLOC_051014,HAP1,0.917,0,N
Hum_XLOC_051023,HAP1,0.972,0,N
Hum_XLOC_051025,,1.25,0,
Hum_XLOC_051034,,0.795,1,
Hum_XLOC_051039,THP1,0.923,0,N
Hum_XLOC_051047,,1.0,0,
Hum_XLOC_051057,,0.28,0,B
Hum_XLOC_051107,,0.781,0,
Hum_XLOC_051114,HEK293FT,0.965,0,N
Hum_XLOC_051115,,0.498,0,B
Hum_XLOC_051117,,0.482,0,B
Hum_XLOC_051122,,1.0,0,
Hum_XLOC_051139,,1.25,0,
Hum_XLOC_051145,,0.527,0,B
Hum_XLOC_051152,HAP1,0.995,0,N
Hum_XLOC_051153,HEK293FT,0.981,0,N
Hum_XLOC_051156,THP1,0.822,0,N
Hum_XLOC_051168,,1.0,0,
Hum_XLOC_051175,,1.25,0,
Hum_XLOC_051189,MDA-MB-231,0.801,0,N
Hum_XLOC_051196,,0.75,0,
Hum_XLOC_051198,THP1,1.0,0,N
Hum_XLOC_051242,,0.749,1,
Hum_XLOC_051249,HAP1,0.818,0,N
Hum_XLOC_051253,THP1,0.983,1,E
Hum_XLOC_051271,MDA-MB-231,1.0,0,N
Hum_XLOC_051287,,0.464,0,B
Hum_XLOC_051298,,1.25,1,
Hum_XLOC_051304,,0.401,0,B
Hum_XLOC_051316,,0.5,0,B
Hum_XLOC_051317,,0.733,0,B
Hum_XLOC_051322,,0.662,0,B
Hum_XLOC_051337,,1.25,0,
Hum_XLOC_051346,THP1,0.868,0,N
Hum_XLOC_051359,,0.7,0,B
Hum_XLOC_051360,,1.25,0,
Hum_XLOC_051362,,0.339,0,B
Hum_XLOC_051416,,0.5,0,
Hum_XLOC_051422,MDA-MB-231,0.995,0,N
Hum_XLOC_051432,,1.0,0,
Hum_XLOC_051435,,0.534,0,B
Hum_XLOC_051439,THP1,0.816,1,T
Hum_XLOC_051455,,0.938,0,
Hum_XLOC_051459,,1.0,0,
Hum_XLOC_051464,HAP1,0.988,0,N
Hum_XLOC_051466,MDA-MB-231,0.842,0,N
Hum_XLOC_051487,K562,0.891,0,N
Hum_XLOC_051495,,0.762,0,B
Hum_XLOC_051503,HEK293FT,0.879,0,N
Hum_XLOC_051531,,0.585,0,B
Hum_XLOC_051537,,0.546,0,B
Hum_XLOC_051541,,0.875,0,
Hum_XLOC_051563,THP1,0.944,0,N
Hum_XLOC_051569,,0.938,1,
Hum_XLOC_051584,,0.71,0,B
Hum_XLOC_051596,THP1,0.981,0,N
Hum_XLOC_051598,THP1,0.831,0,N
Hum_XLOC_051604,HAP1,0.974,0,N
Hum_XLOC_051606,,0.481,0,B
Hum_XLOC_051607,MDA-MB-231,0.907,0,N
Hum_XLOC_051628,,0.737,2,P
Hum_XLOC_051678,THP1,1.0,0,N
Hum_XLOC_051691,,1.25,0,
Hum_XLOC_051703,,1.0,0,
Hum_XLOC_051715,,0.369,0,B
Hum_XLOC_051719,,0.233,0,B
Hum_XLOC_051721,,0.619,0,B
Hum_XLOC_051726,,0.606,0,B
Hum_XLOC_051728,,0.555,1,
Hum_XLOC_051751,,0.779,0,B
Hum_XLOC_051779,THP1,0.958,0,N
Hum_XLOC_051796,,0.783,0,B
Hum_XLOC_051797,,0.759,0,B
Hum_XLOC_051822,THP1,0.824,0,N
Hum_XLOC_051823,,0.394,0,B
Hum_XLOC_051836,,1.25,0,
Hum_XLOC_051842,,1.25,0,
Hum_XLOC_051843,,1.25,0,
Hum_XLOC_051857,,1.25,0,
Hum_XLOC_051861,MDA-MB-231,0.972,0,N
Hum_XLOC_051862,MDA-MB-231,0.978,0,N
Hum_XLOC_051877,K562,1.0,0,N
Hum_XLOC_051883,,0.644,0,B
Hum_XLOC_051913,,0.385,0,B
Hum_XLOC_051932,HAP1,0.925,0,N
Hum_XLOC_051954,,0.431,1,
Hum_XLOC_051976,HAP1,0.865,0,N
Hum_XLOC_051987,,1.0,0,
Hum_XLOC_051998,HAP1,0.949,1,E
Hum_XLOC_052001,,0.545,0,B
Hum_XLOC_052039,HAP1,0.829,0,N
Hum_XLOC_052047,,0.451,0,B
Hum_XLOC_052126,K562,0.994,0,N
Hum_XLOC_052145,,0.64,3,P
Hum_XLOC_052164,,0.66,0,B
Hum_XLOC_052202,,0.75,0,
Hum_XLOC_052203,K562,0.954,0,N
Hum_XLOC_052207,K562,0.991,0,N
Hum_XLOC_052211,HAP1,0.993,0,N
Hum_XLOC_052212,HAP1,0.994,1,T
Hum_XLOC_052216,,0.577,0,B
Hum_XLOC_052218,,0.462,0,B
Hum_XLOC_052234,K562,0.979,0,N
Hum_XLOC_052245,HEK293FT,0.954,0,N
Hum_XLOC_052260,,1.25,0,
Hum_XLOC_052265,,0.589,0,B
Hum_XLOC_052269,,0.71,0,B
Hum_XLOC_052271,MDA-MB-231,1.0,1,E
Hum_XLOC_052275,THP1,0.995,0,N
Hum_XLOC_052285,,1.25,0,
Hum_XLOC_052311,,1.0,0,
Hum_XLOC_052313,,0.39,0,B
Hum_XLOC_052319,,0.655,0,B
Hum_XLOC_052329,HEK293FT,0.99,0,N
Hum_XLOC_052336,,0.658,0,B
Hum_XLOC_052349,,0.424,0,B
Hum_XLOC_052352,,0.603,0,B
Hum_XLOC_052354,,1.25,0,
Hum_XLOC_052356,,0.577,0,B
Hum_XLOC_052366,HEK293FT,0.995,0,N
Hum_XLOC_052373,,0.692,0,B
Hum_XLOC_052381,,1.0,0,
Hum_XLOC_052399,,0.597,0,B
Hum_XLOC_052411,HEK293FT,0.903,0,N
Hum_XLOC_052415,MDA-MB-231,0.833,0,N
Hum_XLOC_052422,,0.371,0,B
Hum_XLOC_052430,HAP1,0.928,0,N
Hum_XLOC_052446,,0.743,0,B
Hum_XLOC_052447,HEK293FT,0.822,1,E
Hum_XLOC_052449,,0.568,0,B
Hum_XLOC_052450,THP1,0.87,0,N
Hum_XLOC_052469,K562,1.0,2,P
Hum_XLOC_052479,HEK293FT,0.837,0,N
Hum_XLOC_052489,,0.625,0,
Hum_XLOC_052502,,0.964,1,
Hum_XLOC_052515,,0.764,0,B
Hum_XLOC_052518,HEK293FT,0.854,1,E
Hum_XLOC_052522,MDA-MB-231,0.936,0,N
Hum_XLOC_052529,,1.25,0,
Hum_XLOC_052565,,0.709,0,B
Hum_XLOC_052571,,0.774,1,
Hum_XLOC_052576,,0.686,0,B
Hum_XLOC_052600,,0.775,0,B
Hum_XLOC_052610,,1.0,1,
Hum_XLOC_052612,,1.25,0,
Hum_XLOC_052614,,1.0,0,
Hum_XLOC_052632,,1.25,0,
Hum_XLOC_052651,,0.726,1,
Hum_XLOC_052669,HEK293FT,0.822,0,N
Hum_XLOC_052672,THP1,0.857,0,N
Hum_XLOC_052676,,0.625,2,P
Hum_XLOC_052677,,0.742,0,B
Hum_XLOC_052698,,1.0,0,
Hum_XLOC_052703,HEK293FT,0.878,0,N
Hum_XLOC_052704,HEK293FT,0.875,0,N
Hum_XLOC_052727,,0.944,1,
Hum_XLOC_052730,,0.538,1,
Hum_XLOC_052742,,0.55,0,B
Hum_XLOC_052746,,0.548,0,B
Hum_XLOC_052748,,0.732,0,B
Hum_XLOC_052749,,0.513,0,B
Hum_XLOC_052753,HEK293FT,0.815,1,E
Hum_XLOC_052755,,0.72,0,B
Hum_XLOC_052779,,1.0,0,
Hum_XLOC_052780,,0.65,0,
Hum_XLOC_052784,,0.565,0,B
Hum_XLOC_052789,,0.417,0,
Hum_XLOC_052802,,0.729,0,B
Hum_XLOC_052812,,0.64,0,B
Hum_XLOC_052833,,0.498,2,P
Hum_XLOC_052835,THP1,0.998,0,N
Hum_XLOC_052838,,1.25,0,
Hum_XLOC_052840,HEK293FT,0.999,0,N
Hum_XLOC_052847,,1.0,0,
Hum_XLOC_052853,,0.513,1,
Hum_XLOC_052855,,1.25,1,
Hum_XLOC_052878,,0.237,0,B
Hum_XLOC_052887,K562,0.809,0,N
Hum_XLOC_052892,THP1,0.992,1,E
Hum_XLOC_052893,,0.543,3,P
Hum_XLOC_052898,,0.608,0,B
Hum_XLOC_052902,,0.317,0,B
Hum_XLOC_052904,,0.675,0,B
Hum_XLOC_052919,,0.618,0,B
Hum_XLOC_052920,,0.388,0,B
Hum_XLOC_052943,,0.636,0,B
Hum_XLOC_052968,,0.46,0,B
Hum_XLOC_053012,,0.75,0,
Hum_XLOC_053021,,0.249,0,B
Hum_XLOC_053038,,0.683,1,
Hum_XLOC_053039,,0.31,0,B
Hum_XLOC_053051,,0.696,0,B
Hum_XLOC_053066,K562,0.978,0,N
Hum_XLOC_053115,MDA-MB-231,0.88,0,N
Hum_XLOC_053119,,0.48,0,B
Hum_XLOC_053130,K562,0.999,0,N
Hum_XLOC_053144,,0.512,1,
Hum_XLOC_053177,,0.9,0,
Hum_XLOC_053185,,0.342,0,B
Hum_XLOC_053205,,1.0,0,
Hum_XLOC_053219,,0.795,0,B
Hum_XLOC_053234,,0.518,0,B
Hum_XLOC_053241,,0.589,0,B
Hum_XLOC_053252,THP1,0.9,0,N
Hum_XLOC_053274,K562,0.866,0,N
Hum_XLOC_053304,HAP1,0.993,0,N
Hum_XLOC_053323,,0.662,0,B
Hum_XLOC_053335,,0.75,0,
Hum_XLOC_053358,K562,0.974,0,N
Hum_XLOC_053391,,0.595,0,B
Hum_XLOC_053431,HEK293FT,0.994,0,N
Hum_XLOC_053432,,0.695,5,P
Hum_XLOC_053476,HAP1,0.904,0,N
Hum_XLOC_053499,,0.783,0,B
Hum_XLOC_053526,,0.688,2,P
Hum_XLOC_053529,,0.787,0,B
Hum_XLOC_053533,HAP1,0.957,0,N
Hum_XLOC_053538,,0.5,0,B
Hum_XLOC_053544,,0.703,0,B
Hum_XLOC_053546,HAP1,0.964,0,N
Hum_XLOC_053548,HAP1,0.997,0,N
Hum_XLOC_053555,,0.623,0,B
Hum_XLOC_053566,,0.514,0,B
Hum_XLOC_053570,HAP1,0.83,0,N
Hum_XLOC_053575,HEK293FT,0.875,0,N
Hum_XLOC_053591,HAP1,0.983,0,N
Hum_XLOC_053593,,1.25,0,
Hum_XLOC_053596,K562,0.977,0,N
Hum_XLOC_053612,,0.763,0,B
Hum_XLOC_053653,,0.431,0,B
Hum_XLOC_053684,,0.617,0,B
Hum_XLOC_053704,THP1,1.0,0,N
Hum_XLOC_053731,,0.677,0,B
Hum_XLOC_053738,,0.917,0,
Hum_XLOC_053739,K562,0.967,0,N
Hum_XLOC_053809,,0.583,0,
Hum_XLOC_053831,HEK293FT,0.886,0,N
Hum_XLOC_053856,MDA-MB-231,0.845,2,P
Hum_XLOC_053859,MDA-MB-231,0.956,0,N
Hum_XLOC_053870,,0.274,0,B
Hum_XLOC_053884,,0.559,0,B
Hum_XLOC_053890,,0.552,0,B
Hum_XLOC_053892,,0.567,0,B
Hum_XLOC_053919,,0.647,0,B
Hum_XLOC_053937,,0.964,0,
Hum_XLOC_053961,,0.54,0,B
Hum_XLOC_053977,HEK293FT,0.862,0,N
Hum_XLOC_053997,,0.355,0,B
Hum_XLOC_054002,THP1,0.969,0,N
Hum_XLOC_054005,,0.445,0,B
Hum_XLOC_054028,HEK293FT,0.989,1,T
Hum_XLOC_054065,HEK293FT,0.897,0,N
Hum_XLOC_054068,MDA-MB-231,0.918,0,N
Hum_XLOC_054101,,0.756,0,B
Hum_XLOC_054114,,0.635,0,B
Hum_XLOC_054115,,0.621,1,
Hum_XLOC_054117,,0.7,2,P
Hum_XLOC_054123,,0.772,0,B
Hum_XLOC_054124,,0.7,0,B
Hum_XLOC_054133,,1.25,0,
Hum_XLOC_054148,,0.929,0,
Hum_XLOC_054166,K562,0.926,0,N
Hum_XLOC_054169,HEK293FT,1.0,0,N
Hum_XLOC_054180,K562,0.992,0,N
Hum_XLOC_054190,,0.53,0,B
Hum_XLOC_054221,HAP1,0.983,0,N
Hum_XLOC_054223,HEK293FT,0.843,1,T
Hum_XLOC_054225,HAP1,0.869,1,E
Hum_XLOC_054239,THP1,0.877,0,N
Hum_XLOC_054266,HEK293FT,0.838,0,N
Hum_XLOC_054305,K562,0.965,0,N
Hum_XLOC_054319,,0.632,0,B
Hum_XLOC_054333,,0.563,0,B
Hum_XLOC_054359,K562,0.905,1,T
Hum_XLOC_054375,THP1,0.878,0,N
Hum_XLOC_054455,K562,0.985,0,N
Hum_XLOC_054456,THP1,1.0,0,N
Hum_XLOC_054471,THP1,1.0,0,N
Hum_XLOC_054478,,1.25,0,
Hum_XLOC_054513,,1.25,0,
Hum_XLOC_054530,,1.25,0,
Hum_XLOC_054532,K562,0.822,0,N
Hum_XLOC_054548,THP1,1.0,1,T
Hum_XLOC_054550,THP1,1.0,0,N
