target,cell_line,y_true,y_pred_proba
Hum_XLOC_000006,HAP1,0.0,0.37505999207496643
Hum_XLOC_000008,HAP1,0.0,0.4818139374256134
Hum_XLOC_000016,HAP1,0.0,0.6736516952514648
Hum_XLOC_000030,HAP1,0.0,0.4871351718902588
Hum_XLOC_000033,HAP1,0.0,0.30338335037231445
Hum_XLOC_000039,HAP1,0.0,0.6508721113204956
Hum_XLOC_000053,HAP1,0.0,0.5701280236244202
Hum_XLOC_000057,HAP1,0.0,0.4937606453895569
Hum_XLOC_000060,HAP1,0.0,0.7540193200111389
Hum_XLOC_000080,HAP1,0.0,0.25954470038414
Hum_XLOC_000094,HAP1,0.0,0.46164172887802124
Hum_XLOC_000100,HAP1,0.0,0.5216715931892395
Hum_XLOC_000105,HAP1,0.0,0.27005335688591003
Hum_XLOC_000107,HAP1,1.0,0.3630119562149048
Hum_XLOC_000111,HAP1,0.0,0.4225280284881592
Hum_XLOC_000134,HAP1,0.0,0.5092114806175232
Hum_XLOC_000143,HAP1,0.0,0.6438864469528198
Hum_XLOC_000145,HAP1,0.0,0.6972105503082275
Hum_XLOC_000149,HAP1,0.0,0.36934831738471985
Hum_XLOC_000155,HAP1,1.0,0.15594042837619781
Hum_XLOC_000169,HAP1,0.0,0.46411800384521484
Hum_XLOC_000170,HAP1,0.0,0.7063555717468262
Hum_XLOC_000194,HAP1,0.0,0.4485546946525574
Hum_XLOC_000201,HAP1,0.0,0.3867816925048828
Hum_XLOC_000231,HAP1,0.0,0.4987877309322357
Hum_XLOC_000233,HAP1,0.0,0.555278480052948
Hum_XLOC_000245,HAP1,0.0,0.5776755213737488
Hum_XLOC_000247,HAP1,0.0,0.5589353442192078
Hum_XLOC_000248,HAP1,0.0,0.34370291233062744
Hum_XLOC_000265,HAP1,0.0,0.4283198416233063
Hum_XLOC_000282,HAP1,0.0,0.4297679662704468
Hum_XLOC_000286,HAP1,0.0,0.49616676568984985
Hum_XLOC_000292,HAP1,0.0,0.40815484523773193
Hum_XLOC_000307,HAP1,1.0,0.3480719029903412
Hum_XLOC_000308,HAP1,0.0,0.3654191195964813
Hum_XLOC_000312,HAP1,0.0,0.6466469764709473
Hum_XLOC_000314,HAP1,0.0,0.24632680416107178
Hum_XLOC_000317,HAP1,0.0,0.30681025981903076
Hum_XLOC_000319,HAP1,0.0,0.20292744040489197
Hum_XLOC_000332,HAP1,0.0,0.7410848736763
Hum_XLOC_000338,HAP1,0.0,0.38346168398857117
Hum_XLOC_000342,HAP1,0.0,0.7374808192253113
Hum_XLOC_000345,HAP1,0.0,0.5438588857650757
Hum_XLOC_000362,HAP1,0.0,0.44076037406921387
Hum_XLOC_000377,HAP1,0.0,0.47745493054389954
Hum_XLOC_000390,HAP1,0.0,0.3637631833553314
Hum_XLOC_000394,HAP1,0.0,0.5274250507354736
Hum_XLOC_000411,HAP1,0.0,0.3973926603794098
Hum_XLOC_000415,HAP1,0.0,0.40794312953948975
Hum_XLOC_000430,HAP1,0.0,0.3291003704071045
Hum_XLOC_000436,HAP1,0.0,0.6148114800453186
Hum_XLOC_000437,HAP1,0.0,0.46561431884765625
Hum_XLOC_000456,HAP1,0.0,0.7840641736984253
Hum_XLOC_000461,HAP1,0.0,0.5594363212585449
Hum_XLOC_000462,HAP1,0.0,0.6318286061286926
Hum_XLOC_000465,HAP1,0.0,0.4622516334056854
Hum_XLOC_000472,HAP1,0.0,0.6549199819564819
Hum_XLOC_000474,HAP1,0.0,0.42395520210266113
Hum_XLOC_000478,HAP1,0.0,0.5713337659835815
Hum_XLOC_000486,HAP1,0.0,0.47551393508911133
Hum_XLOC_000490,HAP1,0.0,0.2886279225349426
Hum_XLOC_000498,HAP1,0.0,0.5076157450675964
Hum_XLOC_000500,HAP1,0.0,0.4885636270046234
Hum_XLOC_000510,HAP1,0.0,0.36440974473953247
Hum_XLOC_000535,HAP1,0.0,0.6589912176132202
Hum_XLOC_000540,HAP1,0.0,0.29439473152160645
Hum_XLOC_000556,HAP1,0.0,0.3135552406311035
Hum_XLOC_000574,HAP1,0.0,0.5520602464675903
Hum_XLOC_000575,HAP1,0.0,0.3490540087223053
Hum_XLOC_000582,HAP1,0.0,0.1551845818758011
Hum_XLOC_000590,HAP1,0.0,0.27532461285591125
Hum_XLOC_000601,HAP1,0.0,0.33111852407455444
Hum_XLOC_000604,HAP1,0.0,0.3347730040550232
Hum_XLOC_000608,HAP1,0.0,0.45919060707092285
Hum_XLOC_000612,HAP1,0.0,0.21773779392242432
Hum_XLOC_000636,HAP1,0.0,0.7161204814910889
Hum_XLOC_000638,HAP1,0.0,0.598341166973114
Hum_XLOC_000641,HAP1,0.0,0.4104461371898651
Hum_XLOC_000655,HAP1,0.0,0.47591543197631836
Hum_XLOC_000668,HAP1,0.0,0.49536991119384766
Hum_XLOC_000680,HAP1,0.0,0.2570997476577759
Hum_XLOC_000681,HAP1,0.0,0.3477931618690491
Hum_XLOC_000695,HAP1,0.0,0.42347416281700134
Hum_XLOC_000702,HAP1,0.0,0.48453763127326965
Hum_XLOC_000726,HAP1,0.0,0.526440441608429
Hum_XLOC_000727,HAP1,0.0,0.29415956139564514
Hum_XLOC_000758,HAP1,0.0,0.40177053213119507
Hum_XLOC_000773,HAP1,0.0,0.38094255328178406
Hum_XLOC_000774,HAP1,0.0,0.3791303336620331
Hum_XLOC_000797,HAP1,0.0,0.5759986639022827
Hum_XLOC_000799,HAP1,0.0,0.5207841396331787
Hum_XLOC_000800,HAP1,0.0,0.4551922082901001
Hum_XLOC_000807,HAP1,0.0,0.44609567523002625
Hum_XLOC_000818,HAP1,0.0,0.4086490869522095
Hum_XLOC_000828,HAP1,0.0,0.4733451306819916
Hum_XLOC_000831,HAP1,0.0,0.36176979541778564
Hum_XLOC_000835,HAP1,0.0,0.30847403407096863
Hum_XLOC_000840,HAP1,0.0,0.548929750919342
Hum_XLOC_000841,HAP1,0.0,0.28999844193458557
Hum_XLOC_000842,HAP1,0.0,0.24366426467895508
Hum_XLOC_000854,HAP1,0.0,0.41781261563301086
Hum_XLOC_000855,HAP1,0.0,0.2047639638185501
Hum_XLOC_000883,HAP1,0.0,0.2560146450996399
Hum_XLOC_000885,HAP1,0.0,0.29595333337783813
Hum_XLOC_000905,HAP1,0.0,0.21670734882354736
Hum_XLOC_000917,HAP1,0.0,0.1904819905757904
Hum_XLOC_000925,HAP1,0.0,0.3244445025920868
Hum_XLOC_000944,HAP1,0.0,0.4070458710193634
Hum_XLOC_000949,HAP1,0.0,0.29916974902153015
Hum_XLOC_000953,HAP1,0.0,0.43678635358810425
Hum_XLOC_000964,HAP1,0.0,0.6053608655929565
Hum_XLOC_000990,HAP1,0.0,0.333454966545105
Hum_XLOC_000994,HAP1,0.0,0.6454010605812073
Hum_XLOC_001020,HAP1,0.0,0.19146986305713654
Hum_XLOC_001029,HAP1,0.0,0.44307053089141846
Hum_XLOC_001066,HAP1,1.0,0.3367929756641388
Hum_XLOC_001120,HAP1,0.0,0.5035195350646973
Hum_XLOC_001121,HAP1,0.0,0.4318997859954834
Hum_XLOC_001122,HAP1,0.0,0.6006205677986145
Hum_XLOC_001125,HAP1,0.0,0.663751482963562
Hum_XLOC_001132,HAP1,0.0,0.472824364900589
Hum_XLOC_001138,HAP1,0.0,0.26379767060279846
Hum_XLOC_001144,HAP1,0.0,0.3447187542915344
Hum_XLOC_001146,HAP1,0.0,0.4166035056114197
Hum_XLOC_001188,HAP1,0.0,0.26208627223968506
Hum_XLOC_001191,HAP1,0.0,0.4524538218975067
Hum_XLOC_001192,HAP1,0.0,0.45982158184051514
Hum_XLOC_001217,HAP1,0.0,0.27244237065315247
Hum_XLOC_001222,HAP1,0.0,0.15543441474437714
Hum_XLOC_001228,HAP1,0.0,0.3123649060726166
Hum_XLOC_001230,HAP1,0.0,0.268964558839798
Hum_XLOC_001237,HAP1,0.0,0.345750093460083
Hum_XLOC_001243,HAP1,0.0,0.664788544178009
Hum_XLOC_001275,HAP1,0.0,0.3032103478908539
Hum_XLOC_001279,HAP1,0.0,0.5028587579727173
Hum_XLOC_001291,HAP1,0.0,0.45027080178260803
Hum_XLOC_001296,HAP1,0.0,0.5371737480163574
Hum_XLOC_001297,HAP1,0.0,0.4834754765033722
Hum_XLOC_001309,HAP1,0.0,0.45243358612060547
Hum_XLOC_001329,HAP1,0.0,0.4027538001537323
Hum_XLOC_001330,HAP1,0.0,0.3588773310184479
Hum_XLOC_001355,HAP1,0.0,0.3532963693141937
Hum_XLOC_001366,HAP1,0.0,0.43455296754837036
Hum_XLOC_001367,HAP1,0.0,0.4874318838119507
Hum_XLOC_001375,HAP1,0.0,0.39891985058784485
Hum_XLOC_001390,HAP1,0.0,0.08654762804508209
Hum_XLOC_001405,HAP1,0.0,0.5574474930763245
Hum_XLOC_001461,HAP1,0.0,0.45537495613098145
Hum_XLOC_001465,HAP1,0.0,0.32164955139160156
Hum_XLOC_001488,HAP1,0.0,0.23877519369125366
Hum_XLOC_001490,HAP1,0.0,0.5823217630386353
Hum_XLOC_001509,HAP1,0.0,0.41661641001701355
Hum_XLOC_001516,HAP1,0.0,0.4205755293369293
Hum_XLOC_001532,HAP1,0.0,0.5353320240974426
Hum_XLOC_001539,HAP1,0.0,0.44877415895462036
Hum_XLOC_001541,HAP1,0.0,0.5163004398345947
Hum_XLOC_001542,HAP1,0.0,0.5446937680244446
Hum_XLOC_001548,HAP1,1.0,0.4811122715473175
Hum_XLOC_001559,HAP1,0.0,0.38451308012008667
Hum_XLOC_001565,HAP1,0.0,0.4139270782470703
Hum_XLOC_001566,HAP1,0.0,0.5753139853477478
Hum_XLOC_001575,HAP1,0.0,0.547038197517395
Hum_XLOC_001580,HAP1,0.0,0.32069310545921326
Hum_XLOC_001590,HAP1,0.0,0.5136059522628784
Hum_XLOC_001615,HAP1,0.0,0.40603262186050415
Hum_XLOC_001624,HAP1,0.0,0.5627562403678894
Hum_XLOC_001639,HAP1,0.0,0.42286115884780884
Hum_XLOC_001661,HAP1,0.0,0.4639133810997009
Hum_XLOC_001666,HAP1,0.0,0.16790048778057098
Hum_XLOC_001668,HAP1,0.0,0.29225292801856995
Hum_XLOC_001688,HAP1,0.0,0.37370896339416504
Hum_XLOC_001689,HAP1,0.0,0.3143600821495056
Hum_XLOC_001695,HAP1,0.0,0.6357983946800232
Hum_XLOC_001696,HAP1,0.0,0.28885510563850403
Hum_XLOC_001698,HAP1,0.0,0.4299930930137634
Hum_XLOC_001707,HAP1,0.0,0.549011766910553
Hum_XLOC_001760,HAP1,0.0,0.35873863101005554
Hum_XLOC_001761,HAP1,0.0,0.43289777636528015
Hum_XLOC_001773,HAP1,0.0,0.517667829990387
Hum_XLOC_001775,HAP1,0.0,0.43020638823509216
Hum_XLOC_001779,HAP1,0.0,0.586021900177002
Hum_XLOC_001783,HAP1,0.0,0.26498866081237793
Hum_XLOC_001791,HAP1,0.0,0.5135102272033691
Hum_XLOC_001805,HAP1,0.0,0.6681325435638428
Hum_XLOC_001809,HAP1,0.0,0.25694218277931213
Hum_XLOC_001848,HAP1,0.0,0.6478651762008667
Hum_XLOC_001919,HAP1,1.0,0.3914262652397156
Hum_XLOC_001941,HAP1,0.0,0.3573524057865143
Hum_XLOC_001942,HAP1,0.0,0.40922072529792786
Hum_XLOC_001949,HAP1,0.0,0.32543572783470154
Hum_XLOC_001950,HAP1,0.0,0.6360784769058228
Hum_XLOC_001953,HAP1,0.0,0.3026546835899353
Hum_XLOC_001957,HAP1,0.0,0.4101966619491577
Hum_XLOC_001961,HAP1,0.0,0.5412949919700623
Hum_XLOC_001969,HAP1,0.0,0.28452491760253906
Hum_XLOC_002024,HAP1,0.0,0.44600290060043335
Hum_XLOC_002028,HAP1,0.0,0.5673158764839172
Hum_XLOC_002033,HAP1,0.0,0.4744410812854767
Hum_XLOC_002036,HAP1,0.0,0.4814336597919464
Hum_XLOC_002037,HAP1,0.0,0.5099706053733826
Hum_XLOC_002041,HAP1,0.0,0.31903937458992004
Hum_XLOC_002059,HAP1,0.0,0.6426450610160828
Hum_XLOC_002061,HAP1,0.0,0.5795021653175354
Hum_XLOC_002068,HAP1,0.0,0.17439237236976624
Hum_XLOC_002081,HAP1,0.0,0.44672930240631104
Hum_XLOC_002093,HAP1,0.0,0.5409106016159058
Hum_XLOC_002099,HAP1,0.0,0.32898151874542236
Hum_XLOC_002144,HAP1,0.0,0.48974907398223877
Hum_XLOC_002150,HAP1,0.0,0.28401103615760803
Hum_XLOC_002152,HAP1,0.0,0.5664735436439514
Hum_XLOC_002154,HAP1,0.0,0.5039808750152588
Hum_XLOC_002169,HAP1,0.0,0.4262365400791168
Hum_XLOC_002170,HAP1,0.0,0.30575841665267944
Hum_XLOC_002176,HAP1,0.0,0.4024437963962555
Hum_XLOC_002178,HAP1,0.0,0.31214457750320435
Hum_XLOC_002186,HAP1,1.0,0.35024258494377136
Hum_XLOC_002204,HAP1,0.0,0.49876803159713745
Hum_XLOC_002205,HAP1,0.0,0.3195801079273224
Hum_XLOC_002219,HAP1,0.0,0.5163685083389282
Hum_XLOC_002244,HAP1,0.0,0.42062753438949585
Hum_XLOC_002252,HAP1,0.0,0.4090777337551117
Hum_XLOC_002261,HAP1,0.0,0.4483409523963928
Hum_XLOC_002262,HAP1,0.0,0.3129774332046509
Hum_XLOC_002265,HAP1,0.0,0.6233654022216797
Hum_XLOC_002271,HAP1,0.0,0.3453441262245178
Hum_XLOC_002280,HAP1,0.0,0.4957202672958374
Hum_XLOC_002282,HAP1,1.0,0.503036379814148
Hum_XLOC_002283,HAP1,0.0,0.40829554200172424
Hum_XLOC_002284,HAP1,0.0,0.6993323564529419
Hum_XLOC_002294,HAP1,0.0,0.700800895690918
Hum_XLOC_002296,HAP1,0.0,0.3451937735080719
Hum_XLOC_002299,HAP1,0.0,0.6065260171890259
Hum_XLOC_002301,HAP1,0.0,0.48099076747894287
Hum_XLOC_002306,HAP1,0.0,0.5561711192131042
Hum_XLOC_002311,HAP1,0.0,0.3985981047153473
Hum_XLOC_002313,HAP1,1.0,0.4998669922351837
Hum_XLOC_002314,HAP1,1.0,0.5100018978118896
Hum_XLOC_002327,HAP1,0.0,0.4642108678817749
Hum_XLOC_002330,HAP1,0.0,0.2584225833415985
Hum_XLOC_002338,HAP1,0.0,0.4971490204334259
Hum_XLOC_002344,HAP1,0.0,0.4410642385482788
Hum_XLOC_002347,HAP1,0.0,0.38863298296928406
Hum_XLOC_002348,HAP1,0.0,0.4655512571334839
Hum_XLOC_002362,HAP1,0.0,0.37820079922676086
Hum_XLOC_002364,HAP1,0.0,0.21277719736099243
Hum_XLOC_002383,HAP1,0.0,0.2777182459831238
Hum_XLOC_002386,HAP1,0.0,0.2290607988834381
Hum_XLOC_002390,HAP1,0.0,0.5647767782211304
Hum_XLOC_002394,HAP1,0.0,0.23783689737319946
Hum_XLOC_002398,HAP1,0.0,0.45010989904403687
Hum_XLOC_002399,HAP1,0.0,0.18949207663536072
Hum_XLOC_002408,HAP1,0.0,0.33553555607795715
Hum_XLOC_002414,HAP1,0.0,0.6381425261497498
Hum_XLOC_002418,HAP1,0.0,0.5865424871444702
Hum_XLOC_002435,HAP1,1.0,0.19804316759109497
Hum_XLOC_002440,HAP1,0.0,0.553952157497406
Hum_XLOC_002489,HAP1,0.0,0.3429199457168579
Hum_XLOC_002490,HAP1,0.0,0.2649470269680023
Hum_XLOC_002493,HAP1,0.0,0.48808133602142334
Hum_XLOC_002520,HAP1,0.0,0.6142939925193787
Hum_XLOC_002524,HAP1,0.0,0.42122882604599
Hum_XLOC_002546,HAP1,0.0,0.5414824485778809
Hum_XLOC_002560,HAP1,0.0,0.47333523631095886
Hum_XLOC_002570,HAP1,0.0,0.5112839937210083
Hum_XLOC_002577,HAP1,0.0,0.5702031254768372
Hum_XLOC_002579,HAP1,0.0,0.5039058923721313
Hum_XLOC_002586,HAP1,0.0,0.1480521261692047
Hum_XLOC_002589,HAP1,0.0,0.4600387513637543
Hum_XLOC_002629,HAP1,0.0,0.38366758823394775
Hum_XLOC_002631,HAP1,0.0,0.44358426332473755
Hum_XLOC_002635,HAP1,0.0,0.37550684809684753
Hum_XLOC_002644,HAP1,0.0,0.3324629068374634
Hum_XLOC_002646,HAP1,0.0,0.38046425580978394
Hum_XLOC_002653,HAP1,0.0,0.33378854393959045
Hum_XLOC_002681,HAP1,0.0,0.426615446805954
Hum_XLOC_002695,HAP1,0.0,0.3151572346687317
Hum_XLOC_002702,HAP1,0.0,0.1586523950099945
Hum_XLOC_002705,HAP1,0.0,0.557853639125824
Hum_XLOC_002711,HAP1,0.0,0.4425612986087799
Hum_XLOC_002714,HAP1,0.0,0.32974523305892944
Hum_XLOC_002717,HAP1,0.0,0.4036562442779541
Hum_XLOC_002725,HAP1,0.0,0.63616943359375
Hum_XLOC_002741,HAP1,0.0,0.7046913504600525
Hum_XLOC_002742,HAP1,1.0,0.5794156193733215
Hum_XLOC_002744,HAP1,0.0,0.42888036370277405
Hum_XLOC_002760,HAP1,0.0,0.5202426314353943
Hum_XLOC_002788,HAP1,0.0,0.5221191644668579
Hum_XLOC_002792,HAP1,0.0,0.49560704827308655
Hum_XLOC_002796,HAP1,0.0,0.5331329703330994
Hum_XLOC_002817,HAP1,0.0,0.3820621967315674
Hum_XLOC_002836,HAP1,1.0,0.5485890507698059
Hum_XLOC_002844,HAP1,0.0,0.5328229665756226
Hum_XLOC_002845,HAP1,0.0,0.5718579292297363
Hum_XLOC_002859,HAP1,0.0,0.44115254282951355
Hum_XLOC_002889,HAP1,0.0,0.4373890161514282
Hum_XLOC_002911,HAP1,0.0,0.5262358784675598
Hum_XLOC_002935,HAP1,0.0,0.39430946111679077
Hum_XLOC_002937,HAP1,0.0,0.45713716745376587
Hum_XLOC_002967,HAP1,0.0,0.574554443359375
Hum_XLOC_002983,HAP1,0.0,0.4569266140460968
Hum_XLOC_002986,HAP1,0.0,0.5075132250785828
Hum_XLOC_002990,HAP1,0.0,0.7128205299377441
Hum_XLOC_003039,HAP1,0.0,0.5390595197677612
Hum_XLOC_003061,HAP1,0.0,0.5339148044586182
Hum_XLOC_003086,HAP1,0.0,0.5149019956588745
Hum_XLOC_003099,HAP1,0.0,0.40701016783714294
Hum_XLOC_003109,HAP1,0.0,0.4581546485424042
Hum_XLOC_003128,HAP1,0.0,0.5821633338928223
Hum_XLOC_003134,HAP1,0.0,0.5528908371925354
Hum_XLOC_003137,HAP1,0.0,0.3153051733970642
Hum_XLOC_003154,HAP1,0.0,0.4066886901855469
Hum_XLOC_003155,HAP1,0.0,0.48368388414382935
Hum_XLOC_003171,HAP1,0.0,0.405288428068161
Hum_XLOC_003209,HAP1,0.0,0.30832192301750183
Hum_XLOC_003215,HAP1,0.0,0.43413904309272766
Hum_XLOC_003221,HAP1,0.0,0.36997538805007935
Hum_XLOC_003232,HAP1,0.0,0.4551733434200287
Hum_XLOC_003268,HAP1,1.0,0.4510089159011841
Hum_XLOC_003269,HAP1,0.0,0.4513355493545532
Hum_XLOC_003286,HAP1,0.0,0.6484779119491577
Hum_XLOC_003290,HAP1,0.0,0.12042172253131866
Hum_XLOC_003294,HAP1,0.0,0.3287562131881714
Hum_XLOC_003321,HAP1,0.0,0.7834664583206177
Hum_XLOC_003324,HAP1,0.0,0.448195219039917
Hum_XLOC_003334,HAP1,0.0,0.3983268141746521
Hum_XLOC_003337,HAP1,0.0,0.5483977794647217
Hum_XLOC_003338,HAP1,0.0,0.43071505427360535
Hum_XLOC_003352,HAP1,0.0,0.612784206867218
Hum_XLOC_003357,HAP1,0.0,0.18757490813732147
Hum_XLOC_003361,HAP1,0.0,0.3654026687145233
Hum_XLOC_003371,HAP1,0.0,0.23287540674209595
Hum_XLOC_003381,HAP1,0.0,0.45032620429992676
Hum_XLOC_003408,HAP1,0.0,0.37024447321891785
Hum_XLOC_003436,HAP1,0.0,0.2471337765455246
Hum_XLOC_003440,HAP1,0.0,0.37031111121177673
Hum_XLOC_003450,HAP1,0.0,0.5501968860626221
Hum_XLOC_003466,HAP1,0.0,0.37649664282798767
Hum_XLOC_003488,HAP1,0.0,0.3674197494983673
Hum_XLOC_003491,HAP1,0.0,0.5309745073318481
Hum_XLOC_003497,HAP1,0.0,0.500148355960846
Hum_XLOC_003498,HAP1,0.0,0.5328019261360168
Hum_XLOC_003502,HAP1,0.0,0.46456173062324524
Hum_XLOC_003518,HAP1,0.0,0.4015957713127136
Hum_XLOC_003532,HAP1,0.0,0.2732893228530884
Hum_XLOC_003543,HAP1,0.0,0.13398851454257965
Hum_XLOC_003554,HAP1,1.0,0.3475725054740906
Hum_XLOC_003563,HAP1,0.0,0.40442797541618347
Hum_XLOC_003567,HAP1,0.0,0.5457068681716919
Hum_XLOC_003568,HAP1,0.0,0.3787052035331726
Hum_XLOC_003570,HAP1,0.0,0.10200031846761703
Hum_XLOC_003571,HAP1,0.0,0.36367136240005493
Hum_XLOC_003593,HAP1,0.0,0.5350828766822815
Hum_XLOC_003594,HAP1,0.0,0.44644638895988464
Hum_XLOC_003598,HAP1,0.0,0.310491144657135
Hum_XLOC_003626,HAP1,0.0,0.2759454846382141
Hum_XLOC_003628,HAP1,0.0,0.2947048544883728
Hum_XLOC_003630,HAP1,0.0,0.4087086319923401
Hum_XLOC_003641,HAP1,0.0,0.5693686008453369
Hum_XLOC_003662,HAP1,0.0,0.5623806715011597
Hum_XLOC_003665,HAP1,0.0,0.7263206243515015
Hum_XLOC_003672,HAP1,0.0,0.5807346105575562
Hum_XLOC_003673,HAP1,0.0,0.3011800944805145
Hum_XLOC_003674,HAP1,0.0,0.4267052114009857
Hum_XLOC_003676,HAP1,0.0,0.5138806104660034
Hum_XLOC_003686,HAP1,0.0,0.4206078052520752
Hum_XLOC_003697,HAP1,0.0,0.32293665409088135
Hum_XLOC_003717,HAP1,0.0,0.2715909481048584
Hum_XLOC_003725,HAP1,0.0,0.49589022994041443
Hum_XLOC_003743,HAP1,0.0,0.357839971780777
Hum_XLOC_003754,HAP1,0.0,0.5665561556816101
Hum_XLOC_003766,HAP1,0.0,0.807564914226532
Hum_XLOC_003775,HAP1,0.0,0.6057681441307068
Hum_XLOC_003790,HAP1,0.0,0.3764594793319702
Hum_XLOC_003799,HAP1,0.0,0.4587962031364441
Hum_XLOC_003853,HAP1,0.0,0.3133174777030945
Hum_XLOC_003865,HAP1,0.0,0.4477940797805786
Hum_XLOC_003871,HAP1,0.0,0.39089441299438477
Hum_XLOC_003891,HAP1,0.0,0.5561373829841614
Hum_XLOC_003892,HAP1,0.0,0.3014896810054779
Hum_XLOC_003910,HAP1,0.0,0.7919082641601562
Hum_XLOC_003911,HAP1,0.0,0.5655456781387329
Hum_XLOC_003952,HAP1,0.0,0.5125377178192139
Hum_XLOC_003971,HAP1,0.0,0.5181128978729248
Hum_XLOC_003988,HAP1,0.0,0.2867320775985718
Hum_XLOC_004020,HAP1,0.0,0.24024319648742676
Hum_XLOC_004035,HAP1,0.0,0.593701183795929
Hum_XLOC_004036,HAP1,0.0,0.7853057980537415
Hum_XLOC_004048,HAP1,0.0,0.4744883179664612
Hum_XLOC_004068,HAP1,0.0,0.3095800280570984
Hum_XLOC_004069,HAP1,0.0,0.223276287317276
Hum_XLOC_004095,HAP1,0.0,0.648737907409668
Hum_XLOC_004096,HAP1,0.0,0.7135975956916809
Hum_XLOC_004116,HAP1,1.0,0.7652462720870972
Hum_XLOC_004123,HAP1,0.0,0.3076399564743042
Hum_XLOC_004134,HAP1,0.0,0.3525039851665497
Hum_XLOC_004161,HAP1,0.0,0.3766482174396515
Hum_XLOC_004168,HAP1,0.0,0.40778475999832153
Hum_XLOC_004169,HAP1,0.0,0.40985679626464844
Hum_XLOC_004177,HAP1,0.0,0.3979845941066742
Hum_XLOC_004200,HAP1,0.0,0.10573627799749374
Hum_XLOC_004201,HAP1,0.0,0.32631629705429077
Hum_XLOC_004219,HAP1,0.0,0.36135780811309814
Hum_XLOC_004226,HAP1,0.0,0.22428548336029053
Hum_XLOC_004227,HAP1,0.0,0.26250314712524414
Hum_XLOC_004236,HAP1,1.0,0.406900554895401
Hum_XLOC_004254,HAP1,1.0,0.6315374374389648
Hum_XLOC_004255,HAP1,0.0,0.5832824110984802
Hum_XLOC_004262,HAP1,1.0,0.5813775062561035
Hum_XLOC_004269,HAP1,0.0,0.38315349817276
Hum_XLOC_004277,HAP1,0.0,0.3775765299797058
Hum_XLOC_004278,HAP1,0.0,0.38722267746925354
Hum_XLOC_004282,HAP1,0.0,0.43610313534736633
Hum_XLOC_004287,HAP1,0.0,0.6223126649856567
Hum_XLOC_004293,HAP1,0.0,0.4374295771121979
Hum_XLOC_004302,HAP1,0.0,0.6317352652549744
Hum_XLOC_004303,HAP1,0.0,0.32664236426353455
Hum_XLOC_004306,HAP1,0.0,0.34330451488494873
Hum_XLOC_004309,HAP1,0.0,0.39491185545921326
Hum_XLOC_004314,HAP1,0.0,0.4948384463787079
Hum_XLOC_004317,HAP1,0.0,0.4606214165687561
Hum_XLOC_004336,HAP1,0.0,0.3761937618255615
Hum_XLOC_004343,HAP1,0.0,0.3522944748401642
Hum_XLOC_004350,HAP1,0.0,0.4047030806541443
Hum_XLOC_004361,HAP1,0.0,0.28209561109542847
Hum_XLOC_004363,HAP1,0.0,0.4214901328086853
Hum_XLOC_004401,HAP1,0.0,0.1921767294406891
Hum_XLOC_004405,HAP1,1.0,0.47228386998176575
Hum_XLOC_004407,HAP1,0.0,0.3442416787147522
Hum_XLOC_004424,HAP1,0.0,0.6436118483543396
Hum_XLOC_004437,HAP1,0.0,0.4169323146343231
Hum_XLOC_004446,HAP1,0.0,0.5455447435379028
Hum_XLOC_004457,HAP1,0.0,0.7429732084274292
Hum_XLOC_004482,HAP1,0.0,0.5283467173576355
Hum_XLOC_004502,HAP1,0.0,0.3561148941516876
Hum_XLOC_004515,HAP1,0.0,0.3889027535915375
Hum_XLOC_004529,HAP1,0.0,0.5392163395881653
Hum_XLOC_004535,HAP1,0.0,0.34475961327552795
Hum_XLOC_004553,HAP1,0.0,0.6236546635627747
Hum_XLOC_004566,HAP1,0.0,0.41388893127441406
Hum_XLOC_004567,HAP1,0.0,0.5110743641853333
Hum_XLOC_004572,HAP1,0.0,0.7559396028518677
Hum_XLOC_004578,HAP1,0.0,0.3192101716995239
Hum_XLOC_004580,HAP1,0.0,0.39243942499160767
Hum_XLOC_004581,HAP1,0.0,0.2588850259780884
Hum_XLOC_004587,HAP1,0.0,0.5815521478652954
Hum_XLOC_004600,HAP1,0.0,0.7294149398803711
Hum_XLOC_004601,HAP1,0.0,0.29443714022636414
Hum_XLOC_004607,HAP1,0.0,0.47442036867141724
Hum_XLOC_004617,HAP1,0.0,0.2982850968837738
Hum_XLOC_004619,HAP1,0.0,0.43329498171806335
Hum_XLOC_004620,HAP1,0.0,0.6651919484138489
Hum_XLOC_004632,HAP1,0.0,0.43665486574172974
Hum_XLOC_004636,HAP1,0.0,0.824614405632019
Hum_XLOC_004652,HAP1,0.0,0.3537476062774658
Hum_XLOC_004653,HAP1,0.0,0.4813460409641266
Hum_XLOC_004657,HAP1,1.0,0.5455628633499146
Hum_XLOC_004661,HAP1,0.0,0.5431755781173706
Hum_XLOC_004683,HAP1,0.0,0.28050696849823
Hum_XLOC_004684,HAP1,0.0,0.6774419546127319
Hum_XLOC_004688,HAP1,0.0,0.33022698760032654
Hum_XLOC_004689,HAP1,0.0,0.3967238962650299
Hum_XLOC_004705,HAP1,0.0,0.32445698976516724
Hum_XLOC_004717,HAP1,1.0,0.5108106732368469
Hum_XLOC_004718,HAP1,0.0,0.5038442611694336
Hum_XLOC_004733,HAP1,0.0,0.5693987011909485
Hum_XLOC_004741,HAP1,0.0,0.19850336015224457
Hum_XLOC_004762,HAP1,0.0,0.6239583492279053
Hum_XLOC_004771,HAP1,0.0,0.3177134692668915
Hum_XLOC_004777,HAP1,0.0,0.34273412823677063
Hum_XLOC_004788,HAP1,1.0,0.4959220588207245
Hum_XLOC_004791,HAP1,1.0,0.3072172999382019
Hum_XLOC_004795,HAP1,0.0,0.4766322374343872
Hum_XLOC_004803,HAP1,0.0,0.5787984132766724
Hum_XLOC_004805,HAP1,0.0,0.33563873171806335
Hum_XLOC_004813,HAP1,0.0,0.27992990612983704
Hum_XLOC_004815,HAP1,0.0,0.3065105974674225
Hum_XLOC_004822,HAP1,0.0,0.35997676849365234
Hum_XLOC_004823,HAP1,1.0,0.30026009678840637
Hum_XLOC_004827,HAP1,0.0,0.3418542444705963
Hum_XLOC_004837,HAP1,0.0,0.47465333342552185
Hum_XLOC_004839,HAP1,0.0,0.5005248188972473
Hum_XLOC_004855,HAP1,0.0,0.36263060569763184
Hum_XLOC_004874,HAP1,0.0,0.3150450885295868
Hum_XLOC_004875,HAP1,0.0,0.4095926284790039
Hum_XLOC_004878,HAP1,0.0,0.45882877707481384
Hum_XLOC_004884,HAP1,0.0,0.3892544209957123
Hum_XLOC_004911,HAP1,0.0,0.4289052188396454
Hum_XLOC_004915,HAP1,1.0,0.6380519270896912
Hum_XLOC_004927,HAP1,0.0,0.18906119465827942
Hum_XLOC_004929,HAP1,0.0,0.37352466583251953
Hum_XLOC_004936,HAP1,0.0,0.24542951583862305
Hum_XLOC_004957,HAP1,0.0,0.20408782362937927
Hum_XLOC_004960,HAP1,0.0,0.5074578523635864
Hum_XLOC_004965,HAP1,0.0,0.2817571461200714
Hum_XLOC_000006,HEK293FT,0.0,0.4232628047466278
Hum_XLOC_000008,HEK293FT,0.0,0.5320560336112976
Hum_XLOC_000016,HEK293FT,0.0,0.7162476778030396
Hum_XLOC_000030,HEK293FT,0.0,0.5373567342758179
Hum_XLOC_000033,HEK293FT,0.0,0.34749647974967957
Hum_XLOC_000039,HEK293FT,0.0,0.6950956583023071
Hum_XLOC_000053,HEK293FT,0.0,0.6185857653617859
Hum_XLOC_000057,HEK293FT,0.0,0.5439407825469971
Hum_XLOC_000060,HEK293FT,0.0,0.7894047498703003
Hum_XLOC_000080,HEK293FT,0.0,0.30002886056900024
Hum_XLOC_000094,HEK293FT,0.0,0.5118581056594849
Hum_XLOC_000100,HEK293FT,1.0,0.5714861154556274
Hum_XLOC_000105,HEK293FT,0.0,0.31148725748062134
Hum_XLOC_000107,HEK293FT,0.0,0.410683810710907
Hum_XLOC_000111,HEK293FT,0.0,0.4722216725349426
Hum_XLOC_000134,HEK293FT,0.0,0.5592271685600281
Hum_XLOC_000143,HEK293FT,0.0,0.6885714530944824
Hum_XLOC_000145,HEK293FT,0.0,0.7379277944564819
Hum_XLOC_000149,HEK293FT,0.0,0.4173072278499603
Hum_XLOC_000155,HEK293FT,0.0,0.18428635597229004
Hum_XLOC_000169,HEK293FT,0.0,0.5143463015556335
Hum_XLOC_000170,HEK293FT,0.0,0.7462905049324036
Hum_XLOC_000194,HEK293FT,0.0,0.49866610765457153
Hum_XLOC_000201,HEK293FT,0.0,0.4354412257671356
Hum_XLOC_000231,HEK293FT,0.0,0.5489247441291809
Hum_XLOC_000233,HEK293FT,0.0,0.6042481660842896
Hum_XLOC_000245,HEK293FT,1.0,0.6258408427238464
Hum_XLOC_000247,HEK293FT,0.0,0.6077868342399597
Hum_XLOC_000248,HEK293FT,0.0,0.3903931975364685
Hum_XLOC_000265,HEK293FT,0.0,0.4781306982040405
Hum_XLOC_000282,HEK293FT,0.0,0.47960588335990906
Hum_XLOC_000286,HEK293FT,0.0,0.5463274121284485
Hum_XLOC_000292,HEK293FT,0.0,0.45749717950820923
Hum_XLOC_000307,HEK293FT,0.0,0.3949984312057495
Hum_XLOC_000308,HEK293FT,0.0,0.41320210695266724
Hum_XLOC_000312,HEK293FT,0.0,0.6911517381668091
Hum_XLOC_000314,HEK293FT,0.0,0.28554439544677734
Hum_XLOC_000317,HEK293FT,0.0,0.3511705696582794
Hum_XLOC_000319,HEK293FT,0.0,0.2374119907617569
Hum_XLOC_000332,HEK293FT,0.0,0.777782678604126
Hum_XLOC_000338,HEK293FT,0.0,0.4319979250431061
Hum_XLOC_000342,HEK293FT,0.0,0.7745339870452881
Hum_XLOC_000345,HEK293FT,0.0,0.5931647419929504
Hum_XLOC_000362,HEK293FT,0.0,0.4907759130001068
Hum_XLOC_000377,HEK293FT,0.0,0.5277053713798523
Hum_XLOC_000390,HEK293FT,0.0,0.4114701449871063
Hum_XLOC_000394,HEK293FT,0.0,0.577126145362854
Hum_XLOC_000411,HEK293FT,0.0,0.4464155435562134
Hum_XLOC_000415,HEK293FT,0.0,0.45727965235710144
Hum_XLOC_000430,HEK293FT,0.0,0.3749402165412903
Hum_XLOC_000436,HEK293FT,0.0,0.6612251996994019
Hum_XLOC_000437,HEK293FT,0.0,0.5158485770225525
Hum_XLOC_000456,HEK293FT,1.0,0.8161812424659729
Hum_XLOC_000461,HEK293FT,0.0,0.608271062374115
Hum_XLOC_000462,HEK293FT,0.0,0.6772682666778564
Hum_XLOC_000465,HEK293FT,0.0,0.512471079826355
Hum_XLOC_000472,HEK293FT,0.0,0.698867917060852
Hum_XLOC_000474,HEK293FT,0.0,0.4736790657043457
Hum_XLOC_000478,HEK293FT,0.0,0.6197462677955627
Hum_XLOC_000486,HEK293FT,0.0,0.5257655382156372
Hum_XLOC_000490,HEK293FT,0.0,0.3316168785095215
Hum_XLOC_000498,HEK293FT,0.0,0.5576528310775757
Hum_XLOC_000500,HEK293FT,0.0,0.5387775897979736
Hum_XLOC_000510,HEK293FT,0.0,0.41214653849601746
Hum_XLOC_000535,HEK293FT,0.0,0.7026562094688416
Hum_XLOC_000540,HEK293FT,0.0,0.33783474564552307
Hum_XLOC_000556,HEK293FT,0.0,0.35838648676872253
Hum_XLOC_000574,HEK293FT,0.0,0.6011297106742859
Hum_XLOC_000575,HEK293FT,0.0,0.3960326313972473
Hum_XLOC_000582,HEK293FT,0.0,0.18342292308807373
Hum_XLOC_000590,HEK293FT,0.0,0.31721577048301697
Hum_XLOC_000601,HEK293FT,0.0,0.37708163261413574
Hum_XLOC_000604,HEK293FT,0.0,0.3809543251991272
Hum_XLOC_000608,HEK293FT,1.0,0.5093926191329956
Hum_XLOC_000612,HEK293FT,0.0,0.25393733382225037
Hum_XLOC_000636,HEK293FT,0.0,0.7551877498626709
Hum_XLOC_000638,HEK293FT,0.0,0.6455954909324646
Hum_XLOC_000641,HEK293FT,0.0,0.4598503112792969
Hum_XLOC_000655,HEK293FT,1.0,0.5261668562889099
Hum_XLOC_000668,HEK293FT,0.0,0.5455372929573059
Hum_XLOC_000680,HEK293FT,0.0,0.29735568165779114
Hum_XLOC_000681,HEK293FT,0.0,0.39470499753952026
Hum_XLOC_000695,HEK293FT,0.0,0.47318795323371887
Hum_XLOC_000702,HEK293FT,0.0,0.5347704291343689
Hum_XLOC_000726,HEK293FT,0.0,0.576161801815033
Hum_XLOC_000727,HEK293FT,0.0,0.33758142590522766
Hum_XLOC_000758,HEK293FT,0.0,0.4509291648864746
Hum_XLOC_000773,HEK293FT,0.0,0.42938193678855896
Hum_XLOC_000774,HEK293FT,0.0,0.42749840021133423
Hum_XLOC_000797,HEK293FT,0.0,0.6242308020591736
Hum_XLOC_000799,HEK293FT,0.0,0.5706149339675903
Hum_XLOC_000800,HEK293FT,0.0,0.5053654909133911
Hum_XLOC_000807,HEK293FT,0.0,0.4961796700954437
Hum_XLOC_000818,HEK293FT,1.0,0.45800504088401794
Hum_XLOC_000828,HEK293FT,0.0,0.5235963463783264
Hum_XLOC_000831,HEK293FT,0.0,0.4093833863735199
Hum_XLOC_000835,HEK293FT,0.0,0.35295239090919495
Hum_XLOC_000840,HEK293FT,0.0,0.5980926156044006
Hum_XLOC_000841,HEK293FT,1.0,0.3330959975719452
Hum_XLOC_000842,HEK293FT,0.0,0.28261682391166687
Hum_XLOC_000854,HEK293FT,0.0,0.467400461435318
Hum_XLOC_000855,HEK293FT,0.0,0.23946677148342133
Hum_XLOC_000883,HEK293FT,0.0,0.2961685359477997
Hum_XLOC_000885,HEK293FT,0.0,0.3395127058029175
Hum_XLOC_000905,HEK293FT,0.0,0.2527908682823181
Hum_XLOC_000917,HEK293FT,0.0,0.22344447672367096
Hum_XLOC_000925,HEK293FT,0.0,0.36999356746673584
Hum_XLOC_000944,HEK293FT,0.0,0.45635756850242615
Hum_XLOC_000949,HEK293FT,0.0,0.3429718315601349
Hum_XLOC_000953,HEK293FT,0.0,0.4867435395717621
Hum_XLOC_000964,HEK293FT,0.0,0.6522692441940308
Hum_XLOC_000990,HEK293FT,0.0,0.3795583248138428
Hum_XLOC_000994,HEK293FT,0.0,0.6899874806404114
Hum_XLOC_001020,HEK293FT,0.0,0.22455589473247528
Hum_XLOC_001029,HEK293FT,0.0,0.493117094039917
Hum_XLOC_001066,HEK293FT,0.0,0.3830927014350891
Hum_XLOC_001120,HEK293FT,0.0,0.5536068081855774
Hum_XLOC_001121,HEK293FT,0.0,0.48177608847618103
Hum_XLOC_001122,HEK293FT,0.0,0.6477646827697754
Hum_XLOC_001125,HEK293FT,0.0,0.7070778012275696
Hum_XLOC_001132,HEK293FT,0.0,0.5230751633644104
Hum_XLOC_001138,HEK293FT,0.0,0.30467236042022705
Hum_XLOC_001144,HEK293FT,0.0,0.3914647400379181
Hum_XLOC_001146,HEK293FT,0.0,0.46616294980049133
Hum_XLOC_001188,HEK293FT,0.0,0.3028048872947693
Hum_XLOC_001191,HEK293FT,0.0,0.5026036500930786
Hum_XLOC_001192,HEK293FT,0.0,0.5100275278091431
Hum_XLOC_001217,HEK293FT,0.0,0.3140849471092224
Hum_XLOC_001222,HEK293FT,0.0,0.1837083101272583
Hum_XLOC_001228,HEK293FT,0.0,0.3571145534515381
Hum_XLOC_001230,HEK293FT,0.0,0.31030240654945374
Hum_XLOC_001237,HEK293FT,0.0,0.39255210757255554
Hum_XLOC_001243,HEK293FT,0.0,0.7080399394035339
Hum_XLOC_001275,HEK293FT,0.0,0.3473108112812042
Hum_XLOC_001279,HEK293FT,0.0,0.5529534816741943
Hum_XLOC_001291,HEK293FT,0.0,0.5004000067710876
Hum_XLOC_001296,HEK293FT,0.0,0.5866529941558838
Hum_XLOC_001297,HEK293FT,0.0,0.5337122678756714
Hum_XLOC_001309,HEK293FT,0.0,0.502583384513855
Hum_XLOC_001329,HEK293FT,0.0,0.45194193720817566
Hum_XLOC_001330,HEK293FT,0.0,0.4063526690006256
Hum_XLOC_001355,HEK293FT,0.0,0.4004947543144226
Hum_XLOC_001366,HEK293FT,0.0,0.4844744801521301
Hum_XLOC_001367,HEK293FT,0.0,0.5376518964767456
Hum_XLOC_001375,HEK293FT,0.0,0.4479909837245941
Hum_XLOC_001390,HEK293FT,0.0,0.10383139550685883
Hum_XLOC_001405,HEK293FT,0.0,0.6063476800918579
Hum_XLOC_001461,HEK293FT,0.0,0.5055497884750366
Hum_XLOC_001465,HEK293FT,0.0,0.3670194745063782
Hum_XLOC_001488,HEK293FT,0.0,0.2772327661514282
Hum_XLOC_001490,HEK293FT,0.0,0.6302962899208069
Hum_XLOC_001509,HEK293FT,0.0,0.4661761224269867
Hum_XLOC_001516,HEK293FT,0.0,0.470226526260376
Hum_XLOC_001532,HEK293FT,0.0,0.5848559737205505
Hum_XLOC_001539,HEK293FT,0.0,0.4988877475261688
Hum_XLOC_001541,HEK293FT,0.0,0.566209077835083
Hum_XLOC_001542,HEK293FT,0.0,0.5939767360687256
Hum_XLOC_001548,HEK293FT,0.0,0.531356155872345
Hum_XLOC_001559,HEK293FT,0.0,0.4330889880657196
Hum_XLOC_001565,HEK293FT,0.0,0.46342089772224426
Hum_XLOC_001566,HEK293FT,0.0,0.6235730648040771
Hum_XLOC_001575,HEK293FT,0.0,0.5962554216384888
Hum_XLOC_001580,HEK293FT,0.0,0.36600080132484436
Hum_XLOC_001590,HEK293FT,0.0,0.5635576844215393
Hum_XLOC_001615,HEK293FT,0.0,0.4553159475326538
Hum_XLOC_001624,HEK293FT,0.0,0.6114786863327026
Hum_XLOC_001639,HEK293FT,0.0,0.47256189584732056
Hum_XLOC_001661,HEK293FT,0.0,0.5141408443450928
Hum_XLOC_001666,HEK293FT,0.0,0.19791068136692047
Hum_XLOC_001668,HEK293FT,0.0,0.335527241230011
Hum_XLOC_001688,HEK293FT,0.0,0.42185530066490173
Hum_XLOC_001689,HEK293FT,0.0,0.359246164560318
Hum_XLOC_001695,HEK293FT,0.0,0.6809954643249512
Hum_XLOC_001696,HEK293FT,0.0,0.33186227083206177
Hum_XLOC_001698,HEK293FT,0.0,0.4798351228237152
Hum_XLOC_001707,HEK293FT,0.0,0.5981723666191101
Hum_XLOC_001760,HEK293FT,0.0,0.4062073230743408
Hum_XLOC_001761,HEK293FT,0.0,0.48279136419296265
Hum_XLOC_001773,HEK293FT,0.0,0.567553699016571
Hum_XLOC_001775,HEK293FT,0.0,0.4800523817539215
Hum_XLOC_001779,HEK293FT,0.0,0.6338387131690979
Hum_XLOC_001783,HEK293FT,0.0,0.3059711456298828
Hum_XLOC_001791,HEK293FT,0.0,0.5634634494781494
Hum_XLOC_001805,HEK293FT,0.0,0.711139976978302
Hum_XLOC_001809,HEK293FT,0.0,0.29718339443206787
Hum_XLOC_001848,HEK293FT,0.0,0.6922894716262817
Hum_XLOC_001919,HEK293FT,0.0,0.44025078415870667
Hum_XLOC_001941,HEK293FT,0.0,0.4047534465789795
Hum_XLOC_001942,HEK293FT,0.0,0.45859214663505554
Hum_XLOC_001949,HEK293FT,0.0,0.3710474967956543
Hum_XLOC_001950,HEK293FT,0.0,0.6812583208084106
Hum_XLOC_001953,HEK293FT,0.0,0.34671470522880554
Hum_XLOC_001957,HEK293FT,0.0,0.45959433913230896
Hum_XLOC_001961,HEK293FT,0.0,0.5906695127487183
Hum_XLOC_001969,HEK293FT,0.0,0.32718390226364136
Hum_XLOC_002024,HEK293FT,0.0,0.49608558416366577
Hum_XLOC_002028,HEK293FT,0.0,0.615877091884613
Hum_XLOC_002033,HEK293FT,0.0,0.524692714214325
Hum_XLOC_002036,HEK293FT,0.0,0.5316767692565918
Hum_XLOC_002037,HEK293FT,0.0,0.5599757432937622
Hum_XLOC_002041,HEK293FT,0.0,0.3642386198043823
Hum_XLOC_002059,HEK293FT,0.0,0.6874101758003235
Hum_XLOC_002061,HEK293FT,0.0,0.6275933980941772
Hum_XLOC_002068,HEK293FT,0.0,0.20527666807174683
Hum_XLOC_002081,HEK293FT,0.0,0.4968203604221344
Hum_XLOC_002093,HEK293FT,0.0,0.5902950763702393
Hum_XLOC_002099,HEK293FT,0.0,0.37481409311294556
Hum_XLOC_002144,HEK293FT,0.0,0.5399561524391174
Hum_XLOC_002150,HEK293FT,0.0,0.3266281187534332
Hum_XLOC_002152,HEK293FT,0.0,0.6150650978088379
Hum_XLOC_002154,HEK293FT,0.0,0.5540627837181091
Hum_XLOC_002169,HEK293FT,1.0,0.47600680589675903
Hum_XLOC_002170,HEK293FT,0.0,0.350043386220932
Hum_XLOC_002176,HEK293FT,0.0,0.45162269473075867
Hum_XLOC_002178,HEK293FT,0.0,0.35687893629074097
Hum_XLOC_002186,HEK293FT,0.0,0.3972834646701813
Hum_XLOC_002204,HEK293FT,1.0,0.5489052534103394
Hum_XLOC_002205,HEK293FT,1.0,0.36481496691703796
Hum_XLOC_002219,HEK293FT,1.0,0.5662761926651001
Hum_XLOC_002244,HEK293FT,0.0,0.47027966380119324
Hum_XLOC_002252,HEK293FT,0.0,0.4584451913833618
Hum_XLOC_002261,HEK293FT,0.0,0.4984498620033264
Hum_XLOC_002262,HEK293FT,0.0,0.3577691614627838
Hum_XLOC_002265,HEK293FT,0.0,0.6693028211593628
Hum_XLOC_002271,HEK293FT,0.0,0.39212411642074585
Hum_XLOC_002280,HEK293FT,0.0,0.5458847880363464
Hum_XLOC_002282,HEK293FT,0.0,0.5531290769577026
Hum_XLOC_002283,HEK293FT,0.0,0.4576418101787567
Hum_XLOC_002284,HEK293FT,0.0,0.7398707270622253
Hum_XLOC_002294,HEK293FT,0.0,0.7412145733833313
Hum_XLOC_002296,HEK293FT,0.0,0.39196571707725525
Hum_XLOC_002299,HEK293FT,0.0,0.6533753871917725
Hum_XLOC_002301,HEK293FT,0.0,0.5312349200248718
Hum_XLOC_002306,HEK293FT,0.0,0.6051124930381775
Hum_XLOC_002311,HEK293FT,1.0,0.4476590156555176
Hum_XLOC_002313,HEK293FT,0.0,0.5499934554100037
Hum_XLOC_002314,HEK293FT,0.0,0.5600067377090454
Hum_XLOC_002327,HEK293FT,0.0,0.5144397020339966
Hum_XLOC_002330,HEK293FT,0.0,0.29880237579345703
Hum_XLOC_002338,HEK293FT,0.0,0.5473012924194336
Hum_XLOC_002344,HEK293FT,0.0,0.4910839796066284
Hum_XLOC_002347,HEK293FT,0.0,0.43735942244529724
Hum_XLOC_002348,HEK293FT,0.0,0.5157854557037354
Hum_XLOC_002362,HEK293FT,0.0,0.42653173208236694
Hum_XLOC_002364,HEK293FT,0.0,0.24841386079788208
Hum_XLOC_002383,HEK293FT,0.0,0.3198128342628479
Hum_XLOC_002386,HEK293FT,0.0,0.26650142669677734
Hum_XLOC_002390,HEK293FT,0.0,0.6134286522865295
Hum_XLOC_002394,HEK293FT,0.0,0.2761981785297394
Hum_XLOC_002398,HEK293FT,0.0,0.5002374649047852
Hum_XLOC_002399,HEK293FT,0.0,0.22233031690120697
Hum_XLOC_002408,HEK293FT,0.0,0.38176167011260986
Hum_XLOC_002414,HEK293FT,0.0,0.6831934452056885
Hum_XLOC_002418,HEK293FT,0.0,0.6343367099761963
Hum_XLOC_002435,HEK293FT,0.0,0.23193930089473724
Hum_XLOC_002440,HEK293FT,1.0,0.6029634475708008
Hum_XLOC_002489,HEK293FT,0.0,0.38956692814826965
Hum_XLOC_002490,HEK293FT,0.0,0.30592572689056396
Hum_XLOC_002493,HEK293FT,0.0,0.5382979512214661
Hum_XLOC_002520,HEK293FT,0.0,0.6607356071472168
Hum_XLOC_002524,HEK293FT,0.0,0.47089439630508423
Hum_XLOC_002546,HEK293FT,0.0,0.5908519625663757
Hum_XLOC_002560,HEK293FT,0.0,0.5235864520072937
Hum_XLOC_002570,HEK293FT,0.0,0.561270534992218
Hum_XLOC_002577,HEK293FT,0.0,0.6186580061912537
Hum_XLOC_002579,HEK293FT,0.0,0.5539888143539429
Hum_XLOC_002586,HEK293FT,0.0,0.17526184022426605
Hum_XLOC_002589,HEK293FT,0.0,0.5102460384368896
Hum_XLOC_002629,HEK293FT,0.0,0.43221157789230347
Hum_XLOC_002631,HEK293FT,0.0,0.4936375617980957
Hum_XLOC_002635,HEK293FT,0.0,0.42372819781303406
Hum_XLOC_002644,HEK293FT,0.0,0.37850698828697205
Hum_XLOC_002646,HEK293FT,0.0,0.42888492345809937
Hum_XLOC_002653,HEK293FT,0.0,0.3799116909503937
Hum_XLOC_002681,HEK293FT,0.0,0.4763932228088379
Hum_XLOC_002695,HEK293FT,0.0,0.36009740829467773
Hum_XLOC_002702,HEK293FT,0.0,0.1873817890882492
Hum_XLOC_002705,HEK293FT,0.0,0.6067406535148621
Hum_XLOC_002711,HEK293FT,0.0,0.49260130524635315
Hum_XLOC_002714,HEK293FT,0.0,0.3756245970726013
Hum_XLOC_002717,HEK293FT,0.0,0.45287102460861206
Hum_XLOC_002725,HEK293FT,0.0,0.6813435554504395
Hum_XLOC_002741,HEK293FT,0.0,0.7447710037231445
Hum_XLOC_002742,HEK293FT,0.0,0.6275104880332947
Hum_XLOC_002744,HEK293FT,0.0,0.4787018299102783
Hum_XLOC_002760,HEK293FT,0.0,0.5700832605361938
Hum_XLOC_002788,HEK293FT,0.0,0.5719252824783325
Hum_XLOC_002792,HEK293FT,1.0,0.5457725524902344
Hum_XLOC_002796,HEK293FT,0.0,0.5827087163925171
Hum_XLOC_002817,HEK293FT,0.0,0.43054500222206116
Hum_XLOC_002836,HEK293FT,0.0,0.5977618098258972
Hum_XLOC_002844,HEK293FT,1.0,0.5824057459831238
Hum_XLOC_002845,HEK293FT,0.0,0.6202505230903625
Hum_XLOC_002859,HEK293FT,0.0,0.49117356538772583
Hum_XLOC_002889,HEK293FT,0.0,0.4873553514480591
Hum_XLOC_002911,HEK293FT,0.0,0.5759614109992981
Hum_XLOC_002935,HEK293FT,0.0,0.4432315230369568
Hum_XLOC_002937,HEK293FT,0.0,0.5073251128196716
Hum_XLOC_002967,HEK293FT,0.0,0.6228432655334473
Hum_XLOC_002983,HEK293FT,0.0,0.5071131587028503
Hum_XLOC_002986,HEK293FT,0.0,0.5575517416000366
Hum_XLOC_002990,HEK293FT,0.0,0.7521847486495972
Hum_XLOC_003039,HEK293FT,0.0,0.5884915590286255
Hum_XLOC_003061,HEK293FT,0.0,0.5834724307060242
Hum_XLOC_003086,HEK293FT,0.0,0.5648334622383118
Hum_XLOC_003099,HEK293FT,0.0,0.4563208222389221
Hum_XLOC_003109,HEK293FT,0.0,0.5083498954772949
Hum_XLOC_003128,HEK293FT,0.0,0.630144476890564
Hum_XLOC_003134,HEK293FT,0.0,0.601935088634491
Hum_XLOC_003137,HEK293FT,0.0,0.36025530099868774
Hum_XLOC_003154,HEK293FT,0.0,0.45599034428596497
Hum_XLOC_003155,HEK293FT,0.0,0.5339199900627136
Hum_XLOC_003171,HEK293FT,0.0,0.45455050468444824
Hum_XLOC_003209,HEK293FT,0.0,0.3527895510196686
Hum_XLOC_003215,HEK293FT,0.0,0.4840535819530487
Hum_XLOC_003221,HEK293FT,0.0,0.4179617762565613
Hum_XLOC_003232,HEK293FT,0.0,0.505346417427063
Hum_XLOC_003268,HEK293FT,0.0,0.5011451840400696
Hum_XLOC_003269,HEK293FT,0.0,0.5014750361442566
Hum_XLOC_003286,HEK293FT,0.0,0.6928615570068359
Hum_XLOC_003290,HEK293FT,0.0,0.14340823888778687
Hum_XLOC_003294,HEK293FT,0.0,0.3745749294757843
Hum_XLOC_003321,HEK293FT,0.0,0.8156513571739197
Hum_XLOC_003324,HEK293FT,0.0,0.4983026385307312
Hum_XLOC_003334,HEK293FT,0.0,0.44737929105758667
Hum_XLOC_003337,HEK293FT,0.0,0.5975759625434875
Hum_XLOC_003338,HEK293FT,0.0,0.4805702865123749
Hum_XLOC_003352,HEK293FT,0.0,0.6593070030212402
Hum_XLOC_003357,HEK293FT,0.0,0.22017112374305725
Hum_XLOC_003361,HEK293FT,0.0,0.4131849408149719
Hum_XLOC_003371,HEK293FT,0.0,0.2707207202911377
Hum_XLOC_003381,HEK293FT,0.0,0.5004559755325317
Hum_XLOC_003408,HEK293FT,0.0,0.4182426333427429
Hum_XLOC_003436,HEK293FT,0.0,0.2864309549331665
Hum_XLOC_003440,HEK293FT,0.0,0.41831207275390625
Hum_XLOC_003450,HEK293FT,0.0,0.5993224382400513
Hum_XLOC_003466,HEK293FT,0.0,0.424758642911911
Hum_XLOC_003488,HEK293FT,0.0,0.4152931571006775
Hum_XLOC_003491,HEK293FT,0.0,0.5805991291999817
Hum_XLOC_003497,HEK293FT,0.0,0.5502719879150391
Hum_XLOC_003498,HEK293FT,0.0,0.582385241985321
Hum_XLOC_003502,HEK293FT,0.0,0.5147919654846191
Hum_XLOC_003518,HEK293FT,0.0,0.4507491886615753
Hum_XLOC_003532,HEK293FT,0.0,0.31500542163848877
Hum_XLOC_003543,HEK293FT,0.0,0.15909618139266968
Hum_XLOC_003554,HEK293FT,0.0,0.3944724500179291
Hum_XLOC_003563,HEK293FT,0.0,0.4536651372909546
Hum_XLOC_003567,HEK293FT,0.0,0.5949617028236389
Hum_XLOC_003568,HEK293FT,1.0,0.4270564317703247
Hum_XLOC_003570,HEK293FT,0.0,0.12195804715156555
Hum_XLOC_003571,HEK293FT,0.0,0.4113740921020508
Hum_XLOC_003593,HEK293FT,0.0,0.5846127867698669
Hum_XLOC_003594,HEK293FT,0.0,0.4965343475341797
Hum_XLOC_003598,HEK293FT,0.0,0.3551110029220581
Hum_XLOC_003626,HEK293FT,0.0,0.31788963079452515
Hum_XLOC_003628,HEK293FT,0.0,0.33816856145858765
Hum_XLOC_003630,HEK293FT,0.0,0.4580661356449127
Hum_XLOC_003641,HEK293FT,0.0,0.6178545355796814
Hum_XLOC_003662,HEK293FT,0.0,0.6111160516738892
Hum_XLOC_003665,HEK293FT,0.0,0.7644457221031189
Hum_XLOC_003672,HEK293FT,0.0,0.6287751793861389
Hum_XLOC_003673,HEK293FT,0.0,0.3451315462589264
Hum_XLOC_003674,HEK293FT,0.0,0.4764847755432129
Hum_XLOC_003676,HEK293FT,0.0,0.5638281106948853
Hum_XLOC_003686,HEK293FT,0.0,0.470259428024292
Hum_XLOC_003697,HEK293FT,0.0,0.36838945746421814
Hum_XLOC_003717,HEK293FT,0.0,0.3131595551967621
Hum_XLOC_003725,HEK293FT,0.0,0.5460532903671265
Hum_XLOC_003743,HEK293FT,0.0,0.40526482462882996
Hum_XLOC_003754,HEK293FT,0.0,0.6151446104049683
Hum_XLOC_003766,HEK293FT,0.0,0.8369136452674866
Hum_XLOC_003775,HEK293FT,0.0,0.652655839920044
Hum_XLOC_003790,HEK293FT,0.0,0.4247199594974518
Hum_XLOC_003799,HEK293FT,0.0,0.5089955925941467
Hum_XLOC_003853,HEK293FT,0.0,0.3581325113773346
Hum_XLOC_003865,HEK293FT,0.0,0.497897207736969
Hum_XLOC_003871,HEK293FT,0.0,0.43970051407814026
Hum_XLOC_003891,HEK293FT,0.0,0.6050798296928406
Hum_XLOC_003892,HEK293FT,0.0,0.34546414017677307
Hum_XLOC_003910,HEK293FT,0.0,0.8231217265129089
Hum_XLOC_003911,HEK293FT,0.0,0.6141704320907593
Hum_XLOC_003952,HEK293FT,0.0,0.5625056624412537
Hum_XLOC_003971,HEK293FT,0.0,0.5679910778999329
Hum_XLOC_003988,HEK293FT,0.0,0.32956963777542114
Hum_XLOC_004020,HEK293FT,0.0,0.27885061502456665
Hum_XLOC_004035,HEK293FT,0.0,0.6411740183830261
Hum_XLOC_004036,HEK293FT,0.0,0.8172812461853027
Hum_XLOC_004048,HEK293FT,0.0,0.5247399210929871
Hum_XLOC_004068,HEK293FT,0.0,0.354136198759079
Hum_XLOC_004069,HEK293FT,0.0,0.2600904703140259
Hum_XLOC_004095,HEK293FT,0.0,0.6931042671203613
Hum_XLOC_004096,HEK293FT,0.0,0.752892255783081
Hum_XLOC_004116,HEK293FT,0.0,0.799446165561676
Hum_XLOC_004123,HEK293FT,0.0,0.3520592749118805
Hum_XLOC_004134,HEK293FT,0.0,0.3996618390083313
Hum_XLOC_004161,HEK293FT,0.0,0.4249163568019867
Hum_XLOC_004168,HEK293FT,0.0,0.457116961479187
Hum_XLOC_004169,HEK293FT,0.0,0.45924535393714905
Hum_XLOC_004177,HEK293FT,0.0,0.44702622294425964
Hum_XLOC_004200,HEK293FT,0.0,0.1263221651315689
Hum_XLOC_004201,HEK293FT,0.0,0.37198349833488464
Hum_XLOC_004219,HEK293FT,1.0,0.4089520573616028
Hum_XLOC_004226,HEK293FT,0.0,0.26121005415916443
Hum_XLOC_004227,HEK293FT,1.0,0.3032599091529846
Hum_XLOC_004236,HEK293FT,0.0,0.45620816946029663
Hum_XLOC_004254,HEK293FT,1.0,0.6769945025444031
Hum_XLOC_004255,HEK293FT,0.0,0.6312165260314941
Hum_XLOC_004262,HEK293FT,1.0,0.6293915510177612
Hum_XLOC_004269,HEK293FT,0.0,0.43167805671691895
Hum_XLOC_004277,HEK293FT,0.0,0.42588233947753906
Hum_XLOC_004278,HEK293FT,0.0,0.4358982741832733
Hum_XLOC_004282,HEK293FT,0.0,0.4860494136810303
Hum_XLOC_004287,HEK293FT,0.0,0.6683100461959839
Hum_XLOC_004293,HEK293FT,0.0,0.48739659786224365
Hum_XLOC_004302,HEK293FT,0.0,0.6771805882453918
Hum_XLOC_004303,HEK293FT,0.0,0.3723299205303192
Hum_XLOC_004306,HEK293FT,0.0,0.38997289538383484
Hum_XLOC_004309,HEK293FT,0.0,0.4438539147377014
Hum_XLOC_004314,HEK293FT,0.0,0.5450102090835571
Hum_XLOC_004317,HEK293FT,0.0,0.5108321905136108
Hum_XLOC_004336,HEK293FT,0.0,0.42444342374801636
Hum_XLOC_004343,HEK293FT,0.0,0.3994416296482086
Hum_XLOC_004350,HEK293FT,0.0,0.4539482593536377
Hum_XLOC_004361,HEK293FT,0.0,0.3245556056499481
Hum_XLOC_004363,HEK293FT,0.0,0.4711613357067108
Hum_XLOC_004401,HEK293FT,0.0,0.22535085678100586
Hum_XLOC_004405,HEK293FT,0.0,0.5225342512130737
Hum_XLOC_004407,HEK293FT,0.0,0.3909616768360138
Hum_XLOC_004424,HEK293FT,1.0,0.6883146166801453
Hum_XLOC_004437,HEK293FT,0.0,0.4664994478225708
Hum_XLOC_004446,HEK293FT,0.0,0.5948041677474976
Hum_XLOC_004457,HEK293FT,0.0,0.7794829607009888
Hum_XLOC_004482,HEK293FT,0.0,0.5780284404754639
Hum_XLOC_004502,HEK293FT,0.0,0.4034547507762909
Hum_XLOC_004515,HEK293FT,0.0,0.43763870000839233
Hum_XLOC_004529,HEK293FT,0.0,0.5886445045471191
Hum_XLOC_004535,HEK293FT,0.0,0.3915078341960907
Hum_XLOC_004553,HEK293FT,0.0,0.6695754528045654
Hum_XLOC_004566,HEK293FT,0.0,0.46338167786598206
Hum_XLOC_004567,HEK293FT,0.0,0.5610639452934265
Hum_XLOC_004572,HEK293FT,0.0,0.7911252379417419
Hum_XLOC_004578,HEK293FT,0.0,0.36442071199417114
Hum_XLOC_004580,HEK293FT,0.0,0.44129863381385803
Hum_XLOC_004581,HEK293FT,0.0,0.2993079721927643
Hum_XLOC_004587,HEK293FT,0.0,0.6295589208602905
Hum_XLOC_004600,HEK293FT,0.0,0.7672473192214966
Hum_XLOC_004601,HEK293FT,1.0,0.3378804624080658
Hum_XLOC_004607,HEK293FT,0.0,0.5246719717979431
Hum_XLOC_004617,HEK293FT,0.0,0.3420208692550659
Hum_XLOC_004619,HEK293FT,0.0,0.48319536447525024
Hum_XLOC_004620,HEK293FT,0.0,0.7084141373634338
Hum_XLOC_004632,HEK293FT,0.0,0.48660996556282043
Hum_XLOC_004636,HEK293FT,1.0,0.8518399596214294
Hum_XLOC_004652,HEK293FT,0.0,0.4009687602519989
Hum_XLOC_004653,HEK293FT,0.0,0.5315893888473511
Hum_XLOC_004657,HEK293FT,1.0,0.5948216915130615
Hum_XLOC_004661,HEK293FT,0.0,0.5924999117851257
Hum_XLOC_004683,HEK293FT,0.0,0.32283535599708557
Hum_XLOC_004684,HEK293FT,0.0,0.7197490334510803
Hum_XLOC_004688,HEK293FT,0.0,0.3761358857154846
Hum_XLOC_004689,HEK293FT,0.0,0.44572514295578003
Hum_XLOC_004705,HEK293FT,0.0,0.37000685930252075
Hum_XLOC_004717,HEK293FT,0.0,0.5608040690422058
Hum_XLOC_004718,HEK293FT,0.0,0.5539277791976929
Hum_XLOC_004733,HEK293FT,0.0,0.6178834438323975
Hum_XLOC_004741,HEK293FT,0.0,0.2324553281068802
Hum_XLOC_004762,HEK293FT,0.0,0.6698618531227112
Hum_XLOC_004771,HEK293FT,0.0,0.3628249764442444
Hum_XLOC_004777,HEK293FT,0.0,0.3893709182739258
Hum_XLOC_004788,HEK293FT,0.0,0.5460847616195679
Hum_XLOC_004791,HEK293FT,0.0,0.3516065776348114
Hum_XLOC_004795,HEK293FT,0.0,0.5268832445144653
Hum_XLOC_004803,HEK293FT,0.0,0.6269184947013855
Hum_XLOC_004805,HEK293FT,0.0,0.38187095522880554
Hum_XLOC_004813,HEK293FT,0.0,0.3222101926803589
Hum_XLOC_004815,HEK293FT,0.0,0.3508493900299072
Hum_XLOC_004822,HEK293FT,0.0,0.4075051546096802
Hum_XLOC_004823,HEK293FT,0.0,0.3441436290740967
Hum_XLOC_004827,HEK293FT,0.0,0.38844218850135803
Hum_XLOC_004837,HEK293FT,0.0,0.5249049663543701
Hum_XLOC_004839,HEK293FT,0.0,0.5506446957588196
Hum_XLOC_004855,HEK293FT,0.0,0.4102846086025238
Hum_XLOC_004874,HEK293FT,0.0,0.3599777817726135
Hum_XLOC_004875,HEK293FT,0.0,0.458974152803421
Hum_XLOC_004878,HEK293FT,0.0,0.509028434753418
Hum_XLOC_004884,HEK293FT,0.0,0.43800291419029236
Hum_XLOC_004911,HEK293FT,0.0,0.47872722148895264
Hum_XLOC_004915,HEK293FT,0.0,0.6831086874008179
Hum_XLOC_004927,HEK293FT,0.0,0.22184520959854126
Hum_XLOC_004929,HEK293FT,0.0,0.4216632843017578
Hum_XLOC_004936,HEK293FT,0.0,0.28455835580825806
Hum_XLOC_004957,HEK293FT,0.0,0.2387104481458664
Hum_XLOC_004960,HEK293FT,0.0,0.557496964931488
Hum_XLOC_004965,HEK293FT,0.0,0.3241891860961914
Hum_XLOC_000006,K562,0.0,0.5030628442764282
Hum_XLOC_000008,K562,0.0,0.6106499433517456
Hum_XLOC_000016,K562,0.0,0.7768787741661072
Hum_XLOC_000030,K562,0.0,0.6157034039497375
Hum_XLOC_000033,K562,0.0,0.4235011637210846
Hum_XLOC_000039,K562,0.0,0.7587239146232605
Hum_XLOC_000053,K562,0.0,0.6910845637321472
Hum_XLOC_000057,K562,1.0,0.6219569444656372
Hum_XLOC_000060,K562,1.0,0.8379408121109009
Hum_XLOC_000080,K562,0.0,0.37156346440315247
Hum_XLOC_000094,K562,0.0,0.5912382006645203
Hum_XLOC_000100,K562,1.0,0.6478408575057983
Hum_XLOC_000105,K562,0.0,0.3842540979385376
Hum_XLOC_000107,K562,0.0,0.4901278018951416
Hum_XLOC_000111,K562,1.0,0.5524109601974487
Hum_XLOC_000134,K562,0.0,0.6363764405250549
Hum_XLOC_000143,K562,1.0,0.7530776262283325
Hum_XLOC_000145,K562,0.0,0.7952505946159363
Hum_XLOC_000149,K562,0.0,0.4969519078731537
Hum_XLOC_000155,K562,1.0,0.23759184777736664
Hum_XLOC_000169,K562,0.0,0.593643069267273
Hum_XLOC_000170,K562,0.0,0.8022743463516235
Hum_XLOC_000194,K562,0.0,0.5784243941307068
Hum_XLOC_000201,K562,0.0,0.5154851078987122
Hum_XLOC_000231,K562,1.0,0.6266734600067139
Hum_XLOC_000233,K562,1.0,0.6780539155006409
Hum_XLOC_000245,K562,0.0,0.697634756565094
Hum_XLOC_000247,K562,0.0,0.6812807321548462
Hum_XLOC_000248,K562,0.0,0.4690360128879547
Hum_XLOC_000265,K562,0.0,0.5582621097564697
Hum_XLOC_000282,K562,0.0,0.559719443321228
Hum_XLOC_000286,K562,1.0,0.6242173314094543
Hum_XLOC_000292,K562,0.0,0.537733793258667
Hum_XLOC_000307,K562,0.0,0.4738479554653168
Hum_XLOC_000308,K562,0.0,0.49272581934928894
Hum_XLOC_000312,K562,1.0,0.7553133964538574
Hum_XLOC_000314,K562,0.0,0.35537877678871155
Hum_XLOC_000317,K562,0.0,0.4274523854255676
Hum_XLOC_000319,K562,0.0,0.30042487382888794
Hum_XLOC_000332,K562,0.0,0.8284151554107666
Hum_XLOC_000338,K562,0.0,0.5119829177856445
Hum_XLOC_000342,K562,0.0,0.8257407546043396
Hum_XLOC_000345,K562,0.0,0.667901337146759
Hum_XLOC_000362,K562,0.0,0.5707089900970459
Hum_XLOC_000377,K562,1.0,0.6064895391464233
Hum_XLOC_000390,K562,0.0,0.49093934893608093
Hum_XLOC_000394,K562,0.0,0.6530859470367432
Hum_XLOC_000411,K562,0.0,0.5265950560569763
Hum_XLOC_000415,K562,0.0,0.5375159382820129
Hum_XLOC_000430,K562,0.0,0.45278215408325195
Hum_XLOC_000436,K562,0.0,0.7291675806045532
Hum_XLOC_000437,K562,1.0,0.5950930714607239
Hum_XLOC_000456,K562,1.0,0.8596433401107788
Hum_XLOC_000461,K562,0.0,0.6817218065261841
Hum_XLOC_000462,K562,0.0,0.743242621421814
Hum_XLOC_000465,K562,0.0,0.5918309092521667
Hum_XLOC_000472,K562,0.0,0.7619785666465759
Hum_XLOC_000474,K562,0.0,0.5538561940193176
Hum_XLOC_000478,K562,0.0,0.6921342611312866
Hum_XLOC_000486,K562,0.0,0.6046309471130371
Hum_XLOC_000490,K562,0.0,0.40631118416786194
Hum_XLOC_000498,K562,0.0,0.6348978281021118
Hum_XLOC_000500,K562,1.0,0.6170552372932434
Hum_XLOC_000510,K562,0.0,0.4916372001171112
Hum_XLOC_000535,K562,0.0,0.7652395367622375
Hum_XLOC_000540,K562,0.0,0.41306400299072266
Hum_XLOC_000556,K562,0.0,0.435184508562088
Hum_XLOC_000574,K562,0.0,0.6752043962478638
Hum_XLOC_000575,K562,0.0,0.4749263525009155
Hum_XLOC_000582,K562,0.0,0.23655112087726593
Hum_XLOC_000590,K562,0.0,0.39056164026260376
Hum_XLOC_000601,K562,0.0,0.4550444483757019
Hum_XLOC_000604,K562,0.0,0.4591277837753296
Hum_XLOC_000608,K562,1.0,0.5888515114784241
Hum_XLOC_000612,K562,0.0,0.31949853897094727
Hum_XLOC_000636,K562,1.0,0.809708833694458
Hum_XLOC_000638,K562,0.0,0.7153230309486389
Hum_XLOC_000641,K562,0.0,0.5400886535644531
Hum_XLOC_000655,K562,0.0,0.6050156950950623
Hum_XLOC_000668,K562,0.0,0.6234694123268127
Hum_XLOC_000680,K562,0.0,0.3685886263847351
Hum_XLOC_000681,K562,0.0,0.47354161739349365
Hum_XLOC_000695,K562,0.0,0.5533693432807922
Hum_XLOC_000702,K562,0.0,0.6132398843765259
Hum_XLOC_000726,K562,0.0,0.6521904468536377
Hum_XLOC_000727,K562,0.0,0.41278937458992004
Hum_XLOC_000758,K562,0.0,0.5311415791511536
Hum_XLOC_000773,K562,0.0,0.5093168616294861
Hum_XLOC_000774,K562,0.0,0.5073944330215454
Hum_XLOC_000797,K562,0.0,0.6961836814880371
Hum_XLOC_000799,K562,0.0,0.6470291018486023
Hum_XLOC_000800,K562,0.0,0.5849452614784241
Hum_XLOC_000807,K562,0.0,0.5759972333908081
Hum_XLOC_000818,K562,0.0,0.5382421612739563
Hum_XLOC_000828,K562,0.0,0.6025497317314148
Hum_XLOC_000831,K562,0.0,0.48878440260887146
Hum_XLOC_000835,K562,0.0,0.4293651282787323
Hum_XLOC_000840,K562,0.0,0.6724239587783813
Hum_XLOC_000841,K562,0.0,0.4079200327396393
Hum_XLOC_000842,K562,0.0,0.35208818316459656
Hum_XLOC_000854,K562,1.0,0.5476207137107849
Hum_XLOC_000855,K562,0.0,0.30280840396881104
Hum_XLOC_000883,K562,0.0,0.3672655522823334
Hum_XLOC_000885,K562,0.0,0.4148813784122467
Hum_XLOC_000905,K562,0.0,0.31818243861198425
Hum_XLOC_000917,K562,0.0,0.28413125872612
Hum_XLOC_000925,K562,0.0,0.4475438594818115
Hum_XLOC_000944,K562,0.0,0.5365919470787048
Hum_XLOC_000949,K562,0.0,0.41862186789512634
Hum_XLOC_000953,K562,0.0,0.5667507648468018
Hum_XLOC_000964,K562,0.0,0.7212507724761963
Hum_XLOC_000990,K562,0.0,0.45765697956085205
Hum_XLOC_000994,K562,0.0,0.7543050050735474
Hum_XLOC_001020,K562,0.0,0.2854335606098175
Hum_XLOC_001029,K562,0.0,0.5730023980140686
Hum_XLOC_001066,K562,0.0,0.4613777697086334
Hum_XLOC_001120,K562,0.0,0.6310908794403076
Hum_XLOC_001121,K562,0.0,0.5618605613708496
Hum_XLOC_001122,K562,0.0,0.717252254486084
Hum_XLOC_001125,K562,0.0,0.7690364718437195
Hum_XLOC_001132,K562,0.0,0.6020492911338806
Hum_XLOC_001138,K562,0.0,0.3767181634902954
Hum_XLOC_001144,K562,0.0,0.47015684843063354
Hum_XLOC_001146,K562,0.0,0.5463884472846985
Hum_XLOC_001188,K562,0.0,0.3746470510959625
Hum_XLOC_001191,K562,0.0,0.5822604894638062
Hum_XLOC_001192,K562,0.0,0.5894664525985718
Hum_XLOC_001217,K562,0.0,0.3871174454689026
Hum_XLOC_001222,K562,0.0,0.23689517378807068
Hum_XLOC_001228,K562,0.0,0.4338243007659912
Hum_XLOC_001230,K562,0.0,0.3829464018344879
Hum_XLOC_001237,K562,0.0,0.4712936282157898
Hum_XLOC_001243,K562,0.0,0.7698612809181213
Hum_XLOC_001275,K562,0.0,0.4233013093471527
Hum_XLOC_001279,K562,0.0,0.6304753422737122
Hum_XLOC_001291,K562,0.0,0.5801149010658264
Hum_XLOC_001296,K562,1.0,0.6619040369987488
Hum_XLOC_001297,K562,0.0,0.6122307777404785
Hum_XLOC_001309,K562,0.0,0.5822405815124512
Hum_XLOC_001329,K562,0.0,0.5321599841117859
Hum_XLOC_001330,K562,0.0,0.4856491982936859
Hum_XLOC_001355,K562,0.0,0.47957155108451843
Hum_XLOC_001366,K562,0.0,0.564518928527832
Hum_XLOC_001367,K562,0.0,0.6159842610359192
Hum_XLOC_001375,K562,0.0,0.5281835198402405
Hum_XLOC_001390,K562,0.0,0.13779623806476593
Hum_XLOC_001405,K562,0.0,0.6799691915512085
Hum_XLOC_001461,K562,0.0,0.5851242542266846
Hum_XLOC_001465,K562,0.0,0.4443860650062561
Hum_XLOC_001488,K562,0.0,0.3460189402103424
Hum_XLOC_001490,K562,1.0,0.7016427516937256
Hum_XLOC_001509,K562,0.0,0.5464016795158386
Hum_XLOC_001516,K562,0.0,0.5504304766654968
Hum_XLOC_001532,K562,0.0,0.6602448225021362
Hum_XLOC_001539,K562,0.0,0.578640878200531
Hum_XLOC_001541,K562,0.0,0.6429166793823242
Hum_XLOC_001542,K562,0.0,0.6686475872993469
Hum_XLOC_001548,K562,0.0,0.6099814772605896
Hum_XLOC_001559,K562,0.0,0.5130934715270996
Hum_XLOC_001565,K562,1.0,0.5436552166938782
Hum_XLOC_001566,K562,0.0,0.6955904364585876
Hum_XLOC_001575,K562,0.0,0.670739471912384
Hum_XLOC_001580,K562,0.0,0.4433031678199768
Hum_XLOC_001590,K562,0.0,0.6404363512992859
Hum_XLOC_001615,K562,0.0,0.5355474948883057
Hum_XLOC_001624,K562,0.0,0.6846396923065186
Hum_XLOC_001639,K562,0.0,0.5527486205101013
Hum_XLOC_001661,K562,0.0,0.5934445261955261
Hum_XLOC_001666,K562,0.0,0.25393030047416687
Hum_XLOC_001668,K562,0.0,0.4105611741542816
Hum_XLOC_001688,K562,0.0,0.5016207098960876
Hum_XLOC_001689,K562,0.0,0.4361032247543335
Hum_XLOC_001695,K562,0.0,0.7464931011199951
Hum_XLOC_001696,K562,0.0,0.40657806396484375
Hum_XLOC_001698,K562,0.0,0.5599456429481506
Hum_XLOC_001707,K562,0.0,0.6724969148635864
Hum_XLOC_001760,K562,0.0,0.4854986071586609
Hum_XLOC_001761,K562,0.0,0.562861442565918
Hum_XLOC_001773,K562,0.0,0.6441729068756104
Hum_XLOC_001775,K562,0.0,0.5601601004600525
Hum_XLOC_001779,K562,0.0,0.704821765422821
Hum_XLOC_001783,K562,1.0,0.3781570494174957
Hum_XLOC_001791,K562,0.0,0.6403480768203735
Hum_XLOC_001805,K562,0.0,0.7725158929824829
Hum_XLOC_001809,K562,0.0,0.3683965802192688
Hum_XLOC_001848,K562,0.0,0.7562980055809021
Hum_XLOC_001919,K562,0.0,0.5203638076782227
Hum_XLOC_001941,K562,0.0,0.48399224877357483
Hum_XLOC_001942,K562,0.0,0.5388301014900208
Hum_XLOC_001949,K562,0.0,0.4486614167690277
Hum_XLOC_001950,K562,1.0,0.7467218637466431
Hum_XLOC_001953,K562,0.0,0.4226591885089874
Hum_XLOC_001957,K562,0.0,0.5398326516151428
Hum_XLOC_001961,K562,0.0,0.6656062006950378
Hum_XLOC_001969,K562,0.0,0.40147945284843445
Hum_XLOC_002024,K562,0.0,0.575905442237854
Hum_XLOC_002028,K562,0.0,0.688631534576416
Hum_XLOC_002033,K562,1.0,0.6036020517349243
Hum_XLOC_002036,K562,0.0,0.6102877855300903
Hum_XLOC_002037,K562,0.0,0.6370790600776672
Hum_XLOC_002041,K562,0.0,0.44142794609069824
Hum_XLOC_002059,K562,0.0,0.7520703077316284
Hum_XLOC_002061,K562,0.0,0.6992126703262329
Hum_XLOC_002068,K562,0.0,0.2626984119415283
Hum_XLOC_002081,K562,0.0,0.5766232013702393
Hum_XLOC_002093,K562,0.0,0.6652615070343018
Hum_XLOC_002099,K562,0.0,0.4526488482952118
Hum_XLOC_002144,K562,0.0,0.6181755065917969
Hum_XLOC_002150,K562,0.0,0.4008726477622986
Hum_XLOC_002152,K562,0.0,0.6878954172134399
Hum_XLOC_002154,K562,0.0,0.6315203905105591
Hum_XLOC_002169,K562,0.0,0.5561618208885193
Hum_XLOC_002170,K562,0.0,0.42624130845069885
Hum_XLOC_002176,K562,0.0,0.5318388938903809
Hum_XLOC_002178,K562,0.0,0.43357232213020325
Hum_XLOC_002186,K562,0.0,0.4762299656867981
Hum_XLOC_002204,K562,0.0,0.6266549825668335
Hum_XLOC_002205,K562,0.0,0.44204142689704895
Hum_XLOC_002219,K562,0.0,0.6429792642593384
Hum_XLOC_002244,K562,0.0,0.5504832863807678
Hum_XLOC_002252,K562,0.0,0.5386829376220703
Hum_XLOC_002261,K562,0.0,0.578213632106781
Hum_XLOC_002262,K562,0.0,0.43452438712120056
Hum_XLOC_002265,K562,0.0,0.7362714409828186
Hum_XLOC_002271,K562,0.0,0.4708462357521057
Hum_XLOC_002280,K562,0.0,0.6237982511520386
Hum_XLOC_002282,K562,0.0,0.6306407451629639
Hum_XLOC_002283,K562,0.0,0.5378785729408264
Hum_XLOC_002284,K562,1.0,0.7968856692314148
Hum_XLOC_002294,K562,0.0,0.7980153560638428
Hum_XLOC_002296,K562,0.0,0.47068074345588684
Hum_XLOC_002299,K562,0.0,0.7222307324409485
Hum_XLOC_002301,K562,0.0,0.6098657250404358
Hum_XLOC_002306,K562,0.0,0.6788427233695984
Hum_XLOC_002311,K562,0.0,0.5278489589691162
Hum_XLOC_002313,K562,0.0,0.6276828050613403
Hum_XLOC_002314,K562,1.0,0.6371080279350281
Hum_XLOC_002327,K562,0.0,0.5937330722808838
Hum_XLOC_002330,K562,0.0,0.3701992332935333
Hum_XLOC_002338,K562,0.0,0.6251387596130371
Hum_XLOC_002344,K562,0.0,0.571010947227478
Hum_XLOC_002347,K562,0.0,0.517432689666748
Hum_XLOC_002348,K562,0.0,0.5950321555137634
Hum_XLOC_002362,K562,0.0,0.5064069628715515
Hum_XLOC_002364,K562,0.0,0.3131476044654846
Hum_XLOC_002383,K562,0.0,0.3934132754802704
Hum_XLOC_002386,K562,0.0,0.3338549733161926
Hum_XLOC_002390,K562,0.0,0.6864108443260193
Hum_XLOC_002394,K562,0.0,0.344850093126297
Hum_XLOC_002398,K562,0.0,0.5799565315246582
Hum_XLOC_002399,K562,0.0,0.2828247547149658
Hum_XLOC_002408,K562,0.0,0.45997780561447144
Hum_XLOC_002414,K562,0.0,0.7484065890312195
Hum_XLOC_002418,K562,0.0,0.7052680253982544
Hum_XLOC_002435,K562,0.0,0.2940595746040344
Hum_XLOC_002440,K562,0.0,0.6768807172775269
Hum_XLOC_002489,K562,0.0,0.4681711494922638
Hum_XLOC_002490,K562,0.0,0.3781068027019501
Hum_XLOC_002493,K562,0.0,0.6165990233421326
Hum_XLOC_002520,K562,0.0,0.7287361025810242
Hum_XLOC_002524,K562,0.0,0.5510936379432678
Hum_XLOC_002546,K562,0.0,0.6657741069793701
Hum_XLOC_002560,K562,0.0,0.6025403738021851
Hum_XLOC_002570,K562,0.0,0.638293445110321
Hum_XLOC_002577,K562,0.0,0.6911500096321106
Hum_XLOC_002579,K562,0.0,0.6314505934715271
Hum_XLOC_002586,K562,0.0,0.2266823798418045
Hum_XLOC_002589,K562,1.0,0.589678168296814
Hum_XLOC_002629,K562,0.0,0.5122004747390747
Hum_XLOC_002631,K562,0.0,0.5735117197036743
Hum_XLOC_002635,K562,0.0,0.5035393834114075
Hum_XLOC_002644,K562,0.0,0.45654863119125366
Hum_XLOC_002646,K562,0.0,0.5088097453117371
Hum_XLOC_002653,K562,0.0,0.45802944898605347
Hum_XLOC_002681,K562,0.0,0.5565440654754639
Hum_XLOC_002695,K562,0.0,0.43701228499412537
Hum_XLOC_002702,K562,0.0,0.24131782352924347
Hum_XLOC_002705,K562,1.0,0.6803273558616638
Hum_XLOC_002711,K562,0.0,0.5724973082542419
Hum_XLOC_002714,K562,0.0,0.45350557565689087
Hum_XLOC_002717,K562,0.0,0.5330934524536133
Hum_XLOC_002725,K562,0.0,0.7467962503433228
Hum_XLOC_002741,K562,0.0,0.801000714302063
Hum_XLOC_002742,K562,0.0,0.6991379857063293
Hum_XLOC_002744,K562,0.0,0.5588265061378479
Hum_XLOC_002760,K562,0.0,0.6465334892272949
Hum_XLOC_002788,K562,0.0,0.6482500433921814
Hum_XLOC_002792,K562,0.0,0.6236921548843384
Hum_XLOC_002796,K562,0.0,0.6582595109939575
Hum_XLOC_002817,K562,0.0,0.5105027556419373
Hum_XLOC_002836,K562,0.0,0.6721206903457642
Hum_XLOC_002844,K562,0.0,0.6579792499542236
Hum_XLOC_002845,K562,0.0,0.6925901174545288
Hum_XLOC_002859,K562,0.0,0.571098804473877
Hum_XLOC_002889,K562,0.0,0.5673520565032959
Hum_XLOC_002911,K562,0.0,0.6520043015480042
Hum_XLOC_002935,K562,0.0,0.5233798623085022
Hum_XLOC_002937,K562,0.0,0.5868474841117859
Hum_XLOC_002967,K562,0.0,0.6949319243431091
Hum_XLOC_002983,K562,0.0,0.586641788482666
Hum_XLOC_002986,K562,0.0,0.6348026990890503
Hum_XLOC_002990,K562,0.0,0.807204008102417
Hum_XLOC_003039,K562,0.0,0.663599967956543
Hum_XLOC_003061,K562,1.0,0.6589658260345459
Hum_XLOC_003086,K562,0.0,0.641630232334137
Hum_XLOC_003099,K562,0.0,0.5365551114082336
Hum_XLOC_003109,K562,0.0,0.5878410339355469
Hum_XLOC_003128,K562,0.0,0.7015063762664795
Hum_XLOC_003134,K562,1.0,0.675940752029419
Hum_XLOC_003137,K562,0.0,0.43718090653419495
Hum_XLOC_003154,K562,0.0,0.5362238883972168
Hum_XLOC_003155,K562,0.0,0.6124288439750671
Hum_XLOC_003171,K562,0.0,0.5347796678543091
Hum_XLOC_003209,K562,0.0,0.429190456867218
Hum_XLOC_003215,K562,0.0,0.5641046166419983
Hum_XLOC_003221,K562,0.0,0.4976247549057007
Hum_XLOC_003232,K562,0.0,0.5849267840385437
Hum_XLOC_003268,K562,0.0,0.5808407664299011
Hum_XLOC_003269,K562,1.0,0.5811618566513062
Hum_XLOC_003286,K562,0.0,0.7567929625511169
Hum_XLOC_003290,K562,0.0,0.18760907649993896
Hum_XLOC_003294,K562,0.0,0.4523959159851074
Hum_XLOC_003321,K562,0.0,0.8592172265052795
Hum_XLOC_003324,K562,0.0,0.5780700445175171
Hum_XLOC_003334,K562,0.0,0.5275669097900391
Hum_XLOC_003337,K562,0.0,0.6719505190849304
Hum_XLOC_003338,K562,0.0,0.5606713891029358
Hum_XLOC_003352,K562,0.0,0.7274755835533142
Hum_XLOC_003357,K562,0.0,0.28028982877731323
Hum_XLOC_003361,K562,0.0,0.49270811676979065
Hum_XLOC_003371,K562,0.0,0.33864811062812805
Hum_XLOC_003381,K562,0.0,0.5801692605018616
Hum_XLOC_003408,K562,0.0,0.49791327118873596
Hum_XLOC_003436,K562,0.0,0.356374055147171
Hum_XLOC_003440,K562,0.0,0.49798476696014404
Hum_XLOC_003450,K562,1.0,0.6735504865646362
Hum_XLOC_003466,K562,0.0,0.5045939087867737
Hum_XLOC_003488,K562,0.0,0.49487999081611633
Hum_XLOC_003491,K562,0.0,0.6563066840171814
Hum_XLOC_003497,K562,0.0,0.6279459595680237
Hum_XLOC_003498,K562,0.0,0.6579602956771851
Hum_XLOC_003502,K562,0.0,0.5940732955932617
Hum_XLOC_003518,K562,0.0,0.5309605002403259
Hum_XLOC_003532,K562,0.0,0.388130784034729
Hum_XLOC_003543,K562,0.0,0.20696409046649933
Hum_XLOC_003554,K562,0.0,0.4732990264892578
Hum_XLOC_003563,K562,0.0,0.5338910222053528
Hum_XLOC_003567,K562,0.0,0.669552206993103
Hum_XLOC_003568,K562,0.0,0.506942868232727
Hum_XLOC_003570,K562,0.0,0.16078849136829376
Hum_XLOC_003571,K562,0.0,0.4908403158187866
Hum_XLOC_003593,K562,0.0,0.6600200533866882
Hum_XLOC_003594,K562,0.0,0.5763437151908875
Hum_XLOC_003598,K562,0.0,0.43167924880981445
Hum_XLOC_003626,K562,0.0,0.3913021981716156
Hum_XLOC_003628,K562,0.0,0.4134258031845093
Hum_XLOC_003630,K562,0.0,0.5383033752441406
Hum_XLOC_003641,K562,1.0,0.6904227137565613
Hum_XLOC_003662,K562,0.0,0.6843101382255554
Hum_XLOC_003665,K562,1.0,0.8174036145210266
Hum_XLOC_003672,K562,0.0,0.7002756595611572
Hum_XLOC_003673,K562,0.0,0.4209527373313904
Hum_XLOC_003674,K562,0.0,0.5566345453262329
Hum_XLOC_003676,K562,0.0,0.6406894326210022
Hum_XLOC_003686,K562,0.0,0.5504631400108337
Hum_XLOC_003697,K562,0.0,0.4458414614200592
Hum_XLOC_003717,K562,0.0,0.3860979378223419
Hum_XLOC_003725,K562,0.0,0.6239578723907471
Hum_XLOC_003743,K562,0.0,0.48452228307724
Hum_XLOC_003754,K562,0.0,0.6879676580429077
Hum_XLOC_003766,K562,0.0,0.8762171864509583
Hum_XLOC_003775,K562,0.0,0.72159343957901
Hum_XLOC_003790,K562,0.0,0.5045543909072876
Hum_XLOC_003799,K562,0.0,0.5884668827056885
Hum_XLOC_003853,K562,0.0,0.43491291999816895
Hum_XLOC_003865,K562,0.0,0.5776744484901428
Hum_XLOC_003871,K562,0.0,0.519806444644928
Hum_XLOC_003891,K562,0.0,0.6788129210472107
Hum_XLOC_003892,K562,1.0,0.42131125926971436
Hum_XLOC_003910,K562,0.0,0.865213930606842
Hum_XLOC_003911,K562,0.0,0.6870839595794678
Hum_XLOC_003952,K562,0.0,0.6394511461257935
Hum_XLOC_003971,K562,0.0,0.6445813179016113
Hum_XLOC_003988,K562,1.0,0.4040815234184265
Hum_XLOC_004020,K562,0.0,0.3478449881076813
Hum_XLOC_004035,K562,0.0,0.7113826274871826
Hum_XLOC_004036,K562,0.0,0.8605276942253113
Hum_XLOC_004048,K562,0.0,0.6036473512649536
Hum_XLOC_004068,K562,0.0,0.4306345582008362
Hum_XLOC_004069,K562,0.0,0.3265449106693268
Hum_XLOC_004095,K562,0.0,0.7570028901100159
Hum_XLOC_004096,K562,0.0,0.8077945709228516
Hum_XLOC_004116,K562,0.0,0.8461191654205322
Hum_XLOC_004123,K562,0.0,0.4284067153930664
Hum_XLOC_004134,K562,0.0,0.4787055253982544
Hum_XLOC_004161,K562,0.0,0.504755437374115
Hum_XLOC_004168,K562,0.0,0.5373528599739075
Hum_XLOC_004169,K562,0.0,0.5394835472106934
Hum_XLOC_004177,K562,0.0,0.5272110104560852
Hum_XLOC_004200,K562,0.0,0.16627907752990723
Hum_XLOC_004201,K562,0.0,0.44965311884880066
Hum_XLOC_004219,K562,0.0,0.4883384704589844
Hum_XLOC_004226,K562,0.0,0.3278239071369171
Hum_XLOC_004227,K562,0.0,0.37515193223953247
Hum_XLOC_004236,K562,0.0,0.5364421606063843
Hum_XLOC_004254,K562,1.0,0.7430036664009094
Hum_XLOC_004255,K562,0.0,0.7024692893028259
Hum_XLOC_004262,K562,0.0,0.7008297443389893
Hum_XLOC_004269,K562,0.0,0.5116571187973022
Hum_XLOC_004277,K562,0.0,0.5057432055473328
Hum_XLOC_004278,K562,0.0,0.5159494280815125
Hum_XLOC_004282,K562,0.0,0.5660684704780579
Hum_XLOC_004287,K562,0.0,0.7354002594947815
Hum_XLOC_004293,K562,0.0,0.5673924684524536
Hum_XLOC_004302,K562,0.0,0.7431659698486328
Hum_XLOC_004303,K562,0.0,0.4500201642513275
Hum_XLOC_004306,K562,0.0,0.46859607100486755
Hum_XLOC_004309,K562,0.0,0.5240088105201721
Hum_XLOC_004314,K562,0.0,0.6229701638221741
Hum_XLOC_004317,K562,0.0,0.5902454853057861
Hum_XLOC_004336,K562,0.0,0.504271388053894
Hum_XLOC_004343,K562,0.0,0.4784764051437378
Hum_XLOC_004350,K562,0.0,0.5341753363609314
Hum_XLOC_004361,K562,0.0,0.3986077606678009
Hum_XLOC_004363,K562,0.0,0.5513587594032288
Hum_XLOC_004401,K562,0.0,0.2863645553588867
Hum_XLOC_004405,K562,0.0,0.6015296578407288
Hum_XLOC_004407,K562,0.0,0.469630628824234
Hum_XLOC_004424,K562,0.0,0.7528548240661621
Hum_XLOC_004437,K562,0.0,0.5467236042022705
Hum_XLOC_004446,K562,0.0,0.6694075465202332
Hum_XLOC_004457,K562,0.0,0.82981276512146
Hum_XLOC_004482,K562,0.0,0.6539233326911926
Hum_XLOC_004502,K562,0.0,0.48264557123184204
Hum_XLOC_004515,K562,0.0,0.5177161693572998
Hum_XLOC_004529,K562,0.0,0.6637407541275024
Hum_XLOC_004535,K562,0.0,0.4702019691467285
Hum_XLOC_004553,K562,0.0,0.7365106344223022
Hum_XLOC_004566,K562,0.0,0.5436161756515503
Hum_XLOC_004567,K562,0.0,0.638099730014801
Hum_XLOC_004572,K562,0.0,0.8393456339836121
Hum_XLOC_004578,K562,0.0,0.4416217505931854
Hum_XLOC_004580,K562,0.0,0.5214247703552246
Hum_XLOC_004581,K562,0.0,0.3707616925239563
Hum_XLOC_004587,K562,0.0,0.7009801268577576
Hum_XLOC_004600,K562,0.0,0.8197238445281982
Hum_XLOC_004601,K562,0.0,0.4131135642528534
Hum_XLOC_004607,K562,0.0,0.6035820841789246
Hum_XLOC_004617,K562,0.0,0.41759440302848816
Hum_XLOC_004619,K562,0.0,0.563259482383728
Hum_XLOC_004620,K562,1.0,0.7701820731163025
Hum_XLOC_004632,K562,0.0,0.5666194558143616
Hum_XLOC_004636,K562,0.0,0.8880276083946228
Hum_XLOC_004652,K562,0.0,0.4800642430782318
Hum_XLOC_004653,K562,0.0,0.61020427942276
Hum_XLOC_004657,K562,0.0,0.6694235801696777
Hum_XLOC_004661,K562,0.0,0.6672903299331665
Hum_XLOC_004683,K562,0.0,0.3967256247997284
Hum_XLOC_004684,K562,0.0,0.7798619270324707
Hum_XLOC_004688,K562,0.0,0.45404571294784546
Hum_XLOC_004689,K562,0.0,0.5258985757827759
Hum_XLOC_004705,K562,0.0,0.4475579857826233
Hum_XLOC_004717,K562,0.0,0.6378560066223145
Hum_XLOC_004718,K562,0.0,0.631393313407898
Hum_XLOC_004733,K562,0.0,0.6904489994049072
Hum_XLOC_004741,K562,0.0,0.29466086626052856
Hum_XLOC_004762,K562,0.0,0.7367618083953857
Hum_XLOC_004771,K562,0.0,0.4399220943450928
Hum_XLOC_004777,K562,0.0,0.46796584129333496
Hum_XLOC_004788,K562,0.0,0.6239877939224243
Hum_XLOC_004791,K562,0.0,0.42792069911956787
Hum_XLOC_004795,K562,0.0,0.6057022213935852
Hum_XLOC_004803,K562,0.0,0.6986051797866821
Hum_XLOC_004805,K562,0.0,0.4600927531719208
Hum_XLOC_004813,K562,0.0,0.3960411548614502
Hum_XLOC_004815,K562,1.0,0.42710745334625244
Hum_XLOC_004822,K562,0.0,0.4868421256542206
Hum_XLOC_004823,K562,0.0,0.41988682746887207
Hum_XLOC_004827,K562,0.0,0.46699297428131104
Hum_XLOC_004837,K562,1.0,0.603805661201477
Hum_XLOC_004839,K562,0.0,0.6282976269721985
Hum_XLOC_004855,K562,0.0,0.48971548676490784
Hum_XLOC_004874,K562,0.0,0.4368845522403717
Hum_XLOC_004875,K562,0.0,0.5392122268676758
Hum_XLOC_004878,K562,0.0,0.5884987115859985
Hum_XLOC_004884,K562,0.0,0.5180855989456177
Hum_XLOC_004911,K562,0.0,0.5588515996932983
Hum_XLOC_004915,K562,0.0,0.7483327388763428
Hum_XLOC_004927,K562,0.0,0.28225553035736084
Hum_XLOC_004929,K562,0.0,0.5014239549636841
Hum_XLOC_004936,K562,0.0,0.3542711138725281
Hum_XLOC_004957,K562,0.0,0.3019314408302307
Hum_XLOC_004960,K562,0.0,0.6347513198852539
Hum_XLOC_004965,K562,0.0,0.3982071578502655
Hum_XLOC_000006,MDA-MB-231,0.0,0.27344638109207153
Hum_XLOC_000008,MDA-MB-231,0.0,0.36832407116889954
Hum_XLOC_000016,MDA-MB-231,0.0,0.5641718506813049
Hum_XLOC_000030,MDA-MB-231,0.0,0.3732948899269104
Hum_XLOC_000033,MDA-MB-231,0.0,0.2145228236913681
Hum_XLOC_000039,MDA-MB-231,0.0,0.53898024559021
Hum_XLOC_000053,MDA-MB-231,0.0,0.4540640413761139
Hum_XLOC_000057,MDA-MB-231,0.0,0.37951770424842834
Hum_XLOC_000060,MDA-MB-231,0.0,0.6578048467636108
Hum_XLOC_000080,MDA-MB-231,0.0,0.18020296096801758
Hum_XLOC_000094,MDA-MB-231,0.0,0.3496968746185303
Hum_XLOC_000100,MDA-MB-231,0.0,0.40615198016166687
Hum_XLOC_000105,MDA-MB-231,0.0,0.18831612169742584
Hum_XLOC_000107,MDA-MB-231,0.0,0.2632872462272644
Hum_XLOC_000111,MDA-MB-231,0.0,0.31452658772468567
Hum_XLOC_000134,MDA-MB-231,0.0,0.39417728781700134
Hum_XLOC_000143,MDA-MB-231,0.0,0.5313677191734314
Hum_XLOC_000145,MDA-MB-231,1.0,0.5908336043357849
Hum_XLOC_000149,MDA-MB-231,0.0,0.26861700415611267
Hum_XLOC_000155,MDA-MB-231,0.0,0.10382899641990662
Hum_XLOC_000169,MDA-MB-231,0.0,0.3519652783870697
Hum_XLOC_000170,MDA-MB-231,0.0,0.6013544201850891
Hum_XLOC_000194,MDA-MB-231,0.0,0.3377920687198639
Hum_XLOC_000201,MDA-MB-231,0.0,0.28343263268470764
Hum_XLOC_000231,MDA-MB-231,0.0,0.38426458835601807
Hum_XLOC_000233,MDA-MB-231,0.0,0.43914929032325745
Hum_XLOC_000245,MDA-MB-231,0.0,0.46172547340393066
Hum_XLOC_000247,MDA-MB-231,0.0,0.44280287623405457
Hum_XLOC_000248,MDA-MB-231,0.0,0.24722403287887573
Hum_XLOC_000265,MDA-MB-231,0.0,0.3196575939655304
Hum_XLOC_000282,MDA-MB-231,0.0,0.32094451785087585
Hum_XLOC_000286,MDA-MB-231,0.0,0.38178691267967224
Hum_XLOC_000292,MDA-MB-231,0.0,0.301906555891037
Hum_XLOC_000307,MDA-MB-231,0.0,0.2508353292942047
Hum_XLOC_000308,MDA-MB-231,0.0,0.26530858874320984
Hum_XLOC_000312,MDA-MB-231,0.0,0.534369707107544
Hum_XLOC_000314,MDA-MB-231,0.0,0.1700974553823471
Hum_XLOC_000317,MDA-MB-231,0.0,0.21725915372371674
Hum_XLOC_000319,MDA-MB-231,0.0,0.13767527043819427
Hum_XLOC_000332,MDA-MB-231,0.0,0.6422120332717896
Hum_XLOC_000338,MDA-MB-231,1.0,0.28059402108192444
Hum_XLOC_000342,MDA-MB-231,0.0,0.637904167175293
Hum_XLOC_000345,MDA-MB-231,0.0,0.4278203547000885
Hum_XLOC_000362,MDA-MB-231,0.0,0.33076801896095276
Hum_XLOC_000377,MDA-MB-231,0.0,0.36427006125450134
Hum_XLOC_000390,MDA-MB-231,0.0,0.2639177143573761
Hum_XLOC_000394,MDA-MB-231,0.0,0.4117279648780823
Hum_XLOC_000411,MDA-MB-231,0.0,0.29256123304367065
Hum_XLOC_000415,MDA-MB-231,0.0,0.30172184109687805
Hum_XLOC_000430,MDA-MB-231,0.0,0.23525109887123108
Hum_XLOC_000436,MDA-MB-231,0.0,0.5002363920211792
Hum_XLOC_000437,MDA-MB-231,0.0,0.353338360786438
Hum_XLOC_000456,MDA-MB-231,1.0,0.6948459148406982
Hum_XLOC_000461,MDA-MB-231,0.0,0.443304181098938
Hum_XLOC_000462,MDA-MB-231,0.0,0.5183498859405518
Hum_XLOC_000465,MDA-MB-231,0.0,0.35025492310523987
Hum_XLOC_000472,MDA-MB-231,0.0,0.5434153079986572
Hum_XLOC_000474,MDA-MB-231,0.0,0.31578847765922546
Hum_XLOC_000478,MDA-MB-231,0.0,0.4552842080593109
Hum_XLOC_000486,MDA-MB-231,0.0,0.36247003078460693
Hum_XLOC_000490,MDA-MB-231,0.0,0.20283083617687225
Hum_XLOC_000498,MDA-MB-231,0.0,0.39265355467796326
Hum_XLOC_000500,MDA-MB-231,0.0,0.374633252620697
Hum_XLOC_000510,MDA-MB-231,0.0,0.26446056365966797
Hum_XLOC_000535,MDA-MB-231,0.0,0.5478938817977905
Hum_XLOC_000540,MDA-MB-231,0.0,0.20738321542739868
Hum_XLOC_000556,MDA-MB-231,0.0,0.22266769409179688
Hum_XLOC_000574,MDA-MB-231,0.0,0.43594422936439514
Hum_XLOC_000575,MDA-MB-231,0.0,0.25164902210235596
Hum_XLOC_000582,MDA-MB-231,0.0,0.10329481214284897
Hum_XLOC_000590,MDA-MB-231,0.0,0.19241245090961456
Hum_XLOC_000601,MDA-MB-231,0.0,0.23689711093902588
Hum_XLOC_000604,MDA-MB-231,0.0,0.23988451063632965
Hum_XLOC_000608,MDA-MB-231,0.0,0.3474563956260681
Hum_XLOC_000612,MDA-MB-231,0.0,0.1486111879348755
Hum_XLOC_000636,MDA-MB-231,0.0,0.6126965880393982
Hum_XLOC_000638,MDA-MB-231,0.0,0.4829868972301483
Hum_XLOC_000641,MDA-MB-231,0.0,0.3039076626300812
Hum_XLOC_000655,MDA-MB-231,0.0,0.36284205317497253
Hum_XLOC_000668,MDA-MB-231,0.0,0.3810349106788635
Hum_XLOC_000680,MDA-MB-231,0.0,0.1783253401517868
Hum_XLOC_000681,MDA-MB-231,0.0,0.2506045401096344
Hum_XLOC_000695,MDA-MB-231,0.0,0.3153629004955292
Hum_XLOC_000702,MDA-MB-231,0.0,0.37086522579193115
Hum_XLOC_000726,MDA-MB-231,0.0,0.41077154874801636
Hum_XLOC_000727,MDA-MB-231,0.0,0.2071971893310547
Hum_XLOC_000758,MDA-MB-231,0.0,0.29635193943977356
Hum_XLOC_000773,MDA-MB-231,0.0,0.27844536304473877
Hum_XLOC_000774,MDA-MB-231,0.0,0.27690252661705017
Hum_XLOC_000797,MDA-MB-231,0.0,0.46001848578453064
Hum_XLOC_000799,MDA-MB-231,0.0,0.4052944481372833
Hum_XLOC_000800,MDA-MB-231,0.0,0.3438124358654022
Hum_XLOC_000807,MDA-MB-231,0.0,0.33557090163230896
Hum_XLOC_000818,MDA-MB-231,0.0,0.3023379147052765
Hum_XLOC_000828,MDA-MB-231,0.0,0.3604624271392822
Hum_XLOC_000831,MDA-MB-231,0.0,0.26224589347839355
Hum_XLOC_000835,MDA-MB-231,0.0,0.2185903638601303
Hum_XLOC_000840,MDA-MB-231,0.0,0.4328362047672272
Hum_XLOC_000841,MDA-MB-231,0.0,0.203910693526268
Hum_XLOC_000842,MDA-MB-231,0.0,0.16807514429092407
Hum_XLOC_000854,MDA-MB-231,0.0,0.31036877632141113
Hum_XLOC_000855,MDA-MB-231,0.0,0.13902424275875092
Hum_XLOC_000883,MDA-MB-231,0.0,0.17749330401420593
Hum_XLOC_000885,MDA-MB-231,0.0,0.20861737430095673
Hum_XLOC_000905,MDA-MB-231,0.0,0.1478460431098938
Hum_XLOC_000917,MDA-MB-231,0.0,0.128586083650589
Hum_XLOC_000925,MDA-MB-231,0.0,0.23146489262580872
Hum_XLOC_000944,MDA-MB-231,0.0,0.30093950033187866
Hum_XLOC_000949,MDA-MB-231,0.0,0.21116939187049866
Hum_XLOC_000953,MDA-MB-231,0.0,0.3272053897380829
Hum_XLOC_000964,MDA-MB-231,0.0,0.4903053045272827
Hum_XLOC_000990,MDA-MB-231,0.0,0.23880596458911896
Hum_XLOC_000994,MDA-MB-231,0.0,0.5330138206481934
Hum_XLOC_001020,MDA-MB-231,0.0,0.12930424511432648
Hum_XLOC_001029,MDA-MB-231,0.0,0.3328447639942169
Hum_XLOC_001066,MDA-MB-231,1.0,0.241539865732193
Hum_XLOC_001120,MDA-MB-231,0.0,0.38875266909599304
Hum_XLOC_001121,MDA-MB-231,0.0,0.32284197211265564
Hum_XLOC_001122,MDA-MB-231,0.0,0.48535776138305664
Hum_XLOC_001125,MDA-MB-231,0.0,0.553153395652771
Hum_XLOC_001132,MDA-MB-231,0.0,0.359980970621109
Hum_XLOC_001138,MDA-MB-231,0.0,0.18347802758216858
Hum_XLOC_001144,MDA-MB-231,0.0,0.24806249141693115
Hum_XLOC_001146,MDA-MB-231,0.0,0.3093053102493286
Hum_XLOC_001188,MDA-MB-231,0.0,0.1821586638689041
Hum_XLOC_001191,MDA-MB-231,0.0,0.3413242697715759
Hum_XLOC_001192,MDA-MB-231,0.0,0.3480326533317566
Hum_XLOC_001217,MDA-MB-231,0.0,0.19017039239406586
Hum_XLOC_001222,MDA-MB-231,0.0,0.1034713014960289
Hum_XLOC_001228,MDA-MB-231,0.0,0.22171100974082947
Hum_XLOC_001230,MDA-MB-231,0.0,0.18747226893901825
Hum_XLOC_001237,MDA-MB-231,0.0,0.24891439080238342
Hum_XLOC_001243,MDA-MB-231,0.0,0.5543025732040405
Hum_XLOC_001275,MDA-MB-231,0.0,0.21438488364219666
Hum_XLOC_001279,MDA-MB-231,0.0,0.38812458515167236
Hum_XLOC_001291,MDA-MB-231,0.0,0.3393453061580658
Hum_XLOC_001296,MDA-MB-231,0.0,0.421244353055954
Hum_XLOC_001297,MDA-MB-231,0.0,0.3698735535144806
Hum_XLOC_001309,MDA-MB-231,0.0,0.3413059711456299
Hum_XLOC_001329,MDA-MB-231,0.0,0.29720550775527954
Hum_XLOC_001330,MDA-MB-231,0.0,0.2598252296447754
Hum_XLOC_001355,MDA-MB-231,0.0,0.25517159700393677
Hum_XLOC_001366,MDA-MB-231,0.0,0.325208842754364
Hum_XLOC_001367,MDA-MB-231,0.0,0.3735726773738861
Hum_XLOC_001375,MDA-MB-231,0.0,0.2938820421695709
Hum_XLOC_001390,MDA-MB-231,0.0,0.05608469247817993
Hum_XLOC_001405,MDA-MB-231,0.0,0.44131481647491455
Hum_XLOC_001461,MDA-MB-231,0.0,0.34397873282432556
Hum_XLOC_001465,MDA-MB-231,0.0,0.22919927537441254
Hum_XLOC_001488,MDA-MB-231,0.0,0.16437311470508575
Hum_XLOC_001490,MDA-MB-231,0.0,0.4664691090583801
Hum_XLOC_001509,MDA-MB-231,0.0,0.30931663513183594
Hum_XLOC_001516,MDA-MB-231,0.0,0.31280282139778137
Hum_XLOC_001532,MDA-MB-231,0.0,0.4194398820400238
Hum_XLOC_001539,MDA-MB-231,0.0,0.33799055218696594
Hum_XLOC_001541,MDA-MB-231,0.0,0.4009730815887451
Hum_XLOC_001542,MDA-MB-231,0.0,0.4286445081233978
Hum_XLOC_001548,MDA-MB-231,0.0,0.3676704168319702
Hum_XLOC_001559,MDA-MB-231,0.0,0.2814920246601105
Hum_XLOC_001565,MDA-MB-231,0.0,0.30695557594299316
Hum_XLOC_001566,MDA-MB-231,0.0,0.45932236313819885
Hum_XLOC_001575,MDA-MB-231,0.0,0.43096211552619934
Hum_XLOC_001580,MDA-MB-231,0.0,0.22842511534690857
Hum_XLOC_001590,MDA-MB-231,0.0,0.39838477969169617
Hum_XLOC_001615,MDA-MB-231,0.0,0.30005669593811035
Hum_XLOC_001624,MDA-MB-231,0.0,0.4466336965560913
Hum_XLOC_001639,MDA-MB-231,0.0,0.3148209750652313
Hum_XLOC_001661,MDA-MB-231,0.0,0.35177749395370483
Hum_XLOC_001666,MDA-MB-231,0.0,0.11232419312000275
Hum_XLOC_001668,MDA-MB-231,0.0,0.20568996667861938
Hum_XLOC_001688,MDA-MB-231,0.0,0.27230191230773926
Hum_XLOC_001689,MDA-MB-231,0.0,0.22331520915031433
Hum_XLOC_001695,MDA-MB-231,0.0,0.5226188898086548
Hum_XLOC_001696,MDA-MB-231,0.0,0.20300985872745514
Hum_XLOC_001698,MDA-MB-231,0.0,0.32114464044570923
Hum_XLOC_001707,MDA-MB-231,0.0,0.4329175055027008
Hum_XLOC_001760,MDA-MB-231,0.0,0.25970935821533203
Hum_XLOC_001761,MDA-MB-231,1.0,0.32373175024986267
Hum_XLOC_001773,MDA-MB-231,0.0,0.4022890627384186
Hum_XLOC_001775,MDA-MB-231,0.0,0.3213343620300293
Hum_XLOC_001779,MDA-MB-231,1.0,0.47026190161705017
Hum_XLOC_001783,MDA-MB-231,0.0,0.18439708650112152
Hum_XLOC_001791,MDA-MB-231,1.0,0.39829298853874207
Hum_XLOC_001805,MDA-MB-231,0.0,0.5580160021781921
Hum_XLOC_001809,MDA-MB-231,0.0,0.1782045066356659
Hum_XLOC_001848,MDA-MB-231,0.0,0.5356969833374023
Hum_XLOC_001919,MDA-MB-231,0.0,0.2874178886413574
Hum_XLOC_001941,MDA-MB-231,0.0,0.2585514485836029
Hum_XLOC_001942,MDA-MB-231,0.0,0.30283695459365845
Hum_XLOC_001949,MDA-MB-231,0.0,0.23226985335350037
Hum_XLOC_001950,MDA-MB-231,0.0,0.5229206681251526
Hum_XLOC_001953,MDA-MB-231,0.0,0.21394209563732147
Hum_XLOC_001957,MDA-MB-231,0.0,0.30368953943252563
Hum_XLOC_001961,MDA-MB-231,0.0,0.4252936542034149
Hum_XLOC_001969,MDA-MB-231,0.0,0.1996053159236908
Hum_XLOC_002024,MDA-MB-231,0.0,0.3354870676994324
Hum_XLOC_002028,MDA-MB-231,0.0,0.4512234330177307
Hum_XLOC_002033,MDA-MB-231,0.0,0.3614763617515564
Hum_XLOC_002036,MDA-MB-231,0.0,0.3679697513580322
Hum_XLOC_002037,MDA-MB-231,0.0,0.394902765750885
Hum_XLOC_002041,MDA-MB-231,0.0,0.22708801925182343
Hum_XLOC_002059,MDA-MB-231,0.0,0.5300204753875732
Hum_XLOC_002061,MDA-MB-231,0.0,0.4635878801345825
Hum_XLOC_002068,MDA-MB-231,0.0,0.1169692799448967
Hum_XLOC_002081,MDA-MB-231,0.0,0.3361426591873169
Hum_XLOC_002093,MDA-MB-231,0.0,0.42491525411605835
Hum_XLOC_002099,MDA-MB-231,0.0,0.23515433073043823
Hum_XLOC_002144,MDA-MB-231,0.0,0.37574535608291626
Hum_XLOC_002150,MDA-MB-231,0.0,0.19920210540294647
Hum_XLOC_002152,MDA-MB-231,0.0,0.45037415623664856
Hum_XLOC_002154,MDA-MB-231,0.0,0.3891911804676056
Hum_XLOC_002169,MDA-MB-231,0.0,0.31780877709388733
Hum_XLOC_002170,MDA-MB-231,0.0,0.21641837060451508
Hum_XLOC_002176,MDA-MB-231,0.0,0.2969362437725067
Hum_XLOC_002178,MDA-MB-231,0.0,0.22153396904468536
Hum_XLOC_002186,MDA-MB-231,0.0,0.25263461470603943
Hum_XLOC_002204,MDA-MB-231,0.0,0.38424596190452576
Hum_XLOC_002205,MDA-MB-231,0.0,0.2275250405073166
Hum_XLOC_002219,MDA-MB-231,0.0,0.40103861689567566
Hum_XLOC_002244,MDA-MB-231,0.0,0.31284868717193604
Hum_XLOC_002252,MDA-MB-231,0.0,0.30271199345588684
Hum_XLOC_002261,MDA-MB-231,0.0,0.3375987112522125
Hum_XLOC_002262,MDA-MB-231,0.0,0.2222031205892563
Hum_XLOC_002265,MDA-MB-231,0.0,0.5093039870262146
Hum_XLOC_002271,MDA-MB-231,0.0,0.24857904016971588
Hum_XLOC_002280,MDA-MB-231,0.0,0.38136547803878784
Hum_XLOC_002282,MDA-MB-231,0.0,0.38829338550567627
Hum_XLOC_002283,MDA-MB-231,0.0,0.3020292818546295
Hum_XLOC_002284,MDA-MB-231,0.0,0.5932660102844238
Hum_XLOC_002294,MDA-MB-231,0.0,0.5949527025222778
Hum_XLOC_002296,MDA-MB-231,0.0,0.24845488369464874
Hum_XLOC_002299,MDA-MB-231,0.0,0.4915247857570648
Hum_XLOC_002301,MDA-MB-231,0.0,0.3675573170185089
Hum_XLOC_002306,MDA-MB-231,0.0,0.4400400221347809
Hum_XLOC_002311,MDA-MB-231,1.0,0.29360339045524597
Hum_XLOC_002313,MDA-MB-231,0.0,0.38528648018836975
Hum_XLOC_002314,MDA-MB-231,0.0,0.39493274688720703
Hum_XLOC_002327,MDA-MB-231,0.0,0.3520503342151642
Hum_XLOC_002330,MDA-MB-231,0.0,0.17934072017669678
Hum_XLOC_002338,MDA-MB-231,0.0,0.3827148675918579
Hum_XLOC_002344,MDA-MB-231,0.0,0.3310408890247345
Hum_XLOC_002347,MDA-MB-231,0.0,0.2850191295146942
Hum_XLOC_002348,MDA-MB-231,0.0,0.3532804548740387
Hum_XLOC_002362,MDA-MB-231,0.0,0.2761121988296509
Hum_XLOC_002364,MDA-MB-231,0.0,0.14493367075920105
Hum_XLOC_002383,MDA-MB-231,0.0,0.1942785382270813
Hum_XLOC_002386,MDA-MB-231,0.0,0.15706117451190948
Hum_XLOC_002390,MDA-MB-231,0.0,0.4486651122570038
Hum_XLOC_002394,MDA-MB-231,0.0,0.1636643409729004
Hum_XLOC_002398,MDA-MB-231,0.0,0.33919960260391235
Hum_XLOC_002399,MDA-MB-231,0.0,0.12786704301834106
Hum_XLOC_002408,MDA-MB-231,0.0,0.24050909280776978
Hum_XLOC_002414,MDA-MB-231,0.0,0.5251472592353821
Hum_XLOC_002418,MDA-MB-231,0.0,0.470796674489975
Hum_XLOC_002435,MDA-MB-231,0.0,0.1340973675251007
Hum_XLOC_002440,MDA-MB-231,0.0,0.4378271996974945
Hum_XLOC_002489,MDA-MB-231,0.0,0.2465781718492508
Hum_XLOC_002490,MDA-MB-231,0.0,0.1843649297952652
Hum_XLOC_002493,MDA-MB-231,0.0,0.37418127059936523
Hum_XLOC_002520,MDA-MB-231,0.0,0.49969005584716797
Hum_XLOC_002524,MDA-MB-231,0.0,0.3133792579174042
Hum_XLOC_002546,MDA-MB-231,0.0,0.42547807097435
Hum_XLOC_002560,MDA-MB-231,0.0,0.360453337430954
Hum_XLOC_002570,MDA-MB-231,0.0,0.39615949988365173
Hum_XLOC_002577,MDA-MB-231,0.0,0.4541400074958801
Hum_XLOC_002579,MDA-MB-231,1.0,0.389119952917099
Hum_XLOC_002586,MDA-MB-231,0.0,0.09826985746622086
Hum_XLOC_002589,MDA-MB-231,0.0,0.34823113679885864
Hum_XLOC_002629,MDA-MB-231,0.0,0.2807697057723999
Hum_XLOC_002631,MDA-MB-231,0.0,0.3333072364330292
Hum_XLOC_002635,MDA-MB-231,0.0,0.2738252878189087
Hum_XLOC_002644,MDA-MB-231,0.0,0.2379949986934662
Hum_XLOC_002646,MDA-MB-231,0.0,0.2780378460884094
Hum_XLOC_002653,MDA-MB-231,0.0,0.2390788048505783
Hum_XLOC_002681,MDA-MB-231,0.0,0.31814485788345337
Hum_XLOC_002695,MDA-MB-231,0.0,0.2239568829536438
Hum_XLOC_002702,MDA-MB-231,0.0,0.10574822127819061
Hum_XLOC_002705,MDA-MB-231,0.0,0.4417208135128021
Hum_XLOC_002711,MDA-MB-231,0.0,0.3323865830898285
Hum_XLOC_002714,MDA-MB-231,0.0,0.23577667772769928
Hum_XLOC_002717,MDA-MB-231,0.0,0.2979894280433655
Hum_XLOC_002725,MDA-MB-231,0.0,0.5230187177658081
Hum_XLOC_002741,MDA-MB-231,0.0,0.5994328260421753
Hum_XLOC_002742,MDA-MB-231,0.0,0.4634997248649597
Hum_XLOC_002744,MDA-MB-231,0.0,0.32015547156333923
Hum_XLOC_002760,MDA-MB-231,0.0,0.40477150678634644
Hum_XLOC_002788,MDA-MB-231,0.0,0.4065846800804138
Hum_XLOC_002792,MDA-MB-231,0.0,0.3812587857246399
Hum_XLOC_002796,MDA-MB-231,0.0,0.41728952527046204
Hum_XLOC_002817,MDA-MB-231,0.0,0.27939972281455994
Hum_XLOC_002836,MDA-MB-231,1.0,0.4324982464313507
Hum_XLOC_002844,MDA-MB-231,0.0,0.41698652505874634
Hum_XLOC_002845,MDA-MB-231,0.0,0.45581522583961487
Hum_XLOC_002859,MDA-MB-231,0.0,0.33112016320228577
Hum_XLOC_002889,MDA-MB-231,1.0,0.32774487137794495
Hum_XLOC_002911,MDA-MB-231,0.0,0.4105730354785919
Hum_XLOC_002935,MDA-MB-231,0.0,0.28989988565444946
Hum_XLOC_002937,MDA-MB-231,0.0,0.34558340907096863
Hum_XLOC_002967,MDA-MB-231,0.0,0.45855045318603516
Hum_XLOC_002983,MDA-MB-231,0.0,0.34539151191711426
Hum_XLOC_002986,MDA-MB-231,0.0,0.3925558626651764
Hum_XLOC_002990,MDA-MB-231,0.0,0.6088510751724243
Hum_XLOC_003039,MDA-MB-231,0.0,0.4230952560901642
Hum_XLOC_003061,MDA-MB-231,0.0,0.41805359721183777
Hum_XLOC_003086,MDA-MB-231,1.0,0.3996289372444153
Hum_XLOC_003099,MDA-MB-231,0.0,0.3009083569049835
Hum_XLOC_003109,MDA-MB-231,0.0,0.3465111553668976
Hum_XLOC_003128,MDA-MB-231,0.0,0.46630698442459106
Hum_XLOC_003134,MDA-MB-231,0.0,0.43677061796188354
Hum_XLOC_003137,MDA-MB-231,0.0,0.22407600283622742
Hum_XLOC_003154,MDA-MB-231,0.0,0.3006281554698944
Hum_XLOC_003155,MDA-MB-231,0.0,0.3700680434703827
Hum_XLOC_003171,MDA-MB-231,0.0,0.29940885305404663
Hum_XLOC_003209,MDA-MB-231,0.0,0.21846862137317657
Hum_XLOC_003215,MDA-MB-231,0.0,0.32483920454978943
Hum_XLOC_003221,MDA-MB-231,0.0,0.2691460847854614
Hum_XLOC_003232,MDA-MB-231,0.0,0.3437952399253845
Hum_XLOC_003268,MDA-MB-231,0.0,0.34001389145851135
Hum_XLOC_003269,MDA-MB-231,0.0,0.34030991792678833
Hum_XLOC_003286,MDA-MB-231,0.0,0.536365270614624
Hum_XLOC_003290,MDA-MB-231,0.0,0.0790678858757019
Hum_XLOC_003294,MDA-MB-231,0.0,0.23497074842453003
Hum_XLOC_003321,MDA-MB-231,0.0,0.6940973401069641
Hum_XLOC_003324,MDA-MB-231,0.0,0.3374670445919037
Hum_XLOC_003334,MDA-MB-231,0.0,0.29336878657341003
Hum_XLOC_003337,MDA-MB-231,0.0,0.43230870366096497
Hum_XLOC_003338,MDA-MB-231,0.0,0.3217869997024536
Hum_XLOC_003352,MDA-MB-231,0.0,0.49809837341308594
Hum_XLOC_003357,MDA-MB-231,0.0,0.12647604942321777
Hum_XLOC_003361,MDA-MB-231,0.0,0.2652948200702667
Hum_XLOC_003371,MDA-MB-231,0.0,0.15992550551891327
Hum_XLOC_003381,MDA-MB-231,0.0,0.3393953740596771
Hum_XLOC_003408,MDA-MB-231,0.0,0.2693731486797333
Hum_XLOC_003436,MDA-MB-231,0.0,0.17071130871772766
Hum_XLOC_003440,MDA-MB-231,0.0,0.2694295048713684
Hum_XLOC_003450,MDA-MB-231,0.0,0.4340931177139282
Hum_XLOC_003466,MDA-MB-231,0.0,0.2746649384498596
Hum_XLOC_003488,MDA-MB-231,0.0,0.2669917643070221
Hum_XLOC_003491,MDA-MB-231,0.0,0.4151829183101654
Hum_XLOC_003497,MDA-MB-231,0.0,0.38555315136909485
Hum_XLOC_003498,MDA-MB-231,0.0,0.41696614027023315
Hum_XLOC_003502,MDA-MB-231,0.0,0.35237208008766174
Hum_XLOC_003518,MDA-MB-231,0.0,0.29620036482810974
Hum_XLOC_003532,MDA-MB-231,0.0,0.19082875549793243
Hum_XLOC_003543,MDA-MB-231,0.0,0.08844417333602905
Hum_XLOC_003554,MDA-MB-231,0.0,0.25042179226875305
Hum_XLOC_003563,MDA-MB-231,0.0,0.2986602485179901
Hum_XLOC_003567,MDA-MB-231,0.0,0.42964547872543335
Hum_XLOC_003568,MDA-MB-231,0.0,0.2765410840511322
Hum_XLOC_003570,MDA-MB-231,0.0,0.06649429351091385
Hum_XLOC_003571,MDA-MB-231,0.0,0.26384061574935913
Hum_XLOC_003593,MDA-MB-231,0.0,0.4191960394382477
Hum_XLOC_003594,MDA-MB-231,0.0,0.33588719367980957
Hum_XLOC_003598,MDA-MB-231,0.0,0.2202068716287613
Hum_XLOC_003626,MDA-MB-231,0.0,0.19289615750312805
Hum_XLOC_003628,MDA-MB-231,0.0,0.20762857794761658
Hum_XLOC_003630,MDA-MB-231,0.0,0.30238983035087585
Hum_XLOC_003641,MDA-MB-231,0.0,0.45329609513282776
Hum_XLOC_003662,MDA-MB-231,0.0,0.4462565779685974
Hum_XLOC_003665,MDA-MB-231,0.0,0.6246650218963623
Hum_XLOC_003672,MDA-MB-231,0.0,0.46484631299972534
Hum_XLOC_003673,MDA-MB-231,0.0,0.2127677947282791
Hum_XLOC_003674,MDA-MB-231,0.0,0.31822440028190613
Hum_XLOC_003676,MDA-MB-231,0.0,0.3986482322216034
Hum_XLOC_003686,MDA-MB-231,0.0,0.31283122301101685
Hum_XLOC_003697,MDA-MB-231,0.0,0.23024190962314606
Hum_XLOC_003717,MDA-MB-231,0.0,0.18950912356376648
Hum_XLOC_003725,MDA-MB-231,0.0,0.3815258741378784
Hum_XLOC_003743,MDA-MB-231,0.0,0.2589585781097412
Hum_XLOC_003754,MDA-MB-231,0.0,0.45045727491378784
Hum_XLOC_003766,MDA-MB-231,0.0,0.7246463298797607
Hum_XLOC_003775,MDA-MB-231,0.0,0.49073129892349243
Hum_XLOC_003790,MDA-MB-231,0.0,0.27463337779045105
Hum_XLOC_003799,MDA-MB-231,1.0,0.34709638357162476
Hum_XLOC_003853,MDA-MB-231,0.0,0.22247649729251862
Hum_XLOC_003865,MDA-MB-231,0.0,0.3371044993400574
Hum_XLOC_003871,MDA-MB-231,0.0,0.28696075081825256
Hum_XLOC_003891,MDA-MB-231,0.0,0.4400063157081604
Hum_XLOC_003892,MDA-MB-231,0.0,0.21301430463790894
Hum_XLOC_003910,MDA-MB-231,0.0,0.7047101855278015
Hum_XLOC_003911,MDA-MB-231,0.0,0.44943922758102417
Hum_XLOC_003952,MDA-MB-231,0.0,0.3973604440689087
Hum_XLOC_003971,MDA-MB-231,0.0,0.4027177691459656
Hum_XLOC_003988,MDA-MB-231,0.0,0.20133912563323975
Hum_XLOC_004020,MDA-MB-231,0.0,0.16548313200473785
Hum_XLOC_004035,MDA-MB-231,0.0,0.47817644476890564
Hum_XLOC_004036,MDA-MB-231,1.0,0.6964017748832703
Hum_XLOC_004048,MDA-MB-231,0.0,0.3615201413631439
Hum_XLOC_004068,MDA-MB-231,0.0,0.21947632730007172
Hum_XLOC_004069,MDA-MB-231,0.0,0.15273462235927582
Hum_XLOC_004095,MDA-MB-231,0.0,0.5366489887237549
Hum_XLOC_004096,MDA-MB-231,0.0,0.6097555160522461
Hum_XLOC_004116,MDA-MB-231,0.0,0.6715102791786194
Hum_XLOC_004123,MDA-MB-231,0.0,0.21792268753051758
Hum_XLOC_004134,MDA-MB-231,0.0,0.2545126676559448
Hum_XLOC_004161,MDA-MB-231,0.0,0.2747935652732849
Hum_XLOC_004168,MDA-MB-231,0.0,0.3015837073326111
Hum_XLOC_004169,MDA-MB-231,0.0,0.303392618894577
Hum_XLOC_004177,MDA-MB-231,0.0,0.2930728495121002
Hum_XLOC_004200,MDA-MB-231,0.0,0.06902974843978882
Hum_XLOC_004201,MDA-MB-231,0.0,0.23298540711402893
Hum_XLOC_004219,MDA-MB-231,0.0,0.2619006335735321
Hum_XLOC_004226,MDA-MB-231,0.0,0.15348799526691437
Hum_XLOC_004227,MDA-MB-231,0.0,0.1824798882007599
Hum_XLOC_004236,MDA-MB-231,0.0,0.30081284046173096
Hum_XLOC_004254,MDA-MB-231,1.0,0.5180374979972839
Hum_XLOC_004255,MDA-MB-231,0.0,0.4674524962902069
Hum_XLOC_004262,MDA-MB-231,1.0,0.46550342440605164
Hum_XLOC_004269,MDA-MB-231,0.0,0.2803308367729187
Hum_XLOC_004277,MDA-MB-231,0.0,0.27558183670043945
Hum_XLOC_004278,MDA-MB-231,0.0,0.28381043672561646
Hum_XLOC_004282,MDA-MB-231,0.0,0.32659414410591125
Hum_XLOC_004287,MDA-MB-231,0.0,0.5081839561462402
Hum_XLOC_004293,MDA-MB-231,0.0,0.3277811110019684
Hum_XLOC_004302,MDA-MB-231,0.0,0.5182496905326843
Hum_XLOC_004303,MDA-MB-231,0.0,0.23325039446353912
Hum_XLOC_004306,MDA-MB-231,0.0,0.246895432472229
Hum_XLOC_004309,MDA-MB-231,0.0,0.29041922092437744
Hum_XLOC_004314,MDA-MB-231,0.0,0.3805336356163025
Hum_XLOC_004317,MDA-MB-231,0.0,0.3487635850906372
Hum_XLOC_004336,MDA-MB-231,0.0,0.2744079530239105
Hum_XLOC_004343,MDA-MB-231,0.0,0.2543385624885559
Hum_XLOC_004350,MDA-MB-231,0.0,0.29889947175979614
Hum_XLOC_004361,MDA-MB-231,0.0,0.19770078361034393
Hum_XLOC_004363,MDA-MB-231,0.0,0.31360992789268494
Hum_XLOC_004401,MDA-MB-231,0.0,0.12981843948364258
Hum_XLOC_004405,MDA-MB-231,0.0,0.3594815135002136
Hum_XLOC_004407,MDA-MB-231,0.0,0.2476685494184494
Hum_XLOC_004424,MDA-MB-231,0.0,0.5310695171356201
Hum_XLOC_004437,MDA-MB-231,0.0,0.3095943331718445
Hum_XLOC_004446,MDA-MB-231,0.0,0.4294852614402771
Hum_XLOC_004457,MDA-MB-231,0.0,0.644475519657135
Hum_XLOC_004482,MDA-MB-231,0.0,0.4126240015029907
Hum_XLOC_004502,MDA-MB-231,0.0,0.2575189471244812
Hum_XLOC_004515,MDA-MB-231,0.0,0.28525057435035706
Hum_XLOC_004529,MDA-MB-231,0.0,0.42324933409690857
Hum_XLOC_004535,MDA-MB-231,0.0,0.24809619784355164
Hum_XLOC_004553,MDA-MB-231,0.0,0.509611964225769
Hum_XLOC_004566,MDA-MB-231,0.0,0.3069220781326294
Hum_XLOC_004567,MDA-MB-231,0.0,0.39595887064933777
Hum_XLOC_004572,MDA-MB-231,1.0,0.6601378321647644
Hum_XLOC_004578,MDA-MB-231,0.0,0.2272261083126068
Hum_XLOC_004580,MDA-MB-231,0.0,0.28828948736190796
Hum_XLOC_004581,MDA-MB-231,0.0,0.17969593405723572
Hum_XLOC_004587,MDA-MB-231,0.0,0.46568194031715393
Hum_XLOC_004600,MDA-MB-231,0.0,0.6283206939697266
Hum_XLOC_004601,MDA-MB-231,0.0,0.20741678774356842
Hum_XLOC_004607,MDA-MB-231,0.0,0.3614571988582611
Hum_XLOC_004617,MDA-MB-231,0.0,0.21046675741672516
Hum_XLOC_004619,MDA-MB-231,0.0,0.3240860104560852
Hum_XLOC_004620,MDA-MB-231,0.0,0.5547499060630798
Hum_XLOC_004632,MDA-MB-231,0.0,0.3270878195762634
Hum_XLOC_004636,MDA-MB-231,0.0,0.7467383742332458
Hum_XLOC_004652,MDA-MB-231,0.0,0.2555469572544098
Hum_XLOC_004653,MDA-MB-231,0.0,0.3678881525993347
Hum_XLOC_004657,MDA-MB-231,1.0,0.42950311303138733
Hum_XLOC_004661,MDA-MB-231,0.0,0.427146315574646
Hum_XLOC_004683,MDA-MB-231,0.0,0.19645723700523376
Hum_XLOC_004684,MDA-MB-231,0.0,0.5684189796447754
Hum_XLOC_004688,MDA-MB-231,0.0,0.23616962134838104
Hum_XLOC_004689,MDA-MB-231,0.0,0.2919832170009613
Hum_XLOC_004705,MDA-MB-231,0.0,0.2314751148223877
Hum_XLOC_004717,MDA-MB-231,0.0,0.395706444978714
Hum_XLOC_004718,MDA-MB-231,0.0,0.3890613615512848
Hum_XLOC_004733,MDA-MB-231,0.0,0.4533265233039856
Hum_XLOC_004741,MDA-MB-231,0.0,0.1344338357448578
Hum_XLOC_004762,MDA-MB-231,0.0,0.5099354386329651
Hum_XLOC_004771,MDA-MB-231,0.0,0.2260175347328186
Hum_XLOC_004777,MDA-MB-231,0.0,0.24642503261566162
Hum_XLOC_004788,MDA-MB-231,0.0,0.3815560042858124
Hum_XLOC_004791,MDA-MB-231,0.0,0.21758460998535156
Hum_XLOC_004795,MDA-MB-231,0.0,0.3635067343711853
Hum_XLOC_004803,MDA-MB-231,0.0,0.4628699719905853
Hum_XLOC_004805,MDA-MB-231,0.0,0.24059364199638367
Hum_XLOC_004813,MDA-MB-231,0.0,0.19600602984428406
Hum_XLOC_004815,MDA-MB-231,0.0,0.21701942384243011
Hum_XLOC_004822,MDA-MB-231,0.0,0.2607446014881134
Hum_XLOC_004823,MDA-MB-231,0.0,0.21203601360321045
Hum_XLOC_004827,MDA-MB-231,0.0,0.24570003151893616
Hum_XLOC_004837,MDA-MB-231,0.0,0.3616727888584137
Hum_XLOC_004839,MDA-MB-231,0.0,0.38590994477272034
Hum_XLOC_004855,MDA-MB-231,0.0,0.26296743750572205
Hum_XLOC_004874,MDA-MB-231,0.0,0.2238665670156479
Hum_XLOC_004875,MDA-MB-231,0.0,0.3031618297100067
Hum_XLOC_004878,MDA-MB-231,0.0,0.34712621569633484
Hum_XLOC_004884,MDA-MB-231,1.0,0.285552442073822
Hum_XLOC_004911,MDA-MB-231,0.0,0.3201776146888733
Hum_XLOC_004915,MDA-MB-231,0.0,0.5250494480133057
Hum_XLOC_004927,MDA-MB-231,1.0,0.12755420804023743
Hum_XLOC_004929,MDA-MB-231,0.0,0.2721458971500397
Hum_XLOC_004936,MDA-MB-231,0.0,0.16941547393798828
Hum_XLOC_004957,MDA-MB-231,0.0,0.13852736353874207
Hum_XLOC_004960,MDA-MB-231,0.0,0.39250290393829346
Hum_XLOC_004965,MDA-MB-231,0.0,0.1974356472492218
Hum_XLOC_000006,THP1,0.0,0.34483274817466736
Hum_XLOC_000008,THP1,0.0,0.449166864156723
Hum_XLOC_000016,THP1,0.0,0.6441646814346313
Hum_XLOC_000030,THP1,0.0,0.45444369316101074
Hum_XLOC_000033,THP1,0.0,0.2763780355453491
Hum_XLOC_000039,THP1,0.0,0.6204864978790283
Hum_XLOC_000053,THP1,0.0,0.5377063155174255
Hum_XLOC_000057,THP1,0.0,0.4610241949558258
Hum_XLOC_000060,THP1,0.0,0.72887122631073
Hum_XLOC_000080,THP1,0.0,0.23512457311153412
Hum_XLOC_000094,THP1,0.0,0.4292292892932892
Hum_XLOC_000100,THP1,0.0,0.48887157440185547
Hum_XLOC_000105,THP1,0.0,0.2449716180562973
Hum_XLOC_000107,THP1,0.0,0.333237886428833
Hum_XLOC_000111,THP1,0.0,0.39086779952049255
Hum_XLOC_000134,THP1,0.0,0.47641465067863464
Hum_XLOC_000143,THP1,0.0,0.6132541298866272
Hum_XLOC_000145,THP1,0.0,0.6688055992126465
Hum_XLOC_000149,THP1,0.0,0.33933135867118835
Hum_XLOC_000155,THP1,0.0,0.1394326537847519
Hum_XLOC_000169,THP1,0.0,0.4316712021827698
Hum_XLOC_000170,THP1,0.0,0.678412914276123
Hum_XLOC_000194,THP1,0.0,0.41635048389434814
Hum_XLOC_000201,THP1,0.0,0.3561481535434723
Hum_XLOC_000231,THP1,0.0,0.4660247564315796
Hum_XLOC_000233,THP1,0.0,0.5226745009422302
Hum_XLOC_000245,THP1,0.0,0.5453692078590393
Hum_XLOC_000247,THP1,0.0,0.5263707637786865
Hum_XLOC_000248,THP1,0.0,0.31473010778427124
Hum_XLOC_000265,THP1,0.0,0.39652371406555176
Hum_XLOC_000282,THP1,0.0,0.3979392945766449
Hum_XLOC_000286,THP1,0.0,0.4634166955947876
Hum_XLOC_000292,THP1,0.0,0.3768687844276428
Hum_XLOC_000307,THP1,0.0,0.31890976428985596
Hum_XLOC_000308,THP1,0.0,0.3355516791343689
Hum_XLOC_000312,THP1,0.0,0.6161105632781982
Hum_XLOC_000314,THP1,0.0,0.2227761149406433
Hum_XLOC_000317,THP1,0.0,0.2796224355697632
Hum_XLOC_000319,THP1,0.0,0.18252120912075043
Hum_XLOC_000332,THP1,0.0,0.715114176273346
Hum_XLOC_000338,THP1,1.0,0.35293978452682495
Hum_XLOC_000342,THP1,0.0,0.7112893462181091
Hum_XLOC_000345,THP1,0.0,0.5111546516418457
Hum_XLOC_000362,THP1,0.0,0.40870094299316406
Hum_XLOC_000377,THP1,0.0,0.4448496401309967
Hum_XLOC_000390,THP1,0.0,0.33395978808403015
Hum_XLOC_000394,THP1,0.0,0.49463745951652527
Hum_XLOC_000411,THP1,0.0,0.36642101407051086
Hum_XLOC_000415,THP1,0.0,0.3766629695892334
Hum_XLOC_000430,THP1,0.0,0.3007943332195282
Hum_XLOC_000436,THP1,1.0,0.583296537399292
Hum_XLOC_000437,THP1,0.0,0.43314722180366516
Hum_XLOC_000456,THP1,1.0,0.7610144019126892
Hum_XLOC_000461,THP1,0.0,0.5268773436546326
Hum_XLOC_000462,THP1,0.0,0.6008020043373108
Hum_XLOC_000465,THP1,0.0,0.429830402135849
Hum_XLOC_000472,THP1,0.0,0.6246834397315979
Hum_XLOC_000474,THP1,0.0,0.39226076006889343
Hum_XLOC_000478,THP1,0.0,0.5389295220375061
Hum_XLOC_000486,THP1,0.0,0.44292885065078735
Hum_XLOC_000490,THP1,0.0,0.26244115829467773
Hum_XLOC_000498,THP1,0.0,0.47482237219810486
Hum_XLOC_000500,THP1,0.0,0.45586147904396057
Hum_XLOC_000510,THP1,0.0,0.33458131551742554
Hum_XLOC_000535,THP1,0.0,0.6289092898368835
Hum_XLOC_000540,THP1,0.0,0.2678817808628082
Hum_XLOC_000556,THP1,0.0,0.28601616621017456
Hum_XLOC_000574,THP1,0.0,0.5194243788719177
Hum_XLOC_000575,THP1,0.0,0.3198499381542206
Hum_XLOC_000582,THP1,0.0,0.138743594288826
Hum_XLOC_000590,THP1,0.0,0.24992084503173828
Hum_XLOC_000601,THP1,0.0,0.3027172088623047
Hum_XLOC_000604,THP1,0.0,0.3062017261981964
Hum_XLOC_000608,THP1,0.0,0.4268137514591217
Hum_XLOC_000612,THP1,0.0,0.19620883464813232
Hum_XLOC_000636,THP1,1.0,0.6886975169181824
Hum_XLOC_000638,THP1,0.0,0.5664291381835938
Hum_XLOC_000641,THP1,0.0,0.37909701466560364
Hum_XLOC_000655,THP1,0.0,0.443325936794281
Hum_XLOC_000668,THP1,0.0,0.46262434124946594
Hum_XLOC_000680,THP1,0.0,0.2328372448682785
Hum_XLOC_000681,THP1,0.0,0.3186429738998413
Hum_XLOC_000695,THP1,0.0,0.3917912244796753
Hum_XLOC_000702,THP1,0.0,0.4518667459487915
Hum_XLOC_000726,THP1,0.0,0.4936501085758209
Hum_XLOC_000727,THP1,0.0,0.2676597237586975
Hum_XLOC_000758,THP1,0.0,0.37066736817359924
Hum_XLOC_000773,THP1,0.0,0.35050711035728455
Hum_XLOC_000774,THP1,0.0,0.3487580120563507
Hum_XLOC_000797,THP1,0.0,0.5436652898788452
Hum_XLOC_000799,THP1,0.0,0.4879830479621887
Hum_XLOC_000800,THP1,0.0,0.42287689447402954
Hum_XLOC_000807,THP1,0.0,0.4139353930950165
Hum_XLOC_000818,THP1,0.0,0.3773494064807892
Hum_XLOC_000828,THP1,0.0,0.44078361988067627
Hum_XLOC_000831,THP1,0.0,0.33204448223114014
Hum_XLOC_000835,THP1,0.0,0.28119853138923645
Hum_XLOC_000840,THP1,0.0,0.516265869140625
Hum_XLOC_000841,THP1,0.0,0.26373353600502014
Hum_XLOC_000842,THP1,0.0,0.2202937752008438
Hum_XLOC_000854,THP1,0.0,0.38626939058303833
Hum_XLOC_000855,THP1,0.0,0.1842156946659088
Hum_XLOC_000883,THP1,0.0,0.23182259500026703
Hum_XLOC_000885,THP1,0.0,0.2693536579608917
Hum_XLOC_000905,THP1,0.0,0.1952548772096634
Hum_XLOC_000917,THP1,0.0,0.17105869948863983
Hum_XLOC_000925,THP1,0.0,0.2963620722293854
Hum_XLOC_000944,THP1,0.0,0.37579086422920227
Hum_XLOC_000949,THP1,0.0,0.2723929286003113
Hum_XLOC_000953,THP1,0.0,0.4048067629337311
Hum_XLOC_000964,THP1,0.0,0.5736091136932373
Hum_XLOC_000990,THP1,0.0,0.30494460463523865
Hum_XLOC_000994,THP1,0.0,0.6148210763931274
Hum_XLOC_001020,THP1,0.0,0.17196717858314514
Hum_XLOC_001029,THP1,0.0,0.41096651554107666
Hum_XLOC_001066,THP1,0.0,0.308129221200943
Hum_XLOC_001120,THP1,0.0,0.4707376956939697
Hum_XLOC_001121,THP1,0.0,0.40002381801605225
Hum_XLOC_001122,THP1,0.0,0.5687590837478638
Hum_XLOC_001125,THP1,0.0,0.6338562965393066
Hum_XLOC_001132,THP1,0.0,0.4402686655521393
Hum_XLOC_001138,THP1,0.0,0.23910656571388245
Hum_XLOC_001144,THP1,0.0,0.3157014548778534
Hum_XLOC_001146,THP1,0.0,0.38509121537208557
Hum_XLOC_001188,THP1,1.0,0.23750373721122742
Hum_XLOC_001191,THP1,0.0,0.42018285393714905
Hum_XLOC_001192,THP1,0.0,0.42743536829948425
Hum_XLOC_001217,THP1,0.0,0.2472137063741684
Hum_XLOC_001222,THP1,0.0,0.1389712542295456
Hum_XLOC_001228,THP1,0.0,0.28488707542419434
Hum_XLOC_001230,THP1,0.0,0.24395014345645905
Hum_XLOC_001237,THP1,0.0,0.3166878819465637
Hum_XLOC_001243,THP1,0.0,0.634934663772583
Hum_XLOC_001275,THP1,0.0,0.27621427178382874
Hum_XLOC_001279,THP1,0.0,0.4700792729854584
Hum_XLOC_001291,THP1,0.0,0.4180368185043335
Hum_XLOC_001296,THP1,0.0,0.504426896572113
Hum_XLOC_001297,THP1,0.0,0.45081380009651184
Hum_XLOC_001309,THP1,0.0,0.42016294598579407
Hum_XLOC_001329,THP1,0.0,0.3716219663619995
Hum_XLOC_001330,THP1,0.0,0.32926708459854126
Hum_XLOC_001355,THP1,0.0,0.3239139914512634
Hum_XLOC_001366,THP1,0.0,0.4026201367378235
Hum_XLOC_001367,THP1,0.0,0.45473816990852356
Hum_XLOC_001375,THP1,0.0,0.3679017722606659
Hum_XLOC_001390,THP1,0.0,0.07671801000833511
Hum_XLOC_001405,THP1,0.0,0.5248664021492004
Hum_XLOC_001461,THP1,0.0,0.4230566620826721
Hum_XLOC_001465,THP1,0.0,0.2937038540840149
Hum_XLOC_001488,THP1,0.0,0.21573981642723083
Hum_XLOC_001490,THP1,0.0,0.5500940084457397
Hum_XLOC_001509,THP1,1.0,0.38510385155677795
Hum_XLOC_001516,THP1,0.0,0.38896316289901733
Hum_XLOC_001532,THP1,0.0,0.5025756359100342
Hum_XLOC_001539,THP1,0.0,0.4165659248828888
Hum_XLOC_001541,THP1,0.0,0.4834968149662018
Hum_XLOC_001542,THP1,0.0,0.5119957327842712
Hum_XLOC_001548,THP1,0.0,0.44847163558006287
Hum_XLOC_001559,THP1,0.0,0.35395553708076477
Hum_XLOC_001565,THP1,0.0,0.382484495639801
Hum_XLOC_001566,THP1,0.0,0.5429698824882507
Hum_XLOC_001575,THP1,0.0,0.514358401298523
Hum_XLOC_001580,THP1,0.0,0.2927945852279663
Hum_XLOC_001590,THP1,0.0,0.4808034300804138
Hum_XLOC_001615,THP1,1.0,0.3748062551021576
Hum_XLOC_001624,THP1,0.0,0.5302366614341736
Hum_XLOC_001639,THP1,0.0,0.3911930024623871
Hum_XLOC_001661,THP1,0.0,0.43146926164627075
Hum_XLOC_001666,THP1,0.0,0.1503521353006363
Hum_XLOC_001668,THP1,0.0,0.2658602297306061
Hum_XLOC_001688,THP1,0.0,0.3435306251049042
Hum_XLOC_001689,THP1,0.0,0.2867799699306488
Hum_XLOC_001695,THP1,0.0,0.6048972010612488
Hum_XLOC_001696,THP1,0.0,0.26265543699264526
Hum_XLOC_001698,THP1,0.0,0.3981592357158661
Hum_XLOC_001707,THP1,0.0,0.5163484811782837
Hum_XLOC_001760,THP1,0.0,0.3291340470314026
Hum_XLOC_001761,THP1,0.0,0.4010002017021179
Hum_XLOC_001773,THP1,0.0,0.4848644733428955
Hum_XLOC_001775,THP1,0.0,0.3983677327632904
Hum_XLOC_001779,THP1,0.0,0.5538609027862549
Hum_XLOC_001783,THP1,0.0,0.24022240936756134
Hum_XLOC_001791,THP1,0.0,0.48070764541625977
Hum_XLOC_001805,THP1,0.0,0.6384145617485046
Hum_XLOC_001809,THP1,0.0,0.23268988728523254
Hum_XLOC_001848,THP1,0.0,0.617371678352356
Hum_XLOC_001919,THP1,0.0,0.360641211271286
Hum_XLOC_001941,THP1,0.0,0.3278036415576935
Hum_XLOC_001942,THP1,0.0,0.3779051899909973
Hum_XLOC_001949,THP1,0.0,0.297305166721344
Hum_XLOC_001950,THP1,0.0,0.6051862835884094
Hum_XLOC_001953,THP1,0.0,0.2756885886192322
Hum_XLOC_001957,THP1,0.0,0.37885433435440063
Hum_XLOC_001961,THP1,1.0,0.5085732340812683
Hum_XLOC_001969,THP1,0.0,0.2585752010345459
Hum_XLOC_002024,THP1,0.0,0.41384440660476685
Hum_XLOC_002028,THP1,0.0,0.5348551273345947
Hum_XLOC_002033,THP1,0.0,0.44186756014823914
Hum_XLOC_002036,THP1,0.0,0.4487900137901306
Hum_XLOC_002037,THP1,0.0,0.47717246413230896
Hum_XLOC_002041,THP1,0.0,0.29122304916381836
Hum_XLOC_002059,THP1,0.0,0.6119703650474548
Hum_XLOC_002061,THP1,0.0,0.5472258925437927
Hum_XLOC_002068,THP1,0.0,0.15629300475120544
Hum_XLOC_002081,THP1,0.0,0.4145576059818268
Hum_XLOC_002093,THP1,0.0,0.5081862211227417
Hum_XLOC_002099,THP1,0.0,0.3006812334060669
Hum_XLOC_002144,THP1,0.0,0.4570384621620178
Hum_XLOC_002150,THP1,0.0,0.25809118151664734
Hum_XLOC_002152,THP1,0.0,0.5340015888214111
Hum_XLOC_002154,THP1,0.0,0.4711974859237671
Hum_XLOC_002169,THP1,1.0,0.3944883942604065
Hum_XLOC_002170,THP1,0.0,0.2786262631416321
Hum_XLOC_002176,THP1,0.0,0.3713208734989166
Hum_XLOC_002178,THP1,0.0,0.28467798233032227
Hum_XLOC_002186,THP1,0.0,0.3209880292415619
Hum_XLOC_002204,THP1,0.0,0.46600520610809326
Hum_XLOC_002205,THP1,0.0,0.29173678159713745
Hum_XLOC_002219,THP1,0.0,0.48356494307518005
Hum_XLOC_002244,THP1,0.0,0.38901394605636597
Hum_XLOC_002252,THP1,0.0,0.37776604294776917
Hum_XLOC_002261,THP1,0.0,0.4161403477191925
Hum_XLOC_002262,THP1,0.0,0.28546807169914246
Hum_XLOC_002265,THP1,0.0,0.5920860767364502
Hum_XLOC_002271,THP1,0.0,0.3162996470928192
Hum_XLOC_002280,THP1,0.0,0.4629727005958557
Hum_XLOC_002282,THP1,0.0,0.47025609016418457
Hum_XLOC_002283,THP1,0.0,0.37700557708740234
Hum_XLOC_002284,THP1,0.0,0.6710326671600342
Hum_XLOC_002294,THP1,0.0,0.6725746989250183
Hum_XLOC_002296,THP1,0.0,0.31615597009658813
Hum_XLOC_002299,THP1,0.0,0.5748021602630615
Hum_XLOC_002301,THP1,0.0,0.448351114988327
Hum_XLOC_002306,THP1,0.0,0.5235764384269714
Hum_XLOC_002311,THP1,0.0,0.36758947372436523
Hum_XLOC_002313,THP1,0.0,0.46709907054901123
Hum_XLOC_002314,THP1,0.0,0.47720369696617126
Hum_XLOC_002327,THP1,0.0,0.4317626655101776
Hum_XLOC_002330,THP1,0.0,0.23407454788684845
Hum_XLOC_002338,THP1,0.0,0.46439409255981445
Hum_XLOC_002344,THP1,0.0,0.40899887681007385
Hum_XLOC_002347,THP1,0.0,0.35793831944465637
Hum_XLOC_002348,THP1,0.0,0.4330851435661316
Hum_XLOC_002362,THP1,0.0,0.34786126017570496
Hum_XLOC_002364,THP1,0.0,0.19161850214004517
Hum_XLOC_002383,THP1,0.0,0.25217047333717346
Hum_XLOC_002386,THP1,0.0,0.20670808851718903
Hum_XLOC_002390,THP1,0.0,0.5322826504707336
Hum_XLOC_002394,THP1,0.0,0.21486657857894897
Hum_XLOC_002398,THP1,0.0,0.417878657579422
Hum_XLOC_002399,THP1,0.0,0.17014846205711365
Hum_XLOC_002408,THP1,0.0,0.30692923069000244
Hum_XLOC_002414,THP1,0.0,0.6073172688484192
Hum_XLOC_002418,THP1,0.0,0.5543911457061768
Hum_XLOC_002435,THP1,0.0,0.17801843583583832
Hum_XLOC_002440,THP1,0.0,0.5213347673416138
Hum_XLOC_002489,THP1,0.0,0.3139815330505371
Hum_XLOC_002490,THP1,0.0,0.240183487534523
Hum_XLOC_002493,THP1,0.0,0.4553827941417694
Hum_XLOC_002520,THP1,0.0,0.5827654600143433
Hum_XLOC_002524,THP1,0.0,0.38960039615631104
Hum_XLOC_002546,THP1,0.0,0.5087618231773376
Hum_XLOC_002560,THP1,0.0,0.44077396392822266
Hum_XLOC_002570,THP1,0.0,0.4784839153289795
Hum_XLOC_002577,THP1,0.0,0.5377824306488037
Hum_XLOC_002579,THP1,0.0,0.47112274169921875
Hum_XLOC_002586,THP1,0.0,0.13224853575229645
Hum_XLOC_002589,THP1,0.0,0.4276494085788727
Hum_XLOC_002629,THP1,0.0,0.3531385362148285
Hum_XLOC_002631,THP1,0.0,0.4114706516265869
Hum_XLOC_002635,THP1,0.0,0.34526345133781433
Hum_XLOC_002644,THP1,0.0,0.30399876832962036
Hum_XLOC_002646,THP1,0.0,0.35004547238349915
Hum_XLOC_002653,THP1,0.0,0.3052627444267273
Hum_XLOC_002681,THP1,0.0,0.39485853910446167
Hum_XLOC_002695,THP1,0.0,0.2875364124774933
Hum_XLOC_002702,THP1,0.0,0.14190573990345
Hum_XLOC_002705,THP1,0.0,0.5252770185470581
Hum_XLOC_002711,THP1,0.0,0.41046711802482605
Hum_XLOC_002714,THP1,0.0,0.30140864849090576
Hum_XLOC_002717,THP1,0.0,0.3724980652332306
Hum_XLOC_002725,THP1,0.0,0.6052801012992859
Hum_XLOC_002741,THP1,0.0,0.676662802696228
Hum_XLOC_002742,THP1,0.0,0.5471380352973938
Hum_XLOC_002744,THP1,0.0,0.3970715403556824
Hum_XLOC_002760,THP1,0.0,0.4874410033226013
Hum_XLOC_002788,THP1,0.0,0.48931992053985596
Hum_XLOC_002792,THP1,0.0,0.46286019682884216
Hum_XLOC_002796,THP1,0.0,0.5003662705421448
Hum_XLOC_002817,THP1,0.0,0.3515882194042206
Hum_XLOC_002836,THP1,1.0,0.5159220695495605
Hum_XLOC_002844,THP1,0.0,0.5000548362731934
Hum_XLOC_002845,THP1,0.0,0.5394613146781921
Hum_XLOC_002859,THP1,0.0,0.4090854525566101
Hum_XLOC_002889,THP1,0.0,0.4053969383239746
Hum_XLOC_002911,THP1,0.0,0.4934450387954712
Hum_XLOC_002935,THP1,1.0,0.36343300342559814
Hum_XLOC_002937,THP1,0.0,0.4247913956642151
Hum_XLOC_002967,THP1,0.0,0.5421984195709229
Hum_XLOC_002983,THP1,0.0,0.4245840907096863
Hum_XLOC_002986,THP1,0.0,0.4747200906276703
Hum_XLOC_002990,THP1,0.0,0.6852189302444458
Hum_XLOC_003039,THP1,0.0,0.5063235759735107
Hum_XLOC_003061,THP1,0.0,0.5011516809463501
Hum_XLOC_003086,THP1,1.0,0.48209869861602783
Hum_XLOC_003099,THP1,0.0,0.3757561445236206
Hum_XLOC_003109,THP1,1.0,0.42579329013824463
Hum_XLOC_003128,THP1,0.0,0.5499327182769775
Hum_XLOC_003134,THP1,0.0,0.5202630758285522
Hum_XLOC_003137,THP1,0.0,0.2876768410205841
Hum_XLOC_003154,THP1,0.0,0.37544378638267517
Hum_XLOC_003155,THP1,0.0,0.4510202705860138
Hum_XLOC_003171,THP1,0.0,0.3740832507610321
Hum_XLOC_003209,THP1,0.0,0.28105443716049194
Hum_XLOC_003215,THP1,0.0,0.4022148847579956
Hum_XLOC_003221,THP1,0.0,0.3399350345134735
Hum_XLOC_003232,THP1,0.0,0.42285826802253723
Hum_XLOC_003268,THP1,0.0,0.4187621474266052
Hum_XLOC_003269,THP1,0.0,0.41908323764801025
Hum_XLOC_003286,THP1,0.0,0.61800616979599
Hum_XLOC_003290,THP1,0.0,0.1071963980793953
Hum_XLOC_003294,THP1,0.0,0.30046647787094116
Hum_XLOC_003321,THP1,0.0,0.7603721022605896
Hum_XLOC_003324,THP1,0.0,0.415997177362442
Hum_XLOC_003334,THP1,0.0,0.36732664704322815
Hum_XLOC_003337,THP1,0.0,0.5157291293144226
Hum_XLOC_003338,THP1,0.0,0.3988652229309082
Hum_XLOC_003352,THP1,0.0,0.5812166929244995
Hum_XLOC_003357,THP1,0.0,0.1683863401412964
Hum_XLOC_003361,THP1,0.0,0.33553579449653625
Hum_XLOC_003371,THP1,0.0,0.2102520614862442
Hum_XLOC_003381,THP1,0.0,0.4180912673473358
Hum_XLOC_003408,THP1,0.0,0.34019404649734497
Hum_XLOC_003436,THP1,0.0,0.2235288769006729
Hum_XLOC_003440,THP1,0.0,0.34025824069976807
Hum_XLOC_003450,THP1,0.0,0.5175440311431885
Hum_XLOC_003466,THP1,0.0,0.3462177515029907
Hum_XLOC_003488,THP1,0.0,0.3374757468700409
Hum_XLOC_003491,THP1,0.0,0.49819883704185486
Hum_XLOC_003497,THP1,0.0,0.4673794209957123
Hum_XLOC_003498,THP1,0.0,0.5000337362289429
Hum_XLOC_003502,THP1,0.0,0.43210873007774353
Hum_XLOC_003518,THP1,0.0,0.3704977333545685
Hum_XLOC_003532,THP1,0.0,0.2480091005563736
Hum_XLOC_003543,THP1,0.0,0.11947555094957352
Hum_XLOC_003554,THP1,1.0,0.31843167543411255
Hum_XLOC_003563,THP1,0.0,0.3732474446296692
Hum_XLOC_003567,THP1,0.0,0.5130165815353394
Hum_XLOC_003568,THP1,0.0,0.348347932100296
Hum_XLOC_003570,THP1,0.0,0.09058971703052521
Hum_XLOC_003571,THP1,0.0,0.33387166261672974
Hum_XLOC_003593,THP1,0.0,0.5023252367973328
Hum_XLOC_003594,THP1,0.0,0.4142797291278839
Hum_XLOC_003598,THP1,0.0,0.2831103205680847
Hum_XLOC_003626,THP1,0.0,0.2505043148994446
Hum_XLOC_003628,THP1,1.0,0.26817458868026733
Hum_XLOC_003630,THP1,0.0,0.37740716338157654
Hum_XLOC_003641,THP1,0.0,0.5369361042976379
Hum_XLOC_003662,THP1,0.0,0.5298564434051514
Hum_XLOC_003665,THP1,0.0,0.6994693279266357
Hum_XLOC_003672,THP1,0.0,0.5484793186187744
Hum_XLOC_003673,THP1,0.0,0.27429360151290894
Hum_XLOC_003674,THP1,0.0,0.39494606852531433
Hum_XLOC_003676,THP1,0.0,0.48107782006263733
Hum_XLOC_003686,THP1,0.0,0.38899460434913635
Hum_XLOC_003697,THP1,0.0,0.2949276268482208
Hum_XLOC_003717,THP1,0.0,0.24641455709934235
Hum_XLOC_003725,THP1,0.0,0.46314170956611633
Hum_XLOC_003743,THP1,0.0,0.3282715976238251
Hum_XLOC_003754,THP1,0.0,0.534085214138031
Hum_XLOC_003766,THP1,0.0,0.7863398790359497
Hum_XLOC_003775,THP1,0.0,0.5740259885787964
Hum_XLOC_003790,THP1,0.0,0.3461818993091583
Hum_XLOC_003799,THP1,0.0,0.42642512917518616
Hum_XLOC_003853,THP1,0.0,0.2857905924320221
Hum_XLOC_003865,THP1,0.0,0.41560330986976624
Hum_XLOC_003871,THP1,0.0,0.3601263761520386
Hum_XLOC_003891,THP1,0.0,0.5235423445701599
Hum_XLOC_003892,THP1,1.0,0.2745864689350128
Hum_XLOC_003910,THP1,0.0,0.7694494724273682
Hum_XLOC_003911,THP1,0.0,0.5330614447593689
Hum_XLOC_003952,THP1,0.0,0.47973600029945374
Hum_XLOC_003971,THP1,0.0,0.48530974984169006
Hum_XLOC_003988,THP1,0.0,0.26065438985824585
Hum_XLOC_004020,THP1,0.0,0.2171066403388977
Hum_XLOC_004035,THP1,0.0,0.5616905689239502
Hum_XLOC_004036,THP1,0.0,0.7623481750488281
Hum_XLOC_004048,THP1,0.0,0.4419142007827759
Hum_XLOC_004068,THP1,0.0,0.28224650025367737
Hum_XLOC_004069,THP1,0.0,0.2013406902551651
Hum_XLOC_004095,THP1,0.0,0.6182754635810852
Hum_XLOC_004096,THP1,0.0,0.6860377788543701
Hum_XLOC_004116,THP1,0.0,0.7408514618873596
Hum_XLOC_004123,THP1,0.0,0.28040826320648193
Hum_XLOC_004134,THP1,0.0,0.3231545686721802
Hum_XLOC_004161,THP1,0.0,0.34636402130126953
Hum_XLOC_004168,THP1,0.0,0.37650901079177856
Hum_XLOC_004169,THP1,0.0,0.3785237967967987
Hum_XLOC_004177,THP1,0.0,0.36699482798576355
Hum_XLOC_004200,THP1,0.0,0.0939515084028244
Hum_XLOC_004201,THP1,0.0,0.2981433868408203
Hum_XLOC_004219,THP1,0.0,0.3316487669944763
Hum_XLOC_004226,THP1,0.0,0.20227652788162231
Hum_XLOC_004227,THP1,0.0,0.23789402842521667
Hum_XLOC_004236,THP1,0.0,0.37564969062805176
Hum_XLOC_004254,THP1,1.0,0.6005018353462219
Hum_XLOC_004255,THP1,0.0,0.5510715842247009
Hum_XLOC_004262,THP1,1.0,0.5491332411766052
Hum_XLOC_004269,THP1,0.0,0.3526420295238495
Hum_XLOC_004277,THP1,0.0,0.34725916385650635
Hum_XLOC_004278,THP1,0.0,0.3565744459629059
Hum_XLOC_004282,THP1,0.0,0.404137521982193
Hum_XLOC_004287,THP1,0.0,0.5910032391548157
Hum_XLOC_004293,THP1,0.0,0.40543684363365173
Hum_XLOC_004302,THP1,0.0,0.6007058024406433
Hum_XLOC_004303,THP1,0.0,0.2984537184238434
Hum_XLOC_004306,THP1,0.0,0.3143492043018341
Hum_XLOC_004309,THP1,0.0,0.3640165328979492
Hum_XLOC_004314,THP1,0.0,0.46209588646888733
Hum_XLOC_004317,THP1,0.0,0.428223580121994
Hum_XLOC_004336,THP1,1.0,0.3459257483482361
Hum_XLOC_004343,THP1,0.0,0.3229537904262543
Hum_XLOC_004350,THP1,0.0,0.3735146224498749
Hum_XLOC_004361,THP1,0.0,0.2562880516052246
Hum_XLOC_004363,THP1,0.0,0.3898552656173706
Hum_XLOC_004401,THP1,0.0,0.17261745035648346
Hum_XLOC_004405,THP1,0.0,0.4397343397140503
Hum_XLOC_004407,THP1,0.0,0.31524530053138733
Hum_XLOC_004424,THP1,0.0,0.6129699945449829
Hum_XLOC_004437,THP1,0.0,0.3854115903377533
Hum_XLOC_004446,THP1,0.0,0.5128530263900757
Hum_XLOC_004457,THP1,0.0,0.717119574546814
Hum_XLOC_004482,THP1,0.0,0.49556195735931396
Hum_XLOC_004502,THP1,0.0,0.32661646604537964
Hum_XLOC_004515,THP1,0.0,0.35819923877716064
Hum_XLOC_004529,THP1,0.0,0.5064812898635864
Hum_XLOC_004535,THP1,0.0,0.3157406747341156
Hum_XLOC_004553,THP1,0.0,0.592383623123169
Hum_XLOC_004566,THP1,0.0,0.38244739174842834
Hum_XLOC_004567,THP1,0.0,0.4782746434211731
Hum_XLOC_004572,THP1,1.0,0.730917751789093
Hum_XLOC_004578,THP1,0.0,0.29138535261154175
Hum_XLOC_004580,THP1,0.0,0.3616219162940979
Hum_XLOC_004581,THP1,0.0,0.2345072329044342
Hum_XLOC_004587,THP1,0.0,0.5493109822273254
Hum_XLOC_004600,THP1,0.0,0.7027431130409241
Hum_XLOC_004601,THP1,0.0,0.26792195439338684
Hum_XLOC_004607,THP1,0.0,0.44184696674346924
Hum_XLOC_004617,THP1,0.0,0.27155667543411255
Hum_XLOC_004619,THP1,0.0,0.40138882398605347
Hum_XLOC_004620,THP1,0.0,0.6353542804718018
Hum_XLOC_004632,THP1,0.0,0.40467798709869385
Hum_XLOC_004636,THP1,0.0,0.8048154711723328
Hum_XLOC_004652,THP1,0.0,0.32434651255607605
Hum_XLOC_004653,THP1,0.0,0.44870316982269287
Hum_XLOC_004657,THP1,0.0,0.512871265411377
Hum_XLOC_004661,THP1,0.0,0.5104665160179138
Hum_XLOC_004683,THP1,0.0,0.2547931373119354
Hum_XLOC_004684,THP1,0.0,0.6481184959411621
Hum_XLOC_004688,THP1,0.0,0.30186766386032104
Hum_XLOC_004689,THP1,0.0,0.3657725751399994
Hum_XLOC_004705,THP1,0.0,0.2963738739490509
Hum_XLOC_004717,THP1,0.0,0.4780111312866211
Hum_XLOC_004718,THP1,0.0,0.47106146812438965
Hum_XLOC_004733,THP1,0.0,0.5369666814804077
Hum_XLOC_004741,THP1,0.0,0.17844238877296448
Hum_XLOC_004762,THP1,0.0,0.5926962494850159
Hum_XLOC_004771,THP1,0.0,0.2899635136127472
Hum_XLOC_004777,THP1,0.0,0.31380385160446167
Hum_XLOC_004788,THP1,0.0,0.46317341923713684
Hum_XLOC_004791,THP1,0.0,0.28000789880752563
Hum_XLOC_004795,THP1,0.0,0.4440353214740753
Hum_XLOC_004803,THP1,0.0,0.5465105772018433
Hum_XLOC_004805,THP1,0.0,0.3070276975631714
Hum_XLOC_004813,THP1,0.0,0.2542503774166107
Hum_XLOC_004815,THP1,0.0,0.2793384790420532
Hum_XLOC_004822,THP1,0.0,0.33032259345054626
Hum_XLOC_004823,THP1,0.0,0.2734237313270569
Hum_XLOC_004827,THP1,0.0,0.31296300888061523
Hum_XLOC_004837,THP1,0.0,0.4420773684978485
Hum_XLOC_004839,THP1,0.0,0.4677542746067047
Hum_XLOC_004855,THP1,0.0,0.3328714072704315
Hum_XLOC_004874,THP1,0.0,0.2874300479888916
Hum_XLOC_004875,THP1,0.0,0.37826693058013916
Hum_XLOC_004878,THP1,0.0,0.42645734548568726
Hum_XLOC_004884,THP1,0.0,0.35853949189186096
Hum_XLOC_004911,THP1,0.0,0.3970958888530731
Hum_XLOC_004915,THP1,1.0,0.6072238683700562
Hum_XLOC_004927,THP1,0.0,0.1697523146867752
Hum_XLOC_004929,THP1,0.0,0.3433532118797302
Hum_XLOC_004936,THP1,0.0,0.22193939983844757
Hum_XLOC_004957,THP1,0.0,0.18359172344207764
Hum_XLOC_004960,THP1,0.0,0.4746647775173187
Hum_XLOC_004965,THP1,0.0,0.2559695243835449
