target,cell_line,y_true,y_pred_proba
Hum_XLOC_000006,HAP1,0.0,0.0028530291747301817
Hum_XLOC_000008,HAP1,0.0,0.004909953568130732
Hum_XLOC_000016,HAP1,0.0,0.005630798637866974
Hum_XLOC_000030,HAP1,0.0,0.006148156709969044
Hum_XLOC_000033,HAP1,0.0,0.0032479590736329556
Hum_XLOC_000039,HAP1,0.0,0.00516862329095602
Hum_XLOC_000053,HAP1,0.0,0.008643475361168385
Hum_XLOC_000057,HAP1,0.0,0.008445019833743572
Hum_XLOC_000060,HAP1,0.0,0.006207025144249201
Hum_XLOC_000080,HAP1,0.0,0.005278368946164846
Hum_XLOC_000094,HAP1,0.0,0.007722252514213324
Hum_XLOC_000100,HAP1,0.0,0.008059578016400337
Hum_XLOC_000105,HAP1,0.0,0.005815133452415466
Hum_XLOC_000107,HAP1,1.0,0.006637659389525652
Hum_XLOC_000111,HAP1,0.0,0.00907366443425417
Hum_XLOC_000134,HAP1,0.0,0.0024666604585945606
Hum_XLOC_000143,HAP1,0.0,0.012610086239874363
Hum_XLOC_000145,HAP1,0.0,0.007125924341380596
Hum_XLOC_000149,HAP1,0.0,0.004377130419015884
Hum_XLOC_000155,HAP1,1.0,0.010864557698369026
Hum_XLOC_000169,HAP1,0.0,0.010824659839272499
Hum_XLOC_000170,HAP1,0.0,0.011686678975820541
Hum_XLOC_000194,HAP1,0.0,0.005551301408559084
Hum_XLOC_000201,HAP1,0.0,0.011199470609426498
Hum_XLOC_000231,HAP1,0.0,0.003977952525019646
Hum_XLOC_000233,HAP1,0.0,0.02338123321533203
Hum_XLOC_000245,HAP1,0.0,0.004530743230134249
Hum_XLOC_000247,HAP1,0.0,0.0036650735419243574
Hum_XLOC_000248,HAP1,0.0,0.004794985055923462
Hum_XLOC_000265,HAP1,0.0,0.008978229947388172
Hum_XLOC_000282,HAP1,0.0,0.007977157831192017
Hum_XLOC_000286,HAP1,0.0,0.006179091986268759
Hum_XLOC_000292,HAP1,0.0,0.004645553417503834
Hum_XLOC_000307,HAP1,1.0,0.0030756082851439714
Hum_XLOC_000308,HAP1,0.0,0.007256141863763332
Hum_XLOC_000312,HAP1,0.0,0.007992851547896862
Hum_XLOC_000314,HAP1,0.0,0.003480432787910104
Hum_XLOC_000317,HAP1,0.0,0.008929574862122536
Hum_XLOC_000319,HAP1,0.0,0.0069997673854231834
Hum_XLOC_000332,HAP1,0.0,0.023677712306380272
Hum_XLOC_000338,HAP1,0.0,0.006121658254414797
Hum_XLOC_000342,HAP1,0.0,0.008052715100347996
Hum_XLOC_000345,HAP1,0.0,0.014378977008163929
Hum_XLOC_000362,HAP1,0.0,0.0028852084651589394
Hum_XLOC_000377,HAP1,0.0,0.009033139795064926
Hum_XLOC_000390,HAP1,0.0,0.004632256925106049
Hum_XLOC_000394,HAP1,0.0,0.009460353292524815
Hum_XLOC_000411,HAP1,0.0,0.004565526265650988
Hum_XLOC_000415,HAP1,0.0,0.0035494803451001644
Hum_XLOC_000430,HAP1,0.0,0.005902562756091356
Hum_XLOC_000436,HAP1,0.0,0.0039838021621108055
Hum_XLOC_000437,HAP1,0.0,0.03878301754593849
Hum_XLOC_000456,HAP1,0.0,0.020465614274144173
Hum_XLOC_000461,HAP1,0.0,0.014764598570764065
Hum_XLOC_000462,HAP1,0.0,0.0038727230858057737
Hum_XLOC_000465,HAP1,0.0,0.006916583515703678
Hum_XLOC_000472,HAP1,0.0,0.011595645919442177
Hum_XLOC_000474,HAP1,0.0,0.0068313623778522015
Hum_XLOC_000478,HAP1,0.0,0.003787004156038165
Hum_XLOC_000486,HAP1,0.0,0.008858401328325272
Hum_XLOC_000490,HAP1,0.0,0.007459185551851988
Hum_XLOC_000498,HAP1,0.0,0.005378176923841238
Hum_XLOC_000500,HAP1,0.0,0.015401143580675125
Hum_XLOC_000510,HAP1,0.0,0.01296679675579071
Hum_XLOC_000535,HAP1,0.0,0.020738717168569565
Hum_XLOC_000540,HAP1,0.0,0.0029678645078092813
Hum_XLOC_000556,HAP1,0.0,0.01003066822886467
Hum_XLOC_000574,HAP1,0.0,0.006203793454915285
Hum_XLOC_000575,HAP1,0.0,0.01234452798962593
Hum_XLOC_000582,HAP1,0.0,0.007796894293278456
Hum_XLOC_000590,HAP1,0.0,0.003561183577403426
Hum_XLOC_000601,HAP1,0.0,0.0037136301398277283
Hum_XLOC_000604,HAP1,0.0,0.004902190063148737
Hum_XLOC_000608,HAP1,0.0,0.003997856751084328
Hum_XLOC_000612,HAP1,0.0,0.0027542661409825087
Hum_XLOC_000636,HAP1,0.0,0.004450398962944746
Hum_XLOC_000638,HAP1,0.0,0.009734449908137321
Hum_XLOC_000641,HAP1,0.0,0.003876477014273405
Hum_XLOC_000655,HAP1,0.0,0.007960541173815727
Hum_XLOC_000668,HAP1,0.0,0.00812361016869545
Hum_XLOC_000680,HAP1,0.0,0.0033807868603616953
Hum_XLOC_000681,HAP1,0.0,0.00420746486634016
Hum_XLOC_000695,HAP1,0.0,0.0034224942792207003
Hum_XLOC_000702,HAP1,0.0,0.005099939182400703
Hum_XLOC_000726,HAP1,0.0,0.009026956744492054
Hum_XLOC_000727,HAP1,0.0,0.010244926437735558
Hum_XLOC_000758,HAP1,0.0,0.004267760086804628
Hum_XLOC_000773,HAP1,0.0,0.0038432865403592587
Hum_XLOC_000774,HAP1,0.0,0.00829903595149517
Hum_XLOC_000797,HAP1,0.0,0.009869929403066635
Hum_XLOC_000799,HAP1,0.0,0.005732463672757149
Hum_XLOC_000800,HAP1,0.0,0.004021893721073866
Hum_XLOC_000807,HAP1,0.0,0.017627965658903122
Hum_XLOC_000818,HAP1,0.0,0.006395495031028986
Hum_XLOC_000828,HAP1,0.0,0.007143150549381971
Hum_XLOC_000831,HAP1,0.0,0.00819183699786663
Hum_XLOC_000835,HAP1,0.0,0.00416130106896162
Hum_XLOC_000840,HAP1,0.0,0.00202728109434247
Hum_XLOC_000841,HAP1,0.0,0.008232406340539455
Hum_XLOC_000842,HAP1,0.0,0.0030991120729595423
Hum_XLOC_000854,HAP1,0.0,0.005635513458400965
Hum_XLOC_000855,HAP1,0.0,0.007037959527224302
Hum_XLOC_000883,HAP1,0.0,0.0036871067713946104
Hum_XLOC_000885,HAP1,0.0,0.006784181576222181
Hum_XLOC_000905,HAP1,0.0,0.006211515516042709
Hum_XLOC_000917,HAP1,0.0,0.0029625513125211
Hum_XLOC_000925,HAP1,0.0,0.0043546287342906
Hum_XLOC_000944,HAP1,0.0,0.008165890350937843
Hum_XLOC_000949,HAP1,0.0,0.004578151740133762
Hum_XLOC_000953,HAP1,0.0,0.002643218729645014
Hum_XLOC_000964,HAP1,0.0,0.0028150316793471575
Hum_XLOC_000990,HAP1,0.0,0.00693115359172225
Hum_XLOC_000994,HAP1,0.0,0.006803915370255709
Hum_XLOC_001020,HAP1,0.0,0.008629251271486282
Hum_XLOC_001029,HAP1,0.0,0.004119333811104298
Hum_XLOC_001066,HAP1,1.0,0.004847525618970394
Hum_XLOC_001120,HAP1,0.0,0.005353255197405815
Hum_XLOC_001121,HAP1,0.0,0.006614775396883488
Hum_XLOC_001122,HAP1,0.0,0.009752309881150723
Hum_XLOC_001125,HAP1,0.0,0.009645811282098293
Hum_XLOC_001132,HAP1,0.0,0.008610067889094353
Hum_XLOC_001138,HAP1,0.0,0.014217560179531574
Hum_XLOC_001144,HAP1,0.0,0.009277484379708767
Hum_XLOC_001146,HAP1,0.0,0.008687904104590416
Hum_XLOC_001188,HAP1,0.0,0.005230091977864504
Hum_XLOC_001191,HAP1,0.0,0.009799345396459103
Hum_XLOC_001192,HAP1,0.0,0.010697375051677227
Hum_XLOC_001217,HAP1,0.0,0.010228567756712437
Hum_XLOC_001222,HAP1,0.0,0.007879390381276608
Hum_XLOC_001228,HAP1,0.0,0.009316765703260899
Hum_XLOC_001230,HAP1,0.0,0.0042533003725111485
Hum_XLOC_001237,HAP1,0.0,0.007915813475847244
Hum_XLOC_001243,HAP1,0.0,0.0037792751099914312
Hum_XLOC_001275,HAP1,0.0,0.007024325896054506
Hum_XLOC_001279,HAP1,0.0,0.002220562193542719
Hum_XLOC_001291,HAP1,0.0,0.007243611849844456
Hum_XLOC_001296,HAP1,0.0,0.0033738696947693825
Hum_XLOC_001297,HAP1,0.0,0.011296267621219158
Hum_XLOC_001309,HAP1,0.0,0.006256088148802519
Hum_XLOC_001329,HAP1,0.0,0.002691954839974642
Hum_XLOC_001330,HAP1,0.0,0.003715161932632327
Hum_XLOC_001355,HAP1,0.0,0.010894596576690674
Hum_XLOC_001366,HAP1,0.0,0.00652650510892272
Hum_XLOC_001367,HAP1,0.0,0.0022954950109124184
Hum_XLOC_001375,HAP1,0.0,0.006276183295994997
Hum_XLOC_001390,HAP1,0.0,0.0060861664824187756
Hum_XLOC_001405,HAP1,0.0,0.007774353958666325
Hum_XLOC_001461,HAP1,0.0,0.003238061675801873
Hum_XLOC_001465,HAP1,0.0,0.008231425657868385
Hum_XLOC_001488,HAP1,0.0,0.005624146666377783
Hum_XLOC_001490,HAP1,0.0,0.008082609623670578
Hum_XLOC_001509,HAP1,0.0,0.006297876592725515
Hum_XLOC_001516,HAP1,0.0,0.006708631291985512
Hum_XLOC_001532,HAP1,0.0,0.00579223083332181
Hum_XLOC_001539,HAP1,0.0,0.0036406537983566523
Hum_XLOC_001541,HAP1,0.0,0.011918087489902973
Hum_XLOC_001542,HAP1,0.0,0.01691311225295067
Hum_XLOC_001548,HAP1,1.0,0.006090044509619474
Hum_XLOC_001559,HAP1,0.0,0.007743715308606625
Hum_XLOC_001565,HAP1,0.0,0.0054604471661150455
Hum_XLOC_001566,HAP1,0.0,0.006237161345779896
Hum_XLOC_001575,HAP1,0.0,0.0028838850557804108
Hum_XLOC_001580,HAP1,0.0,0.0055583687499165535
Hum_XLOC_001590,HAP1,0.0,0.005634981207549572
Hum_XLOC_001615,HAP1,0.0,0.012165349908173084
Hum_XLOC_001624,HAP1,0.0,0.004052928648889065
Hum_XLOC_001639,HAP1,0.0,0.00498619070276618
Hum_XLOC_001661,HAP1,0.0,0.006051734089851379
Hum_XLOC_001666,HAP1,0.0,0.002181092742830515
Hum_XLOC_001668,HAP1,0.0,0.0076070609502494335
Hum_XLOC_001688,HAP1,0.0,0.004717283416539431
Hum_XLOC_001689,HAP1,0.0,0.005501556675881147
Hum_XLOC_001695,HAP1,0.0,0.005601177457720041
Hum_XLOC_001696,HAP1,0.0,0.006572619080543518
Hum_XLOC_001698,HAP1,0.0,0.011679445393383503
Hum_XLOC_001707,HAP1,0.0,0.006088526453822851
Hum_XLOC_001760,HAP1,0.0,0.006177660543471575
Hum_XLOC_001761,HAP1,0.0,0.004785233177244663
Hum_XLOC_001773,HAP1,0.0,0.0055228834971785545
Hum_XLOC_001775,HAP1,0.0,0.010946533642709255
Hum_XLOC_001779,HAP1,0.0,0.014197196811437607
Hum_XLOC_001783,HAP1,0.0,0.005484710447490215
Hum_XLOC_001791,HAP1,0.0,0.008501791395246983
Hum_XLOC_001805,HAP1,0.0,0.005519642494618893
Hum_XLOC_001809,HAP1,0.0,0.009945354424417019
Hum_XLOC_001848,HAP1,0.0,0.011060872115194798
Hum_XLOC_001919,HAP1,1.0,0.006402383558452129
Hum_XLOC_001941,HAP1,0.0,0.005300275515764952
Hum_XLOC_001942,HAP1,0.0,0.0027085118927061558
Hum_XLOC_001949,HAP1,0.0,0.004671519156545401
Hum_XLOC_001950,HAP1,0.0,0.004535735119134188
Hum_XLOC_001953,HAP1,0.0,0.0033134997356683016
Hum_XLOC_001957,HAP1,0.0,0.0037802965380251408
Hum_XLOC_001961,HAP1,0.0,0.0028129685670137405
Hum_XLOC_001969,HAP1,0.0,0.00515188742429018
Hum_XLOC_002024,HAP1,0.0,0.0061201066710054874
Hum_XLOC_002028,HAP1,0.0,0.0017069034511223435
Hum_XLOC_002033,HAP1,0.0,0.008369721472263336
Hum_XLOC_002036,HAP1,0.0,0.010408426634967327
Hum_XLOC_002037,HAP1,0.0,0.010487393476068974
Hum_XLOC_002041,HAP1,0.0,0.004259435925632715
Hum_XLOC_002059,HAP1,0.0,0.014209001325070858
Hum_XLOC_002061,HAP1,0.0,0.0041106753051280975
Hum_XLOC_002068,HAP1,0.0,0.001126605086028576
Hum_XLOC_002081,HAP1,0.0,0.009986535646021366
Hum_XLOC_002093,HAP1,0.0,0.01315109059214592
Hum_XLOC_002099,HAP1,0.0,0.005182566121220589
Hum_XLOC_002144,HAP1,0.0,0.016976546496152878
Hum_XLOC_002150,HAP1,0.0,0.002952347509562969
Hum_XLOC_002152,HAP1,0.0,0.005429592449218035
Hum_XLOC_002154,HAP1,0.0,0.007319760043174028
Hum_XLOC_002169,HAP1,0.0,0.0032342304475605488
Hum_XLOC_002170,HAP1,0.0,0.00503356009721756
Hum_XLOC_002176,HAP1,0.0,0.00823817029595375
Hum_XLOC_002178,HAP1,0.0,0.0042132544331252575
Hum_XLOC_002186,HAP1,1.0,0.0042947567999362946
Hum_XLOC_002204,HAP1,0.0,0.0067948345094919205
Hum_XLOC_002205,HAP1,0.0,0.005668934900313616
Hum_XLOC_002219,HAP1,0.0,0.009204951114952564
Hum_XLOC_002244,HAP1,0.0,0.006782405078411102
Hum_XLOC_002252,HAP1,0.0,0.00927439983934164
Hum_XLOC_002261,HAP1,0.0,0.003421619301661849
Hum_XLOC_002262,HAP1,0.0,0.008624137379229069
Hum_XLOC_002265,HAP1,0.0,0.00515871774405241
Hum_XLOC_002271,HAP1,0.0,0.006084427237510681
Hum_XLOC_002280,HAP1,0.0,0.0073891268111765385
Hum_XLOC_002282,HAP1,1.0,0.004635080695152283
Hum_XLOC_002283,HAP1,0.0,0.008560231886804104
Hum_XLOC_002284,HAP1,0.0,0.006446331273764372
Hum_XLOC_002294,HAP1,0.0,0.004917039070278406
Hum_XLOC_002296,HAP1,0.0,0.006881264504045248
Hum_XLOC_002299,HAP1,0.0,0.0038062511011958122
Hum_XLOC_002301,HAP1,0.0,0.010824971832334995
Hum_XLOC_002306,HAP1,0.0,0.00778393866494298
Hum_XLOC_002311,HAP1,0.0,0.005937463138252497
Hum_XLOC_002313,HAP1,1.0,0.004660685546696186
Hum_XLOC_002314,HAP1,1.0,0.006042287684977055
Hum_XLOC_002327,HAP1,0.0,0.010644804686307907
Hum_XLOC_002330,HAP1,0.0,0.004594214726239443
Hum_XLOC_002338,HAP1,0.0,0.013351133093237877
Hum_XLOC_002344,HAP1,0.0,0.007692654617130756
Hum_XLOC_002347,HAP1,0.0,0.002782734576612711
Hum_XLOC_002348,HAP1,0.0,0.005946125835180283
Hum_XLOC_002362,HAP1,0.0,0.0044654072262346745
Hum_XLOC_002364,HAP1,0.0,0.004955259617418051
Hum_XLOC_002383,HAP1,0.0,0.00448014447465539
Hum_XLOC_002386,HAP1,0.0,0.00963190570473671
Hum_XLOC_002390,HAP1,0.0,0.010301093570888042
Hum_XLOC_002394,HAP1,0.0,0.007000423967838287
Hum_XLOC_002398,HAP1,0.0,0.0022757730912417173
Hum_XLOC_002399,HAP1,0.0,0.0036119299475103617
Hum_XLOC_002408,HAP1,0.0,0.007793917786329985
Hum_XLOC_002414,HAP1,0.0,0.004667158238589764
Hum_XLOC_002418,HAP1,0.0,0.0043201446533203125
Hum_XLOC_002435,HAP1,1.0,0.004992002155631781
Hum_XLOC_002440,HAP1,0.0,0.010165832936763763
Hum_XLOC_002489,HAP1,0.0,0.006496235728263855
Hum_XLOC_002490,HAP1,0.0,0.001651720143854618
Hum_XLOC_002493,HAP1,0.0,0.0063038598746061325
Hum_XLOC_002520,HAP1,0.0,0.0031333775259554386
Hum_XLOC_002524,HAP1,0.0,0.0037823605816811323
Hum_XLOC_002546,HAP1,0.0,0.006608092226088047
Hum_XLOC_002560,HAP1,0.0,0.0022229542955756187
Hum_XLOC_002570,HAP1,0.0,0.003702624002471566
Hum_XLOC_002577,HAP1,0.0,0.004018384497612715
Hum_XLOC_002579,HAP1,0.0,0.010084139183163643
Hum_XLOC_002586,HAP1,0.0,0.0028827046044170856
Hum_XLOC_002589,HAP1,0.0,0.012382525019347668
Hum_XLOC_002629,HAP1,0.0,0.007213239092379808
Hum_XLOC_002631,HAP1,0.0,0.013836834579706192
Hum_XLOC_002635,HAP1,0.0,0.006591698154807091
Hum_XLOC_002644,HAP1,0.0,0.0048856837674975395
Hum_XLOC_002646,HAP1,0.0,0.003159145126119256
Hum_XLOC_002653,HAP1,0.0,0.004790452308952808
Hum_XLOC_002681,HAP1,0.0,0.00552475918084383
Hum_XLOC_002695,HAP1,0.0,0.006057369988411665
Hum_XLOC_002702,HAP1,0.0,0.0068154120817780495
Hum_XLOC_002705,HAP1,0.0,0.009327043779194355
Hum_XLOC_002711,HAP1,0.0,0.01733165793120861
Hum_XLOC_002714,HAP1,0.0,0.00713513744994998
Hum_XLOC_002717,HAP1,0.0,0.008632037788629532
Hum_XLOC_002725,HAP1,0.0,0.011159825138747692
Hum_XLOC_002741,HAP1,0.0,0.009079372510313988
Hum_XLOC_002742,HAP1,1.0,0.010172422975301743
Hum_XLOC_002744,HAP1,0.0,0.005066733807325363
Hum_XLOC_002760,HAP1,0.0,0.0052132317796349525
Hum_XLOC_002788,HAP1,0.0,0.008028386160731316
Hum_XLOC_002792,HAP1,0.0,0.0032874392345547676
Hum_XLOC_002796,HAP1,0.0,0.006653498858213425
Hum_XLOC_002817,HAP1,0.0,0.006417920812964439
Hum_XLOC_002836,HAP1,1.0,0.0263823289424181
Hum_XLOC_002844,HAP1,0.0,0.004530222620815039
Hum_XLOC_002845,HAP1,0.0,0.0076639303006231785
Hum_XLOC_002859,HAP1,0.0,0.009272707626223564
Hum_XLOC_002889,HAP1,0.0,0.005129643715918064
Hum_XLOC_002911,HAP1,0.0,0.01252114400267601
Hum_XLOC_002935,HAP1,0.0,0.0031223346013575792
Hum_XLOC_002937,HAP1,0.0,0.004318684339523315
Hum_XLOC_002967,HAP1,0.0,0.0038538624066859484
Hum_XLOC_002983,HAP1,0.0,0.009092754684388638
Hum_XLOC_002986,HAP1,0.0,0.0074172187596559525
Hum_XLOC_002990,HAP1,0.0,0.02180984430015087
Hum_XLOC_003039,HAP1,0.0,0.012533200904726982
Hum_XLOC_003061,HAP1,0.0,0.004776999354362488
Hum_XLOC_003086,HAP1,0.0,0.008554257452487946
Hum_XLOC_003099,HAP1,0.0,0.0025185702834278345
Hum_XLOC_003109,HAP1,0.0,0.003759742248803377
Hum_XLOC_003128,HAP1,0.0,0.009393553249537945
Hum_XLOC_003134,HAP1,0.0,0.006579067092388868
Hum_XLOC_003137,HAP1,0.0,0.016132114455103874
Hum_XLOC_003154,HAP1,0.0,0.002778072841465473
Hum_XLOC_003155,HAP1,0.0,0.006580394692718983
Hum_XLOC_003171,HAP1,0.0,0.003563724458217621
Hum_XLOC_003209,HAP1,0.0,0.00667257746681571
Hum_XLOC_003215,HAP1,0.0,0.005249079782515764
Hum_XLOC_003221,HAP1,0.0,0.005133794620633125
Hum_XLOC_003232,HAP1,0.0,0.027203602716326714
Hum_XLOC_003268,HAP1,1.0,0.009529815055429935
Hum_XLOC_003269,HAP1,0.0,0.010224856436252594
Hum_XLOC_003286,HAP1,0.0,0.014273203909397125
Hum_XLOC_003290,HAP1,0.0,0.008226592093706131
Hum_XLOC_003294,HAP1,0.0,0.0023700217716395855
Hum_XLOC_003321,HAP1,0.0,0.012561263516545296
Hum_XLOC_003324,HAP1,0.0,0.006961715407669544
Hum_XLOC_003334,HAP1,0.0,0.016089092940092087
Hum_XLOC_003337,HAP1,0.0,0.0060604773461818695
Hum_XLOC_003338,HAP1,0.0,0.006866599433124065
Hum_XLOC_003352,HAP1,0.0,0.004472760017961264
Hum_XLOC_003357,HAP1,0.0,0.004679796285927296
Hum_XLOC_003361,HAP1,0.0,0.007331799250096083
Hum_XLOC_003371,HAP1,0.0,0.006217679474502802
Hum_XLOC_003381,HAP1,0.0,0.005286905448883772
Hum_XLOC_003408,HAP1,0.0,0.003865648992359638
Hum_XLOC_003436,HAP1,0.0,0.011992702260613441
Hum_XLOC_003440,HAP1,0.0,0.0025458617601543665
Hum_XLOC_003450,HAP1,0.0,0.011698179878294468
Hum_XLOC_003466,HAP1,0.0,0.005880890414118767
Hum_XLOC_003488,HAP1,0.0,0.0073792533949017525
Hum_XLOC_003491,HAP1,0.0,0.0030275543686002493
Hum_XLOC_003497,HAP1,0.0,0.008491519838571548
Hum_XLOC_003498,HAP1,0.0,0.00472667533904314
Hum_XLOC_003502,HAP1,0.0,0.011351450346410275
Hum_XLOC_003518,HAP1,0.0,0.020808234810829163
Hum_XLOC_003532,HAP1,0.0,0.004829274956136942
Hum_XLOC_003543,HAP1,0.0,0.0038603534922003746
Hum_XLOC_003554,HAP1,1.0,0.021915128454566002
Hum_XLOC_003563,HAP1,0.0,0.007300327066332102
Hum_XLOC_003567,HAP1,0.0,0.008440481498837471
Hum_XLOC_003568,HAP1,0.0,0.004316980950534344
Hum_XLOC_003570,HAP1,0.0,0.005677109118551016
Hum_XLOC_003571,HAP1,0.0,0.0014320926275104284
Hum_XLOC_003593,HAP1,0.0,0.0062508839182555676
Hum_XLOC_003594,HAP1,0.0,0.006306217052042484
Hum_XLOC_003598,HAP1,0.0,0.0026364142540842295
Hum_XLOC_003626,HAP1,0.0,0.004180119838565588
Hum_XLOC_003628,HAP1,0.0,0.0046094912104308605
Hum_XLOC_003630,HAP1,0.0,0.005511669907718897
Hum_XLOC_003641,HAP1,0.0,0.00692063570022583
Hum_XLOC_003662,HAP1,0.0,0.007054183166474104
Hum_XLOC_003665,HAP1,0.0,0.007470597047358751
Hum_XLOC_003672,HAP1,0.0,0.005659500136971474
Hum_XLOC_003673,HAP1,0.0,0.0038852384313941
Hum_XLOC_003674,HAP1,0.0,0.006349208299070597
Hum_XLOC_003676,HAP1,0.0,0.010482209734618664
Hum_XLOC_003686,HAP1,0.0,0.004592396318912506
Hum_XLOC_003697,HAP1,0.0,0.005477944388985634
Hum_XLOC_003717,HAP1,0.0,0.0055342381820082664
Hum_XLOC_003725,HAP1,0.0,0.009868760593235493
Hum_XLOC_003743,HAP1,0.0,0.014464604668319225
Hum_XLOC_003754,HAP1,0.0,0.0033589464146643877
Hum_XLOC_003766,HAP1,0.0,0.008653577417135239
Hum_XLOC_003775,HAP1,0.0,0.0024232042487710714
Hum_XLOC_003790,HAP1,0.0,0.005924050696194172
Hum_XLOC_003799,HAP1,0.0,0.004673648159950972
Hum_XLOC_003853,HAP1,0.0,0.007871655747294426
Hum_XLOC_003865,HAP1,0.0,0.007514207158237696
Hum_XLOC_003871,HAP1,0.0,0.01088036224246025
Hum_XLOC_003891,HAP1,0.0,0.007502052001655102
Hum_XLOC_003892,HAP1,0.0,0.006029474548995495
Hum_XLOC_003910,HAP1,0.0,0.006517653353512287
Hum_XLOC_003911,HAP1,0.0,0.015711937099695206
Hum_XLOC_003952,HAP1,0.0,0.008962871506810188
Hum_XLOC_003971,HAP1,0.0,0.005299433600157499
Hum_XLOC_003988,HAP1,0.0,0.005335780326277018
Hum_XLOC_004020,HAP1,0.0,0.003078722395002842
Hum_XLOC_004035,HAP1,0.0,0.006698629353195429
Hum_XLOC_004036,HAP1,0.0,0.011041469871997833
Hum_XLOC_004048,HAP1,0.0,0.004349240101873875
Hum_XLOC_004068,HAP1,0.0,0.006428111810237169
Hum_XLOC_004069,HAP1,0.0,0.009012154303491116
Hum_XLOC_004095,HAP1,0.0,0.009246946312487125
Hum_XLOC_004096,HAP1,0.0,0.006165134254842997
Hum_XLOC_004116,HAP1,1.0,0.011243150569498539
Hum_XLOC_004123,HAP1,0.0,0.00941622257232666
Hum_XLOC_004134,HAP1,0.0,0.001585066900588572
Hum_XLOC_004161,HAP1,0.0,0.009955359622836113
Hum_XLOC_004168,HAP1,0.0,0.00465029152110219
Hum_XLOC_004169,HAP1,0.0,0.003824443556368351
Hum_XLOC_004177,HAP1,0.0,0.010695786215364933
Hum_XLOC_004200,HAP1,0.0,0.011814316734671593
Hum_XLOC_004201,HAP1,0.0,0.009019623510539532
Hum_XLOC_004219,HAP1,0.0,0.005763243418186903
Hum_XLOC_004226,HAP1,0.0,0.005666352342814207
Hum_XLOC_004227,HAP1,0.0,0.006037690211087465
Hum_XLOC_004236,HAP1,1.0,0.0039704665541648865
Hum_XLOC_004254,HAP1,1.0,0.00587444007396698
Hum_XLOC_004255,HAP1,0.0,0.007792663760483265
Hum_XLOC_004262,HAP1,1.0,0.0058822063729166985
Hum_XLOC_004269,HAP1,0.0,0.0038699074648320675
Hum_XLOC_004277,HAP1,0.0,0.0042404294945299625
Hum_XLOC_004278,HAP1,0.0,0.006480577401816845
Hum_XLOC_004282,HAP1,0.0,0.009205394424498081
Hum_XLOC_004287,HAP1,0.0,0.00641269888728857
Hum_XLOC_004293,HAP1,0.0,0.008378753438591957
Hum_XLOC_004302,HAP1,0.0,0.004128694534301758
Hum_XLOC_004303,HAP1,0.0,0.003747908864170313
Hum_XLOC_004306,HAP1,0.0,0.0063857426866889
Hum_XLOC_004309,HAP1,0.0,0.007137890439480543
Hum_XLOC_004314,HAP1,0.0,0.009089515544474125
Hum_XLOC_004317,HAP1,0.0,0.00460410350933671
Hum_XLOC_004336,HAP1,0.0,0.00508057652041316
Hum_XLOC_004343,HAP1,0.0,0.0038983928970992565
Hum_XLOC_004350,HAP1,0.0,0.004374510608613491
Hum_XLOC_004361,HAP1,0.0,0.006301467772573233
Hum_XLOC_004363,HAP1,0.0,0.003604361554607749
Hum_XLOC_004401,HAP1,0.0,0.004789713304489851
Hum_XLOC_004405,HAP1,1.0,0.005919682327657938
Hum_XLOC_004407,HAP1,0.0,0.004170965403318405
Hum_XLOC_004424,HAP1,0.0,0.008852207101881504
Hum_XLOC_004437,HAP1,0.0,0.0069358558394014835
Hum_XLOC_004446,HAP1,0.0,0.008118486031889915
Hum_XLOC_004457,HAP1,0.0,0.010462848469614983
Hum_XLOC_004482,HAP1,0.0,0.006027780007570982
Hum_XLOC_004502,HAP1,0.0,0.0052936929278075695
Hum_XLOC_004515,HAP1,0.0,0.005239793565124273
Hum_XLOC_004529,HAP1,0.0,0.004082364030182362
Hum_XLOC_004535,HAP1,0.0,0.0038302778266370296
Hum_XLOC_004553,HAP1,0.0,0.006536694243550301
Hum_XLOC_004566,HAP1,0.0,0.01400025561451912
Hum_XLOC_004567,HAP1,0.0,0.010035485029220581
Hum_XLOC_004572,HAP1,0.0,0.0163093451410532
Hum_XLOC_004578,HAP1,0.0,0.006463667843490839
Hum_XLOC_004580,HAP1,0.0,0.007262733299285173
Hum_XLOC_004581,HAP1,0.0,0.008641056716442108
Hum_XLOC_004587,HAP1,0.0,0.009105347096920013
Hum_XLOC_004600,HAP1,0.0,0.018118781968951225
Hum_XLOC_004601,HAP1,0.0,0.0054266732186079025
Hum_XLOC_004607,HAP1,0.0,0.0044870274141430855
Hum_XLOC_004617,HAP1,0.0,0.007513329386711121
Hum_XLOC_004619,HAP1,0.0,0.003941202070564032
Hum_XLOC_004620,HAP1,0.0,0.006469166371971369
Hum_XLOC_004632,HAP1,0.0,0.009097069501876831
Hum_XLOC_004636,HAP1,0.0,0.008108800277113914
Hum_XLOC_004652,HAP1,0.0,0.013034394942224026
Hum_XLOC_004653,HAP1,0.0,0.0040934644639492035
Hum_XLOC_004657,HAP1,1.0,0.022638825699687004
Hum_XLOC_004661,HAP1,0.0,0.0029131725896149874
Hum_XLOC_004683,HAP1,0.0,0.0015029329806566238
Hum_XLOC_004684,HAP1,0.0,0.005236290395259857
Hum_XLOC_004688,HAP1,0.0,0.003654060885310173
Hum_XLOC_004689,HAP1,0.0,0.006760081276297569
Hum_XLOC_004705,HAP1,0.0,0.016225650906562805
Hum_XLOC_004717,HAP1,1.0,0.010479415766894817
Hum_XLOC_004718,HAP1,0.0,0.005685103591531515
Hum_XLOC_004733,HAP1,0.0,0.0025224965065717697
Hum_XLOC_004741,HAP1,0.0,0.0057607656344771385
Hum_XLOC_004762,HAP1,0.0,0.00491816783323884
Hum_XLOC_004771,HAP1,0.0,0.0078196469694376
Hum_XLOC_004777,HAP1,0.0,0.003529963782057166
Hum_XLOC_004788,HAP1,1.0,0.005366448778659105
Hum_XLOC_004791,HAP1,1.0,0.005074414890259504
Hum_XLOC_004795,HAP1,0.0,0.008737987838685513
Hum_XLOC_004803,HAP1,0.0,0.00665353424847126
Hum_XLOC_004805,HAP1,0.0,0.00538457790389657
Hum_XLOC_004813,HAP1,0.0,0.004885027650743723
Hum_XLOC_004815,HAP1,0.0,0.007120514754205942
Hum_XLOC_004822,HAP1,0.0,0.008363866247236729
Hum_XLOC_004823,HAP1,1.0,0.007629787549376488
Hum_XLOC_004827,HAP1,0.0,0.007906857877969742
Hum_XLOC_004837,HAP1,0.0,0.006696814671158791
Hum_XLOC_004839,HAP1,0.0,0.008706140331923962
Hum_XLOC_004855,HAP1,0.0,0.009966989047825336
Hum_XLOC_004874,HAP1,0.0,0.007143407594412565
Hum_XLOC_004875,HAP1,0.0,0.006187228951603174
Hum_XLOC_004878,HAP1,0.0,0.002044978318735957
Hum_XLOC_004884,HAP1,0.0,0.004044574219733477
Hum_XLOC_004911,HAP1,0.0,0.009897368028759956
Hum_XLOC_004915,HAP1,1.0,0.00771930068731308
Hum_XLOC_004927,HAP1,0.0,0.014432555995881557
Hum_XLOC_004929,HAP1,0.0,0.006722473073750734
Hum_XLOC_004936,HAP1,0.0,0.008110268972814083
Hum_XLOC_004957,HAP1,0.0,0.00785940233618021
Hum_XLOC_004960,HAP1,0.0,0.004925585351884365
Hum_XLOC_004965,HAP1,0.0,0.002646049717441201
Hum_XLOC_000006,HEK293FT,0.0,0.0031269064638763666
Hum_XLOC_000008,HEK293FT,0.0,0.006031443830579519
Hum_XLOC_000016,HEK293FT,0.0,0.0058658309280872345
Hum_XLOC_000030,HEK293FT,0.0,0.00575069896876812
Hum_XLOC_000033,HEK293FT,0.0,0.005001389887183905
Hum_XLOC_000039,HEK293FT,0.0,0.005490409675985575
Hum_XLOC_000053,HEK293FT,0.0,0.004798399284482002
Hum_XLOC_000057,HEK293FT,0.0,0.005000058561563492
Hum_XLOC_000060,HEK293FT,0.0,0.005175034049898386
Hum_XLOC_000080,HEK293FT,0.0,0.005218221805989742
Hum_XLOC_000094,HEK293FT,0.0,0.010631239973008633
Hum_XLOC_000100,HEK293FT,1.0,0.006800609640777111
Hum_XLOC_000105,HEK293FT,0.0,0.005671975668519735
Hum_XLOC_000107,HEK293FT,0.0,0.007951418869197369
Hum_XLOC_000111,HEK293FT,0.0,0.01258927583694458
Hum_XLOC_000134,HEK293FT,0.0,0.002777630230411887
Hum_XLOC_000143,HEK293FT,0.0,0.0068123918026685715
Hum_XLOC_000145,HEK293FT,0.0,0.00869615375995636
Hum_XLOC_000149,HEK293FT,0.0,0.005224297288805246
Hum_XLOC_000155,HEK293FT,0.0,0.007198741193860769
Hum_XLOC_000169,HEK293FT,0.0,0.012830469757318497
Hum_XLOC_000170,HEK293FT,0.0,0.008488982915878296
Hum_XLOC_000194,HEK293FT,0.0,0.0043134670704603195
Hum_XLOC_000201,HEK293FT,0.0,0.013820895925164223
Hum_XLOC_000231,HEK293FT,0.0,0.002650290261954069
Hum_XLOC_000233,HEK293FT,0.0,0.016026146709918976
Hum_XLOC_000245,HEK293FT,1.0,0.005745545960962772
Hum_XLOC_000247,HEK293FT,0.0,0.0037267084699124098
Hum_XLOC_000248,HEK293FT,0.0,0.005643941927701235
Hum_XLOC_000265,HEK293FT,0.0,0.014849252067506313
Hum_XLOC_000282,HEK293FT,0.0,0.00725763663649559
Hum_XLOC_000286,HEK293FT,0.0,0.008271237835288048
Hum_XLOC_000292,HEK293FT,0.0,0.007582470774650574
Hum_XLOC_000307,HEK293FT,0.0,0.005358564201742411
Hum_XLOC_000308,HEK293FT,0.0,0.008235755376517773
Hum_XLOC_000312,HEK293FT,0.0,0.008515585213899612
Hum_XLOC_000314,HEK293FT,0.0,0.006633350159972906
Hum_XLOC_000317,HEK293FT,0.0,0.008892616257071495
Hum_XLOC_000319,HEK293FT,0.0,0.007218117360025644
Hum_XLOC_000332,HEK293FT,0.0,0.009257099591195583
Hum_XLOC_000338,HEK293FT,0.0,0.0078671770170331
Hum_XLOC_000342,HEK293FT,0.0,0.005807020235806704
Hum_XLOC_000345,HEK293FT,0.0,0.01190571766346693
Hum_XLOC_000362,HEK293FT,0.0,0.0023825340904295444
Hum_XLOC_000377,HEK293FT,0.0,0.010409006848931313
Hum_XLOC_000390,HEK293FT,0.0,0.004978619050234556
Hum_XLOC_000394,HEK293FT,0.0,0.007233284413814545
Hum_XLOC_000411,HEK293FT,0.0,0.003804445266723633
Hum_XLOC_000415,HEK293FT,0.0,0.0021280432119965553
Hum_XLOC_000430,HEK293FT,0.0,0.00588484201580286
Hum_XLOC_000436,HEK293FT,0.0,0.006173647940158844
Hum_XLOC_000437,HEK293FT,0.0,0.025143759325146675
Hum_XLOC_000456,HEK293FT,1.0,0.02443363517522812
Hum_XLOC_000461,HEK293FT,0.0,0.008313045836985111
Hum_XLOC_000462,HEK293FT,0.0,0.002717771800234914
Hum_XLOC_000465,HEK293FT,0.0,0.004382563289254904
Hum_XLOC_000472,HEK293FT,0.0,0.013438954018056393
Hum_XLOC_000474,HEK293FT,0.0,0.010435076430439949
Hum_XLOC_000478,HEK293FT,0.0,0.0054047745652496815
Hum_XLOC_000486,HEK293FT,0.0,0.012631536461412907
Hum_XLOC_000490,HEK293FT,0.0,0.006196873728185892
Hum_XLOC_000498,HEK293FT,0.0,0.006412817630916834
Hum_XLOC_000500,HEK293FT,0.0,0.017681695520877838
Hum_XLOC_000510,HEK293FT,0.0,0.009437662549316883
Hum_XLOC_000535,HEK293FT,0.0,0.017332997173070908
Hum_XLOC_000540,HEK293FT,0.0,0.0038348110392689705
Hum_XLOC_000556,HEK293FT,0.0,0.005607259925454855
Hum_XLOC_000574,HEK293FT,0.0,0.0040923720225691795
Hum_XLOC_000575,HEK293FT,0.0,0.013162519782781601
Hum_XLOC_000582,HEK293FT,0.0,0.012035730294883251
Hum_XLOC_000590,HEK293FT,0.0,0.005541370715945959
Hum_XLOC_000601,HEK293FT,0.0,0.0037213603500276804
Hum_XLOC_000604,HEK293FT,0.0,0.006559859961271286
Hum_XLOC_000608,HEK293FT,1.0,0.0067314039915800095
Hum_XLOC_000612,HEK293FT,0.0,0.003377787070348859
Hum_XLOC_000636,HEK293FT,0.0,0.0033335781190544367
Hum_XLOC_000638,HEK293FT,0.0,0.012898179702460766
Hum_XLOC_000641,HEK293FT,0.0,0.0024915968533605337
Hum_XLOC_000655,HEK293FT,1.0,0.008036118000745773
Hum_XLOC_000668,HEK293FT,0.0,0.015301050618290901
Hum_XLOC_000680,HEK293FT,0.0,0.004585186950862408
Hum_XLOC_000681,HEK293FT,0.0,0.0039035268127918243
Hum_XLOC_000695,HEK293FT,0.0,0.002707734005525708
Hum_XLOC_000702,HEK293FT,0.0,0.006031655706465244
Hum_XLOC_000726,HEK293FT,0.0,0.0073194378055632114
Hum_XLOC_000727,HEK293FT,0.0,0.00639653205871582
Hum_XLOC_000758,HEK293FT,0.0,0.004026937298476696
Hum_XLOC_000773,HEK293FT,0.0,0.004145062528550625
Hum_XLOC_000774,HEK293FT,0.0,0.012391549535095692
Hum_XLOC_000797,HEK293FT,0.0,0.014313910156488419
Hum_XLOC_000799,HEK293FT,0.0,0.008205843158066273
Hum_XLOC_000800,HEK293FT,0.0,0.007868703454732895
Hum_XLOC_000807,HEK293FT,0.0,0.015805063769221306
Hum_XLOC_000818,HEK293FT,1.0,0.007703582290560007
Hum_XLOC_000828,HEK293FT,0.0,0.006848118267953396
Hum_XLOC_000831,HEK293FT,0.0,0.00733672920614481
Hum_XLOC_000835,HEK293FT,0.0,0.004746848251670599
Hum_XLOC_000840,HEK293FT,0.0,0.0023986196611076593
Hum_XLOC_000841,HEK293FT,1.0,0.009568053297698498
Hum_XLOC_000842,HEK293FT,0.0,0.006346371956169605
Hum_XLOC_000854,HEK293FT,0.0,0.00660925405099988
Hum_XLOC_000855,HEK293FT,0.0,0.007079833187162876
Hum_XLOC_000883,HEK293FT,0.0,0.007188419345766306
Hum_XLOC_000885,HEK293FT,0.0,0.007921571843326092
Hum_XLOC_000905,HEK293FT,0.0,0.008783085271716118
Hum_XLOC_000917,HEK293FT,0.0,0.0030988098587840796
Hum_XLOC_000925,HEK293FT,0.0,0.004906383343040943
Hum_XLOC_000944,HEK293FT,0.0,0.008579370565712452
Hum_XLOC_000949,HEK293FT,0.0,0.0062294937670230865
Hum_XLOC_000953,HEK293FT,0.0,0.0032906278502196074
Hum_XLOC_000964,HEK293FT,0.0,0.004429841414093971
Hum_XLOC_000990,HEK293FT,0.0,0.011991188861429691
Hum_XLOC_000994,HEK293FT,0.0,0.0073305536061525345
Hum_XLOC_001020,HEK293FT,0.0,0.011827495880424976
Hum_XLOC_001029,HEK293FT,0.0,0.004088535439223051
Hum_XLOC_001066,HEK293FT,0.0,0.00646371953189373
Hum_XLOC_001120,HEK293FT,0.0,0.007442920934408903
Hum_XLOC_001121,HEK293FT,0.0,0.015296949073672295
Hum_XLOC_001122,HEK293FT,0.0,0.012307682074606419
Hum_XLOC_001125,HEK293FT,0.0,0.009511971846222878
Hum_XLOC_001132,HEK293FT,0.0,0.00496167317032814
Hum_XLOC_001138,HEK293FT,0.0,0.017661066725850105
Hum_XLOC_001144,HEK293FT,0.0,0.01105889119207859
Hum_XLOC_001146,HEK293FT,0.0,0.009122115559875965
Hum_XLOC_001188,HEK293FT,0.0,0.005103136412799358
Hum_XLOC_001191,HEK293FT,0.0,0.01071081217378378
Hum_XLOC_001192,HEK293FT,0.0,0.017205800861120224
Hum_XLOC_001217,HEK293FT,0.0,0.01429816149175167
Hum_XLOC_001222,HEK293FT,0.0,0.010431545786559582
Hum_XLOC_001228,HEK293FT,0.0,0.0075185648165643215
Hum_XLOC_001230,HEK293FT,0.0,0.004786727949976921
Hum_XLOC_001237,HEK293FT,0.0,0.01212337240576744
Hum_XLOC_001243,HEK293FT,0.0,0.004907969385385513
Hum_XLOC_001275,HEK293FT,0.0,0.008011243306100368
Hum_XLOC_001279,HEK293FT,0.0,0.002984273014590144
Hum_XLOC_001291,HEK293FT,0.0,0.0094408905133605
Hum_XLOC_001296,HEK293FT,0.0,0.0032494738698005676
Hum_XLOC_001297,HEK293FT,0.0,0.018048960715532303
Hum_XLOC_001309,HEK293FT,0.0,0.008462798781692982
Hum_XLOC_001329,HEK293FT,0.0,0.004494220018386841
Hum_XLOC_001330,HEK293FT,0.0,0.0025263268034905195
Hum_XLOC_001355,HEK293FT,0.0,0.011223030276596546
Hum_XLOC_001366,HEK293FT,0.0,0.009567294269800186
Hum_XLOC_001367,HEK293FT,0.0,0.004483293276280165
Hum_XLOC_001375,HEK293FT,0.0,0.009602497331798077
Hum_XLOC_001390,HEK293FT,0.0,0.00847373716533184
Hum_XLOC_001405,HEK293FT,0.0,0.007937866263091564
Hum_XLOC_001461,HEK293FT,0.0,0.004685565829277039
Hum_XLOC_001465,HEK293FT,0.0,0.007548798806965351
Hum_XLOC_001488,HEK293FT,0.0,0.005073887761682272
Hum_XLOC_001490,HEK293FT,0.0,0.006642056163400412
Hum_XLOC_001509,HEK293FT,0.0,0.0047790855169296265
Hum_XLOC_001516,HEK293FT,0.0,0.006056566257029772
Hum_XLOC_001532,HEK293FT,0.0,0.005897522903978825
Hum_XLOC_001539,HEK293FT,0.0,0.004594319500029087
Hum_XLOC_001541,HEK293FT,0.0,0.014653420075774193
Hum_XLOC_001542,HEK293FT,0.0,0.022013958543539047
Hum_XLOC_001548,HEK293FT,0.0,0.006389034911990166
Hum_XLOC_001559,HEK293FT,0.0,0.009908737614750862
Hum_XLOC_001565,HEK293FT,0.0,0.004628925118595362
Hum_XLOC_001566,HEK293FT,0.0,0.00998269859701395
Hum_XLOC_001575,HEK293FT,0.0,0.00414322642609477
Hum_XLOC_001580,HEK293FT,0.0,0.0077421837486326694
Hum_XLOC_001590,HEK293FT,0.0,0.006762133911252022
Hum_XLOC_001615,HEK293FT,0.0,0.013123809359967709
Hum_XLOC_001624,HEK293FT,0.0,0.004312834702432156
Hum_XLOC_001639,HEK293FT,0.0,0.009091457352042198
Hum_XLOC_001661,HEK293FT,0.0,0.0039325556717813015
Hum_XLOC_001666,HEK293FT,0.0,0.002276975428685546
Hum_XLOC_001668,HEK293FT,0.0,0.0060217236168682575
Hum_XLOC_001688,HEK293FT,0.0,0.005756320897489786
Hum_XLOC_001689,HEK293FT,0.0,0.006741716060787439
Hum_XLOC_001695,HEK293FT,0.0,0.0065170819871127605
Hum_XLOC_001696,HEK293FT,0.0,0.006772813852876425
Hum_XLOC_001698,HEK293FT,0.0,0.012627309188246727
Hum_XLOC_001707,HEK293FT,0.0,0.010875468142330647
Hum_XLOC_001760,HEK293FT,0.0,0.007007102482020855
Hum_XLOC_001761,HEK293FT,0.0,0.005085872486233711
Hum_XLOC_001773,HEK293FT,0.0,0.005417791195213795
Hum_XLOC_001775,HEK293FT,0.0,0.010979680344462395
Hum_XLOC_001779,HEK293FT,0.0,0.016284409910440445
Hum_XLOC_001783,HEK293FT,0.0,0.0054770661517977715
Hum_XLOC_001791,HEK293FT,0.0,0.010504539124667645
Hum_XLOC_001805,HEK293FT,0.0,0.005588064435869455
Hum_XLOC_001809,HEK293FT,0.0,0.009755386039614677
Hum_XLOC_001848,HEK293FT,0.0,0.016467055305838585
Hum_XLOC_001919,HEK293FT,0.0,0.010269979014992714
Hum_XLOC_001941,HEK293FT,0.0,0.007772794924676418
Hum_XLOC_001942,HEK293FT,0.0,0.003918497823178768
Hum_XLOC_001949,HEK293FT,0.0,0.005241322331130505
Hum_XLOC_001950,HEK293FT,0.0,0.0030371579341590405
Hum_XLOC_001953,HEK293FT,0.0,0.004255805164575577
Hum_XLOC_001957,HEK293FT,0.0,0.006552586331963539
Hum_XLOC_001961,HEK293FT,0.0,0.0021601717453449965
Hum_XLOC_001969,HEK293FT,0.0,0.008501076139509678
Hum_XLOC_002024,HEK293FT,0.0,0.00825925450772047
Hum_XLOC_002028,HEK293FT,0.0,0.002908825408667326
Hum_XLOC_002033,HEK293FT,0.0,0.009805986657738686
Hum_XLOC_002036,HEK293FT,0.0,0.008959615603089333
Hum_XLOC_002037,HEK293FT,0.0,0.012163075618445873
Hum_XLOC_002041,HEK293FT,0.0,0.00710681127384305
Hum_XLOC_002059,HEK293FT,0.0,0.01466258056461811
Hum_XLOC_002061,HEK293FT,0.0,0.003481018589809537
Hum_XLOC_002068,HEK293FT,0.0,0.0015352345071732998
Hum_XLOC_002081,HEK293FT,0.0,0.010677797719836235
Hum_XLOC_002093,HEK293FT,0.0,0.02236281707882881
Hum_XLOC_002099,HEK293FT,0.0,0.00651167519390583
Hum_XLOC_002144,HEK293FT,0.0,0.014143828302621841
Hum_XLOC_002150,HEK293FT,0.0,0.003381783375516534
Hum_XLOC_002152,HEK293FT,0.0,0.006257528904825449
Hum_XLOC_002154,HEK293FT,0.0,0.008602866902947426
Hum_XLOC_002169,HEK293FT,1.0,0.004555315710604191
Hum_XLOC_002170,HEK293FT,0.0,0.004372589755803347
Hum_XLOC_002176,HEK293FT,0.0,0.00825247261673212
Hum_XLOC_002178,HEK293FT,0.0,0.005099864210933447
Hum_XLOC_002186,HEK293FT,0.0,0.00459988322108984
Hum_XLOC_002204,HEK293FT,1.0,0.005208947695791721
Hum_XLOC_002205,HEK293FT,1.0,0.007441255263984203
Hum_XLOC_002219,HEK293FT,1.0,0.010211415588855743
Hum_XLOC_002244,HEK293FT,0.0,0.007215250749140978
Hum_XLOC_002252,HEK293FT,0.0,0.012901263311505318
Hum_XLOC_002261,HEK293FT,0.0,0.00583156431093812
Hum_XLOC_002262,HEK293FT,0.0,0.012981288135051727
Hum_XLOC_002265,HEK293FT,0.0,0.00873778946697712
Hum_XLOC_002271,HEK293FT,0.0,0.011893708258867264
Hum_XLOC_002280,HEK293FT,0.0,0.006686086300760508
Hum_XLOC_002282,HEK293FT,0.0,0.006585761439055204
Hum_XLOC_002283,HEK293FT,0.0,0.007355923764407635
Hum_XLOC_002284,HEK293FT,0.0,0.005609738640487194
Hum_XLOC_002294,HEK293FT,0.0,0.00772729329764843
Hum_XLOC_002296,HEK293FT,0.0,0.010587568394839764
Hum_XLOC_002299,HEK293FT,0.0,0.004073877353221178
Hum_XLOC_002301,HEK293FT,0.0,0.0104622021317482
Hum_XLOC_002306,HEK293FT,0.0,0.005619961768388748
Hum_XLOC_002311,HEK293FT,1.0,0.008320726454257965
Hum_XLOC_002313,HEK293FT,0.0,0.0051832967437803745
Hum_XLOC_002314,HEK293FT,0.0,0.005896156188100576
Hum_XLOC_002327,HEK293FT,0.0,0.0064668431878089905
Hum_XLOC_002330,HEK293FT,0.0,0.004382097162306309
Hum_XLOC_002338,HEK293FT,0.0,0.016729535534977913
Hum_XLOC_002344,HEK293FT,0.0,0.005572862457484007
Hum_XLOC_002347,HEK293FT,0.0,0.00608857860788703
Hum_XLOC_002348,HEK293FT,0.0,0.009536415338516235
Hum_XLOC_002362,HEK293FT,0.0,0.005317922681570053
Hum_XLOC_002364,HEK293FT,0.0,0.004267754033207893
Hum_XLOC_002383,HEK293FT,0.0,0.005664106924086809
Hum_XLOC_002386,HEK293FT,0.0,0.0067149437963962555
Hum_XLOC_002390,HEK293FT,0.0,0.009460316970944405
Hum_XLOC_002394,HEK293FT,0.0,0.0045242635533213615
Hum_XLOC_002398,HEK293FT,0.0,0.0034621665254235268
Hum_XLOC_002399,HEK293FT,0.0,0.004465313628315926
Hum_XLOC_002408,HEK293FT,0.0,0.006990476045757532
Hum_XLOC_002414,HEK293FT,0.0,0.004387626424431801
Hum_XLOC_002418,HEK293FT,0.0,0.0037693313788622618
Hum_XLOC_002435,HEK293FT,0.0,0.00878683477640152
Hum_XLOC_002440,HEK293FT,1.0,0.009493991732597351
Hum_XLOC_002489,HEK293FT,0.0,0.007539683487266302
Hum_XLOC_002490,HEK293FT,0.0,0.001810142071917653
Hum_XLOC_002493,HEK293FT,0.0,0.0064401281997561455
Hum_XLOC_002520,HEK293FT,0.0,0.002113060560077429
Hum_XLOC_002524,HEK293FT,0.0,0.0036452298518270254
Hum_XLOC_002546,HEK293FT,0.0,0.005451037548482418
Hum_XLOC_002560,HEK293FT,0.0,0.0023001583758741617
Hum_XLOC_002570,HEK293FT,0.0,0.0034921232145279646
Hum_XLOC_002577,HEK293FT,0.0,0.005350450519472361
Hum_XLOC_002579,HEK293FT,0.0,0.006375524681061506
Hum_XLOC_002586,HEK293FT,0.0,0.001997673651203513
Hum_XLOC_002589,HEK293FT,0.0,0.01240083109587431
Hum_XLOC_002629,HEK293FT,0.0,0.00887538492679596
Hum_XLOC_002631,HEK293FT,0.0,0.01894340105354786
Hum_XLOC_002635,HEK293FT,0.0,0.008701981045305729
Hum_XLOC_002644,HEK293FT,0.0,0.00457055913284421
Hum_XLOC_002646,HEK293FT,0.0,0.0030667216051369905
Hum_XLOC_002653,HEK293FT,0.0,0.008930342271924019
Hum_XLOC_002681,HEK293FT,0.0,0.005389595404267311
Hum_XLOC_002695,HEK293FT,0.0,0.0040536196902394295
Hum_XLOC_002702,HEK293FT,0.0,0.007969888858497143
Hum_XLOC_002705,HEK293FT,0.0,0.006029708776623011
Hum_XLOC_002711,HEK293FT,0.0,0.024034269154071808
Hum_XLOC_002714,HEK293FT,0.0,0.008293398655951023
Hum_XLOC_002717,HEK293FT,0.0,0.01147080771625042
Hum_XLOC_002725,HEK293FT,0.0,0.0054513681679964066
Hum_XLOC_002741,HEK293FT,0.0,0.004788754507899284
Hum_XLOC_002742,HEK293FT,0.0,0.010233096778392792
Hum_XLOC_002744,HEK293FT,0.0,0.0044237347319722176
Hum_XLOC_002760,HEK293FT,0.0,0.005239554680883884
Hum_XLOC_002788,HEK293FT,0.0,0.007266732398420572
Hum_XLOC_002792,HEK293FT,1.0,0.004177316091954708
Hum_XLOC_002796,HEK293FT,0.0,0.005631567910313606
Hum_XLOC_002817,HEK293FT,0.0,0.005511254537850618
Hum_XLOC_002836,HEK293FT,0.0,0.034369971603155136
Hum_XLOC_002844,HEK293FT,1.0,0.0060753365978598595
Hum_XLOC_002845,HEK293FT,0.0,0.013383432291448116
Hum_XLOC_002859,HEK293FT,0.0,0.009466122835874557
Hum_XLOC_002889,HEK293FT,0.0,0.007051380816847086
Hum_XLOC_002911,HEK293FT,0.0,0.01117223035544157
Hum_XLOC_002935,HEK293FT,0.0,0.004582567606121302
Hum_XLOC_002937,HEK293FT,0.0,0.005892266519367695
Hum_XLOC_002967,HEK293FT,0.0,0.006011907942593098
Hum_XLOC_002983,HEK293FT,0.0,0.012943651527166367
Hum_XLOC_002986,HEK293FT,0.0,0.006487746722996235
Hum_XLOC_002990,HEK293FT,0.0,0.015219700522720814
Hum_XLOC_003039,HEK293FT,0.0,0.007798776030540466
Hum_XLOC_003061,HEK293FT,0.0,0.0051467157900333405
Hum_XLOC_003086,HEK293FT,0.0,0.008930337615311146
Hum_XLOC_003099,HEK293FT,0.0,0.002170523861423135
Hum_XLOC_003109,HEK293FT,0.0,0.005300838965922594
Hum_XLOC_003128,HEK293FT,0.0,0.0077851684764027596
Hum_XLOC_003134,HEK293FT,0.0,0.00736255245283246
Hum_XLOC_003137,HEK293FT,0.0,0.015928462147712708
Hum_XLOC_003154,HEK293FT,0.0,0.004175913520157337
Hum_XLOC_003155,HEK293FT,0.0,0.0046767969615757465
Hum_XLOC_003171,HEK293FT,0.0,0.0039816307835280895
Hum_XLOC_003209,HEK293FT,0.0,0.010516832582652569
Hum_XLOC_003215,HEK293FT,0.0,0.006408085115253925
Hum_XLOC_003221,HEK293FT,0.0,0.0059770457446575165
Hum_XLOC_003232,HEK293FT,0.0,0.023963475599884987
Hum_XLOC_003268,HEK293FT,0.0,0.011008118279278278
Hum_XLOC_003269,HEK293FT,0.0,0.011332779191434383
Hum_XLOC_003286,HEK293FT,0.0,0.007493972312659025
Hum_XLOC_003290,HEK293FT,0.0,0.007380377966910601
Hum_XLOC_003294,HEK293FT,0.0,0.004888114053755999
Hum_XLOC_003321,HEK293FT,0.0,0.012810555286705494
Hum_XLOC_003324,HEK293FT,0.0,0.008248466067016125
Hum_XLOC_003334,HEK293FT,0.0,0.020535003393888474
Hum_XLOC_003337,HEK293FT,0.0,0.007308414671570063
Hum_XLOC_003338,HEK293FT,0.0,0.005201111547648907
Hum_XLOC_003352,HEK293FT,0.0,0.0030117491260170937
Hum_XLOC_003357,HEK293FT,0.0,0.0033676812890917063
Hum_XLOC_003361,HEK293FT,0.0,0.010816254653036594
Hum_XLOC_003371,HEK293FT,0.0,0.005556658376008272
Hum_XLOC_003381,HEK293FT,0.0,0.006474884692579508
Hum_XLOC_003408,HEK293FT,0.0,0.004980981349945068
Hum_XLOC_003436,HEK293FT,0.0,0.01310840342193842
Hum_XLOC_003440,HEK293FT,0.0,0.004075824283063412
Hum_XLOC_003450,HEK293FT,0.0,0.014415758661925793
Hum_XLOC_003466,HEK293FT,0.0,0.004819778259843588
Hum_XLOC_003488,HEK293FT,0.0,0.009316585958003998
Hum_XLOC_003491,HEK293FT,0.0,0.0049383086152374744
Hum_XLOC_003497,HEK293FT,0.0,0.0070719169452786446
Hum_XLOC_003498,HEK293FT,0.0,0.011255121789872646
Hum_XLOC_003502,HEK293FT,0.0,0.006767590530216694
Hum_XLOC_003518,HEK293FT,0.0,0.030595382675528526
Hum_XLOC_003532,HEK293FT,0.0,0.005419266410171986
Hum_XLOC_003543,HEK293FT,0.0,0.005659167654812336
Hum_XLOC_003554,HEK293FT,0.0,0.014699868857860565
Hum_XLOC_003563,HEK293FT,0.0,0.012075723148882389
Hum_XLOC_003567,HEK293FT,0.0,0.012057670392096043
Hum_XLOC_003568,HEK293FT,1.0,0.005500669591128826
Hum_XLOC_003570,HEK293FT,0.0,0.0050718472339212894
Hum_XLOC_003571,HEK293FT,0.0,0.0012954829726368189
Hum_XLOC_003593,HEK293FT,0.0,0.007829207926988602
Hum_XLOC_003594,HEK293FT,0.0,0.006270261947065592
Hum_XLOC_003598,HEK293FT,0.0,0.002698083408176899
Hum_XLOC_003626,HEK293FT,0.0,0.004399889148771763
Hum_XLOC_003628,HEK293FT,0.0,0.009465448558330536
Hum_XLOC_003630,HEK293FT,0.0,0.006459140218794346
Hum_XLOC_003641,HEK293FT,0.0,0.00972495786845684
Hum_XLOC_003662,HEK293FT,0.0,0.010045381262898445
Hum_XLOC_003665,HEK293FT,0.0,0.005555290728807449
Hum_XLOC_003672,HEK293FT,0.0,0.007997984066605568
Hum_XLOC_003673,HEK293FT,0.0,0.002616799669340253
Hum_XLOC_003674,HEK293FT,0.0,0.006113418377935886
Hum_XLOC_003676,HEK293FT,0.0,0.010151050984859467
Hum_XLOC_003686,HEK293FT,0.0,0.005725836381316185
Hum_XLOC_003697,HEK293FT,0.0,0.0051050614565610886
Hum_XLOC_003717,HEK293FT,0.0,0.005787290632724762
Hum_XLOC_003725,HEK293FT,0.0,0.008196658454835415
Hum_XLOC_003743,HEK293FT,0.0,0.011033563874661922
Hum_XLOC_003754,HEK293FT,0.0,0.002958857687190175
Hum_XLOC_003766,HEK293FT,0.0,0.009434622712433338
Hum_XLOC_003775,HEK293FT,0.0,0.0030334382317960262
Hum_XLOC_003790,HEK293FT,0.0,0.007385120261460543
Hum_XLOC_003799,HEK293FT,0.0,0.006982334889471531
Hum_XLOC_003853,HEK293FT,0.0,0.012171643786132336
Hum_XLOC_003865,HEK293FT,0.0,0.010305858217179775
Hum_XLOC_003871,HEK293FT,0.0,0.009163680486381054
Hum_XLOC_003891,HEK293FT,0.0,0.00709072919562459
Hum_XLOC_003892,HEK293FT,0.0,0.009281999431550503
Hum_XLOC_003910,HEK293FT,0.0,0.0058208066038787365
Hum_XLOC_003911,HEK293FT,0.0,0.008439012803137302
Hum_XLOC_003952,HEK293FT,0.0,0.007982956245541573
Hum_XLOC_003971,HEK293FT,0.0,0.006209499202668667
Hum_XLOC_003988,HEK293FT,0.0,0.006536140106618404
Hum_XLOC_004020,HEK293FT,0.0,0.004351206589490175
Hum_XLOC_004035,HEK293FT,0.0,0.005661002825945616
Hum_XLOC_004036,HEK293FT,0.0,0.011619935743510723
Hum_XLOC_004048,HEK293FT,0.0,0.005526341963559389
Hum_XLOC_004068,HEK293FT,0.0,0.00744933495298028
Hum_XLOC_004069,HEK293FT,0.0,0.01469575334340334
Hum_XLOC_004095,HEK293FT,0.0,0.008271452970802784
Hum_XLOC_004096,HEK293FT,0.0,0.005868172273039818
Hum_XLOC_004116,HEK293FT,0.0,0.011948729865252972
Hum_XLOC_004123,HEK293FT,0.0,0.009641526266932487
Hum_XLOC_004134,HEK293FT,0.0,0.00184951804112643
Hum_XLOC_004161,HEK293FT,0.0,0.010497840121388435
Hum_XLOC_004168,HEK293FT,0.0,0.005652214400470257
Hum_XLOC_004169,HEK293FT,0.0,0.006324137561023235
Hum_XLOC_004177,HEK293FT,0.0,0.01309371180832386
Hum_XLOC_004200,HEK293FT,0.0,0.007319513708353043
Hum_XLOC_004201,HEK293FT,0.0,0.01017066091299057
Hum_XLOC_004219,HEK293FT,1.0,0.005691120401024818
Hum_XLOC_004226,HEK293FT,0.0,0.005227869376540184
Hum_XLOC_004227,HEK293FT,1.0,0.005329292733222246
Hum_XLOC_004236,HEK293FT,0.0,0.009789573960006237
Hum_XLOC_004254,HEK293FT,1.0,0.007867180742323399
Hum_XLOC_004255,HEK293FT,0.0,0.0061191231943666935
Hum_XLOC_004262,HEK293FT,1.0,0.012490670196712017
Hum_XLOC_004269,HEK293FT,0.0,0.0045727831311523914
Hum_XLOC_004277,HEK293FT,0.0,0.0049221510998904705
Hum_XLOC_004278,HEK293FT,0.0,0.01557785365730524
Hum_XLOC_004282,HEK293FT,0.0,0.0084835821762681
Hum_XLOC_004287,HEK293FT,0.0,0.00971838366240263
Hum_XLOC_004293,HEK293FT,0.0,0.008390087634325027
Hum_XLOC_004302,HEK293FT,0.0,0.004307955503463745
Hum_XLOC_004303,HEK293FT,0.0,0.004752431530505419
Hum_XLOC_004306,HEK293FT,0.0,0.007911288179457188
Hum_XLOC_004309,HEK293FT,0.0,0.00800058338791132
Hum_XLOC_004314,HEK293FT,0.0,0.010374655947089195
Hum_XLOC_004317,HEK293FT,0.0,0.00800267606973648
Hum_XLOC_004336,HEK293FT,0.0,0.012457969598472118
Hum_XLOC_004343,HEK293FT,0.0,0.005934351123869419
Hum_XLOC_004350,HEK293FT,0.0,0.007619360461831093
Hum_XLOC_004361,HEK293FT,0.0,0.008358659222722054
Hum_XLOC_004363,HEK293FT,0.0,0.004481969401240349
Hum_XLOC_004401,HEK293FT,0.0,0.004221785813570023
Hum_XLOC_004405,HEK293FT,0.0,0.004083145409822464
Hum_XLOC_004407,HEK293FT,0.0,0.0054273782297968864
Hum_XLOC_004424,HEK293FT,1.0,0.008625560440123081
Hum_XLOC_004437,HEK293FT,0.0,0.009241072461009026
Hum_XLOC_004446,HEK293FT,0.0,0.010600373148918152
Hum_XLOC_004457,HEK293FT,0.0,0.00974720437079668
Hum_XLOC_004482,HEK293FT,0.0,0.007008775137364864
Hum_XLOC_004502,HEK293FT,0.0,0.00593916280195117
Hum_XLOC_004515,HEK293FT,0.0,0.004947640933096409
Hum_XLOC_004529,HEK293FT,0.0,0.005355695728212595
Hum_XLOC_004535,HEK293FT,0.0,0.004216090310364962
Hum_XLOC_004553,HEK293FT,0.0,0.00638043787330389
Hum_XLOC_004566,HEK293FT,0.0,0.010093220509588718
Hum_XLOC_004567,HEK293FT,0.0,0.012126166373491287
Hum_XLOC_004572,HEK293FT,0.0,0.01630837470293045
Hum_XLOC_004578,HEK293FT,0.0,0.008026624098420143
Hum_XLOC_004580,HEK293FT,0.0,0.008481044322252274
Hum_XLOC_004581,HEK293FT,0.0,0.008080560714006424
Hum_XLOC_004587,HEK293FT,0.0,0.009844314306974411
Hum_XLOC_004600,HEK293FT,0.0,0.01947566121816635
Hum_XLOC_004601,HEK293FT,1.0,0.0048510367050766945
Hum_XLOC_004607,HEK293FT,0.0,0.004497147630900145
Hum_XLOC_004617,HEK293FT,0.0,0.01336415484547615
Hum_XLOC_004619,HEK293FT,0.0,0.004495786037296057
Hum_XLOC_004620,HEK293FT,0.0,0.007293557748198509
Hum_XLOC_004632,HEK293FT,0.0,0.01202821359038353
Hum_XLOC_004636,HEK293FT,1.0,0.009031619876623154
Hum_XLOC_004652,HEK293FT,0.0,0.013975533656775951
Hum_XLOC_004653,HEK293FT,0.0,0.007756894454360008
Hum_XLOC_004657,HEK293FT,1.0,0.02354356460273266
Hum_XLOC_004661,HEK293FT,0.0,0.004419301636517048
Hum_XLOC_004683,HEK293FT,0.0,0.0023586361203342676
Hum_XLOC_004684,HEK293FT,0.0,0.005623498931527138
Hum_XLOC_004688,HEK293FT,0.0,0.002978236647322774
Hum_XLOC_004689,HEK293FT,0.0,0.006772637367248535
Hum_XLOC_004705,HEK293FT,0.0,0.010110797360539436
Hum_XLOC_004717,HEK293FT,0.0,0.018128644675016403
Hum_XLOC_004718,HEK293FT,0.0,0.003919076640158892
Hum_XLOC_004733,HEK293FT,0.0,0.0036654616706073284
Hum_XLOC_004741,HEK293FT,0.0,0.005953173618763685
Hum_XLOC_004762,HEK293FT,0.0,0.004052545875310898
Hum_XLOC_004771,HEK293FT,0.0,0.008997746743261814
Hum_XLOC_004777,HEK293FT,0.0,0.003569855820387602
Hum_XLOC_004788,HEK293FT,0.0,0.007180803921073675
Hum_XLOC_004791,HEK293FT,0.0,0.010482891462743282
Hum_XLOC_004795,HEK293FT,0.0,0.009845523163676262
Hum_XLOC_004803,HEK293FT,0.0,0.007446719333529472
Hum_XLOC_004805,HEK293FT,0.0,0.005339078605175018
Hum_XLOC_004813,HEK293FT,0.0,0.00501860398799181
Hum_XLOC_004815,HEK293FT,0.0,0.013467476703226566
Hum_XLOC_004822,HEK293FT,0.0,0.0055044484324753284
Hum_XLOC_004823,HEK293FT,0.0,0.00813713762909174
Hum_XLOC_004827,HEK293FT,0.0,0.008618745021522045
Hum_XLOC_004837,HEK293FT,0.0,0.012825935147702694
Hum_XLOC_004839,HEK293FT,0.0,0.008956851437687874
Hum_XLOC_004855,HEK293FT,0.0,0.00943624135106802
Hum_XLOC_004874,HEK293FT,0.0,0.01051113847643137
Hum_XLOC_004875,HEK293FT,0.0,0.008342280052602291
Hum_XLOC_004878,HEK293FT,0.0,0.0018405539449304342
Hum_XLOC_004884,HEK293FT,0.0,0.0068081761710345745
Hum_XLOC_004911,HEK293FT,0.0,0.0111760338768363
Hum_XLOC_004915,HEK293FT,0.0,0.005844064988195896
Hum_XLOC_004927,HEK293FT,0.0,0.013598551973700523
Hum_XLOC_004929,HEK293FT,0.0,0.00490130390971899
Hum_XLOC_004936,HEK293FT,0.0,0.008127045817673206
Hum_XLOC_004957,HEK293FT,0.0,0.010559827089309692
Hum_XLOC_004960,HEK293FT,0.0,0.006991949863731861
Hum_XLOC_004965,HEK293FT,0.0,0.0034360848367214203
Hum_XLOC_000006,K562,0.0,0.01276964321732521
Hum_XLOC_000008,K562,0.0,0.0042143892496824265
Hum_XLOC_000016,K562,0.0,0.037666287273168564
Hum_XLOC_000030,K562,0.0,0.2835802435874939
Hum_XLOC_000033,K562,0.0,0.0212632454931736
Hum_XLOC_000039,K562,0.0,0.026973016560077667
Hum_XLOC_000053,K562,0.0,0.10408157110214233
Hum_XLOC_000057,K562,1.0,0.0451805479824543
Hum_XLOC_000060,K562,1.0,0.05071729049086571
Hum_XLOC_000080,K562,0.0,0.017358291894197464
Hum_XLOC_000094,K562,0.0,0.0151515556499362
Hum_XLOC_000100,K562,1.0,0.03135065734386444
Hum_XLOC_000105,K562,0.0,0.009789347648620605
Hum_XLOC_000107,K562,0.0,0.0048280260525643826
Hum_XLOC_000111,K562,1.0,0.014430765062570572
Hum_XLOC_000134,K562,0.0,0.0021390069741755724
Hum_XLOC_000143,K562,1.0,0.02907109446823597
Hum_XLOC_000145,K562,0.0,0.025631945580244064
Hum_XLOC_000149,K562,0.0,0.024008048698306084
Hum_XLOC_000155,K562,1.0,0.016422368586063385
Hum_XLOC_000169,K562,0.0,0.02384023927152157
Hum_XLOC_000170,K562,0.0,0.034598033875226974
Hum_XLOC_000194,K562,0.0,0.006921012885868549
Hum_XLOC_000201,K562,0.0,0.025226498022675514
Hum_XLOC_000231,K562,1.0,0.06239378824830055
Hum_XLOC_000233,K562,1.0,0.1069638803601265
Hum_XLOC_000245,K562,0.0,0.012941483408212662
Hum_XLOC_000247,K562,0.0,0.029264740645885468
Hum_XLOC_000248,K562,0.0,0.0326271690428257
Hum_XLOC_000265,K562,0.0,0.03319954499602318
Hum_XLOC_000282,K562,0.0,0.030879171565175056
Hum_XLOC_000286,K562,1.0,0.01680084317922592
Hum_XLOC_000292,K562,0.0,0.038480162620544434
Hum_XLOC_000307,K562,0.0,0.003307385602965951
Hum_XLOC_000308,K562,0.0,0.008486450649797916
Hum_XLOC_000312,K562,1.0,0.09783206135034561
Hum_XLOC_000314,K562,0.0,0.0030980396550148726
Hum_XLOC_000317,K562,0.0,0.005576787982136011
Hum_XLOC_000319,K562,0.0,0.020879901945590973
Hum_XLOC_000332,K562,0.0,0.21416118741035461
Hum_XLOC_000338,K562,0.0,0.01251886785030365
Hum_XLOC_000342,K562,0.0,0.27483177185058594
Hum_XLOC_000345,K562,0.0,0.06800177693367004
Hum_XLOC_000362,K562,0.0,0.021218718960881233
Hum_XLOC_000377,K562,1.0,0.01718672551214695
Hum_XLOC_000390,K562,0.0,0.020242856815457344
Hum_XLOC_000394,K562,0.0,0.03321317210793495
Hum_XLOC_000411,K562,0.0,0.00408724881708622
Hum_XLOC_000415,K562,0.0,0.09337995201349258
Hum_XLOC_000430,K562,0.0,0.005692496430128813
Hum_XLOC_000436,K562,0.0,0.016369247809052467
Hum_XLOC_000437,K562,1.0,0.27504774928092957
Hum_XLOC_000456,K562,1.0,0.04356252774596214
Hum_XLOC_000461,K562,0.0,0.11603812873363495
Hum_XLOC_000462,K562,0.0,0.019920803606510162
Hum_XLOC_000465,K562,0.0,0.006953274365514517
Hum_XLOC_000472,K562,0.0,0.03243757411837578
Hum_XLOC_000474,K562,0.0,0.012190928682684898
Hum_XLOC_000478,K562,0.0,0.015580501407384872
Hum_XLOC_000486,K562,0.0,0.009619195945560932
Hum_XLOC_000490,K562,0.0,0.009250454604625702
Hum_XLOC_000498,K562,0.0,0.006990956142544746
Hum_XLOC_000500,K562,1.0,0.09744329005479813
Hum_XLOC_000510,K562,0.0,0.03487620875239372
Hum_XLOC_000535,K562,0.0,0.03693469613790512
Hum_XLOC_000540,K562,0.0,0.007042893208563328
Hum_XLOC_000556,K562,0.0,0.02866133488714695
Hum_XLOC_000574,K562,0.0,0.01016380824148655
Hum_XLOC_000575,K562,0.0,0.015616496093571186
Hum_XLOC_000582,K562,0.0,0.02058470994234085
Hum_XLOC_000590,K562,0.0,0.0025519353803247213
Hum_XLOC_000601,K562,0.0,0.010534522123634815
Hum_XLOC_000604,K562,0.0,0.0038126823492348194
Hum_XLOC_000608,K562,1.0,0.004336419980973005
Hum_XLOC_000612,K562,0.0,0.008276985958218575
Hum_XLOC_000636,K562,1.0,0.008005841635167599
Hum_XLOC_000638,K562,0.0,0.022589758038520813
Hum_XLOC_000641,K562,0.0,0.003562131430953741
Hum_XLOC_000655,K562,0.0,0.008652281016111374
Hum_XLOC_000668,K562,0.0,0.004731767810881138
Hum_XLOC_000680,K562,0.0,0.0033099204301834106
Hum_XLOC_000681,K562,0.0,0.004614512901753187
Hum_XLOC_000695,K562,0.0,0.0037483361084014177
Hum_XLOC_000702,K562,0.0,0.009687209501862526
Hum_XLOC_000726,K562,0.0,0.05702529102563858
Hum_XLOC_000727,K562,0.0,0.044361013919115067
Hum_XLOC_000758,K562,0.0,0.003462107153609395
Hum_XLOC_000773,K562,0.0,0.005245256703346968
Hum_XLOC_000774,K562,0.0,0.007200779393315315
Hum_XLOC_000797,K562,0.0,0.0060373698361217976
Hum_XLOC_000799,K562,0.0,0.014585437253117561
Hum_XLOC_000800,K562,0.0,0.0027455859817564487
Hum_XLOC_000807,K562,0.0,0.07403460144996643
Hum_XLOC_000818,K562,0.0,0.015569704584777355
Hum_XLOC_000828,K562,0.0,0.010312562808394432
Hum_XLOC_000831,K562,0.0,0.0033900875132530928
Hum_XLOC_000835,K562,0.0,0.0064038424752652645
Hum_XLOC_000840,K562,0.0,0.0031055358704179525
Hum_XLOC_000841,K562,0.0,0.009750946424901485
Hum_XLOC_000842,K562,0.0,0.0026847724802792072
Hum_XLOC_000854,K562,1.0,0.005000694654881954
Hum_XLOC_000855,K562,0.0,0.007165420800447464
Hum_XLOC_000883,K562,0.0,0.0036531060468405485
Hum_XLOC_000885,K562,0.0,0.0037005997728556395
Hum_XLOC_000905,K562,0.0,0.006979641504585743
Hum_XLOC_000917,K562,0.0,0.004646474961191416
Hum_XLOC_000925,K562,0.0,0.00755730178207159
Hum_XLOC_000944,K562,0.0,0.006744746584445238
Hum_XLOC_000949,K562,0.0,0.007563999854028225
Hum_XLOC_000953,K562,0.0,0.0015483091119676828
Hum_XLOC_000964,K562,0.0,0.002699342556297779
Hum_XLOC_000990,K562,0.0,0.0024605514481663704
Hum_XLOC_000994,K562,0.0,0.004980511497706175
Hum_XLOC_001020,K562,0.0,0.02734469622373581
Hum_XLOC_001029,K562,0.0,0.003106660908088088
Hum_XLOC_001066,K562,0.0,0.006770164705812931
Hum_XLOC_001120,K562,0.0,0.011288579553365707
Hum_XLOC_001121,K562,0.0,0.010563857853412628
Hum_XLOC_001122,K562,0.0,0.016021275892853737
Hum_XLOC_001125,K562,0.0,0.0129321850836277
Hum_XLOC_001132,K562,0.0,0.014937547035515308
Hum_XLOC_001138,K562,0.0,0.005369282327592373
Hum_XLOC_001144,K562,0.0,0.008313557133078575
Hum_XLOC_001146,K562,0.0,0.0031355542596429586
Hum_XLOC_001188,K562,0.0,0.0034772471990436316
Hum_XLOC_001191,K562,0.0,0.01056148111820221
Hum_XLOC_001192,K562,0.0,0.005401259288191795
Hum_XLOC_001217,K562,0.0,0.007608029525727034
Hum_XLOC_001222,K562,0.0,0.006588473450392485
Hum_XLOC_001228,K562,0.0,0.040023259818553925
Hum_XLOC_001230,K562,0.0,0.006421993486583233
Hum_XLOC_001237,K562,0.0,0.011379397474229336
Hum_XLOC_001243,K562,0.0,0.0035442966036498547
Hum_XLOC_001275,K562,0.0,0.01051785983145237
Hum_XLOC_001279,K562,0.0,0.00228486442938447
Hum_XLOC_001291,K562,0.0,0.006524885073304176
Hum_XLOC_001296,K562,1.0,0.004649199079722166
Hum_XLOC_001297,K562,0.0,0.013028385117650032
Hum_XLOC_001309,K562,0.0,0.010259645991027355
Hum_XLOC_001329,K562,0.0,0.001906360499560833
Hum_XLOC_001330,K562,0.0,0.00404733931645751
Hum_XLOC_001355,K562,0.0,0.0072806840762495995
Hum_XLOC_001366,K562,0.0,0.005426253657788038
Hum_XLOC_001367,K562,0.0,0.003957799635827541
Hum_XLOC_001375,K562,0.0,0.0050102537497878075
Hum_XLOC_001390,K562,0.0,0.005226969253271818
Hum_XLOC_001405,K562,0.0,0.021237146109342575
Hum_XLOC_001461,K562,0.0,0.008888721466064453
Hum_XLOC_001465,K562,0.0,0.007011513691395521
Hum_XLOC_001488,K562,0.0,0.028660966083407402
Hum_XLOC_001490,K562,1.0,0.17645366489887238
Hum_XLOC_001509,K562,0.0,0.01850713975727558
Hum_XLOC_001516,K562,0.0,0.0040870411321520805
Hum_XLOC_001532,K562,0.0,0.009313897229731083
Hum_XLOC_001539,K562,0.0,0.003988643176853657
Hum_XLOC_001541,K562,0.0,0.00707310251891613
Hum_XLOC_001542,K562,0.0,0.02533932402729988
Hum_XLOC_001548,K562,0.0,0.007814654149115086
Hum_XLOC_001559,K562,0.0,0.007036139722913504
Hum_XLOC_001565,K562,1.0,0.02902945876121521
Hum_XLOC_001566,K562,0.0,0.032455746084451675
Hum_XLOC_001575,K562,0.0,0.008889233693480492
Hum_XLOC_001580,K562,0.0,0.007410070858895779
Hum_XLOC_001590,K562,0.0,0.005311479791998863
Hum_XLOC_001615,K562,0.0,0.06578795611858368
Hum_XLOC_001624,K562,0.0,0.01210404559969902
Hum_XLOC_001639,K562,0.0,0.01043746992945671
Hum_XLOC_001661,K562,0.0,0.004509296268224716
Hum_XLOC_001666,K562,0.0,0.0018268540734425187
Hum_XLOC_001668,K562,0.0,0.009834827855229378
Hum_XLOC_001688,K562,0.0,0.005944170523434877
Hum_XLOC_001689,K562,0.0,0.008951972238719463
Hum_XLOC_001695,K562,0.0,0.02151803858578205
Hum_XLOC_001696,K562,0.0,0.00941084697842598
Hum_XLOC_001698,K562,0.0,0.010094388388097286
Hum_XLOC_001707,K562,0.0,0.005896328948438168
Hum_XLOC_001760,K562,0.0,0.007864861749112606
Hum_XLOC_001761,K562,0.0,0.006127144210040569
Hum_XLOC_001773,K562,0.0,0.014712908305227757
Hum_XLOC_001775,K562,0.0,0.006869370583444834
Hum_XLOC_001779,K562,0.0,0.11767324060201645
Hum_XLOC_001783,K562,1.0,0.00783348735421896
Hum_XLOC_001791,K562,0.0,0.006995383650064468
Hum_XLOC_001805,K562,0.0,0.009633352048695087
Hum_XLOC_001809,K562,0.0,0.0049832225777208805
Hum_XLOC_001848,K562,0.0,0.018066298216581345
Hum_XLOC_001919,K562,0.0,0.006485605146735907
Hum_XLOC_001941,K562,0.0,0.004488977137953043
Hum_XLOC_001942,K562,0.0,0.0027167198713868856
Hum_XLOC_001949,K562,0.0,0.0028389424551278353
Hum_XLOC_001950,K562,1.0,0.008693835698068142
Hum_XLOC_001953,K562,0.0,0.0024485026951879263
Hum_XLOC_001957,K562,0.0,0.0028535977471619844
Hum_XLOC_001961,K562,0.0,0.004550639074295759
Hum_XLOC_001969,K562,0.0,0.004824469331651926
Hum_XLOC_002024,K562,0.0,0.004136336036026478
Hum_XLOC_002028,K562,0.0,0.0042831776663661
Hum_XLOC_002033,K562,1.0,0.006363010033965111
Hum_XLOC_002036,K562,0.0,0.05195138603448868
Hum_XLOC_002037,K562,0.0,0.028509147465229034
Hum_XLOC_002041,K562,0.0,0.0035054218024015427
Hum_XLOC_002059,K562,0.0,0.07142522186040878
Hum_XLOC_002061,K562,0.0,0.006280390080064535
Hum_XLOC_002068,K562,0.0,0.0012664746027439833
Hum_XLOC_002081,K562,0.0,0.025438301265239716
Hum_XLOC_002093,K562,0.0,0.012951750308275223
Hum_XLOC_002099,K562,0.0,0.003616262460127473
Hum_XLOC_002144,K562,0.0,0.03172789514064789
Hum_XLOC_002150,K562,0.0,0.00326543883420527
Hum_XLOC_002152,K562,0.0,0.01335542369633913
Hum_XLOC_002154,K562,0.0,0.007454294245690107
Hum_XLOC_002169,K562,0.0,0.0038724744226783514
Hum_XLOC_002170,K562,0.0,0.003273352747783065
Hum_XLOC_002176,K562,0.0,0.006251257378607988
Hum_XLOC_002178,K562,0.0,0.009951201267540455
Hum_XLOC_002186,K562,0.0,0.007419195491820574
Hum_XLOC_002204,K562,0.0,0.003922642674297094
Hum_XLOC_002205,K562,0.0,0.004439114592969418
Hum_XLOC_002219,K562,0.0,0.008419265039265156
Hum_XLOC_002244,K562,0.0,0.0053961072117090225
Hum_XLOC_002252,K562,0.0,0.0034413288813084364
Hum_XLOC_002261,K562,0.0,0.0017533813370391726
Hum_XLOC_002262,K562,0.0,0.012065993621945381
Hum_XLOC_002265,K562,0.0,0.017194129526615143
Hum_XLOC_002271,K562,0.0,0.005609780550003052
Hum_XLOC_002280,K562,0.0,0.010396018624305725
Hum_XLOC_002282,K562,0.0,0.0032408256083726883
Hum_XLOC_002283,K562,0.0,0.010443475097417831
Hum_XLOC_002284,K562,1.0,0.07183056324720383
Hum_XLOC_002294,K562,0.0,0.006895444355905056
Hum_XLOC_002296,K562,0.0,0.006207345984876156
Hum_XLOC_002299,K562,0.0,0.021427804604172707
Hum_XLOC_002301,K562,0.0,0.05149047449231148
Hum_XLOC_002306,K562,0.0,0.05820373445749283
Hum_XLOC_002311,K562,0.0,0.006215855944901705
Hum_XLOC_002313,K562,0.0,0.015705345198512077
Hum_XLOC_002314,K562,1.0,0.025045830756425858
Hum_XLOC_002327,K562,0.0,0.018267707899212837
Hum_XLOC_002330,K562,0.0,0.018150757998228073
Hum_XLOC_002338,K562,0.0,0.01497776247560978
Hum_XLOC_002344,K562,0.0,0.006095054559409618
Hum_XLOC_002347,K562,0.0,0.0028016730211675167
Hum_XLOC_002348,K562,0.0,0.004778541158884764
Hum_XLOC_002362,K562,0.0,0.004590513184666634
Hum_XLOC_002364,K562,0.0,0.005458110012114048
Hum_XLOC_002383,K562,0.0,0.007227291353046894
Hum_XLOC_002386,K562,0.0,0.014248254708945751
Hum_XLOC_002390,K562,0.0,0.07372589409351349
Hum_XLOC_002394,K562,0.0,0.011516093276441097
Hum_XLOC_002398,K562,0.0,0.0020463343244045973
Hum_XLOC_002399,K562,0.0,0.0183555968105793
Hum_XLOC_002408,K562,0.0,0.004245312884449959
Hum_XLOC_002414,K562,0.0,0.0022674505598843098
Hum_XLOC_002418,K562,0.0,0.006844322197139263
Hum_XLOC_002435,K562,0.0,0.003598012262955308
Hum_XLOC_002440,K562,0.0,0.036262135952711105
Hum_XLOC_002489,K562,0.0,0.003503508633002639
Hum_XLOC_002490,K562,0.0,0.0009614345035515726
Hum_XLOC_002493,K562,0.0,0.00786743313074112
Hum_XLOC_002520,K562,0.0,0.051062412559986115
Hum_XLOC_002524,K562,0.0,0.10215871036052704
Hum_XLOC_002546,K562,0.0,0.016243137419223785
Hum_XLOC_002560,K562,0.0,0.0025566418189555407
Hum_XLOC_002570,K562,0.0,0.14898709952831268
Hum_XLOC_002577,K562,0.0,0.015790250152349472
Hum_XLOC_002579,K562,0.0,0.03183474391698837
Hum_XLOC_002586,K562,0.0,0.006746810395270586
Hum_XLOC_002589,K562,1.0,0.08661997318267822
Hum_XLOC_002629,K562,0.0,0.02247551456093788
Hum_XLOC_002631,K562,0.0,0.013663575053215027
Hum_XLOC_002635,K562,0.0,0.007297739386558533
Hum_XLOC_002644,K562,0.0,0.010546118952333927
Hum_XLOC_002646,K562,0.0,0.004832463338971138
Hum_XLOC_002653,K562,0.0,0.004878944717347622
Hum_XLOC_002681,K562,0.0,0.007881063967943192
Hum_XLOC_002695,K562,0.0,0.013574549928307533
Hum_XLOC_002702,K562,0.0,0.01533702202141285
Hum_XLOC_002705,K562,1.0,0.024246128275990486
Hum_XLOC_002711,K562,0.0,0.013694288209080696
Hum_XLOC_002714,K562,0.0,0.02026771381497383
Hum_XLOC_002717,K562,0.0,0.007161557674407959
Hum_XLOC_002725,K562,0.0,0.058155499398708344
Hum_XLOC_002741,K562,0.0,0.05681052803993225
Hum_XLOC_002742,K562,0.0,0.019691288471221924
Hum_XLOC_002744,K562,0.0,0.008821272291243076
Hum_XLOC_002760,K562,0.0,0.01407050434499979
Hum_XLOC_002788,K562,0.0,0.02210763283073902
Hum_XLOC_002792,K562,0.0,0.007007848937064409
Hum_XLOC_002796,K562,0.0,0.015781346708536148
Hum_XLOC_002817,K562,0.0,0.009593550115823746
Hum_XLOC_002836,K562,0.0,0.008252862840890884
Hum_XLOC_002844,K562,0.0,0.004636607598513365
Hum_XLOC_002845,K562,0.0,0.021789178252220154
Hum_XLOC_002859,K562,0.0,0.003653146093711257
Hum_XLOC_002889,K562,0.0,0.04361705482006073
Hum_XLOC_002911,K562,0.0,0.08828165382146835
Hum_XLOC_002935,K562,0.0,0.004431908950209618
Hum_XLOC_002937,K562,0.0,0.008925030939280987
Hum_XLOC_002967,K562,0.0,0.004432313144207001
Hum_XLOC_002983,K562,0.0,0.02671024389564991
Hum_XLOC_002986,K562,0.0,0.03980449214577675
Hum_XLOC_002990,K562,0.0,0.0758095532655716
Hum_XLOC_003039,K562,0.0,0.00662906002253294
Hum_XLOC_003061,K562,1.0,0.008758625946938992
Hum_XLOC_003086,K562,0.0,0.015052939765155315
Hum_XLOC_003099,K562,0.0,0.00203757849521935
Hum_XLOC_003109,K562,0.0,0.007104166317731142
Hum_XLOC_003128,K562,0.0,0.011649913154542446
Hum_XLOC_003134,K562,1.0,0.04146003723144531
Hum_XLOC_003137,K562,0.0,0.006089141126722097
Hum_XLOC_003154,K562,0.0,0.0028235565405339003
Hum_XLOC_003155,K562,0.0,0.038986824452877045
Hum_XLOC_003171,K562,0.0,0.00795055367052555
Hum_XLOC_003209,K562,0.0,0.008671512827277184
Hum_XLOC_003215,K562,0.0,0.011655136942863464
Hum_XLOC_003221,K562,0.0,0.002050307346507907
Hum_XLOC_003232,K562,0.0,0.01465060468763113
Hum_XLOC_003268,K562,0.0,0.021425489336252213
Hum_XLOC_003269,K562,1.0,0.014845380559563637
Hum_XLOC_003286,K562,0.0,0.10718517005443573
Hum_XLOC_003290,K562,0.0,0.01616719365119934
Hum_XLOC_003294,K562,0.0,0.0021251533180475235
Hum_XLOC_003321,K562,0.0,0.021336080506443977
Hum_XLOC_003324,K562,0.0,0.0038221171125769615
Hum_XLOC_003334,K562,0.0,0.007840342819690704
Hum_XLOC_003337,K562,0.0,0.003213522955775261
Hum_XLOC_003338,K562,0.0,0.006039888132363558
Hum_XLOC_003352,K562,0.0,0.03704327344894409
Hum_XLOC_003357,K562,0.0,0.005563803482800722
Hum_XLOC_003361,K562,0.0,0.022331396117806435
Hum_XLOC_003371,K562,0.0,0.01235153991729021
Hum_XLOC_003381,K562,0.0,0.0022100673522800207
Hum_XLOC_003408,K562,0.0,0.0032480901572853327
Hum_XLOC_003436,K562,0.0,0.014044736512005329
Hum_XLOC_003440,K562,0.0,0.0028140884824097157
Hum_XLOC_003450,K562,1.0,0.0711929053068161
Hum_XLOC_003466,K562,0.0,0.016453243792057037
Hum_XLOC_003488,K562,0.0,0.0022380712907761335
Hum_XLOC_003491,K562,0.0,0.0019017281010746956
Hum_XLOC_003497,K562,0.0,0.0241530854254961
Hum_XLOC_003498,K562,0.0,0.00458936532959342
Hum_XLOC_003502,K562,0.0,0.010576115921139717
Hum_XLOC_003518,K562,0.0,0.007883487269282341
Hum_XLOC_003532,K562,0.0,0.007871268317103386
Hum_XLOC_003543,K562,0.0,0.02419087290763855
Hum_XLOC_003554,K562,0.0,0.008373299613595009
Hum_XLOC_003563,K562,0.0,0.006025808863341808
Hum_XLOC_003567,K562,0.0,0.005206489935517311
Hum_XLOC_003568,K562,0.0,0.009111888706684113
Hum_XLOC_003570,K562,0.0,0.005567851942032576
Hum_XLOC_003571,K562,0.0,0.0009605835075490177
Hum_XLOC_003593,K562,0.0,0.005160864442586899
Hum_XLOC_003594,K562,0.0,0.020653437823057175
Hum_XLOC_003598,K562,0.0,0.001635243184864521
Hum_XLOC_003626,K562,0.0,0.005213226657360792
Hum_XLOC_003628,K562,0.0,0.002124915597960353
Hum_XLOC_003630,K562,0.0,0.008753501810133457
Hum_XLOC_003641,K562,1.0,0.021143006160855293
Hum_XLOC_003662,K562,0.0,0.01677284762263298
Hum_XLOC_003665,K562,1.0,0.05237884446978569
Hum_XLOC_003672,K562,0.0,0.00930024590343237
Hum_XLOC_003673,K562,0.0,0.00450342008844018
Hum_XLOC_003674,K562,0.0,0.0198178943246603
Hum_XLOC_003676,K562,0.0,0.00604184390977025
Hum_XLOC_003686,K562,0.0,0.006231982260942459
Hum_XLOC_003697,K562,0.0,0.0037742839194834232
Hum_XLOC_003717,K562,0.0,0.007470646407455206
Hum_XLOC_003725,K562,0.0,0.023021776229143143
Hum_XLOC_003743,K562,0.0,0.0691797137260437
Hum_XLOC_003754,K562,0.0,0.004780750256031752
Hum_XLOC_003766,K562,0.0,0.021857429295778275
Hum_XLOC_003775,K562,0.0,0.010535402223467827
Hum_XLOC_003790,K562,0.0,0.007070460356771946
Hum_XLOC_003799,K562,0.0,0.004180205054581165
Hum_XLOC_003853,K562,0.0,0.011704581789672375
Hum_XLOC_003865,K562,0.0,0.0038782123010605574
Hum_XLOC_003871,K562,0.0,0.013576637953519821
Hum_XLOC_003891,K562,0.0,0.023890893906354904
Hum_XLOC_003892,K562,1.0,0.006399896461516619
Hum_XLOC_003910,K562,0.0,0.03379720449447632
Hum_XLOC_003911,K562,0.0,0.12269741296768188
Hum_XLOC_003952,K562,0.0,0.013090674765408039
Hum_XLOC_003971,K562,0.0,0.005624213721603155
Hum_XLOC_003988,K562,1.0,0.003984428476542234
Hum_XLOC_004020,K562,0.0,0.002854524413123727
Hum_XLOC_004035,K562,0.0,0.011565489694476128
Hum_XLOC_004036,K562,0.0,0.19542886316776276
Hum_XLOC_004048,K562,0.0,0.004782611038535833
Hum_XLOC_004068,K562,0.0,0.005286240950226784
Hum_XLOC_004069,K562,0.0,0.00463635241612792
Hum_XLOC_004095,K562,0.0,0.05081508681178093
Hum_XLOC_004096,K562,0.0,0.05408918112516403
Hum_XLOC_004116,K562,0.0,0.03182082250714302
Hum_XLOC_004123,K562,0.0,0.007698673754930496
Hum_XLOC_004134,K562,0.0,0.0016344579635187984
Hum_XLOC_004161,K562,0.0,0.01607370935380459
Hum_XLOC_004168,K562,0.0,0.0036416726652532816
Hum_XLOC_004169,K562,0.0,0.00753453653305769
Hum_XLOC_004177,K562,0.0,0.017576711252331734
Hum_XLOC_004200,K562,0.0,0.09709896892309189
Hum_XLOC_004201,K562,0.0,0.014850975014269352
Hum_XLOC_004219,K562,0.0,0.003843809012323618
Hum_XLOC_004226,K562,0.0,0.015334134921431541
Hum_XLOC_004227,K562,0.0,0.005341608542948961
Hum_XLOC_004236,K562,0.0,0.0035478146746754646
Hum_XLOC_004254,K562,1.0,0.010095574893057346
Hum_XLOC_004255,K562,0.0,0.013146431185305119
Hum_XLOC_004262,K562,0.0,0.008002448827028275
Hum_XLOC_004269,K562,0.0,0.001707190414890647
Hum_XLOC_004277,K562,0.0,0.00257501401938498
Hum_XLOC_004278,K562,0.0,0.004200851544737816
Hum_XLOC_004282,K562,0.0,0.018652722239494324
Hum_XLOC_004287,K562,0.0,0.005068957805633545
Hum_XLOC_004293,K562,0.0,0.020305946469306946
Hum_XLOC_004302,K562,0.0,0.011396371759474277
Hum_XLOC_004303,K562,0.0,0.00713898241519928
Hum_XLOC_004306,K562,0.0,0.006652339361608028
Hum_XLOC_004309,K562,0.0,0.027779152616858482
Hum_XLOC_004314,K562,0.0,0.01199096255004406
Hum_XLOC_004317,K562,0.0,0.01848040707409382
Hum_XLOC_004336,K562,0.0,0.002511727623641491
Hum_XLOC_004343,K562,0.0,0.008800666779279709
Hum_XLOC_004350,K562,0.0,0.007575645577162504
Hum_XLOC_004361,K562,0.0,0.005642205476760864
Hum_XLOC_004363,K562,0.0,0.0042452262714505196
Hum_XLOC_004401,K562,0.0,0.014174791052937508
Hum_XLOC_004405,K562,0.0,0.00873635709285736
Hum_XLOC_004407,K562,0.0,0.00598106998950243
Hum_XLOC_004424,K562,0.0,0.015232075937092304
Hum_XLOC_004437,K562,0.0,0.0049541667103767395
Hum_XLOC_004446,K562,0.0,0.019113216549158096
Hum_XLOC_004457,K562,0.0,0.058157261461019516
Hum_XLOC_004482,K562,0.0,0.005145492497831583
Hum_XLOC_004502,K562,0.0,0.009005015715956688
Hum_XLOC_004515,K562,0.0,0.0030256854370236397
Hum_XLOC_004529,K562,0.0,0.006461610086262226
Hum_XLOC_004535,K562,0.0,0.0018497408600524068
Hum_XLOC_004553,K562,0.0,0.013105449266731739
Hum_XLOC_004566,K562,0.0,0.007014584261924028
Hum_XLOC_004567,K562,0.0,0.006482119206339121
Hum_XLOC_004572,K562,0.0,0.021801546216011047
Hum_XLOC_004578,K562,0.0,0.004443856421858072
Hum_XLOC_004580,K562,0.0,0.0030519338324666023
Hum_XLOC_004581,K562,0.0,0.02353702113032341
Hum_XLOC_004587,K562,0.0,0.022712383419275284
Hum_XLOC_004600,K562,0.0,0.0398859977722168
Hum_XLOC_004601,K562,0.0,0.01184058841317892
Hum_XLOC_004607,K562,0.0,0.00949261523783207
Hum_XLOC_004617,K562,0.0,0.02237529121339321
Hum_XLOC_004619,K562,0.0,0.0319957360625267
Hum_XLOC_004620,K562,1.0,0.0655999407172203
Hum_XLOC_004632,K562,0.0,0.005126271862536669
Hum_XLOC_004636,K562,0.0,0.020070021972060204
Hum_XLOC_004652,K562,0.0,0.012578267604112625
Hum_XLOC_004653,K562,0.0,0.004385779146105051
Hum_XLOC_004657,K562,0.0,0.015445378609001637
Hum_XLOC_004661,K562,0.0,0.002881156513467431
Hum_XLOC_004683,K562,0.0,0.0024539055302739143
Hum_XLOC_004684,K562,0.0,0.005874860566109419
Hum_XLOC_004688,K562,0.0,0.003577347146347165
Hum_XLOC_004689,K562,0.0,0.009408731013536453
Hum_XLOC_004705,K562,0.0,0.07072728872299194
Hum_XLOC_004717,K562,0.0,0.012105767615139484
Hum_XLOC_004718,K562,0.0,0.015870103612542152
Hum_XLOC_004733,K562,0.0,0.003265244886279106
Hum_XLOC_004741,K562,0.0,0.003005737205967307
Hum_XLOC_004762,K562,0.0,0.0973823294043541
Hum_XLOC_004771,K562,0.0,0.013700870797038078
Hum_XLOC_004777,K562,0.0,0.002025364199653268
Hum_XLOC_004788,K562,0.0,0.005117036867886782
Hum_XLOC_004791,K562,0.0,0.004276364576071501
Hum_XLOC_004795,K562,0.0,0.00949282106012106
Hum_XLOC_004803,K562,0.0,0.018314898014068604
Hum_XLOC_004805,K562,0.0,0.006187924183905125
Hum_XLOC_004813,K562,0.0,0.004696584306657314
Hum_XLOC_004815,K562,1.0,0.005999158602207899
Hum_XLOC_004822,K562,0.0,0.008008955046534538
Hum_XLOC_004823,K562,0.0,0.007089977152645588
Hum_XLOC_004827,K562,0.0,0.005085315555334091
Hum_XLOC_004837,K562,1.0,0.0048235878348350525
Hum_XLOC_004839,K562,0.0,0.01932222954928875
Hum_XLOC_004855,K562,0.0,0.021467089653015137
Hum_XLOC_004874,K562,0.0,0.006490535568445921
Hum_XLOC_004875,K562,0.0,0.002352080075070262
Hum_XLOC_004878,K562,0.0,0.0014805764658376575
Hum_XLOC_004884,K562,0.0,0.004026426933705807
Hum_XLOC_004911,K562,0.0,0.006236402317881584
Hum_XLOC_004915,K562,0.0,0.016011085361242294
Hum_XLOC_004927,K562,0.0,0.04297594353556633
Hum_XLOC_004929,K562,0.0,0.044939808547496796
Hum_XLOC_004936,K562,0.0,0.019581688567996025
Hum_XLOC_004957,K562,0.0,0.004572134464979172
Hum_XLOC_004960,K562,0.0,0.00636978168040514
Hum_XLOC_004965,K562,0.0,0.0018617227906361222
Hum_XLOC_000006,MDA-MB-231,0.0,0.0025312197394669056
Hum_XLOC_000008,MDA-MB-231,0.0,0.004495619330555201
Hum_XLOC_000016,MDA-MB-231,0.0,0.004515685606747866
Hum_XLOC_000030,MDA-MB-231,0.0,0.005132749676704407
Hum_XLOC_000033,MDA-MB-231,0.0,0.0036071008071303368
Hum_XLOC_000039,MDA-MB-231,0.0,0.0028075927402824163
Hum_XLOC_000053,MDA-MB-231,0.0,0.006743229925632477
Hum_XLOC_000057,MDA-MB-231,0.0,0.00498836999759078
Hum_XLOC_000060,MDA-MB-231,0.0,0.0041189128533005714
Hum_XLOC_000080,MDA-MB-231,0.0,0.004026925656944513
Hum_XLOC_000094,MDA-MB-231,0.0,0.005378174129873514
Hum_XLOC_000100,MDA-MB-231,0.0,0.006044616457074881
Hum_XLOC_000105,MDA-MB-231,0.0,0.003388414392247796
Hum_XLOC_000107,MDA-MB-231,0.0,0.00444335862994194
Hum_XLOC_000111,MDA-MB-231,0.0,0.007529977709054947
Hum_XLOC_000134,MDA-MB-231,0.0,0.0021352344192564487
Hum_XLOC_000143,MDA-MB-231,0.0,0.005988416727632284
Hum_XLOC_000145,MDA-MB-231,1.0,0.007344411686062813
Hum_XLOC_000149,MDA-MB-231,0.0,0.002986408770084381
Hum_XLOC_000155,MDA-MB-231,0.0,0.006085120141506195
Hum_XLOC_000169,MDA-MB-231,0.0,0.008458798751235008
Hum_XLOC_000170,MDA-MB-231,0.0,0.007248403504490852
Hum_XLOC_000194,MDA-MB-231,0.0,0.004822020418941975
Hum_XLOC_000201,MDA-MB-231,0.0,0.008594894781708717
Hum_XLOC_000231,MDA-MB-231,0.0,0.002447501290589571
Hum_XLOC_000233,MDA-MB-231,0.0,0.01702391915023327
Hum_XLOC_000245,MDA-MB-231,0.0,0.002809099154546857
Hum_XLOC_000247,MDA-MB-231,0.0,0.0025513905566185713
Hum_XLOC_000248,MDA-MB-231,0.0,0.003961029928177595
Hum_XLOC_000265,MDA-MB-231,0.0,0.005619247909635305
Hum_XLOC_000282,MDA-MB-231,0.0,0.004242971073836088
Hum_XLOC_000286,MDA-MB-231,0.0,0.004260882269591093
Hum_XLOC_000292,MDA-MB-231,0.0,0.003967707045376301
Hum_XLOC_000307,MDA-MB-231,0.0,0.0025074018631130457
Hum_XLOC_000308,MDA-MB-231,0.0,0.005108031444251537
Hum_XLOC_000312,MDA-MB-231,0.0,0.006931804120540619
Hum_XLOC_000314,MDA-MB-231,0.0,0.002274979604408145
Hum_XLOC_000317,MDA-MB-231,0.0,0.0034395286347717047
Hum_XLOC_000319,MDA-MB-231,0.0,0.0049971225671470165
Hum_XLOC_000332,MDA-MB-231,0.0,0.011508241295814514
Hum_XLOC_000338,MDA-MB-231,1.0,0.004738990683108568
Hum_XLOC_000342,MDA-MB-231,0.0,0.005314498674124479
Hum_XLOC_000345,MDA-MB-231,0.0,0.006418206728994846
Hum_XLOC_000362,MDA-MB-231,0.0,0.0018579104216769338
Hum_XLOC_000377,MDA-MB-231,0.0,0.005890259053558111
Hum_XLOC_000390,MDA-MB-231,0.0,0.0033198706805706024
Hum_XLOC_000394,MDA-MB-231,0.0,0.007525424938648939
Hum_XLOC_000411,MDA-MB-231,0.0,0.0029418908525258303
Hum_XLOC_000415,MDA-MB-231,0.0,0.001570303225889802
Hum_XLOC_000430,MDA-MB-231,0.0,0.003615846624597907
Hum_XLOC_000436,MDA-MB-231,0.0,0.0031331167556345463
Hum_XLOC_000437,MDA-MB-231,0.0,0.02110721357166767
Hum_XLOC_000456,MDA-MB-231,1.0,0.015610920265316963
Hum_XLOC_000461,MDA-MB-231,0.0,0.008243953809142113
Hum_XLOC_000462,MDA-MB-231,0.0,0.0023699686862528324
Hum_XLOC_000465,MDA-MB-231,0.0,0.0037303820718079805
Hum_XLOC_000472,MDA-MB-231,0.0,0.005691284779459238
Hum_XLOC_000474,MDA-MB-231,0.0,0.004396296106278896
Hum_XLOC_000478,MDA-MB-231,0.0,0.002951814327389002
Hum_XLOC_000486,MDA-MB-231,0.0,0.007534012198448181
Hum_XLOC_000490,MDA-MB-231,0.0,0.004760440438985825
Hum_XLOC_000498,MDA-MB-231,0.0,0.004711459390819073
Hum_XLOC_000500,MDA-MB-231,0.0,0.009061676450073719
Hum_XLOC_000510,MDA-MB-231,0.0,0.008006325922906399
Hum_XLOC_000535,MDA-MB-231,0.0,0.01033726055175066
Hum_XLOC_000540,MDA-MB-231,0.0,0.00185188848990947
Hum_XLOC_000556,MDA-MB-231,0.0,0.006167626939713955
Hum_XLOC_000574,MDA-MB-231,0.0,0.004102770704776049
Hum_XLOC_000575,MDA-MB-231,0.0,0.005886205937713385
Hum_XLOC_000582,MDA-MB-231,0.0,0.004407388158142567
Hum_XLOC_000590,MDA-MB-231,0.0,0.0019611630123108625
Hum_XLOC_000601,MDA-MB-231,0.0,0.0028645778074860573
Hum_XLOC_000604,MDA-MB-231,0.0,0.0039161923341453075
Hum_XLOC_000608,MDA-MB-231,0.0,0.0031473881099373102
Hum_XLOC_000612,MDA-MB-231,0.0,0.0018589638639241457
Hum_XLOC_000636,MDA-MB-231,0.0,0.0019212433835491538
Hum_XLOC_000638,MDA-MB-231,0.0,0.006436626426875591
Hum_XLOC_000641,MDA-MB-231,0.0,0.0023190691135823727
Hum_XLOC_000655,MDA-MB-231,0.0,0.007679366040974855
Hum_XLOC_000668,MDA-MB-231,0.0,0.003918536938726902
Hum_XLOC_000680,MDA-MB-231,0.0,0.0019248109310865402
Hum_XLOC_000681,MDA-MB-231,0.0,0.002404109574854374
Hum_XLOC_000695,MDA-MB-231,0.0,0.0022508169058710337
Hum_XLOC_000702,MDA-MB-231,0.0,0.00431278720498085
Hum_XLOC_000726,MDA-MB-231,0.0,0.005553565453737974
Hum_XLOC_000727,MDA-MB-231,0.0,0.004296657629311085
Hum_XLOC_000758,MDA-MB-231,0.0,0.002720858436077833
Hum_XLOC_000773,MDA-MB-231,0.0,0.002162860007956624
Hum_XLOC_000774,MDA-MB-231,0.0,0.005289353430271149
Hum_XLOC_000797,MDA-MB-231,0.0,0.005619482137262821
Hum_XLOC_000799,MDA-MB-231,0.0,0.004570836666971445
Hum_XLOC_000800,MDA-MB-231,0.0,0.0028684278950095177
Hum_XLOC_000807,MDA-MB-231,0.0,0.012192461639642715
Hum_XLOC_000818,MDA-MB-231,0.0,0.004446454346179962
Hum_XLOC_000828,MDA-MB-231,0.0,0.006122076418250799
Hum_XLOC_000831,MDA-MB-231,0.0,0.004300723318010569
Hum_XLOC_000835,MDA-MB-231,0.0,0.002223997376859188
Hum_XLOC_000840,MDA-MB-231,0.0,0.0010596626671031117
Hum_XLOC_000841,MDA-MB-231,0.0,0.005536511540412903
Hum_XLOC_000842,MDA-MB-231,0.0,0.00173314253333956
Hum_XLOC_000854,MDA-MB-231,0.0,0.0055145565420389175
Hum_XLOC_000855,MDA-MB-231,0.0,0.00524015910923481
Hum_XLOC_000883,MDA-MB-231,0.0,0.0028924786020070314
Hum_XLOC_000885,MDA-MB-231,0.0,0.00541609525680542
Hum_XLOC_000905,MDA-MB-231,0.0,0.004239446483552456
Hum_XLOC_000917,MDA-MB-231,0.0,0.002560691675171256
Hum_XLOC_000925,MDA-MB-231,0.0,0.0019362265011295676
Hum_XLOC_000944,MDA-MB-231,0.0,0.0060316636227071285
Hum_XLOC_000949,MDA-MB-231,0.0,0.0023952731862664223
Hum_XLOC_000953,MDA-MB-231,0.0,0.0018718098290264606
Hum_XLOC_000964,MDA-MB-231,0.0,0.0014960106927901506
Hum_XLOC_000990,MDA-MB-231,0.0,0.005426289513707161
Hum_XLOC_000994,MDA-MB-231,0.0,0.004349634516984224
Hum_XLOC_001020,MDA-MB-231,0.0,0.00809919461607933
Hum_XLOC_001029,MDA-MB-231,0.0,0.0024987843353301287
Hum_XLOC_001066,MDA-MB-231,1.0,0.002645622007548809
Hum_XLOC_001120,MDA-MB-231,0.0,0.004568400792777538
Hum_XLOC_001121,MDA-MB-231,0.0,0.003984298091381788
Hum_XLOC_001122,MDA-MB-231,0.0,0.008295876905322075
Hum_XLOC_001125,MDA-MB-231,0.0,0.005894213914871216
Hum_XLOC_001132,MDA-MB-231,0.0,0.005162499845027924
Hum_XLOC_001138,MDA-MB-231,0.0,0.011372281238436699
Hum_XLOC_001144,MDA-MB-231,0.0,0.005872908513993025
Hum_XLOC_001146,MDA-MB-231,0.0,0.006478754337877035
Hum_XLOC_001188,MDA-MB-231,0.0,0.0026927869766950607
Hum_XLOC_001191,MDA-MB-231,0.0,0.007620611228048801
Hum_XLOC_001192,MDA-MB-231,0.0,0.008242596872150898
Hum_XLOC_001217,MDA-MB-231,0.0,0.005734233185648918
Hum_XLOC_001222,MDA-MB-231,0.0,0.0034739442635327578
Hum_XLOC_001228,MDA-MB-231,0.0,0.005795046221464872
Hum_XLOC_001230,MDA-MB-231,0.0,0.00279332441277802
Hum_XLOC_001237,MDA-MB-231,0.0,0.004862852860242128
Hum_XLOC_001243,MDA-MB-231,0.0,0.0030681707430630922
Hum_XLOC_001275,MDA-MB-231,0.0,0.005384273827075958
Hum_XLOC_001279,MDA-MB-231,0.0,0.0023169387131929398
Hum_XLOC_001291,MDA-MB-231,0.0,0.00503676338121295
Hum_XLOC_001296,MDA-MB-231,0.0,0.0019577324856072664
Hum_XLOC_001297,MDA-MB-231,0.0,0.009930528700351715
Hum_XLOC_001309,MDA-MB-231,0.0,0.0033413406927138567
Hum_XLOC_001329,MDA-MB-231,0.0,0.0014577521942555904
Hum_XLOC_001330,MDA-MB-231,0.0,0.0023594002705067396
Hum_XLOC_001355,MDA-MB-231,0.0,0.0040850830264389515
Hum_XLOC_001366,MDA-MB-231,0.0,0.00481492979452014
Hum_XLOC_001367,MDA-MB-231,0.0,0.0022178811486810446
Hum_XLOC_001375,MDA-MB-231,0.0,0.0033151281531900167
Hum_XLOC_001390,MDA-MB-231,0.0,0.005103214178234339
Hum_XLOC_001405,MDA-MB-231,0.0,0.0064070927910506725
Hum_XLOC_001461,MDA-MB-231,0.0,0.002378752687945962
Hum_XLOC_001465,MDA-MB-231,0.0,0.005177577957510948
Hum_XLOC_001488,MDA-MB-231,0.0,0.0054931677877902985
Hum_XLOC_001490,MDA-MB-231,0.0,0.00722561776638031
Hum_XLOC_001509,MDA-MB-231,0.0,0.0051256571896374226
Hum_XLOC_001516,MDA-MB-231,0.0,0.0069783758372068405
Hum_XLOC_001532,MDA-MB-231,0.0,0.004451802000403404
Hum_XLOC_001539,MDA-MB-231,0.0,0.0022475500591099262
Hum_XLOC_001541,MDA-MB-231,0.0,0.007701139897108078
Hum_XLOC_001542,MDA-MB-231,0.0,0.010617285035550594
Hum_XLOC_001548,MDA-MB-231,0.0,0.005095080938190222
Hum_XLOC_001559,MDA-MB-231,0.0,0.0045682815834879875
Hum_XLOC_001565,MDA-MB-231,0.0,0.0031782854348421097
Hum_XLOC_001566,MDA-MB-231,0.0,0.004251442849636078
Hum_XLOC_001575,MDA-MB-231,0.0,0.0023727798834443092
Hum_XLOC_001580,MDA-MB-231,0.0,0.00413304939866066
Hum_XLOC_001590,MDA-MB-231,0.0,0.002907626563683152
Hum_XLOC_001615,MDA-MB-231,0.0,0.007153926882892847
Hum_XLOC_001624,MDA-MB-231,0.0,0.0023142825812101364
Hum_XLOC_001639,MDA-MB-231,0.0,0.0025580611545592546
Hum_XLOC_001661,MDA-MB-231,0.0,0.002884934190660715
Hum_XLOC_001666,MDA-MB-231,0.0,0.0014663487672805786
Hum_XLOC_001668,MDA-MB-231,0.0,0.00462673744186759
Hum_XLOC_001688,MDA-MB-231,0.0,0.003458162536844611
Hum_XLOC_001689,MDA-MB-231,0.0,0.0027182488702237606
Hum_XLOC_001695,MDA-MB-231,0.0,0.003021047217771411
Hum_XLOC_001696,MDA-MB-231,0.0,0.00430349912494421
Hum_XLOC_001698,MDA-MB-231,0.0,0.004539073910564184
Hum_XLOC_001707,MDA-MB-231,0.0,0.005166858434677124
Hum_XLOC_001760,MDA-MB-231,0.0,0.004114680457860231
Hum_XLOC_001761,MDA-MB-231,1.0,0.0035961507819592953
Hum_XLOC_001773,MDA-MB-231,0.0,0.004363104701042175
Hum_XLOC_001775,MDA-MB-231,0.0,0.006525550037622452
Hum_XLOC_001779,MDA-MB-231,1.0,0.010661792010068893
Hum_XLOC_001783,MDA-MB-231,0.0,0.002685739193111658
Hum_XLOC_001791,MDA-MB-231,1.0,0.009971685707569122
Hum_XLOC_001805,MDA-MB-231,0.0,0.004611799959093332
Hum_XLOC_001809,MDA-MB-231,0.0,0.0055060014128685
Hum_XLOC_001848,MDA-MB-231,0.0,0.006620960310101509
Hum_XLOC_001919,MDA-MB-231,0.0,0.003970323596149683
Hum_XLOC_001941,MDA-MB-231,0.0,0.00538227753713727
Hum_XLOC_001942,MDA-MB-231,0.0,0.0019153247121721506
Hum_XLOC_001949,MDA-MB-231,0.0,0.002495157066732645
Hum_XLOC_001950,MDA-MB-231,0.0,0.0040613082237541676
Hum_XLOC_001953,MDA-MB-231,0.0,0.0018590469844639301
Hum_XLOC_001957,MDA-MB-231,0.0,0.0020721445325762033
Hum_XLOC_001961,MDA-MB-231,0.0,0.002493279054760933
Hum_XLOC_001969,MDA-MB-231,0.0,0.005929357372224331
Hum_XLOC_002024,MDA-MB-231,0.0,0.002908060560002923
Hum_XLOC_002028,MDA-MB-231,0.0,0.0011143145384266973
Hum_XLOC_002033,MDA-MB-231,0.0,0.005551301408559084
Hum_XLOC_002036,MDA-MB-231,0.0,0.0057285623624920845
Hum_XLOC_002037,MDA-MB-231,0.0,0.007110742386430502
Hum_XLOC_002041,MDA-MB-231,0.0,0.003098951419815421
Hum_XLOC_002059,MDA-MB-231,0.0,0.010290966369211674
Hum_XLOC_002061,MDA-MB-231,0.0,0.002450925298035145
Hum_XLOC_002068,MDA-MB-231,0.0,0.0007970256847329438
Hum_XLOC_002081,MDA-MB-231,0.0,0.0053307791240513325
Hum_XLOC_002093,MDA-MB-231,0.0,0.007599146105349064
Hum_XLOC_002099,MDA-MB-231,0.0,0.004083861131221056
Hum_XLOC_002144,MDA-MB-231,0.0,0.010518469847738743
Hum_XLOC_002150,MDA-MB-231,0.0,0.001762988860718906
Hum_XLOC_002152,MDA-MB-231,0.0,0.0040068551898002625
Hum_XLOC_002154,MDA-MB-231,0.0,0.005058851093053818
Hum_XLOC_002169,MDA-MB-231,0.0,0.001858117408119142
Hum_XLOC_002170,MDA-MB-231,0.0,0.0028849919326603413
Hum_XLOC_002176,MDA-MB-231,0.0,0.007476231083273888
Hum_XLOC_002178,MDA-MB-231,0.0,0.002205611439421773
Hum_XLOC_002186,MDA-MB-231,0.0,0.001727298367768526
Hum_XLOC_002204,MDA-MB-231,0.0,0.004344998858869076
Hum_XLOC_002205,MDA-MB-231,0.0,0.004382455255836248
Hum_XLOC_002219,MDA-MB-231,0.0,0.005602268967777491
Hum_XLOC_002244,MDA-MB-231,0.0,0.003901467891409993
Hum_XLOC_002252,MDA-MB-231,0.0,0.010852983221411705
Hum_XLOC_002261,MDA-MB-231,0.0,0.002134832087904215
Hum_XLOC_002262,MDA-MB-231,0.0,0.005463563837110996
Hum_XLOC_002265,MDA-MB-231,0.0,0.0038141696713864803
Hum_XLOC_002271,MDA-MB-231,0.0,0.005708583630621433
Hum_XLOC_002280,MDA-MB-231,0.0,0.004879222717136145
Hum_XLOC_002282,MDA-MB-231,0.0,0.004306986462324858
Hum_XLOC_002283,MDA-MB-231,0.0,0.00576358987018466
Hum_XLOC_002284,MDA-MB-231,0.0,0.004974566865712404
Hum_XLOC_002294,MDA-MB-231,0.0,0.0032837786711752415
Hum_XLOC_002296,MDA-MB-231,0.0,0.003596414113417268
Hum_XLOC_002299,MDA-MB-231,0.0,0.0030769403092563152
Hum_XLOC_002301,MDA-MB-231,0.0,0.005104681011289358
Hum_XLOC_002306,MDA-MB-231,0.0,0.004644937813282013
Hum_XLOC_002311,MDA-MB-231,1.0,0.004829144570976496
Hum_XLOC_002313,MDA-MB-231,0.0,0.003417875152081251
Hum_XLOC_002314,MDA-MB-231,0.0,0.006422027014195919
Hum_XLOC_002327,MDA-MB-231,0.0,0.006340802181512117
Hum_XLOC_002330,MDA-MB-231,0.0,0.0030848239548504353
Hum_XLOC_002338,MDA-MB-231,0.0,0.009854931384325027
Hum_XLOC_002344,MDA-MB-231,0.0,0.0062582227401435375
Hum_XLOC_002347,MDA-MB-231,0.0,0.0014744868967682123
Hum_XLOC_002348,MDA-MB-231,0.0,0.0066582029685378075
Hum_XLOC_002362,MDA-MB-231,0.0,0.0030421100091189146
Hum_XLOC_002364,MDA-MB-231,0.0,0.003314496483653784
Hum_XLOC_002383,MDA-MB-231,0.0,0.0025026691146194935
Hum_XLOC_002386,MDA-MB-231,0.0,0.004621956497430801
Hum_XLOC_002390,MDA-MB-231,0.0,0.008063017390668392
Hum_XLOC_002394,MDA-MB-231,0.0,0.006357546430081129
Hum_XLOC_002398,MDA-MB-231,0.0,0.0020280915778130293
Hum_XLOC_002399,MDA-MB-231,0.0,0.0020366711542010307
Hum_XLOC_002408,MDA-MB-231,0.0,0.003370478516444564
Hum_XLOC_002414,MDA-MB-231,0.0,0.003779592690989375
Hum_XLOC_002418,MDA-MB-231,0.0,0.002299768850207329
Hum_XLOC_002435,MDA-MB-231,0.0,0.004149385262280703
Hum_XLOC_002440,MDA-MB-231,0.0,0.007585033308714628
Hum_XLOC_002489,MDA-MB-231,0.0,0.004969603382050991
Hum_XLOC_002490,MDA-MB-231,0.0,0.0011281708721071482
Hum_XLOC_002493,MDA-MB-231,0.0,0.0052170041017234325
Hum_XLOC_002520,MDA-MB-231,0.0,0.0016767578199505806
Hum_XLOC_002524,MDA-MB-231,0.0,0.0029512473847717047
Hum_XLOC_002546,MDA-MB-231,0.0,0.003879839088767767
Hum_XLOC_002560,MDA-MB-231,0.0,0.0019122936064377427
Hum_XLOC_002570,MDA-MB-231,0.0,0.0028457283042371273
Hum_XLOC_002577,MDA-MB-231,0.0,0.0024885304737836123
Hum_XLOC_002579,MDA-MB-231,1.0,0.005623168777674437
Hum_XLOC_002586,MDA-MB-231,0.0,0.0019423391204327345
Hum_XLOC_002589,MDA-MB-231,0.0,0.008858631365001202
Hum_XLOC_002629,MDA-MB-231,0.0,0.004865747410804033
Hum_XLOC_002631,MDA-MB-231,0.0,0.009822706691920757
Hum_XLOC_002635,MDA-MB-231,0.0,0.003681470640003681
Hum_XLOC_002644,MDA-MB-231,0.0,0.003587909508496523
Hum_XLOC_002646,MDA-MB-231,0.0,0.002910731825977564
Hum_XLOC_002653,MDA-MB-231,0.0,0.004290984012186527
Hum_XLOC_002681,MDA-MB-231,0.0,0.003736998187378049
Hum_XLOC_002695,MDA-MB-231,0.0,0.002439773641526699
Hum_XLOC_002702,MDA-MB-231,0.0,0.003535571973770857
Hum_XLOC_002705,MDA-MB-231,0.0,0.00638694129884243
Hum_XLOC_002711,MDA-MB-231,0.0,0.00898224487900734
Hum_XLOC_002714,MDA-MB-231,0.0,0.004062629770487547
Hum_XLOC_002717,MDA-MB-231,0.0,0.006845063995569944
Hum_XLOC_002725,MDA-MB-231,0.0,0.006157892756164074
Hum_XLOC_002741,MDA-MB-231,0.0,0.005377926863729954
Hum_XLOC_002742,MDA-MB-231,0.0,0.0059226746670901775
Hum_XLOC_002744,MDA-MB-231,0.0,0.003921096678823233
Hum_XLOC_002760,MDA-MB-231,0.0,0.006012651603668928
Hum_XLOC_002788,MDA-MB-231,0.0,0.008188064210116863
Hum_XLOC_002792,MDA-MB-231,0.0,0.002371192444115877
Hum_XLOC_002796,MDA-MB-231,0.0,0.005925238598138094
Hum_XLOC_002817,MDA-MB-231,0.0,0.0049436986446380615
Hum_XLOC_002836,MDA-MB-231,1.0,0.024715067818760872
Hum_XLOC_002844,MDA-MB-231,0.0,0.003697844222187996
Hum_XLOC_002845,MDA-MB-231,0.0,0.005778155755251646
Hum_XLOC_002859,MDA-MB-231,0.0,0.006706686224788427
Hum_XLOC_002889,MDA-MB-231,1.0,0.004601200111210346
Hum_XLOC_002911,MDA-MB-231,0.0,0.00684351148083806
Hum_XLOC_002935,MDA-MB-231,0.0,0.0031482442282140255
Hum_XLOC_002937,MDA-MB-231,0.0,0.00396802369505167
Hum_XLOC_002967,MDA-MB-231,0.0,0.003078971290960908
Hum_XLOC_002983,MDA-MB-231,0.0,0.004785494413226843
Hum_XLOC_002986,MDA-MB-231,0.0,0.004240991082042456
Hum_XLOC_002990,MDA-MB-231,0.0,0.014483201317489147
Hum_XLOC_003039,MDA-MB-231,0.0,0.005822614300996065
Hum_XLOC_003061,MDA-MB-231,0.0,0.004122917074710131
Hum_XLOC_003086,MDA-MB-231,1.0,0.004182732664048672
Hum_XLOC_003099,MDA-MB-231,0.0,0.001236947369761765
Hum_XLOC_003109,MDA-MB-231,0.0,0.004072324372828007
Hum_XLOC_003128,MDA-MB-231,0.0,0.005409229081124067
Hum_XLOC_003134,MDA-MB-231,0.0,0.0063949525356292725
Hum_XLOC_003137,MDA-MB-231,0.0,0.01028312649577856
Hum_XLOC_003154,MDA-MB-231,0.0,0.0025940765626728535
Hum_XLOC_003155,MDA-MB-231,0.0,0.0044808038510382175
Hum_XLOC_003171,MDA-MB-231,0.0,0.00208234041929245
Hum_XLOC_003209,MDA-MB-231,0.0,0.0029259403236210346
Hum_XLOC_003215,MDA-MB-231,0.0,0.0046952939592301846
Hum_XLOC_003221,MDA-MB-231,0.0,0.0038757058791816235
Hum_XLOC_003232,MDA-MB-231,0.0,0.015208433382213116
Hum_XLOC_003268,MDA-MB-231,0.0,0.006806367542594671
Hum_XLOC_003269,MDA-MB-231,0.0,0.00791910570114851
Hum_XLOC_003286,MDA-MB-231,0.0,0.007574642077088356
Hum_XLOC_003290,MDA-MB-231,0.0,0.003520071506500244
Hum_XLOC_003294,MDA-MB-231,0.0,0.0012990011600777507
Hum_XLOC_003321,MDA-MB-231,0.0,0.006330664269626141
Hum_XLOC_003324,MDA-MB-231,0.0,0.003097106236964464
Hum_XLOC_003334,MDA-MB-231,0.0,0.009635950438678265
Hum_XLOC_003337,MDA-MB-231,0.0,0.004245986230671406
Hum_XLOC_003338,MDA-MB-231,0.0,0.0034538961481302977
Hum_XLOC_003352,MDA-MB-231,0.0,0.003497033379971981
Hum_XLOC_003357,MDA-MB-231,0.0,0.003146849572658539
Hum_XLOC_003361,MDA-MB-231,0.0,0.0054597510024905205
Hum_XLOC_003371,MDA-MB-231,0.0,0.00435617147013545
Hum_XLOC_003381,MDA-MB-231,0.0,0.0025613580364733934
Hum_XLOC_003408,MDA-MB-231,0.0,0.0022098254412412643
Hum_XLOC_003436,MDA-MB-231,0.0,0.005155603401362896
Hum_XLOC_003440,MDA-MB-231,0.0,0.001903260126709938
Hum_XLOC_003450,MDA-MB-231,0.0,0.008953609503805637
Hum_XLOC_003466,MDA-MB-231,0.0,0.004493912681937218
Hum_XLOC_003488,MDA-MB-231,0.0,0.005186626687645912
Hum_XLOC_003491,MDA-MB-231,0.0,0.0020146421156823635
Hum_XLOC_003497,MDA-MB-231,0.0,0.004964934661984444
Hum_XLOC_003498,MDA-MB-231,0.0,0.0034476076252758503
Hum_XLOC_003502,MDA-MB-231,0.0,0.006458375137299299
Hum_XLOC_003518,MDA-MB-231,0.0,0.013653232716023922
Hum_XLOC_003532,MDA-MB-231,0.0,0.003008307656273246
Hum_XLOC_003543,MDA-MB-231,0.0,0.0028580636717379093
Hum_XLOC_003554,MDA-MB-231,0.0,0.013433397747576237
Hum_XLOC_003563,MDA-MB-231,0.0,0.005392122082412243
Hum_XLOC_003567,MDA-MB-231,0.0,0.007058392278850079
Hum_XLOC_003568,MDA-MB-231,0.0,0.00331600452773273
Hum_XLOC_003570,MDA-MB-231,0.0,0.0025461099576205015
Hum_XLOC_003571,MDA-MB-231,0.0,0.0008562860894016922
Hum_XLOC_003593,MDA-MB-231,0.0,0.004051926080137491
Hum_XLOC_003594,MDA-MB-231,0.0,0.00449817068874836
Hum_XLOC_003598,MDA-MB-231,0.0,0.0014733689604327083
Hum_XLOC_003626,MDA-MB-231,0.0,0.002661096164956689
Hum_XLOC_003628,MDA-MB-231,0.0,0.002687669824808836
Hum_XLOC_003630,MDA-MB-231,0.0,0.0028987578116357327
Hum_XLOC_003641,MDA-MB-231,0.0,0.0044436161406338215
Hum_XLOC_003662,MDA-MB-231,0.0,0.005052017979323864
Hum_XLOC_003665,MDA-MB-231,0.0,0.003382834605872631
Hum_XLOC_003672,MDA-MB-231,0.0,0.003481929888948798
Hum_XLOC_003673,MDA-MB-231,0.0,0.0025116391479969025
Hum_XLOC_003674,MDA-MB-231,0.0,0.0041093300096690655
Hum_XLOC_003676,MDA-MB-231,0.0,0.007499698083847761
Hum_XLOC_003686,MDA-MB-231,0.0,0.0025737909600138664
Hum_XLOC_003697,MDA-MB-231,0.0,0.002629605820402503
Hum_XLOC_003717,MDA-MB-231,0.0,0.003643583506345749
Hum_XLOC_003725,MDA-MB-231,0.0,0.007088426034897566
Hum_XLOC_003743,MDA-MB-231,0.0,0.006087366957217455
Hum_XLOC_003754,MDA-MB-231,0.0,0.002797148423269391
Hum_XLOC_003766,MDA-MB-231,0.0,0.007566448766738176
Hum_XLOC_003775,MDA-MB-231,0.0,0.0017872832249850035
Hum_XLOC_003790,MDA-MB-231,0.0,0.0033841142430901527
Hum_XLOC_003799,MDA-MB-231,1.0,0.0037986524403095245
Hum_XLOC_003853,MDA-MB-231,0.0,0.004665957298129797
Hum_XLOC_003865,MDA-MB-231,0.0,0.006547866854816675
Hum_XLOC_003871,MDA-MB-231,0.0,0.008533649146556854
Hum_XLOC_003891,MDA-MB-231,0.0,0.00688248360529542
Hum_XLOC_003892,MDA-MB-231,0.0,0.0034591734874993563
Hum_XLOC_003910,MDA-MB-231,0.0,0.005833267699927092
Hum_XLOC_003911,MDA-MB-231,0.0,0.006070021074265242
Hum_XLOC_003952,MDA-MB-231,0.0,0.007107756100594997
Hum_XLOC_003971,MDA-MB-231,0.0,0.0033385392744094133
Hum_XLOC_003988,MDA-MB-231,0.0,0.0034370666835457087
Hum_XLOC_004020,MDA-MB-231,0.0,0.0031616254709661007
Hum_XLOC_004035,MDA-MB-231,0.0,0.004039953462779522
Hum_XLOC_004036,MDA-MB-231,1.0,0.008555232547223568
Hum_XLOC_004048,MDA-MB-231,0.0,0.0026958405505865812
Hum_XLOC_004068,MDA-MB-231,0.0,0.0034831261727958918
Hum_XLOC_004069,MDA-MB-231,0.0,0.005270568188279867
Hum_XLOC_004095,MDA-MB-231,0.0,0.006413987372070551
Hum_XLOC_004096,MDA-MB-231,0.0,0.004529500380158424
Hum_XLOC_004116,MDA-MB-231,0.0,0.00824366882443428
Hum_XLOC_004123,MDA-MB-231,0.0,0.0029082985129207373
Hum_XLOC_004134,MDA-MB-231,0.0,0.0007672971696592867
Hum_XLOC_004161,MDA-MB-231,0.0,0.006090532522648573
Hum_XLOC_004168,MDA-MB-231,0.0,0.0028950031846761703
Hum_XLOC_004169,MDA-MB-231,0.0,0.002682398771867156
Hum_XLOC_004177,MDA-MB-231,0.0,0.009364534169435501
Hum_XLOC_004200,MDA-MB-231,0.0,0.006603873800486326
Hum_XLOC_004201,MDA-MB-231,0.0,0.00456111878156662
Hum_XLOC_004219,MDA-MB-231,0.0,0.0045335376635193825
Hum_XLOC_004226,MDA-MB-231,0.0,0.004641334991902113
Hum_XLOC_004227,MDA-MB-231,0.0,0.004104160238057375
Hum_XLOC_004236,MDA-MB-231,0.0,0.003755174810066819
Hum_XLOC_004254,MDA-MB-231,1.0,0.0057053714990615845
Hum_XLOC_004255,MDA-MB-231,0.0,0.004270689561963081
Hum_XLOC_004262,MDA-MB-231,1.0,0.003907341044396162
Hum_XLOC_004269,MDA-MB-231,0.0,0.0023750870022922754
Hum_XLOC_004277,MDA-MB-231,0.0,0.005130906589329243
Hum_XLOC_004278,MDA-MB-231,0.0,0.004960263147950172
Hum_XLOC_004282,MDA-MB-231,0.0,0.005735704209655523
Hum_XLOC_004287,MDA-MB-231,0.0,0.00567084364593029
Hum_XLOC_004293,MDA-MB-231,0.0,0.0073294746689498425
Hum_XLOC_004302,MDA-MB-231,0.0,0.0035532249603420496
Hum_XLOC_004303,MDA-MB-231,0.0,0.0026298172306269407
Hum_XLOC_004306,MDA-MB-231,0.0,0.0034991877619177103
Hum_XLOC_004309,MDA-MB-231,0.0,0.004186308942735195
Hum_XLOC_004314,MDA-MB-231,0.0,0.005610632244497538
Hum_XLOC_004317,MDA-MB-231,0.0,0.004428310785442591
Hum_XLOC_004336,MDA-MB-231,0.0,0.004395507276058197
Hum_XLOC_004343,MDA-MB-231,0.0,0.0028734623920172453
Hum_XLOC_004350,MDA-MB-231,0.0,0.004772302228957415
Hum_XLOC_004361,MDA-MB-231,0.0,0.004143230617046356
Hum_XLOC_004363,MDA-MB-231,0.0,0.0020252466201782227
Hum_XLOC_004401,MDA-MB-231,0.0,0.0017600709106773138
Hum_XLOC_004405,MDA-MB-231,0.0,0.0032057028729468584
Hum_XLOC_004407,MDA-MB-231,0.0,0.003235532669350505
Hum_XLOC_004424,MDA-MB-231,0.0,0.006421862635761499
Hum_XLOC_004437,MDA-MB-231,0.0,0.004936209414154291
Hum_XLOC_004446,MDA-MB-231,0.0,0.005158580373972654
Hum_XLOC_004457,MDA-MB-231,0.0,0.007723743095993996
Hum_XLOC_004482,MDA-MB-231,0.0,0.005018280353397131
Hum_XLOC_004502,MDA-MB-231,0.0,0.003641795599833131
Hum_XLOC_004515,MDA-MB-231,0.0,0.006368097849190235
Hum_XLOC_004529,MDA-MB-231,0.0,0.002226364566013217
Hum_XLOC_004535,MDA-MB-231,0.0,0.0032446973491460085
Hum_XLOC_004553,MDA-MB-231,0.0,0.0061134942807257175
Hum_XLOC_004566,MDA-MB-231,0.0,0.006067972630262375
Hum_XLOC_004567,MDA-MB-231,0.0,0.007760338019579649
Hum_XLOC_004572,MDA-MB-231,1.0,0.01027293037623167
Hum_XLOC_004578,MDA-MB-231,0.0,0.0036207770463079214
Hum_XLOC_004580,MDA-MB-231,0.0,0.003953318577259779
Hum_XLOC_004581,MDA-MB-231,0.0,0.004273244645446539
Hum_XLOC_004587,MDA-MB-231,0.0,0.0059426408261060715
Hum_XLOC_004600,MDA-MB-231,0.0,0.013632198795676231
Hum_XLOC_004601,MDA-MB-231,0.0,0.0039877207018435
Hum_XLOC_004607,MDA-MB-231,0.0,0.0029764289502054453
Hum_XLOC_004617,MDA-MB-231,0.0,0.005258524790406227
Hum_XLOC_004619,MDA-MB-231,0.0,0.0028358243871480227
Hum_XLOC_004620,MDA-MB-231,0.0,0.004278986714780331
Hum_XLOC_004632,MDA-MB-231,0.0,0.007784667424857616
Hum_XLOC_004636,MDA-MB-231,0.0,0.005452066659927368
Hum_XLOC_004652,MDA-MB-231,0.0,0.006746836006641388
Hum_XLOC_004653,MDA-MB-231,0.0,0.0026746271178126335
Hum_XLOC_004657,MDA-MB-231,1.0,0.028983769938349724
Hum_XLOC_004661,MDA-MB-231,0.0,0.002862087683752179
Hum_XLOC_004683,MDA-MB-231,0.0,0.0013209115713834763
Hum_XLOC_004684,MDA-MB-231,0.0,0.003747077425941825
Hum_XLOC_004688,MDA-MB-231,0.0,0.001964715775102377
Hum_XLOC_004689,MDA-MB-231,0.0,0.0045845406129956245
Hum_XLOC_004705,MDA-MB-231,0.0,0.0078076026402413845
Hum_XLOC_004717,MDA-MB-231,0.0,0.007098632864654064
Hum_XLOC_004718,MDA-MB-231,0.0,0.0032630637288093567
Hum_XLOC_004733,MDA-MB-231,0.0,0.0022037746384739876
Hum_XLOC_004741,MDA-MB-231,0.0,0.0024485422763973475
Hum_XLOC_004762,MDA-MB-231,0.0,0.002950392896309495
Hum_XLOC_004771,MDA-MB-231,0.0,0.003725729649886489
Hum_XLOC_004777,MDA-MB-231,0.0,0.0026841508224606514
Hum_XLOC_004788,MDA-MB-231,0.0,0.002666190965101123
Hum_XLOC_004791,MDA-MB-231,0.0,0.004206154495477676
Hum_XLOC_004795,MDA-MB-231,0.0,0.004461455158889294
Hum_XLOC_004803,MDA-MB-231,0.0,0.00348877627402544
Hum_XLOC_004805,MDA-MB-231,0.0,0.003006514860317111
Hum_XLOC_004813,MDA-MB-231,0.0,0.002989330794662237
Hum_XLOC_004815,MDA-MB-231,0.0,0.006065396126359701
Hum_XLOC_004822,MDA-MB-231,0.0,0.004218701738864183
Hum_XLOC_004823,MDA-MB-231,0.0,0.0066290912218391895
Hum_XLOC_004827,MDA-MB-231,0.0,0.003956158645451069
Hum_XLOC_004837,MDA-MB-231,0.0,0.004500220995396376
Hum_XLOC_004839,MDA-MB-231,0.0,0.007974629290401936
Hum_XLOC_004855,MDA-MB-231,0.0,0.0050857882015407085
Hum_XLOC_004874,MDA-MB-231,0.0,0.005648704711347818
Hum_XLOC_004875,MDA-MB-231,0.0,0.005562674254179001
Hum_XLOC_004878,MDA-MB-231,0.0,0.0017999662086367607
Hum_XLOC_004884,MDA-MB-231,1.0,0.002416217466816306
Hum_XLOC_004911,MDA-MB-231,0.0,0.007423188537359238
Hum_XLOC_004915,MDA-MB-231,0.0,0.003932593390345573
Hum_XLOC_004927,MDA-MB-231,1.0,0.01041770912706852
Hum_XLOC_004929,MDA-MB-231,0.0,0.004712873138487339
Hum_XLOC_004936,MDA-MB-231,0.0,0.004504839424043894
Hum_XLOC_004957,MDA-MB-231,0.0,0.004850967787206173
Hum_XLOC_004960,MDA-MB-231,0.0,0.003225095337256789
Hum_XLOC_004965,MDA-MB-231,0.0,0.0023860468063503504
Hum_XLOC_000006,THP1,0.0,0.003076494438573718
Hum_XLOC_000008,THP1,0.0,0.005003160331398249
Hum_XLOC_000016,THP1,0.0,0.005353311076760292
Hum_XLOC_000030,THP1,0.0,0.0071447743102908134
Hum_XLOC_000033,THP1,0.0,0.003401687601581216
Hum_XLOC_000039,THP1,0.0,0.005109606776386499
Hum_XLOC_000053,THP1,0.0,0.003962061367928982
Hum_XLOC_000057,THP1,0.0,0.005907796788960695
Hum_XLOC_000060,THP1,0.0,0.007925120182335377
Hum_XLOC_000080,THP1,0.0,0.003149384632706642
Hum_XLOC_000094,THP1,0.0,0.00890028104186058
Hum_XLOC_000100,THP1,0.0,0.005728133022785187
Hum_XLOC_000105,THP1,0.0,0.0035392544232308865
Hum_XLOC_000107,THP1,0.0,0.006530940067023039
Hum_XLOC_000111,THP1,0.0,0.00889394897967577
Hum_XLOC_000134,THP1,0.0,0.0026177046820521355
Hum_XLOC_000143,THP1,0.0,0.006643718108534813
Hum_XLOC_000145,THP1,0.0,0.00855259969830513
Hum_XLOC_000149,THP1,0.0,0.0039078532718122005
Hum_XLOC_000155,THP1,0.0,0.005777405574917793
Hum_XLOC_000169,THP1,0.0,0.009305519051849842
Hum_XLOC_000170,THP1,0.0,0.00933198444545269
Hum_XLOC_000194,THP1,0.0,0.005774746648967266
Hum_XLOC_000201,THP1,0.0,0.008115441538393497
Hum_XLOC_000231,THP1,0.0,0.0025658851955085993
Hum_XLOC_000233,THP1,0.0,0.012889713048934937
Hum_XLOC_000245,THP1,0.0,0.0050379009917378426
Hum_XLOC_000247,THP1,0.0,0.0040324414148926735
Hum_XLOC_000248,THP1,0.0,0.004667928908020258
Hum_XLOC_000265,THP1,0.0,0.011027046479284763
Hum_XLOC_000282,THP1,0.0,0.006343518383800983
Hum_XLOC_000286,THP1,0.0,0.00831260159611702
Hum_XLOC_000292,THP1,0.0,0.004654405172914267
Hum_XLOC_000307,THP1,0.0,0.0035778451710939407
Hum_XLOC_000308,THP1,0.0,0.004879085812717676
Hum_XLOC_000312,THP1,0.0,0.009566498920321465
Hum_XLOC_000314,THP1,0.0,0.00472146924585104
Hum_XLOC_000317,THP1,0.0,0.005338349379599094
Hum_XLOC_000319,THP1,0.0,0.003319153096526861
Hum_XLOC_000332,THP1,0.0,0.009808571077883244
Hum_XLOC_000338,THP1,1.0,0.0037585818208754063
Hum_XLOC_000342,THP1,0.0,0.008298651315271854
Hum_XLOC_000345,THP1,0.0,0.007097520399838686
Hum_XLOC_000362,THP1,0.0,0.002410121029242873
Hum_XLOC_000377,THP1,0.0,0.006971588358283043
Hum_XLOC_000390,THP1,0.0,0.003981220535933971
Hum_XLOC_000394,THP1,0.0,0.00659328093752265
Hum_XLOC_000411,THP1,0.0,0.004287896677851677
Hum_XLOC_000415,THP1,0.0,0.002477901289239526
Hum_XLOC_000430,THP1,0.0,0.0048899538815021515
Hum_XLOC_000436,THP1,1.0,0.004202181939035654
Hum_XLOC_000437,THP1,0.0,0.01989920251071453
Hum_XLOC_000456,THP1,1.0,0.022694939747452736
Hum_XLOC_000461,THP1,0.0,0.006596561521291733
Hum_XLOC_000462,THP1,0.0,0.0026835622265934944
Hum_XLOC_000465,THP1,0.0,0.004093429539352655
Hum_XLOC_000472,THP1,0.0,0.00965693686157465
Hum_XLOC_000474,THP1,0.0,0.0055049024522304535
Hum_XLOC_000478,THP1,0.0,0.0036906395107507706
Hum_XLOC_000486,THP1,0.0,0.01189042441546917
Hum_XLOC_000490,THP1,0.0,0.005752937868237495
Hum_XLOC_000498,THP1,0.0,0.005401246249675751
Hum_XLOC_000500,THP1,0.0,0.012043341994285583
Hum_XLOC_000510,THP1,0.0,0.007145335897803307
Hum_XLOC_000535,THP1,0.0,0.011618823744356632
Hum_XLOC_000540,THP1,0.0,0.0034567792899906635
Hum_XLOC_000556,THP1,0.0,0.006845051422715187
Hum_XLOC_000574,THP1,0.0,0.006096753291785717
Hum_XLOC_000575,THP1,0.0,0.008227466605603695
Hum_XLOC_000582,THP1,0.0,0.009029644541442394
Hum_XLOC_000590,THP1,0.0,0.0037777957040816545
Hum_XLOC_000601,THP1,0.0,0.0028188787400722504
Hum_XLOC_000604,THP1,0.0,0.005061926320195198
Hum_XLOC_000608,THP1,0.0,0.003398289903998375
Hum_XLOC_000612,THP1,0.0,0.002467827871441841
Hum_XLOC_000636,THP1,1.0,0.003569692838937044
Hum_XLOC_000638,THP1,0.0,0.008817937225103378
Hum_XLOC_000641,THP1,0.0,0.0020744227804243565
Hum_XLOC_000655,THP1,0.0,0.006540097761899233
Hum_XLOC_000668,THP1,0.0,0.00863313116133213
Hum_XLOC_000680,THP1,0.0,0.0033709655981510878
Hum_XLOC_000681,THP1,0.0,0.0031998890917748213
Hum_XLOC_000695,THP1,0.0,0.002263988135382533
Hum_XLOC_000702,THP1,0.0,0.004902953281998634
Hum_XLOC_000726,THP1,0.0,0.006598689593374729
Hum_XLOC_000727,THP1,0.0,0.004889902658760548
Hum_XLOC_000758,THP1,0.0,0.0036262308713048697
Hum_XLOC_000773,THP1,0.0,0.00395269924774766
Hum_XLOC_000774,THP1,0.0,0.00933873187750578
Hum_XLOC_000797,THP1,0.0,0.009618541225790977
Hum_XLOC_000799,THP1,0.0,0.005260490346699953
Hum_XLOC_000800,THP1,0.0,0.004995930474251509
Hum_XLOC_000807,THP1,0.0,0.012059584259986877
Hum_XLOC_000818,THP1,0.0,0.005210245028138161
Hum_XLOC_000828,THP1,0.0,0.005425100680440664
Hum_XLOC_000831,THP1,0.0,0.005482414271682501
Hum_XLOC_000835,THP1,0.0,0.0038588372990489006
Hum_XLOC_000840,THP1,0.0,0.002522716298699379
Hum_XLOC_000841,THP1,0.0,0.006142422091215849
Hum_XLOC_000842,THP1,0.0,0.00309625081717968
Hum_XLOC_000854,THP1,0.0,0.004321433138102293
Hum_XLOC_000855,THP1,0.0,0.007294696755707264
Hum_XLOC_000883,THP1,0.0,0.005905218422412872
Hum_XLOC_000885,THP1,0.0,0.006297345273196697
Hum_XLOC_000905,THP1,0.0,0.006218032445758581
Hum_XLOC_000917,THP1,0.0,0.0023762714117765427
Hum_XLOC_000925,THP1,0.0,0.003578450530767441
Hum_XLOC_000944,THP1,0.0,0.006179935298860073
Hum_XLOC_000949,THP1,0.0,0.005287860985845327
Hum_XLOC_000953,THP1,0.0,0.0017017904901877046
Hum_XLOC_000964,THP1,0.0,0.00302518205717206
Hum_XLOC_000990,THP1,0.0,0.009790007956326008
Hum_XLOC_000994,THP1,0.0,0.007920687086880207
Hum_XLOC_001020,THP1,0.0,0.01091486494988203
Hum_XLOC_001029,THP1,0.0,0.0037397542037069798
Hum_XLOC_001066,THP1,0.0,0.004336788319051266
Hum_XLOC_001120,THP1,0.0,0.0064020887948572636
Hum_XLOC_001121,THP1,0.0,0.008115725591778755
Hum_XLOC_001122,THP1,0.0,0.00921568088233471
Hum_XLOC_001125,THP1,0.0,0.007507173344492912
Hum_XLOC_001132,THP1,0.0,0.004660358186811209
Hum_XLOC_001138,THP1,0.0,0.011558002792298794
Hum_XLOC_001144,THP1,0.0,0.00923693086951971
Hum_XLOC_001146,THP1,0.0,0.006900523789227009
Hum_XLOC_001188,THP1,1.0,0.0035254431422799826
Hum_XLOC_001191,THP1,0.0,0.007617438677698374
Hum_XLOC_001192,THP1,0.0,0.015912692993879318
Hum_XLOC_001217,THP1,0.0,0.010361715219914913
Hum_XLOC_001222,THP1,0.0,0.006272321566939354
Hum_XLOC_001228,THP1,0.0,0.0055466704070568085
Hum_XLOC_001230,THP1,0.0,0.004183290526270866
Hum_XLOC_001237,THP1,0.0,0.009007377550005913
Hum_XLOC_001243,THP1,0.0,0.0028830240480601788
Hum_XLOC_001275,THP1,0.0,0.00697977002710104
Hum_XLOC_001279,THP1,0.0,0.0024589544627815485
Hum_XLOC_001291,THP1,0.0,0.006051396019756794
Hum_XLOC_001296,THP1,0.0,0.0034246707800775766
Hum_XLOC_001297,THP1,0.0,0.009978976100683212
Hum_XLOC_001309,THP1,0.0,0.00910184159874916
Hum_XLOC_001329,THP1,0.0,0.0024846899323165417
Hum_XLOC_001330,THP1,0.0,0.0027013111393898726
Hum_XLOC_001355,THP1,0.0,0.0075963158160448074
Hum_XLOC_001366,THP1,0.0,0.006743820384144783
Hum_XLOC_001367,THP1,0.0,0.0031002776231616735
Hum_XLOC_001375,THP1,0.0,0.00711304135620594
Hum_XLOC_001390,THP1,0.0,0.0068893213756382465
Hum_XLOC_001405,THP1,0.0,0.00770887965336442
Hum_XLOC_001461,THP1,0.0,0.003096053609624505
Hum_XLOC_001465,THP1,0.0,0.006418474018573761
Hum_XLOC_001488,THP1,0.0,0.00485942792147398
Hum_XLOC_001490,THP1,0.0,0.006239079870283604
Hum_XLOC_001509,THP1,1.0,0.0035270715598016977
Hum_XLOC_001516,THP1,0.0,0.006535662803798914
Hum_XLOC_001532,THP1,0.0,0.002914001001045108
Hum_XLOC_001539,THP1,0.0,0.0028442833572626114
Hum_XLOC_001541,THP1,0.0,0.009018698707222939
Hum_XLOC_001542,THP1,0.0,0.015606949105858803
Hum_XLOC_001548,THP1,0.0,0.004937652498483658
Hum_XLOC_001559,THP1,0.0,0.0064719682559370995
Hum_XLOC_001565,THP1,0.0,0.0030935867689549923
Hum_XLOC_001566,THP1,0.0,0.006689954083412886
Hum_XLOC_001575,THP1,0.0,0.004300765693187714
Hum_XLOC_001580,THP1,0.0,0.006209737621247768
Hum_XLOC_001590,THP1,0.0,0.006861795671284199
Hum_XLOC_001615,THP1,1.0,0.0074597434140741825
Hum_XLOC_001624,THP1,0.0,0.0032622867729514837
Hum_XLOC_001639,THP1,0.0,0.005793878808617592
Hum_XLOC_001661,THP1,0.0,0.006491473410278559
Hum_XLOC_001666,THP1,0.0,0.0018635881133377552
Hum_XLOC_001668,THP1,0.0,0.004364022519439459
Hum_XLOC_001688,THP1,0.0,0.004342976026237011
Hum_XLOC_001689,THP1,0.0,0.006356016267091036
Hum_XLOC_001695,THP1,0.0,0.004314694087952375
Hum_XLOC_001696,THP1,0.0,0.006203014403581619
Hum_XLOC_001698,THP1,0.0,0.007228957489132881
Hum_XLOC_001707,THP1,0.0,0.007178852800279856
Hum_XLOC_001760,THP1,0.0,0.003842903533950448
Hum_XLOC_001761,THP1,0.0,0.003343200543895364
Hum_XLOC_001773,THP1,0.0,0.006377059500664473
Hum_XLOC_001775,THP1,0.0,0.009398098103702068
Hum_XLOC_001779,THP1,0.0,0.009305194020271301
Hum_XLOC_001783,THP1,0.0,0.0039725168608129025
Hum_XLOC_001791,THP1,0.0,0.012467623688280582
Hum_XLOC_001805,THP1,0.0,0.0043471078388392925
Hum_XLOC_001809,THP1,0.0,0.008053533732891083
Hum_XLOC_001848,THP1,0.0,0.00938392523676157
Hum_XLOC_001919,THP1,0.0,0.00806632824242115
Hum_XLOC_001941,THP1,0.0,0.006101944483816624
Hum_XLOC_001942,THP1,0.0,0.0024743573740124702
Hum_XLOC_001949,THP1,0.0,0.003561540972441435
Hum_XLOC_001950,THP1,0.0,0.0029675231780856848
Hum_XLOC_001953,THP1,0.0,0.0037630375009030104
Hum_XLOC_001957,THP1,0.0,0.005365889053791761
Hum_XLOC_001961,THP1,1.0,0.0021228156983852386
Hum_XLOC_001969,THP1,0.0,0.0060349637642502785
Hum_XLOC_002024,THP1,0.0,0.004957919474691153
Hum_XLOC_002028,THP1,0.0,0.002406800864264369
Hum_XLOC_002033,THP1,0.0,0.007648945786058903
Hum_XLOC_002036,THP1,0.0,0.009294078685343266
Hum_XLOC_002037,THP1,0.0,0.007830063812434673
Hum_XLOC_002041,THP1,0.0,0.005610829219222069
Hum_XLOC_002059,THP1,0.0,0.00935437437146902
Hum_XLOC_002061,THP1,0.0,0.003745473688468337
Hum_XLOC_002068,THP1,0.0,0.0011433052131906152
Hum_XLOC_002081,THP1,0.0,0.007563835009932518
Hum_XLOC_002093,THP1,0.0,0.008770324289798737
Hum_XLOC_002099,THP1,0.0,0.005211296025663614
Hum_XLOC_002144,THP1,0.0,0.013203112408518791
Hum_XLOC_002150,THP1,0.0,0.0029067890718579292
Hum_XLOC_002152,THP1,0.0,0.005939590744674206
Hum_XLOC_002154,THP1,0.0,0.0062102023512125015
Hum_XLOC_002169,THP1,1.0,0.0038925681728869677
Hum_XLOC_002170,THP1,0.0,0.0033442052081227303
Hum_XLOC_002176,THP1,0.0,0.006117856130003929
Hum_XLOC_002178,THP1,0.0,0.0035662753507494926
Hum_XLOC_002186,THP1,0.0,0.0033123092725872993
Hum_XLOC_002204,THP1,0.0,0.00594641687348485
Hum_XLOC_002205,THP1,0.0,0.004337958060204983
Hum_XLOC_002219,THP1,0.0,0.005199791397899389
Hum_XLOC_002244,THP1,0.0,0.004122260957956314
Hum_XLOC_002252,THP1,0.0,0.01605094224214554
Hum_XLOC_002261,THP1,0.0,0.003046370344236493
Hum_XLOC_002262,THP1,0.0,0.011931926012039185
Hum_XLOC_002265,THP1,0.0,0.006097408942878246
Hum_XLOC_002271,THP1,0.0,0.007231513969600201
Hum_XLOC_002280,THP1,0.0,0.008170347660779953
Hum_XLOC_002282,THP1,0.0,0.005375295411795378
Hum_XLOC_002283,THP1,0.0,0.006358917336910963
Hum_XLOC_002284,THP1,0.0,0.006103818770498037
Hum_XLOC_002294,THP1,0.0,0.005303662735968828
Hum_XLOC_002296,THP1,0.0,0.006831368897110224
Hum_XLOC_002299,THP1,0.0,0.0027159566525369883
Hum_XLOC_002301,THP1,0.0,0.009480727836489677
Hum_XLOC_002306,THP1,0.0,0.004266907460987568
Hum_XLOC_002311,THP1,0.0,0.008541984483599663
Hum_XLOC_002313,THP1,0.0,0.00398883456364274
Hum_XLOC_002314,THP1,0.0,0.004914545454084873
Hum_XLOC_002327,THP1,0.0,0.00599712273105979
Hum_XLOC_002330,THP1,0.0,0.004976658616214991
Hum_XLOC_002338,THP1,0.0,0.01166088879108429
Hum_XLOC_002344,THP1,0.0,0.0051832180470228195
Hum_XLOC_002347,THP1,0.0,0.0034040859900414944
Hum_XLOC_002348,THP1,0.0,0.00721816485747695
Hum_XLOC_002362,THP1,0.0,0.004660324659198523
Hum_XLOC_002364,THP1,0.0,0.003192508826032281
Hum_XLOC_002383,THP1,0.0,0.005493307951837778
Hum_XLOC_002386,THP1,0.0,0.005284932442009449
Hum_XLOC_002390,THP1,0.0,0.010017688386142254
Hum_XLOC_002394,THP1,0.0,0.00536366505548358
Hum_XLOC_002398,THP1,0.0,0.002566128270700574
Hum_XLOC_002399,THP1,0.0,0.0035162470303475857
Hum_XLOC_002408,THP1,0.0,0.008030456490814686
Hum_XLOC_002414,THP1,0.0,0.003905385499820113
Hum_XLOC_002418,THP1,0.0,0.003758892184123397
Hum_XLOC_002435,THP1,0.0,0.005279598291963339
Hum_XLOC_002440,THP1,0.0,0.007990061305463314
Hum_XLOC_002489,THP1,0.0,0.008740363642573357
Hum_XLOC_002490,THP1,0.0,0.001436081831343472
Hum_XLOC_002493,THP1,0.0,0.006333683151751757
Hum_XLOC_002520,THP1,0.0,0.002973373979330063
Hum_XLOC_002524,THP1,0.0,0.0035817897878587246
Hum_XLOC_002546,THP1,0.0,0.005428163800388575
Hum_XLOC_002560,THP1,0.0,0.002412122441455722
Hum_XLOC_002570,THP1,0.0,0.0032408195547759533
Hum_XLOC_002577,THP1,0.0,0.004960375837981701
Hum_XLOC_002579,THP1,0.0,0.005868099629878998
Hum_XLOC_002586,THP1,0.0,0.002041966887190938
Hum_XLOC_002589,THP1,0.0,0.008686486631631851
Hum_XLOC_002629,THP1,0.0,0.005738734267652035
Hum_XLOC_002631,THP1,0.0,0.016713790595531464
Hum_XLOC_002635,THP1,0.0,0.0058332872577011585
Hum_XLOC_002644,THP1,0.0,0.0036454310175031424
Hum_XLOC_002646,THP1,0.0,0.0029975776560604572
Hum_XLOC_002653,THP1,0.0,0.005159992724657059
Hum_XLOC_002681,THP1,0.0,0.005334712099283934
Hum_XLOC_002695,THP1,0.0,0.003782375017181039
Hum_XLOC_002702,THP1,0.0,0.006151079665869474
Hum_XLOC_002705,THP1,0.0,0.0064446269534528255
Hum_XLOC_002711,THP1,0.0,0.01452591735869646
Hum_XLOC_002714,THP1,0.0,0.0055553121492266655
Hum_XLOC_002717,THP1,0.0,0.006120042875409126
Hum_XLOC_002725,THP1,0.0,0.00636031199246645
Hum_XLOC_002741,THP1,0.0,0.006407751236110926
Hum_XLOC_002742,THP1,0.0,0.0071736956015229225
Hum_XLOC_002744,THP1,0.0,0.0034210956655442715
Hum_XLOC_002760,THP1,0.0,0.004806565120816231
Hum_XLOC_002788,THP1,0.0,0.006373166106641293
Hum_XLOC_002792,THP1,0.0,0.0030744080431759357
Hum_XLOC_002796,THP1,0.0,0.0035997272934764624
Hum_XLOC_002817,THP1,0.0,0.005389212165027857
Hum_XLOC_002836,THP1,1.0,0.034202732145786285
Hum_XLOC_002844,THP1,0.0,0.004033929668366909
Hum_XLOC_002845,THP1,0.0,0.01682673580944538
Hum_XLOC_002859,THP1,0.0,0.009503655135631561
Hum_XLOC_002889,THP1,0.0,0.0059034330770373344
Hum_XLOC_002911,THP1,0.0,0.009389644488692284
Hum_XLOC_002935,THP1,1.0,0.005179705563932657
Hum_XLOC_002937,THP1,0.0,0.00507173128426075
Hum_XLOC_002967,THP1,0.0,0.004420556128025055
Hum_XLOC_002983,THP1,0.0,0.010498018004000187
Hum_XLOC_002986,THP1,0.0,0.008809634484350681
Hum_XLOC_002990,THP1,0.0,0.0179287176579237
Hum_XLOC_003039,THP1,0.0,0.0069895233027637005
Hum_XLOC_003061,THP1,0.0,0.0036733082961291075
Hum_XLOC_003086,THP1,1.0,0.006948864087462425
Hum_XLOC_003099,THP1,0.0,0.0019409448141232133
Hum_XLOC_003109,THP1,1.0,0.004171207081526518
Hum_XLOC_003128,THP1,0.0,0.005821753293275833
Hum_XLOC_003134,THP1,0.0,0.005871839355677366
Hum_XLOC_003137,THP1,0.0,0.011296144686639309
Hum_XLOC_003154,THP1,0.0,0.00312554812990129
Hum_XLOC_003155,THP1,0.0,0.005490256007760763
Hum_XLOC_003171,THP1,0.0,0.0043574124574661255
Hum_XLOC_003209,THP1,0.0,0.006556210108101368
Hum_XLOC_003215,THP1,0.0,0.006074288859963417
Hum_XLOC_003221,THP1,0.0,0.006668242625892162
Hum_XLOC_003232,THP1,0.0,0.02109674923121929
Hum_XLOC_003268,THP1,0.0,0.008711977861821651
Hum_XLOC_003269,THP1,0.0,0.008097279816865921
Hum_XLOC_003286,THP1,0.0,0.009178230538964272
Hum_XLOC_003290,THP1,0.0,0.006037029437720776
Hum_XLOC_003294,THP1,0.0,0.002446271013468504
Hum_XLOC_003321,THP1,0.0,0.01168660819530487
Hum_XLOC_003324,THP1,0.0,0.005733944941312075
Hum_XLOC_003334,THP1,0.0,0.020680533722043037
Hum_XLOC_003337,THP1,0.0,0.0075273942202329636
Hum_XLOC_003338,THP1,0.0,0.004823395982384682
Hum_XLOC_003352,THP1,0.0,0.0029674838297069073
Hum_XLOC_003357,THP1,0.0,0.00303132482804358
Hum_XLOC_003361,THP1,0.0,0.00918479822576046
Hum_XLOC_003371,THP1,0.0,0.005082242656499147
Hum_XLOC_003381,THP1,0.0,0.0057855756022036076
Hum_XLOC_003408,THP1,0.0,0.0037756715901196003
Hum_XLOC_003436,THP1,0.0,0.009544016793370247
Hum_XLOC_003440,THP1,0.0,0.003474513767287135
Hum_XLOC_003450,THP1,0.0,0.012186111882328987
Hum_XLOC_003466,THP1,0.0,0.005047484766691923
Hum_XLOC_003488,THP1,0.0,0.0062579200603067875
Hum_XLOC_003491,THP1,0.0,0.00467649707570672
Hum_XLOC_003497,THP1,0.0,0.005895789712667465
Hum_XLOC_003498,THP1,0.0,0.00812444370239973
Hum_XLOC_003502,THP1,0.0,0.005410958081483841
Hum_XLOC_003518,THP1,0.0,0.02391158975660801
Hum_XLOC_003532,THP1,0.0,0.004883456509560347
Hum_XLOC_003543,THP1,0.0,0.004196162335574627
Hum_XLOC_003554,THP1,1.0,0.012586561031639576
Hum_XLOC_003563,THP1,0.0,0.006340727210044861
Hum_XLOC_003567,THP1,0.0,0.010316894389688969
Hum_XLOC_003568,THP1,0.0,0.0036052661016583443
Hum_XLOC_003570,THP1,0.0,0.003762676380574703
Hum_XLOC_003571,THP1,0.0,0.0013075903989374638
Hum_XLOC_003593,THP1,0.0,0.006055421195924282
Hum_XLOC_003594,THP1,0.0,0.0049553560093045235
Hum_XLOC_003598,THP1,0.0,0.002374839736148715
Hum_XLOC_003626,THP1,0.0,0.004290653858333826
Hum_XLOC_003628,THP1,1.0,0.004839533939957619
Hum_XLOC_003630,THP1,0.0,0.006379670463502407
Hum_XLOC_003641,THP1,0.0,0.006921944208443165
Hum_XLOC_003662,THP1,0.0,0.008499661460518837
Hum_XLOC_003665,THP1,0.0,0.0059700943529605865
Hum_XLOC_003672,THP1,0.0,0.006705174688249826
Hum_XLOC_003673,THP1,0.0,0.003041381249204278
Hum_XLOC_003674,THP1,0.0,0.004128324333578348
Hum_XLOC_003676,THP1,0.0,0.010621313005685806
Hum_XLOC_003686,THP1,0.0,0.004342623054981232
Hum_XLOC_003697,THP1,0.0,0.005796813406050205
Hum_XLOC_003717,THP1,0.0,0.004959401674568653
Hum_XLOC_003725,THP1,0.0,0.008252933621406555
Hum_XLOC_003743,THP1,0.0,0.01166900247335434
Hum_XLOC_003754,THP1,0.0,0.002638409845530987
Hum_XLOC_003766,THP1,0.0,0.009969769977033138
Hum_XLOC_003775,THP1,0.0,0.002090631751343608
Hum_XLOC_003790,THP1,0.0,0.0060990736819803715
Hum_XLOC_003799,THP1,0.0,0.004963405895978212
Hum_XLOC_003853,THP1,0.0,0.007115641608834267
Hum_XLOC_003865,THP1,0.0,0.008243477903306484
Hum_XLOC_003871,THP1,0.0,0.009862854145467281
Hum_XLOC_003891,THP1,0.0,0.0050725736655294895
Hum_XLOC_003892,THP1,1.0,0.006010685581713915
Hum_XLOC_003910,THP1,0.0,0.005805787164717913
Hum_XLOC_003911,THP1,0.0,0.005850601010024548
Hum_XLOC_003952,THP1,0.0,0.006090921815484762
Hum_XLOC_003971,THP1,0.0,0.003778027603402734
Hum_XLOC_003988,THP1,0.0,0.0051793297752738
Hum_XLOC_004020,THP1,0.0,0.0031159042846411467
Hum_XLOC_004035,THP1,0.0,0.00515372771769762
Hum_XLOC_004036,THP1,0.0,0.010124613530933857
Hum_XLOC_004048,THP1,0.0,0.0029879610519856215
Hum_XLOC_004068,THP1,0.0,0.005105940625071526
Hum_XLOC_004069,THP1,0.0,0.014206403866410255
Hum_XLOC_004095,THP1,0.0,0.005822120234370232
Hum_XLOC_004096,THP1,0.0,0.006621690932661295
Hum_XLOC_004116,THP1,0.0,0.008200759999454021
Hum_XLOC_004123,THP1,0.0,0.005501280073076487
Hum_XLOC_004134,THP1,0.0,0.001948456047102809
Hum_XLOC_004161,THP1,0.0,0.008027155883610249
Hum_XLOC_004168,THP1,0.0,0.0037045415956526995
Hum_XLOC_004169,THP1,0.0,0.005163212306797504
Hum_XLOC_004177,THP1,0.0,0.007422380615025759
Hum_XLOC_004200,THP1,0.0,0.0072856624610722065
Hum_XLOC_004201,THP1,0.0,0.006884967442601919
Hum_XLOC_004219,THP1,0.0,0.005243395920842886
Hum_XLOC_004226,THP1,0.0,0.005329836159944534
Hum_XLOC_004227,THP1,0.0,0.007032239343971014
Hum_XLOC_004236,THP1,0.0,0.006953132338821888
Hum_XLOC_004254,THP1,1.0,0.006656560115516186
Hum_XLOC_004255,THP1,0.0,0.005834238603711128
Hum_XLOC_004262,THP1,1.0,0.005741401109844446
Hum_XLOC_004269,THP1,0.0,0.00350480736233294
Hum_XLOC_004277,THP1,0.0,0.004978566896170378
Hum_XLOC_004278,THP1,0.0,0.010496418923139572
Hum_XLOC_004282,THP1,0.0,0.009769676253199577
Hum_XLOC_004287,THP1,0.0,0.007194353733211756
Hum_XLOC_004293,THP1,0.0,0.006250760052353144
Hum_XLOC_004302,THP1,0.0,0.004380817990750074
Hum_XLOC_004303,THP1,0.0,0.002933195559307933
Hum_XLOC_004306,THP1,0.0,0.0059864334762096405
Hum_XLOC_004309,THP1,0.0,0.005697081331163645
Hum_XLOC_004314,THP1,0.0,0.009895591996610165
Hum_XLOC_004317,THP1,0.0,0.0061301905661821365
Hum_XLOC_004336,THP1,1.0,0.00711893429979682
Hum_XLOC_004343,THP1,0.0,0.005006370600312948
Hum_XLOC_004350,THP1,0.0,0.005068065598607063
Hum_XLOC_004361,THP1,0.0,0.004752537701278925
Hum_XLOC_004363,THP1,0.0,0.0026772895362228155
Hum_XLOC_004401,THP1,0.0,0.002991063753142953
Hum_XLOC_004405,THP1,0.0,0.0033351979218423367
Hum_XLOC_004407,THP1,0.0,0.0036904537118971348
Hum_XLOC_004424,THP1,0.0,0.005935203284025192
Hum_XLOC_004437,THP1,0.0,0.007317893207073212
Hum_XLOC_004446,THP1,0.0,0.008743507787585258
Hum_XLOC_004457,THP1,0.0,0.006248597986996174
Hum_XLOC_004482,THP1,0.0,0.005484192632138729
Hum_XLOC_004502,THP1,0.0,0.005119435489177704
Hum_XLOC_004515,THP1,0.0,0.005089116748422384
Hum_XLOC_004529,THP1,0.0,0.0035080709494650364
Hum_XLOC_004535,THP1,0.0,0.003283165395259857
Hum_XLOC_004553,THP1,0.0,0.0073613571003079414
Hum_XLOC_004566,THP1,0.0,0.006769327446818352
Hum_XLOC_004567,THP1,0.0,0.012059470638632774
Hum_XLOC_004572,THP1,1.0,0.012109555304050446
Hum_XLOC_004578,THP1,0.0,0.006121681537479162
Hum_XLOC_004580,THP1,0.0,0.005227955989539623
Hum_XLOC_004581,THP1,0.0,0.009131167083978653
Hum_XLOC_004587,THP1,0.0,0.006317449733614922
Hum_XLOC_004600,THP1,0.0,0.01789519004523754
Hum_XLOC_004601,THP1,0.0,0.003971905913203955
Hum_XLOC_004607,THP1,0.0,0.0031100711785256863
Hum_XLOC_004617,THP1,0.0,0.008442400954663754
Hum_XLOC_004619,THP1,0.0,0.0030793400947004557
Hum_XLOC_004620,THP1,0.0,0.004808700643479824
Hum_XLOC_004632,THP1,0.0,0.007678141351789236
Hum_XLOC_004636,THP1,0.0,0.00913944561034441
Hum_XLOC_004652,THP1,0.0,0.008771883323788643
Hum_XLOC_004653,THP1,0.0,0.006624856498092413
Hum_XLOC_004657,THP1,0.0,0.01645136997103691
Hum_XLOC_004661,THP1,0.0,0.00308975949883461
Hum_XLOC_004683,THP1,0.0,0.0018206509994342923
Hum_XLOC_004684,THP1,0.0,0.004990247078239918
Hum_XLOC_004688,THP1,0.0,0.0021898357663303614
Hum_XLOC_004689,THP1,0.0,0.00419665826484561
Hum_XLOC_004705,THP1,0.0,0.00808879267424345
Hum_XLOC_004717,THP1,0.0,0.011580288410186768
Hum_XLOC_004718,THP1,0.0,0.005011910572648048
Hum_XLOC_004733,THP1,0.0,0.003908087033778429
Hum_XLOC_004741,THP1,0.0,0.0058017452247440815
Hum_XLOC_004762,THP1,0.0,0.004477593116462231
Hum_XLOC_004771,THP1,0.0,0.0064963120967149734
Hum_XLOC_004777,THP1,0.0,0.00461785402148962
Hum_XLOC_004788,THP1,0.0,0.0035275393165647984
Hum_XLOC_004791,THP1,0.0,0.0044718473218381405
Hum_XLOC_004795,THP1,0.0,0.006500539369881153
Hum_XLOC_004803,THP1,0.0,0.006188507657498121
Hum_XLOC_004805,THP1,0.0,0.0035551770124584436
Hum_XLOC_004813,THP1,0.0,0.0036847740411758423
Hum_XLOC_004815,THP1,0.0,0.005462253000587225
Hum_XLOC_004822,THP1,0.0,0.004956270568072796
Hum_XLOC_004823,THP1,0.0,0.007204107008874416
Hum_XLOC_004827,THP1,0.0,0.009142602793872356
Hum_XLOC_004837,THP1,0.0,0.005506917834281921
Hum_XLOC_004839,THP1,0.0,0.005902598612010479
Hum_XLOC_004855,THP1,0.0,0.006192526780068874
Hum_XLOC_004874,THP1,0.0,0.007271446753293276
Hum_XLOC_004875,THP1,0.0,0.007752756122499704
Hum_XLOC_004878,THP1,0.0,0.0023282652255147696
Hum_XLOC_004884,THP1,0.0,0.005062832031399012
Hum_XLOC_004911,THP1,0.0,0.007781843189150095
Hum_XLOC_004915,THP1,1.0,0.004778912756592035
Hum_XLOC_004927,THP1,0.0,0.010681268759071827
Hum_XLOC_004929,THP1,0.0,0.0051961373537778854
Hum_XLOC_004936,THP1,0.0,0.005400483030825853
Hum_XLOC_004957,THP1,0.0,0.004212232772260904
Hum_XLOC_004960,THP1,0.0,0.0052629015408456326
Hum_XLOC_004965,THP1,0.0,0.0036472808569669724
