target,cell_line,y_true,y_pred_proba
Hum_XLOC_000006,HAP1,0.0,0.3922098031324029
Hum_XLOC_000008,HAP1,0.0,0.5080273445789171
Hum_XLOC_000016,HAP1,0.0,0.5704108158343547
Hum_XLOC_000030,HAP1,0.0,0.3987561368048218
Hum_XLOC_000033,HAP1,0.0,0.40577301961754303
Hum_XLOC_000039,HAP1,0.0,0.5094731172001792
Hum_XLOC_000053,HAP1,0.0,0.5536335111688482
Hum_XLOC_000057,HAP1,0.0,0.4620702931451419
Hum_XLOC_000060,HAP1,0.0,0.5049928193322408
Hum_XLOC_000080,HAP1,0.0,0.41304572903922737
Hum_XLOC_000094,HAP1,0.0,0.43870760891149196
Hum_XLOC_000100,HAP1,0.0,0.4887726821502901
Hum_XLOC_000105,HAP1,0.0,0.391898867699575
Hum_XLOC_000107,HAP1,1.0,0.40333475911889294
Hum_XLOC_000111,HAP1,0.0,0.4155981394150844
Hum_XLOC_000134,HAP1,0.0,0.46560357400378044
Hum_XLOC_000143,HAP1,0.0,0.5240941593240515
Hum_XLOC_000145,HAP1,0.0,0.4731283463296777
Hum_XLOC_000149,HAP1,0.0,0.35500343598552475
Hum_XLOC_000155,HAP1,1.0,0.4720276951315874
Hum_XLOC_000169,HAP1,0.0,0.5038850050255703
Hum_XLOC_000170,HAP1,0.0,0.5028582169103716
Hum_XLOC_000194,HAP1,0.0,0.5241226663824332
Hum_XLOC_000201,HAP1,0.0,0.4676070389411857
Hum_XLOC_000231,HAP1,0.0,0.5039259214534639
Hum_XLOC_000233,HAP1,0.0,0.49514243825703563
Hum_XLOC_000245,HAP1,0.0,0.445180039864336
Hum_XLOC_000247,HAP1,0.0,0.48909783105557936
Hum_XLOC_000248,HAP1,0.0,0.44185784978093057
Hum_XLOC_000265,HAP1,0.0,0.3860059775571607
Hum_XLOC_000282,HAP1,0.0,0.45983483740967757
Hum_XLOC_000286,HAP1,0.0,0.4451178971837136
Hum_XLOC_000292,HAP1,0.0,0.41391710476519705
Hum_XLOC_000307,HAP1,1.0,0.4825136968340817
Hum_XLOC_000308,HAP1,0.0,0.3778820250547516
Hum_XLOC_000312,HAP1,0.0,0.4388410501898268
Hum_XLOC_000314,HAP1,0.0,0.40271552044281933
Hum_XLOC_000317,HAP1,0.0,0.3858455589825264
Hum_XLOC_000319,HAP1,0.0,0.505086460858573
Hum_XLOC_000332,HAP1,0.0,0.5101614317206208
Hum_XLOC_000338,HAP1,0.0,0.469277935725965
Hum_XLOC_000342,HAP1,0.0,0.48885909723171117
Hum_XLOC_000345,HAP1,0.0,0.43514815144849694
Hum_XLOC_000362,HAP1,0.0,0.4929885110144808
Hum_XLOC_000377,HAP1,0.0,0.5090749657383656
Hum_XLOC_000390,HAP1,0.0,0.42027245774526023
Hum_XLOC_000394,HAP1,0.0,0.47544808018950974
Hum_XLOC_000411,HAP1,0.0,0.5155905257917979
Hum_XLOC_000415,HAP1,0.0,0.41626840056381875
Hum_XLOC_000430,HAP1,0.0,0.44008583360032305
Hum_XLOC_000436,HAP1,0.0,0.4614452838920348
Hum_XLOC_000437,HAP1,0.0,0.5184170160683302
Hum_XLOC_000456,HAP1,0.0,0.6899423436949911
Hum_XLOC_000461,HAP1,0.0,0.5339338683385784
Hum_XLOC_000462,HAP1,0.0,0.5436602692037331
Hum_XLOC_000465,HAP1,0.0,0.4799470193744842
Hum_XLOC_000472,HAP1,0.0,0.5646572497336984
Hum_XLOC_000474,HAP1,0.0,0.42009492343077476
Hum_XLOC_000478,HAP1,0.0,0.4557818222652587
Hum_XLOC_000486,HAP1,0.0,0.44360345950207075
Hum_XLOC_000490,HAP1,0.0,0.4171996754013409
Hum_XLOC_000498,HAP1,0.0,0.5061275935827594
Hum_XLOC_000500,HAP1,0.0,0.4698247541928517
Hum_XLOC_000510,HAP1,0.0,0.43783941947581223
Hum_XLOC_000535,HAP1,0.0,0.5070852512179829
Hum_XLOC_000540,HAP1,0.0,0.40617076501432287
Hum_XLOC_000556,HAP1,0.0,0.4483129300751504
Hum_XLOC_000574,HAP1,0.0,0.46011715699758776
Hum_XLOC_000575,HAP1,0.0,0.44497961656489826
Hum_XLOC_000582,HAP1,0.0,0.4074061605465974
Hum_XLOC_000590,HAP1,0.0,0.4069650516308576
Hum_XLOC_000601,HAP1,0.0,0.46813937175973624
Hum_XLOC_000604,HAP1,0.0,0.38200398367244426
Hum_XLOC_000608,HAP1,0.0,0.39894116361706616
Hum_XLOC_000612,HAP1,0.0,0.37009972750454
Hum_XLOC_000636,HAP1,0.0,0.5928877047710637
Hum_XLOC_000638,HAP1,0.0,0.52354737636255
Hum_XLOC_000641,HAP1,0.0,0.4207605216534441
Hum_XLOC_000655,HAP1,0.0,0.49956516013729374
Hum_XLOC_000668,HAP1,0.0,0.5336931596676758
Hum_XLOC_000680,HAP1,0.0,0.3724922468247277
Hum_XLOC_000681,HAP1,0.0,0.4382970894311214
Hum_XLOC_000695,HAP1,0.0,0.44205065954280454
Hum_XLOC_000702,HAP1,0.0,0.4907153080647651
Hum_XLOC_000726,HAP1,0.0,0.4120759334023351
Hum_XLOC_000727,HAP1,0.0,0.5231270844969353
Hum_XLOC_000758,HAP1,0.0,0.4305005065303156
Hum_XLOC_000773,HAP1,0.0,0.4331285974884435
Hum_XLOC_000774,HAP1,0.0,0.4517016872819662
Hum_XLOC_000797,HAP1,0.0,0.5611343437452201
Hum_XLOC_000799,HAP1,0.0,0.5449997472062627
Hum_XLOC_000800,HAP1,0.0,0.45178142540501054
Hum_XLOC_000807,HAP1,0.0,0.4861354266449445
Hum_XLOC_000818,HAP1,0.0,0.4877055485211488
Hum_XLOC_000828,HAP1,0.0,0.5318920181336236
Hum_XLOC_000831,HAP1,0.0,0.4697360415943982
Hum_XLOC_000835,HAP1,0.0,0.4591132646970959
Hum_XLOC_000840,HAP1,0.0,0.4511189972164264
Hum_XLOC_000841,HAP1,0.0,0.386303265134762
Hum_XLOC_000842,HAP1,0.0,0.3212240871399245
Hum_XLOC_000854,HAP1,0.0,0.4696083667643452
Hum_XLOC_000855,HAP1,0.0,0.2909040468967468
Hum_XLOC_000883,HAP1,0.0,0.4117943022321399
Hum_XLOC_000885,HAP1,0.0,0.3584185224994756
Hum_XLOC_000905,HAP1,0.0,0.3426526821549843
Hum_XLOC_000917,HAP1,0.0,0.43084904825119485
Hum_XLOC_000925,HAP1,0.0,0.5262761734509886
Hum_XLOC_000944,HAP1,0.0,0.4375747649417917
Hum_XLOC_000949,HAP1,0.0,0.43041980024370413
Hum_XLOC_000953,HAP1,0.0,0.4192429442850878
Hum_XLOC_000964,HAP1,0.0,0.4555703506206124
Hum_XLOC_000990,HAP1,0.0,0.4070863509263759
Hum_XLOC_000994,HAP1,0.0,0.5104128417655237
Hum_XLOC_001020,HAP1,0.0,0.33643090182312063
Hum_XLOC_001029,HAP1,0.0,0.4975538238131944
Hum_XLOC_001066,HAP1,1.0,0.46227475532824364
Hum_XLOC_001120,HAP1,0.0,0.4793014727849637
Hum_XLOC_001121,HAP1,0.0,0.44708259334009415
Hum_XLOC_001122,HAP1,0.0,0.5556740571985671
Hum_XLOC_001125,HAP1,0.0,0.5382456883928312
Hum_XLOC_001132,HAP1,0.0,0.4794336021474019
Hum_XLOC_001138,HAP1,0.0,0.4803934867497433
Hum_XLOC_001144,HAP1,0.0,0.44666680475088055
Hum_XLOC_001146,HAP1,0.0,0.5238846450349676
Hum_XLOC_001188,HAP1,0.0,0.41775622554474956
Hum_XLOC_001191,HAP1,0.0,0.4435870323055225
Hum_XLOC_001192,HAP1,0.0,0.5172043492615924
Hum_XLOC_001217,HAP1,0.0,0.3806244108200596
Hum_XLOC_001222,HAP1,0.0,0.449037461322964
Hum_XLOC_001228,HAP1,0.0,0.4825647929010259
Hum_XLOC_001230,HAP1,0.0,0.449482303539418
Hum_XLOC_001237,HAP1,0.0,0.4805061664530269
Hum_XLOC_001243,HAP1,0.0,0.4951226291425312
Hum_XLOC_001275,HAP1,0.0,0.49466109947840364
Hum_XLOC_001279,HAP1,0.0,0.503332253238955
Hum_XLOC_001291,HAP1,0.0,0.5128492568793879
Hum_XLOC_001296,HAP1,0.0,0.5171827025546997
Hum_XLOC_001297,HAP1,0.0,0.5404488235300682
Hum_XLOC_001309,HAP1,0.0,0.48208803323318195
Hum_XLOC_001329,HAP1,0.0,0.39148465252272624
Hum_XLOC_001330,HAP1,0.0,0.46504922355754186
Hum_XLOC_001355,HAP1,0.0,0.429735255184201
Hum_XLOC_001366,HAP1,0.0,0.4524947410153446
Hum_XLOC_001367,HAP1,0.0,0.4747014406312837
Hum_XLOC_001375,HAP1,0.0,0.44126626219010023
Hum_XLOC_001390,HAP1,0.0,0.5254697309988905
Hum_XLOC_001405,HAP1,0.0,0.4540405699822557
Hum_XLOC_001461,HAP1,0.0,0.4995243397389777
Hum_XLOC_001465,HAP1,0.0,0.4206641922408184
Hum_XLOC_001488,HAP1,0.0,0.45536837170630423
Hum_XLOC_001490,HAP1,0.0,0.4377603332931226
Hum_XLOC_001509,HAP1,0.0,0.4758591618248644
Hum_XLOC_001516,HAP1,0.0,0.37257717227278436
Hum_XLOC_001532,HAP1,0.0,0.5071038745164471
Hum_XLOC_001539,HAP1,0.0,0.48805823778226853
Hum_XLOC_001541,HAP1,0.0,0.5756057566083574
Hum_XLOC_001542,HAP1,0.0,0.5499102300626526
Hum_XLOC_001548,HAP1,1.0,0.4651722230695909
Hum_XLOC_001559,HAP1,0.0,0.4575824191134065
Hum_XLOC_001565,HAP1,0.0,0.43567708883714773
Hum_XLOC_001566,HAP1,0.0,0.4983013947508938
Hum_XLOC_001575,HAP1,0.0,0.536999124043994
Hum_XLOC_001580,HAP1,0.0,0.413089243682607
Hum_XLOC_001590,HAP1,0.0,0.46158682482097463
Hum_XLOC_001615,HAP1,0.0,0.46834988346270173
Hum_XLOC_001624,HAP1,0.0,0.46837077910257474
Hum_XLOC_001639,HAP1,0.0,0.4613016818524749
Hum_XLOC_001661,HAP1,0.0,0.5356314040117935
Hum_XLOC_001666,HAP1,0.0,0.36761074590432596
Hum_XLOC_001668,HAP1,0.0,0.3967721780575283
Hum_XLOC_001688,HAP1,0.0,0.4476248681018202
Hum_XLOC_001689,HAP1,0.0,0.3853404083772218
Hum_XLOC_001695,HAP1,0.0,0.5011398674254753
Hum_XLOC_001696,HAP1,0.0,0.4103646474837489
Hum_XLOC_001698,HAP1,0.0,0.5211099400168732
Hum_XLOC_001707,HAP1,0.0,0.5296263489583156
Hum_XLOC_001760,HAP1,0.0,0.44370349173105966
Hum_XLOC_001761,HAP1,0.0,0.49186368783348045
Hum_XLOC_001773,HAP1,0.0,0.5693760437221902
Hum_XLOC_001775,HAP1,0.0,0.49470397971280594
Hum_XLOC_001779,HAP1,0.0,0.44259472915915604
Hum_XLOC_001783,HAP1,0.0,0.4152798866835264
Hum_XLOC_001791,HAP1,0.0,0.5256760632664084
Hum_XLOC_001805,HAP1,0.0,0.5222449639400114
Hum_XLOC_001809,HAP1,0.0,0.3715480986936874
Hum_XLOC_001848,HAP1,0.0,0.5038264862979966
Hum_XLOC_001919,HAP1,1.0,0.5008098401280302
Hum_XLOC_001941,HAP1,0.0,0.40777974169567727
Hum_XLOC_001942,HAP1,0.0,0.4464527269527219
Hum_XLOC_001949,HAP1,0.0,0.3958250026620123
Hum_XLOC_001950,HAP1,0.0,0.5580469844784854
Hum_XLOC_001953,HAP1,0.0,0.43677196022595416
Hum_XLOC_001957,HAP1,0.0,0.3974619687386353
Hum_XLOC_001961,HAP1,0.0,0.4391280600035556
Hum_XLOC_001969,HAP1,0.0,0.4583686307428058
Hum_XLOC_002024,HAP1,0.0,0.49152082145576736
Hum_XLOC_002028,HAP1,0.0,0.43397385296452273
Hum_XLOC_002033,HAP1,0.0,0.5007954983313577
Hum_XLOC_002036,HAP1,0.0,0.4403570780393522
Hum_XLOC_002037,HAP1,0.0,0.4697741883066755
Hum_XLOC_002041,HAP1,0.0,0.3997468143074689
Hum_XLOC_002059,HAP1,0.0,0.4690957015576353
Hum_XLOC_002061,HAP1,0.0,0.5247845826486801
Hum_XLOC_002068,HAP1,0.0,0.3328446814605373
Hum_XLOC_002081,HAP1,0.0,0.47053437448276975
Hum_XLOC_002093,HAP1,0.0,0.5071976547786574
Hum_XLOC_002099,HAP1,0.0,0.4292243362512953
Hum_XLOC_002144,HAP1,0.0,0.5051656966644402
Hum_XLOC_002150,HAP1,0.0,0.4181777186923681
Hum_XLOC_002152,HAP1,0.0,0.48309726374683526
Hum_XLOC_002154,HAP1,0.0,0.4628445662307419
Hum_XLOC_002169,HAP1,0.0,0.422148418298628
Hum_XLOC_002170,HAP1,0.0,0.3850148934333838
Hum_XLOC_002176,HAP1,0.0,0.49730326617242426
Hum_XLOC_002178,HAP1,0.0,0.4263994378090844
Hum_XLOC_002186,HAP1,1.0,0.4382911662482861
Hum_XLOC_002204,HAP1,0.0,0.441315768838564
Hum_XLOC_002205,HAP1,0.0,0.49034383490646133
Hum_XLOC_002219,HAP1,0.0,0.4820246092403752
Hum_XLOC_002244,HAP1,0.0,0.47905849034820897
Hum_XLOC_002252,HAP1,0.0,0.5986417913020017
Hum_XLOC_002261,HAP1,0.0,0.4663406434234035
Hum_XLOC_002262,HAP1,0.0,0.35204807858829884
Hum_XLOC_002265,HAP1,0.0,0.48755886680084026
Hum_XLOC_002271,HAP1,0.0,0.37887011494831635
Hum_XLOC_002280,HAP1,0.0,0.44628754256908104
Hum_XLOC_002282,HAP1,1.0,0.4501079117163623
Hum_XLOC_002283,HAP1,0.0,0.4520531248479213
Hum_XLOC_002284,HAP1,0.0,0.4710550843821342
Hum_XLOC_002294,HAP1,0.0,0.4417752474790366
Hum_XLOC_002296,HAP1,0.0,0.44501547711130635
Hum_XLOC_002299,HAP1,0.0,0.49724233196059753
Hum_XLOC_002301,HAP1,0.0,0.46166506719625416
Hum_XLOC_002306,HAP1,0.0,0.5054396642376642
Hum_XLOC_002311,HAP1,0.0,0.49786548771179545
Hum_XLOC_002313,HAP1,1.0,0.46492196073133607
Hum_XLOC_002314,HAP1,1.0,0.4404353741268017
Hum_XLOC_002327,HAP1,0.0,0.5084203181105411
Hum_XLOC_002330,HAP1,0.0,0.4349341993535062
Hum_XLOC_002338,HAP1,0.0,0.5138325033582508
Hum_XLOC_002344,HAP1,0.0,0.5340731083890892
Hum_XLOC_002347,HAP1,0.0,0.3739276791947806
Hum_XLOC_002348,HAP1,0.0,0.520597737676116
Hum_XLOC_002362,HAP1,0.0,0.43746177621815224
Hum_XLOC_002364,HAP1,0.0,0.31543836120016777
Hum_XLOC_002383,HAP1,0.0,0.38855047406818144
Hum_XLOC_002386,HAP1,0.0,0.38590152845999215
Hum_XLOC_002390,HAP1,0.0,0.5031490641389645
Hum_XLOC_002394,HAP1,0.0,0.37814892921862264
Hum_XLOC_002398,HAP1,0.0,0.450200611060548
Hum_XLOC_002399,HAP1,0.0,0.42815101487575996
Hum_XLOC_002408,HAP1,0.0,0.45151634882608316
Hum_XLOC_002414,HAP1,0.0,0.5573432871439362
Hum_XLOC_002418,HAP1,0.0,0.5164077201855598
Hum_XLOC_002435,HAP1,1.0,0.34555700849221666
Hum_XLOC_002440,HAP1,0.0,0.4692550684522768
Hum_XLOC_002489,HAP1,0.0,0.4206567420241634
Hum_XLOC_002490,HAP1,0.0,0.36541545618142096
Hum_XLOC_002493,HAP1,0.0,0.4636131095523889
Hum_XLOC_002520,HAP1,0.0,0.45086727563881196
Hum_XLOC_002524,HAP1,0.0,0.43530430849449797
Hum_XLOC_002546,HAP1,0.0,0.4709721597683894
Hum_XLOC_002560,HAP1,0.0,0.5023226478047497
Hum_XLOC_002570,HAP1,0.0,0.45288835476834804
Hum_XLOC_002577,HAP1,0.0,0.47870483733651015
Hum_XLOC_002579,HAP1,0.0,0.4467179834310581
Hum_XLOC_002586,HAP1,0.0,0.41422561599343916
Hum_XLOC_002589,HAP1,0.0,0.4574290879550959
Hum_XLOC_002629,HAP1,0.0,0.41204863280997345
Hum_XLOC_002631,HAP1,0.0,0.4653357310268748
Hum_XLOC_002635,HAP1,0.0,0.48233044219657145
Hum_XLOC_002644,HAP1,0.0,0.4460375156624775
Hum_XLOC_002646,HAP1,0.0,0.3979752294905227
Hum_XLOC_002653,HAP1,0.0,0.4266275058246034
Hum_XLOC_002681,HAP1,0.0,0.4389590247815416
Hum_XLOC_002695,HAP1,0.0,0.43349006394578743
Hum_XLOC_002702,HAP1,0.0,0.4196701469833327
Hum_XLOC_002705,HAP1,0.0,0.5051755141958622
Hum_XLOC_002711,HAP1,0.0,0.4522366289008961
Hum_XLOC_002714,HAP1,0.0,0.39948239450274275
Hum_XLOC_002717,HAP1,0.0,0.4722273971306185
Hum_XLOC_002725,HAP1,0.0,0.5258746522347394
Hum_XLOC_002741,HAP1,0.0,0.5470241173251047
Hum_XLOC_002742,HAP1,1.0,0.5100777185790304
Hum_XLOC_002744,HAP1,0.0,0.4483387167141832
Hum_XLOC_002760,HAP1,0.0,0.5424945921344553
Hum_XLOC_002788,HAP1,0.0,0.4472969258980144
Hum_XLOC_002792,HAP1,0.0,0.4204960785018763
Hum_XLOC_002796,HAP1,0.0,0.47153374896973593
Hum_XLOC_002817,HAP1,0.0,0.3911885934373269
Hum_XLOC_002836,HAP1,1.0,0.571251147278812
Hum_XLOC_002844,HAP1,0.0,0.4610048297939843
Hum_XLOC_002845,HAP1,0.0,0.48807314198724094
Hum_XLOC_002859,HAP1,0.0,0.46094310028535584
Hum_XLOC_002889,HAP1,0.0,0.41714688970496017
Hum_XLOC_002911,HAP1,0.0,0.4703016901035188
Hum_XLOC_002935,HAP1,0.0,0.5441363646438027
Hum_XLOC_002937,HAP1,0.0,0.42787762529498774
Hum_XLOC_002967,HAP1,0.0,0.5402898023442226
Hum_XLOC_002983,HAP1,0.0,0.43030268733860116
Hum_XLOC_002986,HAP1,0.0,0.5048371571561044
Hum_XLOC_002990,HAP1,0.0,0.5494548023250891
Hum_XLOC_003039,HAP1,0.0,0.4825388040744334
Hum_XLOC_003061,HAP1,0.0,0.48314627551576683
Hum_XLOC_003086,HAP1,0.0,0.4910588938614644
Hum_XLOC_003099,HAP1,0.0,0.4272869237756861
Hum_XLOC_003109,HAP1,0.0,0.505611413879282
Hum_XLOC_003128,HAP1,0.0,0.5253113074301534
Hum_XLOC_003134,HAP1,0.0,0.5504645527046008
Hum_XLOC_003137,HAP1,0.0,0.39790970329082276
Hum_XLOC_003154,HAP1,0.0,0.42229451156134
Hum_XLOC_003155,HAP1,0.0,0.4403750939304981
Hum_XLOC_003171,HAP1,0.0,0.4054027375363937
Hum_XLOC_003209,HAP1,0.0,0.35806249188755507
Hum_XLOC_003215,HAP1,0.0,0.4626122061246927
Hum_XLOC_003221,HAP1,0.0,0.47763570878675654
Hum_XLOC_003232,HAP1,0.0,0.4972296676495286
Hum_XLOC_003268,HAP1,1.0,0.4615085116239317
Hum_XLOC_003269,HAP1,0.0,0.4715673204485254
Hum_XLOC_003286,HAP1,0.0,0.5193621468183017
Hum_XLOC_003290,HAP1,0.0,0.3950711232313967
Hum_XLOC_003294,HAP1,0.0,0.3929463384863512
Hum_XLOC_003321,HAP1,0.0,0.5860373332626057
Hum_XLOC_003324,HAP1,0.0,0.5716211075475889
Hum_XLOC_003334,HAP1,0.0,0.46914820565336113
Hum_XLOC_003337,HAP1,0.0,0.39435122494423874
Hum_XLOC_003338,HAP1,0.0,0.44638002304003827
Hum_XLOC_003352,HAP1,0.0,0.46979448056935036
Hum_XLOC_003357,HAP1,0.0,0.3479095294416908
Hum_XLOC_003361,HAP1,0.0,0.5001319748141694
Hum_XLOC_003371,HAP1,0.0,0.3676713369349179
Hum_XLOC_003381,HAP1,0.0,0.5189542145031005
Hum_XLOC_003408,HAP1,0.0,0.379878853908726
Hum_XLOC_003436,HAP1,0.0,0.3971661309804068
Hum_XLOC_003440,HAP1,0.0,0.39584654390395296
Hum_XLOC_003450,HAP1,0.0,0.477208472969568
Hum_XLOC_003466,HAP1,0.0,0.4534346563815248
Hum_XLOC_003488,HAP1,0.0,0.41418608341073465
Hum_XLOC_003491,HAP1,0.0,0.5257614457374938
Hum_XLOC_003497,HAP1,0.0,0.4367098739756175
Hum_XLOC_003498,HAP1,0.0,0.49286544533108395
Hum_XLOC_003502,HAP1,0.0,0.46922274946023057
Hum_XLOC_003518,HAP1,0.0,0.4913642431115434
Hum_XLOC_003532,HAP1,0.0,0.36154248960804947
Hum_XLOC_003543,HAP1,0.0,0.3508643136736927
Hum_XLOC_003554,HAP1,1.0,0.4124847486205978
Hum_XLOC_003563,HAP1,0.0,0.4788077138470069
Hum_XLOC_003567,HAP1,0.0,0.45533316675379437
Hum_XLOC_003568,HAP1,0.0,0.43276044636411254
Hum_XLOC_003570,HAP1,0.0,0.3390490807685129
Hum_XLOC_003571,HAP1,0.0,0.43059521129043876
Hum_XLOC_003593,HAP1,0.0,0.4366994373674064
Hum_XLOC_003594,HAP1,0.0,0.43125734117792397
Hum_XLOC_003598,HAP1,0.0,0.3998872634393006
Hum_XLOC_003626,HAP1,0.0,0.421904829371785
Hum_XLOC_003628,HAP1,0.0,0.3521205100092886
Hum_XLOC_003630,HAP1,0.0,0.494690905306762
Hum_XLOC_003641,HAP1,0.0,0.5056681089435581
Hum_XLOC_003662,HAP1,0.0,0.46254702755958377
Hum_XLOC_003665,HAP1,0.0,0.5573879616489366
Hum_XLOC_003672,HAP1,0.0,0.4584395337899252
Hum_XLOC_003673,HAP1,0.0,0.44434462085039783
Hum_XLOC_003674,HAP1,0.0,0.41437347193653523
Hum_XLOC_003676,HAP1,0.0,0.4699210719275788
Hum_XLOC_003686,HAP1,0.0,0.4378285310347
Hum_XLOC_003697,HAP1,0.0,0.34441836875594406
Hum_XLOC_003717,HAP1,0.0,0.43183883765113124
Hum_XLOC_003725,HAP1,0.0,0.5109641425076304
Hum_XLOC_003743,HAP1,0.0,0.49577404307923073
Hum_XLOC_003754,HAP1,0.0,0.45349410239653115
Hum_XLOC_003766,HAP1,0.0,0.5454319441466421
Hum_XLOC_003775,HAP1,0.0,0.3992859610480798
Hum_XLOC_003790,HAP1,0.0,0.46147963109388623
Hum_XLOC_003799,HAP1,0.0,0.49471816240890026
Hum_XLOC_003853,HAP1,0.0,0.4214200629445569
Hum_XLOC_003865,HAP1,0.0,0.5245166413627604
Hum_XLOC_003871,HAP1,0.0,0.4159295815292104
Hum_XLOC_003891,HAP1,0.0,0.4523339453638774
Hum_XLOC_003892,HAP1,0.0,0.44408592421779236
Hum_XLOC_003910,HAP1,0.0,0.5344364538143217
Hum_XLOC_003911,HAP1,0.0,0.5426319510212507
Hum_XLOC_003952,HAP1,0.0,0.5001069677157993
Hum_XLOC_003971,HAP1,0.0,0.513725223050162
Hum_XLOC_003988,HAP1,0.0,0.4226915564225331
Hum_XLOC_004020,HAP1,0.0,0.4197847145745094
Hum_XLOC_004035,HAP1,0.0,0.5111681889276244
Hum_XLOC_004036,HAP1,0.0,0.5141514978631406
Hum_XLOC_004048,HAP1,0.0,0.4623975150174313
Hum_XLOC_004068,HAP1,0.0,0.44460123483607933
Hum_XLOC_004069,HAP1,0.0,0.31828516995408657
Hum_XLOC_004095,HAP1,0.0,0.5384894888618454
Hum_XLOC_004096,HAP1,0.0,0.5019835222475643
Hum_XLOC_004116,HAP1,1.0,0.5822004762902923
Hum_XLOC_004123,HAP1,0.0,0.3872796504407924
Hum_XLOC_004134,HAP1,0.0,0.41251125541645645
Hum_XLOC_004161,HAP1,0.0,0.4845261225870324
Hum_XLOC_004168,HAP1,0.0,0.4668522748958363
Hum_XLOC_004169,HAP1,0.0,0.4771248284434582
Hum_XLOC_004177,HAP1,0.0,0.413023799752679
Hum_XLOC_004200,HAP1,0.0,0.4372743932871621
Hum_XLOC_004201,HAP1,0.0,0.37837413403672576
Hum_XLOC_004219,HAP1,0.0,0.3800231168136387
Hum_XLOC_004226,HAP1,0.0,0.39303189043852
Hum_XLOC_004227,HAP1,0.0,0.4293670951727606
Hum_XLOC_004236,HAP1,1.0,0.46696980427775203
Hum_XLOC_004254,HAP1,1.0,0.6747538599915213
Hum_XLOC_004255,HAP1,0.0,0.5400687452299648
Hum_XLOC_004262,HAP1,1.0,0.5090362795019179
Hum_XLOC_004269,HAP1,0.0,0.4280901913889034
Hum_XLOC_004277,HAP1,0.0,0.47674724303302457
Hum_XLOC_004278,HAP1,0.0,0.462987750495041
Hum_XLOC_004282,HAP1,0.0,0.45489141205866346
Hum_XLOC_004287,HAP1,0.0,0.4618995625448383
Hum_XLOC_004293,HAP1,0.0,0.392666913261127
Hum_XLOC_004302,HAP1,0.0,0.5076112398163872
Hum_XLOC_004303,HAP1,0.0,0.39781070037955496
Hum_XLOC_004306,HAP1,0.0,0.38435141417742
Hum_XLOC_004309,HAP1,0.0,0.4814427231159092
Hum_XLOC_004314,HAP1,0.0,0.416521064323589
Hum_XLOC_004317,HAP1,0.0,0.350480092488968
Hum_XLOC_004336,HAP1,0.0,0.410647680762873
Hum_XLOC_004343,HAP1,0.0,0.3663340472906424
Hum_XLOC_004350,HAP1,0.0,0.4329849791796685
Hum_XLOC_004361,HAP1,0.0,0.4138290931583525
Hum_XLOC_004363,HAP1,0.0,0.49247257168581704
Hum_XLOC_004401,HAP1,0.0,0.44810418203256513
Hum_XLOC_004405,HAP1,1.0,0.455625450915946
Hum_XLOC_004407,HAP1,0.0,0.406794461577444
Hum_XLOC_004424,HAP1,0.0,0.5207203756034505
Hum_XLOC_004437,HAP1,0.0,0.43031054244140776
Hum_XLOC_004446,HAP1,0.0,0.4705605461217569
Hum_XLOC_004457,HAP1,0.0,0.5230627366108782
Hum_XLOC_004482,HAP1,0.0,0.538935974387345
Hum_XLOC_004502,HAP1,0.0,0.3988712691612851
Hum_XLOC_004515,HAP1,0.0,0.4540462802938944
Hum_XLOC_004529,HAP1,0.0,0.5274591321146057
Hum_XLOC_004535,HAP1,0.0,0.432045667290931
Hum_XLOC_004553,HAP1,0.0,0.5046267689138431
Hum_XLOC_004566,HAP1,0.0,0.4187633942213596
Hum_XLOC_004567,HAP1,0.0,0.49267817983943196
Hum_XLOC_004572,HAP1,0.0,0.5879986864962499
Hum_XLOC_004578,HAP1,0.0,0.38953958378307
Hum_XLOC_004580,HAP1,0.0,0.39999266491530344
Hum_XLOC_004581,HAP1,0.0,0.40160181598036027
Hum_XLOC_004587,HAP1,0.0,0.45873155500793344
Hum_XLOC_004600,HAP1,0.0,0.5873357490404736
Hum_XLOC_004601,HAP1,0.0,0.38474612429296096
Hum_XLOC_004607,HAP1,0.0,0.42464763544221346
Hum_XLOC_004617,HAP1,0.0,0.4497730876316434
Hum_XLOC_004619,HAP1,0.0,0.47198220200636004
Hum_XLOC_004620,HAP1,0.0,0.5013859324169135
Hum_XLOC_004632,HAP1,0.0,0.48974597384535673
Hum_XLOC_004636,HAP1,0.0,0.5144094647033371
Hum_XLOC_004652,HAP1,0.0,0.40602641257205796
Hum_XLOC_004653,HAP1,0.0,0.4620079721662991
Hum_XLOC_004657,HAP1,1.0,0.47665778434149364
Hum_XLOC_004661,HAP1,0.0,0.507160981145297
Hum_XLOC_004683,HAP1,0.0,0.37189107552051953
Hum_XLOC_004684,HAP1,0.0,0.5375609337663414
Hum_XLOC_004688,HAP1,0.0,0.3941254636996141
Hum_XLOC_004689,HAP1,0.0,0.44751285956893555
Hum_XLOC_004705,HAP1,0.0,0.4676719890181197
Hum_XLOC_004717,HAP1,1.0,0.5256718976087722
Hum_XLOC_004718,HAP1,0.0,0.4973577518004934
Hum_XLOC_004733,HAP1,0.0,0.5293379511470062
Hum_XLOC_004741,HAP1,0.0,0.3216554257110067
Hum_XLOC_004762,HAP1,0.0,0.4693577313703677
Hum_XLOC_004771,HAP1,0.0,0.4266818677878003
Hum_XLOC_004777,HAP1,0.0,0.39127885559304415
Hum_XLOC_004788,HAP1,1.0,0.4923500694386634
Hum_XLOC_004791,HAP1,1.0,0.3881812069496551
Hum_XLOC_004795,HAP1,0.0,0.4300474439704643
Hum_XLOC_004803,HAP1,0.0,0.4706235592008384
Hum_XLOC_004805,HAP1,0.0,0.44798632004589517
Hum_XLOC_004813,HAP1,0.0,0.43460384327977114
Hum_XLOC_004815,HAP1,0.0,0.43203683065594206
Hum_XLOC_004822,HAP1,0.0,0.3952836292036089
Hum_XLOC_004823,HAP1,1.0,0.45220162707627787
Hum_XLOC_004827,HAP1,0.0,0.3947707224543572
Hum_XLOC_004837,HAP1,0.0,0.4788964080160564
Hum_XLOC_004839,HAP1,0.0,0.48549495233453055
Hum_XLOC_004855,HAP1,0.0,0.39611687015993063
Hum_XLOC_004874,HAP1,0.0,0.3640268176778747
Hum_XLOC_004875,HAP1,0.0,0.4392609053985303
Hum_XLOC_004878,HAP1,0.0,0.43758047195459987
Hum_XLOC_004884,HAP1,0.0,0.4314173433249212
Hum_XLOC_004911,HAP1,0.0,0.49954454065141085
Hum_XLOC_004915,HAP1,1.0,0.5131741017521226
Hum_XLOC_004927,HAP1,0.0,0.4475037790030752
Hum_XLOC_004929,HAP1,0.0,0.46537141516376396
Hum_XLOC_004936,HAP1,0.0,0.353182824622706
Hum_XLOC_004957,HAP1,0.0,0.40997408598008755
Hum_XLOC_004960,HAP1,0.0,0.527303530529139
Hum_XLOC_004965,HAP1,0.0,0.37608258943558576
Hum_XLOC_000006,HEK293FT,0.0,0.41745397982361204
Hum_XLOC_000008,HEK293FT,0.0,0.5209618511634608
Hum_XLOC_000016,HEK293FT,0.0,0.5406031474864789
Hum_XLOC_000030,HEK293FT,0.0,0.394900593830381
Hum_XLOC_000033,HEK293FT,0.0,0.41662755758830095
Hum_XLOC_000039,HEK293FT,0.0,0.5014170429059367
Hum_XLOC_000053,HEK293FT,0.0,0.5242618834199847
Hum_XLOC_000057,HEK293FT,0.0,0.45755813483510216
Hum_XLOC_000060,HEK293FT,0.0,0.5125109775691589
Hum_XLOC_000080,HEK293FT,0.0,0.4381523296202748
Hum_XLOC_000094,HEK293FT,0.0,0.4577343689640406
Hum_XLOC_000100,HEK293FT,1.0,0.5082571499033774
Hum_XLOC_000105,HEK293FT,0.0,0.4255926059890267
Hum_XLOC_000107,HEK293FT,0.0,0.39143827462941105
Hum_XLOC_000111,HEK293FT,0.0,0.4381283942484846
Hum_XLOC_000134,HEK293FT,0.0,0.523425196370885
Hum_XLOC_000143,HEK293FT,0.0,0.5085004174438006
Hum_XLOC_000145,HEK293FT,0.0,0.4894656357782055
Hum_XLOC_000149,HEK293FT,0.0,0.39701343101070274
Hum_XLOC_000155,HEK293FT,0.0,0.4571410755392586
Hum_XLOC_000169,HEK293FT,0.0,0.48277314140843597
Hum_XLOC_000170,HEK293FT,0.0,0.5018766370733699
Hum_XLOC_000194,HEK293FT,0.0,0.5183406159776144
Hum_XLOC_000201,HEK293FT,0.0,0.49999456538708836
Hum_XLOC_000231,HEK293FT,0.0,0.4868089308330132
Hum_XLOC_000233,HEK293FT,0.0,0.49870419613670913
Hum_XLOC_000245,HEK293FT,1.0,0.43363321776095093
Hum_XLOC_000247,HEK293FT,0.0,0.47205501281959145
Hum_XLOC_000248,HEK293FT,0.0,0.4722735827864956
Hum_XLOC_000265,HEK293FT,0.0,0.43667009259699785
Hum_XLOC_000282,HEK293FT,0.0,0.47877428697795527
Hum_XLOC_000286,HEK293FT,0.0,0.4797882757305407
Hum_XLOC_000292,HEK293FT,0.0,0.4442025012334291
Hum_XLOC_000307,HEK293FT,0.0,0.4955170293351714
Hum_XLOC_000308,HEK293FT,0.0,0.43373374632146716
Hum_XLOC_000312,HEK293FT,0.0,0.45575791848166175
Hum_XLOC_000314,HEK293FT,0.0,0.46683222483269177
Hum_XLOC_000317,HEK293FT,0.0,0.3792788006425394
Hum_XLOC_000319,HEK293FT,0.0,0.5023768959315107
Hum_XLOC_000332,HEK293FT,0.0,0.4960219517858333
Hum_XLOC_000338,HEK293FT,0.0,0.4642854256393837
Hum_XLOC_000342,HEK293FT,0.0,0.47960443453638935
Hum_XLOC_000345,HEK293FT,0.0,0.43266323939441026
Hum_XLOC_000362,HEK293FT,0.0,0.48351428826615783
Hum_XLOC_000377,HEK293FT,0.0,0.5066823656207682
Hum_XLOC_000390,HEK293FT,0.0,0.4351989887906487
Hum_XLOC_000394,HEK293FT,0.0,0.46230742817032056
Hum_XLOC_000411,HEK293FT,0.0,0.5271315411910171
Hum_XLOC_000415,HEK293FT,0.0,0.38286271459201066
Hum_XLOC_000430,HEK293FT,0.0,0.4191860702537437
Hum_XLOC_000436,HEK293FT,0.0,0.4338490898943985
Hum_XLOC_000437,HEK293FT,0.0,0.5048693885351475
Hum_XLOC_000456,HEK293FT,1.0,0.7105738754564402
Hum_XLOC_000461,HEK293FT,0.0,0.5114990123205615
Hum_XLOC_000462,HEK293FT,0.0,0.5444449979945082
Hum_XLOC_000465,HEK293FT,0.0,0.5023671061568268
Hum_XLOC_000472,HEK293FT,0.0,0.5833565274537856
Hum_XLOC_000474,HEK293FT,0.0,0.4521672635840833
Hum_XLOC_000478,HEK293FT,0.0,0.48914406744326067
Hum_XLOC_000486,HEK293FT,0.0,0.4935916578355293
Hum_XLOC_000490,HEK293FT,0.0,0.4499135139083598
Hum_XLOC_000498,HEK293FT,0.0,0.5072336186678422
Hum_XLOC_000500,HEK293FT,0.0,0.44827210965831565
Hum_XLOC_000510,HEK293FT,0.0,0.4523582559325675
Hum_XLOC_000535,HEK293FT,0.0,0.5110174304344492
Hum_XLOC_000540,HEK293FT,0.0,0.441764492183942
Hum_XLOC_000556,HEK293FT,0.0,0.44481208220807483
Hum_XLOC_000574,HEK293FT,0.0,0.4824503476346577
Hum_XLOC_000575,HEK293FT,0.0,0.4738428362930838
Hum_XLOC_000582,HEK293FT,0.0,0.42484584577775064
Hum_XLOC_000590,HEK293FT,0.0,0.44067681028878314
Hum_XLOC_000601,HEK293FT,0.0,0.46376532669272
Hum_XLOC_000604,HEK293FT,0.0,0.4092992591314779
Hum_XLOC_000608,HEK293FT,1.0,0.4616799398743357
Hum_XLOC_000612,HEK293FT,0.0,0.3512904397957071
Hum_XLOC_000636,HEK293FT,0.0,0.5934967774413062
Hum_XLOC_000638,HEK293FT,0.0,0.5244022239260646
Hum_XLOC_000641,HEK293FT,0.0,0.4733688668702113
Hum_XLOC_000655,HEK293FT,1.0,0.47601861864344885
Hum_XLOC_000668,HEK293FT,0.0,0.5014516844200125
Hum_XLOC_000680,HEK293FT,0.0,0.4092959831894379
Hum_XLOC_000681,HEK293FT,0.0,0.45964381241453806
Hum_XLOC_000695,HEK293FT,0.0,0.49086197487360783
Hum_XLOC_000702,HEK293FT,0.0,0.4915190213748963
Hum_XLOC_000726,HEK293FT,0.0,0.42887970641692164
Hum_XLOC_000727,HEK293FT,0.0,0.5102356813443509
Hum_XLOC_000758,HEK293FT,0.0,0.45695076977702453
Hum_XLOC_000773,HEK293FT,0.0,0.45595581158575454
Hum_XLOC_000774,HEK293FT,0.0,0.4922331257754318
Hum_XLOC_000797,HEK293FT,0.0,0.5878432511513783
Hum_XLOC_000799,HEK293FT,0.0,0.519559749037134
Hum_XLOC_000800,HEK293FT,0.0,0.5088709973341348
Hum_XLOC_000807,HEK293FT,0.0,0.47664468536144927
Hum_XLOC_000818,HEK293FT,1.0,0.5038230579022119
Hum_XLOC_000828,HEK293FT,0.0,0.5556759302916567
Hum_XLOC_000831,HEK293FT,0.0,0.5147471178921271
Hum_XLOC_000835,HEK293FT,0.0,0.47668602004626304
Hum_XLOC_000840,HEK293FT,0.0,0.4983344008886178
Hum_XLOC_000841,HEK293FT,1.0,0.37096229999143465
Hum_XLOC_000842,HEK293FT,0.0,0.3736354813850881
Hum_XLOC_000854,HEK293FT,0.0,0.4764895838620163
Hum_XLOC_000855,HEK293FT,0.0,0.33887444101252917
Hum_XLOC_000883,HEK293FT,0.0,0.46901660941527085
Hum_XLOC_000885,HEK293FT,0.0,0.4080347382216546
Hum_XLOC_000905,HEK293FT,0.0,0.37195041225756653
Hum_XLOC_000917,HEK293FT,0.0,0.42407877111210496
Hum_XLOC_000925,HEK293FT,0.0,0.5589694239514648
Hum_XLOC_000944,HEK293FT,0.0,0.47140893281949353
Hum_XLOC_000949,HEK293FT,0.0,0.40617938083586275
Hum_XLOC_000953,HEK293FT,0.0,0.4780666602285443
Hum_XLOC_000964,HEK293FT,0.0,0.4938445081082565
Hum_XLOC_000990,HEK293FT,0.0,0.4513419916192038
Hum_XLOC_000994,HEK293FT,0.0,0.5544313672358362
Hum_XLOC_001020,HEK293FT,0.0,0.3719315308126203
Hum_XLOC_001029,HEK293FT,0.0,0.5367476765130037
Hum_XLOC_001066,HEK293FT,0.0,0.437295307060092
Hum_XLOC_001120,HEK293FT,0.0,0.49443649063574213
Hum_XLOC_001121,HEK293FT,0.0,0.4549255018315081
Hum_XLOC_001122,HEK293FT,0.0,0.5724779349936439
Hum_XLOC_001125,HEK293FT,0.0,0.5374082573044492
Hum_XLOC_001132,HEK293FT,0.0,0.5025884015888394
Hum_XLOC_001138,HEK293FT,0.0,0.5000403153398374
Hum_XLOC_001144,HEK293FT,0.0,0.47026911025706464
Hum_XLOC_001146,HEK293FT,0.0,0.535544002601441
Hum_XLOC_001188,HEK293FT,0.0,0.4211201177942531
Hum_XLOC_001191,HEK293FT,0.0,0.46697395932000774
Hum_XLOC_001192,HEK293FT,0.0,0.5310759028497468
Hum_XLOC_001217,HEK293FT,0.0,0.433514781908032
Hum_XLOC_001222,HEK293FT,0.0,0.4534162871897871
Hum_XLOC_001228,HEK293FT,0.0,0.4525160308112094
Hum_XLOC_001230,HEK293FT,0.0,0.4320112384458903
Hum_XLOC_001237,HEK293FT,0.0,0.5050803513029564
Hum_XLOC_001243,HEK293FT,0.0,0.5396151284073143
Hum_XLOC_001275,HEK293FT,0.0,0.49730906425761756
Hum_XLOC_001279,HEK293FT,0.0,0.5293141431854393
Hum_XLOC_001291,HEK293FT,0.0,0.5306624045883124
Hum_XLOC_001296,HEK293FT,0.0,0.5552528846707082
Hum_XLOC_001297,HEK293FT,0.0,0.5781228743981088
Hum_XLOC_001309,HEK293FT,0.0,0.5068702923659048
Hum_XLOC_001329,HEK293FT,0.0,0.44254221703554325
Hum_XLOC_001330,HEK293FT,0.0,0.4872282441504784
Hum_XLOC_001355,HEK293FT,0.0,0.4527480184082441
Hum_XLOC_001366,HEK293FT,0.0,0.4673971453413229
Hum_XLOC_001367,HEK293FT,0.0,0.5231818779156568
Hum_XLOC_001375,HEK293FT,0.0,0.4336937253867632
Hum_XLOC_001390,HEK293FT,0.0,0.5255669074043093
Hum_XLOC_001405,HEK293FT,0.0,0.5105644349888635
Hum_XLOC_001461,HEK293FT,0.0,0.5284994956533229
Hum_XLOC_001465,HEK293FT,0.0,0.436916198186689
Hum_XLOC_001488,HEK293FT,0.0,0.44823595482602663
Hum_XLOC_001490,HEK293FT,0.0,0.4523816798173099
Hum_XLOC_001509,HEK293FT,0.0,0.4636086757294424
Hum_XLOC_001516,HEK293FT,0.0,0.40453344752616077
Hum_XLOC_001532,HEK293FT,0.0,0.5331271557865447
Hum_XLOC_001539,HEK293FT,0.0,0.4922257034996412
Hum_XLOC_001541,HEK293FT,0.0,0.5819273015182813
Hum_XLOC_001542,HEK293FT,0.0,0.5145217915030388
Hum_XLOC_001548,HEK293FT,0.0,0.4282711489549976
Hum_XLOC_001559,HEK293FT,0.0,0.4652090929037933
Hum_XLOC_001565,HEK293FT,0.0,0.44057958630191774
Hum_XLOC_001566,HEK293FT,0.0,0.5290385695883167
Hum_XLOC_001575,HEK293FT,0.0,0.49933711773541417
Hum_XLOC_001580,HEK293FT,0.0,0.43174306190642797
Hum_XLOC_001590,HEK293FT,0.0,0.4952091948433952
Hum_XLOC_001615,HEK293FT,0.0,0.4551171041452326
Hum_XLOC_001624,HEK293FT,0.0,0.514510648053885
Hum_XLOC_001639,HEK293FT,0.0,0.4889919814661226
Hum_XLOC_001661,HEK293FT,0.0,0.5406690371318117
Hum_XLOC_001666,HEK293FT,0.0,0.42782939927626457
Hum_XLOC_001668,HEK293FT,0.0,0.4168970451933235
Hum_XLOC_001688,HEK293FT,0.0,0.4806770976015012
Hum_XLOC_001689,HEK293FT,0.0,0.4032694682707511
Hum_XLOC_001695,HEK293FT,0.0,0.4992925172806677
Hum_XLOC_001696,HEK293FT,0.0,0.4255677565878535
Hum_XLOC_001698,HEK293FT,0.0,0.5581093713513772
Hum_XLOC_001707,HEK293FT,0.0,0.5315575594267543
Hum_XLOC_001760,HEK293FT,0.0,0.5023173533179526
Hum_XLOC_001761,HEK293FT,0.0,0.551117842673392
Hum_XLOC_001773,HEK293FT,0.0,0.5609510701005923
Hum_XLOC_001775,HEK293FT,0.0,0.5180119873714787
Hum_XLOC_001779,HEK293FT,0.0,0.4490938180977381
Hum_XLOC_001783,HEK293FT,0.0,0.3984366070962909
Hum_XLOC_001791,HEK293FT,0.0,0.5349974461121934
Hum_XLOC_001805,HEK293FT,0.0,0.5243513081448615
Hum_XLOC_001809,HEK293FT,0.0,0.41597108028248897
Hum_XLOC_001848,HEK293FT,0.0,0.509844505023513
Hum_XLOC_001919,HEK293FT,0.0,0.5566819213661605
Hum_XLOC_001941,HEK293FT,0.0,0.42198646300017706
Hum_XLOC_001942,HEK293FT,0.0,0.452675802676323
Hum_XLOC_001949,HEK293FT,0.0,0.441953320454973
Hum_XLOC_001950,HEK293FT,0.0,0.5460212710443002
Hum_XLOC_001953,HEK293FT,0.0,0.48404453768360045
Hum_XLOC_001957,HEK293FT,0.0,0.4114060255444384
Hum_XLOC_001961,HEK293FT,0.0,0.4627231296788375
Hum_XLOC_001969,HEK293FT,0.0,0.4595234119328987
Hum_XLOC_002024,HEK293FT,0.0,0.504083027581644
Hum_XLOC_002028,HEK293FT,0.0,0.47010645718082833
Hum_XLOC_002033,HEK293FT,0.0,0.4961282370850127
Hum_XLOC_002036,HEK293FT,0.0,0.4319807988082217
Hum_XLOC_002037,HEK293FT,0.0,0.4483384727401441
Hum_XLOC_002041,HEK293FT,0.0,0.3993258642367236
Hum_XLOC_002059,HEK293FT,0.0,0.48246704045519306
Hum_XLOC_002061,HEK293FT,0.0,0.521425418803167
Hum_XLOC_002068,HEK293FT,0.0,0.3724653745641655
Hum_XLOC_002081,HEK293FT,0.0,0.4918433635813143
Hum_XLOC_002093,HEK293FT,0.0,0.5096490218486559
Hum_XLOC_002099,HEK293FT,0.0,0.4465073024222538
Hum_XLOC_002144,HEK293FT,0.0,0.48267188294769836
Hum_XLOC_002150,HEK293FT,0.0,0.44972346185031914
Hum_XLOC_002152,HEK293FT,0.0,0.46701223083076243
Hum_XLOC_002154,HEK293FT,0.0,0.4864257850014282
Hum_XLOC_002169,HEK293FT,1.0,0.4917258579179859
Hum_XLOC_002170,HEK293FT,0.0,0.41618768776825305
Hum_XLOC_002176,HEK293FT,0.0,0.5376781211163202
Hum_XLOC_002178,HEK293FT,0.0,0.47147253853988424
Hum_XLOC_002186,HEK293FT,0.0,0.46696754846203004
Hum_XLOC_002204,HEK293FT,1.0,0.438775707685834
Hum_XLOC_002205,HEK293FT,1.0,0.5165177453926754
Hum_XLOC_002219,HEK293FT,1.0,0.5241388965312345
Hum_XLOC_002244,HEK293FT,0.0,0.5106632307129891
Hum_XLOC_002252,HEK293FT,0.0,0.5852762410731817
Hum_XLOC_002261,HEK293FT,0.0,0.5144767495486802
Hum_XLOC_002262,HEK293FT,0.0,0.38161827125636083
Hum_XLOC_002265,HEK293FT,0.0,0.5312445141995532
Hum_XLOC_002271,HEK293FT,0.0,0.41990896117697185
Hum_XLOC_002280,HEK293FT,0.0,0.45388795939011967
Hum_XLOC_002282,HEK293FT,0.0,0.4565847095186031
Hum_XLOC_002283,HEK293FT,0.0,0.4473184295156732
Hum_XLOC_002284,HEK293FT,0.0,0.4771670267852591
Hum_XLOC_002294,HEK293FT,0.0,0.5092311589558948
Hum_XLOC_002296,HEK293FT,0.0,0.49077998498778014
Hum_XLOC_002299,HEK293FT,0.0,0.5176399256133213
Hum_XLOC_002301,HEK293FT,0.0,0.4646007438734334
Hum_XLOC_002306,HEK293FT,0.0,0.49531479209397383
Hum_XLOC_002311,HEK293FT,1.0,0.5137848706440974
Hum_XLOC_002313,HEK293FT,0.0,0.4407307864328961
Hum_XLOC_002314,HEK293FT,0.0,0.4403733620365593
Hum_XLOC_002327,HEK293FT,0.0,0.5186387028258461
Hum_XLOC_002330,HEK293FT,0.0,0.430579091659916
Hum_XLOC_002338,HEK293FT,0.0,0.5214830182343464
Hum_XLOC_002344,HEK293FT,0.0,0.4861188055759242
Hum_XLOC_002347,HEK293FT,0.0,0.40771106800774826
Hum_XLOC_002348,HEK293FT,0.0,0.5481942073511196
Hum_XLOC_002362,HEK293FT,0.0,0.47738581464915014
Hum_XLOC_002364,HEK293FT,0.0,0.356252761075161
Hum_XLOC_002383,HEK293FT,0.0,0.4138190997034309
Hum_XLOC_002386,HEK293FT,0.0,0.39384789649440033
Hum_XLOC_002390,HEK293FT,0.0,0.4922751731953554
Hum_XLOC_002394,HEK293FT,0.0,0.36299327808872794
Hum_XLOC_002398,HEK293FT,0.0,0.4899239597758142
Hum_XLOC_002399,HEK293FT,0.0,0.4393187366089492
Hum_XLOC_002408,HEK293FT,0.0,0.49901539366677344
Hum_XLOC_002414,HEK293FT,0.0,0.5618255855240525
Hum_XLOC_002418,HEK293FT,0.0,0.4932399108752806
Hum_XLOC_002435,HEK293FT,0.0,0.38011449448338425
Hum_XLOC_002440,HEK293FT,1.0,0.5040696847025631
Hum_XLOC_002489,HEK293FT,0.0,0.455345491234244
Hum_XLOC_002490,HEK293FT,0.0,0.4103465286597594
Hum_XLOC_002493,HEK293FT,0.0,0.4659718413547804
Hum_XLOC_002520,HEK293FT,0.0,0.4325974236307918
Hum_XLOC_002524,HEK293FT,0.0,0.44714303108997977
Hum_XLOC_002546,HEK293FT,0.0,0.4636882876928639
Hum_XLOC_002560,HEK293FT,0.0,0.4852183528805193
Hum_XLOC_002570,HEK293FT,0.0,0.4510802436421871
Hum_XLOC_002577,HEK293FT,0.0,0.49769106585042994
Hum_XLOC_002579,HEK293FT,0.0,0.46630319320616054
Hum_XLOC_002586,HEK293FT,0.0,0.4214814088625571
Hum_XLOC_002589,HEK293FT,0.0,0.4719872905367571
Hum_XLOC_002629,HEK293FT,0.0,0.4518839821319996
Hum_XLOC_002631,HEK293FT,0.0,0.4862797952971741
Hum_XLOC_002635,HEK293FT,0.0,0.522553524905816
Hum_XLOC_002644,HEK293FT,0.0,0.4504386144668314
Hum_XLOC_002646,HEK293FT,0.0,0.41986765011651284
Hum_XLOC_002653,HEK293FT,0.0,0.494703320426959
Hum_XLOC_002681,HEK293FT,0.0,0.43100651043176513
Hum_XLOC_002695,HEK293FT,0.0,0.41811923338477613
Hum_XLOC_002702,HEK293FT,0.0,0.43214053229078897
Hum_XLOC_002705,HEK293FT,0.0,0.5105061028624698
Hum_XLOC_002711,HEK293FT,0.0,0.4719104097627306
Hum_XLOC_002714,HEK293FT,0.0,0.42157921581594426
Hum_XLOC_002717,HEK293FT,0.0,0.4838687923089048
Hum_XLOC_002725,HEK293FT,0.0,0.5080049049453458
Hum_XLOC_002741,HEK293FT,0.0,0.5218332262583163
Hum_XLOC_002742,HEK293FT,0.0,0.505313955663162
Hum_XLOC_002744,HEK293FT,0.0,0.43286272976662477
Hum_XLOC_002760,HEK293FT,0.0,0.5431887179395871
Hum_XLOC_002788,HEK293FT,0.0,0.4489121066379632
Hum_XLOC_002792,HEK293FT,1.0,0.4483339969885849
Hum_XLOC_002796,HEK293FT,0.0,0.5017345999942112
Hum_XLOC_002817,HEK293FT,0.0,0.4064971530591174
Hum_XLOC_002836,HEK293FT,0.0,0.6055492416595178
Hum_XLOC_002844,HEK293FT,1.0,0.5199664759142502
Hum_XLOC_002845,HEK293FT,0.0,0.4988190972733897
Hum_XLOC_002859,HEK293FT,0.0,0.5403750951824985
Hum_XLOC_002889,HEK293FT,0.0,0.41845936326506195
Hum_XLOC_002911,HEK293FT,0.0,0.46081534133954005
Hum_XLOC_002935,HEK293FT,0.0,0.5562586260504822
Hum_XLOC_002937,HEK293FT,0.0,0.45747174423744824
Hum_XLOC_002967,HEK293FT,0.0,0.55909031155906
Hum_XLOC_002983,HEK293FT,0.0,0.4585295493801725
Hum_XLOC_002986,HEK293FT,0.0,0.5101124341096711
Hum_XLOC_002990,HEK293FT,0.0,0.5284148544592211
Hum_XLOC_003039,HEK293FT,0.0,0.4591984995844994
Hum_XLOC_003061,HEK293FT,0.0,0.506719939869444
Hum_XLOC_003086,HEK293FT,0.0,0.47547623881760115
Hum_XLOC_003099,HEK293FT,0.0,0.45075611737851284
Hum_XLOC_003109,HEK293FT,0.0,0.5043036712731062
Hum_XLOC_003128,HEK293FT,0.0,0.5480649839473191
Hum_XLOC_003134,HEK293FT,0.0,0.5270963510646537
Hum_XLOC_003137,HEK293FT,0.0,0.44310716083862856
Hum_XLOC_003154,HEK293FT,0.0,0.4536076108304426
Hum_XLOC_003155,HEK293FT,0.0,0.4537728155990325
Hum_XLOC_003171,HEK293FT,0.0,0.44647425750535874
Hum_XLOC_003209,HEK293FT,0.0,0.3626950043763517
Hum_XLOC_003215,HEK293FT,0.0,0.4845833108451511
Hum_XLOC_003221,HEK293FT,0.0,0.5363712595137389
Hum_XLOC_003232,HEK293FT,0.0,0.5154323372651873
Hum_XLOC_003268,HEK293FT,0.0,0.49344282081646507
Hum_XLOC_003269,HEK293FT,0.0,0.49886145347031524
Hum_XLOC_003286,HEK293FT,0.0,0.5090745638182105
Hum_XLOC_003290,HEK293FT,0.0,0.38164013944855685
Hum_XLOC_003294,HEK293FT,0.0,0.4675278432126203
Hum_XLOC_003321,HEK293FT,0.0,0.6094409734468441
Hum_XLOC_003324,HEK293FT,0.0,0.5764863055504524
Hum_XLOC_003334,HEK293FT,0.0,0.5288479070743051
Hum_XLOC_003337,HEK293FT,0.0,0.44748559080178635
Hum_XLOC_003338,HEK293FT,0.0,0.4283692990252466
Hum_XLOC_003352,HEK293FT,0.0,0.4974347523276191
Hum_XLOC_003357,HEK293FT,0.0,0.3660297707935012
Hum_XLOC_003361,HEK293FT,0.0,0.512217760825301
Hum_XLOC_003371,HEK293FT,0.0,0.37199793336055625
Hum_XLOC_003381,HEK293FT,0.0,0.5202354338426545
Hum_XLOC_003408,HEK293FT,0.0,0.4284081938997992
Hum_XLOC_003436,HEK293FT,0.0,0.4168504237803891
Hum_XLOC_003440,HEK293FT,0.0,0.4478924551803716
Hum_XLOC_003450,HEK293FT,0.0,0.4930439970193874
Hum_XLOC_003466,HEK293FT,0.0,0.4730182368758226
Hum_XLOC_003488,HEK293FT,0.0,0.442314577929757
Hum_XLOC_003491,HEK293FT,0.0,0.5522250096297479
Hum_XLOC_003497,HEK293FT,0.0,0.4625865005021437
Hum_XLOC_003498,HEK293FT,0.0,0.537856424000835
Hum_XLOC_003502,HEK293FT,0.0,0.4459070311279294
Hum_XLOC_003518,HEK293FT,0.0,0.5412087598759109
Hum_XLOC_003532,HEK293FT,0.0,0.4269134679149616
Hum_XLOC_003543,HEK293FT,0.0,0.3720824376046618
Hum_XLOC_003554,HEK293FT,0.0,0.4710894729965269
Hum_XLOC_003563,HEK293FT,0.0,0.5287161141851885
Hum_XLOC_003567,HEK293FT,0.0,0.5245744085699309
Hum_XLOC_003568,HEK293FT,1.0,0.42550380188536757
Hum_XLOC_003570,HEK293FT,0.0,0.33726901264514864
Hum_XLOC_003571,HEK293FT,0.0,0.47368189035208486
Hum_XLOC_003593,HEK293FT,0.0,0.4974582315231067
Hum_XLOC_003594,HEK293FT,0.0,0.47541597388674484
Hum_XLOC_003598,HEK293FT,0.0,0.45390633204900105
Hum_XLOC_003626,HEK293FT,0.0,0.4097200201670292
Hum_XLOC_003628,HEK293FT,0.0,0.3629325319695443
Hum_XLOC_003630,HEK293FT,0.0,0.4726783084199148
Hum_XLOC_003641,HEK293FT,0.0,0.5107077668241148
Hum_XLOC_003662,HEK293FT,0.0,0.4904785087146182
Hum_XLOC_003665,HEK293FT,0.0,0.538928239748274
Hum_XLOC_003672,HEK293FT,0.0,0.49752342548937395
Hum_XLOC_003673,HEK293FT,0.0,0.4660793686885209
Hum_XLOC_003674,HEK293FT,0.0,0.44283526532292516
Hum_XLOC_003676,HEK293FT,0.0,0.47513260360262005
Hum_XLOC_003686,HEK293FT,0.0,0.4864241081858813
Hum_XLOC_003697,HEK293FT,0.0,0.39161098063731453
Hum_XLOC_003717,HEK293FT,0.0,0.46387221680799995
Hum_XLOC_003725,HEK293FT,0.0,0.5262798913001696
Hum_XLOC_003743,HEK293FT,0.0,0.48913095231850834
Hum_XLOC_003754,HEK293FT,0.0,0.4968078728669461
Hum_XLOC_003766,HEK293FT,0.0,0.5644691707988676
Hum_XLOC_003775,HEK293FT,0.0,0.4226405396592847
Hum_XLOC_003790,HEK293FT,0.0,0.4405419811392832
Hum_XLOC_003799,HEK293FT,0.0,0.5532009004196983
Hum_XLOC_003853,HEK293FT,0.0,0.4563724783559779
Hum_XLOC_003865,HEK293FT,0.0,0.5171479028591475
Hum_XLOC_003871,HEK293FT,0.0,0.46907631612708345
Hum_XLOC_003891,HEK293FT,0.0,0.46999550271158985
Hum_XLOC_003892,HEK293FT,0.0,0.4755503372393917
Hum_XLOC_003910,HEK293FT,0.0,0.524465830165039
Hum_XLOC_003911,HEK293FT,0.0,0.5146315614609203
Hum_XLOC_003952,HEK293FT,0.0,0.5094851303313206
Hum_XLOC_003971,HEK293FT,0.0,0.5231166234826263
Hum_XLOC_003988,HEK293FT,0.0,0.408935162411949
Hum_XLOC_004020,HEK293FT,0.0,0.41913125658201544
Hum_XLOC_004035,HEK293FT,0.0,0.5309601957324969
Hum_XLOC_004036,HEK293FT,0.0,0.505966410612585
Hum_XLOC_004048,HEK293FT,0.0,0.5064534438409114
Hum_XLOC_004068,HEK293FT,0.0,0.47348559163910164
Hum_XLOC_004069,HEK293FT,0.0,0.36230009168239125
Hum_XLOC_004095,HEK293FT,0.0,0.5210681728982623
Hum_XLOC_004096,HEK293FT,0.0,0.5093683178346695
Hum_XLOC_004116,HEK293FT,0.0,0.5533608433021622
Hum_XLOC_004123,HEK293FT,0.0,0.4199621613779103
Hum_XLOC_004134,HEK293FT,0.0,0.4844996344390826
Hum_XLOC_004161,HEK293FT,0.0,0.4762885735833049
Hum_XLOC_004168,HEK293FT,0.0,0.4963115098011469
Hum_XLOC_004169,HEK293FT,0.0,0.4693775666243786
Hum_XLOC_004177,HEK293FT,0.0,0.44363905845212404
Hum_XLOC_004200,HEK293FT,0.0,0.4166646574208837
Hum_XLOC_004201,HEK293FT,0.0,0.39442262994589444
Hum_XLOC_004219,HEK293FT,1.0,0.40274552366691246
Hum_XLOC_004226,HEK293FT,0.0,0.4153908684484638
Hum_XLOC_004227,HEK293FT,1.0,0.4380939802827143
Hum_XLOC_004236,HEK293FT,0.0,0.46261545945144394
Hum_XLOC_004254,HEK293FT,1.0,0.6675191414529926
Hum_XLOC_004255,HEK293FT,0.0,0.5030715987821609
Hum_XLOC_004262,HEK293FT,1.0,0.5507859239102362
Hum_XLOC_004269,HEK293FT,0.0,0.48049926621786326
Hum_XLOC_004277,HEK293FT,0.0,0.47375638261255953
Hum_XLOC_004278,HEK293FT,0.0,0.5172455468208235
Hum_XLOC_004282,HEK293FT,0.0,0.4698578649343995
Hum_XLOC_004287,HEK293FT,0.0,0.5357865404883232
Hum_XLOC_004293,HEK293FT,0.0,0.4109327567371541
Hum_XLOC_004302,HEK293FT,0.0,0.521641166190634
Hum_XLOC_004303,HEK293FT,0.0,0.41675082804445845
Hum_XLOC_004306,HEK293FT,0.0,0.43080912502110413
Hum_XLOC_004309,HEK293FT,0.0,0.44719345273652167
Hum_XLOC_004314,HEK293FT,0.0,0.4432484065932677
Hum_XLOC_004317,HEK293FT,0.0,0.39657784211920366
Hum_XLOC_004336,HEK293FT,0.0,0.4488658724084854
Hum_XLOC_004343,HEK293FT,0.0,0.40584215277440017
Hum_XLOC_004350,HEK293FT,0.0,0.4572209056203864
Hum_XLOC_004361,HEK293FT,0.0,0.46388415921415765
Hum_XLOC_004363,HEK293FT,0.0,0.5241384235079984
Hum_XLOC_004401,HEK293FT,0.0,0.4354753982902361
Hum_XLOC_004405,HEK293FT,0.0,0.44439748207329494
Hum_XLOC_004407,HEK293FT,0.0,0.4677720243637599
Hum_XLOC_004424,HEK293FT,1.0,0.5200311326398347
Hum_XLOC_004437,HEK293FT,0.0,0.4026178508632095
Hum_XLOC_004446,HEK293FT,0.0,0.4892376013219239
Hum_XLOC_004457,HEK293FT,0.0,0.5401728813533366
Hum_XLOC_004482,HEK293FT,0.0,0.5377153703142086
Hum_XLOC_004502,HEK293FT,0.0,0.4534465833672775
Hum_XLOC_004515,HEK293FT,0.0,0.46754972791634025
Hum_XLOC_004529,HEK293FT,0.0,0.570381443209809
Hum_XLOC_004535,HEK293FT,0.0,0.49120206427173085
Hum_XLOC_004553,HEK293FT,0.0,0.5364617432493164
Hum_XLOC_004566,HEK293FT,0.0,0.3983827912065369
Hum_XLOC_004567,HEK293FT,0.0,0.515270553196117
Hum_XLOC_004572,HEK293FT,0.0,0.5542728526788138
Hum_XLOC_004578,HEK293FT,0.0,0.4190281466016404
Hum_XLOC_004580,HEK293FT,0.0,0.4425137202685375
Hum_XLOC_004581,HEK293FT,0.0,0.3678729480872767
Hum_XLOC_004587,HEK293FT,0.0,0.48151545477344954
Hum_XLOC_004600,HEK293FT,0.0,0.6086649866958139
Hum_XLOC_004601,HEK293FT,1.0,0.4114246583036061
Hum_XLOC_004607,HEK293FT,0.0,0.4343948667666102
Hum_XLOC_004617,HEK293FT,0.0,0.4846287346815222
Hum_XLOC_004619,HEK293FT,0.0,0.4778780872250295
Hum_XLOC_004620,HEK293FT,0.0,0.5139461660038187
Hum_XLOC_004632,HEK293FT,0.0,0.5283405156392552
Hum_XLOC_004636,HEK293FT,1.0,0.539272188415879
Hum_XLOC_004652,HEK293FT,0.0,0.4349814278705604
Hum_XLOC_004653,HEK293FT,0.0,0.501227779055198
Hum_XLOC_004657,HEK293FT,1.0,0.5133350994418759
Hum_XLOC_004661,HEK293FT,0.0,0.5655991526995786
Hum_XLOC_004683,HEK293FT,0.0,0.4160825568616469
Hum_XLOC_004684,HEK293FT,0.0,0.5843281060023268
Hum_XLOC_004688,HEK293FT,0.0,0.41526410814119746
Hum_XLOC_004689,HEK293FT,0.0,0.4679267969802528
Hum_XLOC_004705,HEK293FT,0.0,0.45158991509644486
Hum_XLOC_004717,HEK293FT,0.0,0.5363107663858097
Hum_XLOC_004718,HEK293FT,0.0,0.5146622566721496
Hum_XLOC_004733,HEK293FT,0.0,0.5753944396924545
Hum_XLOC_004741,HEK293FT,0.0,0.38151206771479224
Hum_XLOC_004762,HEK293FT,0.0,0.4426167019269445
Hum_XLOC_004771,HEK293FT,0.0,0.38456181306414783
Hum_XLOC_004777,HEK293FT,0.0,0.4120892258702765
Hum_XLOC_004788,HEK293FT,0.0,0.5252604206258397
Hum_XLOC_004791,HEK293FT,0.0,0.4276173811689725
Hum_XLOC_004795,HEK293FT,0.0,0.46620246844437535
Hum_XLOC_004803,HEK293FT,0.0,0.5284802959999313
Hum_XLOC_004805,HEK293FT,0.0,0.47602010118699695
Hum_XLOC_004813,HEK293FT,0.0,0.46628353401607703
Hum_XLOC_004815,HEK293FT,0.0,0.43690586082455024
Hum_XLOC_004822,HEK293FT,0.0,0.4407216805475236
Hum_XLOC_004823,HEK293FT,0.0,0.4660446960144326
Hum_XLOC_004827,HEK293FT,0.0,0.44490193973230646
Hum_XLOC_004837,HEK293FT,0.0,0.45806573493543673
Hum_XLOC_004839,HEK293FT,0.0,0.5056081971384133
Hum_XLOC_004855,HEK293FT,0.0,0.4160425467163633
Hum_XLOC_004874,HEK293FT,0.0,0.3964422665750309
Hum_XLOC_004875,HEK293FT,0.0,0.47062645827198246
Hum_XLOC_004878,HEK293FT,0.0,0.5075830624986968
Hum_XLOC_004884,HEK293FT,0.0,0.4849303283833508
Hum_XLOC_004911,HEK293FT,0.0,0.5214736436619298
Hum_XLOC_004915,HEK293FT,0.0,0.49906913619387855
Hum_XLOC_004927,HEK293FT,0.0,0.42802904453577506
Hum_XLOC_004929,HEK293FT,0.0,0.4491663152187839
Hum_XLOC_004936,HEK293FT,0.0,0.3701228418585607
Hum_XLOC_004957,HEK293FT,0.0,0.3944510305273909
Hum_XLOC_004960,HEK293FT,0.0,0.5221430972104065
Hum_XLOC_004965,HEK293FT,0.0,0.379702114415907
Hum_XLOC_000006,K562,0.0,0.496783394278566
Hum_XLOC_000008,K562,0.0,0.474233168323916
Hum_XLOC_000016,K562,0.0,0.6710798507477537
Hum_XLOC_000030,K562,0.0,0.6649199381779581
Hum_XLOC_000033,K562,0.0,0.6026816945656446
Hum_XLOC_000039,K562,0.0,0.7212390701888557
Hum_XLOC_000053,K562,0.0,0.6432226949988797
Hum_XLOC_000057,K562,1.0,0.6464797264958535
Hum_XLOC_000060,K562,1.0,0.7129479674387019
Hum_XLOC_000080,K562,0.0,0.46521766001670684
Hum_XLOC_000094,K562,0.0,0.5705890925989365
Hum_XLOC_000100,K562,1.0,0.656414054296801
Hum_XLOC_000105,K562,0.0,0.42318280365041855
Hum_XLOC_000107,K562,0.0,0.31438220536303235
Hum_XLOC_000111,K562,1.0,0.5744624538662346
Hum_XLOC_000134,K562,0.0,0.49992878554890297
Hum_XLOC_000143,K562,1.0,0.5784801983566532
Hum_XLOC_000145,K562,0.0,0.5974935807596172
Hum_XLOC_000149,K562,0.0,0.5392797522209696
Hum_XLOC_000155,K562,1.0,0.4934992089934731
Hum_XLOC_000169,K562,0.0,0.5619077551821356
Hum_XLOC_000170,K562,0.0,0.6426538901229977
Hum_XLOC_000194,K562,0.0,0.4992725387499498
Hum_XLOC_000201,K562,0.0,0.5802313495871569
Hum_XLOC_000231,K562,1.0,0.6673979066072336
Hum_XLOC_000233,K562,1.0,0.6570458566754713
Hum_XLOC_000245,K562,0.0,0.5793660485939853
Hum_XLOC_000247,K562,0.0,0.7287106208167389
Hum_XLOC_000248,K562,0.0,0.5212347936493845
Hum_XLOC_000265,K562,0.0,0.5362700744747971
Hum_XLOC_000282,K562,0.0,0.6197640679199684
Hum_XLOC_000286,K562,1.0,0.5616079218635283
Hum_XLOC_000292,K562,0.0,0.5756285424906776
Hum_XLOC_000307,K562,0.0,0.43042699817807767
Hum_XLOC_000308,K562,0.0,0.526273415030184
Hum_XLOC_000312,K562,1.0,0.6581159698064947
Hum_XLOC_000314,K562,0.0,0.3450270945592646
Hum_XLOC_000317,K562,0.0,0.3328912938519637
Hum_XLOC_000319,K562,0.0,0.5004635281778322
Hum_XLOC_000332,K562,0.0,0.5614079442560183
Hum_XLOC_000338,K562,0.0,0.5010276644588895
Hum_XLOC_000342,K562,0.0,0.6579971361049005
Hum_XLOC_000345,K562,0.0,0.6132054224467142
Hum_XLOC_000362,K562,0.0,0.5610443794391093
Hum_XLOC_000377,K562,1.0,0.5502068815200608
Hum_XLOC_000390,K562,0.0,0.5824353298153832
Hum_XLOC_000394,K562,0.0,0.5972034694210979
Hum_XLOC_000411,K562,0.0,0.49201564829888356
Hum_XLOC_000415,K562,0.0,0.5810595132907665
Hum_XLOC_000430,K562,0.0,0.44656671108077933
Hum_XLOC_000436,K562,0.0,0.6633823815811191
Hum_XLOC_000437,K562,1.0,0.5827050020227992
Hum_XLOC_000456,K562,1.0,0.7330896268785345
Hum_XLOC_000461,K562,0.0,0.6214176812327128
Hum_XLOC_000462,K562,0.0,0.619660224073645
Hum_XLOC_000465,K562,0.0,0.4060506682354664
Hum_XLOC_000472,K562,0.0,0.6380598539489426
Hum_XLOC_000474,K562,0.0,0.4575596529115707
Hum_XLOC_000478,K562,0.0,0.6618519701204989
Hum_XLOC_000486,K562,0.0,0.47480785824658134
Hum_XLOC_000490,K562,0.0,0.5216454113300817
Hum_XLOC_000498,K562,0.0,0.48702780218868746
Hum_XLOC_000500,K562,1.0,0.5090925325689346
Hum_XLOC_000510,K562,0.0,0.6152420854430245
Hum_XLOC_000535,K562,0.0,0.6726349120924933
Hum_XLOC_000540,K562,0.0,0.478546499235018
Hum_XLOC_000556,K562,0.0,0.49771908511978047
Hum_XLOC_000574,K562,0.0,0.5708905159927422
Hum_XLOC_000575,K562,0.0,0.46842248551302174
Hum_XLOC_000582,K562,0.0,0.41939158908281393
Hum_XLOC_000590,K562,0.0,0.39725206397571083
Hum_XLOC_000601,K562,0.0,0.583646194633269
Hum_XLOC_000604,K562,0.0,0.37060055841558576
Hum_XLOC_000608,K562,1.0,0.5448431801329482
Hum_XLOC_000612,K562,0.0,0.41157020420078333
Hum_XLOC_000636,K562,1.0,0.6046362553091076
Hum_XLOC_000638,K562,0.0,0.6762799111087194
Hum_XLOC_000641,K562,0.0,0.4238186322999292
Hum_XLOC_000655,K562,0.0,0.5694330539652498
Hum_XLOC_000668,K562,0.0,0.5170026225823107
Hum_XLOC_000680,K562,0.0,0.3884106121452593
Hum_XLOC_000681,K562,0.0,0.4298650207247203
Hum_XLOC_000695,K562,0.0,0.5247405392033199
Hum_XLOC_000702,K562,0.0,0.5930645036886572
Hum_XLOC_000726,K562,0.0,0.5904161715609458
Hum_XLOC_000727,K562,0.0,0.56943191417138
Hum_XLOC_000758,K562,0.0,0.38753077850950296
Hum_XLOC_000773,K562,0.0,0.4682162876177906
Hum_XLOC_000774,K562,0.0,0.4711340061204963
Hum_XLOC_000797,K562,0.0,0.43876653591292375
Hum_XLOC_000799,K562,0.0,0.5743536678765606
Hum_XLOC_000800,K562,0.0,0.3728501979501354
Hum_XLOC_000807,K562,0.0,0.5319320111975251
Hum_XLOC_000818,K562,0.0,0.5352865812132164
Hum_XLOC_000828,K562,0.0,0.5117003866440503
Hum_XLOC_000831,K562,0.0,0.40152723724183875
Hum_XLOC_000835,K562,0.0,0.46513170426238326
Hum_XLOC_000840,K562,0.0,0.5069613109183384
Hum_XLOC_000841,K562,0.0,0.39019606778498617
Hum_XLOC_000842,K562,0.0,0.2588348106153776
Hum_XLOC_000854,K562,1.0,0.41220142764166645
Hum_XLOC_000855,K562,0.0,0.3151848805020669
Hum_XLOC_000883,K562,0.0,0.45992217229031157
Hum_XLOC_000885,K562,0.0,0.3069006960273475
Hum_XLOC_000905,K562,0.0,0.3539544835131005
Hum_XLOC_000917,K562,0.0,0.4365313937943764
Hum_XLOC_000925,K562,0.0,0.5003823915042376
Hum_XLOC_000944,K562,0.0,0.3854771989943741
Hum_XLOC_000949,K562,0.0,0.45388564530821385
Hum_XLOC_000953,K562,0.0,0.33698992423789814
Hum_XLOC_000964,K562,0.0,0.42307995727036535
Hum_XLOC_000990,K562,0.0,0.34372130699391346
Hum_XLOC_000994,K562,0.0,0.442870660877797
Hum_XLOC_001020,K562,0.0,0.3828543986655423
Hum_XLOC_001029,K562,0.0,0.4009706509626776
Hum_XLOC_001066,K562,0.0,0.4525091360077362
Hum_XLOC_001120,K562,0.0,0.5222885263719433
Hum_XLOC_001121,K562,0.0,0.414387686733944
Hum_XLOC_001122,K562,0.0,0.6205408075210851
Hum_XLOC_001125,K562,0.0,0.6285339305055376
Hum_XLOC_001132,K562,0.0,0.580555957400743
Hum_XLOC_001138,K562,0.0,0.41099239292095074
Hum_XLOC_001144,K562,0.0,0.45748676258769394
Hum_XLOC_001146,K562,0.0,0.4138265362156131
Hum_XLOC_001188,K562,0.0,0.3025224043809001
Hum_XLOC_001191,K562,0.0,0.40604877269982503
Hum_XLOC_001192,K562,0.0,0.3390551871629444
Hum_XLOC_001217,K562,0.0,0.3605305566440946
Hum_XLOC_001222,K562,0.0,0.3740572903272996
Hum_XLOC_001228,K562,0.0,0.5479923528990787
Hum_XLOC_001230,K562,0.0,0.43672516270802264
Hum_XLOC_001237,K562,0.0,0.47119046612185045
Hum_XLOC_001243,K562,0.0,0.5152803272736455
Hum_XLOC_001275,K562,0.0,0.46775577897311
Hum_XLOC_001279,K562,0.0,0.45330555447369325
Hum_XLOC_001291,K562,0.0,0.4465340291002311
Hum_XLOC_001296,K562,1.0,0.6155977543584593
Hum_XLOC_001297,K562,0.0,0.48561451260780036
Hum_XLOC_001309,K562,0.0,0.45784659131939753
Hum_XLOC_001329,K562,0.0,0.3410627343041075
Hum_XLOC_001330,K562,0.0,0.43157916261167695
Hum_XLOC_001355,K562,0.0,0.4787822973267203
Hum_XLOC_001366,K562,0.0,0.44278816380879626
Hum_XLOC_001367,K562,0.0,0.47514464837839104
Hum_XLOC_001375,K562,0.0,0.4109057952528895
Hum_XLOC_001390,K562,0.0,0.525138109082669
Hum_XLOC_001405,K562,0.0,0.5723562469668398
Hum_XLOC_001461,K562,0.0,0.5072888771898385
Hum_XLOC_001465,K562,0.0,0.32683519944382294
Hum_XLOC_001488,K562,0.0,0.46339561730974344
Hum_XLOC_001490,K562,1.0,0.575964332497109
Hum_XLOC_001509,K562,0.0,0.5430524360419624
Hum_XLOC_001516,K562,0.0,0.3709588219721654
Hum_XLOC_001532,K562,0.0,0.5721230485816529
Hum_XLOC_001539,K562,0.0,0.45350672370550016
Hum_XLOC_001541,K562,0.0,0.49136996019235063
Hum_XLOC_001542,K562,0.0,0.5280817976661439
Hum_XLOC_001548,K562,0.0,0.41096450666579665
Hum_XLOC_001559,K562,0.0,0.3637272312906366
Hum_XLOC_001565,K562,1.0,0.6124285553823324
Hum_XLOC_001566,K562,0.0,0.598616757435557
Hum_XLOC_001575,K562,0.0,0.5716172085610768
Hum_XLOC_001580,K562,0.0,0.40640644903905926
Hum_XLOC_001590,K562,0.0,0.503066679325002
Hum_XLOC_001615,K562,0.0,0.6219087671668756
Hum_XLOC_001624,K562,0.0,0.5708351290738473
Hum_XLOC_001639,K562,0.0,0.5602797093478121
Hum_XLOC_001661,K562,0.0,0.5138309385350202
Hum_XLOC_001666,K562,0.0,0.3452979822663118
Hum_XLOC_001668,K562,0.0,0.4569764388770439
Hum_XLOC_001688,K562,0.0,0.3793979327267331
Hum_XLOC_001689,K562,0.0,0.3723420653360173
Hum_XLOC_001695,K562,0.0,0.5776921345798995
Hum_XLOC_001696,K562,0.0,0.4857789353282798
Hum_XLOC_001698,K562,0.0,0.5042265121138617
Hum_XLOC_001707,K562,0.0,0.48756474032994057
Hum_XLOC_001760,K562,0.0,0.46389596291141005
Hum_XLOC_001761,K562,0.0,0.5877284928717293
Hum_XLOC_001773,K562,0.0,0.6081029221621446
Hum_XLOC_001775,K562,0.0,0.4319337954960199
Hum_XLOC_001779,K562,0.0,0.5516132772551511
Hum_XLOC_001783,K562,1.0,0.4767593385734937
Hum_XLOC_001791,K562,0.0,0.43514618039457664
Hum_XLOC_001805,K562,0.0,0.5848858431104471
Hum_XLOC_001809,K562,0.0,0.35734396979778704
Hum_XLOC_001848,K562,0.0,0.5175842280112427
Hum_XLOC_001919,K562,0.0,0.4567065889626565
Hum_XLOC_001941,K562,0.0,0.39485907143741367
Hum_XLOC_001942,K562,0.0,0.3184444238209825
Hum_XLOC_001949,K562,0.0,0.40197985969039396
Hum_XLOC_001950,K562,1.0,0.6176804085810432
Hum_XLOC_001953,K562,0.0,0.34251473053741177
Hum_XLOC_001957,K562,0.0,0.2645696746642023
Hum_XLOC_001961,K562,0.0,0.5027303445830011
Hum_XLOC_001969,K562,0.0,0.3884792223979277
Hum_XLOC_002024,K562,0.0,0.40428567537713217
Hum_XLOC_002028,K562,0.0,0.4387556437277505
Hum_XLOC_002033,K562,1.0,0.44895150500400605
Hum_XLOC_002036,K562,0.0,0.635360912350577
Hum_XLOC_002037,K562,0.0,0.4544286455229768
Hum_XLOC_002041,K562,0.0,0.3407920055481595
Hum_XLOC_002059,K562,0.0,0.5854568707868788
Hum_XLOC_002061,K562,0.0,0.5268078120531088
Hum_XLOC_002068,K562,0.0,0.3300034820024823
Hum_XLOC_002081,K562,0.0,0.6163986919552666
Hum_XLOC_002093,K562,0.0,0.5190218071566967
Hum_XLOC_002099,K562,0.0,0.3252517586962488
Hum_XLOC_002144,K562,0.0,0.5793402332226035
Hum_XLOC_002150,K562,0.0,0.40479518697781186
Hum_XLOC_002152,K562,0.0,0.5185456387583884
Hum_XLOC_002154,K562,0.0,0.47999254975172995
Hum_XLOC_002169,K562,0.0,0.44852903383623977
Hum_XLOC_002170,K562,0.0,0.36702597399865344
Hum_XLOC_002176,K562,0.0,0.5701071803320956
Hum_XLOC_002178,K562,0.0,0.39690083669431364
Hum_XLOC_002186,K562,0.0,0.46362797170049075
Hum_XLOC_002204,K562,0.0,0.4014550186084986
Hum_XLOC_002205,K562,0.0,0.45678877757483155
Hum_XLOC_002219,K562,0.0,0.44953328116049673
Hum_XLOC_002244,K562,0.0,0.4983324466657083
Hum_XLOC_002252,K562,0.0,0.4519209274660235
Hum_XLOC_002261,K562,0.0,0.3546566114876448
Hum_XLOC_002262,K562,0.0,0.36092982014306124
Hum_XLOC_002265,K562,0.0,0.5491533504907764
Hum_XLOC_002271,K562,0.0,0.44951847118015953
Hum_XLOC_002280,K562,0.0,0.5679107163172431
Hum_XLOC_002282,K562,0.0,0.4243638346202158
Hum_XLOC_002283,K562,0.0,0.4591927255006365
Hum_XLOC_002284,K562,1.0,0.6469824748523634
Hum_XLOC_002294,K562,0.0,0.5441902208558362
Hum_XLOC_002296,K562,0.0,0.44989252972625987
Hum_XLOC_002299,K562,0.0,0.5358110316401311
Hum_XLOC_002301,K562,0.0,0.6762999143099391
Hum_XLOC_002306,K562,0.0,0.6416185522300225
Hum_XLOC_002311,K562,0.0,0.42140370505051383
Hum_XLOC_002313,K562,0.0,0.5676845712437045
Hum_XLOC_002314,K562,1.0,0.6146122968360247
Hum_XLOC_002327,K562,0.0,0.6461566720373683
Hum_XLOC_002330,K562,0.0,0.5354375377140295
Hum_XLOC_002338,K562,0.0,0.4769380228058776
Hum_XLOC_002344,K562,0.0,0.3912150229551715
Hum_XLOC_002347,K562,0.0,0.3882409503630638
Hum_XLOC_002348,K562,0.0,0.4770425599250095
Hum_XLOC_002362,K562,0.0,0.4235015483663979
Hum_XLOC_002364,K562,0.0,0.3712078038313236
Hum_XLOC_002383,K562,0.0,0.37479837569371843
Hum_XLOC_002386,K562,0.0,0.4706977207240675
Hum_XLOC_002390,K562,0.0,0.587689241339697
Hum_XLOC_002394,K562,0.0,0.4420436000437868
Hum_XLOC_002398,K562,0.0,0.35770120924249454
Hum_XLOC_002399,K562,0.0,0.49025974847951814
Hum_XLOC_002408,K562,0.0,0.3995473310335335
Hum_XLOC_002414,K562,0.0,0.501225273912305
Hum_XLOC_002418,K562,0.0,0.5591205588115565
Hum_XLOC_002435,K562,0.0,0.27412689265411844
Hum_XLOC_002440,K562,0.0,0.6038183798168243
Hum_XLOC_002489,K562,0.0,0.3157837628720476
Hum_XLOC_002490,K562,0.0,0.32100483615354747
Hum_XLOC_002493,K562,0.0,0.4908536978555053
Hum_XLOC_002520,K562,0.0,0.6936453478102946
Hum_XLOC_002524,K562,0.0,0.597488614550852
Hum_XLOC_002546,K562,0.0,0.6637470603849943
Hum_XLOC_002560,K562,0.0,0.5464171361720577
Hum_XLOC_002570,K562,0.0,0.6641077007076759
Hum_XLOC_002577,K562,0.0,0.6581993375257476
Hum_XLOC_002579,K562,0.0,0.5256622717592218
Hum_XLOC_002586,K562,0.0,0.44304253124714765
Hum_XLOC_002589,K562,1.0,0.6292501745621871
Hum_XLOC_002629,K562,0.0,0.5820456257447132
Hum_XLOC_002631,K562,0.0,0.44925441374953784
Hum_XLOC_002635,K562,0.0,0.5034156564760564
Hum_XLOC_002644,K562,0.0,0.4710939671934426
Hum_XLOC_002646,K562,0.0,0.5353094142389445
Hum_XLOC_002653,K562,0.0,0.4558206711311354
Hum_XLOC_002681,K562,0.0,0.5264025276332371
Hum_XLOC_002695,K562,0.0,0.4725888743099114
Hum_XLOC_002702,K562,0.0,0.457857365789579
Hum_XLOC_002705,K562,1.0,0.5590218845155264
Hum_XLOC_002711,K562,0.0,0.5447904011284408
Hum_XLOC_002714,K562,0.0,0.5698331501171107
Hum_XLOC_002717,K562,0.0,0.4515613062380418
Hum_XLOC_002725,K562,0.0,0.6068850166771597
Hum_XLOC_002741,K562,0.0,0.5633526783631024
Hum_XLOC_002742,K562,0.0,0.5718171330078816
Hum_XLOC_002744,K562,0.0,0.4711827571688883
Hum_XLOC_002760,K562,0.0,0.5802383230605546
Hum_XLOC_002788,K562,0.0,0.584255905953105
Hum_XLOC_002792,K562,0.0,0.5632806508738009
Hum_XLOC_002796,K562,0.0,0.6072293986846787
Hum_XLOC_002817,K562,0.0,0.4493955185093215
Hum_XLOC_002836,K562,0.0,0.40031525327497086
Hum_XLOC_002844,K562,0.0,0.4865559563393984
Hum_XLOC_002845,K562,0.0,0.6574502861321567
Hum_XLOC_002859,K562,0.0,0.383420967386938
Hum_XLOC_002889,K562,0.0,0.6058131056241145
Hum_XLOC_002911,K562,0.0,0.5386739692424416
Hum_XLOC_002935,K562,0.0,0.4941425472499033
Hum_XLOC_002937,K562,0.0,0.49300995942114656
Hum_XLOC_002967,K562,0.0,0.47612909564901074
Hum_XLOC_002983,K562,0.0,0.49734403737146254
Hum_XLOC_002986,K562,0.0,0.6348279821494389
Hum_XLOC_002990,K562,0.0,0.6225665883575778
Hum_XLOC_003039,K562,0.0,0.48870670378947134
Hum_XLOC_003061,K562,1.0,0.6640699395639684
Hum_XLOC_003086,K562,0.0,0.5780561577871809
Hum_XLOC_003099,K562,0.0,0.4328233896984018
Hum_XLOC_003109,K562,0.0,0.50136693887094
Hum_XLOC_003128,K562,0.0,0.6256570213420221
Hum_XLOC_003134,K562,1.0,0.6288823525149634
Hum_XLOC_003137,K562,0.0,0.3424213192125294
Hum_XLOC_003154,K562,0.0,0.4739205479897555
Hum_XLOC_003155,K562,0.0,0.6476521832351387
Hum_XLOC_003171,K562,0.0,0.4886092565125238
Hum_XLOC_003209,K562,0.0,0.4537796989276622
Hum_XLOC_003215,K562,0.0,0.5337044053176102
Hum_XLOC_003221,K562,0.0,0.3749874452963168
Hum_XLOC_003232,K562,0.0,0.5173854280811815
Hum_XLOC_003268,K562,0.0,0.597381100183713
Hum_XLOC_003269,K562,1.0,0.5551887065451222
Hum_XLOC_003286,K562,0.0,0.5975106930926881
Hum_XLOC_003290,K562,0.0,0.414345205333617
Hum_XLOC_003294,K562,0.0,0.3778596432116716
Hum_XLOC_003321,K562,0.0,0.6778791108255834
Hum_XLOC_003324,K562,0.0,0.5032143887209071
Hum_XLOC_003334,K562,0.0,0.3349709597586861
Hum_XLOC_003337,K562,0.0,0.329145469711772
Hum_XLOC_003338,K562,0.0,0.47491303846125194
Hum_XLOC_003352,K562,0.0,0.5775651697943738
Hum_XLOC_003357,K562,0.0,0.4327500000645976
Hum_XLOC_003361,K562,0.0,0.5750164508805372
Hum_XLOC_003371,K562,0.0,0.3776395713918013
Hum_XLOC_003381,K562,0.0,0.5153650593139318
Hum_XLOC_003408,K562,0.0,0.345152158587052
Hum_XLOC_003436,K562,0.0,0.41079091598192496
Hum_XLOC_003440,K562,0.0,0.36006046828303795
Hum_XLOC_003450,K562,1.0,0.6026933854255864
Hum_XLOC_003466,K562,0.0,0.5628213948726495
Hum_XLOC_003488,K562,0.0,0.31059362442952715
Hum_XLOC_003491,K562,0.0,0.5060019239312923
Hum_XLOC_003497,K562,0.0,0.4685512486874413
Hum_XLOC_003498,K562,0.0,0.40826574878575833
Hum_XLOC_003502,K562,0.0,0.5238073430931328
Hum_XLOC_003518,K562,0.0,0.3872707830609656
Hum_XLOC_003532,K562,0.0,0.4815185946537602
Hum_XLOC_003543,K562,0.0,0.3935428673869742
Hum_XLOC_003554,K562,0.0,0.3481722529605224
Hum_XLOC_003563,K562,0.0,0.4824860462311664
Hum_XLOC_003567,K562,0.0,0.5116519993897065
Hum_XLOC_003568,K562,0.0,0.46995402130967956
Hum_XLOC_003570,K562,0.0,0.346848792628833
Hum_XLOC_003571,K562,0.0,0.4168708338690877
Hum_XLOC_003593,K562,0.0,0.458072986792948
Hum_XLOC_003594,K562,0.0,0.5857065842121323
Hum_XLOC_003598,K562,0.0,0.3427613081963857
Hum_XLOC_003626,K562,0.0,0.4253581434604492
Hum_XLOC_003628,K562,0.0,0.24357203758941093
Hum_XLOC_003630,K562,0.0,0.5158384620153049
Hum_XLOC_003641,K562,1.0,0.5665773818311937
Hum_XLOC_003662,K562,0.0,0.5634988273959363
Hum_XLOC_003665,K562,1.0,0.6593150660691784
Hum_XLOC_003672,K562,0.0,0.5764388147790321
Hum_XLOC_003673,K562,0.0,0.4437617250693387
Hum_XLOC_003674,K562,0.0,0.5972282345683289
Hum_XLOC_003676,K562,0.0,0.47444093991426717
Hum_XLOC_003686,K562,0.0,0.40819694850594596
Hum_XLOC_003697,K562,0.0,0.34885707130200727
Hum_XLOC_003717,K562,0.0,0.4791558634785543
Hum_XLOC_003725,K562,0.0,0.5753314714643564
Hum_XLOC_003743,K562,0.0,0.577352184792246
Hum_XLOC_003754,K562,0.0,0.5706654888126993
Hum_XLOC_003766,K562,0.0,0.6726515674422455
Hum_XLOC_003775,K562,0.0,0.5460039054055313
Hum_XLOC_003790,K562,0.0,0.40342054520010984
Hum_XLOC_003799,K562,0.0,0.4216720030873325
Hum_XLOC_003853,K562,0.0,0.4644403254994213
Hum_XLOC_003865,K562,0.0,0.5006232298203422
Hum_XLOC_003871,K562,0.0,0.5331982991084404
Hum_XLOC_003891,K562,0.0,0.5798171315358717
Hum_XLOC_003892,K562,1.0,0.47367358530780074
Hum_XLOC_003910,K562,0.0,0.6224380420877065
Hum_XLOC_003911,K562,0.0,0.6395811626666227
Hum_XLOC_003952,K562,0.0,0.5543104749213842
Hum_XLOC_003971,K562,0.0,0.512474135180128
Hum_XLOC_003988,K562,1.0,0.36407566275690206
Hum_XLOC_004020,K562,0.0,0.3815981733818641
Hum_XLOC_004035,K562,0.0,0.6142219882974924
Hum_XLOC_004036,K562,0.0,0.620632938391893
Hum_XLOC_004048,K562,0.0,0.4704080074307727
Hum_XLOC_004068,K562,0.0,0.4818860131764418
Hum_XLOC_004069,K562,0.0,0.2560867214560552
Hum_XLOC_004095,K562,0.0,0.6183740431448206
Hum_XLOC_004096,K562,0.0,0.6602525265001301
Hum_XLOC_004116,K562,0.0,0.6528406431080684
Hum_XLOC_004123,K562,0.0,0.38279250828607864
Hum_XLOC_004134,K562,0.0,0.39195875059361396
Hum_XLOC_004161,K562,0.0,0.5186320986637374
Hum_XLOC_004168,K562,0.0,0.40325301294877225
Hum_XLOC_004169,K562,0.0,0.4818391736851453
Hum_XLOC_004177,K562,0.0,0.43796232079663244
Hum_XLOC_004200,K562,0.0,0.4823659726251997
Hum_XLOC_004201,K562,0.0,0.43684206529942626
Hum_XLOC_004219,K562,0.0,0.27355897442465454
Hum_XLOC_004226,K562,0.0,0.46144602149250946
Hum_XLOC_004227,K562,0.0,0.4246413601476753
Hum_XLOC_004236,K562,0.0,0.4375151174754473
Hum_XLOC_004254,K562,1.0,0.6532149804400833
Hum_XLOC_004255,K562,0.0,0.6443692857185713
Hum_XLOC_004262,K562,0.0,0.4936550585161668
Hum_XLOC_004269,K562,0.0,0.34516561176430655
Hum_XLOC_004277,K562,0.0,0.3457765616561066
Hum_XLOC_004278,K562,0.0,0.32937556621426173
Hum_XLOC_004282,K562,0.0,0.6056913663230791
Hum_XLOC_004287,K562,0.0,0.49812262159032883
Hum_XLOC_004293,K562,0.0,0.5634473663599314
Hum_XLOC_004302,K562,0.0,0.6171868399910586
Hum_XLOC_004303,K562,0.0,0.42333383091002014
Hum_XLOC_004306,K562,0.0,0.36618838315985336
Hum_XLOC_004309,K562,0.0,0.5700429976967384
Hum_XLOC_004314,K562,0.0,0.5565234315188644
Hum_XLOC_004317,K562,0.0,0.48066282130972204
Hum_XLOC_004336,K562,0.0,0.31084351591196213
Hum_XLOC_004343,K562,0.0,0.47133693255709275
Hum_XLOC_004350,K562,0.0,0.4829937628736926
Hum_XLOC_004361,K562,0.0,0.44633640145704545
Hum_XLOC_004363,K562,0.0,0.5128715985090349
Hum_XLOC_004401,K562,0.0,0.4834840634459156
Hum_XLOC_004405,K562,0.0,0.47293804384262234
Hum_XLOC_004407,K562,0.0,0.42678992339932
Hum_XLOC_004424,K562,0.0,0.5208113573801098
Hum_XLOC_004437,K562,0.0,0.4364954911689804
Hum_XLOC_004446,K562,0.0,0.6040921048385758
Hum_XLOC_004457,K562,0.0,0.6374605590685276
Hum_XLOC_004482,K562,0.0,0.5138164641865156
Hum_XLOC_004502,K562,0.0,0.4113215200161345
Hum_XLOC_004515,K562,0.0,0.33011408209040166
Hum_XLOC_004529,K562,0.0,0.543507726804049
Hum_XLOC_004535,K562,0.0,0.36917767015893005
Hum_XLOC_004553,K562,0.0,0.6441030230070299
Hum_XLOC_004566,K562,0.0,0.4411617436475748
Hum_XLOC_004567,K562,0.0,0.48769322440250534
Hum_XLOC_004572,K562,0.0,0.6073106817448
Hum_XLOC_004578,K562,0.0,0.37412832707715354
Hum_XLOC_004580,K562,0.0,0.42988809346078916
Hum_XLOC_004581,K562,0.0,0.44949539976293434
Hum_XLOC_004587,K562,0.0,0.5990395346473733
Hum_XLOC_004600,K562,0.0,0.6995354028167056
Hum_XLOC_004601,K562,0.0,0.4474839092620383
Hum_XLOC_004607,K562,0.0,0.48128089463906143
Hum_XLOC_004617,K562,0.0,0.5145617624447268
Hum_XLOC_004619,K562,0.0,0.536100925266844
Hum_XLOC_004620,K562,1.0,0.7029702799837804
Hum_XLOC_004632,K562,0.0,0.4469621315513292
Hum_XLOC_004636,K562,0.0,0.5959189218824206
Hum_XLOC_004652,K562,0.0,0.4009913251242326
Hum_XLOC_004653,K562,0.0,0.384936392978054
Hum_XLOC_004657,K562,0.0,0.5625357055189965
Hum_XLOC_004661,K562,0.0,0.43955227012694414
Hum_XLOC_004683,K562,0.0,0.3749930282754976
Hum_XLOC_004684,K562,0.0,0.6363586196575516
Hum_XLOC_004688,K562,0.0,0.392652608373047
Hum_XLOC_004689,K562,0.0,0.45205460994917085
Hum_XLOC_004705,K562,0.0,0.5016561904315485
Hum_XLOC_004717,K562,0.0,0.5331821912431642
Hum_XLOC_004718,K562,0.0,0.5895637784570829
Hum_XLOC_004733,K562,0.0,0.5079237439925326
Hum_XLOC_004741,K562,0.0,0.33079198414270256
Hum_XLOC_004762,K562,0.0,0.6857298911321409
Hum_XLOC_004771,K562,0.0,0.3328875402281827
Hum_XLOC_004777,K562,0.0,0.33414015696048854
Hum_XLOC_004788,K562,0.0,0.4816805637242288
Hum_XLOC_004791,K562,0.0,0.431210682632004
Hum_XLOC_004795,K562,0.0,0.4345794955094814
Hum_XLOC_004803,K562,0.0,0.551144098479471
Hum_XLOC_004805,K562,0.0,0.3732676436561497
Hum_XLOC_004813,K562,0.0,0.4060586341047951
Hum_XLOC_004815,K562,1.0,0.3312910788768588
Hum_XLOC_004822,K562,0.0,0.42406916844377446
Hum_XLOC_004823,K562,0.0,0.4201967789352699
Hum_XLOC_004827,K562,0.0,0.35064846482506035
Hum_XLOC_004837,K562,1.0,0.42486607527231074
Hum_XLOC_004839,K562,0.0,0.5964471087763193
Hum_XLOC_004855,K562,0.0,0.49343805849318884
Hum_XLOC_004874,K562,0.0,0.3220454513398398
Hum_XLOC_004875,K562,0.0,0.304125171190849
Hum_XLOC_004878,K562,0.0,0.3660620903006775
Hum_XLOC_004884,K562,0.0,0.3445099223269688
Hum_XLOC_004911,K562,0.0,0.4142861939150066
Hum_XLOC_004915,K562,0.0,0.5472136853686733
Hum_XLOC_004927,K562,0.0,0.4929615682913038
Hum_XLOC_004929,K562,0.0,0.6078548636463176
Hum_XLOC_004936,K562,0.0,0.4698656705220905
Hum_XLOC_004957,K562,0.0,0.43395729623324153
Hum_XLOC_004960,K562,0.0,0.4497196663499814
Hum_XLOC_004965,K562,0.0,0.30608406246816416
Hum_XLOC_000006,MDA-MB-231,0.0,0.35958526573977534
Hum_XLOC_000008,MDA-MB-231,0.0,0.4939483162941365
Hum_XLOC_000016,MDA-MB-231,0.0,0.5076082294111461
Hum_XLOC_000030,MDA-MB-231,0.0,0.3622555413181231
Hum_XLOC_000033,MDA-MB-231,0.0,0.3530209852451213
Hum_XLOC_000039,MDA-MB-231,0.0,0.4757868129835192
Hum_XLOC_000053,MDA-MB-231,0.0,0.4771115739898927
Hum_XLOC_000057,MDA-MB-231,0.0,0.40000011813462344
Hum_XLOC_000060,MDA-MB-231,0.0,0.45861418822409017
Hum_XLOC_000080,MDA-MB-231,0.0,0.3838580415151198
Hum_XLOC_000094,MDA-MB-231,0.0,0.42858590588401
Hum_XLOC_000100,MDA-MB-231,0.0,0.4519143409393747
Hum_XLOC_000105,MDA-MB-231,0.0,0.3321462561425769
Hum_XLOC_000107,MDA-MB-231,0.0,0.33739391819654857
Hum_XLOC_000111,MDA-MB-231,0.0,0.3506203454640209
Hum_XLOC_000134,MDA-MB-231,0.0,0.4926977463351512
Hum_XLOC_000143,MDA-MB-231,0.0,0.4781069791724935
Hum_XLOC_000145,MDA-MB-231,1.0,0.48916099401684754
Hum_XLOC_000149,MDA-MB-231,0.0,0.35636502455120866
Hum_XLOC_000155,MDA-MB-231,0.0,0.4273110131440386
Hum_XLOC_000169,MDA-MB-231,0.0,0.4475498089123515
Hum_XLOC_000170,MDA-MB-231,0.0,0.45469867767484684
Hum_XLOC_000194,MDA-MB-231,0.0,0.4686284537311423
Hum_XLOC_000201,MDA-MB-231,0.0,0.42277197688368784
Hum_XLOC_000231,MDA-MB-231,0.0,0.38764467223588644
Hum_XLOC_000233,MDA-MB-231,0.0,0.4845982441319378
Hum_XLOC_000245,MDA-MB-231,0.0,0.3504899709312256
Hum_XLOC_000247,MDA-MB-231,0.0,0.4293486296168088
Hum_XLOC_000248,MDA-MB-231,0.0,0.35073112116302557
Hum_XLOC_000265,MDA-MB-231,0.0,0.3861939678976422
Hum_XLOC_000282,MDA-MB-231,0.0,0.3804091445126787
Hum_XLOC_000286,MDA-MB-231,0.0,0.4126876670893279
Hum_XLOC_000292,MDA-MB-231,0.0,0.37271492383989585
Hum_XLOC_000307,MDA-MB-231,0.0,0.3615662779634157
Hum_XLOC_000308,MDA-MB-231,0.0,0.3229618047450021
Hum_XLOC_000312,MDA-MB-231,0.0,0.42689733815949304
Hum_XLOC_000314,MDA-MB-231,0.0,0.3754795568533961
Hum_XLOC_000317,MDA-MB-231,0.0,0.3174956843145805
Hum_XLOC_000319,MDA-MB-231,0.0,0.4902635014687934
Hum_XLOC_000332,MDA-MB-231,0.0,0.45753431261451755
Hum_XLOC_000338,MDA-MB-231,1.0,0.40080090474798236
Hum_XLOC_000342,MDA-MB-231,0.0,0.403847829589993
Hum_XLOC_000345,MDA-MB-231,0.0,0.35935752514199415
Hum_XLOC_000362,MDA-MB-231,0.0,0.4151030564787742
Hum_XLOC_000377,MDA-MB-231,0.0,0.41832481296655505
Hum_XLOC_000390,MDA-MB-231,0.0,0.3243851160637774
Hum_XLOC_000394,MDA-MB-231,0.0,0.42421120397301
Hum_XLOC_000411,MDA-MB-231,0.0,0.47036013622907746
Hum_XLOC_000415,MDA-MB-231,0.0,0.31255772841864204
Hum_XLOC_000430,MDA-MB-231,0.0,0.33463114936394944
Hum_XLOC_000436,MDA-MB-231,0.0,0.33262596951157963
Hum_XLOC_000437,MDA-MB-231,0.0,0.4720835870713005
Hum_XLOC_000456,MDA-MB-231,1.0,0.6895465831467873
Hum_XLOC_000461,MDA-MB-231,0.0,0.4520763168456759
Hum_XLOC_000462,MDA-MB-231,0.0,0.4663206224900034
Hum_XLOC_000465,MDA-MB-231,0.0,0.3842512651811646
Hum_XLOC_000472,MDA-MB-231,0.0,0.48963320644293906
Hum_XLOC_000474,MDA-MB-231,0.0,0.38929569177687445
Hum_XLOC_000478,MDA-MB-231,0.0,0.42433960741993304
Hum_XLOC_000486,MDA-MB-231,0.0,0.39823751479446573
Hum_XLOC_000490,MDA-MB-231,0.0,0.33075241792818566
Hum_XLOC_000498,MDA-MB-231,0.0,0.47724164272326813
Hum_XLOC_000500,MDA-MB-231,0.0,0.4076560684963702
Hum_XLOC_000510,MDA-MB-231,0.0,0.39515685653735033
Hum_XLOC_000535,MDA-MB-231,0.0,0.45250350177698095
Hum_XLOC_000540,MDA-MB-231,0.0,0.3162353181155777
Hum_XLOC_000556,MDA-MB-231,0.0,0.4051136284715331
Hum_XLOC_000574,MDA-MB-231,0.0,0.3997093355401211
Hum_XLOC_000575,MDA-MB-231,0.0,0.3750382405034281
Hum_XLOC_000582,MDA-MB-231,0.0,0.3924582261296915
Hum_XLOC_000590,MDA-MB-231,0.0,0.33659951086283424
Hum_XLOC_000601,MDA-MB-231,0.0,0.42730477463988276
Hum_XLOC_000604,MDA-MB-231,0.0,0.34344191047045014
Hum_XLOC_000608,MDA-MB-231,0.0,0.3957564398884416
Hum_XLOC_000612,MDA-MB-231,0.0,0.2528931358713943
Hum_XLOC_000636,MDA-MB-231,0.0,0.509166172573017
Hum_XLOC_000638,MDA-MB-231,0.0,0.49072939016061307
Hum_XLOC_000641,MDA-MB-231,0.0,0.37302472850860013
Hum_XLOC_000655,MDA-MB-231,0.0,0.363514903300829
Hum_XLOC_000668,MDA-MB-231,0.0,0.3843413409876688
Hum_XLOC_000680,MDA-MB-231,0.0,0.321410662970978
Hum_XLOC_000681,MDA-MB-231,0.0,0.3806688708730045
Hum_XLOC_000695,MDA-MB-231,0.0,0.39908708677154625
Hum_XLOC_000702,MDA-MB-231,0.0,0.46493907267409396
Hum_XLOC_000726,MDA-MB-231,0.0,0.3242584088450215
Hum_XLOC_000727,MDA-MB-231,0.0,0.4631095339686576
Hum_XLOC_000758,MDA-MB-231,0.0,0.35354888666059897
Hum_XLOC_000773,MDA-MB-231,0.0,0.3441675251887452
Hum_XLOC_000774,MDA-MB-231,0.0,0.3968340827950247
Hum_XLOC_000797,MDA-MB-231,0.0,0.5134804113944129
Hum_XLOC_000799,MDA-MB-231,0.0,0.42363013609545336
Hum_XLOC_000800,MDA-MB-231,0.0,0.4124498681148527
Hum_XLOC_000807,MDA-MB-231,0.0,0.4232896993353231
Hum_XLOC_000818,MDA-MB-231,0.0,0.39812441628639206
Hum_XLOC_000828,MDA-MB-231,0.0,0.4635523702109638
Hum_XLOC_000831,MDA-MB-231,0.0,0.4309009527659038
Hum_XLOC_000835,MDA-MB-231,0.0,0.3718567056066422
Hum_XLOC_000840,MDA-MB-231,0.0,0.40330753984473994
Hum_XLOC_000841,MDA-MB-231,0.0,0.27654324517739354
Hum_XLOC_000842,MDA-MB-231,0.0,0.27952824363610246
Hum_XLOC_000854,MDA-MB-231,0.0,0.42144066269852026
Hum_XLOC_000855,MDA-MB-231,0.0,0.23326937457518085
Hum_XLOC_000883,MDA-MB-231,0.0,0.34098984617258354
Hum_XLOC_000885,MDA-MB-231,0.0,0.3131715753968764
Hum_XLOC_000905,MDA-MB-231,0.0,0.2936091590365206
Hum_XLOC_000917,MDA-MB-231,0.0,0.35209945339153853
Hum_XLOC_000925,MDA-MB-231,0.0,0.4581810973857938
Hum_XLOC_000944,MDA-MB-231,0.0,0.37430975881057627
Hum_XLOC_000949,MDA-MB-231,0.0,0.32897241333225136
Hum_XLOC_000953,MDA-MB-231,0.0,0.42979192869671307
Hum_XLOC_000964,MDA-MB-231,0.0,0.38527185984733175
Hum_XLOC_000990,MDA-MB-231,0.0,0.4369897695124322
Hum_XLOC_000994,MDA-MB-231,0.0,0.4623671842584624
Hum_XLOC_001020,MDA-MB-231,0.0,0.3147982524781221
Hum_XLOC_001029,MDA-MB-231,0.0,0.5044211509810982
Hum_XLOC_001066,MDA-MB-231,1.0,0.353396841783736
Hum_XLOC_001120,MDA-MB-231,0.0,0.39586172614894355
Hum_XLOC_001121,MDA-MB-231,0.0,0.35579034713209323
Hum_XLOC_001122,MDA-MB-231,0.0,0.5242941507071993
Hum_XLOC_001125,MDA-MB-231,0.0,0.49198406334098777
Hum_XLOC_001132,MDA-MB-231,0.0,0.46332634678061296
Hum_XLOC_001138,MDA-MB-231,0.0,0.44220157528316606
Hum_XLOC_001144,MDA-MB-231,0.0,0.39637131554263155
Hum_XLOC_001146,MDA-MB-231,0.0,0.4617693039553089
Hum_XLOC_001188,MDA-MB-231,0.0,0.37134456550838935
Hum_XLOC_001191,MDA-MB-231,0.0,0.3498247576064763
Hum_XLOC_001192,MDA-MB-231,0.0,0.49544389602742317
Hum_XLOC_001217,MDA-MB-231,0.0,0.3263570631544543
Hum_XLOC_001222,MDA-MB-231,0.0,0.40765893942478365
Hum_XLOC_001228,MDA-MB-231,0.0,0.4205601414455269
Hum_XLOC_001230,MDA-MB-231,0.0,0.3582495063221052
Hum_XLOC_001237,MDA-MB-231,0.0,0.3986803476003597
Hum_XLOC_001243,MDA-MB-231,0.0,0.4642632411510869
Hum_XLOC_001275,MDA-MB-231,0.0,0.42009110040270004
Hum_XLOC_001279,MDA-MB-231,0.0,0.4932163830448839
Hum_XLOC_001291,MDA-MB-231,0.0,0.44965774357868293
Hum_XLOC_001296,MDA-MB-231,0.0,0.44328815889114453
Hum_XLOC_001297,MDA-MB-231,0.0,0.5104749957542752
Hum_XLOC_001309,MDA-MB-231,0.0,0.4548357667820325
Hum_XLOC_001329,MDA-MB-231,0.0,0.33483472655840274
Hum_XLOC_001330,MDA-MB-231,0.0,0.43248374887272123
Hum_XLOC_001355,MDA-MB-231,0.0,0.3374407586737331
Hum_XLOC_001366,MDA-MB-231,0.0,0.4432110611173912
Hum_XLOC_001367,MDA-MB-231,0.0,0.4033281757953578
Hum_XLOC_001375,MDA-MB-231,0.0,0.315355406956719
Hum_XLOC_001390,MDA-MB-231,0.0,0.5254020928259576
Hum_XLOC_001405,MDA-MB-231,0.0,0.47731821574813493
Hum_XLOC_001461,MDA-MB-231,0.0,0.4079295628557495
Hum_XLOC_001465,MDA-MB-231,0.0,0.35690076151341216
Hum_XLOC_001488,MDA-MB-231,0.0,0.4168697505369043
Hum_XLOC_001490,MDA-MB-231,0.0,0.42979261445558853
Hum_XLOC_001509,MDA-MB-231,0.0,0.37645444505960113
Hum_XLOC_001516,MDA-MB-231,0.0,0.31625000094708394
Hum_XLOC_001532,MDA-MB-231,0.0,0.48390550286583295
Hum_XLOC_001539,MDA-MB-231,0.0,0.42275308078521057
Hum_XLOC_001541,MDA-MB-231,0.0,0.548229710464618
Hum_XLOC_001542,MDA-MB-231,0.0,0.4484182020530346
Hum_XLOC_001548,MDA-MB-231,0.0,0.43356881482055226
Hum_XLOC_001559,MDA-MB-231,0.0,0.39990647987409017
Hum_XLOC_001565,MDA-MB-231,0.0,0.37643587844134524
Hum_XLOC_001566,MDA-MB-231,0.0,0.46692448106762774
Hum_XLOC_001575,MDA-MB-231,0.0,0.4381989636573259
Hum_XLOC_001580,MDA-MB-231,0.0,0.34548915549275194
Hum_XLOC_001590,MDA-MB-231,0.0,0.3848400742066891
Hum_XLOC_001615,MDA-MB-231,0.0,0.4155300854384045
Hum_XLOC_001624,MDA-MB-231,0.0,0.4516442674314733
Hum_XLOC_001639,MDA-MB-231,0.0,0.3590006844859772
Hum_XLOC_001661,MDA-MB-231,0.0,0.47409407984761914
Hum_XLOC_001666,MDA-MB-231,0.0,0.3403430344311928
Hum_XLOC_001668,MDA-MB-231,0.0,0.3217514649337866
Hum_XLOC_001688,MDA-MB-231,0.0,0.41765012286360903
Hum_XLOC_001689,MDA-MB-231,0.0,0.3075661101956945
Hum_XLOC_001695,MDA-MB-231,0.0,0.4233422283745983
Hum_XLOC_001696,MDA-MB-231,0.0,0.3802224731549987
Hum_XLOC_001698,MDA-MB-231,0.0,0.45338724713270484
Hum_XLOC_001707,MDA-MB-231,0.0,0.45223753648813075
Hum_XLOC_001760,MDA-MB-231,0.0,0.37287231549238603
Hum_XLOC_001761,MDA-MB-231,1.0,0.43857737947625125
Hum_XLOC_001773,MDA-MB-231,0.0,0.5244434136575895
Hum_XLOC_001775,MDA-MB-231,0.0,0.4011450591753848
Hum_XLOC_001779,MDA-MB-231,1.0,0.4447540591253998
Hum_XLOC_001783,MDA-MB-231,0.0,0.2935447649457292
Hum_XLOC_001791,MDA-MB-231,1.0,0.46857467490696425
Hum_XLOC_001805,MDA-MB-231,0.0,0.4327647086054605
Hum_XLOC_001809,MDA-MB-231,0.0,0.3511232561076058
Hum_XLOC_001848,MDA-MB-231,0.0,0.48851940837507957
Hum_XLOC_001919,MDA-MB-231,0.0,0.4509816903116099
Hum_XLOC_001941,MDA-MB-231,0.0,0.35271363210867834
Hum_XLOC_001942,MDA-MB-231,0.0,0.43240254627213953
Hum_XLOC_001949,MDA-MB-231,0.0,0.383201378449328
Hum_XLOC_001950,MDA-MB-231,0.0,0.49600952835795775
Hum_XLOC_001953,MDA-MB-231,0.0,0.4450419127628069
Hum_XLOC_001957,MDA-MB-231,0.0,0.38572912870741655
Hum_XLOC_001961,MDA-MB-231,0.0,0.36231603848367094
Hum_XLOC_001969,MDA-MB-231,0.0,0.37128938853336285
Hum_XLOC_002024,MDA-MB-231,0.0,0.4335581129272648
Hum_XLOC_002028,MDA-MB-231,0.0,0.40837159276309226
Hum_XLOC_002033,MDA-MB-231,0.0,0.4170479474331435
Hum_XLOC_002036,MDA-MB-231,0.0,0.35921802596135566
Hum_XLOC_002037,MDA-MB-231,0.0,0.415233793132958
Hum_XLOC_002041,MDA-MB-231,0.0,0.342211278612973
Hum_XLOC_002059,MDA-MB-231,0.0,0.48252189480350915
Hum_XLOC_002061,MDA-MB-231,0.0,0.5180496731090496
Hum_XLOC_002068,MDA-MB-231,0.0,0.2911409684739897
Hum_XLOC_002081,MDA-MB-231,0.0,0.3852089049741276
Hum_XLOC_002093,MDA-MB-231,0.0,0.42736291539740334
Hum_XLOC_002099,MDA-MB-231,0.0,0.363623449583382
Hum_XLOC_002144,MDA-MB-231,0.0,0.44013247455837323
Hum_XLOC_002150,MDA-MB-231,0.0,0.36732108263228724
Hum_XLOC_002152,MDA-MB-231,0.0,0.3607487582753101
Hum_XLOC_002154,MDA-MB-231,0.0,0.39090666074516384
Hum_XLOC_002169,MDA-MB-231,0.0,0.4083336983733526
Hum_XLOC_002170,MDA-MB-231,0.0,0.37484740825682483
Hum_XLOC_002176,MDA-MB-231,0.0,0.5262169393107362
Hum_XLOC_002178,MDA-MB-231,0.0,0.38182029565945064
Hum_XLOC_002186,MDA-MB-231,0.0,0.3711859622777309
Hum_XLOC_002204,MDA-MB-231,0.0,0.3634904569095307
Hum_XLOC_002205,MDA-MB-231,0.0,0.4339730425057169
Hum_XLOC_002219,MDA-MB-231,0.0,0.42737354317517684
Hum_XLOC_002244,MDA-MB-231,0.0,0.3893435233489237
Hum_XLOC_002252,MDA-MB-231,0.0,0.5772260203019931
Hum_XLOC_002261,MDA-MB-231,0.0,0.4316116757961585
Hum_XLOC_002262,MDA-MB-231,0.0,0.2707730900481147
Hum_XLOC_002265,MDA-MB-231,0.0,0.3799380608152002
Hum_XLOC_002271,MDA-MB-231,0.0,0.329921427286494
Hum_XLOC_002280,MDA-MB-231,0.0,0.37488533291603154
Hum_XLOC_002282,MDA-MB-231,0.0,0.34457886943112775
Hum_XLOC_002283,MDA-MB-231,0.0,0.4218178227110589
Hum_XLOC_002284,MDA-MB-231,0.0,0.4571422566876072
Hum_XLOC_002294,MDA-MB-231,0.0,0.4707305343128047
Hum_XLOC_002296,MDA-MB-231,0.0,0.36706958725146105
Hum_XLOC_002299,MDA-MB-231,0.0,0.45728143303160323
Hum_XLOC_002301,MDA-MB-231,0.0,0.40563131641244626
Hum_XLOC_002306,MDA-MB-231,0.0,0.43052404254705745
Hum_XLOC_002311,MDA-MB-231,1.0,0.47859193885016277
Hum_XLOC_002313,MDA-MB-231,0.0,0.376954308097289
Hum_XLOC_002314,MDA-MB-231,0.0,0.4146921594015135
Hum_XLOC_002327,MDA-MB-231,0.0,0.49942870792790706
Hum_XLOC_002330,MDA-MB-231,0.0,0.34646450064093626
Hum_XLOC_002338,MDA-MB-231,0.0,0.4589027968442532
Hum_XLOC_002344,MDA-MB-231,0.0,0.4646008648740224
Hum_XLOC_002347,MDA-MB-231,0.0,0.3006948186394622
Hum_XLOC_002348,MDA-MB-231,0.0,0.4768883735459016
Hum_XLOC_002362,MDA-MB-231,0.0,0.3819218044336394
Hum_XLOC_002364,MDA-MB-231,0.0,0.29781655306017907
Hum_XLOC_002383,MDA-MB-231,0.0,0.30627486860302316
Hum_XLOC_002386,MDA-MB-231,0.0,0.3003717843526023
Hum_XLOC_002390,MDA-MB-231,0.0,0.4532578294214944
Hum_XLOC_002394,MDA-MB-231,0.0,0.29064977975582923
Hum_XLOC_002398,MDA-MB-231,0.0,0.43390045854218134
Hum_XLOC_002399,MDA-MB-231,0.0,0.396537401861787
Hum_XLOC_002408,MDA-MB-231,0.0,0.39030692000363515
Hum_XLOC_002414,MDA-MB-231,0.0,0.5471096918354956
Hum_XLOC_002418,MDA-MB-231,0.0,0.4218409636578103
Hum_XLOC_002435,MDA-MB-231,0.0,0.33199286671784883
Hum_XLOC_002440,MDA-MB-231,0.0,0.47388745529360504
Hum_XLOC_002489,MDA-MB-231,0.0,0.38840401473653036
Hum_XLOC_002490,MDA-MB-231,0.0,0.317241161732852
Hum_XLOC_002493,MDA-MB-231,0.0,0.42626550045149436
Hum_XLOC_002520,MDA-MB-231,0.0,0.4013031734853193
Hum_XLOC_002524,MDA-MB-231,0.0,0.40675444639121605
Hum_XLOC_002546,MDA-MB-231,0.0,0.4055453346456426
Hum_XLOC_002560,MDA-MB-231,0.0,0.4522659248655408
Hum_XLOC_002570,MDA-MB-231,0.0,0.4422101574393519
Hum_XLOC_002577,MDA-MB-231,0.0,0.44204831431639163
Hum_XLOC_002579,MDA-MB-231,1.0,0.44961059854452773
Hum_XLOC_002586,MDA-MB-231,0.0,0.3891786011751472
Hum_XLOC_002589,MDA-MB-231,0.0,0.38616647903941553
Hum_XLOC_002629,MDA-MB-231,0.0,0.37795689016279055
Hum_XLOC_002631,MDA-MB-231,0.0,0.4246247164377323
Hum_XLOC_002635,MDA-MB-231,0.0,0.42996309091694956
Hum_XLOC_002644,MDA-MB-231,0.0,0.3975599855514799
Hum_XLOC_002646,MDA-MB-231,0.0,0.3220298031884968
Hum_XLOC_002653,MDA-MB-231,0.0,0.40927947160342804
Hum_XLOC_002681,MDA-MB-231,0.0,0.34562200469437576
Hum_XLOC_002695,MDA-MB-231,0.0,0.32736487490374794
Hum_XLOC_002702,MDA-MB-231,0.0,0.39494303898826644
Hum_XLOC_002705,MDA-MB-231,0.0,0.42713761897439473
Hum_XLOC_002711,MDA-MB-231,0.0,0.41209208121840035
Hum_XLOC_002714,MDA-MB-231,0.0,0.3420474149376805
Hum_XLOC_002717,MDA-MB-231,0.0,0.4015677117703292
Hum_XLOC_002725,MDA-MB-231,0.0,0.4765741352817996
Hum_XLOC_002741,MDA-MB-231,0.0,0.503817067321748
Hum_XLOC_002742,MDA-MB-231,0.0,0.3992164672425559
Hum_XLOC_002744,MDA-MB-231,0.0,0.3983514488977244
Hum_XLOC_002760,MDA-MB-231,0.0,0.5427839089493937
Hum_XLOC_002788,MDA-MB-231,0.0,0.4278831073795654
Hum_XLOC_002792,MDA-MB-231,0.0,0.38116048059326657
Hum_XLOC_002796,MDA-MB-231,0.0,0.45899618896771227
Hum_XLOC_002817,MDA-MB-231,0.0,0.34173893301255986
Hum_XLOC_002836,MDA-MB-231,1.0,0.5712928032763673
Hum_XLOC_002844,MDA-MB-231,0.0,0.49241420290301324
Hum_XLOC_002845,MDA-MB-231,0.0,0.3961659140674044
Hum_XLOC_002859,MDA-MB-231,0.0,0.47645162602619173
Hum_XLOC_002889,MDA-MB-231,1.0,0.34167011379783213
Hum_XLOC_002911,MDA-MB-231,0.0,0.43313985178294395
Hum_XLOC_002935,MDA-MB-231,0.0,0.5271760145792288
Hum_XLOC_002937,MDA-MB-231,0.0,0.39355467629276936
Hum_XLOC_002967,MDA-MB-231,0.0,0.5021306837328308
Hum_XLOC_002983,MDA-MB-231,0.0,0.35145248127564577
Hum_XLOC_002986,MDA-MB-231,0.0,0.4865210222630154
Hum_XLOC_002990,MDA-MB-231,0.0,0.4766078186188174
Hum_XLOC_003039,MDA-MB-231,0.0,0.3967763208841913
Hum_XLOC_003061,MDA-MB-231,0.0,0.4628041421252772
Hum_XLOC_003086,MDA-MB-231,1.0,0.4153834392870063
Hum_XLOC_003099,MDA-MB-231,0.0,0.33216978829262395
Hum_XLOC_003109,MDA-MB-231,0.0,0.4520609847789225
Hum_XLOC_003128,MDA-MB-231,0.0,0.525077207301194
Hum_XLOC_003134,MDA-MB-231,0.0,0.45004732235632755
Hum_XLOC_003137,MDA-MB-231,0.0,0.33885107930044855
Hum_XLOC_003154,MDA-MB-231,0.0,0.35898654763468746
Hum_XLOC_003155,MDA-MB-231,0.0,0.3962719875682545
Hum_XLOC_003171,MDA-MB-231,0.0,0.359136298783902
Hum_XLOC_003209,MDA-MB-231,0.0,0.2625673130317635
Hum_XLOC_003215,MDA-MB-231,0.0,0.42046358654254734
Hum_XLOC_003221,MDA-MB-231,0.0,0.49023212044369835
Hum_XLOC_003232,MDA-MB-231,0.0,0.39639681677550975
Hum_XLOC_003268,MDA-MB-231,0.0,0.4091166360982555
Hum_XLOC_003269,MDA-MB-231,0.0,0.4350684363933154
Hum_XLOC_003286,MDA-MB-231,0.0,0.455227774419255
Hum_XLOC_003290,MDA-MB-231,0.0,0.31939572394365523
Hum_XLOC_003294,MDA-MB-231,0.0,0.3691258723750914
Hum_XLOC_003321,MDA-MB-231,0.0,0.5546745154728769
Hum_XLOC_003324,MDA-MB-231,0.0,0.5017411913190459
Hum_XLOC_003334,MDA-MB-231,0.0,0.4287855784797269
Hum_XLOC_003337,MDA-MB-231,0.0,0.4196001469213055
Hum_XLOC_003338,MDA-MB-231,0.0,0.34343256001338407
Hum_XLOC_003352,MDA-MB-231,0.0,0.492279651080899
Hum_XLOC_003357,MDA-MB-231,0.0,0.2859818572528304
Hum_XLOC_003361,MDA-MB-231,0.0,0.44579763939806893
Hum_XLOC_003371,MDA-MB-231,0.0,0.3169268535012374
Hum_XLOC_003381,MDA-MB-231,0.0,0.5155646815935021
Hum_XLOC_003408,MDA-MB-231,0.0,0.34128018828969603
Hum_XLOC_003436,MDA-MB-231,0.0,0.31331097288282056
Hum_XLOC_003440,MDA-MB-231,0.0,0.34013629510802756
Hum_XLOC_003450,MDA-MB-231,0.0,0.4614537258716594
Hum_XLOC_003466,MDA-MB-231,0.0,0.38897596107651833
Hum_XLOC_003488,MDA-MB-231,0.0,0.3575663812678477
Hum_XLOC_003491,MDA-MB-231,0.0,0.5275879000994718
Hum_XLOC_003497,MDA-MB-231,0.0,0.34976625815801543
Hum_XLOC_003498,MDA-MB-231,0.0,0.4596853839689546
Hum_XLOC_003502,MDA-MB-231,0.0,0.39047279401805346
Hum_XLOC_003518,MDA-MB-231,0.0,0.46437413331548466
Hum_XLOC_003532,MDA-MB-231,0.0,0.34005051729864305
Hum_XLOC_003543,MDA-MB-231,0.0,0.327784122107861
Hum_XLOC_003554,MDA-MB-231,0.0,0.3777502992749086
Hum_XLOC_003563,MDA-MB-231,0.0,0.47405177679185695
Hum_XLOC_003567,MDA-MB-231,0.0,0.4238882986922433
Hum_XLOC_003568,MDA-MB-231,0.0,0.38205944149290244
Hum_XLOC_003570,MDA-MB-231,0.0,0.25227073074187795
Hum_XLOC_003571,MDA-MB-231,0.0,0.3653368077564009
Hum_XLOC_003593,MDA-MB-231,0.0,0.40641742295003364
Hum_XLOC_003594,MDA-MB-231,0.0,0.39050018115979696
Hum_XLOC_003598,MDA-MB-231,0.0,0.36045921120849794
Hum_XLOC_003626,MDA-MB-231,0.0,0.3441123916009232
Hum_XLOC_003628,MDA-MB-231,0.0,0.3082827756708482
Hum_XLOC_003630,MDA-MB-231,0.0,0.4279636818869209
Hum_XLOC_003641,MDA-MB-231,0.0,0.4654504946076744
Hum_XLOC_003662,MDA-MB-231,0.0,0.46063634216566746
Hum_XLOC_003665,MDA-MB-231,0.0,0.44853974361567245
Hum_XLOC_003672,MDA-MB-231,0.0,0.3999290076752912
Hum_XLOC_003673,MDA-MB-231,0.0,0.385219174258376
Hum_XLOC_003674,MDA-MB-231,0.0,0.3986641208868182
Hum_XLOC_003676,MDA-MB-231,0.0,0.3910974736068292
Hum_XLOC_003686,MDA-MB-231,0.0,0.3469063838969208
Hum_XLOC_003697,MDA-MB-231,0.0,0.29224666578921743
Hum_XLOC_003717,MDA-MB-231,0.0,0.3718272736502203
Hum_XLOC_003725,MDA-MB-231,0.0,0.430910736200328
Hum_XLOC_003743,MDA-MB-231,0.0,0.42102609681752573
Hum_XLOC_003754,MDA-MB-231,0.0,0.3791158958923632
Hum_XLOC_003766,MDA-MB-231,0.0,0.5303699331406764
Hum_XLOC_003775,MDA-MB-231,0.0,0.4193598749577223
Hum_XLOC_003790,MDA-MB-231,0.0,0.3645465537006517
Hum_XLOC_003799,MDA-MB-231,1.0,0.4807001236903831
Hum_XLOC_003853,MDA-MB-231,0.0,0.3910269970522906
Hum_XLOC_003865,MDA-MB-231,0.0,0.4859858930671938
Hum_XLOC_003871,MDA-MB-231,0.0,0.41412964974743244
Hum_XLOC_003891,MDA-MB-231,0.0,0.4502402035016451
Hum_XLOC_003892,MDA-MB-231,0.0,0.46684934879831846
Hum_XLOC_003910,MDA-MB-231,0.0,0.4908686412458793
Hum_XLOC_003911,MDA-MB-231,0.0,0.4393112289442814
Hum_XLOC_003952,MDA-MB-231,0.0,0.4320180798113102
Hum_XLOC_003971,MDA-MB-231,0.0,0.4094091352505124
Hum_XLOC_003988,MDA-MB-231,0.0,0.35153665403903
Hum_XLOC_004020,MDA-MB-231,0.0,0.36938576364037173
Hum_XLOC_004035,MDA-MB-231,0.0,0.4859264482688026
Hum_XLOC_004036,MDA-MB-231,1.0,0.47777492101396923
Hum_XLOC_004048,MDA-MB-231,0.0,0.39233210477636893
Hum_XLOC_004068,MDA-MB-231,0.0,0.3548693980464082
Hum_XLOC_004069,MDA-MB-231,0.0,0.2806506373898896
Hum_XLOC_004095,MDA-MB-231,0.0,0.4617388834696627
Hum_XLOC_004096,MDA-MB-231,0.0,0.454907453450335
Hum_XLOC_004116,MDA-MB-231,0.0,0.5129759841756718
Hum_XLOC_004123,MDA-MB-231,0.0,0.34539549612598935
Hum_XLOC_004134,MDA-MB-231,0.0,0.3487201594824245
Hum_XLOC_004161,MDA-MB-231,0.0,0.42867626689129223
Hum_XLOC_004168,MDA-MB-231,0.0,0.4191381224824535
Hum_XLOC_004169,MDA-MB-231,0.0,0.43421027201402074
Hum_XLOC_004177,MDA-MB-231,0.0,0.3576967317897686
Hum_XLOC_004200,MDA-MB-231,0.0,0.3827094980001474
Hum_XLOC_004201,MDA-MB-231,0.0,0.2936340990787074
Hum_XLOC_004219,MDA-MB-231,0.0,0.35302444625340135
Hum_XLOC_004226,MDA-MB-231,0.0,0.33585265892681276
Hum_XLOC_004227,MDA-MB-231,0.0,0.3549444168059171
Hum_XLOC_004236,MDA-MB-231,0.0,0.42854473414123223
Hum_XLOC_004254,MDA-MB-231,1.0,0.6769243624297394
Hum_XLOC_004255,MDA-MB-231,0.0,0.4437104538223746
Hum_XLOC_004262,MDA-MB-231,1.0,0.44683870899021483
Hum_XLOC_004269,MDA-MB-231,0.0,0.4034080428515127
Hum_XLOC_004277,MDA-MB-231,0.0,0.4589377903877347
Hum_XLOC_004278,MDA-MB-231,0.0,0.44266151694638917
Hum_XLOC_004282,MDA-MB-231,0.0,0.3973307805394682
Hum_XLOC_004287,MDA-MB-231,0.0,0.5084705649325632
Hum_XLOC_004293,MDA-MB-231,0.0,0.31804563702587674
Hum_XLOC_004302,MDA-MB-231,0.0,0.47576540803564027
Hum_XLOC_004303,MDA-MB-231,0.0,0.36260267850557854
Hum_XLOC_004306,MDA-MB-231,0.0,0.31382150427869077
Hum_XLOC_004309,MDA-MB-231,0.0,0.36251784671582826
Hum_XLOC_004314,MDA-MB-231,0.0,0.389630551508774
Hum_XLOC_004317,MDA-MB-231,0.0,0.38204642924621895
Hum_XLOC_004336,MDA-MB-231,0.0,0.363756297437175
Hum_XLOC_004343,MDA-MB-231,0.0,0.34828536924398595
Hum_XLOC_004350,MDA-MB-231,0.0,0.3852843062645007
Hum_XLOC_004361,MDA-MB-231,0.0,0.3604634715340998
Hum_XLOC_004363,MDA-MB-231,0.0,0.4115838579488025
Hum_XLOC_004401,MDA-MB-231,0.0,0.3873570262758301
Hum_XLOC_004405,MDA-MB-231,0.0,0.39808057823193926
Hum_XLOC_004407,MDA-MB-231,0.0,0.3352653089572817
Hum_XLOC_004424,MDA-MB-231,0.0,0.520957321922211
Hum_XLOC_004437,MDA-MB-231,0.0,0.3293079066323928
Hum_XLOC_004446,MDA-MB-231,0.0,0.3821813611331256
Hum_XLOC_004457,MDA-MB-231,0.0,0.4363129238618335
Hum_XLOC_004482,MDA-MB-231,0.0,0.4641408440562283
Hum_XLOC_004502,MDA-MB-231,0.0,0.3759481523974884
Hum_XLOC_004515,MDA-MB-231,0.0,0.421760864380524
Hum_XLOC_004529,MDA-MB-231,0.0,0.46075852953249424
Hum_XLOC_004535,MDA-MB-231,0.0,0.4088729869843909
Hum_XLOC_004553,MDA-MB-231,0.0,0.5205254106208608
Hum_XLOC_004566,MDA-MB-231,0.0,0.3494367474011195
Hum_XLOC_004567,MDA-MB-231,0.0,0.4271832276910633
Hum_XLOC_004572,MDA-MB-231,1.0,0.49686901890522694
Hum_XLOC_004578,MDA-MB-231,0.0,0.3004207723156257
Hum_XLOC_004580,MDA-MB-231,0.0,0.3282426148924534
Hum_XLOC_004581,MDA-MB-231,0.0,0.30864613869137253
Hum_XLOC_004587,MDA-MB-231,0.0,0.41474216268133385
Hum_XLOC_004600,MDA-MB-231,0.0,0.6026820235432139
Hum_XLOC_004601,MDA-MB-231,0.0,0.35905736352260376
Hum_XLOC_004607,MDA-MB-231,0.0,0.344338418071848
Hum_XLOC_004617,MDA-MB-231,0.0,0.40387096782663817
Hum_XLOC_004619,MDA-MB-231,0.0,0.42202788432750754
Hum_XLOC_004620,MDA-MB-231,0.0,0.4458445475834754
Hum_XLOC_004632,MDA-MB-231,0.0,0.4893707074859948
Hum_XLOC_004636,MDA-MB-231,0.0,0.5098931384057293
Hum_XLOC_004652,MDA-MB-231,0.0,0.3202816281439635
Hum_XLOC_004653,MDA-MB-231,0.0,0.45036123525534055
Hum_XLOC_004657,MDA-MB-231,1.0,0.5060924182177482
Hum_XLOC_004661,MDA-MB-231,0.0,0.538155827628356
Hum_XLOC_004683,MDA-MB-231,0.0,0.3301119318489477
Hum_XLOC_004684,MDA-MB-231,0.0,0.5273419078781321
Hum_XLOC_004688,MDA-MB-231,0.0,0.351694134122896
Hum_XLOC_004689,MDA-MB-231,0.0,0.37118095933702505
Hum_XLOC_004705,MDA-MB-231,0.0,0.40896727093620433
Hum_XLOC_004717,MDA-MB-231,0.0,0.4793314201866708
Hum_XLOC_004718,MDA-MB-231,0.0,0.3925429772635198
Hum_XLOC_004733,MDA-MB-231,0.0,0.5271978545424718
Hum_XLOC_004741,MDA-MB-231,0.0,0.28592485173438015
Hum_XLOC_004762,MDA-MB-231,0.0,0.39586388659219
Hum_XLOC_004771,MDA-MB-231,0.0,0.3392193949591574
Hum_XLOC_004777,MDA-MB-231,0.0,0.34089822739645936
Hum_XLOC_004788,MDA-MB-231,0.0,0.46481122950243553
Hum_XLOC_004791,MDA-MB-231,0.0,0.3793109899732929
Hum_XLOC_004795,MDA-MB-231,0.0,0.3412838230214103
Hum_XLOC_004803,MDA-MB-231,0.0,0.43324062914958944
Hum_XLOC_004805,MDA-MB-231,0.0,0.36788375775304044
Hum_XLOC_004813,MDA-MB-231,0.0,0.3801782511866943
Hum_XLOC_004815,MDA-MB-231,0.0,0.34031545267624125
Hum_XLOC_004822,MDA-MB-231,0.0,0.30715021911368035
Hum_XLOC_004823,MDA-MB-231,0.0,0.3452716665723804
Hum_XLOC_004827,MDA-MB-231,0.0,0.37041009045537265
Hum_XLOC_004837,MDA-MB-231,0.0,0.3883250749275299
Hum_XLOC_004839,MDA-MB-231,0.0,0.47905474172323587
Hum_XLOC_004855,MDA-MB-231,0.0,0.3618142345431339
Hum_XLOC_004874,MDA-MB-231,0.0,0.3365473047205941
Hum_XLOC_004875,MDA-MB-231,0.0,0.42357112484415355
Hum_XLOC_004878,MDA-MB-231,0.0,0.4486871072111942
Hum_XLOC_004884,MDA-MB-231,1.0,0.4202382562511616
Hum_XLOC_004911,MDA-MB-231,0.0,0.4738681649024438
Hum_XLOC_004915,MDA-MB-231,0.0,0.4673373516779904
Hum_XLOC_004927,MDA-MB-231,1.0,0.3907963910945098
Hum_XLOC_004929,MDA-MB-231,0.0,0.36505044680360504
Hum_XLOC_004936,MDA-MB-231,0.0,0.26939541685964885
Hum_XLOC_004957,MDA-MB-231,0.0,0.30327881791742184
Hum_XLOC_004960,MDA-MB-231,0.0,0.45347672040599013
Hum_XLOC_004965,MDA-MB-231,0.0,0.3567169657867142
Hum_XLOC_000006,THP1,0.0,0.3935167378886031
Hum_XLOC_000008,THP1,0.0,0.4705090014916523
Hum_XLOC_000016,THP1,0.0,0.5363940073838054
Hum_XLOC_000030,THP1,0.0,0.34213838128716895
Hum_XLOC_000033,THP1,0.0,0.3657530638392677
Hum_XLOC_000039,THP1,0.0,0.4454953647507766
Hum_XLOC_000053,THP1,0.0,0.49405005969484106
Hum_XLOC_000057,THP1,0.0,0.3915427500119957
Hum_XLOC_000060,THP1,0.0,0.4328363426482453
Hum_XLOC_000080,THP1,0.0,0.41581867878011486
Hum_XLOC_000094,THP1,0.0,0.40342129133245475
Hum_XLOC_000100,THP1,0.0,0.4291013552926502
Hum_XLOC_000105,THP1,0.0,0.3852508994229333
Hum_XLOC_000107,THP1,0.0,0.3530968794113989
Hum_XLOC_000111,THP1,0.0,0.3518260183612906
Hum_XLOC_000134,THP1,0.0,0.4971882127789364
Hum_XLOC_000143,THP1,0.0,0.4882222106516188
Hum_XLOC_000145,THP1,0.0,0.4815700332930774
Hum_XLOC_000149,THP1,0.0,0.374987084580244
Hum_XLOC_000155,THP1,0.0,0.4504891521378962
Hum_XLOC_000169,THP1,0.0,0.4663917055804082
Hum_XLOC_000170,THP1,0.0,0.4603539541263511
Hum_XLOC_000194,THP1,0.0,0.47781910710051057
Hum_XLOC_000201,THP1,0.0,0.43297894972507917
Hum_XLOC_000231,THP1,0.0,0.4475005480549692
Hum_XLOC_000233,THP1,0.0,0.47902713811823594
Hum_XLOC_000245,THP1,0.0,0.3647050227797079
Hum_XLOC_000247,THP1,0.0,0.430896836664066
Hum_XLOC_000248,THP1,0.0,0.42988981148847666
Hum_XLOC_000265,THP1,0.0,0.37651570892986824
Hum_XLOC_000282,THP1,0.0,0.39591394447151407
Hum_XLOC_000286,THP1,0.0,0.4423710995935037
Hum_XLOC_000292,THP1,0.0,0.39933150164715076
Hum_XLOC_000307,THP1,0.0,0.45177145643037425
Hum_XLOC_000308,THP1,0.0,0.3689448452668709
Hum_XLOC_000312,THP1,0.0,0.4059926407085611
Hum_XLOC_000314,THP1,0.0,0.46202780895430734
Hum_XLOC_000317,THP1,0.0,0.35205469112141224
Hum_XLOC_000319,THP1,0.0,0.49783037287895604
Hum_XLOC_000332,THP1,0.0,0.4945420364908824
Hum_XLOC_000338,THP1,1.0,0.4344790614886715
Hum_XLOC_000342,THP1,0.0,0.4280425474668544
Hum_XLOC_000345,THP1,0.0,0.3728203681869324
Hum_XLOC_000362,THP1,0.0,0.44967832522219253
Hum_XLOC_000377,THP1,0.0,0.4438739530464602
Hum_XLOC_000390,THP1,0.0,0.3496095996431528
Hum_XLOC_000394,THP1,0.0,0.4565403858426554
Hum_XLOC_000411,THP1,0.0,0.5247364946290016
Hum_XLOC_000415,THP1,0.0,0.34090660760952185
Hum_XLOC_000430,THP1,0.0,0.37496033094871173
Hum_XLOC_000436,THP1,1.0,0.3722879777605364
Hum_XLOC_000437,THP1,0.0,0.4944761312229293
Hum_XLOC_000456,THP1,1.0,0.6694911313053113
Hum_XLOC_000461,THP1,0.0,0.4848703523034141
Hum_XLOC_000462,THP1,0.0,0.4918399985828955
Hum_XLOC_000465,THP1,0.0,0.4479601008719214
Hum_XLOC_000472,THP1,0.0,0.5236097514135075
Hum_XLOC_000474,THP1,0.0,0.4187337433438415
Hum_XLOC_000478,THP1,0.0,0.3910806435211737
Hum_XLOC_000486,THP1,0.0,0.4452384626799334
Hum_XLOC_000490,THP1,0.0,0.38448546146384743
Hum_XLOC_000498,THP1,0.0,0.4894260991308861
Hum_XLOC_000500,THP1,0.0,0.42524714232142424
Hum_XLOC_000510,THP1,0.0,0.3919954396950867
Hum_XLOC_000535,THP1,0.0,0.45644740697965624
Hum_XLOC_000540,THP1,0.0,0.38566945403116737
Hum_XLOC_000556,THP1,0.0,0.4337331692893068
Hum_XLOC_000574,THP1,0.0,0.4478356548182856
Hum_XLOC_000575,THP1,0.0,0.4376343182325817
Hum_XLOC_000582,THP1,0.0,0.4230330119451777
Hum_XLOC_000590,THP1,0.0,0.40242345128548657
Hum_XLOC_000601,THP1,0.0,0.44739358185162026
Hum_XLOC_000604,THP1,0.0,0.39849280300834605
Hum_XLOC_000608,THP1,0.0,0.4069479566301163
Hum_XLOC_000612,THP1,0.0,0.3210922212670787
Hum_XLOC_000636,THP1,1.0,0.5547948965312883
Hum_XLOC_000638,THP1,0.0,0.48881693143376426
Hum_XLOC_000641,THP1,0.0,0.4341539933112679
Hum_XLOC_000655,THP1,0.0,0.42164474728965357
Hum_XLOC_000668,THP1,0.0,0.43138122385223554
Hum_XLOC_000680,THP1,0.0,0.41028805793585815
Hum_XLOC_000681,THP1,0.0,0.4285684827612226
Hum_XLOC_000695,THP1,0.0,0.4399380460011956
Hum_XLOC_000702,THP1,0.0,0.47781372214435014
Hum_XLOC_000726,THP1,0.0,0.362507624888801
Hum_XLOC_000727,THP1,0.0,0.49539065764667417
Hum_XLOC_000758,THP1,0.0,0.42171039680342576
Hum_XLOC_000773,THP1,0.0,0.37909936597794797
Hum_XLOC_000774,THP1,0.0,0.46530820282822816
Hum_XLOC_000797,THP1,0.0,0.5437600679159241
Hum_XLOC_000799,THP1,0.0,0.4630668043446256
Hum_XLOC_000800,THP1,0.0,0.47326782736406403
Hum_XLOC_000807,THP1,0.0,0.45605098387143195
Hum_XLOC_000818,THP1,0.0,0.4432961976107295
Hum_XLOC_000828,THP1,0.0,0.5001286174662835
Hum_XLOC_000831,THP1,0.0,0.49847277163127346
Hum_XLOC_000835,THP1,0.0,0.4237528986444494
Hum_XLOC_000840,THP1,0.0,0.4502632198022843
Hum_XLOC_000841,THP1,0.0,0.320307577668854
Hum_XLOC_000842,THP1,0.0,0.35273714645072174
Hum_XLOC_000854,THP1,0.0,0.4214887333693629
Hum_XLOC_000855,THP1,0.0,0.29993115311385776
Hum_XLOC_000883,THP1,0.0,0.3981631745377195
Hum_XLOC_000885,THP1,0.0,0.39159521091850846
Hum_XLOC_000905,THP1,0.0,0.34083975290696955
Hum_XLOC_000917,THP1,0.0,0.3898205438359072
Hum_XLOC_000925,THP1,0.0,0.5232375796232529
Hum_XLOC_000944,THP1,0.0,0.4672050472666032
Hum_XLOC_000949,THP1,0.0,0.3763434499475432
Hum_XLOC_000953,THP1,0.0,0.4321850029545435
Hum_XLOC_000964,THP1,0.0,0.47577247445234255
Hum_XLOC_000990,THP1,0.0,0.4663359658485352
Hum_XLOC_000994,THP1,0.0,0.5336992524828233
Hum_XLOC_001020,THP1,0.0,0.33937961327797095
Hum_XLOC_001029,THP1,0.0,0.5186165877681708
Hum_XLOC_001066,THP1,0.0,0.4162030811343496
Hum_XLOC_001120,THP1,0.0,0.44941209896636225
Hum_XLOC_001121,THP1,0.0,0.3884637678184494
Hum_XLOC_001122,THP1,0.0,0.5385482285886336
Hum_XLOC_001125,THP1,0.0,0.5146146182745193
Hum_XLOC_001132,THP1,0.0,0.4703807325030899
Hum_XLOC_001138,THP1,0.0,0.4703917653894056
Hum_XLOC_001144,THP1,0.0,0.41349661858074216
Hum_XLOC_001146,THP1,0.0,0.5169473021993117
Hum_XLOC_001188,THP1,1.0,0.3880466228506116
Hum_XLOC_001191,THP1,0.0,0.43198169881722986
Hum_XLOC_001192,THP1,0.0,0.499990511658871
Hum_XLOC_001217,THP1,0.0,0.3899954988176915
Hum_XLOC_001222,THP1,0.0,0.41987746264271736
Hum_XLOC_001228,THP1,0.0,0.4275150519506471
Hum_XLOC_001230,THP1,0.0,0.393497535299933
Hum_XLOC_001237,THP1,0.0,0.4550501661017078
Hum_XLOC_001243,THP1,0.0,0.4862540976567338
Hum_XLOC_001275,THP1,0.0,0.4589206567265135
Hum_XLOC_001279,THP1,0.0,0.5034002799939147
Hum_XLOC_001291,THP1,0.0,0.48196876403289374
Hum_XLOC_001296,THP1,0.0,0.482471723945471
Hum_XLOC_001297,THP1,0.0,0.5198754139289149
Hum_XLOC_001309,THP1,0.0,0.48733620149028195
Hum_XLOC_001329,THP1,0.0,0.4250314325925379
Hum_XLOC_001330,THP1,0.0,0.45497894706364994
Hum_XLOC_001355,THP1,0.0,0.39763306741532733
Hum_XLOC_001366,THP1,0.0,0.45866061202978853
Hum_XLOC_001367,THP1,0.0,0.48324063333618783
Hum_XLOC_001375,THP1,0.0,0.37491930266234125
Hum_XLOC_001390,THP1,0.0,0.5254108549690143
Hum_XLOC_001405,THP1,0.0,0.46708004658796454
Hum_XLOC_001461,THP1,0.0,0.48036989224931154
Hum_XLOC_001465,THP1,0.0,0.3938172673776654
Hum_XLOC_001488,THP1,0.0,0.4222109721114742
Hum_XLOC_001490,THP1,0.0,0.43126533748216594
Hum_XLOC_001509,THP1,1.0,0.4282947740116214
Hum_XLOC_001516,THP1,0.0,0.39660974060018295
Hum_XLOC_001532,THP1,0.0,0.49904736953912077
Hum_XLOC_001539,THP1,0.0,0.4740843246475776
Hum_XLOC_001541,THP1,0.0,0.5610042115399969
Hum_XLOC_001542,THP1,0.0,0.46842692844218237
Hum_XLOC_001548,THP1,0.0,0.4185026118331877
Hum_XLOC_001559,THP1,0.0,0.42685475411624885
Hum_XLOC_001565,THP1,0.0,0.38573153187824444
Hum_XLOC_001566,THP1,0.0,0.487475401766842
Hum_XLOC_001575,THP1,0.0,0.47621197188023817
Hum_XLOC_001580,THP1,0.0,0.3955697148163955
Hum_XLOC_001590,THP1,0.0,0.42013599681725927
Hum_XLOC_001615,THP1,1.0,0.41830921159949436
Hum_XLOC_001624,THP1,0.0,0.45701243443044287
Hum_XLOC_001639,THP1,0.0,0.4377037590895745
Hum_XLOC_001661,THP1,0.0,0.5345860738598549
Hum_XLOC_001666,THP1,0.0,0.4012744544463178
Hum_XLOC_001668,THP1,0.0,0.3406130957599374
Hum_XLOC_001688,THP1,0.0,0.4693452869834254
Hum_XLOC_001689,THP1,0.0,0.38137649605577606
Hum_XLOC_001695,THP1,0.0,0.4502219023613392
Hum_XLOC_001696,THP1,0.0,0.39126497568932256
Hum_XLOC_001698,THP1,0.0,0.515736123617131
Hum_XLOC_001707,THP1,0.0,0.4792885249674081
Hum_XLOC_001760,THP1,0.0,0.4367755721399057
Hum_XLOC_001761,THP1,0.0,0.48088436776876636
Hum_XLOC_001773,THP1,0.0,0.5639611147675689
Hum_XLOC_001775,THP1,0.0,0.45581671244828925
Hum_XLOC_001779,THP1,0.0,0.4414481214157962
Hum_XLOC_001783,THP1,0.0,0.35575409057389606
Hum_XLOC_001791,THP1,0.0,0.5043952541645216
Hum_XLOC_001805,THP1,0.0,0.4681664917125365
Hum_XLOC_001809,THP1,0.0,0.40008773549903603
Hum_XLOC_001848,THP1,0.0,0.48836196943693894
Hum_XLOC_001919,THP1,0.0,0.5325049199713364
Hum_XLOC_001941,THP1,0.0,0.4125829669802395
Hum_XLOC_001942,THP1,0.0,0.4329460721823969
Hum_XLOC_001949,THP1,0.0,0.4246890252750662
Hum_XLOC_001950,THP1,0.0,0.5249965789355994
Hum_XLOC_001953,THP1,0.0,0.4766191855284612
Hum_XLOC_001957,THP1,0.0,0.4003795034790565
Hum_XLOC_001961,THP1,1.0,0.42634278888928534
Hum_XLOC_001969,THP1,0.0,0.4282757701141206
Hum_XLOC_002024,THP1,0.0,0.46905765702783514
Hum_XLOC_002028,THP1,0.0,0.45360296790842464
Hum_XLOC_002033,THP1,0.0,0.4517393556838732
Hum_XLOC_002036,THP1,0.0,0.36282131224018355
Hum_XLOC_002037,THP1,0.0,0.4126062644109589
Hum_XLOC_002041,THP1,0.0,0.385715077371287
Hum_XLOC_002059,THP1,0.0,0.4730275801354034
Hum_XLOC_002061,THP1,0.0,0.5200354855067748
Hum_XLOC_002068,THP1,0.0,0.35147402334085626
Hum_XLOC_002081,THP1,0.0,0.41332948178741596
Hum_XLOC_002093,THP1,0.0,0.42981510075745405
Hum_XLOC_002099,THP1,0.0,0.4173055305849094
Hum_XLOC_002144,THP1,0.0,0.46693056450636755
Hum_XLOC_002150,THP1,0.0,0.4105031646674559
Hum_XLOC_002152,THP1,0.0,0.40784572611285036
Hum_XLOC_002154,THP1,0.0,0.44286427853930865
Hum_XLOC_002169,THP1,1.0,0.45616792977803217
Hum_XLOC_002170,THP1,0.0,0.4153366031866763
Hum_XLOC_002176,THP1,0.0,0.49375223045177935
Hum_XLOC_002178,THP1,0.0,0.4361110501319842
Hum_XLOC_002186,THP1,0.0,0.43717432867384776
Hum_XLOC_002204,THP1,0.0,0.4016272381066754
Hum_XLOC_002205,THP1,0.0,0.4909943236026944
Hum_XLOC_002219,THP1,0.0,0.49078670357621196
Hum_XLOC_002244,THP1,0.0,0.47045639053162036
Hum_XLOC_002252,THP1,0.0,0.5696975807482344
Hum_XLOC_002261,THP1,0.0,0.4628515376587483
Hum_XLOC_002262,THP1,0.0,0.3569947634737002
Hum_XLOC_002265,THP1,0.0,0.4718282582929555
Hum_XLOC_002271,THP1,0.0,0.36612602477011974
Hum_XLOC_002280,THP1,0.0,0.4153889152394908
Hum_XLOC_002282,THP1,0.0,0.41598501158062
Hum_XLOC_002283,THP1,0.0,0.43457556465549535
Hum_XLOC_002284,THP1,0.0,0.47124189947836304
Hum_XLOC_002294,THP1,0.0,0.46654784681114403
Hum_XLOC_002296,THP1,0.0,0.43712659053243896
Hum_XLOC_002299,THP1,0.0,0.4777237966501643
Hum_XLOC_002301,THP1,0.0,0.39237568283154334
Hum_XLOC_002306,THP1,0.0,0.44551581936908635
Hum_XLOC_002311,THP1,0.0,0.47776624542334767
Hum_XLOC_002313,THP1,0.0,0.40237172077236166
Hum_XLOC_002314,THP1,0.0,0.4114105213984125
Hum_XLOC_002327,THP1,0.0,0.5101103922728583
Hum_XLOC_002330,THP1,0.0,0.36870127323378293
Hum_XLOC_002338,THP1,0.0,0.47954103726091024
Hum_XLOC_002344,THP1,0.0,0.47022057046619925
Hum_XLOC_002347,THP1,0.0,0.3784456326592256
Hum_XLOC_002348,THP1,0.0,0.5253122926584819
Hum_XLOC_002362,THP1,0.0,0.4460102447007488
Hum_XLOC_002364,THP1,0.0,0.3213957500877977
Hum_XLOC_002383,THP1,0.0,0.3720443940757264
Hum_XLOC_002386,THP1,0.0,0.3385370183945621
Hum_XLOC_002390,THP1,0.0,0.47911709756506793
Hum_XLOC_002394,THP1,0.0,0.31242303172165986
Hum_XLOC_002398,THP1,0.0,0.46073539354979703
Hum_XLOC_002399,THP1,0.0,0.4210375329014541
Hum_XLOC_002408,THP1,0.0,0.4698651362126197
Hum_XLOC_002414,THP1,0.0,0.5396417017601317
Hum_XLOC_002418,THP1,0.0,0.4631027259735674
Hum_XLOC_002435,THP1,0.0,0.36349729359386174
Hum_XLOC_002440,THP1,0.0,0.47635902760108123
Hum_XLOC_002489,THP1,0.0,0.4220104996997523
Hum_XLOC_002490,THP1,0.0,0.3938646538304309
Hum_XLOC_002493,THP1,0.0,0.4530962131649904
Hum_XLOC_002520,THP1,0.0,0.3606851006943639
Hum_XLOC_002524,THP1,0.0,0.41355619775323027
Hum_XLOC_002546,THP1,0.0,0.4222276091164909
Hum_XLOC_002560,THP1,0.0,0.44806362719358994
Hum_XLOC_002570,THP1,0.0,0.388838448522608
Hum_XLOC_002577,THP1,0.0,0.44313867573829874
Hum_XLOC_002579,THP1,0.0,0.43029363258191644
Hum_XLOC_002586,THP1,0.0,0.4107541324643449
Hum_XLOC_002589,THP1,0.0,0.41470242182622136
Hum_XLOC_002629,THP1,0.0,0.3772708471593705
Hum_XLOC_002631,THP1,0.0,0.43267306335026084
Hum_XLOC_002635,THP1,0.0,0.4625162715128238
Hum_XLOC_002644,THP1,0.0,0.40891831456252464
Hum_XLOC_002646,THP1,0.0,0.37658258564566266
Hum_XLOC_002653,THP1,0.0,0.43660646349547927
Hum_XLOC_002681,THP1,0.0,0.3883782920878447
Hum_XLOC_002695,THP1,0.0,0.37364139220556275
Hum_XLOC_002702,THP1,0.0,0.4296176643994731
Hum_XLOC_002705,THP1,0.0,0.47513874888040897
Hum_XLOC_002711,THP1,0.0,0.40928663878991556
Hum_XLOC_002714,THP1,0.0,0.3357278714678094
Hum_XLOC_002717,THP1,0.0,0.4564347327443338
Hum_XLOC_002725,THP1,0.0,0.4932426551668639
Hum_XLOC_002741,THP1,0.0,0.5101388410770888
Hum_XLOC_002742,THP1,0.0,0.4572364118787877
Hum_XLOC_002744,THP1,0.0,0.4218473960449927
Hum_XLOC_002760,THP1,0.0,0.5304431038725409
Hum_XLOC_002788,THP1,0.0,0.4311530456767891
Hum_XLOC_002792,THP1,0.0,0.420492515487987
Hum_XLOC_002796,THP1,0.0,0.4445030664760587
Hum_XLOC_002817,THP1,0.0,0.3703549608368985
Hum_XLOC_002836,THP1,1.0,0.5873041034957951
Hum_XLOC_002844,THP1,0.0,0.46739201398443775
Hum_XLOC_002845,THP1,0.0,0.4208918640949056
Hum_XLOC_002859,THP1,0.0,0.5180263615417614
Hum_XLOC_002889,THP1,0.0,0.33766198301357203
Hum_XLOC_002911,THP1,0.0,0.42628467601986225
Hum_XLOC_002935,THP1,1.0,0.5594555789937616
Hum_XLOC_002937,THP1,0.0,0.4452388680495795
Hum_XLOC_002967,THP1,0.0,0.5495649515140415
Hum_XLOC_002983,THP1,0.0,0.37779702729367337
Hum_XLOC_002986,THP1,0.0,0.5162310266291443
Hum_XLOC_002990,THP1,0.0,0.5028437808442818
Hum_XLOC_003039,THP1,0.0,0.43360905987125514
Hum_XLOC_003061,THP1,0.0,0.4585813990313326
Hum_XLOC_003086,THP1,1.0,0.4260618135866125
Hum_XLOC_003099,THP1,0.0,0.4179276949573687
Hum_XLOC_003109,THP1,1.0,0.49611086799407045
Hum_XLOC_003128,THP1,0.0,0.5442846026998119
Hum_XLOC_003134,THP1,0.0,0.4902389780319871
Hum_XLOC_003137,THP1,0.0,0.3928164942918962
Hum_XLOC_003154,THP1,0.0,0.40956385653938787
Hum_XLOC_003155,THP1,0.0,0.43103636393325356
Hum_XLOC_003171,THP1,0.0,0.4266983762894821
Hum_XLOC_003209,THP1,0.0,0.31152951040993065
Hum_XLOC_003215,THP1,0.0,0.46316342639242747
Hum_XLOC_003221,THP1,0.0,0.5525876709101757
Hum_XLOC_003232,THP1,0.0,0.4622561731024136
Hum_XLOC_003268,THP1,0.0,0.4086673379847378
Hum_XLOC_003269,THP1,0.0,0.44731887124646735
Hum_XLOC_003286,THP1,0.0,0.4900584480487166
Hum_XLOC_003290,THP1,0.0,0.36501754180020096
Hum_XLOC_003294,THP1,0.0,0.4418172926519853
Hum_XLOC_003321,THP1,0.0,0.533419399442353
Hum_XLOC_003324,THP1,0.0,0.518926922643656
Hum_XLOC_003334,THP1,0.0,0.5015490015137665
Hum_XLOC_003337,THP1,0.0,0.4498340887638259
Hum_XLOC_003338,THP1,0.0,0.3902182807254369
Hum_XLOC_003352,THP1,0.0,0.48526497610644415
Hum_XLOC_003357,THP1,0.0,0.3238814906688953
Hum_XLOC_003361,THP1,0.0,0.45306181912888127
Hum_XLOC_003371,THP1,0.0,0.36543598638281716
Hum_XLOC_003381,THP1,0.0,0.5176690596134859
Hum_XLOC_003408,THP1,0.0,0.40986871294742855
Hum_XLOC_003436,THP1,0.0,0.385151061564364
Hum_XLOC_003440,THP1,0.0,0.4293946108649801
Hum_XLOC_003450,THP1,0.0,0.4685110354980027
Hum_XLOC_003466,THP1,0.0,0.4359003013214036
Hum_XLOC_003488,THP1,0.0,0.41128918530182945
Hum_XLOC_003491,THP1,0.0,0.5520910567500217
Hum_XLOC_003497,THP1,0.0,0.4148088703523633
Hum_XLOC_003498,THP1,0.0,0.5085725281490523
Hum_XLOC_003502,THP1,0.0,0.4286392388416411
Hum_XLOC_003518,THP1,0.0,0.5136534057698771
Hum_XLOC_003532,THP1,0.0,0.36781333814277584
Hum_XLOC_003543,THP1,0.0,0.36629419029943777
Hum_XLOC_003554,THP1,1.0,0.45147093239960967
Hum_XLOC_003563,THP1,0.0,0.4461794192376953
Hum_XLOC_003567,THP1,0.0,0.45469078121258166
Hum_XLOC_003568,THP1,0.0,0.4148513250469243
Hum_XLOC_003570,THP1,0.0,0.2991468683847089
Hum_XLOC_003571,THP1,0.0,0.43740643734624707
Hum_XLOC_003593,THP1,0.0,0.4567893914036345
Hum_XLOC_003594,THP1,0.0,0.42265163044515325
Hum_XLOC_003598,THP1,0.0,0.4248579431429152
Hum_XLOC_003626,THP1,0.0,0.3843589631227848
Hum_XLOC_003628,THP1,1.0,0.3350471452079023
Hum_XLOC_003630,THP1,0.0,0.4525832189295811
Hum_XLOC_003641,THP1,0.0,0.4729366862851501
Hum_XLOC_003662,THP1,0.0,0.4766047158885773
Hum_XLOC_003665,THP1,0.0,0.4838548601441764
Hum_XLOC_003672,THP1,0.0,0.40055399010450576
Hum_XLOC_003673,THP1,0.0,0.44016711864159996
Hum_XLOC_003674,THP1,0.0,0.4021112824245761
Hum_XLOC_003676,THP1,0.0,0.4361606387210148
Hum_XLOC_003686,THP1,0.0,0.433445212775879
Hum_XLOC_003697,THP1,0.0,0.3683891205270599
Hum_XLOC_003717,THP1,0.0,0.41408652883539937
Hum_XLOC_003725,THP1,0.0,0.4829400615081109
Hum_XLOC_003743,THP1,0.0,0.4616005662446282
Hum_XLOC_003754,THP1,0.0,0.42914181547346836
Hum_XLOC_003766,THP1,0.0,0.539841791839045
Hum_XLOC_003775,THP1,0.0,0.413786749053116
Hum_XLOC_003790,THP1,0.0,0.40408087471879806
Hum_XLOC_003799,THP1,0.0,0.5329341274395926
Hum_XLOC_003853,THP1,0.0,0.43605743954238413
Hum_XLOC_003865,THP1,0.0,0.4896333841438746
Hum_XLOC_003871,THP1,0.0,0.4285555109991176
Hum_XLOC_003891,THP1,0.0,0.42778182375298607
Hum_XLOC_003892,THP1,1.0,0.4752253830700713
Hum_XLOC_003910,THP1,0.0,0.5061592321866402
Hum_XLOC_003911,THP1,0.0,0.49120762175349025
Hum_XLOC_003952,THP1,0.0,0.46178372411199753
Hum_XLOC_003971,THP1,0.0,0.45864560569703305
Hum_XLOC_003988,THP1,0.0,0.3936022448327343
Hum_XLOC_004020,THP1,0.0,0.41229329012566746
Hum_XLOC_004035,THP1,0.0,0.5350248291692956
Hum_XLOC_004036,THP1,0.0,0.47904437493814733
Hum_XLOC_004048,THP1,0.0,0.4615636779739029
Hum_XLOC_004068,THP1,0.0,0.4262998321028126
Hum_XLOC_004069,THP1,0.0,0.34070734782990564
Hum_XLOC_004095,THP1,0.0,0.4956346207280998
Hum_XLOC_004096,THP1,0.0,0.4744004622526323
Hum_XLOC_004116,THP1,0.0,0.5242063031186037
Hum_XLOC_004123,THP1,0.0,0.42505810367304353
Hum_XLOC_004134,THP1,0.0,0.4540367553500028
Hum_XLOC_004161,THP1,0.0,0.45814584644808465
Hum_XLOC_004168,THP1,0.0,0.4481577834486623
Hum_XLOC_004169,THP1,0.0,0.4649556241700146
Hum_XLOC_004177,THP1,0.0,0.4061658504554468
Hum_XLOC_004200,THP1,0.0,0.4035653729589781
Hum_XLOC_004201,THP1,0.0,0.3535839766127299
Hum_XLOC_004219,THP1,0.0,0.3618411073351931
Hum_XLOC_004226,THP1,0.0,0.379474062031561
Hum_XLOC_004227,THP1,0.0,0.3920215254914795
Hum_XLOC_004236,THP1,0.0,0.45339369493000214
Hum_XLOC_004254,THP1,1.0,0.6832125964282723
Hum_XLOC_004255,THP1,0.0,0.45639049239553015
Hum_XLOC_004262,THP1,1.0,0.4882425164981207
Hum_XLOC_004269,THP1,0.0,0.44320116193770887
Hum_XLOC_004277,THP1,0.0,0.450957641374988
Hum_XLOC_004278,THP1,0.0,0.5139398042700083
Hum_XLOC_004282,THP1,0.0,0.40188572500509806
Hum_XLOC_004287,THP1,0.0,0.5191405054550114
Hum_XLOC_004293,THP1,0.0,0.34719204620265154
Hum_XLOC_004302,THP1,0.0,0.480290755272326
Hum_XLOC_004303,THP1,0.0,0.4161087527897161
Hum_XLOC_004306,THP1,0.0,0.39550047817917644
Hum_XLOC_004309,THP1,0.0,0.3876961968332563
Hum_XLOC_004314,THP1,0.0,0.36371444580515766
Hum_XLOC_004317,THP1,0.0,0.38028417810588744
Hum_XLOC_004336,THP1,1.0,0.42194530809053316
Hum_XLOC_004343,THP1,0.0,0.38357670216367157
Hum_XLOC_004350,THP1,0.0,0.4208737560576745
Hum_XLOC_004361,THP1,0.0,0.4249495246427749
Hum_XLOC_004363,THP1,0.0,0.46396163923939704
Hum_XLOC_004401,THP1,0.0,0.42181846343005513
Hum_XLOC_004405,THP1,0.0,0.43257551244208364
Hum_XLOC_004407,THP1,0.0,0.4243153702752842
Hum_XLOC_004424,THP1,0.0,0.5208275303606054
Hum_XLOC_004437,THP1,0.0,0.366036990609057
Hum_XLOC_004446,THP1,0.0,0.42105789255188975
Hum_XLOC_004457,THP1,0.0,0.47727498547003777
Hum_XLOC_004482,THP1,0.0,0.506255216652876
Hum_XLOC_004502,THP1,0.0,0.41381925110836326
Hum_XLOC_004515,THP1,0.0,0.45663213178355283
Hum_XLOC_004529,THP1,0.0,0.49768675809014123
Hum_XLOC_004535,THP1,0.0,0.45734819224184103
Hum_XLOC_004553,THP1,0.0,0.508627743440747
Hum_XLOC_004566,THP1,0.0,0.374558263560547
Hum_XLOC_004567,THP1,0.0,0.4844896136733765
Hum_XLOC_004572,THP1,1.0,0.5305823777070963
Hum_XLOC_004578,THP1,0.0,0.36525362342377765
Hum_XLOC_004580,THP1,0.0,0.39605792539494034
Hum_XLOC_004581,THP1,0.0,0.34129483062587485
Hum_XLOC_004587,THP1,0.0,0.43058092055328084
Hum_XLOC_004600,THP1,0.0,0.5932039546851854
Hum_XLOC_004601,THP1,0.0,0.37140040709429856
Hum_XLOC_004607,THP1,0.0,0.3862775602155145
Hum_XLOC_004617,THP1,0.0,0.44680527052742597
Hum_XLOC_004619,THP1,0.0,0.4505124769133709
Hum_XLOC_004620,THP1,0.0,0.4386071635068303
Hum_XLOC_004632,THP1,0.0,0.45835329045930157
Hum_XLOC_004636,THP1,0.0,0.5159455890071197
Hum_XLOC_004652,THP1,0.0,0.3796434413817012
Hum_XLOC_004653,THP1,0.0,0.45398021126323157
Hum_XLOC_004657,THP1,0.0,0.5000968147585284
Hum_XLOC_004661,THP1,0.0,0.5340950010958615
Hum_XLOC_004683,THP1,0.0,0.4019361923635338
Hum_XLOC_004684,THP1,0.0,0.5042546893180155
Hum_XLOC_004688,THP1,0.0,0.3834297141132945
Hum_XLOC_004689,THP1,0.0,0.4390068589620909
Hum_XLOC_004705,THP1,0.0,0.43796828766398066
Hum_XLOC_004717,THP1,0.0,0.4968718039347611
Hum_XLOC_004718,THP1,0.0,0.4485927262277154
Hum_XLOC_004733,THP1,0.0,0.5676703016380229
Hum_XLOC_004741,THP1,0.0,0.3610400471178318
Hum_XLOC_004762,THP1,0.0,0.3957148818353342
Hum_XLOC_004771,THP1,0.0,0.3367428582602386
Hum_XLOC_004777,THP1,0.0,0.3827657989471293
Hum_XLOC_004788,THP1,0.0,0.47565743517957926
Hum_XLOC_004791,THP1,0.0,0.3916131092460146
Hum_XLOC_004795,THP1,0.0,0.40855035101446735
Hum_XLOC_004803,THP1,0.0,0.45253826689600307
Hum_XLOC_004805,THP1,0.0,0.42623187008680063
Hum_XLOC_004813,THP1,0.0,0.44415265657451386
Hum_XLOC_004815,THP1,0.0,0.38061482407113234
Hum_XLOC_004822,THP1,0.0,0.3869248877054769
Hum_XLOC_004823,THP1,0.0,0.4295991826981936
Hum_XLOC_004827,THP1,0.0,0.44864248004006424
Hum_XLOC_004837,THP1,0.0,0.43635407365061046
Hum_XLOC_004839,THP1,0.0,0.4867163952623408
Hum_XLOC_004855,THP1,0.0,0.3871449014029667
Hum_XLOC_004874,THP1,0.0,0.38695886134044954
Hum_XLOC_004875,THP1,0.0,0.442964091177644
Hum_XLOC_004878,THP1,0.0,0.4907669434787052
Hum_XLOC_004884,THP1,0.0,0.4411863605654248
Hum_XLOC_004911,THP1,0.0,0.46956812910107776
Hum_XLOC_004915,THP1,1.0,0.4926857197807939
Hum_XLOC_004927,THP1,0.0,0.41586437536773413
Hum_XLOC_004929,THP1,0.0,0.39672453376051103
Hum_XLOC_004936,THP1,0.0,0.30557683541136477
Hum_XLOC_004957,THP1,0.0,0.35476923172879676
Hum_XLOC_004960,THP1,0.0,0.4725797797990081
Hum_XLOC_004965,THP1,0.0,0.36837145412197053
