target,cell_line,y_pred_proba
Hum_XLOC_000006,HAP1,0.09602044802007492
Hum_XLOC_000008,HAP1,0.07087222225388323
Hum_XLOC_000016,HAP1,0.07742687466320818
Hum_XLOC_000030,HAP1,0.07153693358499684
Hum_XLOC_000033,HAP1,0.0701619917404332
Hum_XLOC_000039,HAP1,0.0782701826072091
Hum_XLOC_000053,HAP1,0.04724007621412575
Hum_XLOC_000057,HAP1,0.0749113484284781
Hum_XLOC_000060,HAP1,0.07649826543628956
Hum_XLOC_000080,HAP1,0.05623236752680906
Hum_XLOC_000094,HAP1,0.07524965722724541
Hum_XLOC_000100,HAP1,0.07673807146553131
Hum_XLOC_000105,HAP1,0.03831701768592935
Hum_XLOC_000107,HAP1,0.04543967071257208
Hum_XLOC_000111,HAP1,0.06161678349603304
Hum_XLOC_000134,HAP1,0.04543918395587671
Hum_XLOC_000143,HAP1,0.07994796812662208
Hum_XLOC_000145,HAP1,0.0821346733339495
Hum_XLOC_000149,HAP1,0.06245979032464989
Hum_XLOC_000155,HAP1,0.0729686397002182
Hum_XLOC_000169,HAP1,0.08646996580781617
Hum_XLOC_000170,HAP1,0.0714778177382643
Hum_XLOC_000194,HAP1,0.08432968136604631
Hum_XLOC_000201,HAP1,0.05949182641347342
Hum_XLOC_000231,HAP1,0.07756636015646372
Hum_XLOC_000233,HAP1,0.08115422073749262
Hum_XLOC_000245,HAP1,0.057082608192974976
Hum_XLOC_000247,HAP1,0.06495988029153746
Hum_XLOC_000248,HAP1,0.07041491350549715
Hum_XLOC_000265,HAP1,0.07196746170246254
Hum_XLOC_000282,HAP1,0.0732799302267702
Hum_XLOC_000286,HAP1,0.08142194110700623
Hum_XLOC_000292,HAP1,0.04207675112198544
Hum_XLOC_000307,HAP1,0.049882508746495094
Hum_XLOC_000308,HAP1,0.06146682835069029
Hum_XLOC_000312,HAP1,0.06544511866447468
Hum_XLOC_000314,HAP1,0.05358381704521498
Hum_XLOC_000317,HAP1,0.05979045858299263
Hum_XLOC_000319,HAP1,0.07420541089506742
Hum_XLOC_000332,HAP1,0.0697996182233038
Hum_XLOC_000338,HAP1,0.10855741470201007
Hum_XLOC_000342,HAP1,0.0626171685721379
Hum_XLOC_000345,HAP1,0.042248603141730526
Hum_XLOC_000362,HAP1,0.054551865758326504
Hum_XLOC_000377,HAP1,0.06304465646296108
Hum_XLOC_000390,HAP1,0.06034945200816824
Hum_XLOC_000394,HAP1,0.06694788069586802
Hum_XLOC_000411,HAP1,0.07628670726130131
Hum_XLOC_000415,HAP1,0.07159652957878376
Hum_XLOC_000430,HAP1,0.0666713704372362
Hum_XLOC_000436,HAP1,0.08717076963205485
Hum_XLOC_000437,HAP1,0.0774836439969882
Hum_XLOC_000456,HAP1,0.10171466492802966
Hum_XLOC_000461,HAP1,0.07167766255837853
Hum_XLOC_000462,HAP1,0.06874653108280152
Hum_XLOC_000465,HAP1,0.07041841112663988
Hum_XLOC_000472,HAP1,0.07171540187144809
Hum_XLOC_000474,HAP1,0.04950197394788876
Hum_XLOC_000478,HAP1,0.0681993832937233
Hum_XLOC_000486,HAP1,0.05114361460911404
Hum_XLOC_000490,HAP1,0.05385722962338816
Hum_XLOC_000498,HAP1,0.07036630467958252
Hum_XLOC_000500,HAP1,0.060105801019333036
Hum_XLOC_000510,HAP1,0.08094353413459174
Hum_XLOC_000535,HAP1,0.07338749717327991
Hum_XLOC_000540,HAP1,0.07292735996760857
Hum_XLOC_000556,HAP1,0.05029366781998955
Hum_XLOC_000574,HAP1,0.06168828343148024
Hum_XLOC_000575,HAP1,0.07234931202589093
Hum_XLOC_000582,HAP1,0.03703338149110092
Hum_XLOC_000590,HAP1,0.067146544017959
Hum_XLOC_000601,HAP1,0.04108345075946112
Hum_XLOC_000604,HAP1,0.069449975830734
Hum_XLOC_000608,HAP1,0.07400991453876066
Hum_XLOC_000612,HAP1,0.060627967530434285
Hum_XLOC_000636,HAP1,0.10615600152383108
Hum_XLOC_000638,HAP1,0.07484675332371889
Hum_XLOC_000641,HAP1,0.0385641845458589
Hum_XLOC_000655,HAP1,0.10793116301730984
Hum_XLOC_000668,HAP1,0.047789541329658174
Hum_XLOC_000680,HAP1,0.040460408464967415
Hum_XLOC_000681,HAP1,0.06819466766521594
Hum_XLOC_000695,HAP1,0.057599095592025154
Hum_XLOC_000702,HAP1,0.056490117744305596
Hum_XLOC_000726,HAP1,0.0755674854314936
Hum_XLOC_000727,HAP1,0.03708322148593109
Hum_XLOC_000758,HAP1,0.0601870452953114
Hum_XLOC_000773,HAP1,0.06109664733492011
Hum_XLOC_000774,HAP1,0.07372130574775887
Hum_XLOC_000797,HAP1,0.03483551956157636
Hum_XLOC_000799,HAP1,0.07186958288779768
Hum_XLOC_000800,HAP1,0.05239339322363075
Hum_XLOC_000807,HAP1,0.0679151101305729
Hum_XLOC_000818,HAP1,0.07622484511894628
Hum_XLOC_000828,HAP1,0.058119181955536545
Hum_XLOC_000831,HAP1,0.05790913935054422
Hum_XLOC_000835,HAP1,0.07276094256231755
Hum_XLOC_000840,HAP1,0.06843395984318049
Hum_XLOC_000841,HAP1,0.0715146497785361
Hum_XLOC_000842,HAP1,0.050928469266865374
Hum_XLOC_000854,HAP1,0.06850651214993497
Hum_XLOC_000855,HAP1,0.05247886716721061
Hum_XLOC_000883,HAP1,0.049620631756719075
Hum_XLOC_000885,HAP1,0.03764805575623182
Hum_XLOC_000905,HAP1,0.07902068307952748
Hum_XLOC_000917,HAP1,0.0616011309458859
Hum_XLOC_000925,HAP1,0.07056252944789403
Hum_XLOC_000944,HAP1,0.058712143454684375
Hum_XLOC_000949,HAP1,0.035234992459385675
Hum_XLOC_000953,HAP1,0.04998567546398172
Hum_XLOC_000964,HAP1,0.06992002496110987
Hum_XLOC_000990,HAP1,0.0493807121117601
Hum_XLOC_000994,HAP1,0.07012888464144543
Hum_XLOC_001020,HAP1,0.05867179260935431
Hum_XLOC_001029,HAP1,0.05312243069887963
Hum_XLOC_001066,HAP1,0.06670764622490186
Hum_XLOC_001120,HAP1,0.0633150369934638
Hum_XLOC_001121,HAP1,0.07472299878089962
Hum_XLOC_001122,HAP1,0.07739943250220657
Hum_XLOC_001125,HAP1,0.0694505676921868
Hum_XLOC_001132,HAP1,0.050681411846108394
Hum_XLOC_001138,HAP1,0.056245258286564306
Hum_XLOC_001144,HAP1,0.05001665414849582
Hum_XLOC_001146,HAP1,0.06562105471579083
Hum_XLOC_001188,HAP1,0.06886575318925524
Hum_XLOC_001191,HAP1,0.05059872208416486
Hum_XLOC_001192,HAP1,0.07663466461220377
Hum_XLOC_001217,HAP1,0.050979543597933386
Hum_XLOC_001222,HAP1,0.03539565929266085
Hum_XLOC_001228,HAP1,0.060653059664807135
Hum_XLOC_001230,HAP1,0.056772943475659185
Hum_XLOC_001237,HAP1,0.04574488541379447
Hum_XLOC_001243,HAP1,0.055364195461721236
Hum_XLOC_001275,HAP1,0.05321834638372594
Hum_XLOC_001279,HAP1,0.06226003438100224
Hum_XLOC_001291,HAP1,0.07431073132595142
Hum_XLOC_001296,HAP1,0.06564042130135973
Hum_XLOC_001297,HAP1,0.06996384056298076
Hum_XLOC_001309,HAP1,0.04679617824095388
Hum_XLOC_001329,HAP1,0.06752098541380641
Hum_XLOC_001330,HAP1,0.058349237512148405
Hum_XLOC_001355,HAP1,0.052544403422206766
Hum_XLOC_001366,HAP1,0.05906742431246165
Hum_XLOC_001367,HAP1,0.06583486205752817
Hum_XLOC_001375,HAP1,0.06450922305385491
Hum_XLOC_001390,HAP1,0.04267441886991464
Hum_XLOC_001405,HAP1,0.038924433132208815
Hum_XLOC_001461,HAP1,0.0462439755813275
Hum_XLOC_001465,HAP1,0.06021133531314716
Hum_XLOC_001488,HAP1,0.05450454653303584
Hum_XLOC_001490,HAP1,0.06386384089301575
Hum_XLOC_001509,HAP1,0.06426474731367217
Hum_XLOC_001516,HAP1,0.04596772870497001
Hum_XLOC_001532,HAP1,0.05202567905424353
Hum_XLOC_001539,HAP1,0.07647724912666337
Hum_XLOC_001541,HAP1,0.07442898903001952
Hum_XLOC_001542,HAP1,0.08134966868135637
Hum_XLOC_001548,HAP1,0.07371772810268443
Hum_XLOC_001559,HAP1,0.061750464472650896
Hum_XLOC_001565,HAP1,0.07768863321241123
Hum_XLOC_001566,HAP1,0.06925694722787736
Hum_XLOC_001575,HAP1,0.04326190541672208
Hum_XLOC_001580,HAP1,0.04721394558709289
Hum_XLOC_001590,HAP1,0.07098560538322816
Hum_XLOC_001615,HAP1,0.09041462018139994
Hum_XLOC_001624,HAP1,0.07243342836951432
Hum_XLOC_001639,HAP1,0.06851291647111937
Hum_XLOC_001661,HAP1,0.06292244243665492
Hum_XLOC_001666,HAP1,0.033165806321285234
Hum_XLOC_001668,HAP1,0.0392823799699409
Hum_XLOC_001688,HAP1,0.05931471449039666
Hum_XLOC_001689,HAP1,0.07189612247352446
Hum_XLOC_001695,HAP1,0.06986874238313058
Hum_XLOC_001696,HAP1,0.05560458959948286
Hum_XLOC_001698,HAP1,0.07515688435076273
Hum_XLOC_001707,HAP1,0.07204344996008369
Hum_XLOC_001760,HAP1,0.06258004490846622
Hum_XLOC_001761,HAP1,0.07092612689851344
Hum_XLOC_001773,HAP1,0.057418302400919816
Hum_XLOC_001775,HAP1,0.06341368782776541
Hum_XLOC_001779,HAP1,0.0811176281628281
Hum_XLOC_001783,HAP1,0.06819473486773582
Hum_XLOC_001791,HAP1,0.08320852589162522
Hum_XLOC_001805,HAP1,0.06261410244589168
Hum_XLOC_001809,HAP1,0.0483012671593591
Hum_XLOC_001848,HAP1,0.06762012586893791
Hum_XLOC_001919,HAP1,0.06793741965718576
Hum_XLOC_001941,HAP1,0.057084255718291836
Hum_XLOC_001942,HAP1,0.07545716126538086
Hum_XLOC_001949,HAP1,0.03535206910644033
Hum_XLOC_001950,HAP1,0.07571283964645904
Hum_XLOC_001953,HAP1,0.0499988812515264
Hum_XLOC_001957,HAP1,0.06230924401520723
Hum_XLOC_001961,HAP1,0.08999292424784817
Hum_XLOC_001969,HAP1,0.0825314720873491
Hum_XLOC_002024,HAP1,0.05895113514790326
Hum_XLOC_002028,HAP1,0.03589816819535602
Hum_XLOC_002033,HAP1,0.06622238141633291
Hum_XLOC_002036,HAP1,0.057271957255125724
Hum_XLOC_002037,HAP1,0.06837301155092362
Hum_XLOC_002041,HAP1,0.03820505521812634
Hum_XLOC_002059,HAP1,0.0831236736074967
Hum_XLOC_002061,HAP1,0.046929931300128305
Hum_XLOC_002068,HAP1,0.04156594074873182
Hum_XLOC_002081,HAP1,0.07241053323533732
Hum_XLOC_002093,HAP1,0.05929587275706995
Hum_XLOC_002099,HAP1,0.042706491684446554
Hum_XLOC_002144,HAP1,0.06891147864825894
Hum_XLOC_002150,HAP1,0.0617991027514178
Hum_XLOC_002152,HAP1,0.06378606768048621
Hum_XLOC_002154,HAP1,0.05781696749350038
Hum_XLOC_002169,HAP1,0.09228490970054928
Hum_XLOC_002170,HAP1,0.05398321927613421
Hum_XLOC_002176,HAP1,0.06611089025585998
Hum_XLOC_002178,HAP1,0.043723055243683764
Hum_XLOC_002186,HAP1,0.06967924908423442
Hum_XLOC_002204,HAP1,0.07382462855684495
Hum_XLOC_002205,HAP1,0.06480368023328564
Hum_XLOC_002219,HAP1,0.06530358056466103
Hum_XLOC_002244,HAP1,0.06321044545704568
Hum_XLOC_002252,HAP1,0.07315782381513493
Hum_XLOC_002261,HAP1,0.06590947074040654
Hum_XLOC_002262,HAP1,0.06636064220539903
Hum_XLOC_002265,HAP1,0.07619883705302688
Hum_XLOC_002271,HAP1,0.07742023553274885
Hum_XLOC_002280,HAP1,0.060449815702703774
Hum_XLOC_002282,HAP1,0.06942769908174495
Hum_XLOC_002283,HAP1,0.08061010293477569
Hum_XLOC_002284,HAP1,0.06247906656692061
Hum_XLOC_002294,HAP1,0.07173415262264504
Hum_XLOC_002296,HAP1,0.06374943056976054
Hum_XLOC_002299,HAP1,0.05482952196357892
Hum_XLOC_002301,HAP1,0.054986860478695054
Hum_XLOC_002306,HAP1,0.0692374260617121
Hum_XLOC_002311,HAP1,0.07738124309043437
Hum_XLOC_002313,HAP1,0.061677462713055624
Hum_XLOC_002314,HAP1,0.08024289259106775
Hum_XLOC_002327,HAP1,0.07843105616219448
Hum_XLOC_002330,HAP1,0.0625498005766919
Hum_XLOC_002338,HAP1,0.06365729186622775
Hum_XLOC_002344,HAP1,0.037320050412599996
Hum_XLOC_002347,HAP1,0.07939428450481296
Hum_XLOC_002348,HAP1,0.07676276680561628
Hum_XLOC_002362,HAP1,0.03567824365390952
Hum_XLOC_002364,HAP1,0.06548398976754598
Hum_XLOC_002383,HAP1,0.03418712655483664
Hum_XLOC_002386,HAP1,0.0702348323838628
Hum_XLOC_002390,HAP1,0.07491053626467821
Hum_XLOC_002394,HAP1,0.08167814817808731
Hum_XLOC_002398,HAP1,0.06707754588472378
Hum_XLOC_002399,HAP1,0.04760414187575091
Hum_XLOC_002408,HAP1,0.044861433851290405
Hum_XLOC_002414,HAP1,0.06410448414994377
Hum_XLOC_002418,HAP1,0.05419347956575537
Hum_XLOC_002435,HAP1,0.06628450144014705
Hum_XLOC_002440,HAP1,0.06624982763260687
Hum_XLOC_002489,HAP1,0.05592927417164886
Hum_XLOC_002490,HAP1,0.06270041572580513
Hum_XLOC_002493,HAP1,0.05434222304978609
Hum_XLOC_002520,HAP1,0.08574109311066547
Hum_XLOC_002524,HAP1,0.03982277462160176
Hum_XLOC_002546,HAP1,0.0673934724962137
Hum_XLOC_002560,HAP1,0.06680504281373775
Hum_XLOC_002570,HAP1,0.041790703657372974
Hum_XLOC_002577,HAP1,0.05985183231499928
Hum_XLOC_002579,HAP1,0.07598015077713641
Hum_XLOC_002586,HAP1,0.03806199842784565
Hum_XLOC_002589,HAP1,0.07577849875275479
Hum_XLOC_002629,HAP1,0.0657836419101552
Hum_XLOC_002631,HAP1,0.06541565014407431
Hum_XLOC_002635,HAP1,0.0354023599702567
Hum_XLOC_002644,HAP1,0.06536625623349313
Hum_XLOC_002646,HAP1,0.06084936717927428
Hum_XLOC_002653,HAP1,0.06997291923368984
Hum_XLOC_002681,HAP1,0.04302299766156907
Hum_XLOC_002695,HAP1,0.061294047512676725
Hum_XLOC_002702,HAP1,0.03534358127758187
Hum_XLOC_002705,HAP1,0.06700397658746103
Hum_XLOC_002711,HAP1,0.06818568012085319
Hum_XLOC_002714,HAP1,0.04983463646172242
Hum_XLOC_002717,HAP1,0.05999349293227365
Hum_XLOC_002725,HAP1,0.04674412556280132
Hum_XLOC_002741,HAP1,0.07915600923682886
Hum_XLOC_002742,HAP1,0.07195914560567859
Hum_XLOC_002744,HAP1,0.04086521961088872
Hum_XLOC_002760,HAP1,0.04345712528310118
Hum_XLOC_002788,HAP1,0.07938264125801554
Hum_XLOC_002792,HAP1,0.07357662078026582
Hum_XLOC_002796,HAP1,0.06279490511974048
Hum_XLOC_002817,HAP1,0.06446374589277976
Hum_XLOC_002836,HAP1,0.12102609569642467
Hum_XLOC_002844,HAP1,0.06725528885912585
Hum_XLOC_002845,HAP1,0.07812401821455912
Hum_XLOC_002859,HAP1,0.0621467061042528
Hum_XLOC_002889,HAP1,0.08725333839531312
Hum_XLOC_002911,HAP1,0.07482654841444286
Hum_XLOC_002935,HAP1,0.0756649676740837
Hum_XLOC_002937,HAP1,0.06807587000671896
Hum_XLOC_002967,HAP1,0.05007079525879776
Hum_XLOC_002983,HAP1,0.0598876976429487
Hum_XLOC_002986,HAP1,0.06206574020991797
Hum_XLOC_002990,HAP1,0.05944273319385948
Hum_XLOC_003039,HAP1,0.0725774424867866
Hum_XLOC_003061,HAP1,0.07101800199915398
Hum_XLOC_003086,HAP1,0.08900806750691248
Hum_XLOC_003099,HAP1,0.04985619717310399
Hum_XLOC_003109,HAP1,0.0772483640355673
Hum_XLOC_003128,HAP1,0.08116065027485875
Hum_XLOC_003134,HAP1,0.07002707893525495
Hum_XLOC_003137,HAP1,0.05842199112360606
Hum_XLOC_003154,HAP1,0.048534346929469806
Hum_XLOC_003155,HAP1,0.05145642163242483
Hum_XLOC_003171,HAP1,0.060138057524798644
Hum_XLOC_003209,HAP1,0.060980869995887435
Hum_XLOC_003215,HAP1,0.08071685811726798
Hum_XLOC_003221,HAP1,0.05393907878080881
Hum_XLOC_003232,HAP1,0.06511241349529706
Hum_XLOC_003268,HAP1,0.06363625252188228
Hum_XLOC_003269,HAP1,0.06616802909494789
Hum_XLOC_003286,HAP1,0.07284814877769924
Hum_XLOC_003290,HAP1,0.048290789313996454
Hum_XLOC_003294,HAP1,0.05646226376880475
Hum_XLOC_003321,HAP1,0.07953353855094988
Hum_XLOC_003324,HAP1,0.06748193833560859
Hum_XLOC_003334,HAP1,0.03950651095823289
Hum_XLOC_003337,HAP1,0.05869832680777933
Hum_XLOC_003338,HAP1,0.05064352468972137
Hum_XLOC_003352,HAP1,0.07770613956876372
Hum_XLOC_003357,HAP1,0.07342433347372204
Hum_XLOC_003361,HAP1,0.07952744786312851
Hum_XLOC_003371,HAP1,0.046143690000455796
Hum_XLOC_003381,HAP1,0.04167972117673196
Hum_XLOC_003408,HAP1,0.041212854999772924
Hum_XLOC_003436,HAP1,0.04545868876285104
Hum_XLOC_003440,HAP1,0.0347277312161698
Hum_XLOC_003450,HAP1,0.07461785974544152
Hum_XLOC_003466,HAP1,0.05577972080594602
Hum_XLOC_003488,HAP1,0.059157184237664695
Hum_XLOC_003491,HAP1,0.06400933285635539
Hum_XLOC_003497,HAP1,0.03827525654000935
Hum_XLOC_003498,HAP1,0.058854166647414136
Hum_XLOC_003502,HAP1,0.07693153198301327
Hum_XLOC_003518,HAP1,0.05421665563746184
Hum_XLOC_003532,HAP1,0.06797964323908233
Hum_XLOC_003543,HAP1,0.047330823095810895
Hum_XLOC_003554,HAP1,0.0819296241093149
Hum_XLOC_003563,HAP1,0.0528464740659127
Hum_XLOC_003567,HAP1,0.0695788507556263
Hum_XLOC_003568,HAP1,0.07375563176840966
Hum_XLOC_003570,HAP1,0.05524474075929402
Hum_XLOC_003571,HAP1,0.06653370287590148
Hum_XLOC_003593,HAP1,0.07722262935968625
Hum_XLOC_003594,HAP1,0.0552915141094602
Hum_XLOC_003598,HAP1,0.05555868419880222
Hum_XLOC_003626,HAP1,0.04719213452614737
Hum_XLOC_003628,HAP1,0.06257235742096193
Hum_XLOC_003630,HAP1,0.06867591002881637
Hum_XLOC_003641,HAP1,0.06753400124367867
Hum_XLOC_003662,HAP1,0.07079032947763447
Hum_XLOC_003665,HAP1,0.07458345749680614
Hum_XLOC_003672,HAP1,0.06628236999601869
Hum_XLOC_003673,HAP1,0.0537148165375804
Hum_XLOC_003674,HAP1,0.07583461175464146
Hum_XLOC_003676,HAP1,0.07942419634693512
Hum_XLOC_003686,HAP1,0.0489321776087857
Hum_XLOC_003697,HAP1,0.040474076031348616
Hum_XLOC_003717,HAP1,0.05106965030199453
Hum_XLOC_003725,HAP1,0.05357923748201597
Hum_XLOC_003743,HAP1,0.04167855392074611
Hum_XLOC_003754,HAP1,0.07300191142559874
Hum_XLOC_003766,HAP1,0.07342696002541688
Hum_XLOC_003775,HAP1,0.0595955235208285
Hum_XLOC_003790,HAP1,0.06015843159341751
Hum_XLOC_003799,HAP1,0.07195935086881133
Hum_XLOC_003853,HAP1,0.03869987719975046
Hum_XLOC_003865,HAP1,0.054059102069935444
Hum_XLOC_003871,HAP1,0.037040220960473914
Hum_XLOC_003891,HAP1,0.05161490530522481
Hum_XLOC_003892,HAP1,0.07444701545393209
Hum_XLOC_003910,HAP1,0.055018458164759254
Hum_XLOC_003911,HAP1,0.05276535869634083
Hum_XLOC_003952,HAP1,0.07242887869232406
Hum_XLOC_003971,HAP1,0.07276651456187995
Hum_XLOC_003988,HAP1,0.07646720841356831
Hum_XLOC_004020,HAP1,0.03665193763401884
Hum_XLOC_004035,HAP1,0.07498009904421624
Hum_XLOC_004036,HAP1,0.09627650274845043
Hum_XLOC_004048,HAP1,0.03901669414517771
Hum_XLOC_004068,HAP1,0.05474935433690078
Hum_XLOC_004069,HAP1,0.03967875208405537
Hum_XLOC_004095,HAP1,0.061408210242461375
Hum_XLOC_004096,HAP1,0.050547794905863
Hum_XLOC_004116,HAP1,0.08444101770301021
Hum_XLOC_004123,HAP1,0.039112134420429205
Hum_XLOC_004134,HAP1,0.06999308818607794
Hum_XLOC_004161,HAP1,0.04919952662880861
Hum_XLOC_004168,HAP1,0.07363176089429879
Hum_XLOC_004169,HAP1,0.03862018968792737
Hum_XLOC_004177,HAP1,0.06484166164527691
Hum_XLOC_004200,HAP1,0.07517322997727705
Hum_XLOC_004201,HAP1,0.06533695589662841
Hum_XLOC_004219,HAP1,0.06274705977832859
Hum_XLOC_004226,HAP1,0.08221952754657995
Hum_XLOC_004227,HAP1,0.07837680670859282
Hum_XLOC_004236,HAP1,0.06531204355869384
Hum_XLOC_004254,HAP1,0.638431431969508
Hum_XLOC_004255,HAP1,0.04463148023948034
Hum_XLOC_004262,HAP1,0.08975298721372178
Hum_XLOC_004269,HAP1,0.046178616158835464
Hum_XLOC_004277,HAP1,0.047211885312653884
Hum_XLOC_004278,HAP1,0.06962986853268224
Hum_XLOC_004282,HAP1,0.06900443218338537
Hum_XLOC_004287,HAP1,0.06958745175134551
Hum_XLOC_004293,HAP1,0.0475810332777999
Hum_XLOC_004302,HAP1,0.05514030825948667
Hum_XLOC_004303,HAP1,0.0395126818346456
Hum_XLOC_004306,HAP1,0.03891812457409081
Hum_XLOC_004309,HAP1,0.0839098396432422
Hum_XLOC_004314,HAP1,0.08636423170726587
Hum_XLOC_004317,HAP1,0.04868521666972074
Hum_XLOC_004336,HAP1,0.07105366880652167
Hum_XLOC_004343,HAP1,0.07239667155208464
Hum_XLOC_004350,HAP1,0.08001546188235736
Hum_XLOC_004361,HAP1,0.03876226986619828
Hum_XLOC_004363,HAP1,0.05905017234103365
Hum_XLOC_004401,HAP1,0.06133642325486176
Hum_XLOC_004405,HAP1,0.06476201296192029
Hum_XLOC_004407,HAP1,0.05384608369953812
Hum_XLOC_004424,HAP1,0.06789537286145741
Hum_XLOC_004437,HAP1,0.06930305520463022
Hum_XLOC_004446,HAP1,0.05548261968176809
Hum_XLOC_004457,HAP1,0.07525842371718126
Hum_XLOC_004482,HAP1,0.0683836067858504
Hum_XLOC_004502,HAP1,0.04008964600868703
Hum_XLOC_004515,HAP1,0.09631566033255148
Hum_XLOC_004529,HAP1,0.0737062765715248
Hum_XLOC_004535,HAP1,0.06166638163117892
Hum_XLOC_004553,HAP1,0.06535649631550776
Hum_XLOC_004566,HAP1,0.0513333881383585
Hum_XLOC_004567,HAP1,0.061897877522729544
Hum_XLOC_004572,HAP1,0.0831831834709899
Hum_XLOC_004578,HAP1,0.06226604117112344
Hum_XLOC_004580,HAP1,0.057329964544445985
Hum_XLOC_004581,HAP1,0.06961683293814847
Hum_XLOC_004587,HAP1,0.051761506523854715
Hum_XLOC_004600,HAP1,0.07765274207619485
Hum_XLOC_004601,HAP1,0.06305129791888159
Hum_XLOC_004607,HAP1,0.07671341842044292
Hum_XLOC_004617,HAP1,0.04781823711769388
Hum_XLOC_004619,HAP1,0.07872032803309705
Hum_XLOC_004620,HAP1,0.07113060069687151
Hum_XLOC_004632,HAP1,0.0707069798889095
Hum_XLOC_004636,HAP1,0.061149127413140617
Hum_XLOC_004652,HAP1,0.06641953130439189
Hum_XLOC_004653,HAP1,0.07038331688541738
Hum_XLOC_004657,HAP1,0.08001263111146946
Hum_XLOC_004661,HAP1,0.06283929770026414
Hum_XLOC_004683,HAP1,0.05012679245061219
Hum_XLOC_004684,HAP1,0.06808558584488343
Hum_XLOC_004688,HAP1,0.08047811361699807
Hum_XLOC_004689,HAP1,0.07148829669091722
Hum_XLOC_004705,HAP1,0.04532575750580512
Hum_XLOC_004717,HAP1,0.053092241276895075
Hum_XLOC_004718,HAP1,0.06510276996626077
Hum_XLOC_004733,HAP1,0.07532106151104039
Hum_XLOC_004741,HAP1,0.03916605579678679
Hum_XLOC_004762,HAP1,0.0763063058348874
Hum_XLOC_004771,HAP1,0.06238612457112798
Hum_XLOC_004777,HAP1,0.07157833486512384
Hum_XLOC_004788,HAP1,0.07174352535866826
Hum_XLOC_004791,HAP1,0.06873132310708716
Hum_XLOC_004795,HAP1,0.061035401030505275
Hum_XLOC_004803,HAP1,0.05646940499436576
Hum_XLOC_004805,HAP1,0.06297485146326134
Hum_XLOC_004813,HAP1,0.06649754090709667
Hum_XLOC_004815,HAP1,0.07197964351033899
Hum_XLOC_004822,HAP1,0.06901068487906699
Hum_XLOC_004823,HAP1,0.0656839299253522
Hum_XLOC_004827,HAP1,0.049367226290231506
Hum_XLOC_004837,HAP1,0.07528624887946507
Hum_XLOC_004839,HAP1,0.05521069812546524
Hum_XLOC_004855,HAP1,0.05969969966047086
Hum_XLOC_004874,HAP1,0.04383915981175074
Hum_XLOC_004875,HAP1,0.07047570577489912
Hum_XLOC_004878,HAP1,0.06858928684633715
Hum_XLOC_004884,HAP1,0.07326865842149166
Hum_XLOC_004911,HAP1,0.03886365672479193
Hum_XLOC_004915,HAP1,0.07895181200447125
Hum_XLOC_004927,HAP1,0.07504828366514912
Hum_XLOC_004929,HAP1,0.07099154863735066
Hum_XLOC_004936,HAP1,0.07216044626317716
Hum_XLOC_004957,HAP1,0.07048062074507164
Hum_XLOC_004960,HAP1,0.07133164298804992
Hum_XLOC_004965,HAP1,0.04127320509435767
Hum_XLOC_004979,HAP1,0.05229248094347595
Hum_XLOC_004983,HAP1,0.07230623671974672
Hum_XLOC_004993,HAP1,0.0649735783102491
Hum_XLOC_005006,HAP1,0.07151320185667964
Hum_XLOC_005009,HAP1,0.04107224936984171
Hum_XLOC_005027,HAP1,0.06554671048327648
Hum_XLOC_005039,HAP1,0.04271029733375153
Hum_XLOC_005052,HAP1,0.06663091827642365
Hum_XLOC_005064,HAP1,0.05644136422081493
Hum_XLOC_005067,HAP1,0.03831296543267387
Hum_XLOC_005075,HAP1,0.03891970577930311
Hum_XLOC_005083,HAP1,0.052376159916620896
Hum_XLOC_005116,HAP1,0.06851204990549517
Hum_XLOC_005120,HAP1,0.07641867782198307
Hum_XLOC_005131,HAP1,0.06775451491351456
Hum_XLOC_005138,HAP1,0.053700170033437584
Hum_XLOC_005173,HAP1,0.06720148992883102
Hum_XLOC_005212,HAP1,0.05545154839679281
Hum_XLOC_005219,HAP1,0.0752321914353818
Hum_XLOC_005230,HAP1,0.06584641354735714
Hum_XLOC_005272,HAP1,0.08443461918451572
Hum_XLOC_005279,HAP1,0.06069683264947294
Hum_XLOC_005283,HAP1,0.054830510278020037
Hum_XLOC_005284,HAP1,0.07395720492233124
Hum_XLOC_005296,HAP1,0.044669570185692564
Hum_XLOC_005317,HAP1,0.06830647094511316
Hum_XLOC_005324,HAP1,0.06604110308299027
Hum_XLOC_005329,HAP1,0.08408037192943456
Hum_XLOC_005338,HAP1,0.07374127409738566
Hum_XLOC_005352,HAP1,0.03779461515531162
Hum_XLOC_005372,HAP1,0.04832118885316679
Hum_XLOC_005394,HAP1,0.07264967217519554
Hum_XLOC_005402,HAP1,0.052131798144099115
Hum_XLOC_005409,HAP1,0.058700175999801346
Hum_XLOC_005458,HAP1,0.06924857539064641
Hum_XLOC_005474,HAP1,0.06084920573818197
Hum_XLOC_005490,HAP1,0.06364690789544565
Hum_XLOC_005499,HAP1,0.0649156218033862
Hum_XLOC_005502,HAP1,0.06578139309088885
Hum_XLOC_005513,HAP1,0.07268002137496352
Hum_XLOC_005516,HAP1,0.06808890201858522
Hum_XLOC_005526,HAP1,0.0748976859442403
Hum_XLOC_005529,HAP1,0.07624445280876795
Hum_XLOC_005531,HAP1,0.039241218466210974
Hum_XLOC_005541,HAP1,0.07435599438514981
Hum_XLOC_005571,HAP1,0.05920957512592449
Hum_XLOC_005573,HAP1,0.06341804382372715
Hum_XLOC_005610,HAP1,0.0709215201624969
Hum_XLOC_005619,HAP1,0.052142789904247394
Hum_XLOC_005624,HAP1,0.08959055226761753
Hum_XLOC_005627,HAP1,0.069051774665435
Hum_XLOC_005631,HAP1,0.07296328554712708
Hum_XLOC_005648,HAP1,0.0716224540466013
Hum_XLOC_005656,HAP1,0.05812407657958923
Hum_XLOC_005658,HAP1,0.06274458921303014
Hum_XLOC_005659,HAP1,0.05775744622685454
Hum_XLOC_005666,HAP1,0.055429525924221276
Hum_XLOC_005667,HAP1,0.06907339030438582
Hum_XLOC_005668,HAP1,0.06877297633398807
Hum_XLOC_005675,HAP1,0.06757129540314978
Hum_XLOC_005685,HAP1,0.06790229192401137
Hum_XLOC_005690,HAP1,0.10402508941406839
Hum_XLOC_005695,HAP1,0.0630719031517661
Hum_XLOC_005708,HAP1,0.06815153088919408
Hum_XLOC_005749,HAP1,0.06236193610570638
Hum_XLOC_005768,HAP1,0.06702731608116949
Hum_XLOC_005793,HAP1,0.06501318454139363
Hum_XLOC_005803,HAP1,0.06253378781419183
Hum_XLOC_005812,HAP1,0.05667469467623743
Hum_XLOC_005834,HAP1,0.042202221961764805
Hum_XLOC_005846,HAP1,0.04327320734896221
Hum_XLOC_005851,HAP1,0.06879263698167402
Hum_XLOC_005856,HAP1,0.05768340113533152
Hum_XLOC_005857,HAP1,0.03202922806989627
Hum_XLOC_005870,HAP1,0.05357720607484529
Hum_XLOC_005873,HAP1,0.10580488983987842
Hum_XLOC_005882,HAP1,0.07665754980388004
Hum_XLOC_005906,HAP1,0.06939491172885767
Hum_XLOC_005913,HAP1,0.03660287304417974
Hum_XLOC_005916,HAP1,0.07756764890006208
Hum_XLOC_005918,HAP1,0.0401479861571582
Hum_XLOC_005926,HAP1,0.09687667111877654
Hum_XLOC_005940,HAP1,0.07077517898260134
Hum_XLOC_005958,HAP1,0.05730514386599102
Hum_XLOC_005959,HAP1,0.03807830559719285
Hum_XLOC_005962,HAP1,0.04525202418086499
Hum_XLOC_005981,HAP1,0.06241626145251368
Hum_XLOC_005989,HAP1,0.07205210875088261
Hum_XLOC_005995,HAP1,0.05979355557145634
Hum_XLOC_005997,HAP1,0.07070915304302772
Hum_XLOC_006029,HAP1,0.06897362309802502
Hum_XLOC_006040,HAP1,0.07460648201294368
Hum_XLOC_006051,HAP1,0.06317730585722339
Hum_XLOC_006053,HAP1,0.044335359506743936
Hum_XLOC_006054,HAP1,0.07008464862099453
Hum_XLOC_006070,HAP1,0.062163371354456744
Hum_XLOC_006073,HAP1,0.06870127840583184
Hum_XLOC_006076,HAP1,0.039867126577114595
Hum_XLOC_006081,HAP1,0.04030541499923762
Hum_XLOC_006082,HAP1,0.04339553663798844
Hum_XLOC_006108,HAP1,0.06797039940634457
Hum_XLOC_006110,HAP1,0.0821154784722175
Hum_XLOC_006111,HAP1,0.07390617971646485
Hum_XLOC_006119,HAP1,0.05276808657350345
Hum_XLOC_006126,HAP1,0.062443514241649484
Hum_XLOC_006131,HAP1,0.0683151160506357
Hum_XLOC_006134,HAP1,0.05712243018295536
Hum_XLOC_006136,HAP1,0.0674593009393667
Hum_XLOC_006144,HAP1,0.06300518682216111
Hum_XLOC_006174,HAP1,0.07122685908072489
Hum_XLOC_006175,HAP1,0.0804899916129976
Hum_XLOC_006177,HAP1,0.07513697064617288
Hum_XLOC_006190,HAP1,0.06388561715764851
Hum_XLOC_006217,HAP1,0.06658958146755174
Hum_XLOC_006231,HAP1,0.07663052860381878
Hum_XLOC_006258,HAP1,0.040895380941929474
Hum_XLOC_006259,HAP1,0.0466997189794099
Hum_XLOC_006264,HAP1,0.0628958480823895
Hum_XLOC_006267,HAP1,0.05882065124935634
Hum_XLOC_006269,HAP1,0.08140806066339354
Hum_XLOC_006274,HAP1,0.06688523901394561
Hum_XLOC_006278,HAP1,0.06529323421852001
Hum_XLOC_006280,HAP1,0.06673633337884076
Hum_XLOC_006306,HAP1,0.06888731924878651
Hum_XLOC_006315,HAP1,0.06972126466294801
Hum_XLOC_006316,HAP1,0.06392749429937072
Hum_XLOC_006318,HAP1,0.0649313126586542
Hum_XLOC_006320,HAP1,0.04922497863788426
Hum_XLOC_006323,HAP1,0.07390626319031904
Hum_XLOC_006335,HAP1,0.06991093302794414
Hum_XLOC_006343,HAP1,0.05705661542844549
Hum_XLOC_006346,HAP1,0.046134685190547926
Hum_XLOC_006355,HAP1,0.04412111333285881
Hum_XLOC_006368,HAP1,0.06633766727316617
Hum_XLOC_006369,HAP1,0.06443830983245274
Hum_XLOC_006370,HAP1,0.06354974814636755
Hum_XLOC_006380,HAP1,0.08025108301174591
Hum_XLOC_006403,HAP1,0.08519093975414854
Hum_XLOC_006422,HAP1,0.05399742185039916
Hum_XLOC_006427,HAP1,0.07288901638366299
Hum_XLOC_006434,HAP1,0.06203532840815991
Hum_XLOC_006445,HAP1,0.04426141284250346
Hum_XLOC_006455,HAP1,0.07554459687901174
Hum_XLOC_006475,HAP1,0.05392938376136784
Hum_XLOC_006482,HAP1,0.06433626805470243
Hum_XLOC_006486,HAP1,0.03505345667718964
Hum_XLOC_006491,HAP1,0.047672550765462354
Hum_XLOC_006497,HAP1,0.043380399467176964
Hum_XLOC_006509,HAP1,0.0658396532398692
Hum_XLOC_006516,HAP1,0.03774668115220387
Hum_XLOC_006518,HAP1,0.035352182610667665
Hum_XLOC_006536,HAP1,0.07173265711868658
Hum_XLOC_006539,HAP1,0.0853684066426845
Hum_XLOC_006545,HAP1,0.07222524224611475
Hum_XLOC_006547,HAP1,0.11301264578570444
Hum_XLOC_006559,HAP1,0.07064201289166366
Hum_XLOC_006565,HAP1,0.042610180883204715
Hum_XLOC_006570,HAP1,0.0696776056633628
Hum_XLOC_006606,HAP1,0.055710047513381475
Hum_XLOC_006609,HAP1,0.06067186080323267
Hum_XLOC_006612,HAP1,0.04466263069867246
Hum_XLOC_006625,HAP1,0.06929778422419716
Hum_XLOC_006626,HAP1,0.06858570587338214
Hum_XLOC_006631,HAP1,0.05904494203074986
Hum_XLOC_006637,HAP1,0.07683937430357102
Hum_XLOC_006709,HAP1,0.04013078082989696
Hum_XLOC_006725,HAP1,0.03709044624338297
Hum_XLOC_006730,HAP1,0.08255813601981372
Hum_XLOC_006738,HAP1,0.054091310551832514
Hum_XLOC_006743,HAP1,0.041174326784715734
Hum_XLOC_006744,HAP1,0.05440446184673144
Hum_XLOC_006756,HAP1,0.04622061865666098
Hum_XLOC_006799,HAP1,0.03705204118789135
Hum_XLOC_006817,HAP1,0.0398299471248288
Hum_XLOC_006822,HAP1,0.07894342615837865
Hum_XLOC_006823,HAP1,0.040578137180430726
Hum_XLOC_006830,HAP1,0.05415348849996375
Hum_XLOC_006853,HAP1,0.06755765551436498
Hum_XLOC_006865,HAP1,0.07343994994377989
Hum_XLOC_006879,HAP1,0.07617422879602852
Hum_XLOC_006881,HAP1,0.10337333148741261
Hum_XLOC_006898,HAP1,0.0716165659276859
Hum_XLOC_006908,HAP1,0.06174305872554427
Hum_XLOC_006922,HAP1,0.04255142754535661
Hum_XLOC_006931,HAP1,0.05555029016766266
Hum_XLOC_006946,HAP1,0.04943116007801992
Hum_XLOC_006957,HAP1,0.07013288257318206
Hum_XLOC_006963,HAP1,0.06698073645722255
Hum_XLOC_006985,HAP1,0.07277796700176932
Hum_XLOC_006989,HAP1,0.0567394803575524
Hum_XLOC_006992,HAP1,0.06881270007513215
Hum_XLOC_006998,HAP1,0.0623112901171977
Hum_XLOC_007004,HAP1,0.06772824074803696
Hum_XLOC_007031,HAP1,0.0688023470652502
Hum_XLOC_007036,HAP1,0.06063936914802652
Hum_XLOC_007039,HAP1,0.059862895205188754
Hum_XLOC_007054,HAP1,0.03522327236058817
Hum_XLOC_007056,HAP1,0.03612016001529247
Hum_XLOC_007057,HAP1,0.07267555618089347
Hum_XLOC_007065,HAP1,0.06762912714326202
Hum_XLOC_007109,HAP1,0.045101597139055996
Hum_XLOC_007118,HAP1,0.06314698533739514
Hum_XLOC_007144,HAP1,0.07305031686303015
Hum_XLOC_007162,HAP1,0.07457350109240207
Hum_XLOC_007165,HAP1,0.07354318248201036
Hum_XLOC_007167,HAP1,0.06737671171937146
Hum_XLOC_007170,HAP1,0.06748351280709051
Hum_XLOC_007171,HAP1,0.06503495221160346
Hum_XLOC_007193,HAP1,0.03932896048126147
Hum_XLOC_007197,HAP1,0.06845946945889199
Hum_XLOC_007198,HAP1,0.06073182918280064
Hum_XLOC_007199,HAP1,0.06774970559418825
Hum_XLOC_007203,HAP1,0.06196675407145252
Hum_XLOC_007215,HAP1,0.046040088719889335
Hum_XLOC_007232,HAP1,0.07692663631252131
Hum_XLOC_007249,HAP1,0.07245544922978889
Hum_XLOC_007250,HAP1,0.07042104739204669
Hum_XLOC_007252,HAP1,0.07456963876832114
Hum_XLOC_007277,HAP1,0.07757908339913111
Hum_XLOC_007284,HAP1,0.06660416574151853
Hum_XLOC_007287,HAP1,0.04418076440284627
Hum_XLOC_007327,HAP1,0.0663682532847793
Hum_XLOC_007345,HAP1,0.07836045703639419
Hum_XLOC_007347,HAP1,0.07724879643736297
Hum_XLOC_007349,HAP1,0.04478595513810116
Hum_XLOC_007355,HAP1,0.0714510916540719
Hum_XLOC_007356,HAP1,0.07240854378163511
Hum_XLOC_007362,HAP1,0.03594191002074242
Hum_XLOC_007407,HAP1,0.07190685069767871
Hum_XLOC_007408,HAP1,0.07072748445432109
Hum_XLOC_007419,HAP1,0.040965141021840505
Hum_XLOC_007442,HAP1,0.06974963032074014
Hum_XLOC_007443,HAP1,0.08147320307462103
Hum_XLOC_007452,HAP1,0.07312999815506932
Hum_XLOC_007464,HAP1,0.05427864266293929
Hum_XLOC_007468,HAP1,0.10906575716519584
Hum_XLOC_007485,HAP1,0.06004699285088437
Hum_XLOC_007496,HAP1,0.08668711960468432
Hum_XLOC_007500,HAP1,0.0693769444767228
Hum_XLOC_007512,HAP1,0.07587931478846544
Hum_XLOC_007516,HAP1,0.05458792642007338
Hum_XLOC_007526,HAP1,0.04138142009038853
Hum_XLOC_007532,HAP1,0.06918602508396543
Hum_XLOC_007544,HAP1,0.038488934367364266
Hum_XLOC_007556,HAP1,0.06645349135674558
Hum_XLOC_007560,HAP1,0.07265263612888401
Hum_XLOC_007564,HAP1,0.05105268110994029
Hum_XLOC_007572,HAP1,0.07368579124708331
Hum_XLOC_007581,HAP1,0.05837977049479587
Hum_XLOC_007583,HAP1,0.06408885044990398
Hum_XLOC_007586,HAP1,0.05570229460360654
Hum_XLOC_007588,HAP1,0.04728987588120551
Hum_XLOC_007589,HAP1,0.04240170218881964
Hum_XLOC_007599,HAP1,0.07070955642118866
Hum_XLOC_007608,HAP1,0.06584051637653147
Hum_XLOC_007610,HAP1,0.038675344897318095
Hum_XLOC_007611,HAP1,0.041399043185530164
Hum_XLOC_007612,HAP1,0.07309844544568173
Hum_XLOC_007619,HAP1,0.0747613375922617
Hum_XLOC_007625,HAP1,0.06773041441839421
Hum_XLOC_007643,HAP1,0.06886153705032894
Hum_XLOC_007657,HAP1,0.06669361550629158
Hum_XLOC_007678,HAP1,0.06418110847879474
Hum_XLOC_007682,HAP1,0.08205845164026182
Hum_XLOC_007702,HAP1,0.06638886529714179
Hum_XLOC_007703,HAP1,0.047840996798812895
Hum_XLOC_007709,HAP1,0.06171880725968176
Hum_XLOC_007722,HAP1,0.07787018353067593
Hum_XLOC_007731,HAP1,0.04845298002542062
Hum_XLOC_007742,HAP1,0.045680713486266226
Hum_XLOC_007770,HAP1,0.0376991625711339
Hum_XLOC_007778,HAP1,0.04248185737338822
Hum_XLOC_007802,HAP1,0.05703435711018627
Hum_XLOC_007806,HAP1,0.06416574026078696
Hum_XLOC_007830,HAP1,0.08207507148748085
Hum_XLOC_007843,HAP1,0.06235593071553592
Hum_XLOC_007844,HAP1,0.06523802732904624
Hum_XLOC_007846,HAP1,0.06499389257785351
Hum_XLOC_007847,HAP1,0.06026533995630311
Hum_XLOC_007848,HAP1,0.0680768286493569
Hum_XLOC_007855,HAP1,0.060040157355911075
Hum_XLOC_007859,HAP1,0.06504769587191275
Hum_XLOC_007866,HAP1,0.0771442665381974
Hum_XLOC_007880,HAP1,0.052726322246681924
Hum_XLOC_007882,HAP1,0.06717300169948177
Hum_XLOC_007893,HAP1,0.036759103041122426
Hum_XLOC_007899,HAP1,0.06806063763434612
Hum_XLOC_007915,HAP1,0.06007562464132882
Hum_XLOC_007917,HAP1,0.03861742425732835
Hum_XLOC_007922,HAP1,0.06571484803810948
Hum_XLOC_007924,HAP1,0.054679276373869705
Hum_XLOC_007992,HAP1,0.06446759837541247
Hum_XLOC_007995,HAP1,0.0737238178516162
Hum_XLOC_008008,HAP1,0.07499362825840052
Hum_XLOC_008020,HAP1,0.05334695199432134
Hum_XLOC_008036,HAP1,0.05329225201854107
Hum_XLOC_008050,HAP1,0.0691157765858575
Hum_XLOC_008064,HAP1,0.07502462829349324
Hum_XLOC_008076,HAP1,0.7499810300271925
Hum_XLOC_008081,HAP1,0.4970110480934617
Hum_XLOC_008099,HAP1,0.06647805219164427
Hum_XLOC_008101,HAP1,0.0665567667392206
Hum_XLOC_008115,HAP1,0.06108537676310615
Hum_XLOC_008158,HAP1,0.07507662103052438
Hum_XLOC_008160,HAP1,0.06740670901445728
Hum_XLOC_008171,HAP1,0.07650548584770106
Hum_XLOC_008179,HAP1,0.07259065873445887
Hum_XLOC_008183,HAP1,0.06215146457946398
Hum_XLOC_008199,HAP1,0.0474854220451453
Hum_XLOC_008211,HAP1,0.083351790925284
Hum_XLOC_008223,HAP1,0.08905588650265858
Hum_XLOC_008225,HAP1,0.055948574872017154
Hum_XLOC_008227,HAP1,0.04651205365939323
Hum_XLOC_008245,HAP1,0.040404015574606336
Hum_XLOC_008264,HAP1,0.041588362682495494
Hum_XLOC_008276,HAP1,0.0687449176600794
Hum_XLOC_008281,HAP1,0.07594950268780243
Hum_XLOC_008282,HAP1,0.07534748963434529
Hum_XLOC_008302,HAP1,0.07369087186106202
Hum_XLOC_008304,HAP1,0.0541204442159188
Hum_XLOC_008314,HAP1,0.07264359298706108
Hum_XLOC_008320,HAP1,0.05719826903889405
Hum_XLOC_008329,HAP1,0.037228562631924283
Hum_XLOC_008330,HAP1,0.08459541168366946
Hum_XLOC_008340,HAP1,0.06576721143102982
Hum_XLOC_008366,HAP1,0.08775817053322896
Hum_XLOC_008371,HAP1,0.07460203449714832
Hum_XLOC_008374,HAP1,0.07625333018809978
Hum_XLOC_008392,HAP1,0.03553542236877944
Hum_XLOC_008394,HAP1,0.03498014426919964
Hum_XLOC_008395,HAP1,0.07095087762530211
Hum_XLOC_008422,HAP1,0.07989789976163715
Hum_XLOC_008431,HAP1,0.07446452267482671
Hum_XLOC_008443,HAP1,0.0719800012181062
Hum_XLOC_008462,HAP1,0.06520088699836774
Hum_XLOC_008469,HAP1,0.061924455056157506
Hum_XLOC_008516,HAP1,0.060062750020596786
Hum_XLOC_008524,HAP1,0.05255316509754605
Hum_XLOC_008528,HAP1,0.06209880816389583
Hum_XLOC_008531,HAP1,0.061887143308148
Hum_XLOC_008547,HAP1,0.07076007300541895
Hum_XLOC_008548,HAP1,0.06673552943649971
Hum_XLOC_008561,HAP1,0.04819729731787574
Hum_XLOC_008566,HAP1,0.051894047514386685
Hum_XLOC_008586,HAP1,0.0751926344321143
Hum_XLOC_008588,HAP1,0.03996210149067772
Hum_XLOC_008589,HAP1,0.031211160978327226
Hum_XLOC_008600,HAP1,0.06366831460789509
Hum_XLOC_008621,HAP1,0.052921349849578976
Hum_XLOC_008629,HAP1,0.0791670129505014
Hum_XLOC_008639,HAP1,0.07137001192537282
Hum_XLOC_008664,HAP1,0.16432661407621618
Hum_XLOC_008673,HAP1,0.07142383872550997
Hum_XLOC_008682,HAP1,0.06658260566734354
Hum_XLOC_008683,HAP1,0.11371049331375212
Hum_XLOC_008710,HAP1,0.0657826736396391
Hum_XLOC_008716,HAP1,0.056919848044134386
Hum_XLOC_008727,HAP1,0.06548709593158332
Hum_XLOC_008734,HAP1,0.059013760284032574
Hum_XLOC_008738,HAP1,0.08028134278271755
Hum_XLOC_008743,HAP1,0.051705307251802196
Hum_XLOC_008752,HAP1,0.03441382160192266
Hum_XLOC_008755,HAP1,0.05955627170148707
Hum_XLOC_008775,HAP1,0.07360770348645879
Hum_XLOC_008779,HAP1,0.05293022495641432
Hum_XLOC_008785,HAP1,0.07568675871188002
Hum_XLOC_008787,HAP1,0.07599428604409782
Hum_XLOC_008798,HAP1,0.08686843285669936
Hum_XLOC_008809,HAP1,0.07614035367132364
Hum_XLOC_008827,HAP1,0.07448480415208093
Hum_XLOC_008834,HAP1,0.03901554017674996
Hum_XLOC_008842,HAP1,0.06702038517221967
Hum_XLOC_008843,HAP1,0.06117694321578397
Hum_XLOC_008852,HAP1,0.058814422439882365
Hum_XLOC_008854,HAP1,0.058156852955583496
Hum_XLOC_008855,HAP1,0.057986071235081725
Hum_XLOC_008861,HAP1,0.07947537611697915
Hum_XLOC_008869,HAP1,0.06536482584927208
Hum_XLOC_008885,HAP1,0.0723956603696267
Hum_XLOC_008918,HAP1,0.04960773910872531
Hum_XLOC_008924,HAP1,0.06347275264317159
Hum_XLOC_008933,HAP1,0.06459412651742645
Hum_XLOC_008942,HAP1,0.04288066520395248
Hum_XLOC_008956,HAP1,0.0519360904580147
Hum_XLOC_008969,HAP1,0.06673225382129086
Hum_XLOC_008981,HAP1,0.06782947463484612
Hum_XLOC_008982,HAP1,0.06555137025322356
Hum_XLOC_008997,HAP1,0.07173400499109785
Hum_XLOC_008998,HAP1,0.06938797233554037
Hum_XLOC_009029,HAP1,0.07345420549995074
Hum_XLOC_009036,HAP1,0.05571357503609821
Hum_XLOC_009056,HAP1,0.06249917218855431
Hum_XLOC_009070,HAP1,0.04785041962641567
Hum_XLOC_009083,HAP1,0.06495966539456478
Hum_XLOC_009103,HAP1,0.06391487237619181
Hum_XLOC_009104,HAP1,0.061069807483965996
Hum_XLOC_009106,HAP1,0.07069863500139635
Hum_XLOC_009112,HAP1,0.053383820968413334
Hum_XLOC_009116,HAP1,0.06902164728027432
Hum_XLOC_009117,HAP1,0.058393520968819626
Hum_XLOC_009134,HAP1,0.04256140416157764
Hum_XLOC_009138,HAP1,0.07430367298613189
Hum_XLOC_009143,HAP1,0.06199606614242639
Hum_XLOC_009152,HAP1,0.04426387728407268
Hum_XLOC_009154,HAP1,0.05439608908704075
Hum_XLOC_009172,HAP1,0.06340834610691928
Hum_XLOC_009192,HAP1,0.07449401560823873
Hum_XLOC_009198,HAP1,0.06583067591776348
Hum_XLOC_009204,HAP1,0.05553552314709194
Hum_XLOC_009212,HAP1,0.07118138653484038
Hum_XLOC_009219,HAP1,0.06777549218109813
Hum_XLOC_009221,HAP1,0.06300665599075092
Hum_XLOC_009223,HAP1,0.05847545937434795
Hum_XLOC_009241,HAP1,0.0607575689298693
Hum_XLOC_009248,HAP1,0.059843624385205414
Hum_XLOC_009255,HAP1,0.069525781916257
Hum_XLOC_009296,HAP1,0.06592245953269021
Hum_XLOC_009299,HAP1,0.24376311268952788
Hum_XLOC_009322,HAP1,0.07649683262332921
Hum_XLOC_009336,HAP1,0.06360875199912307
Hum_XLOC_009343,HAP1,0.04112347138130472
Hum_XLOC_009353,HAP1,0.07599348573734577
Hum_XLOC_009372,HAP1,0.27414141460985025
Hum_XLOC_009393,HAP1,0.04345416791077526
Hum_XLOC_009399,HAP1,0.06521599321103903
Hum_XLOC_009422,HAP1,0.08464303074940474
Hum_XLOC_009441,HAP1,0.03854837723723024
Hum_XLOC_009451,HAP1,0.07009131255010363
Hum_XLOC_009456,HAP1,0.06127104366139827
Hum_XLOC_009459,HAP1,0.06802425882229421
Hum_XLOC_009472,HAP1,0.06141091727526418
Hum_XLOC_009473,HAP1,0.07832197875541569
Hum_XLOC_009504,HAP1,0.07444980446745245
Hum_XLOC_009509,HAP1,0.07090851196607348
Hum_XLOC_009512,HAP1,0.06214100903262791
Hum_XLOC_009523,HAP1,0.06867781411734203
Hum_XLOC_009524,HAP1,0.0626496945115278
Hum_XLOC_009529,HAP1,0.06658622898650397
Hum_XLOC_009532,HAP1,0.07270782683073314
Hum_XLOC_009533,HAP1,0.06769582367378812
Hum_XLOC_009563,HAP1,0.039069856716949014
Hum_XLOC_009564,HAP1,0.046598378727743396
Hum_XLOC_009594,HAP1,0.07951827437247275
Hum_XLOC_009600,HAP1,0.040995180980678225
Hum_XLOC_009601,HAP1,0.03958984267322625
Hum_XLOC_009603,HAP1,0.06342085416976431
Hum_XLOC_009605,HAP1,0.09712059952927499
Hum_XLOC_009607,HAP1,0.07242480593636239
Hum_XLOC_009612,HAP1,0.07353839851785665
Hum_XLOC_009613,HAP1,0.08484835539400074
Hum_XLOC_009633,HAP1,0.0427270769461273
Hum_XLOC_009642,HAP1,0.07065926029656971
Hum_XLOC_009655,HAP1,0.06058581373574225
Hum_XLOC_009678,HAP1,0.06658776906499723
Hum_XLOC_009682,HAP1,0.038147868209973644
Hum_XLOC_009697,HAP1,0.03756325557888357
Hum_XLOC_009706,HAP1,0.06922691117462403
Hum_XLOC_009720,HAP1,0.06458876354481767
Hum_XLOC_009729,HAP1,0.04595842841103447
Hum_XLOC_009732,HAP1,0.0675248860533105
Hum_XLOC_009758,HAP1,0.032656175939190596
Hum_XLOC_009774,HAP1,0.05697302944993848
Hum_XLOC_009777,HAP1,0.035060296307362224
Hum_XLOC_009791,HAP1,0.05848042807499308
Hum_XLOC_009793,HAP1,0.0680769864195251
Hum_XLOC_009804,HAP1,0.05422003288337091
Hum_XLOC_009810,HAP1,0.05052198548447599
Hum_XLOC_009811,HAP1,0.066223521315291
Hum_XLOC_009831,HAP1,0.058510245735219915
Hum_XLOC_009832,HAP1,0.040883616288248284
Hum_XLOC_009851,HAP1,0.05503778818397251
Hum_XLOC_009855,HAP1,0.036898795598568526
Hum_XLOC_009858,HAP1,0.06160919932949064
Hum_XLOC_009859,HAP1,0.07064548518784558
Hum_XLOC_009884,HAP1,0.06116817785754059
Hum_XLOC_009887,HAP1,0.07021009782714005
Hum_XLOC_009895,HAP1,0.0728722222629685
Hum_XLOC_009901,HAP1,0.08142062696262616
Hum_XLOC_009911,HAP1,0.07183976012041446
Hum_XLOC_009922,HAP1,0.04407194660370639
Hum_XLOC_009924,HAP1,0.07736704626560122
Hum_XLOC_009932,HAP1,0.0557655735748942
Hum_XLOC_009936,HAP1,0.06920219975368802
Hum_XLOC_009947,HAP1,0.05116525557695893
Hum_XLOC_009963,HAP1,0.06476976681163334
Hum_XLOC_009980,HAP1,0.06420423019803785
Hum_XLOC_009995,HAP1,0.0789432110611038
Hum_XLOC_010016,HAP1,0.07804454395395077
Hum_XLOC_010035,HAP1,0.07725970952749105
Hum_XLOC_010045,HAP1,0.03613759118232606
Hum_XLOC_010058,HAP1,0.06936987034028647
Hum_XLOC_010067,HAP1,0.037491122063482485
Hum_XLOC_010070,HAP1,0.0655974989443739
Hum_XLOC_010077,HAP1,0.03404538412154839
Hum_XLOC_010102,HAP1,0.036634499566830146
Hum_XLOC_010114,HAP1,0.06652154922798184
Hum_XLOC_010122,HAP1,0.06828018766656399
Hum_XLOC_010143,HAP1,0.05681784294767644
Hum_XLOC_010153,HAP1,0.05106788202616647
Hum_XLOC_010179,HAP1,0.06588604837824394
Hum_XLOC_010182,HAP1,0.037117008989211
Hum_XLOC_010191,HAP1,0.06717060403938288
Hum_XLOC_010192,HAP1,0.07611564117078831
Hum_XLOC_010213,HAP1,0.05029647832487849
Hum_XLOC_010234,HAP1,0.06632559912394986
Hum_XLOC_010235,HAP1,0.06724751956025307
Hum_XLOC_010242,HAP1,0.07283979181321801
Hum_XLOC_010243,HAP1,0.07329631696079714
Hum_XLOC_010244,HAP1,0.06424819589393718
Hum_XLOC_010248,HAP1,0.06853209071308058
Hum_XLOC_010252,HAP1,0.049742656020352105
Hum_XLOC_010267,HAP1,0.07408553683609397
Hum_XLOC_010268,HAP1,0.054562415489854105
Hum_XLOC_010276,HAP1,0.049798109442890426
Hum_XLOC_010277,HAP1,0.0713317801156112
Hum_XLOC_010280,HAP1,0.065626451005134
Hum_XLOC_010284,HAP1,0.06773104932436717
Hum_XLOC_010294,HAP1,0.06771536131981312
Hum_XLOC_010303,HAP1,0.07441059105258205
Hum_XLOC_010304,HAP1,0.045574380927172406
Hum_XLOC_010306,HAP1,0.04371726114044301
Hum_XLOC_010307,HAP1,0.07529424711849353
Hum_XLOC_010314,HAP1,0.05232124565208374
Hum_XLOC_010319,HAP1,0.07171777655315083
Hum_XLOC_010320,HAP1,0.05040128914081326
Hum_XLOC_010321,HAP1,0.07626222274667081
Hum_XLOC_010341,HAP1,0.06894147758444744
Hum_XLOC_010367,HAP1,0.06971753413355743
Hum_XLOC_010384,HAP1,0.06636626396286553
Hum_XLOC_010388,HAP1,0.04794377600579765
Hum_XLOC_010425,HAP1,0.06314948618780712
Hum_XLOC_010430,HAP1,0.0399678348396695
Hum_XLOC_010432,HAP1,0.07066065518049494
Hum_XLOC_010449,HAP1,0.06763373246017776
Hum_XLOC_010453,HAP1,0.07005465791616952
Hum_XLOC_010464,HAP1,0.07035631439168019
Hum_XLOC_010466,HAP1,0.07108519857130999
Hum_XLOC_010469,HAP1,0.06812592256876118
Hum_XLOC_010473,HAP1,0.06573304885538818
Hum_XLOC_010496,HAP1,0.05547675372249499
Hum_XLOC_010521,HAP1,0.08294320738291677
Hum_XLOC_010524,HAP1,0.04306736197057009
Hum_XLOC_010525,HAP1,0.07812344597151136
Hum_XLOC_010528,HAP1,0.05306780279130702
Hum_XLOC_010529,HAP1,0.07901148979167834
Hum_XLOC_010548,HAP1,0.08330832119233532
Hum_XLOC_010558,HAP1,0.07011498799560688
Hum_XLOC_010569,HAP1,0.07582356191134626
Hum_XLOC_010572,HAP1,0.06675253762116762
Hum_XLOC_010579,HAP1,0.034059135384454556
Hum_XLOC_010589,HAP1,0.08022609184948275
Hum_XLOC_010597,HAP1,0.04304568159545909
Hum_XLOC_010651,HAP1,0.06777737847759341
Hum_XLOC_010655,HAP1,0.05312048436306331
Hum_XLOC_010661,HAP1,0.063901661816521
Hum_XLOC_010668,HAP1,0.06115036255638952
Hum_XLOC_010677,HAP1,0.07387070236480266
Hum_XLOC_010696,HAP1,0.057274484004794436
Hum_XLOC_010700,HAP1,0.07521056768331244
Hum_XLOC_010706,HAP1,0.07790022930718891
Hum_XLOC_010707,HAP1,0.09610165772665694
Hum_XLOC_010719,HAP1,0.043601330645997936
Hum_XLOC_010721,HAP1,0.07342289640733202
Hum_XLOC_010739,HAP1,0.06138887467694568
Hum_XLOC_010758,HAP1,0.10759296543947841
Hum_XLOC_010768,HAP1,0.04081211736288389
Hum_XLOC_010782,HAP1,0.06794910540705129
Hum_XLOC_010805,HAP1,0.06750237119364971
Hum_XLOC_010813,HAP1,0.03681832295581909
Hum_XLOC_010821,HAP1,0.08106186137954978
Hum_XLOC_010822,HAP1,0.07130561827867116
Hum_XLOC_010823,HAP1,0.06663470539929242
Hum_XLOC_010838,HAP1,0.07607825283614764
Hum_XLOC_010855,HAP1,0.0671982013425226
Hum_XLOC_010866,HAP1,0.04836883030915706
Hum_XLOC_010868,HAP1,0.06529416575771317
Hum_XLOC_010875,HAP1,0.0696283093820394
Hum_XLOC_010877,HAP1,0.08219302187420141
Hum_XLOC_010880,HAP1,0.04266724501113145
Hum_XLOC_010882,HAP1,0.03530139470593478
Hum_XLOC_010887,HAP1,0.06631222439191478
Hum_XLOC_010899,HAP1,0.0668456849916792
Hum_XLOC_010912,HAP1,0.04137676200952045
Hum_XLOC_010922,HAP1,0.060492950157719896
Hum_XLOC_010933,HAP1,0.034630426043388465
Hum_XLOC_010938,HAP1,0.05798075915261361
Hum_XLOC_010948,HAP1,0.06404133337069588
Hum_XLOC_010952,HAP1,0.04037762404648265
Hum_XLOC_010955,HAP1,0.07329613214873529
Hum_XLOC_010958,HAP1,0.05286998787462906
Hum_XLOC_010971,HAP1,0.05600287872270546
Hum_XLOC_010982,HAP1,0.0794824727769079
Hum_XLOC_010985,HAP1,0.07846027248745076
Hum_XLOC_010988,HAP1,0.059009886612682534
Hum_XLOC_010993,HAP1,0.050793690883748924
Hum_XLOC_011008,HAP1,0.08132803835344485
Hum_XLOC_011010,HAP1,0.03822744633500873
Hum_XLOC_011023,HAP1,0.07458342345723919
Hum_XLOC_011034,HAP1,0.07478376879088575
Hum_XLOC_011041,HAP1,0.0553440657231898
Hum_XLOC_011043,HAP1,0.04623212564599029
Hum_XLOC_011049,HAP1,0.05747700989790047
Hum_XLOC_011063,HAP1,0.04427080347821947
Hum_XLOC_011067,HAP1,0.07645196857617219
Hum_XLOC_011073,HAP1,0.035811375416007464
Hum_XLOC_011088,HAP1,0.0595839983699058
Hum_XLOC_011121,HAP1,0.05451136979759105
Hum_XLOC_011127,HAP1,0.044283706374344416
Hum_XLOC_011130,HAP1,0.06619480878167015
Hum_XLOC_011136,HAP1,0.038482279970645294
Hum_XLOC_011142,HAP1,0.07269414735518538
Hum_XLOC_011159,HAP1,0.05507258525421391
Hum_XLOC_011172,HAP1,0.07171308016398664
Hum_XLOC_011175,HAP1,0.06724305326234307
Hum_XLOC_011182,HAP1,0.06863802563828386
Hum_XLOC_011183,HAP1,0.06201827356274413
Hum_XLOC_011218,HAP1,0.05500600902032262
Hum_XLOC_011224,HAP1,0.07502806526866011
Hum_XLOC_011225,HAP1,0.05608438683378345
Hum_XLOC_011229,HAP1,0.08094904357485065
Hum_XLOC_011233,HAP1,0.09113203858337665
Hum_XLOC_011234,HAP1,0.0563701467232124
Hum_XLOC_011262,HAP1,0.040794109399942394
Hum_XLOC_011264,HAP1,0.06881027245693036
Hum_XLOC_011281,HAP1,0.07617539464559055
Hum_XLOC_011305,HAP1,0.06947076374094889
Hum_XLOC_011307,HAP1,0.06425185214723209
Hum_XLOC_011338,HAP1,0.08827233112680104
Hum_XLOC_011343,HAP1,0.09233725604388032
Hum_XLOC_011361,HAP1,0.051896231866502135
Hum_XLOC_011365,HAP1,0.07835861963940224
Hum_XLOC_011396,HAP1,0.08037014774456425
Hum_XLOC_011397,HAP1,0.06719470054986068
Hum_XLOC_011409,HAP1,0.06815492978322202
Hum_XLOC_011411,HAP1,0.0634298228536381
Hum_XLOC_011420,HAP1,0.06325329187667507
Hum_XLOC_011422,HAP1,0.052349220563364024
Hum_XLOC_011423,HAP1,0.0452067146435897
Hum_XLOC_011425,HAP1,0.064089735356555
Hum_XLOC_011426,HAP1,0.08381136294086489
Hum_XLOC_011427,HAP1,0.03462382011262938
Hum_XLOC_011429,HAP1,0.061316569790624845
Hum_XLOC_011435,HAP1,0.0576644662707993
Hum_XLOC_011440,HAP1,0.07089308132120416
Hum_XLOC_011443,HAP1,0.054636526824027115
Hum_XLOC_011445,HAP1,0.05795519565469058
Hum_XLOC_011448,HAP1,0.05992816657335058
Hum_XLOC_011453,HAP1,0.08134117893330589
Hum_XLOC_011484,HAP1,0.07042838496453273
Hum_XLOC_011485,HAP1,0.06680614297032439
Hum_XLOC_011498,HAP1,0.04089216110785626
Hum_XLOC_011510,HAP1,0.07661931869967366
Hum_XLOC_011524,HAP1,0.04283166111848798
Hum_XLOC_011538,HAP1,0.040961808467500305
Hum_XLOC_011540,HAP1,0.07339714576015913
Hum_XLOC_011546,HAP1,0.07055354040648008
Hum_XLOC_011553,HAP1,0.042753248452763945
Hum_XLOC_011565,HAP1,0.0705852999653122
Hum_XLOC_011579,HAP1,0.04707706809598911
Hum_XLOC_011580,HAP1,0.0759921606879444
Hum_XLOC_011582,HAP1,0.0697558332501656
Hum_XLOC_011587,HAP1,0.07678440924793994
Hum_XLOC_011590,HAP1,0.05480624024619513
Hum_XLOC_011594,HAP1,0.06036842994660363
Hum_XLOC_011611,HAP1,0.04211866951661433
Hum_XLOC_011619,HAP1,0.05993720627744323
Hum_XLOC_011622,HAP1,0.07067368529510784
Hum_XLOC_011641,HAP1,0.03930218361548821
Hum_XLOC_011649,HAP1,0.06329895781083598
Hum_XLOC_011666,HAP1,0.07320540798852443
Hum_XLOC_011674,HAP1,0.05145715545592593
Hum_XLOC_011680,HAP1,0.057625166968605944
Hum_XLOC_011704,HAP1,0.050429980339749755
Hum_XLOC_011764,HAP1,0.05830835964835618
Hum_XLOC_011769,HAP1,0.07159648396350995
Hum_XLOC_011786,HAP1,0.07438199836541054
Hum_XLOC_011793,HAP1,0.04220967468538969
Hum_XLOC_011806,HAP1,0.08204507247250607
Hum_XLOC_011823,HAP1,0.06928010304573687
Hum_XLOC_011828,HAP1,0.04149353532872666
Hum_XLOC_011831,HAP1,0.08880033568775124
Hum_XLOC_011850,HAP1,0.07454412034961169
Hum_XLOC_011856,HAP1,0.06583752700539791
Hum_XLOC_011888,HAP1,0.0653408561199548
Hum_XLOC_011917,HAP1,0.07029255175283868
Hum_XLOC_011919,HAP1,0.07594799142291428
Hum_XLOC_011926,HAP1,0.07925468378438012
Hum_XLOC_011973,HAP1,0.04789859592739557
Hum_XLOC_011980,HAP1,0.05418888678102371
Hum_XLOC_011988,HAP1,0.06847554611432607
Hum_XLOC_012005,HAP1,0.07896646610495672
Hum_XLOC_012017,HAP1,0.06513840169095274
Hum_XLOC_012022,HAP1,0.07461778046321499
Hum_XLOC_012024,HAP1,0.07472325445385786
Hum_XLOC_012025,HAP1,0.06205089092047866
Hum_XLOC_012027,HAP1,0.049935288068740175
Hum_XLOC_012060,HAP1,0.07232876140716558
Hum_XLOC_012071,HAP1,0.07239966410594047
Hum_XLOC_012073,HAP1,0.07751439417385365
Hum_XLOC_012076,HAP1,0.06530716636557209
Hum_XLOC_012093,HAP1,0.05441094364125033
Hum_XLOC_012112,HAP1,0.07969271301027392
Hum_XLOC_012115,HAP1,0.06063412975872803
Hum_XLOC_012146,HAP1,0.08296813611966895
Hum_XLOC_012154,HAP1,0.0712846546272634
Hum_XLOC_012159,HAP1,0.06414228587128365
Hum_XLOC_012165,HAP1,0.04230850216077624
Hum_XLOC_012197,HAP1,0.07531898970101247
Hum_XLOC_012203,HAP1,0.05195298786792412
Hum_XLOC_012233,HAP1,0.05995450653967948
Hum_XLOC_012248,HAP1,0.039272531868897904
Hum_XLOC_012249,HAP1,0.078230833363988
Hum_XLOC_012261,HAP1,0.07458730469346547
Hum_XLOC_012262,HAP1,0.07093668508536166
Hum_XLOC_012280,HAP1,0.054482412582630535
Hum_XLOC_012286,HAP1,0.07157693042405992
Hum_XLOC_012293,HAP1,0.058142209881886266
Hum_XLOC_012326,HAP1,0.03275007260784371
Hum_XLOC_012339,HAP1,0.06781310975983851
Hum_XLOC_012347,HAP1,0.06165863502882249
Hum_XLOC_012352,HAP1,0.07290460402430111
Hum_XLOC_012409,HAP1,0.0670243960675366
Hum_XLOC_012414,HAP1,0.06437197421526711
Hum_XLOC_012418,HAP1,0.05076926953685557
Hum_XLOC_012439,HAP1,0.04177295595044262
Hum_XLOC_012452,HAP1,0.06271160386152837
Hum_XLOC_012461,HAP1,0.051547875479749004
Hum_XLOC_012479,HAP1,0.061447738594576404
Hum_XLOC_012500,HAP1,0.08336513108800084
Hum_XLOC_012508,HAP1,0.06853973760537853
Hum_XLOC_012532,HAP1,0.07745851614926788
Hum_XLOC_012537,HAP1,0.06760333493542336
Hum_XLOC_012538,HAP1,0.05604983478145775
Hum_XLOC_012559,HAP1,0.06877351120943294
Hum_XLOC_012565,HAP1,0.05958101979551952
Hum_XLOC_012566,HAP1,0.08143768624556252
Hum_XLOC_012590,HAP1,0.03760791341128986
Hum_XLOC_012603,HAP1,0.09761376234577865
Hum_XLOC_012606,HAP1,0.09128898918249201
Hum_XLOC_012613,HAP1,0.054689029357523435
Hum_XLOC_012626,HAP1,0.0858474797045291
Hum_XLOC_012638,HAP1,0.03968520848966131
Hum_XLOC_012643,HAP1,0.06098669164687376
Hum_XLOC_012662,HAP1,0.06098028586542746
Hum_XLOC_012670,HAP1,0.05989548581194976
Hum_XLOC_012675,HAP1,0.07055298392389367
Hum_XLOC_012676,HAP1,0.06783649858730792
Hum_XLOC_012677,HAP1,0.06894367432220783
Hum_XLOC_012679,HAP1,0.07103674929304588
Hum_XLOC_012680,HAP1,0.06895637119190913
Hum_XLOC_012694,HAP1,0.05838443466965223
Hum_XLOC_012700,HAP1,0.048683757201605525
Hum_XLOC_012704,HAP1,0.059198817146460775
Hum_XLOC_012706,HAP1,0.0697513112950576
Hum_XLOC_012707,HAP1,0.055283110809130606
Hum_XLOC_012715,HAP1,0.04159406325672858
Hum_XLOC_012729,HAP1,0.06093347241173355
Hum_XLOC_012730,HAP1,0.04370162854848735
Hum_XLOC_012767,HAP1,0.057990337235184417
Hum_XLOC_012770,HAP1,0.0640953394226487
Hum_XLOC_012771,HAP1,0.05932663722869587
Hum_XLOC_012785,HAP1,0.05206438134071177
Hum_XLOC_012786,HAP1,0.060669607211210286
Hum_XLOC_012789,HAP1,0.07227272585424237
Hum_XLOC_012791,HAP1,0.05941326949319225
Hum_XLOC_012794,HAP1,0.05700671189286907
Hum_XLOC_012800,HAP1,0.07110097703022501
Hum_XLOC_012803,HAP1,0.06851869845375998
Hum_XLOC_012806,HAP1,0.06875773886271537
Hum_XLOC_012807,HAP1,0.06855746039131054
Hum_XLOC_012821,HAP1,0.08725774437994069
Hum_XLOC_012857,HAP1,0.07625002738524574
Hum_XLOC_012864,HAP1,0.07380322815047513
Hum_XLOC_012866,HAP1,0.0545097408368319
Hum_XLOC_012874,HAP1,0.04726864355006341
Hum_XLOC_012888,HAP1,0.05263917445592584
Hum_XLOC_012889,HAP1,0.07162245790028549
Hum_XLOC_012901,HAP1,0.0802049415563046
Hum_XLOC_012916,HAP1,0.07052856696324221
Hum_XLOC_012924,HAP1,0.04319216629204621
Hum_XLOC_012928,HAP1,0.04516707519378717
Hum_XLOC_012932,HAP1,0.03659675181579573
Hum_XLOC_012936,HAP1,0.052737447849619534
Hum_XLOC_012940,HAP1,0.05720763114899963
Hum_XLOC_012941,HAP1,0.06655850724993205
Hum_XLOC_012953,HAP1,0.039353783578374726
Hum_XLOC_012993,HAP1,0.06309573246687547
Hum_XLOC_013009,HAP1,0.07870997422284796
Hum_XLOC_013018,HAP1,0.07448151444328693
Hum_XLOC_013041,HAP1,0.05087866649526701
Hum_XLOC_013042,HAP1,0.07506604158628995
Hum_XLOC_013046,HAP1,0.06983185917010729
Hum_XLOC_013050,HAP1,0.06569910737040106
Hum_XLOC_013052,HAP1,0.036622400839933865
Hum_XLOC_013054,HAP1,0.07251705959721746
Hum_XLOC_013060,HAP1,0.08362488621043362
Hum_XLOC_013078,HAP1,0.039364844690784155
Hum_XLOC_013087,HAP1,0.0463227943979392
Hum_XLOC_013099,HAP1,0.06592642747214972
Hum_XLOC_013110,HAP1,0.057714437929530606
Hum_XLOC_013115,HAP1,0.060929315007833974
Hum_XLOC_013120,HAP1,0.06773449547446972
Hum_XLOC_013123,HAP1,0.07083640621695482
Hum_XLOC_013125,HAP1,0.07553116016772957
Hum_XLOC_013129,HAP1,0.04520233104614326
Hum_XLOC_013138,HAP1,0.04229381157357899
Hum_XLOC_013139,HAP1,0.0564124081491148
Hum_XLOC_013143,HAP1,0.059878772640783555
Hum_XLOC_013147,HAP1,0.07557204622772054
Hum_XLOC_013164,HAP1,0.040514606881633664
Hum_XLOC_013166,HAP1,0.06351678087582988
Hum_XLOC_013196,HAP1,0.06147953223134123
Hum_XLOC_013199,HAP1,0.06056386702160261
Hum_XLOC_013200,HAP1,0.06927805879877963
Hum_XLOC_013221,HAP1,0.05837486531016574
Hum_XLOC_013223,HAP1,0.06501051445630525
Hum_XLOC_013224,HAP1,0.06510125475799868
Hum_XLOC_013231,HAP1,0.03707496237717561
Hum_XLOC_013235,HAP1,0.06344477920497246
Hum_XLOC_013236,HAP1,0.06679292599063821
Hum_XLOC_013239,HAP1,0.05868780007167911
Hum_XLOC_013260,HAP1,0.034788588913982975
Hum_XLOC_013269,HAP1,0.05708086886166568
Hum_XLOC_013274,HAP1,0.043997337246031706
Hum_XLOC_013278,HAP1,0.037640166773184894
Hum_XLOC_013279,HAP1,0.06493855620882669
Hum_XLOC_013290,HAP1,0.06826934643772295
Hum_XLOC_013308,HAP1,0.03421048154125243
Hum_XLOC_013313,HAP1,0.07345061681287077
Hum_XLOC_013317,HAP1,0.06968688754747765
Hum_XLOC_013320,HAP1,0.03270119708511918
Hum_XLOC_013335,HAP1,0.039542825971089816
Hum_XLOC_013337,HAP1,0.05991467852846892
Hum_XLOC_013345,HAP1,0.07220826824912618
Hum_XLOC_013346,HAP1,0.045672626780982585
Hum_XLOC_013348,HAP1,0.07202529399805872
Hum_XLOC_013349,HAP1,0.034594925921032596
Hum_XLOC_013350,HAP1,0.04964003536162684
Hum_XLOC_013356,HAP1,0.06373272490494095
Hum_XLOC_013359,HAP1,0.04757548879594169
Hum_XLOC_013414,HAP1,0.05312093205781298
Hum_XLOC_013426,HAP1,0.4922177581665887
Hum_XLOC_013432,HAP1,0.06942921083421494
Hum_XLOC_013441,HAP1,0.0744931615134091
Hum_XLOC_013463,HAP1,0.06208979773777528
Hum_XLOC_013471,HAP1,0.06485917781085644
Hum_XLOC_013486,HAP1,0.07689277437657399
Hum_XLOC_013496,HAP1,0.05812555810982009
Hum_XLOC_013498,HAP1,0.039516776023738924
Hum_XLOC_013506,HAP1,0.07254527236911643
Hum_XLOC_013521,HAP1,0.0637171767890752
Hum_XLOC_013522,HAP1,0.06482912544435328
Hum_XLOC_013523,HAP1,0.055104659867527446
Hum_XLOC_013526,HAP1,0.07258834627681113
Hum_XLOC_013545,HAP1,0.052706241650192776
Hum_XLOC_013555,HAP1,0.09469931000749122
Hum_XLOC_013568,HAP1,0.04118391019993986
Hum_XLOC_013579,HAP1,0.04301908232937425
Hum_XLOC_013582,HAP1,0.07123076383324152
Hum_XLOC_013599,HAP1,0.07720259004020251
Hum_XLOC_013600,HAP1,0.0721695276210834
Hum_XLOC_013607,HAP1,0.04693043694930703
Hum_XLOC_013609,HAP1,0.06492389962231752
Hum_XLOC_013613,HAP1,0.055702521562269486
Hum_XLOC_013632,HAP1,0.07682868581756927
Hum_XLOC_013668,HAP1,0.0715368543276575
Hum_XLOC_013669,HAP1,0.0647346946073181
Hum_XLOC_013670,HAP1,0.03411588581364623
Hum_XLOC_013676,HAP1,0.057235405359212024
Hum_XLOC_013683,HAP1,0.044625749598878765
Hum_XLOC_013699,HAP1,0.060169582635443614
Hum_XLOC_013712,HAP1,0.0710466021045197
Hum_XLOC_013719,HAP1,0.06639762527525804
Hum_XLOC_013721,HAP1,0.03934381988333279
Hum_XLOC_013749,HAP1,0.06754343435541019
Hum_XLOC_013750,HAP1,0.06965661115782573
Hum_XLOC_013759,HAP1,0.044399181227629106
Hum_XLOC_013831,HAP1,0.1367237474256436
Hum_XLOC_013841,HAP1,0.058246260958787745
Hum_XLOC_013848,HAP1,0.03941584798732622
Hum_XLOC_013859,HAP1,0.07353127079309274
Hum_XLOC_013860,HAP1,0.06572436105045995
Hum_XLOC_013865,HAP1,0.0637095949524859
Hum_XLOC_013883,HAP1,0.07344851450536333
Hum_XLOC_013901,HAP1,0.06474695743120958
Hum_XLOC_013906,HAP1,0.07642887238180293
Hum_XLOC_013919,HAP1,0.07890243513533479
Hum_XLOC_013932,HAP1,0.06280417468908807
Hum_XLOC_013933,HAP1,0.07783460649201934
Hum_XLOC_013950,HAP1,0.062277254375468376
Hum_XLOC_013952,HAP1,0.05679628385876097
Hum_XLOC_013956,HAP1,0.07381305978288598
Hum_XLOC_013965,HAP1,0.05682871230918795
Hum_XLOC_013985,HAP1,0.04827076405094682
Hum_XLOC_013989,HAP1,0.05790651947307839
Hum_XLOC_014040,HAP1,0.0530192531172418
Hum_XLOC_014055,HAP1,0.07303030456477842
Hum_XLOC_014058,HAP1,0.07106154738015047
Hum_XLOC_014067,HAP1,0.041034700948173845
Hum_XLOC_014073,HAP1,0.061598409846863295
Hum_XLOC_014080,HAP1,0.061517446888861675
Hum_XLOC_014092,HAP1,0.06823496457009423
Hum_XLOC_014094,HAP1,0.0512529529170232
Hum_XLOC_014101,HAP1,0.04880570358827466
Hum_XLOC_014105,HAP1,0.07096981158686393
Hum_XLOC_014106,HAP1,0.06179246586847483
Hum_XLOC_014107,HAP1,0.06617872352740728
Hum_XLOC_014115,HAP1,0.06207503862597757
Hum_XLOC_014121,HAP1,0.047373644476257186
Hum_XLOC_014126,HAP1,0.0612149854016143
Hum_XLOC_014135,HAP1,0.0506868761736448
Hum_XLOC_014136,HAP1,0.07476923981058317
Hum_XLOC_014155,HAP1,0.07335692999285257
Hum_XLOC_014160,HAP1,0.07993050215942571
Hum_XLOC_014171,HAP1,0.07172747651396222
Hum_XLOC_014172,HAP1,0.06935229735789562
Hum_XLOC_014186,HAP1,0.08191203893766102
Hum_XLOC_014192,HAP1,0.07212221341050891
Hum_XLOC_014201,HAP1,0.09944919322292833
Hum_XLOC_014203,HAP1,0.0349705581377931
Hum_XLOC_014204,HAP1,0.06471618696723686
Hum_XLOC_014261,HAP1,0.06709671697013309
Hum_XLOC_014277,HAP1,0.0635585914245477
Hum_XLOC_014279,HAP1,0.06684918078427815
Hum_XLOC_014280,HAP1,0.06712179599859555
Hum_XLOC_014281,HAP1,0.04210354083066152
Hum_XLOC_014289,HAP1,0.07478255584517754
Hum_XLOC_014295,HAP1,0.043868776342943255
Hum_XLOC_014298,HAP1,0.06843644235410407
Hum_XLOC_014303,HAP1,0.08156348650581444
Hum_XLOC_014308,HAP1,0.08604002253988127
Hum_XLOC_014310,HAP1,0.06877895122729673
Hum_XLOC_014314,HAP1,0.07480993482082204
Hum_XLOC_014324,HAP1,0.07044912341085918
Hum_XLOC_014370,HAP1,0.07917251127425785
Hum_XLOC_014375,HAP1,0.06264753577911451
Hum_XLOC_014394,HAP1,0.06811772687135667
Hum_XLOC_014395,HAP1,0.06290620325212316
Hum_XLOC_014397,HAP1,0.07006672958837587
Hum_XLOC_014399,HAP1,0.07624198359940881
Hum_XLOC_014405,HAP1,0.07760177925601902
Hum_XLOC_014410,HAP1,0.0748806289599076
Hum_XLOC_014411,HAP1,0.06827246077848322
Hum_XLOC_014414,HAP1,0.07195404822257537
Hum_XLOC_014415,HAP1,0.08696217050556596
Hum_XLOC_014423,HAP1,0.03077244995149693
Hum_XLOC_014437,HAP1,0.06513881891479258
Hum_XLOC_014439,HAP1,0.06567228094283509
Hum_XLOC_014450,HAP1,0.05733441308387573
Hum_XLOC_014457,HAP1,0.07536249683638929
Hum_XLOC_014459,HAP1,0.07040433570428743
Hum_XLOC_014467,HAP1,0.03515673350557584
Hum_XLOC_014506,HAP1,0.05744107181145941
Hum_XLOC_014518,HAP1,0.04009338950196852
Hum_XLOC_014534,HAP1,0.0716150606936403
Hum_XLOC_014538,HAP1,0.054652826240728675
Hum_XLOC_014539,HAP1,0.06620641999551437
Hum_XLOC_014566,HAP1,0.05360651581692397
Hum_XLOC_014578,HAP1,0.03877442073925586
Hum_XLOC_014585,HAP1,0.08134313573075028
Hum_XLOC_014591,HAP1,0.06250342331901391
Hum_XLOC_014593,HAP1,0.08146423683398009
Hum_XLOC_014632,HAP1,0.06673783913147698
Hum_XLOC_014640,HAP1,0.04274282713168832
Hum_XLOC_014658,HAP1,0.05164953312406942
Hum_XLOC_014664,HAP1,0.05247269276536584
Hum_XLOC_014672,HAP1,0.058322247026005844
Hum_XLOC_014673,HAP1,0.055818522225103154
Hum_XLOC_014689,HAP1,0.0716112299896154
Hum_XLOC_014710,HAP1,0.056073632731536996
Hum_XLOC_014724,HAP1,0.05730899997057046
Hum_XLOC_014727,HAP1,0.038248731583973274
Hum_XLOC_014730,HAP1,0.039141781642049
Hum_XLOC_014732,HAP1,0.05918762005302351
Hum_XLOC_014754,HAP1,0.07113349023793439
Hum_XLOC_014762,HAP1,0.04172760756812698
Hum_XLOC_014785,HAP1,0.044662069100339985
Hum_XLOC_014793,HAP1,0.05587767673308088
Hum_XLOC_014807,HAP1,0.0685900640025186
Hum_XLOC_014843,HAP1,0.051210543330388075
Hum_XLOC_014855,HAP1,0.07013332341492119
Hum_XLOC_014865,HAP1,0.054988201749445076
Hum_XLOC_014866,HAP1,0.07364049876646395
Hum_XLOC_014869,HAP1,0.06925192848385739
Hum_XLOC_014892,HAP1,0.06850507571206062
Hum_XLOC_014895,HAP1,0.07232047816592732
Hum_XLOC_014897,HAP1,0.06287978778193358
Hum_XLOC_014916,HAP1,0.06260255771169407
Hum_XLOC_014921,HAP1,0.06492288157528629
Hum_XLOC_014943,HAP1,0.04676297296918597
Hum_XLOC_014946,HAP1,0.054686830798467735
Hum_XLOC_014957,HAP1,0.05080291865805868
Hum_XLOC_014966,HAP1,0.0735819547121496
Hum_XLOC_014974,HAP1,0.06047987402328392
Hum_XLOC_014993,HAP1,0.07877556932497945
Hum_XLOC_014994,HAP1,0.05928287269172118
Hum_XLOC_014995,HAP1,0.07449953917844757
Hum_XLOC_014996,HAP1,0.07619008443730255
Hum_XLOC_015001,HAP1,0.08840852265239023
Hum_XLOC_015011,HAP1,0.07666376783503516
Hum_XLOC_015012,HAP1,0.05757364606972016
Hum_XLOC_015019,HAP1,0.07640657903814203
Hum_XLOC_015031,HAP1,0.07286698544801748
Hum_XLOC_015052,HAP1,0.03545780614022599
Hum_XLOC_015070,HAP1,0.08204235538237874
Hum_XLOC_015076,HAP1,0.0760582106811202
Hum_XLOC_015077,HAP1,0.07514832567722765
Hum_XLOC_015081,HAP1,0.06317783682381561
Hum_XLOC_015093,HAP1,0.07319128724424549
Hum_XLOC_015119,HAP1,0.040311857990783774
Hum_XLOC_015124,HAP1,0.054474632758326494
Hum_XLOC_015129,HAP1,0.08791006751507081
Hum_XLOC_015137,HAP1,0.06707059148129782
Hum_XLOC_015144,HAP1,0.06054043774648529
Hum_XLOC_015148,HAP1,0.06683099899074814
Hum_XLOC_015154,HAP1,0.07361393026553606
Hum_XLOC_015162,HAP1,0.038590775213666155
Hum_XLOC_015190,HAP1,0.06092419386481973
Hum_XLOC_015191,HAP1,0.05627822720109181
Hum_XLOC_015192,HAP1,0.03869903207056884
Hum_XLOC_015200,HAP1,0.0639644525907691
Hum_XLOC_015222,HAP1,0.051415911363708586
Hum_XLOC_015224,HAP1,0.07706135673029756
Hum_XLOC_015225,HAP1,0.04214453430064204
Hum_XLOC_015242,HAP1,0.06925744543276671
Hum_XLOC_015246,HAP1,0.05924443624276999
Hum_XLOC_015263,HAP1,0.07307094097960709
Hum_XLOC_015269,HAP1,0.062321097245828856
Hum_XLOC_015275,HAP1,0.07905118851759377
Hum_XLOC_015276,HAP1,0.07552142441002649
Hum_XLOC_015297,HAP1,0.0323286574859623
Hum_XLOC_015305,HAP1,0.06425222678706072
Hum_XLOC_015311,HAP1,0.07339762636307262
Hum_XLOC_015312,HAP1,0.07284429287952758
Hum_XLOC_015313,HAP1,0.04741730962870786
Hum_XLOC_015318,HAP1,0.051035479631051525
Hum_XLOC_015341,HAP1,0.039124894304173735
Hum_XLOC_015345,HAP1,0.06516640967760938
Hum_XLOC_015347,HAP1,0.06898589761038162
Hum_XLOC_015348,HAP1,0.0418139572257418
Hum_XLOC_015358,HAP1,0.03721595804369119
Hum_XLOC_015369,HAP1,0.06040926869993343
Hum_XLOC_015377,HAP1,0.07210615646108559
Hum_XLOC_015379,HAP1,0.05995261517027357
Hum_XLOC_015384,HAP1,0.061623883227219275
Hum_XLOC_015391,HAP1,0.045594879378326514
Hum_XLOC_015394,HAP1,0.03630910845286067
Hum_XLOC_015405,HAP1,0.06228188582728137
Hum_XLOC_015406,HAP1,0.05667880120845198
Hum_XLOC_015410,HAP1,0.036146260929839684
Hum_XLOC_015416,HAP1,0.06714795546685019
Hum_XLOC_015428,HAP1,0.06593081367952608
Hum_XLOC_015449,HAP1,0.05964681021351197
Hum_XLOC_015464,HAP1,0.051420792329319474
Hum_XLOC_015488,HAP1,0.07506442124900292
Hum_XLOC_015495,HAP1,0.05991542241599804
Hum_XLOC_015496,HAP1,0.062117728263066774
Hum_XLOC_015503,HAP1,0.051314866072632304
Hum_XLOC_015512,HAP1,0.06557734127870339
Hum_XLOC_015525,HAP1,0.07014805046410369
Hum_XLOC_015532,HAP1,0.0834795349121471
Hum_XLOC_015533,HAP1,0.06397748101041527
Hum_XLOC_015536,HAP1,0.03992948839736342
Hum_XLOC_015541,HAP1,0.0848726689815114
Hum_XLOC_015545,HAP1,0.0551167450474502
Hum_XLOC_015550,HAP1,0.04277880821933565
Hum_XLOC_015571,HAP1,0.05520926403104813
Hum_XLOC_015572,HAP1,0.06358389328457287
Hum_XLOC_015573,HAP1,0.08807343616331105
Hum_XLOC_015591,HAP1,0.05428325769150646
Hum_XLOC_015616,HAP1,0.0696300594039587
Hum_XLOC_015632,HAP1,0.060761583165268376
Hum_XLOC_015670,HAP1,0.06287603554014531
Hum_XLOC_015671,HAP1,0.0696844063559948
Hum_XLOC_015672,HAP1,0.05768604509074301
Hum_XLOC_015683,HAP1,0.06381398626469073
Hum_XLOC_015693,HAP1,0.082930698246771
Hum_XLOC_015707,HAP1,0.07305140151210299
Hum_XLOC_015711,HAP1,0.042768421250054874
Hum_XLOC_015718,HAP1,0.06298798030703626
Hum_XLOC_015731,HAP1,0.03778769187530408
Hum_XLOC_015744,HAP1,0.07201329595777406
Hum_XLOC_015762,HAP1,0.06391580823480864
Hum_XLOC_015779,HAP1,0.06566983524291703
Hum_XLOC_015784,HAP1,0.06700399911785676
Hum_XLOC_015788,HAP1,0.0783210909871859
Hum_XLOC_015806,HAP1,0.06839332483531847
Hum_XLOC_015807,HAP1,0.07162178625310502
Hum_XLOC_015812,HAP1,0.05374670032002486
Hum_XLOC_015819,HAP1,0.043767618762295235
Hum_XLOC_015822,HAP1,0.07902252329284447
Hum_XLOC_015823,HAP1,0.07764562493616946
Hum_XLOC_015827,HAP1,0.073224236078635
Hum_XLOC_015853,HAP1,0.07120765939202867
Hum_XLOC_015866,HAP1,0.07625670075658915
Hum_XLOC_015869,HAP1,0.07012575457422651
Hum_XLOC_015880,HAP1,0.06773270668721475
Hum_XLOC_015881,HAP1,0.11648777178195864
Hum_XLOC_015887,HAP1,0.06317303059611039
Hum_XLOC_015891,HAP1,0.06324229225461848
Hum_XLOC_015898,HAP1,0.06036939306841686
Hum_XLOC_015929,HAP1,0.04112194436655815
Hum_XLOC_015932,HAP1,0.047706610813891534
Hum_XLOC_015934,HAP1,0.04356112613083021
Hum_XLOC_015953,HAP1,0.0726954854418384
Hum_XLOC_015957,HAP1,0.06206071188807498
Hum_XLOC_015958,HAP1,0.07519970345080912
Hum_XLOC_015960,HAP1,0.07190399237721586
Hum_XLOC_015964,HAP1,0.07248424139389001
Hum_XLOC_015975,HAP1,0.06081412438259161
Hum_XLOC_015978,HAP1,0.04217919753255903
Hum_XLOC_015981,HAP1,0.056275612880756304
Hum_XLOC_015999,HAP1,0.057160905434809964
Hum_XLOC_016016,HAP1,0.05994479098707273
Hum_XLOC_016017,HAP1,0.07063886659378643
Hum_XLOC_016019,HAP1,0.08190598781840824
Hum_XLOC_016028,HAP1,0.053766063465287534
Hum_XLOC_016031,HAP1,0.07681006661312005
Hum_XLOC_016047,HAP1,0.04287140339285324
Hum_XLOC_016055,HAP1,0.03832929267146107
Hum_XLOC_016089,HAP1,0.07368642309102631
Hum_XLOC_016095,HAP1,0.050637694807839785
Hum_XLOC_016118,HAP1,0.06942236179432598
Hum_XLOC_016129,HAP1,0.05621957595575507
Hum_XLOC_016135,HAP1,0.06303535691810429
Hum_XLOC_016136,HAP1,0.06257522268762546
Hum_XLOC_016141,HAP1,0.06725459125769111
Hum_XLOC_016143,HAP1,0.07440851181030209
Hum_XLOC_016147,HAP1,0.06273953222105791
Hum_XLOC_016163,HAP1,0.09297972634994961
Hum_XLOC_016167,HAP1,0.06621357518048238
Hum_XLOC_016172,HAP1,0.04747521064344154
Hum_XLOC_016180,HAP1,0.14557086503430697
Hum_XLOC_016191,HAP1,0.05992322666454898
Hum_XLOC_016206,HAP1,0.06265395625640288
Hum_XLOC_016215,HAP1,0.059056577473139873
Hum_XLOC_016223,HAP1,0.06132402957510319
Hum_XLOC_016231,HAP1,0.05530484143900289
Hum_XLOC_016232,HAP1,0.06030966140980935
Hum_XLOC_016239,HAP1,0.07390325130462189
Hum_XLOC_016244,HAP1,0.07424420736641633
Hum_XLOC_016248,HAP1,0.05573961386119121
Hum_XLOC_016257,HAP1,0.049294859214555384
Hum_XLOC_016258,HAP1,0.06852021124368256
Hum_XLOC_016261,HAP1,0.04493784986239878
Hum_XLOC_016263,HAP1,0.07146658806448405
Hum_XLOC_016269,HAP1,0.04492907654724521
Hum_XLOC_016275,HAP1,0.04381152952064014
Hum_XLOC_016283,HAP1,0.07778209759970779
Hum_XLOC_016285,HAP1,0.08059765439433383
Hum_XLOC_016290,HAP1,0.0704405422792591
Hum_XLOC_016292,HAP1,0.24558871140965685
Hum_XLOC_016301,HAP1,0.06460003422843083
Hum_XLOC_016306,HAP1,0.06535290331004356
Hum_XLOC_016326,HAP1,0.05490355980739227
Hum_XLOC_016372,HAP1,0.0360659501038043
Hum_XLOC_016373,HAP1,0.04599187875108149
Hum_XLOC_016380,HAP1,0.06568912264529382
Hum_XLOC_016383,HAP1,0.12608126215929508
Hum_XLOC_016388,HAP1,0.06993110716146374
Hum_XLOC_016397,HAP1,0.06946223205937176
Hum_XLOC_016405,HAP1,0.06705361714058508
Hum_XLOC_016406,HAP1,0.07262761880100038
Hum_XLOC_016426,HAP1,0.05942887081302355
Hum_XLOC_016430,HAP1,0.05632060556063164
Hum_XLOC_016472,HAP1,0.07761406317911879
Hum_XLOC_016475,HAP1,0.0710189280345948
Hum_XLOC_016476,HAP1,0.07894954053093721
Hum_XLOC_016480,HAP1,0.0624847405239926
Hum_XLOC_016488,HAP1,0.04059817296419453
Hum_XLOC_016489,HAP1,0.06336633661973996
Hum_XLOC_016500,HAP1,0.07307440233891856
Hum_XLOC_016505,HAP1,0.05134695721119652
Hum_XLOC_016528,HAP1,0.06649977226160342
Hum_XLOC_016539,HAP1,0.07367516315153458
Hum_XLOC_016554,HAP1,0.07553676165226585
Hum_XLOC_016563,HAP1,0.08163762462538644
Hum_XLOC_016576,HAP1,0.06265832533325306
Hum_XLOC_016597,HAP1,0.0697609911874448
Hum_XLOC_016601,HAP1,0.06724012973199507
Hum_XLOC_016617,HAP1,0.04153737837105524
Hum_XLOC_016623,HAP1,0.05433455653155757
Hum_XLOC_016667,HAP1,0.07252752761094403
Hum_XLOC_016674,HAP1,0.07129185937964247
Hum_XLOC_016677,HAP1,0.0723461983199613
Hum_XLOC_016678,HAP1,0.06659040146523382
Hum_XLOC_016679,HAP1,0.06641816354688901
Hum_XLOC_016683,HAP1,0.03929440383350867
Hum_XLOC_016692,HAP1,0.0697298689868459
Hum_XLOC_016703,HAP1,0.094899755349756
Hum_XLOC_016705,HAP1,0.0616775582994237
Hum_XLOC_016724,HAP1,0.0728641943913285
Hum_XLOC_016725,HAP1,0.057847806224345
Hum_XLOC_016726,HAP1,0.04124416375671888
Hum_XLOC_016727,HAP1,0.051351205849745646
Hum_XLOC_016748,HAP1,0.07448733763783104
Hum_XLOC_016753,HAP1,0.07117576962709843
Hum_XLOC_016755,HAP1,0.05189391706346717
Hum_XLOC_016770,HAP1,0.06064904386177196
Hum_XLOC_016780,HAP1,0.03928375872262405
Hum_XLOC_016781,HAP1,0.044487001557198966
Hum_XLOC_016797,HAP1,0.06777421739004878
Hum_XLOC_016808,HAP1,0.06463195982179444
Hum_XLOC_016812,HAP1,0.08002804329922816
Hum_XLOC_016814,HAP1,0.10185365728918827
Hum_XLOC_016815,HAP1,0.07384869226667087
Hum_XLOC_016816,HAP1,0.04311624359059779
Hum_XLOC_016836,HAP1,0.04418089528364752
Hum_XLOC_016842,HAP1,0.07828024399934921
Hum_XLOC_016843,HAP1,0.07309050549995577
Hum_XLOC_016846,HAP1,0.03659524987745945
Hum_XLOC_016857,HAP1,0.060931991392959406
Hum_XLOC_016865,HAP1,0.06821308422284889
Hum_XLOC_016874,HAP1,0.04975633619665373
Hum_XLOC_016887,HAP1,0.06632838157254071
Hum_XLOC_016899,HAP1,0.06984456164555763
Hum_XLOC_016921,HAP1,0.07819988111467832
Hum_XLOC_016928,HAP1,0.04398564062240194
Hum_XLOC_016930,HAP1,0.07850022633815573
Hum_XLOC_016931,HAP1,0.07165743389360815
Hum_XLOC_016938,HAP1,0.06435933153510418
Hum_XLOC_016940,HAP1,0.06645091952231635
Hum_XLOC_016953,HAP1,0.05077306488803296
Hum_XLOC_016981,HAP1,0.056705630263442525
Hum_XLOC_016994,HAP1,0.06073205719080896
Hum_XLOC_016998,HAP1,0.07305516120904927
Hum_XLOC_017006,HAP1,0.05268947316267389
Hum_XLOC_017015,HAP1,0.05993202241758874
Hum_XLOC_017016,HAP1,0.07059993101934879
Hum_XLOC_017017,HAP1,0.05442356544254944
Hum_XLOC_017019,HAP1,0.0676958640064478
Hum_XLOC_017055,HAP1,0.0825984185585445
Hum_XLOC_017070,HAP1,0.05366364105639712
Hum_XLOC_017077,HAP1,0.09433586868188326
Hum_XLOC_017081,HAP1,0.07810290234030502
Hum_XLOC_017108,HAP1,0.07281476251763336
Hum_XLOC_017118,HAP1,0.06356875979502716
Hum_XLOC_017127,HAP1,0.04295000247629434
Hum_XLOC_017140,HAP1,0.03697052941625819
Hum_XLOC_017143,HAP1,0.04543640311102661
Hum_XLOC_017144,HAP1,0.06513858681643951
Hum_XLOC_017159,HAP1,0.042687204943055855
Hum_XLOC_017161,HAP1,0.08300055708160814
Hum_XLOC_017162,HAP1,0.041431504385806395
Hum_XLOC_017166,HAP1,0.06700479402059392
Hum_XLOC_017170,HAP1,0.06907907842552899
Hum_XLOC_017190,HAP1,0.039045701400124054
Hum_XLOC_017237,HAP1,0.06926976798941138
Hum_XLOC_017249,HAP1,0.08271871389033886
Hum_XLOC_017250,HAP1,0.07659271248158876
Hum_XLOC_017255,HAP1,0.0407752501567297
Hum_XLOC_017262,HAP1,0.058759730765099154
Hum_XLOC_017274,HAP1,0.04835199233919554
Hum_XLOC_017317,HAP1,0.053530799889605574
Hum_XLOC_017327,HAP1,0.06832934825153594
Hum_XLOC_017364,HAP1,0.0867294562175967
Hum_XLOC_017389,HAP1,0.05022702781092357
Hum_XLOC_017396,HAP1,0.04812872278815661
Hum_XLOC_017397,HAP1,0.05905186026901736
Hum_XLOC_017398,HAP1,0.07651661823799483
Hum_XLOC_017399,HAP1,0.06966842724187562
Hum_XLOC_017419,HAP1,0.04011749742629345
Hum_XLOC_017421,HAP1,0.07458601647081539
Hum_XLOC_017445,HAP1,0.08236798163664535
Hum_XLOC_017455,HAP1,0.04251656133294023
Hum_XLOC_017468,HAP1,0.06911943920576258
Hum_XLOC_017471,HAP1,0.03738525657360636
Hum_XLOC_017478,HAP1,0.07693639156776053
Hum_XLOC_017487,HAP1,0.0659037591335955
Hum_XLOC_017489,HAP1,0.06602766426834104
Hum_XLOC_017499,HAP1,0.07033525694996377
Hum_XLOC_017506,HAP1,0.07678169684586716
Hum_XLOC_017515,HAP1,0.04769981290474633
Hum_XLOC_017517,HAP1,0.06216559038221225
Hum_XLOC_017521,HAP1,0.055383036255700555
Hum_XLOC_017531,HAP1,0.06117321396228334
Hum_XLOC_017532,HAP1,0.06580605425166194
Hum_XLOC_017537,HAP1,0.03779374543644437
Hum_XLOC_017546,HAP1,0.06738728783723852
Hum_XLOC_017556,HAP1,0.05485801693652341
Hum_XLOC_017576,HAP1,0.07920303289282295
Hum_XLOC_017588,HAP1,0.07230175623680044
Hum_XLOC_017591,HAP1,0.06588225817384862
Hum_XLOC_017597,HAP1,0.0752665108031198
Hum_XLOC_017624,HAP1,0.061775679091642416
Hum_XLOC_017628,HAP1,0.07654823476393462
Hum_XLOC_017643,HAP1,0.03612384709404544
Hum_XLOC_017657,HAP1,0.08989956645198989
Hum_XLOC_017665,HAP1,0.07015775102634472
Hum_XLOC_017666,HAP1,0.06500294360146444
Hum_XLOC_017679,HAP1,0.043369143128418386
Hum_XLOC_017680,HAP1,0.08082269125133996
Hum_XLOC_017684,HAP1,0.05230373196202217
Hum_XLOC_017692,HAP1,0.07024108197209555
Hum_XLOC_017693,HAP1,0.07888640441460541
Hum_XLOC_017694,HAP1,0.056055373166480474
Hum_XLOC_017697,HAP1,0.07830677867947225
Hum_XLOC_017700,HAP1,0.058245515581488105
Hum_XLOC_017703,HAP1,0.06440274010611134
Hum_XLOC_017724,HAP1,0.042606712757644986
Hum_XLOC_017725,HAP1,0.07243814263395716
Hum_XLOC_017749,HAP1,0.06550286379687653
Hum_XLOC_017764,HAP1,0.04741031184846903
Hum_XLOC_017767,HAP1,0.06330127691475428
Hum_XLOC_017770,HAP1,0.06236367921370003
Hum_XLOC_017771,HAP1,0.06302906849453371
Hum_XLOC_017772,HAP1,0.07103082033330596
Hum_XLOC_017792,HAP1,0.06308673281620439
Hum_XLOC_017799,HAP1,0.050575071476728364
Hum_XLOC_017806,HAP1,0.07646496868996283
Hum_XLOC_017813,HAP1,0.06889350442401689
Hum_XLOC_017816,HAP1,0.06199713126343121
Hum_XLOC_017820,HAP1,0.06626807871347518
Hum_XLOC_017824,HAP1,0.0662163515043862
Hum_XLOC_017825,HAP1,0.059704323960370384
Hum_XLOC_017833,HAP1,0.08182845304812594
Hum_XLOC_017862,HAP1,0.07138619568879753
Hum_XLOC_017879,HAP1,0.06587332833034697
Hum_XLOC_017904,HAP1,0.08197458656746315
Hum_XLOC_017919,HAP1,0.07470541235798714
Hum_XLOC_017920,HAP1,0.06338786593907987
Hum_XLOC_017937,HAP1,0.08069857209980932
Hum_XLOC_017941,HAP1,0.07474255901646999
Hum_XLOC_017948,HAP1,0.040125447622136406
Hum_XLOC_017956,HAP1,0.08179699367798884
Hum_XLOC_017958,HAP1,0.07550960638279432
Hum_XLOC_017984,HAP1,0.04750576722557424
Hum_XLOC_017990,HAP1,0.07602415415599965
Hum_XLOC_018005,HAP1,0.06431836977805931
Hum_XLOC_018011,HAP1,0.08591486092471383
Hum_XLOC_018051,HAP1,0.05781351840095813
Hum_XLOC_018070,HAP1,0.05134547762454045
Hum_XLOC_018076,HAP1,0.07674600217687505
Hum_XLOC_018111,HAP1,0.054250919186226945
Hum_XLOC_018114,HAP1,0.05196899013463769
Hum_XLOC_018140,HAP1,0.040391202022331235
Hum_XLOC_018161,HAP1,0.06549346874911124
Hum_XLOC_018166,HAP1,0.0673950248676059
Hum_XLOC_018179,HAP1,0.07042182562106211
Hum_XLOC_018205,HAP1,0.06798841753523385
Hum_XLOC_018207,HAP1,0.040872832651214004
Hum_XLOC_018211,HAP1,0.06825413820874274
Hum_XLOC_018222,HAP1,0.07576265324292213
Hum_XLOC_018223,HAP1,0.05341489765611823
Hum_XLOC_018227,HAP1,0.062353681072951764
Hum_XLOC_018233,HAP1,0.06829398802813974
Hum_XLOC_018249,HAP1,0.05697854799730074
Hum_XLOC_018284,HAP1,0.05735944685718837
Hum_XLOC_018293,HAP1,0.06434449503184042
Hum_XLOC_018294,HAP1,0.041464585307641216
Hum_XLOC_018298,HAP1,0.06888193952174237
Hum_XLOC_018304,HAP1,0.04266899671895676
Hum_XLOC_018311,HAP1,0.05736394119333744
Hum_XLOC_018316,HAP1,0.06368799602302425
Hum_XLOC_018371,HAP1,0.26115994531718784
Hum_XLOC_018378,HAP1,0.038782158874786456
Hum_XLOC_018379,HAP1,0.07205388389662556
Hum_XLOC_018393,HAP1,0.06289638741491982
Hum_XLOC_018416,HAP1,0.058415378070163525
Hum_XLOC_018417,HAP1,0.04008160623421539
Hum_XLOC_018418,HAP1,0.0844363456681678
Hum_XLOC_018422,HAP1,0.05711605328201884
Hum_XLOC_018424,HAP1,0.07086733204224796
Hum_XLOC_018441,HAP1,0.05786645130875351
Hum_XLOC_018443,HAP1,0.05094790061194871
Hum_XLOC_018444,HAP1,0.06244634853596448
Hum_XLOC_018445,HAP1,0.04273180286678423
Hum_XLOC_018453,HAP1,0.06307764994343136
Hum_XLOC_018454,HAP1,0.06858932761907213
Hum_XLOC_018456,HAP1,0.05852795779760071
Hum_XLOC_018460,HAP1,0.06503787611282144
Hum_XLOC_018465,HAP1,0.03520807089823402
Hum_XLOC_018488,HAP1,0.06538559554768053
Hum_XLOC_018497,HAP1,0.07909484966295595
Hum_XLOC_018525,HAP1,0.03483837413723552
Hum_XLOC_018530,HAP1,0.07239841034518445
Hum_XLOC_018543,HAP1,0.0458413038262518
Hum_XLOC_018562,HAP1,0.06276994472683457
Hum_XLOC_018577,HAP1,0.06249963709750135
Hum_XLOC_018583,HAP1,0.06533593636600143
Hum_XLOC_018605,HAP1,0.0714203238571261
Hum_XLOC_018627,HAP1,0.0519941671375297
Hum_XLOC_018641,HAP1,0.0631584828846096
Hum_XLOC_018642,HAP1,0.08376586790155627
Hum_XLOC_018656,HAP1,0.06784580407866479
Hum_XLOC_018666,HAP1,0.04894168737654559
Hum_XLOC_018669,HAP1,0.0573591354605974
Hum_XLOC_018673,HAP1,0.07717168836308419
Hum_XLOC_018674,HAP1,0.06148192531876802
Hum_XLOC_018690,HAP1,0.057893564884891835
Hum_XLOC_018695,HAP1,0.06504923533264517
Hum_XLOC_018696,HAP1,0.04083604981104287
Hum_XLOC_018699,HAP1,0.068066273102906
Hum_XLOC_018700,HAP1,0.03687945077888081
Hum_XLOC_018715,HAP1,0.0760637103251388
Hum_XLOC_018734,HAP1,0.05041673179134318
Hum_XLOC_018741,HAP1,0.046671609812843
Hum_XLOC_018791,HAP1,0.041471064627953476
Hum_XLOC_018806,HAP1,0.06768035649409918
Hum_XLOC_018835,HAP1,0.07562881740449931
Hum_XLOC_018837,HAP1,0.0678120281053627
Hum_XLOC_018842,HAP1,0.06646499948277394
Hum_XLOC_018844,HAP1,0.07591225814847219
Hum_XLOC_018845,HAP1,0.05502170282814326
Hum_XLOC_018848,HAP1,0.07198788092434097
Hum_XLOC_018858,HAP1,0.082514857362222
Hum_XLOC_018901,HAP1,0.03369469455802885
Hum_XLOC_018920,HAP1,0.10190059172311651
Hum_XLOC_018925,HAP1,0.07552131848438501
Hum_XLOC_018926,HAP1,0.04227969210587897
Hum_XLOC_018943,HAP1,0.06497418142384999
Hum_XLOC_018952,HAP1,0.04380393653722847
Hum_XLOC_018955,HAP1,0.040317968650983194
Hum_XLOC_018963,HAP1,0.07131639768312176
Hum_XLOC_018988,HAP1,0.3598053410434119
Hum_XLOC_018996,HAP1,0.06321629933315165
Hum_XLOC_019002,HAP1,0.04371014900324586
Hum_XLOC_019009,HAP1,0.06413009214896973
Hum_XLOC_019011,HAP1,0.07842147562803707
Hum_XLOC_019018,HAP1,0.07145307573469695
Hum_XLOC_019021,HAP1,0.06026905768661551
Hum_XLOC_019022,HAP1,0.07250820394451128
Hum_XLOC_019023,HAP1,0.13502349821478954
Hum_XLOC_019024,HAP1,0.04626276346739421
Hum_XLOC_019047,HAP1,0.05981678618796363
Hum_XLOC_019049,HAP1,0.05621968257666509
Hum_XLOC_019054,HAP1,0.07757375184334787
Hum_XLOC_019068,HAP1,0.058707246344365915
Hum_XLOC_019099,HAP1,0.0596075345391834
Hum_XLOC_019102,HAP1,0.05444372230699886
Hum_XLOC_019104,HAP1,0.0420873333020566
Hum_XLOC_019116,HAP1,0.04120844370234571
Hum_XLOC_019135,HAP1,0.0490559845235944
Hum_XLOC_019141,HAP1,0.048692571347045785
Hum_XLOC_019145,HAP1,0.05777162770460687
Hum_XLOC_019152,HAP1,0.06507149039791699
Hum_XLOC_019162,HAP1,0.071763541846814
Hum_XLOC_019163,HAP1,0.08759075145764392
Hum_XLOC_019173,HAP1,0.05611769224332214
Hum_XLOC_019187,HAP1,0.07538036179899253
Hum_XLOC_019198,HAP1,0.06863580080042764
Hum_XLOC_019199,HAP1,0.07407940348499598
Hum_XLOC_019216,HAP1,0.050863124931627035
Hum_XLOC_019237,HAP1,0.044269781537328926
Hum_XLOC_019240,HAP1,0.06422867138701212
Hum_XLOC_019243,HAP1,0.07423426400098779
Hum_XLOC_019247,HAP1,0.06679731716572243
Hum_XLOC_019267,HAP1,0.07580753773199712
Hum_XLOC_019268,HAP1,0.06479928478127008
Hum_XLOC_019273,HAP1,0.057939429625755316
Hum_XLOC_019277,HAP1,0.06080700216804212
Hum_XLOC_019287,HAP1,0.06303156486022948
Hum_XLOC_019289,HAP1,0.052166674840926436
Hum_XLOC_019290,HAP1,0.07037329868909255
Hum_XLOC_019291,HAP1,0.07447881911619145
Hum_XLOC_019295,HAP1,0.04773951608422994
Hum_XLOC_019301,HAP1,0.05525933371593897
Hum_XLOC_019304,HAP1,0.08741364790980902
Hum_XLOC_019310,HAP1,0.04822286557919424
Hum_XLOC_019318,HAP1,0.07198737405252789
Hum_XLOC_019319,HAP1,0.0656836368125392
Hum_XLOC_019324,HAP1,0.0630339364865874
Hum_XLOC_019332,HAP1,0.07519085764317518
Hum_XLOC_019350,HAP1,0.08953297188286718
Hum_XLOC_019370,HAP1,0.05349103457168651
Hum_XLOC_019371,HAP1,0.05071699187520063
Hum_XLOC_019412,HAP1,0.0640541822783559
Hum_XLOC_019413,HAP1,0.05232046023260169
Hum_XLOC_019414,HAP1,0.03990455136253625
Hum_XLOC_019446,HAP1,0.07327707875162891
Hum_XLOC_019472,HAP1,0.072764593600197
Hum_XLOC_019486,HAP1,0.06797388779794301
Hum_XLOC_019503,HAP1,0.06589803143739689
Hum_XLOC_019508,HAP1,0.061574818676776444
Hum_XLOC_019522,HAP1,0.07135674064037176
Hum_XLOC_019528,HAP1,0.06971098789889754
Hum_XLOC_019531,HAP1,0.07441985302961515
Hum_XLOC_019532,HAP1,0.06311174080438901
Hum_XLOC_019533,HAP1,0.13852795482705121
Hum_XLOC_019568,HAP1,0.0636462706569047
Hum_XLOC_019574,HAP1,0.054537470569872834
Hum_XLOC_019587,HAP1,0.05352485154793164
Hum_XLOC_019592,HAP1,0.07341015397474202
Hum_XLOC_019635,HAP1,0.0647001479727076
Hum_XLOC_019639,HAP1,0.07508479295490728
Hum_XLOC_019655,HAP1,0.07450987805020878
Hum_XLOC_019657,HAP1,0.09951247067509308
Hum_XLOC_019675,HAP1,0.06965008698544295
Hum_XLOC_019677,HAP1,0.04207467423113158
Hum_XLOC_019683,HAP1,0.06794582047609755
Hum_XLOC_019688,HAP1,0.07382974084573851
Hum_XLOC_019694,HAP1,0.04185437999565046
Hum_XLOC_019725,HAP1,0.06509361796522546
Hum_XLOC_019762,HAP1,0.04786403539391068
Hum_XLOC_019770,HAP1,0.04070371695151584
Hum_XLOC_019773,HAP1,0.04969769067105413
Hum_XLOC_019780,HAP1,0.05303591634960071
Hum_XLOC_019782,HAP1,0.03496510597086302
Hum_XLOC_019786,HAP1,0.058503464676474354
Hum_XLOC_019797,HAP1,0.0701482166731015
Hum_XLOC_019820,HAP1,0.062271175798841796
Hum_XLOC_019826,HAP1,0.06253862723795645
Hum_XLOC_019827,HAP1,0.03803112812666849
Hum_XLOC_019830,HAP1,0.07515530888911086
Hum_XLOC_019837,HAP1,0.06689168109188189
Hum_XLOC_019838,HAP1,0.04233135728104267
Hum_XLOC_019850,HAP1,0.06766776759817494
Hum_XLOC_019854,HAP1,0.059435571213592775
Hum_XLOC_019861,HAP1,0.08042432739263802
Hum_XLOC_019862,HAP1,0.05156150874203223
Hum_XLOC_019864,HAP1,0.07112528639835242
Hum_XLOC_019866,HAP1,0.07013737069847298
Hum_XLOC_019869,HAP1,0.051809018791208084
Hum_XLOC_019884,HAP1,0.05261831271542307
Hum_XLOC_019886,HAP1,0.03572477387061927
Hum_XLOC_019892,HAP1,0.06960234513159433
Hum_XLOC_019894,HAP1,0.0760637470766781
Hum_XLOC_019896,HAP1,0.05214689153344239
Hum_XLOC_019909,HAP1,0.0811811250322055
Hum_XLOC_019917,HAP1,0.03884836241970736
Hum_XLOC_019930,HAP1,0.03557296711231975
Hum_XLOC_019940,HAP1,0.07714160604917944
Hum_XLOC_019941,HAP1,0.07149574752353705
Hum_XLOC_019942,HAP1,0.07347830536429341
Hum_XLOC_019963,HAP1,0.07453052872851976
Hum_XLOC_019968,HAP1,0.07041217582282874
Hum_XLOC_019978,HAP1,0.07366624502456272
Hum_XLOC_019988,HAP1,0.07508700319225395
Hum_XLOC_019997,HAP1,0.06638747316504158
Hum_XLOC_020021,HAP1,0.08413789353439553
Hum_XLOC_020022,HAP1,0.06219770445653387
Hum_XLOC_020023,HAP1,0.07360045259582376
Hum_XLOC_020027,HAP1,0.06732206951752273
Hum_XLOC_020028,HAP1,0.07425780894254831
Hum_XLOC_020100,HAP1,0.06408915887777472
Hum_XLOC_020101,HAP1,0.067654039185507
Hum_XLOC_020129,HAP1,0.06539914445464319
Hum_XLOC_020140,HAP1,0.05695468358000041
Hum_XLOC_020146,HAP1,0.07936829106988326
Hum_XLOC_020156,HAP1,0.06939239877113221
Hum_XLOC_020164,HAP1,0.048605858752145195
Hum_XLOC_020172,HAP1,0.07172179183667224
Hum_XLOC_020173,HAP1,0.061676035026768855
Hum_XLOC_020194,HAP1,0.07464673088537459
Hum_XLOC_020212,HAP1,0.04024112540687845
Hum_XLOC_020214,HAP1,0.05203958772121099
Hum_XLOC_020215,HAP1,0.05916603285956755
Hum_XLOC_020255,HAP1,0.05772861685514624
Hum_XLOC_020276,HAP1,0.038766166757417425
Hum_XLOC_020282,HAP1,0.07041419033476584
Hum_XLOC_020304,HAP1,0.0652125197746946
Hum_XLOC_020335,HAP1,0.043893671591200785
Hum_XLOC_020336,HAP1,0.05866316257843828
Hum_XLOC_020338,HAP1,0.06001156358613454
Hum_XLOC_020350,HAP1,0.07683354849587334
Hum_XLOC_020352,HAP1,0.05902614830039089
Hum_XLOC_020377,HAP1,0.09771665860269979
Hum_XLOC_020401,HAP1,0.03781047603287649
Hum_XLOC_020412,HAP1,0.08488880433641623
Hum_XLOC_020422,HAP1,0.07080529409718239
Hum_XLOC_020425,HAP1,0.06951587380724746
Hum_XLOC_020431,HAP1,0.07416539100760679
Hum_XLOC_020432,HAP1,0.09263068621553024
Hum_XLOC_020438,HAP1,0.06868486778976693
Hum_XLOC_020467,HAP1,0.04854009032196651
Hum_XLOC_020468,HAP1,0.054559868509991276
Hum_XLOC_020491,HAP1,0.06018467942753204
Hum_XLOC_020495,HAP1,0.07618684932521833
Hum_XLOC_020501,HAP1,0.06258676826385708
Hum_XLOC_020530,HAP1,0.05725880068670983
Hum_XLOC_020547,HAP1,0.08437677823769657
Hum_XLOC_020584,HAP1,0.11425493943984173
Hum_XLOC_020585,HAP1,0.18873796736830573
Hum_XLOC_020605,HAP1,0.03957114688899313
Hum_XLOC_020613,HAP1,0.09243876606217566
Hum_XLOC_020616,HAP1,0.08187957378241503
Hum_XLOC_020626,HAP1,0.07892108660430278
Hum_XLOC_020639,HAP1,0.03995058911482658
Hum_XLOC_020648,HAP1,0.06909482190308389
Hum_XLOC_020651,HAP1,0.06329117801948353
Hum_XLOC_020654,HAP1,0.06120689439887291
Hum_XLOC_020655,HAP1,0.05493754129835008
Hum_XLOC_020656,HAP1,0.05284661799336311
Hum_XLOC_020684,HAP1,0.06324618885242703
Hum_XLOC_020692,HAP1,0.06092388171609828
Hum_XLOC_020694,HAP1,0.0406176884719713
Hum_XLOC_020696,HAP1,0.07376094864993692
Hum_XLOC_020709,HAP1,0.06684434666799197
Hum_XLOC_020710,HAP1,0.06112825577719308
Hum_XLOC_020720,HAP1,0.08481620507273407
Hum_XLOC_020733,HAP1,0.06917438221455359
Hum_XLOC_020751,HAP1,0.048788750676846106
Hum_XLOC_020753,HAP1,0.061526254602847205
Hum_XLOC_020795,HAP1,0.05640833263844635
Hum_XLOC_020797,HAP1,0.06128435125272891
Hum_XLOC_020806,HAP1,0.07984547246844062
Hum_XLOC_020811,HAP1,0.06832199119722936
Hum_XLOC_020826,HAP1,0.04102331342020104
Hum_XLOC_020840,HAP1,0.034812458216912326
Hum_XLOC_020852,HAP1,0.0655577008489409
Hum_XLOC_020853,HAP1,0.06967766130803724
Hum_XLOC_020866,HAP1,0.03911170237528332
Hum_XLOC_020874,HAP1,0.07227419938967573
Hum_XLOC_020877,HAP1,0.09504570415893195
Hum_XLOC_020889,HAP1,0.038397430841651946
Hum_XLOC_020898,HAP1,0.05184453006034885
Hum_XLOC_020905,HAP1,0.03844690397146246
Hum_XLOC_020914,HAP1,0.06030959986536872
Hum_XLOC_020915,HAP1,0.06584877856437275
Hum_XLOC_020923,HAP1,0.07521596492719705
Hum_XLOC_020933,HAP1,0.058454650933414884
Hum_XLOC_020960,HAP1,0.052779289621559755
Hum_XLOC_021004,HAP1,0.07595428504003861
Hum_XLOC_021019,HAP1,0.3349305286072283
Hum_XLOC_021020,HAP1,0.061378933791475784
Hum_XLOC_021026,HAP1,0.0497775478786511
Hum_XLOC_021027,HAP1,0.054580548576256785
Hum_XLOC_021033,HAP1,0.07760724814398372
Hum_XLOC_021036,HAP1,0.07391772108232227
Hum_XLOC_021055,HAP1,0.07011493793820364
Hum_XLOC_021064,HAP1,0.058004515449399975
Hum_XLOC_021065,HAP1,0.04383012917917768
Hum_XLOC_021066,HAP1,0.05899952777760177
Hum_XLOC_021075,HAP1,0.06913252835722039
Hum_XLOC_021082,HAP1,0.055654386908712127
Hum_XLOC_021092,HAP1,0.060423494337935396
Hum_XLOC_021095,HAP1,0.04003571722931627
Hum_XLOC_021098,HAP1,0.08233132040275212
Hum_XLOC_021099,HAP1,0.059376223188889174
Hum_XLOC_021101,HAP1,0.06234188250267325
Hum_XLOC_021102,HAP1,0.07429087456870345
Hum_XLOC_021112,HAP1,0.08386706881512457
Hum_XLOC_021121,HAP1,0.054511617942633525
Hum_XLOC_021122,HAP1,0.07968390686938231
Hum_XLOC_021126,HAP1,0.11293309384821519
Hum_XLOC_021133,HAP1,0.07406653036557276
Hum_XLOC_021135,HAP1,0.05334054165853438
Hum_XLOC_021140,HAP1,0.046779047498729985
Hum_XLOC_021141,HAP1,0.05700310339680029
Hum_XLOC_021148,HAP1,0.06363699710284855
Hum_XLOC_021166,HAP1,0.0701426368073077
Hum_XLOC_021171,HAP1,0.07625715651606274
Hum_XLOC_021203,HAP1,0.05259305600194411
Hum_XLOC_021214,HAP1,0.08104235492552816
Hum_XLOC_021236,HAP1,0.05721455354279539
Hum_XLOC_021245,HAP1,0.07345622907796143
Hum_XLOC_021255,HAP1,0.06368378779608021
Hum_XLOC_021275,HAP1,0.055506765112339165
Hum_XLOC_021277,HAP1,0.06378473361362315
Hum_XLOC_021290,HAP1,0.07144568597728568
Hum_XLOC_021298,HAP1,0.0644760495255122
Hum_XLOC_021305,HAP1,0.06079009358091952
Hum_XLOC_021309,HAP1,0.07926975318073162
Hum_XLOC_021314,HAP1,0.0705909548774668
Hum_XLOC_021317,HAP1,0.06967400985292634
Hum_XLOC_021319,HAP1,0.08212490849608986
Hum_XLOC_021341,HAP1,0.05866902246820656
Hum_XLOC_021343,HAP1,0.084801520293939
Hum_XLOC_021378,HAP1,0.03876704364817231
Hum_XLOC_021379,HAP1,0.048465799264621544
Hum_XLOC_021388,HAP1,0.06650860127247046
Hum_XLOC_021395,HAP1,0.06419808554874679
Hum_XLOC_021401,HAP1,0.07351451526374807
Hum_XLOC_021417,HAP1,0.06991525278099268
Hum_XLOC_021453,HAP1,0.07069806530310793
Hum_XLOC_021458,HAP1,0.08238346945813418
Hum_XLOC_021478,HAP1,0.03983558300769491
Hum_XLOC_021482,HAP1,0.06080611070544052
Hum_XLOC_021483,HAP1,0.06665337636848717
Hum_XLOC_021484,HAP1,0.06934875368892313
Hum_XLOC_021485,HAP1,0.04271639921895608
Hum_XLOC_021486,HAP1,0.0599630554821508
Hum_XLOC_021496,HAP1,0.08345062740410852
Hum_XLOC_021518,HAP1,0.04003759105871144
Hum_XLOC_021526,HAP1,0.052022018454838614
Hum_XLOC_021528,HAP1,0.05151152549299522
Hum_XLOC_021530,HAP1,0.05740423740018989
Hum_XLOC_021534,HAP1,0.0708203250123591
Hum_XLOC_021541,HAP1,0.05604985005908461
Hum_XLOC_021555,HAP1,0.07574879299602261
Hum_XLOC_021558,HAP1,0.06437314733790238
Hum_XLOC_021559,HAP1,0.07468621235471744
Hum_XLOC_021574,HAP1,0.06723762478804077
Hum_XLOC_021579,HAP1,0.04174744920316345
Hum_XLOC_021589,HAP1,0.0650461478438637
Hum_XLOC_021647,HAP1,0.05532867095374178
Hum_XLOC_021683,HAP1,0.06607870538829431
Hum_XLOC_021685,HAP1,0.07365021776988215
Hum_XLOC_021688,HAP1,0.05861358440697689
Hum_XLOC_021700,HAP1,0.066750461176079
Hum_XLOC_021702,HAP1,0.07955228615719172
Hum_XLOC_021706,HAP1,0.07154277858618291
Hum_XLOC_021715,HAP1,0.06447160331293152
Hum_XLOC_021720,HAP1,0.04423092638799575
Hum_XLOC_021740,HAP1,0.06930824319196309
Hum_XLOC_021741,HAP1,0.06671563334909753
Hum_XLOC_021748,HAP1,0.07269038194152924
Hum_XLOC_021802,HAP1,0.08104612171638945
Hum_XLOC_021803,HAP1,0.07890289139380137
Hum_XLOC_021813,HAP1,0.06354854536103995
Hum_XLOC_021821,HAP1,0.06826667567032861
Hum_XLOC_021823,HAP1,0.05642530127357286
Hum_XLOC_021824,HAP1,0.07528377584730236
Hum_XLOC_021834,HAP1,0.04294441313326387
Hum_XLOC_021847,HAP1,0.04116328277432271
Hum_XLOC_021852,HAP1,0.03677106068259926
Hum_XLOC_021867,HAP1,0.06656534339663377
Hum_XLOC_021869,HAP1,0.04613436896050846
Hum_XLOC_021876,HAP1,0.07839774492148739
Hum_XLOC_021879,HAP1,0.073892812134427
Hum_XLOC_021881,HAP1,0.052115267336012135
Hum_XLOC_021893,HAP1,0.05789238770804136
Hum_XLOC_021894,HAP1,0.0467507408596607
Hum_XLOC_021901,HAP1,0.05485945993013683
Hum_XLOC_021905,HAP1,0.07565605404867105
Hum_XLOC_021910,HAP1,0.04405467969523144
Hum_XLOC_021912,HAP1,0.07990202928374465
Hum_XLOC_021926,HAP1,0.07018707097169855
Hum_XLOC_021930,HAP1,0.06559766226981344
Hum_XLOC_021931,HAP1,0.05947836505975852
Hum_XLOC_021934,HAP1,0.08164713682879042
Hum_XLOC_021936,HAP1,0.0686104587092562
Hum_XLOC_021953,HAP1,0.05612130239572334
Hum_XLOC_021963,HAP1,0.0745849625109834
Hum_XLOC_021970,HAP1,0.08003161240295682
Hum_XLOC_021985,HAP1,0.07564933448020814
Hum_XLOC_022014,HAP1,0.04168541292501623
Hum_XLOC_022016,HAP1,0.04353222504199334
Hum_XLOC_022044,HAP1,0.07486708849945992
Hum_XLOC_022045,HAP1,0.07691325782250899
Hum_XLOC_022057,HAP1,0.07594707108265436
Hum_XLOC_022059,HAP1,0.04189880469932545
Hum_XLOC_022069,HAP1,0.06975731680204135
Hum_XLOC_022070,HAP1,0.047991784537083505
Hum_XLOC_022082,HAP1,0.04620165050012837
Hum_XLOC_022083,HAP1,0.07205524563220966
Hum_XLOC_022084,HAP1,0.06831783332232744
Hum_XLOC_022086,HAP1,0.05740280623997533
Hum_XLOC_022088,HAP1,0.06497567768847794
Hum_XLOC_022089,HAP1,0.06632749105725566
Hum_XLOC_022128,HAP1,0.07420331223061737
Hum_XLOC_022130,HAP1,0.08699294488575308
Hum_XLOC_022135,HAP1,0.06450580016377341
Hum_XLOC_022136,HAP1,0.08099885944412134
Hum_XLOC_022149,HAP1,0.059604713671139495
Hum_XLOC_022156,HAP1,0.034144237278081954
Hum_XLOC_022159,HAP1,0.06994245777759933
Hum_XLOC_022164,HAP1,0.052277642780060765
Hum_XLOC_022165,HAP1,0.04832931086471581
Hum_XLOC_022174,HAP1,0.07374721284269882
Hum_XLOC_022178,HAP1,0.052495445685256215
Hum_XLOC_022180,HAP1,0.07989262814426878
Hum_XLOC_022197,HAP1,0.07685586204950015
Hum_XLOC_022212,HAP1,0.03337907019321826
Hum_XLOC_022214,HAP1,0.06963741582644063
Hum_XLOC_022236,HAP1,0.0664789351255966
Hum_XLOC_022239,HAP1,0.06531640540280867
Hum_XLOC_022279,HAP1,0.07231655354762394
Hum_XLOC_022299,HAP1,0.088772712421423
Hum_XLOC_022312,HAP1,0.03920805252179158
Hum_XLOC_022324,HAP1,0.07558495508871901
Hum_XLOC_022330,HAP1,0.0809703279193146
Hum_XLOC_022335,HAP1,0.04233925877949005
Hum_XLOC_022344,HAP1,0.09791932563237256
Hum_XLOC_022345,HAP1,0.05483797679268431
Hum_XLOC_022346,HAP1,0.04351420169995488
Hum_XLOC_022347,HAP1,0.06869640445173959
Hum_XLOC_022351,HAP1,0.07981709428427984
Hum_XLOC_022361,HAP1,0.07290298888445372
Hum_XLOC_022362,HAP1,0.0440774255899201
Hum_XLOC_022389,HAP1,0.042296890139800286
Hum_XLOC_022392,HAP1,0.04935574053859727
Hum_XLOC_022393,HAP1,0.06159695507055307
Hum_XLOC_022398,HAP1,0.0736195530050496
Hum_XLOC_022402,HAP1,0.07438276560149144
Hum_XLOC_022403,HAP1,0.045273009549677126
Hum_XLOC_022405,HAP1,0.05947281633265227
Hum_XLOC_022419,HAP1,0.05039152935087278
Hum_XLOC_022422,HAP1,0.05412049570586597
Hum_XLOC_022435,HAP1,0.06747271644002259
Hum_XLOC_022436,HAP1,0.07174294163104403
Hum_XLOC_022443,HAP1,0.07849022712402859
Hum_XLOC_022446,HAP1,0.044243742241276765
Hum_XLOC_022448,HAP1,0.0735421597321697
Hum_XLOC_022452,HAP1,0.06338762342748383
Hum_XLOC_022454,HAP1,0.06851767317131287
Hum_XLOC_022458,HAP1,0.07303178500104418
Hum_XLOC_022461,HAP1,0.06417708983688976
Hum_XLOC_022465,HAP1,0.04635716689547531
Hum_XLOC_022468,HAP1,0.05851262069141412
Hum_XLOC_022469,HAP1,0.06531798023715807
Hum_XLOC_022475,HAP1,0.05598352406929406
Hum_XLOC_022494,HAP1,0.08051404857493198
Hum_XLOC_022495,HAP1,0.05170312081550196
Hum_XLOC_022512,HAP1,0.06739372403337039
Hum_XLOC_022519,HAP1,0.06123152786574783
Hum_XLOC_022537,HAP1,0.034120710049357295
Hum_XLOC_022573,HAP1,0.05238808477104638
Hum_XLOC_022595,HAP1,0.048644839455661434
Hum_XLOC_022640,HAP1,0.07174248755269508
Hum_XLOC_022645,HAP1,0.04834164784096584
Hum_XLOC_022657,HAP1,0.07215798275200724
Hum_XLOC_022670,HAP1,0.07037127769808799
Hum_XLOC_022704,HAP1,0.04555113102215749
Hum_XLOC_022710,HAP1,0.05208774945473027
Hum_XLOC_022754,HAP1,0.0608690739612429
Hum_XLOC_022759,HAP1,0.07288225669129339
Hum_XLOC_022763,HAP1,0.0609950377613757
Hum_XLOC_022764,HAP1,0.07531756743210374
Hum_XLOC_022778,HAP1,0.06021066445460711
Hum_XLOC_022786,HAP1,0.03565520452931978
Hum_XLOC_022804,HAP1,0.06700518642802954
Hum_XLOC_022809,HAP1,0.052877677335853565
Hum_XLOC_022819,HAP1,0.04470040295214878
Hum_XLOC_022823,HAP1,0.07211764588649491
Hum_XLOC_022831,HAP1,0.057261295093627644
Hum_XLOC_022840,HAP1,0.05978070745686796
Hum_XLOC_022850,HAP1,0.06439606211116566
Hum_XLOC_022860,HAP1,0.036889892648490796
Hum_XLOC_022862,HAP1,0.054512195416793925
Hum_XLOC_022881,HAP1,0.057027508073807784
Hum_XLOC_022889,HAP1,0.07409235936666156
Hum_XLOC_022892,HAP1,0.06556849862317973
Hum_XLOC_022915,HAP1,0.05928166905320576
Hum_XLOC_022930,HAP1,0.07541018863306366
Hum_XLOC_022931,HAP1,0.07515336326092185
Hum_XLOC_022943,HAP1,0.08273750538810667
Hum_XLOC_022954,HAP1,0.07197606215109836
Hum_XLOC_022959,HAP1,0.04180358083436032
Hum_XLOC_022984,HAP1,0.05380662688145958
Hum_XLOC_023008,HAP1,0.060999991956918964
Hum_XLOC_023014,HAP1,0.07403182626458965
Hum_XLOC_023016,HAP1,0.06777724186742658
Hum_XLOC_023021,HAP1,0.06890732748898422
Hum_XLOC_023023,HAP1,0.06689495071755913
Hum_XLOC_023024,HAP1,0.058930354133937074
Hum_XLOC_023034,HAP1,0.07305276529901203
Hum_XLOC_023047,HAP1,0.06710723151099776
Hum_XLOC_023058,HAP1,0.0796768602316421
Hum_XLOC_023062,HAP1,0.06377607129918884
Hum_XLOC_023064,HAP1,0.07330448100285833
Hum_XLOC_023071,HAP1,0.05038652017299805
Hum_XLOC_023072,HAP1,0.07775124075426876
Hum_XLOC_023078,HAP1,0.0628433065913234
Hum_XLOC_023088,HAP1,0.06287829811145704
Hum_XLOC_023092,HAP1,0.051074607014476525
Hum_XLOC_023101,HAP1,0.07707234380960593
Hum_XLOC_023108,HAP1,0.0754683152894848
Hum_XLOC_023131,HAP1,0.07751307904446302
Hum_XLOC_023142,HAP1,0.06982696534221994
Hum_XLOC_023145,HAP1,0.07339309399851905
Hum_XLOC_023155,HAP1,0.06127634241875357
Hum_XLOC_023165,HAP1,0.07151220293286856
Hum_XLOC_023169,HAP1,0.05377379486747046
Hum_XLOC_023186,HAP1,0.038632658105903925
Hum_XLOC_023189,HAP1,0.03938357130330419
Hum_XLOC_023201,HAP1,0.07333847880554795
Hum_XLOC_023210,HAP1,0.0685364351954721
Hum_XLOC_023211,HAP1,0.051107323473848124
Hum_XLOC_023219,HAP1,0.05280339033462209
Hum_XLOC_023235,HAP1,0.06381786542428294
Hum_XLOC_023237,HAP1,0.06695783247402028
Hum_XLOC_023240,HAP1,0.07577330494649805
Hum_XLOC_023256,HAP1,0.07325886625945159
Hum_XLOC_023259,HAP1,0.05300251849389194
Hum_XLOC_023262,HAP1,0.061617576673012556
Hum_XLOC_023267,HAP1,0.06926811905275967
Hum_XLOC_023283,HAP1,0.0708187276414025
Hum_XLOC_023286,HAP1,0.05774623064641355
Hum_XLOC_023290,HAP1,0.07714872382908126
Hum_XLOC_023293,HAP1,0.07131154430894365
Hum_XLOC_023300,HAP1,0.07322523186131029
Hum_XLOC_023308,HAP1,0.03900372296175108
Hum_XLOC_023321,HAP1,0.07668813175132955
Hum_XLOC_023332,HAP1,0.0656199761702907
Hum_XLOC_023349,HAP1,0.06122662293969968
Hum_XLOC_023360,HAP1,0.050198861221514506
Hum_XLOC_023369,HAP1,0.06433418453242126
Hum_XLOC_023380,HAP1,0.06792837740883563
Hum_XLOC_023390,HAP1,0.04947297857376744
Hum_XLOC_023397,HAP1,0.0501882355132296
Hum_XLOC_023398,HAP1,0.07493065916427234
Hum_XLOC_023400,HAP1,0.041785116331141535
Hum_XLOC_023403,HAP1,0.08341894643744861
Hum_XLOC_023404,HAP1,0.05102818253140629
Hum_XLOC_023425,HAP1,0.061651330440700335
Hum_XLOC_023426,HAP1,0.04872749957332499
Hum_XLOC_023443,HAP1,0.04544235663438667
Hum_XLOC_023445,HAP1,0.08352284002827853
Hum_XLOC_023450,HAP1,0.06434893149849949
Hum_XLOC_023453,HAP1,0.06953490818383969
Hum_XLOC_023472,HAP1,0.04702868937438234
Hum_XLOC_023481,HAP1,0.06719712441964217
Hum_XLOC_023485,HAP1,0.06012005165683851
Hum_XLOC_023488,HAP1,0.07292068211715572
Hum_XLOC_023520,HAP1,0.0739643881866446
Hum_XLOC_023548,HAP1,0.07243486510129148
Hum_XLOC_023558,HAP1,0.05126050605140755
Hum_XLOC_023567,HAP1,0.06809386644564448
Hum_XLOC_023574,HAP1,0.07374981615871176
Hum_XLOC_023575,HAP1,0.0720232892129081
Hum_XLOC_023580,HAP1,0.07506193393507778
Hum_XLOC_023587,HAP1,0.06681414774504835
Hum_XLOC_023606,HAP1,0.043822936741462495
Hum_XLOC_023652,HAP1,0.07383633722202293
Hum_XLOC_023657,HAP1,0.08236686070879082
Hum_XLOC_023658,HAP1,0.08166216316101929
Hum_XLOC_023662,HAP1,0.04438038319126059
Hum_XLOC_023669,HAP1,0.12662554788415972
Hum_XLOC_023673,HAP1,0.0756280684419293
Hum_XLOC_023689,HAP1,0.06455700851158735
Hum_XLOC_023693,HAP1,0.08028770252968757
Hum_XLOC_023705,HAP1,0.07711139076515008
Hum_XLOC_023717,HAP1,0.08466444511785697
Hum_XLOC_023720,HAP1,0.05169156580835494
Hum_XLOC_023721,HAP1,0.08172043656965688
Hum_XLOC_023731,HAP1,0.06725645691210413
Hum_XLOC_023736,HAP1,0.07342672921426288
Hum_XLOC_023744,HAP1,0.08429864149984041
Hum_XLOC_023746,HAP1,0.0830821816737582
Hum_XLOC_023756,HAP1,0.07967489083405713
Hum_XLOC_023757,HAP1,0.07957550463023266
Hum_XLOC_023759,HAP1,0.06656653916496705
Hum_XLOC_023760,HAP1,0.07286427568750675
Hum_XLOC_023764,HAP1,0.06102996733221576
Hum_XLOC_023783,HAP1,0.06076455388802689
Hum_XLOC_023784,HAP1,0.07824271186627527
Hum_XLOC_023786,HAP1,0.06592839116026206
Hum_XLOC_023791,HAP1,0.07068111974735675
Hum_XLOC_023793,HAP1,0.0610124133665536
Hum_XLOC_023804,HAP1,0.04224961713109649
Hum_XLOC_023815,HAP1,0.06002706243097142
Hum_XLOC_023820,HAP1,0.041160644669087795
Hum_XLOC_023833,HAP1,0.07085711977460625
Hum_XLOC_023851,HAP1,0.04790486148817755
Hum_XLOC_023869,HAP1,0.04088779760577092
Hum_XLOC_023878,HAP1,0.054901283711832165
Hum_XLOC_023887,HAP1,0.08817792087621718
Hum_XLOC_023889,HAP1,0.07631357231374636
Hum_XLOC_023922,HAP1,0.07487580522747081
Hum_XLOC_023923,HAP1,0.05636528162479877
Hum_XLOC_023924,HAP1,0.06337994975792559
Hum_XLOC_023926,HAP1,0.08651463960953781
Hum_XLOC_023928,HAP1,0.048282783418330054
Hum_XLOC_023949,HAP1,0.0705585962587115
Hum_XLOC_023950,HAP1,0.07349261830526765
Hum_XLOC_023959,HAP1,0.039273727871096856
Hum_XLOC_023961,HAP1,0.0643071229484615
Hum_XLOC_023962,HAP1,0.06703168881697125
Hum_XLOC_023972,HAP1,0.062651016534243
Hum_XLOC_023973,HAP1,0.0756831201886582
Hum_XLOC_024013,HAP1,0.04679863211533059
Hum_XLOC_024031,HAP1,0.04503962863227781
Hum_XLOC_024047,HAP1,0.08026280291081754
Hum_XLOC_024100,HAP1,0.052855698223557415
Hum_XLOC_024120,HAP1,0.06343575408763516
Hum_XLOC_024123,HAP1,0.08366588232320617
Hum_XLOC_024127,HAP1,0.0394488335879716
Hum_XLOC_024131,HAP1,0.0660953906915261
Hum_XLOC_024132,HAP1,0.051742883556521235
Hum_XLOC_024151,HAP1,0.05612180300679449
Hum_XLOC_024155,HAP1,0.06866535130008317
Hum_XLOC_024156,HAP1,0.07627844751219229
Hum_XLOC_024159,HAP1,0.06215786679629233
Hum_XLOC_024160,HAP1,0.05790531732971117
Hum_XLOC_024169,HAP1,0.06041056365054988
Hum_XLOC_024175,HAP1,0.0851680946495879
Hum_XLOC_024179,HAP1,0.07186608453234877
Hum_XLOC_024194,HAP1,0.06338546332057668
Hum_XLOC_024197,HAP1,0.07324299307352138
Hum_XLOC_024205,HAP1,0.07196303588410762
Hum_XLOC_024215,HAP1,0.1150280641762302
Hum_XLOC_024217,HAP1,0.07347330950020844
Hum_XLOC_024233,HAP1,0.07450466671974565
Hum_XLOC_024241,HAP1,0.06576503216256681
Hum_XLOC_024242,HAP1,0.06400222909524617
Hum_XLOC_024243,HAP1,0.06419083548620064
Hum_XLOC_024245,HAP1,0.05690195516130716
Hum_XLOC_024248,HAP1,0.03921444577668118
Hum_XLOC_024257,HAP1,0.07764665650597971
Hum_XLOC_024265,HAP1,0.07115393178513302
Hum_XLOC_024266,HAP1,0.07139159980835283
Hum_XLOC_024268,HAP1,0.07049709464933276
Hum_XLOC_024281,HAP1,0.07635687130446955
Hum_XLOC_024303,HAP1,0.0690129815180036
Hum_XLOC_024325,HAP1,0.08242623135253155
Hum_XLOC_024373,HAP1,0.04638729316488861
Hum_XLOC_024374,HAP1,0.07221812085989468
Hum_XLOC_024381,HAP1,0.07227948894981856
Hum_XLOC_024383,HAP1,0.038941108640677125
Hum_XLOC_024384,HAP1,0.0822832306632354
Hum_XLOC_024388,HAP1,0.07276257795098398
Hum_XLOC_024403,HAP1,0.08736334460906515
Hum_XLOC_024409,HAP1,0.07681061727748253
Hum_XLOC_024418,HAP1,0.05939912706120309
Hum_XLOC_024425,HAP1,0.06918235534815516
Hum_XLOC_024441,HAP1,0.08335584134316665
Hum_XLOC_024458,HAP1,0.059045214570538004
Hum_XLOC_024459,HAP1,0.09012984329054986
Hum_XLOC_024475,HAP1,0.0819611511895218
Hum_XLOC_024476,HAP1,0.07683663406697093
Hum_XLOC_024494,HAP1,0.07002891879309518
Hum_XLOC_024495,HAP1,0.06565635250406032
Hum_XLOC_024520,HAP1,0.0581113388869204
Hum_XLOC_024521,HAP1,0.06767348152663294
Hum_XLOC_024523,HAP1,0.041192103397031436
Hum_XLOC_024532,HAP1,0.08046065657505722
Hum_XLOC_024556,HAP1,0.08071083006795529
Hum_XLOC_024557,HAP1,0.04475649088298631
Hum_XLOC_024559,HAP1,0.06684109469274906
Hum_XLOC_024575,HAP1,0.059179780312809266
Hum_XLOC_024582,HAP1,0.08026310890200325
Hum_XLOC_024586,HAP1,0.03881370892426999
Hum_XLOC_024596,HAP1,0.06653185027710418
Hum_XLOC_024602,HAP1,0.0736387134072144
Hum_XLOC_024614,HAP1,0.07346929129716456
Hum_XLOC_024620,HAP1,0.060045605940655826
Hum_XLOC_024637,HAP1,0.07166455511856493
Hum_XLOC_024649,HAP1,0.04257064827763542
Hum_XLOC_024675,HAP1,0.04445016704401754
Hum_XLOC_024713,HAP1,0.0765925206276007
Hum_XLOC_024739,HAP1,0.06053286417293861
Hum_XLOC_024762,HAP1,0.07377995420998523
Hum_XLOC_024763,HAP1,0.06745038742049592
Hum_XLOC_024767,HAP1,0.045010177120090894
Hum_XLOC_024777,HAP1,0.05718004695323145
Hum_XLOC_024820,HAP1,0.060732227261275
Hum_XLOC_024825,HAP1,0.07334185744753155
Hum_XLOC_024826,HAP1,0.04926389099315891
Hum_XLOC_024829,HAP1,0.08830511613561602
Hum_XLOC_024842,HAP1,0.06696031958763438
Hum_XLOC_024847,HAP1,0.0721242025135146
Hum_XLOC_024854,HAP1,0.07581401196276943
Hum_XLOC_024863,HAP1,0.04562276729541356
Hum_XLOC_024871,HAP1,0.06018522806587667
Hum_XLOC_024872,HAP1,0.07169898859233
Hum_XLOC_024874,HAP1,0.09079003417819832
Hum_XLOC_024876,HAP1,0.04739516397593693
Hum_XLOC_024900,HAP1,0.054402384313276056
Hum_XLOC_024910,HAP1,0.0681022272933466
Hum_XLOC_024922,HAP1,0.0808094537572467
Hum_XLOC_024931,HAP1,0.061849022246567215
Hum_XLOC_024934,HAP1,0.055891546405857834
Hum_XLOC_024957,HAP1,0.058573306423415294
Hum_XLOC_024970,HAP1,0.055178061214778064
Hum_XLOC_024979,HAP1,0.04383547154883663
Hum_XLOC_025009,HAP1,0.06596590978915032
Hum_XLOC_025022,HAP1,0.05437139367989631
Hum_XLOC_025028,HAP1,0.07262978952852904
Hum_XLOC_025048,HAP1,0.05868101238821196
Hum_XLOC_025049,HAP1,0.04583623306859796
Hum_XLOC_025061,HAP1,0.07969089260775764
Hum_XLOC_025065,HAP1,0.046107516315089254
Hum_XLOC_025071,HAP1,0.07085355982744358
Hum_XLOC_025081,HAP1,0.059883579832874304
Hum_XLOC_025111,HAP1,0.0769902576960167
Hum_XLOC_025182,HAP1,0.08189745752948137
Hum_XLOC_025208,HAP1,0.0619701949659605
Hum_XLOC_025246,HAP1,0.07192550884758289
Hum_XLOC_025247,HAP1,0.04184481266043827
Hum_XLOC_025284,HAP1,0.045568503538520905
Hum_XLOC_025303,HAP1,0.07424166565657826
Hum_XLOC_025305,HAP1,0.0725764896290495
Hum_XLOC_025323,HAP1,0.04364438604034042
Hum_XLOC_025331,HAP1,0.0731476773560795
Hum_XLOC_025332,HAP1,0.07831419560730085
Hum_XLOC_025334,HAP1,0.03430834261568743
Hum_XLOC_025335,HAP1,0.05079018210546439
Hum_XLOC_025339,HAP1,0.038763724904692355
Hum_XLOC_025353,HAP1,0.03957724597569385
Hum_XLOC_025356,HAP1,0.042005449807431934
Hum_XLOC_025357,HAP1,0.06108184644803036
Hum_XLOC_025366,HAP1,0.05648390681558942
Hum_XLOC_025377,HAP1,0.07120304330566424
Hum_XLOC_025394,HAP1,0.05596398433898587
Hum_XLOC_025402,HAP1,0.06190944776129238
Hum_XLOC_025403,HAP1,0.05490217900577281
Hum_XLOC_025407,HAP1,0.05594810843346047
Hum_XLOC_025408,HAP1,0.06207414822823397
Hum_XLOC_025410,HAP1,0.056409052271431205
Hum_XLOC_025414,HAP1,0.06971853731334623
Hum_XLOC_025416,HAP1,0.05401613256462769
Hum_XLOC_025436,HAP1,0.06699571334597976
Hum_XLOC_025444,HAP1,0.0778625678949497
Hum_XLOC_025445,HAP1,0.07751874950192873
Hum_XLOC_025447,HAP1,0.0677409153823127
Hum_XLOC_025452,HAP1,0.07203242759389107
Hum_XLOC_025460,HAP1,0.055690042970190666
Hum_XLOC_025474,HAP1,0.0783505479731411
Hum_XLOC_025478,HAP1,0.08167574517613715
Hum_XLOC_025481,HAP1,0.08060350914179007
Hum_XLOC_025487,HAP1,0.08775090915829495
Hum_XLOC_025488,HAP1,0.07900697221560658
Hum_XLOC_025494,HAP1,0.0907567720832199
Hum_XLOC_025498,HAP1,0.07681481764267005
Hum_XLOC_025506,HAP1,0.05824235393720849
Hum_XLOC_025536,HAP1,0.05835499775526935
Hum_XLOC_025552,HAP1,0.07159413963269025
Hum_XLOC_025589,HAP1,0.06975951576131609
Hum_XLOC_025596,HAP1,0.07953085283134989
Hum_XLOC_025611,HAP1,0.07909259881936191
Hum_XLOC_025641,HAP1,0.07496645421346228
Hum_XLOC_025651,HAP1,0.05911375119214302
Hum_XLOC_025706,HAP1,0.044970185727247564
Hum_XLOC_025720,HAP1,0.0592119503861762
Hum_XLOC_025723,HAP1,0.07811405757931901
Hum_XLOC_025724,HAP1,0.06895215538141929
Hum_XLOC_025725,HAP1,0.08317807087291018
Hum_XLOC_025754,HAP1,0.03928828494936329
Hum_XLOC_025758,HAP1,0.07475790389449961
Hum_XLOC_025766,HAP1,0.054041617476290355
Hum_XLOC_025782,HAP1,0.06999266331370904
Hum_XLOC_025790,HAP1,0.06518363612168222
Hum_XLOC_025791,HAP1,0.05648905085300254
Hum_XLOC_025807,HAP1,0.08652032321202886
Hum_XLOC_025812,HAP1,0.07454229202361519
Hum_XLOC_025823,HAP1,0.055505025199155664
Hum_XLOC_025824,HAP1,0.06373429972887606
Hum_XLOC_025853,HAP1,0.07496805166469135
Hum_XLOC_025863,HAP1,0.0687358870533667
Hum_XLOC_025864,HAP1,0.0636379486248683
Hum_XLOC_025872,HAP1,0.04678661646705264
Hum_XLOC_025914,HAP1,0.05806124223878845
Hum_XLOC_025920,HAP1,0.04443670969610295
Hum_XLOC_025933,HAP1,0.06895249105747883
Hum_XLOC_025935,HAP1,0.06238612327452202
Hum_XLOC_025945,HAP1,0.07422522126595979
Hum_XLOC_025966,HAP1,0.041826103905360755
Hum_XLOC_025967,HAP1,0.08220199567404596
Hum_XLOC_025993,HAP1,0.06217898259217909
Hum_XLOC_026011,HAP1,0.058060633450502525
Hum_XLOC_026016,HAP1,0.07642210945940674
Hum_XLOC_026027,HAP1,0.07529537881231826
Hum_XLOC_026028,HAP1,0.046780244755033736
Hum_XLOC_026041,HAP1,0.06778355835264026
Hum_XLOC_026046,HAP1,0.07012467492002507
Hum_XLOC_026057,HAP1,0.05183704971108168
Hum_XLOC_026072,HAP1,0.05180572475590796
Hum_XLOC_026080,HAP1,0.06120677925117414
Hum_XLOC_026086,HAP1,0.04720198182803031
Hum_XLOC_026087,HAP1,0.06275509805167533
Hum_XLOC_026088,HAP1,0.07377029715839242
Hum_XLOC_026091,HAP1,0.07884722424084067
Hum_XLOC_026092,HAP1,0.09401194628741999
Hum_XLOC_026105,HAP1,0.08408668118474621
Hum_XLOC_026110,HAP1,0.06480782706010897
Hum_XLOC_026117,HAP1,0.08096138023017885
Hum_XLOC_026118,HAP1,0.04131078154454586
Hum_XLOC_026119,HAP1,0.07149118152045736
Hum_XLOC_026132,HAP1,0.05401489470022058
Hum_XLOC_026135,HAP1,0.07030999010320038
Hum_XLOC_026150,HAP1,0.07185397102020341
Hum_XLOC_026153,HAP1,0.07179170662742076
Hum_XLOC_026195,HAP1,0.051626892082614596
Hum_XLOC_026198,HAP1,0.07578843834718929
Hum_XLOC_026205,HAP1,0.07451516096902283
Hum_XLOC_026210,HAP1,0.06753688530493157
Hum_XLOC_026228,HAP1,0.053872484176121616
Hum_XLOC_026232,HAP1,0.03706661871939881
Hum_XLOC_026234,HAP1,0.08060465458828961
Hum_XLOC_026244,HAP1,0.047230049731788945
Hum_XLOC_026245,HAP1,0.051573905644755794
Hum_XLOC_026250,HAP1,0.06527115159109327
Hum_XLOC_026251,HAP1,0.06329327297842718
Hum_XLOC_026252,HAP1,0.030175707296784184
Hum_XLOC_026261,HAP1,0.03366109881097329
Hum_XLOC_026269,HAP1,0.07019342906807849
Hum_XLOC_026281,HAP1,0.07081606634172313
Hum_XLOC_026304,HAP1,0.03807189126612405
Hum_XLOC_026310,HAP1,0.06503507480564391
Hum_XLOC_026311,HAP1,0.08408481166063655
Hum_XLOC_026313,HAP1,0.07925631633950497
Hum_XLOC_026314,HAP1,0.08036351701695568
Hum_XLOC_026317,HAP1,0.05844409099704646
Hum_XLOC_026320,HAP1,0.07765807093107684
Hum_XLOC_026323,HAP1,0.07224505864028799
Hum_XLOC_026328,HAP1,0.06432072019700895
Hum_XLOC_026349,HAP1,0.0821672106524694
Hum_XLOC_026350,HAP1,0.055420793408316585
Hum_XLOC_026362,HAP1,0.06920047587274147
Hum_XLOC_026363,HAP1,0.045412461755591715
Hum_XLOC_026388,HAP1,0.061818061255068224
Hum_XLOC_026389,HAP1,0.08549574301127989
Hum_XLOC_026391,HAP1,0.05744021893537818
Hum_XLOC_026399,HAP1,0.07680587462991235
Hum_XLOC_026418,HAP1,0.07477240570582287
Hum_XLOC_026427,HAP1,0.07356863186854512
Hum_XLOC_026431,HAP1,0.07465796016122812
Hum_XLOC_026435,HAP1,0.06595309445962416
Hum_XLOC_026443,HAP1,0.059987546828863786
Hum_XLOC_026460,HAP1,0.06790178005104458
Hum_XLOC_026470,HAP1,0.06898278012674328
Hum_XLOC_026477,HAP1,0.05654211003176667
Hum_XLOC_026491,HAP1,0.053513446727364855
Hum_XLOC_026494,HAP1,0.0677152068694017
Hum_XLOC_026496,HAP1,0.07286171827292802
Hum_XLOC_026504,HAP1,0.05406507455507545
Hum_XLOC_026511,HAP1,0.048690662785616234
Hum_XLOC_026529,HAP1,0.05270016566745749
Hum_XLOC_026533,HAP1,0.060140922238085745
Hum_XLOC_026567,HAP1,0.056285973943939714
Hum_XLOC_026587,HAP1,0.037535699707010324
Hum_XLOC_026590,HAP1,0.0642414225596516
Hum_XLOC_026618,HAP1,0.07057510079696884
Hum_XLOC_026619,HAP1,0.06890159976584387
Hum_XLOC_026633,HAP1,0.0622243329573868
Hum_XLOC_026640,HAP1,0.070193748590369
Hum_XLOC_026641,HAP1,0.037317986643265175
Hum_XLOC_026646,HAP1,0.053945099306455614
Hum_XLOC_026653,HAP1,0.042027211996206876
Hum_XLOC_026655,HAP1,0.05305504197553429
Hum_XLOC_026666,HAP1,0.06854824159808455
Hum_XLOC_026668,HAP1,0.06795663325996018
Hum_XLOC_026681,HAP1,0.0829174041880325
Hum_XLOC_026689,HAP1,0.06322569518240681
Hum_XLOC_026732,HAP1,0.068330072679492
Hum_XLOC_026737,HAP1,0.04296696860728952
Hum_XLOC_026743,HAP1,0.07593970142825972
Hum_XLOC_026761,HAP1,0.062204815476595315
Hum_XLOC_026764,HAP1,0.057364595738175414
Hum_XLOC_026767,HAP1,0.06779178315086413
Hum_XLOC_026779,HAP1,0.0467245104136774
Hum_XLOC_026781,HAP1,0.0631298704329184
Hum_XLOC_026782,HAP1,0.1282931600725281
Hum_XLOC_026786,HAP1,0.07939796973900481
Hum_XLOC_026796,HAP1,0.07696027419855274
Hum_XLOC_026797,HAP1,0.06085796024249571
Hum_XLOC_026814,HAP1,0.05606076878705236
Hum_XLOC_026818,HAP1,0.061789497221067156
Hum_XLOC_026849,HAP1,0.06236395661291289
Hum_XLOC_026853,HAP1,0.06484800543970706
Hum_XLOC_026870,HAP1,0.07460862743798344
Hum_XLOC_026879,HAP1,0.06404816271970196
Hum_XLOC_026891,HAP1,0.07140141317076662
Hum_XLOC_026900,HAP1,0.08435834070264114
Hum_XLOC_026902,HAP1,0.04712401212854467
Hum_XLOC_026955,HAP1,0.038566538998604474
Hum_XLOC_026966,HAP1,0.08072518829527608
Hum_XLOC_026987,HAP1,0.035124296418428326
Hum_XLOC_026996,HAP1,0.05083149845702837
Hum_XLOC_026997,HAP1,0.05376120919156483
Hum_XLOC_027006,HAP1,0.035563552364625585
Hum_XLOC_027017,HAP1,0.04222069141450627
Hum_XLOC_027023,HAP1,0.05896471258517807
Hum_XLOC_027042,HAP1,0.049434020038716366
Hum_XLOC_027047,HAP1,0.05550497344003673
Hum_XLOC_027048,HAP1,0.07276767340147587
Hum_XLOC_027051,HAP1,0.05865798914867982
Hum_XLOC_027058,HAP1,0.06760878637606696
Hum_XLOC_027073,HAP1,0.04726241913630004
Hum_XLOC_027110,HAP1,0.05340267390904317
Hum_XLOC_027138,HAP1,0.10745517881657546
Hum_XLOC_027148,HAP1,0.06658405155326322
Hum_XLOC_027158,HAP1,0.05661329833123287
Hum_XLOC_027170,HAP1,0.07819911989224355
Hum_XLOC_027183,HAP1,0.07091691416762005
Hum_XLOC_027195,HAP1,0.06410568099339739
Hum_XLOC_027197,HAP1,0.07861575163054646
Hum_XLOC_027199,HAP1,0.07423703766945
Hum_XLOC_027231,HAP1,0.05446999283268532
Hum_XLOC_027232,HAP1,0.07224623304333704
Hum_XLOC_027239,HAP1,0.06195238739829347
Hum_XLOC_027240,HAP1,0.07082447901288551
Hum_XLOC_027248,HAP1,0.06768470694978958
Hum_XLOC_027259,HAP1,0.05374059133602013
Hum_XLOC_027290,HAP1,0.06489999932342841
Hum_XLOC_027291,HAP1,0.07041157954611463
Hum_XLOC_027294,HAP1,0.07029032370019703
Hum_XLOC_027295,HAP1,0.07012185550758976
Hum_XLOC_027297,HAP1,0.06487436173299513
Hum_XLOC_027314,HAP1,0.07207873851360164
Hum_XLOC_027315,HAP1,0.0737883183224248
Hum_XLOC_027336,HAP1,0.05111265889291777
Hum_XLOC_027352,HAP1,0.06804488696110789
Hum_XLOC_027354,HAP1,0.08716420954966775
Hum_XLOC_027358,HAP1,0.0737401510551934
Hum_XLOC_027382,HAP1,0.06775350395362499
Hum_XLOC_027383,HAP1,0.03471342772141198
Hum_XLOC_027390,HAP1,0.06791639091112438
Hum_XLOC_027391,HAP1,0.061741697492702655
Hum_XLOC_027397,HAP1,0.07192304001090269
Hum_XLOC_027422,HAP1,0.05862586450951989
Hum_XLOC_027429,HAP1,0.0665955085716049
Hum_XLOC_027449,HAP1,0.07452157564812072
Hum_XLOC_027452,HAP1,0.03583907153376852
Hum_XLOC_027461,HAP1,0.07213993980421674
Hum_XLOC_027474,HAP1,0.0498062636541958
Hum_XLOC_027489,HAP1,0.06954421967240898
Hum_XLOC_027494,HAP1,0.06598279073501387
Hum_XLOC_027499,HAP1,0.0618146926715316
Hum_XLOC_027540,HAP1,0.05329450732009133
Hum_XLOC_027544,HAP1,0.0912611562681983
Hum_XLOC_027558,HAP1,0.0625264174279949
Hum_XLOC_027561,HAP1,0.030779799526689206
Hum_XLOC_027564,HAP1,0.08699683541655902
Hum_XLOC_027565,HAP1,0.08079536769784149
Hum_XLOC_027569,HAP1,0.05351321467470671
Hum_XLOC_027573,HAP1,0.07468986713716881
Hum_XLOC_027578,HAP1,0.07248976515227362
Hum_XLOC_027588,HAP1,0.06801891166957824
Hum_XLOC_027589,HAP1,0.05967743009560133
Hum_XLOC_027603,HAP1,0.0700079596094603
Hum_XLOC_027618,HAP1,0.0858971159781813
Hum_XLOC_027632,HAP1,0.07657196125063502
Hum_XLOC_027656,HAP1,0.08492372168421262
Hum_XLOC_027659,HAP1,0.06525879884394752
Hum_XLOC_027699,HAP1,0.07445856753001534
Hum_XLOC_027703,HAP1,0.0409224744161777
Hum_XLOC_027710,HAP1,0.0401364237814247
Hum_XLOC_027715,HAP1,0.06467617663782464
Hum_XLOC_027722,HAP1,0.06908075764694493
Hum_XLOC_027723,HAP1,0.07263921389796532
Hum_XLOC_027733,HAP1,0.036810100707839064
Hum_XLOC_027750,HAP1,0.07548422022345275
Hum_XLOC_027752,HAP1,0.07155259707185749
Hum_XLOC_027761,HAP1,0.07538378125190222
Hum_XLOC_027777,HAP1,0.04530562058724638
Hum_XLOC_027793,HAP1,0.06534889176402209
Hum_XLOC_027799,HAP1,0.06708065107055489
Hum_XLOC_027810,HAP1,0.057447872972738186
Hum_XLOC_027839,HAP1,0.0679227264554735
Hum_XLOC_027855,HAP1,0.054407168845024376
Hum_XLOC_027870,HAP1,0.06969615913603674
Hum_XLOC_027873,HAP1,0.045824743887524694
Hum_XLOC_027890,HAP1,0.03636330504321848
Hum_XLOC_027894,HAP1,0.05773156844528247
Hum_XLOC_027904,HAP1,0.053049452684350906
Hum_XLOC_027907,HAP1,0.07412331225654803
Hum_XLOC_027908,HAP1,0.07336537042362322
Hum_XLOC_027909,HAP1,0.07574406204834068
Hum_XLOC_027914,HAP1,0.06746170672262797
Hum_XLOC_027934,HAP1,0.06628972421356738
Hum_XLOC_027944,HAP1,0.07269901474624553
Hum_XLOC_027977,HAP1,0.07769747909760336
Hum_XLOC_028009,HAP1,0.07891285740345107
Hum_XLOC_028013,HAP1,0.04015170923119933
Hum_XLOC_028029,HAP1,0.0641824714607052
Hum_XLOC_028037,HAP1,0.04394597284038919
Hum_XLOC_028055,HAP1,0.058438873188623855
Hum_XLOC_028073,HAP1,0.06369278949505253
Hum_XLOC_028080,HAP1,0.06174136990960395
Hum_XLOC_028083,HAP1,0.08791786198295168
Hum_XLOC_028126,HAP1,0.03707374693996724
Hum_XLOC_028136,HAP1,0.05473534010569531
Hum_XLOC_028139,HAP1,0.06863467444828442
Hum_XLOC_028155,HAP1,0.06306833128518617
Hum_XLOC_028161,HAP1,0.07553560611879997
Hum_XLOC_028211,HAP1,0.06277651632140925
Hum_XLOC_028227,HAP1,0.059515002303358946
Hum_XLOC_028233,HAP1,0.04133245469410393
Hum_XLOC_028237,HAP1,0.04331873278204959
Hum_XLOC_028242,HAP1,0.07286628991657666
Hum_XLOC_028244,HAP1,0.07083766315311825
Hum_XLOC_028246,HAP1,0.0432176256877
Hum_XLOC_028247,HAP1,0.05003833108964327
Hum_XLOC_028248,HAP1,0.06029037614302907
Hum_XLOC_028249,HAP1,0.07516130910757153
Hum_XLOC_028257,HAP1,0.0343360703679069
Hum_XLOC_028260,HAP1,0.07382451048543508
Hum_XLOC_028261,HAP1,0.04860122892634975
Hum_XLOC_028268,HAP1,0.0482631704198474
Hum_XLOC_028269,HAP1,0.08220493668566789
Hum_XLOC_028279,HAP1,0.05670597584700316
Hum_XLOC_028290,HAP1,0.07488123461601362
Hum_XLOC_028294,HAP1,0.046986099411082984
Hum_XLOC_028295,HAP1,0.04947475841184813
Hum_XLOC_028297,HAP1,0.06240031868623633
Hum_XLOC_028300,HAP1,0.061609567752192965
Hum_XLOC_028310,HAP1,0.06867421954661883
Hum_XLOC_028318,HAP1,0.068444749685862
Hum_XLOC_028324,HAP1,0.06481980801529255
Hum_XLOC_028329,HAP1,0.06515139446045101
Hum_XLOC_028330,HAP1,0.0710041158730042
Hum_XLOC_028337,HAP1,0.06651104698451578
Hum_XLOC_028346,HAP1,0.05759744034406259
Hum_XLOC_028354,HAP1,0.06822443179801863
Hum_XLOC_028360,HAP1,0.0795572680801152
Hum_XLOC_028366,HAP1,0.07266785883662126
Hum_XLOC_028368,HAP1,0.0359835947751562
Hum_XLOC_028377,HAP1,0.061869116441752026
Hum_XLOC_028390,HAP1,0.05596682505808681
Hum_XLOC_028409,HAP1,0.07063239915854326
Hum_XLOC_028436,HAP1,0.0717648007947787
Hum_XLOC_028464,HAP1,0.06971859378827906
Hum_XLOC_028467,HAP1,0.061208917756553426
Hum_XLOC_028476,HAP1,0.07182082617978494
Hum_XLOC_028478,HAP1,0.06968702152868675
Hum_XLOC_028481,HAP1,0.07484207829110186
Hum_XLOC_028488,HAP1,0.05142143183911532
Hum_XLOC_028496,HAP1,0.07457171864571831
Hum_XLOC_028536,HAP1,0.06289456126733411
Hum_XLOC_028543,HAP1,0.07198716730042731
Hum_XLOC_028545,HAP1,0.0626913381937068
Hum_XLOC_028547,HAP1,0.07036562273388046
Hum_XLOC_028558,HAP1,0.04177026837231802
Hum_XLOC_028559,HAP1,0.041376245374676685
Hum_XLOC_028606,HAP1,0.0693372858988246
Hum_XLOC_028623,HAP1,0.0764378265672377
Hum_XLOC_028633,HAP1,0.04027287576934503
Hum_XLOC_028640,HAP1,0.05373116778948346
Hum_XLOC_028657,HAP1,0.0664500715128538
Hum_XLOC_028665,HAP1,0.05954825565323274
Hum_XLOC_028670,HAP1,0.07805808882527254
Hum_XLOC_028672,HAP1,0.05454680415856622
Hum_XLOC_028678,HAP1,0.06367252934991005
Hum_XLOC_028681,HAP1,0.041438487444873426
Hum_XLOC_028682,HAP1,0.08006183389368385
Hum_XLOC_028687,HAP1,0.07760442276760549
Hum_XLOC_028694,HAP1,0.07445034104232029
Hum_XLOC_028695,HAP1,0.06589447790210083
Hum_XLOC_028705,HAP1,0.05621482583526652
Hum_XLOC_028710,HAP1,0.06965799323085262
Hum_XLOC_028712,HAP1,0.06265020559963677
Hum_XLOC_028719,HAP1,0.05875279679169845
Hum_XLOC_028720,HAP1,0.04075302653417313
Hum_XLOC_028748,HAP1,0.06561697206320094
Hum_XLOC_028751,HAP1,0.0653292465913125
Hum_XLOC_028763,HAP1,0.07647781626368808
Hum_XLOC_028775,HAP1,0.07481957104534548
Hum_XLOC_028781,HAP1,0.05997026875129733
Hum_XLOC_028782,HAP1,0.05413279987178411
Hum_XLOC_028795,HAP1,0.07784981374508428
Hum_XLOC_028802,HAP1,0.05219947286741505
Hum_XLOC_028817,HAP1,0.044965323422996605
Hum_XLOC_028821,HAP1,0.07546524191664218
Hum_XLOC_028834,HAP1,0.04917157318547226
Hum_XLOC_028835,HAP1,0.058957063823189854
Hum_XLOC_028859,HAP1,0.05261693517515709
Hum_XLOC_028866,HAP1,0.057991595483976636
Hum_XLOC_028873,HAP1,0.06997517425801611
Hum_XLOC_028874,HAP1,0.07843795263889985
Hum_XLOC_028893,HAP1,0.05245355956801862
Hum_XLOC_028896,HAP1,0.06906202194391362
Hum_XLOC_028904,HAP1,0.04313968316584639
Hum_XLOC_028907,HAP1,0.05872179289560699
Hum_XLOC_028908,HAP1,0.04072061431052976
Hum_XLOC_028911,HAP1,0.07633163959017891
Hum_XLOC_028944,HAP1,0.041716980832418496
Hum_XLOC_028947,HAP1,0.0661806902734792
Hum_XLOC_028953,HAP1,0.054038265418623624
Hum_XLOC_028954,HAP1,0.0813606995610132
Hum_XLOC_028956,HAP1,0.050131400799062906
Hum_XLOC_028968,HAP1,0.06107624585972813
Hum_XLOC_028970,HAP1,0.04974818826375722
Hum_XLOC_028994,HAP1,0.06839888660966362
Hum_XLOC_029002,HAP1,0.07101868727130446
Hum_XLOC_029009,HAP1,0.06178590207157752
Hum_XLOC_029023,HAP1,0.09477748874253962
Hum_XLOC_029037,HAP1,0.0399562888508809
Hum_XLOC_029051,HAP1,0.053866655476563274
Hum_XLOC_029067,HAP1,0.06593553924471413
Hum_XLOC_029072,HAP1,0.039201857457556714
Hum_XLOC_029073,HAP1,0.061182241241317645
Hum_XLOC_029100,HAP1,0.05589672183462241
Hum_XLOC_029130,HAP1,0.0709501513278905
Hum_XLOC_029131,HAP1,0.05742139363048652
Hum_XLOC_029137,HAP1,0.05138156705187516
Hum_XLOC_029155,HAP1,0.06606212702626832
Hum_XLOC_029193,HAP1,0.0815682625921016
Hum_XLOC_029206,HAP1,0.038509187948053934
Hum_XLOC_029211,HAP1,0.051147136258187606
Hum_XLOC_029214,HAP1,0.06633581233653477
Hum_XLOC_029215,HAP1,0.078048792528926
Hum_XLOC_029216,HAP1,0.04364721992957951
Hum_XLOC_029218,HAP1,0.06586697546534909
Hum_XLOC_029234,HAP1,0.050911920409888414
Hum_XLOC_029239,HAP1,0.07410332506317538
Hum_XLOC_029245,HAP1,0.03854946682467975
Hum_XLOC_029247,HAP1,0.04520613598174839
Hum_XLOC_029253,HAP1,0.07479057365900053
Hum_XLOC_029254,HAP1,0.06111913243873026
Hum_XLOC_029277,HAP1,0.07508500232550232
Hum_XLOC_029279,HAP1,0.07863129923535167
Hum_XLOC_029281,HAP1,0.2303361092124502
Hum_XLOC_029283,HAP1,0.06523692066471563
Hum_XLOC_029292,HAP1,0.07660101273570055
Hum_XLOC_029305,HAP1,0.04210732707288141
Hum_XLOC_029312,HAP1,0.05504607719393518
Hum_XLOC_029316,HAP1,0.08060288139278601
Hum_XLOC_029333,HAP1,0.06112899102203309
Hum_XLOC_029338,HAP1,0.06549721562831093
Hum_XLOC_029341,HAP1,0.05643962340742055
Hum_XLOC_029344,HAP1,0.04333222025358366
Hum_XLOC_029363,HAP1,0.045422557152045025
Hum_XLOC_029364,HAP1,0.0605676627942631
Hum_XLOC_029372,HAP1,0.05526406481785151
Hum_XLOC_029382,HAP1,0.06385545904038854
Hum_XLOC_029391,HAP1,0.08309507472581099
Hum_XLOC_029394,HAP1,0.06597871342424745
Hum_XLOC_029396,HAP1,0.07138778519823266
Hum_XLOC_029419,HAP1,0.05436938775677723
Hum_XLOC_029436,HAP1,0.08325899095339077
Hum_XLOC_029443,HAP1,0.05155012412334707
Hum_XLOC_029451,HAP1,0.04574055040617317
Hum_XLOC_029466,HAP1,0.03978742938370197
Hum_XLOC_029467,HAP1,0.08314699592767624
Hum_XLOC_029469,HAP1,0.07384134355974406
Hum_XLOC_029487,HAP1,0.03783616968985214
Hum_XLOC_029498,HAP1,0.037785273382376035
Hum_XLOC_029505,HAP1,0.04282463611207262
Hum_XLOC_029537,HAP1,0.04951063575322928
Hum_XLOC_029543,HAP1,0.03915139531586481
Hum_XLOC_029548,HAP1,0.058064679443012385
Hum_XLOC_029552,HAP1,0.06516934036853374
Hum_XLOC_029595,HAP1,0.0620358247169755
Hum_XLOC_029597,HAP1,0.07289862585139034
Hum_XLOC_029609,HAP1,0.06422960598767964
Hum_XLOC_029611,HAP1,0.05007312811233568
Hum_XLOC_029624,HAP1,0.0736411401052688
Hum_XLOC_029638,HAP1,0.06845487205805144
Hum_XLOC_029639,HAP1,0.0653283653696681
Hum_XLOC_029676,HAP1,0.0735835495993802
Hum_XLOC_029677,HAP1,0.03547451699043628
Hum_XLOC_029679,HAP1,0.0723311442853212
Hum_XLOC_029682,HAP1,0.06089835406884042
Hum_XLOC_029700,HAP1,0.061288018828611374
Hum_XLOC_029704,HAP1,0.04107576629638546
Hum_XLOC_029712,HAP1,0.069797052978186
Hum_XLOC_029713,HAP1,0.05340875123816841
Hum_XLOC_029718,HAP1,0.045762448872080246
Hum_XLOC_029721,HAP1,0.06705130425855865
Hum_XLOC_029723,HAP1,0.04133183806723592
Hum_XLOC_029734,HAP1,0.07423214967021745
Hum_XLOC_029751,HAP1,0.06365668890780077
Hum_XLOC_029752,HAP1,0.07125177193141122
Hum_XLOC_029754,HAP1,0.0753415492558803
Hum_XLOC_029756,HAP1,0.07969785288833546
Hum_XLOC_029803,HAP1,0.05564993361361199
Hum_XLOC_029808,HAP1,0.046881278082318886
Hum_XLOC_029819,HAP1,0.048788989401209244
Hum_XLOC_029823,HAP1,0.07057649400679056
Hum_XLOC_029824,HAP1,0.05155911513127074
Hum_XLOC_029826,HAP1,0.06476199335676852
Hum_XLOC_029829,HAP1,0.06197060934731635
Hum_XLOC_029832,HAP1,0.07299350137659164
Hum_XLOC_029836,HAP1,0.08051070383801931
Hum_XLOC_029838,HAP1,0.05445537873067561
Hum_XLOC_029853,HAP1,0.04114426865035157
Hum_XLOC_029865,HAP1,0.035836326047208836
Hum_XLOC_029871,HAP1,0.0781456741471998
Hum_XLOC_029873,HAP1,0.07000438123309488
Hum_XLOC_029883,HAP1,0.0658147445767256
Hum_XLOC_029885,HAP1,0.038071620745461957
Hum_XLOC_029886,HAP1,0.07131235150795842
Hum_XLOC_029893,HAP1,0.03905835288642731
Hum_XLOC_029908,HAP1,0.037648151481380135
Hum_XLOC_029929,HAP1,0.08113141288423811
Hum_XLOC_029940,HAP1,0.06793773978549258
Hum_XLOC_029965,HAP1,0.06793785460277879
Hum_XLOC_029966,HAP1,0.07564688288780838
Hum_XLOC_029975,HAP1,0.05118420391058004
Hum_XLOC_029976,HAP1,0.03751048466761034
Hum_XLOC_029988,HAP1,0.03829207860175108
Hum_XLOC_030000,HAP1,0.06199016118017859
Hum_XLOC_030047,HAP1,0.07020100878341204
Hum_XLOC_030050,HAP1,0.0734001524074335
Hum_XLOC_030057,HAP1,0.07237753994546375
Hum_XLOC_030097,HAP1,0.06458217855929113
Hum_XLOC_030101,HAP1,0.061281456130702745
Hum_XLOC_030105,HAP1,0.06694034555188244
Hum_XLOC_030108,HAP1,0.07717545528029107
Hum_XLOC_030149,HAP1,0.07795002091214268
Hum_XLOC_030151,HAP1,0.06498687820593681
Hum_XLOC_030168,HAP1,0.036058221276743546
Hum_XLOC_030170,HAP1,0.0352050606604733
Hum_XLOC_030171,HAP1,0.05993899767193411
Hum_XLOC_030172,HAP1,0.03881288430997381
Hum_XLOC_030179,HAP1,0.055670120544685085
Hum_XLOC_030183,HAP1,0.07150788506375912
Hum_XLOC_030186,HAP1,0.07577226643877633
Hum_XLOC_030196,HAP1,0.05328838280370762
Hum_XLOC_030200,HAP1,0.03876690337239912
Hum_XLOC_030211,HAP1,0.0658519566789154
Hum_XLOC_030218,HAP1,0.0649253731998618
Hum_XLOC_030226,HAP1,0.06568793015853328
Hum_XLOC_030235,HAP1,0.0782978228264952
Hum_XLOC_030237,HAP1,0.04020377673964437
Hum_XLOC_030249,HAP1,0.07387947078028195
Hum_XLOC_030254,HAP1,0.0735394591881894
Hum_XLOC_030255,HAP1,0.07300098462430184
Hum_XLOC_030270,HAP1,0.07042740256342421
Hum_XLOC_030273,HAP1,0.03239351801186355
Hum_XLOC_030304,HAP1,0.0804192867290561
Hum_XLOC_030305,HAP1,0.0684939571001659
Hum_XLOC_030315,HAP1,0.04998084914971146
Hum_XLOC_030319,HAP1,0.06457126557471793
Hum_XLOC_030320,HAP1,0.06826644891654614
Hum_XLOC_030323,HAP1,0.06892632710197065
Hum_XLOC_030328,HAP1,0.04188828953789746
Hum_XLOC_030348,HAP1,0.040691452560600874
Hum_XLOC_030353,HAP1,0.06053963648050752
Hum_XLOC_030384,HAP1,0.06346198437962063
Hum_XLOC_030385,HAP1,0.07636122702513619
Hum_XLOC_030393,HAP1,0.055154407866870966
Hum_XLOC_030411,HAP1,0.04583213027099098
Hum_XLOC_030412,HAP1,0.0677934057625004
Hum_XLOC_030434,HAP1,0.06322502743525991
Hum_XLOC_030444,HAP1,0.03962307977602858
Hum_XLOC_030447,HAP1,0.05525805795002871
Hum_XLOC_030451,HAP1,0.08304982508525414
Hum_XLOC_030471,HAP1,0.06502191340009644
Hum_XLOC_030507,HAP1,0.0729634675124343
Hum_XLOC_030532,HAP1,0.03662227025421516
Hum_XLOC_030533,HAP1,0.06887890709458927
Hum_XLOC_030540,HAP1,0.07214904475898579
Hum_XLOC_030543,HAP1,0.0601272138908046
Hum_XLOC_030549,HAP1,0.05840264538520933
Hum_XLOC_030554,HAP1,0.04437178258401149
Hum_XLOC_030568,HAP1,0.06472339861775846
Hum_XLOC_030580,HAP1,0.05986650936857377
Hum_XLOC_030585,HAP1,0.07825303945237116
Hum_XLOC_030619,HAP1,0.05789152604179153
Hum_XLOC_030622,HAP1,0.05568930602323047
Hum_XLOC_030623,HAP1,0.07598307025339124
Hum_XLOC_030656,HAP1,0.05513065341470982
Hum_XLOC_030712,HAP1,0.07309861779430693
Hum_XLOC_030715,HAP1,0.07854352744059101
Hum_XLOC_030727,HAP1,0.06432238923112495
Hum_XLOC_030731,HAP1,0.0660294413157048
Hum_XLOC_030747,HAP1,0.058048043874540906
Hum_XLOC_030750,HAP1,0.07825962062336152
Hum_XLOC_030765,HAP1,0.061187088322558744
Hum_XLOC_030814,HAP1,0.05383477784314613
Hum_XLOC_030819,HAP1,0.06718646008122134
Hum_XLOC_030825,HAP1,0.05724177662998946
Hum_XLOC_030826,HAP1,0.07317117815222834
Hum_XLOC_030827,HAP1,0.06455462855658756
Hum_XLOC_030838,HAP1,0.07420743682654528
Hum_XLOC_030840,HAP1,0.03514657275663316
Hum_XLOC_030849,HAP1,0.5571934463280978
Hum_XLOC_030850,HAP1,0.13809988655662875
Hum_XLOC_030855,HAP1,0.06676212907919662
Hum_XLOC_030858,HAP1,0.07034744945863315
Hum_XLOC_030865,HAP1,0.07075033123690548
Hum_XLOC_030877,HAP1,0.061076148105187085
Hum_XLOC_030885,HAP1,0.04527553076639709
Hum_XLOC_030893,HAP1,0.06522877203077422
Hum_XLOC_030904,HAP1,0.05538975809406171
Hum_XLOC_030912,HAP1,0.07013599451690417
Hum_XLOC_030930,HAP1,0.06598878251532335
Hum_XLOC_030945,HAP1,0.07210501091302678
Hum_XLOC_030950,HAP1,0.07689488602686681
Hum_XLOC_030951,HAP1,0.07680395184151273
Hum_XLOC_030953,HAP1,0.059740760212773344
Hum_XLOC_030957,HAP1,0.0733731385281769
Hum_XLOC_030983,HAP1,0.06391744784499283
Hum_XLOC_030993,HAP1,0.05245966031349487
Hum_XLOC_031001,HAP1,0.07958579090985894
Hum_XLOC_031005,HAP1,0.05364209572165973
Hum_XLOC_031007,HAP1,0.0755007157694662
Hum_XLOC_031013,HAP1,0.05600748098065105
Hum_XLOC_031024,HAP1,0.08397645658499604
Hum_XLOC_031029,HAP1,0.07693076565225858
Hum_XLOC_031042,HAP1,0.0723958015807518
Hum_XLOC_031045,HAP1,0.07956142416945836
Hum_XLOC_031047,HAP1,0.07135343449249888
Hum_XLOC_031050,HAP1,0.07492698070011394
Hum_XLOC_031051,HAP1,0.061670981668523986
Hum_XLOC_031058,HAP1,0.07189676945621667
Hum_XLOC_031070,HAP1,0.0651165135293198
Hum_XLOC_031071,HAP1,0.040122629472570906
Hum_XLOC_031072,HAP1,0.07112476249072464
Hum_XLOC_031074,HAP1,0.07622722726386469
Hum_XLOC_031086,HAP1,0.0653295985699466
Hum_XLOC_031107,HAP1,0.060731028122024924
Hum_XLOC_031116,HAP1,0.08208026548702754
Hum_XLOC_031141,HAP1,0.07043458564453112
Hum_XLOC_031143,HAP1,0.04298803886686561
Hum_XLOC_031147,HAP1,0.0751338453107636
Hum_XLOC_031156,HAP1,0.03637764366678749
Hum_XLOC_031163,HAP1,0.039620892004231134
Hum_XLOC_031164,HAP1,0.06417486649717134
Hum_XLOC_031171,HAP1,0.052560129569285075
Hum_XLOC_031179,HAP1,0.06449716795457719
Hum_XLOC_031189,HAP1,0.05952360636766051
Hum_XLOC_031207,HAP1,0.03696579635148002
Hum_XLOC_031217,HAP1,0.06157486276551978
Hum_XLOC_031229,HAP1,0.06871113901207318
Hum_XLOC_031235,HAP1,0.0697777526974102
Hum_XLOC_031244,HAP1,0.06780890106090838
Hum_XLOC_031262,HAP1,0.08046914907190508
Hum_XLOC_031265,HAP1,0.03947772715638328
Hum_XLOC_031288,HAP1,0.04379499654073368
Hum_XLOC_031291,HAP1,0.06702315818048656
Hum_XLOC_031293,HAP1,0.04594008599302445
Hum_XLOC_031297,HAP1,0.050271268337191026
Hum_XLOC_031305,HAP1,0.05523802971674568
Hum_XLOC_031311,HAP1,0.08155228172098442
Hum_XLOC_031323,HAP1,0.0727621438128829
Hum_XLOC_031333,HAP1,0.08235251028519945
Hum_XLOC_031336,HAP1,0.051710910365953225
Hum_XLOC_031346,HAP1,0.03732012795989076
Hum_XLOC_031349,HAP1,0.035874651800180346
Hum_XLOC_031378,HAP1,0.08961675337137152
Hum_XLOC_031382,HAP1,0.04332104252666461
Hum_XLOC_031386,HAP1,0.03769418793136904
Hum_XLOC_031396,HAP1,0.07689329813006583
Hum_XLOC_031450,HAP1,0.05537289613374986
Hum_XLOC_031451,HAP1,0.06820891680061163
Hum_XLOC_031458,HAP1,0.07321878155150491
Hum_XLOC_031469,HAP1,0.07100269663437277
Hum_XLOC_031470,HAP1,0.07367670498562018
Hum_XLOC_031471,HAP1,0.06728855782478782
Hum_XLOC_031500,HAP1,0.11748377181109758
Hum_XLOC_031505,HAP1,0.04702961627238159
Hum_XLOC_031517,HAP1,0.06552257992261892
Hum_XLOC_031538,HAP1,0.06770498441651215
Hum_XLOC_031542,HAP1,0.06116538889706169
Hum_XLOC_031547,HAP1,0.07097330798395014
Hum_XLOC_031552,HAP1,0.09264231608195062
Hum_XLOC_031554,HAP1,0.07050951476156936
Hum_XLOC_031557,HAP1,0.039687425051975166
Hum_XLOC_031581,HAP1,0.06592843000778664
Hum_XLOC_031605,HAP1,0.06792548734341983
Hum_XLOC_031622,HAP1,0.07795779442623688
Hum_XLOC_031633,HAP1,0.06933276810558409
Hum_XLOC_031639,HAP1,0.06391542023032155
Hum_XLOC_031640,HAP1,0.08362591380689723
Hum_XLOC_031643,HAP1,0.06980677757459011
Hum_XLOC_031664,HAP1,0.0680394334435569
Hum_XLOC_031683,HAP1,0.054158080283455826
Hum_XLOC_031688,HAP1,0.06862126224891345
Hum_XLOC_031710,HAP1,0.06229547318043853
Hum_XLOC_031714,HAP1,0.06253312291148923
Hum_XLOC_031715,HAP1,0.07358034647467271
Hum_XLOC_031733,HAP1,0.07193936176226627
Hum_XLOC_031737,HAP1,0.06942998248220855
Hum_XLOC_031738,HAP1,0.06880233039006345
Hum_XLOC_031740,HAP1,0.052264478140711446
Hum_XLOC_031749,HAP1,0.07330282798994787
Hum_XLOC_031751,HAP1,0.06948355386449712
Hum_XLOC_031757,HAP1,0.07087134250801821
Hum_XLOC_031777,HAP1,0.047135103027271766
Hum_XLOC_031780,HAP1,0.0851019141180849
Hum_XLOC_031782,HAP1,0.05319707096626361
Hum_XLOC_031789,HAP1,0.06365609219113287
Hum_XLOC_031790,HAP1,0.07238706279576815
Hum_XLOC_031792,HAP1,0.07833344487825836
Hum_XLOC_031799,HAP1,0.08039835139578479
Hum_XLOC_031804,HAP1,0.04110182652560773
Hum_XLOC_031812,HAP1,0.07322119800375226
Hum_XLOC_031829,HAP1,0.08444407166997109
Hum_XLOC_031853,HAP1,0.05354524491129902
Hum_XLOC_031855,HAP1,0.053431834400862986
Hum_XLOC_031859,HAP1,0.05722776577044776
Hum_XLOC_031861,HAP1,0.03492997195754166
Hum_XLOC_031863,HAP1,0.07299443786444129
Hum_XLOC_031868,HAP1,0.07725979432877787
Hum_XLOC_031869,HAP1,0.08154268355387964
Hum_XLOC_031876,HAP1,0.0708249962874365
Hum_XLOC_031894,HAP1,0.06786091900752914
Hum_XLOC_031910,HAP1,0.05663091614973075
Hum_XLOC_031920,HAP1,0.06717594586387426
Hum_XLOC_031921,HAP1,0.05891385302265993
Hum_XLOC_031923,HAP1,0.05616360524298721
Hum_XLOC_031925,HAP1,0.04740050948027763
Hum_XLOC_031932,HAP1,0.05770999318756681
Hum_XLOC_031933,HAP1,0.053163576882369425
Hum_XLOC_031963,HAP1,0.04204298276931469
Hum_XLOC_031972,HAP1,0.07970835876420933
Hum_XLOC_031982,HAP1,0.06478457876263258
Hum_XLOC_031992,HAP1,0.059698788925547586
Hum_XLOC_032000,HAP1,0.06923123119431032
Hum_XLOC_032012,HAP1,0.07390306666577826
Hum_XLOC_032013,HAP1,0.06382301553129356
Hum_XLOC_032043,HAP1,0.06592972553983517
Hum_XLOC_032045,HAP1,0.07202532468401679
Hum_XLOC_032046,HAP1,0.08114247150569379
Hum_XLOC_032048,HAP1,0.042469165906897234
Hum_XLOC_032064,HAP1,0.07267026971350997
Hum_XLOC_032072,HAP1,0.06230638633766592
Hum_XLOC_032083,HAP1,0.04153950517056347
Hum_XLOC_032084,HAP1,0.0675049679138065
Hum_XLOC_032092,HAP1,0.03407626210969228
Hum_XLOC_032093,HAP1,0.06545139096241155
Hum_XLOC_032100,HAP1,0.06851440550984847
Hum_XLOC_032107,HAP1,0.04775545708126955
Hum_XLOC_032110,HAP1,0.07592790872041266
Hum_XLOC_032111,HAP1,0.05539455270970554
Hum_XLOC_032112,HAP1,0.04529257093838754
Hum_XLOC_032117,HAP1,0.062373947786419415
Hum_XLOC_032119,HAP1,0.0721851849327365
Hum_XLOC_032126,HAP1,0.07017060732814852
Hum_XLOC_032133,HAP1,0.08077553282869661
Hum_XLOC_032134,HAP1,0.08069288060285763
Hum_XLOC_032136,HAP1,0.07285074427153969
Hum_XLOC_032145,HAP1,0.07701125037112273
Hum_XLOC_032159,HAP1,0.05135282816158563
Hum_XLOC_032191,HAP1,0.05948267879353658
Hum_XLOC_032192,HAP1,0.03845208380833775
Hum_XLOC_032195,HAP1,0.0642326577441724
Hum_XLOC_032216,HAP1,0.038995662201843875
Hum_XLOC_032225,HAP1,0.0692526093252986
Hum_XLOC_032228,HAP1,0.035909481272575955
Hum_XLOC_032230,HAP1,0.07306855925156383
Hum_XLOC_032233,HAP1,0.058689891318800785
Hum_XLOC_032236,HAP1,0.03427146028793829
Hum_XLOC_032237,HAP1,0.03267600657782048
Hum_XLOC_032242,HAP1,0.06157779726884953
Hum_XLOC_032257,HAP1,0.0338587281141173
Hum_XLOC_032269,HAP1,0.07036003169534177
Hum_XLOC_032277,HAP1,0.07281824313709409
Hum_XLOC_032300,HAP1,0.07520061306784154
Hum_XLOC_032314,HAP1,0.07596701817219126
Hum_XLOC_032315,HAP1,0.07038647466393819
Hum_XLOC_032319,HAP1,0.06782599911569676
Hum_XLOC_032321,HAP1,0.06297091444369796
Hum_XLOC_032330,HAP1,0.07761409951880749
Hum_XLOC_032352,HAP1,0.07109334685532796
Hum_XLOC_032353,HAP1,0.05858493054630188
Hum_XLOC_032363,HAP1,0.03420640437997224
Hum_XLOC_032423,HAP1,0.06661588261522855
Hum_XLOC_032432,HAP1,0.03971196436083976
Hum_XLOC_032433,HAP1,0.0735173118471582
Hum_XLOC_032444,HAP1,0.05404119088180168
Hum_XLOC_032445,HAP1,0.07038450021769446
Hum_XLOC_032466,HAP1,0.08545054530753016
Hum_XLOC_032468,HAP1,0.06910965835814825
Hum_XLOC_032472,HAP1,0.0831733993349306
Hum_XLOC_032475,HAP1,0.07574507887288615
Hum_XLOC_032476,HAP1,0.06988779493852704
Hum_XLOC_032478,HAP1,0.06214730543307301
Hum_XLOC_032479,HAP1,0.08906277228566299
Hum_XLOC_032480,HAP1,0.08285648730461223
Hum_XLOC_032498,HAP1,0.0662551238760624
Hum_XLOC_032503,HAP1,0.06017517027099887
Hum_XLOC_032511,HAP1,0.07110337747113774
Hum_XLOC_032523,HAP1,0.05158237021792063
Hum_XLOC_032524,HAP1,0.058387412095835506
Hum_XLOC_032526,HAP1,0.08676111963715247
Hum_XLOC_032528,HAP1,0.076469710803376
Hum_XLOC_032530,HAP1,0.07711793311674942
Hum_XLOC_032531,HAP1,0.04146113398995724
Hum_XLOC_032533,HAP1,0.06260053364391234
Hum_XLOC_032599,HAP1,0.06605080417465137
Hum_XLOC_032600,HAP1,0.06616251300907651
Hum_XLOC_032631,HAP1,0.06378463181679453
Hum_XLOC_032639,HAP1,0.07563325551097874
Hum_XLOC_032681,HAP1,0.0732599960956652
Hum_XLOC_032686,HAP1,0.0775136630600197
Hum_XLOC_032688,HAP1,0.07126987427877104
Hum_XLOC_032689,HAP1,0.04276409230433756
Hum_XLOC_032691,HAP1,0.08780662881038237
Hum_XLOC_032700,HAP1,0.05732321412021547
Hum_XLOC_032707,HAP1,0.07674163063021594
Hum_XLOC_032710,HAP1,0.0701106683886864
Hum_XLOC_032718,HAP1,0.054543737841485404
Hum_XLOC_032722,HAP1,0.045410259503205694
Hum_XLOC_032736,HAP1,0.05119989972621946
Hum_XLOC_032737,HAP1,0.0515114862631369
Hum_XLOC_032739,HAP1,0.07981614514086234
Hum_XLOC_032746,HAP1,0.07542212880368802
Hum_XLOC_032766,HAP1,0.0627411844362978
Hum_XLOC_032769,HAP1,0.055918544843022375
Hum_XLOC_032773,HAP1,0.0622245573712718
Hum_XLOC_032787,HAP1,0.05070582675339699
Hum_XLOC_032801,HAP1,0.05940165188249278
Hum_XLOC_032804,HAP1,0.06831081321342092
Hum_XLOC_032814,HAP1,0.0666571541755315
Hum_XLOC_032819,HAP1,0.05140081450968458
Hum_XLOC_032824,HAP1,0.063663959100371
Hum_XLOC_032827,HAP1,0.05068225221520203
Hum_XLOC_032830,HAP1,0.05353474053475403
Hum_XLOC_032832,HAP1,0.03656632657193027
Hum_XLOC_032849,HAP1,0.06753129033000799
Hum_XLOC_032877,HAP1,0.08415623436300915
Hum_XLOC_032880,HAP1,0.05908650820303933
Hum_XLOC_032906,HAP1,0.04623094668529172
Hum_XLOC_032910,HAP1,0.05630355520254564
Hum_XLOC_032922,HAP1,0.04796139012831005
Hum_XLOC_032925,HAP1,0.08604702710449288
Hum_XLOC_032926,HAP1,0.08600328235515373
Hum_XLOC_032935,HAP1,0.038971582807661775
Hum_XLOC_032940,HAP1,0.07689195391035897
Hum_XLOC_032947,HAP1,0.08012360410414825
Hum_XLOC_032955,HAP1,0.05510541225607944
Hum_XLOC_032957,HAP1,0.053124591553372756
Hum_XLOC_032968,HAP1,0.06692929717785198
Hum_XLOC_032972,HAP1,0.07865648826372726
Hum_XLOC_032975,HAP1,0.054794134441897666
Hum_XLOC_032979,HAP1,0.061772913882889136
Hum_XLOC_032981,HAP1,0.08112818281896048
Hum_XLOC_032996,HAP1,0.0717573183539562
Hum_XLOC_032998,HAP1,0.07151849546286769
Hum_XLOC_033006,HAP1,0.07255787133338454
Hum_XLOC_033022,HAP1,0.06805013340380128
Hum_XLOC_033030,HAP1,0.0708890859060741
Hum_XLOC_033031,HAP1,0.07627503553448625
Hum_XLOC_033051,HAP1,0.0776875067731344
Hum_XLOC_033053,HAP1,0.06920640967024302
Hum_XLOC_033074,HAP1,0.06883624519608739
Hum_XLOC_033093,HAP1,0.0591542469523076
Hum_XLOC_033104,HAP1,0.0656087644367067
Hum_XLOC_033105,HAP1,0.07845974308426926
Hum_XLOC_033109,HAP1,0.05432470257103568
Hum_XLOC_033117,HAP1,0.05819160653890004
Hum_XLOC_033120,HAP1,0.08222048398142598
Hum_XLOC_033152,HAP1,0.08235308313304401
Hum_XLOC_033165,HAP1,0.03663898784620588
Hum_XLOC_033177,HAP1,0.05866996165065174
Hum_XLOC_033179,HAP1,0.07028169149908303
Hum_XLOC_033224,HAP1,0.08765868068028346
Hum_XLOC_033229,HAP1,0.039767848875051984
Hum_XLOC_033230,HAP1,0.06913672963577033
Hum_XLOC_033232,HAP1,0.07463098227028808
Hum_XLOC_033247,HAP1,0.06788125685163729
Hum_XLOC_033270,HAP1,0.046791168664580086
Hum_XLOC_033280,HAP1,0.07010837858305222
Hum_XLOC_033282,HAP1,0.06741977337692462
Hum_XLOC_033288,HAP1,0.04151224356103435
Hum_XLOC_033303,HAP1,0.06908217243413693
Hum_XLOC_033320,HAP1,0.04826082323697899
Hum_XLOC_033341,HAP1,0.06278763772229394
Hum_XLOC_033356,HAP1,0.07561322791786022
Hum_XLOC_033359,HAP1,0.05606002175525451
Hum_XLOC_033374,HAP1,0.0550401949119267
Hum_XLOC_033396,HAP1,0.06210433468762334
Hum_XLOC_033397,HAP1,0.07680978834136826
Hum_XLOC_033400,HAP1,0.0703705646744279
Hum_XLOC_033428,HAP1,0.06092561254200471
Hum_XLOC_033429,HAP1,0.07119442706199035
Hum_XLOC_033447,HAP1,0.05038662553588716
Hum_XLOC_033453,HAP1,0.08281524627104589
Hum_XLOC_033463,HAP1,0.059371264727039345
Hum_XLOC_033474,HAP1,0.05246534985341208
Hum_XLOC_033476,HAP1,0.044150979462007
Hum_XLOC_033495,HAP1,0.06806073985341832
Hum_XLOC_033497,HAP1,0.06986323723382129
Hum_XLOC_033513,HAP1,0.07101673999936826
Hum_XLOC_033522,HAP1,0.07532163298113803
Hum_XLOC_033524,HAP1,0.06110985537737039
Hum_XLOC_033529,HAP1,0.061981937913401994
Hum_XLOC_033538,HAP1,0.060876558893285394
Hum_XLOC_033550,HAP1,0.05816393425041723
Hum_XLOC_033552,HAP1,0.07825928857888881
Hum_XLOC_033559,HAP1,0.06935334003455587
Hum_XLOC_033567,HAP1,0.06544762953296752
Hum_XLOC_033585,HAP1,0.0716967021962027
Hum_XLOC_033592,HAP1,0.06609926553669669
Hum_XLOC_033612,HAP1,0.04385405475575663
Hum_XLOC_033613,HAP1,0.05960646485199403
Hum_XLOC_033628,HAP1,0.06814636949519279
Hum_XLOC_033673,HAP1,0.06477457461178082
Hum_XLOC_033688,HAP1,0.060540136200523474
Hum_XLOC_033689,HAP1,0.07406109324205495
Hum_XLOC_033707,HAP1,0.07447264926146065
Hum_XLOC_033730,HAP1,0.06840921280679628
Hum_XLOC_033763,HAP1,0.05304175117133768
Hum_XLOC_033764,HAP1,0.07001138499246187
Hum_XLOC_033770,HAP1,0.06550708494520566
Hum_XLOC_033775,HAP1,0.07189697408992501
Hum_XLOC_033782,HAP1,0.05883536179565122
Hum_XLOC_033788,HAP1,0.04709100376812927
Hum_XLOC_033794,HAP1,0.08011562299009195
Hum_XLOC_033806,HAP1,0.04700746833286217
Hum_XLOC_033829,HAP1,0.06970910816792232
Hum_XLOC_033838,HAP1,0.07565033373636665
Hum_XLOC_033845,HAP1,0.05680031678647675
Hum_XLOC_033853,HAP1,0.06972976052738383
Hum_XLOC_033856,HAP1,0.06481506917204446
Hum_XLOC_033860,HAP1,0.048017622840907964
Hum_XLOC_033869,HAP1,0.050881597373363424
Hum_XLOC_033877,HAP1,0.041867076992477124
Hum_XLOC_033885,HAP1,0.07034880280939497
Hum_XLOC_033909,HAP1,0.08008677887819793
Hum_XLOC_033924,HAP1,0.05333522610968506
Hum_XLOC_033926,HAP1,0.070418005395949
Hum_XLOC_033929,HAP1,0.05181539781693373
Hum_XLOC_033952,HAP1,0.06600310441198189
Hum_XLOC_033960,HAP1,0.05161955485859312
Hum_XLOC_033986,HAP1,0.07547830587520199
Hum_XLOC_033995,HAP1,0.08072189928357867
Hum_XLOC_034006,HAP1,0.04164708881140342
Hum_XLOC_034010,HAP1,0.06790789455235532
Hum_XLOC_034015,HAP1,0.04331420430705658
Hum_XLOC_034043,HAP1,0.04686671141454265
Hum_XLOC_034073,HAP1,0.0731014943785829
Hum_XLOC_034085,HAP1,0.037361675155418626
Hum_XLOC_034103,HAP1,0.06573846270369592
Hum_XLOC_034117,HAP1,0.0730336000111462
Hum_XLOC_034120,HAP1,0.07464548966849766
Hum_XLOC_034135,HAP1,0.07630177570975216
Hum_XLOC_034149,HAP1,0.0716895377538063
Hum_XLOC_034150,HAP1,0.059230033838711844
Hum_XLOC_034163,HAP1,0.06316616822392901
Hum_XLOC_034165,HAP1,0.06604941207097277
Hum_XLOC_034168,HAP1,0.057539293576748314
Hum_XLOC_034173,HAP1,0.05942200640339008
Hum_XLOC_034186,HAP1,0.06632623884985057
Hum_XLOC_034202,HAP1,0.0719098662866586
Hum_XLOC_034206,HAP1,0.06765016435641732
Hum_XLOC_034207,HAP1,0.050413030395064624
Hum_XLOC_034208,HAP1,0.06195779124016704
Hum_XLOC_034211,HAP1,0.051604028626959425
Hum_XLOC_034224,HAP1,0.03896371606783475
Hum_XLOC_034235,HAP1,0.07962882044258006
Hum_XLOC_034251,HAP1,0.058729526491525255
Hum_XLOC_034264,HAP1,0.06892394902570179
Hum_XLOC_034273,HAP1,0.0404824320248038
Hum_XLOC_034279,HAP1,0.0433918136064389
Hum_XLOC_034304,HAP1,0.04052266937892675
Hum_XLOC_034305,HAP1,0.060437476913737506
Hum_XLOC_034321,HAP1,0.0685024151168235
Hum_XLOC_034339,HAP1,0.06821762119794952
Hum_XLOC_034341,HAP1,0.04957428632141768
Hum_XLOC_034374,HAP1,0.07201508256048114
Hum_XLOC_034389,HAP1,0.0771614467343497
Hum_XLOC_034421,HAP1,0.07569259460603384
Hum_XLOC_034429,HAP1,0.08191167207959775
Hum_XLOC_034436,HAP1,0.04952941769845439
Hum_XLOC_034457,HAP1,0.05142817645102087
Hum_XLOC_034461,HAP1,0.04760903730298945
Hum_XLOC_034462,HAP1,0.036069030892155254
Hum_XLOC_034484,HAP1,0.07364265968584585
Hum_XLOC_034489,HAP1,0.07185574639869108
Hum_XLOC_034499,HAP1,0.05649463832015366
Hum_XLOC_034508,HAP1,0.07040183389120691
Hum_XLOC_034513,HAP1,0.06647238449383683
Hum_XLOC_034515,HAP1,0.06209176599449058
Hum_XLOC_034526,HAP1,0.07155502639911757
Hum_XLOC_034527,HAP1,0.0600818844439201
Hum_XLOC_034529,HAP1,0.06925541830872282
Hum_XLOC_034544,HAP1,0.06594434697933413
Hum_XLOC_034547,HAP1,0.06677322976538982
Hum_XLOC_034548,HAP1,0.07068676709908198
Hum_XLOC_034569,HAP1,0.061358022082912786
Hum_XLOC_034570,HAP1,0.07199365877160818
Hum_XLOC_034585,HAP1,0.0666527836460119
Hum_XLOC_034587,HAP1,0.0741521657064863
Hum_XLOC_034611,HAP1,0.039672331853374515
Hum_XLOC_034621,HAP1,0.06193779786449678
Hum_XLOC_034645,HAP1,0.07570509819837258
Hum_XLOC_034647,HAP1,0.062265950895906
Hum_XLOC_034651,HAP1,0.06127813356561042
Hum_XLOC_034657,HAP1,0.06649270599851742
Hum_XLOC_034669,HAP1,0.09905612582375657
Hum_XLOC_034673,HAP1,0.06300991892242944
Hum_XLOC_034686,HAP1,0.07024502592918566
Hum_XLOC_034689,HAP1,0.054122087908607786
Hum_XLOC_034715,HAP1,0.06757947849816115
Hum_XLOC_034734,HAP1,0.05188188555031021
Hum_XLOC_034737,HAP1,0.06501498044486642
Hum_XLOC_034750,HAP1,0.0766446202947972
Hum_XLOC_034774,HAP1,0.04589600925374185
Hum_XLOC_034782,HAP1,0.06687679247649025
Hum_XLOC_034795,HAP1,0.059121457399146496
Hum_XLOC_034801,HAP1,0.03836382131584364
Hum_XLOC_034802,HAP1,0.06869986894722578
Hum_XLOC_034815,HAP1,0.07355522901414438
Hum_XLOC_034823,HAP1,0.07786397631971474
Hum_XLOC_034829,HAP1,0.0774905692829037
Hum_XLOC_034833,HAP1,0.05274224142496712
Hum_XLOC_034834,HAP1,0.040745413149971446
Hum_XLOC_034837,HAP1,0.07035721099093727
Hum_XLOC_034858,HAP1,0.05775913605875015
Hum_XLOC_034863,HAP1,0.06009375161459926
Hum_XLOC_034873,HAP1,0.07922508240026367
Hum_XLOC_034874,HAP1,0.05855758211171184
Hum_XLOC_034898,HAP1,0.07235130876243025
Hum_XLOC_034916,HAP1,0.04730324588762564
Hum_XLOC_034945,HAP1,0.03519816789518616
Hum_XLOC_034980,HAP1,0.053294602350042464
Hum_XLOC_034997,HAP1,0.06556298777516287
Hum_XLOC_035005,HAP1,0.03361038895554977
Hum_XLOC_035015,HAP1,0.0682405595947489
Hum_XLOC_035021,HAP1,0.05341104577456856
Hum_XLOC_035024,HAP1,0.05495613170163025
Hum_XLOC_035027,HAP1,0.07505433029276852
Hum_XLOC_035028,HAP1,0.06959774102889005
Hum_XLOC_035031,HAP1,0.05767694553937788
Hum_XLOC_035037,HAP1,0.08345384507891557
Hum_XLOC_035063,HAP1,0.07634555069526218
Hum_XLOC_035077,HAP1,0.07122567617023995
Hum_XLOC_035081,HAP1,0.06923165935278038
Hum_XLOC_035084,HAP1,0.0637362303753285
Hum_XLOC_035095,HAP1,0.06510033734953263
Hum_XLOC_035097,HAP1,0.06349787516167817
Hum_XLOC_035121,HAP1,0.07666638088096782
Hum_XLOC_035131,HAP1,0.07481619029703918
Hum_XLOC_035142,HAP1,0.07311716336439278
Hum_XLOC_035143,HAP1,0.07443480286802429
Hum_XLOC_035146,HAP1,0.05275964893453931
Hum_XLOC_035148,HAP1,0.06130678440449647
Hum_XLOC_035149,HAP1,0.06800165733143279
Hum_XLOC_035152,HAP1,0.0547803134530007
Hum_XLOC_035158,HAP1,0.05433798072507168
Hum_XLOC_035160,HAP1,0.049644597649610774
Hum_XLOC_035161,HAP1,0.04513847313253614
Hum_XLOC_035168,HAP1,0.0518792666022071
Hum_XLOC_035175,HAP1,0.04021734106849202
Hum_XLOC_035177,HAP1,0.08107974947800833
Hum_XLOC_035182,HAP1,0.059546461596416474
Hum_XLOC_035194,HAP1,0.04786482941461601
Hum_XLOC_035197,HAP1,0.07516902805371889
Hum_XLOC_035199,HAP1,0.05796029889366933
Hum_XLOC_035217,HAP1,0.05582692968361962
Hum_XLOC_035242,HAP1,0.08431563034835574
Hum_XLOC_035243,HAP1,0.06529155895748395
Hum_XLOC_035244,HAP1,0.07500123598591871
Hum_XLOC_035247,HAP1,0.08053990947134866
Hum_XLOC_035248,HAP1,0.05315799659239075
Hum_XLOC_035250,HAP1,0.048072605942332695
Hum_XLOC_035255,HAP1,0.03460764779844311
Hum_XLOC_035256,HAP1,0.06990507129191263
Hum_XLOC_035261,HAP1,0.03959301779742955
Hum_XLOC_035265,HAP1,0.06859569763292951
Hum_XLOC_035275,HAP1,0.36082546832154755
Hum_XLOC_035278,HAP1,0.05352013955565389
Hum_XLOC_035279,HAP1,0.053033393015196925
Hum_XLOC_035283,HAP1,0.0646576389324843
Hum_XLOC_035301,HAP1,0.06772404174898439
Hum_XLOC_035321,HAP1,0.07754145489181712
Hum_XLOC_035325,HAP1,0.04727661203088385
Hum_XLOC_035329,HAP1,0.04142093847544502
Hum_XLOC_035333,HAP1,0.07655071625085949
Hum_XLOC_035343,HAP1,0.07555219252240888
Hum_XLOC_035345,HAP1,0.10207918027755716
Hum_XLOC_035357,HAP1,0.03479438219576426
Hum_XLOC_035366,HAP1,0.04352242056850286
Hum_XLOC_035388,HAP1,0.0575911802123326
Hum_XLOC_035390,HAP1,0.07215637348040575
Hum_XLOC_035392,HAP1,0.06286613424582668
Hum_XLOC_035396,HAP1,0.06190775274905
Hum_XLOC_035429,HAP1,0.058801154493530516
Hum_XLOC_035431,HAP1,0.07388886135190012
Hum_XLOC_035441,HAP1,0.06889557437898204
Hum_XLOC_035457,HAP1,0.05809893162128689
Hum_XLOC_035486,HAP1,0.07005009493904776
Hum_XLOC_035491,HAP1,0.041682342938325824
Hum_XLOC_035495,HAP1,0.03887668193000493
Hum_XLOC_035508,HAP1,0.06756190858144702
Hum_XLOC_035513,HAP1,0.0446025048521483
Hum_XLOC_035542,HAP1,0.042119766863143296
Hum_XLOC_035555,HAP1,0.06337985875242363
Hum_XLOC_035567,HAP1,0.052178721668969676
Hum_XLOC_035577,HAP1,0.03553872460847058
Hum_XLOC_035613,HAP1,0.055422180659354114
Hum_XLOC_035618,HAP1,0.07497583682436527
Hum_XLOC_035641,HAP1,0.044340535181419866
Hum_XLOC_035645,HAP1,0.05793296180218328
Hum_XLOC_035650,HAP1,0.0772444290361288
Hum_XLOC_035663,HAP1,0.06155121894326492
Hum_XLOC_035691,HAP1,0.07873890954610122
Hum_XLOC_035697,HAP1,0.03995113135412599
Hum_XLOC_035700,HAP1,0.06325185391519349
Hum_XLOC_035701,HAP1,0.07449802831241002
Hum_XLOC_035724,HAP1,0.07239670406519039
Hum_XLOC_035745,HAP1,0.05907776456904438
Hum_XLOC_035749,HAP1,0.05510451068228632
Hum_XLOC_035752,HAP1,0.0776483502985256
Hum_XLOC_035772,HAP1,0.07104425188490011
Hum_XLOC_035774,HAP1,0.03933956143504831
Hum_XLOC_035792,HAP1,0.07067066983931755
Hum_XLOC_035801,HAP1,0.06003773504733831
Hum_XLOC_035803,HAP1,0.05697120476614127
Hum_XLOC_035831,HAP1,0.0688946699947751
Hum_XLOC_035842,HAP1,0.061199842312384074
Hum_XLOC_035864,HAP1,0.046708898326543985
Hum_XLOC_035867,HAP1,0.047104214783022964
Hum_XLOC_035887,HAP1,0.06806072459808589
Hum_XLOC_035903,HAP1,0.036336387247118324
Hum_XLOC_035910,HAP1,0.04010940250740507
Hum_XLOC_035920,HAP1,0.05578776460805929
Hum_XLOC_035925,HAP1,0.04266574262649897
Hum_XLOC_035934,HAP1,0.06433015119521986
Hum_XLOC_035945,HAP1,0.06718529297936089
Hum_XLOC_035951,HAP1,0.035068932981519745
Hum_XLOC_035957,HAP1,0.060740600009930645
Hum_XLOC_035964,HAP1,0.08159536092601409
Hum_XLOC_035968,HAP1,0.07497149106960696
Hum_XLOC_036004,HAP1,0.06949202598456072
Hum_XLOC_036006,HAP1,0.06754699114449698
Hum_XLOC_036009,HAP1,0.03794862790472078
Hum_XLOC_036012,HAP1,0.05969946688441006
Hum_XLOC_036021,HAP1,0.05825893595454345
Hum_XLOC_036034,HAP1,0.06778265663630927
Hum_XLOC_036036,HAP1,0.06527326140051368
Hum_XLOC_036040,HAP1,0.06860494605488346
Hum_XLOC_036043,HAP1,0.06390493821117275
Hum_XLOC_036057,HAP1,0.057712011934013374
Hum_XLOC_036060,HAP1,0.06519750598937822
Hum_XLOC_036082,HAP1,0.04685336458007439
Hum_XLOC_036086,HAP1,0.07395340518273569
Hum_XLOC_036093,HAP1,0.065046786887822
Hum_XLOC_036106,HAP1,0.058352895873749144
Hum_XLOC_036119,HAP1,0.06488929212305547
Hum_XLOC_036120,HAP1,0.053682893874570856
Hum_XLOC_036133,HAP1,0.06460995465402478
Hum_XLOC_036170,HAP1,0.057755699991777126
Hum_XLOC_036173,HAP1,0.050691035688759246
Hum_XLOC_036184,HAP1,0.09111837045746385
Hum_XLOC_036189,HAP1,0.04494394575723457
Hum_XLOC_036194,HAP1,0.07334293523316815
Hum_XLOC_036216,HAP1,0.05108661007607696
Hum_XLOC_036224,HAP1,0.07619492964218567
Hum_XLOC_036226,HAP1,0.06533752295052629
Hum_XLOC_036248,HAP1,0.0651872138601466
Hum_XLOC_036252,HAP1,0.0756894596428861
Hum_XLOC_036253,HAP1,0.06313999514978358
Hum_XLOC_036254,HAP1,0.07604947989221075
Hum_XLOC_036255,HAP1,0.06728667655142606
Hum_XLOC_036270,HAP1,0.07909160426631083
Hum_XLOC_036278,HAP1,0.07493365900243365
Hum_XLOC_036279,HAP1,0.060594782205246694
Hum_XLOC_036283,HAP1,0.08647211625489712
Hum_XLOC_036294,HAP1,0.08441541132483339
Hum_XLOC_036316,HAP1,0.036938216819956425
Hum_XLOC_036335,HAP1,0.03830895502101774
Hum_XLOC_036338,HAP1,0.0735039892573405
Hum_XLOC_036339,HAP1,0.07584523247030286
Hum_XLOC_036349,HAP1,0.05444788712643559
Hum_XLOC_036356,HAP1,0.05986485861995129
Hum_XLOC_036383,HAP1,0.0517790366026543
Hum_XLOC_036389,HAP1,0.07271460183090683
Hum_XLOC_036403,HAP1,0.03801538894350781
Hum_XLOC_036408,HAP1,0.0757121356241264
Hum_XLOC_036415,HAP1,0.05426528121677834
Hum_XLOC_036427,HAP1,0.040912658392981624
Hum_XLOC_036440,HAP1,0.0802316664444641
Hum_XLOC_036441,HAP1,0.07013443648777744
Hum_XLOC_036451,HAP1,0.06019486028027298
Hum_XLOC_036457,HAP1,0.0630930391346751
Hum_XLOC_036458,HAP1,0.07266860183265762
Hum_XLOC_036459,HAP1,0.06374819004678497
Hum_XLOC_036523,HAP1,0.036314516836254015
Hum_XLOC_036547,HAP1,0.053599118919152755
Hum_XLOC_036564,HAP1,0.04185239496006487
Hum_XLOC_036573,HAP1,0.05858430534738328
Hum_XLOC_036589,HAP1,0.057598694809780866
Hum_XLOC_036592,HAP1,0.06900822272015004
Hum_XLOC_036594,HAP1,0.042578623706612244
Hum_XLOC_036596,HAP1,0.068860483308885
Hum_XLOC_036600,HAP1,0.04264233326390988
Hum_XLOC_036610,HAP1,0.07676663266019443
Hum_XLOC_036611,HAP1,0.07321478596253123
Hum_XLOC_036615,HAP1,0.06291600944896616
Hum_XLOC_036617,HAP1,0.04796675163881995
Hum_XLOC_036648,HAP1,0.05616214364016443
Hum_XLOC_036649,HAP1,0.039136915356254104
Hum_XLOC_036652,HAP1,0.04297096409568106
Hum_XLOC_036654,HAP1,0.06420883529790393
Hum_XLOC_036655,HAP1,0.07095513244327267
Hum_XLOC_036664,HAP1,0.0742228261128833
Hum_XLOC_036669,HAP1,0.04424322181357788
Hum_XLOC_036679,HAP1,0.05938088874436852
Hum_XLOC_036719,HAP1,0.06529989811095795
Hum_XLOC_036723,HAP1,0.0655601930279235
Hum_XLOC_036725,HAP1,0.08769834760692431
Hum_XLOC_036727,HAP1,0.07572449228380573
Hum_XLOC_036748,HAP1,0.17359116952003714
Hum_XLOC_036765,HAP1,0.031198091395633384
Hum_XLOC_036769,HAP1,0.08275354028839568
Hum_XLOC_036794,HAP1,0.04489737933677294
Hum_XLOC_036796,HAP1,0.07083166610388603
Hum_XLOC_036805,HAP1,0.04980770978571654
Hum_XLOC_036814,HAP1,0.10283271054438091
Hum_XLOC_036822,HAP1,0.07565207124184009
Hum_XLOC_036823,HAP1,0.07358803141663162
Hum_XLOC_036836,HAP1,0.06838723014581295
Hum_XLOC_036844,HAP1,0.07764484588355404
Hum_XLOC_036871,HAP1,0.04737465706263713
Hum_XLOC_036875,HAP1,0.046879761448114315
Hum_XLOC_036879,HAP1,0.04955700423179423
Hum_XLOC_036911,HAP1,0.06935290662257679
Hum_XLOC_036916,HAP1,0.05061852820621646
Hum_XLOC_036942,HAP1,0.0628880379012453
Hum_XLOC_036957,HAP1,0.07068948821964524
Hum_XLOC_036958,HAP1,0.06103383485115258
Hum_XLOC_036965,HAP1,0.06504454686603994
Hum_XLOC_036968,HAP1,0.05918988835121304
Hum_XLOC_036996,HAP1,0.06508515362815318
Hum_XLOC_036997,HAP1,0.06013741959927807
Hum_XLOC_036998,HAP1,0.07132628354927775
Hum_XLOC_037021,HAP1,0.07129868499925616
Hum_XLOC_037029,HAP1,0.06747279528347651
Hum_XLOC_037035,HAP1,0.06107416835929212
Hum_XLOC_037058,HAP1,0.03762287626946035
Hum_XLOC_037078,HAP1,0.05422320102870489
Hum_XLOC_037090,HAP1,0.03503981266332824
Hum_XLOC_037091,HAP1,0.03604996728888331
Hum_XLOC_037092,HAP1,0.04193542928247198
Hum_XLOC_037101,HAP1,0.05590115608512011
Hum_XLOC_037117,HAP1,0.06148051333740777
Hum_XLOC_037118,HAP1,0.05917395384797059
Hum_XLOC_037133,HAP1,0.06729667158670746
Hum_XLOC_037142,HAP1,0.07146705499383171
Hum_XLOC_037145,HAP1,0.05946070026086832
Hum_XLOC_037149,HAP1,0.041095753306601056
Hum_XLOC_037162,HAP1,0.03201603903801571
Hum_XLOC_037173,HAP1,0.07076473607377999
Hum_XLOC_037176,HAP1,0.047414609785352356
Hum_XLOC_037182,HAP1,0.07758087252135284
Hum_XLOC_037192,HAP1,0.06555473904290342
Hum_XLOC_037196,HAP1,0.053146606997782786
Hum_XLOC_037219,HAP1,0.06597973755800558
Hum_XLOC_037225,HAP1,0.06434634292414824
Hum_XLOC_037256,HAP1,0.07713892622934175
Hum_XLOC_037283,HAP1,0.03563088658626022
Hum_XLOC_037295,HAP1,0.04773037182040489
Hum_XLOC_037303,HAP1,0.062155382875388354
Hum_XLOC_037307,HAP1,0.06209150572315221
Hum_XLOC_037308,HAP1,0.03677753915192587
Hum_XLOC_037314,HAP1,0.07370467693057028
Hum_XLOC_037315,HAP1,0.054203184496661824
Hum_XLOC_037319,HAP1,0.06965675746762989
Hum_XLOC_037359,HAP1,0.06338127445020753
Hum_XLOC_037368,HAP1,0.041801633783231304
Hum_XLOC_037371,HAP1,0.07512776794512008
Hum_XLOC_037391,HAP1,0.06496183792218116
Hum_XLOC_037392,HAP1,0.04991442300710177
Hum_XLOC_037401,HAP1,0.044858223500519906
Hum_XLOC_037402,HAP1,0.0968248698688161
Hum_XLOC_037406,HAP1,0.05871230530774173
Hum_XLOC_037438,HAP1,0.05831470122909335
Hum_XLOC_037441,HAP1,0.059128470028438386
Hum_XLOC_037446,HAP1,0.08056856359964026
Hum_XLOC_037447,HAP1,0.06125742084069637
Hum_XLOC_037465,HAP1,0.06772288785725372
Hum_XLOC_037466,HAP1,0.07615400135409811
Hum_XLOC_037486,HAP1,0.05322354543764093
Hum_XLOC_037497,HAP1,0.048789609608567736
Hum_XLOC_037501,HAP1,0.0804134223266805
Hum_XLOC_037523,HAP1,0.0758413764898139
Hum_XLOC_037534,HAP1,0.0809822095153096
Hum_XLOC_037540,HAP1,0.07203957697474049
Hum_XLOC_037541,HAP1,0.05086754945047067
Hum_XLOC_037550,HAP1,0.07116009401477506
Hum_XLOC_037565,HAP1,0.04384226468337994
Hum_XLOC_037570,HAP1,0.07443148475969477
Hum_XLOC_037595,HAP1,0.055476665440256555
Hum_XLOC_037599,HAP1,0.07217904526749479
Hum_XLOC_037600,HAP1,0.059826870459406795
Hum_XLOC_037604,HAP1,0.08034249995418054
Hum_XLOC_037627,HAP1,0.061571450257663356
Hum_XLOC_037638,HAP1,0.03467466323109782
Hum_XLOC_037646,HAP1,0.059851828280094624
Hum_XLOC_037647,HAP1,0.08894533191269519
Hum_XLOC_037660,HAP1,0.058236296698603175
Hum_XLOC_037675,HAP1,0.057909954894002746
Hum_XLOC_037678,HAP1,0.03686419377364866
Hum_XLOC_037681,HAP1,0.5720534814036315
Hum_XLOC_037689,HAP1,0.07281540855692616
Hum_XLOC_037699,HAP1,0.04964648192252627
Hum_XLOC_037709,HAP1,0.07144508249979921
Hum_XLOC_037720,HAP1,0.056689033717286966
Hum_XLOC_037726,HAP1,0.05341184397393931
Hum_XLOC_037736,HAP1,0.06803839771591436
Hum_XLOC_037747,HAP1,0.04302143137920728
Hum_XLOC_037762,HAP1,0.03860740350238401
Hum_XLOC_037768,HAP1,0.05759309116123134
Hum_XLOC_037780,HAP1,0.03928081420946683
Hum_XLOC_037781,HAP1,0.06884921698254728
Hum_XLOC_037817,HAP1,0.056580230771055944
Hum_XLOC_037819,HAP1,0.06226906563031687
Hum_XLOC_037831,HAP1,0.04152581935571305
Hum_XLOC_037834,HAP1,0.045060557474259424
Hum_XLOC_037853,HAP1,0.057580839738661495
Hum_XLOC_037856,HAP1,0.06782507192538735
Hum_XLOC_037875,HAP1,0.07905776262723815
Hum_XLOC_037883,HAP1,0.07398471607503439
Hum_XLOC_037895,HAP1,0.06295202943940945
Hum_XLOC_037900,HAP1,0.055368381309963355
Hum_XLOC_037923,HAP1,0.0492560268710399
Hum_XLOC_037931,HAP1,0.0627286463381437
Hum_XLOC_037935,HAP1,0.04942332409554734
Hum_XLOC_037940,HAP1,0.06931683175646151
Hum_XLOC_037942,HAP1,0.07129136459154634
Hum_XLOC_037944,HAP1,0.06742142769719384
Hum_XLOC_037950,HAP1,0.037136979082014854
Hum_XLOC_037951,HAP1,0.06380597206247857
Hum_XLOC_037957,HAP1,0.042308585858377115
Hum_XLOC_037970,HAP1,0.0584891153257975
Hum_XLOC_037974,HAP1,0.09797398489601117
Hum_XLOC_037981,HAP1,0.037376378211350265
Hum_XLOC_037989,HAP1,0.07901551186057948
Hum_XLOC_038000,HAP1,0.07497399142846452
Hum_XLOC_038004,HAP1,0.05162974383821452
Hum_XLOC_038012,HAP1,0.07344108463406991
Hum_XLOC_038014,HAP1,0.05647113516327012
Hum_XLOC_038015,HAP1,0.06393615119977603
Hum_XLOC_038017,HAP1,0.0342792391900173
Hum_XLOC_038019,HAP1,0.0715992210971376
Hum_XLOC_038029,HAP1,0.07505438063828984
Hum_XLOC_038031,HAP1,0.05090245273443242
Hum_XLOC_038032,HAP1,0.07104843379579712
Hum_XLOC_038033,HAP1,0.07459662643339247
Hum_XLOC_038037,HAP1,0.08113811755569783
Hum_XLOC_038038,HAP1,0.07837117931849104
Hum_XLOC_038061,HAP1,0.07249568657770455
Hum_XLOC_038063,HAP1,0.058891319431114954
Hum_XLOC_038066,HAP1,0.05408536152890813
Hum_XLOC_038088,HAP1,0.037114297499333426
Hum_XLOC_038092,HAP1,0.07715094238735858
Hum_XLOC_038108,HAP1,0.04230939821261466
Hum_XLOC_038110,HAP1,0.05044243295489155
Hum_XLOC_038115,HAP1,0.06148393107828167
Hum_XLOC_038116,HAP1,0.08046271952570716
Hum_XLOC_038126,HAP1,0.060060924247019226
Hum_XLOC_038144,HAP1,0.0458505259633638
Hum_XLOC_038150,HAP1,0.05651264789143669
Hum_XLOC_038152,HAP1,0.07161476795706835
Hum_XLOC_038155,HAP1,0.04576550516077679
Hum_XLOC_038158,HAP1,0.06396148488621034
Hum_XLOC_038169,HAP1,0.03721845943853959
Hum_XLOC_038175,HAP1,0.05660692929891846
Hum_XLOC_038176,HAP1,0.06370800316979185
Hum_XLOC_038188,HAP1,0.05268524743357397
Hum_XLOC_038191,HAP1,0.08198537690220971
Hum_XLOC_038195,HAP1,0.07310818576998104
Hum_XLOC_038196,HAP1,0.10081648184018985
Hum_XLOC_038197,HAP1,0.07580237451012196
Hum_XLOC_038214,HAP1,0.06020067747558017
Hum_XLOC_038221,HAP1,0.08218370879272272
Hum_XLOC_038225,HAP1,0.06422574206742852
Hum_XLOC_038228,HAP1,0.08995466628725768
Hum_XLOC_038233,HAP1,0.07917938252865861
Hum_XLOC_038245,HAP1,0.07814818628644739
Hum_XLOC_038266,HAP1,0.06868641978427097
Hum_XLOC_038270,HAP1,0.07255984087169913
Hum_XLOC_038273,HAP1,0.06012225610787329
Hum_XLOC_038291,HAP1,0.049822971386227266
Hum_XLOC_038292,HAP1,0.06599227389055001
Hum_XLOC_038293,HAP1,0.04460573558447249
Hum_XLOC_038294,HAP1,0.04898307797692383
Hum_XLOC_038312,HAP1,0.07420300304253652
Hum_XLOC_038316,HAP1,0.03953258889202919
Hum_XLOC_038342,HAP1,0.06494991951249392
Hum_XLOC_038348,HAP1,0.07203160096044166
Hum_XLOC_038350,HAP1,0.05232039263986406
Hum_XLOC_038362,HAP1,0.07439494648533385
Hum_XLOC_038385,HAP1,0.062014571335628176
Hum_XLOC_038407,HAP1,0.041801980374739915
Hum_XLOC_038414,HAP1,0.04885366832512617
Hum_XLOC_038416,HAP1,0.07327491960045594
Hum_XLOC_038429,HAP1,0.06882651063949918
Hum_XLOC_038436,HAP1,0.05553422346747615
Hum_XLOC_038438,HAP1,0.06798160706788219
Hum_XLOC_038446,HAP1,0.0396658527557015
Hum_XLOC_038449,HAP1,0.0746796073802836
Hum_XLOC_038454,HAP1,0.04644098582972382
Hum_XLOC_038476,HAP1,0.07582503441779508
Hum_XLOC_038477,HAP1,0.033614349884379176
Hum_XLOC_038480,HAP1,0.045615332089957314
Hum_XLOC_038492,HAP1,0.06499313358221548
Hum_XLOC_038494,HAP1,0.06773702162870461
Hum_XLOC_038506,HAP1,0.053543834654087755
Hum_XLOC_038529,HAP1,0.06530472167000216
Hum_XLOC_038534,HAP1,0.05660787540835534
Hum_XLOC_038536,HAP1,0.06223801788455305
Hum_XLOC_038540,HAP1,0.05215436478268207
Hum_XLOC_038580,HAP1,0.03145386966213417
Hum_XLOC_038598,HAP1,0.06276893003499533
Hum_XLOC_038603,HAP1,0.04013674221025989
Hum_XLOC_038610,HAP1,0.05749994135962135
Hum_XLOC_038628,HAP1,0.0484190264959072
Hum_XLOC_038633,HAP1,0.03572578180938899
Hum_XLOC_038637,HAP1,0.050628032647355437
Hum_XLOC_038643,HAP1,0.04989588189835207
Hum_XLOC_038713,HAP1,0.06118101799843254
Hum_XLOC_038714,HAP1,0.06623854981715002
Hum_XLOC_038715,HAP1,0.04861485128055028
Hum_XLOC_038732,HAP1,0.05864763691797599
Hum_XLOC_038755,HAP1,0.07313863358108226
Hum_XLOC_038756,HAP1,0.05330132672214581
Hum_XLOC_038757,HAP1,0.09389131397157241
Hum_XLOC_038759,HAP1,0.06470955079160748
Hum_XLOC_038762,HAP1,0.06952446921987493
Hum_XLOC_038767,HAP1,0.06309465592922324
Hum_XLOC_038774,HAP1,0.06291130890180924
Hum_XLOC_038809,HAP1,0.05242535773450278
Hum_XLOC_038810,HAP1,0.05997037973001299
Hum_XLOC_038852,HAP1,0.060397955982003745
Hum_XLOC_038853,HAP1,0.035244349397697994
Hum_XLOC_038858,HAP1,0.06809267101693584
Hum_XLOC_038862,HAP1,0.0756375354346514
Hum_XLOC_038913,HAP1,0.036877264050020335
Hum_XLOC_038922,HAP1,0.0537428060223176
Hum_XLOC_038927,HAP1,0.06499828001898998
Hum_XLOC_038936,HAP1,0.05087550292724913
Hum_XLOC_038940,HAP1,0.07056022990122211
Hum_XLOC_038945,HAP1,0.06473688713724812
Hum_XLOC_038947,HAP1,0.05790418905876026
Hum_XLOC_038952,HAP1,0.07563710375728816
Hum_XLOC_038958,HAP1,0.040009051512974445
Hum_XLOC_038972,HAP1,0.07440482327186043
Hum_XLOC_038976,HAP1,0.04607172029138484
Hum_XLOC_038984,HAP1,0.057189913228308714
Hum_XLOC_038986,HAP1,0.06827438219221685
Hum_XLOC_038994,HAP1,0.05375763208276575
Hum_XLOC_039020,HAP1,0.06578946640584968
Hum_XLOC_039045,HAP1,0.05172961213364183
Hum_XLOC_039058,HAP1,0.05586626659310117
Hum_XLOC_039059,HAP1,0.06596228903958594
Hum_XLOC_039070,HAP1,0.03278422551191188
Hum_XLOC_039075,HAP1,0.045154544843310794
Hum_XLOC_039076,HAP1,0.04873173930011168
Hum_XLOC_039083,HAP1,0.060969504795683666
Hum_XLOC_039107,HAP1,0.040867932143798934
Hum_XLOC_039124,HAP1,0.05874764408804445
Hum_XLOC_039127,HAP1,0.07451670345751502
Hum_XLOC_039136,HAP1,0.03268554717576949
Hum_XLOC_039140,HAP1,0.04181834524462496
Hum_XLOC_039150,HAP1,0.07463103774223023
Hum_XLOC_039161,HAP1,0.04917345952279277
Hum_XLOC_039163,HAP1,0.06448718422408342
Hum_XLOC_039169,HAP1,0.07307897726658186
Hum_XLOC_039175,HAP1,0.05599974924590065
Hum_XLOC_039180,HAP1,0.0646657225648605
Hum_XLOC_039191,HAP1,0.08395788442624239
Hum_XLOC_039192,HAP1,0.05506685097146438
Hum_XLOC_039194,HAP1,0.03688615089727654
Hum_XLOC_039198,HAP1,0.06497762351410113
Hum_XLOC_039199,HAP1,0.06994538850205388
Hum_XLOC_039215,HAP1,0.045783902779240396
Hum_XLOC_039217,HAP1,0.06049106690796966
Hum_XLOC_039225,HAP1,0.06319318734675264
Hum_XLOC_039232,HAP1,0.06875908088800671
Hum_XLOC_039235,HAP1,0.03110445366320072
Hum_XLOC_039247,HAP1,0.07031996187893948
Hum_XLOC_039258,HAP1,0.06076547733993377
Hum_XLOC_039259,HAP1,0.06520622722158011
Hum_XLOC_039265,HAP1,0.03430511465586694
Hum_XLOC_039268,HAP1,0.061572200209925966
Hum_XLOC_039274,HAP1,0.06473387399394638
Hum_XLOC_039288,HAP1,0.04187631535489946
Hum_XLOC_039289,HAP1,0.07204751481409569
Hum_XLOC_039297,HAP1,0.04281123492418135
Hum_XLOC_039324,HAP1,0.06038231303405969
Hum_XLOC_039347,HAP1,0.05156895739661949
Hum_XLOC_039369,HAP1,0.08283666518579237
Hum_XLOC_039372,HAP1,0.06653465971275666
Hum_XLOC_039373,HAP1,0.07270845339311188
Hum_XLOC_039378,HAP1,0.045705253570414064
Hum_XLOC_039382,HAP1,0.06877066281825218
Hum_XLOC_039402,HAP1,0.06122852309861235
Hum_XLOC_039432,HAP1,0.07402243925216688
Hum_XLOC_039437,HAP1,0.07130769828885258
Hum_XLOC_039446,HAP1,0.03826382169365815
Hum_XLOC_039447,HAP1,0.06395940128363106
Hum_XLOC_039449,HAP1,0.0689412228949785
Hum_XLOC_039454,HAP1,0.06102288425246641
Hum_XLOC_039455,HAP1,0.06715088921325951
Hum_XLOC_039460,HAP1,0.07789182769092536
Hum_XLOC_039464,HAP1,0.040973855733636544
Hum_XLOC_039468,HAP1,0.05579455335592878
Hum_XLOC_039469,HAP1,0.0697737451249833
Hum_XLOC_039489,HAP1,0.06817898483920848
Hum_XLOC_039501,HAP1,0.054527991687890014
Hum_XLOC_039506,HAP1,0.04412631560809312
Hum_XLOC_039509,HAP1,0.06067775643823488
Hum_XLOC_039515,HAP1,0.034766395022958946
Hum_XLOC_039524,HAP1,0.07153747404836755
Hum_XLOC_039525,HAP1,0.04023863554484163
Hum_XLOC_039526,HAP1,0.07666964040883446
Hum_XLOC_039536,HAP1,0.11106667672843284
Hum_XLOC_039546,HAP1,0.06716041062800074
Hum_XLOC_039551,HAP1,0.09039961702559367
Hum_XLOC_039552,HAP1,0.07851029629676429
Hum_XLOC_039566,HAP1,0.07130071433657645
Hum_XLOC_039573,HAP1,0.060193729015260475
Hum_XLOC_039574,HAP1,0.08296808633128952
Hum_XLOC_039575,HAP1,0.06698993663322807
Hum_XLOC_039584,HAP1,0.06966395407171252
Hum_XLOC_039588,HAP1,0.05586776954232655
Hum_XLOC_039589,HAP1,0.07436949347217667
Hum_XLOC_039596,HAP1,0.06826756880914311
Hum_XLOC_039598,HAP1,0.07721121044981255
Hum_XLOC_039601,HAP1,0.0467056357400973
Hum_XLOC_039616,HAP1,0.058280092314411364
Hum_XLOC_039621,HAP1,0.03779592885488562
Hum_XLOC_039631,HAP1,0.08329779866704382
Hum_XLOC_039642,HAP1,0.07428143958071622
Hum_XLOC_039644,HAP1,0.06421401130064988
Hum_XLOC_039650,HAP1,0.0809536248049415
Hum_XLOC_039652,HAP1,0.0675159879830802
Hum_XLOC_039656,HAP1,0.08709663712549995
Hum_XLOC_039658,HAP1,0.05736735609317227
Hum_XLOC_039672,HAP1,0.037471096998392545
Hum_XLOC_039701,HAP1,0.06937472926467157
Hum_XLOC_039703,HAP1,0.07760118269795313
Hum_XLOC_039707,HAP1,0.041022994603164276
Hum_XLOC_039722,HAP1,0.04888364866961598
Hum_XLOC_039724,HAP1,0.06567949784394723
Hum_XLOC_039733,HAP1,0.04475481144744302
Hum_XLOC_039740,HAP1,0.07626256422980732
Hum_XLOC_039764,HAP1,0.05921411834669191
Hum_XLOC_039770,HAP1,0.04575815851454313
Hum_XLOC_039809,HAP1,0.0583893228760478
Hum_XLOC_039814,HAP1,0.05929644569454755
Hum_XLOC_039820,HAP1,0.06812947804978553
Hum_XLOC_039823,HAP1,0.07122049556426505
Hum_XLOC_039830,HAP1,0.07100515414199346
Hum_XLOC_039835,HAP1,0.0399303409744516
Hum_XLOC_039839,HAP1,0.03642915274368181
Hum_XLOC_039842,HAP1,0.05972539855166323
Hum_XLOC_039845,HAP1,0.07188479479966577
Hum_XLOC_039853,HAP1,0.060172928307877425
Hum_XLOC_039855,HAP1,0.062447074515556214
Hum_XLOC_039856,HAP1,0.06191814208491973
Hum_XLOC_039901,HAP1,0.05928768513567337
Hum_XLOC_039915,HAP1,0.07029036702985833
Hum_XLOC_039920,HAP1,0.06886366696557958
Hum_XLOC_039929,HAP1,0.04233733659514541
Hum_XLOC_039946,HAP1,0.04127016793113068
Hum_XLOC_039954,HAP1,0.04917977397770416
Hum_XLOC_039955,HAP1,0.0712726043753925
Hum_XLOC_039966,HAP1,0.0639045744560221
Hum_XLOC_039975,HAP1,0.053413380764538984
Hum_XLOC_039977,HAP1,0.07757796002593514
Hum_XLOC_040013,HAP1,0.0564141170930654
Hum_XLOC_040052,HAP1,0.04341402596440206
Hum_XLOC_040061,HAP1,0.03512822807567503
Hum_XLOC_040070,HAP1,0.057800261035887826
Hum_XLOC_040081,HAP1,0.06878613663846216
Hum_XLOC_040086,HAP1,0.060391065289438904
Hum_XLOC_040093,HAP1,0.0673743205260728
Hum_XLOC_040109,HAP1,0.046726909331962614
Hum_XLOC_040114,HAP1,0.0755300715682041
Hum_XLOC_040159,HAP1,0.04766519078030113
Hum_XLOC_040173,HAP1,0.046636892313812475
Hum_XLOC_040184,HAP1,0.08955255875782317
Hum_XLOC_040189,HAP1,0.06274682346838142
Hum_XLOC_040199,HAP1,0.06513058229550807
Hum_XLOC_040200,HAP1,0.041412237652141054
Hum_XLOC_040204,HAP1,0.0412384605461978
Hum_XLOC_040213,HAP1,0.07695704285436133
Hum_XLOC_040238,HAP1,0.07384211975391071
Hum_XLOC_040252,HAP1,0.0375426411032939
Hum_XLOC_040276,HAP1,0.06709311871887058
Hum_XLOC_040290,HAP1,0.036880213488155476
Hum_XLOC_040291,HAP1,0.046847624368848706
Hum_XLOC_040313,HAP1,0.064978222626557
Hum_XLOC_040322,HAP1,0.22565273853329826
Hum_XLOC_040323,HAP1,0.07068515781466406
Hum_XLOC_040331,HAP1,0.06296877867087025
Hum_XLOC_040343,HAP1,0.0554059500341236
Hum_XLOC_040345,HAP1,0.06331030369878006
Hum_XLOC_040346,HAP1,0.06445475299232911
Hum_XLOC_040349,HAP1,0.06424338825933727
Hum_XLOC_040355,HAP1,0.07177997817679344
Hum_XLOC_040356,HAP1,0.062053992911524
Hum_XLOC_040359,HAP1,0.06124759506109673
Hum_XLOC_040367,HAP1,0.05107756012152074
Hum_XLOC_040372,HAP1,0.06186670579215052
Hum_XLOC_040403,HAP1,0.07827749672448583
Hum_XLOC_040406,HAP1,0.05383542890656379
Hum_XLOC_040408,HAP1,0.06579608509441742
Hum_XLOC_040411,HAP1,0.07113917150587626
Hum_XLOC_040419,HAP1,0.06987010772568211
Hum_XLOC_040425,HAP1,0.05566980669591436
Hum_XLOC_040453,HAP1,0.07608655760555755
Hum_XLOC_040473,HAP1,0.07068734246511521
Hum_XLOC_040475,HAP1,0.051688516218538164
Hum_XLOC_040492,HAP1,0.08010926477770133
Hum_XLOC_040508,HAP1,0.06950788172309985
Hum_XLOC_040509,HAP1,0.07147563017754288
Hum_XLOC_040523,HAP1,0.037996336193794125
Hum_XLOC_040524,HAP1,0.07171768637361901
Hum_XLOC_040532,HAP1,0.07191645832823304
Hum_XLOC_040540,HAP1,0.08932556114007253
Hum_XLOC_040556,HAP1,0.07336910592901043
Hum_XLOC_040575,HAP1,0.07235668960771878
Hum_XLOC_040582,HAP1,0.06423443583667805
Hum_XLOC_040595,HAP1,0.07286515573628635
Hum_XLOC_040596,HAP1,0.07485774120933988
Hum_XLOC_040622,HAP1,0.04783521808434596
Hum_XLOC_040634,HAP1,0.07248582903749451
Hum_XLOC_040637,HAP1,0.06941573070958147
Hum_XLOC_040640,HAP1,0.07147279519099317
Hum_XLOC_040647,HAP1,0.06958019782330668
Hum_XLOC_040648,HAP1,0.06043905779580802
Hum_XLOC_040662,HAP1,0.05244432580392111
Hum_XLOC_040663,HAP1,0.04516675687143014
Hum_XLOC_040691,HAP1,0.05056997537457466
Hum_XLOC_040709,HAP1,0.08152836724655116
Hum_XLOC_040711,HAP1,0.07150664936263773
Hum_XLOC_040732,HAP1,0.0738978408876846
Hum_XLOC_040733,HAP1,0.07269171134732265
Hum_XLOC_040737,HAP1,0.06628522275712345
Hum_XLOC_040748,HAP1,0.06182734771171563
Hum_XLOC_040770,HAP1,0.055548466403241036
Hum_XLOC_040775,HAP1,0.06400335077510151
Hum_XLOC_040798,HAP1,0.05224240402030334
Hum_XLOC_040800,HAP1,0.07061744143454969
Hum_XLOC_040802,HAP1,0.0722261408045267
Hum_XLOC_040822,HAP1,0.07167460033493411
Hum_XLOC_040835,HAP1,0.07380499023920964
Hum_XLOC_040840,HAP1,0.06251264232117441
Hum_XLOC_040843,HAP1,0.05922670577143471
Hum_XLOC_040849,HAP1,0.06065623037078952
Hum_XLOC_040858,HAP1,0.06543109440812292
Hum_XLOC_040871,HAP1,0.0589688786726885
Hum_XLOC_040873,HAP1,0.08322613763198006
Hum_XLOC_040876,HAP1,0.055464109813943965
Hum_XLOC_040895,HAP1,0.08483450580564757
Hum_XLOC_040902,HAP1,0.06346411460306237
Hum_XLOC_040919,HAP1,0.09285786121621131
Hum_XLOC_040922,HAP1,0.0565766128971205
Hum_XLOC_040961,HAP1,0.0719243625024841
Hum_XLOC_040964,HAP1,0.07661166460789393
Hum_XLOC_040966,HAP1,0.05326988308555433
Hum_XLOC_040967,HAP1,0.061609243260499366
Hum_XLOC_040972,HAP1,0.07272803732624557
Hum_XLOC_040973,HAP1,0.0713255980894113
Hum_XLOC_040974,HAP1,0.08191856788098724
Hum_XLOC_040979,HAP1,0.07587809244542915
Hum_XLOC_040984,HAP1,0.07669970977011246
Hum_XLOC_041006,HAP1,0.04980735768222055
Hum_XLOC_041009,HAP1,0.06177366398531932
Hum_XLOC_041012,HAP1,0.042302301867194275
Hum_XLOC_041019,HAP1,0.07508692634474413
Hum_XLOC_041024,HAP1,0.041589637552145786
Hum_XLOC_041044,HAP1,0.07237940583917155
Hum_XLOC_041045,HAP1,0.06989423864125394
Hum_XLOC_041046,HAP1,0.07919552706549947
Hum_XLOC_041047,HAP1,0.06970711484741265
Hum_XLOC_041065,HAP1,0.07111480979697271
Hum_XLOC_041069,HAP1,0.06499070547653622
Hum_XLOC_041079,HAP1,0.04560952419245854
Hum_XLOC_041087,HAP1,0.07638053700953357
Hum_XLOC_041089,HAP1,0.07313474242796265
Hum_XLOC_041091,HAP1,0.07441892760469242
Hum_XLOC_041097,HAP1,0.06161598954705779
Hum_XLOC_041099,HAP1,0.06041859743084493
Hum_XLOC_041107,HAP1,0.06997101811645781
Hum_XLOC_041111,HAP1,0.06380923739124558
Hum_XLOC_041114,HAP1,0.03724733777989688
Hum_XLOC_041117,HAP1,0.06740440672423384
Hum_XLOC_041127,HAP1,0.06795624391551651
Hum_XLOC_041130,HAP1,0.05775076239651544
Hum_XLOC_041152,HAP1,0.05984330665038164
Hum_XLOC_041155,HAP1,0.0765828708503061
Hum_XLOC_041156,HAP1,0.035494174801166976
Hum_XLOC_041168,HAP1,0.04078816147892454
Hum_XLOC_041179,HAP1,0.06159767254408295
Hum_XLOC_041180,HAP1,0.033601432924246964
Hum_XLOC_041201,HAP1,0.07977505417047193
Hum_XLOC_041204,HAP1,0.07238342607702673
Hum_XLOC_041218,HAP1,0.05490351468025543
Hum_XLOC_041242,HAP1,0.06832039550507123
Hum_XLOC_041243,HAP1,0.05953806905556039
Hum_XLOC_041249,HAP1,0.036629562700986905
Hum_XLOC_041253,HAP1,0.05853067869317756
Hum_XLOC_041257,HAP1,0.06908873848063338
Hum_XLOC_041278,HAP1,0.05711956964182824
Hum_XLOC_041282,HAP1,0.055775494568170686
Hum_XLOC_041285,HAP1,0.08494764852171774
Hum_XLOC_041288,HAP1,0.044386814095117494
Hum_XLOC_041303,HAP1,0.057253421853594846
Hum_XLOC_041311,HAP1,0.06833755479579959
Hum_XLOC_041327,HAP1,0.071629281379164
Hum_XLOC_041359,HAP1,0.0740796210405781
Hum_XLOC_041399,HAP1,0.07266217566652064
Hum_XLOC_041402,HAP1,0.07194175716739001
Hum_XLOC_041415,HAP1,0.05349807246198597
Hum_XLOC_041435,HAP1,0.0701367596764809
Hum_XLOC_041448,HAP1,0.07044159922464174
Hum_XLOC_041458,HAP1,0.06640765336396279
Hum_XLOC_041461,HAP1,0.06163624368515547
Hum_XLOC_041480,HAP1,0.06611595516298453
Hum_XLOC_041487,HAP1,0.06638261334509656
Hum_XLOC_041492,HAP1,0.040994357082138
Hum_XLOC_041496,HAP1,0.046531812889582566
Hum_XLOC_041509,HAP1,0.0644110717691782
Hum_XLOC_041532,HAP1,0.054745779417753555
Hum_XLOC_041539,HAP1,0.06214779022016606
Hum_XLOC_041541,HAP1,0.05264148778213877
Hum_XLOC_041548,HAP1,0.06200890562803313
Hum_XLOC_041555,HAP1,0.047649235017800995
Hum_XLOC_041564,HAP1,0.047236017125418577
Hum_XLOC_041567,HAP1,0.05743124012740433
Hum_XLOC_041598,HAP1,0.045875618276359456
Hum_XLOC_041608,HAP1,0.04621577914449878
Hum_XLOC_041622,HAP1,0.06978839995289313
Hum_XLOC_041624,HAP1,0.06874410776935937
Hum_XLOC_041638,HAP1,0.077880664006776
Hum_XLOC_041647,HAP1,0.03941688408417183
Hum_XLOC_041657,HAP1,0.07640922814511159
Hum_XLOC_041677,HAP1,0.057538535248499764
Hum_XLOC_041693,HAP1,0.06259904024697441
Hum_XLOC_041708,HAP1,0.052562884039744455
Hum_XLOC_041721,HAP1,0.06338981101861152
Hum_XLOC_041722,HAP1,0.06401924958111721
Hum_XLOC_041728,HAP1,0.06032441830141941
Hum_XLOC_041734,HAP1,0.0649662189144935
Hum_XLOC_041736,HAP1,0.06236854578465695
Hum_XLOC_041743,HAP1,0.06497853367312097
Hum_XLOC_041768,HAP1,0.0758856301398278
Hum_XLOC_041797,HAP1,0.05740218772739446
Hum_XLOC_041807,HAP1,0.06940182564289443
Hum_XLOC_041818,HAP1,0.0641779710019504
Hum_XLOC_041840,HAP1,0.06394700317580176
Hum_XLOC_041841,HAP1,0.07170230481501219
Hum_XLOC_041842,HAP1,0.06341382165730522
Hum_XLOC_041847,HAP1,0.0688133913257042
Hum_XLOC_041848,HAP1,0.07643886630921407
Hum_XLOC_041853,HAP1,0.07040328989284457
Hum_XLOC_041858,HAP1,0.07077050650912435
Hum_XLOC_041864,HAP1,0.06269736808597241
Hum_XLOC_041866,HAP1,0.0686448852454893
Hum_XLOC_041867,HAP1,0.0705970694525444
Hum_XLOC_041868,HAP1,0.06852658317688934
Hum_XLOC_041872,HAP1,0.07396309544613208
Hum_XLOC_041887,HAP1,0.05540154145345837
Hum_XLOC_041889,HAP1,0.05251850748381785
Hum_XLOC_041894,HAP1,0.05631510124107214
Hum_XLOC_041911,HAP1,0.05080184373863597
Hum_XLOC_041912,HAP1,0.06453550444080906
Hum_XLOC_041916,HAP1,0.049669637265677954
Hum_XLOC_041919,HAP1,0.06904320432693549
Hum_XLOC_041988,HAP1,0.04626233029588406
Hum_XLOC_041999,HAP1,0.04965816130236935
Hum_XLOC_042010,HAP1,0.0687753653025928
Hum_XLOC_042017,HAP1,0.07350841790289858
Hum_XLOC_042027,HAP1,0.07048888321889481
Hum_XLOC_042028,HAP1,0.0719786822825846
Hum_XLOC_042030,HAP1,0.05598096928399221
Hum_XLOC_042040,HAP1,0.070945026486261
Hum_XLOC_042081,HAP1,0.05710906463519877
Hum_XLOC_042082,HAP1,0.08275254969759861
Hum_XLOC_042093,HAP1,0.05143577777946271
Hum_XLOC_042107,HAP1,0.07464566077856828
Hum_XLOC_042113,HAP1,0.04253138716837275
Hum_XLOC_042116,HAP1,0.07004861077540865
Hum_XLOC_042147,HAP1,0.08800380562944714
Hum_XLOC_042149,HAP1,0.052781433441529864
Hum_XLOC_042209,HAP1,0.04669479052877546
Hum_XLOC_042223,HAP1,0.0679869929185854
Hum_XLOC_042224,HAP1,0.06415694144927236
Hum_XLOC_042226,HAP1,0.06376149225527256
Hum_XLOC_042240,HAP1,0.07280506371420017
Hum_XLOC_042254,HAP1,0.0710433145392322
Hum_XLOC_042268,HAP1,0.07165914732144864
Hum_XLOC_042281,HAP1,0.06967829764719147
Hum_XLOC_042284,HAP1,0.0777911562767739
Hum_XLOC_042301,HAP1,0.06337898297839659
Hum_XLOC_042304,HAP1,0.07127374831339302
Hum_XLOC_042324,HAP1,0.04152695092212546
Hum_XLOC_042360,HAP1,0.07994129978837718
Hum_XLOC_042379,HAP1,0.04313410700820585
Hum_XLOC_042392,HAP1,0.06328329464126214
Hum_XLOC_042402,HAP1,0.0747732300035065
Hum_XLOC_042407,HAP1,0.09411227237754226
Hum_XLOC_042411,HAP1,0.04768030507277219
Hum_XLOC_042412,HAP1,0.0797930737746675
Hum_XLOC_042436,HAP1,0.04166618050544087
Hum_XLOC_042438,HAP1,0.06353749397503394
Hum_XLOC_042441,HAP1,0.06675431110530983
Hum_XLOC_042442,HAP1,0.0632087096477101
Hum_XLOC_042443,HAP1,0.05789757305715957
Hum_XLOC_042449,HAP1,0.06245180135814632
Hum_XLOC_042453,HAP1,0.07225817696356107
Hum_XLOC_042461,HAP1,0.05471457903697852
Hum_XLOC_042475,HAP1,0.042292061509924365
Hum_XLOC_042479,HAP1,0.06887400629615642
Hum_XLOC_042485,HAP1,0.06358609493924201
Hum_XLOC_042489,HAP1,0.07502735720433758
Hum_XLOC_042493,HAP1,0.0756671246295682
Hum_XLOC_042494,HAP1,0.05863167683728776
Hum_XLOC_042505,HAP1,0.06505079765837819
Hum_XLOC_042510,HAP1,0.031259557316083944
Hum_XLOC_042512,HAP1,0.05100950239011208
Hum_XLOC_042514,HAP1,0.037958359634919836
Hum_XLOC_042516,HAP1,0.03955502212291091
Hum_XLOC_042545,HAP1,0.06918072209827966
Hum_XLOC_042551,HAP1,0.04457207945163725
Hum_XLOC_042553,HAP1,0.06644888307244665
Hum_XLOC_042562,HAP1,0.08187683525337443
Hum_XLOC_042566,HAP1,0.06876802664071159
Hum_XLOC_042571,HAP1,0.07099367995662426
Hum_XLOC_042579,HAP1,0.053854171982718704
Hum_XLOC_042582,HAP1,0.07032449284648007
Hum_XLOC_042589,HAP1,0.06378617707570253
Hum_XLOC_042649,HAP1,0.06814470249432067
Hum_XLOC_042651,HAP1,0.07924362732340984
Hum_XLOC_042658,HAP1,0.05172826536994747
Hum_XLOC_042659,HAP1,0.0759816272352741
Hum_XLOC_042664,HAP1,0.09798371551220571
Hum_XLOC_042666,HAP1,0.07112561381229655
Hum_XLOC_042669,HAP1,0.051920769200311606
Hum_XLOC_042670,HAP1,0.0559706615995302
Hum_XLOC_042671,HAP1,0.06366042439699471
Hum_XLOC_042678,HAP1,0.04632098248385667
Hum_XLOC_042681,HAP1,0.05424474543163306
Hum_XLOC_042685,HAP1,0.07279468088796553
Hum_XLOC_042709,HAP1,0.04223990300779869
Hum_XLOC_042710,HAP1,0.06452339649959542
Hum_XLOC_042718,HAP1,0.0686443883084378
Hum_XLOC_042728,HAP1,0.06288580381543049
Hum_XLOC_042739,HAP1,0.08106952540486237
Hum_XLOC_042749,HAP1,0.08231558927462677
Hum_XLOC_042751,HAP1,0.07836681329242572
Hum_XLOC_042761,HAP1,0.08338079019989392
Hum_XLOC_042774,HAP1,0.0716725821935852
Hum_XLOC_042799,HAP1,0.07039122198146938
Hum_XLOC_042802,HAP1,0.05705159770440752
Hum_XLOC_042804,HAP1,0.03750021180191187
Hum_XLOC_042805,HAP1,0.05142736821425185
Hum_XLOC_042814,HAP1,0.04995086013643621
Hum_XLOC_042820,HAP1,0.07591677835370426
Hum_XLOC_042821,HAP1,0.06442557277199779
Hum_XLOC_042822,HAP1,0.07638717072832715
Hum_XLOC_042830,HAP1,0.0775852436489126
Hum_XLOC_042846,HAP1,0.07151721557156775
Hum_XLOC_042847,HAP1,0.06440617192864714
Hum_XLOC_042848,HAP1,0.058281538054688886
Hum_XLOC_042853,HAP1,0.06077699164966345
Hum_XLOC_042856,HAP1,0.06453954703916683
Hum_XLOC_042861,HAP1,0.0684709056053118
Hum_XLOC_042875,HAP1,0.07565039037418951
Hum_XLOC_042885,HAP1,0.09973814547933324
Hum_XLOC_042906,HAP1,0.05519375961430742
Hum_XLOC_042911,HAP1,0.0410628518987065
Hum_XLOC_042915,HAP1,0.07769289274512561
Hum_XLOC_042952,HAP1,0.07662761665280335
Hum_XLOC_042983,HAP1,0.06452371351510444
Hum_XLOC_042989,HAP1,0.041421874774416306
Hum_XLOC_042992,HAP1,0.06539125727437017
Hum_XLOC_043011,HAP1,0.0673092003636577
Hum_XLOC_043046,HAP1,0.03939087131198316
Hum_XLOC_043051,HAP1,0.06365401106334605
Hum_XLOC_043055,HAP1,0.058163210588093935
Hum_XLOC_043057,HAP1,0.061365659440020176
Hum_XLOC_043067,HAP1,0.055412497146149556
Hum_XLOC_043075,HAP1,0.04276204045615586
Hum_XLOC_043078,HAP1,0.07179772788254703
Hum_XLOC_043080,HAP1,0.053011948886478956
Hum_XLOC_043089,HAP1,0.06752156034253493
Hum_XLOC_043090,HAP1,0.05969168248700641
Hum_XLOC_043102,HAP1,0.04155386267661596
Hum_XLOC_043111,HAP1,0.06907696929918544
Hum_XLOC_043113,HAP1,0.07661726078879212
Hum_XLOC_043129,HAP1,0.05349590877102675
Hum_XLOC_043134,HAP1,0.0696402888404809
Hum_XLOC_043135,HAP1,0.05208162526685851
Hum_XLOC_043155,HAP1,0.06989070808496878
Hum_XLOC_043168,HAP1,0.03930716025923181
Hum_XLOC_043180,HAP1,0.054611079299303894
Hum_XLOC_043181,HAP1,0.07298199122254787
Hum_XLOC_043182,HAP1,0.05712993183369168
Hum_XLOC_043197,HAP1,0.06804453893125245
Hum_XLOC_043198,HAP1,0.06738286161326396
Hum_XLOC_043201,HAP1,0.046094342770363936
Hum_XLOC_043212,HAP1,0.06049613958446214
Hum_XLOC_043215,HAP1,0.04888204648244942
Hum_XLOC_043238,HAP1,0.057332132530872285
Hum_XLOC_043261,HAP1,0.06485832199220166
Hum_XLOC_043266,HAP1,0.06694912986923769
Hum_XLOC_043272,HAP1,0.054622206104873595
Hum_XLOC_043274,HAP1,0.07103249304299697
Hum_XLOC_043279,HAP1,0.0689099203694581
Hum_XLOC_043283,HAP1,0.04338448961951689
Hum_XLOC_043299,HAP1,0.05336017562258151
Hum_XLOC_043300,HAP1,0.0641028721194028
Hum_XLOC_043310,HAP1,0.06043262156676857
Hum_XLOC_043319,HAP1,0.05359006714619474
Hum_XLOC_043326,HAP1,0.07193303136232251
Hum_XLOC_043328,HAP1,0.07081494784706815
Hum_XLOC_043329,HAP1,0.0603792696431267
Hum_XLOC_043336,HAP1,0.060235916807754225
Hum_XLOC_043339,HAP1,0.08170510022226826
Hum_XLOC_043359,HAP1,0.04519393625578365
Hum_XLOC_043371,HAP1,0.03778083223991223
Hum_XLOC_043393,HAP1,0.059612714328530804
Hum_XLOC_043395,HAP1,0.06484378086577415
Hum_XLOC_043397,HAP1,0.044398037300298746
Hum_XLOC_043427,HAP1,0.07793810038963005
Hum_XLOC_043428,HAP1,0.07277060643362927
Hum_XLOC_043437,HAP1,0.06939758221796125
Hum_XLOC_043441,HAP1,0.0571816736773896
Hum_XLOC_043462,HAP1,0.040935777199013985
Hum_XLOC_043463,HAP1,0.0346476734884052
Hum_XLOC_043464,HAP1,0.07675435854929562
Hum_XLOC_043465,HAP1,0.049037855437393876
Hum_XLOC_043508,HAP1,0.07311534400431025
Hum_XLOC_043510,HAP1,0.06448321627539703
Hum_XLOC_043543,HAP1,0.07082668838783937
Hum_XLOC_043544,HAP1,0.06361638544146837
Hum_XLOC_043545,HAP1,0.04281424150435053
Hum_XLOC_043548,HAP1,0.053122943931800344
Hum_XLOC_043554,HAP1,0.0784573711548672
Hum_XLOC_043555,HAP1,0.04354236309123904
Hum_XLOC_043561,HAP1,0.03802859234205681
Hum_XLOC_043575,HAP1,0.06044223619860448
Hum_XLOC_043579,HAP1,0.06094536483026461
Hum_XLOC_043590,HAP1,0.07609336137466816
Hum_XLOC_043599,HAP1,0.07564300093816506
Hum_XLOC_043601,HAP1,0.06367536058796508
Hum_XLOC_043603,HAP1,0.0698581708174974
Hum_XLOC_043608,HAP1,0.04935377030278859
Hum_XLOC_043616,HAP1,0.06233060779302407
Hum_XLOC_043621,HAP1,0.06504031422386866
Hum_XLOC_043633,HAP1,0.06114290978125975
Hum_XLOC_043642,HAP1,0.08267109903472603
Hum_XLOC_043647,HAP1,0.06683492166899363
Hum_XLOC_043654,HAP1,0.06051805420389508
Hum_XLOC_043655,HAP1,0.068589160221628
Hum_XLOC_043659,HAP1,0.06973433709202155
Hum_XLOC_043666,HAP1,0.06791862895824471
Hum_XLOC_043672,HAP1,0.04690973577935702
Hum_XLOC_043675,HAP1,0.053625296563861516
Hum_XLOC_043689,HAP1,0.03859494642606416
Hum_XLOC_043713,HAP1,0.04084530717945123
Hum_XLOC_043719,HAP1,0.07305921975769485
Hum_XLOC_043725,HAP1,0.06980957141161283
Hum_XLOC_043742,HAP1,0.07427308551119306
Hum_XLOC_043745,HAP1,0.04891419714193174
Hum_XLOC_043746,HAP1,0.0982209837678642
Hum_XLOC_043750,HAP1,0.03806534855028599
Hum_XLOC_043758,HAP1,0.06542026971928254
Hum_XLOC_043764,HAP1,0.0753062635521755
Hum_XLOC_043780,HAP1,0.0621222519482625
Hum_XLOC_043782,HAP1,0.06574022300712358
Hum_XLOC_043803,HAP1,0.035808010150216396
Hum_XLOC_043806,HAP1,0.04137381966596139
Hum_XLOC_043814,HAP1,0.06756262878445912
Hum_XLOC_043836,HAP1,0.06831337706413546
Hum_XLOC_043846,HAP1,0.06289325213630718
Hum_XLOC_043854,HAP1,0.061889131042066864
Hum_XLOC_043856,HAP1,0.041040708225068834
Hum_XLOC_043864,HAP1,0.07052122293692074
Hum_XLOC_043886,HAP1,0.0438712834131802
Hum_XLOC_043898,HAP1,0.0648550636244403
Hum_XLOC_043906,HAP1,0.07249638227468637
Hum_XLOC_043913,HAP1,0.07428717388490927
Hum_XLOC_043918,HAP1,0.07854529385762109
Hum_XLOC_043923,HAP1,0.06966516242329658
Hum_XLOC_043928,HAP1,0.08039185531790523
Hum_XLOC_043946,HAP1,0.05962661792918071
Hum_XLOC_043966,HAP1,0.077517922618143
Hum_XLOC_043970,HAP1,0.04303761343121361
Hum_XLOC_043980,HAP1,0.052827738976032365
Hum_XLOC_043981,HAP1,0.06507611669185302
Hum_XLOC_043989,HAP1,0.06159844962833631
Hum_XLOC_043990,HAP1,0.06434887339038328
Hum_XLOC_043996,HAP1,0.045968608343084125
Hum_XLOC_044002,HAP1,0.07919831990183455
Hum_XLOC_044003,HAP1,0.044413746569041866
Hum_XLOC_044006,HAP1,0.041316722530193
Hum_XLOC_044011,HAP1,0.045174083741797336
Hum_XLOC_044012,HAP1,0.07427125220331704
Hum_XLOC_044023,HAP1,0.04474651476456148
Hum_XLOC_044049,HAP1,0.039724950881024845
Hum_XLOC_044052,HAP1,0.057038755430757995
Hum_XLOC_044066,HAP1,0.06622158773119749
Hum_XLOC_044076,HAP1,0.053357565927495944
Hum_XLOC_044094,HAP1,0.06927835141154115
Hum_XLOC_044110,HAP1,0.04880976720064827
Hum_XLOC_044111,HAP1,0.04199443333008377
Hum_XLOC_044120,HAP1,0.06067686427636686
Hum_XLOC_044135,HAP1,0.0726532533933848
Hum_XLOC_044138,HAP1,0.05487165921014621
Hum_XLOC_044148,HAP1,0.058480859497795
Hum_XLOC_044151,HAP1,0.05360866428280414
Hum_XLOC_044179,HAP1,0.07712360301413256
Hum_XLOC_044193,HAP1,0.07550548237165976
Hum_XLOC_044208,HAP1,0.07428971318721751
Hum_XLOC_044210,HAP1,0.0743067425943163
Hum_XLOC_044219,HAP1,0.0723736929062963
Hum_XLOC_044230,HAP1,0.04637848456134053
Hum_XLOC_044237,HAP1,0.058145513353314894
Hum_XLOC_044240,HAP1,0.04247404431667
Hum_XLOC_044242,HAP1,0.040903153754029614
Hum_XLOC_044243,HAP1,0.045015102570228414
Hum_XLOC_044246,HAP1,0.07364209377587691
Hum_XLOC_044247,HAP1,0.0672545204438968
Hum_XLOC_044264,HAP1,0.049423266487838534
Hum_XLOC_044269,HAP1,0.07854393838807235
Hum_XLOC_044270,HAP1,0.06446682191520228
Hum_XLOC_044281,HAP1,0.05009414345438698
Hum_XLOC_044283,HAP1,0.0897097531495261
Hum_XLOC_044287,HAP1,0.056496153266779786
Hum_XLOC_044305,HAP1,0.06323674090332168
Hum_XLOC_044306,HAP1,0.07113887864112993
Hum_XLOC_044352,HAP1,0.04709228196176988
Hum_XLOC_044359,HAP1,0.07151767493810804
Hum_XLOC_044366,HAP1,0.09024041248846422
Hum_XLOC_044370,HAP1,0.0713292271474701
Hum_XLOC_044371,HAP1,0.08726446005224561
Hum_XLOC_044383,HAP1,0.06530308492502558
Hum_XLOC_044385,HAP1,0.04364998427883195
Hum_XLOC_044403,HAP1,0.06956605959630935
Hum_XLOC_044417,HAP1,0.056959324198276186
Hum_XLOC_044418,HAP1,0.03681434544239116
Hum_XLOC_044436,HAP1,0.06938358131164626
Hum_XLOC_044448,HAP1,0.06496551944304811
Hum_XLOC_044484,HAP1,0.0930277886085499
Hum_XLOC_044501,HAP1,0.058175658426514607
Hum_XLOC_044505,HAP1,0.07724346151136191
Hum_XLOC_044527,HAP1,0.06713799762620214
Hum_XLOC_044529,HAP1,0.03955908380460683
Hum_XLOC_044530,HAP1,0.0796845310720157
Hum_XLOC_044531,HAP1,0.04636418271690599
Hum_XLOC_044533,HAP1,0.054501695014257376
Hum_XLOC_044544,HAP1,0.052419264505844644
Hum_XLOC_044575,HAP1,0.07048567053348176
Hum_XLOC_044610,HAP1,0.07642267547239076
Hum_XLOC_044616,HAP1,0.0731404371056714
Hum_XLOC_044621,HAP1,0.06568229197292058
Hum_XLOC_044624,HAP1,0.06845064391140288
Hum_XLOC_044634,HAP1,0.06234306623629131
Hum_XLOC_044667,HAP1,0.20040774335576836
Hum_XLOC_044671,HAP1,0.07741186029482444
Hum_XLOC_044673,HAP1,0.04344118178935993
Hum_XLOC_044676,HAP1,0.054624321455445365
Hum_XLOC_044678,HAP1,0.05075950352240333
Hum_XLOC_044685,HAP1,0.06317524747880165
Hum_XLOC_044749,HAP1,0.0586702144342442
Hum_XLOC_044750,HAP1,0.0428986235482781
Hum_XLOC_044772,HAP1,0.06368259743691895
Hum_XLOC_044776,HAP1,0.06178349778979653
Hum_XLOC_044782,HAP1,0.06543731500379527
Hum_XLOC_044794,HAP1,0.06516434244714552
Hum_XLOC_044800,HAP1,0.08260426132808676
Hum_XLOC_044824,HAP1,0.04261737666262913
Hum_XLOC_044828,HAP1,0.06034702545113129
Hum_XLOC_044854,HAP1,0.044579428399236
Hum_XLOC_044874,HAP1,0.07654543827350804
Hum_XLOC_044877,HAP1,0.07021644850882255
Hum_XLOC_044881,HAP1,0.06199879878177396
Hum_XLOC_044926,HAP1,0.06516691639750836
Hum_XLOC_044932,HAP1,0.06713878193684567
Hum_XLOC_044938,HAP1,0.07272076388786672
Hum_XLOC_044949,HAP1,0.08337441698478885
Hum_XLOC_044952,HAP1,0.05852793080392539
Hum_XLOC_044957,HAP1,0.07164767940551374
Hum_XLOC_044972,HAP1,0.056117194241393276
Hum_XLOC_044999,HAP1,0.06454445086072176
Hum_XLOC_045018,HAP1,0.07922663231183688
Hum_XLOC_045058,HAP1,0.0447610550794377
Hum_XLOC_045062,HAP1,0.07283111433818437
Hum_XLOC_045066,HAP1,0.04658275146128682
Hum_XLOC_045068,HAP1,0.055801284400715495
Hum_XLOC_045075,HAP1,0.08705587978817539
Hum_XLOC_045076,HAP1,0.07221170582019726
Hum_XLOC_045078,HAP1,0.060358225149826944
Hum_XLOC_045079,HAP1,0.06801706131052437
Hum_XLOC_045100,HAP1,0.06139144475953688
Hum_XLOC_045105,HAP1,0.07009249567821077
Hum_XLOC_045106,HAP1,0.04317775530398036
Hum_XLOC_045107,HAP1,0.05524096450139796
Hum_XLOC_045112,HAP1,0.056868256823647996
Hum_XLOC_045120,HAP1,0.062475727057686614
Hum_XLOC_045128,HAP1,0.06143597662272393
Hum_XLOC_045133,HAP1,0.04441978976279677
Hum_XLOC_045136,HAP1,0.07381532164869088
Hum_XLOC_045143,HAP1,0.05791210566259934
Hum_XLOC_045148,HAP1,0.04774911838138017
Hum_XLOC_045167,HAP1,0.047946637461542735
Hum_XLOC_045169,HAP1,0.06976057516931863
Hum_XLOC_045170,HAP1,0.03925640219546188
Hum_XLOC_045175,HAP1,0.07264116739059023
Hum_XLOC_045186,HAP1,0.06902670978766443
Hum_XLOC_045207,HAP1,0.058314870397949664
Hum_XLOC_045211,HAP1,0.03770122670985569
Hum_XLOC_045215,HAP1,0.05923535517489417
Hum_XLOC_045217,HAP1,0.06159055737409676
Hum_XLOC_045246,HAP1,0.07507372336688486
Hum_XLOC_045256,HAP1,0.06167780854093409
Hum_XLOC_045278,HAP1,0.053796495713140255
Hum_XLOC_045298,HAP1,0.03723231385675261
Hum_XLOC_045301,HAP1,0.07561373913188726
Hum_XLOC_045303,HAP1,0.07245262296396399
Hum_XLOC_045312,HAP1,0.06496438250538134
Hum_XLOC_045315,HAP1,0.033449803122200715
Hum_XLOC_045336,HAP1,0.06275259492964824
Hum_XLOC_045337,HAP1,0.14475033219468475
Hum_XLOC_045345,HAP1,0.06763033940716999
Hum_XLOC_045371,HAP1,0.06236959204466528
Hum_XLOC_045374,HAP1,0.07555196762982652
Hum_XLOC_045375,HAP1,0.054317051680364686
Hum_XLOC_045377,HAP1,0.07441981740292139
Hum_XLOC_045378,HAP1,0.05877098528856747
Hum_XLOC_045379,HAP1,0.07157977930197715
Hum_XLOC_045383,HAP1,0.07725132926949799
Hum_XLOC_045394,HAP1,0.04979997923500805
Hum_XLOC_045404,HAP1,0.06534417530132619
Hum_XLOC_045406,HAP1,0.05456894275873661
Hum_XLOC_045413,HAP1,0.0421025062637029
Hum_XLOC_045416,HAP1,0.06486286151848464
Hum_XLOC_045417,HAP1,0.0771710680959898
Hum_XLOC_045418,HAP1,0.0430439256168656
Hum_XLOC_045427,HAP1,0.08185256002806314
Hum_XLOC_045432,HAP1,0.048523525018667704
Hum_XLOC_045436,HAP1,0.07826157392156309
Hum_XLOC_045441,HAP1,0.0648706033274504
Hum_XLOC_045446,HAP1,0.08407071241355475
Hum_XLOC_045451,HAP1,0.062076453641527654
Hum_XLOC_045460,HAP1,0.07178662763616743
Hum_XLOC_045469,HAP1,0.07122412059179427
Hum_XLOC_045491,HAP1,0.03917545208588866
Hum_XLOC_045494,HAP1,0.0555064929880646
Hum_XLOC_045524,HAP1,0.03784428256145003
Hum_XLOC_045527,HAP1,0.08417835575167196
Hum_XLOC_045528,HAP1,0.03879443149184093
Hum_XLOC_045544,HAP1,0.03556402218069489
Hum_XLOC_045567,HAP1,0.04896407619923258
Hum_XLOC_045569,HAP1,0.0401482873417208
Hum_XLOC_045570,HAP1,0.07000963429208054
Hum_XLOC_045572,HAP1,0.046755569372879675
Hum_XLOC_045584,HAP1,0.06163045508776087
Hum_XLOC_045588,HAP1,0.06915867910795008
Hum_XLOC_045593,HAP1,0.05863536361726342
Hum_XLOC_045596,HAP1,0.07206979368910231
Hum_XLOC_045597,HAP1,0.04976232047057814
Hum_XLOC_045612,HAP1,0.06881419595777809
Hum_XLOC_045617,HAP1,0.34157716503955815
Hum_XLOC_045624,HAP1,0.0821579650559575
Hum_XLOC_045625,HAP1,0.07453733636955188
Hum_XLOC_045638,HAP1,0.06724018166419224
Hum_XLOC_045649,HAP1,0.07423542069139652
Hum_XLOC_045650,HAP1,0.07927183157887048
Hum_XLOC_045661,HAP1,0.10089917679602076
Hum_XLOC_045662,HAP1,0.10754573569249654
Hum_XLOC_045667,HAP1,0.06784461222094315
Hum_XLOC_045674,HAP1,0.05342572263455321
Hum_XLOC_045699,HAP1,0.07095925134077648
Hum_XLOC_045726,HAP1,0.04038361873635482
Hum_XLOC_045731,HAP1,0.06729012659363799
Hum_XLOC_045735,HAP1,0.038976252315717275
Hum_XLOC_045736,HAP1,0.07781512407148779
Hum_XLOC_045741,HAP1,0.06222489565477147
Hum_XLOC_045787,HAP1,0.060497606431973106
Hum_XLOC_045809,HAP1,0.060370291482456005
Hum_XLOC_045816,HAP1,0.06454007779451401
Hum_XLOC_045817,HAP1,0.08780591280222404
Hum_XLOC_045847,HAP1,0.06775481562884351
Hum_XLOC_045868,HAP1,0.06180475089902568
Hum_XLOC_045874,HAP1,0.05822772231776656
Hum_XLOC_045881,HAP1,0.042214799522932646
Hum_XLOC_045897,HAP1,0.05625329044071132
Hum_XLOC_045903,HAP1,0.061356443561010124
Hum_XLOC_045906,HAP1,0.05588570751451724
Hum_XLOC_045934,HAP1,0.06977658063487352
Hum_XLOC_045940,HAP1,0.035324032708354366
Hum_XLOC_045946,HAP1,0.03761182015782547
Hum_XLOC_045973,HAP1,0.05181758591677769
Hum_XLOC_045974,HAP1,0.15978353120605193
Hum_XLOC_045975,HAP1,0.06185391516768833
Hum_XLOC_045982,HAP1,0.0686607096799525
Hum_XLOC_045986,HAP1,0.05596224341858193
Hum_XLOC_045992,HAP1,0.04472700573772989
Hum_XLOC_045993,HAP1,0.03662590408053651
Hum_XLOC_045995,HAP1,0.035692192673946424
Hum_XLOC_046002,HAP1,0.06864617872480605
Hum_XLOC_046015,HAP1,0.06491352745514149
Hum_XLOC_046021,HAP1,0.05172383314264157
Hum_XLOC_046036,HAP1,0.06080426308246083
Hum_XLOC_046089,HAP1,0.05610028214175666
Hum_XLOC_046132,HAP1,0.04203526281379835
Hum_XLOC_046138,HAP1,0.06935519596232646
Hum_XLOC_046153,HAP1,0.03764379443033763
Hum_XLOC_046171,HAP1,0.07903199527141756
Hum_XLOC_046172,HAP1,0.07732489956153607
Hum_XLOC_046176,HAP1,0.07033595134586307
Hum_XLOC_046191,HAP1,0.04106178771749102
Hum_XLOC_046203,HAP1,0.06557958771969208
Hum_XLOC_046213,HAP1,0.0693935276001914
Hum_XLOC_046214,HAP1,0.056661108951037265
Hum_XLOC_046222,HAP1,0.07113021120713912
Hum_XLOC_046225,HAP1,0.059286593698644904
Hum_XLOC_046227,HAP1,0.04651661573168438
Hum_XLOC_046233,HAP1,0.03803348313235863
Hum_XLOC_046286,HAP1,0.0626770384177128
Hum_XLOC_046298,HAP1,0.040384288679297026
Hum_XLOC_046329,HAP1,0.04146612800510623
Hum_XLOC_046357,HAP1,0.08374922268696604
Hum_XLOC_046373,HAP1,0.04699065884698478
Hum_XLOC_046396,HAP1,0.07376559859465417
Hum_XLOC_046399,HAP1,0.04052390600288472
Hum_XLOC_046421,HAP1,0.05861909198230274
Hum_XLOC_046428,HAP1,0.06901395218129038
Hum_XLOC_046430,HAP1,0.053142720087847956
Hum_XLOC_046486,HAP1,0.07136783778698808
Hum_XLOC_046494,HAP1,0.06834512966700987
Hum_XLOC_046509,HAP1,0.07397498150229853
Hum_XLOC_046513,HAP1,0.04874811145101808
Hum_XLOC_046518,HAP1,0.07347686334505298
Hum_XLOC_046519,HAP1,0.06841197861270745
Hum_XLOC_046535,HAP1,0.061512657893655655
Hum_XLOC_046556,HAP1,0.059227244388023736
Hum_XLOC_046570,HAP1,0.05802698960269314
Hum_XLOC_046571,HAP1,0.06672865383677744
Hum_XLOC_046592,HAP1,0.059327341631466114
Hum_XLOC_046597,HAP1,0.06239312704607136
Hum_XLOC_046631,HAP1,0.06499121140686795
Hum_XLOC_046634,HAP1,0.0565976374919111
Hum_XLOC_046685,HAP1,0.06368345655838864
Hum_XLOC_046694,HAP1,0.06880918298118545
Hum_XLOC_046706,HAP1,0.053295119951738884
Hum_XLOC_046709,HAP1,0.06292664010575974
Hum_XLOC_046740,HAP1,0.05331606086160149
Hum_XLOC_046748,HAP1,0.05567837589055119
Hum_XLOC_046772,HAP1,0.04384796076826243
Hum_XLOC_046776,HAP1,0.0731608022606518
Hum_XLOC_046777,HAP1,0.08063318683078406
Hum_XLOC_046781,HAP1,0.060903593980832435
Hum_XLOC_046804,HAP1,0.07468622398523138
Hum_XLOC_046807,HAP1,0.08265302682114675
Hum_XLOC_046817,HAP1,0.052833086047612804
Hum_XLOC_046821,HAP1,0.07376406254287185
Hum_XLOC_046823,HAP1,0.03536486019351362
Hum_XLOC_046830,HAP1,0.08340582535715205
Hum_XLOC_046838,HAP1,0.0399348068914694
Hum_XLOC_046854,HAP1,0.07031901948278288
Hum_XLOC_046863,HAP1,0.04560279157030162
Hum_XLOC_046868,HAP1,0.07185007285144944
Hum_XLOC_046870,HAP1,0.05535592127862293
Hum_XLOC_046872,HAP1,0.04550324431838543
Hum_XLOC_046934,HAP1,0.038135142413015126
Hum_XLOC_046948,HAP1,0.03654937355576095
Hum_XLOC_046951,HAP1,0.06913895336160088
Hum_XLOC_046954,HAP1,0.07236284206143483
Hum_XLOC_046957,HAP1,0.07290232986507612
Hum_XLOC_046970,HAP1,0.07119198965015819
Hum_XLOC_046971,HAP1,0.070350526039296
Hum_XLOC_046980,HAP1,0.0580534882264063
Hum_XLOC_047002,HAP1,0.05338806510792426
Hum_XLOC_047018,HAP1,0.034368001055542344
Hum_XLOC_047020,HAP1,0.053724515821142946
Hum_XLOC_047022,HAP1,0.07741970028528619
Hum_XLOC_047038,HAP1,0.05764912087197241
Hum_XLOC_047046,HAP1,0.03689139858763425
Hum_XLOC_047071,HAP1,0.048903730115295405
Hum_XLOC_047074,HAP1,0.06318154223117346
Hum_XLOC_047076,HAP1,0.0743885896454233
Hum_XLOC_047078,HAP1,0.07421852017215957
Hum_XLOC_047080,HAP1,0.06847879304181466
Hum_XLOC_047092,HAP1,0.07477012628016005
Hum_XLOC_047104,HAP1,0.04873622009895455
Hum_XLOC_047105,HAP1,0.07395732573916883
Hum_XLOC_047119,HAP1,0.0679895719443191
Hum_XLOC_047139,HAP1,0.06194179380811832
Hum_XLOC_047156,HAP1,0.07837479459516147
Hum_XLOC_047157,HAP1,0.06370566069169652
Hum_XLOC_047182,HAP1,0.06423907092088899
Hum_XLOC_047187,HAP1,0.07223307956971717
Hum_XLOC_047188,HAP1,0.06287853675687927
Hum_XLOC_047189,HAP1,0.06622766254281028
Hum_XLOC_047194,HAP1,0.04092121831437738
Hum_XLOC_047197,HAP1,0.04516061278654499
Hum_XLOC_047223,HAP1,0.04239832340887663
Hum_XLOC_047226,HAP1,0.07219413228282646
Hum_XLOC_047230,HAP1,0.08135891333067251
Hum_XLOC_047242,HAP1,0.046616058257756034
Hum_XLOC_047245,HAP1,0.09070002085445715
Hum_XLOC_047247,HAP1,0.2699787980890389
Hum_XLOC_047313,HAP1,0.05148968792641345
Hum_XLOC_047316,HAP1,0.06605114410690012
Hum_XLOC_047324,HAP1,0.07073054376932912
Hum_XLOC_047341,HAP1,0.06608009474954576
Hum_XLOC_047370,HAP1,0.0382745638088991
Hum_XLOC_047378,HAP1,0.03505102341507947
Hum_XLOC_047398,HAP1,0.0645591255721136
Hum_XLOC_047405,HAP1,0.04363032606533117
Hum_XLOC_047418,HAP1,0.04872260804960942
Hum_XLOC_047421,HAP1,0.04937064532492114
Hum_XLOC_047422,HAP1,0.07258213504125582
Hum_XLOC_047426,HAP1,0.04307040388284701
Hum_XLOC_047454,HAP1,0.06744067561767184
Hum_XLOC_047456,HAP1,0.06085462031962682
Hum_XLOC_047523,HAP1,0.06855109856582381
Hum_XLOC_047542,HAP1,0.047568868627310364
Hum_XLOC_047543,HAP1,0.07007870792676675
Hum_XLOC_047545,HAP1,0.060536372317350144
Hum_XLOC_047559,HAP1,0.06953788600065161
Hum_XLOC_047561,HAP1,0.055986058870111606
Hum_XLOC_047573,HAP1,0.04441236662844477
Hum_XLOC_047579,HAP1,0.06881610184596001
Hum_XLOC_047581,HAP1,0.04950898423991841
Hum_XLOC_047591,HAP1,0.07520815762084035
Hum_XLOC_047596,HAP1,0.04334166184592408
Hum_XLOC_047619,HAP1,0.0688055348821552
Hum_XLOC_047624,HAP1,0.07452282816055616
Hum_XLOC_047625,HAP1,0.056837153597406743
Hum_XLOC_047648,HAP1,0.08325710654996746
Hum_XLOC_047673,HAP1,0.08209971719328363
Hum_XLOC_047683,HAP1,0.03934750185615477
Hum_XLOC_047686,HAP1,0.05439366137818809
Hum_XLOC_047687,HAP1,0.06684491031741592
Hum_XLOC_047698,HAP1,0.061895069376746395
Hum_XLOC_047705,HAP1,0.05447788590116723
Hum_XLOC_047715,HAP1,0.06724402536628282
Hum_XLOC_047716,HAP1,0.03738025622422086
Hum_XLOC_047726,HAP1,0.042319424929730454
Hum_XLOC_047745,HAP1,0.06838211143175231
Hum_XLOC_047751,HAP1,0.05873257172916663
Hum_XLOC_047759,HAP1,0.041342833156349915
Hum_XLOC_047761,HAP1,0.06860041385849354
Hum_XLOC_047762,HAP1,0.07944435928774014
Hum_XLOC_047763,HAP1,0.049282721315057496
Hum_XLOC_047794,HAP1,0.05553489769962909
Hum_XLOC_047796,HAP1,0.1121614481270819
Hum_XLOC_047797,HAP1,0.05210695524681436
Hum_XLOC_047798,HAP1,0.11882622525034844
Hum_XLOC_047801,HAP1,0.08507917294837154
Hum_XLOC_047817,HAP1,0.058964439819910404
Hum_XLOC_047818,HAP1,0.03792196005306391
Hum_XLOC_047821,HAP1,0.05433414739291132
Hum_XLOC_047835,HAP1,0.058933921789621195
Hum_XLOC_047841,HAP1,0.0732207501308533
Hum_XLOC_047850,HAP1,0.04960112611588205
Hum_XLOC_047858,HAP1,0.05529383375608072
Hum_XLOC_047879,HAP1,0.07148357901699448
Hum_XLOC_047883,HAP1,0.06369395515939939
Hum_XLOC_047924,HAP1,0.0626511410299269
Hum_XLOC_047929,HAP1,0.04734587465532336
Hum_XLOC_047934,HAP1,0.07435906329741333
Hum_XLOC_047958,HAP1,0.0795308631787286
Hum_XLOC_047959,HAP1,0.04624265160330123
Hum_XLOC_047974,HAP1,0.07765215717310014
Hum_XLOC_047977,HAP1,0.07283072685255107
Hum_XLOC_047997,HAP1,0.0578851497251104
Hum_XLOC_048007,HAP1,0.13087318656222027
Hum_XLOC_048009,HAP1,0.0859902478694965
Hum_XLOC_048010,HAP1,0.07699562384120148
Hum_XLOC_048056,HAP1,0.06693234914831973
Hum_XLOC_048065,HAP1,0.04720389346450754
Hum_XLOC_048089,HAP1,0.06118461379556294
Hum_XLOC_048091,HAP1,0.08050862186518262
Hum_XLOC_048117,HAP1,0.06966817869048157
Hum_XLOC_048118,HAP1,0.06193678682504401
Hum_XLOC_048121,HAP1,0.07720214880354939
Hum_XLOC_048131,HAP1,0.041498895098496025
Hum_XLOC_048142,HAP1,0.06997813671323469
Hum_XLOC_048148,HAP1,0.0655296574293959
Hum_XLOC_048150,HAP1,0.04145738956348788
Hum_XLOC_048158,HAP1,0.06490572372595046
Hum_XLOC_048161,HAP1,0.06254888445512942
Hum_XLOC_048168,HAP1,0.07017072396777715
Hum_XLOC_048172,HAP1,0.06517412455229786
Hum_XLOC_048188,HAP1,0.0841097539277727
Hum_XLOC_048193,HAP1,0.04087072301348409
Hum_XLOC_048195,HAP1,0.0366811457927395
Hum_XLOC_048203,HAP1,0.048264513514727186
Hum_XLOC_048206,HAP1,0.06812163263512548
Hum_XLOC_048219,HAP1,0.06671217752388836
Hum_XLOC_048220,HAP1,0.06973621364941603
Hum_XLOC_048224,HAP1,0.05882970506761198
Hum_XLOC_048225,HAP1,0.03544602180068685
Hum_XLOC_048228,HAP1,0.07848488168391664
Hum_XLOC_048235,HAP1,0.06790286235251326
Hum_XLOC_048238,HAP1,0.06717234886750037
Hum_XLOC_048250,HAP1,0.06528510023751682
Hum_XLOC_048253,HAP1,0.06797529172649944
Hum_XLOC_048254,HAP1,0.05020770091579553
Hum_XLOC_048258,HAP1,0.0614720007531983
Hum_XLOC_048295,HAP1,0.06826232306507635
Hum_XLOC_048303,HAP1,0.07012490328556875
Hum_XLOC_048309,HAP1,0.06313893389991312
Hum_XLOC_048333,HAP1,0.043058135556317184
Hum_XLOC_048375,HAP1,0.03953425426696251
Hum_XLOC_048385,HAP1,0.07776777507794053
Hum_XLOC_048399,HAP1,0.04296422865893089
Hum_XLOC_048400,HAP1,0.094214952409719
Hum_XLOC_048410,HAP1,0.04300689423621362
Hum_XLOC_048419,HAP1,0.0470012955307937
Hum_XLOC_048443,HAP1,0.06435534791899764
Hum_XLOC_048448,HAP1,0.057373518004120695
Hum_XLOC_048455,HAP1,0.05991150421498479
Hum_XLOC_048473,HAP1,0.05832260566561847
Hum_XLOC_048475,HAP1,0.04849641930782695
Hum_XLOC_048480,HAP1,0.0752277764054288
Hum_XLOC_048502,HAP1,0.0493992007255746
Hum_XLOC_048505,HAP1,0.05610371882009193
Hum_XLOC_048506,HAP1,0.07135208579100426
Hum_XLOC_048520,HAP1,0.03608949412982056
Hum_XLOC_048524,HAP1,0.07177306155917128
Hum_XLOC_048534,HAP1,0.061337937535341364
Hum_XLOC_048539,HAP1,0.07802435425244268
Hum_XLOC_048541,HAP1,0.0376792942982654
Hum_XLOC_048578,HAP1,0.06292105023326076
Hum_XLOC_048580,HAP1,0.03964912778083963
Hum_XLOC_048593,HAP1,0.04763128024115376
Hum_XLOC_048626,HAP1,0.03969198560265092
Hum_XLOC_048667,HAP1,0.07263937993962877
Hum_XLOC_048668,HAP1,0.051773611048947135
Hum_XLOC_048673,HAP1,0.08290983060709498
Hum_XLOC_048687,HAP1,0.05485721780856495
Hum_XLOC_048700,HAP1,0.035675855914593955
Hum_XLOC_048706,HAP1,0.06759191764218876
Hum_XLOC_048714,HAP1,0.06685199775437703
Hum_XLOC_048716,HAP1,0.06142132437142611
Hum_XLOC_048721,HAP1,0.06845380506818893
Hum_XLOC_048722,HAP1,0.06057573738513299
Hum_XLOC_048736,HAP1,0.06287574077954143
Hum_XLOC_048737,HAP1,0.08475435629595501
Hum_XLOC_048739,HAP1,0.06728622602825832
Hum_XLOC_048744,HAP1,0.055091925721996345
Hum_XLOC_048753,HAP1,0.0404629712487514
Hum_XLOC_048754,HAP1,0.061112696589900636
Hum_XLOC_048776,HAP1,0.07219186530773775
Hum_XLOC_048781,HAP1,0.07703941679654096
Hum_XLOC_048783,HAP1,0.048936538988300526
Hum_XLOC_048784,HAP1,0.05577687357208902
Hum_XLOC_048789,HAP1,0.053576447274237625
Hum_XLOC_048798,HAP1,0.064722586653941
Hum_XLOC_048816,HAP1,0.07342371753078321
Hum_XLOC_048817,HAP1,0.06456869967274333
Hum_XLOC_048840,HAP1,0.040513734269301035
Hum_XLOC_048842,HAP1,0.07608975763386976
Hum_XLOC_048859,HAP1,0.06814841663052898
Hum_XLOC_048868,HAP1,0.07559006437815194
Hum_XLOC_048891,HAP1,0.07104594717196455
Hum_XLOC_048903,HAP1,0.07268772348326505
Hum_XLOC_048906,HAP1,0.06938924825965151
Hum_XLOC_048909,HAP1,0.06773432653857853
Hum_XLOC_048935,HAP1,0.05863951593192312
Hum_XLOC_048941,HAP1,0.04084370153449235
Hum_XLOC_048942,HAP1,0.055609782293532854
Hum_XLOC_048945,HAP1,0.07486825183984952
Hum_XLOC_048957,HAP1,0.04156288180750453
Hum_XLOC_048965,HAP1,0.061617573520228085
Hum_XLOC_048966,HAP1,0.056625949810092946
Hum_XLOC_048978,HAP1,0.0676249943467724
Hum_XLOC_048988,HAP1,0.04254171220772947
Hum_XLOC_048999,HAP1,0.0638234817304832
Hum_XLOC_049000,HAP1,0.07273317973207341
Hum_XLOC_049006,HAP1,0.04974947830629761
Hum_XLOC_049007,HAP1,0.07415295529270577
Hum_XLOC_049009,HAP1,0.05180802489651495
Hum_XLOC_049024,HAP1,0.06665532590388697
Hum_XLOC_049028,HAP1,0.06672237081937421
Hum_XLOC_049037,HAP1,0.0690204066672703
Hum_XLOC_049040,HAP1,0.06413263946374607
Hum_XLOC_049043,HAP1,0.055396561169525536
Hum_XLOC_049062,HAP1,0.06602966160419657
Hum_XLOC_049063,HAP1,0.07796122420364265
Hum_XLOC_049064,HAP1,0.06738777210763454
Hum_XLOC_049075,HAP1,0.04519229344278927
Hum_XLOC_049084,HAP1,0.062119063210471656
Hum_XLOC_049094,HAP1,0.07988823691703978
Hum_XLOC_049099,HAP1,0.06040037905730425
Hum_XLOC_049102,HAP1,0.06985882583610051
Hum_XLOC_049106,HAP1,0.07281804741615881
Hum_XLOC_049109,HAP1,0.043503263377665524
Hum_XLOC_049120,HAP1,0.04693510267310817
Hum_XLOC_049127,HAP1,0.06775108375644708
Hum_XLOC_049129,HAP1,0.07146168349214155
Hum_XLOC_049179,HAP1,0.06792836778819622
Hum_XLOC_049180,HAP1,0.05859898176300253
Hum_XLOC_049193,HAP1,0.0628561959408953
Hum_XLOC_049195,HAP1,0.039386593064728845
Hum_XLOC_049198,HAP1,0.03626677530161716
Hum_XLOC_049207,HAP1,0.0718691980525508
Hum_XLOC_049228,HAP1,0.06065558042217159
Hum_XLOC_049229,HAP1,0.06893277931596876
Hum_XLOC_049235,HAP1,0.05525494935355587
Hum_XLOC_049252,HAP1,0.06924380801576988
Hum_XLOC_049269,HAP1,0.0731330162422896
Hum_XLOC_049270,HAP1,0.05532756115234001
Hum_XLOC_049275,HAP1,0.10710342732718868
Hum_XLOC_049290,HAP1,0.0550477322365001
Hum_XLOC_049291,HAP1,0.038768651844945254
Hum_XLOC_049293,HAP1,0.04308755438241692
Hum_XLOC_049298,HAP1,0.06998481431793432
Hum_XLOC_049317,HAP1,0.07148250357062806
Hum_XLOC_049340,HAP1,0.0733888127732252
Hum_XLOC_049345,HAP1,0.07474542312907256
Hum_XLOC_049347,HAP1,0.06081827719726167
Hum_XLOC_049360,HAP1,0.037628281589970405
Hum_XLOC_049368,HAP1,0.08504828667129959
Hum_XLOC_049374,HAP1,0.07023109075114214
Hum_XLOC_049381,HAP1,0.06420170370405329
Hum_XLOC_049398,HAP1,0.05997347211351773
Hum_XLOC_049400,HAP1,0.04253317834486598
Hum_XLOC_049404,HAP1,0.09435805491817591
Hum_XLOC_049412,HAP1,0.06771159766852933
Hum_XLOC_049413,HAP1,0.05026024174924842
Hum_XLOC_049438,HAP1,0.07661158176058633
Hum_XLOC_049439,HAP1,0.057644098354150165
Hum_XLOC_049446,HAP1,0.07752259249035223
Hum_XLOC_049450,HAP1,0.07119637625804219
Hum_XLOC_049457,HAP1,0.07093870035474797
Hum_XLOC_049478,HAP1,0.06111478919682699
Hum_XLOC_049481,HAP1,0.04272036634166114
Hum_XLOC_049503,HAP1,0.13333768382910344
Hum_XLOC_049540,HAP1,0.06082611542588537
Hum_XLOC_049546,HAP1,0.037050391980684126
Hum_XLOC_049551,HAP1,0.06834754842914152
Hum_XLOC_049554,HAP1,0.0838060203246477
Hum_XLOC_049559,HAP1,0.07790004697650449
Hum_XLOC_049562,HAP1,0.06420771553090368
Hum_XLOC_049569,HAP1,0.06916138009794105
Hum_XLOC_049571,HAP1,0.07119597152258857
Hum_XLOC_049600,HAP1,0.07313070257604976
Hum_XLOC_049636,HAP1,0.061817409232638204
Hum_XLOC_049647,HAP1,0.06556826865803532
Hum_XLOC_049682,HAP1,0.035150061746768164
Hum_XLOC_049683,HAP1,0.06914918712417496
Hum_XLOC_049684,HAP1,0.0703432601600745
Hum_XLOC_049692,HAP1,0.07033908644644417
Hum_XLOC_049696,HAP1,0.06396091372646388
Hum_XLOC_049699,HAP1,0.07360179828987422
Hum_XLOC_049700,HAP1,0.04776124531493699
Hum_XLOC_049714,HAP1,0.05935765208625278
Hum_XLOC_049742,HAP1,0.03798867944351257
Hum_XLOC_049746,HAP1,0.041015536122238336
Hum_XLOC_049747,HAP1,0.05488781441418711
Hum_XLOC_049749,HAP1,0.07036619149764853
Hum_XLOC_049750,HAP1,0.07604645599807155
Hum_XLOC_049769,HAP1,0.0769166130283915
Hum_XLOC_049774,HAP1,0.039872410122201454
Hum_XLOC_049776,HAP1,0.04364356293163642
Hum_XLOC_049777,HAP1,0.04979224721221331
Hum_XLOC_049783,HAP1,0.037015491526611904
Hum_XLOC_049798,HAP1,0.05171911427814429
Hum_XLOC_049805,HAP1,0.06921602195086506
Hum_XLOC_049809,HAP1,0.0398703710079032
Hum_XLOC_049810,HAP1,0.06476448737279558
Hum_XLOC_049811,HAP1,0.06893033266652478
Hum_XLOC_049813,HAP1,0.06887758571992403
Hum_XLOC_049820,HAP1,0.03927318560355422
Hum_XLOC_049832,HAP1,0.043926991768650364
Hum_XLOC_049845,HAP1,0.051944839684756036
Hum_XLOC_049856,HAP1,0.07719131890239256
Hum_XLOC_049862,HAP1,0.07961579217740376
Hum_XLOC_049882,HAP1,0.03771856100079902
Hum_XLOC_049900,HAP1,0.06538811230640929
Hum_XLOC_049919,HAP1,0.04845479077853685
Hum_XLOC_049936,HAP1,0.03976404946089179
Hum_XLOC_049940,HAP1,0.33689781806102786
Hum_XLOC_049979,HAP1,0.06735388462521967
Hum_XLOC_049983,HAP1,0.040413638860982315
Hum_XLOC_049999,HAP1,0.0814473044171311
Hum_XLOC_050007,HAP1,0.04763912476083384
Hum_XLOC_050012,HAP1,0.03836094684477463
Hum_XLOC_050013,HAP1,0.07309408193263066
Hum_XLOC_050022,HAP1,0.16658429706942576
Hum_XLOC_050027,HAP1,0.0671931187420842
Hum_XLOC_050042,HAP1,0.06973064459166892
Hum_XLOC_050058,HAP1,0.07068623314792541
Hum_XLOC_050079,HAP1,0.04570285402571008
Hum_XLOC_050085,HAP1,0.07521221521603082
Hum_XLOC_050091,HAP1,0.038985461770856225
Hum_XLOC_050098,HAP1,0.0557470042771777
Hum_XLOC_050112,HAP1,0.05912103339782742
Hum_XLOC_050117,HAP1,0.06854502432422666
Hum_XLOC_050122,HAP1,0.07995291604362165
Hum_XLOC_050131,HAP1,0.0387476735677286
Hum_XLOC_050137,HAP1,0.06546129220666402
Hum_XLOC_050142,HAP1,0.043320219371606905
Hum_XLOC_050149,HAP1,0.03967385077765786
Hum_XLOC_050153,HAP1,0.04209805665526557
Hum_XLOC_050163,HAP1,0.05752020886809216
Hum_XLOC_050164,HAP1,0.0433365779196542
Hum_XLOC_050180,HAP1,0.0819100303000823
Hum_XLOC_050189,HAP1,0.05927793698627206
Hum_XLOC_050197,HAP1,0.06790329426486198
Hum_XLOC_050204,HAP1,0.06833753687664912
Hum_XLOC_050210,HAP1,0.03386265065602295
Hum_XLOC_050217,HAP1,0.0662955702549762
Hum_XLOC_050232,HAP1,0.0728022855653976
Hum_XLOC_050256,HAP1,0.08097888843588458
Hum_XLOC_050277,HAP1,0.06888149937676667
Hum_XLOC_050280,HAP1,0.06142774445971174
Hum_XLOC_050284,HAP1,0.049598981505692426
Hum_XLOC_050306,HAP1,0.04597867985902045
Hum_XLOC_050309,HAP1,0.06879089214992817
Hum_XLOC_050330,HAP1,0.055691254225905366
Hum_XLOC_050334,HAP1,0.051344573887577634
Hum_XLOC_050350,HAP1,0.046863833078184106
Hum_XLOC_050377,HAP1,0.03921709876602525
Hum_XLOC_050385,HAP1,0.0715307826087996
Hum_XLOC_050404,HAP1,0.05832712902450301
Hum_XLOC_050428,HAP1,0.07345543690477138
Hum_XLOC_050440,HAP1,0.057923504396918964
Hum_XLOC_050441,HAP1,0.0667977225537659
Hum_XLOC_050446,HAP1,0.061611445597771416
Hum_XLOC_050451,HAP1,0.06188660500181163
Hum_XLOC_050458,HAP1,0.07114676739334468
Hum_XLOC_050482,HAP1,0.07473140483259862
Hum_XLOC_050487,HAP1,0.07345786562435294
Hum_XLOC_050494,HAP1,0.07334085225698198
Hum_XLOC_050496,HAP1,0.06934487118620498
Hum_XLOC_050500,HAP1,0.07152758477248358
Hum_XLOC_050518,HAP1,0.05557516221499235
Hum_XLOC_050544,HAP1,0.05116420138105704
Hum_XLOC_050546,HAP1,0.06749484576494462
Hum_XLOC_050551,HAP1,0.037954746116129895
Hum_XLOC_050552,HAP1,0.06754832658721903
Hum_XLOC_050561,HAP1,0.07280322521915146
Hum_XLOC_050572,HAP1,0.07286305376710461
Hum_XLOC_050590,HAP1,0.06980469178003774
Hum_XLOC_050608,HAP1,0.06949868047043621
Hum_XLOC_050613,HAP1,0.07625288371651845
Hum_XLOC_050618,HAP1,0.045064398361523775
Hum_XLOC_050652,HAP1,0.09625389057142557
Hum_XLOC_050653,HAP1,0.04437426261178879
Hum_XLOC_050654,HAP1,0.046924790953176684
Hum_XLOC_050677,HAP1,0.07462393420032792
Hum_XLOC_050679,HAP1,0.08133758777620997
Hum_XLOC_050687,HAP1,0.057149573865803036
Hum_XLOC_050689,HAP1,0.05305125098888646
Hum_XLOC_050712,HAP1,0.06633180448001536
Hum_XLOC_050722,HAP1,0.039031482555077754
Hum_XLOC_050760,HAP1,0.06953293682647052
Hum_XLOC_050761,HAP1,0.05024752466970318
Hum_XLOC_050778,HAP1,0.059941820061076
Hum_XLOC_050785,HAP1,0.04346169610862549
Hum_XLOC_050797,HAP1,0.043591459056183175
Hum_XLOC_050802,HAP1,0.03565060641275576
Hum_XLOC_050815,HAP1,0.06497665599904202
Hum_XLOC_050821,HAP1,0.04600239651990336
Hum_XLOC_050829,HAP1,0.05866273132357686
Hum_XLOC_050838,HAP1,0.06660760648979694
Hum_XLOC_050840,HAP1,0.08751756049404448
Hum_XLOC_050842,HAP1,0.04965538536411477
Hum_XLOC_050846,HAP1,0.05916587833194308
Hum_XLOC_050862,HAP1,0.07583149793012264
Hum_XLOC_050868,HAP1,0.04318974443574065
Hum_XLOC_050887,HAP1,0.1268925209773113
Hum_XLOC_050889,HAP1,0.078166920747024
Hum_XLOC_050890,HAP1,0.06401244446597647
Hum_XLOC_050910,HAP1,0.06134231399320918
Hum_XLOC_050913,HAP1,0.03676143999298094
Hum_XLOC_050938,HAP1,0.046998459360829054
Hum_XLOC_050980,HAP1,0.06785086200846763
Hum_XLOC_051014,HAP1,0.07145941234690578
Hum_XLOC_051023,HAP1,0.06982999359869932
Hum_XLOC_051025,HAP1,0.04468407079712956
Hum_XLOC_051034,HAP1,0.04983784112874925
Hum_XLOC_051039,HAP1,0.053015629644591465
Hum_XLOC_051047,HAP1,0.05526359061015796
Hum_XLOC_051057,HAP1,0.07551617267578868
Hum_XLOC_051107,HAP1,0.06631248769055152
Hum_XLOC_051114,HAP1,0.0698310552688878
Hum_XLOC_051115,HAP1,0.05272714642683485
Hum_XLOC_051117,HAP1,0.04163241080997
Hum_XLOC_051122,HAP1,0.05158741887804572
Hum_XLOC_051139,HAP1,0.05686537582939029
Hum_XLOC_051145,HAP1,0.0664619147941426
Hum_XLOC_051152,HAP1,0.07029551267546519
Hum_XLOC_051153,HAP1,0.06981482033644217
Hum_XLOC_051156,HAP1,0.052033952518171854
Hum_XLOC_051168,HAP1,0.05461683611400463
Hum_XLOC_051175,HAP1,0.03513495456301964
Hum_XLOC_051189,HAP1,0.07176706344082681
Hum_XLOC_051196,HAP1,0.07081632505167645
Hum_XLOC_051198,HAP1,0.07164539949294998
Hum_XLOC_051242,HAP1,0.06189226815655236
Hum_XLOC_051249,HAP1,0.05407286464512316
Hum_XLOC_051253,HAP1,0.07203340280922838
Hum_XLOC_051271,HAP1,0.03955671165709174
Hum_XLOC_051287,HAP1,0.06758554557688604
Hum_XLOC_051298,HAP1,0.06652255978888394
Hum_XLOC_051304,HAP1,0.045138903632917685
Hum_XLOC_051316,HAP1,0.07985588193672868
Hum_XLOC_051317,HAP1,0.04287286074073718
Hum_XLOC_051322,HAP1,0.07746834791716874
Hum_XLOC_051337,HAP1,0.033314730492571526
Hum_XLOC_051346,HAP1,0.08258444040963171
Hum_XLOC_051359,HAP1,0.065548632623983
Hum_XLOC_051360,HAP1,0.06703072094481109
Hum_XLOC_051362,HAP1,0.04592116152361898
Hum_XLOC_051416,HAP1,0.04523052626041374
Hum_XLOC_051422,HAP1,0.050345277667325376
Hum_XLOC_051432,HAP1,0.06778451476683205
Hum_XLOC_051435,HAP1,0.06760608565176088
Hum_XLOC_051439,HAP1,0.07487113013786087
Hum_XLOC_051455,HAP1,0.057363202036748454
Hum_XLOC_051459,HAP1,0.07333829127803711
Hum_XLOC_051464,HAP1,0.06953606782787501
Hum_XLOC_051466,HAP1,0.06142889181365634
Hum_XLOC_051487,HAP1,0.059030668632375875
Hum_XLOC_051495,HAP1,0.04321389394392406
Hum_XLOC_051503,HAP1,0.08291310246004623
Hum_XLOC_051531,HAP1,0.04061295245777746
Hum_XLOC_051537,HAP1,0.0596387294520897
Hum_XLOC_051541,HAP1,0.03417824157940827
Hum_XLOC_051563,HAP1,0.06530393020752259
Hum_XLOC_051569,HAP1,0.07440434981682317
Hum_XLOC_051584,HAP1,0.07873809496882492
Hum_XLOC_051596,HAP1,0.0590548166716636
Hum_XLOC_051598,HAP1,0.041100183040026855
Hum_XLOC_051604,HAP1,0.0509868149416359
Hum_XLOC_051606,HAP1,0.05730508750366062
Hum_XLOC_051607,HAP1,0.06310802018970993
Hum_XLOC_051628,HAP1,0.078636067747151
Hum_XLOC_051678,HAP1,0.07000116265965868
Hum_XLOC_051691,HAP1,0.0677023756438608
Hum_XLOC_051703,HAP1,0.04187242883725178
Hum_XLOC_051715,HAP1,0.06848561771365602
Hum_XLOC_051719,HAP1,0.07732966642319203
Hum_XLOC_051721,HAP1,0.05583870377065646
Hum_XLOC_051726,HAP1,0.04152746425627446
Hum_XLOC_051728,HAP1,0.0723107926653541
Hum_XLOC_051751,HAP1,0.07045011997083614
Hum_XLOC_051779,HAP1,0.048267072270368014
Hum_XLOC_051796,HAP1,0.08114182161626968
Hum_XLOC_051797,HAP1,0.05779841376307511
Hum_XLOC_051822,HAP1,0.053490834178765774
Hum_XLOC_051823,HAP1,0.041582066256338895
Hum_XLOC_051836,HAP1,0.06582816837538873
Hum_XLOC_051842,HAP1,0.05352477586248992
Hum_XLOC_051843,HAP1,0.06824977005656226
Hum_XLOC_051857,HAP1,0.06849051882779307
Hum_XLOC_051861,HAP1,0.07319245630054068
Hum_XLOC_051862,HAP1,0.040569919603881816
Hum_XLOC_051877,HAP1,0.05280669982587272
Hum_XLOC_051883,HAP1,0.06819959458356237
Hum_XLOC_051913,HAP1,0.06703332618955528
Hum_XLOC_051932,HAP1,0.06472876515272914
Hum_XLOC_051954,HAP1,0.0764728755785499
Hum_XLOC_051976,HAP1,0.054890738321691224
Hum_XLOC_051987,HAP1,0.029535658412885184
Hum_XLOC_051998,HAP1,0.07446245128358317
Hum_XLOC_052001,HAP1,0.040382322747057386
Hum_XLOC_052039,HAP1,0.059212879176644015
Hum_XLOC_052047,HAP1,0.03966036164268762
Hum_XLOC_052126,HAP1,0.060400605229890145
Hum_XLOC_052145,HAP1,0.13373152966494323
Hum_XLOC_052164,HAP1,0.04033552999070328
Hum_XLOC_052202,HAP1,0.04805480154155263
Hum_XLOC_052203,HAP1,0.062265460061088025
Hum_XLOC_052207,HAP1,0.0484945945636745
Hum_XLOC_052211,HAP1,0.03886553835184936
Hum_XLOC_052212,HAP1,0.08282633757863898
Hum_XLOC_052216,HAP1,0.06756353479248789
Hum_XLOC_052218,HAP1,0.07250446320073639
Hum_XLOC_052234,HAP1,0.057960702710065676
Hum_XLOC_052245,HAP1,0.045590326820932725
Hum_XLOC_052260,HAP1,0.0351291864128508
Hum_XLOC_052265,HAP1,0.04322544410980937
Hum_XLOC_052269,HAP1,0.04500030246454231
Hum_XLOC_052271,HAP1,0.06808805055811294
Hum_XLOC_052275,HAP1,0.050665178530406016
Hum_XLOC_052285,HAP1,0.032729996338747666
Hum_XLOC_052311,HAP1,0.03804731585194904
Hum_XLOC_052313,HAP1,0.062058196108356306
Hum_XLOC_052319,HAP1,0.037623939202420104
Hum_XLOC_052329,HAP1,0.04414893464367617
Hum_XLOC_052336,HAP1,0.07067917494132878
Hum_XLOC_052349,HAP1,0.06759957894037903
Hum_XLOC_052352,HAP1,0.08003361642897663
Hum_XLOC_052354,HAP1,0.06759021239505414
Hum_XLOC_052356,HAP1,0.06904853303015436
Hum_XLOC_052366,HAP1,0.07585476774071954
Hum_XLOC_052373,HAP1,0.04093143521915514
Hum_XLOC_052381,HAP1,0.06939702298315183
Hum_XLOC_052399,HAP1,0.06514780228660663
Hum_XLOC_052411,HAP1,0.06594356971579524
Hum_XLOC_052415,HAP1,0.03491823441848292
Hum_XLOC_052422,HAP1,0.0441038886369716
Hum_XLOC_052430,HAP1,0.05634188176200569
Hum_XLOC_052446,HAP1,0.0618588477007191
Hum_XLOC_052447,HAP1,0.047723370680091595
Hum_XLOC_052449,HAP1,0.04271657714148413
Hum_XLOC_052450,HAP1,0.04034955187244765
Hum_XLOC_052469,HAP1,0.07314084748434332
Hum_XLOC_052479,HAP1,0.07647526014360234
Hum_XLOC_052489,HAP1,0.05271807059121093
Hum_XLOC_052502,HAP1,0.07314831076243425
Hum_XLOC_052515,HAP1,0.05149478416482664
Hum_XLOC_052518,HAP1,0.07626791023961355
Hum_XLOC_052522,HAP1,0.054597525268743924
Hum_XLOC_052529,HAP1,0.036021886985787406
Hum_XLOC_052565,HAP1,0.0475912356689766
Hum_XLOC_052571,HAP1,0.06417172069015745
Hum_XLOC_052576,HAP1,0.06613155017761528
Hum_XLOC_052600,HAP1,0.07952835926300836
Hum_XLOC_052610,HAP1,0.06340753652126785
Hum_XLOC_052612,HAP1,0.07112036570992394
Hum_XLOC_052614,HAP1,0.07043776749604683
Hum_XLOC_052632,HAP1,0.06304501668137209
Hum_XLOC_052651,HAP1,0.08203841504331108
Hum_XLOC_052669,HAP1,0.07370092308415045
Hum_XLOC_052672,HAP1,0.08180564930357566
Hum_XLOC_052676,HAP1,0.07701603288020001
Hum_XLOC_052677,HAP1,0.06116179601551652
Hum_XLOC_052698,HAP1,0.07127365730857384
Hum_XLOC_052703,HAP1,0.05374346525597755
Hum_XLOC_052704,HAP1,0.06917738105664534
Hum_XLOC_052727,HAP1,0.06511101869324165
Hum_XLOC_052730,HAP1,0.06388671470668282
Hum_XLOC_052742,HAP1,0.06979883686371721
Hum_XLOC_052746,HAP1,0.06104251532198898
Hum_XLOC_052748,HAP1,0.0429988166212473
Hum_XLOC_052749,HAP1,0.07367356083796679
Hum_XLOC_052753,HAP1,0.07330642561980984
Hum_XLOC_052755,HAP1,0.07515492792910644
Hum_XLOC_052779,HAP1,0.07730095129715675
Hum_XLOC_052780,HAP1,0.07255979754243874
Hum_XLOC_052784,HAP1,0.07016547887271307
Hum_XLOC_052789,HAP1,0.06205482293009252
Hum_XLOC_052802,HAP1,0.08131951017119295
Hum_XLOC_052812,HAP1,0.056392815049235614
Hum_XLOC_052833,HAP1,0.08462001990293264
Hum_XLOC_052835,HAP1,0.07814204940929026
Hum_XLOC_052838,HAP1,0.0741185351578906
Hum_XLOC_052840,HAP1,0.07197659682516909
Hum_XLOC_052847,HAP1,0.05017569950222451
Hum_XLOC_052853,HAP1,0.06150364917487265
Hum_XLOC_052855,HAP1,0.07011428488902839
Hum_XLOC_052878,HAP1,0.06901667807830787
Hum_XLOC_052887,HAP1,0.06193874219153984
Hum_XLOC_052892,HAP1,0.07128142175367767
Hum_XLOC_052893,HAP1,0.15991774843076295
Hum_XLOC_052898,HAP1,0.06016126980395895
Hum_XLOC_052902,HAP1,0.06821314987602035
Hum_XLOC_052904,HAP1,0.04641244469121193
Hum_XLOC_052919,HAP1,0.055634313487664885
Hum_XLOC_052920,HAP1,0.079926668674729
Hum_XLOC_052943,HAP1,0.06199751472643873
Hum_XLOC_052968,HAP1,0.07382204745946083
Hum_XLOC_053012,HAP1,0.03669854386122339
Hum_XLOC_053021,HAP1,0.05888702700820985
Hum_XLOC_053038,HAP1,0.0689700605297279
Hum_XLOC_053039,HAP1,0.05709033000680703
Hum_XLOC_053051,HAP1,0.0626478921052233
Hum_XLOC_053066,HAP1,0.06791893243506023
Hum_XLOC_053115,HAP1,0.04824248797469242
Hum_XLOC_053119,HAP1,0.04189794281040433
Hum_XLOC_053130,HAP1,0.04592078253956868
Hum_XLOC_053144,HAP1,0.07055098863555
Hum_XLOC_053177,HAP1,0.07983556292009686
Hum_XLOC_053185,HAP1,0.06290167159458368
Hum_XLOC_053205,HAP1,0.03956822804610019
Hum_XLOC_053219,HAP1,0.04285981895861593
Hum_XLOC_053234,HAP1,0.04806432633715593
Hum_XLOC_053241,HAP1,0.041394408634779056
Hum_XLOC_053252,HAP1,0.08261141456889358
Hum_XLOC_053274,HAP1,0.0554716148060824
Hum_XLOC_053304,HAP1,0.07025859061628312
Hum_XLOC_053323,HAP1,0.052498878582998273
Hum_XLOC_053335,HAP1,0.06877618691081759
Hum_XLOC_053358,HAP1,0.04743486132302873
Hum_XLOC_053391,HAP1,0.07117238806178293
Hum_XLOC_053431,HAP1,0.03881954152926241
Hum_XLOC_053432,HAP1,0.7109057314696788
Hum_XLOC_053476,HAP1,0.0654530068247412
Hum_XLOC_053499,HAP1,0.04650124417486984
Hum_XLOC_053526,HAP1,0.08305629641045371
Hum_XLOC_053529,HAP1,0.06279539390040195
Hum_XLOC_053533,HAP1,0.07175050737875549
Hum_XLOC_053538,HAP1,0.04561174102282375
Hum_XLOC_053544,HAP1,0.08029921161614038
Hum_XLOC_053546,HAP1,0.037151481274381185
Hum_XLOC_053548,HAP1,0.05686670456570535
Hum_XLOC_053555,HAP1,0.04202282845090855
Hum_XLOC_053566,HAP1,0.039867030160952256
Hum_XLOC_053570,HAP1,0.06053670046567976
Hum_XLOC_053575,HAP1,0.07821749540090643
Hum_XLOC_053591,HAP1,0.039275832833946284
Hum_XLOC_053593,HAP1,0.061534192682977606
Hum_XLOC_053596,HAP1,0.035190297813544255
Hum_XLOC_053612,HAP1,0.050661237596722426
Hum_XLOC_053653,HAP1,0.05115144446348663
Hum_XLOC_053684,HAP1,0.049494104900543415
Hum_XLOC_053704,HAP1,0.03385785490965897
Hum_XLOC_053731,HAP1,0.05331091348841811
Hum_XLOC_053738,HAP1,0.07107680991276677
Hum_XLOC_053739,HAP1,0.07396758469700046
Hum_XLOC_053809,HAP1,0.0620022389834491
Hum_XLOC_053831,HAP1,0.0749041361433343
Hum_XLOC_053856,HAP1,0.10705312227284895
Hum_XLOC_053859,HAP1,0.06714437368951184
Hum_XLOC_053870,HAP1,0.03729469022656687
Hum_XLOC_053884,HAP1,0.06364257823936392
Hum_XLOC_053890,HAP1,0.041228467439349305
Hum_XLOC_053892,HAP1,0.04048404930876274
Hum_XLOC_053919,HAP1,0.04213229972998801
Hum_XLOC_053937,HAP1,0.042988083660857
Hum_XLOC_053961,HAP1,0.047981390088737245
Hum_XLOC_053977,HAP1,0.07400580816271103
Hum_XLOC_053997,HAP1,0.05146441658969333
Hum_XLOC_054002,HAP1,0.060928758621715075
Hum_XLOC_054005,HAP1,0.05236195882203924
Hum_XLOC_054028,HAP1,0.039491674100923996
Hum_XLOC_054065,HAP1,0.04514018291020465
Hum_XLOC_054068,HAP1,0.03816221729473783
Hum_XLOC_054101,HAP1,0.04336088392780012
Hum_XLOC_054114,HAP1,0.06701107882159929
Hum_XLOC_054115,HAP1,0.05763710543104538
Hum_XLOC_054117,HAP1,0.07546208641048983
Hum_XLOC_054123,HAP1,0.05826041439994442
Hum_XLOC_054124,HAP1,0.06531862952452697
Hum_XLOC_054133,HAP1,0.06789867259736296
Hum_XLOC_054148,HAP1,0.056965790963847886
Hum_XLOC_054166,HAP1,0.04083262599201426
Hum_XLOC_054169,HAP1,0.05251352917706548
Hum_XLOC_054180,HAP1,0.04291383437854642
Hum_XLOC_054190,HAP1,0.07720965838088886
Hum_XLOC_054221,HAP1,0.03681525842516774
Hum_XLOC_054223,HAP1,0.07841407441525669
Hum_XLOC_054225,HAP1,0.08030509949035741
Hum_XLOC_054239,HAP1,0.05320960969141096
Hum_XLOC_054266,HAP1,0.07583450054675087
Hum_XLOC_054305,HAP1,0.06048078416724914
Hum_XLOC_054319,HAP1,0.03711100237063354
Hum_XLOC_054333,HAP1,0.04051853393260547
Hum_XLOC_054359,HAP1,0.07485165698180292
Hum_XLOC_054375,HAP1,0.05067686138822007
Hum_XLOC_054455,HAP1,0.06356069454251916
Hum_XLOC_054456,HAP1,0.06641324818693181
Hum_XLOC_054471,HAP1,0.03635097313777311
Hum_XLOC_054478,HAP1,0.039486349575545227
Hum_XLOC_054513,HAP1,0.05044250146392411
Hum_XLOC_054530,HAP1,0.034756278671886506
Hum_XLOC_054532,HAP1,0.05250010651775053
Hum_XLOC_054548,HAP1,0.07929354787216708
Hum_XLOC_054550,HAP1,0.04484567421541706
Hum_XLOC_000006,K562,0.16922201642964488
Hum_XLOC_000008,K562,0.07153345676485456
Hum_XLOC_000016,K562,0.08802463662823734
Hum_XLOC_000030,K562,0.07722385613972987
Hum_XLOC_000033,K562,0.0749465983694922
Hum_XLOC_000039,K562,0.09019401437362075
Hum_XLOC_000053,K562,0.04482095931980115
Hum_XLOC_000057,K562,0.0821909990473626
Hum_XLOC_000060,K562,0.08520423865147136
Hum_XLOC_000080,K562,0.06064689281104222
Hum_XLOC_000094,K562,0.09267815152702237
Hum_XLOC_000100,K562,0.08959626038199202
Hum_XLOC_000105,K562,0.04932692303946911
Hum_XLOC_000107,K562,0.06730857796060324
Hum_XLOC_000111,K562,0.0724760379440729
Hum_XLOC_000134,K562,0.0531689840496386
Hum_XLOC_000143,K562,0.08744460096116653
Hum_XLOC_000145,K562,0.09133179345023237
Hum_XLOC_000149,K562,0.07318968882289656
Hum_XLOC_000155,K562,0.08392567172866937
Hum_XLOC_000169,K562,0.09456069908120086
Hum_XLOC_000170,K562,0.08479172625777251
Hum_XLOC_000194,K562,0.08557438771566052
Hum_XLOC_000201,K562,0.07172719540083833
Hum_XLOC_000231,K562,0.08670911092392443
Hum_XLOC_000233,K562,0.08760821804931875
Hum_XLOC_000245,K562,0.0638158416389509
Hum_XLOC_000247,K562,0.0746887556531956
Hum_XLOC_000248,K562,0.07785334797371551
Hum_XLOC_000265,K562,0.08109151483082061
Hum_XLOC_000282,K562,0.08753268127371865
Hum_XLOC_000286,K562,0.09195759476618376
Hum_XLOC_000292,K562,0.051247016323505395
Hum_XLOC_000307,K562,0.06435915421823711
Hum_XLOC_000308,K562,0.07035217594883095
Hum_XLOC_000312,K562,0.07238835766013058
Hum_XLOC_000314,K562,0.059924128738381384
Hum_XLOC_000317,K562,0.06939396513822471
Hum_XLOC_000319,K562,0.0869198609914838
Hum_XLOC_000332,K562,0.08197384925952864
Hum_XLOC_000338,K562,0.11805409557730825
Hum_XLOC_000342,K562,0.07688031082931401
Hum_XLOC_000345,K562,0.047357321807732417
Hum_XLOC_000362,K562,0.06292787058165324
Hum_XLOC_000377,K562,0.07383122600299348
Hum_XLOC_000390,K562,0.06918778567573677
Hum_XLOC_000394,K562,0.07722957430970057
Hum_XLOC_000411,K562,0.08665243722057028
Hum_XLOC_000415,K562,0.0829683192352034
Hum_XLOC_000430,K562,0.08117200510722998
Hum_XLOC_000436,K562,0.10637872247734093
Hum_XLOC_000437,K562,0.08798124429065149
Hum_XLOC_000456,K562,0.10130687156460563
Hum_XLOC_000461,K562,0.08289950391775337
Hum_XLOC_000462,K562,0.07999977472229669
Hum_XLOC_000465,K562,0.08648349414359222
Hum_XLOC_000472,K562,0.08339409678668225
Hum_XLOC_000474,K562,0.05022280087820595
Hum_XLOC_000478,K562,0.08826478810161008
Hum_XLOC_000486,K562,0.05929496081961933
Hum_XLOC_000490,K562,0.06493021995914783
Hum_XLOC_000498,K562,0.08253173725095825
Hum_XLOC_000500,K562,0.06908184825162683
Hum_XLOC_000510,K562,0.09142322746143361
Hum_XLOC_000535,K562,0.08511636528460036
Hum_XLOC_000540,K562,0.08668257675182658
Hum_XLOC_000556,K562,0.06004045589779842
Hum_XLOC_000574,K562,0.06737520413805297
Hum_XLOC_000575,K562,0.07688539896074398
Hum_XLOC_000582,K562,0.04348966456022216
Hum_XLOC_000590,K562,0.07900239330448376
Hum_XLOC_000601,K562,0.0541733425009959
Hum_XLOC_000604,K562,0.0806272786221175
Hum_XLOC_000608,K562,0.08061568650041702
Hum_XLOC_000612,K562,0.06908615497558751
Hum_XLOC_000636,K562,0.09611207059074162
Hum_XLOC_000638,K562,0.08903772212069878
Hum_XLOC_000641,K562,0.054263783163702166
Hum_XLOC_000655,K562,0.14877758277063702
Hum_XLOC_000668,K562,0.058825974617114606
Hum_XLOC_000680,K562,0.05338223195285434
Hum_XLOC_000681,K562,0.07774588072030145
Hum_XLOC_000695,K562,0.06762283976727326
Hum_XLOC_000702,K562,0.06701331303521846
Hum_XLOC_000726,K562,0.08045285839307657
Hum_XLOC_000727,K562,0.046945538496905186
Hum_XLOC_000758,K562,0.07565995353874244
Hum_XLOC_000773,K562,0.07248292656057462
Hum_XLOC_000774,K562,0.08356857688501183
Hum_XLOC_000797,K562,0.04368406995065714
Hum_XLOC_000799,K562,0.08033562317612157
Hum_XLOC_000800,K562,0.057921280722195885
Hum_XLOC_000807,K562,0.07681474011632795
Hum_XLOC_000818,K562,0.08575057996347421
Hum_XLOC_000828,K562,0.06975831378704742
Hum_XLOC_000831,K562,0.0703370179881636
Hum_XLOC_000835,K562,0.08224329728425535
Hum_XLOC_000840,K562,0.08024622519142267
Hum_XLOC_000841,K562,0.08609102271435366
Hum_XLOC_000842,K562,0.0606687254467633
Hum_XLOC_000854,K562,0.07253754686756977
Hum_XLOC_000855,K562,0.05926430066665034
Hum_XLOC_000883,K562,0.060174458583865505
Hum_XLOC_000885,K562,0.049147075966519634
Hum_XLOC_000905,K562,0.09024456342351048
Hum_XLOC_000917,K562,0.07041053964359945
Hum_XLOC_000925,K562,0.08189380778992766
Hum_XLOC_000944,K562,0.07326742836315897
Hum_XLOC_000949,K562,0.04268866317412766
Hum_XLOC_000953,K562,0.061010558835201255
Hum_XLOC_000964,K562,0.08175578059342725
Hum_XLOC_000990,K562,0.05795319796537579
Hum_XLOC_000994,K562,0.0836471625718572
Hum_XLOC_001020,K562,0.06462640511541533
Hum_XLOC_001029,K562,0.06407895052237093
Hum_XLOC_001066,K562,0.07721389014378173
Hum_XLOC_001120,K562,0.07467714671068407
Hum_XLOC_001121,K562,0.08674292917314191
Hum_XLOC_001122,K562,0.08758523469905366
Hum_XLOC_001125,K562,0.07744686713210555
Hum_XLOC_001132,K562,0.05999542259585791
Hum_XLOC_001138,K562,0.059501100790027586
Hum_XLOC_001144,K562,0.06242011826779054
Hum_XLOC_001146,K562,0.08047872586148014
Hum_XLOC_001188,K562,0.08040427323233396
Hum_XLOC_001191,K562,0.05910615978324789
Hum_XLOC_001192,K562,0.09076846123602055
Hum_XLOC_001217,K562,0.06279190408010989
Hum_XLOC_001222,K562,0.04795100168575528
Hum_XLOC_001228,K562,0.06955042824374545
Hum_XLOC_001230,K562,0.06626587127491554
Hum_XLOC_001237,K562,0.05369984307892214
Hum_XLOC_001243,K562,0.06381471647940312
Hum_XLOC_001275,K562,0.06358507089033086
Hum_XLOC_001279,K562,0.0742323673991524
Hum_XLOC_001291,K562,0.08562643561291322
Hum_XLOC_001296,K562,0.07531756888821697
Hum_XLOC_001297,K562,0.07706368700641483
Hum_XLOC_001309,K562,0.054807636771570564
Hum_XLOC_001329,K562,0.0787227033241964
Hum_XLOC_001330,K562,0.07101461112524132
Hum_XLOC_001355,K562,0.06340897934687911
Hum_XLOC_001366,K562,0.06942220419948178
Hum_XLOC_001367,K562,0.07490337015526649
Hum_XLOC_001375,K562,0.07690405824263452
Hum_XLOC_001390,K562,0.039682921324720004
Hum_XLOC_001405,K562,0.04841642221923432
Hum_XLOC_001461,K562,0.059192623359722196
Hum_XLOC_001465,K562,0.0813195449996341
Hum_XLOC_001488,K562,0.06398892456043541
Hum_XLOC_001490,K562,0.06465855633201403
Hum_XLOC_001509,K562,0.07151319318799522
Hum_XLOC_001516,K562,0.06059513913786275
Hum_XLOC_001532,K562,0.05095317991493795
Hum_XLOC_001539,K562,0.08756937740989344
Hum_XLOC_001541,K562,0.08410875379233666
Hum_XLOC_001542,K562,0.08862654551217758
Hum_XLOC_001548,K562,0.0933708343526438
Hum_XLOC_001559,K562,0.07722601473806072
Hum_XLOC_001565,K562,0.08544468473584181
Hum_XLOC_001566,K562,0.07429514310904607
Hum_XLOC_001575,K562,0.04935419325999551
Hum_XLOC_001580,K562,0.05613081294748527
Hum_XLOC_001590,K562,0.08328979300486075
Hum_XLOC_001615,K562,0.11850397539645378
Hum_XLOC_001624,K562,0.08988904845136657
Hum_XLOC_001639,K562,0.08025285390841772
Hum_XLOC_001661,K562,0.07837232289157336
Hum_XLOC_001666,K562,0.05043640312815776
Hum_XLOC_001668,K562,0.058291032333056214
Hum_XLOC_001688,K562,0.07252943249683823
Hum_XLOC_001689,K562,0.08606493818008533
Hum_XLOC_001695,K562,0.08241341484201511
Hum_XLOC_001696,K562,0.06478706051457915
Hum_XLOC_001698,K562,0.08438644622515563
Hum_XLOC_001707,K562,0.07825148187392449
Hum_XLOC_001760,K562,0.07772578995761163
Hum_XLOC_001761,K562,0.08240362768388239
Hum_XLOC_001773,K562,0.06484781208307659
Hum_XLOC_001775,K562,0.07513902679175435
Hum_XLOC_001779,K562,0.0881638153631986
Hum_XLOC_001783,K562,0.07822280814374925
Hum_XLOC_001791,K562,0.09228026056356792
Hum_XLOC_001805,K562,0.0728470932092488
Hum_XLOC_001809,K562,0.053364645650512264
Hum_XLOC_001848,K562,0.07147621228021446
Hum_XLOC_001919,K562,0.08244066761087945
Hum_XLOC_001941,K562,0.06914771713031781
Hum_XLOC_001942,K562,0.08213521955679884
Hum_XLOC_001949,K562,0.04904124159844571
Hum_XLOC_001950,K562,0.08695592896186538
Hum_XLOC_001953,K562,0.06181486068139835
Hum_XLOC_001957,K562,0.07771207074072004
Hum_XLOC_001961,K562,0.12596374471610894
Hum_XLOC_001969,K562,0.09183012506573485
Hum_XLOC_002024,K562,0.0746228822781943
Hum_XLOC_002028,K562,0.044421938168239354
Hum_XLOC_002033,K562,0.07913239216760226
Hum_XLOC_002036,K562,0.06667296967754657
Hum_XLOC_002037,K562,0.08013006565565678
Hum_XLOC_002041,K562,0.05106316505549131
Hum_XLOC_002059,K562,0.08426599119281522
Hum_XLOC_002061,K562,0.05231614140029088
Hum_XLOC_002068,K562,0.04944927288433405
Hum_XLOC_002081,K562,0.08749832075316577
Hum_XLOC_002093,K562,0.07253233873382516
Hum_XLOC_002099,K562,0.05141119075553337
Hum_XLOC_002144,K562,0.07662766423791251
Hum_XLOC_002150,K562,0.07743490558961624
Hum_XLOC_002152,K562,0.07644044395400976
Hum_XLOC_002154,K562,0.0695653189675455
Hum_XLOC_002169,K562,0.1241398968473841
Hum_XLOC_002170,K562,0.06410878866677557
Hum_XLOC_002176,K562,0.07633637162840676
Hum_XLOC_002178,K562,0.05534201205422731
Hum_XLOC_002186,K562,0.08003904228666633
Hum_XLOC_002204,K562,0.09129922139038553
Hum_XLOC_002205,K562,0.08004765076640646
Hum_XLOC_002219,K562,0.08144145355779792
Hum_XLOC_002244,K562,0.07697663656421344
Hum_XLOC_002252,K562,0.07744828075111436
Hum_XLOC_002261,K562,0.07828460314340994
Hum_XLOC_002262,K562,0.07769243220078645
Hum_XLOC_002265,K562,0.07989131848112443
Hum_XLOC_002271,K562,0.08629472216016124
Hum_XLOC_002280,K562,0.06889269075116969
Hum_XLOC_002282,K562,0.0835603485743958
Hum_XLOC_002283,K562,0.09052862642169088
Hum_XLOC_002284,K562,0.063537942834425
Hum_XLOC_002294,K562,0.08245915214657658
Hum_XLOC_002296,K562,0.0760486008663535
Hum_XLOC_002299,K562,0.06030452842081992
Hum_XLOC_002301,K562,0.059740464728441536
Hum_XLOC_002306,K562,0.07331122928902434
Hum_XLOC_002311,K562,0.08726088255956863
Hum_XLOC_002313,K562,0.07195380411065312
Hum_XLOC_002314,K562,0.09666966575385921
Hum_XLOC_002327,K562,0.0854204669531689
Hum_XLOC_002330,K562,0.07217214779022667
Hum_XLOC_002338,K562,0.07355684023980566
Hum_XLOC_002344,K562,0.04486758536897174
Hum_XLOC_002347,K562,0.0921120161426438
Hum_XLOC_002348,K562,0.08749636718765252
Hum_XLOC_002362,K562,0.04481309792123825
Hum_XLOC_002364,K562,0.08135799510166852
Hum_XLOC_002383,K562,0.04640360165670148
Hum_XLOC_002386,K562,0.08120364461495913
Hum_XLOC_002390,K562,0.08380210103450919
Hum_XLOC_002394,K562,0.08776767941888321
Hum_XLOC_002398,K562,0.07501819381260166
Hum_XLOC_002399,K562,0.06572278027632764
Hum_XLOC_002408,K562,0.05145741782513276
Hum_XLOC_002414,K562,0.07456169561150083
Hum_XLOC_002418,K562,0.06204321336330685
Hum_XLOC_002435,K562,0.07423975784770893
Hum_XLOC_002440,K562,0.07050741264931505
Hum_XLOC_002489,K562,0.06515041947009527
Hum_XLOC_002490,K562,0.07500873881777367
Hum_XLOC_002493,K562,0.06802777618022385
Hum_XLOC_002520,K562,0.08901698992492811
Hum_XLOC_002524,K562,0.04656198432766307
Hum_XLOC_002546,K562,0.0678223443727045
Hum_XLOC_002560,K562,0.06741709137554817
Hum_XLOC_002570,K562,0.05082025043820242
Hum_XLOC_002577,K562,0.06695337774072503
Hum_XLOC_002579,K562,0.08687495504368417
Hum_XLOC_002586,K562,0.04752132342536175
Hum_XLOC_002589,K562,0.08506232370931242
Hum_XLOC_002629,K562,0.07967194418483886
Hum_XLOC_002631,K562,0.07118262088876944
Hum_XLOC_002635,K562,0.04677914966785151
Hum_XLOC_002644,K562,0.0644651070157562
Hum_XLOC_002646,K562,0.07168220247018861
Hum_XLOC_002653,K562,0.07892311134265051
Hum_XLOC_002681,K562,0.04874570465736397
Hum_XLOC_002695,K562,0.07185392613911919
Hum_XLOC_002702,K562,0.05671003588607742
Hum_XLOC_002705,K562,0.07762079618848972
Hum_XLOC_002711,K562,0.07382824394068399
Hum_XLOC_002714,K562,0.06163447766559576
Hum_XLOC_002717,K562,0.07060892227820958
Hum_XLOC_002725,K562,0.051298992875092146
Hum_XLOC_002741,K562,0.08810613424079931
Hum_XLOC_002742,K562,0.08091298544186024
Hum_XLOC_002744,K562,0.048569384226662154
Hum_XLOC_002760,K562,0.053987393059194824
Hum_XLOC_002788,K562,0.08348941940406882
Hum_XLOC_002792,K562,0.0858085358420497
Hum_XLOC_002796,K562,0.0750332633359167
Hum_XLOC_002817,K562,0.07424280235284268
Hum_XLOC_002836,K562,0.17702570748685476
Hum_XLOC_002844,K562,0.08636918337148189
Hum_XLOC_002845,K562,0.08555168228927343
Hum_XLOC_002859,K562,0.07109983394078895
Hum_XLOC_002889,K562,0.09323124210457594
Hum_XLOC_002911,K562,0.08593574339723196
Hum_XLOC_002935,K562,0.08169401140098853
Hum_XLOC_002937,K562,0.0757594292336904
Hum_XLOC_002967,K562,0.06014731810856134
Hum_XLOC_002983,K562,0.0710828004651891
Hum_XLOC_002986,K562,0.07043482468292132
Hum_XLOC_002990,K562,0.0666463912435092
Hum_XLOC_003039,K562,0.0871191719557923
Hum_XLOC_003061,K562,0.07571245596104038
Hum_XLOC_003086,K562,0.09571479334002582
Hum_XLOC_003099,K562,0.05926453389460912
Hum_XLOC_003109,K562,0.08257280764866733
Hum_XLOC_003128,K562,0.09006008378403832
Hum_XLOC_003134,K562,0.07219658365699336
Hum_XLOC_003137,K562,0.06306212595973254
Hum_XLOC_003154,K562,0.0619468707616134
Hum_XLOC_003155,K562,0.06266637445446206
Hum_XLOC_003171,K562,0.06645393637493399
Hum_XLOC_003209,K562,0.06527809666165578
Hum_XLOC_003215,K562,0.10604384087486386
Hum_XLOC_003221,K562,0.0633663936978066
Hum_XLOC_003232,K562,0.08019699853888675
Hum_XLOC_003268,K562,0.07400746175899674
Hum_XLOC_003269,K562,0.07474394432966952
Hum_XLOC_003286,K562,0.0790342112730281
Hum_XLOC_003290,K562,0.0601456694436955
Hum_XLOC_003294,K562,0.06949825442653534
Hum_XLOC_003321,K562,0.08940213363528535
Hum_XLOC_003324,K562,0.08186341980699834
Hum_XLOC_003334,K562,0.050917329547879885
Hum_XLOC_003337,K562,0.06996240025141122
Hum_XLOC_003338,K562,0.06213749219725005
Hum_XLOC_003352,K562,0.08449302282849736
Hum_XLOC_003357,K562,0.08520288169791815
Hum_XLOC_003361,K562,0.08473242317548099
Hum_XLOC_003371,K562,0.05409279095730002
Hum_XLOC_003381,K562,0.04603365801641308
Hum_XLOC_003408,K562,0.0478479606054036
Hum_XLOC_003436,K562,0.05817158253218921
Hum_XLOC_003440,K562,0.045149207557011274
Hum_XLOC_003450,K562,0.08511511611610119
Hum_XLOC_003466,K562,0.06446208513067157
Hum_XLOC_003488,K562,0.07103206702115324
Hum_XLOC_003491,K562,0.07268297792284047
Hum_XLOC_003497,K562,0.04626250358836292
Hum_XLOC_003498,K562,0.06919705949723036
Hum_XLOC_003502,K562,0.0871631086678657
Hum_XLOC_003518,K562,0.0657863452506801
Hum_XLOC_003532,K562,0.08284611741653189
Hum_XLOC_003543,K562,0.04821792944445024
Hum_XLOC_003554,K562,0.11553156572849166
Hum_XLOC_003563,K562,0.06378164276331001
Hum_XLOC_003567,K562,0.07861893717065857
Hum_XLOC_003568,K562,0.08135960198322946
Hum_XLOC_003570,K562,0.06894134081583872
Hum_XLOC_003571,K562,0.08336023034572856
Hum_XLOC_003593,K562,0.08528999285896496
Hum_XLOC_003594,K562,0.05984099496588283
Hum_XLOC_003598,K562,0.06898252634128625
Hum_XLOC_003626,K562,0.0599749182491265
Hum_XLOC_003628,K562,0.06942292206015055
Hum_XLOC_003630,K562,0.08379994727312085
Hum_XLOC_003641,K562,0.07229943036423787
Hum_XLOC_003662,K562,0.08181286313594258
Hum_XLOC_003665,K562,0.08652363372007144
Hum_XLOC_003672,K562,0.0785346996218614
Hum_XLOC_003673,K562,0.06486532546179766
Hum_XLOC_003674,K562,0.08349369178719294
Hum_XLOC_003676,K562,0.09233374755145347
Hum_XLOC_003686,K562,0.05784702941891887
Hum_XLOC_003697,K562,0.05070886675698902
Hum_XLOC_003717,K562,0.058511294986127046
Hum_XLOC_003725,K562,0.059218745330545906
Hum_XLOC_003743,K562,0.05048541258992656
Hum_XLOC_003754,K562,0.08261320335468789
Hum_XLOC_003766,K562,0.08216291656051276
Hum_XLOC_003775,K562,0.06278553718611385
Hum_XLOC_003790,K562,0.0758862840786977
Hum_XLOC_003799,K562,0.08521974031715424
Hum_XLOC_003853,K562,0.04921760434142923
Hum_XLOC_003865,K562,0.06377759202915045
Hum_XLOC_003871,K562,0.04678925716361154
Hum_XLOC_003891,K562,0.06573893657797468
Hum_XLOC_003892,K562,0.08586800018143315
Hum_XLOC_003910,K562,0.06014443313755548
Hum_XLOC_003911,K562,0.06090849921522126
Hum_XLOC_003952,K562,0.08380317912072366
Hum_XLOC_003971,K562,0.08530363385549936
Hum_XLOC_003988,K562,0.08492810911896423
Hum_XLOC_004020,K562,0.04584424869827847
Hum_XLOC_004035,K562,0.07885476951669716
Hum_XLOC_004036,K562,0.1596937571958222
Hum_XLOC_004048,K562,0.04952176971087144
Hum_XLOC_004068,K562,0.06620042832862078
Hum_XLOC_004069,K562,0.05486039224697674
Hum_XLOC_004095,K562,0.06578205946233556
Hum_XLOC_004096,K562,0.061512049045844855
Hum_XLOC_004116,K562,0.09171480565072429
Hum_XLOC_004123,K562,0.046558604859057724
Hum_XLOC_004134,K562,0.08343568862415875
Hum_XLOC_004161,K562,0.05349948115411793
Hum_XLOC_004168,K562,0.08920745115753073
Hum_XLOC_004169,K562,0.050698097118101935
Hum_XLOC_004177,K562,0.0748340926747999
Hum_XLOC_004200,K562,0.08315762729027208
Hum_XLOC_004201,K562,0.07109218345298515
Hum_XLOC_004219,K562,0.07451346774824516
Hum_XLOC_004226,K562,0.09043869598248573
Hum_XLOC_004227,K562,0.0876602458910282
Hum_XLOC_004236,K562,0.07268944317076473
Hum_XLOC_004254,K562,0.9029356573716957
Hum_XLOC_004255,K562,0.050908955631769046
Hum_XLOC_004262,K562,0.10712386087227592
Hum_XLOC_004269,K562,0.05446240723320022
Hum_XLOC_004277,K562,0.053733425607987925
Hum_XLOC_004278,K562,0.08460909114954546
Hum_XLOC_004282,K562,0.08480814627776845
Hum_XLOC_004287,K562,0.08191274555054989
Hum_XLOC_004293,K562,0.0592931801134454
Hum_XLOC_004302,K562,0.059995950933689805
Hum_XLOC_004303,K562,0.04350792353473146
Hum_XLOC_004306,K562,0.05083706778203837
Hum_XLOC_004309,K562,0.09016227838313579
Hum_XLOC_004314,K562,0.09363981391020698
Hum_XLOC_004317,K562,0.058875275582835306
Hum_XLOC_004336,K562,0.08276987937627174
Hum_XLOC_004343,K562,0.08170413664274573
Hum_XLOC_004350,K562,0.08721047980106696
Hum_XLOC_004361,K562,0.05115534940899796
Hum_XLOC_004363,K562,0.07184323870004324
Hum_XLOC_004401,K562,0.07416480070356242
Hum_XLOC_004405,K562,0.07838979566226331
Hum_XLOC_004407,K562,0.06182842502383964
Hum_XLOC_004424,K562,0.07321244373754593
Hum_XLOC_004437,K562,0.0814897532977242
Hum_XLOC_004446,K562,0.05735320339433076
Hum_XLOC_004457,K562,0.09011025733819698
Hum_XLOC_004482,K562,0.07354567730462493
Hum_XLOC_004502,K562,0.04711539322367696
Hum_XLOC_004515,K562,0.09720997348517865
Hum_XLOC_004529,K562,0.0888094441663339
Hum_XLOC_004535,K562,0.07114004266706944
Hum_XLOC_004553,K562,0.07606373896253396
Hum_XLOC_004566,K562,0.06344539434814613
Hum_XLOC_004567,K562,0.07125692712723586
Hum_XLOC_004572,K562,0.1002543938401751
Hum_XLOC_004578,K562,0.0744505619905812
Hum_XLOC_004580,K562,0.06858700975917972
Hum_XLOC_004581,K562,0.08636919647196672
Hum_XLOC_004587,K562,0.059072564639588585
Hum_XLOC_004600,K562,0.09859603800691
Hum_XLOC_004601,K562,0.07471241635251649
Hum_XLOC_004607,K562,0.0921193877132648
Hum_XLOC_004617,K562,0.057136358294258754
Hum_XLOC_004619,K562,0.08966700768115018
Hum_XLOC_004620,K562,0.0738720463254488
Hum_XLOC_004632,K562,0.0793306107979021
Hum_XLOC_004636,K562,0.07198711967820229
Hum_XLOC_004652,K562,0.08207396820415623
Hum_XLOC_004653,K562,0.08263265781713461
Hum_XLOC_004657,K562,0.09268318875550197
Hum_XLOC_004661,K562,0.07381712861300146
Hum_XLOC_004683,K562,0.06042638036516283
Hum_XLOC_004684,K562,0.0833806698642667
Hum_XLOC_004688,K562,0.08966334445739696
Hum_XLOC_004689,K562,0.08112778511964211
Hum_XLOC_004705,K562,0.05125469936373746
Hum_XLOC_004717,K562,0.06471716094181398
Hum_XLOC_004718,K562,0.07837478246717348
Hum_XLOC_004733,K562,0.0855606035719223
Hum_XLOC_004741,K562,0.04789821998916011
Hum_XLOC_004762,K562,0.0923075534941214
Hum_XLOC_004771,K562,0.07288826831799751
Hum_XLOC_004777,K562,0.0953778168956469
Hum_XLOC_004788,K562,0.08338350272420283
Hum_XLOC_004791,K562,0.08627968266890386
Hum_XLOC_004795,K562,0.0711176565815092
Hum_XLOC_004803,K562,0.06339631308221222
Hum_XLOC_004805,K562,0.08101040993223232
Hum_XLOC_004813,K562,0.07810892889180304
Hum_XLOC_004815,K562,0.0852949921674436
Hum_XLOC_004822,K562,0.08365298242543137
Hum_XLOC_004823,K562,0.0809728573540729
Hum_XLOC_004827,K562,0.05743596217191492
Hum_XLOC_004837,K562,0.09004478621923993
Hum_XLOC_004839,K562,0.06961450204696139
Hum_XLOC_004855,K562,0.0634440783082838
Hum_XLOC_004874,K562,0.048562858961630005
Hum_XLOC_004875,K562,0.08419824109379365
Hum_XLOC_004878,K562,0.08261134018992779
Hum_XLOC_004884,K562,0.08913561180126384
Hum_XLOC_004911,K562,0.05164031100874383
Hum_XLOC_004915,K562,0.08893660912079696
Hum_XLOC_004927,K562,0.09055671139079191
Hum_XLOC_004929,K562,0.0785886459533374
Hum_XLOC_004936,K562,0.08407641613290383
Hum_XLOC_004957,K562,0.08475686427553909
Hum_XLOC_004960,K562,0.08083760759410238
Hum_XLOC_004965,K562,0.05681692007962785
Hum_XLOC_004979,K562,0.06102847458597249
Hum_XLOC_004983,K562,0.09163088103886538
Hum_XLOC_004993,K562,0.07605000891029777
Hum_XLOC_005006,K562,0.08383603065185104
Hum_XLOC_005009,K562,0.049572676168922095
Hum_XLOC_005027,K562,0.07982422825920008
Hum_XLOC_005039,K562,0.05275321872511737
Hum_XLOC_005052,K562,0.07464314466135859
Hum_XLOC_005064,K562,0.07221688849640029
Hum_XLOC_005067,K562,0.04852800720305499
Hum_XLOC_005075,K562,0.05084181374035961
Hum_XLOC_005083,K562,0.06033228851815925
Hum_XLOC_005116,K562,0.0783048088673009
Hum_XLOC_005120,K562,0.08400492792582538
Hum_XLOC_005131,K562,0.07233384309522094
Hum_XLOC_005138,K562,0.060434350968686476
Hum_XLOC_005173,K562,0.0776328495943075
Hum_XLOC_005212,K562,0.06894286332431646
Hum_XLOC_005219,K562,0.08097450872328141
Hum_XLOC_005230,K562,0.07890861283437592
Hum_XLOC_005272,K562,0.09476163279288506
Hum_XLOC_005279,K562,0.06721345773142921
Hum_XLOC_005283,K562,0.06389083143875239
Hum_XLOC_005284,K562,0.0891142292421015
Hum_XLOC_005296,K562,0.049173822846365504
Hum_XLOC_005317,K562,0.07782285942168522
Hum_XLOC_005324,K562,0.08137505349197019
Hum_XLOC_005329,K562,0.08804061348650868
Hum_XLOC_005338,K562,0.08530579688577271
Hum_XLOC_005352,K562,0.04590755059992236
Hum_XLOC_005372,K562,0.05374078416906046
Hum_XLOC_005394,K562,0.08990017798633695
Hum_XLOC_005402,K562,0.06475069693567356
Hum_XLOC_005409,K562,0.06217114749494711
Hum_XLOC_005458,K562,0.08271511880924615
Hum_XLOC_005474,K562,0.07462229565417988
Hum_XLOC_005490,K562,0.07345638702725327
Hum_XLOC_005499,K562,0.07557967498966336
Hum_XLOC_005502,K562,0.0803646955299443
Hum_XLOC_005513,K562,0.07951980570878861
Hum_XLOC_005516,K562,0.08080729729486621
Hum_XLOC_005526,K562,0.09052545188244511
Hum_XLOC_005529,K562,0.08200601149340048
Hum_XLOC_005531,K562,0.04845776078192056
Hum_XLOC_005541,K562,0.07985871180648998
Hum_XLOC_005571,K562,0.06399982153894015
Hum_XLOC_005573,K562,0.06496985586338622
Hum_XLOC_005610,K562,0.08700860813963794
Hum_XLOC_005619,K562,0.06069388098157957
Hum_XLOC_005624,K562,0.12861164992026602
Hum_XLOC_005627,K562,0.08291006622349689
Hum_XLOC_005631,K562,0.09032661528552142
Hum_XLOC_005648,K562,0.0807030616131477
Hum_XLOC_005656,K562,0.07124663317266124
Hum_XLOC_005658,K562,0.07641922889136063
Hum_XLOC_005659,K562,0.06956078314947081
Hum_XLOC_005666,K562,0.0676701001646515
Hum_XLOC_005667,K562,0.08204571678370887
Hum_XLOC_005668,K562,0.07341455418697372
Hum_XLOC_005675,K562,0.07202937666802589
Hum_XLOC_005685,K562,0.08026190403439104
Hum_XLOC_005690,K562,0.12420093746343314
Hum_XLOC_005695,K562,0.07399276112370462
Hum_XLOC_005708,K562,0.0816028486924762
Hum_XLOC_005749,K562,0.07580152533572561
Hum_XLOC_005768,K562,0.07338413896516112
Hum_XLOC_005793,K562,0.07386341532047994
Hum_XLOC_005803,K562,0.0724215714577578
Hum_XLOC_005812,K562,0.06627346021616558
Hum_XLOC_005834,K562,0.0524266203950542
Hum_XLOC_005846,K562,0.054164146935621646
Hum_XLOC_005851,K562,0.08083964411856182
Hum_XLOC_005856,K562,0.05935699031617356
Hum_XLOC_005857,K562,0.04772681267047069
Hum_XLOC_005870,K562,0.06333705511685371
Hum_XLOC_005873,K562,0.10506314943718748
Hum_XLOC_005882,K562,0.0854373621261253
Hum_XLOC_005906,K562,0.08141664679078871
Hum_XLOC_005913,K562,0.04515530169224424
Hum_XLOC_005916,K562,0.08785502795804459
Hum_XLOC_005918,K562,0.05037819676553104
Hum_XLOC_005926,K562,0.09664651570052055
Hum_XLOC_005940,K562,0.07851815353965981
Hum_XLOC_005958,K562,0.07075584482794739
Hum_XLOC_005959,K562,0.049614915681391106
Hum_XLOC_005962,K562,0.05546148472350114
Hum_XLOC_005981,K562,0.07602162251942357
Hum_XLOC_005989,K562,0.08146140531568428
Hum_XLOC_005995,K562,0.06315693908240205
Hum_XLOC_005997,K562,0.08585719371625256
Hum_XLOC_006029,K562,0.0852966215065229
Hum_XLOC_006040,K562,0.08269226462783541
Hum_XLOC_006051,K562,0.07193224865701756
Hum_XLOC_006053,K562,0.052020353289679404
Hum_XLOC_006054,K562,0.08221145761086511
Hum_XLOC_006070,K562,0.07900202352584221
Hum_XLOC_006073,K562,0.07791004824866243
Hum_XLOC_006076,K562,0.047793241967840835
Hum_XLOC_006081,K562,0.049756921129064345
Hum_XLOC_006082,K562,0.05036722575446052
Hum_XLOC_006108,K562,0.07388847904602555
Hum_XLOC_006110,K562,0.08984776863548441
Hum_XLOC_006111,K562,0.08469237220853851
Hum_XLOC_006119,K562,0.059170461326780235
Hum_XLOC_006126,K562,0.06945386366423618
Hum_XLOC_006131,K562,0.07959434673845395
Hum_XLOC_006134,K562,0.07190324697046259
Hum_XLOC_006136,K562,0.07649137654496045
Hum_XLOC_006144,K562,0.0735142524369512
Hum_XLOC_006174,K562,0.07727080414879323
Hum_XLOC_006175,K562,0.08869856875838714
Hum_XLOC_006177,K562,0.08286388156600011
Hum_XLOC_006190,K562,0.07886691658062783
Hum_XLOC_006217,K562,0.07383758615465474
Hum_XLOC_006231,K562,0.08338271358936239
Hum_XLOC_006258,K562,0.050091075096975954
Hum_XLOC_006259,K562,0.06129686492865863
Hum_XLOC_006264,K562,0.07527932817933629
Hum_XLOC_006267,K562,0.0581513951167081
Hum_XLOC_006269,K562,0.08867638455815033
Hum_XLOC_006274,K562,0.07663892949373909
Hum_XLOC_006278,K562,0.07672077438504775
Hum_XLOC_006280,K562,0.0814787480977259
Hum_XLOC_006306,K562,0.08640762389050202
Hum_XLOC_006315,K562,0.08641243429108432
Hum_XLOC_006316,K562,0.07452701391216972
Hum_XLOC_006318,K562,0.07331480798976724
Hum_XLOC_006320,K562,0.05994177355269996
Hum_XLOC_006323,K562,0.08530224765990162
Hum_XLOC_006335,K562,0.08439292705306885
Hum_XLOC_006343,K562,0.06553126580527849
Hum_XLOC_006346,K562,0.05274204115596528
Hum_XLOC_006355,K562,0.0594799046712867
Hum_XLOC_006368,K562,0.07713876655407995
Hum_XLOC_006369,K562,0.08044587558733449
Hum_XLOC_006370,K562,0.07747657411058922
Hum_XLOC_006380,K562,0.22101921898694898
Hum_XLOC_006403,K562,0.0910082883149522
Hum_XLOC_006422,K562,0.08047532576611663
Hum_XLOC_006427,K562,0.08510595193903729
Hum_XLOC_006434,K562,0.0718751519648123
Hum_XLOC_006445,K562,0.06403260879602024
Hum_XLOC_006455,K562,0.08368388962519571
Hum_XLOC_006475,K562,0.06597307193233747
Hum_XLOC_006482,K562,0.07926790328203401
Hum_XLOC_006486,K562,0.0458015952850982
Hum_XLOC_006491,K562,0.05430378897491962
Hum_XLOC_006497,K562,0.054374507431501524
Hum_XLOC_006509,K562,0.07838316950205285
Hum_XLOC_006516,K562,0.050379253238830204
Hum_XLOC_006518,K562,0.04656023611598402
Hum_XLOC_006536,K562,0.08408442737731155
Hum_XLOC_006539,K562,0.09200840834764827
Hum_XLOC_006545,K562,0.07673869939129882
Hum_XLOC_006547,K562,0.1289981344376658
Hum_XLOC_006559,K562,0.07911315813942925
Hum_XLOC_006565,K562,0.06084818818028509
Hum_XLOC_006570,K562,0.08152891414959368
Hum_XLOC_006606,K562,0.05294924662010485
Hum_XLOC_006609,K562,0.06745447448598518
Hum_XLOC_006612,K562,0.04893673718094012
Hum_XLOC_006625,K562,0.08214547905525219
Hum_XLOC_006626,K562,0.07955785668750977
Hum_XLOC_006631,K562,0.0708533324931068
Hum_XLOC_006637,K562,0.08765914330448732
Hum_XLOC_006709,K562,0.04810873110223096
Hum_XLOC_006725,K562,0.047923874691043304
Hum_XLOC_006730,K562,0.09999291894917255
Hum_XLOC_006738,K562,0.0674528787274925
Hum_XLOC_006743,K562,0.05088802900677131
Hum_XLOC_006744,K562,0.0652957369668695
Hum_XLOC_006756,K562,0.048982909357283846
Hum_XLOC_006799,K562,0.04454936182573212
Hum_XLOC_006817,K562,0.05087470017270926
Hum_XLOC_006822,K562,0.09534086712528746
Hum_XLOC_006823,K562,0.04938829241640261
Hum_XLOC_006830,K562,0.06891148166989261
Hum_XLOC_006853,K562,0.07567285023269324
Hum_XLOC_006865,K562,0.0863813685502561
Hum_XLOC_006879,K562,0.0850109584068178
Hum_XLOC_006881,K562,0.18348858135256724
Hum_XLOC_006898,K562,0.08222707220553513
Hum_XLOC_006908,K562,0.07046374839057168
Hum_XLOC_006922,K562,0.04543213395146909
Hum_XLOC_006931,K562,0.06559695306071582
Hum_XLOC_006946,K562,0.06086752758174447
Hum_XLOC_006957,K562,0.0848261246231529
Hum_XLOC_006963,K562,0.08047426858345888
Hum_XLOC_006985,K562,0.08476478149842918
Hum_XLOC_006989,K562,0.06281789262644587
Hum_XLOC_006992,K562,0.07868492865086318
Hum_XLOC_006998,K562,0.0732721893071186
Hum_XLOC_007004,K562,0.08018040324880957
Hum_XLOC_007031,K562,0.08008014061675488
Hum_XLOC_007036,K562,0.06983693002383978
Hum_XLOC_007039,K562,0.06168181475718548
Hum_XLOC_007054,K562,0.0485776016369896
Hum_XLOC_007056,K562,0.04900739106543606
Hum_XLOC_007057,K562,0.08162777497320048
Hum_XLOC_007065,K562,0.08208779016713624
Hum_XLOC_007109,K562,0.05358070606275883
Hum_XLOC_007118,K562,0.07136147486503096
Hum_XLOC_007144,K562,0.07942455967159778
Hum_XLOC_007162,K562,0.07725820566626945
Hum_XLOC_007165,K562,0.08256117880138181
Hum_XLOC_007167,K562,0.08064488521153626
Hum_XLOC_007170,K562,0.08057454107647621
Hum_XLOC_007171,K562,0.07876763725880047
Hum_XLOC_007193,K562,0.0497561471140608
Hum_XLOC_007197,K562,0.08150920256074598
Hum_XLOC_007198,K562,0.07269481262792243
Hum_XLOC_007199,K562,0.08057128961350073
Hum_XLOC_007203,K562,0.0754073342129
Hum_XLOC_007215,K562,0.057028347575660554
Hum_XLOC_007232,K562,0.08262269468174321
Hum_XLOC_007249,K562,0.0821888906749618
Hum_XLOC_007250,K562,0.07473474309209154
Hum_XLOC_007252,K562,0.08213280341324014
Hum_XLOC_007277,K562,0.08589368893887833
Hum_XLOC_007284,K562,0.08061914920830808
Hum_XLOC_007287,K562,0.054420280997771645
Hum_XLOC_007327,K562,0.07443692500125611
Hum_XLOC_007345,K562,0.09060944161105175
Hum_XLOC_007347,K562,0.08933387994074192
Hum_XLOC_007349,K562,0.053868258492267
Hum_XLOC_007355,K562,0.07644628267757124
Hum_XLOC_007356,K562,0.08192245077481627
Hum_XLOC_007362,K562,0.04782606389135659
Hum_XLOC_007407,K562,0.08623120638771796
Hum_XLOC_007408,K562,0.08141353808376153
Hum_XLOC_007419,K562,0.05281513785646112
Hum_XLOC_007442,K562,0.08172806836919713
Hum_XLOC_007443,K562,0.09348713896728313
Hum_XLOC_007452,K562,0.08338891605400715
Hum_XLOC_007464,K562,0.06263602775381819
Hum_XLOC_007468,K562,0.12013133950541238
Hum_XLOC_007485,K562,0.06575740042498865
Hum_XLOC_007496,K562,0.0897241242355882
Hum_XLOC_007500,K562,0.08087831747926293
Hum_XLOC_007512,K562,0.0848851614528866
Hum_XLOC_007516,K562,0.06250117525698501
Hum_XLOC_007526,K562,0.047856947287704836
Hum_XLOC_007532,K562,0.08227818877430106
Hum_XLOC_007544,K562,0.04975802052831999
Hum_XLOC_007556,K562,0.07813704854724522
Hum_XLOC_007560,K562,0.08334425639219514
Hum_XLOC_007564,K562,0.05599292337832583
Hum_XLOC_007572,K562,0.08212155951541514
Hum_XLOC_007581,K562,0.06790639715903937
Hum_XLOC_007583,K562,0.07629612711715388
Hum_XLOC_007586,K562,0.06054648167926746
Hum_XLOC_007588,K562,0.05609822256605137
Hum_XLOC_007589,K562,0.05617583783722024
Hum_XLOC_007599,K562,0.07152689398366169
Hum_XLOC_007608,K562,0.07483141727093862
Hum_XLOC_007610,K562,0.05055677167224586
Hum_XLOC_007611,K562,0.05194554870255729
Hum_XLOC_007612,K562,0.07711954771696712
Hum_XLOC_007619,K562,0.08657158219828584
Hum_XLOC_007625,K562,0.08223284375027255
Hum_XLOC_007643,K562,0.08317838765314313
Hum_XLOC_007657,K562,0.07208960456221054
Hum_XLOC_007678,K562,0.06833292715447382
Hum_XLOC_007682,K562,0.08063065145425925
Hum_XLOC_007702,K562,0.07967004032550647
Hum_XLOC_007703,K562,0.058134797038858634
Hum_XLOC_007709,K562,0.07039744465877612
Hum_XLOC_007722,K562,0.08670625070059325
Hum_XLOC_007731,K562,0.05955304966384042
Hum_XLOC_007742,K562,0.05715111815246566
Hum_XLOC_007770,K562,0.05026812735218886
Hum_XLOC_007778,K562,0.05175377906985242
Hum_XLOC_007802,K562,0.06926648650431239
Hum_XLOC_007806,K562,0.07603473062274266
Hum_XLOC_007830,K562,0.0907334477259295
Hum_XLOC_007843,K562,0.06829495842450509
Hum_XLOC_007844,K562,0.08052710336871272
Hum_XLOC_007846,K562,0.07840608433735634
Hum_XLOC_007847,K562,0.07177150935348194
Hum_XLOC_007848,K562,0.07946835100948904
Hum_XLOC_007855,K562,0.06850589110177599
Hum_XLOC_007859,K562,0.07738528877696775
Hum_XLOC_007866,K562,0.08527534508833894
Hum_XLOC_007880,K562,0.05898235847170361
Hum_XLOC_007882,K562,0.07698039925611179
Hum_XLOC_007893,K562,0.046537460862184035
Hum_XLOC_007899,K562,0.07789614259366022
Hum_XLOC_007915,K562,0.07808724911383
Hum_XLOC_007917,K562,0.050207598008212284
Hum_XLOC_007922,K562,0.0687821949437575
Hum_XLOC_007924,K562,0.05964953745568718
Hum_XLOC_007992,K562,0.07292853152804228
Hum_XLOC_007995,K562,0.07557839687893647
Hum_XLOC_008008,K562,0.08359521993213055
Hum_XLOC_008020,K562,0.06313034016685351
Hum_XLOC_008036,K562,0.06186936165656281
Hum_XLOC_008050,K562,0.0821228549176118
Hum_XLOC_008064,K562,0.08263905412883962
Hum_XLOC_008076,K562,0.9229347159048328
Hum_XLOC_008081,K562,0.7714322460701659
Hum_XLOC_008099,K562,0.07504446443356202
Hum_XLOC_008101,K562,0.07688599223218892
Hum_XLOC_008115,K562,0.07312561037170082
Hum_XLOC_008158,K562,0.08517213086152238
Hum_XLOC_008160,K562,0.07917746845460716
Hum_XLOC_008171,K562,0.08649951839164344
Hum_XLOC_008179,K562,0.08341331882928674
Hum_XLOC_008183,K562,0.07546181958312968
Hum_XLOC_008199,K562,0.052245220280949856
Hum_XLOC_008211,K562,0.09029016959985181
Hum_XLOC_008223,K562,0.08916161652527688
Hum_XLOC_008225,K562,0.06239712467524295
Hum_XLOC_008227,K562,0.05183115495854619
Hum_XLOC_008245,K562,0.047530678392320315
Hum_XLOC_008264,K562,0.04824428558418768
Hum_XLOC_008276,K562,0.079472269538932
Hum_XLOC_008281,K562,0.07750904651085877
Hum_XLOC_008282,K562,0.08820941960694757
Hum_XLOC_008302,K562,0.08445145408857813
Hum_XLOC_008304,K562,0.06460882309481479
Hum_XLOC_008314,K562,0.08604834638141864
Hum_XLOC_008320,K562,0.06786917886386812
Hum_XLOC_008329,K562,0.05286125927127816
Hum_XLOC_008330,K562,0.09206809062978867
Hum_XLOC_008340,K562,0.08387300233660383
Hum_XLOC_008366,K562,0.09324912866202152
Hum_XLOC_008371,K562,0.08522286815731073
Hum_XLOC_008374,K562,0.0909939714613103
Hum_XLOC_008392,K562,0.04370547318486294
Hum_XLOC_008394,K562,0.04101334745431221
Hum_XLOC_008395,K562,0.08519616969240917
Hum_XLOC_008422,K562,0.08606917162009849
Hum_XLOC_008431,K562,0.08462239495535467
Hum_XLOC_008443,K562,0.08449196628649373
Hum_XLOC_008462,K562,0.06947199109147736
Hum_XLOC_008469,K562,0.07395680698996326
Hum_XLOC_008516,K562,0.07083348381262167
Hum_XLOC_008524,K562,0.06074823111388949
Hum_XLOC_008528,K562,0.07277463815707633
Hum_XLOC_008531,K562,0.07317675025122423
Hum_XLOC_008547,K562,0.08500710344499098
Hum_XLOC_008548,K562,0.0791844372374317
Hum_XLOC_008561,K562,0.05897680611778289
Hum_XLOC_008566,K562,0.06261785367589837
Hum_XLOC_008586,K562,0.08235218234227992
Hum_XLOC_008588,K562,0.05025044353983165
Hum_XLOC_008589,K562,0.04373010721945765
Hum_XLOC_008600,K562,0.07196969181758164
Hum_XLOC_008621,K562,0.06150913928228599
Hum_XLOC_008629,K562,0.09019150501879553
Hum_XLOC_008639,K562,0.08547153965224023
Hum_XLOC_008664,K562,0.15421936384156906
Hum_XLOC_008673,K562,0.08080172740166246
Hum_XLOC_008682,K562,0.07662051859720985
Hum_XLOC_008683,K562,0.114969691256529
Hum_XLOC_008710,K562,0.07439576820125725
Hum_XLOC_008716,K562,0.06933101807785794
Hum_XLOC_008727,K562,0.07895898907267476
Hum_XLOC_008734,K562,0.07025142582376633
Hum_XLOC_008738,K562,0.08947995263715838
Hum_XLOC_008743,K562,0.06633342112607828
Hum_XLOC_008752,K562,0.044549651696325576
Hum_XLOC_008755,K562,0.07250310767022655
Hum_XLOC_008775,K562,0.08057400190353944
Hum_XLOC_008779,K562,0.05969726995893821
Hum_XLOC_008785,K562,0.09050466008977831
Hum_XLOC_008787,K562,0.08680056577150176
Hum_XLOC_008798,K562,0.0940211390732137
Hum_XLOC_008809,K562,0.08585392498014087
Hum_XLOC_008827,K562,0.08459383876751245
Hum_XLOC_008834,K562,0.05471988690024161
Hum_XLOC_008842,K562,0.06873964949440275
Hum_XLOC_008843,K562,0.07549000699995094
Hum_XLOC_008852,K562,0.06333066521267988
Hum_XLOC_008854,K562,0.0718407506876673
Hum_XLOC_008855,K562,0.07061793113077738
Hum_XLOC_008861,K562,0.08641922088634124
Hum_XLOC_008869,K562,0.06944195892219332
Hum_XLOC_008885,K562,0.08639746456157589
Hum_XLOC_008918,K562,0.050465454417924695
Hum_XLOC_008924,K562,0.07241419915241201
Hum_XLOC_008933,K562,0.07556554992473924
Hum_XLOC_008942,K562,0.0536306317494262
Hum_XLOC_008956,K562,0.05905927230621236
Hum_XLOC_008969,K562,0.07453204058007828
Hum_XLOC_008981,K562,0.16943520851277744
Hum_XLOC_008982,K562,0.07668924090753762
Hum_XLOC_008997,K562,0.08048398875357335
Hum_XLOC_008998,K562,0.08043955468537087
Hum_XLOC_009029,K562,0.08269497424303685
Hum_XLOC_009036,K562,0.05855812864464063
Hum_XLOC_009056,K562,0.07505084916542834
Hum_XLOC_009070,K562,0.05814252378888107
Hum_XLOC_009083,K562,0.07238863775644402
Hum_XLOC_009103,K562,0.07292705631668897
Hum_XLOC_009104,K562,0.07227102170107053
Hum_XLOC_009106,K562,0.0809689141294716
Hum_XLOC_009112,K562,0.058410369908974316
Hum_XLOC_009116,K562,0.08207266041271986
Hum_XLOC_009117,K562,0.07108051681867741
Hum_XLOC_009134,K562,0.05038788112098129
Hum_XLOC_009138,K562,0.08117582050910821
Hum_XLOC_009143,K562,0.06740279985603258
Hum_XLOC_009152,K562,0.0566119539492603
Hum_XLOC_009154,K562,0.04596261875766733
Hum_XLOC_009172,K562,0.08061846331650141
Hum_XLOC_009192,K562,0.082807766544785
Hum_XLOC_009198,K562,0.08032718996359148
Hum_XLOC_009204,K562,0.06165827070717905
Hum_XLOC_009212,K562,0.08004476343845855
Hum_XLOC_009219,K562,0.082909937726526
Hum_XLOC_009221,K562,0.07536074406606752
Hum_XLOC_009223,K562,0.06525241819692844
Hum_XLOC_009241,K562,0.06740046919050723
Hum_XLOC_009248,K562,0.0637812246220346
Hum_XLOC_009255,K562,0.08145788523218016
Hum_XLOC_009296,K562,0.08089955718478474
Hum_XLOC_009299,K562,0.3931978134504112
Hum_XLOC_009322,K562,0.08663770565610496
Hum_XLOC_009336,K562,0.07741826962101836
Hum_XLOC_009343,K562,0.05353024571851524
Hum_XLOC_009353,K562,0.0850796267556618
Hum_XLOC_009372,K562,0.33901020476774
Hum_XLOC_009393,K562,0.049500976173932495
Hum_XLOC_009399,K562,0.0737371971919048
Hum_XLOC_009422,K562,0.08722566066707596
Hum_XLOC_009441,K562,0.04708023708966212
Hum_XLOC_009451,K562,0.0763816841399505
Hum_XLOC_009456,K562,0.0711943486876256
Hum_XLOC_009459,K562,0.07492706901110306
Hum_XLOC_009472,K562,0.07508778904366115
Hum_XLOC_009473,K562,0.08543369981307923
Hum_XLOC_009504,K562,0.08260513761341602
Hum_XLOC_009509,K562,0.08597690177031658
Hum_XLOC_009512,K562,0.07243207235189555
Hum_XLOC_009523,K562,0.07667366070913237
Hum_XLOC_009524,K562,0.07076117774338889
Hum_XLOC_009529,K562,0.08134650397882434
Hum_XLOC_009532,K562,0.0824805253622343
Hum_XLOC_009533,K562,0.07136094182642475
Hum_XLOC_009563,K562,0.05357207783274945
Hum_XLOC_009564,K562,0.06041535829791484
Hum_XLOC_009594,K562,0.08112786346550444
Hum_XLOC_009600,K562,0.0512524603178072
Hum_XLOC_009601,K562,0.04872442083858935
Hum_XLOC_009603,K562,0.0706725858261215
Hum_XLOC_009605,K562,0.11549571325794333
Hum_XLOC_009607,K562,0.08219469162086304
Hum_XLOC_009612,K562,0.08412988248313653
Hum_XLOC_009613,K562,0.08709258674121957
Hum_XLOC_009633,K562,0.05137889954907772
Hum_XLOC_009642,K562,0.08437583694549056
Hum_XLOC_009655,K562,0.07235780662433601
Hum_XLOC_009678,K562,0.08105225128882176
Hum_XLOC_009682,K562,0.04983169094060709
Hum_XLOC_009697,K562,0.051944952471902055
Hum_XLOC_009706,K562,0.07995663789062903
Hum_XLOC_009720,K562,0.07608407020743031
Hum_XLOC_009729,K562,0.05057725163532217
Hum_XLOC_009732,K562,0.08248170620598068
Hum_XLOC_009758,K562,0.04748717582530024
Hum_XLOC_009774,K562,0.06816128473342953
Hum_XLOC_009777,K562,0.043130237739580544
Hum_XLOC_009791,K562,0.0694926345900765
Hum_XLOC_009793,K562,0.07912965768208165
Hum_XLOC_009804,K562,0.0633229711006846
Hum_XLOC_009810,K562,0.060419075180707146
Hum_XLOC_009811,K562,0.07514554433407014
Hum_XLOC_009831,K562,0.0753839747173968
Hum_XLOC_009832,K562,0.050780468686098194
Hum_XLOC_009851,K562,0.0668483134990664
Hum_XLOC_009855,K562,0.04966449077949967
Hum_XLOC_009858,K562,0.0737422077435079
Hum_XLOC_009859,K562,0.08379228350444384
Hum_XLOC_009884,K562,0.06516338872006794
Hum_XLOC_009887,K562,0.08320762299598838
Hum_XLOC_009895,K562,0.0879709700219792
Hum_XLOC_009901,K562,0.08970756240480723
Hum_XLOC_009911,K562,0.08449673788634376
Hum_XLOC_009922,K562,0.05602076671839831
Hum_XLOC_009924,K562,0.08874502670256791
Hum_XLOC_009932,K562,0.0733093363883024
Hum_XLOC_009936,K562,0.073061472301946
Hum_XLOC_009947,K562,0.06030599606560141
Hum_XLOC_009963,K562,0.08180738354453526
Hum_XLOC_009980,K562,0.08045514547324423
Hum_XLOC_009995,K562,0.08562633398441566
Hum_XLOC_010016,K562,0.08751759629770148
Hum_XLOC_010035,K562,0.08046756435516052
Hum_XLOC_010045,K562,0.0496231444301455
Hum_XLOC_010058,K562,0.08101230462888379
Hum_XLOC_010067,K562,0.04682130165432119
Hum_XLOC_010070,K562,0.08387117645000314
Hum_XLOC_010077,K562,0.048536870231075634
Hum_XLOC_010102,K562,0.050631827430552286
Hum_XLOC_010114,K562,0.08136419336508033
Hum_XLOC_010122,K562,0.07196216770537484
Hum_XLOC_010143,K562,0.06351134058869479
Hum_XLOC_010153,K562,0.06284369008210842
Hum_XLOC_010179,K562,0.0692753873216104
Hum_XLOC_010182,K562,0.04561867003386035
Hum_XLOC_010191,K562,0.07657021915289919
Hum_XLOC_010192,K562,0.08587168288382366
Hum_XLOC_010213,K562,0.06326338757412786
Hum_XLOC_010234,K562,0.07846802916124208
Hum_XLOC_010235,K562,0.08168832530837017
Hum_XLOC_010242,K562,0.08540294794510647
Hum_XLOC_010243,K562,0.0832799797408359
Hum_XLOC_010244,K562,0.07625696103672323
Hum_XLOC_010248,K562,0.07663416034734982
Hum_XLOC_010252,K562,0.05218835505934539
Hum_XLOC_010267,K562,0.0795330303057561
Hum_XLOC_010268,K562,0.05615855152432739
Hum_XLOC_010276,K562,0.05325496084529778
Hum_XLOC_010277,K562,0.08386485245675834
Hum_XLOC_010280,K562,0.08025116652266177
Hum_XLOC_010284,K562,0.08303350265780576
Hum_XLOC_010294,K562,0.08330232907679706
Hum_XLOC_010303,K562,0.08875561920273106
Hum_XLOC_010304,K562,0.05346687113232852
Hum_XLOC_010306,K562,0.053625250782040584
Hum_XLOC_010307,K562,0.08718035667617222
Hum_XLOC_010314,K562,0.06473495405309365
Hum_XLOC_010319,K562,0.08367020746742831
Hum_XLOC_010320,K562,0.06478015723724238
Hum_XLOC_010321,K562,0.08202381699366311
Hum_XLOC_010341,K562,0.07959717817685627
Hum_XLOC_010367,K562,0.08250639708313945
Hum_XLOC_010384,K562,0.07927133023305719
Hum_XLOC_010388,K562,0.05649617435526523
Hum_XLOC_010425,K562,0.071856928982159
Hum_XLOC_010430,K562,0.04813244775701852
Hum_XLOC_010432,K562,0.08210351507083966
Hum_XLOC_010449,K562,0.08276209023940836
Hum_XLOC_010453,K562,0.08387017696360624
Hum_XLOC_010464,K562,0.07698767679265996
Hum_XLOC_010466,K562,0.07876200955272018
Hum_XLOC_010469,K562,0.07887537922981346
Hum_XLOC_010473,K562,0.08078959372511016
Hum_XLOC_010496,K562,0.0655024078391983
Hum_XLOC_010521,K562,0.09225479202018964
Hum_XLOC_010524,K562,0.054891896823719054
Hum_XLOC_010525,K562,0.08515496213033406
Hum_XLOC_010528,K562,0.06148063265017281
Hum_XLOC_010529,K562,0.09144364151198542
Hum_XLOC_010548,K562,0.08769259527234866
Hum_XLOC_010558,K562,0.0748528465826513
Hum_XLOC_010569,K562,0.08389907609102479
Hum_XLOC_010572,K562,0.07307688004321569
Hum_XLOC_010579,K562,0.0467544284960428
Hum_XLOC_010589,K562,0.08697213710690815
Hum_XLOC_010597,K562,0.05156876868788245
Hum_XLOC_010651,K562,0.07973305690657857
Hum_XLOC_010655,K562,0.06476846623603215
Hum_XLOC_010661,K562,0.06999541042591778
Hum_XLOC_010668,K562,0.0725365536849189
Hum_XLOC_010677,K562,0.08542694122199852
Hum_XLOC_010696,K562,0.06587339768817407
Hum_XLOC_010700,K562,0.08720277893309117
Hum_XLOC_010706,K562,0.09381083686736863
Hum_XLOC_010707,K562,0.10998056432000916
Hum_XLOC_010719,K562,0.05576179739398435
Hum_XLOC_010721,K562,0.08253796953834938
Hum_XLOC_010739,K562,0.06329361822411138
Hum_XLOC_010758,K562,0.12704034080635626
Hum_XLOC_010768,K562,0.048495849686128724
Hum_XLOC_010782,K562,0.07862062291724857
Hum_XLOC_010805,K562,0.08370255741534505
Hum_XLOC_010813,K562,0.04841654349439504
Hum_XLOC_010821,K562,0.08957414371344699
Hum_XLOC_010822,K562,0.08333993660783323
Hum_XLOC_010823,K562,0.07419246319264161
Hum_XLOC_010838,K562,0.08485193493449159
Hum_XLOC_010855,K562,0.0809507731523614
Hum_XLOC_010866,K562,0.05944734664892416
Hum_XLOC_010868,K562,0.08041358273266877
Hum_XLOC_010875,K562,0.08521589855765596
Hum_XLOC_010877,K562,0.0885465529808443
Hum_XLOC_010880,K562,0.0495174051185939
Hum_XLOC_010882,K562,0.047627373623850416
Hum_XLOC_010887,K562,0.07702145067762614
Hum_XLOC_010899,K562,0.0750267061595773
Hum_XLOC_010912,K562,0.05111974222092083
Hum_XLOC_010922,K562,0.07165705936570385
Hum_XLOC_010933,K562,0.042517760389602144
Hum_XLOC_010938,K562,0.06014186086502822
Hum_XLOC_010948,K562,0.0721124537917524
Hum_XLOC_010952,K562,0.052805808216258424
Hum_XLOC_010955,K562,0.08486067371195255
Hum_XLOC_010958,K562,0.06435471118296329
Hum_XLOC_010971,K562,0.06656847546241482
Hum_XLOC_010982,K562,0.101631421774182
Hum_XLOC_010985,K562,0.08320173282618126
Hum_XLOC_010988,K562,0.06889072274757368
Hum_XLOC_010993,K562,0.06253008367373553
Hum_XLOC_011008,K562,0.08928007325993867
Hum_XLOC_011010,K562,0.050134378220264356
Hum_XLOC_011023,K562,0.08556406850492078
Hum_XLOC_011034,K562,0.08442270422194331
Hum_XLOC_011041,K562,0.06737649570315309
Hum_XLOC_011043,K562,0.0650699280023075
Hum_XLOC_011049,K562,0.054695178233194926
Hum_XLOC_011063,K562,0.047825589073154734
Hum_XLOC_011067,K562,0.08455989003435148
Hum_XLOC_011073,K562,0.04196076708053585
Hum_XLOC_011088,K562,0.07034271519013181
Hum_XLOC_011121,K562,0.06376495039196549
Hum_XLOC_011127,K562,0.048080647231270916
Hum_XLOC_011130,K562,0.08073484496044263
Hum_XLOC_011136,K562,0.0525222503707683
Hum_XLOC_011142,K562,0.08602752326114273
Hum_XLOC_011159,K562,0.06344369875036143
Hum_XLOC_011172,K562,0.07552814306771229
Hum_XLOC_011175,K562,0.07515400041696406
Hum_XLOC_011182,K562,0.07878996824238595
Hum_XLOC_011183,K562,0.07146132289713268
Hum_XLOC_011218,K562,0.06296733578510227
Hum_XLOC_011224,K562,0.0856760443907185
Hum_XLOC_011225,K562,0.06915860141787088
Hum_XLOC_011229,K562,0.0891469123263087
Hum_XLOC_011233,K562,0.08714405163982548
Hum_XLOC_011234,K562,0.06896393191520785
Hum_XLOC_011262,K562,0.051667455328210855
Hum_XLOC_011264,K562,0.06890187196655202
Hum_XLOC_011281,K562,0.08470670365076667
Hum_XLOC_011305,K562,0.0767352155903253
Hum_XLOC_011307,K562,0.07167730817088924
Hum_XLOC_011338,K562,0.09528894165247645
Hum_XLOC_011343,K562,0.09155516185379386
Hum_XLOC_011361,K562,0.0653781686370435
Hum_XLOC_011365,K562,0.08452930840391881
Hum_XLOC_011396,K562,0.08594911565771735
Hum_XLOC_011397,K562,0.07405164871042842
Hum_XLOC_011409,K562,0.0809908540012722
Hum_XLOC_011411,K562,0.07716761233283409
Hum_XLOC_011420,K562,0.07868976300219396
Hum_XLOC_011422,K562,0.06252985490966835
Hum_XLOC_011423,K562,0.05640727756485621
Hum_XLOC_011425,K562,0.0809910986972133
Hum_XLOC_011426,K562,0.08761749016678615
Hum_XLOC_011427,K562,0.050216619700142684
Hum_XLOC_011429,K562,0.07143549989542586
Hum_XLOC_011435,K562,0.06785774255587794
Hum_XLOC_011440,K562,0.10875601976986538
Hum_XLOC_011443,K562,0.06637373190029706
Hum_XLOC_011445,K562,0.06638000652475237
Hum_XLOC_011448,K562,0.07164316790197467
Hum_XLOC_011453,K562,0.09692180712887907
Hum_XLOC_011484,K562,0.08145106123312587
Hum_XLOC_011485,K562,0.07572540710892656
Hum_XLOC_011498,K562,0.05154591616337059
Hum_XLOC_011510,K562,0.08572870752211062
Hum_XLOC_011524,K562,0.05001864174415773
Hum_XLOC_011538,K562,0.049859590404147516
Hum_XLOC_011540,K562,0.08517087865966483
Hum_XLOC_011546,K562,0.08148210317911139
Hum_XLOC_011553,K562,0.05304857054182563
Hum_XLOC_011565,K562,0.08270420872751641
Hum_XLOC_011579,K562,0.059326911144478606
Hum_XLOC_011580,K562,0.08982097789800929
Hum_XLOC_011582,K562,0.07733410966040084
Hum_XLOC_011587,K562,0.08388058374073075
Hum_XLOC_011590,K562,0.0606551743241632
Hum_XLOC_011594,K562,0.0733996168261099
Hum_XLOC_011611,K562,0.04831650206560563
Hum_XLOC_011619,K562,0.0645129120566815
Hum_XLOC_011622,K562,0.08024498090558005
Hum_XLOC_011641,K562,0.04901643310572161
Hum_XLOC_011649,K562,0.07226517476913479
Hum_XLOC_011666,K562,0.08123876063961433
Hum_XLOC_011674,K562,0.06345598083757098
Hum_XLOC_011680,K562,0.06665388525216591
Hum_XLOC_011704,K562,0.06243915823709123
Hum_XLOC_011764,K562,0.07128560766063503
Hum_XLOC_011769,K562,0.0821523589862241
Hum_XLOC_011786,K562,0.0847323669165068
Hum_XLOC_011793,K562,0.050843383055661
Hum_XLOC_011806,K562,0.09030920525761431
Hum_XLOC_011823,K562,0.08267297302099069
Hum_XLOC_011828,K562,0.05638356647273421
Hum_XLOC_011831,K562,0.09508744881371127
Hum_XLOC_011850,K562,0.08556174662432744
Hum_XLOC_011856,K562,0.07483805661684775
Hum_XLOC_011888,K562,0.07974764436764856
Hum_XLOC_011917,K562,0.08548330882049335
Hum_XLOC_011919,K562,0.09092152909192311
Hum_XLOC_011926,K562,0.08808759200616928
Hum_XLOC_011973,K562,0.05843511774758756
Hum_XLOC_011980,K562,0.055749653699097484
Hum_XLOC_011988,K562,0.08422086039660064
Hum_XLOC_012005,K562,0.08690074931137798
Hum_XLOC_012017,K562,0.06876537924701616
Hum_XLOC_012022,K562,0.08246548461517214
Hum_XLOC_012024,K562,0.08364827863527022
Hum_XLOC_012025,K562,0.07375683242182346
Hum_XLOC_012027,K562,0.06032846312216087
Hum_XLOC_012060,K562,0.08716880962158877
Hum_XLOC_012071,K562,0.07605879330404385
Hum_XLOC_012073,K562,0.08090736350206396
Hum_XLOC_012076,K562,0.07468621630490616
Hum_XLOC_012093,K562,0.0674300665080986
Hum_XLOC_012112,K562,0.08672555436483669
Hum_XLOC_012115,K562,0.06228227969045383
Hum_XLOC_012146,K562,0.090327309586712
Hum_XLOC_012154,K562,0.07689614051664936
Hum_XLOC_012159,K562,0.06650752093978274
Hum_XLOC_012165,K562,0.058779807467730524
Hum_XLOC_012197,K562,0.08302167809504585
Hum_XLOC_012203,K562,0.06118530060482949
Hum_XLOC_012233,K562,0.06430981144668367
Hum_XLOC_012248,K562,0.0541765498152798
Hum_XLOC_012249,K562,0.08757132620602509
Hum_XLOC_012261,K562,0.08694525913952705
Hum_XLOC_012262,K562,0.08619675870451911
Hum_XLOC_012280,K562,0.06633523378752305
Hum_XLOC_012286,K562,0.08200320916017817
Hum_XLOC_012293,K562,0.06894125435799754
Hum_XLOC_012326,K562,0.04938245859513239
Hum_XLOC_012339,K562,0.08240479123837217
Hum_XLOC_012347,K562,0.07663631196472534
Hum_XLOC_012352,K562,0.08869415206992938
Hum_XLOC_012409,K562,0.07720656150400113
Hum_XLOC_012414,K562,0.08171954433021007
Hum_XLOC_012418,K562,0.06467156293314291
Hum_XLOC_012439,K562,0.04773916243919096
Hum_XLOC_012452,K562,0.07759492042343957
Hum_XLOC_012461,K562,0.05955348396369954
Hum_XLOC_012479,K562,0.0706442699562502
Hum_XLOC_012500,K562,0.09248602781106625
Hum_XLOC_012508,K562,0.08051438959824149
Hum_XLOC_012532,K562,0.09681172449403104
Hum_XLOC_012537,K562,0.08369273343098796
Hum_XLOC_012538,K562,0.06071029983345734
Hum_XLOC_012559,K562,0.07969449064254304
Hum_XLOC_012565,K562,0.06942687059936586
Hum_XLOC_012566,K562,0.08696772899864116
Hum_XLOC_012590,K562,0.0531932934394136
Hum_XLOC_012603,K562,0.09921192983725745
Hum_XLOC_012606,K562,0.09569243361760295
Hum_XLOC_012613,K562,0.06788692364789874
Hum_XLOC_012626,K562,0.09765711937751276
Hum_XLOC_012638,K562,0.05350472863626675
Hum_XLOC_012643,K562,0.07322786449295457
Hum_XLOC_012662,K562,0.0724835577885942
Hum_XLOC_012670,K562,0.0657029456767563
Hum_XLOC_012675,K562,0.0848542858580194
Hum_XLOC_012676,K562,0.07729968392351355
Hum_XLOC_012677,K562,0.08521102230392971
Hum_XLOC_012679,K562,0.08546527411513971
Hum_XLOC_012680,K562,0.08121788866255707
Hum_XLOC_012694,K562,0.06474420034173586
Hum_XLOC_012700,K562,0.05563700048665214
Hum_XLOC_012704,K562,0.06564316765698452
Hum_XLOC_012706,K562,0.08510419634293481
Hum_XLOC_012707,K562,0.060988810785983144
Hum_XLOC_012715,K562,0.05358497833662324
Hum_XLOC_012729,K562,0.06425899025462588
Hum_XLOC_012730,K562,0.051220742546813317
Hum_XLOC_012767,K562,0.06304509287986361
Hum_XLOC_012770,K562,0.07252036655038159
Hum_XLOC_012771,K562,0.06881546421540263
Hum_XLOC_012785,K562,0.06282638323388642
Hum_XLOC_012786,K562,0.07233561959808972
Hum_XLOC_012789,K562,0.08257231419813085
Hum_XLOC_012791,K562,0.07670246232679036
Hum_XLOC_012794,K562,0.0674249979935191
Hum_XLOC_012800,K562,0.08555885769886014
Hum_XLOC_012803,K562,0.08315762069195455
Hum_XLOC_012806,K562,0.08244350621403021
Hum_XLOC_012807,K562,0.08513909771562088
Hum_XLOC_012821,K562,0.08897861526516321
Hum_XLOC_012857,K562,0.08526752260334214
Hum_XLOC_012864,K562,0.08530944054482563
Hum_XLOC_012866,K562,0.06164019263271939
Hum_XLOC_012874,K562,0.05833972085819355
Hum_XLOC_012888,K562,0.061551809501089134
Hum_XLOC_012889,K562,0.08351454986713837
Hum_XLOC_012901,K562,0.08270942684132508
Hum_XLOC_012916,K562,0.07938022099162517
Hum_XLOC_012924,K562,0.050913050523637954
Hum_XLOC_012928,K562,0.05127875164910219
Hum_XLOC_012932,K562,0.04735376572604917
Hum_XLOC_012936,K562,0.06414796519112499
Hum_XLOC_012940,K562,0.06746728658585818
Hum_XLOC_012941,K562,0.07271741589426377
Hum_XLOC_012953,K562,0.04636903027349126
Hum_XLOC_012993,K562,0.07523348948596718
Hum_XLOC_013009,K562,0.0867606518626899
Hum_XLOC_013018,K562,0.08412428134318849
Hum_XLOC_013041,K562,0.06344658009146936
Hum_XLOC_013042,K562,0.08855159682061131
Hum_XLOC_013046,K562,0.07606496822432923
Hum_XLOC_013050,K562,0.07515885368748894
Hum_XLOC_013052,K562,0.046656538982549886
Hum_XLOC_013054,K562,0.08338204918629538
Hum_XLOC_013060,K562,0.09273154345537746
Hum_XLOC_013078,K562,0.04498080886786936
Hum_XLOC_013087,K562,0.05888334293838944
Hum_XLOC_013099,K562,0.07565179609814421
Hum_XLOC_013110,K562,0.06547065213965828
Hum_XLOC_013115,K562,0.07195761228959514
Hum_XLOC_013120,K562,0.0796188478229656
Hum_XLOC_013123,K562,0.08324094070737756
Hum_XLOC_013125,K562,0.08377180025554862
Hum_XLOC_013129,K562,0.050715922148731295
Hum_XLOC_013138,K562,0.046043746648226185
Hum_XLOC_013139,K562,0.06723750813194211
Hum_XLOC_013143,K562,0.0694628581719129
Hum_XLOC_013147,K562,0.08924657811854045
Hum_XLOC_013164,K562,0.05290088504431469
Hum_XLOC_013166,K562,0.07407375308862596
Hum_XLOC_013196,K562,0.06898443965717029
Hum_XLOC_013199,K562,0.06680483607164914
Hum_XLOC_013200,K562,0.0790732718894258
Hum_XLOC_013221,K562,0.06677134890906442
Hum_XLOC_013223,K562,0.08093381457673267
Hum_XLOC_013224,K562,0.07459409897989072
Hum_XLOC_013231,K562,0.04793558635472984
Hum_XLOC_013235,K562,0.07977689938593796
Hum_XLOC_013236,K562,0.08258312863487874
Hum_XLOC_013239,K562,0.07288572338404484
Hum_XLOC_013260,K562,0.045232661276773736
Hum_XLOC_013269,K562,0.06980774469525493
Hum_XLOC_013274,K562,0.05325822947639247
Hum_XLOC_013278,K562,0.04561864422499251
Hum_XLOC_013279,K562,0.0807065238259316
Hum_XLOC_013290,K562,0.08285126335090559
Hum_XLOC_013308,K562,0.04720105126054605
Hum_XLOC_013313,K562,0.08254424217116009
Hum_XLOC_013317,K562,0.08322146917885304
Hum_XLOC_013320,K562,0.04914557336338091
Hum_XLOC_013335,K562,0.052117867781744064
Hum_XLOC_013337,K562,0.06810524036341196
Hum_XLOC_013345,K562,0.08788154869921776
Hum_XLOC_013346,K562,0.059159405625627826
Hum_XLOC_013348,K562,0.08129733781768189
Hum_XLOC_013349,K562,0.04939687062852689
Hum_XLOC_013350,K562,0.05673745848023955
Hum_XLOC_013356,K562,0.07988645994957946
Hum_XLOC_013359,K562,0.05721525078529665
Hum_XLOC_013414,K562,0.062234195753188865
Hum_XLOC_013426,K562,0.5952411155082182
Hum_XLOC_013432,K562,0.08421785663475613
Hum_XLOC_013441,K562,0.08984842595879956
Hum_XLOC_013463,K562,0.07707151497275888
Hum_XLOC_013471,K562,0.0742333927569724
Hum_XLOC_013486,K562,0.08597579974517955
Hum_XLOC_013496,K562,0.07122491776656804
Hum_XLOC_013498,K562,0.050207896135515434
Hum_XLOC_013506,K562,0.07924847598940601
Hum_XLOC_013521,K562,0.07534399232124339
Hum_XLOC_013522,K562,0.07979945133273712
Hum_XLOC_013523,K562,0.07136546841274766
Hum_XLOC_013526,K562,0.08220336839715256
Hum_XLOC_013545,K562,0.06139709767213765
Hum_XLOC_013555,K562,0.092620274939012
Hum_XLOC_013568,K562,0.05097568776048249
Hum_XLOC_013579,K562,0.05142956190121974
Hum_XLOC_013582,K562,0.07964316644250853
Hum_XLOC_013599,K562,0.08627737340131464
Hum_XLOC_013600,K562,0.08480664748581936
Hum_XLOC_013607,K562,0.06067609620658991
Hum_XLOC_013609,K562,0.07397656294839268
Hum_XLOC_013613,K562,0.06443956308392355
Hum_XLOC_013632,K562,0.0853345863926106
Hum_XLOC_013668,K562,0.07669074992953115
Hum_XLOC_013669,K562,0.07740781255526198
Hum_XLOC_013670,K562,0.0492309293935615
Hum_XLOC_013676,K562,0.06923268428422788
Hum_XLOC_013683,K562,0.054589253498691995
Hum_XLOC_013699,K562,0.06752216942139783
Hum_XLOC_013712,K562,0.08188274012196892
Hum_XLOC_013719,K562,0.0785418681930793
Hum_XLOC_013721,K562,0.04934852751073542
Hum_XLOC_013749,K562,0.07945564910624084
Hum_XLOC_013750,K562,0.0834327004014422
Hum_XLOC_013759,K562,0.05724519294160512
Hum_XLOC_013831,K562,0.11226640438304522
Hum_XLOC_013841,K562,0.06926488770059999
Hum_XLOC_013848,K562,0.04817790144678424
Hum_XLOC_013859,K562,0.08623354732089517
Hum_XLOC_013860,K562,0.07393844788414553
Hum_XLOC_013865,K562,0.07304830199088685
Hum_XLOC_013883,K562,0.08666800634039029
Hum_XLOC_013901,K562,0.0767163570643931
Hum_XLOC_013906,K562,0.08439784812274168
Hum_XLOC_013919,K562,0.0852882886426884
Hum_XLOC_013932,K562,0.07188563226022882
Hum_XLOC_013933,K562,0.08889260769551227
Hum_XLOC_013950,K562,0.07402357665158321
Hum_XLOC_013952,K562,0.06785571633332291
Hum_XLOC_013956,K562,0.07618089043761928
Hum_XLOC_013965,K562,0.06772836857152137
Hum_XLOC_013985,K562,0.05353138056670417
Hum_XLOC_013989,K562,0.0679486000873058
Hum_XLOC_014040,K562,0.060568359466281176
Hum_XLOC_014055,K562,0.087430489255121
Hum_XLOC_014058,K562,0.08629842345729616
Hum_XLOC_014067,K562,0.04782377800576336
Hum_XLOC_014073,K562,0.07010790041835631
Hum_XLOC_014080,K562,0.07294471540457893
Hum_XLOC_014092,K562,0.0784706773995291
Hum_XLOC_014094,K562,0.06533112681288702
Hum_XLOC_014101,K562,0.059329775408229854
Hum_XLOC_014105,K562,0.08147296770567489
Hum_XLOC_014106,K562,0.07358797921964383
Hum_XLOC_014107,K562,0.0762259589419595
Hum_XLOC_014115,K562,0.07250087569953698
Hum_XLOC_014121,K562,0.06396588290088251
Hum_XLOC_014126,K562,0.07187459109934659
Hum_XLOC_014135,K562,0.06345300412288322
Hum_XLOC_014136,K562,0.08414905060220486
Hum_XLOC_014155,K562,0.083332856051275
Hum_XLOC_014160,K562,0.08975920045346536
Hum_XLOC_014171,K562,0.08526829698115536
Hum_XLOC_014172,K562,0.07889246397579247
Hum_XLOC_014186,K562,0.09151459343075857
Hum_XLOC_014192,K562,0.08864027384583263
Hum_XLOC_014201,K562,0.10936810697994041
Hum_XLOC_014203,K562,0.044277651713828026
Hum_XLOC_014204,K562,0.07634913774479071
Hum_XLOC_014261,K562,0.08418638981322153
Hum_XLOC_014277,K562,0.0759212405369424
Hum_XLOC_014279,K562,0.07578706118751681
Hum_XLOC_014280,K562,0.06969413536559378
Hum_XLOC_014281,K562,0.04862094786650388
Hum_XLOC_014289,K562,0.0875684316542831
Hum_XLOC_014295,K562,0.04806403009543085
Hum_XLOC_014298,K562,0.0770142000842512
Hum_XLOC_014303,K562,0.0817879525409689
Hum_XLOC_014308,K562,0.08943395029741194
Hum_XLOC_014310,K562,0.07238391941607597
Hum_XLOC_014314,K562,0.08902340355185322
Hum_XLOC_014324,K562,0.0813937814650789
Hum_XLOC_014370,K562,0.088252989138506
Hum_XLOC_014375,K562,0.07269886426448349
Hum_XLOC_014394,K562,0.07997448024787715
Hum_XLOC_014395,K562,0.07092463481271306
Hum_XLOC_014397,K562,0.07835344401255143
Hum_XLOC_014399,K562,0.0845878589828864
Hum_XLOC_014405,K562,0.08550684865235651
Hum_XLOC_014410,K562,0.08623134664948069
Hum_XLOC_014411,K562,0.08154502625380906
Hum_XLOC_014414,K562,0.08326460745303042
Hum_XLOC_014415,K562,0.08789464737735674
Hum_XLOC_014423,K562,0.04647541368529617
Hum_XLOC_014437,K562,0.07955312309424722
Hum_XLOC_014439,K562,0.06660403097624779
Hum_XLOC_014450,K562,0.06529890003984062
Hum_XLOC_014457,K562,0.08725576596845362
Hum_XLOC_014459,K562,0.07632687405391
Hum_XLOC_014467,K562,0.053817366106381534
Hum_XLOC_014506,K562,0.06322107124842756
Hum_XLOC_014518,K562,0.0491878865059148
Hum_XLOC_014534,K562,0.0788096956952057
Hum_XLOC_014538,K562,0.06378374395957379
Hum_XLOC_014539,K562,0.07260827238464973
Hum_XLOC_014566,K562,0.06418435246852888
Hum_XLOC_014578,K562,0.04604819523869135
Hum_XLOC_014585,K562,0.08587882154023987
Hum_XLOC_014591,K562,0.06929582202674262
Hum_XLOC_014593,K562,0.08861701858769994
Hum_XLOC_014632,K562,0.08041572389974626
Hum_XLOC_014640,K562,0.05058905677347578
Hum_XLOC_014658,K562,0.06265224033058454
Hum_XLOC_014664,K562,0.06087052149317145
Hum_XLOC_014672,K562,0.06715822469440949
Hum_XLOC_014673,K562,0.06432398332947889
Hum_XLOC_014689,K562,0.08345616766758536
Hum_XLOC_014710,K562,0.06377381619785945
Hum_XLOC_014724,K562,0.0689230042062711
Hum_XLOC_014727,K562,0.04757564816466425
Hum_XLOC_014730,K562,0.053461725878379725
Hum_XLOC_014732,K562,0.06935723906123362
Hum_XLOC_014754,K562,0.07562806718629242
Hum_XLOC_014762,K562,0.0468043700769268
Hum_XLOC_014785,K562,0.05027426620758023
Hum_XLOC_014793,K562,0.06469873029935355
Hum_XLOC_014807,K562,0.06905929386911609
Hum_XLOC_014843,K562,0.04967559116051334
Hum_XLOC_014855,K562,0.07228342597551113
Hum_XLOC_014865,K562,0.060235440984852964
Hum_XLOC_014866,K562,0.08716674189269213
Hum_XLOC_014869,K562,0.07747550795326472
Hum_XLOC_014892,K562,0.08079525092257146
Hum_XLOC_014895,K562,0.08477589384163178
Hum_XLOC_014897,K562,0.07549771501068264
Hum_XLOC_014916,K562,0.07774581970635185
Hum_XLOC_014921,K562,0.07597954738760465
Hum_XLOC_014943,K562,0.06270718165136703
Hum_XLOC_014946,K562,0.06697652183746987
Hum_XLOC_014957,K562,0.058424294681601346
Hum_XLOC_014966,K562,0.08213746560347335
Hum_XLOC_014974,K562,0.07279983493186293
Hum_XLOC_014993,K562,0.09040644481931244
Hum_XLOC_014994,K562,0.07057294755948774
Hum_XLOC_014995,K562,0.08418993222566197
Hum_XLOC_014996,K562,0.08373295412290122
Hum_XLOC_015001,K562,0.09142970463709074
Hum_XLOC_015011,K562,0.07874601396220365
Hum_XLOC_015012,K562,0.06549719113771275
Hum_XLOC_015019,K562,0.08133004411796937
Hum_XLOC_015031,K562,0.0815532579987507
Hum_XLOC_015052,K562,0.048019574148562436
Hum_XLOC_015070,K562,0.08576715157623359
Hum_XLOC_015076,K562,0.08701407085747234
Hum_XLOC_015077,K562,0.08607308565801636
Hum_XLOC_015081,K562,0.07907772688037346
Hum_XLOC_015093,K562,0.08429115342002201
Hum_XLOC_015119,K562,0.04787219933093107
Hum_XLOC_015124,K562,0.06280111936591302
Hum_XLOC_015129,K562,0.09164518619752565
Hum_XLOC_015137,K562,0.07787089921815282
Hum_XLOC_015144,K562,0.06382550754183822
Hum_XLOC_015148,K562,0.07338540050831718
Hum_XLOC_015154,K562,0.08377575760381908
Hum_XLOC_015162,K562,0.05035230577770411
Hum_XLOC_015190,K562,0.07220367922479326
Hum_XLOC_015191,K562,0.06592781791208147
Hum_XLOC_015192,K562,0.04856435739789118
Hum_XLOC_015200,K562,0.07218776161868702
Hum_XLOC_015222,K562,0.06155384298436899
Hum_XLOC_015224,K562,0.08334175976798608
Hum_XLOC_015225,K562,0.05565998365700607
Hum_XLOC_015242,K562,0.08147614506204862
Hum_XLOC_015246,K562,0.07138604459566535
Hum_XLOC_015263,K562,0.08230677128923904
Hum_XLOC_015269,K562,0.07050235621933264
Hum_XLOC_015275,K562,0.08786345284392681
Hum_XLOC_015276,K562,0.08614467493968397
Hum_XLOC_015297,K562,0.0432550823398044
Hum_XLOC_015305,K562,0.08120073755771096
Hum_XLOC_015311,K562,0.08502759221464519
Hum_XLOC_015312,K562,0.079014028986688
Hum_XLOC_015313,K562,0.05823001928421138
Hum_XLOC_015318,K562,0.06414061916932351
Hum_XLOC_015341,K562,0.04697002549112979
Hum_XLOC_015345,K562,0.07720455769542875
Hum_XLOC_015347,K562,0.07931504779358536
Hum_XLOC_015348,K562,0.04931009733164704
Hum_XLOC_015358,K562,0.050053481837793914
Hum_XLOC_015369,K562,0.07320851160710448
Hum_XLOC_015377,K562,0.08318325705799617
Hum_XLOC_015379,K562,0.07077504141842107
Hum_XLOC_015384,K562,0.07160211609320055
Hum_XLOC_015391,K562,0.05716039216041896
Hum_XLOC_015394,K562,0.047388770260767106
Hum_XLOC_015405,K562,0.07029805418802096
Hum_XLOC_015406,K562,0.061337786787954006
Hum_XLOC_015410,K562,0.04895205002232765
Hum_XLOC_015416,K562,0.08086468256893617
Hum_XLOC_015428,K562,0.07467069512772806
Hum_XLOC_015449,K562,0.06716510000425908
Hum_XLOC_015464,K562,0.060077454333032264
Hum_XLOC_015488,K562,0.09009011311993197
Hum_XLOC_015495,K562,0.07185022201248528
Hum_XLOC_015496,K562,0.07374609803751757
Hum_XLOC_015503,K562,0.05637348985267369
Hum_XLOC_015512,K562,0.07356266860538249
Hum_XLOC_015525,K562,0.07827427394803689
Hum_XLOC_015532,K562,0.09255036744582537
Hum_XLOC_015533,K562,0.07037701856717905
Hum_XLOC_015536,K562,0.04666741965835659
Hum_XLOC_015541,K562,0.08954084841825745
Hum_XLOC_015545,K562,0.06852996622313019
Hum_XLOC_015550,K562,0.05390652654278157
Hum_XLOC_015571,K562,0.06459030242138426
Hum_XLOC_015572,K562,0.07373961098985818
Hum_XLOC_015573,K562,0.09377789712831616
Hum_XLOC_015591,K562,0.06432738785895536
Hum_XLOC_015616,K562,0.0838707277503828
Hum_XLOC_015632,K562,0.07312690839887577
Hum_XLOC_015670,K562,0.07122640182436923
Hum_XLOC_015671,K562,0.0780565693521986
Hum_XLOC_015672,K562,0.06488185456236345
Hum_XLOC_015683,K562,0.07791257526063265
Hum_XLOC_015693,K562,0.08998149290011426
Hum_XLOC_015707,K562,0.0862808301166314
Hum_XLOC_015711,K562,0.050495371145235626
Hum_XLOC_015718,K562,0.07624192392247545
Hum_XLOC_015731,K562,0.048589826827299676
Hum_XLOC_015744,K562,0.0855113819472984
Hum_XLOC_015762,K562,0.07631233043716273
Hum_XLOC_015779,K562,0.08099305120380941
Hum_XLOC_015784,K562,0.08019238099817487
Hum_XLOC_015788,K562,0.08868434830749279
Hum_XLOC_015806,K562,0.082151711782135
Hum_XLOC_015807,K562,0.08719372052957652
Hum_XLOC_015812,K562,0.0634471769432238
Hum_XLOC_015819,K562,0.054299792085708606
Hum_XLOC_015822,K562,0.08434232381006028
Hum_XLOC_015823,K562,0.0860502295358252
Hum_XLOC_015827,K562,0.0833252752703797
Hum_XLOC_015853,K562,0.08619724632498951
Hum_XLOC_015866,K562,0.08883524918375074
Hum_XLOC_015869,K562,0.07865261317401637
Hum_XLOC_015880,K562,0.07264346132798452
Hum_XLOC_015881,K562,0.10765867849535098
Hum_XLOC_015887,K562,0.0724724341461923
Hum_XLOC_015891,K562,0.07197797794075143
Hum_XLOC_015898,K562,0.06769156619277084
Hum_XLOC_015929,K562,0.055980097482032455
Hum_XLOC_015932,K562,0.05308686951351503
Hum_XLOC_015934,K562,0.05565050690994121
Hum_XLOC_015953,K562,0.0793813360673558
Hum_XLOC_015957,K562,0.07175537823539345
Hum_XLOC_015958,K562,0.0857245558759847
Hum_XLOC_015960,K562,0.08240288420518205
Hum_XLOC_015964,K562,0.0830848920483249
Hum_XLOC_015975,K562,0.06583146234970895
Hum_XLOC_015978,K562,0.055783357868241235
Hum_XLOC_015981,K562,0.06459737016781619
Hum_XLOC_015999,K562,0.06142999129392609
Hum_XLOC_016016,K562,0.06948241895876238
Hum_XLOC_016017,K562,0.0802166047466735
Hum_XLOC_016019,K562,0.09107674588551938
Hum_XLOC_016028,K562,0.05736834534574048
Hum_XLOC_016031,K562,0.08805890671324695
Hum_XLOC_016047,K562,0.05434306208634527
Hum_XLOC_016055,K562,0.05093898384209124
Hum_XLOC_016089,K562,0.08686007887887968
Hum_XLOC_016095,K562,0.05978762621478803
Hum_XLOC_016118,K562,0.08404331224665482
Hum_XLOC_016129,K562,0.06689547686251973
Hum_XLOC_016135,K562,0.07609938396189114
Hum_XLOC_016136,K562,0.07417265161508574
Hum_XLOC_016141,K562,0.08258171648622979
Hum_XLOC_016143,K562,0.08743451977109314
Hum_XLOC_016147,K562,0.07157780275080639
Hum_XLOC_016163,K562,0.09446481486870571
Hum_XLOC_016167,K562,0.07510369360485816
Hum_XLOC_016172,K562,0.05291149664702659
Hum_XLOC_016180,K562,0.15788292628062095
Hum_XLOC_016191,K562,0.06647970146271372
Hum_XLOC_016206,K562,0.07406208562855125
Hum_XLOC_016215,K562,0.06817034440898896
Hum_XLOC_016223,K562,0.07858820072748454
Hum_XLOC_016231,K562,0.06360966196902171
Hum_XLOC_016232,K562,0.07590516203129097
Hum_XLOC_016239,K562,0.08325455175839858
Hum_XLOC_016244,K562,0.08628835200400051
Hum_XLOC_016248,K562,0.06741261562772076
Hum_XLOC_016257,K562,0.06271029652772092
Hum_XLOC_016258,K562,0.08348496885700743
Hum_XLOC_016261,K562,0.04799657892626938
Hum_XLOC_016263,K562,0.08239539934328524
Hum_XLOC_016269,K562,0.0486461134980776
Hum_XLOC_016275,K562,0.04900409462137886
Hum_XLOC_016283,K562,0.08616721738360689
Hum_XLOC_016285,K562,0.09070039137376953
Hum_XLOC_016290,K562,0.08751129341694025
Hum_XLOC_016292,K562,0.273083893577031
Hum_XLOC_016301,K562,0.07694616983483502
Hum_XLOC_016306,K562,0.07528550957877979
Hum_XLOC_016326,K562,0.0551145448171467
Hum_XLOC_016372,K562,0.045006246276445644
Hum_XLOC_016373,K562,0.04964610057932051
Hum_XLOC_016380,K562,0.07829275672191294
Hum_XLOC_016383,K562,0.10006388897675507
Hum_XLOC_016388,K562,0.08175088848515918
Hum_XLOC_016397,K562,0.07499433733821566
Hum_XLOC_016405,K562,0.08075773187327742
Hum_XLOC_016406,K562,0.08557843731537906
Hum_XLOC_016426,K562,0.07098621102537711
Hum_XLOC_016430,K562,0.0655259199501791
Hum_XLOC_016472,K562,0.08475949203876663
Hum_XLOC_016475,K562,0.08388557938131631
Hum_XLOC_016476,K562,0.0855010094416822
Hum_XLOC_016480,K562,0.07726360516815563
Hum_XLOC_016488,K562,0.05161653626594797
Hum_XLOC_016489,K562,0.076756675027535
Hum_XLOC_016500,K562,0.08090144216793059
Hum_XLOC_016505,K562,0.062286205185539345
Hum_XLOC_016528,K562,0.06859187053291997
Hum_XLOC_016539,K562,0.08540490182088906
Hum_XLOC_016554,K562,0.08869941976986795
Hum_XLOC_016563,K562,0.09098502491718619
Hum_XLOC_016576,K562,0.07506377661143426
Hum_XLOC_016597,K562,0.082191969720711
Hum_XLOC_016601,K562,0.07852836717915192
Hum_XLOC_016617,K562,0.0456331848250616
Hum_XLOC_016623,K562,0.06280915281946753
Hum_XLOC_016667,K562,0.08720115142732557
Hum_XLOC_016674,K562,0.08140681631422655
Hum_XLOC_016677,K562,0.0808379057333911
Hum_XLOC_016678,K562,0.07697003409221596
Hum_XLOC_016679,K562,0.07996529574989214
Hum_XLOC_016683,K562,0.04729775759923642
Hum_XLOC_016692,K562,0.07520633092786819
Hum_XLOC_016703,K562,0.10973320963177129
Hum_XLOC_016705,K562,0.07035831037739729
Hum_XLOC_016724,K562,0.08799940210235506
Hum_XLOC_016725,K562,0.0651079598678214
Hum_XLOC_016726,K562,0.048891865720649325
Hum_XLOC_016727,K562,0.06174844534059054
Hum_XLOC_016748,K562,0.09150388039599353
Hum_XLOC_016753,K562,0.08122769439412597
Hum_XLOC_016755,K562,0.05905477048361248
Hum_XLOC_016770,K562,0.06834343616070221
Hum_XLOC_016780,K562,0.04894469380567254
Hum_XLOC_016781,K562,0.05286045250860106
Hum_XLOC_016797,K562,0.08023449025840482
Hum_XLOC_016808,K562,0.07452444423437345
Hum_XLOC_016812,K562,0.08707489959399385
Hum_XLOC_016814,K562,0.09976181673723786
Hum_XLOC_016815,K562,0.0814234746656898
Hum_XLOC_016816,K562,0.0522175194536655
Hum_XLOC_016836,K562,0.053105440511930654
Hum_XLOC_016842,K562,0.08700059245823724
Hum_XLOC_016843,K562,0.08547631980358575
Hum_XLOC_016846,K562,0.0479859768466769
Hum_XLOC_016857,K562,0.0692307167339518
Hum_XLOC_016865,K562,0.08380573687713752
Hum_XLOC_016874,K562,0.06383204707977627
Hum_XLOC_016887,K562,0.07420183364967722
Hum_XLOC_016899,K562,0.08298936655686674
Hum_XLOC_016921,K562,0.0898023272460185
Hum_XLOC_016928,K562,0.052252931229067434
Hum_XLOC_016930,K562,0.08783158934204251
Hum_XLOC_016931,K562,0.08176240916695832
Hum_XLOC_016938,K562,0.07962463127143868
Hum_XLOC_016940,K562,0.07279841976670141
Hum_XLOC_016953,K562,0.062365087960467046
Hum_XLOC_016981,K562,0.06436624743832109
Hum_XLOC_016994,K562,0.07000068091988466
Hum_XLOC_016998,K562,0.09005017986850772
Hum_XLOC_017006,K562,0.0646364228036127
Hum_XLOC_017015,K562,0.07327214192457053
Hum_XLOC_017016,K562,0.0807814326762847
Hum_XLOC_017017,K562,0.06610756374289416
Hum_XLOC_017019,K562,0.08076821192188535
Hum_XLOC_017055,K562,0.10961187336891172
Hum_XLOC_017070,K562,0.0624268517256121
Hum_XLOC_017077,K562,0.09136259323567432
Hum_XLOC_017081,K562,0.08788959427110057
Hum_XLOC_017108,K562,0.07955184079751555
Hum_XLOC_017118,K562,0.07243130495241039
Hum_XLOC_017127,K562,0.05245702084043944
Hum_XLOC_017140,K562,0.047569277478086654
Hum_XLOC_017143,K562,0.05225891443915291
Hum_XLOC_017144,K562,0.07766332754872599
Hum_XLOC_017159,K562,0.05228305286447361
Hum_XLOC_017161,K562,0.08631131900876148
Hum_XLOC_017162,K562,0.0483322400889845
Hum_XLOC_017166,K562,0.08092975789349895
Hum_XLOC_017170,K562,0.07941922432628443
Hum_XLOC_017190,K562,0.04926285153662984
Hum_XLOC_017237,K562,0.08296529322840997
Hum_XLOC_017249,K562,0.08643272412463049
Hum_XLOC_017250,K562,0.08421135734556938
Hum_XLOC_017255,K562,0.049381894859168815
Hum_XLOC_017262,K562,0.07124718842318893
Hum_XLOC_017274,K562,0.05952272102570325
Hum_XLOC_017317,K562,0.06485040341580862
Hum_XLOC_017327,K562,0.07287851683135659
Hum_XLOC_017364,K562,0.09075986038173359
Hum_XLOC_017389,K562,0.06167466107873966
Hum_XLOC_017396,K562,0.05351509602619492
Hum_XLOC_017397,K562,0.06891145246337398
Hum_XLOC_017398,K562,0.08412966336356133
Hum_XLOC_017399,K562,0.08258663373653899
Hum_XLOC_017419,K562,0.05274502457234611
Hum_XLOC_017421,K562,0.08505346304612336
Hum_XLOC_017445,K562,0.09079537370956729
Hum_XLOC_017455,K562,0.050483787253399734
Hum_XLOC_017468,K562,0.08470261499015877
Hum_XLOC_017471,K562,0.04529569853418867
Hum_XLOC_017478,K562,0.0824102676192202
Hum_XLOC_017487,K562,0.07852346661752602
Hum_XLOC_017489,K562,0.07229981808578947
Hum_XLOC_017499,K562,0.07407309483868149
Hum_XLOC_017506,K562,0.08786499533791534
Hum_XLOC_017515,K562,0.05464570047417702
Hum_XLOC_017517,K562,0.06694708543853564
Hum_XLOC_017521,K562,0.0662241935900836
Hum_XLOC_017531,K562,0.06835940677904974
Hum_XLOC_017532,K562,0.07355293557973255
Hum_XLOC_017537,K562,0.04758057205230234
Hum_XLOC_017546,K562,0.0730839097679171
Hum_XLOC_017556,K562,0.06629741606835138
Hum_XLOC_017576,K562,0.0860965927592251
Hum_XLOC_017588,K562,0.08432818707400098
Hum_XLOC_017591,K562,0.07307556678191372
Hum_XLOC_017597,K562,0.0827445403074083
Hum_XLOC_017624,K562,0.07261814961286715
Hum_XLOC_017628,K562,0.08620684317138719
Hum_XLOC_017643,K562,0.04995276425670049
Hum_XLOC_017657,K562,0.0909593516653752
Hum_XLOC_017665,K562,0.08139076357692607
Hum_XLOC_017666,K562,0.07209329652436727
Hum_XLOC_017679,K562,0.04784199983000548
Hum_XLOC_017680,K562,0.09208066716929075
Hum_XLOC_017684,K562,0.0538785408291389
Hum_XLOC_017692,K562,0.0813928966898256
Hum_XLOC_017693,K562,0.08997896179171647
Hum_XLOC_017694,K562,0.06902198998327498
Hum_XLOC_017697,K562,0.08891741255128606
Hum_XLOC_017700,K562,0.07149816624981395
Hum_XLOC_017703,K562,0.0756003027711325
Hum_XLOC_017724,K562,0.05315149459604024
Hum_XLOC_017725,K562,0.08227842336358426
Hum_XLOC_017749,K562,0.07264976284962964
Hum_XLOC_017764,K562,0.04856299465335294
Hum_XLOC_017767,K562,0.08062565883532327
Hum_XLOC_017770,K562,0.07102696045754604
Hum_XLOC_017771,K562,0.07228253022282764
Hum_XLOC_017772,K562,0.07881300520886927
Hum_XLOC_017792,K562,0.0739430673834298
Hum_XLOC_017799,K562,0.060453648810488626
Hum_XLOC_017806,K562,0.08430141350008509
Hum_XLOC_017813,K562,0.07871197274327915
Hum_XLOC_017816,K562,0.07385285345414067
Hum_XLOC_017820,K562,0.07645216188975898
Hum_XLOC_017824,K562,0.07890280591709492
Hum_XLOC_017825,K562,0.07484245432979153
Hum_XLOC_017833,K562,0.08847661984674378
Hum_XLOC_017862,K562,0.08171804904723354
Hum_XLOC_017879,K562,0.08035000458070604
Hum_XLOC_017904,K562,0.08831047195121322
Hum_XLOC_017919,K562,0.12000948847915735
Hum_XLOC_017920,K562,0.07432675148983307
Hum_XLOC_017937,K562,0.08893148347144605
Hum_XLOC_017941,K562,0.08057356551627513
Hum_XLOC_017948,K562,0.04641857177804902
Hum_XLOC_017956,K562,0.08717226881149642
Hum_XLOC_017958,K562,0.08565950547169136
Hum_XLOC_017984,K562,0.05885162110371862
Hum_XLOC_017990,K562,0.08509823444327967
Hum_XLOC_018005,K562,0.07288600399603709
Hum_XLOC_018011,K562,0.09270794107289951
Hum_XLOC_018051,K562,0.06607644124879553
Hum_XLOC_018070,K562,0.05885112004886611
Hum_XLOC_018076,K562,0.08781757389407469
Hum_XLOC_018111,K562,0.06573480685428698
Hum_XLOC_018114,K562,0.05699106822026745
Hum_XLOC_018140,K562,0.06249646590595098
Hum_XLOC_018161,K562,0.07814331698941428
Hum_XLOC_018166,K562,0.07987072038834228
Hum_XLOC_018179,K562,0.07425460143821014
Hum_XLOC_018205,K562,0.0781456396834321
Hum_XLOC_018207,K562,0.04562161892593744
Hum_XLOC_018211,K562,0.0735995953684069
Hum_XLOC_018222,K562,0.08960024174087061
Hum_XLOC_018223,K562,0.06485826790026242
Hum_XLOC_018227,K562,0.08315256394791773
Hum_XLOC_018233,K562,0.08078883500428
Hum_XLOC_018249,K562,0.06690146796149689
Hum_XLOC_018284,K562,0.06631199342872725
Hum_XLOC_018293,K562,0.07210372912263022
Hum_XLOC_018294,K562,0.054350707392580105
Hum_XLOC_018298,K562,0.076225266495076
Hum_XLOC_018304,K562,0.04947060442714726
Hum_XLOC_018311,K562,0.0651921117637651
Hum_XLOC_018316,K562,0.07691179601546598
Hum_XLOC_018371,K562,0.3364580627258339
Hum_XLOC_018378,K562,0.04995608001424247
Hum_XLOC_018379,K562,0.08548069415386218
Hum_XLOC_018393,K562,0.06929332368348348
Hum_XLOC_018416,K562,0.06411181331920324
Hum_XLOC_018417,K562,0.05128021202367115
Hum_XLOC_018418,K562,0.08818415266572041
Hum_XLOC_018422,K562,0.0661728139331972
Hum_XLOC_018424,K562,0.0826801510612164
Hum_XLOC_018441,K562,0.06931287701085664
Hum_XLOC_018443,K562,0.06330707649845405
Hum_XLOC_018444,K562,0.0711783241245098
Hum_XLOC_018445,K562,0.04768990444664503
Hum_XLOC_018453,K562,0.08001631416319974
Hum_XLOC_018454,K562,0.08209999764241344
Hum_XLOC_018456,K562,0.07048742769466576
Hum_XLOC_018460,K562,0.07400898181917748
Hum_XLOC_018465,K562,0.054411804212414476
Hum_XLOC_018488,K562,0.07994810072438942
Hum_XLOC_018497,K562,0.08349472719982995
Hum_XLOC_018525,K562,0.04745062324111936
Hum_XLOC_018530,K562,0.0839775307438632
Hum_XLOC_018543,K562,0.048617646144682516
Hum_XLOC_018562,K562,0.0767516548924941
Hum_XLOC_018577,K562,0.07456266250314555
Hum_XLOC_018583,K562,0.07808735672741597
Hum_XLOC_018605,K562,0.07876953874961833
Hum_XLOC_018627,K562,0.061068854558777474
Hum_XLOC_018641,K562,0.07568966771285653
Hum_XLOC_018642,K562,0.09354255867207292
Hum_XLOC_018656,K562,0.07683805377571547
Hum_XLOC_018666,K562,0.057748145262566566
Hum_XLOC_018669,K562,0.06855395547156184
Hum_XLOC_018673,K562,0.08606736754982329
Hum_XLOC_018674,K562,0.06983992778853187
Hum_XLOC_018690,K562,0.07157022461535131
Hum_XLOC_018695,K562,0.08207575404098139
Hum_XLOC_018696,K562,0.05353913596236603
Hum_XLOC_018699,K562,0.08033577262502761
Hum_XLOC_018700,K562,0.04956529298937326
Hum_XLOC_018715,K562,0.08674710497587432
Hum_XLOC_018734,K562,0.06160104672878321
Hum_XLOC_018741,K562,0.05034503723295623
Hum_XLOC_018791,K562,0.049073453469526
Hum_XLOC_018806,K562,0.07449364181349341
Hum_XLOC_018835,K562,0.08304672346343421
Hum_XLOC_018837,K562,0.07935451691576093
Hum_XLOC_018842,K562,0.07408412338559786
Hum_XLOC_018844,K562,0.0799868966285152
Hum_XLOC_018845,K562,0.0600625567907589
Hum_XLOC_018848,K562,0.08105846778237845
Hum_XLOC_018858,K562,0.09575404547370664
Hum_XLOC_018901,K562,0.06733340959099522
Hum_XLOC_018920,K562,0.11223095848706004
Hum_XLOC_018925,K562,0.0852265619794229
Hum_XLOC_018926,K562,0.05074457788689989
Hum_XLOC_018943,K562,0.07009328115475146
Hum_XLOC_018952,K562,0.0503276389272681
Hum_XLOC_018955,K562,0.04845467242083785
Hum_XLOC_018963,K562,0.08084149555810444
Hum_XLOC_018988,K562,0.3665085702505649
Hum_XLOC_018996,K562,0.07086011586592998
Hum_XLOC_019002,K562,0.04916560961717328
Hum_XLOC_019009,K562,0.07121925563801795
Hum_XLOC_019011,K562,0.09061637868288393
Hum_XLOC_019018,K562,0.0785816616126149
Hum_XLOC_019021,K562,0.0683378755970322
Hum_XLOC_019022,K562,0.07979728378249035
Hum_XLOC_019023,K562,0.19605310131894654
Hum_XLOC_019024,K562,0.05466547506925609
Hum_XLOC_019047,K562,0.0651022354350469
Hum_XLOC_019049,K562,0.06545874495266119
Hum_XLOC_019054,K562,0.0855688163516246
Hum_XLOC_019068,K562,0.07015272701189124
Hum_XLOC_019099,K562,0.07255597431017194
Hum_XLOC_019102,K562,0.06025331954852571
Hum_XLOC_019104,K562,0.05282752726536648
Hum_XLOC_019116,K562,0.05008294371469289
Hum_XLOC_019135,K562,0.06359577809930889
Hum_XLOC_019141,K562,0.06127370667362185
Hum_XLOC_019145,K562,0.07012308800272407
Hum_XLOC_019152,K562,0.07366036209335781
Hum_XLOC_019162,K562,0.08187552200564141
Hum_XLOC_019163,K562,0.09508765504355932
Hum_XLOC_019173,K562,0.06795335897142044
Hum_XLOC_019187,K562,0.09251854781235279
Hum_XLOC_019198,K562,0.06744885610860207
Hum_XLOC_019199,K562,0.0871148969947291
Hum_XLOC_019216,K562,0.063591582210919
Hum_XLOC_019237,K562,0.05308097851712866
Hum_XLOC_019240,K562,0.07824810643107745
Hum_XLOC_019243,K562,0.08551328783398669
Hum_XLOC_019247,K562,0.07472695053752422
Hum_XLOC_019267,K562,0.08303720345583784
Hum_XLOC_019268,K562,0.07965963196535131
Hum_XLOC_019273,K562,0.07071475033804808
Hum_XLOC_019277,K562,0.07778319458545094
Hum_XLOC_019287,K562,0.07558988802081351
Hum_XLOC_019289,K562,0.06323333854065483
Hum_XLOC_019290,K562,0.08143321182114256
Hum_XLOC_019291,K562,0.08496979301050395
Hum_XLOC_019295,K562,0.04792488337546448
Hum_XLOC_019301,K562,0.06443622887136373
Hum_XLOC_019304,K562,0.09976573681662129
Hum_XLOC_019310,K562,0.058055427222767325
Hum_XLOC_019318,K562,0.07918956071648134
Hum_XLOC_019319,K562,0.07341500784144334
Hum_XLOC_019324,K562,0.07584928301052503
Hum_XLOC_019332,K562,0.08132363875485771
Hum_XLOC_019350,K562,0.09971150001168921
Hum_XLOC_019370,K562,0.05933487413778446
Hum_XLOC_019371,K562,0.05944094167474094
Hum_XLOC_019412,K562,0.07165670535806368
Hum_XLOC_019413,K562,0.06080490999599693
Hum_XLOC_019414,K562,0.0543447845197474
Hum_XLOC_019446,K562,0.08547525016602124
Hum_XLOC_019472,K562,0.0843285067002583
Hum_XLOC_019486,K562,0.07344113349420826
Hum_XLOC_019503,K562,0.07554024069536233
Hum_XLOC_019508,K562,0.0689360713088428
Hum_XLOC_019522,K562,0.08436123781933788
Hum_XLOC_019528,K562,0.08071468630173959
Hum_XLOC_019531,K562,0.08482773010248161
Hum_XLOC_019532,K562,0.08550042560591267
Hum_XLOC_019533,K562,0.15858245519389147
Hum_XLOC_019568,K562,0.07826292614222607
Hum_XLOC_019574,K562,0.05830468077008745
Hum_XLOC_019587,K562,0.059586371617274675
Hum_XLOC_019592,K562,0.08921987865808319
Hum_XLOC_019635,K562,0.07769636684287014
Hum_XLOC_019639,K562,0.07846044757616133
Hum_XLOC_019655,K562,0.07912487537035905
Hum_XLOC_019657,K562,0.11750124382761325
Hum_XLOC_019675,K562,0.08031409095075093
Hum_XLOC_019677,K562,0.04846751260295188
Hum_XLOC_019683,K562,0.0715688619012626
Hum_XLOC_019688,K562,0.08655159174705936
Hum_XLOC_019694,K562,0.05666197374141576
Hum_XLOC_019725,K562,0.07732752858866364
Hum_XLOC_019762,K562,0.05704100471578071
Hum_XLOC_019770,K562,0.04990910952216046
Hum_XLOC_019773,K562,0.0577789261236144
Hum_XLOC_019780,K562,0.05768644893560631
Hum_XLOC_019782,K562,0.044559027275067775
Hum_XLOC_019786,K562,0.06356671856830595
Hum_XLOC_019797,K562,0.0820627681097497
Hum_XLOC_019820,K562,0.07547331296655337
Hum_XLOC_019826,K562,0.07204680502677596
Hum_XLOC_019827,K562,0.046370570978414585
Hum_XLOC_019830,K562,0.08511617476688177
Hum_XLOC_019837,K562,0.07867833728487271
Hum_XLOC_019838,K562,0.05773883375711959
Hum_XLOC_019850,K562,0.0792322337092092
Hum_XLOC_019854,K562,0.06540800974368105
Hum_XLOC_019861,K562,0.09451530301202833
Hum_XLOC_019862,K562,0.06337722403122532
Hum_XLOC_019864,K562,0.07978487564080765
Hum_XLOC_019866,K562,0.08383862632215944
Hum_XLOC_019869,K562,0.06042765229085206
Hum_XLOC_019884,K562,0.054893413425221575
Hum_XLOC_019886,K562,0.046311444468176324
Hum_XLOC_019892,K562,0.07045021675297253
Hum_XLOC_019894,K562,0.08433362003114273
Hum_XLOC_019896,K562,0.052142536786325244
Hum_XLOC_019909,K562,0.08262164886350681
Hum_XLOC_019917,K562,0.0512319415897356
Hum_XLOC_019930,K562,0.046989365376079936
Hum_XLOC_019940,K562,0.0818353742808565
Hum_XLOC_019941,K562,0.08190698544884567
Hum_XLOC_019942,K562,0.08450811330350878
Hum_XLOC_019963,K562,0.088296783079883
Hum_XLOC_019968,K562,0.0825137263995222
Hum_XLOC_019978,K562,0.08329209047136779
Hum_XLOC_019988,K562,0.08294722896081147
Hum_XLOC_019997,K562,0.07075855395851288
Hum_XLOC_020021,K562,0.08864942877719774
Hum_XLOC_020022,K562,0.06420653541061609
Hum_XLOC_020023,K562,0.08245838255499757
Hum_XLOC_020027,K562,0.07406094862850757
Hum_XLOC_020028,K562,0.08862894117625933
Hum_XLOC_020100,K562,0.07075994625018092
Hum_XLOC_020101,K562,0.07044278281691103
Hum_XLOC_020129,K562,0.07228342584353263
Hum_XLOC_020140,K562,0.0724445499139952
Hum_XLOC_020146,K562,0.08855828190137541
Hum_XLOC_020156,K562,0.07826598294662639
Hum_XLOC_020164,K562,0.05940545434634438
Hum_XLOC_020172,K562,0.08332856025447943
Hum_XLOC_020173,K562,0.07408454536941007
Hum_XLOC_020194,K562,0.08408413641377387
Hum_XLOC_020212,K562,0.05285869341239044
Hum_XLOC_020214,K562,0.06081504372125226
Hum_XLOC_020215,K562,0.05991693968929566
Hum_XLOC_020255,K562,0.06276256338418329
Hum_XLOC_020276,K562,0.04762295884720105
Hum_XLOC_020282,K562,0.07756752385893123
Hum_XLOC_020304,K562,0.07701603718338718
Hum_XLOC_020335,K562,0.055050358203708884
Hum_XLOC_020336,K562,0.07324119642742838
Hum_XLOC_020338,K562,0.06973734258665575
Hum_XLOC_020350,K562,0.08602716503606658
Hum_XLOC_020352,K562,0.06572147552244464
Hum_XLOC_020377,K562,0.09840829956613886
Hum_XLOC_020401,K562,0.047768273115819375
Hum_XLOC_020412,K562,0.09069133607207425
Hum_XLOC_020422,K562,0.08499234492650845
Hum_XLOC_020425,K562,0.0755662435489642
Hum_XLOC_020431,K562,0.08221736641683491
Hum_XLOC_020432,K562,0.1038496622882567
Hum_XLOC_020438,K562,0.07990234222286802
Hum_XLOC_020467,K562,0.05243295415328408
Hum_XLOC_020468,K562,0.06535176541455875
Hum_XLOC_020491,K562,0.0643879091865
Hum_XLOC_020495,K562,0.08473028225672172
Hum_XLOC_020501,K562,0.07377297328317066
Hum_XLOC_020530,K562,0.06734880136541294
Hum_XLOC_020547,K562,0.09201255606894654
Hum_XLOC_020584,K562,0.18851778095148508
Hum_XLOC_020585,K562,0.15057232895571954
Hum_XLOC_020605,K562,0.05273233070972786
Hum_XLOC_020613,K562,0.10353235024083472
Hum_XLOC_020616,K562,0.08838892156525169
Hum_XLOC_020626,K562,0.08300468599919936
Hum_XLOC_020639,K562,0.048141399827340385
Hum_XLOC_020648,K562,0.08052741909666265
Hum_XLOC_020651,K562,0.07154719280244447
Hum_XLOC_020654,K562,0.07519036642947807
Hum_XLOC_020655,K562,0.06766447278350476
Hum_XLOC_020656,K562,0.0626996028509566
Hum_XLOC_020684,K562,0.07111396959135552
Hum_XLOC_020692,K562,0.07012116474443406
Hum_XLOC_020694,K562,0.04650568203282285
Hum_XLOC_020696,K562,0.08081834625030364
Hum_XLOC_020709,K562,0.07459979554722115
Hum_XLOC_020710,K562,0.06845456164698063
Hum_XLOC_020720,K562,0.09909282308067072
Hum_XLOC_020733,K562,0.07488907632010763
Hum_XLOC_020751,K562,0.05389605477773199
Hum_XLOC_020753,K562,0.07166882440983711
Hum_XLOC_020795,K562,0.06918951285434921
Hum_XLOC_020797,K562,0.07228131441903812
Hum_XLOC_020806,K562,0.09012358714489263
Hum_XLOC_020811,K562,0.0797235223150504
Hum_XLOC_020826,K562,0.04748134391354876
Hum_XLOC_020840,K562,0.04385403000670344
Hum_XLOC_020852,K562,0.07658855594459639
Hum_XLOC_020853,K562,0.08516280752966414
Hum_XLOC_020866,K562,0.0483119802539342
Hum_XLOC_020874,K562,0.08374863238043317
Hum_XLOC_020877,K562,0.09869466399802947
Hum_XLOC_020889,K562,0.04473808362115418
Hum_XLOC_020898,K562,0.06505637932327124
Hum_XLOC_020905,K562,0.04663597894962932
Hum_XLOC_020914,K562,0.06761998081500199
Hum_XLOC_020915,K562,0.07771712632186593
Hum_XLOC_020923,K562,0.08906439868529761
Hum_XLOC_020933,K562,0.0733808587339778
Hum_XLOC_020960,K562,0.06277263664886024
Hum_XLOC_021004,K562,0.08816101401720243
Hum_XLOC_021019,K562,0.3616014297626907
Hum_XLOC_021020,K562,0.06883598507392315
Hum_XLOC_021026,K562,0.05990166205484896
Hum_XLOC_021027,K562,0.06357295533680811
Hum_XLOC_021033,K562,0.08889939124864055
Hum_XLOC_021036,K562,0.08307453185512864
Hum_XLOC_021055,K562,0.07896182452657624
Hum_XLOC_021064,K562,0.06382138730371816
Hum_XLOC_021065,K562,0.04982261842491301
Hum_XLOC_021066,K562,0.06942291406693105
Hum_XLOC_021075,K562,0.07691292366239927
Hum_XLOC_021082,K562,0.06397521139959149
Hum_XLOC_021092,K562,0.05893461499179309
Hum_XLOC_021095,K562,0.05352873711643385
Hum_XLOC_021098,K562,0.0890688430735319
Hum_XLOC_021099,K562,0.061410964960983805
Hum_XLOC_021101,K562,0.07657230501670197
Hum_XLOC_021102,K562,0.08252432684216743
Hum_XLOC_021112,K562,0.09335137361456115
Hum_XLOC_021121,K562,0.06182817585900778
Hum_XLOC_021122,K562,0.09151562228147381
Hum_XLOC_021126,K562,0.0929767443417858
Hum_XLOC_021133,K562,0.07913923143417033
Hum_XLOC_021135,K562,0.060152973602373976
Hum_XLOC_021140,K562,0.04815403232267685
Hum_XLOC_021141,K562,0.06366836360914963
Hum_XLOC_021148,K562,0.07644680927539213
Hum_XLOC_021166,K562,0.0762326092836225
Hum_XLOC_021171,K562,0.08676770695239253
Hum_XLOC_021203,K562,0.059375590460776964
Hum_XLOC_021214,K562,0.08757544410359207
Hum_XLOC_021236,K562,0.06142404650147223
Hum_XLOC_021245,K562,0.08121607127617078
Hum_XLOC_021255,K562,0.07173557076391346
Hum_XLOC_021275,K562,0.08392643772735951
Hum_XLOC_021277,K562,0.07197711566036047
Hum_XLOC_021290,K562,0.07822046732302472
Hum_XLOC_021298,K562,0.0705727630809519
Hum_XLOC_021305,K562,0.06819369627939532
Hum_XLOC_021309,K562,0.0859781107079125
Hum_XLOC_021314,K562,0.07898545152516143
Hum_XLOC_021317,K562,0.07912894838923752
Hum_XLOC_021319,K562,0.08081377068696793
Hum_XLOC_021341,K562,0.06618401596478724
Hum_XLOC_021343,K562,0.0948984410915985
Hum_XLOC_021378,K562,0.05641650852067629
Hum_XLOC_021379,K562,0.061457466097445276
Hum_XLOC_021388,K562,0.07777509204404855
Hum_XLOC_021395,K562,0.07145254353048905
Hum_XLOC_021401,K562,0.08505235352532918
Hum_XLOC_021417,K562,0.0823175590843938
Hum_XLOC_021453,K562,0.07840018613251142
Hum_XLOC_021458,K562,0.09118896769825027
Hum_XLOC_021478,K562,0.05894210561127895
Hum_XLOC_021482,K562,0.07059847922946207
Hum_XLOC_021483,K562,0.07524072906992514
Hum_XLOC_021484,K562,0.07443119124736239
Hum_XLOC_021485,K562,0.05330884460738561
Hum_XLOC_021486,K562,0.06957662435617087
Hum_XLOC_021496,K562,0.09131523719508718
Hum_XLOC_021518,K562,0.04949562513947758
Hum_XLOC_021526,K562,0.10766094226296007
Hum_XLOC_021528,K562,0.062375868957077814
Hum_XLOC_021530,K562,0.08084780752653614
Hum_XLOC_021534,K562,0.08288394651822896
Hum_XLOC_021541,K562,0.06561045449839194
Hum_XLOC_021555,K562,0.08623931401409023
Hum_XLOC_021558,K562,0.07349722267375129
Hum_XLOC_021559,K562,0.08912308971135147
Hum_XLOC_021574,K562,0.07992643686256284
Hum_XLOC_021579,K562,0.05155177311902155
Hum_XLOC_021589,K562,0.07102147484827828
Hum_XLOC_021647,K562,0.0644789849949032
Hum_XLOC_021683,K562,0.07980983936385487
Hum_XLOC_021685,K562,0.08379101779078163
Hum_XLOC_021688,K562,0.0690784166558068
Hum_XLOC_021700,K562,0.06955791328413843
Hum_XLOC_021702,K562,0.08887057735479156
Hum_XLOC_021706,K562,0.07548640945357141
Hum_XLOC_021715,K562,0.07376148637758655
Hum_XLOC_021720,K562,0.051164068311788796
Hum_XLOC_021740,K562,0.0814751610229068
Hum_XLOC_021741,K562,0.07831657498300634
Hum_XLOC_021748,K562,0.08601338302565524
Hum_XLOC_021802,K562,0.09879618918549427
Hum_XLOC_021803,K562,0.08826482750634422
Hum_XLOC_021813,K562,0.0739795102396168
Hum_XLOC_021821,K562,0.0754759316423867
Hum_XLOC_021823,K562,0.06086710270561666
Hum_XLOC_021824,K562,0.08204340728566667
Hum_XLOC_021834,K562,0.05169928369069057
Hum_XLOC_021847,K562,0.04892674449770453
Hum_XLOC_021852,K562,0.04880092052680579
Hum_XLOC_021867,K562,0.07835044574396884
Hum_XLOC_021869,K562,0.06242287695315214
Hum_XLOC_021876,K562,0.09426235359210741
Hum_XLOC_021879,K562,0.08604924647184847
Hum_XLOC_021881,K562,0.06299848034958262
Hum_XLOC_021893,K562,0.06207840977411371
Hum_XLOC_021894,K562,0.05485751513285693
Hum_XLOC_021901,K562,0.06222404742670111
Hum_XLOC_021905,K562,0.08776894818243591
Hum_XLOC_021910,K562,0.05186976015129526
Hum_XLOC_021912,K562,0.08714754774712448
Hum_XLOC_021926,K562,0.08731382269385769
Hum_XLOC_021930,K562,0.07398303077263009
Hum_XLOC_021931,K562,0.07086905260604714
Hum_XLOC_021934,K562,0.09772526658671915
Hum_XLOC_021936,K562,0.07786188484862
Hum_XLOC_021953,K562,0.06546105794085834
Hum_XLOC_021963,K562,0.08489192887603475
Hum_XLOC_021970,K562,0.08909276996597029
Hum_XLOC_021985,K562,0.0878476610961652
Hum_XLOC_022014,K562,0.05071806112583048
Hum_XLOC_022016,K562,0.0504752960684954
Hum_XLOC_022044,K562,0.08469558079384773
Hum_XLOC_022045,K562,0.08674292896226797
Hum_XLOC_022057,K562,0.08681034600454618
Hum_XLOC_022059,K562,0.04034255706116427
Hum_XLOC_022069,K562,0.07541807951247412
Hum_XLOC_022070,K562,0.05468163213908933
Hum_XLOC_022082,K562,0.057625209751467316
Hum_XLOC_022083,K562,0.08747810073753803
Hum_XLOC_022084,K562,0.07630162158169382
Hum_XLOC_022086,K562,0.06870425621395487
Hum_XLOC_022088,K562,0.07323244432578317
Hum_XLOC_022089,K562,0.07599360146925856
Hum_XLOC_022128,K562,0.08092261251921955
Hum_XLOC_022130,K562,0.09346807644242054
Hum_XLOC_022135,K562,0.07805289705760132
Hum_XLOC_022136,K562,0.08500160183078362
Hum_XLOC_022149,K562,0.06934988541199628
Hum_XLOC_022156,K562,0.04829823537115408
Hum_XLOC_022159,K562,0.08955820639567431
Hum_XLOC_022164,K562,0.06488145557269284
Hum_XLOC_022165,K562,0.05894206433027731
Hum_XLOC_022174,K562,0.08595978276256347
Hum_XLOC_022178,K562,0.062302654454008226
Hum_XLOC_022180,K562,0.09273153727138599
Hum_XLOC_022197,K562,0.08454601197368783
Hum_XLOC_022212,K562,0.04763009271247117
Hum_XLOC_022214,K562,0.07699028089812468
Hum_XLOC_022236,K562,0.0784511153511468
Hum_XLOC_022239,K562,0.07587726740000154
Hum_XLOC_022279,K562,0.08790370777492641
Hum_XLOC_022299,K562,0.0943387886249397
Hum_XLOC_022312,K562,0.048660183437539695
Hum_XLOC_022324,K562,0.07443407538779696
Hum_XLOC_022330,K562,0.08535562731571325
Hum_XLOC_022335,K562,0.05056812504774254
Hum_XLOC_022344,K562,0.1062291477739212
Hum_XLOC_022345,K562,0.06350874391606776
Hum_XLOC_022346,K562,0.05117556998435591
Hum_XLOC_022347,K562,0.08406482355159153
Hum_XLOC_022351,K562,0.08786978502397483
Hum_XLOC_022361,K562,0.08011029409072545
Hum_XLOC_022362,K562,0.05452809684890469
Hum_XLOC_022389,K562,0.04918339016729109
Hum_XLOC_022392,K562,0.055446439734392436
Hum_XLOC_022393,K562,0.06789906174539515
Hum_XLOC_022398,K562,0.08300636227401208
Hum_XLOC_022402,K562,0.0853476503229503
Hum_XLOC_022403,K562,0.05879145126294054
Hum_XLOC_022405,K562,0.0721367390006741
Hum_XLOC_022419,K562,0.061746989182368955
Hum_XLOC_022422,K562,0.06638772842669281
Hum_XLOC_022435,K562,0.08245520992778696
Hum_XLOC_022436,K562,0.08423364939896227
Hum_XLOC_022443,K562,0.0859668385088707
Hum_XLOC_022446,K562,0.06764812944047223
Hum_XLOC_022448,K562,0.08611145302676017
Hum_XLOC_022452,K562,0.07483846665835424
Hum_XLOC_022454,K562,0.08465505976947531
Hum_XLOC_022458,K562,0.0879102551228028
Hum_XLOC_022461,K562,0.08898429035253652
Hum_XLOC_022465,K562,0.05918315626495559
Hum_XLOC_022468,K562,0.07010500791577466
Hum_XLOC_022469,K562,0.07392244478369789
Hum_XLOC_022475,K562,0.07168155717867937
Hum_XLOC_022494,K562,0.09057638666355172
Hum_XLOC_022495,K562,0.061411298602250565
Hum_XLOC_022512,K562,0.08320493162577948
Hum_XLOC_022519,K562,0.07304365796904744
Hum_XLOC_022537,K562,0.04499026264311963
Hum_XLOC_022573,K562,0.06159650122854334
Hum_XLOC_022595,K562,0.058375696571660425
Hum_XLOC_022640,K562,0.08170313932994677
Hum_XLOC_022645,K562,0.0542883114239255
Hum_XLOC_022657,K562,0.07560888880034825
Hum_XLOC_022670,K562,0.08670136613139848
Hum_XLOC_022704,K562,0.05804239514754963
Hum_XLOC_022710,K562,0.0630864192052108
Hum_XLOC_022754,K562,0.07392355481820774
Hum_XLOC_022759,K562,0.07682197591484383
Hum_XLOC_022763,K562,0.06821348295488279
Hum_XLOC_022764,K562,0.08827079594396965
Hum_XLOC_022778,K562,0.07038783482067039
Hum_XLOC_022786,K562,0.04676336574935589
Hum_XLOC_022804,K562,0.07813425101655999
Hum_XLOC_022809,K562,0.05701547421865907
Hum_XLOC_022819,K562,0.05150198843280782
Hum_XLOC_022823,K562,0.08647975132344293
Hum_XLOC_022831,K562,0.061595617726090686
Hum_XLOC_022840,K562,0.07228368582218384
Hum_XLOC_022850,K562,0.07686287299233019
Hum_XLOC_022860,K562,0.038095041869923976
Hum_XLOC_022862,K562,0.06450466897436079
Hum_XLOC_022881,K562,0.06976822950141082
Hum_XLOC_022889,K562,0.08806841664269367
Hum_XLOC_022892,K562,0.07934717082742092
Hum_XLOC_022915,K562,0.06656754140659876
Hum_XLOC_022930,K562,0.08854770601206491
Hum_XLOC_022931,K562,0.08854496087357486
Hum_XLOC_022943,K562,0.08765473320571757
Hum_XLOC_022954,K562,0.07652718473159281
Hum_XLOC_022959,K562,0.048041463444466234
Hum_XLOC_022984,K562,0.05752036996208685
Hum_XLOC_023008,K562,0.07198578303190586
Hum_XLOC_023014,K562,0.08760739924692953
Hum_XLOC_023016,K562,0.07548955773130127
Hum_XLOC_023021,K562,0.08077634876066678
Hum_XLOC_023023,K562,0.07458590406652427
Hum_XLOC_023024,K562,0.07360242656237659
Hum_XLOC_023034,K562,0.09542190797345644
Hum_XLOC_023047,K562,0.08440457946286387
Hum_XLOC_023058,K562,0.09350839044902497
Hum_XLOC_023062,K562,0.07427699998130832
Hum_XLOC_023064,K562,0.07574430190150504
Hum_XLOC_023071,K562,0.06065011318202825
Hum_XLOC_023072,K562,0.09566575354926452
Hum_XLOC_023078,K562,0.07270537822837919
Hum_XLOC_023088,K562,0.07101545808214726
Hum_XLOC_023092,K562,0.05423743567716468
Hum_XLOC_023101,K562,0.08533740100219864
Hum_XLOC_023108,K562,0.08158264579957548
Hum_XLOC_023131,K562,0.08209775086402757
Hum_XLOC_023142,K562,0.082302191432871
Hum_XLOC_023145,K562,0.08016212858166424
Hum_XLOC_023155,K562,0.07241085306714172
Hum_XLOC_023165,K562,0.0813668817060697
Hum_XLOC_023169,K562,0.06709525125923217
Hum_XLOC_023186,K562,0.05076125094943162
Hum_XLOC_023189,K562,0.048666888692093485
Hum_XLOC_023201,K562,0.09915335120342644
Hum_XLOC_023210,K562,0.07875781929602169
Hum_XLOC_023211,K562,0.05892478109248426
Hum_XLOC_023219,K562,0.06354784762258812
Hum_XLOC_023235,K562,0.07351864708435632
Hum_XLOC_023237,K562,0.07462495489385353
Hum_XLOC_023240,K562,0.0871047250389003
Hum_XLOC_023256,K562,0.07904844052824336
Hum_XLOC_023259,K562,0.06388326123532571
Hum_XLOC_023262,K562,0.07510060683537162
Hum_XLOC_023267,K562,0.08384624507850466
Hum_XLOC_023283,K562,0.08382289816075943
Hum_XLOC_023286,K562,0.06982316877831655
Hum_XLOC_023290,K562,0.08666009619350146
Hum_XLOC_023293,K562,0.0782467379794313
Hum_XLOC_023300,K562,0.08370103164773669
Hum_XLOC_023308,K562,0.047389986647019176
Hum_XLOC_023321,K562,0.08492169079126834
Hum_XLOC_023332,K562,0.07535815067164646
Hum_XLOC_023349,K562,0.06988373017005155
Hum_XLOC_023360,K562,0.06305786240370527
Hum_XLOC_023369,K562,0.08014060611779242
Hum_XLOC_023380,K562,0.07000261391491157
Hum_XLOC_023390,K562,0.06285584367985801
Hum_XLOC_023397,K562,0.06283294456689752
Hum_XLOC_023398,K562,0.08224749411023631
Hum_XLOC_023400,K562,0.06385994287914493
Hum_XLOC_023403,K562,0.08941371479197012
Hum_XLOC_023404,K562,0.06213507762295319
Hum_XLOC_023425,K562,0.06755222699317669
Hum_XLOC_023426,K562,0.0544470771039312
Hum_XLOC_023443,K562,0.05959364092571463
Hum_XLOC_023445,K562,0.08995972555927363
Hum_XLOC_023450,K562,0.07951130023227458
Hum_XLOC_023453,K562,0.08312891355399528
Hum_XLOC_023472,K562,0.059447844927534604
Hum_XLOC_023481,K562,0.07873574854321846
Hum_XLOC_023485,K562,0.07269641255955375
Hum_XLOC_023488,K562,0.08448028348940294
Hum_XLOC_023520,K562,0.0866418574793571
Hum_XLOC_023548,K562,0.08726060975630007
Hum_XLOC_023558,K562,0.10771013379077064
Hum_XLOC_023567,K562,0.07741252259826678
Hum_XLOC_023574,K562,0.08475774102966596
Hum_XLOC_023575,K562,0.08524985681723583
Hum_XLOC_023580,K562,0.08520587457677373
Hum_XLOC_023587,K562,0.06888253759228552
Hum_XLOC_023606,K562,0.05867205074226489
Hum_XLOC_023652,K562,0.07694570695836814
Hum_XLOC_023657,K562,0.08977003615292829
Hum_XLOC_023658,K562,0.09606665779140354
Hum_XLOC_023662,K562,0.05218245877680898
Hum_XLOC_023669,K562,0.11867552394728663
Hum_XLOC_023673,K562,0.08371796370801637
Hum_XLOC_023689,K562,0.07172946561257985
Hum_XLOC_023693,K562,0.09019456422930348
Hum_XLOC_023705,K562,0.09087711747070479
Hum_XLOC_023717,K562,0.09611778267443194
Hum_XLOC_023720,K562,0.06211752584559452
Hum_XLOC_023721,K562,0.0892400411316519
Hum_XLOC_023731,K562,0.07797584942507173
Hum_XLOC_023736,K562,0.08168669665798078
Hum_XLOC_023744,K562,0.09807816477277566
Hum_XLOC_023746,K562,0.08884688949747344
Hum_XLOC_023756,K562,0.08313254933427967
Hum_XLOC_023757,K562,0.08754929671150309
Hum_XLOC_023759,K562,0.07241846277044514
Hum_XLOC_023760,K562,0.08594049978250692
Hum_XLOC_023764,K562,0.07089027540095483
Hum_XLOC_023783,K562,0.06756712235576702
Hum_XLOC_023784,K562,0.08551849313356619
Hum_XLOC_023786,K562,0.07308332611771605
Hum_XLOC_023791,K562,0.07941379067165216
Hum_XLOC_023793,K562,0.061837090759344744
Hum_XLOC_023804,K562,0.04983100845055381
Hum_XLOC_023815,K562,0.0655238415348885
Hum_XLOC_023820,K562,0.051091202965903484
Hum_XLOC_023833,K562,0.08253525011160075
Hum_XLOC_023851,K562,0.0478882409314792
Hum_XLOC_023869,K562,0.05160634436718656
Hum_XLOC_023878,K562,0.06055310873376462
Hum_XLOC_023887,K562,0.09030833058235595
Hum_XLOC_023889,K562,0.08510626166651558
Hum_XLOC_023922,K562,0.08662428538132444
Hum_XLOC_023923,K562,0.06447634740639706
Hum_XLOC_023924,K562,0.06747176539963853
Hum_XLOC_023926,K562,0.09441578546859328
Hum_XLOC_023928,K562,0.048044750589626456
Hum_XLOC_023949,K562,0.07153991348517634
Hum_XLOC_023950,K562,0.08674542941711301
Hum_XLOC_023959,K562,0.07805127138474158
Hum_XLOC_023961,K562,0.07393546404806944
Hum_XLOC_023962,K562,0.07864406430866673
Hum_XLOC_023972,K562,0.06639084345497226
Hum_XLOC_023973,K562,0.08326001932541965
Hum_XLOC_024013,K562,0.05088902390451547
Hum_XLOC_024031,K562,0.0627747176319454
Hum_XLOC_024047,K562,0.08911513468505272
Hum_XLOC_024100,K562,0.06025402678965268
Hum_XLOC_024120,K562,0.07576720330855023
Hum_XLOC_024123,K562,0.0899289618576154
Hum_XLOC_024127,K562,0.056453738047030765
Hum_XLOC_024131,K562,0.08107519978311147
Hum_XLOC_024132,K562,0.06232824287651932
Hum_XLOC_024151,K562,0.07008343698179643
Hum_XLOC_024155,K562,0.07918821491861999
Hum_XLOC_024156,K562,0.08902727117366706
Hum_XLOC_024159,K562,0.07728729434414057
Hum_XLOC_024160,K562,0.06754943206886363
Hum_XLOC_024169,K562,0.06507003986763525
Hum_XLOC_024175,K562,0.08874042703810656
Hum_XLOC_024179,K562,0.08535617324834296
Hum_XLOC_024194,K562,0.0775087445478324
Hum_XLOC_024197,K562,0.08962313583385427
Hum_XLOC_024205,K562,0.08182395834827427
Hum_XLOC_024215,K562,0.13571756705734195
Hum_XLOC_024217,K562,0.08349906775373424
Hum_XLOC_024233,K562,0.08824506814653386
Hum_XLOC_024241,K562,0.06843993399493496
Hum_XLOC_024242,K562,0.07306294278934182
Hum_XLOC_024243,K562,0.06924916901345055
Hum_XLOC_024245,K562,0.06274217308779141
Hum_XLOC_024248,K562,0.05106358886080588
Hum_XLOC_024257,K562,0.08113174662570807
Hum_XLOC_024265,K562,0.07738975906179717
Hum_XLOC_024266,K562,0.08489660907330682
Hum_XLOC_024268,K562,0.08271588182408224
Hum_XLOC_024281,K562,0.08107346324929235
Hum_XLOC_024303,K562,0.07753230995804472
Hum_XLOC_024325,K562,0.08677910812423317
Hum_XLOC_024373,K562,0.0513919932507972
Hum_XLOC_024374,K562,0.0833044982584147
Hum_XLOC_024381,K562,0.08300302899901674
Hum_XLOC_024383,K562,0.047255741540493286
Hum_XLOC_024384,K562,0.09167446929271068
Hum_XLOC_024388,K562,0.08663191215084912
Hum_XLOC_024403,K562,0.09132722521761241
Hum_XLOC_024409,K562,0.0847034522136425
Hum_XLOC_024418,K562,0.068113680964396
Hum_XLOC_024425,K562,0.07586357286359681
Hum_XLOC_024441,K562,0.0902623733941263
Hum_XLOC_024458,K562,0.0688312201019051
Hum_XLOC_024459,K562,0.09177147402812906
Hum_XLOC_024475,K562,0.08888968922454867
Hum_XLOC_024476,K562,0.08728591815598397
Hum_XLOC_024494,K562,0.07441112699507935
Hum_XLOC_024495,K562,0.07450534582044187
Hum_XLOC_024520,K562,0.06562655315235773
Hum_XLOC_024521,K562,0.07698254933971078
Hum_XLOC_024523,K562,0.04762759022002306
Hum_XLOC_024532,K562,0.08600123163750023
Hum_XLOC_024556,K562,0.08794362950370921
Hum_XLOC_024557,K562,0.05113751226975325
Hum_XLOC_024559,K562,0.07552020128293249
Hum_XLOC_024575,K562,0.06409050567067459
Hum_XLOC_024582,K562,0.08863860620337237
Hum_XLOC_024586,K562,0.05354165765752457
Hum_XLOC_024596,K562,0.07733399320112666
Hum_XLOC_024602,K562,0.07926792751267918
Hum_XLOC_024614,K562,0.08324979720909409
Hum_XLOC_024620,K562,0.06799074512047071
Hum_XLOC_024637,K562,0.07156951869334585
Hum_XLOC_024649,K562,0.04915563352964014
Hum_XLOC_024675,K562,0.05357614537863216
Hum_XLOC_024713,K562,0.10555896408457387
Hum_XLOC_024739,K562,0.06669348089595106
Hum_XLOC_024762,K562,0.08153223054856683
Hum_XLOC_024763,K562,0.07293715909937323
Hum_XLOC_024767,K562,0.05137644211529927
Hum_XLOC_024777,K562,0.0707965188996817
Hum_XLOC_024820,K562,0.06507923686091441
Hum_XLOC_024825,K562,0.08272524136863578
Hum_XLOC_024826,K562,0.05204329808552591
Hum_XLOC_024829,K562,0.09937440498286058
Hum_XLOC_024842,K562,0.0721192347578346
Hum_XLOC_024847,K562,0.07899116709099681
Hum_XLOC_024854,K562,0.07922679543084331
Hum_XLOC_024863,K562,0.0577532023379769
Hum_XLOC_024871,K562,0.060451026989118924
Hum_XLOC_024872,K562,0.08075222652141525
Hum_XLOC_024874,K562,0.09403291288587692
Hum_XLOC_024876,K562,0.05376188187815298
Hum_XLOC_024900,K562,0.06101862626723796
Hum_XLOC_024910,K562,0.07268964281947765
Hum_XLOC_024922,K562,0.08563861891140512
Hum_XLOC_024931,K562,0.07300200652187794
Hum_XLOC_024934,K562,0.06401625066569136
Hum_XLOC_024957,K562,0.06799335077265009
Hum_XLOC_024970,K562,0.061137035608264535
Hum_XLOC_024979,K562,0.05046997211402009
Hum_XLOC_025009,K562,0.07198083491370529
Hum_XLOC_025022,K562,0.06629490627439054
Hum_XLOC_025028,K562,0.08601808467372024
Hum_XLOC_025048,K562,0.06577674107813411
Hum_XLOC_025049,K562,0.05695602258225491
Hum_XLOC_025061,K562,0.0936693107056661
Hum_XLOC_025065,K562,0.052345812017347115
Hum_XLOC_025071,K562,0.08256807391558875
Hum_XLOC_025081,K562,0.06907411256100006
Hum_XLOC_025111,K562,0.08706612285271505
Hum_XLOC_025182,K562,0.09488503111654205
Hum_XLOC_025208,K562,0.07229645466905357
Hum_XLOC_025246,K562,0.07102137288083114
Hum_XLOC_025247,K562,0.05229389940940214
Hum_XLOC_025284,K562,0.05874766630615466
Hum_XLOC_025303,K562,0.08648062296623035
Hum_XLOC_025305,K562,0.08145680100258698
Hum_XLOC_025323,K562,0.049592264483497454
Hum_XLOC_025331,K562,0.08352200581660817
Hum_XLOC_025332,K562,0.08425651963079575
Hum_XLOC_025334,K562,0.04712905524198781
Hum_XLOC_025335,K562,0.059418569505549926
Hum_XLOC_025339,K562,0.04699787246786718
Hum_XLOC_025353,K562,0.08360772055214202
Hum_XLOC_025356,K562,0.04565738680380915
Hum_XLOC_025357,K562,0.0731040784827219
Hum_XLOC_025366,K562,0.07013364501552781
Hum_XLOC_025377,K562,0.0804997277837684
Hum_XLOC_025394,K562,0.05266012417304153
Hum_XLOC_025402,K562,0.06421268780635264
Hum_XLOC_025403,K562,0.06453067744402469
Hum_XLOC_025407,K562,0.058411660808290355
Hum_XLOC_025408,K562,0.07329472081128817
Hum_XLOC_025410,K562,0.06953587483675767
Hum_XLOC_025414,K562,0.0838441037286834
Hum_XLOC_025416,K562,0.06588899208428793
Hum_XLOC_025436,K562,0.08038272332292051
Hum_XLOC_025444,K562,0.08796039695421536
Hum_XLOC_025445,K562,0.08707014501898311
Hum_XLOC_025447,K562,0.0802995750798482
Hum_XLOC_025452,K562,0.0829787566398682
Hum_XLOC_025460,K562,0.062427567824143146
Hum_XLOC_025474,K562,0.0839190794525726
Hum_XLOC_025478,K562,0.08991450045101287
Hum_XLOC_025481,K562,0.0850042006627357
Hum_XLOC_025487,K562,0.09205942034507032
Hum_XLOC_025488,K562,0.08992843944878826
Hum_XLOC_025494,K562,0.09458778255138832
Hum_XLOC_025498,K562,0.08684207184154981
Hum_XLOC_025506,K562,0.06616344877296987
Hum_XLOC_025536,K562,0.06338247737466261
Hum_XLOC_025552,K562,0.08563427595520617
Hum_XLOC_025589,K562,0.07430108051903979
Hum_XLOC_025596,K562,0.08724305980942273
Hum_XLOC_025611,K562,0.08638793676165858
Hum_XLOC_025641,K562,0.08400352797265678
Hum_XLOC_025651,K562,0.07010522391783333
Hum_XLOC_025706,K562,0.05639242651080477
Hum_XLOC_025720,K562,0.06662040917010581
Hum_XLOC_025723,K562,0.08571501315004207
Hum_XLOC_025724,K562,0.07431292277571944
Hum_XLOC_025725,K562,0.0902288413754588
Hum_XLOC_025754,K562,0.049788416244912634
Hum_XLOC_025758,K562,0.07397510367870408
Hum_XLOC_025766,K562,0.06205786642310613
Hum_XLOC_025782,K562,0.08012413455580614
Hum_XLOC_025790,K562,0.07878996392636942
Hum_XLOC_025791,K562,0.05712757017180127
Hum_XLOC_025807,K562,0.08856046960415935
Hum_XLOC_025812,K562,0.08180850361016359
Hum_XLOC_025823,K562,0.06194745749531593
Hum_XLOC_025824,K562,0.07401778136289013
Hum_XLOC_025853,K562,0.08316137240247627
Hum_XLOC_025863,K562,0.07348309709172661
Hum_XLOC_025864,K562,0.06556687303527359
Hum_XLOC_025872,K562,0.051859991577059145
Hum_XLOC_025914,K562,0.06476726893500952
Hum_XLOC_025920,K562,0.05444504820121034
Hum_XLOC_025933,K562,0.079873664346239
Hum_XLOC_025935,K562,0.07580745935393984
Hum_XLOC_025945,K562,0.08069267294594973
Hum_XLOC_025966,K562,0.048696359896783295
Hum_XLOC_025967,K562,0.0923180737952382
Hum_XLOC_025993,K562,0.08075180643473046
Hum_XLOC_026011,K562,0.0675754951850272
Hum_XLOC_026016,K562,0.07512384788432487
Hum_XLOC_026027,K562,0.0829351327315681
Hum_XLOC_026028,K562,0.05646717810984973
Hum_XLOC_026041,K562,0.0747111174087676
Hum_XLOC_026046,K562,0.0826605723468293
Hum_XLOC_026057,K562,0.060412026429458775
Hum_XLOC_026072,K562,0.06414241782783811
Hum_XLOC_026080,K562,0.07109851576662389
Hum_XLOC_026086,K562,0.05137114584906173
Hum_XLOC_026087,K562,0.06878285077758312
Hum_XLOC_026088,K562,0.08863369222773702
Hum_XLOC_026091,K562,0.08758874518272292
Hum_XLOC_026092,K562,0.10696887556625201
Hum_XLOC_026105,K562,0.08855841360049757
Hum_XLOC_026110,K562,0.07298936680128336
Hum_XLOC_026117,K562,0.08437623314256656
Hum_XLOC_026118,K562,0.04990318967475895
Hum_XLOC_026119,K562,0.07999286856692639
Hum_XLOC_026132,K562,0.0631685977804986
Hum_XLOC_026135,K562,0.08390492511302569
Hum_XLOC_026150,K562,0.08085537227021967
Hum_XLOC_026153,K562,0.07254952156419257
Hum_XLOC_026195,K562,0.06147323016731581
Hum_XLOC_026198,K562,0.08889654351282208
Hum_XLOC_026205,K562,0.08628989363336871
Hum_XLOC_026210,K562,0.08223590212580002
Hum_XLOC_026228,K562,0.06796143020518855
Hum_XLOC_026232,K562,0.05086967563132852
Hum_XLOC_026234,K562,0.09060132009571943
Hum_XLOC_026244,K562,0.049412299135462974
Hum_XLOC_026245,K562,0.05900903775523821
Hum_XLOC_026250,K562,0.07551497181570116
Hum_XLOC_026251,K562,0.07792998999573275
Hum_XLOC_026252,K562,0.04348558836777036
Hum_XLOC_026261,K562,0.052455380119280276
Hum_XLOC_026269,K562,0.0793219209745578
Hum_XLOC_026281,K562,0.08372989343218326
Hum_XLOC_026304,K562,0.044363339921265496
Hum_XLOC_026310,K562,0.07515527452152751
Hum_XLOC_026311,K562,0.09276635678856832
Hum_XLOC_026313,K562,0.08838785052117074
Hum_XLOC_026314,K562,0.08590945305159434
Hum_XLOC_026317,K562,0.0657609791620249
Hum_XLOC_026320,K562,0.08311208198651746
Hum_XLOC_026323,K562,0.08233116302550883
Hum_XLOC_026328,K562,0.07784588297539743
Hum_XLOC_026349,K562,0.09022702354921541
Hum_XLOC_026350,K562,0.06470729233052769
Hum_XLOC_026362,K562,0.07897715877038447
Hum_XLOC_026363,K562,0.05113025540226011
Hum_XLOC_026388,K562,0.07239201941778727
Hum_XLOC_026389,K562,0.10930518698412033
Hum_XLOC_026391,K562,0.06218018089045767
Hum_XLOC_026399,K562,0.08599257244303654
Hum_XLOC_026418,K562,0.08686166371435206
Hum_XLOC_026427,K562,0.08544620956299177
Hum_XLOC_026431,K562,0.08613103345610212
Hum_XLOC_026435,K562,0.0722633102097906
Hum_XLOC_026443,K562,0.07270758475749411
Hum_XLOC_026460,K562,0.07790873668736199
Hum_XLOC_026470,K562,0.08416715710344617
Hum_XLOC_026477,K562,0.07168884860935847
Hum_XLOC_026491,K562,0.06608710568385967
Hum_XLOC_026494,K562,0.07682073270772087
Hum_XLOC_026496,K562,0.08666875258339002
Hum_XLOC_026504,K562,0.06060106836466985
Hum_XLOC_026511,K562,0.05693343240259192
Hum_XLOC_026529,K562,0.06487098139284683
Hum_XLOC_026533,K562,0.06934520638410452
Hum_XLOC_026567,K562,0.06741123798063653
Hum_XLOC_026587,K562,0.050304950280841934
Hum_XLOC_026590,K562,0.07425997911932436
Hum_XLOC_026618,K562,0.08391003209964387
Hum_XLOC_026619,K562,0.07477453846427146
Hum_XLOC_026633,K562,0.07531168784477163
Hum_XLOC_026640,K562,0.08434904123781398
Hum_XLOC_026641,K562,0.044895018925033295
Hum_XLOC_026646,K562,0.05918543945331892
Hum_XLOC_026653,K562,0.04913794554192264
Hum_XLOC_026655,K562,0.06137058355695752
Hum_XLOC_026666,K562,0.07711264714469038
Hum_XLOC_026668,K562,0.07890183226174716
Hum_XLOC_026681,K562,0.09113071989360359
Hum_XLOC_026689,K562,0.07650321501947947
Hum_XLOC_026732,K562,0.07881558260052365
Hum_XLOC_026737,K562,0.04957294838406123
Hum_XLOC_026743,K562,0.08314153351607054
Hum_XLOC_026761,K562,0.06672903617859884
Hum_XLOC_026764,K562,0.06782998303064476
Hum_XLOC_026767,K562,0.08212507790013329
Hum_XLOC_026779,K562,0.054135730083637125
Hum_XLOC_026781,K562,0.07238616417418982
Hum_XLOC_026782,K562,0.1939787852102749
Hum_XLOC_026786,K562,0.09043018402499925
Hum_XLOC_026796,K562,0.09008714122284943
Hum_XLOC_026797,K562,0.06821796634596397
Hum_XLOC_026814,K562,0.06884323786973338
Hum_XLOC_026818,K562,0.0758833996820708
Hum_XLOC_026849,K562,0.06520428873040629
Hum_XLOC_026853,K562,0.07056217400194144
Hum_XLOC_026870,K562,0.0873061129901271
Hum_XLOC_026879,K562,0.07089565072054543
Hum_XLOC_026891,K562,0.07824515393446538
Hum_XLOC_026900,K562,0.09323303620253205
Hum_XLOC_026902,K562,0.053157319254255875
Hum_XLOC_026955,K562,0.045331527979119296
Hum_XLOC_026966,K562,0.09228562476560687
Hum_XLOC_026987,K562,0.05252410774552463
Hum_XLOC_026996,K562,0.06144725257094466
Hum_XLOC_026997,K562,0.05946979821624313
Hum_XLOC_027006,K562,0.04181264015460913
Hum_XLOC_027017,K562,0.05217183166648315
Hum_XLOC_027023,K562,0.07138720838931857
Hum_XLOC_027042,K562,0.0626418017397419
Hum_XLOC_027047,K562,0.06990730450288986
Hum_XLOC_027048,K562,0.08925475890526896
Hum_XLOC_027051,K562,0.07269574477591621
Hum_XLOC_027058,K562,0.07512144849032919
Hum_XLOC_027073,K562,0.060736773079160596
Hum_XLOC_027110,K562,0.06444058840810749
Hum_XLOC_027138,K562,0.10472461800813278
Hum_XLOC_027148,K562,0.08059716944631372
Hum_XLOC_027158,K562,0.06668368605016263
Hum_XLOC_027170,K562,0.0867451105545189
Hum_XLOC_027183,K562,0.07469429560458368
Hum_XLOC_027195,K562,0.07311743762634404
Hum_XLOC_027197,K562,0.08695034019123299
Hum_XLOC_027199,K562,0.08608810891790511
Hum_XLOC_027231,K562,0.06451764865283349
Hum_XLOC_027232,K562,0.08133877183809674
Hum_XLOC_027239,K562,0.0712468592764934
Hum_XLOC_027240,K562,0.08371981777310436
Hum_XLOC_027248,K562,0.07511065751620466
Hum_XLOC_027259,K562,0.067768366438748
Hum_XLOC_027290,K562,0.07338447529588248
Hum_XLOC_027291,K562,0.08382845266236741
Hum_XLOC_027294,K562,0.08315447860280688
Hum_XLOC_027295,K562,0.08373369102020872
Hum_XLOC_027297,K562,0.06893002385468912
Hum_XLOC_027314,K562,0.07931731687721214
Hum_XLOC_027315,K562,0.0803638870255282
Hum_XLOC_027336,K562,0.06134071867706547
Hum_XLOC_027352,K562,0.08372024878986811
Hum_XLOC_027354,K562,0.0857770200057941
Hum_XLOC_027358,K562,0.08434214343726558
Hum_XLOC_027382,K562,0.07775630421322992
Hum_XLOC_027383,K562,0.0471628632845728
Hum_XLOC_027390,K562,0.08387560904185123
Hum_XLOC_027391,K562,0.07632614294796408
Hum_XLOC_027397,K562,0.078070683891571
Hum_XLOC_027422,K562,0.067805929497572
Hum_XLOC_027429,K562,0.07663071168742254
Hum_XLOC_027449,K562,0.07938935576122497
Hum_XLOC_027452,K562,0.04538402063406981
Hum_XLOC_027461,K562,0.08184349416904615
Hum_XLOC_027474,K562,0.06017772762371648
Hum_XLOC_027489,K562,0.07356189324759059
Hum_XLOC_027494,K562,0.07964901400613474
Hum_XLOC_027499,K562,0.07233388905290326
Hum_XLOC_027540,K562,0.06513120269096966
Hum_XLOC_027544,K562,0.09037693635793292
Hum_XLOC_027558,K562,0.0650483253288917
Hum_XLOC_027561,K562,0.04714476136933843
Hum_XLOC_027564,K562,0.08995348857503713
Hum_XLOC_027565,K562,0.08592794203418601
Hum_XLOC_027569,K562,0.05972190695560048
Hum_XLOC_027573,K562,0.08413174665676795
Hum_XLOC_027578,K562,0.08223554021461792
Hum_XLOC_027588,K562,0.07915689975253305
Hum_XLOC_027589,K562,0.07320848274596481
Hum_XLOC_027603,K562,0.08385081489580352
Hum_XLOC_027618,K562,0.0941156495222862
Hum_XLOC_027632,K562,0.08427090166529556
Hum_XLOC_027656,K562,0.0879641526724247
Hum_XLOC_027659,K562,0.07311475631729997
Hum_XLOC_027699,K562,0.08871241655055004
Hum_XLOC_027703,K562,0.05092910769929323
Hum_XLOC_027710,K562,0.051427302773428045
Hum_XLOC_027715,K562,0.07825759906690818
Hum_XLOC_027722,K562,0.07920720377777288
Hum_XLOC_027723,K562,0.08251084111331287
Hum_XLOC_027733,K562,0.04737044739943839
Hum_XLOC_027750,K562,0.08541809460187048
Hum_XLOC_027752,K562,0.0855942058896349
Hum_XLOC_027761,K562,0.08903278589989495
Hum_XLOC_027777,K562,0.0613886265037722
Hum_XLOC_027793,K562,0.07358569924937405
Hum_XLOC_027799,K562,0.07902545351586945
Hum_XLOC_027810,K562,0.06595598547835199
Hum_XLOC_027839,K562,0.08320766972815768
Hum_XLOC_027855,K562,0.06279709901737374
Hum_XLOC_027870,K562,0.08236203073324641
Hum_XLOC_027873,K562,0.05298117493060279
Hum_XLOC_027890,K562,0.04941356241136453
Hum_XLOC_027894,K562,0.06501788255183627
Hum_XLOC_027904,K562,0.06813483961102676
Hum_XLOC_027907,K562,0.08431889281246145
Hum_XLOC_027908,K562,0.08468783772296909
Hum_XLOC_027909,K562,0.08714769875337812
Hum_XLOC_027914,K562,0.08487496125990228
Hum_XLOC_027934,K562,0.07472276592208371
Hum_XLOC_027944,K562,0.07612786311064322
Hum_XLOC_027977,K562,0.07950771934556534
Hum_XLOC_028009,K562,0.08368904479695749
Hum_XLOC_028013,K562,0.05275474951420197
Hum_XLOC_028029,K562,0.07545951051734176
Hum_XLOC_028037,K562,0.05289517473647893
Hum_XLOC_028055,K562,0.06637216623874154
Hum_XLOC_028073,K562,0.0754916622839712
Hum_XLOC_028080,K562,0.07421323654760743
Hum_XLOC_028083,K562,0.09546498449970878
Hum_XLOC_028126,K562,0.04621239762750552
Hum_XLOC_028136,K562,0.06439454761895623
Hum_XLOC_028139,K562,0.08161114791642667
Hum_XLOC_028155,K562,0.07643868194964105
Hum_XLOC_028161,K562,0.08657735011640588
Hum_XLOC_028211,K562,0.07305951791520277
Hum_XLOC_028227,K562,0.06598237076210049
Hum_XLOC_028233,K562,0.05270119682903928
Hum_XLOC_028237,K562,0.050732034251957464
Hum_XLOC_028242,K562,0.08884740308580333
Hum_XLOC_028244,K562,0.07801453131559183
Hum_XLOC_028246,K562,0.05003340136354648
Hum_XLOC_028247,K562,0.056357508869162284
Hum_XLOC_028248,K562,0.06604363344172873
Hum_XLOC_028249,K562,0.08445537616374289
Hum_XLOC_028257,K562,0.046647827652889516
Hum_XLOC_028260,K562,0.08722481920373187
Hum_XLOC_028261,K562,0.06129424703526942
Hum_XLOC_028268,K562,0.05816820373967095
Hum_XLOC_028269,K562,0.08517028662817235
Hum_XLOC_028279,K562,0.06887631390625225
Hum_XLOC_028290,K562,0.07958602024982861
Hum_XLOC_028294,K562,0.052803647326730846
Hum_XLOC_028295,K562,0.06152396637950438
Hum_XLOC_028297,K562,0.0814407922652359
Hum_XLOC_028300,K562,0.06940325659933058
Hum_XLOC_028310,K562,0.08140643289475705
Hum_XLOC_028318,K562,0.08178437757948195
Hum_XLOC_028324,K562,0.0788088609403674
Hum_XLOC_028329,K562,0.07750177670869404
Hum_XLOC_028330,K562,0.08556425043618823
Hum_XLOC_028337,K562,0.08015644491300422
Hum_XLOC_028346,K562,0.06681928297531183
Hum_XLOC_028354,K562,0.07397429822189053
Hum_XLOC_028360,K562,0.09130508972794084
Hum_XLOC_028366,K562,0.08291969550892517
Hum_XLOC_028368,K562,0.047030560969691326
Hum_XLOC_028377,K562,0.06533318523332383
Hum_XLOC_028390,K562,0.07069285083289008
Hum_XLOC_028409,K562,0.0887443186802784
Hum_XLOC_028436,K562,0.08537464652516202
Hum_XLOC_028464,K562,0.08384377785962742
Hum_XLOC_028467,K562,0.0707516032468374
Hum_XLOC_028476,K562,0.08263765530954956
Hum_XLOC_028478,K562,0.08463917808928348
Hum_XLOC_028481,K562,0.08634170871066371
Hum_XLOC_028488,K562,0.06563322889198699
Hum_XLOC_028496,K562,0.08384526607136304
Hum_XLOC_028536,K562,0.06950766973790547
Hum_XLOC_028543,K562,0.08630063978094103
Hum_XLOC_028545,K562,0.07703560998388671
Hum_XLOC_028547,K562,0.07510767553390718
Hum_XLOC_028558,K562,0.055534067961704646
Hum_XLOC_028559,K562,0.05467166054011356
Hum_XLOC_028606,K562,0.08169978081201038
Hum_XLOC_028623,K562,0.08610746359935698
Hum_XLOC_028633,K562,0.04932300782343562
Hum_XLOC_028640,K562,0.06762851579497924
Hum_XLOC_028657,K562,0.07286935149685644
Hum_XLOC_028665,K562,0.0696538598624053
Hum_XLOC_028670,K562,0.08705073196176752
Hum_XLOC_028672,K562,0.062011754742615666
Hum_XLOC_028678,K562,0.08016166629320001
Hum_XLOC_028681,K562,0.05218073127543058
Hum_XLOC_028682,K562,0.08074234976611519
Hum_XLOC_028687,K562,0.08537993630486262
Hum_XLOC_028694,K562,0.08695525339113941
Hum_XLOC_028695,K562,0.08153814816920166
Hum_XLOC_028705,K562,0.06817227228382648
Hum_XLOC_028710,K562,0.07638178624915024
Hum_XLOC_028712,K562,0.07023856799801219
Hum_XLOC_028719,K562,0.06600348104670267
Hum_XLOC_028720,K562,0.051111855286906746
Hum_XLOC_028748,K562,0.08269937678848606
Hum_XLOC_028751,K562,0.07980175743103379
Hum_XLOC_028763,K562,0.08624297160696359
Hum_XLOC_028775,K562,0.08522948549878602
Hum_XLOC_028781,K562,0.06944949588714158
Hum_XLOC_028782,K562,0.06530398273444185
Hum_XLOC_028795,K562,0.09574487997958397
Hum_XLOC_028802,K562,0.06319770601437757
Hum_XLOC_028817,K562,0.0529678088276463
Hum_XLOC_028821,K562,0.09058989420308973
Hum_XLOC_028834,K562,0.05768206643891477
Hum_XLOC_028835,K562,0.06871785495405588
Hum_XLOC_028859,K562,0.06165573174118759
Hum_XLOC_028866,K562,0.06905744369225944
Hum_XLOC_028873,K562,0.0816173063011859
Hum_XLOC_028874,K562,0.08919745177489456
Hum_XLOC_028893,K562,0.0636823758822384
Hum_XLOC_028896,K562,0.08462730975872369
Hum_XLOC_028904,K562,0.05197458440290977
Hum_XLOC_028907,K562,0.06546083294356447
Hum_XLOC_028908,K562,0.047875802935445834
Hum_XLOC_028911,K562,0.08099474666509619
Hum_XLOC_028944,K562,0.04832877240960064
Hum_XLOC_028947,K562,0.07635671375622347
Hum_XLOC_028953,K562,0.06053561209484588
Hum_XLOC_028954,K562,0.09263720489521732
Hum_XLOC_028956,K562,0.053150801642134905
Hum_XLOC_028968,K562,0.07060182965175901
Hum_XLOC_028970,K562,0.055442916023806244
Hum_XLOC_028994,K562,0.08413656078474063
Hum_XLOC_029002,K562,0.08109962513804218
Hum_XLOC_029009,K562,0.07056956105874117
Hum_XLOC_029023,K562,0.09344100143154399
Hum_XLOC_029037,K562,0.04767547377591612
Hum_XLOC_029051,K562,0.062319726009384666
Hum_XLOC_029067,K562,0.08410539219166635
Hum_XLOC_029072,K562,0.045507461617603266
Hum_XLOC_029073,K562,0.07226767275644728
Hum_XLOC_029100,K562,0.0641301354650266
Hum_XLOC_029130,K562,0.07004845312233134
Hum_XLOC_029131,K562,0.0616986798979646
Hum_XLOC_029137,K562,0.06295989613275825
Hum_XLOC_029155,K562,0.0779150536173203
Hum_XLOC_029193,K562,0.09230459072999976
Hum_XLOC_029206,K562,0.047654927119611515
Hum_XLOC_029211,K562,0.06266597874634815
Hum_XLOC_029214,K562,0.0827855727329727
Hum_XLOC_029215,K562,0.08649207834203208
Hum_XLOC_029216,K562,0.05051051016641672
Hum_XLOC_029218,K562,0.075639009299552
Hum_XLOC_029234,K562,0.06158787876104945
Hum_XLOC_029239,K562,0.08698101196930463
Hum_XLOC_029245,K562,0.05114465595806987
Hum_XLOC_029247,K562,0.05883813104073794
Hum_XLOC_029253,K562,0.08502993296879417
Hum_XLOC_029254,K562,0.07575268709356658
Hum_XLOC_029277,K562,0.0774763455279184
Hum_XLOC_029279,K562,0.10798038349221456
Hum_XLOC_029281,K562,0.20757174645469678
Hum_XLOC_029283,K562,0.0827568690196829
Hum_XLOC_029292,K562,0.09131602555115431
Hum_XLOC_029305,K562,0.050022895799686634
Hum_XLOC_029312,K562,0.06891704780344637
Hum_XLOC_029316,K562,0.08711286704393978
Hum_XLOC_029333,K562,0.07154521469480121
Hum_XLOC_029338,K562,0.07170266117705149
Hum_XLOC_029341,K562,0.0647904126601483
Hum_XLOC_029344,K562,0.05241953129643098
Hum_XLOC_029363,K562,0.05765141816729207
Hum_XLOC_029364,K562,0.07419276332468168
Hum_XLOC_029372,K562,0.06897262158633387
Hum_XLOC_029382,K562,0.0767807253183867
Hum_XLOC_029391,K562,0.08919951364819764
Hum_XLOC_029394,K562,0.07878476275102213
Hum_XLOC_029396,K562,0.08565935731165124
Hum_XLOC_029419,K562,0.06983348115828364
Hum_XLOC_029436,K562,0.09042938346085118
Hum_XLOC_029443,K562,0.061028873505381054
Hum_XLOC_029451,K562,0.054180949063345064
Hum_XLOC_029466,K562,0.053542866746954465
Hum_XLOC_029467,K562,0.0880917402733921
Hum_XLOC_029469,K562,0.08379744524257116
Hum_XLOC_029487,K562,0.05085232686398867
Hum_XLOC_029498,K562,0.04098354647742207
Hum_XLOC_029505,K562,0.04778954589778367
Hum_XLOC_029537,K562,0.05957281487767153
Hum_XLOC_029543,K562,0.045058916925947476
Hum_XLOC_029548,K562,0.06866627983017275
Hum_XLOC_029552,K562,0.07432807503547412
Hum_XLOC_029595,K562,0.07479714853593784
Hum_XLOC_029597,K562,0.08585797519657998
Hum_XLOC_029609,K562,0.07455542528172149
Hum_XLOC_029611,K562,0.0656288388708241
Hum_XLOC_029624,K562,0.07901979098692694
Hum_XLOC_029638,K562,0.08133427171855778
Hum_XLOC_029639,K562,0.07875508682117834
Hum_XLOC_029676,K562,0.1390131340975292
Hum_XLOC_029677,K562,0.08286553454293065
Hum_XLOC_029679,K562,0.08431451714608557
Hum_XLOC_029682,K562,0.07121747612086698
Hum_XLOC_029700,K562,0.07463538364132677
Hum_XLOC_029704,K562,0.05000405015928852
Hum_XLOC_029712,K562,0.08126448851671778
Hum_XLOC_029713,K562,0.06153833189443088
Hum_XLOC_029718,K562,0.056160236964066794
Hum_XLOC_029721,K562,0.07259582229426888
Hum_XLOC_029723,K562,0.0491259492863616
Hum_XLOC_029734,K562,0.0802243504735599
Hum_XLOC_029751,K562,0.07579588884696628
Hum_XLOC_029752,K562,0.07277943214016348
Hum_XLOC_029754,K562,0.0860752424968175
Hum_XLOC_029756,K562,0.09223037939936896
Hum_XLOC_029803,K562,0.07073407517821428
Hum_XLOC_029808,K562,0.05511989341799766
Hum_XLOC_029819,K562,0.05673477078223518
Hum_XLOC_029823,K562,0.08512358512167145
Hum_XLOC_029824,K562,0.06314606516066033
Hum_XLOC_029826,K562,0.07337500860699257
Hum_XLOC_029829,K562,0.07408996344999617
Hum_XLOC_029832,K562,0.08571655513982411
Hum_XLOC_029836,K562,0.08552118487449176
Hum_XLOC_029838,K562,0.06623098373782273
Hum_XLOC_029853,K562,0.04963140476028892
Hum_XLOC_029865,K562,0.04622902096212215
Hum_XLOC_029871,K562,0.09047378569069228
Hum_XLOC_029873,K562,0.08168285066256548
Hum_XLOC_029883,K562,0.07350948747500724
Hum_XLOC_029885,K562,0.045386953487180665
Hum_XLOC_029886,K562,0.08597632293477366
Hum_XLOC_029893,K562,0.05551979707439143
Hum_XLOC_029908,K562,0.05221666494039719
Hum_XLOC_029929,K562,0.08467951315424702
Hum_XLOC_029940,K562,0.07780631336588073
Hum_XLOC_029965,K562,0.07745354367868146
Hum_XLOC_029966,K562,0.09014200527525358
Hum_XLOC_029975,K562,0.06168185844087135
Hum_XLOC_029976,K562,0.04643943802740641
Hum_XLOC_029988,K562,0.04353926844998105
Hum_XLOC_030000,K562,0.07222605392704541
Hum_XLOC_030047,K562,0.08079711447064164
Hum_XLOC_030050,K562,0.08616232319773513
Hum_XLOC_030057,K562,0.08593134972331279
Hum_XLOC_030097,K562,0.07298320991993808
Hum_XLOC_030101,K562,0.06326201060449745
Hum_XLOC_030105,K562,0.08183967846919435
Hum_XLOC_030108,K562,0.08545420617156058
Hum_XLOC_030149,K562,0.08642267367096618
Hum_XLOC_030151,K562,0.07220939446159672
Hum_XLOC_030168,K562,0.0487444101319458
Hum_XLOC_030170,K562,0.04746761615612821
Hum_XLOC_030171,K562,0.07470356758233528
Hum_XLOC_030172,K562,0.04856851688029945
Hum_XLOC_030179,K562,0.060367902757826955
Hum_XLOC_030183,K562,0.07841518227725042
Hum_XLOC_030186,K562,0.08680565944500966
Hum_XLOC_030196,K562,0.05413670441950964
Hum_XLOC_030200,K562,0.04873586931059379
Hum_XLOC_030211,K562,0.07495841120290965
Hum_XLOC_030218,K562,0.0782550661613859
Hum_XLOC_030226,K562,0.07541860417198307
Hum_XLOC_030235,K562,0.08811020159898252
Hum_XLOC_030237,K562,0.04957006966919376
Hum_XLOC_030249,K562,0.08112659836133367
Hum_XLOC_030254,K562,0.08862358631058434
Hum_XLOC_030255,K562,0.08457134751904549
Hum_XLOC_030270,K562,0.08515504685138095
Hum_XLOC_030273,K562,0.055651040794313815
Hum_XLOC_030304,K562,0.09169568240509525
Hum_XLOC_030305,K562,0.07782026103894965
Hum_XLOC_030315,K562,0.05274023893322047
Hum_XLOC_030319,K562,0.07499331750407556
Hum_XLOC_030320,K562,0.06681964201451868
Hum_XLOC_030323,K562,0.07862856489789201
Hum_XLOC_030328,K562,0.050878478974707174
Hum_XLOC_030348,K562,0.04647945512474147
Hum_XLOC_030353,K562,0.06974877818375882
Hum_XLOC_030384,K562,0.0752051146941286
Hum_XLOC_030385,K562,0.08553583923893512
Hum_XLOC_030393,K562,0.06068451306173555
Hum_XLOC_030411,K562,0.05280818967137201
Hum_XLOC_030412,K562,0.07689878587120857
Hum_XLOC_030434,K562,0.07572797716596205
Hum_XLOC_030444,K562,0.05332527002189623
Hum_XLOC_030447,K562,0.07053204118115725
Hum_XLOC_030451,K562,0.08955194360363725
Hum_XLOC_030471,K562,0.07937323026973239
Hum_XLOC_030507,K562,0.08778567321865094
Hum_XLOC_030532,K562,0.047406330401592305
Hum_XLOC_030533,K562,0.07880512310391419
Hum_XLOC_030540,K562,0.08934497698065026
Hum_XLOC_030543,K562,0.07180320983476461
Hum_XLOC_030549,K562,0.06830451845646689
Hum_XLOC_030554,K562,0.05067401508658335
Hum_XLOC_030568,K562,0.08002585714155436
Hum_XLOC_030580,K562,0.07034753603127786
Hum_XLOC_030585,K562,0.08727005973139232
Hum_XLOC_030619,K562,0.06864916702329288
Hum_XLOC_030622,K562,0.06474759805802513
Hum_XLOC_030623,K562,0.08644050238180977
Hum_XLOC_030656,K562,0.08388495556028314
Hum_XLOC_030712,K562,0.08209414393956518
Hum_XLOC_030715,K562,0.09278450759652188
Hum_XLOC_030727,K562,0.07277093900383441
Hum_XLOC_030731,K562,0.07980165667230646
Hum_XLOC_030747,K562,0.06897273558888138
Hum_XLOC_030750,K562,0.08786243336674451
Hum_XLOC_030765,K562,0.07213307375727
Hum_XLOC_030814,K562,0.06278937307232227
Hum_XLOC_030819,K562,0.07568285480149353
Hum_XLOC_030825,K562,0.06802615844355511
Hum_XLOC_030826,K562,0.08301248650151816
Hum_XLOC_030827,K562,0.06863985582645835
Hum_XLOC_030838,K562,0.07800775496146341
Hum_XLOC_030840,K562,0.05301665632579565
Hum_XLOC_030849,K562,0.5242844153991365
Hum_XLOC_030850,K562,0.15921294416222684
Hum_XLOC_030855,K562,0.07713020180240093
Hum_XLOC_030858,K562,0.07492947151701262
Hum_XLOC_030865,K562,0.08644027483055927
Hum_XLOC_030877,K562,0.07177048944331307
Hum_XLOC_030885,K562,0.06014515112069911
Hum_XLOC_030893,K562,0.07721096082989867
Hum_XLOC_030904,K562,0.06443356198108773
Hum_XLOC_030912,K562,0.08483009081156749
Hum_XLOC_030930,K562,0.07465743817689044
Hum_XLOC_030945,K562,0.08534861866840164
Hum_XLOC_030950,K562,0.082014008167382
Hum_XLOC_030951,K562,0.0852349485580538
Hum_XLOC_030953,K562,0.06751759656117075
Hum_XLOC_030957,K562,0.08450745239782864
Hum_XLOC_030983,K562,0.07731375290899117
Hum_XLOC_030993,K562,0.06279196492985126
Hum_XLOC_031001,K562,0.08829991502456543
Hum_XLOC_031005,K562,0.06310957847003507
Hum_XLOC_031007,K562,0.0812950378555051
Hum_XLOC_031013,K562,0.06630124169395513
Hum_XLOC_031024,K562,0.08560955718749633
Hum_XLOC_031029,K562,0.08322072769337775
Hum_XLOC_031042,K562,0.07934773119968423
Hum_XLOC_031045,K562,0.08613904704891406
Hum_XLOC_031047,K562,0.07491513715771839
Hum_XLOC_031050,K562,0.08950414299183942
Hum_XLOC_031051,K562,0.06769419753092021
Hum_XLOC_031058,K562,0.07865599597542206
Hum_XLOC_031070,K562,0.07288042820989948
Hum_XLOC_031071,K562,0.05114949807360088
Hum_XLOC_031072,K562,0.07699353673873582
Hum_XLOC_031074,K562,0.08550717557295034
Hum_XLOC_031086,K562,0.07536893350236026
Hum_XLOC_031107,K562,0.06556282011346833
Hum_XLOC_031116,K562,0.08574862202068055
Hum_XLOC_031141,K562,0.08175724726470261
Hum_XLOC_031143,K562,0.0513537306381243
Hum_XLOC_031147,K562,0.08878101259512856
Hum_XLOC_031156,K562,0.04522047221393727
Hum_XLOC_031163,K562,0.04954592866543795
Hum_XLOC_031164,K562,0.07633946813286842
Hum_XLOC_031171,K562,0.05963375273834746
Hum_XLOC_031179,K562,0.08033390126468962
Hum_XLOC_031189,K562,0.07252407541317528
Hum_XLOC_031207,K562,0.04473489221551887
Hum_XLOC_031217,K562,0.07262111483435331
Hum_XLOC_031229,K562,0.07914388868790234
Hum_XLOC_031235,K562,0.07417875323198383
Hum_XLOC_031244,K562,0.08140094218162945
Hum_XLOC_031262,K562,0.08691715916452653
Hum_XLOC_031265,K562,0.05202023612348629
Hum_XLOC_031288,K562,0.0558223298024681
Hum_XLOC_031291,K562,0.07974185421531413
Hum_XLOC_031293,K562,0.05116091138635931
Hum_XLOC_031297,K562,0.0594024037356353
Hum_XLOC_031305,K562,0.06173655332270131
Hum_XLOC_031311,K562,0.08993905288095326
Hum_XLOC_031323,K562,0.08461273957693884
Hum_XLOC_031333,K562,0.0919286896128805
Hum_XLOC_031336,K562,0.063100750640535
Hum_XLOC_031346,K562,0.052525900118947984
Hum_XLOC_031349,K562,0.049723307515911135
Hum_XLOC_031378,K562,0.09003677775152845
Hum_XLOC_031382,K562,0.055491840435146766
Hum_XLOC_031386,K562,0.0478269815263294
Hum_XLOC_031396,K562,0.08776305235014709
Hum_XLOC_031450,K562,0.06887883979528413
Hum_XLOC_031451,K562,0.07982889059316198
Hum_XLOC_031458,K562,0.08079364489638462
Hum_XLOC_031469,K562,0.07733724983495399
Hum_XLOC_031470,K562,0.08335746059115988
Hum_XLOC_031471,K562,0.07216386086285875
Hum_XLOC_031500,K562,0.1161792559631236
Hum_XLOC_031505,K562,0.05925097617943699
Hum_XLOC_031517,K562,0.07803632550993972
Hum_XLOC_031538,K562,0.08033088141064154
Hum_XLOC_031542,K562,0.06858235629679857
Hum_XLOC_031547,K562,0.08135395626659767
Hum_XLOC_031552,K562,0.0904778618571513
Hum_XLOC_031554,K562,0.07955059191208771
Hum_XLOC_031557,K562,0.04825646562078939
Hum_XLOC_031581,K562,0.07498538458127903
Hum_XLOC_031605,K562,0.07855484906915398
Hum_XLOC_031622,K562,0.08740733314972843
Hum_XLOC_031633,K562,0.0813930071569961
Hum_XLOC_031639,K562,0.0760394291930255
Hum_XLOC_031640,K562,0.0890786188950967
Hum_XLOC_031643,K562,0.0840250477496425
Hum_XLOC_031664,K562,0.0808348532993649
Hum_XLOC_031683,K562,0.06160004514701853
Hum_XLOC_031688,K562,0.07992441779159921
Hum_XLOC_031710,K562,0.07198253509697289
Hum_XLOC_031714,K562,0.07362887277919855
Hum_XLOC_031715,K562,0.0819634838510511
Hum_XLOC_031733,K562,0.0842252039250813
Hum_XLOC_031737,K562,0.07983015525205707
Hum_XLOC_031738,K562,0.07900471514841664
Hum_XLOC_031740,K562,0.06304448030237549
Hum_XLOC_031749,K562,0.086714740027804
Hum_XLOC_031751,K562,0.08091576162209774
Hum_XLOC_031757,K562,0.0821596005800407
Hum_XLOC_031777,K562,0.052480833640393826
Hum_XLOC_031780,K562,0.08477500493514778
Hum_XLOC_031782,K562,0.06401758155639631
Hum_XLOC_031789,K562,0.06975407930205822
Hum_XLOC_031790,K562,0.0834196230311132
Hum_XLOC_031792,K562,0.08690377247476584
Hum_XLOC_031799,K562,0.08904777404953425
Hum_XLOC_031804,K562,0.04742407080321431
Hum_XLOC_031812,K562,0.08247473198659055
Hum_XLOC_031829,K562,0.08824193387211267
Hum_XLOC_031853,K562,0.054979212263307896
Hum_XLOC_031855,K562,0.05941994842199229
Hum_XLOC_031859,K562,0.06487867438182512
Hum_XLOC_031861,K562,0.046741535380772185
Hum_XLOC_031863,K562,0.0833189821240264
Hum_XLOC_031868,K562,0.08879989843074765
Hum_XLOC_031869,K562,0.08956366417118328
Hum_XLOC_031876,K562,0.08085363926706696
Hum_XLOC_031894,K562,0.07551266821240449
Hum_XLOC_031910,K562,0.06723830999812748
Hum_XLOC_031920,K562,0.07828229867061119
Hum_XLOC_031921,K562,0.07503954700879795
Hum_XLOC_031923,K562,0.06778400172157813
Hum_XLOC_031925,K562,0.05200831579003996
Hum_XLOC_031932,K562,0.07057704430479685
Hum_XLOC_031933,K562,0.06759407530189109
Hum_XLOC_031963,K562,0.050764429145113726
Hum_XLOC_031972,K562,0.08764215260094484
Hum_XLOC_031982,K562,0.07354663533894472
Hum_XLOC_031992,K562,0.06463169931170105
Hum_XLOC_032000,K562,0.07925990351868575
Hum_XLOC_032012,K562,0.085685253035068
Hum_XLOC_032013,K562,0.07309385242132384
Hum_XLOC_032043,K562,0.07899858319291254
Hum_XLOC_032045,K562,0.08550748210374207
Hum_XLOC_032046,K562,0.0906396875936088
Hum_XLOC_032048,K562,0.05400960771201774
Hum_XLOC_032064,K562,0.08670227313689258
Hum_XLOC_032072,K562,0.07434102022332743
Hum_XLOC_032083,K562,0.05090708740727845
Hum_XLOC_032084,K562,0.07841711010947147
Hum_XLOC_032092,K562,0.04364149887772713
Hum_XLOC_032093,K562,0.07282456646209229
Hum_XLOC_032100,K562,0.07933437354704505
Hum_XLOC_032107,K562,0.058769833247395854
Hum_XLOC_032110,K562,0.08781726457689112
Hum_XLOC_032111,K562,0.06367761675643271
Hum_XLOC_032112,K562,0.05376639076746672
Hum_XLOC_032117,K562,0.07297099136977661
Hum_XLOC_032119,K562,0.08321092974218242
Hum_XLOC_032126,K562,0.07466284075025362
Hum_XLOC_032133,K562,0.08660993698333132
Hum_XLOC_032134,K562,0.12622208175060273
Hum_XLOC_032136,K562,0.08148694725816835
Hum_XLOC_032145,K562,0.08817908090606574
Hum_XLOC_032159,K562,0.06582784649731376
Hum_XLOC_032191,K562,0.08791739729658726
Hum_XLOC_032192,K562,0.04960265041468327
Hum_XLOC_032195,K562,0.0776215605338333
Hum_XLOC_032216,K562,0.05177454482042601
Hum_XLOC_032225,K562,0.09661229891298473
Hum_XLOC_032228,K562,0.05200514900776927
Hum_XLOC_032230,K562,0.08599990359024594
Hum_XLOC_032233,K562,0.06933666553779316
Hum_XLOC_032236,K562,0.04912196223623351
Hum_XLOC_032237,K562,0.04780515886358348
Hum_XLOC_032242,K562,0.07353042189344738
Hum_XLOC_032257,K562,0.04999836579488552
Hum_XLOC_032269,K562,0.08203572472515623
Hum_XLOC_032277,K562,0.0800876111666983
Hum_XLOC_032300,K562,0.08476917751552986
Hum_XLOC_032314,K562,0.07830172924839865
Hum_XLOC_032315,K562,0.08117918522958936
Hum_XLOC_032319,K562,0.07210874302736987
Hum_XLOC_032321,K562,0.07031867061633444
Hum_XLOC_032330,K562,0.08802345339006783
Hum_XLOC_032352,K562,0.08359641863999583
Hum_XLOC_032353,K562,0.06430565932322396
Hum_XLOC_032363,K562,0.048123370378476846
Hum_XLOC_032423,K562,0.0783757206389522
Hum_XLOC_032432,K562,0.05144211897996956
Hum_XLOC_032433,K562,0.08380677786053696
Hum_XLOC_032444,K562,0.061341729677946155
Hum_XLOC_032445,K562,0.08162036166067367
Hum_XLOC_032466,K562,0.09634202899632949
Hum_XLOC_032468,K562,0.07107723810998365
Hum_XLOC_032472,K562,0.09042461346921316
Hum_XLOC_032475,K562,0.07869034423828486
Hum_XLOC_032476,K562,0.07105660480676071
Hum_XLOC_032478,K562,0.06673505322125639
Hum_XLOC_032479,K562,0.08481369294406929
Hum_XLOC_032480,K562,0.08744907629722111
Hum_XLOC_032498,K562,0.07827369999976247
Hum_XLOC_032503,K562,0.06440118931637392
Hum_XLOC_032511,K562,0.08219958366974583
Hum_XLOC_032523,K562,0.05638628472047272
Hum_XLOC_032524,K562,0.0662297583190485
Hum_XLOC_032526,K562,0.11060512453614572
Hum_XLOC_032528,K562,0.09180077646671252
Hum_XLOC_032530,K562,0.0846103783105818
Hum_XLOC_032531,K562,0.050627282989388636
Hum_XLOC_032533,K562,0.07457096309360822
Hum_XLOC_032599,K562,0.0728836702451012
Hum_XLOC_032600,K562,0.0814526610340916
Hum_XLOC_032631,K562,0.07673074357813081
Hum_XLOC_032639,K562,0.07623643718953352
Hum_XLOC_032681,K562,0.0925459145768237
Hum_XLOC_032686,K562,0.08678047506504624
Hum_XLOC_032688,K562,0.08578348780102835
Hum_XLOC_032689,K562,0.05201716576775696
Hum_XLOC_032691,K562,0.08735180020441129
Hum_XLOC_032700,K562,0.0718844533589602
Hum_XLOC_032707,K562,0.08698510650179098
Hum_XLOC_032710,K562,0.07787356294526242
Hum_XLOC_032718,K562,0.0640283292487789
Hum_XLOC_032722,K562,0.05078888551045634
Hum_XLOC_032736,K562,0.0623192203664686
Hum_XLOC_032737,K562,0.06361755712019374
Hum_XLOC_032739,K562,0.08601393521370375
Hum_XLOC_032746,K562,0.08674028800615607
Hum_XLOC_032766,K562,0.07046844227722832
Hum_XLOC_032769,K562,0.061897300978882026
Hum_XLOC_032773,K562,0.07239265791759765
Hum_XLOC_032787,K562,0.059712793502596034
Hum_XLOC_032801,K562,0.0665240709333514
Hum_XLOC_032804,K562,0.07870730764719575
Hum_XLOC_032814,K562,0.07939677673925463
Hum_XLOC_032819,K562,0.06712227202299657
Hum_XLOC_032824,K562,0.0611287625507996
Hum_XLOC_032827,K562,0.06213188117179906
Hum_XLOC_032830,K562,0.06312110978322405
Hum_XLOC_032832,K562,0.04792368703039204
Hum_XLOC_032849,K562,0.06833465408585407
Hum_XLOC_032877,K562,0.08911639453983046
Hum_XLOC_032880,K562,0.0642765954791203
Hum_XLOC_032906,K562,0.05603829437142502
Hum_XLOC_032910,K562,0.06465857405640385
Hum_XLOC_032922,K562,0.059119597579409426
Hum_XLOC_032925,K562,0.09205185123556174
Hum_XLOC_032926,K562,0.09126634757211384
Hum_XLOC_032935,K562,0.05120687463094435
Hum_XLOC_032940,K562,0.08537582944370856
Hum_XLOC_032947,K562,0.08989896222041249
Hum_XLOC_032955,K562,0.06147614584537852
Hum_XLOC_032957,K562,0.06568245927507942
Hum_XLOC_032968,K562,0.07536321544777946
Hum_XLOC_032972,K562,0.0861841710826543
Hum_XLOC_032975,K562,0.06169948602797619
Hum_XLOC_032979,K562,0.06946466730478448
Hum_XLOC_032981,K562,0.09170820169402284
Hum_XLOC_032996,K562,0.08269775709909623
Hum_XLOC_032998,K562,0.08857309442027586
Hum_XLOC_033006,K562,0.0840943118624845
Hum_XLOC_033022,K562,0.08357203968819775
Hum_XLOC_033030,K562,0.08358569736616489
Hum_XLOC_033031,K562,0.08101584409616741
Hum_XLOC_033051,K562,0.08838028530862405
Hum_XLOC_033053,K562,0.07577787364612919
Hum_XLOC_033074,K562,0.08382145859422749
Hum_XLOC_033093,K562,0.06394035128757063
Hum_XLOC_033104,K562,0.07990809624909528
Hum_XLOC_033105,K562,0.08462930500517633
Hum_XLOC_033109,K562,0.06143073289202283
Hum_XLOC_033117,K562,0.05912047875461678
Hum_XLOC_033120,K562,0.09072890760770877
Hum_XLOC_033152,K562,0.08918319818456737
Hum_XLOC_033165,K562,0.05507740504154439
Hum_XLOC_033177,K562,0.07108254416936523
Hum_XLOC_033179,K562,0.07847943774968831
Hum_XLOC_033224,K562,0.09748980910870647
Hum_XLOC_033229,K562,0.052830168792592405
Hum_XLOC_033230,K562,0.07604624434281042
Hum_XLOC_033232,K562,0.08669628303647423
Hum_XLOC_033247,K562,0.07466844636502962
Hum_XLOC_033270,K562,0.056149700227562625
Hum_XLOC_033280,K562,0.08292144802910775
Hum_XLOC_033282,K562,0.08175488820432955
Hum_XLOC_033288,K562,0.052714768676919065
Hum_XLOC_033303,K562,0.07922714530907642
Hum_XLOC_033320,K562,0.05832469039375384
Hum_XLOC_033341,K562,0.07791122008811677
Hum_XLOC_033356,K562,0.08171263836957368
Hum_XLOC_033359,K562,0.061484117827885085
Hum_XLOC_033374,K562,0.06394221636274165
Hum_XLOC_033396,K562,0.07234899055052457
Hum_XLOC_033397,K562,0.08856759247042967
Hum_XLOC_033400,K562,0.07303639513926767
Hum_XLOC_033428,K562,0.07690433700484921
Hum_XLOC_033429,K562,0.08128728128152957
Hum_XLOC_033447,K562,0.05399793929441994
Hum_XLOC_033453,K562,0.08718692675477326
Hum_XLOC_033463,K562,0.06538310181682419
Hum_XLOC_033474,K562,0.059617728427262776
Hum_XLOC_033476,K562,0.05366057925017431
Hum_XLOC_033495,K562,0.06383354497220026
Hum_XLOC_033497,K562,0.07177652317043162
Hum_XLOC_033513,K562,0.08366395640209559
Hum_XLOC_033522,K562,0.08203568769081636
Hum_XLOC_033524,K562,0.06745166355208554
Hum_XLOC_033529,K562,0.07182562497383395
Hum_XLOC_033538,K562,0.0677436443939151
Hum_XLOC_033550,K562,0.06563484515987993
Hum_XLOC_033552,K562,0.08970893672231009
Hum_XLOC_033559,K562,0.0763207659831901
Hum_XLOC_033567,K562,0.074990734627794
Hum_XLOC_033585,K562,0.07898678953936611
Hum_XLOC_033592,K562,0.07069945629570672
Hum_XLOC_033612,K562,0.053252146353924945
Hum_XLOC_033613,K562,0.06464092772600727
Hum_XLOC_033628,K562,0.07786677430472062
Hum_XLOC_033673,K562,0.08283229999317512
Hum_XLOC_033688,K562,0.07362331593857444
Hum_XLOC_033689,K562,0.08476472906927893
Hum_XLOC_033707,K562,0.08448068522919733
Hum_XLOC_033730,K562,0.07426268945123249
Hum_XLOC_033763,K562,0.06323012789577226
Hum_XLOC_033764,K562,0.09190220403978859
Hum_XLOC_033770,K562,0.071217075048227
Hum_XLOC_033775,K562,0.08523795270322274
Hum_XLOC_033782,K562,0.06436259192992332
Hum_XLOC_033788,K562,0.05740578480692773
Hum_XLOC_033794,K562,0.08868795081096777
Hum_XLOC_033806,K562,0.09070120830899629
Hum_XLOC_033829,K562,0.08332590103845951
Hum_XLOC_033838,K562,0.08651231606001006
Hum_XLOC_033845,K562,0.06220559220411944
Hum_XLOC_033853,K562,0.08140548021954916
Hum_XLOC_033856,K562,0.07431625904459171
Hum_XLOC_033860,K562,0.05904139650370584
Hum_XLOC_033869,K562,0.08061535874398211
Hum_XLOC_033877,K562,0.04962582422476002
Hum_XLOC_033885,K562,0.09178940182187725
Hum_XLOC_033909,K562,0.08485400955068415
Hum_XLOC_033924,K562,0.061927584540590004
Hum_XLOC_033926,K562,0.08223257419970695
Hum_XLOC_033929,K562,0.05689665862017397
Hum_XLOC_033952,K562,0.07055060926515605
Hum_XLOC_033960,K562,0.05869677748691996
Hum_XLOC_033986,K562,0.0865186972500456
Hum_XLOC_033995,K562,0.08134417964445609
Hum_XLOC_034006,K562,0.05026494984580951
Hum_XLOC_034010,K562,0.07522011096908068
Hum_XLOC_034015,K562,0.0493713469786289
Hum_XLOC_034043,K562,0.05409600079223723
Hum_XLOC_034073,K562,0.08420021728193898
Hum_XLOC_034085,K562,0.052966300043254554
Hum_XLOC_034103,K562,0.07060275001129025
Hum_XLOC_034117,K562,0.08605152310913962
Hum_XLOC_034120,K562,0.08552205664717777
Hum_XLOC_034135,K562,0.08152869246022498
Hum_XLOC_034149,K562,0.08331370045570577
Hum_XLOC_034150,K562,0.061888211718034915
Hum_XLOC_034163,K562,0.07440412615802926
Hum_XLOC_034165,K562,0.07929648257222753
Hum_XLOC_034168,K562,0.06952251135164056
Hum_XLOC_034173,K562,0.07456657090857735
Hum_XLOC_034186,K562,0.07798471557764429
Hum_XLOC_034202,K562,0.08407820245960465
Hum_XLOC_034206,K562,0.0808521164265388
Hum_XLOC_034207,K562,0.06590572700170565
Hum_XLOC_034208,K562,0.07174884425144552
Hum_XLOC_034211,K562,0.05852734649108392
Hum_XLOC_034224,K562,0.04320777192004962
Hum_XLOC_034235,K562,0.0896099732394845
Hum_XLOC_034251,K562,0.06867792756927504
Hum_XLOC_034264,K562,0.08010864124356343
Hum_XLOC_034273,K562,0.054336141399282396
Hum_XLOC_034279,K562,0.046819614634398106
Hum_XLOC_034304,K562,0.05068738927033213
Hum_XLOC_034305,K562,0.07105564608685853
Hum_XLOC_034321,K562,0.07951649064478312
Hum_XLOC_034339,K562,0.08173099321019558
Hum_XLOC_034341,K562,0.05946709077674615
Hum_XLOC_034374,K562,0.08193461513503661
Hum_XLOC_034389,K562,0.08635294538868216
Hum_XLOC_034421,K562,0.09063000338357012
Hum_XLOC_034429,K562,0.08697948167196128
Hum_XLOC_034436,K562,0.058235288602415475
Hum_XLOC_034457,K562,0.06298851324630296
Hum_XLOC_034461,K562,0.05967173672279268
Hum_XLOC_034462,K562,0.05556803663459898
Hum_XLOC_034484,K562,0.08507403644004555
Hum_XLOC_034489,K562,0.08048822837690937
Hum_XLOC_034499,K562,0.06374401231181662
Hum_XLOC_034508,K562,0.08391090453885076
Hum_XLOC_034513,K562,0.08013459089036049
Hum_XLOC_034515,K562,0.07655461268773237
Hum_XLOC_034526,K562,0.0867446741823363
Hum_XLOC_034527,K562,0.07118424173795072
Hum_XLOC_034529,K562,0.07923481330124867
Hum_XLOC_034544,K562,0.08072546758874902
Hum_XLOC_034547,K562,0.07631642634439603
Hum_XLOC_034548,K562,0.08357286659641958
Hum_XLOC_034569,K562,0.07426051023827017
Hum_XLOC_034570,K562,0.07551397787615215
Hum_XLOC_034585,K562,0.07390641530322875
Hum_XLOC_034587,K562,0.0810375738520712
Hum_XLOC_034611,K562,0.05057980617616831
Hum_XLOC_034621,K562,0.07286445323586951
Hum_XLOC_034645,K562,0.08327410141672223
Hum_XLOC_034647,K562,0.08316071816336058
Hum_XLOC_034651,K562,0.0685704608606669
Hum_XLOC_034657,K562,0.07708974296788978
Hum_XLOC_034669,K562,0.10548180474139283
Hum_XLOC_034673,K562,0.077029627547855
Hum_XLOC_034686,K562,0.08642421738375793
Hum_XLOC_034689,K562,0.06498425607521402
Hum_XLOC_034715,K562,0.07517208786212057
Hum_XLOC_034734,K562,0.06250271721542996
Hum_XLOC_034737,K562,0.08206619310181824
Hum_XLOC_034750,K562,0.08840613063012631
Hum_XLOC_034774,K562,0.06003391639975969
Hum_XLOC_034782,K562,0.08107886419965088
Hum_XLOC_034795,K562,0.06829876077696671
Hum_XLOC_034801,K562,0.056761445943507835
Hum_XLOC_034802,K562,0.08141751757201816
Hum_XLOC_034815,K562,0.08360840883477985
Hum_XLOC_034823,K562,0.08650080265410653
Hum_XLOC_034829,K562,0.0881989854871926
Hum_XLOC_034833,K562,0.06439687716700403
Hum_XLOC_034834,K562,0.050003178930043427
Hum_XLOC_034837,K562,0.08015871505688
Hum_XLOC_034858,K562,0.06725450453329151
Hum_XLOC_034863,K562,0.06767901819030105
Hum_XLOC_034873,K562,0.09004185123130858
Hum_XLOC_034874,K562,0.06298263537051048
Hum_XLOC_034898,K562,0.08491160998598286
Hum_XLOC_034916,K562,0.060019412364999705
Hum_XLOC_034945,K562,0.04685530016310922
Hum_XLOC_034980,K562,0.06278496558908628
Hum_XLOC_034997,K562,0.07956599501645577
Hum_XLOC_035005,K562,0.04707088938668326
Hum_XLOC_035015,K562,0.07899326449343688
Hum_XLOC_035021,K562,0.061141017519614885
Hum_XLOC_035024,K562,0.06390445881846755
Hum_XLOC_035027,K562,0.08511668579320014
Hum_XLOC_035028,K562,0.07820244539527509
Hum_XLOC_035031,K562,0.07182085929014398
Hum_XLOC_035037,K562,0.10587395051000682
Hum_XLOC_035063,K562,0.08500286957029392
Hum_XLOC_035077,K562,0.07696323636067554
Hum_XLOC_035081,K562,0.08527000597170895
Hum_XLOC_035084,K562,0.07663398068228953
Hum_XLOC_035095,K562,0.07877695356929525
Hum_XLOC_035097,K562,0.07032900290689723
Hum_XLOC_035121,K562,0.09137712108671282
Hum_XLOC_035131,K562,0.08612597914654443
Hum_XLOC_035142,K562,0.0817541607848837
Hum_XLOC_035143,K562,0.07941844506860267
Hum_XLOC_035146,K562,0.06446061673098638
Hum_XLOC_035148,K562,0.06878810856826359
Hum_XLOC_035149,K562,0.0749954953683218
Hum_XLOC_035152,K562,0.06465685436597862
Hum_XLOC_035158,K562,0.0634475176672003
Hum_XLOC_035160,K562,0.057691422412574064
Hum_XLOC_035161,K562,0.05095567487179047
Hum_XLOC_035168,K562,0.06072224786135526
Hum_XLOC_035175,K562,0.05024039889588696
Hum_XLOC_035177,K562,0.09364066688399533
Hum_XLOC_035182,K562,0.07389493640789147
Hum_XLOC_035194,K562,0.051878388577008216
Hum_XLOC_035197,K562,0.08360403565683082
Hum_XLOC_035199,K562,0.06617023693282995
Hum_XLOC_035217,K562,0.06495838419035442
Hum_XLOC_035242,K562,0.09574074336586977
Hum_XLOC_035243,K562,0.07309189189960913
Hum_XLOC_035244,K562,0.08586823671281334
Hum_XLOC_035247,K562,0.08996788444298653
Hum_XLOC_035248,K562,0.05994026997819567
Hum_XLOC_035250,K562,0.05892236300556876
Hum_XLOC_035255,K562,0.050309163086587644
Hum_XLOC_035256,K562,0.08366941728074886
Hum_XLOC_035261,K562,0.050227079195422575
Hum_XLOC_035265,K562,0.08191508164449143
Hum_XLOC_035275,K562,0.4873074156576105
Hum_XLOC_035278,K562,0.06386622460577135
Hum_XLOC_035279,K562,0.0627092264815979
Hum_XLOC_035283,K562,0.0749251405445095
Hum_XLOC_035301,K562,0.07146535142244653
Hum_XLOC_035321,K562,0.08169223865730006
Hum_XLOC_035325,K562,0.05442303510202219
Hum_XLOC_035329,K562,0.05029797255534049
Hum_XLOC_035333,K562,0.0890015687120782
Hum_XLOC_035343,K562,0.0848827979208805
Hum_XLOC_035345,K562,0.17652370670987172
Hum_XLOC_035357,K562,0.04649450809000862
Hum_XLOC_035366,K562,0.05435632098135954
Hum_XLOC_035388,K562,0.07493819809370067
Hum_XLOC_035390,K562,0.08473501152413608
Hum_XLOC_035392,K562,0.07409977272366004
Hum_XLOC_035396,K562,0.07126953678366318
Hum_XLOC_035429,K562,0.07091439854924357
Hum_XLOC_035431,K562,0.08984072996858745
Hum_XLOC_035441,K562,0.08319120910537045
Hum_XLOC_035457,K562,0.06443411823346756
Hum_XLOC_035486,K562,0.0842778430188468
Hum_XLOC_035491,K562,0.04820541652981418
Hum_XLOC_035495,K562,0.04846782780330494
Hum_XLOC_035508,K562,0.07863462721913533
Hum_XLOC_035513,K562,0.054792259993375655
Hum_XLOC_035542,K562,0.050900735854483424
Hum_XLOC_035555,K562,0.07549258399906253
Hum_XLOC_035567,K562,0.06516605914452799
Hum_XLOC_035577,K562,0.048322286045958146
Hum_XLOC_035613,K562,0.0599692391279467
Hum_XLOC_035618,K562,0.07890024018972058
Hum_XLOC_035641,K562,0.06342776675615977
Hum_XLOC_035645,K562,0.05952356239111729
Hum_XLOC_035650,K562,0.08684527411661955
Hum_XLOC_035663,K562,0.06155838900390885
Hum_XLOC_035691,K562,0.09063001147214647
Hum_XLOC_035697,K562,0.04998894133843727
Hum_XLOC_035700,K562,0.06965221697528547
Hum_XLOC_035701,K562,0.08282585650376395
Hum_XLOC_035724,K562,0.08545953588589257
Hum_XLOC_035745,K562,0.0712358133584243
Hum_XLOC_035749,K562,0.06535841825619454
Hum_XLOC_035752,K562,0.08308244553576444
Hum_XLOC_035772,K562,0.08727034993563751
Hum_XLOC_035774,K562,0.04864795016589358
Hum_XLOC_035792,K562,0.08244693771971001
Hum_XLOC_035801,K562,0.07233979431539428
Hum_XLOC_035803,K562,0.070946354747872
Hum_XLOC_035831,K562,0.0771635153740146
Hum_XLOC_035842,K562,0.07767829796570648
Hum_XLOC_035864,K562,0.048162324681203204
Hum_XLOC_035867,K562,0.060411092056455694
Hum_XLOC_035887,K562,0.07879309177861579
Hum_XLOC_035903,K562,0.047055075162607575
Hum_XLOC_035910,K562,0.05453426826939131
Hum_XLOC_035920,K562,0.07119092833649868
Hum_XLOC_035925,K562,0.04841412675198582
Hum_XLOC_035934,K562,0.0775368235700612
Hum_XLOC_035945,K562,0.07603967325415743
Hum_XLOC_035951,K562,0.04311495053934062
Hum_XLOC_035957,K562,0.07113702786204364
Hum_XLOC_035964,K562,0.09190378685713238
Hum_XLOC_035968,K562,0.08419749873325047
Hum_XLOC_036004,K562,0.08512127821234916
Hum_XLOC_036006,K562,0.08381596191397303
Hum_XLOC_036009,K562,0.04492992210597631
Hum_XLOC_036012,K562,0.06819734233494744
Hum_XLOC_036021,K562,0.07101215057066482
Hum_XLOC_036034,K562,0.07975164849584977
Hum_XLOC_036036,K562,0.08141567469374766
Hum_XLOC_036040,K562,0.08362043146503274
Hum_XLOC_036043,K562,0.08155757754533027
Hum_XLOC_036057,K562,0.06744294666011462
Hum_XLOC_036060,K562,0.07503228043984123
Hum_XLOC_036082,K562,0.059145205769241364
Hum_XLOC_036086,K562,0.08347466584844337
Hum_XLOC_036093,K562,0.07935838404730147
Hum_XLOC_036106,K562,0.06832770472517777
Hum_XLOC_036119,K562,0.0790550532621057
Hum_XLOC_036120,K562,0.0632589175443146
Hum_XLOC_036133,K562,0.07189487222323072
Hum_XLOC_036170,K562,0.06540096303235668
Hum_XLOC_036173,K562,0.06330421750312487
Hum_XLOC_036184,K562,0.07768270238753365
Hum_XLOC_036189,K562,0.04974416206168956
Hum_XLOC_036194,K562,0.08393466575432965
Hum_XLOC_036216,K562,0.06087054318183167
Hum_XLOC_036224,K562,0.08981517358913742
Hum_XLOC_036226,K562,0.07794118980302384
Hum_XLOC_036248,K562,0.0738892549177669
Hum_XLOC_036252,K562,0.08694407992538236
Hum_XLOC_036253,K562,0.08055179663567488
Hum_XLOC_036254,K562,0.08876987960776145
Hum_XLOC_036255,K562,0.08085773201197266
Hum_XLOC_036270,K562,0.08441403156240541
Hum_XLOC_036278,K562,0.08631920554897933
Hum_XLOC_036279,K562,0.07347073910594908
Hum_XLOC_036283,K562,0.09085474181058187
Hum_XLOC_036294,K562,0.09246408880655715
Hum_XLOC_036316,K562,0.04623539676031514
Hum_XLOC_036335,K562,0.051656770049826176
Hum_XLOC_036338,K562,0.08140379856521007
Hum_XLOC_036339,K562,0.09519286216145617
Hum_XLOC_036349,K562,0.06309290763406047
Hum_XLOC_036356,K562,0.07029747535239134
Hum_XLOC_036383,K562,0.06569869497735803
Hum_XLOC_036389,K562,0.08410660081360363
Hum_XLOC_036403,K562,0.05448348138377716
Hum_XLOC_036408,K562,0.07526278538849734
Hum_XLOC_036415,K562,0.065703130039439
Hum_XLOC_036427,K562,0.04433091185149727
Hum_XLOC_036440,K562,0.09194414940450019
Hum_XLOC_036441,K562,0.08241058236058144
Hum_XLOC_036451,K562,0.06959282065354082
Hum_XLOC_036457,K562,0.07276828849171664
Hum_XLOC_036458,K562,0.08106043698923951
Hum_XLOC_036459,K562,0.07545624581157706
Hum_XLOC_036523,K562,0.04595269682133328
Hum_XLOC_036547,K562,0.06325641560677425
Hum_XLOC_036564,K562,0.054212176821836947
Hum_XLOC_036573,K562,0.0744547242075976
Hum_XLOC_036589,K562,0.0688647022835012
Hum_XLOC_036592,K562,0.08729339953121475
Hum_XLOC_036594,K562,0.05078818760759965
Hum_XLOC_036596,K562,0.0835025045777053
Hum_XLOC_036600,K562,0.06130347485355214
Hum_XLOC_036610,K562,0.08616987427250179
Hum_XLOC_036611,K562,0.08467104131049472
Hum_XLOC_036615,K562,0.07272102365880503
Hum_XLOC_036617,K562,0.05398287869241491
Hum_XLOC_036648,K562,0.06733082875818998
Hum_XLOC_036649,K562,0.05716336292589422
Hum_XLOC_036652,K562,0.050051898233303325
Hum_XLOC_036654,K562,0.07715631630537836
Hum_XLOC_036655,K562,0.08694234849049011
Hum_XLOC_036664,K562,0.08818592176440915
Hum_XLOC_036669,K562,0.04958199394225852
Hum_XLOC_036679,K562,0.06533680229852273
Hum_XLOC_036719,K562,0.07429662223765926
Hum_XLOC_036723,K562,0.0806222152542031
Hum_XLOC_036725,K562,0.09028446446129239
Hum_XLOC_036727,K562,0.08438045921627943
Hum_XLOC_036748,K562,0.25952088300375964
Hum_XLOC_036765,K562,0.046307547067494056
Hum_XLOC_036769,K562,0.09095112358542347
Hum_XLOC_036794,K562,0.05268929716483315
Hum_XLOC_036796,K562,0.09965813284338396
Hum_XLOC_036805,K562,0.05671196091774083
Hum_XLOC_036814,K562,0.07069551010168369
Hum_XLOC_036822,K562,0.0834421692108855
Hum_XLOC_036823,K562,0.08495416116350775
Hum_XLOC_036836,K562,0.0722398780135891
Hum_XLOC_036844,K562,0.07901473477324718
Hum_XLOC_036871,K562,0.06141617514251353
Hum_XLOC_036875,K562,0.05131440403297816
Hum_XLOC_036879,K562,0.058946021179317964
Hum_XLOC_036911,K562,0.07843129365985393
Hum_XLOC_036916,K562,0.06003927329241095
Hum_XLOC_036942,K562,0.07635982656431851
Hum_XLOC_036957,K562,0.08399355237892638
Hum_XLOC_036958,K562,0.07800376364190204
Hum_XLOC_036965,K562,0.0744027867715961
Hum_XLOC_036968,K562,0.07034447227985446
Hum_XLOC_036996,K562,0.07985129560709975
Hum_XLOC_036997,K562,0.07145692520857429
Hum_XLOC_036998,K562,0.08365067645359188
Hum_XLOC_037021,K562,0.08318209687098997
Hum_XLOC_037029,K562,0.08280705897057956
Hum_XLOC_037035,K562,0.0707917460477521
Hum_XLOC_037058,K562,0.04874748206863537
Hum_XLOC_037078,K562,0.06655160071231589
Hum_XLOC_037090,K562,0.04686175393670821
Hum_XLOC_037091,K562,0.04772962879507114
Hum_XLOC_037092,K562,0.056308219020780044
Hum_XLOC_037101,K562,0.06878431019559496
Hum_XLOC_037117,K562,0.07734127781418051
Hum_XLOC_037118,K562,0.07182938473987843
Hum_XLOC_037133,K562,0.0794655110396075
Hum_XLOC_037142,K562,0.08018669032652861
Hum_XLOC_037145,K562,0.0632572951058284
Hum_XLOC_037149,K562,0.04985346332838858
Hum_XLOC_037162,K562,0.04785775767042495
Hum_XLOC_037173,K562,0.08201419995919805
Hum_XLOC_037176,K562,0.053524017829317885
Hum_XLOC_037182,K562,0.08805302637394707
Hum_XLOC_037192,K562,0.07578460447009963
Hum_XLOC_037196,K562,0.06412829931986666
Hum_XLOC_037219,K562,0.07863874853892225
Hum_XLOC_037225,K562,0.07822240438024168
Hum_XLOC_037256,K562,0.0879263493848895
Hum_XLOC_037283,K562,0.04646163601802282
Hum_XLOC_037295,K562,0.06350594391908676
Hum_XLOC_037303,K562,0.07483824178756152
Hum_XLOC_037307,K562,0.07664350226907213
Hum_XLOC_037308,K562,0.04702766070487627
Hum_XLOC_037314,K562,0.08690159360164479
Hum_XLOC_037315,K562,0.06225586550215305
Hum_XLOC_037319,K562,0.07588848978783887
Hum_XLOC_037359,K562,0.07822754186427648
Hum_XLOC_037368,K562,0.05238494065045719
Hum_XLOC_037371,K562,0.08313488984783005
Hum_XLOC_037391,K562,0.0772164965380514
Hum_XLOC_037392,K562,0.064122526894368
Hum_XLOC_037401,K562,0.05213428294233804
Hum_XLOC_037402,K562,0.11415891292345055
Hum_XLOC_037406,K562,0.06936946017020829
Hum_XLOC_037438,K562,0.07187216871435223
Hum_XLOC_037441,K562,0.07615735250492786
Hum_XLOC_037446,K562,0.08954389150244517
Hum_XLOC_037447,K562,0.06727548058372422
Hum_XLOC_037465,K562,0.07732184748500624
Hum_XLOC_037466,K562,0.08344102359523292
Hum_XLOC_037486,K562,0.06239163867960913
Hum_XLOC_037497,K562,0.05615987004268267
Hum_XLOC_037501,K562,0.09032256936828151
Hum_XLOC_037523,K562,0.08094551064357372
Hum_XLOC_037534,K562,0.08682780269081151
Hum_XLOC_037540,K562,0.08623155412445077
Hum_XLOC_037541,K562,0.06305729446453151
Hum_XLOC_037550,K562,0.0840131360733817
Hum_XLOC_037565,K562,0.05241078890646769
Hum_XLOC_037570,K562,0.08572232102716976
Hum_XLOC_037595,K562,0.06671241054344283
Hum_XLOC_037599,K562,0.08206348576268249
Hum_XLOC_037600,K562,0.07125821220414302
Hum_XLOC_037604,K562,0.08976407901603174
Hum_XLOC_037627,K562,0.0683456666391061
Hum_XLOC_037638,K562,0.04240899342037936
Hum_XLOC_037646,K562,0.07192481259576618
Hum_XLOC_037647,K562,0.09086503151841051
Hum_XLOC_037660,K562,0.07093718564801078
Hum_XLOC_037675,K562,0.06921259235796208
Hum_XLOC_037678,K562,0.04811823758661868
Hum_XLOC_037681,K562,0.6397541079660588
Hum_XLOC_037689,K562,0.08132167588779915
Hum_XLOC_037699,K562,0.059613746573218364
Hum_XLOC_037709,K562,0.08349968235487104
Hum_XLOC_037720,K562,0.06540051261536395
Hum_XLOC_037726,K562,0.06653331311717445
Hum_XLOC_037736,K562,0.07900405189757029
Hum_XLOC_037747,K562,0.05181154806304261
Hum_XLOC_037762,K562,0.052956178721901725
Hum_XLOC_037768,K562,0.07043070235155392
Hum_XLOC_037780,K562,0.049941460569790055
Hum_XLOC_037781,K562,0.0820609533502932
Hum_XLOC_037817,K562,0.06493017388627262
Hum_XLOC_037819,K562,0.07539753346919718
Hum_XLOC_037831,K562,0.05310018330969331
Hum_XLOC_037834,K562,0.05168018153415749
Hum_XLOC_037853,K562,0.06922418084859105
Hum_XLOC_037856,K562,0.08009478474586226
Hum_XLOC_037875,K562,0.08815558127150394
Hum_XLOC_037883,K562,0.08424431371225158
Hum_XLOC_037895,K562,0.07157349474280976
Hum_XLOC_037900,K562,0.06260373716052513
Hum_XLOC_037923,K562,0.06224635691567858
Hum_XLOC_037931,K562,0.07904052326943528
Hum_XLOC_037935,K562,0.06427086076338771
Hum_XLOC_037940,K562,0.0829106876550376
Hum_XLOC_037942,K562,0.08670530627517582
Hum_XLOC_037944,K562,0.08362896845570186
Hum_XLOC_037950,K562,0.04787812730525278
Hum_XLOC_037951,K562,0.07221797828728234
Hum_XLOC_037957,K562,0.049313601391149695
Hum_XLOC_037970,K562,0.0733003834206194
Hum_XLOC_037974,K562,0.12359931223860005
Hum_XLOC_037981,K562,0.04857831036843593
Hum_XLOC_037989,K562,0.08506599418242886
Hum_XLOC_038000,K562,0.08023195988417711
Hum_XLOC_038004,K562,0.06147730766307751
Hum_XLOC_038012,K562,0.08773927518763985
Hum_XLOC_038014,K562,0.06669718710585948
Hum_XLOC_038015,K562,0.07465767402422299
Hum_XLOC_038017,K562,0.04765200296933193
Hum_XLOC_038019,K562,0.0852516593634125
Hum_XLOC_038029,K562,0.0843480856768258
Hum_XLOC_038031,K562,0.06252998193529918
Hum_XLOC_038032,K562,0.07786565667626065
Hum_XLOC_038033,K562,0.0802408219804863
Hum_XLOC_038037,K562,0.08646910821395257
Hum_XLOC_038038,K562,0.08148870280682592
Hum_XLOC_038061,K562,0.08306137568846855
Hum_XLOC_038063,K562,0.07225467156454288
Hum_XLOC_038066,K562,0.062263342532554694
Hum_XLOC_038088,K562,0.048771947385827685
Hum_XLOC_038092,K562,0.08546630622384555
Hum_XLOC_038108,K562,0.053862621375986894
Hum_XLOC_038110,K562,0.06236233943707037
Hum_XLOC_038115,K562,0.07235513248790099
Hum_XLOC_038116,K562,0.0879277654706383
Hum_XLOC_038126,K562,0.06995907664842574
Hum_XLOC_038144,K562,0.060815451107692244
Hum_XLOC_038150,K562,0.07048982681067704
Hum_XLOC_038152,K562,0.08426642212621147
Hum_XLOC_038155,K562,0.059921927614498265
Hum_XLOC_038158,K562,0.07719689036437018
Hum_XLOC_038169,K562,0.052027720817653354
Hum_XLOC_038175,K562,0.06651139023958652
Hum_XLOC_038176,K562,0.07483608966174027
Hum_XLOC_038188,K562,0.06521720557625532
Hum_XLOC_038191,K562,0.09049698289023538
Hum_XLOC_038195,K562,0.08838108474357526
Hum_XLOC_038196,K562,0.11293859925564209
Hum_XLOC_038197,K562,0.08324340779799642
Hum_XLOC_038214,K562,0.06502682605908651
Hum_XLOC_038221,K562,0.08305576070827574
Hum_XLOC_038225,K562,0.0702613902638229
Hum_XLOC_038228,K562,0.08977211438184607
Hum_XLOC_038233,K562,0.08911455766044166
Hum_XLOC_038245,K562,0.087378186284934
Hum_XLOC_038266,K562,0.07756067801100244
Hum_XLOC_038270,K562,0.08663700264271253
Hum_XLOC_038273,K562,0.07283551064788808
Hum_XLOC_038291,K562,0.05276369951173512
Hum_XLOC_038292,K562,0.07942747314958432
Hum_XLOC_038293,K562,0.05063703757159206
Hum_XLOC_038294,K562,0.05865614342151601
Hum_XLOC_038312,K562,0.08205154378992821
Hum_XLOC_038316,K562,0.0565678733149181
Hum_XLOC_038342,K562,0.07014797207166563
Hum_XLOC_038348,K562,0.07591882437369
Hum_XLOC_038350,K562,0.06293077405932802
Hum_XLOC_038362,K562,0.07555384894980947
Hum_XLOC_038385,K562,0.07367474642114168
Hum_XLOC_038407,K562,0.05012802508092867
Hum_XLOC_038414,K562,0.059810579968912335
Hum_XLOC_038416,K562,0.08800394929845577
Hum_XLOC_038429,K562,0.08205512987340441
Hum_XLOC_038436,K562,0.0621296901294338
Hum_XLOC_038438,K562,0.08515675740075646
Hum_XLOC_038446,K562,0.0495318052182895
Hum_XLOC_038449,K562,0.08676879096827067
Hum_XLOC_038454,K562,0.05849388807152842
Hum_XLOC_038476,K562,0.08864178414937782
Hum_XLOC_038477,K562,0.04926969072425672
Hum_XLOC_038480,K562,0.056995779734843974
Hum_XLOC_038492,K562,0.07592778368108787
Hum_XLOC_038494,K562,0.08108609246805029
Hum_XLOC_038506,K562,0.06235372943647107
Hum_XLOC_038529,K562,0.07425719538932246
Hum_XLOC_038534,K562,0.06806995208019541
Hum_XLOC_038536,K562,0.07112319975229153
Hum_XLOC_038540,K562,0.061579280479564354
Hum_XLOC_038580,K562,0.04690218700597741
Hum_XLOC_038598,K562,0.07244941612352264
Hum_XLOC_038603,K562,0.046685649147123975
Hum_XLOC_038610,K562,0.07212498198033451
Hum_XLOC_038628,K562,0.06066936789253073
Hum_XLOC_038633,K562,0.0452482164403428
Hum_XLOC_038637,K562,0.06213108255536229
Hum_XLOC_038643,K562,0.06224762654667393
Hum_XLOC_038713,K562,0.06850247488769666
Hum_XLOC_038714,K562,0.07958471242803175
Hum_XLOC_038715,K562,0.06099767710537134
Hum_XLOC_038732,K562,0.06473059742866236
Hum_XLOC_038755,K562,0.08237356129437756
Hum_XLOC_038756,K562,0.06810238340054958
Hum_XLOC_038757,K562,0.11436461014068475
Hum_XLOC_038759,K562,0.0800967998201168
Hum_XLOC_038762,K562,0.080414907861177
Hum_XLOC_038767,K562,0.0827120703358789
Hum_XLOC_038774,K562,0.07392791670650306
Hum_XLOC_038809,K562,0.06046857799461213
Hum_XLOC_038810,K562,0.06736531586479506
Hum_XLOC_038852,K562,0.07069192410048891
Hum_XLOC_038853,K562,0.04777981052126273
Hum_XLOC_038858,K562,0.0787452263976656
Hum_XLOC_038862,K562,0.07977644460245883
Hum_XLOC_038913,K562,0.048982771315611094
Hum_XLOC_038922,K562,0.06224948402694849
Hum_XLOC_038927,K562,0.07808691251320841
Hum_XLOC_038936,K562,0.0635971355531537
Hum_XLOC_038940,K562,0.08532688317842094
Hum_XLOC_038945,K562,0.07729837888759158
Hum_XLOC_038947,K562,0.07124549520673798
Hum_XLOC_038952,K562,0.08740463721073181
Hum_XLOC_038958,K562,0.04726781636179146
Hum_XLOC_038972,K562,0.09942522248659717
Hum_XLOC_038976,K562,0.05993924369239273
Hum_XLOC_038984,K562,0.07085347647429079
Hum_XLOC_038986,K562,0.08401770177881834
Hum_XLOC_038994,K562,0.06377023438444807
Hum_XLOC_039020,K562,0.08247092336871109
Hum_XLOC_039045,K562,0.062440979890632145
Hum_XLOC_039058,K562,0.06686895715623761
Hum_XLOC_039059,K562,0.07290462092650365
Hum_XLOC_039070,K562,0.04569872562776039
Hum_XLOC_039075,K562,0.055028030049124065
Hum_XLOC_039076,K562,0.059520719166506295
Hum_XLOC_039083,K562,0.07309685293015498
Hum_XLOC_039107,K562,0.048316872272595214
Hum_XLOC_039124,K562,0.07133284359313409
Hum_XLOC_039127,K562,0.08622738481740626
Hum_XLOC_039136,K562,0.04645737250919484
Hum_XLOC_039140,K562,0.051339513468484754
Hum_XLOC_039150,K562,0.08639878932890972
Hum_XLOC_039161,K562,0.06147830528694224
Hum_XLOC_039163,K562,0.0794798255795006
Hum_XLOC_039169,K562,0.08413025388076992
Hum_XLOC_039175,K562,0.06970191311692828
Hum_XLOC_039180,K562,0.07645401279630344
Hum_XLOC_039191,K562,0.0862251949438904
Hum_XLOC_039192,K562,0.061398570795326124
Hum_XLOC_039194,K562,0.049651516884839875
Hum_XLOC_039198,K562,0.07839340707201271
Hum_XLOC_039199,K562,0.08509969999020948
Hum_XLOC_039215,K562,0.055902648391048505
Hum_XLOC_039217,K562,0.07224928403535599
Hum_XLOC_039225,K562,0.07348645215438532
Hum_XLOC_039232,K562,0.0729852283452816
Hum_XLOC_039235,K562,0.045816131355307446
Hum_XLOC_039247,K562,0.08270529166351205
Hum_XLOC_039258,K562,0.06854606613597818
Hum_XLOC_039259,K562,0.07689246234004316
Hum_XLOC_039265,K562,0.04626664414568327
Hum_XLOC_039268,K562,0.07340370884443564
Hum_XLOC_039274,K562,0.07681304696625815
Hum_XLOC_039288,K562,0.05381660194949245
Hum_XLOC_039289,K562,0.08913414444642362
Hum_XLOC_039297,K562,0.05594744514052731
Hum_XLOC_039324,K562,0.07197314148613743
Hum_XLOC_039347,K562,0.0638215810344542
Hum_XLOC_039369,K562,0.0933928775902606
Hum_XLOC_039372,K562,0.07698387961665243
Hum_XLOC_039373,K562,0.08515822565299143
Hum_XLOC_039378,K562,0.058840293442735864
Hum_XLOC_039382,K562,0.07841881097716365
Hum_XLOC_039402,K562,0.07328339906524318
Hum_XLOC_039432,K562,0.08764665930596495
Hum_XLOC_039437,K562,0.0819215140636137
Hum_XLOC_039446,K562,0.048638144634500766
Hum_XLOC_039447,K562,0.07822717920809985
Hum_XLOC_039449,K562,0.07848472337750406
Hum_XLOC_039454,K562,0.06985401613060585
Hum_XLOC_039455,K562,0.08206861722274086
Hum_XLOC_039460,K562,0.08376758885469984
Hum_XLOC_039464,K562,0.050811489338606075
Hum_XLOC_039468,K562,0.07247922596174103
Hum_XLOC_039469,K562,0.08454753197175231
Hum_XLOC_039489,K562,0.08276091814857309
Hum_XLOC_039501,K562,0.06733419026799715
Hum_XLOC_039506,K562,0.05236966099298354
Hum_XLOC_039509,K562,0.0693317588792687
Hum_XLOC_039515,K562,0.04891348813720553
Hum_XLOC_039524,K562,0.08034524716522959
Hum_XLOC_039525,K562,0.0452172876454379
Hum_XLOC_039526,K562,0.08782761002310129
Hum_XLOC_039536,K562,0.11424932150363085
Hum_XLOC_039546,K562,0.080245929085361
Hum_XLOC_039551,K562,0.07321361244040987
Hum_XLOC_039552,K562,0.08412143503680206
Hum_XLOC_039566,K562,0.08496723415962312
Hum_XLOC_039573,K562,0.07264044116859426
Hum_XLOC_039574,K562,0.09849568851078651
Hum_XLOC_039575,K562,0.07297799267532015
Hum_XLOC_039584,K562,0.07175181489754852
Hum_XLOC_039588,K562,0.06826609464949854
Hum_XLOC_039589,K562,0.08587470151890295
Hum_XLOC_039596,K562,0.08239553176994743
Hum_XLOC_039598,K562,0.08519279629191952
Hum_XLOC_039601,K562,0.05835743532100344
Hum_XLOC_039616,K562,0.06895921634111514
Hum_XLOC_039621,K562,0.04525096196704785
Hum_XLOC_039631,K562,0.08838528774465457
Hum_XLOC_039642,K562,0.08190063672514931
Hum_XLOC_039644,K562,0.07747625016347617
Hum_XLOC_039650,K562,0.09579334461008938
Hum_XLOC_039652,K562,0.08391529555421023
Hum_XLOC_039656,K562,0.0885710394052798
Hum_XLOC_039658,K562,0.06986520303658053
Hum_XLOC_039672,K562,0.059189376410621275
Hum_XLOC_039701,K562,0.07667606525513768
Hum_XLOC_039703,K562,0.08547240315499088
Hum_XLOC_039707,K562,0.04845022651896748
Hum_XLOC_039722,K562,0.06174762878627135
Hum_XLOC_039724,K562,0.07931139893813839
Hum_XLOC_039733,K562,0.05570487107876371
Hum_XLOC_039740,K562,0.08817550007975196
Hum_XLOC_039764,K562,0.0729993890418056
Hum_XLOC_039770,K562,0.05491534884009999
Hum_XLOC_039809,K562,0.07202180382062051
Hum_XLOC_039814,K562,0.06818965248303813
Hum_XLOC_039820,K562,0.0784707956828352
Hum_XLOC_039823,K562,0.08318060529593577
Hum_XLOC_039830,K562,0.08223558080725869
Hum_XLOC_039835,K562,0.05255337344264442
Hum_XLOC_039839,K562,0.047514354088479385
Hum_XLOC_039842,K562,0.06313623991990779
Hum_XLOC_039845,K562,0.08529191594941103
Hum_XLOC_039853,K562,0.07381895660544394
Hum_XLOC_039855,K562,0.0750263575451644
Hum_XLOC_039856,K562,0.061637616887011526
Hum_XLOC_039901,K562,0.06930278019998448
Hum_XLOC_039915,K562,0.07965466732500412
Hum_XLOC_039920,K562,0.07251847359024727
Hum_XLOC_039929,K562,0.047485033126304754
Hum_XLOC_039946,K562,0.05045597002452763
Hum_XLOC_039954,K562,0.0626018551870707
Hum_XLOC_039955,K562,0.08288208125605734
Hum_XLOC_039966,K562,0.06987194488784394
Hum_XLOC_039975,K562,0.06246291904336655
Hum_XLOC_039977,K562,0.08403845836682294
Hum_XLOC_040013,K562,0.06824906185715164
Hum_XLOC_040052,K562,0.052312769000563794
Hum_XLOC_040061,K562,0.043587500804144114
Hum_XLOC_040070,K562,0.0640250082802212
Hum_XLOC_040081,K562,0.08380600688515218
Hum_XLOC_040086,K562,0.06703655851869389
Hum_XLOC_040093,K562,0.0762089623324484
Hum_XLOC_040109,K562,0.05667620786560514
Hum_XLOC_040114,K562,0.08565993473505605
Hum_XLOC_040159,K562,0.05827788822699386
Hum_XLOC_040173,K562,0.05301959359321621
Hum_XLOC_040184,K562,0.0916166838794158
Hum_XLOC_040189,K562,0.07241670692254681
Hum_XLOC_040199,K562,0.07532864027015011
Hum_XLOC_040200,K562,0.048751593365096234
Hum_XLOC_040204,K562,0.04793211367301347
Hum_XLOC_040213,K562,0.08323450970116476
Hum_XLOC_040238,K562,0.08010419820972219
Hum_XLOC_040252,K562,0.04807290993463762
Hum_XLOC_040276,K562,0.0757641491077628
Hum_XLOC_040290,K562,0.0442584584958798
Hum_XLOC_040291,K562,0.05993040385759614
Hum_XLOC_040313,K562,0.07436743554688524
Hum_XLOC_040322,K562,0.16231182222158283
Hum_XLOC_040323,K562,0.08320106839094524
Hum_XLOC_040331,K562,0.07834548173633775
Hum_XLOC_040343,K562,0.05798890539946662
Hum_XLOC_040345,K562,0.08161693643745149
Hum_XLOC_040346,K562,0.07304588030846557
Hum_XLOC_040349,K562,0.07108589989046059
Hum_XLOC_040355,K562,0.08523228982131217
Hum_XLOC_040356,K562,0.07546907447271067
Hum_XLOC_040359,K562,0.07179288876359363
Hum_XLOC_040367,K562,0.059283295160413765
Hum_XLOC_040372,K562,0.0691162381990521
Hum_XLOC_040403,K562,0.0862338669092716
Hum_XLOC_040406,K562,0.062320295567240724
Hum_XLOC_040408,K562,0.07462785440168732
Hum_XLOC_040411,K562,0.08294116872642716
Hum_XLOC_040419,K562,0.08295097943660625
Hum_XLOC_040425,K562,0.06951284543847813
Hum_XLOC_040453,K562,0.08611374479444234
Hum_XLOC_040473,K562,0.07487637192405178
Hum_XLOC_040475,K562,0.0564719560316371
Hum_XLOC_040492,K562,0.0885676082081695
Hum_XLOC_040508,K562,0.08053735145401167
Hum_XLOC_040509,K562,0.08150727282020828
Hum_XLOC_040523,K562,0.049464375501830166
Hum_XLOC_040524,K562,0.1137902461820728
Hum_XLOC_040532,K562,0.08240572686471506
Hum_XLOC_040540,K562,0.09850926107397713
Hum_XLOC_040556,K562,0.08406296212595879
Hum_XLOC_040575,K562,0.08060831781837767
Hum_XLOC_040582,K562,0.07252172802184864
Hum_XLOC_040595,K562,0.08289015680227454
Hum_XLOC_040596,K562,0.08384328491286869
Hum_XLOC_040622,K562,0.06224385857413252
Hum_XLOC_040634,K562,0.0857567709082279
Hum_XLOC_040637,K562,0.07993646066171207
Hum_XLOC_040640,K562,0.08013384116312365
Hum_XLOC_040647,K562,0.0806521920337886
Hum_XLOC_040648,K562,0.0694271944949447
Hum_XLOC_040662,K562,0.05782282060672102
Hum_XLOC_040663,K562,0.046667260720125676
Hum_XLOC_040691,K562,0.06220085011532035
Hum_XLOC_040709,K562,0.10074306511543574
Hum_XLOC_040711,K562,0.07747779250404138
Hum_XLOC_040732,K562,0.07536902915210199
Hum_XLOC_040733,K562,0.078294750590732
Hum_XLOC_040737,K562,0.07766223000014845
Hum_XLOC_040748,K562,0.07185552790930592
Hum_XLOC_040770,K562,0.06382741899437497
Hum_XLOC_040775,K562,0.07898304378170068
Hum_XLOC_040798,K562,0.06189534214685137
Hum_XLOC_040800,K562,0.08559336345661468
Hum_XLOC_040802,K562,0.08871088742110206
Hum_XLOC_040822,K562,0.0767648385624508
Hum_XLOC_040835,K562,0.08473485328470393
Hum_XLOC_040840,K562,0.07170390443110164
Hum_XLOC_040843,K562,0.07098561189461866
Hum_XLOC_040849,K562,0.060832230147539634
Hum_XLOC_040858,K562,0.07902730954465319
Hum_XLOC_040871,K562,0.07182654255852214
Hum_XLOC_040873,K562,0.08948369960285094
Hum_XLOC_040876,K562,0.07072434928468288
Hum_XLOC_040895,K562,0.09102027292146049
Hum_XLOC_040902,K562,0.07745791906016472
Hum_XLOC_040919,K562,0.08990604777190833
Hum_XLOC_040922,K562,0.06895679040602481
Hum_XLOC_040961,K562,0.08604973996151002
Hum_XLOC_040964,K562,0.0825679525282576
Hum_XLOC_040966,K562,0.0632561933993879
Hum_XLOC_040967,K562,0.061061760667469676
Hum_XLOC_040972,K562,0.08784176481834144
Hum_XLOC_040973,K562,0.0827482449911351
Hum_XLOC_040974,K562,0.0986455464393085
Hum_XLOC_040979,K562,0.08790440560913704
Hum_XLOC_040984,K562,0.08558020282325883
Hum_XLOC_041006,K562,0.05878450888239682
Hum_XLOC_041009,K562,0.06572981668769812
Hum_XLOC_041012,K562,0.049522119892556046
Hum_XLOC_041019,K562,0.08380955216610135
Hum_XLOC_041024,K562,0.04882159694361873
Hum_XLOC_041044,K562,0.0885357974326102
Hum_XLOC_041045,K562,0.08193060760715815
Hum_XLOC_041046,K562,0.09023391624531119
Hum_XLOC_041047,K562,0.07940285244470847
Hum_XLOC_041065,K562,0.08545087431114778
Hum_XLOC_041069,K562,0.08022692241069988
Hum_XLOC_041079,K562,0.053060986806362974
Hum_XLOC_041087,K562,0.08679252306019883
Hum_XLOC_041089,K562,0.08350859211768416
Hum_XLOC_041091,K562,0.08897936330059093
Hum_XLOC_041097,K562,0.07374907326425156
Hum_XLOC_041099,K562,0.06926246463996164
Hum_XLOC_041107,K562,0.07826360411361458
Hum_XLOC_041111,K562,0.06977744087802887
Hum_XLOC_041114,K562,0.050209230862494875
Hum_XLOC_041117,K562,0.07927412594360236
Hum_XLOC_041127,K562,0.08204816116765454
Hum_XLOC_041130,K562,0.06910996376838206
Hum_XLOC_041152,K562,0.07264099702947703
Hum_XLOC_041155,K562,0.08435267547052162
Hum_XLOC_041156,K562,0.047080139729789014
Hum_XLOC_041168,K562,0.049167097609580504
Hum_XLOC_041179,K562,0.07464395364556842
Hum_XLOC_041180,K562,0.04793939836295394
Hum_XLOC_041201,K562,0.08528341251113987
Hum_XLOC_041204,K562,0.08538133139748046
Hum_XLOC_041218,K562,0.06721501673978646
Hum_XLOC_041242,K562,0.08653033564731419
Hum_XLOC_041243,K562,0.07256876938752885
Hum_XLOC_041249,K562,0.048919951930404236
Hum_XLOC_041253,K562,0.07237530477171832
Hum_XLOC_041257,K562,0.0792690029364006
Hum_XLOC_041278,K562,0.06659167456946385
Hum_XLOC_041282,K562,0.06930468982846502
Hum_XLOC_041285,K562,0.09609885193730719
Hum_XLOC_041288,K562,0.049815375324532424
Hum_XLOC_041303,K562,0.0684778597863766
Hum_XLOC_041311,K562,0.07868864207426568
Hum_XLOC_041327,K562,0.08569477644452853
Hum_XLOC_041359,K562,0.08879801977304097
Hum_XLOC_041399,K562,0.08713318809914491
Hum_XLOC_041402,K562,0.08573092308228236
Hum_XLOC_041415,K562,0.0629936695615044
Hum_XLOC_041435,K562,0.08614676295127317
Hum_XLOC_041448,K562,0.08438258328322294
Hum_XLOC_041458,K562,0.07610589558990213
Hum_XLOC_041461,K562,0.06764367501060545
Hum_XLOC_041480,K562,0.08064447856275749
Hum_XLOC_041487,K562,0.07253813622201943
Hum_XLOC_041492,K562,0.05132270677555461
Hum_XLOC_041496,K562,0.05192118978640505
Hum_XLOC_041509,K562,0.07309139734488564
Hum_XLOC_041532,K562,0.07221072546124326
Hum_XLOC_041539,K562,0.07122806595275685
Hum_XLOC_041541,K562,0.05745564580070389
Hum_XLOC_041548,K562,0.07254646289415359
Hum_XLOC_041555,K562,0.05541128408206009
Hum_XLOC_041564,K562,0.06677982987821586
Hum_XLOC_041567,K562,0.06967646275377853
Hum_XLOC_041598,K562,0.05814872694840824
Hum_XLOC_041608,K562,0.05131525027514039
Hum_XLOC_041622,K562,0.07985125638488201
Hum_XLOC_041624,K562,0.07695411839738202
Hum_XLOC_041638,K562,0.090170918666092
Hum_XLOC_041647,K562,0.05217269047146912
Hum_XLOC_041657,K562,0.08766978492322758
Hum_XLOC_041677,K562,0.06945798194673451
Hum_XLOC_041693,K562,0.07282414071172803
Hum_XLOC_041708,K562,0.06554271854408444
Hum_XLOC_041721,K562,0.07363717762554509
Hum_XLOC_041722,K562,0.07312457464493
Hum_XLOC_041728,K562,0.07241336746976551
Hum_XLOC_041734,K562,0.08163380859589717
Hum_XLOC_041736,K562,0.07238967699513067
Hum_XLOC_041743,K562,0.07889965381049832
Hum_XLOC_041768,K562,0.08666816887897721
Hum_XLOC_041797,K562,0.07054285099362044
Hum_XLOC_041807,K562,0.0810179873619133
Hum_XLOC_041818,K562,0.0817922451886664
Hum_XLOC_041840,K562,0.07429669766614924
Hum_XLOC_041841,K562,0.07910837262795506
Hum_XLOC_041842,K562,0.07215760947149666
Hum_XLOC_041847,K562,0.07897681376440527
Hum_XLOC_041848,K562,0.08978464569855998
Hum_XLOC_041853,K562,0.0796278664511712
Hum_XLOC_041858,K562,0.08465696157927625
Hum_XLOC_041864,K562,0.07562607854231618
Hum_XLOC_041866,K562,0.08329746953079867
Hum_XLOC_041867,K562,0.08400884992732174
Hum_XLOC_041868,K562,0.0836853134422001
Hum_XLOC_041872,K562,0.08706965222877773
Hum_XLOC_041887,K562,0.08006175044871937
Hum_XLOC_041889,K562,0.06331534966725798
Hum_XLOC_041894,K562,0.06259006757313236
Hum_XLOC_041911,K562,0.06441146506419049
Hum_XLOC_041912,K562,0.07027906040755753
Hum_XLOC_041916,K562,0.061489978535650455
Hum_XLOC_041919,K562,0.07558004982113045
Hum_XLOC_041988,K562,0.06565087179803045
Hum_XLOC_041999,K562,0.051083465172438176
Hum_XLOC_042010,K562,0.08020790634213426
Hum_XLOC_042017,K562,0.08534531164687169
Hum_XLOC_042027,K562,0.08301700231886486
Hum_XLOC_042028,K562,0.08142439955147202
Hum_XLOC_042030,K562,0.06560674315183966
Hum_XLOC_042040,K562,0.08276452834698637
Hum_XLOC_042081,K562,0.06160694501354502
Hum_XLOC_042082,K562,0.08954807094128127
Hum_XLOC_042093,K562,0.0614305072358209
Hum_XLOC_042107,K562,0.08205564339289113
Hum_XLOC_042113,K562,0.051692122144226124
Hum_XLOC_042116,K562,0.08451238827982674
Hum_XLOC_042147,K562,0.10269605699837106
Hum_XLOC_042149,K562,0.0663524702359006
Hum_XLOC_042209,K562,0.05468095842346282
Hum_XLOC_042223,K562,0.08221581715213057
Hum_XLOC_042224,K562,0.07916331069272955
Hum_XLOC_042226,K562,0.07701547159360922
Hum_XLOC_042240,K562,0.08532929741048491
Hum_XLOC_042254,K562,0.08363162121141514
Hum_XLOC_042268,K562,0.08067072845089482
Hum_XLOC_042281,K562,0.07514119042751274
Hum_XLOC_042284,K562,0.08672684694552289
Hum_XLOC_042301,K562,0.07951142772673866
Hum_XLOC_042304,K562,0.08492750865163269
Hum_XLOC_042324,K562,0.1297419034091056
Hum_XLOC_042360,K562,0.08988425948007805
Hum_XLOC_042379,K562,0.049477183515229
Hum_XLOC_042392,K562,0.06979645653289719
Hum_XLOC_042402,K562,0.08729163165877517
Hum_XLOC_042407,K562,0.16788039975484126
Hum_XLOC_042411,K562,0.05231454185799331
Hum_XLOC_042412,K562,0.08230582929614895
Hum_XLOC_042436,K562,0.05213837197107618
Hum_XLOC_042438,K562,0.07356637893703737
Hum_XLOC_042441,K562,0.07967976461471706
Hum_XLOC_042442,K562,0.07497624696252925
Hum_XLOC_042443,K562,0.06555699986973425
Hum_XLOC_042449,K562,0.0676446098640289
Hum_XLOC_042453,K562,0.07718416478250872
Hum_XLOC_042461,K562,0.06123861989305001
Hum_XLOC_042475,K562,0.050509387278407314
Hum_XLOC_042479,K562,0.0721954596615825
Hum_XLOC_042485,K562,0.06701829372103496
Hum_XLOC_042489,K562,0.08417357466293068
Hum_XLOC_042493,K562,0.08885659588693791
Hum_XLOC_042494,K562,0.0691349534073952
Hum_XLOC_042505,K562,0.07666649584789641
Hum_XLOC_042510,K562,0.04966910542666836
Hum_XLOC_042512,K562,0.06284838750681247
Hum_XLOC_042514,K562,0.04989925494793725
Hum_XLOC_042516,K562,0.04726390826379769
Hum_XLOC_042545,K562,0.08574922957973123
Hum_XLOC_042551,K562,0.05016858353090029
Hum_XLOC_042553,K562,0.07587309025628626
Hum_XLOC_042562,K562,0.08331775669703895
Hum_XLOC_042566,K562,0.07680300197409827
Hum_XLOC_042571,K562,0.08312305040030593
Hum_XLOC_042579,K562,0.06493977082257403
Hum_XLOC_042582,K562,0.09593054058036
Hum_XLOC_042589,K562,0.07353438823803485
Hum_XLOC_042649,K562,0.08022958908214975
Hum_XLOC_042651,K562,0.09048733110460315
Hum_XLOC_042658,K562,0.06436524303025061
Hum_XLOC_042659,K562,0.08726557097349265
Hum_XLOC_042664,K562,0.22856380225952797
Hum_XLOC_042666,K562,0.08301811838673429
Hum_XLOC_042669,K562,0.06354351775814185
Hum_XLOC_042670,K562,0.07185766086044347
Hum_XLOC_042671,K562,0.06980206843092854
Hum_XLOC_042678,K562,0.05844094132471982
Hum_XLOC_042681,K562,0.06857267200378575
Hum_XLOC_042685,K562,0.0842644423133867
Hum_XLOC_042709,K562,0.044758489895993146
Hum_XLOC_042710,K562,0.07297771425891969
Hum_XLOC_042718,K562,0.08096137527162839
Hum_XLOC_042728,K562,0.07751915849019048
Hum_XLOC_042739,K562,0.08893026122391166
Hum_XLOC_042749,K562,0.08957855214475685
Hum_XLOC_042751,K562,0.08815568295827118
Hum_XLOC_042761,K562,0.08884307936725894
Hum_XLOC_042774,K562,0.08372120792115254
Hum_XLOC_042799,K562,0.07796337606556755
Hum_XLOC_042802,K562,0.06358983752370517
Hum_XLOC_042804,K562,0.05051501681944622
Hum_XLOC_042805,K562,0.05955204396788684
Hum_XLOC_042814,K562,0.059160744457205
Hum_XLOC_042820,K562,0.07965875655115906
Hum_XLOC_042821,K562,0.07867333441859753
Hum_XLOC_042822,K562,0.087142593973478
Hum_XLOC_042830,K562,0.08610591871349713
Hum_XLOC_042846,K562,0.08402639611082333
Hum_XLOC_042847,K562,0.07207978462252071
Hum_XLOC_042848,K562,0.07181054752372926
Hum_XLOC_042853,K562,0.06780145943831653
Hum_XLOC_042856,K562,0.0759913872521395
Hum_XLOC_042861,K562,0.07757046913576862
Hum_XLOC_042875,K562,0.08548825120489713
Hum_XLOC_042885,K562,0.1263503486963793
Hum_XLOC_042906,K562,0.062257262568989474
Hum_XLOC_042911,K562,0.05432502426894018
Hum_XLOC_042915,K562,0.09129759962546707
Hum_XLOC_042952,K562,0.08954051001017953
Hum_XLOC_042983,K562,0.06602232962681812
Hum_XLOC_042989,K562,0.05209629995773931
Hum_XLOC_042992,K562,0.0757399318981602
Hum_XLOC_043011,K562,0.07514584889443343
Hum_XLOC_043046,K562,0.0537700660061122
Hum_XLOC_043051,K562,0.07275318649752054
Hum_XLOC_043055,K562,0.070043269935948
Hum_XLOC_043057,K562,0.07443883043686705
Hum_XLOC_043067,K562,0.06715845977057393
Hum_XLOC_043075,K562,0.05514620465230888
Hum_XLOC_043078,K562,0.09022753379471216
Hum_XLOC_043080,K562,0.06577162851134487
Hum_XLOC_043089,K562,0.0787833002542684
Hum_XLOC_043090,K562,0.06970582734542843
Hum_XLOC_043102,K562,0.05467838790687621
Hum_XLOC_043111,K562,0.08252088350474217
Hum_XLOC_043113,K562,0.08136516035333996
Hum_XLOC_043129,K562,0.06773098905354052
Hum_XLOC_043134,K562,0.08987799888406978
Hum_XLOC_043135,K562,0.06375261756980545
Hum_XLOC_043155,K562,0.07490278274771761
Hum_XLOC_043168,K562,0.0501918984670411
Hum_XLOC_043180,K562,0.06409009336897015
Hum_XLOC_043181,K562,0.08345634913477953
Hum_XLOC_043182,K562,0.06490356274310656
Hum_XLOC_043197,K562,0.08053768484614826
Hum_XLOC_043198,K562,0.07596827382914886
Hum_XLOC_043201,K562,0.05991537005334362
Hum_XLOC_043212,K562,0.0717239356312496
Hum_XLOC_043215,K562,0.056244480296168534
Hum_XLOC_043238,K562,0.06693979130571893
Hum_XLOC_043261,K562,0.07773901087794653
Hum_XLOC_043266,K562,0.07649437879391949
Hum_XLOC_043272,K562,0.05933150384222981
Hum_XLOC_043274,K562,0.08092378162182225
Hum_XLOC_043279,K562,0.07540126721679652
Hum_XLOC_043283,K562,0.050495543808588575
Hum_XLOC_043299,K562,0.06281240652395899
Hum_XLOC_043300,K562,0.07881705442753466
Hum_XLOC_043310,K562,0.06966526652093664
Hum_XLOC_043319,K562,0.05992326452969389
Hum_XLOC_043326,K562,0.08544463752980991
Hum_XLOC_043328,K562,0.08333924168432381
Hum_XLOC_043329,K562,0.06588631636191208
Hum_XLOC_043336,K562,0.07007434851646495
Hum_XLOC_043339,K562,0.09091863232446579
Hum_XLOC_043359,K562,0.05042818715889522
Hum_XLOC_043371,K562,0.04620374388316359
Hum_XLOC_043393,K562,0.06770469467783106
Hum_XLOC_043395,K562,0.07302292727931084
Hum_XLOC_043397,K562,0.05104203531847914
Hum_XLOC_043427,K562,0.0888166464224169
Hum_XLOC_043428,K562,0.08110610234997265
Hum_XLOC_043437,K562,0.08051561205107541
Hum_XLOC_043441,K562,0.0699947175939396
Hum_XLOC_043462,K562,0.046726633809550555
Hum_XLOC_043463,K562,0.046210691594029504
Hum_XLOC_043464,K562,0.08839940283300418
Hum_XLOC_043465,K562,0.05687387624281799
Hum_XLOC_043508,K562,0.08303137409089216
Hum_XLOC_043510,K562,0.07517976903186623
Hum_XLOC_043543,K562,0.08011224077065185
Hum_XLOC_043544,K562,0.0780679343669744
Hum_XLOC_043545,K562,0.05185813842509182
Hum_XLOC_043548,K562,0.06210732929878247
Hum_XLOC_043554,K562,0.09176520320765014
Hum_XLOC_043555,K562,0.049507055673445766
Hum_XLOC_043561,K562,0.04967648864025002
Hum_XLOC_043575,K562,0.07484325430400171
Hum_XLOC_043579,K562,0.07420647490542838
Hum_XLOC_043590,K562,0.08570992037577543
Hum_XLOC_043599,K562,0.07943833146185002
Hum_XLOC_043601,K562,0.07573269409395611
Hum_XLOC_043603,K562,0.08493325176338816
Hum_XLOC_043608,K562,0.05659133009222739
Hum_XLOC_043616,K562,0.06502476902348228
Hum_XLOC_043621,K562,0.0802535018308547
Hum_XLOC_043633,K562,0.07239791603124043
Hum_XLOC_043642,K562,0.08592545463599274
Hum_XLOC_043647,K562,0.0714138697505914
Hum_XLOC_043654,K562,0.07675100579563474
Hum_XLOC_043655,K562,0.07732063327081706
Hum_XLOC_043659,K562,0.08172482202448719
Hum_XLOC_043666,K562,0.07796173310392002
Hum_XLOC_043672,K562,0.0560162862238482
Hum_XLOC_043675,K562,0.06639444368163279
Hum_XLOC_043689,K562,0.050031036926265524
Hum_XLOC_043713,K562,0.05239785396067488
Hum_XLOC_043719,K562,0.08410585465104385
Hum_XLOC_043725,K562,0.08551006889385429
Hum_XLOC_043742,K562,0.08636194089994861
Hum_XLOC_043745,K562,0.05826586322972917
Hum_XLOC_043746,K562,0.13487499514350584
Hum_XLOC_043750,K562,0.043613293653129465
Hum_XLOC_043758,K562,0.08282701902182135
Hum_XLOC_043764,K562,0.08002058244525576
Hum_XLOC_043780,K562,0.06721040977939939
Hum_XLOC_043782,K562,0.07704885804800339
Hum_XLOC_043803,K562,0.048531237470908324
Hum_XLOC_043806,K562,0.05120769326859247
Hum_XLOC_043814,K562,0.0825021546208947
Hum_XLOC_043836,K562,0.08405754343335142
Hum_XLOC_043846,K562,0.07244372277389406
Hum_XLOC_043854,K562,0.07519475496599588
Hum_XLOC_043856,K562,0.048718759167226816
Hum_XLOC_043864,K562,0.08130767195923091
Hum_XLOC_043886,K562,0.05351934379584224
Hum_XLOC_043898,K562,0.0728286853041779
Hum_XLOC_043906,K562,0.08069936258832475
Hum_XLOC_043913,K562,0.08653232605833011
Hum_XLOC_043918,K562,0.09234825047463524
Hum_XLOC_043923,K562,0.07647460834980538
Hum_XLOC_043928,K562,0.08938088603684048
Hum_XLOC_043946,K562,0.07180287360672266
Hum_XLOC_043966,K562,0.08765234545692237
Hum_XLOC_043970,K562,0.05644386447629407
Hum_XLOC_043980,K562,0.06329769532915414
Hum_XLOC_043981,K562,0.07670409533324038
Hum_XLOC_043989,K562,0.07271282756624431
Hum_XLOC_043990,K562,0.07463660815507363
Hum_XLOC_043996,K562,0.05175199322990887
Hum_XLOC_044002,K562,0.08696221284574758
Hum_XLOC_044003,K562,0.05319987480935306
Hum_XLOC_044006,K562,0.045610425571504964
Hum_XLOC_044011,K562,0.055765214044130006
Hum_XLOC_044012,K562,0.08247609608386908
Hum_XLOC_044023,K562,0.051416445048268054
Hum_XLOC_044049,K562,0.04976032512222899
Hum_XLOC_044052,K562,0.061212012213912696
Hum_XLOC_044066,K562,0.08100717629634156
Hum_XLOC_044076,K562,0.061996947366563464
Hum_XLOC_044094,K562,0.08469747896458898
Hum_XLOC_044110,K562,0.06140825637131786
Hum_XLOC_044111,K562,0.05087761519950815
Hum_XLOC_044120,K562,0.07411413721368869
Hum_XLOC_044135,K562,0.08599558747618158
Hum_XLOC_044138,K562,0.06748831728435536
Hum_XLOC_044148,K562,0.0712290443524951
Hum_XLOC_044151,K562,0.06387431727185934
Hum_XLOC_044179,K562,0.08700239556467598
Hum_XLOC_044193,K562,0.08601936401045673
Hum_XLOC_044208,K562,0.08234695811714735
Hum_XLOC_044210,K562,0.08960020835924824
Hum_XLOC_044219,K562,0.0820538553235222
Hum_XLOC_044230,K562,0.05688871564334794
Hum_XLOC_044237,K562,0.07496920899029232
Hum_XLOC_044240,K562,0.04853960705671381
Hum_XLOC_044242,K562,0.05074033371151283
Hum_XLOC_044243,K562,0.05246837181253593
Hum_XLOC_044246,K562,0.0896664735115042
Hum_XLOC_044247,K562,0.07441172638462493
Hum_XLOC_044264,K562,0.05902778827525941
Hum_XLOC_044269,K562,0.08584469832337083
Hum_XLOC_044270,K562,0.07331789979825432
Hum_XLOC_044281,K562,0.05680628334738927
Hum_XLOC_044283,K562,0.1384334191763286
Hum_XLOC_044287,K562,0.06690281925743474
Hum_XLOC_044305,K562,0.06782700967975311
Hum_XLOC_044306,K562,0.08650933418970697
Hum_XLOC_044352,K562,0.056939791718024976
Hum_XLOC_044359,K562,0.08162693492852255
Hum_XLOC_044366,K562,0.0918615408085338
Hum_XLOC_044370,K562,0.0799905870983008
Hum_XLOC_044371,K562,0.09602098944845906
Hum_XLOC_044383,K562,0.07743932054636929
Hum_XLOC_044385,K562,0.05081905927404134
Hum_XLOC_044403,K562,0.08276025890138952
Hum_XLOC_044417,K562,0.06361412843601313
Hum_XLOC_044418,K562,0.04847358766643944
Hum_XLOC_044436,K562,0.08077833082432809
Hum_XLOC_044448,K562,0.0754699910114279
Hum_XLOC_044484,K562,0.10017315850237093
Hum_XLOC_044501,K562,0.06900134944675362
Hum_XLOC_044505,K562,0.0847509887415886
Hum_XLOC_044527,K562,0.08051346328993324
Hum_XLOC_044529,K562,0.048930226111527426
Hum_XLOC_044530,K562,0.08603423063739733
Hum_XLOC_044531,K562,0.05576603492668524
Hum_XLOC_044533,K562,0.062131792526410226
Hum_XLOC_044544,K562,0.06158385095572391
Hum_XLOC_044575,K562,0.08246019419849275
Hum_XLOC_044610,K562,0.08722886981992364
Hum_XLOC_044616,K562,0.08293430632537911
Hum_XLOC_044621,K562,0.07805746839073645
Hum_XLOC_044624,K562,0.07732522376389415
Hum_XLOC_044634,K562,0.07390351381154328
Hum_XLOC_044667,K562,0.40679295545502375
Hum_XLOC_044671,K562,0.0896310019523604
Hum_XLOC_044673,K562,0.05535966092080942
Hum_XLOC_044676,K562,0.06467665952847082
Hum_XLOC_044678,K562,0.06384136683705355
Hum_XLOC_044685,K562,0.07581720985162119
Hum_XLOC_044749,K562,0.07328485928627992
Hum_XLOC_044750,K562,0.051405726251384946
Hum_XLOC_044772,K562,0.07223178334317332
Hum_XLOC_044776,K562,0.12149200279435284
Hum_XLOC_044782,K562,0.07147115905715642
Hum_XLOC_044794,K562,0.08892859622526385
Hum_XLOC_044800,K562,0.09413714755034967
Hum_XLOC_044824,K562,0.04722446993458458
Hum_XLOC_044828,K562,0.07028916146522314
Hum_XLOC_044854,K562,0.055896017771630106
Hum_XLOC_044874,K562,0.0834691147873832
Hum_XLOC_044877,K562,0.08654042058389634
Hum_XLOC_044881,K562,0.07231246480397961
Hum_XLOC_044926,K562,0.07829255402997062
Hum_XLOC_044932,K562,0.07708404044928119
Hum_XLOC_044938,K562,0.08118250831695101
Hum_XLOC_044949,K562,0.10246295547785404
Hum_XLOC_044952,K562,0.07032711214885476
Hum_XLOC_044957,K562,0.07943541150475031
Hum_XLOC_044972,K562,0.05882004866793576
Hum_XLOC_044999,K562,0.0749507049376821
Hum_XLOC_045018,K562,0.08838326931726828
Hum_XLOC_045058,K562,0.054502766799326356
Hum_XLOC_045062,K562,0.08305682062393703
Hum_XLOC_045066,K562,0.05818990137239465
Hum_XLOC_045068,K562,0.06300779130349383
Hum_XLOC_045075,K562,0.09211309395203246
Hum_XLOC_045076,K562,0.08694768332863569
Hum_XLOC_045078,K562,0.06800652056425742
Hum_XLOC_045079,K562,0.08192027528013907
Hum_XLOC_045100,K562,0.07712404374097832
Hum_XLOC_045105,K562,0.08045387980774747
Hum_XLOC_045106,K562,0.054887296344952
Hum_XLOC_045107,K562,0.06069076351825434
Hum_XLOC_045112,K562,0.06236463158561925
Hum_XLOC_045120,K562,0.07522535818224776
Hum_XLOC_045128,K562,0.07643212955453041
Hum_XLOC_045133,K562,0.058161872677416196
Hum_XLOC_045136,K562,0.08797289292308234
Hum_XLOC_045143,K562,0.06749314503217976
Hum_XLOC_045148,K562,0.06309441265946257
Hum_XLOC_045167,K562,0.054366827451551726
Hum_XLOC_045169,K562,0.08347971048199813
Hum_XLOC_045170,K562,0.04710487194759066
Hum_XLOC_045175,K562,0.08899250941646382
Hum_XLOC_045186,K562,0.08122486509046946
Hum_XLOC_045207,K562,0.07136171291950072
Hum_XLOC_045211,K562,0.04849410883442015
Hum_XLOC_045215,K562,0.07237841907680617
Hum_XLOC_045217,K562,0.08495192702223393
Hum_XLOC_045246,K562,0.081197178348813
Hum_XLOC_045256,K562,0.0735701854344524
Hum_XLOC_045278,K562,0.062317271558123055
Hum_XLOC_045298,K562,0.04769114999497415
Hum_XLOC_045301,K562,0.08536858493187341
Hum_XLOC_045303,K562,0.08509391937804106
Hum_XLOC_045312,K562,0.0896003856834444
Hum_XLOC_045315,K562,0.04769072577498877
Hum_XLOC_045336,K562,0.07305179233531334
Hum_XLOC_045337,K562,0.16396089588567064
Hum_XLOC_045345,K562,0.07730338851277299
Hum_XLOC_045371,K562,0.07349776181501502
Hum_XLOC_045374,K562,0.08498709397340069
Hum_XLOC_045375,K562,0.061033159007988676
Hum_XLOC_045377,K562,0.08527301685766275
Hum_XLOC_045378,K562,0.06854653073552672
Hum_XLOC_045379,K562,0.08295709119139599
Hum_XLOC_045383,K562,0.08186024037728355
Hum_XLOC_045394,K562,0.06337399938786356
Hum_XLOC_045404,K562,0.07791133059031527
Hum_XLOC_045406,K562,0.061536671341342275
Hum_XLOC_045413,K562,0.0521237263335688
Hum_XLOC_045416,K562,0.07347109385463366
Hum_XLOC_045417,K562,0.09175004186924363
Hum_XLOC_045418,K562,0.05054921333937416
Hum_XLOC_045427,K562,0.08347713697849479
Hum_XLOC_045432,K562,0.05822844984075139
Hum_XLOC_045436,K562,0.08760839843195865
Hum_XLOC_045441,K562,0.07183120078753255
Hum_XLOC_045446,K562,0.09028461106837285
Hum_XLOC_045451,K562,0.06906731782991749
Hum_XLOC_045460,K562,0.07482865400813549
Hum_XLOC_045469,K562,0.0852901872037812
Hum_XLOC_045491,K562,0.04992809174696093
Hum_XLOC_045494,K562,0.05736615249455271
Hum_XLOC_045524,K562,0.04942719337327001
Hum_XLOC_045527,K562,0.09723567600271954
Hum_XLOC_045528,K562,0.060251290044207075
Hum_XLOC_045544,K562,0.045109655200214
Hum_XLOC_045567,K562,0.060883441788371594
Hum_XLOC_045569,K562,0.05019584887375496
Hum_XLOC_045570,K562,0.0811457924035565
Hum_XLOC_045572,K562,0.06152995251495309
Hum_XLOC_045584,K562,0.06987706894351195
Hum_XLOC_045588,K562,0.07598299689641438
Hum_XLOC_045593,K562,0.06543271946067049
Hum_XLOC_045596,K562,0.08439101600244012
Hum_XLOC_045597,K562,0.0639700119363258
Hum_XLOC_045612,K562,0.07234489433724917
Hum_XLOC_045617,K562,0.23813625602973335
Hum_XLOC_045624,K562,0.08950568411831122
Hum_XLOC_045625,K562,0.0845015434376012
Hum_XLOC_045638,K562,0.08105485727078626
Hum_XLOC_045649,K562,0.08503706420969101
Hum_XLOC_045650,K562,0.09005587803965218
Hum_XLOC_045661,K562,0.09705575138116188
Hum_XLOC_045662,K562,0.0981399872052789
Hum_XLOC_045667,K562,0.07613616212515117
Hum_XLOC_045674,K562,0.063000152733679
Hum_XLOC_045699,K562,0.07946287501415092
Hum_XLOC_045726,K562,0.05212846881553196
Hum_XLOC_045731,K562,0.0810289355615688
Hum_XLOC_045735,K562,0.04953149559156021
Hum_XLOC_045736,K562,0.09066084979614954
Hum_XLOC_045741,K562,0.0715413496203102
Hum_XLOC_045787,K562,0.07386706602921758
Hum_XLOC_045809,K562,0.06729669692737533
Hum_XLOC_045816,K562,0.0734081696532636
Hum_XLOC_045817,K562,0.09489736905129487
Hum_XLOC_045847,K562,0.08317888664321316
Hum_XLOC_045868,K562,0.07156393291765481
Hum_XLOC_045874,K562,0.06419196725365968
Hum_XLOC_045881,K562,0.052497801911425675
Hum_XLOC_045897,K562,0.0697334401239182
Hum_XLOC_045903,K562,0.06891931063436131
Hum_XLOC_045906,K562,0.0693814904563984
Hum_XLOC_045934,K562,0.08462644393146582
Hum_XLOC_045940,K562,0.049082169486391686
Hum_XLOC_045946,K562,0.048744955803919424
Hum_XLOC_045973,K562,0.06145160288930144
Hum_XLOC_045974,K562,0.19874300356100066
Hum_XLOC_045975,K562,0.07207660258585427
Hum_XLOC_045982,K562,0.08475397053575917
Hum_XLOC_045986,K562,0.06364374772694383
Hum_XLOC_045992,K562,0.05134699796663913
Hum_XLOC_045993,K562,0.043668754395404866
Hum_XLOC_045995,K562,0.050548836317402514
Hum_XLOC_046002,K562,0.0792008126999367
Hum_XLOC_046015,K562,0.06650661553195568
Hum_XLOC_046021,K562,0.05855983106966522
Hum_XLOC_046036,K562,0.07588537494382636
Hum_XLOC_046089,K562,0.06289542622427095
Hum_XLOC_046132,K562,0.052230972704953284
Hum_XLOC_046138,K562,0.07715280975497978
Hum_XLOC_046153,K562,0.04793157481177112
Hum_XLOC_046171,K562,0.08905952237155484
Hum_XLOC_046172,K562,0.08974370539750212
Hum_XLOC_046176,K562,0.08498953039642453
Hum_XLOC_046191,K562,0.05644400537941929
Hum_XLOC_046203,K562,0.07507317812104689
Hum_XLOC_046213,K562,0.08335889823196763
Hum_XLOC_046214,K562,0.06883912184474768
Hum_XLOC_046222,K562,0.08571981300050611
Hum_XLOC_046225,K562,0.06935578909715046
Hum_XLOC_046227,K562,0.057552883883550336
Hum_XLOC_046233,K562,0.046639928588431565
Hum_XLOC_046286,K562,0.07314413113446448
Hum_XLOC_046298,K562,0.0529515752529076
Hum_XLOC_046329,K562,0.05075657622681216
Hum_XLOC_046357,K562,0.08965564490502989
Hum_XLOC_046373,K562,0.0523879593202919
Hum_XLOC_046396,K562,0.08631781761281393
Hum_XLOC_046399,K562,0.0515982164423746
Hum_XLOC_046421,K562,0.06937839074043532
Hum_XLOC_046428,K562,0.08533070777254458
Hum_XLOC_046430,K562,0.05959258321933259
Hum_XLOC_046486,K562,0.08393960389554822
Hum_XLOC_046494,K562,0.08616248574615931
Hum_XLOC_046509,K562,0.08681227685451956
Hum_XLOC_046513,K562,0.06265268863345488
Hum_XLOC_046518,K562,0.08929471401177021
Hum_XLOC_046519,K562,0.07764662569163139
Hum_XLOC_046535,K562,0.06845620329951083
Hum_XLOC_046556,K562,0.06985478726264725
Hum_XLOC_046570,K562,0.0710075870355317
Hum_XLOC_046571,K562,0.07873785560147907
Hum_XLOC_046592,K562,0.06763639945994385
Hum_XLOC_046597,K562,0.07277047367860577
Hum_XLOC_046631,K562,0.07229145827695051
Hum_XLOC_046634,K562,0.06374686876520792
Hum_XLOC_046685,K562,0.0732932905406909
Hum_XLOC_046694,K562,0.08039047197536521
Hum_XLOC_046706,K562,0.056994791782765994
Hum_XLOC_046709,K562,0.0765585444428159
Hum_XLOC_046740,K562,0.06480901064680637
Hum_XLOC_046748,K562,0.06653202132278256
Hum_XLOC_046772,K562,0.04887267500515307
Hum_XLOC_046776,K562,0.08292807709865771
Hum_XLOC_046777,K562,0.08188205187516834
Hum_XLOC_046781,K562,0.07079509697654951
Hum_XLOC_046804,K562,0.09890850998285332
Hum_XLOC_046807,K562,0.08991545183649856
Hum_XLOC_046817,K562,0.05976411126840103
Hum_XLOC_046821,K562,0.08880041364747501
Hum_XLOC_046823,K562,0.04663076206602352
Hum_XLOC_046830,K562,0.08534667447119448
Hum_XLOC_046838,K562,0.04991922344829332
Hum_XLOC_046854,K562,0.08258991871744295
Hum_XLOC_046863,K562,0.05577497509509898
Hum_XLOC_046868,K562,0.08729826696573918
Hum_XLOC_046870,K562,0.06412376961208616
Hum_XLOC_046872,K562,0.05400350663626975
Hum_XLOC_046934,K562,0.047957795545767956
Hum_XLOC_046948,K562,0.050908592429701485
Hum_XLOC_046951,K562,0.0849072469812582
Hum_XLOC_046954,K562,0.08305757853280347
Hum_XLOC_046957,K562,0.08260495655726663
Hum_XLOC_046970,K562,0.08443536835652415
Hum_XLOC_046971,K562,0.08787121014849394
Hum_XLOC_046980,K562,0.0705043686059241
Hum_XLOC_047002,K562,0.06172354327814625
Hum_XLOC_047018,K562,0.043462878162922644
Hum_XLOC_047020,K562,0.0647283681332047
Hum_XLOC_047022,K562,0.08944428162956868
Hum_XLOC_047038,K562,0.07425618947282193
Hum_XLOC_047046,K562,0.047590753928672166
Hum_XLOC_047071,K562,0.06070599406221705
Hum_XLOC_047074,K562,0.07232516018673645
Hum_XLOC_047076,K562,0.0846282348359914
Hum_XLOC_047078,K562,0.08105499995350679
Hum_XLOC_047080,K562,0.08071023726502044
Hum_XLOC_047092,K562,0.08319519885093388
Hum_XLOC_047104,K562,0.05729041739555102
Hum_XLOC_047105,K562,0.0702026651419424
Hum_XLOC_047119,K562,0.08375468676740579
Hum_XLOC_047139,K562,0.0777419647028153
Hum_XLOC_047156,K562,0.09066236218224376
Hum_XLOC_047157,K562,0.07783742099690678
Hum_XLOC_047182,K562,0.06905757803386511
Hum_XLOC_047187,K562,0.07479228154309739
Hum_XLOC_047188,K562,0.07619847456811941
Hum_XLOC_047189,K562,0.06437748652071962
Hum_XLOC_047194,K562,0.054026376179087766
Hum_XLOC_047197,K562,0.0531099528340379
Hum_XLOC_047223,K562,0.05072762435632075
Hum_XLOC_047226,K562,0.08822449658265792
Hum_XLOC_047230,K562,0.08160170151997126
Hum_XLOC_047242,K562,0.05403900292491508
Hum_XLOC_047245,K562,0.09521937039662005
Hum_XLOC_047247,K562,0.3347246370077181
Hum_XLOC_047313,K562,0.06695258624662008
Hum_XLOC_047316,K562,0.07888235678741223
Hum_XLOC_047324,K562,0.08035388963057313
Hum_XLOC_047341,K562,0.07891924822562617
Hum_XLOC_047370,K562,0.04681602526115567
Hum_XLOC_047378,K562,0.048138937394754014
Hum_XLOC_047398,K562,0.07253484007193862
Hum_XLOC_047405,K562,0.048682796847177676
Hum_XLOC_047418,K562,0.058280590859061156
Hum_XLOC_047421,K562,0.05247289572236508
Hum_XLOC_047422,K562,0.08651234974637749
Hum_XLOC_047426,K562,0.04991731704786941
Hum_XLOC_047454,K562,0.08186124004967307
Hum_XLOC_047456,K562,0.060646777230156323
Hum_XLOC_047523,K562,0.07566596103189116
Hum_XLOC_047542,K562,0.05980243834880862
Hum_XLOC_047543,K562,0.07907079382954614
Hum_XLOC_047545,K562,0.061665160296284396
Hum_XLOC_047559,K562,0.08215783304510316
Hum_XLOC_047561,K562,0.06415811291516749
Hum_XLOC_047573,K562,0.056410031265277744
Hum_XLOC_047579,K562,0.09696417069637599
Hum_XLOC_047581,K562,0.04871995934076922
Hum_XLOC_047591,K562,0.09426096244862868
Hum_XLOC_047596,K562,0.05268763450778169
Hum_XLOC_047619,K562,0.07117959256806827
Hum_XLOC_047624,K562,0.08310715190077245
Hum_XLOC_047625,K562,0.06250956669304007
Hum_XLOC_047648,K562,0.08915633943004124
Hum_XLOC_047673,K562,0.08565403229903658
Hum_XLOC_047683,K562,0.04752651091928883
Hum_XLOC_047686,K562,0.07000064132672787
Hum_XLOC_047687,K562,0.07121787682408881
Hum_XLOC_047698,K562,0.07031596369003192
Hum_XLOC_047705,K562,0.06339478710940531
Hum_XLOC_047715,K562,0.08379989909366135
Hum_XLOC_047716,K562,0.045961981297226576
Hum_XLOC_047726,K562,0.05322413751734709
Hum_XLOC_047745,K562,0.07668581256161545
Hum_XLOC_047751,K562,0.06428782416593884
Hum_XLOC_047759,K562,0.05520656287981613
Hum_XLOC_047761,K562,0.0843070515790611
Hum_XLOC_047762,K562,0.08709435817183522
Hum_XLOC_047763,K562,0.060509974350821054
Hum_XLOC_047794,K562,0.0633219132477559
Hum_XLOC_047796,K562,0.13766257207251442
Hum_XLOC_047797,K562,0.0740304679249802
Hum_XLOC_047798,K562,0.12757731007333004
Hum_XLOC_047801,K562,0.08963442077253955
Hum_XLOC_047817,K562,0.07192187378769183
Hum_XLOC_047818,K562,0.049989878668918894
Hum_XLOC_047821,K562,0.06477136647760166
Hum_XLOC_047835,K562,0.06894661428713925
Hum_XLOC_047841,K562,0.08183323457474416
Hum_XLOC_047850,K562,0.05939605815282456
Hum_XLOC_047858,K562,0.06610929590022102
Hum_XLOC_047879,K562,0.08240438878769499
Hum_XLOC_047883,K562,0.07459209264722938
Hum_XLOC_047924,K562,0.0778199047716774
Hum_XLOC_047929,K562,0.05806562079364221
Hum_XLOC_047934,K562,0.08130244146306406
Hum_XLOC_047958,K562,0.084854063281176
Hum_XLOC_047959,K562,0.0580785444110954
Hum_XLOC_047974,K562,0.08900237652640497
Hum_XLOC_047977,K562,0.0795506178556065
Hum_XLOC_047997,K562,0.06921823140618216
Hum_XLOC_048007,K562,0.1302293541667591
Hum_XLOC_048009,K562,0.09964161940127143
Hum_XLOC_048010,K562,0.09154390114542882
Hum_XLOC_048056,K562,0.08416999527115795
Hum_XLOC_048065,K562,0.046591183798370316
Hum_XLOC_048089,K562,0.06510497592075992
Hum_XLOC_048091,K562,0.0880498054772872
Hum_XLOC_048117,K562,0.08220956806716996
Hum_XLOC_048118,K562,0.07285569096513543
Hum_XLOC_048121,K562,0.09366666834045824
Hum_XLOC_048131,K562,0.058266395614024566
Hum_XLOC_048142,K562,0.07286675869647312
Hum_XLOC_048148,K562,0.07432582345965227
Hum_XLOC_048150,K562,0.05376271312628021
Hum_XLOC_048158,K562,0.06727898502419354
Hum_XLOC_048161,K562,0.06800789970323931
Hum_XLOC_048168,K562,0.08072195674079576
Hum_XLOC_048172,K562,0.07219822109704788
Hum_XLOC_048188,K562,0.09075315077192145
Hum_XLOC_048193,K562,0.0526786592912534
Hum_XLOC_048195,K562,0.05082143318814555
Hum_XLOC_048203,K562,0.05558941987807233
Hum_XLOC_048206,K562,0.1471401616825643
Hum_XLOC_048219,K562,0.07812315671438363
Hum_XLOC_048220,K562,0.08312103562438246
Hum_XLOC_048224,K562,0.06618153027638835
Hum_XLOC_048225,K562,0.046198135903085
Hum_XLOC_048228,K562,0.08891896905838742
Hum_XLOC_048235,K562,0.08202568179357939
Hum_XLOC_048238,K562,0.07504746544571925
Hum_XLOC_048250,K562,0.07736262649837151
Hum_XLOC_048253,K562,0.08176557898865468
Hum_XLOC_048254,K562,0.07386397175029545
Hum_XLOC_048258,K562,0.07844085331351723
Hum_XLOC_048295,K562,0.07977869475106213
Hum_XLOC_048303,K562,0.08417113352822206
Hum_XLOC_048309,K562,0.08480870479898091
Hum_XLOC_048333,K562,0.05256966556436926
Hum_XLOC_048375,K562,0.04996076988771095
Hum_XLOC_048385,K562,0.08432695405891184
Hum_XLOC_048399,K562,0.05518632087416936
Hum_XLOC_048400,K562,0.09483950554088742
Hum_XLOC_048410,K562,0.04963100541093386
Hum_XLOC_048419,K562,0.05672358737583104
Hum_XLOC_048443,K562,0.07546967347742482
Hum_XLOC_048448,K562,0.06670206785997211
Hum_XLOC_048455,K562,0.07276222918665183
Hum_XLOC_048473,K562,0.07193337047200013
Hum_XLOC_048475,K562,0.06181380669468389
Hum_XLOC_048480,K562,0.08586239001187078
Hum_XLOC_048502,K562,0.0474091131343217
Hum_XLOC_048505,K562,0.06267640650459022
Hum_XLOC_048506,K562,0.08375717735125851
Hum_XLOC_048520,K562,0.045829581441230054
Hum_XLOC_048524,K562,0.08544954494065385
Hum_XLOC_048534,K562,0.07365486526661537
Hum_XLOC_048539,K562,0.08620677087424264
Hum_XLOC_048541,K562,0.04857916026489116
Hum_XLOC_048578,K562,0.07709510453559906
Hum_XLOC_048580,K562,0.051077429308215294
Hum_XLOC_048593,K562,0.05735000201287194
Hum_XLOC_048626,K562,0.04862974525452552
Hum_XLOC_048667,K562,0.08526236690783642
Hum_XLOC_048668,K562,0.06868596456281204
Hum_XLOC_048673,K562,0.08407949730395403
Hum_XLOC_048687,K562,0.06557778492812462
Hum_XLOC_048700,K562,0.048568111192268365
Hum_XLOC_048706,K562,0.0757922210635398
Hum_XLOC_048714,K562,0.08107940987083963
Hum_XLOC_048716,K562,0.07215162412980333
Hum_XLOC_048721,K562,0.08344590188993171
Hum_XLOC_048722,K562,0.0795073884964175
Hum_XLOC_048736,K562,0.07100662225568191
Hum_XLOC_048737,K562,0.09081031245964175
Hum_XLOC_048739,K562,0.07583103904781546
Hum_XLOC_048744,K562,0.0640103788661227
Hum_XLOC_048753,K562,0.05354440880198316
Hum_XLOC_048754,K562,0.0730880226010454
Hum_XLOC_048776,K562,0.07894839332342016
Hum_XLOC_048781,K562,0.08733982153524225
Hum_XLOC_048783,K562,0.061055554290247616
Hum_XLOC_048784,K562,0.06535297879246482
Hum_XLOC_048789,K562,0.0633176022630115
Hum_XLOC_048798,K562,0.07349566567144149
Hum_XLOC_048816,K562,0.08679436797853102
Hum_XLOC_048817,K562,0.08042525646700133
Hum_XLOC_048840,K562,0.05439345887581108
Hum_XLOC_048842,K562,0.08550919364867843
Hum_XLOC_048859,K562,0.07603755831272155
Hum_XLOC_048868,K562,0.08403422061592906
Hum_XLOC_048891,K562,0.08676635454615947
Hum_XLOC_048903,K562,0.08694463384977479
Hum_XLOC_048906,K562,0.08655810173339412
Hum_XLOC_048909,K562,0.07969985939964384
Hum_XLOC_048935,K562,0.07005213030494564
Hum_XLOC_048941,K562,0.05233183034433223
Hum_XLOC_048942,K562,0.05941955486113576
Hum_XLOC_048945,K562,0.0801288382223271
Hum_XLOC_048957,K562,0.05007506476024346
Hum_XLOC_048965,K562,0.0728915733439647
Hum_XLOC_048966,K562,0.07035050184244358
Hum_XLOC_048978,K562,0.07710013878677471
Hum_XLOC_048988,K562,0.05502419150659192
Hum_XLOC_048999,K562,0.07416601430385586
Hum_XLOC_049000,K562,0.07862013991382347
Hum_XLOC_049006,K562,0.06306253194991246
Hum_XLOC_049007,K562,0.08394511168848508
Hum_XLOC_049009,K562,0.06074825208741175
Hum_XLOC_049024,K562,0.07861158481135017
Hum_XLOC_049028,K562,0.0818789406905686
Hum_XLOC_049037,K562,0.07815819759968992
Hum_XLOC_049040,K562,0.0724450114697027
Hum_XLOC_049043,K562,0.061772232645587295
Hum_XLOC_049062,K562,0.08190965811294194
Hum_XLOC_049063,K562,0.08629571849757231
Hum_XLOC_049064,K562,0.07932258594432977
Hum_XLOC_049075,K562,0.05252523464580845
Hum_XLOC_049084,K562,0.07226260824012462
Hum_XLOC_049094,K562,0.0871857400620266
Hum_XLOC_049099,K562,0.07361678813297418
Hum_XLOC_049102,K562,0.07962907778156703
Hum_XLOC_049106,K562,0.08060633883109838
Hum_XLOC_049109,K562,0.058413342049201254
Hum_XLOC_049120,K562,0.05371155254422764
Hum_XLOC_049127,K562,0.07862555578589644
Hum_XLOC_049129,K562,0.0837853919396504
Hum_XLOC_049179,K562,0.08332824864096734
Hum_XLOC_049180,K562,0.07110614185729618
Hum_XLOC_049193,K562,0.07439279250090225
Hum_XLOC_049195,K562,0.05337148454941473
Hum_XLOC_049198,K562,0.044667333138748676
Hum_XLOC_049207,K562,0.08159377006983373
Hum_XLOC_049228,K562,0.06483697526298517
Hum_XLOC_049229,K562,0.08522937800539981
Hum_XLOC_049235,K562,0.06382051312667522
Hum_XLOC_049252,K562,0.08393274907829093
Hum_XLOC_049269,K562,0.08296909912103853
Hum_XLOC_049270,K562,0.06560286766362158
Hum_XLOC_049275,K562,0.18776055512418677
Hum_XLOC_049290,K562,0.06553909124778491
Hum_XLOC_049291,K562,0.04953818239582007
Hum_XLOC_049293,K562,0.059417504787804845
Hum_XLOC_049298,K562,0.07236248303037515
Hum_XLOC_049317,K562,0.08307080186135399
Hum_XLOC_049340,K562,0.08581995134358292
Hum_XLOC_049345,K562,0.08496122075923114
Hum_XLOC_049347,K562,0.07150576768206258
Hum_XLOC_049360,K562,0.05185597623168112
Hum_XLOC_049368,K562,0.09123319730985896
Hum_XLOC_049374,K562,0.078362774090737
Hum_XLOC_049381,K562,0.07205221652418371
Hum_XLOC_049398,K562,0.06291833868761583
Hum_XLOC_049400,K562,0.048719553118128374
Hum_XLOC_049404,K562,0.09641668169968014
Hum_XLOC_049412,K562,0.07086609644295434
Hum_XLOC_049413,K562,0.06209502463500778
Hum_XLOC_049438,K562,0.08480102821288601
Hum_XLOC_049439,K562,0.06568703872426705
Hum_XLOC_049446,K562,0.0818373147835934
Hum_XLOC_049450,K562,0.08273402368302506
Hum_XLOC_049457,K562,0.08062518600826674
Hum_XLOC_049478,K562,0.06854631098232289
Hum_XLOC_049481,K562,0.05495501986783983
Hum_XLOC_049503,K562,0.1833015750643265
Hum_XLOC_049540,K562,0.07303438086707305
Hum_XLOC_049546,K562,0.04494051775805067
Hum_XLOC_049551,K562,0.08398218483740237
Hum_XLOC_049554,K562,0.08640495532611253
Hum_XLOC_049559,K562,0.08796081518816738
Hum_XLOC_049562,K562,0.07423786144699754
Hum_XLOC_049569,K562,0.08045368194376751
Hum_XLOC_049571,K562,0.07365968010236121
Hum_XLOC_049600,K562,0.0855137037566191
Hum_XLOC_049636,K562,0.07715897278278595
Hum_XLOC_049647,K562,0.07711646615597349
Hum_XLOC_049682,K562,0.04716393087055179
Hum_XLOC_049683,K562,0.07489674321094474
Hum_XLOC_049684,K562,0.08092756102070214
Hum_XLOC_049692,K562,0.0844848866036721
Hum_XLOC_049696,K562,0.0756047176693257
Hum_XLOC_049699,K562,0.08625716564954422
Hum_XLOC_049700,K562,0.0598963561367266
Hum_XLOC_049714,K562,0.07248796168599517
Hum_XLOC_049742,K562,0.048815698852307264
Hum_XLOC_049746,K562,0.05817705156058382
Hum_XLOC_049747,K562,0.061847311452424863
Hum_XLOC_049749,K562,0.0828087638159132
Hum_XLOC_049750,K562,0.08396245020241964
Hum_XLOC_049769,K562,0.08307749354876857
Hum_XLOC_049774,K562,0.050479425874334884
Hum_XLOC_049776,K562,0.04847848466475021
Hum_XLOC_049777,K562,0.06324906726518305
Hum_XLOC_049783,K562,0.046650629898111175
Hum_XLOC_049798,K562,0.06250288290667821
Hum_XLOC_049805,K562,0.08514656936637233
Hum_XLOC_049809,K562,0.055810204046167794
Hum_XLOC_049810,K562,0.07503575440198856
Hum_XLOC_049811,K562,0.07358815088275927
Hum_XLOC_049813,K562,0.08450618406913361
Hum_XLOC_049820,K562,0.04728829779033379
Hum_XLOC_049832,K562,0.05674792190899361
Hum_XLOC_049845,K562,0.06482866298573017
Hum_XLOC_049856,K562,0.09316176011075737
Hum_XLOC_049862,K562,0.08630288348339896
Hum_XLOC_049882,K562,0.050221709413572825
Hum_XLOC_049900,K562,0.07866942127562447
Hum_XLOC_049919,K562,0.06240760770559271
Hum_XLOC_049936,K562,0.04755816856010268
Hum_XLOC_049940,K562,0.33734734095071983
Hum_XLOC_049979,K562,0.07750190035989343
Hum_XLOC_049983,K562,0.053927985516840436
Hum_XLOC_049999,K562,0.0888534206315097
Hum_XLOC_050007,K562,0.060051874645320365
Hum_XLOC_050012,K562,0.04870743505206269
Hum_XLOC_050013,K562,0.08707320042632924
Hum_XLOC_050022,K562,0.21492266107236538
Hum_XLOC_050027,K562,0.0735298304453905
Hum_XLOC_050042,K562,0.08110613186502794
Hum_XLOC_050058,K562,0.0867622737206065
Hum_XLOC_050079,K562,0.05667766637877843
Hum_XLOC_050085,K562,0.08790825557801593
Hum_XLOC_050091,K562,0.04593840706770075
Hum_XLOC_050098,K562,0.06206427643506644
Hum_XLOC_050112,K562,0.07033771158142596
Hum_XLOC_050117,K562,0.08113963532714617
Hum_XLOC_050122,K562,0.093131737075349
Hum_XLOC_050131,K562,0.05268756369300784
Hum_XLOC_050137,K562,0.07882322202763609
Hum_XLOC_050142,K562,0.0551852636102268
Hum_XLOC_050149,K562,0.04440109951462552
Hum_XLOC_050153,K562,0.05519241240899107
Hum_XLOC_050163,K562,0.06391202905573341
Hum_XLOC_050164,K562,0.05647021755767563
Hum_XLOC_050180,K562,0.10970901431292669
Hum_XLOC_050189,K562,0.07327925472768934
Hum_XLOC_050197,K562,0.07810995187016037
Hum_XLOC_050204,K562,0.07705332401232842
Hum_XLOC_050210,K562,0.043818918607218545
Hum_XLOC_050217,K562,0.08017271794385358
Hum_XLOC_050232,K562,0.08728248532251763
Hum_XLOC_050256,K562,0.08318929575588557
Hum_XLOC_050277,K562,0.08194697986031038
Hum_XLOC_050280,K562,0.0737570876252
Hum_XLOC_050284,K562,0.05695778595062047
Hum_XLOC_050306,K562,0.05190045941045082
Hum_XLOC_050309,K562,0.08068702271005503
Hum_XLOC_050330,K562,0.06928651226725213
Hum_XLOC_050334,K562,0.062277871524529675
Hum_XLOC_050350,K562,0.05197300084118472
Hum_XLOC_050377,K562,0.050192673381069766
Hum_XLOC_050385,K562,0.08562970567218482
Hum_XLOC_050404,K562,0.06777057747428702
Hum_XLOC_050428,K562,0.08890656363514066
Hum_XLOC_050440,K562,0.06981528709497271
Hum_XLOC_050441,K562,0.08051268220807786
Hum_XLOC_050446,K562,0.07580778716689533
Hum_XLOC_050451,K562,0.07216298997034405
Hum_XLOC_050458,K562,0.08232585216381796
Hum_XLOC_050482,K562,0.08646768315836756
Hum_XLOC_050487,K562,0.08723630652953318
Hum_XLOC_050494,K562,0.08893702628435304
Hum_XLOC_050496,K562,0.0773287723263546
Hum_XLOC_050500,K562,0.08579623970208823
Hum_XLOC_050518,K562,0.06282871885385535
Hum_XLOC_050544,K562,0.056086973352741695
Hum_XLOC_050546,K562,0.07891231216203932
Hum_XLOC_050551,K562,0.0487609953578794
Hum_XLOC_050552,K562,0.07522863018258338
Hum_XLOC_050561,K562,0.08510837041935143
Hum_XLOC_050572,K562,0.08023184443540307
Hum_XLOC_050590,K562,0.07825797512501505
Hum_XLOC_050608,K562,0.07609563293933178
Hum_XLOC_050613,K562,0.08678718487709275
Hum_XLOC_050618,K562,0.05559380344110316
Hum_XLOC_050652,K562,0.10453546202266585
Hum_XLOC_050653,K562,0.05207512445781384
Hum_XLOC_050654,K562,0.05774371374160887
Hum_XLOC_050677,K562,0.08736021540274906
Hum_XLOC_050679,K562,0.08239053344828981
Hum_XLOC_050687,K562,0.0626408254031593
Hum_XLOC_050689,K562,0.06400904619237925
Hum_XLOC_050712,K562,0.07641642652757069
Hum_XLOC_050722,K562,0.04573255206515662
Hum_XLOC_050760,K562,0.08207350095524402
Hum_XLOC_050761,K562,0.05896412553955913
Hum_XLOC_050778,K562,0.07291798112540876
Hum_XLOC_050785,K562,0.054462190441161
Hum_XLOC_050797,K562,0.055064437452886465
Hum_XLOC_050802,K562,0.040009745712702716
Hum_XLOC_050815,K562,0.07836170525253346
Hum_XLOC_050821,K562,0.047330363029287004
Hum_XLOC_050829,K562,0.0721397598259211
Hum_XLOC_050838,K562,0.07863712657753791
Hum_XLOC_050840,K562,0.09044724202596229
Hum_XLOC_050842,K562,0.05801940919598013
Hum_XLOC_050846,K562,0.06099328894940695
Hum_XLOC_050862,K562,0.08629633424734987
Hum_XLOC_050868,K562,0.049824442041519125
Hum_XLOC_050887,K562,0.11278927940826895
Hum_XLOC_050889,K562,0.08666738390711753
Hum_XLOC_050890,K562,0.06800932395814424
Hum_XLOC_050910,K562,0.07216775742489487
Hum_XLOC_050913,K562,0.05174585606245718
Hum_XLOC_050938,K562,0.0576738254592147
Hum_XLOC_050980,K562,0.06795019068534269
Hum_XLOC_051014,K562,0.07942265096348367
Hum_XLOC_051023,K562,0.08037692135876393
Hum_XLOC_051025,K562,0.05550481002759913
Hum_XLOC_051034,K562,0.05987263821244018
Hum_XLOC_051039,K562,0.05996763949768626
Hum_XLOC_051047,K562,0.06788871688788693
Hum_XLOC_051057,K562,0.08721479410863722
Hum_XLOC_051107,K562,0.08061424094697595
Hum_XLOC_051114,K562,0.07999552403679852
Hum_XLOC_051115,K562,0.06304165396679243
Hum_XLOC_051117,K562,0.050040205615863684
Hum_XLOC_051122,K562,0.06186973678087947
Hum_XLOC_051139,K562,0.06818555466269903
Hum_XLOC_051145,K562,0.07891452582349488
Hum_XLOC_051152,K562,0.08567520428006477
Hum_XLOC_051153,K562,0.08126771712540658
Hum_XLOC_051156,K562,0.057844183275078495
Hum_XLOC_051168,K562,0.0669693570828699
Hum_XLOC_051175,K562,0.04795725443643896
Hum_XLOC_051189,K562,0.08327384496641356
Hum_XLOC_051196,K562,0.08117414005527152
Hum_XLOC_051198,K562,0.08510324862381707
Hum_XLOC_051242,K562,0.0724657097067887
Hum_XLOC_051249,K562,0.0644096113192604
Hum_XLOC_051253,K562,0.08555825818294312
Hum_XLOC_051271,K562,0.044629231185603316
Hum_XLOC_051287,K562,0.07974846039504442
Hum_XLOC_051298,K562,0.0782784004732686
Hum_XLOC_051304,K562,0.05610315910532657
Hum_XLOC_051316,K562,0.092945525908872
Hum_XLOC_051317,K562,0.05109794434693993
Hum_XLOC_051322,K562,0.08794538383022715
Hum_XLOC_051337,K562,0.04457692712638284
Hum_XLOC_051346,K562,0.0948953750415849
Hum_XLOC_051359,K562,0.07025076223906318
Hum_XLOC_051360,K562,0.077519282581994
Hum_XLOC_051362,K562,0.04841262663357991
Hum_XLOC_051416,K562,0.05489784956201359
Hum_XLOC_051422,K562,0.061633038981889994
Hum_XLOC_051432,K562,0.08513965201674156
Hum_XLOC_051435,K562,0.07297038926737266
Hum_XLOC_051439,K562,0.08427306616472509
Hum_XLOC_051455,K562,0.06583659963614791
Hum_XLOC_051459,K562,0.08468061448970292
Hum_XLOC_051464,K562,0.0795877103667121
Hum_XLOC_051466,K562,0.07459686590405554
Hum_XLOC_051487,K562,0.14476425972194767
Hum_XLOC_051495,K562,0.05377624135480028
Hum_XLOC_051503,K562,0.08454771462636768
Hum_XLOC_051531,K562,0.05445930569692407
Hum_XLOC_051537,K562,0.06481163776215423
Hum_XLOC_051541,K562,0.04878179011739336
Hum_XLOC_051563,K562,0.0755044328039199
Hum_XLOC_051569,K562,0.08722515487499902
Hum_XLOC_051584,K562,0.08442355146046766
Hum_XLOC_051596,K562,0.06429225447083338
Hum_XLOC_051598,K562,0.05027578126426322
Hum_XLOC_051604,K562,0.06128241412577256
Hum_XLOC_051606,K562,0.07482388949911706
Hum_XLOC_051607,K562,0.07124700718439883
Hum_XLOC_051628,K562,0.08688192026206043
Hum_XLOC_051678,K562,0.08212057171068828
Hum_XLOC_051691,K562,0.08116568076509892
Hum_XLOC_051703,K562,0.054758234184225596
Hum_XLOC_051715,K562,0.0812905489338075
Hum_XLOC_051719,K562,0.08772674088213388
Hum_XLOC_051721,K562,0.06347878808668735
Hum_XLOC_051726,K562,0.05115879583502762
Hum_XLOC_051728,K562,0.07758246883576131
Hum_XLOC_051751,K562,0.08178991609426614
Hum_XLOC_051779,K562,0.06286841917059845
Hum_XLOC_051796,K562,0.09417532524018603
Hum_XLOC_051797,K562,0.06837305197053152
Hum_XLOC_051822,K562,0.06475370793922325
Hum_XLOC_051823,K562,0.04878697211625371
Hum_XLOC_051836,K562,0.07952634720671095
Hum_XLOC_051842,K562,0.06563261568214188
Hum_XLOC_051843,K562,0.0833364504375709
Hum_XLOC_051857,K562,0.08486577201819524
Hum_XLOC_051861,K562,0.0802821780391238
Hum_XLOC_051862,K562,0.05029321853636367
Hum_XLOC_051877,K562,0.06282844668265397
Hum_XLOC_051883,K562,0.07846283573352626
Hum_XLOC_051913,K562,0.0789412875290628
Hum_XLOC_051932,K562,0.0746668431896273
Hum_XLOC_051954,K562,0.08048100561290199
Hum_XLOC_051976,K562,0.05520854256499878
Hum_XLOC_051987,K562,0.04211822694877072
Hum_XLOC_051998,K562,0.08328542750552342
Hum_XLOC_052001,K562,0.05002484985282663
Hum_XLOC_052039,K562,0.06213012543054341
Hum_XLOC_052047,K562,0.0486988032393176
Hum_XLOC_052126,K562,0.06828436389583786
Hum_XLOC_052145,K562,0.1525577944461534
Hum_XLOC_052164,K562,0.04929578185001483
Hum_XLOC_052202,K562,0.059920260814251336
Hum_XLOC_052203,K562,0.07820705036734989
Hum_XLOC_052207,K562,0.06168060716480188
Hum_XLOC_052211,K562,0.05201412804664967
Hum_XLOC_052212,K562,0.09390880565875649
Hum_XLOC_052216,K562,0.07739209254184934
Hum_XLOC_052218,K562,0.08165062754855985
Hum_XLOC_052234,K562,0.0677099563717579
Hum_XLOC_052245,K562,0.059452741833708536
Hum_XLOC_052260,K562,0.046409990050534256
Hum_XLOC_052265,K562,0.049619419152969975
Hum_XLOC_052269,K562,0.047816218071388576
Hum_XLOC_052271,K562,0.08168165120959212
Hum_XLOC_052275,K562,0.0625221041485003
Hum_XLOC_052285,K562,0.04583787428935403
Hum_XLOC_052311,K562,0.05038301151027828
Hum_XLOC_052313,K562,0.0757734647674523
Hum_XLOC_052319,K562,0.04735462746301583
Hum_XLOC_052329,K562,0.053522151775125544
Hum_XLOC_052336,K562,0.07694393878855843
Hum_XLOC_052349,K562,0.07902117823107763
Hum_XLOC_052352,K562,0.08812562307410321
Hum_XLOC_052354,K562,0.08159513448898094
Hum_XLOC_052356,K562,0.06906798315549914
Hum_XLOC_052366,K562,0.08622736986456238
Hum_XLOC_052373,K562,0.04676794138839034
Hum_XLOC_052381,K562,0.08179006186284904
Hum_XLOC_052399,K562,0.06635948515153377
Hum_XLOC_052411,K562,0.07801873364180767
Hum_XLOC_052415,K562,0.04190086266986289
Hum_XLOC_052422,K562,0.05292471578524029
Hum_XLOC_052430,K562,0.06301933405897117
Hum_XLOC_052446,K562,0.07322668262279379
Hum_XLOC_052447,K562,0.05839761368617222
Hum_XLOC_052449,K562,0.05402807123140818
Hum_XLOC_052450,K562,0.04752273326580906
Hum_XLOC_052469,K562,0.08186183737201683
Hum_XLOC_052479,K562,0.08540146857563494
Hum_XLOC_052489,K562,0.06786831965410986
Hum_XLOC_052502,K562,0.08550798005196707
Hum_XLOC_052515,K562,0.056711101028933265
Hum_XLOC_052518,K562,0.0864853062351768
Hum_XLOC_052522,K562,0.061604285550117106
Hum_XLOC_052529,K562,0.04918198389170891
Hum_XLOC_052565,K562,0.05053784811786089
Hum_XLOC_052571,K562,0.07195013343838311
Hum_XLOC_052576,K562,0.07690187935142874
Hum_XLOC_052600,K562,0.08685467714516197
Hum_XLOC_052610,K562,0.075157303333143
Hum_XLOC_052612,K562,0.08828387094467843
Hum_XLOC_052614,K562,0.08414056743869255
Hum_XLOC_052632,K562,0.07371609106944356
Hum_XLOC_052651,K562,0.08403383885290797
Hum_XLOC_052669,K562,0.08471033246657766
Hum_XLOC_052672,K562,0.0891716585871704
Hum_XLOC_052676,K562,0.08951771608660035
Hum_XLOC_052677,K562,0.06870130667515223
Hum_XLOC_052698,K562,0.08026063898644686
Hum_XLOC_052703,K562,0.056412105638861336
Hum_XLOC_052704,K562,0.0780213095824786
Hum_XLOC_052727,K562,0.07755548404955329
Hum_XLOC_052730,K562,0.07365245002722516
Hum_XLOC_052742,K562,0.07561288321038159
Hum_XLOC_052746,K562,0.06773382262288145
Hum_XLOC_052748,K562,0.050233647564414036
Hum_XLOC_052749,K562,0.08426078979312514
Hum_XLOC_052753,K562,0.08166944668280793
Hum_XLOC_052755,K562,0.08373634771211554
Hum_XLOC_052779,K562,0.08603302286276114
Hum_XLOC_052780,K562,0.08175639979967808
Hum_XLOC_052784,K562,0.08255326695717119
Hum_XLOC_052789,K562,0.07299355866760532
Hum_XLOC_052802,K562,0.08917172631534949
Hum_XLOC_052812,K562,0.06730235422499042
Hum_XLOC_052833,K562,0.09113792184578655
Hum_XLOC_052835,K562,0.08521768204066119
Hum_XLOC_052838,K562,0.08513533372844315
Hum_XLOC_052840,K562,0.08469686096628487
Hum_XLOC_052847,K562,0.06270701238640833
Hum_XLOC_052853,K562,0.07946310371647021
Hum_XLOC_052855,K562,0.08449823825580019
Hum_XLOC_052878,K562,0.07273292423721206
Hum_XLOC_052887,K562,0.07148394477955647
Hum_XLOC_052892,K562,0.07590528382996897
Hum_XLOC_052893,K562,0.13034001943681922
Hum_XLOC_052898,K562,0.07343726133309615
Hum_XLOC_052902,K562,0.07931234693915189
Hum_XLOC_052904,K562,0.05186107689774301
Hum_XLOC_052919,K562,0.06935275586096021
Hum_XLOC_052920,K562,0.09053245160354856
Hum_XLOC_052943,K562,0.07402423805623304
Hum_XLOC_052968,K562,0.08985824446897517
Hum_XLOC_053012,K562,0.05182431582661541
Hum_XLOC_053021,K562,0.06455092573522646
Hum_XLOC_053038,K562,0.08105209388737133
Hum_XLOC_053039,K562,0.05836743438754751
Hum_XLOC_053051,K562,0.07148829886753622
Hum_XLOC_053066,K562,0.0849662626499735
Hum_XLOC_053115,K562,0.060447123598201924
Hum_XLOC_053119,K562,0.049065342790289936
Hum_XLOC_053130,K562,0.0600386495798583
Hum_XLOC_053144,K562,0.07467598947137292
Hum_XLOC_053177,K562,0.07892949086976077
Hum_XLOC_053185,K562,0.07075838164223044
Hum_XLOC_053205,K562,0.047850008896607496
Hum_XLOC_053219,K562,0.04456788473675189
Hum_XLOC_053234,K562,0.05792304857800965
Hum_XLOC_053241,K562,0.05002833324461697
Hum_XLOC_053252,K562,0.1264860861809317
Hum_XLOC_053274,K562,0.06338286330302986
Hum_XLOC_053304,K562,0.08633189269500205
Hum_XLOC_053323,K562,0.06237454860034198
Hum_XLOC_053335,K562,0.07650707782700125
Hum_XLOC_053358,K562,0.05635740878667487
Hum_XLOC_053391,K562,0.08366388666325437
Hum_XLOC_053431,K562,0.055454649563374314
Hum_XLOC_053432,K562,0.8548598927614421
Hum_XLOC_053476,K562,0.06666692828667892
Hum_XLOC_053499,K562,0.0598241932063117
Hum_XLOC_053526,K562,0.08946604115207168
Hum_XLOC_053529,K562,0.07011304845118195
Hum_XLOC_053533,K562,0.08670446843325641
Hum_XLOC_053538,K562,0.049310904863540575
Hum_XLOC_053544,K562,0.0889809522082272
Hum_XLOC_053546,K562,0.04646187719274439
Hum_XLOC_053548,K562,0.05842803440504468
Hum_XLOC_053555,K562,0.049596459258780506
Hum_XLOC_053566,K562,0.05026230825218891
Hum_XLOC_053570,K562,0.06985748036657137
Hum_XLOC_053575,K562,0.08748077432469839
Hum_XLOC_053591,K562,0.05168999405535514
Hum_XLOC_053593,K562,0.08181120714229687
Hum_XLOC_053596,K562,0.05045546721136828
Hum_XLOC_053612,K562,0.06237982984731087
Hum_XLOC_053653,K562,0.056783039340968997
Hum_XLOC_053684,K562,0.06088610615667159
Hum_XLOC_053704,K562,0.04622635002679192
Hum_XLOC_053731,K562,0.0630723145946152
Hum_XLOC_053738,K562,0.078846818146461
Hum_XLOC_053739,K562,0.08769262972645865
Hum_XLOC_053809,K562,0.07221170139073872
Hum_XLOC_053831,K562,0.08327634666039804
Hum_XLOC_053856,K562,0.1357934965815475
Hum_XLOC_053859,K562,0.07642400446775775
Hum_XLOC_053870,K562,0.05090928794035039
Hum_XLOC_053884,K562,0.07289225455070038
Hum_XLOC_053890,K562,0.05255597508488696
Hum_XLOC_053892,K562,0.04745183797707586
Hum_XLOC_053919,K562,0.04927782544624149
Hum_XLOC_053937,K562,0.04921546392370495
Hum_XLOC_053961,K562,0.06523026514834958
Hum_XLOC_053977,K562,0.07359213238217402
Hum_XLOC_053997,K562,0.06098870633330794
Hum_XLOC_054002,K562,0.07168068608459768
Hum_XLOC_054005,K562,0.05936412574913494
Hum_XLOC_054028,K562,0.09643078117583495
Hum_XLOC_054065,K562,0.04631869335807102
Hum_XLOC_054068,K562,0.055042484497056024
Hum_XLOC_054101,K562,0.05025746051539781
Hum_XLOC_054114,K562,0.08080090675933738
Hum_XLOC_054115,K562,0.06273489682647947
Hum_XLOC_054117,K562,0.07939684351186385
Hum_XLOC_054123,K562,0.06495158079650566
Hum_XLOC_054124,K562,0.07453844755097808
Hum_XLOC_054133,K562,0.0860446418048517
Hum_XLOC_054148,K562,0.0627187657086323
Hum_XLOC_054166,K562,0.055175349175184005
Hum_XLOC_054169,K562,0.06190246896176059
Hum_XLOC_054180,K562,0.048284301026336844
Hum_XLOC_054190,K562,0.08704717268489737
Hum_XLOC_054221,K562,0.045159704161398216
Hum_XLOC_054223,K562,0.08396847234993524
Hum_XLOC_054225,K562,0.07957300238276252
Hum_XLOC_054239,K562,0.0616278486687417
Hum_XLOC_054266,K562,0.08790520750752488
Hum_XLOC_054305,K562,0.06988832837105304
Hum_XLOC_054319,K562,0.04678213070037052
Hum_XLOC_054333,K562,0.045772984376911144
Hum_XLOC_054359,K562,0.0945876192982644
Hum_XLOC_054375,K562,0.06145066306934814
Hum_XLOC_054455,K562,0.07110565554615049
Hum_XLOC_054456,K562,0.07367644811004122
Hum_XLOC_054471,K562,0.05155893358968288
Hum_XLOC_054478,K562,0.0513449250485777
Hum_XLOC_054513,K562,0.061996690696425376
Hum_XLOC_054530,K562,0.04818300075518147
Hum_XLOC_054532,K562,0.059172831861229
Hum_XLOC_054548,K562,0.09028900081685176
Hum_XLOC_054550,K562,0.05687218895355445
Hum_XLOC_000006,MDA-MB-231,0.11573958372467122
Hum_XLOC_000008,MDA-MB-231,0.04812587824473627
Hum_XLOC_000016,MDA-MB-231,0.07582931809229006
Hum_XLOC_000030,MDA-MB-231,0.06533702714114434
Hum_XLOC_000033,MDA-MB-231,0.0636852367449925
Hum_XLOC_000039,MDA-MB-231,0.07021782100981988
Hum_XLOC_000053,MDA-MB-231,0.03509671212995104
Hum_XLOC_000057,MDA-MB-231,0.06682509634817187
Hum_XLOC_000060,MDA-MB-231,0.06751383033718608
Hum_XLOC_000080,MDA-MB-231,0.04963950691503305
Hum_XLOC_000094,MDA-MB-231,0.06592387522260815
Hum_XLOC_000100,MDA-MB-231,0.07026524158545634
Hum_XLOC_000105,MDA-MB-231,0.025550692661232464
Hum_XLOC_000107,MDA-MB-231,0.03906254826698448
Hum_XLOC_000111,MDA-MB-231,0.05560673977626793
Hum_XLOC_000134,MDA-MB-231,0.030360037735616824
Hum_XLOC_000143,MDA-MB-231,0.08006165367556256
Hum_XLOC_000145,MDA-MB-231,0.0786862160891842
Hum_XLOC_000149,MDA-MB-231,0.06418937321187075
Hum_XLOC_000155,MDA-MB-231,0.07422973194269016
Hum_XLOC_000169,MDA-MB-231,0.07403518712133883
Hum_XLOC_000170,MDA-MB-231,0.0708707994689006
Hum_XLOC_000194,MDA-MB-231,0.06723662028577897
Hum_XLOC_000201,MDA-MB-231,0.0521172042421327
Hum_XLOC_000231,MDA-MB-231,0.0678140845448974
Hum_XLOC_000233,MDA-MB-231,0.08047248560489456
Hum_XLOC_000245,MDA-MB-231,0.04910591406894443
Hum_XLOC_000247,MDA-MB-231,0.05576301840844556
Hum_XLOC_000248,MDA-MB-231,0.05700716735960172
Hum_XLOC_000265,MDA-MB-231,0.0704198975037626
Hum_XLOC_000282,MDA-MB-231,0.0583340499989012
Hum_XLOC_000286,MDA-MB-231,0.08036809077847464
Hum_XLOC_000292,MDA-MB-231,0.02580709939085999
Hum_XLOC_000307,MDA-MB-231,0.05334654513279789
Hum_XLOC_000308,MDA-MB-231,0.04996268141092042
Hum_XLOC_000312,MDA-MB-231,0.06899751613820826
Hum_XLOC_000314,MDA-MB-231,0.04790311067051465
Hum_XLOC_000317,MDA-MB-231,0.05281932565885572
Hum_XLOC_000319,MDA-MB-231,0.0698682225361672
Hum_XLOC_000332,MDA-MB-231,0.07254098945563453
Hum_XLOC_000338,MDA-MB-231,0.10292807734101586
Hum_XLOC_000342,MDA-MB-231,0.06004835365703334
Hum_XLOC_000345,MDA-MB-231,0.032724790949265586
Hum_XLOC_000362,MDA-MB-231,0.043259477372896954
Hum_XLOC_000377,MDA-MB-231,0.057660940833270544
Hum_XLOC_000390,MDA-MB-231,0.0594272831602264
Hum_XLOC_000394,MDA-MB-231,0.06501113212486942
Hum_XLOC_000411,MDA-MB-231,0.06819193055124466
Hum_XLOC_000415,MDA-MB-231,0.061435959581518276
Hum_XLOC_000430,MDA-MB-231,0.05868678916288859
Hum_XLOC_000436,MDA-MB-231,0.07878325997943503
Hum_XLOC_000437,MDA-MB-231,0.07294656102718189
Hum_XLOC_000456,MDA-MB-231,0.09149472851443262
Hum_XLOC_000461,MDA-MB-231,0.06938110241995094
Hum_XLOC_000462,MDA-MB-231,0.06879312441051923
Hum_XLOC_000465,MDA-MB-231,0.06478559939013989
Hum_XLOC_000472,MDA-MB-231,0.06772838206912882
Hum_XLOC_000474,MDA-MB-231,0.02619750973392455
Hum_XLOC_000478,MDA-MB-231,0.05815887234883514
Hum_XLOC_000486,MDA-MB-231,0.05181339360099062
Hum_XLOC_000490,MDA-MB-231,0.05157771475464413
Hum_XLOC_000498,MDA-MB-231,0.060643126135920156
Hum_XLOC_000500,MDA-MB-231,0.06151019731590396
Hum_XLOC_000510,MDA-MB-231,0.07754473393920734
Hum_XLOC_000535,MDA-MB-231,0.07092549465476222
Hum_XLOC_000540,MDA-MB-231,0.06484219453089876
Hum_XLOC_000556,MDA-MB-231,0.04075105027702734
Hum_XLOC_000574,MDA-MB-231,0.05888693982551837
Hum_XLOC_000575,MDA-MB-231,0.05758122097256114
Hum_XLOC_000582,MDA-MB-231,0.020626078045043343
Hum_XLOC_000590,MDA-MB-231,0.06863338407366537
Hum_XLOC_000601,MDA-MB-231,0.02757503320647586
Hum_XLOC_000604,MDA-MB-231,0.06760554855592366
Hum_XLOC_000608,MDA-MB-231,0.07188390034444175
Hum_XLOC_000612,MDA-MB-231,0.053664961709414497
Hum_XLOC_000636,MDA-MB-231,0.09092687545382563
Hum_XLOC_000638,MDA-MB-231,0.06690091443907399
Hum_XLOC_000641,MDA-MB-231,0.03835415732686119
Hum_XLOC_000655,MDA-MB-231,0.09203796195789025
Hum_XLOC_000668,MDA-MB-231,0.04863266945702388
Hum_XLOC_000680,MDA-MB-231,0.03452128609834698
Hum_XLOC_000681,MDA-MB-231,0.06740567216820238
Hum_XLOC_000695,MDA-MB-231,0.057642086212709824
Hum_XLOC_000702,MDA-MB-231,0.04947586072802129
Hum_XLOC_000726,MDA-MB-231,0.07260277071663704
Hum_XLOC_000727,MDA-MB-231,0.02695062506219481
Hum_XLOC_000758,MDA-MB-231,0.05723843442982066
Hum_XLOC_000773,MDA-MB-231,0.06513183821143723
Hum_XLOC_000774,MDA-MB-231,0.06769774685606197
Hum_XLOC_000797,MDA-MB-231,0.023608428881369103
Hum_XLOC_000799,MDA-MB-231,0.06255912768155925
Hum_XLOC_000800,MDA-MB-231,0.03166565510305733
Hum_XLOC_000807,MDA-MB-231,0.0515290954975202
Hum_XLOC_000818,MDA-MB-231,0.06824502218042842
Hum_XLOC_000828,MDA-MB-231,0.05120386532615683
Hum_XLOC_000831,MDA-MB-231,0.04873514663050106
Hum_XLOC_000835,MDA-MB-231,0.06226998443898098
Hum_XLOC_000840,MDA-MB-231,0.061873071987651934
Hum_XLOC_000841,MDA-MB-231,0.06480627413005166
Hum_XLOC_000842,MDA-MB-231,0.038471478542419335
Hum_XLOC_000854,MDA-MB-231,0.0645773349782912
Hum_XLOC_000855,MDA-MB-231,0.052229089001599574
Hum_XLOC_000883,MDA-MB-231,0.04165507874395957
Hum_XLOC_000885,MDA-MB-231,0.019218590829095203
Hum_XLOC_000905,MDA-MB-231,0.07263177052116546
Hum_XLOC_000917,MDA-MB-231,0.05752669640970305
Hum_XLOC_000925,MDA-MB-231,0.07011907632787018
Hum_XLOC_000944,MDA-MB-231,0.06023291824471054
Hum_XLOC_000949,MDA-MB-231,0.01912566031153741
Hum_XLOC_000953,MDA-MB-231,0.04046043875484085
Hum_XLOC_000964,MDA-MB-231,0.05904320615396598
Hum_XLOC_000990,MDA-MB-231,0.03623985667202184
Hum_XLOC_000994,MDA-MB-231,0.06586893545220834
Hum_XLOC_001020,MDA-MB-231,0.05248467959812301
Hum_XLOC_001029,MDA-MB-231,0.051340708529249664
Hum_XLOC_001066,MDA-MB-231,0.05872701391182098
Hum_XLOC_001120,MDA-MB-231,0.05580366706121599
Hum_XLOC_001121,MDA-MB-231,0.06936861208514285
Hum_XLOC_001122,MDA-MB-231,0.07750737452673548
Hum_XLOC_001125,MDA-MB-231,0.07008635424365026
Hum_XLOC_001132,MDA-MB-231,0.05019921337031812
Hum_XLOC_001138,MDA-MB-231,0.037872225380178516
Hum_XLOC_001144,MDA-MB-231,0.04402518925903039
Hum_XLOC_001146,MDA-MB-231,0.06495525127407098
Hum_XLOC_001188,MDA-MB-231,0.058487134102557556
Hum_XLOC_001191,MDA-MB-231,0.0483305795766178
Hum_XLOC_001192,MDA-MB-231,0.0770252073319044
Hum_XLOC_001217,MDA-MB-231,0.046606553844816434
Hum_XLOC_001222,MDA-MB-231,0.022604627702810402
Hum_XLOC_001228,MDA-MB-231,0.05332917508170955
Hum_XLOC_001230,MDA-MB-231,0.0481942780465718
Hum_XLOC_001237,MDA-MB-231,0.037466067355825264
Hum_XLOC_001243,MDA-MB-231,0.04384712921949471
Hum_XLOC_001275,MDA-MB-231,0.04536239031145217
Hum_XLOC_001279,MDA-MB-231,0.06084283558461297
Hum_XLOC_001291,MDA-MB-231,0.06867675292081281
Hum_XLOC_001296,MDA-MB-231,0.06047299502695021
Hum_XLOC_001297,MDA-MB-231,0.054025287489075854
Hum_XLOC_001309,MDA-MB-231,0.03759994142666118
Hum_XLOC_001329,MDA-MB-231,0.06278237710452805
Hum_XLOC_001330,MDA-MB-231,0.05024263894240493
Hum_XLOC_001355,MDA-MB-231,0.04200049304983516
Hum_XLOC_001366,MDA-MB-231,0.06808454599265863
Hum_XLOC_001367,MDA-MB-231,0.05793105862203646
Hum_XLOC_001375,MDA-MB-231,0.0548867398141833
Hum_XLOC_001390,MDA-MB-231,0.027970921747116635
Hum_XLOC_001405,MDA-MB-231,0.024899179870188692
Hum_XLOC_001461,MDA-MB-231,0.03996842521426801
Hum_XLOC_001465,MDA-MB-231,0.061222576012330894
Hum_XLOC_001488,MDA-MB-231,0.05154679250417207
Hum_XLOC_001490,MDA-MB-231,0.05736514684945577
Hum_XLOC_001509,MDA-MB-231,0.06252440827646039
Hum_XLOC_001516,MDA-MB-231,0.04007690934114043
Hum_XLOC_001532,MDA-MB-231,0.039641359503690646
Hum_XLOC_001539,MDA-MB-231,0.07560913595983523
Hum_XLOC_001541,MDA-MB-231,0.07796668034577425
Hum_XLOC_001542,MDA-MB-231,0.07989256434960475
Hum_XLOC_001548,MDA-MB-231,0.09117443421038907
Hum_XLOC_001559,MDA-MB-231,0.05778290328835722
Hum_XLOC_001565,MDA-MB-231,0.08126339844027519
Hum_XLOC_001566,MDA-MB-231,0.06344781267525901
Hum_XLOC_001575,MDA-MB-231,0.0305175419320138
Hum_XLOC_001580,MDA-MB-231,0.024244081321806707
Hum_XLOC_001590,MDA-MB-231,0.07460803789968337
Hum_XLOC_001615,MDA-MB-231,0.08502923214395686
Hum_XLOC_001624,MDA-MB-231,0.07399526937858336
Hum_XLOC_001639,MDA-MB-231,0.06308838969911297
Hum_XLOC_001661,MDA-MB-231,0.05239218808140521
Hum_XLOC_001666,MDA-MB-231,0.02198449193459753
Hum_XLOC_001668,MDA-MB-231,0.025767522467550007
Hum_XLOC_001688,MDA-MB-231,0.050407428599526974
Hum_XLOC_001689,MDA-MB-231,0.07088551997484288
Hum_XLOC_001695,MDA-MB-231,0.07146691085434262
Hum_XLOC_001696,MDA-MB-231,0.04961656403446967
Hum_XLOC_001698,MDA-MB-231,0.06459839200389714
Hum_XLOC_001707,MDA-MB-231,0.06855142250985494
Hum_XLOC_001760,MDA-MB-231,0.05754474277690435
Hum_XLOC_001761,MDA-MB-231,0.05800200409788625
Hum_XLOC_001773,MDA-MB-231,0.055774507560816616
Hum_XLOC_001775,MDA-MB-231,0.0635694174049261
Hum_XLOC_001779,MDA-MB-231,0.07041429173042603
Hum_XLOC_001783,MDA-MB-231,0.06055243741932705
Hum_XLOC_001791,MDA-MB-231,0.07262694762113574
Hum_XLOC_001805,MDA-MB-231,0.05421338147167486
Hum_XLOC_001809,MDA-MB-231,0.023633551163320294
Hum_XLOC_001848,MDA-MB-231,0.05161183837246662
Hum_XLOC_001919,MDA-MB-231,0.05893916364147464
Hum_XLOC_001941,MDA-MB-231,0.044588537988069894
Hum_XLOC_001942,MDA-MB-231,0.06445634857023098
Hum_XLOC_001949,MDA-MB-231,0.02511014889031957
Hum_XLOC_001950,MDA-MB-231,0.07712004892130729
Hum_XLOC_001953,MDA-MB-231,0.04316492736061744
Hum_XLOC_001957,MDA-MB-231,0.057260948816127144
Hum_XLOC_001961,MDA-MB-231,0.08085657499233789
Hum_XLOC_001969,MDA-MB-231,0.07406682857112581
Hum_XLOC_002024,MDA-MB-231,0.05819140090642186
Hum_XLOC_002028,MDA-MB-231,0.022912581427866632
Hum_XLOC_002033,MDA-MB-231,0.063300485768416
Hum_XLOC_002036,MDA-MB-231,0.05221641886718383
Hum_XLOC_002037,MDA-MB-231,0.06008908282829713
Hum_XLOC_002041,MDA-MB-231,0.0303226182235859
Hum_XLOC_002059,MDA-MB-231,0.069555152908953
Hum_XLOC_002061,MDA-MB-231,0.030999171623659894
Hum_XLOC_002068,MDA-MB-231,0.02652287043891932
Hum_XLOC_002081,MDA-MB-231,0.06601625724461817
Hum_XLOC_002093,MDA-MB-231,0.050449733550396184
Hum_XLOC_002099,MDA-MB-231,0.029472977853919426
Hum_XLOC_002144,MDA-MB-231,0.0621367751951845
Hum_XLOC_002150,MDA-MB-231,0.05995676414680508
Hum_XLOC_002152,MDA-MB-231,0.05874957964632291
Hum_XLOC_002154,MDA-MB-231,0.0564031433682347
Hum_XLOC_002169,MDA-MB-231,0.07041197146699978
Hum_XLOC_002170,MDA-MB-231,0.04132930630022565
Hum_XLOC_002176,MDA-MB-231,0.06071276628679121
Hum_XLOC_002178,MDA-MB-231,0.02543877261895552
Hum_XLOC_002186,MDA-MB-231,0.06989594007831758
Hum_XLOC_002204,MDA-MB-231,0.06686928177808239
Hum_XLOC_002205,MDA-MB-231,0.05781700935735687
Hum_XLOC_002219,MDA-MB-231,0.05909045155951641
Hum_XLOC_002244,MDA-MB-231,0.058242891883013556
Hum_XLOC_002252,MDA-MB-231,0.06436176408837387
Hum_XLOC_002261,MDA-MB-231,0.058636433479451515
Hum_XLOC_002262,MDA-MB-231,0.05837149867931614
Hum_XLOC_002265,MDA-MB-231,0.05877952340245353
Hum_XLOC_002271,MDA-MB-231,0.07603958721604355
Hum_XLOC_002280,MDA-MB-231,0.06061552803953442
Hum_XLOC_002282,MDA-MB-231,0.0672716056841488
Hum_XLOC_002283,MDA-MB-231,0.07866327866496355
Hum_XLOC_002284,MDA-MB-231,0.05884860497925939
Hum_XLOC_002294,MDA-MB-231,0.06662916922786322
Hum_XLOC_002296,MDA-MB-231,0.054969587935845485
Hum_XLOC_002299,MDA-MB-231,0.054256398884128754
Hum_XLOC_002301,MDA-MB-231,0.05597270561360257
Hum_XLOC_002306,MDA-MB-231,0.06408827234726111
Hum_XLOC_002311,MDA-MB-231,0.06595265820620795
Hum_XLOC_002313,MDA-MB-231,0.054490180344375826
Hum_XLOC_002314,MDA-MB-231,0.08543717774588691
Hum_XLOC_002327,MDA-MB-231,0.07232158678095721
Hum_XLOC_002330,MDA-MB-231,0.056554520967507245
Hum_XLOC_002338,MDA-MB-231,0.060896262966672
Hum_XLOC_002344,MDA-MB-231,0.02692339607494019
Hum_XLOC_002347,MDA-MB-231,0.07199234454766695
Hum_XLOC_002348,MDA-MB-231,0.08055126886830986
Hum_XLOC_002362,MDA-MB-231,0.023551248961727046
Hum_XLOC_002364,MDA-MB-231,0.060578296125863615
Hum_XLOC_002383,MDA-MB-231,0.026270361645749817
Hum_XLOC_002386,MDA-MB-231,0.06866611428449385
Hum_XLOC_002390,MDA-MB-231,0.07183072473632222
Hum_XLOC_002394,MDA-MB-231,0.07459452959591349
Hum_XLOC_002398,MDA-MB-231,0.06011274050204441
Hum_XLOC_002399,MDA-MB-231,0.03726409556936855
Hum_XLOC_002408,MDA-MB-231,0.022758320343694127
Hum_XLOC_002414,MDA-MB-231,0.05900327952047596
Hum_XLOC_002418,MDA-MB-231,0.0468856226258483
Hum_XLOC_002435,MDA-MB-231,0.06502966636453533
Hum_XLOC_002440,MDA-MB-231,0.05727097008141776
Hum_XLOC_002489,MDA-MB-231,0.051078582252201236
Hum_XLOC_002490,MDA-MB-231,0.055322537341231215
Hum_XLOC_002493,MDA-MB-231,0.04512377973971709
Hum_XLOC_002520,MDA-MB-231,0.07587308186654035
Hum_XLOC_002524,MDA-MB-231,0.031109716519458798
Hum_XLOC_002546,MDA-MB-231,0.045326834029087694
Hum_XLOC_002560,MDA-MB-231,0.04618059578011554
Hum_XLOC_002570,MDA-MB-231,0.035714732147578296
Hum_XLOC_002577,MDA-MB-231,0.048473658768563396
Hum_XLOC_002579,MDA-MB-231,0.06691987872052135
Hum_XLOC_002586,MDA-MB-231,0.0317388155531476
Hum_XLOC_002589,MDA-MB-231,0.07268379785025125
Hum_XLOC_002629,MDA-MB-231,0.05967881890388124
Hum_XLOC_002631,MDA-MB-231,0.05774530458352518
Hum_XLOC_002635,MDA-MB-231,0.019240805714111648
Hum_XLOC_002644,MDA-MB-231,0.05446679804295921
Hum_XLOC_002646,MDA-MB-231,0.05127501564598133
Hum_XLOC_002653,MDA-MB-231,0.06064951202491182
Hum_XLOC_002681,MDA-MB-231,0.0316370000335861
Hum_XLOC_002695,MDA-MB-231,0.05421246048949481
Hum_XLOC_002702,MDA-MB-231,0.03243377200623826
Hum_XLOC_002705,MDA-MB-231,0.05980283624119004
Hum_XLOC_002711,MDA-MB-231,0.0622619804014334
Hum_XLOC_002714,MDA-MB-231,0.049400344232884905
Hum_XLOC_002717,MDA-MB-231,0.06016360767688881
Hum_XLOC_002725,MDA-MB-231,0.03790143461302063
Hum_XLOC_002741,MDA-MB-231,0.07072611409459215
Hum_XLOC_002742,MDA-MB-231,0.06634529656675545
Hum_XLOC_002744,MDA-MB-231,0.03461411299598088
Hum_XLOC_002760,MDA-MB-231,0.028090507533862972
Hum_XLOC_002788,MDA-MB-231,0.06695506160500829
Hum_XLOC_002792,MDA-MB-231,0.06218311389997184
Hum_XLOC_002796,MDA-MB-231,0.056168793548234106
Hum_XLOC_002817,MDA-MB-231,0.054977523997523446
Hum_XLOC_002836,MDA-MB-231,0.13322859831777145
Hum_XLOC_002844,MDA-MB-231,0.06337353116476074
Hum_XLOC_002845,MDA-MB-231,0.07112864013983548
Hum_XLOC_002859,MDA-MB-231,0.05188880711003768
Hum_XLOC_002889,MDA-MB-231,0.07833138223716807
Hum_XLOC_002911,MDA-MB-231,0.07884602126989636
Hum_XLOC_002935,MDA-MB-231,0.05932150270313116
Hum_XLOC_002937,MDA-MB-231,0.0637616079592161
Hum_XLOC_002967,MDA-MB-231,0.03710185512199904
Hum_XLOC_002983,MDA-MB-231,0.05944988627345782
Hum_XLOC_002986,MDA-MB-231,0.06270077563355608
Hum_XLOC_002990,MDA-MB-231,0.04530659412795007
Hum_XLOC_003039,MDA-MB-231,0.06552587759223454
Hum_XLOC_003061,MDA-MB-231,0.07416140354927825
Hum_XLOC_003086,MDA-MB-231,0.07601043257739161
Hum_XLOC_003099,MDA-MB-231,0.04836237660119168
Hum_XLOC_003109,MDA-MB-231,0.06585806894090775
Hum_XLOC_003128,MDA-MB-231,0.08263460436643452
Hum_XLOC_003134,MDA-MB-231,0.07205462475706637
Hum_XLOC_003137,MDA-MB-231,0.042249003533499876
Hum_XLOC_003154,MDA-MB-231,0.05557795362864673
Hum_XLOC_003155,MDA-MB-231,0.05358365760892307
Hum_XLOC_003171,MDA-MB-231,0.050595644784239585
Hum_XLOC_003209,MDA-MB-231,0.047488477127798856
Hum_XLOC_003215,MDA-MB-231,0.07945962485316599
Hum_XLOC_003221,MDA-MB-231,0.03914063545305081
Hum_XLOC_003232,MDA-MB-231,0.06029579689883348
Hum_XLOC_003268,MDA-MB-231,0.06445747223774607
Hum_XLOC_003269,MDA-MB-231,0.05899911185898586
Hum_XLOC_003286,MDA-MB-231,0.06198657737352047
Hum_XLOC_003290,MDA-MB-231,0.03951017181799907
Hum_XLOC_003294,MDA-MB-231,0.05003288228683772
Hum_XLOC_003321,MDA-MB-231,0.07675572955684076
Hum_XLOC_003324,MDA-MB-231,0.07079177770031003
Hum_XLOC_003334,MDA-MB-231,0.026151868595000537
Hum_XLOC_003337,MDA-MB-231,0.05128955297775137
Hum_XLOC_003338,MDA-MB-231,0.03902215222519305
Hum_XLOC_003352,MDA-MB-231,0.07536087768459179
Hum_XLOC_003357,MDA-MB-231,0.06940076073336672
Hum_XLOC_003361,MDA-MB-231,0.07140142710379165
Hum_XLOC_003371,MDA-MB-231,0.03733436035756986
Hum_XLOC_003381,MDA-MB-231,0.023757421882060772
Hum_XLOC_003408,MDA-MB-231,0.03185888226949024
Hum_XLOC_003436,MDA-MB-231,0.04263922164829905
Hum_XLOC_003440,MDA-MB-231,0.021645082509624117
Hum_XLOC_003450,MDA-MB-231,0.07152625369502258
Hum_XLOC_003466,MDA-MB-231,0.04525006784945937
Hum_XLOC_003488,MDA-MB-231,0.054145434421587105
Hum_XLOC_003491,MDA-MB-231,0.06005184671164713
Hum_XLOC_003497,MDA-MB-231,0.026482508650039684
Hum_XLOC_003498,MDA-MB-231,0.05036871761539263
Hum_XLOC_003502,MDA-MB-231,0.06911328287134462
Hum_XLOC_003518,MDA-MB-231,0.04876450930498049
Hum_XLOC_003532,MDA-MB-231,0.06432704314678157
Hum_XLOC_003543,MDA-MB-231,0.037330575325791614
Hum_XLOC_003554,MDA-MB-231,0.07492059913247667
Hum_XLOC_003563,MDA-MB-231,0.04804079591700554
Hum_XLOC_003567,MDA-MB-231,0.0677990658589315
Hum_XLOC_003568,MDA-MB-231,0.0611100101434914
Hum_XLOC_003570,MDA-MB-231,0.05192529451425746
Hum_XLOC_003571,MDA-MB-231,0.05725286566966863
Hum_XLOC_003593,MDA-MB-231,0.07105891579583984
Hum_XLOC_003594,MDA-MB-231,0.05383554131323862
Hum_XLOC_003598,MDA-MB-231,0.057295381034242254
Hum_XLOC_003626,MDA-MB-231,0.038170378233925724
Hum_XLOC_003628,MDA-MB-231,0.05168539859704829
Hum_XLOC_003630,MDA-MB-231,0.06380786931194479
Hum_XLOC_003641,MDA-MB-231,0.06603626281357197
Hum_XLOC_003662,MDA-MB-231,0.07374859257411749
Hum_XLOC_003665,MDA-MB-231,0.07513556023290106
Hum_XLOC_003672,MDA-MB-231,0.06301408860701635
Hum_XLOC_003673,MDA-MB-231,0.048385275252661605
Hum_XLOC_003674,MDA-MB-231,0.07059945294534281
Hum_XLOC_003676,MDA-MB-231,0.08172647831693357
Hum_XLOC_003686,MDA-MB-231,0.04463818698712514
Hum_XLOC_003697,MDA-MB-231,0.034177502985044406
Hum_XLOC_003717,MDA-MB-231,0.0380251808353944
Hum_XLOC_003725,MDA-MB-231,0.04992390482894567
Hum_XLOC_003743,MDA-MB-231,0.029673407433946822
Hum_XLOC_003754,MDA-MB-231,0.06719228557153428
Hum_XLOC_003766,MDA-MB-231,0.07017579168001849
Hum_XLOC_003775,MDA-MB-231,0.05197730365761896
Hum_XLOC_003790,MDA-MB-231,0.04410247729072056
Hum_XLOC_003799,MDA-MB-231,0.0639214006467726
Hum_XLOC_003853,MDA-MB-231,0.027290511176064094
Hum_XLOC_003865,MDA-MB-231,0.04895748033322417
Hum_XLOC_003871,MDA-MB-231,0.029039284172060024
Hum_XLOC_003891,MDA-MB-231,0.04428368803535253
Hum_XLOC_003892,MDA-MB-231,0.06950811899193834
Hum_XLOC_003910,MDA-MB-231,0.054701279260255364
Hum_XLOC_003911,MDA-MB-231,0.060245138792393585
Hum_XLOC_003952,MDA-MB-231,0.061860994234329
Hum_XLOC_003971,MDA-MB-231,0.07200907109476878
Hum_XLOC_003988,MDA-MB-231,0.06975325230051424
Hum_XLOC_004020,MDA-MB-231,0.029073105713969635
Hum_XLOC_004035,MDA-MB-231,0.0616368079767088
Hum_XLOC_004036,MDA-MB-231,0.0823073187404444
Hum_XLOC_004048,MDA-MB-231,0.01872735277943325
Hum_XLOC_004068,MDA-MB-231,0.041232769770666616
Hum_XLOC_004069,MDA-MB-231,0.031688191266232645
Hum_XLOC_004095,MDA-MB-231,0.047105624418586844
Hum_XLOC_004096,MDA-MB-231,0.04535223536735808
Hum_XLOC_004116,MDA-MB-231,0.08633864244392912
Hum_XLOC_004123,MDA-MB-231,0.025877372670431963
Hum_XLOC_004134,MDA-MB-231,0.06399676607556756
Hum_XLOC_004161,MDA-MB-231,0.027434585536648612
Hum_XLOC_004168,MDA-MB-231,0.06625703703667307
Hum_XLOC_004169,MDA-MB-231,0.02193666678335219
Hum_XLOC_004177,MDA-MB-231,0.052845631320637104
Hum_XLOC_004200,MDA-MB-231,0.06738806559823612
Hum_XLOC_004201,MDA-MB-231,0.057838576399483616
Hum_XLOC_004219,MDA-MB-231,0.05585421539037954
Hum_XLOC_004226,MDA-MB-231,0.07603669774294154
Hum_XLOC_004227,MDA-MB-231,0.06755430167711202
Hum_XLOC_004236,MDA-MB-231,0.0622625012271099
Hum_XLOC_004254,MDA-MB-231,0.6596042669009858
Hum_XLOC_004255,MDA-MB-231,0.03466622540590648
Hum_XLOC_004262,MDA-MB-231,0.08745842372211994
Hum_XLOC_004269,MDA-MB-231,0.03410522183824087
Hum_XLOC_004277,MDA-MB-231,0.0386615071713163
Hum_XLOC_004278,MDA-MB-231,0.07026449290701223
Hum_XLOC_004282,MDA-MB-231,0.06913485141681124
Hum_XLOC_004287,MDA-MB-231,0.07019446645458119
Hum_XLOC_004293,MDA-MB-231,0.04275469981400607
Hum_XLOC_004302,MDA-MB-231,0.04538438829930211
Hum_XLOC_004303,MDA-MB-231,0.03347138616793729
Hum_XLOC_004306,MDA-MB-231,0.03134160306441802
Hum_XLOC_004309,MDA-MB-231,0.08028942636549598
Hum_XLOC_004314,MDA-MB-231,0.07781386027399999
Hum_XLOC_004317,MDA-MB-231,0.05078927904792383
Hum_XLOC_004336,MDA-MB-231,0.0678984530563652
Hum_XLOC_004343,MDA-MB-231,0.06648959124610382
Hum_XLOC_004350,MDA-MB-231,0.07567691777627475
Hum_XLOC_004361,MDA-MB-231,0.03090508033284766
Hum_XLOC_004363,MDA-MB-231,0.05189454152441136
Hum_XLOC_004401,MDA-MB-231,0.0638596149640028
Hum_XLOC_004405,MDA-MB-231,0.0646510820744143
Hum_XLOC_004407,MDA-MB-231,0.04624635970433753
Hum_XLOC_004424,MDA-MB-231,0.05373988943358611
Hum_XLOC_004437,MDA-MB-231,0.06456534183879113
Hum_XLOC_004446,MDA-MB-231,0.04213680560215654
Hum_XLOC_004457,MDA-MB-231,0.0670927510913082
Hum_XLOC_004482,MDA-MB-231,0.05593348063196753
Hum_XLOC_004502,MDA-MB-231,0.02890234464255811
Hum_XLOC_004515,MDA-MB-231,0.06793677514760671
Hum_XLOC_004529,MDA-MB-231,0.06354608015645014
Hum_XLOC_004535,MDA-MB-231,0.05093123260382129
Hum_XLOC_004553,MDA-MB-231,0.06258553203009895
Hum_XLOC_004566,MDA-MB-231,0.04358034245364189
Hum_XLOC_004567,MDA-MB-231,0.051457378381166013
Hum_XLOC_004572,MDA-MB-231,0.0846117170476974
Hum_XLOC_004578,MDA-MB-231,0.05234758086689012
Hum_XLOC_004580,MDA-MB-231,0.0494564008646611
Hum_XLOC_004581,MDA-MB-231,0.0674718691825341
Hum_XLOC_004587,MDA-MB-231,0.050173159573186854
Hum_XLOC_004600,MDA-MB-231,0.07607865219526642
Hum_XLOC_004601,MDA-MB-231,0.06335144128845399
Hum_XLOC_004607,MDA-MB-231,0.07430331838112444
Hum_XLOC_004617,MDA-MB-231,0.03824290027337784
Hum_XLOC_004619,MDA-MB-231,0.0676222001342669
Hum_XLOC_004620,MDA-MB-231,0.057175487145002035
Hum_XLOC_004632,MDA-MB-231,0.06173914111315764
Hum_XLOC_004636,MDA-MB-231,0.05524630819200547
Hum_XLOC_004652,MDA-MB-231,0.0592676037623446
Hum_XLOC_004653,MDA-MB-231,0.06694475001830891
Hum_XLOC_004657,MDA-MB-231,0.08366180816044697
Hum_XLOC_004661,MDA-MB-231,0.0644430762884942
Hum_XLOC_004683,MDA-MB-231,0.04093747902902848
Hum_XLOC_004684,MDA-MB-231,0.06527586154874139
Hum_XLOC_004688,MDA-MB-231,0.07366858432953463
Hum_XLOC_004689,MDA-MB-231,0.06876362280511084
Hum_XLOC_004705,MDA-MB-231,0.03426385377748931
Hum_XLOC_004717,MDA-MB-231,0.057996299659700365
Hum_XLOC_004718,MDA-MB-231,0.06336382715292502
Hum_XLOC_004733,MDA-MB-231,0.07146510015500634
Hum_XLOC_004741,MDA-MB-231,0.02758200523458111
Hum_XLOC_004762,MDA-MB-231,0.0725864609357634
Hum_XLOC_004771,MDA-MB-231,0.05081140006907147
Hum_XLOC_004777,MDA-MB-231,0.06657524244651654
Hum_XLOC_004788,MDA-MB-231,0.0651818752042331
Hum_XLOC_004791,MDA-MB-231,0.06431405663901693
Hum_XLOC_004795,MDA-MB-231,0.05254344716069456
Hum_XLOC_004803,MDA-MB-231,0.042425843307492425
Hum_XLOC_004805,MDA-MB-231,0.05528669328169155
Hum_XLOC_004813,MDA-MB-231,0.05746684427119031
Hum_XLOC_004815,MDA-MB-231,0.06524147055584767
Hum_XLOC_004822,MDA-MB-231,0.06277084034895827
Hum_XLOC_004823,MDA-MB-231,0.06315711513003111
Hum_XLOC_004827,MDA-MB-231,0.047834944867769943
Hum_XLOC_004837,MDA-MB-231,0.06872782625784211
Hum_XLOC_004839,MDA-MB-231,0.06438310046165312
Hum_XLOC_004855,MDA-MB-231,0.046424217454426556
Hum_XLOC_004874,MDA-MB-231,0.03528440109756749
Hum_XLOC_004875,MDA-MB-231,0.06304709145832467
Hum_XLOC_004878,MDA-MB-231,0.06280456363495245
Hum_XLOC_004884,MDA-MB-231,0.06737072884042808
Hum_XLOC_004911,MDA-MB-231,0.03082181859948671
Hum_XLOC_004915,MDA-MB-231,0.07227116535027607
Hum_XLOC_004927,MDA-MB-231,0.07128929412489654
Hum_XLOC_004929,MDA-MB-231,0.06051678320466562
Hum_XLOC_004936,MDA-MB-231,0.06495219518913053
Hum_XLOC_004957,MDA-MB-231,0.06456517016449373
Hum_XLOC_004960,MDA-MB-231,0.0646486726133856
Hum_XLOC_004965,MDA-MB-231,0.025910227451004787
Hum_XLOC_004979,MDA-MB-231,0.05108667198692622
Hum_XLOC_004983,MDA-MB-231,0.06045513332866758
Hum_XLOC_004993,MDA-MB-231,0.058439813568002576
Hum_XLOC_005006,MDA-MB-231,0.0721686464535532
Hum_XLOC_005009,MDA-MB-231,0.02176266823849641
Hum_XLOC_005027,MDA-MB-231,0.06993094486685163
Hum_XLOC_005039,MDA-MB-231,0.03463598653436083
Hum_XLOC_005052,MDA-MB-231,0.07199562984037691
Hum_XLOC_005064,MDA-MB-231,0.05181693806105917
Hum_XLOC_005067,MDA-MB-231,0.0368806277326653
Hum_XLOC_005075,MDA-MB-231,0.026934904666803816
Hum_XLOC_005083,MDA-MB-231,0.04738964547345756
Hum_XLOC_005116,MDA-MB-231,0.05516773665593129
Hum_XLOC_005120,MDA-MB-231,0.0667831564657873
Hum_XLOC_005131,MDA-MB-231,0.05942132453034827
Hum_XLOC_005138,MDA-MB-231,0.049303090218033904
Hum_XLOC_005173,MDA-MB-231,0.0581659087244019
Hum_XLOC_005212,MDA-MB-231,0.051713702369749426
Hum_XLOC_005219,MDA-MB-231,0.07215729930992788
Hum_XLOC_005230,MDA-MB-231,0.06485575783375686
Hum_XLOC_005272,MDA-MB-231,0.07670256880492585
Hum_XLOC_005279,MDA-MB-231,0.05053210716671419
Hum_XLOC_005283,MDA-MB-231,0.05289063492344903
Hum_XLOC_005284,MDA-MB-231,0.0681328065233705
Hum_XLOC_005296,MDA-MB-231,0.03323750916249935
Hum_XLOC_005317,MDA-MB-231,0.06702270452620845
Hum_XLOC_005324,MDA-MB-231,0.057733412275474544
Hum_XLOC_005329,MDA-MB-231,0.07277586081164751
Hum_XLOC_005338,MDA-MB-231,0.07255345047989425
Hum_XLOC_005352,MDA-MB-231,0.028543319947144298
Hum_XLOC_005372,MDA-MB-231,0.03703023401746841
Hum_XLOC_005394,MDA-MB-231,0.07084470740423846
Hum_XLOC_005402,MDA-MB-231,0.042358599608103696
Hum_XLOC_005409,MDA-MB-231,0.042782391126761625
Hum_XLOC_005458,MDA-MB-231,0.061037071875386456
Hum_XLOC_005474,MDA-MB-231,0.05777481168444281
Hum_XLOC_005490,MDA-MB-231,0.0590699656839407
Hum_XLOC_005499,MDA-MB-231,0.05967950707845063
Hum_XLOC_005502,MDA-MB-231,0.06358764815417556
Hum_XLOC_005513,MDA-MB-231,0.0654588344241499
Hum_XLOC_005516,MDA-MB-231,0.06334184542425478
Hum_XLOC_005526,MDA-MB-231,0.07823510831693135
Hum_XLOC_005529,MDA-MB-231,0.07819166880533832
Hum_XLOC_005531,MDA-MB-231,0.028852524395805178
Hum_XLOC_005541,MDA-MB-231,0.05973658032263467
Hum_XLOC_005571,MDA-MB-231,0.04788299111588739
Hum_XLOC_005573,MDA-MB-231,0.040206632934070334
Hum_XLOC_005610,MDA-MB-231,0.06583885662003852
Hum_XLOC_005619,MDA-MB-231,0.046699200484289424
Hum_XLOC_005624,MDA-MB-231,0.09025426032680026
Hum_XLOC_005627,MDA-MB-231,0.06605147963503781
Hum_XLOC_005631,MDA-MB-231,0.07915762711818601
Hum_XLOC_005648,MDA-MB-231,0.060866870149473
Hum_XLOC_005656,MDA-MB-231,0.050038593943672376
Hum_XLOC_005658,MDA-MB-231,0.051850202316840205
Hum_XLOC_005659,MDA-MB-231,0.052584652098632084
Hum_XLOC_005666,MDA-MB-231,0.054061901708455234
Hum_XLOC_005667,MDA-MB-231,0.07230489120015167
Hum_XLOC_005668,MDA-MB-231,0.05845845837207277
Hum_XLOC_005675,MDA-MB-231,0.056123451634634454
Hum_XLOC_005685,MDA-MB-231,0.06667560409706322
Hum_XLOC_005690,MDA-MB-231,0.079656296894053
Hum_XLOC_005695,MDA-MB-231,0.05342667578849979
Hum_XLOC_005708,MDA-MB-231,0.06050050166996515
Hum_XLOC_005749,MDA-MB-231,0.06283913634845364
Hum_XLOC_005768,MDA-MB-231,0.062006332573628996
Hum_XLOC_005793,MDA-MB-231,0.05926136991978273
Hum_XLOC_005803,MDA-MB-231,0.05050167159917933
Hum_XLOC_005812,MDA-MB-231,0.04605254550002609
Hum_XLOC_005834,MDA-MB-231,0.033676080012662556
Hum_XLOC_005846,MDA-MB-231,0.03563590947258117
Hum_XLOC_005851,MDA-MB-231,0.06186440063413203
Hum_XLOC_005856,MDA-MB-231,0.04954019455397127
Hum_XLOC_005857,MDA-MB-231,0.018320112219714982
Hum_XLOC_005870,MDA-MB-231,0.04580760064747564
Hum_XLOC_005873,MDA-MB-231,0.07781247476376435
Hum_XLOC_005882,MDA-MB-231,0.07586674530608667
Hum_XLOC_005906,MDA-MB-231,0.06446955038815617
Hum_XLOC_005913,MDA-MB-231,0.018626846328456126
Hum_XLOC_005916,MDA-MB-231,0.07072174492535035
Hum_XLOC_005918,MDA-MB-231,0.03544162337414406
Hum_XLOC_005926,MDA-MB-231,0.07135644638395229
Hum_XLOC_005940,MDA-MB-231,0.06669443591151228
Hum_XLOC_005958,MDA-MB-231,0.05320129708558478
Hum_XLOC_005959,MDA-MB-231,0.025929425834123665
Hum_XLOC_005962,MDA-MB-231,0.038995738230767685
Hum_XLOC_005981,MDA-MB-231,0.05741568159259194
Hum_XLOC_005989,MDA-MB-231,0.06822089959702511
Hum_XLOC_005995,MDA-MB-231,0.05435008337493862
Hum_XLOC_005997,MDA-MB-231,0.06500651018473794
Hum_XLOC_006029,MDA-MB-231,0.06756409285949289
Hum_XLOC_006040,MDA-MB-231,0.0697723083981357
Hum_XLOC_006051,MDA-MB-231,0.05535636317726274
Hum_XLOC_006053,MDA-MB-231,0.030373484601517217
Hum_XLOC_006054,MDA-MB-231,0.058590097983221845
Hum_XLOC_006070,MDA-MB-231,0.05866925173411938
Hum_XLOC_006073,MDA-MB-231,0.06135379964473964
Hum_XLOC_006076,MDA-MB-231,0.026262387505130443
Hum_XLOC_006081,MDA-MB-231,0.03247667235546379
Hum_XLOC_006082,MDA-MB-231,0.039913608085638985
Hum_XLOC_006108,MDA-MB-231,0.05660525756278112
Hum_XLOC_006110,MDA-MB-231,0.06955884752112637
Hum_XLOC_006111,MDA-MB-231,0.06420631414608427
Hum_XLOC_006119,MDA-MB-231,0.0450676818682633
Hum_XLOC_006126,MDA-MB-231,0.05385749899524239
Hum_XLOC_006131,MDA-MB-231,0.05813126736983655
Hum_XLOC_006134,MDA-MB-231,0.052256038878467
Hum_XLOC_006136,MDA-MB-231,0.06339182329625331
Hum_XLOC_006144,MDA-MB-231,0.048278205676394195
Hum_XLOC_006174,MDA-MB-231,0.056632309795528184
Hum_XLOC_006175,MDA-MB-231,0.06765078057144931
Hum_XLOC_006177,MDA-MB-231,0.06630386831412943
Hum_XLOC_006190,MDA-MB-231,0.058812269545584106
Hum_XLOC_006217,MDA-MB-231,0.05989437317656599
Hum_XLOC_006231,MDA-MB-231,0.07028872443648262
Hum_XLOC_006258,MDA-MB-231,0.02420911088746517
Hum_XLOC_006259,MDA-MB-231,0.045956887617332784
Hum_XLOC_006264,MDA-MB-231,0.0544347675994306
Hum_XLOC_006267,MDA-MB-231,0.035464566445120846
Hum_XLOC_006269,MDA-MB-231,0.07534668175436296
Hum_XLOC_006274,MDA-MB-231,0.06153737672673837
Hum_XLOC_006278,MDA-MB-231,0.0544275284396175
Hum_XLOC_006280,MDA-MB-231,0.06139714910057274
Hum_XLOC_006306,MDA-MB-231,0.0629369832677153
Hum_XLOC_006315,MDA-MB-231,0.0603592145116201
Hum_XLOC_006316,MDA-MB-231,0.06252780623475902
Hum_XLOC_006318,MDA-MB-231,0.05959843857735995
Hum_XLOC_006320,MDA-MB-231,0.04286959865245652
Hum_XLOC_006323,MDA-MB-231,0.06916034298202818
Hum_XLOC_006335,MDA-MB-231,0.06561668942945532
Hum_XLOC_006343,MDA-MB-231,0.05314605880699923
Hum_XLOC_006346,MDA-MB-231,0.03884958873454914
Hum_XLOC_006355,MDA-MB-231,0.034313470382671955
Hum_XLOC_006368,MDA-MB-231,0.09549985783872093
Hum_XLOC_006369,MDA-MB-231,0.05748844189677435
Hum_XLOC_006370,MDA-MB-231,0.059048847289782214
Hum_XLOC_006380,MDA-MB-231,0.08371649173566377
Hum_XLOC_006403,MDA-MB-231,0.0830419899974056
Hum_XLOC_006422,MDA-MB-231,0.05939962841156517
Hum_XLOC_006427,MDA-MB-231,0.07614714521820068
Hum_XLOC_006434,MDA-MB-231,0.052442920300138515
Hum_XLOC_006445,MDA-MB-231,0.02081919986571071
Hum_XLOC_006455,MDA-MB-231,0.07045448051744369
Hum_XLOC_006475,MDA-MB-231,0.053811198773006406
Hum_XLOC_006482,MDA-MB-231,0.06122334420100718
Hum_XLOC_006486,MDA-MB-231,0.023535621752136984
Hum_XLOC_006491,MDA-MB-231,0.03541688830705698
Hum_XLOC_006497,MDA-MB-231,0.030538655912805527
Hum_XLOC_006509,MDA-MB-231,0.051626770185327714
Hum_XLOC_006516,MDA-MB-231,0.02796730191375914
Hum_XLOC_006518,MDA-MB-231,0.026434214401420165
Hum_XLOC_006536,MDA-MB-231,0.06309773926252384
Hum_XLOC_006539,MDA-MB-231,0.0807623242361338
Hum_XLOC_006545,MDA-MB-231,0.06991372953443044
Hum_XLOC_006547,MDA-MB-231,0.08733566968687798
Hum_XLOC_006559,MDA-MB-231,0.05488206880083643
Hum_XLOC_006565,MDA-MB-231,0.03092751479201291
Hum_XLOC_006570,MDA-MB-231,0.06259085437802892
Hum_XLOC_006606,MDA-MB-231,0.026532615895004847
Hum_XLOC_006609,MDA-MB-231,0.05011199547532455
Hum_XLOC_006612,MDA-MB-231,0.024748633980279863
Hum_XLOC_006625,MDA-MB-231,0.06814347201779387
Hum_XLOC_006626,MDA-MB-231,0.06226551658254702
Hum_XLOC_006631,MDA-MB-231,0.05380130036875898
Hum_XLOC_006637,MDA-MB-231,0.0696999672165819
Hum_XLOC_006709,MDA-MB-231,0.0259526717255225
Hum_XLOC_006725,MDA-MB-231,0.03287984859601887
Hum_XLOC_006730,MDA-MB-231,0.06199303529035245
Hum_XLOC_006738,MDA-MB-231,0.044864174238156564
Hum_XLOC_006743,MDA-MB-231,0.020742829198717287
Hum_XLOC_006744,MDA-MB-231,0.04516820073810032
Hum_XLOC_006756,MDA-MB-231,0.022544631414070766
Hum_XLOC_006799,MDA-MB-231,0.025579438104367237
Hum_XLOC_006817,MDA-MB-231,0.03151078365967186
Hum_XLOC_006822,MDA-MB-231,0.08146092869628795
Hum_XLOC_006823,MDA-MB-231,0.024074799805600886
Hum_XLOC_006830,MDA-MB-231,0.043883498537036054
Hum_XLOC_006853,MDA-MB-231,0.05563063391983729
Hum_XLOC_006865,MDA-MB-231,0.06788586542739752
Hum_XLOC_006879,MDA-MB-231,0.06833017569279659
Hum_XLOC_006881,MDA-MB-231,0.11114836767029573
Hum_XLOC_006898,MDA-MB-231,0.06424511615669139
Hum_XLOC_006908,MDA-MB-231,0.05353744558357564
Hum_XLOC_006922,MDA-MB-231,0.03570676376579455
Hum_XLOC_006931,MDA-MB-231,0.05334074358131739
Hum_XLOC_006946,MDA-MB-231,0.04721525871463625
Hum_XLOC_006957,MDA-MB-231,0.06505883101552024
Hum_XLOC_006963,MDA-MB-231,0.059896833020779035
Hum_XLOC_006985,MDA-MB-231,0.06658050665114236
Hum_XLOC_006989,MDA-MB-231,0.04349230713560858
Hum_XLOC_006992,MDA-MB-231,0.06734993661754651
Hum_XLOC_006998,MDA-MB-231,0.06716204222896753
Hum_XLOC_007004,MDA-MB-231,0.06930017927080838
Hum_XLOC_007031,MDA-MB-231,0.06977567913748778
Hum_XLOC_007036,MDA-MB-231,0.05523117735774556
Hum_XLOC_007039,MDA-MB-231,0.049332086269680164
Hum_XLOC_007054,MDA-MB-231,0.020238102733731268
Hum_XLOC_007056,MDA-MB-231,0.026915725542393097
Hum_XLOC_007057,MDA-MB-231,0.06034956068091302
Hum_XLOC_007065,MDA-MB-231,0.0658874109062988
Hum_XLOC_007109,MDA-MB-231,0.034368755280372774
Hum_XLOC_007118,MDA-MB-231,0.05055075091781247
Hum_XLOC_007144,MDA-MB-231,0.06434788558209578
Hum_XLOC_007162,MDA-MB-231,0.06719868531942255
Hum_XLOC_007165,MDA-MB-231,0.06825137268606069
Hum_XLOC_007167,MDA-MB-231,0.06017869721642993
Hum_XLOC_007170,MDA-MB-231,0.057982946362934676
Hum_XLOC_007171,MDA-MB-231,0.05978902384537756
Hum_XLOC_007193,MDA-MB-231,0.02999557293108496
Hum_XLOC_007197,MDA-MB-231,0.06602878002773611
Hum_XLOC_007198,MDA-MB-231,0.06001900380211348
Hum_XLOC_007199,MDA-MB-231,0.06821242058400938
Hum_XLOC_007203,MDA-MB-231,0.057026000523179785
Hum_XLOC_007215,MDA-MB-231,0.025788176040550115
Hum_XLOC_007232,MDA-MB-231,0.07000812976978611
Hum_XLOC_007249,MDA-MB-231,0.06372674775679865
Hum_XLOC_007250,MDA-MB-231,0.05671097189432081
Hum_XLOC_007252,MDA-MB-231,0.05765571701757625
Hum_XLOC_007277,MDA-MB-231,0.07344139894738912
Hum_XLOC_007284,MDA-MB-231,0.06024293338797845
Hum_XLOC_007287,MDA-MB-231,0.024553441644955383
Hum_XLOC_007327,MDA-MB-231,0.06377119673584755
Hum_XLOC_007345,MDA-MB-231,0.08156484660800278
Hum_XLOC_007347,MDA-MB-231,0.06675155465075017
Hum_XLOC_007349,MDA-MB-231,0.044103144529333255
Hum_XLOC_007355,MDA-MB-231,0.06329664167529772
Hum_XLOC_007356,MDA-MB-231,0.06694903664975374
Hum_XLOC_007362,MDA-MB-231,0.022487984516811926
Hum_XLOC_007407,MDA-MB-231,0.07286186263142398
Hum_XLOC_007408,MDA-MB-231,0.06967821426577048
Hum_XLOC_007419,MDA-MB-231,0.03321808068514515
Hum_XLOC_007442,MDA-MB-231,0.06808954520701026
Hum_XLOC_007443,MDA-MB-231,0.0792254878707212
Hum_XLOC_007452,MDA-MB-231,0.06995767332641085
Hum_XLOC_007464,MDA-MB-231,0.060753666239429474
Hum_XLOC_007468,MDA-MB-231,0.0749876612332549
Hum_XLOC_007485,MDA-MB-231,0.05193530046109224
Hum_XLOC_007496,MDA-MB-231,0.07833087734191756
Hum_XLOC_007500,MDA-MB-231,0.06425358483163388
Hum_XLOC_007512,MDA-MB-231,0.07722881830523226
Hum_XLOC_007516,MDA-MB-231,0.04609284538850261
Hum_XLOC_007526,MDA-MB-231,0.02918346425427526
Hum_XLOC_007532,MDA-MB-231,0.07098298641391425
Hum_XLOC_007544,MDA-MB-231,0.022381317420248847
Hum_XLOC_007556,MDA-MB-231,0.058367731282776086
Hum_XLOC_007560,MDA-MB-231,0.07028502920168342
Hum_XLOC_007564,MDA-MB-231,0.037219699830878965
Hum_XLOC_007572,MDA-MB-231,0.0672318171925298
Hum_XLOC_007581,MDA-MB-231,0.05474279347335509
Hum_XLOC_007583,MDA-MB-231,0.05729362029923943
Hum_XLOC_007586,MDA-MB-231,0.044147693275702816
Hum_XLOC_007588,MDA-MB-231,0.04730080048679849
Hum_XLOC_007589,MDA-MB-231,0.030281849072384747
Hum_XLOC_007599,MDA-MB-231,0.06575246823245538
Hum_XLOC_007608,MDA-MB-231,0.05182557778342255
Hum_XLOC_007610,MDA-MB-231,0.030715999601174392
Hum_XLOC_007611,MDA-MB-231,0.03879819088941446
Hum_XLOC_007612,MDA-MB-231,0.0674735016676247
Hum_XLOC_007619,MDA-MB-231,0.07599579380398017
Hum_XLOC_007625,MDA-MB-231,0.06358344838067319
Hum_XLOC_007643,MDA-MB-231,0.06261199638958743
Hum_XLOC_007657,MDA-MB-231,0.05586385099652583
Hum_XLOC_007678,MDA-MB-231,0.06071812249566413
Hum_XLOC_007682,MDA-MB-231,0.06396978798011413
Hum_XLOC_007702,MDA-MB-231,0.057835598358861144
Hum_XLOC_007703,MDA-MB-231,0.0414387968347608
Hum_XLOC_007709,MDA-MB-231,0.0571506688445857
Hum_XLOC_007722,MDA-MB-231,0.07505233172070891
Hum_XLOC_007731,MDA-MB-231,0.04247502781473185
Hum_XLOC_007742,MDA-MB-231,0.037907082709562404
Hum_XLOC_007770,MDA-MB-231,0.029129641414063906
Hum_XLOC_007778,MDA-MB-231,0.03377661494112402
Hum_XLOC_007802,MDA-MB-231,0.04939062178679113
Hum_XLOC_007806,MDA-MB-231,0.05421755820735107
Hum_XLOC_007830,MDA-MB-231,0.07547753856268105
Hum_XLOC_007843,MDA-MB-231,0.05605177146110744
Hum_XLOC_007844,MDA-MB-231,0.062438067187468624
Hum_XLOC_007846,MDA-MB-231,0.059644975928837794
Hum_XLOC_007847,MDA-MB-231,0.056560801752419385
Hum_XLOC_007848,MDA-MB-231,0.06125894707117675
Hum_XLOC_007855,MDA-MB-231,0.051283664245550156
Hum_XLOC_007859,MDA-MB-231,0.06694181915697098
Hum_XLOC_007866,MDA-MB-231,0.07022011716602587
Hum_XLOC_007880,MDA-MB-231,0.04839123042615526
Hum_XLOC_007882,MDA-MB-231,0.0610878323583119
Hum_XLOC_007893,MDA-MB-231,0.018946421674019148
Hum_XLOC_007899,MDA-MB-231,0.0648534475456198
Hum_XLOC_007915,MDA-MB-231,0.053162600801132456
Hum_XLOC_007917,MDA-MB-231,0.027687601095137918
Hum_XLOC_007922,MDA-MB-231,0.05041481250151609
Hum_XLOC_007924,MDA-MB-231,0.05231748912669617
Hum_XLOC_007992,MDA-MB-231,0.05668896395471375
Hum_XLOC_007995,MDA-MB-231,0.06922215386904808
Hum_XLOC_008008,MDA-MB-231,0.07050802467310924
Hum_XLOC_008020,MDA-MB-231,0.0467383739558326
Hum_XLOC_008036,MDA-MB-231,0.0619207909223113
Hum_XLOC_008050,MDA-MB-231,0.06369759560188244
Hum_XLOC_008064,MDA-MB-231,0.07924692061855232
Hum_XLOC_008076,MDA-MB-231,0.6703205476584424
Hum_XLOC_008081,MDA-MB-231,0.46677434319272965
Hum_XLOC_008099,MDA-MB-231,0.07098938258641958
Hum_XLOC_008101,MDA-MB-231,0.06869398489658964
Hum_XLOC_008115,MDA-MB-231,0.061581512395228535
Hum_XLOC_008158,MDA-MB-231,0.06745109459447284
Hum_XLOC_008160,MDA-MB-231,0.06270967338059187
Hum_XLOC_008171,MDA-MB-231,0.06468370926530008
Hum_XLOC_008179,MDA-MB-231,0.06790894067582925
Hum_XLOC_008183,MDA-MB-231,0.0629927203006582
Hum_XLOC_008199,MDA-MB-231,0.036630372206131016
Hum_XLOC_008211,MDA-MB-231,0.08056287730610054
Hum_XLOC_008223,MDA-MB-231,0.06723602439237353
Hum_XLOC_008225,MDA-MB-231,0.049077718239837115
Hum_XLOC_008227,MDA-MB-231,0.029344101030904953
Hum_XLOC_008245,MDA-MB-231,0.028356758171661774
Hum_XLOC_008264,MDA-MB-231,0.03244426244514225
Hum_XLOC_008276,MDA-MB-231,0.06472775137147427
Hum_XLOC_008281,MDA-MB-231,0.0690979486318981
Hum_XLOC_008282,MDA-MB-231,0.06835331711570458
Hum_XLOC_008302,MDA-MB-231,0.07116693999757044
Hum_XLOC_008304,MDA-MB-231,0.04176110319022918
Hum_XLOC_008314,MDA-MB-231,0.06210911642408675
Hum_XLOC_008320,MDA-MB-231,0.049310544991049254
Hum_XLOC_008329,MDA-MB-231,0.032731193419497956
Hum_XLOC_008330,MDA-MB-231,0.07575381951124154
Hum_XLOC_008340,MDA-MB-231,0.0642259735762179
Hum_XLOC_008366,MDA-MB-231,0.07900705422832414
Hum_XLOC_008371,MDA-MB-231,0.06491596109861808
Hum_XLOC_008374,MDA-MB-231,0.07061980261319778
Hum_XLOC_008392,MDA-MB-231,0.019353280899240523
Hum_XLOC_008394,MDA-MB-231,0.021371818091159688
Hum_XLOC_008395,MDA-MB-231,0.06032264146685909
Hum_XLOC_008422,MDA-MB-231,0.06423858228823698
Hum_XLOC_008431,MDA-MB-231,0.07661158161312787
Hum_XLOC_008443,MDA-MB-231,0.06616300554419481
Hum_XLOC_008462,MDA-MB-231,0.05252177958380193
Hum_XLOC_008469,MDA-MB-231,0.06477776791555818
Hum_XLOC_008516,MDA-MB-231,0.05839408738740776
Hum_XLOC_008524,MDA-MB-231,0.04056876900871705
Hum_XLOC_008528,MDA-MB-231,0.052783839168478966
Hum_XLOC_008531,MDA-MB-231,0.0575773986065962
Hum_XLOC_008547,MDA-MB-231,0.07356859228560737
Hum_XLOC_008548,MDA-MB-231,0.06902498334300267
Hum_XLOC_008561,MDA-MB-231,0.04255299661593025
Hum_XLOC_008566,MDA-MB-231,0.04719521891937996
Hum_XLOC_008586,MDA-MB-231,0.07249975758574354
Hum_XLOC_008588,MDA-MB-231,0.02694291840567274
Hum_XLOC_008589,MDA-MB-231,0.022519097077403148
Hum_XLOC_008600,MDA-MB-231,0.05597011547418796
Hum_XLOC_008621,MDA-MB-231,0.05624271489464388
Hum_XLOC_008629,MDA-MB-231,0.07324154537916398
Hum_XLOC_008639,MDA-MB-231,0.062243211899217527
Hum_XLOC_008664,MDA-MB-231,0.112670615842973
Hum_XLOC_008673,MDA-MB-231,0.0640453528397513
Hum_XLOC_008682,MDA-MB-231,0.06283119270756204
Hum_XLOC_008683,MDA-MB-231,0.08366242564857429
Hum_XLOC_008710,MDA-MB-231,0.0561200375818061
Hum_XLOC_008716,MDA-MB-231,0.05123044812433625
Hum_XLOC_008727,MDA-MB-231,0.06538320713940896
Hum_XLOC_008734,MDA-MB-231,0.05905435056887691
Hum_XLOC_008738,MDA-MB-231,0.07128518753441453
Hum_XLOC_008743,MDA-MB-231,0.04661662684295094
Hum_XLOC_008752,MDA-MB-231,0.021640414814340994
Hum_XLOC_008755,MDA-MB-231,0.0521486526167144
Hum_XLOC_008775,MDA-MB-231,0.06141336105372311
Hum_XLOC_008779,MDA-MB-231,0.047480675937553105
Hum_XLOC_008785,MDA-MB-231,0.06632117462542218
Hum_XLOC_008787,MDA-MB-231,0.06925730273504811
Hum_XLOC_008798,MDA-MB-231,0.07878703021555677
Hum_XLOC_008809,MDA-MB-231,0.06427073383138046
Hum_XLOC_008827,MDA-MB-231,0.07472073014924568
Hum_XLOC_008834,MDA-MB-231,0.022066366847736198
Hum_XLOC_008842,MDA-MB-231,0.05085836444120184
Hum_XLOC_008843,MDA-MB-231,0.05046837412624125
Hum_XLOC_008852,MDA-MB-231,0.049816244618780474
Hum_XLOC_008854,MDA-MB-231,0.06174950365693744
Hum_XLOC_008855,MDA-MB-231,0.05484335832343744
Hum_XLOC_008861,MDA-MB-231,0.07709571232352942
Hum_XLOC_008869,MDA-MB-231,0.06157799666890699
Hum_XLOC_008885,MDA-MB-231,0.06570513945117615
Hum_XLOC_008918,MDA-MB-231,0.0472444743757182
Hum_XLOC_008924,MDA-MB-231,0.055771156815731755
Hum_XLOC_008933,MDA-MB-231,0.05342864068091496
Hum_XLOC_008942,MDA-MB-231,0.03884542113675285
Hum_XLOC_008956,MDA-MB-231,0.045553996179579406
Hum_XLOC_008969,MDA-MB-231,0.057664620979614965
Hum_XLOC_008981,MDA-MB-231,0.06159081645470807
Hum_XLOC_008982,MDA-MB-231,0.06278428788251612
Hum_XLOC_008997,MDA-MB-231,0.07089122428699313
Hum_XLOC_008998,MDA-MB-231,0.07144343052346065
Hum_XLOC_009029,MDA-MB-231,0.06458308016787795
Hum_XLOC_009036,MDA-MB-231,0.04379149479168132
Hum_XLOC_009056,MDA-MB-231,0.05572853061783953
Hum_XLOC_009070,MDA-MB-231,0.04672114990434299
Hum_XLOC_009083,MDA-MB-231,0.05679340866217402
Hum_XLOC_009103,MDA-MB-231,0.05145652728164708
Hum_XLOC_009104,MDA-MB-231,0.055050305752625796
Hum_XLOC_009106,MDA-MB-231,0.06262679921968198
Hum_XLOC_009112,MDA-MB-231,0.04865491021211896
Hum_XLOC_009116,MDA-MB-231,0.06981926425313219
Hum_XLOC_009117,MDA-MB-231,0.05943402346036291
Hum_XLOC_009134,MDA-MB-231,0.03434556226005928
Hum_XLOC_009138,MDA-MB-231,0.06249392484507488
Hum_XLOC_009143,MDA-MB-231,0.05321242771755165
Hum_XLOC_009152,MDA-MB-231,0.036100188251643905
Hum_XLOC_009154,MDA-MB-231,0.039944160640510144
Hum_XLOC_009172,MDA-MB-231,0.06009535426658452
Hum_XLOC_009192,MDA-MB-231,0.07077975385604607
Hum_XLOC_009198,MDA-MB-231,0.05882350733372639
Hum_XLOC_009204,MDA-MB-231,0.04331378178742717
Hum_XLOC_009212,MDA-MB-231,0.06292655174944776
Hum_XLOC_009219,MDA-MB-231,0.0617751150564282
Hum_XLOC_009221,MDA-MB-231,0.060644780870313525
Hum_XLOC_009223,MDA-MB-231,0.05718554119035702
Hum_XLOC_009241,MDA-MB-231,0.057309025814856626
Hum_XLOC_009248,MDA-MB-231,0.04892736432348617
Hum_XLOC_009255,MDA-MB-231,0.06746210421967533
Hum_XLOC_009296,MDA-MB-231,0.07978511561426926
Hum_XLOC_009299,MDA-MB-231,0.30276529942566976
Hum_XLOC_009322,MDA-MB-231,0.06290052856791443
Hum_XLOC_009336,MDA-MB-231,0.06207260888322878
Hum_XLOC_009343,MDA-MB-231,0.029728352113211495
Hum_XLOC_009353,MDA-MB-231,0.0699402139411879
Hum_XLOC_009372,MDA-MB-231,0.25102061812577425
Hum_XLOC_009393,MDA-MB-231,0.033494978961821804
Hum_XLOC_009399,MDA-MB-231,0.05681140976785505
Hum_XLOC_009422,MDA-MB-231,0.08269395991270814
Hum_XLOC_009441,MDA-MB-231,0.027787748086649723
Hum_XLOC_009451,MDA-MB-231,0.07270883240999242
Hum_XLOC_009456,MDA-MB-231,0.05269477232800298
Hum_XLOC_009459,MDA-MB-231,0.06491996429989892
Hum_XLOC_009472,MDA-MB-231,0.06556695531368169
Hum_XLOC_009473,MDA-MB-231,0.07304480023129083
Hum_XLOC_009504,MDA-MB-231,0.07069545244968645
Hum_XLOC_009509,MDA-MB-231,0.06618105688172264
Hum_XLOC_009512,MDA-MB-231,0.057370793810264824
Hum_XLOC_009523,MDA-MB-231,0.052405363385469056
Hum_XLOC_009524,MDA-MB-231,0.05390143661538004
Hum_XLOC_009529,MDA-MB-231,0.06338645988736967
Hum_XLOC_009532,MDA-MB-231,0.05880837193957608
Hum_XLOC_009533,MDA-MB-231,0.0649925320049489
Hum_XLOC_009563,MDA-MB-231,0.024516250915228018
Hum_XLOC_009564,MDA-MB-231,0.039708318010639995
Hum_XLOC_009594,MDA-MB-231,0.0761182140615698
Hum_XLOC_009600,MDA-MB-231,0.02516534215813634
Hum_XLOC_009601,MDA-MB-231,0.03884050812493157
Hum_XLOC_009603,MDA-MB-231,0.058394346656467325
Hum_XLOC_009605,MDA-MB-231,0.09575636086631234
Hum_XLOC_009607,MDA-MB-231,0.0690451523768038
Hum_XLOC_009612,MDA-MB-231,0.07143261488639022
Hum_XLOC_009613,MDA-MB-231,0.0800115434117199
Hum_XLOC_009633,MDA-MB-231,0.03566708799948866
Hum_XLOC_009642,MDA-MB-231,0.06637632236691392
Hum_XLOC_009655,MDA-MB-231,0.05870747997051162
Hum_XLOC_009678,MDA-MB-231,0.05899855540883844
Hum_XLOC_009682,MDA-MB-231,0.030380974016819867
Hum_XLOC_009697,MDA-MB-231,0.02263202609860368
Hum_XLOC_009706,MDA-MB-231,0.06892560510042249
Hum_XLOC_009720,MDA-MB-231,0.05923999314972282
Hum_XLOC_009729,MDA-MB-231,0.02795453565949274
Hum_XLOC_009732,MDA-MB-231,0.06344458482977597
Hum_XLOC_009758,MDA-MB-231,0.019542251988340295
Hum_XLOC_009774,MDA-MB-231,0.05134319563437387
Hum_XLOC_009777,MDA-MB-231,0.02290650335656427
Hum_XLOC_009791,MDA-MB-231,0.04942823850125826
Hum_XLOC_009793,MDA-MB-231,0.06535129663632724
Hum_XLOC_009804,MDA-MB-231,0.050082604569366994
Hum_XLOC_009810,MDA-MB-231,0.04111472741743268
Hum_XLOC_009811,MDA-MB-231,0.0658442884395126
Hum_XLOC_009831,MDA-MB-231,0.05873838199381793
Hum_XLOC_009832,MDA-MB-231,0.03180303157077276
Hum_XLOC_009851,MDA-MB-231,0.050525914058305095
Hum_XLOC_009855,MDA-MB-231,0.026887034479544485
Hum_XLOC_009858,MDA-MB-231,0.05046279174810589
Hum_XLOC_009859,MDA-MB-231,0.0665060940592154
Hum_XLOC_009884,MDA-MB-231,0.04550750883269689
Hum_XLOC_009887,MDA-MB-231,0.06330049099625848
Hum_XLOC_009895,MDA-MB-231,0.06538892752558376
Hum_XLOC_009901,MDA-MB-231,0.08569407072776598
Hum_XLOC_009911,MDA-MB-231,0.06765388864196749
Hum_XLOC_009922,MDA-MB-231,0.030884617644860814
Hum_XLOC_009924,MDA-MB-231,0.07669627768494353
Hum_XLOC_009932,MDA-MB-231,0.06151656246691517
Hum_XLOC_009936,MDA-MB-231,0.06252265263106975
Hum_XLOC_009947,MDA-MB-231,0.045855468590319325
Hum_XLOC_009963,MDA-MB-231,0.0673857600722951
Hum_XLOC_009980,MDA-MB-231,0.062037202592831645
Hum_XLOC_009995,MDA-MB-231,0.07638159554787867
Hum_XLOC_010016,MDA-MB-231,0.07337695672969703
Hum_XLOC_010035,MDA-MB-231,0.061076415956804485
Hum_XLOC_010045,MDA-MB-231,0.026225477695569165
Hum_XLOC_010058,MDA-MB-231,0.06493631917025611
Hum_XLOC_010067,MDA-MB-231,0.024042343499163395
Hum_XLOC_010070,MDA-MB-231,0.06506896856535718
Hum_XLOC_010077,MDA-MB-231,0.019713362838878413
Hum_XLOC_010102,MDA-MB-231,0.03316566973582481
Hum_XLOC_010114,MDA-MB-231,0.06250393742747551
Hum_XLOC_010122,MDA-MB-231,0.058079869491102915
Hum_XLOC_010143,MDA-MB-231,0.044816758891668924
Hum_XLOC_010153,MDA-MB-231,0.04410715136378473
Hum_XLOC_010179,MDA-MB-231,0.05484540257211809
Hum_XLOC_010182,MDA-MB-231,0.03247525652264781
Hum_XLOC_010191,MDA-MB-231,0.05922043714207848
Hum_XLOC_010192,MDA-MB-231,0.061393810089295855
Hum_XLOC_010213,MDA-MB-231,0.038111849211093105
Hum_XLOC_010234,MDA-MB-231,0.06479572986132506
Hum_XLOC_010235,MDA-MB-231,0.058381931849696006
Hum_XLOC_010242,MDA-MB-231,0.06902493685342297
Hum_XLOC_010243,MDA-MB-231,0.06542085415259975
Hum_XLOC_010244,MDA-MB-231,0.0617402615226839
Hum_XLOC_010248,MDA-MB-231,0.06037175698584735
Hum_XLOC_010252,MDA-MB-231,0.04268297261068838
Hum_XLOC_010267,MDA-MB-231,0.05765031586433558
Hum_XLOC_010268,MDA-MB-231,0.0456782481290541
Hum_XLOC_010276,MDA-MB-231,0.040382540405948554
Hum_XLOC_010277,MDA-MB-231,0.06373707649144747
Hum_XLOC_010280,MDA-MB-231,0.059024674047351205
Hum_XLOC_010284,MDA-MB-231,0.06441378678976364
Hum_XLOC_010294,MDA-MB-231,0.0629154473702804
Hum_XLOC_010303,MDA-MB-231,0.07398444981739993
Hum_XLOC_010304,MDA-MB-231,0.03747274244067452
Hum_XLOC_010306,MDA-MB-231,0.034863138382913626
Hum_XLOC_010307,MDA-MB-231,0.06742730447781917
Hum_XLOC_010314,MDA-MB-231,0.041052665537693746
Hum_XLOC_010319,MDA-MB-231,0.06677734187112735
Hum_XLOC_010320,MDA-MB-231,0.040056359332977805
Hum_XLOC_010321,MDA-MB-231,0.07129981191265336
Hum_XLOC_010341,MDA-MB-231,0.05983290444902506
Hum_XLOC_010367,MDA-MB-231,0.06895534606078209
Hum_XLOC_010384,MDA-MB-231,0.05922827961552062
Hum_XLOC_010388,MDA-MB-231,0.03794619819440596
Hum_XLOC_010425,MDA-MB-231,0.05781175641250695
Hum_XLOC_010430,MDA-MB-231,0.031849670082459425
Hum_XLOC_010432,MDA-MB-231,0.07613106623858457
Hum_XLOC_010449,MDA-MB-231,0.058461186367900916
Hum_XLOC_010453,MDA-MB-231,0.06996715460549618
Hum_XLOC_010464,MDA-MB-231,0.0677355372700534
Hum_XLOC_010466,MDA-MB-231,0.0562513948201594
Hum_XLOC_010469,MDA-MB-231,0.0574750779042523
Hum_XLOC_010473,MDA-MB-231,0.05864712705640316
Hum_XLOC_010496,MDA-MB-231,0.044657446104501154
Hum_XLOC_010521,MDA-MB-231,0.08145739207507023
Hum_XLOC_010524,MDA-MB-231,0.03244932194762075
Hum_XLOC_010525,MDA-MB-231,0.06795505146862285
Hum_XLOC_010528,MDA-MB-231,0.03673189091445442
Hum_XLOC_010529,MDA-MB-231,0.07130238882291615
Hum_XLOC_010548,MDA-MB-231,0.07044985738715746
Hum_XLOC_010558,MDA-MB-231,0.0637766424204598
Hum_XLOC_010569,MDA-MB-231,0.07063655074642415
Hum_XLOC_010572,MDA-MB-231,0.05703368162535508
Hum_XLOC_010579,MDA-MB-231,0.03321982771238056
Hum_XLOC_010589,MDA-MB-231,0.07386856463390237
Hum_XLOC_010597,MDA-MB-231,0.037565482310788406
Hum_XLOC_010651,MDA-MB-231,0.06462045412393344
Hum_XLOC_010655,MDA-MB-231,0.052980905828619286
Hum_XLOC_010661,MDA-MB-231,0.05966666750790149
Hum_XLOC_010668,MDA-MB-231,0.05144408141522727
Hum_XLOC_010677,MDA-MB-231,0.07642461288125425
Hum_XLOC_010696,MDA-MB-231,0.05135016890418592
Hum_XLOC_010700,MDA-MB-231,0.07310353656195613
Hum_XLOC_010706,MDA-MB-231,0.07831776224184916
Hum_XLOC_010707,MDA-MB-231,0.0966559387860587
Hum_XLOC_010719,MDA-MB-231,0.02836899757730208
Hum_XLOC_010721,MDA-MB-231,0.05795826750944096
Hum_XLOC_010739,MDA-MB-231,0.04756026858643374
Hum_XLOC_010758,MDA-MB-231,0.08280422204895004
Hum_XLOC_010768,MDA-MB-231,0.033370480395603856
Hum_XLOC_010782,MDA-MB-231,0.07067574843504361
Hum_XLOC_010805,MDA-MB-231,0.06321211553102249
Hum_XLOC_010813,MDA-MB-231,0.03312819067041435
Hum_XLOC_010821,MDA-MB-231,0.07846276611791075
Hum_XLOC_010822,MDA-MB-231,0.07399209513597128
Hum_XLOC_010823,MDA-MB-231,0.05815035573502259
Hum_XLOC_010838,MDA-MB-231,0.06672691301456542
Hum_XLOC_010855,MDA-MB-231,0.057793346645570925
Hum_XLOC_010866,MDA-MB-231,0.041431282175274205
Hum_XLOC_010868,MDA-MB-231,0.057379446229032315
Hum_XLOC_010875,MDA-MB-231,0.07635501800586506
Hum_XLOC_010877,MDA-MB-231,0.07810428373582196
Hum_XLOC_010880,MDA-MB-231,0.0394041369966586
Hum_XLOC_010882,MDA-MB-231,0.027592573835950797
Hum_XLOC_010887,MDA-MB-231,0.06347737804486642
Hum_XLOC_010899,MDA-MB-231,0.06051245939067504
Hum_XLOC_010912,MDA-MB-231,0.028682867286880135
Hum_XLOC_010922,MDA-MB-231,0.04921721760120302
Hum_XLOC_010933,MDA-MB-231,0.021273227155896624
Hum_XLOC_010938,MDA-MB-231,0.04105190172321489
Hum_XLOC_010948,MDA-MB-231,0.05195799933731586
Hum_XLOC_010952,MDA-MB-231,0.031989993398227244
Hum_XLOC_010955,MDA-MB-231,0.07423659115667884
Hum_XLOC_010958,MDA-MB-231,0.05164212934479372
Hum_XLOC_010971,MDA-MB-231,0.0499353647558675
Hum_XLOC_010982,MDA-MB-231,0.06982903844802102
Hum_XLOC_010985,MDA-MB-231,0.0673739028734476
Hum_XLOC_010988,MDA-MB-231,0.05003482655920449
Hum_XLOC_010993,MDA-MB-231,0.02607606549453932
Hum_XLOC_011008,MDA-MB-231,0.07459755225664966
Hum_XLOC_011010,MDA-MB-231,0.026639402696516195
Hum_XLOC_011023,MDA-MB-231,0.07038164803076971
Hum_XLOC_011034,MDA-MB-231,0.062276215953010805
Hum_XLOC_011041,MDA-MB-231,0.04278040966187096
Hum_XLOC_011043,MDA-MB-231,0.042176394332261655
Hum_XLOC_011049,MDA-MB-231,0.032453649171819254
Hum_XLOC_011063,MDA-MB-231,0.037611094152854505
Hum_XLOC_011067,MDA-MB-231,0.06725596441900422
Hum_XLOC_011073,MDA-MB-231,0.02623901063666254
Hum_XLOC_011088,MDA-MB-231,0.05088298097337508
Hum_XLOC_011121,MDA-MB-231,0.052731758145837956
Hum_XLOC_011127,MDA-MB-231,0.03519194980023266
Hum_XLOC_011130,MDA-MB-231,0.06971557910190075
Hum_XLOC_011136,MDA-MB-231,0.03439191732093953
Hum_XLOC_011142,MDA-MB-231,0.06416169848536547
Hum_XLOC_011159,MDA-MB-231,0.04677479788664758
Hum_XLOC_011172,MDA-MB-231,0.06394788846989208
Hum_XLOC_011175,MDA-MB-231,0.06134244324288201
Hum_XLOC_011182,MDA-MB-231,0.06323729134416604
Hum_XLOC_011183,MDA-MB-231,0.05411088218253793
Hum_XLOC_011218,MDA-MB-231,0.04492854225934771
Hum_XLOC_011224,MDA-MB-231,0.06830111789105281
Hum_XLOC_011225,MDA-MB-231,0.055337561873288366
Hum_XLOC_011229,MDA-MB-231,0.0693562589885413
Hum_XLOC_011233,MDA-MB-231,0.06755242437470702
Hum_XLOC_011234,MDA-MB-231,0.050374136204827884
Hum_XLOC_011262,MDA-MB-231,0.027541473632880835
Hum_XLOC_011264,MDA-MB-231,0.06473528236033595
Hum_XLOC_011281,MDA-MB-231,0.06958854005804047
Hum_XLOC_011305,MDA-MB-231,0.06735862483070977
Hum_XLOC_011307,MDA-MB-231,0.06421782346146031
Hum_XLOC_011338,MDA-MB-231,0.07942316964474384
Hum_XLOC_011343,MDA-MB-231,0.07041163115320037
Hum_XLOC_011361,MDA-MB-231,0.04523728629720368
Hum_XLOC_011365,MDA-MB-231,0.07939219951451734
Hum_XLOC_011396,MDA-MB-231,0.07413511404357644
Hum_XLOC_011397,MDA-MB-231,0.054939874624078094
Hum_XLOC_011409,MDA-MB-231,0.0607784527531595
Hum_XLOC_011411,MDA-MB-231,0.0572101814948906
Hum_XLOC_011420,MDA-MB-231,0.05992504561723337
Hum_XLOC_011422,MDA-MB-231,0.04347571836404008
Hum_XLOC_011423,MDA-MB-231,0.036040760659846516
Hum_XLOC_011425,MDA-MB-231,0.050380695529340304
Hum_XLOC_011426,MDA-MB-231,0.076742755081875
Hum_XLOC_011427,MDA-MB-231,0.022625638319278503
Hum_XLOC_011429,MDA-MB-231,0.05226471605940881
Hum_XLOC_011435,MDA-MB-231,0.04652369389120081
Hum_XLOC_011440,MDA-MB-231,0.06725529627543925
Hum_XLOC_011443,MDA-MB-231,0.04882474183053587
Hum_XLOC_011445,MDA-MB-231,0.04980918104554125
Hum_XLOC_011448,MDA-MB-231,0.05462918383204801
Hum_XLOC_011453,MDA-MB-231,0.06840821527671911
Hum_XLOC_011484,MDA-MB-231,0.06506043109816874
Hum_XLOC_011485,MDA-MB-231,0.062088588670374895
Hum_XLOC_011498,MDA-MB-231,0.03502366064163135
Hum_XLOC_011510,MDA-MB-231,0.07179847219667618
Hum_XLOC_011524,MDA-MB-231,0.028114727520119738
Hum_XLOC_011538,MDA-MB-231,0.023112496206098607
Hum_XLOC_011540,MDA-MB-231,0.0699659215140018
Hum_XLOC_011546,MDA-MB-231,0.07061672472389922
Hum_XLOC_011553,MDA-MB-231,0.026793718656856678
Hum_XLOC_011565,MDA-MB-231,0.062066798171570264
Hum_XLOC_011579,MDA-MB-231,0.04582292195130187
Hum_XLOC_011580,MDA-MB-231,0.07130899265694877
Hum_XLOC_011582,MDA-MB-231,0.06537278708012002
Hum_XLOC_011587,MDA-MB-231,0.07909701349607884
Hum_XLOC_011590,MDA-MB-231,0.043681493078206915
Hum_XLOC_011594,MDA-MB-231,0.0680777302162076
Hum_XLOC_011611,MDA-MB-231,0.042582718216068835
Hum_XLOC_011619,MDA-MB-231,0.04795270408456857
Hum_XLOC_011622,MDA-MB-231,0.07441395149062052
Hum_XLOC_011641,MDA-MB-231,0.023915077684133073
Hum_XLOC_011649,MDA-MB-231,0.0506750381657028
Hum_XLOC_011666,MDA-MB-231,0.06072285488477994
Hum_XLOC_011674,MDA-MB-231,0.04275233226540748
Hum_XLOC_011680,MDA-MB-231,0.05273091339641976
Hum_XLOC_011704,MDA-MB-231,0.04518906435900922
Hum_XLOC_011764,MDA-MB-231,0.052087733021265153
Hum_XLOC_011769,MDA-MB-231,0.061430466850350175
Hum_XLOC_011786,MDA-MB-231,0.07154577567968776
Hum_XLOC_011793,MDA-MB-231,0.03176496430254298
Hum_XLOC_011806,MDA-MB-231,0.08107234624101209
Hum_XLOC_011823,MDA-MB-231,0.06890536520684375
Hum_XLOC_011828,MDA-MB-231,0.037915435499075376
Hum_XLOC_011831,MDA-MB-231,0.07680494001569746
Hum_XLOC_011850,MDA-MB-231,0.07348881930360314
Hum_XLOC_011856,MDA-MB-231,0.052909425485992125
Hum_XLOC_011888,MDA-MB-231,0.05834821848210968
Hum_XLOC_011917,MDA-MB-231,0.0652163925273235
Hum_XLOC_011919,MDA-MB-231,0.06580655610172001
Hum_XLOC_011926,MDA-MB-231,0.07033901683204213
Hum_XLOC_011973,MDA-MB-231,0.04606621254368683
Hum_XLOC_011980,MDA-MB-231,0.042868226320694515
Hum_XLOC_011988,MDA-MB-231,0.061225179409120895
Hum_XLOC_012005,MDA-MB-231,0.07627073660403026
Hum_XLOC_012017,MDA-MB-231,0.05217396783729847
Hum_XLOC_012022,MDA-MB-231,0.0712420483122122
Hum_XLOC_012024,MDA-MB-231,0.07026269215493403
Hum_XLOC_012025,MDA-MB-231,0.05726090586550091
Hum_XLOC_012027,MDA-MB-231,0.0495378598316122
Hum_XLOC_012060,MDA-MB-231,0.07375327095365972
Hum_XLOC_012071,MDA-MB-231,0.0645202779908761
Hum_XLOC_012073,MDA-MB-231,0.06411325239289445
Hum_XLOC_012076,MDA-MB-231,0.055207679383038735
Hum_XLOC_012093,MDA-MB-231,0.05063601879004766
Hum_XLOC_012112,MDA-MB-231,0.07551886222922656
Hum_XLOC_012115,MDA-MB-231,0.06437069159905243
Hum_XLOC_012146,MDA-MB-231,0.08206249647193112
Hum_XLOC_012154,MDA-MB-231,0.0627750402408387
Hum_XLOC_012159,MDA-MB-231,0.061743395257453954
Hum_XLOC_012165,MDA-MB-231,0.034351622464542896
Hum_XLOC_012197,MDA-MB-231,0.06401029555921932
Hum_XLOC_012203,MDA-MB-231,0.04540637951841517
Hum_XLOC_012233,MDA-MB-231,0.03912619898892994
Hum_XLOC_012248,MDA-MB-231,0.031002116934691903
Hum_XLOC_012249,MDA-MB-231,0.07041844557614019
Hum_XLOC_012261,MDA-MB-231,0.06226205010119414
Hum_XLOC_012262,MDA-MB-231,0.0773770672708635
Hum_XLOC_012280,MDA-MB-231,0.04460190538765173
Hum_XLOC_012286,MDA-MB-231,0.06426269164612282
Hum_XLOC_012293,MDA-MB-231,0.052082166592958556
Hum_XLOC_012326,MDA-MB-231,0.020522093914667416
Hum_XLOC_012339,MDA-MB-231,0.06302632852144141
Hum_XLOC_012347,MDA-MB-231,0.05363276637280483
Hum_XLOC_012352,MDA-MB-231,0.06814980855282472
Hum_XLOC_012409,MDA-MB-231,0.06545498009940973
Hum_XLOC_012414,MDA-MB-231,0.06652846404535748
Hum_XLOC_012418,MDA-MB-231,0.05738380391467012
Hum_XLOC_012439,MDA-MB-231,0.026084414728553953
Hum_XLOC_012452,MDA-MB-231,0.05967066096268417
Hum_XLOC_012461,MDA-MB-231,0.039576793129189825
Hum_XLOC_012479,MDA-MB-231,0.05151998444715113
Hum_XLOC_012500,MDA-MB-231,0.07707267284709081
Hum_XLOC_012508,MDA-MB-231,0.07106866802560673
Hum_XLOC_012532,MDA-MB-231,0.07074888047866193
Hum_XLOC_012537,MDA-MB-231,0.0683965100409059
Hum_XLOC_012538,MDA-MB-231,0.047660229630244313
Hum_XLOC_012559,MDA-MB-231,0.07203909095403745
Hum_XLOC_012565,MDA-MB-231,0.05339850337899993
Hum_XLOC_012566,MDA-MB-231,0.08032810778587146
Hum_XLOC_012590,MDA-MB-231,0.03670397347194608
Hum_XLOC_012603,MDA-MB-231,0.08392303435543216
Hum_XLOC_012606,MDA-MB-231,0.08868250253358087
Hum_XLOC_012613,MDA-MB-231,0.05122920058987269
Hum_XLOC_012626,MDA-MB-231,0.06754616748953182
Hum_XLOC_012638,MDA-MB-231,0.02662484786166424
Hum_XLOC_012643,MDA-MB-231,0.05291729776973822
Hum_XLOC_012662,MDA-MB-231,0.058523654049014225
Hum_XLOC_012670,MDA-MB-231,0.0561809862503715
Hum_XLOC_012675,MDA-MB-231,0.06710946178253419
Hum_XLOC_012676,MDA-MB-231,0.06271189135920774
Hum_XLOC_012677,MDA-MB-231,0.06612550795975318
Hum_XLOC_012679,MDA-MB-231,0.06262755802183079
Hum_XLOC_012680,MDA-MB-231,0.0575725456436985
Hum_XLOC_012694,MDA-MB-231,0.04969971278108934
Hum_XLOC_012700,MDA-MB-231,0.03339553197155565
Hum_XLOC_012704,MDA-MB-231,0.04455627667080431
Hum_XLOC_012706,MDA-MB-231,0.07168941367630943
Hum_XLOC_012707,MDA-MB-231,0.052783234444210736
Hum_XLOC_012715,MDA-MB-231,0.024066352003632985
Hum_XLOC_012729,MDA-MB-231,0.05587688089136508
Hum_XLOC_012730,MDA-MB-231,0.034680275471246136
Hum_XLOC_012767,MDA-MB-231,0.0445482029839631
Hum_XLOC_012770,MDA-MB-231,0.058091752074366086
Hum_XLOC_012771,MDA-MB-231,0.04691533842234366
Hum_XLOC_012785,MDA-MB-231,0.04101588527593371
Hum_XLOC_012786,MDA-MB-231,0.05627340346350712
Hum_XLOC_012789,MDA-MB-231,0.06526459314650615
Hum_XLOC_012791,MDA-MB-231,0.048094077370447706
Hum_XLOC_012794,MDA-MB-231,0.05016772500807634
Hum_XLOC_012800,MDA-MB-231,0.061428548438582496
Hum_XLOC_012803,MDA-MB-231,0.05480382281634969
Hum_XLOC_012806,MDA-MB-231,0.06677842523323178
Hum_XLOC_012807,MDA-MB-231,0.062474552946044995
Hum_XLOC_012821,MDA-MB-231,0.07126605707148423
Hum_XLOC_012857,MDA-MB-231,0.06663676044620362
Hum_XLOC_012864,MDA-MB-231,0.07492613044091936
Hum_XLOC_012866,MDA-MB-231,0.04915525502703326
Hum_XLOC_012874,MDA-MB-231,0.03909268130707917
Hum_XLOC_012888,MDA-MB-231,0.04258906240497097
Hum_XLOC_012889,MDA-MB-231,0.06444421903665327
Hum_XLOC_012901,MDA-MB-231,0.06889714751617357
Hum_XLOC_012916,MDA-MB-231,0.06272186836089805
Hum_XLOC_012924,MDA-MB-231,0.027857845554054475
Hum_XLOC_012928,MDA-MB-231,0.02313999246822774
Hum_XLOC_012932,MDA-MB-231,0.02473184135406569
Hum_XLOC_012936,MDA-MB-231,0.04582434923147596
Hum_XLOC_012940,MDA-MB-231,0.04589645852991929
Hum_XLOC_012941,MDA-MB-231,0.06488223179719146
Hum_XLOC_012953,MDA-MB-231,0.03131928124597558
Hum_XLOC_012993,MDA-MB-231,0.06040568455871817
Hum_XLOC_013009,MDA-MB-231,0.06724581092021109
Hum_XLOC_013018,MDA-MB-231,0.06685097990967473
Hum_XLOC_013041,MDA-MB-231,0.05307132679187686
Hum_XLOC_013042,MDA-MB-231,0.06724566162720771
Hum_XLOC_013046,MDA-MB-231,0.0803997800039392
Hum_XLOC_013050,MDA-MB-231,0.05976832261938826
Hum_XLOC_013052,MDA-MB-231,0.02562388970446658
Hum_XLOC_013054,MDA-MB-231,0.06930407680256716
Hum_XLOC_013060,MDA-MB-231,0.07752338470005626
Hum_XLOC_013078,MDA-MB-231,0.03154337747349313
Hum_XLOC_013087,MDA-MB-231,0.040218768449476416
Hum_XLOC_013099,MDA-MB-231,0.054225746481574265
Hum_XLOC_013110,MDA-MB-231,0.049636799313879314
Hum_XLOC_013115,MDA-MB-231,0.0492131491256513
Hum_XLOC_013120,MDA-MB-231,0.0652707537885794
Hum_XLOC_013123,MDA-MB-231,0.06919128371477139
Hum_XLOC_013125,MDA-MB-231,0.06864307401106552
Hum_XLOC_013129,MDA-MB-231,0.028636904364673563
Hum_XLOC_013138,MDA-MB-231,0.04028911131513513
Hum_XLOC_013139,MDA-MB-231,0.05029833304891567
Hum_XLOC_013143,MDA-MB-231,0.05179750488462013
Hum_XLOC_013147,MDA-MB-231,0.06749424505281457
Hum_XLOC_013164,MDA-MB-231,0.02243734774300061
Hum_XLOC_013166,MDA-MB-231,0.05646267720373598
Hum_XLOC_013196,MDA-MB-231,0.05098323566830772
Hum_XLOC_013199,MDA-MB-231,0.0588895836661207
Hum_XLOC_013200,MDA-MB-231,0.06496606522295134
Hum_XLOC_013221,MDA-MB-231,0.04392258986184472
Hum_XLOC_013223,MDA-MB-231,0.062098694093499676
Hum_XLOC_013224,MDA-MB-231,0.05527760753024915
Hum_XLOC_013231,MDA-MB-231,0.018646098361350935
Hum_XLOC_013235,MDA-MB-231,0.0626441588806547
Hum_XLOC_013236,MDA-MB-231,0.06534316561193153
Hum_XLOC_013239,MDA-MB-231,0.05787033315862868
Hum_XLOC_013260,MDA-MB-231,0.02548940803302431
Hum_XLOC_013269,MDA-MB-231,0.05065925354561232
Hum_XLOC_013274,MDA-MB-231,0.024812977627230528
Hum_XLOC_013278,MDA-MB-231,0.02531017301016321
Hum_XLOC_013279,MDA-MB-231,0.05884309937437242
Hum_XLOC_013290,MDA-MB-231,0.060559386515044604
Hum_XLOC_013308,MDA-MB-231,0.02398572809157726
Hum_XLOC_013313,MDA-MB-231,0.0635528628477561
Hum_XLOC_013317,MDA-MB-231,0.06231003337905522
Hum_XLOC_013320,MDA-MB-231,0.02293519123846253
Hum_XLOC_013335,MDA-MB-231,0.026071662966512747
Hum_XLOC_013337,MDA-MB-231,0.053250000950297124
Hum_XLOC_013345,MDA-MB-231,0.06818762915606444
Hum_XLOC_013346,MDA-MB-231,0.03812604484107631
Hum_XLOC_013348,MDA-MB-231,0.06511462416999811
Hum_XLOC_013349,MDA-MB-231,0.022992806210387927
Hum_XLOC_013350,MDA-MB-231,0.038500664971456613
Hum_XLOC_013356,MDA-MB-231,0.06921555066793028
Hum_XLOC_013359,MDA-MB-231,0.03666074989943274
Hum_XLOC_013414,MDA-MB-231,0.04316869323030652
Hum_XLOC_013426,MDA-MB-231,0.5240686117192159
Hum_XLOC_013432,MDA-MB-231,0.06341595936549632
Hum_XLOC_013441,MDA-MB-231,0.07278284264199633
Hum_XLOC_013463,MDA-MB-231,0.056348174970820314
Hum_XLOC_013471,MDA-MB-231,0.06467865587125175
Hum_XLOC_013486,MDA-MB-231,0.0765764785696093
Hum_XLOC_013496,MDA-MB-231,0.05211486799943936
Hum_XLOC_013498,MDA-MB-231,0.030049991971009885
Hum_XLOC_013506,MDA-MB-231,0.06168464976558326
Hum_XLOC_013521,MDA-MB-231,0.06349801588360307
Hum_XLOC_013522,MDA-MB-231,0.0622457105505483
Hum_XLOC_013523,MDA-MB-231,0.051333197601917874
Hum_XLOC_013526,MDA-MB-231,0.07012389400586937
Hum_XLOC_013545,MDA-MB-231,0.04457423700897892
Hum_XLOC_013555,MDA-MB-231,0.08862852834380072
Hum_XLOC_013568,MDA-MB-231,0.02873404010988933
Hum_XLOC_013579,MDA-MB-231,0.025087437346022916
Hum_XLOC_013582,MDA-MB-231,0.05483293422194312
Hum_XLOC_013599,MDA-MB-231,0.06872377008547847
Hum_XLOC_013600,MDA-MB-231,0.0644159787491773
Hum_XLOC_013607,MDA-MB-231,0.04408791507416501
Hum_XLOC_013609,MDA-MB-231,0.06860532576114203
Hum_XLOC_013613,MDA-MB-231,0.04934499944820859
Hum_XLOC_013632,MDA-MB-231,0.06916738830008307
Hum_XLOC_013668,MDA-MB-231,0.06186614643871341
Hum_XLOC_013669,MDA-MB-231,0.05286103251067817
Hum_XLOC_013670,MDA-MB-231,0.027618815584900175
Hum_XLOC_013676,MDA-MB-231,0.05041409960866416
Hum_XLOC_013683,MDA-MB-231,0.03588179467825363
Hum_XLOC_013699,MDA-MB-231,0.04972834039864289
Hum_XLOC_013712,MDA-MB-231,0.061931230798398615
Hum_XLOC_013719,MDA-MB-231,0.06772064838942002
Hum_XLOC_013721,MDA-MB-231,0.024742629073554328
Hum_XLOC_013749,MDA-MB-231,0.06089037650337412
Hum_XLOC_013750,MDA-MB-231,0.06234313331310547
Hum_XLOC_013759,MDA-MB-231,0.03987984326219031
Hum_XLOC_013831,MDA-MB-231,0.08684285343529341
Hum_XLOC_013841,MDA-MB-231,0.054354203598889136
Hum_XLOC_013848,MDA-MB-231,0.022514618487236848
Hum_XLOC_013859,MDA-MB-231,0.07308116452181038
Hum_XLOC_013860,MDA-MB-231,0.05438322522521055
Hum_XLOC_013865,MDA-MB-231,0.05166982557519233
Hum_XLOC_013883,MDA-MB-231,0.06724643012921375
Hum_XLOC_013901,MDA-MB-231,0.05867779265449774
Hum_XLOC_013906,MDA-MB-231,0.0714224097797285
Hum_XLOC_013919,MDA-MB-231,0.0764172464247239
Hum_XLOC_013932,MDA-MB-231,0.056885413930235884
Hum_XLOC_013933,MDA-MB-231,0.06781183208530082
Hum_XLOC_013950,MDA-MB-231,0.06101412255911584
Hum_XLOC_013952,MDA-MB-231,0.05105281015546993
Hum_XLOC_013956,MDA-MB-231,0.05258896163871616
Hum_XLOC_013965,MDA-MB-231,0.04548766501060973
Hum_XLOC_013985,MDA-MB-231,0.03802353627201761
Hum_XLOC_013989,MDA-MB-231,0.05335168614970194
Hum_XLOC_014040,MDA-MB-231,0.04866557556825452
Hum_XLOC_014055,MDA-MB-231,0.0670491051591459
Hum_XLOC_014058,MDA-MB-231,0.06299711875706629
Hum_XLOC_014067,MDA-MB-231,0.026626447994599362
Hum_XLOC_014073,MDA-MB-231,0.05265745205664557
Hum_XLOC_014080,MDA-MB-231,0.05267161008727582
Hum_XLOC_014092,MDA-MB-231,0.05780580631940553
Hum_XLOC_014094,MDA-MB-231,0.045679918256072705
Hum_XLOC_014101,MDA-MB-231,0.039194404775036384
Hum_XLOC_014105,MDA-MB-231,0.06406699317880779
Hum_XLOC_014106,MDA-MB-231,0.05726510624321349
Hum_XLOC_014107,MDA-MB-231,0.054744837865658966
Hum_XLOC_014115,MDA-MB-231,0.05751499302763566
Hum_XLOC_014121,MDA-MB-231,0.04485710462089133
Hum_XLOC_014126,MDA-MB-231,0.05257502115725214
Hum_XLOC_014135,MDA-MB-231,0.04218780199953796
Hum_XLOC_014136,MDA-MB-231,0.06553374573188099
Hum_XLOC_014155,MDA-MB-231,0.06285209403488401
Hum_XLOC_014160,MDA-MB-231,0.0776375215885004
Hum_XLOC_014171,MDA-MB-231,0.06502275460579378
Hum_XLOC_014172,MDA-MB-231,0.06649429781764996
Hum_XLOC_014186,MDA-MB-231,0.07118544839113844
Hum_XLOC_014192,MDA-MB-231,0.06295650330094052
Hum_XLOC_014201,MDA-MB-231,0.10133507235342984
Hum_XLOC_014203,MDA-MB-231,0.0250290889020185
Hum_XLOC_014204,MDA-MB-231,0.058273205662342765
Hum_XLOC_014261,MDA-MB-231,0.067304220411843
Hum_XLOC_014277,MDA-MB-231,0.056170933448656014
Hum_XLOC_014279,MDA-MB-231,0.05541917962952115
Hum_XLOC_014280,MDA-MB-231,0.058036356025162085
Hum_XLOC_014281,MDA-MB-231,0.03751383359865004
Hum_XLOC_014289,MDA-MB-231,0.07068958888897732
Hum_XLOC_014295,MDA-MB-231,0.029214738974453078
Hum_XLOC_014298,MDA-MB-231,0.06364854158361363
Hum_XLOC_014303,MDA-MB-231,0.06897024206872748
Hum_XLOC_014308,MDA-MB-231,0.07650228088322067
Hum_XLOC_014310,MDA-MB-231,0.06860917803122359
Hum_XLOC_014314,MDA-MB-231,0.06870511954206382
Hum_XLOC_014324,MDA-MB-231,0.061336633901334314
Hum_XLOC_014370,MDA-MB-231,0.06539153993630346
Hum_XLOC_014375,MDA-MB-231,0.0588146215285346
Hum_XLOC_014394,MDA-MB-231,0.06824945903254842
Hum_XLOC_014395,MDA-MB-231,0.05198326859292331
Hum_XLOC_014397,MDA-MB-231,0.07037789739767458
Hum_XLOC_014399,MDA-MB-231,0.07583273889314225
Hum_XLOC_014405,MDA-MB-231,0.06820513920915805
Hum_XLOC_014410,MDA-MB-231,0.0741070506714491
Hum_XLOC_014411,MDA-MB-231,0.06322263507074492
Hum_XLOC_014414,MDA-MB-231,0.06942947481868704
Hum_XLOC_014415,MDA-MB-231,0.07519815077433488
Hum_XLOC_014423,MDA-MB-231,0.022243698871611234
Hum_XLOC_014437,MDA-MB-231,0.07809904939681583
Hum_XLOC_014439,MDA-MB-231,0.06897618090843528
Hum_XLOC_014450,MDA-MB-231,0.049949838344101175
Hum_XLOC_014457,MDA-MB-231,0.06968360923155524
Hum_XLOC_014459,MDA-MB-231,0.05351684934209588
Hum_XLOC_014467,MDA-MB-231,0.021361331534181613
Hum_XLOC_014506,MDA-MB-231,0.05017330469890336
Hum_XLOC_014518,MDA-MB-231,0.020317723331273796
Hum_XLOC_014534,MDA-MB-231,0.07111507949923392
Hum_XLOC_014538,MDA-MB-231,0.048963497800915544
Hum_XLOC_014539,MDA-MB-231,0.04953558796307004
Hum_XLOC_014566,MDA-MB-231,0.0427573295069835
Hum_XLOC_014578,MDA-MB-231,0.02828406610839057
Hum_XLOC_014585,MDA-MB-231,0.0750522340750582
Hum_XLOC_014591,MDA-MB-231,0.05556893996793105
Hum_XLOC_014593,MDA-MB-231,0.08149567767499138
Hum_XLOC_014632,MDA-MB-231,0.06675135427611936
Hum_XLOC_014640,MDA-MB-231,0.02939806021907456
Hum_XLOC_014658,MDA-MB-231,0.0404591736121863
Hum_XLOC_014664,MDA-MB-231,0.036365175275566444
Hum_XLOC_014672,MDA-MB-231,0.05170331441389657
Hum_XLOC_014673,MDA-MB-231,0.04770371960668878
Hum_XLOC_014689,MDA-MB-231,0.06288900688325838
Hum_XLOC_014710,MDA-MB-231,0.05969393633863435
Hum_XLOC_014724,MDA-MB-231,0.05096665286069737
Hum_XLOC_014727,MDA-MB-231,0.031600855451091016
Hum_XLOC_014730,MDA-MB-231,0.024226033459868797
Hum_XLOC_014732,MDA-MB-231,0.0548877341864471
Hum_XLOC_014754,MDA-MB-231,0.06686792150983299
Hum_XLOC_014762,MDA-MB-231,0.03306956743402505
Hum_XLOC_014785,MDA-MB-231,0.03375586720844453
Hum_XLOC_014793,MDA-MB-231,0.04096558026323666
Hum_XLOC_014807,MDA-MB-231,0.05401151700174611
Hum_XLOC_014843,MDA-MB-231,0.04302974358289108
Hum_XLOC_014855,MDA-MB-231,0.05758242863878892
Hum_XLOC_014865,MDA-MB-231,0.04604683744241486
Hum_XLOC_014866,MDA-MB-231,0.0721456092503639
Hum_XLOC_014869,MDA-MB-231,0.06468450158808614
Hum_XLOC_014892,MDA-MB-231,0.06362047290590618
Hum_XLOC_014895,MDA-MB-231,0.06529403427394566
Hum_XLOC_014897,MDA-MB-231,0.06346923483120669
Hum_XLOC_014916,MDA-MB-231,0.059805875970240535
Hum_XLOC_014921,MDA-MB-231,0.056178442512358415
Hum_XLOC_014943,MDA-MB-231,0.033802933842450734
Hum_XLOC_014946,MDA-MB-231,0.042071707272123116
Hum_XLOC_014957,MDA-MB-231,0.03944890071123594
Hum_XLOC_014966,MDA-MB-231,0.06920544378395366
Hum_XLOC_014974,MDA-MB-231,0.05601632555398456
Hum_XLOC_014993,MDA-MB-231,0.07112508986755897
Hum_XLOC_014994,MDA-MB-231,0.05995657882183305
Hum_XLOC_014995,MDA-MB-231,0.060179719217964237
Hum_XLOC_014996,MDA-MB-231,0.06232947110091004
Hum_XLOC_015001,MDA-MB-231,0.07443678941609827
Hum_XLOC_015011,MDA-MB-231,0.07494410401214197
Hum_XLOC_015012,MDA-MB-231,0.04406800967157673
Hum_XLOC_015019,MDA-MB-231,0.061992459761461775
Hum_XLOC_015031,MDA-MB-231,0.06467611943667177
Hum_XLOC_015052,MDA-MB-231,0.024983198497403814
Hum_XLOC_015070,MDA-MB-231,0.07841301794995185
Hum_XLOC_015076,MDA-MB-231,0.06900664890592634
Hum_XLOC_015077,MDA-MB-231,0.07030339246581632
Hum_XLOC_015081,MDA-MB-231,0.06022157634759974
Hum_XLOC_015093,MDA-MB-231,0.06956173579165144
Hum_XLOC_015119,MDA-MB-231,0.03226325730388334
Hum_XLOC_015124,MDA-MB-231,0.04697329021461251
Hum_XLOC_015129,MDA-MB-231,0.0796327380241453
Hum_XLOC_015137,MDA-MB-231,0.06539335852825709
Hum_XLOC_015144,MDA-MB-231,0.04977605931994075
Hum_XLOC_015148,MDA-MB-231,0.06241605924172355
Hum_XLOC_015154,MDA-MB-231,0.07637551291743462
Hum_XLOC_015162,MDA-MB-231,0.032059267756528204
Hum_XLOC_015190,MDA-MB-231,0.05738085416367607
Hum_XLOC_015191,MDA-MB-231,0.04693568915369745
Hum_XLOC_015192,MDA-MB-231,0.02776078889757967
Hum_XLOC_015200,MDA-MB-231,0.054714662308358364
Hum_XLOC_015222,MDA-MB-231,0.040200685356946764
Hum_XLOC_015224,MDA-MB-231,0.061771204980681754
Hum_XLOC_015225,MDA-MB-231,0.03539901987993546
Hum_XLOC_015242,MDA-MB-231,0.06589433124980854
Hum_XLOC_015246,MDA-MB-231,0.06179007990521056
Hum_XLOC_015263,MDA-MB-231,0.06802321391867677
Hum_XLOC_015269,MDA-MB-231,0.06185900081765218
Hum_XLOC_015275,MDA-MB-231,0.07353634561331197
Hum_XLOC_015276,MDA-MB-231,0.06952574100240523
Hum_XLOC_015297,MDA-MB-231,0.019851837325315355
Hum_XLOC_015305,MDA-MB-231,0.05891632325298697
Hum_XLOC_015311,MDA-MB-231,0.05830026989701864
Hum_XLOC_015312,MDA-MB-231,0.061198185199568024
Hum_XLOC_015313,MDA-MB-231,0.03829774247269695
Hum_XLOC_015318,MDA-MB-231,0.04484754774228994
Hum_XLOC_015341,MDA-MB-231,0.01879300014978627
Hum_XLOC_015345,MDA-MB-231,0.05713572716994552
Hum_XLOC_015347,MDA-MB-231,0.06959580626569972
Hum_XLOC_015348,MDA-MB-231,0.027286762740365983
Hum_XLOC_015358,MDA-MB-231,0.029086496848974207
Hum_XLOC_015369,MDA-MB-231,0.05500874649226211
Hum_XLOC_015377,MDA-MB-231,0.06443142995097365
Hum_XLOC_015379,MDA-MB-231,0.059456199098860095
Hum_XLOC_015384,MDA-MB-231,0.05334468751120536
Hum_XLOC_015391,MDA-MB-231,0.020327332172699674
Hum_XLOC_015394,MDA-MB-231,0.021640775084203645
Hum_XLOC_015405,MDA-MB-231,0.0525075579975484
Hum_XLOC_015406,MDA-MB-231,0.04745322674367562
Hum_XLOC_015410,MDA-MB-231,0.035250116222880545
Hum_XLOC_015416,MDA-MB-231,0.05420147060510532
Hum_XLOC_015428,MDA-MB-231,0.060863823924491536
Hum_XLOC_015449,MDA-MB-231,0.055250820359757806
Hum_XLOC_015464,MDA-MB-231,0.045074853581660114
Hum_XLOC_015488,MDA-MB-231,0.06844010591716049
Hum_XLOC_015495,MDA-MB-231,0.0631766109177164
Hum_XLOC_015496,MDA-MB-231,0.057602170128772265
Hum_XLOC_015503,MDA-MB-231,0.040834931835687496
Hum_XLOC_015512,MDA-MB-231,0.0648793386716749
Hum_XLOC_015525,MDA-MB-231,0.05706918718857964
Hum_XLOC_015532,MDA-MB-231,0.06981897172705433
Hum_XLOC_015533,MDA-MB-231,0.06136902932857812
Hum_XLOC_015536,MDA-MB-231,0.031901554608184175
Hum_XLOC_015541,MDA-MB-231,0.07346940044366054
Hum_XLOC_015545,MDA-MB-231,0.05612000593447093
Hum_XLOC_015550,MDA-MB-231,0.02864043581642601
Hum_XLOC_015571,MDA-MB-231,0.042142100752191616
Hum_XLOC_015572,MDA-MB-231,0.057058618765553626
Hum_XLOC_015573,MDA-MB-231,0.08385167183261688
Hum_XLOC_015591,MDA-MB-231,0.04510824656359514
Hum_XLOC_015616,MDA-MB-231,0.06051112312833292
Hum_XLOC_015632,MDA-MB-231,0.056295391919777296
Hum_XLOC_015670,MDA-MB-231,0.059792854223335766
Hum_XLOC_015671,MDA-MB-231,0.06789055725771018
Hum_XLOC_015672,MDA-MB-231,0.05479300083672835
Hum_XLOC_015683,MDA-MB-231,0.0604570909729856
Hum_XLOC_015693,MDA-MB-231,0.0759586799321739
Hum_XLOC_015707,MDA-MB-231,0.06437569459533504
Hum_XLOC_015711,MDA-MB-231,0.04775210898542195
Hum_XLOC_015718,MDA-MB-231,0.05446139527572806
Hum_XLOC_015731,MDA-MB-231,0.030861209853512053
Hum_XLOC_015744,MDA-MB-231,0.06495479101832227
Hum_XLOC_015762,MDA-MB-231,0.06054877057996966
Hum_XLOC_015779,MDA-MB-231,0.05984369367296826
Hum_XLOC_015784,MDA-MB-231,0.06159456027508964
Hum_XLOC_015788,MDA-MB-231,0.07282113479481667
Hum_XLOC_015806,MDA-MB-231,0.0567858714083356
Hum_XLOC_015807,MDA-MB-231,0.06755899934500448
Hum_XLOC_015812,MDA-MB-231,0.046509015734345224
Hum_XLOC_015819,MDA-MB-231,0.038077835523166625
Hum_XLOC_015822,MDA-MB-231,0.07217398949036849
Hum_XLOC_015823,MDA-MB-231,0.07136337759314473
Hum_XLOC_015827,MDA-MB-231,0.07086836989457211
Hum_XLOC_015853,MDA-MB-231,0.06705939358275498
Hum_XLOC_015866,MDA-MB-231,0.06746561235961422
Hum_XLOC_015869,MDA-MB-231,0.060567387857032376
Hum_XLOC_015880,MDA-MB-231,0.060242539444928994
Hum_XLOC_015881,MDA-MB-231,0.08442787573169697
Hum_XLOC_015887,MDA-MB-231,0.05068705019288995
Hum_XLOC_015891,MDA-MB-231,0.05448738353084197
Hum_XLOC_015898,MDA-MB-231,0.05359671881530538
Hum_XLOC_015929,MDA-MB-231,0.028418800791366217
Hum_XLOC_015932,MDA-MB-231,0.033845933899517754
Hum_XLOC_015934,MDA-MB-231,0.02611652447674808
Hum_XLOC_015953,MDA-MB-231,0.06530706265847885
Hum_XLOC_015957,MDA-MB-231,0.055087493397853154
Hum_XLOC_015958,MDA-MB-231,0.07092446054946451
Hum_XLOC_015960,MDA-MB-231,0.06779994680336658
Hum_XLOC_015964,MDA-MB-231,0.07340982935294556
Hum_XLOC_015975,MDA-MB-231,0.05108497467969536
Hum_XLOC_015978,MDA-MB-231,0.027700516992002495
Hum_XLOC_015981,MDA-MB-231,0.04855500476547872
Hum_XLOC_015999,MDA-MB-231,0.05020639800282558
Hum_XLOC_016016,MDA-MB-231,0.05880718970491431
Hum_XLOC_016017,MDA-MB-231,0.07021525056230976
Hum_XLOC_016019,MDA-MB-231,0.0722516769443873
Hum_XLOC_016028,MDA-MB-231,0.03745749624519086
Hum_XLOC_016031,MDA-MB-231,0.07597793356791945
Hum_XLOC_016047,MDA-MB-231,0.027809577508895345
Hum_XLOC_016055,MDA-MB-231,0.032515618685231916
Hum_XLOC_016089,MDA-MB-231,0.06839545206127878
Hum_XLOC_016095,MDA-MB-231,0.03900309009831811
Hum_XLOC_016118,MDA-MB-231,0.06606485887359155
Hum_XLOC_016129,MDA-MB-231,0.051662743514496345
Hum_XLOC_016135,MDA-MB-231,0.05866949837584382
Hum_XLOC_016136,MDA-MB-231,0.05679894119122568
Hum_XLOC_016141,MDA-MB-231,0.06736745556011721
Hum_XLOC_016143,MDA-MB-231,0.06380795583242171
Hum_XLOC_016147,MDA-MB-231,0.054381106777291695
Hum_XLOC_016163,MDA-MB-231,0.07302434443979151
Hum_XLOC_016167,MDA-MB-231,0.07029307346678598
Hum_XLOC_016172,MDA-MB-231,0.0458388589604391
Hum_XLOC_016180,MDA-MB-231,0.16435032536712388
Hum_XLOC_016191,MDA-MB-231,0.0539343617226382
Hum_XLOC_016206,MDA-MB-231,0.051919227181603175
Hum_XLOC_016215,MDA-MB-231,0.05057853005731929
Hum_XLOC_016223,MDA-MB-231,0.053934830148430674
Hum_XLOC_016231,MDA-MB-231,0.04790296540486737
Hum_XLOC_016232,MDA-MB-231,0.06630157662081325
Hum_XLOC_016239,MDA-MB-231,0.06375689071894894
Hum_XLOC_016244,MDA-MB-231,0.0679045170078863
Hum_XLOC_016248,MDA-MB-231,0.04752802434406729
Hum_XLOC_016257,MDA-MB-231,0.037984351010032176
Hum_XLOC_016258,MDA-MB-231,0.06638399043001215
Hum_XLOC_016261,MDA-MB-231,0.03577400692811263
Hum_XLOC_016263,MDA-MB-231,0.06318034007359578
Hum_XLOC_016269,MDA-MB-231,0.024947975244259762
Hum_XLOC_016275,MDA-MB-231,0.028252677010908344
Hum_XLOC_016283,MDA-MB-231,0.061644035931365006
Hum_XLOC_016285,MDA-MB-231,0.07994069795767211
Hum_XLOC_016290,MDA-MB-231,0.061213962011864805
Hum_XLOC_016292,MDA-MB-231,0.2506441998744767
Hum_XLOC_016301,MDA-MB-231,0.06677418808925757
Hum_XLOC_016306,MDA-MB-231,0.05235300191057139
Hum_XLOC_016326,MDA-MB-231,0.045460036143934006
Hum_XLOC_016372,MDA-MB-231,0.021914985253886386
Hum_XLOC_016373,MDA-MB-231,0.04107636923157263
Hum_XLOC_016380,MDA-MB-231,0.059680434921701137
Hum_XLOC_016383,MDA-MB-231,0.09164983994287368
Hum_XLOC_016388,MDA-MB-231,0.06687737159125248
Hum_XLOC_016397,MDA-MB-231,0.05556891903960922
Hum_XLOC_016405,MDA-MB-231,0.05945077955472508
Hum_XLOC_016406,MDA-MB-231,0.06872852390425553
Hum_XLOC_016426,MDA-MB-231,0.05213084082863762
Hum_XLOC_016430,MDA-MB-231,0.05916243870508571
Hum_XLOC_016472,MDA-MB-231,0.06456284266285552
Hum_XLOC_016475,MDA-MB-231,0.06452975246269604
Hum_XLOC_016476,MDA-MB-231,0.06749682183916401
Hum_XLOC_016480,MDA-MB-231,0.05346420269293668
Hum_XLOC_016488,MDA-MB-231,0.03183202115347103
Hum_XLOC_016489,MDA-MB-231,0.05855765993015202
Hum_XLOC_016500,MDA-MB-231,0.0630655622652377
Hum_XLOC_016505,MDA-MB-231,0.04987047867655733
Hum_XLOC_016528,MDA-MB-231,0.05237678695731028
Hum_XLOC_016539,MDA-MB-231,0.07520577500095352
Hum_XLOC_016554,MDA-MB-231,0.06789979330572783
Hum_XLOC_016563,MDA-MB-231,0.0839711946750144
Hum_XLOC_016576,MDA-MB-231,0.05668066966013235
Hum_XLOC_016597,MDA-MB-231,0.07582053896663293
Hum_XLOC_016601,MDA-MB-231,0.06077122830173688
Hum_XLOC_016617,MDA-MB-231,0.020867011801961457
Hum_XLOC_016623,MDA-MB-231,0.0456034799898534
Hum_XLOC_016667,MDA-MB-231,0.07079024451101415
Hum_XLOC_016674,MDA-MB-231,0.06804463579626513
Hum_XLOC_016677,MDA-MB-231,0.0641928856770546
Hum_XLOC_016678,MDA-MB-231,0.05996068211745459
Hum_XLOC_016679,MDA-MB-231,0.059317020271928686
Hum_XLOC_016683,MDA-MB-231,0.03434164085506701
Hum_XLOC_016692,MDA-MB-231,0.059922750680662495
Hum_XLOC_016703,MDA-MB-231,0.09532476980541758
Hum_XLOC_016705,MDA-MB-231,0.05939386384721467
Hum_XLOC_016724,MDA-MB-231,0.06673289400547013
Hum_XLOC_016725,MDA-MB-231,0.04807334229158272
Hum_XLOC_016726,MDA-MB-231,0.020484464193040605
Hum_XLOC_016727,MDA-MB-231,0.051769808828178554
Hum_XLOC_016748,MDA-MB-231,0.0918315684204335
Hum_XLOC_016753,MDA-MB-231,0.06554985521375492
Hum_XLOC_016755,MDA-MB-231,0.04439871673304164
Hum_XLOC_016770,MDA-MB-231,0.05484960966846254
Hum_XLOC_016780,MDA-MB-231,0.03004006387993832
Hum_XLOC_016781,MDA-MB-231,0.02345601225706987
Hum_XLOC_016797,MDA-MB-231,0.06385489060363203
Hum_XLOC_016808,MDA-MB-231,0.05253146141442573
Hum_XLOC_016812,MDA-MB-231,0.0748271656145214
Hum_XLOC_016814,MDA-MB-231,0.07894411357566694
Hum_XLOC_016815,MDA-MB-231,0.053580847382897936
Hum_XLOC_016816,MDA-MB-231,0.03454826506962752
Hum_XLOC_016836,MDA-MB-231,0.029375689163575913
Hum_XLOC_016842,MDA-MB-231,0.06971495462181332
Hum_XLOC_016843,MDA-MB-231,0.07888085628342636
Hum_XLOC_016846,MDA-MB-231,0.025036675033494223
Hum_XLOC_016857,MDA-MB-231,0.052729110648433386
Hum_XLOC_016865,MDA-MB-231,0.06064670019042967
Hum_XLOC_016874,MDA-MB-231,0.039534484826961896
Hum_XLOC_016887,MDA-MB-231,0.06398007734740613
Hum_XLOC_016899,MDA-MB-231,0.059898036474577976
Hum_XLOC_016921,MDA-MB-231,0.06986018424914489
Hum_XLOC_016928,MDA-MB-231,0.02785914203330028
Hum_XLOC_016930,MDA-MB-231,0.08193623696958147
Hum_XLOC_016931,MDA-MB-231,0.06778525239530295
Hum_XLOC_016938,MDA-MB-231,0.06791985358368607
Hum_XLOC_016940,MDA-MB-231,0.05455148495141614
Hum_XLOC_016953,MDA-MB-231,0.03921914237061738
Hum_XLOC_016981,MDA-MB-231,0.050771624331148485
Hum_XLOC_016994,MDA-MB-231,0.055584049325135186
Hum_XLOC_016998,MDA-MB-231,0.06421544146562734
Hum_XLOC_017006,MDA-MB-231,0.040742894008026935
Hum_XLOC_017015,MDA-MB-231,0.052283346217013596
Hum_XLOC_017016,MDA-MB-231,0.061335975204364186
Hum_XLOC_017017,MDA-MB-231,0.04882419446399412
Hum_XLOC_017019,MDA-MB-231,0.059783319227730836
Hum_XLOC_017055,MDA-MB-231,0.07952611229937717
Hum_XLOC_017070,MDA-MB-231,0.04026099039211546
Hum_XLOC_017077,MDA-MB-231,0.07061914935130897
Hum_XLOC_017081,MDA-MB-231,0.07105457844349183
Hum_XLOC_017108,MDA-MB-231,0.06460420024435455
Hum_XLOC_017118,MDA-MB-231,0.057421411361678054
Hum_XLOC_017127,MDA-MB-231,0.03358293414831133
Hum_XLOC_017140,MDA-MB-231,0.020341476353293225
Hum_XLOC_017143,MDA-MB-231,0.036907760050597
Hum_XLOC_017144,MDA-MB-231,0.061341580524545344
Hum_XLOC_017159,MDA-MB-231,0.027951834541386337
Hum_XLOC_017161,MDA-MB-231,0.07241026265879985
Hum_XLOC_017162,MDA-MB-231,0.038422385639319795
Hum_XLOC_017166,MDA-MB-231,0.06677566111459488
Hum_XLOC_017170,MDA-MB-231,0.057854228588131607
Hum_XLOC_017190,MDA-MB-231,0.03351370126426911
Hum_XLOC_017237,MDA-MB-231,0.07158534796364935
Hum_XLOC_017249,MDA-MB-231,0.0747417397126739
Hum_XLOC_017250,MDA-MB-231,0.08031375504300811
Hum_XLOC_017255,MDA-MB-231,0.028603258432943063
Hum_XLOC_017262,MDA-MB-231,0.05327950113558151
Hum_XLOC_017274,MDA-MB-231,0.04516575048864901
Hum_XLOC_017317,MDA-MB-231,0.04348269008631876
Hum_XLOC_017327,MDA-MB-231,0.05599086667515779
Hum_XLOC_017364,MDA-MB-231,0.08446213328267
Hum_XLOC_017389,MDA-MB-231,0.03686327460787517
Hum_XLOC_017396,MDA-MB-231,0.0431356340494235
Hum_XLOC_017397,MDA-MB-231,0.05686208420295948
Hum_XLOC_017398,MDA-MB-231,0.06209678829110671
Hum_XLOC_017399,MDA-MB-231,0.0682037871440932
Hum_XLOC_017419,MDA-MB-231,0.02232060250268972
Hum_XLOC_017421,MDA-MB-231,0.060147564154031045
Hum_XLOC_017445,MDA-MB-231,0.07153197781903856
Hum_XLOC_017455,MDA-MB-231,0.029444270637171026
Hum_XLOC_017468,MDA-MB-231,0.0601120646058622
Hum_XLOC_017471,MDA-MB-231,0.03275196764160293
Hum_XLOC_017478,MDA-MB-231,0.07873453813687933
Hum_XLOC_017487,MDA-MB-231,0.06128944889662551
Hum_XLOC_017489,MDA-MB-231,0.059982832631661834
Hum_XLOC_017499,MDA-MB-231,0.06803782480534012
Hum_XLOC_017506,MDA-MB-231,0.07406081864046717
Hum_XLOC_017515,MDA-MB-231,0.02873288711244406
Hum_XLOC_017517,MDA-MB-231,0.06343933350327874
Hum_XLOC_017521,MDA-MB-231,0.04778231029445931
Hum_XLOC_017531,MDA-MB-231,0.05510468344888391
Hum_XLOC_017532,MDA-MB-231,0.06970171271673402
Hum_XLOC_017537,MDA-MB-231,0.031008006994842532
Hum_XLOC_017546,MDA-MB-231,0.0605642611732268
Hum_XLOC_017556,MDA-MB-231,0.045490968993625265
Hum_XLOC_017576,MDA-MB-231,0.06901310747248995
Hum_XLOC_017588,MDA-MB-231,0.06618275185488524
Hum_XLOC_017591,MDA-MB-231,0.0541015746654636
Hum_XLOC_017597,MDA-MB-231,0.06867341837565437
Hum_XLOC_017624,MDA-MB-231,0.052968876406927955
Hum_XLOC_017628,MDA-MB-231,0.06942289922969418
Hum_XLOC_017643,MDA-MB-231,0.023288725735081374
Hum_XLOC_017657,MDA-MB-231,0.07570737705934641
Hum_XLOC_017665,MDA-MB-231,0.06599837805794437
Hum_XLOC_017666,MDA-MB-231,0.059622207163780604
Hum_XLOC_017679,MDA-MB-231,0.03192483572686595
Hum_XLOC_017680,MDA-MB-231,0.07978532924855791
Hum_XLOC_017684,MDA-MB-231,0.04126668947204604
Hum_XLOC_017692,MDA-MB-231,0.06845552266823392
Hum_XLOC_017693,MDA-MB-231,0.07537936084877062
Hum_XLOC_017694,MDA-MB-231,0.05291922922756216
Hum_XLOC_017697,MDA-MB-231,0.07468686768416705
Hum_XLOC_017700,MDA-MB-231,0.04968245056488286
Hum_XLOC_017703,MDA-MB-231,0.0558634888001828
Hum_XLOC_017724,MDA-MB-231,0.028832999830558054
Hum_XLOC_017725,MDA-MB-231,0.06435436990347386
Hum_XLOC_017749,MDA-MB-231,0.05442053988951015
Hum_XLOC_017764,MDA-MB-231,0.03879209517621353
Hum_XLOC_017767,MDA-MB-231,0.062461202022772694
Hum_XLOC_017770,MDA-MB-231,0.052132891672366975
Hum_XLOC_017771,MDA-MB-231,0.054574848486824416
Hum_XLOC_017772,MDA-MB-231,0.06072457457348927
Hum_XLOC_017792,MDA-MB-231,0.05392851003161534
Hum_XLOC_017799,MDA-MB-231,0.04211192266011648
Hum_XLOC_017806,MDA-MB-231,0.07645987997003328
Hum_XLOC_017813,MDA-MB-231,0.05393109031567922
Hum_XLOC_017816,MDA-MB-231,0.05991316763877454
Hum_XLOC_017820,MDA-MB-231,0.05768384016108255
Hum_XLOC_017824,MDA-MB-231,0.059662561198693856
Hum_XLOC_017825,MDA-MB-231,0.05285992757554903
Hum_XLOC_017833,MDA-MB-231,0.07554536006741916
Hum_XLOC_017862,MDA-MB-231,0.0666248984378121
Hum_XLOC_017879,MDA-MB-231,0.06313248937109596
Hum_XLOC_017904,MDA-MB-231,0.08191201399289316
Hum_XLOC_017919,MDA-MB-231,0.0940404117698016
Hum_XLOC_017920,MDA-MB-231,0.05490093051033519
Hum_XLOC_017937,MDA-MB-231,0.07751050062785445
Hum_XLOC_017941,MDA-MB-231,0.06773585478564607
Hum_XLOC_017948,MDA-MB-231,0.034290108104408704
Hum_XLOC_017956,MDA-MB-231,0.06671002054723871
Hum_XLOC_017958,MDA-MB-231,0.07103457737501559
Hum_XLOC_017984,MDA-MB-231,0.044097905484586614
Hum_XLOC_017990,MDA-MB-231,0.07142687407538406
Hum_XLOC_018005,MDA-MB-231,0.05751093885703219
Hum_XLOC_018011,MDA-MB-231,0.08005628469683004
Hum_XLOC_018051,MDA-MB-231,0.03931111588990778
Hum_XLOC_018070,MDA-MB-231,0.03859238943030283
Hum_XLOC_018076,MDA-MB-231,0.0677651851231264
Hum_XLOC_018111,MDA-MB-231,0.05354477038297683
Hum_XLOC_018114,MDA-MB-231,0.05095731443104051
Hum_XLOC_018140,MDA-MB-231,0.02737916056669496
Hum_XLOC_018161,MDA-MB-231,0.06108750752343022
Hum_XLOC_018166,MDA-MB-231,0.06060357467905709
Hum_XLOC_018179,MDA-MB-231,0.05430919264664433
Hum_XLOC_018205,MDA-MB-231,0.0625933118760528
Hum_XLOC_018207,MDA-MB-231,0.020718826168704046
Hum_XLOC_018211,MDA-MB-231,0.05066330236902643
Hum_XLOC_018222,MDA-MB-231,0.0766271594263393
Hum_XLOC_018223,MDA-MB-231,0.044676767779121475
Hum_XLOC_018227,MDA-MB-231,0.049325381644751795
Hum_XLOC_018233,MDA-MB-231,0.06076701827674219
Hum_XLOC_018249,MDA-MB-231,0.05004960943575912
Hum_XLOC_018284,MDA-MB-231,0.0549235556007464
Hum_XLOC_018293,MDA-MB-231,0.059361725093200715
Hum_XLOC_018294,MDA-MB-231,0.027536908625941714
Hum_XLOC_018298,MDA-MB-231,0.06554928425734406
Hum_XLOC_018304,MDA-MB-231,0.030620008398724988
Hum_XLOC_018311,MDA-MB-231,0.05850127136459759
Hum_XLOC_018316,MDA-MB-231,0.06823827196047676
Hum_XLOC_018371,MDA-MB-231,0.2531904929262601
Hum_XLOC_018378,MDA-MB-231,0.028319750472885104
Hum_XLOC_018379,MDA-MB-231,0.06767636950393766
Hum_XLOC_018393,MDA-MB-231,0.05625296110501156
Hum_XLOC_018416,MDA-MB-231,0.052411476163090796
Hum_XLOC_018417,MDA-MB-231,0.026227630272594737
Hum_XLOC_018418,MDA-MB-231,0.07355304761126212
Hum_XLOC_018422,MDA-MB-231,0.04926461123327487
Hum_XLOC_018424,MDA-MB-231,0.05710029613218498
Hum_XLOC_018441,MDA-MB-231,0.05169799821502352
Hum_XLOC_018443,MDA-MB-231,0.04272748422711899
Hum_XLOC_018444,MDA-MB-231,0.05592200896188895
Hum_XLOC_018445,MDA-MB-231,0.03008980142187438
Hum_XLOC_018453,MDA-MB-231,0.058745085207890665
Hum_XLOC_018454,MDA-MB-231,0.060613856207970905
Hum_XLOC_018456,MDA-MB-231,0.0550940014542413
Hum_XLOC_018460,MDA-MB-231,0.05391140998577185
Hum_XLOC_018465,MDA-MB-231,0.025927274105840704
Hum_XLOC_018488,MDA-MB-231,0.06110027520098803
Hum_XLOC_018497,MDA-MB-231,0.07040947045396131
Hum_XLOC_018525,MDA-MB-231,0.023590560113480884
Hum_XLOC_018530,MDA-MB-231,0.06899647136000245
Hum_XLOC_018543,MDA-MB-231,0.02685927733487045
Hum_XLOC_018562,MDA-MB-231,0.05475071987396944
Hum_XLOC_018577,MDA-MB-231,0.06145952161622053
Hum_XLOC_018583,MDA-MB-231,0.06787679438825873
Hum_XLOC_018605,MDA-MB-231,0.06214783629790822
Hum_XLOC_018627,MDA-MB-231,0.04888545643969261
Hum_XLOC_018641,MDA-MB-231,0.06455136584377204
Hum_XLOC_018642,MDA-MB-231,0.09122527540102368
Hum_XLOC_018656,MDA-MB-231,0.05353260817439808
Hum_XLOC_018666,MDA-MB-231,0.044895531998344715
Hum_XLOC_018669,MDA-MB-231,0.05273981480981299
Hum_XLOC_018673,MDA-MB-231,0.07682711205029341
Hum_XLOC_018674,MDA-MB-231,0.057315946169249773
Hum_XLOC_018690,MDA-MB-231,0.05566048183517001
Hum_XLOC_018695,MDA-MB-231,0.0558056728008685
Hum_XLOC_018696,MDA-MB-231,0.023692028962702904
Hum_XLOC_018699,MDA-MB-231,0.06462097266953876
Hum_XLOC_018700,MDA-MB-231,0.03278793271724254
Hum_XLOC_018715,MDA-MB-231,0.07511899859217011
Hum_XLOC_018734,MDA-MB-231,0.04474775828818806
Hum_XLOC_018741,MDA-MB-231,0.02384690282870851
Hum_XLOC_018791,MDA-MB-231,0.026938807835701545
Hum_XLOC_018806,MDA-MB-231,0.0521941553769483
Hum_XLOC_018835,MDA-MB-231,0.0662211832386619
Hum_XLOC_018837,MDA-MB-231,0.06622198971884152
Hum_XLOC_018842,MDA-MB-231,0.05720037615208863
Hum_XLOC_018844,MDA-MB-231,0.07057153951145774
Hum_XLOC_018845,MDA-MB-231,0.05219057179015414
Hum_XLOC_018848,MDA-MB-231,0.06764742774608204
Hum_XLOC_018858,MDA-MB-231,0.07601892436661806
Hum_XLOC_018901,MDA-MB-231,0.022367573539651006
Hum_XLOC_018920,MDA-MB-231,0.1023499384866253
Hum_XLOC_018925,MDA-MB-231,0.07992468287238473
Hum_XLOC_018926,MDA-MB-231,0.04425597819267805
Hum_XLOC_018943,MDA-MB-231,0.05566957696304235
Hum_XLOC_018952,MDA-MB-231,0.02662241113642021
Hum_XLOC_018955,MDA-MB-231,0.03274098693099565
Hum_XLOC_018963,MDA-MB-231,0.06443183180479485
Hum_XLOC_018988,MDA-MB-231,0.41228280057026045
Hum_XLOC_018996,MDA-MB-231,0.06162825195042006
Hum_XLOC_019002,MDA-MB-231,0.03984306256559816
Hum_XLOC_019009,MDA-MB-231,0.05973098280317973
Hum_XLOC_019011,MDA-MB-231,0.08567560663743776
Hum_XLOC_019018,MDA-MB-231,0.06506662456312368
Hum_XLOC_019021,MDA-MB-231,0.08219446465495828
Hum_XLOC_019022,MDA-MB-231,0.09894123580196254
Hum_XLOC_019023,MDA-MB-231,0.14238395770898848
Hum_XLOC_019024,MDA-MB-231,0.04162041259040186
Hum_XLOC_019047,MDA-MB-231,0.05450398247062057
Hum_XLOC_019049,MDA-MB-231,0.04142164347037379
Hum_XLOC_019054,MDA-MB-231,0.078394062246846
Hum_XLOC_019068,MDA-MB-231,0.05316811757395367
Hum_XLOC_019099,MDA-MB-231,0.049001223053123134
Hum_XLOC_019102,MDA-MB-231,0.04536969150053077
Hum_XLOC_019104,MDA-MB-231,0.03532764494760592
Hum_XLOC_019116,MDA-MB-231,0.03364163536706904
Hum_XLOC_019135,MDA-MB-231,0.04389390497981471
Hum_XLOC_019141,MDA-MB-231,0.040562689716419506
Hum_XLOC_019145,MDA-MB-231,0.05550287997041963
Hum_XLOC_019152,MDA-MB-231,0.06260770479047424
Hum_XLOC_019162,MDA-MB-231,0.07045545241393694
Hum_XLOC_019163,MDA-MB-231,0.0856294794947809
Hum_XLOC_019173,MDA-MB-231,0.05579327302743411
Hum_XLOC_019187,MDA-MB-231,0.06878775302420978
Hum_XLOC_019198,MDA-MB-231,0.034149316214811376
Hum_XLOC_019199,MDA-MB-231,0.06943572642010241
Hum_XLOC_019216,MDA-MB-231,0.04652800996328981
Hum_XLOC_019237,MDA-MB-231,0.036077623687308595
Hum_XLOC_019240,MDA-MB-231,0.059152112817694516
Hum_XLOC_019243,MDA-MB-231,0.0692464819029877
Hum_XLOC_019247,MDA-MB-231,0.05491224670713872
Hum_XLOC_019267,MDA-MB-231,0.06934143940187193
Hum_XLOC_019268,MDA-MB-231,0.05707104129292654
Hum_XLOC_019273,MDA-MB-231,0.05144286480883231
Hum_XLOC_019277,MDA-MB-231,0.05991766784074563
Hum_XLOC_019287,MDA-MB-231,0.058658731185432744
Hum_XLOC_019289,MDA-MB-231,0.0447611553627517
Hum_XLOC_019290,MDA-MB-231,0.0648223510429592
Hum_XLOC_019291,MDA-MB-231,0.06525422664579442
Hum_XLOC_019295,MDA-MB-231,0.03363744650732973
Hum_XLOC_019301,MDA-MB-231,0.05582931343523058
Hum_XLOC_019304,MDA-MB-231,0.07757086521734616
Hum_XLOC_019310,MDA-MB-231,0.03497893969069448
Hum_XLOC_019318,MDA-MB-231,0.0680044524618135
Hum_XLOC_019319,MDA-MB-231,0.06255801020684833
Hum_XLOC_019324,MDA-MB-231,0.06442164071536517
Hum_XLOC_019332,MDA-MB-231,0.07250950432120348
Hum_XLOC_019350,MDA-MB-231,0.08568326571817785
Hum_XLOC_019370,MDA-MB-231,0.04773474268154118
Hum_XLOC_019371,MDA-MB-231,0.04343949949636772
Hum_XLOC_019412,MDA-MB-231,0.051730031574726804
Hum_XLOC_019413,MDA-MB-231,0.039500275680435404
Hum_XLOC_019414,MDA-MB-231,0.023775111325748003
Hum_XLOC_019446,MDA-MB-231,0.0693032186986541
Hum_XLOC_019472,MDA-MB-231,0.06470321426283439
Hum_XLOC_019486,MDA-MB-231,0.055526176789969135
Hum_XLOC_019503,MDA-MB-231,0.061678570564054125
Hum_XLOC_019508,MDA-MB-231,0.04785681632297516
Hum_XLOC_019522,MDA-MB-231,0.0661323588544947
Hum_XLOC_019528,MDA-MB-231,0.06254469117942793
Hum_XLOC_019531,MDA-MB-231,0.06344133598407614
Hum_XLOC_019532,MDA-MB-231,0.058719489774294975
Hum_XLOC_019533,MDA-MB-231,0.13159270564700865
Hum_XLOC_019568,MDA-MB-231,0.07065323778440798
Hum_XLOC_019574,MDA-MB-231,0.05320368664811449
Hum_XLOC_019587,MDA-MB-231,0.04593480294842185
Hum_XLOC_019592,MDA-MB-231,0.06530874702389343
Hum_XLOC_019635,MDA-MB-231,0.06021615336318686
Hum_XLOC_019639,MDA-MB-231,0.06383455542244355
Hum_XLOC_019655,MDA-MB-231,0.0628075669999713
Hum_XLOC_019657,MDA-MB-231,0.09129285434656345
Hum_XLOC_019675,MDA-MB-231,0.07071028518270182
Hum_XLOC_019677,MDA-MB-231,0.025248188615366755
Hum_XLOC_019683,MDA-MB-231,0.06755963554563003
Hum_XLOC_019688,MDA-MB-231,0.0716537796981335
Hum_XLOC_019694,MDA-MB-231,0.030127114781017462
Hum_XLOC_019725,MDA-MB-231,0.06284734349573172
Hum_XLOC_019762,MDA-MB-231,0.03258696263596161
Hum_XLOC_019770,MDA-MB-231,0.03215578253143167
Hum_XLOC_019773,MDA-MB-231,0.037965303962645636
Hum_XLOC_019780,MDA-MB-231,0.039169697628374196
Hum_XLOC_019782,MDA-MB-231,0.02393683965068248
Hum_XLOC_019786,MDA-MB-231,0.042934410810963206
Hum_XLOC_019797,MDA-MB-231,0.06535303739496869
Hum_XLOC_019820,MDA-MB-231,0.05843196400312706
Hum_XLOC_019826,MDA-MB-231,0.05355288150261024
Hum_XLOC_019827,MDA-MB-231,0.0257043441539309
Hum_XLOC_019830,MDA-MB-231,0.06692853861668216
Hum_XLOC_019837,MDA-MB-231,0.0742805061695979
Hum_XLOC_019838,MDA-MB-231,0.03217590254244898
Hum_XLOC_019850,MDA-MB-231,0.06537326199710386
Hum_XLOC_019854,MDA-MB-231,0.046678150638945023
Hum_XLOC_019861,MDA-MB-231,0.06546707278931684
Hum_XLOC_019862,MDA-MB-231,0.04519024883758046
Hum_XLOC_019864,MDA-MB-231,0.06412283235817633
Hum_XLOC_019866,MDA-MB-231,0.0632342588892391
Hum_XLOC_019869,MDA-MB-231,0.03878971875822278
Hum_XLOC_019884,MDA-MB-231,0.0399131258849194
Hum_XLOC_019886,MDA-MB-231,0.024556054994890452
Hum_XLOC_019892,MDA-MB-231,0.0643835703755734
Hum_XLOC_019894,MDA-MB-231,0.07372301761670566
Hum_XLOC_019896,MDA-MB-231,0.038609449040456434
Hum_XLOC_019909,MDA-MB-231,0.06408487283058067
Hum_XLOC_019917,MDA-MB-231,0.03489487716745898
Hum_XLOC_019930,MDA-MB-231,0.032783389179166206
Hum_XLOC_019940,MDA-MB-231,0.06996730073212058
Hum_XLOC_019941,MDA-MB-231,0.06341465328824011
Hum_XLOC_019942,MDA-MB-231,0.06830794866971288
Hum_XLOC_019963,MDA-MB-231,0.07129525988851473
Hum_XLOC_019968,MDA-MB-231,0.07293011002904908
Hum_XLOC_019978,MDA-MB-231,0.0649422763594783
Hum_XLOC_019988,MDA-MB-231,0.07180758625208317
Hum_XLOC_019997,MDA-MB-231,0.05708005853482159
Hum_XLOC_020021,MDA-MB-231,0.08544477853373184
Hum_XLOC_020022,MDA-MB-231,0.05290199057204201
Hum_XLOC_020023,MDA-MB-231,0.06384388448283425
Hum_XLOC_020027,MDA-MB-231,0.06314383476320476
Hum_XLOC_020028,MDA-MB-231,0.0725389168564889
Hum_XLOC_020100,MDA-MB-231,0.052154066880234315
Hum_XLOC_020101,MDA-MB-231,0.0554166224731029
Hum_XLOC_020129,MDA-MB-231,0.052810372869902186
Hum_XLOC_020140,MDA-MB-231,0.05307289963736462
Hum_XLOC_020146,MDA-MB-231,0.06538314604112674
Hum_XLOC_020156,MDA-MB-231,0.058048560939835195
Hum_XLOC_020164,MDA-MB-231,0.03894801780911949
Hum_XLOC_020172,MDA-MB-231,0.06540470393896446
Hum_XLOC_020173,MDA-MB-231,0.048771570038850076
Hum_XLOC_020194,MDA-MB-231,0.07029709369815726
Hum_XLOC_020212,MDA-MB-231,0.03535047700033955
Hum_XLOC_020214,MDA-MB-231,0.04865998090163706
Hum_XLOC_020215,MDA-MB-231,0.04697885934185991
Hum_XLOC_020255,MDA-MB-231,0.05063524769412017
Hum_XLOC_020276,MDA-MB-231,0.031070704668851735
Hum_XLOC_020282,MDA-MB-231,0.06048866798689239
Hum_XLOC_020304,MDA-MB-231,0.05633878546450358
Hum_XLOC_020335,MDA-MB-231,0.02925702327878623
Hum_XLOC_020336,MDA-MB-231,0.05676682118347823
Hum_XLOC_020338,MDA-MB-231,0.053814962513668095
Hum_XLOC_020350,MDA-MB-231,0.07049329616296206
Hum_XLOC_020352,MDA-MB-231,0.04946169071601888
Hum_XLOC_020377,MDA-MB-231,0.0918398003065025
Hum_XLOC_020401,MDA-MB-231,0.02305394113821697
Hum_XLOC_020412,MDA-MB-231,0.06813576594916596
Hum_XLOC_020422,MDA-MB-231,0.06742489505656413
Hum_XLOC_020425,MDA-MB-231,0.06466466825489223
Hum_XLOC_020431,MDA-MB-231,0.0668598945323256
Hum_XLOC_020432,MDA-MB-231,0.07458868645873398
Hum_XLOC_020438,MDA-MB-231,0.06304875769521093
Hum_XLOC_020467,MDA-MB-231,0.03913841722844484
Hum_XLOC_020468,MDA-MB-231,0.052236689724922666
Hum_XLOC_020491,MDA-MB-231,0.053681939724587104
Hum_XLOC_020495,MDA-MB-231,0.06128656851820516
Hum_XLOC_020501,MDA-MB-231,0.06147717146551087
Hum_XLOC_020530,MDA-MB-231,0.04473825825143404
Hum_XLOC_020547,MDA-MB-231,0.0775379491089094
Hum_XLOC_020584,MDA-MB-231,0.10051713800671304
Hum_XLOC_020585,MDA-MB-231,0.10282309402211547
Hum_XLOC_020605,MDA-MB-231,0.03170165318673465
Hum_XLOC_020613,MDA-MB-231,0.07680611341766785
Hum_XLOC_020616,MDA-MB-231,0.07309497749220391
Hum_XLOC_020626,MDA-MB-231,0.06973607431612357
Hum_XLOC_020639,MDA-MB-231,0.03760744579077988
Hum_XLOC_020648,MDA-MB-231,0.0559697057319758
Hum_XLOC_020651,MDA-MB-231,0.06681574243217724
Hum_XLOC_020654,MDA-MB-231,0.0665496747297085
Hum_XLOC_020655,MDA-MB-231,0.048796674810004714
Hum_XLOC_020656,MDA-MB-231,0.043113674868144714
Hum_XLOC_020684,MDA-MB-231,0.051823136517870495
Hum_XLOC_020692,MDA-MB-231,0.04488327449754397
Hum_XLOC_020694,MDA-MB-231,0.030574041261720374
Hum_XLOC_020696,MDA-MB-231,0.06457754801219144
Hum_XLOC_020709,MDA-MB-231,0.05549484946179674
Hum_XLOC_020710,MDA-MB-231,0.05541325353783408
Hum_XLOC_020720,MDA-MB-231,0.08496251368286145
Hum_XLOC_020733,MDA-MB-231,0.058941761529075765
Hum_XLOC_020751,MDA-MB-231,0.03859338670378533
Hum_XLOC_020753,MDA-MB-231,0.05957947389894329
Hum_XLOC_020795,MDA-MB-231,0.049377922921242545
Hum_XLOC_020797,MDA-MB-231,0.059515269253633235
Hum_XLOC_020806,MDA-MB-231,0.0745331852573011
Hum_XLOC_020811,MDA-MB-231,0.0696605583115413
Hum_XLOC_020826,MDA-MB-231,0.027447812021763662
Hum_XLOC_020840,MDA-MB-231,0.02620216072415177
Hum_XLOC_020852,MDA-MB-231,0.06245406973388991
Hum_XLOC_020853,MDA-MB-231,0.07040827215141271
Hum_XLOC_020866,MDA-MB-231,0.02943422883624984
Hum_XLOC_020874,MDA-MB-231,0.06450852040720487
Hum_XLOC_020877,MDA-MB-231,0.09100431310216286
Hum_XLOC_020889,MDA-MB-231,0.02525937557961664
Hum_XLOC_020898,MDA-MB-231,0.04225259222213766
Hum_XLOC_020905,MDA-MB-231,0.0314221256236873
Hum_XLOC_020914,MDA-MB-231,0.05935811225971723
Hum_XLOC_020915,MDA-MB-231,0.06387861092945464
Hum_XLOC_020923,MDA-MB-231,0.0682941583457713
Hum_XLOC_020933,MDA-MB-231,0.0498925646622223
Hum_XLOC_020960,MDA-MB-231,0.04010184286688792
Hum_XLOC_021004,MDA-MB-231,0.0825927324422848
Hum_XLOC_021019,MDA-MB-231,0.312879845128207
Hum_XLOC_021020,MDA-MB-231,0.06220841967786523
Hum_XLOC_021026,MDA-MB-231,0.03201269464479438
Hum_XLOC_021027,MDA-MB-231,0.0436524732716606
Hum_XLOC_021033,MDA-MB-231,0.07290539486020677
Hum_XLOC_021036,MDA-MB-231,0.06548505832327417
Hum_XLOC_021055,MDA-MB-231,0.07403946078754327
Hum_XLOC_021064,MDA-MB-231,0.05121242798535983
Hum_XLOC_021065,MDA-MB-231,0.037746410134064684
Hum_XLOC_021066,MDA-MB-231,0.05182082163596641
Hum_XLOC_021075,MDA-MB-231,0.06822640118556739
Hum_XLOC_021082,MDA-MB-231,0.052577138607872644
Hum_XLOC_021092,MDA-MB-231,0.05178516291730536
Hum_XLOC_021095,MDA-MB-231,0.04078798786221943
Hum_XLOC_021098,MDA-MB-231,0.07221847979878673
Hum_XLOC_021099,MDA-MB-231,0.05243882961806042
Hum_XLOC_021101,MDA-MB-231,0.059329261307282916
Hum_XLOC_021102,MDA-MB-231,0.06763596649126521
Hum_XLOC_021112,MDA-MB-231,0.07139048967906358
Hum_XLOC_021121,MDA-MB-231,0.04954975354788772
Hum_XLOC_021122,MDA-MB-231,0.08993544086719862
Hum_XLOC_021126,MDA-MB-231,0.11685153251778962
Hum_XLOC_021133,MDA-MB-231,0.06569618633357935
Hum_XLOC_021135,MDA-MB-231,0.049310432001851874
Hum_XLOC_021140,MDA-MB-231,0.03010356672131416
Hum_XLOC_021141,MDA-MB-231,0.04718603924393451
Hum_XLOC_021148,MDA-MB-231,0.059218439676134375
Hum_XLOC_021166,MDA-MB-231,0.07031982882463797
Hum_XLOC_021171,MDA-MB-231,0.06628292272197117
Hum_XLOC_021203,MDA-MB-231,0.05178774766063485
Hum_XLOC_021214,MDA-MB-231,0.06928891415847976
Hum_XLOC_021236,MDA-MB-231,0.050579964688979455
Hum_XLOC_021245,MDA-MB-231,0.08292564043676613
Hum_XLOC_021255,MDA-MB-231,0.05705974149927131
Hum_XLOC_021275,MDA-MB-231,0.033450128828214215
Hum_XLOC_021277,MDA-MB-231,0.05511992703236429
Hum_XLOC_021290,MDA-MB-231,0.06893428893932471
Hum_XLOC_021298,MDA-MB-231,0.0555010998403241
Hum_XLOC_021305,MDA-MB-231,0.05112686310527352
Hum_XLOC_021309,MDA-MB-231,0.07126224382983351
Hum_XLOC_021314,MDA-MB-231,0.0641348790652211
Hum_XLOC_021317,MDA-MB-231,0.062084490394073
Hum_XLOC_021319,MDA-MB-231,0.06515310507920642
Hum_XLOC_021341,MDA-MB-231,0.04954705895672308
Hum_XLOC_021343,MDA-MB-231,0.08177194386414707
Hum_XLOC_021378,MDA-MB-231,0.03433508412980812
Hum_XLOC_021379,MDA-MB-231,0.044400136399087964
Hum_XLOC_021388,MDA-MB-231,0.06163505142294761
Hum_XLOC_021395,MDA-MB-231,0.05176384633938118
Hum_XLOC_021401,MDA-MB-231,0.06276608903864458
Hum_XLOC_021417,MDA-MB-231,0.06708606218203289
Hum_XLOC_021453,MDA-MB-231,0.06793321053823048
Hum_XLOC_021458,MDA-MB-231,0.07199064666558806
Hum_XLOC_021478,MDA-MB-231,0.06364812377186482
Hum_XLOC_021482,MDA-MB-231,0.055876072279244224
Hum_XLOC_021483,MDA-MB-231,0.053998170764894805
Hum_XLOC_021484,MDA-MB-231,0.05663516630070973
Hum_XLOC_021485,MDA-MB-231,0.03124547000962518
Hum_XLOC_021486,MDA-MB-231,0.0492298936121404
Hum_XLOC_021496,MDA-MB-231,0.07358901476060452
Hum_XLOC_021518,MDA-MB-231,0.02490561116626125
Hum_XLOC_021526,MDA-MB-231,0.04025359219130069
Hum_XLOC_021528,MDA-MB-231,0.04493779117548058
Hum_XLOC_021530,MDA-MB-231,0.06340172281721819
Hum_XLOC_021534,MDA-MB-231,0.06089455133344362
Hum_XLOC_021541,MDA-MB-231,0.048247669656161875
Hum_XLOC_021555,MDA-MB-231,0.06948362062372011
Hum_XLOC_021558,MDA-MB-231,0.06443745365886484
Hum_XLOC_021559,MDA-MB-231,0.07415062918729891
Hum_XLOC_021574,MDA-MB-231,0.07018805644135422
Hum_XLOC_021579,MDA-MB-231,0.03305807638069441
Hum_XLOC_021589,MDA-MB-231,0.06547576906589098
Hum_XLOC_021647,MDA-MB-231,0.04744244730562523
Hum_XLOC_021683,MDA-MB-231,0.06212875483690873
Hum_XLOC_021685,MDA-MB-231,0.06526433012410766
Hum_XLOC_021688,MDA-MB-231,0.056678210845671304
Hum_XLOC_021700,MDA-MB-231,0.06780312222040843
Hum_XLOC_021702,MDA-MB-231,0.07334821263198786
Hum_XLOC_021706,MDA-MB-231,0.06480483691850278
Hum_XLOC_021715,MDA-MB-231,0.04924490081906256
Hum_XLOC_021720,MDA-MB-231,0.0361935256917352
Hum_XLOC_021740,MDA-MB-231,0.06574626541317913
Hum_XLOC_021741,MDA-MB-231,0.05983461720816128
Hum_XLOC_021748,MDA-MB-231,0.06933478098587635
Hum_XLOC_021802,MDA-MB-231,0.07966740831061829
Hum_XLOC_021803,MDA-MB-231,0.07768995509247151
Hum_XLOC_021813,MDA-MB-231,0.0543916544080294
Hum_XLOC_021821,MDA-MB-231,0.07614042004738228
Hum_XLOC_021823,MDA-MB-231,0.0522644073411907
Hum_XLOC_021824,MDA-MB-231,0.07101726696671307
Hum_XLOC_021834,MDA-MB-231,0.02943991520584329
Hum_XLOC_021847,MDA-MB-231,0.023750769773141223
Hum_XLOC_021852,MDA-MB-231,0.02864645551070977
Hum_XLOC_021867,MDA-MB-231,0.07202241907762978
Hum_XLOC_021869,MDA-MB-231,0.033033997546757204
Hum_XLOC_021876,MDA-MB-231,0.07357984353217321
Hum_XLOC_021879,MDA-MB-231,0.07135218962064252
Hum_XLOC_021881,MDA-MB-231,0.04519329725761381
Hum_XLOC_021893,MDA-MB-231,0.047146333673571135
Hum_XLOC_021894,MDA-MB-231,0.029711137125964217
Hum_XLOC_021901,MDA-MB-231,0.04889354006646742
Hum_XLOC_021905,MDA-MB-231,0.07275681522143354
Hum_XLOC_021910,MDA-MB-231,0.03842673493002129
Hum_XLOC_021912,MDA-MB-231,0.07452083909676124
Hum_XLOC_021926,MDA-MB-231,0.06320647824738544
Hum_XLOC_021930,MDA-MB-231,0.06215016343866203
Hum_XLOC_021931,MDA-MB-231,0.0605560130037001
Hum_XLOC_021934,MDA-MB-231,0.06580045897695398
Hum_XLOC_021936,MDA-MB-231,0.06264614737444939
Hum_XLOC_021953,MDA-MB-231,0.0550419440796756
Hum_XLOC_021963,MDA-MB-231,0.06592995291805179
Hum_XLOC_021970,MDA-MB-231,0.07686353417837541
Hum_XLOC_021985,MDA-MB-231,0.07903626281224828
Hum_XLOC_022014,MDA-MB-231,0.027986298220310034
Hum_XLOC_022016,MDA-MB-231,0.032687937047876495
Hum_XLOC_022044,MDA-MB-231,0.0660917746367779
Hum_XLOC_022045,MDA-MB-231,0.06817094253728845
Hum_XLOC_022057,MDA-MB-231,0.07748851627266529
Hum_XLOC_022059,MDA-MB-231,0.03564753043305886
Hum_XLOC_022069,MDA-MB-231,0.05895774996093577
Hum_XLOC_022070,MDA-MB-231,0.04554378855869544
Hum_XLOC_022082,MDA-MB-231,0.041913845226244875
Hum_XLOC_022083,MDA-MB-231,0.07554236576048473
Hum_XLOC_022084,MDA-MB-231,0.06564824123611104
Hum_XLOC_022086,MDA-MB-231,0.04707707259304597
Hum_XLOC_022088,MDA-MB-231,0.05098665439603779
Hum_XLOC_022089,MDA-MB-231,0.06727937750637825
Hum_XLOC_022128,MDA-MB-231,0.0744888499251358
Hum_XLOC_022130,MDA-MB-231,0.06884819582608678
Hum_XLOC_022135,MDA-MB-231,0.061338968618480566
Hum_XLOC_022136,MDA-MB-231,0.07544197719747864
Hum_XLOC_022149,MDA-MB-231,0.05121836725312727
Hum_XLOC_022156,MDA-MB-231,0.01946232446365859
Hum_XLOC_022159,MDA-MB-231,0.06282642680808051
Hum_XLOC_022164,MDA-MB-231,0.04754083644987461
Hum_XLOC_022165,MDA-MB-231,0.03793609518664578
Hum_XLOC_022174,MDA-MB-231,0.07770559806129676
Hum_XLOC_022178,MDA-MB-231,0.04933124239718163
Hum_XLOC_022180,MDA-MB-231,0.08166881552995808
Hum_XLOC_022197,MDA-MB-231,0.06852092670803372
Hum_XLOC_022212,MDA-MB-231,0.023214058161350977
Hum_XLOC_022214,MDA-MB-231,0.06407619878450829
Hum_XLOC_022236,MDA-MB-231,0.057409119316955186
Hum_XLOC_022239,MDA-MB-231,0.06248464529220085
Hum_XLOC_022279,MDA-MB-231,0.07047758385882535
Hum_XLOC_022299,MDA-MB-231,0.08114054563808433
Hum_XLOC_022312,MDA-MB-231,0.042007768476585536
Hum_XLOC_022324,MDA-MB-231,0.05852431010291878
Hum_XLOC_022330,MDA-MB-231,0.0719926877727439
Hum_XLOC_022335,MDA-MB-231,0.03213801388441012
Hum_XLOC_022344,MDA-MB-231,0.10116638436718166
Hum_XLOC_022345,MDA-MB-231,0.052369404386649665
Hum_XLOC_022346,MDA-MB-231,0.035536660411500234
Hum_XLOC_022347,MDA-MB-231,0.061171048869945364
Hum_XLOC_022351,MDA-MB-231,0.07718947184625333
Hum_XLOC_022361,MDA-MB-231,0.06958781205408254
Hum_XLOC_022362,MDA-MB-231,0.030833276570852608
Hum_XLOC_022389,MDA-MB-231,0.036852363057368095
Hum_XLOC_022392,MDA-MB-231,0.03695744899967323
Hum_XLOC_022393,MDA-MB-231,0.053004929464795396
Hum_XLOC_022398,MDA-MB-231,0.06478627522339636
Hum_XLOC_022402,MDA-MB-231,0.06431824588122853
Hum_XLOC_022403,MDA-MB-231,0.031548887884756335
Hum_XLOC_022405,MDA-MB-231,0.04987340082252445
Hum_XLOC_022419,MDA-MB-231,0.04419724444036306
Hum_XLOC_022422,MDA-MB-231,0.0470057723625353
Hum_XLOC_022435,MDA-MB-231,0.06853760959736974
Hum_XLOC_022436,MDA-MB-231,0.06354823110658653
Hum_XLOC_022443,MDA-MB-231,0.07605244253017426
Hum_XLOC_022446,MDA-MB-231,0.03951814189958423
Hum_XLOC_022448,MDA-MB-231,0.06795508009993556
Hum_XLOC_022452,MDA-MB-231,0.050979419374123966
Hum_XLOC_022454,MDA-MB-231,0.06505061964878384
Hum_XLOC_022458,MDA-MB-231,0.06728623095441649
Hum_XLOC_022461,MDA-MB-231,0.06578598268751888
Hum_XLOC_022465,MDA-MB-231,0.04352598811188198
Hum_XLOC_022468,MDA-MB-231,0.05395600023158134
Hum_XLOC_022469,MDA-MB-231,0.05464330606837729
Hum_XLOC_022475,MDA-MB-231,0.05086399200889327
Hum_XLOC_022494,MDA-MB-231,0.0784479314406069
Hum_XLOC_022495,MDA-MB-231,0.0454861356123808
Hum_XLOC_022512,MDA-MB-231,0.05972657235166538
Hum_XLOC_022519,MDA-MB-231,0.060073411647265575
Hum_XLOC_022537,MDA-MB-231,0.02591382840100172
Hum_XLOC_022573,MDA-MB-231,0.03897655226654599
Hum_XLOC_022595,MDA-MB-231,0.0392565015395444
Hum_XLOC_022640,MDA-MB-231,0.06270250663883178
Hum_XLOC_022645,MDA-MB-231,0.03703537361562843
Hum_XLOC_022657,MDA-MB-231,0.06318640576128502
Hum_XLOC_022670,MDA-MB-231,0.06598451910036401
Hum_XLOC_022704,MDA-MB-231,0.03746989380720896
Hum_XLOC_022710,MDA-MB-231,0.04084629915549649
Hum_XLOC_022754,MDA-MB-231,0.05707895275883348
Hum_XLOC_022759,MDA-MB-231,0.06075695198388966
Hum_XLOC_022763,MDA-MB-231,0.05314297234950196
Hum_XLOC_022764,MDA-MB-231,0.06816934101208681
Hum_XLOC_022778,MDA-MB-231,0.049928142713666065
Hum_XLOC_022786,MDA-MB-231,0.019242683678811722
Hum_XLOC_022804,MDA-MB-231,0.065069932407311
Hum_XLOC_022809,MDA-MB-231,0.04364656052172888
Hum_XLOC_022819,MDA-MB-231,0.025610856684318974
Hum_XLOC_022823,MDA-MB-231,0.0662631288054231
Hum_XLOC_022831,MDA-MB-231,0.04372488440877757
Hum_XLOC_022840,MDA-MB-231,0.056451479622842325
Hum_XLOC_022850,MDA-MB-231,0.05774484917387641
Hum_XLOC_022860,MDA-MB-231,0.023311008014348003
Hum_XLOC_022862,MDA-MB-231,0.05230723034227734
Hum_XLOC_022881,MDA-MB-231,0.052323110641072715
Hum_XLOC_022889,MDA-MB-231,0.06405462719689135
Hum_XLOC_022892,MDA-MB-231,0.05660411606751036
Hum_XLOC_022915,MDA-MB-231,0.04625515422193853
Hum_XLOC_022930,MDA-MB-231,0.06939478835773286
Hum_XLOC_022931,MDA-MB-231,0.0679678774341354
Hum_XLOC_022943,MDA-MB-231,0.07986333165689449
Hum_XLOC_022954,MDA-MB-231,0.06536141287828588
Hum_XLOC_022959,MDA-MB-231,0.023626869615966484
Hum_XLOC_022984,MDA-MB-231,0.035742805090169374
Hum_XLOC_023008,MDA-MB-231,0.04922440216321873
Hum_XLOC_023014,MDA-MB-231,0.07821844974232897
Hum_XLOC_023016,MDA-MB-231,0.06066934152863597
Hum_XLOC_023021,MDA-MB-231,0.06985035427186811
Hum_XLOC_023023,MDA-MB-231,0.05800988716075195
Hum_XLOC_023024,MDA-MB-231,0.054965512105555225
Hum_XLOC_023034,MDA-MB-231,0.08949454666995714
Hum_XLOC_023047,MDA-MB-231,0.05627041036887948
Hum_XLOC_023058,MDA-MB-231,0.07715202553190303
Hum_XLOC_023062,MDA-MB-231,0.06271231267034127
Hum_XLOC_023064,MDA-MB-231,0.06323401895947464
Hum_XLOC_023071,MDA-MB-231,0.04143603824266534
Hum_XLOC_023072,MDA-MB-231,0.07509987894128535
Hum_XLOC_023078,MDA-MB-231,0.055835129963429854
Hum_XLOC_023088,MDA-MB-231,0.05224847532357199
Hum_XLOC_023092,MDA-MB-231,0.01987962557407635
Hum_XLOC_023101,MDA-MB-231,0.07603792140027348
Hum_XLOC_023108,MDA-MB-231,0.07251434634798279
Hum_XLOC_023131,MDA-MB-231,0.07658152662456297
Hum_XLOC_023142,MDA-MB-231,0.05897641786954132
Hum_XLOC_023145,MDA-MB-231,0.07123696135238324
Hum_XLOC_023155,MDA-MB-231,0.05253484651281051
Hum_XLOC_023165,MDA-MB-231,0.07134004107236053
Hum_XLOC_023169,MDA-MB-231,0.05065954212240129
Hum_XLOC_023186,MDA-MB-231,0.02889309988556734
Hum_XLOC_023189,MDA-MB-231,0.027165400191055525
Hum_XLOC_023201,MDA-MB-231,0.05800923234883728
Hum_XLOC_023210,MDA-MB-231,0.06169521518484273
Hum_XLOC_023211,MDA-MB-231,0.047573744305005244
Hum_XLOC_023219,MDA-MB-231,0.04599659713623335
Hum_XLOC_023235,MDA-MB-231,0.05667170992873586
Hum_XLOC_023237,MDA-MB-231,0.05637297792201597
Hum_XLOC_023240,MDA-MB-231,0.07436014641195565
Hum_XLOC_023256,MDA-MB-231,0.06449916100764778
Hum_XLOC_023259,MDA-MB-231,0.057109457585188345
Hum_XLOC_023262,MDA-MB-231,0.06108469304180279
Hum_XLOC_023267,MDA-MB-231,0.06279083791129184
Hum_XLOC_023283,MDA-MB-231,0.06141195298790057
Hum_XLOC_023286,MDA-MB-231,0.054418189558861914
Hum_XLOC_023290,MDA-MB-231,0.06610100108346509
Hum_XLOC_023293,MDA-MB-231,0.06841106962082807
Hum_XLOC_023300,MDA-MB-231,0.06999951459952894
Hum_XLOC_023308,MDA-MB-231,0.030700636119589765
Hum_XLOC_023321,MDA-MB-231,0.06872861519432664
Hum_XLOC_023332,MDA-MB-231,0.0515322653037547
Hum_XLOC_023349,MDA-MB-231,0.061770323644305784
Hum_XLOC_023360,MDA-MB-231,0.03980703196435473
Hum_XLOC_023369,MDA-MB-231,0.06324482614608201
Hum_XLOC_023380,MDA-MB-231,0.04970149055450881
Hum_XLOC_023390,MDA-MB-231,0.04209675805429179
Hum_XLOC_023397,MDA-MB-231,0.0393502384585388
Hum_XLOC_023398,MDA-MB-231,0.06850934922402269
Hum_XLOC_023400,MDA-MB-231,0.028375344181402782
Hum_XLOC_023403,MDA-MB-231,0.08143467193142262
Hum_XLOC_023404,MDA-MB-231,0.04456853308722897
Hum_XLOC_023425,MDA-MB-231,0.053809995565735985
Hum_XLOC_023426,MDA-MB-231,0.04129723728542697
Hum_XLOC_023443,MDA-MB-231,0.034772733935255824
Hum_XLOC_023445,MDA-MB-231,0.0729098204001595
Hum_XLOC_023450,MDA-MB-231,0.05563575295575063
Hum_XLOC_023453,MDA-MB-231,0.0657947539987698
Hum_XLOC_023472,MDA-MB-231,0.03862839039437796
Hum_XLOC_023481,MDA-MB-231,0.06606839002746505
Hum_XLOC_023485,MDA-MB-231,0.06421491880965613
Hum_XLOC_023488,MDA-MB-231,0.07412277786276358
Hum_XLOC_023520,MDA-MB-231,0.0723189437259532
Hum_XLOC_023548,MDA-MB-231,0.0656566042671722
Hum_XLOC_023558,MDA-MB-231,0.025280756041326773
Hum_XLOC_023567,MDA-MB-231,0.0570595027163711
Hum_XLOC_023574,MDA-MB-231,0.07023996651610064
Hum_XLOC_023575,MDA-MB-231,0.06607225445028997
Hum_XLOC_023580,MDA-MB-231,0.06949486701475881
Hum_XLOC_023587,MDA-MB-231,0.05997647789138309
Hum_XLOC_023606,MDA-MB-231,0.03892960518706843
Hum_XLOC_023652,MDA-MB-231,0.07187675379350668
Hum_XLOC_023657,MDA-MB-231,0.08712344253154561
Hum_XLOC_023658,MDA-MB-231,0.0786920942475925
Hum_XLOC_023662,MDA-MB-231,0.034049946628926644
Hum_XLOC_023669,MDA-MB-231,0.10406316637363709
Hum_XLOC_023673,MDA-MB-231,0.07404272060266848
Hum_XLOC_023689,MDA-MB-231,0.053912233424029385
Hum_XLOC_023693,MDA-MB-231,0.07047855395103386
Hum_XLOC_023705,MDA-MB-231,0.07773527337618759
Hum_XLOC_023717,MDA-MB-231,0.09559712586420979
Hum_XLOC_023720,MDA-MB-231,0.04029083821871003
Hum_XLOC_023721,MDA-MB-231,0.07202709106192662
Hum_XLOC_023731,MDA-MB-231,0.06552950239345233
Hum_XLOC_023736,MDA-MB-231,0.07023553043758715
Hum_XLOC_023744,MDA-MB-231,0.08185884936707971
Hum_XLOC_023746,MDA-MB-231,0.06979342783859968
Hum_XLOC_023756,MDA-MB-231,0.07159109103942361
Hum_XLOC_023757,MDA-MB-231,0.07867292989362551
Hum_XLOC_023759,MDA-MB-231,0.06175927050419412
Hum_XLOC_023760,MDA-MB-231,0.06823773362130005
Hum_XLOC_023764,MDA-MB-231,0.05315637286699421
Hum_XLOC_023783,MDA-MB-231,0.056592886015731855
Hum_XLOC_023784,MDA-MB-231,0.07257205152842891
Hum_XLOC_023786,MDA-MB-231,0.06661319211761942
Hum_XLOC_023791,MDA-MB-231,0.06772130852588103
Hum_XLOC_023793,MDA-MB-231,0.051054850387031975
Hum_XLOC_023804,MDA-MB-231,0.03162318663750407
Hum_XLOC_023815,MDA-MB-231,0.05964812627395484
Hum_XLOC_023820,MDA-MB-231,0.037531599435762134
Hum_XLOC_023833,MDA-MB-231,0.06911196261840241
Hum_XLOC_023851,MDA-MB-231,0.033160608382820735
Hum_XLOC_023869,MDA-MB-231,0.03375845786908242
Hum_XLOC_023878,MDA-MB-231,0.038253466585006404
Hum_XLOC_023887,MDA-MB-231,0.08127650928654553
Hum_XLOC_023889,MDA-MB-231,0.0669601241955858
Hum_XLOC_023922,MDA-MB-231,0.07402337335782455
Hum_XLOC_023923,MDA-MB-231,0.05882701804215009
Hum_XLOC_023924,MDA-MB-231,0.06409821845630304
Hum_XLOC_023926,MDA-MB-231,0.08560348744550683
Hum_XLOC_023928,MDA-MB-231,0.033045360305552565
Hum_XLOC_023949,MDA-MB-231,0.061188195209378585
Hum_XLOC_023950,MDA-MB-231,0.07793727499095389
Hum_XLOC_023959,MDA-MB-231,0.0235109329828378
Hum_XLOC_023961,MDA-MB-231,0.05421926029251573
Hum_XLOC_023962,MDA-MB-231,0.05849850103652674
Hum_XLOC_023972,MDA-MB-231,0.06491841118988914
Hum_XLOC_023973,MDA-MB-231,0.07044122309731635
Hum_XLOC_024013,MDA-MB-231,0.04396266157035506
Hum_XLOC_024031,MDA-MB-231,0.03680926535768215
Hum_XLOC_024047,MDA-MB-231,0.0756823286437485
Hum_XLOC_024100,MDA-MB-231,0.0450026636397379
Hum_XLOC_024120,MDA-MB-231,0.054582247201553906
Hum_XLOC_024123,MDA-MB-231,0.06950371348386321
Hum_XLOC_024127,MDA-MB-231,0.02524240782421574
Hum_XLOC_024131,MDA-MB-231,0.05923950055483014
Hum_XLOC_024132,MDA-MB-231,0.042473386624313304
Hum_XLOC_024151,MDA-MB-231,0.04908633835319115
Hum_XLOC_024155,MDA-MB-231,0.06312577117885854
Hum_XLOC_024156,MDA-MB-231,0.0628758148432379
Hum_XLOC_024159,MDA-MB-231,0.051049031060832584
Hum_XLOC_024160,MDA-MB-231,0.052194699253044444
Hum_XLOC_024169,MDA-MB-231,0.047796367361139666
Hum_XLOC_024175,MDA-MB-231,0.0829733729910449
Hum_XLOC_024179,MDA-MB-231,0.06176914691792948
Hum_XLOC_024194,MDA-MB-231,0.05933373692753964
Hum_XLOC_024197,MDA-MB-231,0.0675177226748115
Hum_XLOC_024205,MDA-MB-231,0.060083215193550435
Hum_XLOC_024215,MDA-MB-231,0.09013339060418683
Hum_XLOC_024217,MDA-MB-231,0.0614986563616704
Hum_XLOC_024233,MDA-MB-231,0.08143596960775105
Hum_XLOC_024241,MDA-MB-231,0.057381810911738385
Hum_XLOC_024242,MDA-MB-231,0.06058388454634399
Hum_XLOC_024243,MDA-MB-231,0.06011410522277863
Hum_XLOC_024245,MDA-MB-231,0.04578219523795728
Hum_XLOC_024248,MDA-MB-231,0.029255201324361213
Hum_XLOC_024257,MDA-MB-231,0.0684777605093118
Hum_XLOC_024265,MDA-MB-231,0.062328949219577
Hum_XLOC_024266,MDA-MB-231,0.06768618446807385
Hum_XLOC_024268,MDA-MB-231,0.06584096602754083
Hum_XLOC_024281,MDA-MB-231,0.06768061630145869
Hum_XLOC_024303,MDA-MB-231,0.05860141405863732
Hum_XLOC_024325,MDA-MB-231,0.07665585995560695
Hum_XLOC_024373,MDA-MB-231,0.0476795371544923
Hum_XLOC_024374,MDA-MB-231,0.07369836005280986
Hum_XLOC_024381,MDA-MB-231,0.06818832350951208
Hum_XLOC_024383,MDA-MB-231,0.03139687233706727
Hum_XLOC_024384,MDA-MB-231,0.07695287703087106
Hum_XLOC_024388,MDA-MB-231,0.07077506832566302
Hum_XLOC_024403,MDA-MB-231,0.08324041279751693
Hum_XLOC_024409,MDA-MB-231,0.06769888230318001
Hum_XLOC_024418,MDA-MB-231,0.05313959242349171
Hum_XLOC_024425,MDA-MB-231,0.062139635968079976
Hum_XLOC_024441,MDA-MB-231,0.07661416312337188
Hum_XLOC_024458,MDA-MB-231,0.06513296402227475
Hum_XLOC_024459,MDA-MB-231,0.09476657183615528
Hum_XLOC_024475,MDA-MB-231,0.07242970930788842
Hum_XLOC_024476,MDA-MB-231,0.07163778782250604
Hum_XLOC_024494,MDA-MB-231,0.068330070349788
Hum_XLOC_024495,MDA-MB-231,0.05830008582329558
Hum_XLOC_024520,MDA-MB-231,0.05056285537549259
Hum_XLOC_024521,MDA-MB-231,0.05769138758509741
Hum_XLOC_024523,MDA-MB-231,0.03712630613410049
Hum_XLOC_024532,MDA-MB-231,0.0791567613045878
Hum_XLOC_024556,MDA-MB-231,0.06820793267421948
Hum_XLOC_024557,MDA-MB-231,0.022928070073619442
Hum_XLOC_024559,MDA-MB-231,0.0655608285104772
Hum_XLOC_024575,MDA-MB-231,0.06071024003719168
Hum_XLOC_024582,MDA-MB-231,0.07453679005233041
Hum_XLOC_024586,MDA-MB-231,0.025223863537235342
Hum_XLOC_024596,MDA-MB-231,0.05362239945741868
Hum_XLOC_024602,MDA-MB-231,0.07201255759093805
Hum_XLOC_024614,MDA-MB-231,0.07231859337085808
Hum_XLOC_024620,MDA-MB-231,0.05866701630551392
Hum_XLOC_024637,MDA-MB-231,0.05801430557626219
Hum_XLOC_024649,MDA-MB-231,0.030111360087051342
Hum_XLOC_024675,MDA-MB-231,0.029449786128095276
Hum_XLOC_024713,MDA-MB-231,0.06357520465182916
Hum_XLOC_024739,MDA-MB-231,0.05596440655912504
Hum_XLOC_024762,MDA-MB-231,0.05794654873801018
Hum_XLOC_024763,MDA-MB-231,0.06145332494945267
Hum_XLOC_024767,MDA-MB-231,0.03230639297580482
Hum_XLOC_024777,MDA-MB-231,0.0510850214603306
Hum_XLOC_024820,MDA-MB-231,0.05980464800253159
Hum_XLOC_024825,MDA-MB-231,0.06982847343687291
Hum_XLOC_024826,MDA-MB-231,0.04622968623755473
Hum_XLOC_024829,MDA-MB-231,0.09562881925923526
Hum_XLOC_024842,MDA-MB-231,0.06093412477826311
Hum_XLOC_024847,MDA-MB-231,0.06804986899746668
Hum_XLOC_024854,MDA-MB-231,0.06534851445232451
Hum_XLOC_024863,MDA-MB-231,0.05110756094193912
Hum_XLOC_024871,MDA-MB-231,0.05248136267858716
Hum_XLOC_024872,MDA-MB-231,0.06676879254262133
Hum_XLOC_024874,MDA-MB-231,0.08165229350658912
Hum_XLOC_024876,MDA-MB-231,0.03481180562751154
Hum_XLOC_024900,MDA-MB-231,0.04919015328863704
Hum_XLOC_024910,MDA-MB-231,0.06039679860194655
Hum_XLOC_024922,MDA-MB-231,0.07263617479278765
Hum_XLOC_024931,MDA-MB-231,0.0637856465832849
Hum_XLOC_024934,MDA-MB-231,0.04402405904204941
Hum_XLOC_024957,MDA-MB-231,0.055040970527940325
Hum_XLOC_024970,MDA-MB-231,0.05015881482891239
Hum_XLOC_024979,MDA-MB-231,0.036046129235686064
Hum_XLOC_025009,MDA-MB-231,0.060722555029743455
Hum_XLOC_025022,MDA-MB-231,0.044083898039426445
Hum_XLOC_025028,MDA-MB-231,0.06472054221859294
Hum_XLOC_025048,MDA-MB-231,0.050079127467921467
Hum_XLOC_025049,MDA-MB-231,0.035984293676480573
Hum_XLOC_025061,MDA-MB-231,0.07815686355028856
Hum_XLOC_025065,MDA-MB-231,0.030837951110380395
Hum_XLOC_025071,MDA-MB-231,0.06807888841170769
Hum_XLOC_025081,MDA-MB-231,0.058807717516611444
Hum_XLOC_025111,MDA-MB-231,0.0726928381250198
Hum_XLOC_025182,MDA-MB-231,0.07897286743430729
Hum_XLOC_025208,MDA-MB-231,0.051972272012674264
Hum_XLOC_025246,MDA-MB-231,0.057725427500485225
Hum_XLOC_025247,MDA-MB-231,0.027922772126092007
Hum_XLOC_025284,MDA-MB-231,0.04232796534003478
Hum_XLOC_025303,MDA-MB-231,0.06806269789413255
Hum_XLOC_025305,MDA-MB-231,0.07208153771664129
Hum_XLOC_025323,MDA-MB-231,0.03971983758348319
Hum_XLOC_025331,MDA-MB-231,0.06611212491977693
Hum_XLOC_025332,MDA-MB-231,0.06835403046324873
Hum_XLOC_025334,MDA-MB-231,0.020201986219763563
Hum_XLOC_025335,MDA-MB-231,0.04472085198463633
Hum_XLOC_025339,MDA-MB-231,0.02581276392603776
Hum_XLOC_025353,MDA-MB-231,0.029540421195050126
Hum_XLOC_025356,MDA-MB-231,0.031612487086555646
Hum_XLOC_025357,MDA-MB-231,0.05202651749545639
Hum_XLOC_025366,MDA-MB-231,0.053413408089019704
Hum_XLOC_025377,MDA-MB-231,0.06334519079528592
Hum_XLOC_025394,MDA-MB-231,0.03356787294316598
Hum_XLOC_025402,MDA-MB-231,0.053104524645864695
Hum_XLOC_025403,MDA-MB-231,0.051947497060543316
Hum_XLOC_025407,MDA-MB-231,0.0446707922859601
Hum_XLOC_025408,MDA-MB-231,0.057772627836673376
Hum_XLOC_025410,MDA-MB-231,0.05269834658412464
Hum_XLOC_025414,MDA-MB-231,0.06502410874381942
Hum_XLOC_025416,MDA-MB-231,0.04238703431765657
Hum_XLOC_025436,MDA-MB-231,0.061746288464465546
Hum_XLOC_025444,MDA-MB-231,0.07630753540446428
Hum_XLOC_025445,MDA-MB-231,0.0736032542155877
Hum_XLOC_025447,MDA-MB-231,0.0661254586044477
Hum_XLOC_025452,MDA-MB-231,0.07268905009180937
Hum_XLOC_025460,MDA-MB-231,0.05758945962811994
Hum_XLOC_025474,MDA-MB-231,0.0777719126580015
Hum_XLOC_025478,MDA-MB-231,0.07435709303381323
Hum_XLOC_025481,MDA-MB-231,0.0696839487310468
Hum_XLOC_025487,MDA-MB-231,0.08339803051744209
Hum_XLOC_025488,MDA-MB-231,0.08010194341206622
Hum_XLOC_025494,MDA-MB-231,0.0740048283039344
Hum_XLOC_025498,MDA-MB-231,0.069187316878311
Hum_XLOC_025506,MDA-MB-231,0.05352053573643126
Hum_XLOC_025536,MDA-MB-231,0.055062393423031264
Hum_XLOC_025552,MDA-MB-231,0.05986796950637121
Hum_XLOC_025589,MDA-MB-231,0.06415021993230895
Hum_XLOC_025596,MDA-MB-231,0.07428663282989274
Hum_XLOC_025611,MDA-MB-231,0.08254764053314556
Hum_XLOC_025641,MDA-MB-231,0.07724427792069882
Hum_XLOC_025651,MDA-MB-231,0.048915608502158266
Hum_XLOC_025706,MDA-MB-231,0.03717173329099137
Hum_XLOC_025720,MDA-MB-231,0.05419981418579212
Hum_XLOC_025723,MDA-MB-231,0.07413285750786133
Hum_XLOC_025724,MDA-MB-231,0.0571195667498589
Hum_XLOC_025725,MDA-MB-231,0.0789413911633778
Hum_XLOC_025754,MDA-MB-231,0.02889385902756476
Hum_XLOC_025758,MDA-MB-231,0.061835195199272386
Hum_XLOC_025766,MDA-MB-231,0.05595052286465644
Hum_XLOC_025782,MDA-MB-231,0.0662714595313518
Hum_XLOC_025790,MDA-MB-231,0.06550940658722876
Hum_XLOC_025791,MDA-MB-231,0.041839295084850285
Hum_XLOC_025807,MDA-MB-231,0.073916644065307
Hum_XLOC_025812,MDA-MB-231,0.0714828030297629
Hum_XLOC_025823,MDA-MB-231,0.0462585409906848
Hum_XLOC_025824,MDA-MB-231,0.06455935868368114
Hum_XLOC_025853,MDA-MB-231,0.07616543770786277
Hum_XLOC_025863,MDA-MB-231,0.05626025686262201
Hum_XLOC_025864,MDA-MB-231,0.06239871905847949
Hum_XLOC_025872,MDA-MB-231,0.03548348679899641
Hum_XLOC_025914,MDA-MB-231,0.05035030305123388
Hum_XLOC_025920,MDA-MB-231,0.029830501038260307
Hum_XLOC_025933,MDA-MB-231,0.05814346938279349
Hum_XLOC_025935,MDA-MB-231,0.06505197805145353
Hum_XLOC_025945,MDA-MB-231,0.06430840108010885
Hum_XLOC_025966,MDA-MB-231,0.029940861101292293
Hum_XLOC_025967,MDA-MB-231,0.0702793251963192
Hum_XLOC_025993,MDA-MB-231,0.05956412178570651
Hum_XLOC_026011,MDA-MB-231,0.058065224070825025
Hum_XLOC_026016,MDA-MB-231,0.07205730326902295
Hum_XLOC_026027,MDA-MB-231,0.06703709312834974
Hum_XLOC_026028,MDA-MB-231,0.04666373318477774
Hum_XLOC_026041,MDA-MB-231,0.06685924917911676
Hum_XLOC_026046,MDA-MB-231,0.06423696521109762
Hum_XLOC_026057,MDA-MB-231,0.034193017019193805
Hum_XLOC_026072,MDA-MB-231,0.045894054749841075
Hum_XLOC_026080,MDA-MB-231,0.05065250811274484
Hum_XLOC_026086,MDA-MB-231,0.04054061314751438
Hum_XLOC_026087,MDA-MB-231,0.05318861178495871
Hum_XLOC_026088,MDA-MB-231,0.07697733861391218
Hum_XLOC_026091,MDA-MB-231,0.07431482069581666
Hum_XLOC_026092,MDA-MB-231,0.07363808325507733
Hum_XLOC_026105,MDA-MB-231,0.07341189858943546
Hum_XLOC_026110,MDA-MB-231,0.05729521707652106
Hum_XLOC_026117,MDA-MB-231,0.07491646368854682
Hum_XLOC_026118,MDA-MB-231,0.023893275574747595
Hum_XLOC_026119,MDA-MB-231,0.06148869602232711
Hum_XLOC_026132,MDA-MB-231,0.051576431487246555
Hum_XLOC_026135,MDA-MB-231,0.06660445637725373
Hum_XLOC_026150,MDA-MB-231,0.06791154728386846
Hum_XLOC_026153,MDA-MB-231,0.061864293129638454
Hum_XLOC_026195,MDA-MB-231,0.041939087171907544
Hum_XLOC_026198,MDA-MB-231,0.06652093525066138
Hum_XLOC_026205,MDA-MB-231,0.06268936413112024
Hum_XLOC_026210,MDA-MB-231,0.0648690503161812
Hum_XLOC_026228,MDA-MB-231,0.052542800730098385
Hum_XLOC_026232,MDA-MB-231,0.029579192578769238
Hum_XLOC_026234,MDA-MB-231,0.06694930539546423
Hum_XLOC_026244,MDA-MB-231,0.040785742830810524
Hum_XLOC_026245,MDA-MB-231,0.0466793186302282
Hum_XLOC_026250,MDA-MB-231,0.05395636760049918
Hum_XLOC_026251,MDA-MB-231,0.07116342804840062
Hum_XLOC_026252,MDA-MB-231,0.028149850341004642
Hum_XLOC_026261,MDA-MB-231,0.02833854903742774
Hum_XLOC_026269,MDA-MB-231,0.06462189082775066
Hum_XLOC_026281,MDA-MB-231,0.06191341706395549
Hum_XLOC_026304,MDA-MB-231,0.027201340177871063
Hum_XLOC_026310,MDA-MB-231,0.058626286185076384
Hum_XLOC_026311,MDA-MB-231,0.08740025070417842
Hum_XLOC_026313,MDA-MB-231,0.07333848269320369
Hum_XLOC_026314,MDA-MB-231,0.07613180409484865
Hum_XLOC_026317,MDA-MB-231,0.0479874240638348
Hum_XLOC_026320,MDA-MB-231,0.06687862424192459
Hum_XLOC_026323,MDA-MB-231,0.06296819541476813
Hum_XLOC_026328,MDA-MB-231,0.050826224067510556
Hum_XLOC_026349,MDA-MB-231,0.07081146679533643
Hum_XLOC_026350,MDA-MB-231,0.052676413694601715
Hum_XLOC_026362,MDA-MB-231,0.04853352584349646
Hum_XLOC_026363,MDA-MB-231,0.02556247655555986
Hum_XLOC_026388,MDA-MB-231,0.05812515014511003
Hum_XLOC_026389,MDA-MB-231,0.0734477688118162
Hum_XLOC_026391,MDA-MB-231,0.05271570087764264
Hum_XLOC_026399,MDA-MB-231,0.06942837865351335
Hum_XLOC_026418,MDA-MB-231,0.06705481747493525
Hum_XLOC_026427,MDA-MB-231,0.07197089060925918
Hum_XLOC_026431,MDA-MB-231,0.06704509435645323
Hum_XLOC_026435,MDA-MB-231,0.053514495275802515
Hum_XLOC_026443,MDA-MB-231,0.05973026635542619
Hum_XLOC_026460,MDA-MB-231,0.06334553806694382
Hum_XLOC_026470,MDA-MB-231,0.06235319404353111
Hum_XLOC_026477,MDA-MB-231,0.044171251291583474
Hum_XLOC_026491,MDA-MB-231,0.04354085905043666
Hum_XLOC_026494,MDA-MB-231,0.059325405792589714
Hum_XLOC_026496,MDA-MB-231,0.06438027228862163
Hum_XLOC_026504,MDA-MB-231,0.04384023978896116
Hum_XLOC_026511,MDA-MB-231,0.04411883027200003
Hum_XLOC_026529,MDA-MB-231,0.05509014023662684
Hum_XLOC_026533,MDA-MB-231,0.05672291071472629
Hum_XLOC_026567,MDA-MB-231,0.06239615197766974
Hum_XLOC_026587,MDA-MB-231,0.023189508857838256
Hum_XLOC_026590,MDA-MB-231,0.05765555361195663
Hum_XLOC_026618,MDA-MB-231,0.07486872848496488
Hum_XLOC_026619,MDA-MB-231,0.0594286600898419
Hum_XLOC_026633,MDA-MB-231,0.05980814268724204
Hum_XLOC_026640,MDA-MB-231,0.06642359488146928
Hum_XLOC_026641,MDA-MB-231,0.026663609163703462
Hum_XLOC_026646,MDA-MB-231,0.045408236847384875
Hum_XLOC_026653,MDA-MB-231,0.03010322432017024
Hum_XLOC_026655,MDA-MB-231,0.053243747346899406
Hum_XLOC_026666,MDA-MB-231,0.06082706105245977
Hum_XLOC_026668,MDA-MB-231,0.062159372387799325
Hum_XLOC_026681,MDA-MB-231,0.07435809987706972
Hum_XLOC_026689,MDA-MB-231,0.058511374903569606
Hum_XLOC_026732,MDA-MB-231,0.06858244575413286
Hum_XLOC_026737,MDA-MB-231,0.022862718840161642
Hum_XLOC_026743,MDA-MB-231,0.06902778907233828
Hum_XLOC_026761,MDA-MB-231,0.055583091796523876
Hum_XLOC_026764,MDA-MB-231,0.049280166582078344
Hum_XLOC_026767,MDA-MB-231,0.06301815292703268
Hum_XLOC_026779,MDA-MB-231,0.0244189611888634
Hum_XLOC_026781,MDA-MB-231,0.05929633604629416
Hum_XLOC_026782,MDA-MB-231,0.17983049734247453
Hum_XLOC_026786,MDA-MB-231,0.07608159734316322
Hum_XLOC_026796,MDA-MB-231,0.07520367314956333
Hum_XLOC_026797,MDA-MB-231,0.057655915103720035
Hum_XLOC_026814,MDA-MB-231,0.05115536732658009
Hum_XLOC_026818,MDA-MB-231,0.05848644962855462
Hum_XLOC_026849,MDA-MB-231,0.050365098441848354
Hum_XLOC_026853,MDA-MB-231,0.053696296145183287
Hum_XLOC_026870,MDA-MB-231,0.06127422028870776
Hum_XLOC_026879,MDA-MB-231,0.054550263345377215
Hum_XLOC_026891,MDA-MB-231,0.06764538154640623
Hum_XLOC_026900,MDA-MB-231,0.0777241599576713
Hum_XLOC_026902,MDA-MB-231,0.0332565190928015
Hum_XLOC_026955,MDA-MB-231,0.047485053442498246
Hum_XLOC_026966,MDA-MB-231,0.0800564485839631
Hum_XLOC_026987,MDA-MB-231,0.035952994777546904
Hum_XLOC_026996,MDA-MB-231,0.03818940254440067
Hum_XLOC_026997,MDA-MB-231,0.047768032973616766
Hum_XLOC_027006,MDA-MB-231,0.024331984057569814
Hum_XLOC_027017,MDA-MB-231,0.03712729292018824
Hum_XLOC_027023,MDA-MB-231,0.05559904076733531
Hum_XLOC_027042,MDA-MB-231,0.04489776582342711
Hum_XLOC_027047,MDA-MB-231,0.050503908486600364
Hum_XLOC_027048,MDA-MB-231,0.06163549234478675
Hum_XLOC_027051,MDA-MB-231,0.0531006787419922
Hum_XLOC_027058,MDA-MB-231,0.05778734569599568
Hum_XLOC_027073,MDA-MB-231,0.042281911779200584
Hum_XLOC_027110,MDA-MB-231,0.04524773986629757
Hum_XLOC_027138,MDA-MB-231,0.09377524202842162
Hum_XLOC_027148,MDA-MB-231,0.06287578470727735
Hum_XLOC_027158,MDA-MB-231,0.05080313759796353
Hum_XLOC_027170,MDA-MB-231,0.06637129498169468
Hum_XLOC_027183,MDA-MB-231,0.06610313340518825
Hum_XLOC_027195,MDA-MB-231,0.06441347773289957
Hum_XLOC_027197,MDA-MB-231,0.07253334870499234
Hum_XLOC_027199,MDA-MB-231,0.06661258516116249
Hum_XLOC_027231,MDA-MB-231,0.05015439899470502
Hum_XLOC_027232,MDA-MB-231,0.06711931180079464
Hum_XLOC_027239,MDA-MB-231,0.0571896797683599
Hum_XLOC_027240,MDA-MB-231,0.07140213816998725
Hum_XLOC_027248,MDA-MB-231,0.06551467841105361
Hum_XLOC_027259,MDA-MB-231,0.054830530285031535
Hum_XLOC_027290,MDA-MB-231,0.05494780198603846
Hum_XLOC_027291,MDA-MB-231,0.06357260157578089
Hum_XLOC_027294,MDA-MB-231,0.07034830791582748
Hum_XLOC_027295,MDA-MB-231,0.05836818726653864
Hum_XLOC_027297,MDA-MB-231,0.05798533647252202
Hum_XLOC_027314,MDA-MB-231,0.06804184655261775
Hum_XLOC_027315,MDA-MB-231,0.06778787804273034
Hum_XLOC_027336,MDA-MB-231,0.04348544045334147
Hum_XLOC_027352,MDA-MB-231,0.06754668540903012
Hum_XLOC_027354,MDA-MB-231,0.07090149342674168
Hum_XLOC_027358,MDA-MB-231,0.06395035951775681
Hum_XLOC_027382,MDA-MB-231,0.06754648665020244
Hum_XLOC_027383,MDA-MB-231,0.029986082175194127
Hum_XLOC_027390,MDA-MB-231,0.06538824030033029
Hum_XLOC_027391,MDA-MB-231,0.05956958024395637
Hum_XLOC_027397,MDA-MB-231,0.07060624064459789
Hum_XLOC_027422,MDA-MB-231,0.04581648466040229
Hum_XLOC_027429,MDA-MB-231,0.06001583839427381
Hum_XLOC_027449,MDA-MB-231,0.06409370743754525
Hum_XLOC_027452,MDA-MB-231,0.02639927945948568
Hum_XLOC_027461,MDA-MB-231,0.07278547842781177
Hum_XLOC_027474,MDA-MB-231,0.03922934694360381
Hum_XLOC_027489,MDA-MB-231,0.05528714973866952
Hum_XLOC_027494,MDA-MB-231,0.05540036721397819
Hum_XLOC_027499,MDA-MB-231,0.05217192860311631
Hum_XLOC_027540,MDA-MB-231,0.05327471743229137
Hum_XLOC_027544,MDA-MB-231,0.07173248978937866
Hum_XLOC_027558,MDA-MB-231,0.04197817314191262
Hum_XLOC_027561,MDA-MB-231,0.028547964979490623
Hum_XLOC_027564,MDA-MB-231,0.07762773391922
Hum_XLOC_027565,MDA-MB-231,0.0709850320322517
Hum_XLOC_027569,MDA-MB-231,0.049453774527358385
Hum_XLOC_027573,MDA-MB-231,0.06979575053598454
Hum_XLOC_027578,MDA-MB-231,0.06986772444304987
Hum_XLOC_027588,MDA-MB-231,0.06778274609702942
Hum_XLOC_027589,MDA-MB-231,0.059341453428768655
Hum_XLOC_027603,MDA-MB-231,0.07003295465343273
Hum_XLOC_027618,MDA-MB-231,0.0771990425875056
Hum_XLOC_027632,MDA-MB-231,0.06269190319577969
Hum_XLOC_027656,MDA-MB-231,0.07778283445700888
Hum_XLOC_027659,MDA-MB-231,0.06233367733937162
Hum_XLOC_027699,MDA-MB-231,0.0638220979831575
Hum_XLOC_027703,MDA-MB-231,0.031955187889665095
Hum_XLOC_027710,MDA-MB-231,0.030165566199567378
Hum_XLOC_027715,MDA-MB-231,0.05901403887273905
Hum_XLOC_027722,MDA-MB-231,0.062025188332913525
Hum_XLOC_027723,MDA-MB-231,0.06938168039869819
Hum_XLOC_027733,MDA-MB-231,0.024221267174765904
Hum_XLOC_027750,MDA-MB-231,0.06225860225927754
Hum_XLOC_027752,MDA-MB-231,0.06727826727621017
Hum_XLOC_027761,MDA-MB-231,0.06626349970242193
Hum_XLOC_027777,MDA-MB-231,0.038500276517637835
Hum_XLOC_027793,MDA-MB-231,0.053719929277505324
Hum_XLOC_027799,MDA-MB-231,0.062135791114725655
Hum_XLOC_027810,MDA-MB-231,0.05609678691488284
Hum_XLOC_027839,MDA-MB-231,0.05773593641726786
Hum_XLOC_027855,MDA-MB-231,0.05243047425053868
Hum_XLOC_027870,MDA-MB-231,0.06269570179170524
Hum_XLOC_027873,MDA-MB-231,0.0371273285108828
Hum_XLOC_027890,MDA-MB-231,0.022209181861787747
Hum_XLOC_027894,MDA-MB-231,0.05702788502593028
Hum_XLOC_027904,MDA-MB-231,0.04892928166717028
Hum_XLOC_027907,MDA-MB-231,0.07573253086772472
Hum_XLOC_027908,MDA-MB-231,0.06941047822268628
Hum_XLOC_027909,MDA-MB-231,0.07947968944431003
Hum_XLOC_027914,MDA-MB-231,0.06437172019132757
Hum_XLOC_027934,MDA-MB-231,0.05433806192713033
Hum_XLOC_027944,MDA-MB-231,0.05715578110039199
Hum_XLOC_027977,MDA-MB-231,0.06697971302624434
Hum_XLOC_028009,MDA-MB-231,0.06777700939754294
Hum_XLOC_028013,MDA-MB-231,0.027797490054977936
Hum_XLOC_028029,MDA-MB-231,0.06489327965987707
Hum_XLOC_028037,MDA-MB-231,0.03782392216330034
Hum_XLOC_028055,MDA-MB-231,0.04921019610102245
Hum_XLOC_028073,MDA-MB-231,0.056892654118949185
Hum_XLOC_028080,MDA-MB-231,0.06348084309748096
Hum_XLOC_028083,MDA-MB-231,0.08437633207349324
Hum_XLOC_028126,MDA-MB-231,0.025591871605986097
Hum_XLOC_028136,MDA-MB-231,0.04598299816522226
Hum_XLOC_028139,MDA-MB-231,0.06460255060335016
Hum_XLOC_028155,MDA-MB-231,0.06053763375522382
Hum_XLOC_028161,MDA-MB-231,0.06990919509721423
Hum_XLOC_028211,MDA-MB-231,0.05682003423002711
Hum_XLOC_028227,MDA-MB-231,0.05388246374606763
Hum_XLOC_028233,MDA-MB-231,0.03437897382250317
Hum_XLOC_028237,MDA-MB-231,0.04075796723387791
Hum_XLOC_028242,MDA-MB-231,0.06637437459883767
Hum_XLOC_028244,MDA-MB-231,0.06394630018304599
Hum_XLOC_028246,MDA-MB-231,0.027704439034990157
Hum_XLOC_028247,MDA-MB-231,0.03332664890267569
Hum_XLOC_028248,MDA-MB-231,0.046669333614272
Hum_XLOC_028249,MDA-MB-231,0.0661436488215644
Hum_XLOC_028257,MDA-MB-231,0.020523044849735328
Hum_XLOC_028260,MDA-MB-231,0.07040338557804329
Hum_XLOC_028261,MDA-MB-231,0.04529360610538899
Hum_XLOC_028268,MDA-MB-231,0.040769049846655525
Hum_XLOC_028269,MDA-MB-231,0.06778189450314331
Hum_XLOC_028279,MDA-MB-231,0.052185167161021104
Hum_XLOC_028290,MDA-MB-231,0.06821329052047623
Hum_XLOC_028294,MDA-MB-231,0.031162781076885162
Hum_XLOC_028295,MDA-MB-231,0.04086952362321163
Hum_XLOC_028297,MDA-MB-231,0.06176026732872707
Hum_XLOC_028300,MDA-MB-231,0.052849704052717314
Hum_XLOC_028310,MDA-MB-231,0.05967504052987871
Hum_XLOC_028318,MDA-MB-231,0.05994816036110823
Hum_XLOC_028324,MDA-MB-231,0.05894854753474404
Hum_XLOC_028329,MDA-MB-231,0.05724328829501308
Hum_XLOC_028330,MDA-MB-231,0.06735233648888886
Hum_XLOC_028337,MDA-MB-231,0.06002450553921594
Hum_XLOC_028346,MDA-MB-231,0.05316776479304901
Hum_XLOC_028354,MDA-MB-231,0.0573239092505713
Hum_XLOC_028360,MDA-MB-231,0.06968243916949056
Hum_XLOC_028366,MDA-MB-231,0.06536223803773933
Hum_XLOC_028368,MDA-MB-231,0.02393467364177194
Hum_XLOC_028377,MDA-MB-231,0.052045365203215274
Hum_XLOC_028390,MDA-MB-231,0.051945892861661014
Hum_XLOC_028409,MDA-MB-231,0.07355823122266653
Hum_XLOC_028436,MDA-MB-231,0.06745427307127172
Hum_XLOC_028464,MDA-MB-231,0.06481966312829014
Hum_XLOC_028467,MDA-MB-231,0.05061029751010491
Hum_XLOC_028476,MDA-MB-231,0.06162454722128078
Hum_XLOC_028478,MDA-MB-231,0.058582821809505095
Hum_XLOC_028481,MDA-MB-231,0.07184139416829428
Hum_XLOC_028488,MDA-MB-231,0.041105050839163285
Hum_XLOC_028496,MDA-MB-231,0.06462811604246871
Hum_XLOC_028536,MDA-MB-231,0.055576340607336794
Hum_XLOC_028543,MDA-MB-231,0.07522958669230097
Hum_XLOC_028545,MDA-MB-231,0.06893143238350648
Hum_XLOC_028547,MDA-MB-231,0.06029094651782457
Hum_XLOC_028558,MDA-MB-231,0.020483414707216378
Hum_XLOC_028559,MDA-MB-231,0.03180375661818718
Hum_XLOC_028606,MDA-MB-231,0.07134272452898943
Hum_XLOC_028623,MDA-MB-231,0.06964610475318447
Hum_XLOC_028633,MDA-MB-231,0.02746764179766071
Hum_XLOC_028640,MDA-MB-231,0.040478364111523855
Hum_XLOC_028657,MDA-MB-231,0.059560124064479567
Hum_XLOC_028665,MDA-MB-231,0.047442546086117296
Hum_XLOC_028670,MDA-MB-231,0.07195096142654218
Hum_XLOC_028672,MDA-MB-231,0.04459910497356245
Hum_XLOC_028678,MDA-MB-231,0.06129420386123772
Hum_XLOC_028681,MDA-MB-231,0.028107032766232
Hum_XLOC_028682,MDA-MB-231,0.07002939776514376
Hum_XLOC_028687,MDA-MB-231,0.0785722290927812
Hum_XLOC_028694,MDA-MB-231,0.06856196938907408
Hum_XLOC_028695,MDA-MB-231,0.06152327989308175
Hum_XLOC_028705,MDA-MB-231,0.03992566103747419
Hum_XLOC_028710,MDA-MB-231,0.0696799260214434
Hum_XLOC_028712,MDA-MB-231,0.055955372491639815
Hum_XLOC_028719,MDA-MB-231,0.05387908828318514
Hum_XLOC_028720,MDA-MB-231,0.03478886494812014
Hum_XLOC_028748,MDA-MB-231,0.0635479497343796
Hum_XLOC_028751,MDA-MB-231,0.06205166984036371
Hum_XLOC_028763,MDA-MB-231,0.06954522373616337
Hum_XLOC_028775,MDA-MB-231,0.07653780262010426
Hum_XLOC_028781,MDA-MB-231,0.054564227506359184
Hum_XLOC_028782,MDA-MB-231,0.04843037134275121
Hum_XLOC_028795,MDA-MB-231,0.06301625334748596
Hum_XLOC_028802,MDA-MB-231,0.04309624576442837
Hum_XLOC_028817,MDA-MB-231,0.02391835255414028
Hum_XLOC_028821,MDA-MB-231,0.0683537736120278
Hum_XLOC_028834,MDA-MB-231,0.043704852843315635
Hum_XLOC_028835,MDA-MB-231,0.055945507086877136
Hum_XLOC_028859,MDA-MB-231,0.0483567613876264
Hum_XLOC_028866,MDA-MB-231,0.051855767703522834
Hum_XLOC_028873,MDA-MB-231,0.06835581310270353
Hum_XLOC_028874,MDA-MB-231,0.06328949754457139
Hum_XLOC_028893,MDA-MB-231,0.039437536117031255
Hum_XLOC_028896,MDA-MB-231,0.06840538881513504
Hum_XLOC_028904,MDA-MB-231,0.035087755550480576
Hum_XLOC_028907,MDA-MB-231,0.04691132880716771
Hum_XLOC_028908,MDA-MB-231,0.026177166562737882
Hum_XLOC_028911,MDA-MB-231,0.06533764612244665
Hum_XLOC_028944,MDA-MB-231,0.029339051811965573
Hum_XLOC_028947,MDA-MB-231,0.05516441745097322
Hum_XLOC_028953,MDA-MB-231,0.04621043274449688
Hum_XLOC_028954,MDA-MB-231,0.07472788744030105
Hum_XLOC_028956,MDA-MB-231,0.039425788417262825
Hum_XLOC_028968,MDA-MB-231,0.05384402629160712
Hum_XLOC_028970,MDA-MB-231,0.03043102103413836
Hum_XLOC_028994,MDA-MB-231,0.06249199268224844
Hum_XLOC_029002,MDA-MB-231,0.06113091555729851
Hum_XLOC_029009,MDA-MB-231,0.051111674267529
Hum_XLOC_029023,MDA-MB-231,0.0766306408551321
Hum_XLOC_029037,MDA-MB-231,0.02536620036754936
Hum_XLOC_029051,MDA-MB-231,0.05030500556940317
Hum_XLOC_029067,MDA-MB-231,0.06671043886965086
Hum_XLOC_029072,MDA-MB-231,0.024177366076234698
Hum_XLOC_029073,MDA-MB-231,0.049529923336828624
Hum_XLOC_029100,MDA-MB-231,0.053193103874929266
Hum_XLOC_029130,MDA-MB-231,0.04987076611271598
Hum_XLOC_029131,MDA-MB-231,0.04719640047549856
Hum_XLOC_029137,MDA-MB-231,0.05096877016277896
Hum_XLOC_029155,MDA-MB-231,0.065877310953667
Hum_XLOC_029193,MDA-MB-231,0.06787842153156093
Hum_XLOC_029206,MDA-MB-231,0.02164125529678295
Hum_XLOC_029211,MDA-MB-231,0.04175063509085012
Hum_XLOC_029214,MDA-MB-231,0.058470358674896944
Hum_XLOC_029215,MDA-MB-231,0.06832800742466402
Hum_XLOC_029216,MDA-MB-231,0.02667239116988248
Hum_XLOC_029218,MDA-MB-231,0.05476852934551069
Hum_XLOC_029234,MDA-MB-231,0.04357368271372749
Hum_XLOC_029239,MDA-MB-231,0.07200886455548329
Hum_XLOC_029245,MDA-MB-231,0.023097148021655915
Hum_XLOC_029247,MDA-MB-231,0.03984063182379044
Hum_XLOC_029253,MDA-MB-231,0.0656989741852492
Hum_XLOC_029254,MDA-MB-231,0.05987339819687697
Hum_XLOC_029277,MDA-MB-231,0.06428308810556566
Hum_XLOC_029279,MDA-MB-231,0.08142123221522894
Hum_XLOC_029281,MDA-MB-231,0.12180155394981651
Hum_XLOC_029283,MDA-MB-231,0.06162974363032824
Hum_XLOC_029292,MDA-MB-231,0.08206907840181102
Hum_XLOC_029305,MDA-MB-231,0.03114645894973407
Hum_XLOC_029312,MDA-MB-231,0.047438051042151604
Hum_XLOC_029316,MDA-MB-231,0.06684568425369616
Hum_XLOC_029333,MDA-MB-231,0.060020664150862484
Hum_XLOC_029338,MDA-MB-231,0.05021097835198312
Hum_XLOC_029341,MDA-MB-231,0.0492853315355336
Hum_XLOC_029344,MDA-MB-231,0.026794179877849343
Hum_XLOC_029363,MDA-MB-231,0.03954182694358252
Hum_XLOC_029364,MDA-MB-231,0.053865795985567566
Hum_XLOC_029372,MDA-MB-231,0.051714958720053224
Hum_XLOC_029382,MDA-MB-231,0.056427979885254595
Hum_XLOC_029391,MDA-MB-231,0.07686494990270869
Hum_XLOC_029394,MDA-MB-231,0.06947502867094188
Hum_XLOC_029396,MDA-MB-231,0.07189289792468712
Hum_XLOC_029419,MDA-MB-231,0.04877654097565693
Hum_XLOC_029436,MDA-MB-231,0.08037948019588907
Hum_XLOC_029443,MDA-MB-231,0.04001962395889878
Hum_XLOC_029451,MDA-MB-231,0.036041196670278226
Hum_XLOC_029466,MDA-MB-231,0.022669357079080535
Hum_XLOC_029467,MDA-MB-231,0.07597620122124922
Hum_XLOC_029469,MDA-MB-231,0.07026468260731364
Hum_XLOC_029487,MDA-MB-231,0.029426871222281988
Hum_XLOC_029498,MDA-MB-231,0.021365829327069867
Hum_XLOC_029505,MDA-MB-231,0.037914703484214045
Hum_XLOC_029537,MDA-MB-231,0.03878128327642147
Hum_XLOC_029543,MDA-MB-231,0.02622320320240535
Hum_XLOC_029548,MDA-MB-231,0.04909037935246376
Hum_XLOC_029552,MDA-MB-231,0.06557450184265215
Hum_XLOC_029595,MDA-MB-231,0.049796745266113496
Hum_XLOC_029597,MDA-MB-231,0.06265926696518531
Hum_XLOC_029609,MDA-MB-231,0.05971014740539124
Hum_XLOC_029611,MDA-MB-231,0.03437368347478342
Hum_XLOC_029624,MDA-MB-231,0.06487790117706771
Hum_XLOC_029638,MDA-MB-231,0.06330961622782377
Hum_XLOC_029639,MDA-MB-231,0.06129786036149684
Hum_XLOC_029676,MDA-MB-231,0.06654724210402785
Hum_XLOC_029677,MDA-MB-231,0.019166553523507053
Hum_XLOC_029679,MDA-MB-231,0.07066685216771404
Hum_XLOC_029682,MDA-MB-231,0.058544130910255
Hum_XLOC_029700,MDA-MB-231,0.05100084542995298
Hum_XLOC_029704,MDA-MB-231,0.029242568200933718
Hum_XLOC_029712,MDA-MB-231,0.061050434376804026
Hum_XLOC_029713,MDA-MB-231,0.03939851817887947
Hum_XLOC_029718,MDA-MB-231,0.037532040804079334
Hum_XLOC_029721,MDA-MB-231,0.056973069090318566
Hum_XLOC_029723,MDA-MB-231,0.03781833506668961
Hum_XLOC_029734,MDA-MB-231,0.06965459426848536
Hum_XLOC_029751,MDA-MB-231,0.055624569924718044
Hum_XLOC_029752,MDA-MB-231,0.057814297319893196
Hum_XLOC_029754,MDA-MB-231,0.076430946359568
Hum_XLOC_029756,MDA-MB-231,0.08953631205952986
Hum_XLOC_029803,MDA-MB-231,0.05267660366039314
Hum_XLOC_029808,MDA-MB-231,0.03904734696052786
Hum_XLOC_029819,MDA-MB-231,0.03757085918421074
Hum_XLOC_029823,MDA-MB-231,0.06348438172030181
Hum_XLOC_029824,MDA-MB-231,0.03979777426411473
Hum_XLOC_029826,MDA-MB-231,0.05819303155234071
Hum_XLOC_029829,MDA-MB-231,0.05079727210538535
Hum_XLOC_029832,MDA-MB-231,0.06648071845371721
Hum_XLOC_029836,MDA-MB-231,0.07752851485621934
Hum_XLOC_029838,MDA-MB-231,0.051576546774049645
Hum_XLOC_029853,MDA-MB-231,0.0283299162833062
Hum_XLOC_029865,MDA-MB-231,0.02070416796209742
Hum_XLOC_029871,MDA-MB-231,0.06703092710520574
Hum_XLOC_029873,MDA-MB-231,0.06758528319002087
Hum_XLOC_029883,MDA-MB-231,0.05850046469467131
Hum_XLOC_029885,MDA-MB-231,0.029573197769768744
Hum_XLOC_029886,MDA-MB-231,0.0607472269008356
Hum_XLOC_029893,MDA-MB-231,0.02773757213611118
Hum_XLOC_029908,MDA-MB-231,0.02961410791748153
Hum_XLOC_029929,MDA-MB-231,0.0837076709699058
Hum_XLOC_029940,MDA-MB-231,0.06071671465640116
Hum_XLOC_029965,MDA-MB-231,0.06181814436071362
Hum_XLOC_029966,MDA-MB-231,0.07791142268677706
Hum_XLOC_029975,MDA-MB-231,0.04923804378403218
Hum_XLOC_029976,MDA-MB-231,0.034576106610933396
Hum_XLOC_029988,MDA-MB-231,0.023661553066865595
Hum_XLOC_030000,MDA-MB-231,0.058701308419064395
Hum_XLOC_030047,MDA-MB-231,0.07005107900702871
Hum_XLOC_030050,MDA-MB-231,0.07216954025926556
Hum_XLOC_030057,MDA-MB-231,0.06684916662228008
Hum_XLOC_030097,MDA-MB-231,0.05826813828775487
Hum_XLOC_030101,MDA-MB-231,0.0466082783210522
Hum_XLOC_030105,MDA-MB-231,0.06467687538896372
Hum_XLOC_030108,MDA-MB-231,0.06400408433170614
Hum_XLOC_030149,MDA-MB-231,0.06645819045326559
Hum_XLOC_030151,MDA-MB-231,0.05578246623494092
Hum_XLOC_030168,MDA-MB-231,0.022515535975637643
Hum_XLOC_030170,MDA-MB-231,0.021165138309656356
Hum_XLOC_030171,MDA-MB-231,0.05144097371913472
Hum_XLOC_030172,MDA-MB-231,0.026007172565964798
Hum_XLOC_030179,MDA-MB-231,0.051118358685570915
Hum_XLOC_030183,MDA-MB-231,0.06891406462737128
Hum_XLOC_030186,MDA-MB-231,0.06515609604541342
Hum_XLOC_030196,MDA-MB-231,0.04332022656441811
Hum_XLOC_030200,MDA-MB-231,0.022299684409009594
Hum_XLOC_030211,MDA-MB-231,0.053889595712796425
Hum_XLOC_030218,MDA-MB-231,0.06378664743398024
Hum_XLOC_030226,MDA-MB-231,0.057401651868673007
Hum_XLOC_030235,MDA-MB-231,0.07560302631542318
Hum_XLOC_030237,MDA-MB-231,0.03087988456100756
Hum_XLOC_030249,MDA-MB-231,0.06656375326725443
Hum_XLOC_030254,MDA-MB-231,0.06742267905979836
Hum_XLOC_030255,MDA-MB-231,0.07108408243446096
Hum_XLOC_030270,MDA-MB-231,0.06756317424422817
Hum_XLOC_030273,MDA-MB-231,0.024581965442523057
Hum_XLOC_030304,MDA-MB-231,0.07595255770945512
Hum_XLOC_030305,MDA-MB-231,0.06132031870422295
Hum_XLOC_030315,MDA-MB-231,0.03668765109404421
Hum_XLOC_030319,MDA-MB-231,0.05995579231903165
Hum_XLOC_030320,MDA-MB-231,0.05732111323809324
Hum_XLOC_030323,MDA-MB-231,0.0611035108539581
Hum_XLOC_030328,MDA-MB-231,0.03187812921892528
Hum_XLOC_030348,MDA-MB-231,0.03380098857224832
Hum_XLOC_030353,MDA-MB-231,0.05614510044689273
Hum_XLOC_030384,MDA-MB-231,0.06260173011857852
Hum_XLOC_030385,MDA-MB-231,0.07541568941760439
Hum_XLOC_030393,MDA-MB-231,0.04630782247545323
Hum_XLOC_030411,MDA-MB-231,0.025745538877073613
Hum_XLOC_030412,MDA-MB-231,0.058006077994869246
Hum_XLOC_030434,MDA-MB-231,0.05520503894228376
Hum_XLOC_030444,MDA-MB-231,0.024420808484015517
Hum_XLOC_030447,MDA-MB-231,0.05859630928048111
Hum_XLOC_030451,MDA-MB-231,0.07413791877464586
Hum_XLOC_030471,MDA-MB-231,0.059745489797921755
Hum_XLOC_030507,MDA-MB-231,0.06865673954283627
Hum_XLOC_030532,MDA-MB-231,0.02720113808150701
Hum_XLOC_030533,MDA-MB-231,0.061139773306284055
Hum_XLOC_030540,MDA-MB-231,0.06586444973705285
Hum_XLOC_030543,MDA-MB-231,0.0535994445377105
Hum_XLOC_030549,MDA-MB-231,0.049720629669285386
Hum_XLOC_030554,MDA-MB-231,0.03515685917360232
Hum_XLOC_030568,MDA-MB-231,0.05801776681197275
Hum_XLOC_030580,MDA-MB-231,0.05379562200296355
Hum_XLOC_030585,MDA-MB-231,0.07368485046312738
Hum_XLOC_030619,MDA-MB-231,0.04240618865722496
Hum_XLOC_030622,MDA-MB-231,0.048089130672845454
Hum_XLOC_030623,MDA-MB-231,0.06708168992970606
Hum_XLOC_030656,MDA-MB-231,0.06315716139371352
Hum_XLOC_030712,MDA-MB-231,0.06581056987305346
Hum_XLOC_030715,MDA-MB-231,0.07359935034803003
Hum_XLOC_030727,MDA-MB-231,0.055368665319472855
Hum_XLOC_030731,MDA-MB-231,0.057044389561353846
Hum_XLOC_030747,MDA-MB-231,0.05079038220780306
Hum_XLOC_030750,MDA-MB-231,0.06985528114330689
Hum_XLOC_030765,MDA-MB-231,0.06294735227366827
Hum_XLOC_030814,MDA-MB-231,0.04258099799441934
Hum_XLOC_030819,MDA-MB-231,0.05934437709111223
Hum_XLOC_030825,MDA-MB-231,0.05364508364499387
Hum_XLOC_030826,MDA-MB-231,0.06239159523606959
Hum_XLOC_030827,MDA-MB-231,0.04899603250025961
Hum_XLOC_030838,MDA-MB-231,0.06105312097406171
Hum_XLOC_030840,MDA-MB-231,0.02686216330785688
Hum_XLOC_030849,MDA-MB-231,0.5488528446751355
Hum_XLOC_030850,MDA-MB-231,0.12292185792916582
Hum_XLOC_030855,MDA-MB-231,0.061283334227954483
Hum_XLOC_030858,MDA-MB-231,0.06706190800276521
Hum_XLOC_030865,MDA-MB-231,0.07289856681874468
Hum_XLOC_030877,MDA-MB-231,0.05863673087689726
Hum_XLOC_030885,MDA-MB-231,0.039181198669570434
Hum_XLOC_030893,MDA-MB-231,0.06566053789088384
Hum_XLOC_030904,MDA-MB-231,0.05263029057899033
Hum_XLOC_030912,MDA-MB-231,0.06480795414498748
Hum_XLOC_030930,MDA-MB-231,0.061114415802407354
Hum_XLOC_030945,MDA-MB-231,0.06310464876634302
Hum_XLOC_030950,MDA-MB-231,0.06986850391913885
Hum_XLOC_030951,MDA-MB-231,0.07240271137994195
Hum_XLOC_030953,MDA-MB-231,0.050052110803423075
Hum_XLOC_030957,MDA-MB-231,0.06988940557716836
Hum_XLOC_030983,MDA-MB-231,0.05528516199459952
Hum_XLOC_030993,MDA-MB-231,0.060624273712412156
Hum_XLOC_031001,MDA-MB-231,0.07380562348468143
Hum_XLOC_031005,MDA-MB-231,0.04792856127305395
Hum_XLOC_031007,MDA-MB-231,0.06796568690774478
Hum_XLOC_031013,MDA-MB-231,0.05084086693315061
Hum_XLOC_031024,MDA-MB-231,0.07224057155447293
Hum_XLOC_031029,MDA-MB-231,0.06971350986011043
Hum_XLOC_031042,MDA-MB-231,0.0638358724604127
Hum_XLOC_031045,MDA-MB-231,0.07518443286810939
Hum_XLOC_031047,MDA-MB-231,0.06301301695945366
Hum_XLOC_031050,MDA-MB-231,0.07454018843127642
Hum_XLOC_031051,MDA-MB-231,0.0635373843000461
Hum_XLOC_031058,MDA-MB-231,0.07613517981411135
Hum_XLOC_031070,MDA-MB-231,0.05379209338303221
Hum_XLOC_031071,MDA-MB-231,0.030880268877601147
Hum_XLOC_031072,MDA-MB-231,0.07285009315952207
Hum_XLOC_031074,MDA-MB-231,0.08143354338105872
Hum_XLOC_031086,MDA-MB-231,0.057597608360388325
Hum_XLOC_031107,MDA-MB-231,0.05656394385477341
Hum_XLOC_031116,MDA-MB-231,0.06764405236722679
Hum_XLOC_031141,MDA-MB-231,0.0732553224799868
Hum_XLOC_031143,MDA-MB-231,0.03152720014888368
Hum_XLOC_031147,MDA-MB-231,0.07127018345628444
Hum_XLOC_031156,MDA-MB-231,0.019254116868448724
Hum_XLOC_031163,MDA-MB-231,0.03089729880334361
Hum_XLOC_031164,MDA-MB-231,0.05265523056604064
Hum_XLOC_031171,MDA-MB-231,0.0456159894979863
Hum_XLOC_031179,MDA-MB-231,0.060552629845238
Hum_XLOC_031189,MDA-MB-231,0.05444044850933788
Hum_XLOC_031207,MDA-MB-231,0.017213342587874374
Hum_XLOC_031217,MDA-MB-231,0.060452743159365045
Hum_XLOC_031229,MDA-MB-231,0.06042351849752074
Hum_XLOC_031235,MDA-MB-231,0.06024978049686262
Hum_XLOC_031244,MDA-MB-231,0.055788497604710094
Hum_XLOC_031262,MDA-MB-231,0.07652404142864708
Hum_XLOC_031265,MDA-MB-231,0.028769872758342266
Hum_XLOC_031288,MDA-MB-231,0.03623780947021026
Hum_XLOC_031291,MDA-MB-231,0.06347828458655731
Hum_XLOC_031293,MDA-MB-231,0.032394989301464706
Hum_XLOC_031297,MDA-MB-231,0.04040578856212637
Hum_XLOC_031305,MDA-MB-231,0.0472130952568544
Hum_XLOC_031311,MDA-MB-231,0.0793657536417999
Hum_XLOC_031323,MDA-MB-231,0.07293186304724757
Hum_XLOC_031333,MDA-MB-231,0.08056929929364569
Hum_XLOC_031336,MDA-MB-231,0.040633825282883236
Hum_XLOC_031346,MDA-MB-231,0.029825510286590057
Hum_XLOC_031349,MDA-MB-231,0.03232958571874399
Hum_XLOC_031378,MDA-MB-231,0.06698436485336706
Hum_XLOC_031382,MDA-MB-231,0.026860972874796996
Hum_XLOC_031386,MDA-MB-231,0.025875682256248006
Hum_XLOC_031396,MDA-MB-231,0.07615930172723773
Hum_XLOC_031450,MDA-MB-231,0.0587456859428046
Hum_XLOC_031451,MDA-MB-231,0.06673706467537346
Hum_XLOC_031458,MDA-MB-231,0.05931466410644293
Hum_XLOC_031469,MDA-MB-231,0.0596412444330257
Hum_XLOC_031470,MDA-MB-231,0.07106242918014946
Hum_XLOC_031471,MDA-MB-231,0.06714373784374632
Hum_XLOC_031500,MDA-MB-231,0.0846944420253818
Hum_XLOC_031505,MDA-MB-231,0.04274650266724038
Hum_XLOC_031517,MDA-MB-231,0.06272262110087927
Hum_XLOC_031538,MDA-MB-231,0.06222250459588778
Hum_XLOC_031542,MDA-MB-231,0.050886667344369196
Hum_XLOC_031547,MDA-MB-231,0.06090142932160213
Hum_XLOC_031552,MDA-MB-231,0.07121614333704543
Hum_XLOC_031554,MDA-MB-231,0.07143431066766188
Hum_XLOC_031557,MDA-MB-231,0.03443260744185481
Hum_XLOC_031581,MDA-MB-231,0.05986803084118005
Hum_XLOC_031605,MDA-MB-231,0.06135026744488475
Hum_XLOC_031622,MDA-MB-231,0.07540395665257787
Hum_XLOC_031633,MDA-MB-231,0.06041572852028363
Hum_XLOC_031639,MDA-MB-231,0.06583021297711325
Hum_XLOC_031640,MDA-MB-231,0.07923475352322278
Hum_XLOC_031643,MDA-MB-231,0.06461675224645333
Hum_XLOC_031664,MDA-MB-231,0.062002607433783816
Hum_XLOC_031683,MDA-MB-231,0.048586185005125904
Hum_XLOC_031688,MDA-MB-231,0.06014238794228449
Hum_XLOC_031710,MDA-MB-231,0.055291868832512095
Hum_XLOC_031714,MDA-MB-231,0.0565057464725619
Hum_XLOC_031715,MDA-MB-231,0.060230565233899
Hum_XLOC_031733,MDA-MB-231,0.07049622044906388
Hum_XLOC_031737,MDA-MB-231,0.0613000607661054
Hum_XLOC_031738,MDA-MB-231,0.06858633322188247
Hum_XLOC_031740,MDA-MB-231,0.04325157448028595
Hum_XLOC_031749,MDA-MB-231,0.07448689942786418
Hum_XLOC_031751,MDA-MB-231,0.06298569988664435
Hum_XLOC_031757,MDA-MB-231,0.07048372890712783
Hum_XLOC_031777,MDA-MB-231,0.04236440335698817
Hum_XLOC_031780,MDA-MB-231,0.09215923714294263
Hum_XLOC_031782,MDA-MB-231,0.050768803637562136
Hum_XLOC_031789,MDA-MB-231,0.05286221109160387
Hum_XLOC_031790,MDA-MB-231,0.06187214210482059
Hum_XLOC_031792,MDA-MB-231,0.06878154310420756
Hum_XLOC_031799,MDA-MB-231,0.07210812043090846
Hum_XLOC_031804,MDA-MB-231,0.03596362021743382
Hum_XLOC_031812,MDA-MB-231,0.062295474787533764
Hum_XLOC_031829,MDA-MB-231,0.07320220878155925
Hum_XLOC_031853,MDA-MB-231,0.04436415502680947
Hum_XLOC_031855,MDA-MB-231,0.04443972650245487
Hum_XLOC_031859,MDA-MB-231,0.0453091952682907
Hum_XLOC_031861,MDA-MB-231,0.021700524546165778
Hum_XLOC_031863,MDA-MB-231,0.06674958134132628
Hum_XLOC_031868,MDA-MB-231,0.0710473846209688
Hum_XLOC_031869,MDA-MB-231,0.06989410888142496
Hum_XLOC_031876,MDA-MB-231,0.06397881445612315
Hum_XLOC_031894,MDA-MB-231,0.05836291647192313
Hum_XLOC_031910,MDA-MB-231,0.048522198244702636
Hum_XLOC_031920,MDA-MB-231,0.06078398552203588
Hum_XLOC_031921,MDA-MB-231,0.06833012057767296
Hum_XLOC_031923,MDA-MB-231,0.05129050942204763
Hum_XLOC_031925,MDA-MB-231,0.022629258068732075
Hum_XLOC_031932,MDA-MB-231,0.05047320115771222
Hum_XLOC_031933,MDA-MB-231,0.046026411147695054
Hum_XLOC_031963,MDA-MB-231,0.03813342912436132
Hum_XLOC_031972,MDA-MB-231,0.07157147966192291
Hum_XLOC_031982,MDA-MB-231,0.05559340200087193
Hum_XLOC_031992,MDA-MB-231,0.0522223343224775
Hum_XLOC_032000,MDA-MB-231,0.055219589738430365
Hum_XLOC_032012,MDA-MB-231,0.07251197289411707
Hum_XLOC_032013,MDA-MB-231,0.054658931030330635
Hum_XLOC_032043,MDA-MB-231,0.06090454872528546
Hum_XLOC_032045,MDA-MB-231,0.07391886860251715
Hum_XLOC_032046,MDA-MB-231,0.07568894866484704
Hum_XLOC_032048,MDA-MB-231,0.02491556488531524
Hum_XLOC_032064,MDA-MB-231,0.06495062578101786
Hum_XLOC_032072,MDA-MB-231,0.052972935767385904
Hum_XLOC_032083,MDA-MB-231,0.026091663975362153
Hum_XLOC_032084,MDA-MB-231,0.06702408090933118
Hum_XLOC_032092,MDA-MB-231,0.023083391612990865
Hum_XLOC_032093,MDA-MB-231,0.056848425403184376
Hum_XLOC_032100,MDA-MB-231,0.06916446040962082
Hum_XLOC_032107,MDA-MB-231,0.0328690111300591
Hum_XLOC_032110,MDA-MB-231,0.07236238432215275
Hum_XLOC_032111,MDA-MB-231,0.05247173413014353
Hum_XLOC_032112,MDA-MB-231,0.04167823108588093
Hum_XLOC_032117,MDA-MB-231,0.060580925953628975
Hum_XLOC_032119,MDA-MB-231,0.08082917545382638
Hum_XLOC_032126,MDA-MB-231,0.06988253954540968
Hum_XLOC_032133,MDA-MB-231,0.07395555105339033
Hum_XLOC_032134,MDA-MB-231,0.04250592661467909
Hum_XLOC_032136,MDA-MB-231,0.06488512470929517
Hum_XLOC_032145,MDA-MB-231,0.07294127945548248
Hum_XLOC_032159,MDA-MB-231,0.0453796081483337
Hum_XLOC_032191,MDA-MB-231,0.05503261392539503
Hum_XLOC_032192,MDA-MB-231,0.028668002195670048
Hum_XLOC_032195,MDA-MB-231,0.05720818824970694
Hum_XLOC_032216,MDA-MB-231,0.024559926477961683
Hum_XLOC_032225,MDA-MB-231,0.0625373615287807
Hum_XLOC_032228,MDA-MB-231,0.022413040249278374
Hum_XLOC_032230,MDA-MB-231,0.06756592924135765
Hum_XLOC_032233,MDA-MB-231,0.047536091272492705
Hum_XLOC_032236,MDA-MB-231,0.020974909114586725
Hum_XLOC_032237,MDA-MB-231,0.022303358053670373
Hum_XLOC_032242,MDA-MB-231,0.04952300626251389
Hum_XLOC_032257,MDA-MB-231,0.03531896184255328
Hum_XLOC_032269,MDA-MB-231,0.06366211610326179
Hum_XLOC_032277,MDA-MB-231,0.07316557552711708
Hum_XLOC_032300,MDA-MB-231,0.06429462370036987
Hum_XLOC_032314,MDA-MB-231,0.06663535967726655
Hum_XLOC_032315,MDA-MB-231,0.06523487716852469
Hum_XLOC_032319,MDA-MB-231,0.05754638252907206
Hum_XLOC_032321,MDA-MB-231,0.05361436598230532
Hum_XLOC_032330,MDA-MB-231,0.07176504049921575
Hum_XLOC_032352,MDA-MB-231,0.0619818896468012
Hum_XLOC_032353,MDA-MB-231,0.0496665388085241
Hum_XLOC_032363,MDA-MB-231,0.020859144018870072
Hum_XLOC_032423,MDA-MB-231,0.05120192000325184
Hum_XLOC_032432,MDA-MB-231,0.02974179396185007
Hum_XLOC_032433,MDA-MB-231,0.07223166246215147
Hum_XLOC_032444,MDA-MB-231,0.044177769989358275
Hum_XLOC_032445,MDA-MB-231,0.05808657266964143
Hum_XLOC_032466,MDA-MB-231,0.08368284851016275
Hum_XLOC_032468,MDA-MB-231,0.06368684217303368
Hum_XLOC_032472,MDA-MB-231,0.07173373049605003
Hum_XLOC_032475,MDA-MB-231,0.07052970453173543
Hum_XLOC_032476,MDA-MB-231,0.07007927593723287
Hum_XLOC_032478,MDA-MB-231,0.05223548939089941
Hum_XLOC_032479,MDA-MB-231,0.064069669433641
Hum_XLOC_032480,MDA-MB-231,0.076898067640391
Hum_XLOC_032498,MDA-MB-231,0.05898958610571334
Hum_XLOC_032503,MDA-MB-231,0.04640509055002932
Hum_XLOC_032511,MDA-MB-231,0.06386545148001774
Hum_XLOC_032523,MDA-MB-231,0.04411250959617976
Hum_XLOC_032524,MDA-MB-231,0.04294198704395754
Hum_XLOC_032526,MDA-MB-231,0.08412585799958572
Hum_XLOC_032528,MDA-MB-231,0.06849552254112948
Hum_XLOC_032530,MDA-MB-231,0.07874172654457033
Hum_XLOC_032531,MDA-MB-231,0.028548737936398068
Hum_XLOC_032533,MDA-MB-231,0.060534157563899446
Hum_XLOC_032599,MDA-MB-231,0.06116502698829965
Hum_XLOC_032600,MDA-MB-231,0.07057423583768699
Hum_XLOC_032631,MDA-MB-231,0.05530395878781587
Hum_XLOC_032639,MDA-MB-231,0.06374100188801078
Hum_XLOC_032681,MDA-MB-231,0.06343917068276377
Hum_XLOC_032686,MDA-MB-231,0.07092558006405075
Hum_XLOC_032688,MDA-MB-231,0.07215762726774633
Hum_XLOC_032689,MDA-MB-231,0.03348006507075508
Hum_XLOC_032691,MDA-MB-231,0.07077894338533532
Hum_XLOC_032700,MDA-MB-231,0.0577737777459052
Hum_XLOC_032707,MDA-MB-231,0.07211619501999732
Hum_XLOC_032710,MDA-MB-231,0.058419512248335144
Hum_XLOC_032718,MDA-MB-231,0.04808055235920024
Hum_XLOC_032722,MDA-MB-231,0.038478366398743184
Hum_XLOC_032736,MDA-MB-231,0.04578301580205481
Hum_XLOC_032737,MDA-MB-231,0.045030782820414776
Hum_XLOC_032739,MDA-MB-231,0.07885331926571831
Hum_XLOC_032746,MDA-MB-231,0.07043266674178034
Hum_XLOC_032766,MDA-MB-231,0.051565265260950385
Hum_XLOC_032769,MDA-MB-231,0.03955889231491293
Hum_XLOC_032773,MDA-MB-231,0.051825174209384164
Hum_XLOC_032787,MDA-MB-231,0.037917772638945406
Hum_XLOC_032801,MDA-MB-231,0.04699669107107683
Hum_XLOC_032804,MDA-MB-231,0.05838171939431663
Hum_XLOC_032814,MDA-MB-231,0.06960439869191262
Hum_XLOC_032819,MDA-MB-231,0.04252492602968959
Hum_XLOC_032824,MDA-MB-231,0.04679432835194911
Hum_XLOC_032827,MDA-MB-231,0.03559742171435526
Hum_XLOC_032830,MDA-MB-231,0.04815437730318141
Hum_XLOC_032832,MDA-MB-231,0.026393070989486067
Hum_XLOC_032849,MDA-MB-231,0.07059961523179534
Hum_XLOC_032877,MDA-MB-231,0.07152102774281097
Hum_XLOC_032880,MDA-MB-231,0.055081846673299587
Hum_XLOC_032906,MDA-MB-231,0.03602997428228666
Hum_XLOC_032910,MDA-MB-231,0.05037425157180114
Hum_XLOC_032922,MDA-MB-231,0.04308991646950468
Hum_XLOC_032925,MDA-MB-231,0.08020896806307419
Hum_XLOC_032926,MDA-MB-231,0.07762904230605987
Hum_XLOC_032935,MDA-MB-231,0.044523738328922646
Hum_XLOC_032940,MDA-MB-231,0.0675669409833683
Hum_XLOC_032947,MDA-MB-231,0.07870857030441523
Hum_XLOC_032955,MDA-MB-231,0.048318065326363964
Hum_XLOC_032957,MDA-MB-231,0.0461088783237721
Hum_XLOC_032968,MDA-MB-231,0.06032272308765592
Hum_XLOC_032972,MDA-MB-231,0.075420557886174
Hum_XLOC_032975,MDA-MB-231,0.04692565336286663
Hum_XLOC_032979,MDA-MB-231,0.05180115967070166
Hum_XLOC_032981,MDA-MB-231,0.0696299379768344
Hum_XLOC_032996,MDA-MB-231,0.0741833396969424
Hum_XLOC_032998,MDA-MB-231,0.06884821248358641
Hum_XLOC_033006,MDA-MB-231,0.0630923154300976
Hum_XLOC_033022,MDA-MB-231,0.06140219908562316
Hum_XLOC_033030,MDA-MB-231,0.06979378902881148
Hum_XLOC_033031,MDA-MB-231,0.06806582069853
Hum_XLOC_033051,MDA-MB-231,0.07494908953660326
Hum_XLOC_033053,MDA-MB-231,0.05471484804397358
Hum_XLOC_033074,MDA-MB-231,0.06992581713918278
Hum_XLOC_033093,MDA-MB-231,0.0491187782338254
Hum_XLOC_033104,MDA-MB-231,0.06034421322951608
Hum_XLOC_033105,MDA-MB-231,0.07720258979945474
Hum_XLOC_033109,MDA-MB-231,0.050168989671799
Hum_XLOC_033117,MDA-MB-231,0.05777540637000619
Hum_XLOC_033120,MDA-MB-231,0.07436608789898208
Hum_XLOC_033152,MDA-MB-231,0.07343445629961562
Hum_XLOC_033165,MDA-MB-231,0.02447283293297827
Hum_XLOC_033177,MDA-MB-231,0.053246511900186415
Hum_XLOC_033179,MDA-MB-231,0.06151338207806492
Hum_XLOC_033224,MDA-MB-231,0.07258534809389491
Hum_XLOC_033229,MDA-MB-231,0.023191665419776783
Hum_XLOC_033230,MDA-MB-231,0.05855878282386245
Hum_XLOC_033232,MDA-MB-231,0.07052932651571499
Hum_XLOC_033247,MDA-MB-231,0.06732008255038895
Hum_XLOC_033270,MDA-MB-231,0.026077004809648488
Hum_XLOC_033280,MDA-MB-231,0.06683742636720293
Hum_XLOC_033282,MDA-MB-231,0.06419761913260619
Hum_XLOC_033288,MDA-MB-231,0.03921719950448219
Hum_XLOC_033303,MDA-MB-231,0.06869131186015257
Hum_XLOC_033320,MDA-MB-231,0.04489115032418181
Hum_XLOC_033341,MDA-MB-231,0.06074249486034787
Hum_XLOC_033356,MDA-MB-231,0.06953777939745136
Hum_XLOC_033359,MDA-MB-231,0.05190236263057433
Hum_XLOC_033374,MDA-MB-231,0.05152867822529449
Hum_XLOC_033396,MDA-MB-231,0.05726225317525403
Hum_XLOC_033397,MDA-MB-231,0.07327562461368617
Hum_XLOC_033400,MDA-MB-231,0.06163572859367857
Hum_XLOC_033428,MDA-MB-231,0.058816384803385004
Hum_XLOC_033429,MDA-MB-231,0.061271275675848474
Hum_XLOC_033447,MDA-MB-231,0.03839037904967002
Hum_XLOC_033453,MDA-MB-231,0.07358566266404558
Hum_XLOC_033463,MDA-MB-231,0.04562264436927917
Hum_XLOC_033474,MDA-MB-231,0.050878291595092245
Hum_XLOC_033476,MDA-MB-231,0.0410169286725343
Hum_XLOC_033495,MDA-MB-231,0.050668574820524344
Hum_XLOC_033497,MDA-MB-231,0.07049888961720141
Hum_XLOC_033513,MDA-MB-231,0.0679169946833476
Hum_XLOC_033522,MDA-MB-231,0.06563234720670018
Hum_XLOC_033524,MDA-MB-231,0.0478339708457142
Hum_XLOC_033529,MDA-MB-231,0.05493660623781857
Hum_XLOC_033538,MDA-MB-231,0.06443991369044093
Hum_XLOC_033550,MDA-MB-231,0.05759290448186617
Hum_XLOC_033552,MDA-MB-231,0.07296133511869132
Hum_XLOC_033559,MDA-MB-231,0.0700206953904727
Hum_XLOC_033567,MDA-MB-231,0.06391730863809907
Hum_XLOC_033585,MDA-MB-231,0.0634195328173928
Hum_XLOC_033592,MDA-MB-231,0.05859417463124658
Hum_XLOC_033612,MDA-MB-231,0.028327473331000448
Hum_XLOC_033613,MDA-MB-231,0.05177856052947991
Hum_XLOC_033628,MDA-MB-231,0.05551573366157013
Hum_XLOC_033673,MDA-MB-231,0.05003062274083327
Hum_XLOC_033688,MDA-MB-231,0.052759874148391506
Hum_XLOC_033689,MDA-MB-231,0.062876696474748
Hum_XLOC_033707,MDA-MB-231,0.06375703752454787
Hum_XLOC_033730,MDA-MB-231,0.0532646971599144
Hum_XLOC_033763,MDA-MB-231,0.047339454585151465
Hum_XLOC_033764,MDA-MB-231,0.06890783892906044
Hum_XLOC_033770,MDA-MB-231,0.05330079692949427
Hum_XLOC_033775,MDA-MB-231,0.06252302960315531
Hum_XLOC_033782,MDA-MB-231,0.042138461760791404
Hum_XLOC_033788,MDA-MB-231,0.03242031796672189
Hum_XLOC_033794,MDA-MB-231,0.07318912909007842
Hum_XLOC_033806,MDA-MB-231,0.0287311739999975
Hum_XLOC_033829,MDA-MB-231,0.06053664158945363
Hum_XLOC_033838,MDA-MB-231,0.08020448229039903
Hum_XLOC_033845,MDA-MB-231,0.0443615191958308
Hum_XLOC_033853,MDA-MB-231,0.06582500758788479
Hum_XLOC_033856,MDA-MB-231,0.06259815006941763
Hum_XLOC_033860,MDA-MB-231,0.03704863166802952
Hum_XLOC_033869,MDA-MB-231,0.039387902217368945
Hum_XLOC_033877,MDA-MB-231,0.029205953537659188
Hum_XLOC_033885,MDA-MB-231,0.06112019806842124
Hum_XLOC_033909,MDA-MB-231,0.0704623299303603
Hum_XLOC_033924,MDA-MB-231,0.0467533262939388
Hum_XLOC_033926,MDA-MB-231,0.06683295029254267
Hum_XLOC_033929,MDA-MB-231,0.03212032680732857
Hum_XLOC_033952,MDA-MB-231,0.05750944718942903
Hum_XLOC_033960,MDA-MB-231,0.04365548421132312
Hum_XLOC_033986,MDA-MB-231,0.07197611541782287
Hum_XLOC_033995,MDA-MB-231,0.06799065171042197
Hum_XLOC_034006,MDA-MB-231,0.03474509863849021
Hum_XLOC_034010,MDA-MB-231,0.06264813224364568
Hum_XLOC_034015,MDA-MB-231,0.03715560439836175
Hum_XLOC_034043,MDA-MB-231,0.026037124608429777
Hum_XLOC_034073,MDA-MB-231,0.0687122556712877
Hum_XLOC_034085,MDA-MB-231,0.026481205136724677
Hum_XLOC_034103,MDA-MB-231,0.06835772605117427
Hum_XLOC_034117,MDA-MB-231,0.06862999940625748
Hum_XLOC_034120,MDA-MB-231,0.07037972895202586
Hum_XLOC_034135,MDA-MB-231,0.06563318029870213
Hum_XLOC_034149,MDA-MB-231,0.07269892845186779
Hum_XLOC_034150,MDA-MB-231,0.05002940238367512
Hum_XLOC_034163,MDA-MB-231,0.05973893993652911
Hum_XLOC_034165,MDA-MB-231,0.06436423395359059
Hum_XLOC_034168,MDA-MB-231,0.05041178514513687
Hum_XLOC_034173,MDA-MB-231,0.056578502022903196
Hum_XLOC_034186,MDA-MB-231,0.062015448307870286
Hum_XLOC_034202,MDA-MB-231,0.06918662566182412
Hum_XLOC_034206,MDA-MB-231,0.060280040379389534
Hum_XLOC_034207,MDA-MB-231,0.047024623477036065
Hum_XLOC_034208,MDA-MB-231,0.056959993141493
Hum_XLOC_034211,MDA-MB-231,0.04469005472150803
Hum_XLOC_034224,MDA-MB-231,0.03279562193263902
Hum_XLOC_034235,MDA-MB-231,0.08049873288694856
Hum_XLOC_034251,MDA-MB-231,0.05456301373038008
Hum_XLOC_034264,MDA-MB-231,0.06489301696812665
Hum_XLOC_034273,MDA-MB-231,0.025184861506346357
Hum_XLOC_034279,MDA-MB-231,0.042457624410027824
Hum_XLOC_034304,MDA-MB-231,0.027622237513626188
Hum_XLOC_034305,MDA-MB-231,0.05411634613623895
Hum_XLOC_034321,MDA-MB-231,0.059089275268894015
Hum_XLOC_034339,MDA-MB-231,0.06036138053879962
Hum_XLOC_034341,MDA-MB-231,0.03943309863579936
Hum_XLOC_034374,MDA-MB-231,0.0659045023588877
Hum_XLOC_034389,MDA-MB-231,0.07404115491695155
Hum_XLOC_034421,MDA-MB-231,0.07031470655196287
Hum_XLOC_034429,MDA-MB-231,0.07860355470246654
Hum_XLOC_034436,MDA-MB-231,0.04284740228669937
Hum_XLOC_034457,MDA-MB-231,0.041557367976150124
Hum_XLOC_034461,MDA-MB-231,0.04832319394481111
Hum_XLOC_034462,MDA-MB-231,0.02076378575992759
Hum_XLOC_034484,MDA-MB-231,0.06850523508217905
Hum_XLOC_034489,MDA-MB-231,0.06286347412622594
Hum_XLOC_034499,MDA-MB-231,0.049125185089901505
Hum_XLOC_034508,MDA-MB-231,0.062222806125606614
Hum_XLOC_034513,MDA-MB-231,0.059076928546297064
Hum_XLOC_034515,MDA-MB-231,0.05739566866801416
Hum_XLOC_034526,MDA-MB-231,0.06591154090222524
Hum_XLOC_034527,MDA-MB-231,0.05788043527900966
Hum_XLOC_034529,MDA-MB-231,0.061941032607795495
Hum_XLOC_034544,MDA-MB-231,0.06156750832429238
Hum_XLOC_034547,MDA-MB-231,0.05645747885099407
Hum_XLOC_034548,MDA-MB-231,0.07149319540241647
Hum_XLOC_034569,MDA-MB-231,0.05955666609712851
Hum_XLOC_034570,MDA-MB-231,0.05580187485415922
Hum_XLOC_034585,MDA-MB-231,0.059352288355599664
Hum_XLOC_034587,MDA-MB-231,0.06457037427686602
Hum_XLOC_034611,MDA-MB-231,0.03748584035761433
Hum_XLOC_034621,MDA-MB-231,0.05535663900473838
Hum_XLOC_034645,MDA-MB-231,0.06985485540732825
Hum_XLOC_034647,MDA-MB-231,0.058941494308378466
Hum_XLOC_034651,MDA-MB-231,0.0540462893493309
Hum_XLOC_034657,MDA-MB-231,0.05933867592740004
Hum_XLOC_034669,MDA-MB-231,0.08455762819251048
Hum_XLOC_034673,MDA-MB-231,0.06412344513254496
Hum_XLOC_034686,MDA-MB-231,0.07681032583899211
Hum_XLOC_034689,MDA-MB-231,0.049278779777482205
Hum_XLOC_034715,MDA-MB-231,0.07032353277490486
Hum_XLOC_034734,MDA-MB-231,0.04149549872840282
Hum_XLOC_034737,MDA-MB-231,0.06456321037876014
Hum_XLOC_034750,MDA-MB-231,0.0719564458887259
Hum_XLOC_034774,MDA-MB-231,0.031360633249223585
Hum_XLOC_034782,MDA-MB-231,0.06363325246717362
Hum_XLOC_034795,MDA-MB-231,0.052388881587217814
Hum_XLOC_034801,MDA-MB-231,0.021981816956711565
Hum_XLOC_034802,MDA-MB-231,0.05870001874709163
Hum_XLOC_034815,MDA-MB-231,0.061570433870718984
Hum_XLOC_034823,MDA-MB-231,0.07515688645540644
Hum_XLOC_034829,MDA-MB-231,0.06841367652859315
Hum_XLOC_034833,MDA-MB-231,0.04729276239609462
Hum_XLOC_034834,MDA-MB-231,0.037929987262803944
Hum_XLOC_034837,MDA-MB-231,0.058776864040457455
Hum_XLOC_034858,MDA-MB-231,0.053404525190217295
Hum_XLOC_034863,MDA-MB-231,0.051244800640882
Hum_XLOC_034873,MDA-MB-231,0.07723609301532261
Hum_XLOC_034874,MDA-MB-231,0.05412231408968628
Hum_XLOC_034898,MDA-MB-231,0.07381072543255579
Hum_XLOC_034916,MDA-MB-231,0.037656802553285615
Hum_XLOC_034945,MDA-MB-231,0.02442999430282009
Hum_XLOC_034980,MDA-MB-231,0.049201898794735896
Hum_XLOC_034997,MDA-MB-231,0.059391311131093874
Hum_XLOC_035005,MDA-MB-231,0.024185687961182173
Hum_XLOC_035015,MDA-MB-231,0.06469024685744881
Hum_XLOC_035021,MDA-MB-231,0.04832467003384661
Hum_XLOC_035024,MDA-MB-231,0.047026907720576244
Hum_XLOC_035027,MDA-MB-231,0.07005747263573
Hum_XLOC_035028,MDA-MB-231,0.06091350103893066
Hum_XLOC_035031,MDA-MB-231,0.05335854504953963
Hum_XLOC_035037,MDA-MB-231,0.08559355639293673
Hum_XLOC_035063,MDA-MB-231,0.06710053964725757
Hum_XLOC_035077,MDA-MB-231,0.06792057652442579
Hum_XLOC_035081,MDA-MB-231,0.06715725926280783
Hum_XLOC_035084,MDA-MB-231,0.05704830306818324
Hum_XLOC_035095,MDA-MB-231,0.053682667758754
Hum_XLOC_035097,MDA-MB-231,0.05323140685011711
Hum_XLOC_035121,MDA-MB-231,0.06413790425440109
Hum_XLOC_035131,MDA-MB-231,0.06599743034722083
Hum_XLOC_035142,MDA-MB-231,0.06553961325680285
Hum_XLOC_035143,MDA-MB-231,0.06575284295406947
Hum_XLOC_035146,MDA-MB-231,0.044092906110301255
Hum_XLOC_035148,MDA-MB-231,0.05854733045003134
Hum_XLOC_035149,MDA-MB-231,0.0649447176440723
Hum_XLOC_035152,MDA-MB-231,0.04867056188275185
Hum_XLOC_035158,MDA-MB-231,0.05056326583768291
Hum_XLOC_035160,MDA-MB-231,0.048992438308673905
Hum_XLOC_035161,MDA-MB-231,0.037077090681737854
Hum_XLOC_035168,MDA-MB-231,0.04022030335859977
Hum_XLOC_035175,MDA-MB-231,0.029678117900652518
Hum_XLOC_035177,MDA-MB-231,0.06459092871812332
Hum_XLOC_035182,MDA-MB-231,0.0627785755897351
Hum_XLOC_035194,MDA-MB-231,0.0405235365819952
Hum_XLOC_035197,MDA-MB-231,0.08188403248860765
Hum_XLOC_035199,MDA-MB-231,0.05599576495295992
Hum_XLOC_035217,MDA-MB-231,0.04165782364026191
Hum_XLOC_035242,MDA-MB-231,0.08221692353297319
Hum_XLOC_035243,MDA-MB-231,0.058790476325919036
Hum_XLOC_035244,MDA-MB-231,0.07212776643702148
Hum_XLOC_035247,MDA-MB-231,0.07447042845946923
Hum_XLOC_035248,MDA-MB-231,0.05071200562431272
Hum_XLOC_035250,MDA-MB-231,0.04588353902913077
Hum_XLOC_035255,MDA-MB-231,0.02066815173471312
Hum_XLOC_035256,MDA-MB-231,0.06353398716204163
Hum_XLOC_035261,MDA-MB-231,0.021232432733525985
Hum_XLOC_035265,MDA-MB-231,0.06847715900668445
Hum_XLOC_035275,MDA-MB-231,0.4250353169323787
Hum_XLOC_035278,MDA-MB-231,0.04118077905124175
Hum_XLOC_035279,MDA-MB-231,0.04441260108893966
Hum_XLOC_035283,MDA-MB-231,0.060631249172302525
Hum_XLOC_035301,MDA-MB-231,0.06806182336558705
Hum_XLOC_035321,MDA-MB-231,0.07136099686224437
Hum_XLOC_035325,MDA-MB-231,0.02650375561450678
Hum_XLOC_035329,MDA-MB-231,0.03415007724265018
Hum_XLOC_035333,MDA-MB-231,0.06793704588886008
Hum_XLOC_035343,MDA-MB-231,0.07630280025675114
Hum_XLOC_035345,MDA-MB-231,0.10912974528843516
Hum_XLOC_035357,MDA-MB-231,0.024262016681832754
Hum_XLOC_035366,MDA-MB-231,0.03243558699674028
Hum_XLOC_035388,MDA-MB-231,0.05490651093148153
Hum_XLOC_035390,MDA-MB-231,0.060724848860493744
Hum_XLOC_035392,MDA-MB-231,0.0568136333183559
Hum_XLOC_035396,MDA-MB-231,0.05126436497914043
Hum_XLOC_035429,MDA-MB-231,0.05312317110043931
Hum_XLOC_035431,MDA-MB-231,0.06356667399425742
Hum_XLOC_035441,MDA-MB-231,0.06392170398197698
Hum_XLOC_035457,MDA-MB-231,0.059419120111684584
Hum_XLOC_035486,MDA-MB-231,0.06551519606648487
Hum_XLOC_035491,MDA-MB-231,0.030865789708894385
Hum_XLOC_035495,MDA-MB-231,0.028562717894332353
Hum_XLOC_035508,MDA-MB-231,0.06266776911838053
Hum_XLOC_035513,MDA-MB-231,0.034168224019603684
Hum_XLOC_035542,MDA-MB-231,0.033763204454096654
Hum_XLOC_035555,MDA-MB-231,0.05842155216867446
Hum_XLOC_035567,MDA-MB-231,0.04686760263607893
Hum_XLOC_035577,MDA-MB-231,0.03811853480253814
Hum_XLOC_035613,MDA-MB-231,0.05367016896195246
Hum_XLOC_035618,MDA-MB-231,0.06912864970234618
Hum_XLOC_035641,MDA-MB-231,0.04715359878615704
Hum_XLOC_035645,MDA-MB-231,0.05363058343655988
Hum_XLOC_035650,MDA-MB-231,0.08242828658186879
Hum_XLOC_035663,MDA-MB-231,0.06616444355908718
Hum_XLOC_035691,MDA-MB-231,0.06770427040783125
Hum_XLOC_035697,MDA-MB-231,0.027579470942606626
Hum_XLOC_035700,MDA-MB-231,0.059344037550329354
Hum_XLOC_035701,MDA-MB-231,0.06678691448486887
Hum_XLOC_035724,MDA-MB-231,0.07199207687043938
Hum_XLOC_035745,MDA-MB-231,0.05103470515350179
Hum_XLOC_035749,MDA-MB-231,0.04341427567595235
Hum_XLOC_035752,MDA-MB-231,0.0699340529827853
Hum_XLOC_035772,MDA-MB-231,0.06588873225566476
Hum_XLOC_035774,MDA-MB-231,0.03234523495577674
Hum_XLOC_035792,MDA-MB-231,0.06446323963385826
Hum_XLOC_035801,MDA-MB-231,0.05420538813871482
Hum_XLOC_035803,MDA-MB-231,0.058930191099739807
Hum_XLOC_035831,MDA-MB-231,0.06210326726593779
Hum_XLOC_035842,MDA-MB-231,0.05553610317190242
Hum_XLOC_035864,MDA-MB-231,0.03732741179510719
Hum_XLOC_035867,MDA-MB-231,0.04614629594214416
Hum_XLOC_035887,MDA-MB-231,0.06026852198747291
Hum_XLOC_035903,MDA-MB-231,0.02233250131777605
Hum_XLOC_035910,MDA-MB-231,0.021942023235126
Hum_XLOC_035920,MDA-MB-231,0.04929218352186441
Hum_XLOC_035925,MDA-MB-231,0.028174211586655132
Hum_XLOC_035934,MDA-MB-231,0.056726565016871504
Hum_XLOC_035945,MDA-MB-231,0.05841030534250151
Hum_XLOC_035951,MDA-MB-231,0.02132226068514631
Hum_XLOC_035957,MDA-MB-231,0.0552624099041404
Hum_XLOC_035964,MDA-MB-231,0.082473485653028
Hum_XLOC_035968,MDA-MB-231,0.07020233684269721
Hum_XLOC_036004,MDA-MB-231,0.06360126978600103
Hum_XLOC_036006,MDA-MB-231,0.06357562654056555
Hum_XLOC_036009,MDA-MB-231,0.020139291416160252
Hum_XLOC_036012,MDA-MB-231,0.050892146875641475
Hum_XLOC_036021,MDA-MB-231,0.05089346551296308
Hum_XLOC_036034,MDA-MB-231,0.05793431649843195
Hum_XLOC_036036,MDA-MB-231,0.06566803987858304
Hum_XLOC_036040,MDA-MB-231,0.06286273660365264
Hum_XLOC_036043,MDA-MB-231,0.06444765780437575
Hum_XLOC_036057,MDA-MB-231,0.04628865332554376
Hum_XLOC_036060,MDA-MB-231,0.0644653019058326
Hum_XLOC_036082,MDA-MB-231,0.042933985043236436
Hum_XLOC_036086,MDA-MB-231,0.07495053618954617
Hum_XLOC_036093,MDA-MB-231,0.06050243131347528
Hum_XLOC_036106,MDA-MB-231,0.04940179204511781
Hum_XLOC_036119,MDA-MB-231,0.06153584418725791
Hum_XLOC_036120,MDA-MB-231,0.040957305847877774
Hum_XLOC_036133,MDA-MB-231,0.05669572571760027
Hum_XLOC_036170,MDA-MB-231,0.05061417636337418
Hum_XLOC_036173,MDA-MB-231,0.041476824644996295
Hum_XLOC_036184,MDA-MB-231,0.09573975126378828
Hum_XLOC_036189,MDA-MB-231,0.026577509032653653
Hum_XLOC_036194,MDA-MB-231,0.06654685205570457
Hum_XLOC_036216,MDA-MB-231,0.045356806145185835
Hum_XLOC_036224,MDA-MB-231,0.06601058081503561
Hum_XLOC_036226,MDA-MB-231,0.06125079407536158
Hum_XLOC_036248,MDA-MB-231,0.059846117160825385
Hum_XLOC_036252,MDA-MB-231,0.07083477066029918
Hum_XLOC_036253,MDA-MB-231,0.06613103839740599
Hum_XLOC_036254,MDA-MB-231,0.070081965740531
Hum_XLOC_036255,MDA-MB-231,0.06698463069508054
Hum_XLOC_036270,MDA-MB-231,0.06375741787645259
Hum_XLOC_036278,MDA-MB-231,0.07179652067600378
Hum_XLOC_036279,MDA-MB-231,0.055437090125691084
Hum_XLOC_036283,MDA-MB-231,0.0785478998708092
Hum_XLOC_036294,MDA-MB-231,0.07090364921360097
Hum_XLOC_036316,MDA-MB-231,0.02943532873333567
Hum_XLOC_036335,MDA-MB-231,0.02478543109222548
Hum_XLOC_036338,MDA-MB-231,0.06451354308021276
Hum_XLOC_036339,MDA-MB-231,0.07261752589045548
Hum_XLOC_036349,MDA-MB-231,0.03611349496217278
Hum_XLOC_036356,MDA-MB-231,0.05229039533262369
Hum_XLOC_036383,MDA-MB-231,0.0478212381386725
Hum_XLOC_036389,MDA-MB-231,0.06866055348345886
Hum_XLOC_036403,MDA-MB-231,0.025750856427540127
Hum_XLOC_036408,MDA-MB-231,0.063073954903593
Hum_XLOC_036415,MDA-MB-231,0.05070227333572649
Hum_XLOC_036427,MDA-MB-231,0.02031935520840982
Hum_XLOC_036440,MDA-MB-231,0.0895090414330455
Hum_XLOC_036441,MDA-MB-231,0.0706073014848386
Hum_XLOC_036451,MDA-MB-231,0.0549114962654948
Hum_XLOC_036457,MDA-MB-231,0.059553573166222736
Hum_XLOC_036458,MDA-MB-231,0.06714261813517419
Hum_XLOC_036459,MDA-MB-231,0.05858369643932684
Hum_XLOC_036523,MDA-MB-231,0.02711998846438277
Hum_XLOC_036547,MDA-MB-231,0.0410819103905297
Hum_XLOC_036564,MDA-MB-231,0.030684073695417466
Hum_XLOC_036573,MDA-MB-231,0.06191159475448288
Hum_XLOC_036589,MDA-MB-231,0.04947158987212809
Hum_XLOC_036592,MDA-MB-231,0.06569372241259444
Hum_XLOC_036594,MDA-MB-231,0.027662423358044825
Hum_XLOC_036596,MDA-MB-231,0.058976459143840365
Hum_XLOC_036600,MDA-MB-231,0.03923575269722089
Hum_XLOC_036610,MDA-MB-231,0.0757479770579827
Hum_XLOC_036611,MDA-MB-231,0.06856391741802824
Hum_XLOC_036615,MDA-MB-231,0.06057717240714072
Hum_XLOC_036617,MDA-MB-231,0.03090784250203318
Hum_XLOC_036648,MDA-MB-231,0.0459746029857084
Hum_XLOC_036649,MDA-MB-231,0.024418628725346943
Hum_XLOC_036652,MDA-MB-231,0.03489504970371814
Hum_XLOC_036654,MDA-MB-231,0.06112219912771831
Hum_XLOC_036655,MDA-MB-231,0.06450607348202428
Hum_XLOC_036664,MDA-MB-231,0.07071069135916389
Hum_XLOC_036669,MDA-MB-231,0.027501787248614566
Hum_XLOC_036679,MDA-MB-231,0.05231841697922492
Hum_XLOC_036719,MDA-MB-231,0.05139969103068397
Hum_XLOC_036723,MDA-MB-231,0.06188690627439235
Hum_XLOC_036725,MDA-MB-231,0.07965312476011237
Hum_XLOC_036727,MDA-MB-231,0.07145989163057612
Hum_XLOC_036748,MDA-MB-231,0.12561421901982936
Hum_XLOC_036765,MDA-MB-231,0.027063229472174502
Hum_XLOC_036769,MDA-MB-231,0.07594647797363097
Hum_XLOC_036794,MDA-MB-231,0.023933568525034365
Hum_XLOC_036796,MDA-MB-231,0.07050450299346378
Hum_XLOC_036805,MDA-MB-231,0.0382084174675062
Hum_XLOC_036814,MDA-MB-231,0.05323848862373372
Hum_XLOC_036822,MDA-MB-231,0.06761545536993488
Hum_XLOC_036823,MDA-MB-231,0.07110595096817166
Hum_XLOC_036836,MDA-MB-231,0.0670072101109191
Hum_XLOC_036844,MDA-MB-231,0.07025207390643975
Hum_XLOC_036871,MDA-MB-231,0.038874644971292865
Hum_XLOC_036875,MDA-MB-231,0.025550836424552588
Hum_XLOC_036879,MDA-MB-231,0.04164073190394506
Hum_XLOC_036911,MDA-MB-231,0.06580119418439392
Hum_XLOC_036916,MDA-MB-231,0.04370739488427865
Hum_XLOC_036942,MDA-MB-231,0.05866387045855413
Hum_XLOC_036957,MDA-MB-231,0.0672317808720162
Hum_XLOC_036958,MDA-MB-231,0.055858226641340686
Hum_XLOC_036965,MDA-MB-231,0.06212581003544897
Hum_XLOC_036968,MDA-MB-231,0.0546644202013538
Hum_XLOC_036996,MDA-MB-231,0.06691528740824136
Hum_XLOC_036997,MDA-MB-231,0.060446536139376346
Hum_XLOC_036998,MDA-MB-231,0.0595360866081696
Hum_XLOC_037021,MDA-MB-231,0.061726196780198764
Hum_XLOC_037029,MDA-MB-231,0.06356135798170091
Hum_XLOC_037035,MDA-MB-231,0.051925556431095345
Hum_XLOC_037058,MDA-MB-231,0.030141544073089076
Hum_XLOC_037078,MDA-MB-231,0.046181441777694114
Hum_XLOC_037090,MDA-MB-231,0.01522138662294439
Hum_XLOC_037091,MDA-MB-231,0.021907982164659435
Hum_XLOC_037092,MDA-MB-231,0.026623418193626923
Hum_XLOC_037101,MDA-MB-231,0.04959372882718446
Hum_XLOC_037117,MDA-MB-231,0.04739381627657649
Hum_XLOC_037118,MDA-MB-231,0.05206358254081336
Hum_XLOC_037133,MDA-MB-231,0.058066660010507434
Hum_XLOC_037142,MDA-MB-231,0.06354049328976508
Hum_XLOC_037145,MDA-MB-231,0.049759440258787015
Hum_XLOC_037149,MDA-MB-231,0.031497437426469536
Hum_XLOC_037162,MDA-MB-231,0.026658396278800383
Hum_XLOC_037173,MDA-MB-231,0.05954593005431319
Hum_XLOC_037176,MDA-MB-231,0.03367646582482039
Hum_XLOC_037182,MDA-MB-231,0.06820310297044246
Hum_XLOC_037192,MDA-MB-231,0.053060849229067196
Hum_XLOC_037196,MDA-MB-231,0.04601971018766609
Hum_XLOC_037219,MDA-MB-231,0.06550716076520544
Hum_XLOC_037225,MDA-MB-231,0.06067984782910377
Hum_XLOC_037256,MDA-MB-231,0.08089018235096966
Hum_XLOC_037283,MDA-MB-231,0.0209329343995847
Hum_XLOC_037295,MDA-MB-231,0.03699792290846073
Hum_XLOC_037303,MDA-MB-231,0.055522040762935466
Hum_XLOC_037307,MDA-MB-231,0.05696430009531559
Hum_XLOC_037308,MDA-MB-231,0.029320247711316774
Hum_XLOC_037314,MDA-MB-231,0.07292738911233193
Hum_XLOC_037315,MDA-MB-231,0.05016617373198076
Hum_XLOC_037319,MDA-MB-231,0.055372352977814635
Hum_XLOC_037359,MDA-MB-231,0.060186842487399334
Hum_XLOC_037368,MDA-MB-231,0.029936151567872167
Hum_XLOC_037371,MDA-MB-231,0.06776616873798576
Hum_XLOC_037391,MDA-MB-231,0.05971879397227618
Hum_XLOC_037392,MDA-MB-231,0.04350373836752416
Hum_XLOC_037401,MDA-MB-231,0.03125638100931794
Hum_XLOC_037402,MDA-MB-231,0.07178730842076088
Hum_XLOC_037406,MDA-MB-231,0.06162844763150764
Hum_XLOC_037438,MDA-MB-231,0.05750021014877928
Hum_XLOC_037441,MDA-MB-231,0.04795274718479935
Hum_XLOC_037446,MDA-MB-231,0.06844534212944609
Hum_XLOC_037447,MDA-MB-231,0.05624273642624149
Hum_XLOC_037465,MDA-MB-231,0.06449870316850101
Hum_XLOC_037466,MDA-MB-231,0.07251321967002637
Hum_XLOC_037486,MDA-MB-231,0.046637251511971296
Hum_XLOC_037497,MDA-MB-231,0.036005824264495244
Hum_XLOC_037501,MDA-MB-231,0.06431742514980704
Hum_XLOC_037523,MDA-MB-231,0.057724621937609175
Hum_XLOC_037534,MDA-MB-231,0.07734783829947212
Hum_XLOC_037540,MDA-MB-231,0.07551541192578606
Hum_XLOC_037541,MDA-MB-231,0.0376491607496159
Hum_XLOC_037550,MDA-MB-231,0.062383888569533044
Hum_XLOC_037565,MDA-MB-231,0.031507394920210166
Hum_XLOC_037570,MDA-MB-231,0.06095043069975153
Hum_XLOC_037595,MDA-MB-231,0.05210493121733239
Hum_XLOC_037599,MDA-MB-231,0.06278884256635732
Hum_XLOC_037600,MDA-MB-231,0.054401447296997106
Hum_XLOC_037604,MDA-MB-231,0.07417426500477203
Hum_XLOC_037627,MDA-MB-231,0.0532110118495653
Hum_XLOC_037638,MDA-MB-231,0.02127684016548753
Hum_XLOC_037646,MDA-MB-231,0.055170070198480636
Hum_XLOC_037647,MDA-MB-231,0.07780901016602024
Hum_XLOC_037660,MDA-MB-231,0.05488336998426249
Hum_XLOC_037675,MDA-MB-231,0.056682153251611425
Hum_XLOC_037678,MDA-MB-231,0.020817542149318392
Hum_XLOC_037681,MDA-MB-231,0.6201890028476086
Hum_XLOC_037689,MDA-MB-231,0.06913992041508021
Hum_XLOC_037699,MDA-MB-231,0.035512504730799165
Hum_XLOC_037709,MDA-MB-231,0.06895554213882507
Hum_XLOC_037720,MDA-MB-231,0.0455695839671703
Hum_XLOC_037726,MDA-MB-231,0.04750033095764026
Hum_XLOC_037736,MDA-MB-231,0.0562263190282064
Hum_XLOC_037747,MDA-MB-231,0.03532075103047771
Hum_XLOC_037762,MDA-MB-231,0.023646440302834974
Hum_XLOC_037768,MDA-MB-231,0.05227128247264568
Hum_XLOC_037780,MDA-MB-231,0.027858852369041606
Hum_XLOC_037781,MDA-MB-231,0.06516314637217895
Hum_XLOC_037817,MDA-MB-231,0.048694773228077436
Hum_XLOC_037819,MDA-MB-231,0.05147437442595558
Hum_XLOC_037831,MDA-MB-231,0.03157096191701057
Hum_XLOC_037834,MDA-MB-231,0.03104858202892837
Hum_XLOC_037853,MDA-MB-231,0.05037224419653158
Hum_XLOC_037856,MDA-MB-231,0.062136526996150784
Hum_XLOC_037875,MDA-MB-231,0.0688272335920664
Hum_XLOC_037883,MDA-MB-231,0.06552945969915287
Hum_XLOC_037895,MDA-MB-231,0.053901035852141656
Hum_XLOC_037900,MDA-MB-231,0.04356452240754495
Hum_XLOC_037923,MDA-MB-231,0.040944531703602724
Hum_XLOC_037931,MDA-MB-231,0.06430750476466277
Hum_XLOC_037935,MDA-MB-231,0.04472524654890534
Hum_XLOC_037940,MDA-MB-231,0.05983717599504751
Hum_XLOC_037942,MDA-MB-231,0.0666182987788026
Hum_XLOC_037944,MDA-MB-231,0.06184544444095607
Hum_XLOC_037950,MDA-MB-231,0.024138661555151632
Hum_XLOC_037951,MDA-MB-231,0.05100563669008272
Hum_XLOC_037957,MDA-MB-231,0.025032892115492485
Hum_XLOC_037970,MDA-MB-231,0.05683252518830473
Hum_XLOC_037974,MDA-MB-231,0.10034639837114186
Hum_XLOC_037981,MDA-MB-231,0.030044408320435007
Hum_XLOC_037989,MDA-MB-231,0.06481892303297715
Hum_XLOC_038000,MDA-MB-231,0.06228150741686869
Hum_XLOC_038004,MDA-MB-231,0.04389937487176605
Hum_XLOC_038012,MDA-MB-231,0.06637543164595162
Hum_XLOC_038014,MDA-MB-231,0.04990874846846155
Hum_XLOC_038015,MDA-MB-231,0.04938696012344925
Hum_XLOC_038017,MDA-MB-231,0.01844806650104026
Hum_XLOC_038019,MDA-MB-231,0.06176031156438372
Hum_XLOC_038029,MDA-MB-231,0.07465062590051433
Hum_XLOC_038031,MDA-MB-231,0.04759874599044811
Hum_XLOC_038032,MDA-MB-231,0.061758359427914
Hum_XLOC_038033,MDA-MB-231,0.0714053132517425
Hum_XLOC_038037,MDA-MB-231,0.06635201740743396
Hum_XLOC_038038,MDA-MB-231,0.0658543622508732
Hum_XLOC_038061,MDA-MB-231,0.06342059654418103
Hum_XLOC_038063,MDA-MB-231,0.05238822648478994
Hum_XLOC_038066,MDA-MB-231,0.04184988401049162
Hum_XLOC_038088,MDA-MB-231,0.021336449546828527
Hum_XLOC_038092,MDA-MB-231,0.06472104687343118
Hum_XLOC_038108,MDA-MB-231,0.02836231421197545
Hum_XLOC_038110,MDA-MB-231,0.04203623160137607
Hum_XLOC_038115,MDA-MB-231,0.06338391172184012
Hum_XLOC_038116,MDA-MB-231,0.07711548302722865
Hum_XLOC_038126,MDA-MB-231,0.056021031395820674
Hum_XLOC_038144,MDA-MB-231,0.04916490862582209
Hum_XLOC_038150,MDA-MB-231,0.04897764462816277
Hum_XLOC_038152,MDA-MB-231,0.06631322806637667
Hum_XLOC_038155,MDA-MB-231,0.04458236629018686
Hum_XLOC_038158,MDA-MB-231,0.056729232155898736
Hum_XLOC_038169,MDA-MB-231,0.021528765671317535
Hum_XLOC_038175,MDA-MB-231,0.04182709795428835
Hum_XLOC_038176,MDA-MB-231,0.0509969693801575
Hum_XLOC_038188,MDA-MB-231,0.05111657129502233
Hum_XLOC_038191,MDA-MB-231,0.06443046240295751
Hum_XLOC_038195,MDA-MB-231,0.07080555433116484
Hum_XLOC_038196,MDA-MB-231,0.09001430200846473
Hum_XLOC_038197,MDA-MB-231,0.06525597234495334
Hum_XLOC_038214,MDA-MB-231,0.05080391307605915
Hum_XLOC_038221,MDA-MB-231,0.07663063402064052
Hum_XLOC_038225,MDA-MB-231,0.06293946407630477
Hum_XLOC_038228,MDA-MB-231,0.06568376271387985
Hum_XLOC_038233,MDA-MB-231,0.07387892961299328
Hum_XLOC_038245,MDA-MB-231,0.07128754452930727
Hum_XLOC_038266,MDA-MB-231,0.06318950021958886
Hum_XLOC_038270,MDA-MB-231,0.06901914026217343
Hum_XLOC_038273,MDA-MB-231,0.05109593401480688
Hum_XLOC_038291,MDA-MB-231,0.030563595095029514
Hum_XLOC_038292,MDA-MB-231,0.06642649061595073
Hum_XLOC_038293,MDA-MB-231,0.02770858200569741
Hum_XLOC_038294,MDA-MB-231,0.03309295732609082
Hum_XLOC_038312,MDA-MB-231,0.06862223527980062
Hum_XLOC_038316,MDA-MB-231,0.027128324121810266
Hum_XLOC_038342,MDA-MB-231,0.06615889820797106
Hum_XLOC_038348,MDA-MB-231,0.06315458791267509
Hum_XLOC_038350,MDA-MB-231,0.04225102965915319
Hum_XLOC_038362,MDA-MB-231,0.06208504409721559
Hum_XLOC_038385,MDA-MB-231,0.06172541497590903
Hum_XLOC_038407,MDA-MB-231,0.03895162273394934
Hum_XLOC_038414,MDA-MB-231,0.04400537515839778
Hum_XLOC_038416,MDA-MB-231,0.06920330828887966
Hum_XLOC_038429,MDA-MB-231,0.06527661275714244
Hum_XLOC_038436,MDA-MB-231,0.048938870591524436
Hum_XLOC_038438,MDA-MB-231,0.06357482775594789
Hum_XLOC_038446,MDA-MB-231,0.024160486855243284
Hum_XLOC_038449,MDA-MB-231,0.0624286545140187
Hum_XLOC_038454,MDA-MB-231,0.03871228131562545
Hum_XLOC_038476,MDA-MB-231,0.06472840535511648
Hum_XLOC_038477,MDA-MB-231,0.025170429264600253
Hum_XLOC_038480,MDA-MB-231,0.04049948591886783
Hum_XLOC_038492,MDA-MB-231,0.05664196114030361
Hum_XLOC_038494,MDA-MB-231,0.06132887523593381
Hum_XLOC_038506,MDA-MB-231,0.05140278727433853
Hum_XLOC_038529,MDA-MB-231,0.055535641106993376
Hum_XLOC_038534,MDA-MB-231,0.050944171241165195
Hum_XLOC_038536,MDA-MB-231,0.058377990426880445
Hum_XLOC_038540,MDA-MB-231,0.04016059948431994
Hum_XLOC_038580,MDA-MB-231,0.022971474065613857
Hum_XLOC_038598,MDA-MB-231,0.05226909193903896
Hum_XLOC_038603,MDA-MB-231,0.029713788734488853
Hum_XLOC_038610,MDA-MB-231,0.06218378133196295
Hum_XLOC_038628,MDA-MB-231,0.041827054276751686
Hum_XLOC_038633,MDA-MB-231,0.021655338141328664
Hum_XLOC_038637,MDA-MB-231,0.0405355356499993
Hum_XLOC_038643,MDA-MB-231,0.04051568971590049
Hum_XLOC_038713,MDA-MB-231,0.04832356612158071
Hum_XLOC_038714,MDA-MB-231,0.060374049089876536
Hum_XLOC_038715,MDA-MB-231,0.043846809107576365
Hum_XLOC_038732,MDA-MB-231,0.04646056374512193
Hum_XLOC_038755,MDA-MB-231,0.06350896511149896
Hum_XLOC_038756,MDA-MB-231,0.05975117131956408
Hum_XLOC_038757,MDA-MB-231,0.09366998016766728
Hum_XLOC_038759,MDA-MB-231,0.06480326823800532
Hum_XLOC_038762,MDA-MB-231,0.06434874014854036
Hum_XLOC_038767,MDA-MB-231,0.05597117502154886
Hum_XLOC_038774,MDA-MB-231,0.06289862471863443
Hum_XLOC_038809,MDA-MB-231,0.03999505406421393
Hum_XLOC_038810,MDA-MB-231,0.05232440826674882
Hum_XLOC_038852,MDA-MB-231,0.05400333625993566
Hum_XLOC_038853,MDA-MB-231,0.02639247971013441
Hum_XLOC_038858,MDA-MB-231,0.05996678900884093
Hum_XLOC_038862,MDA-MB-231,0.059723827379886935
Hum_XLOC_038913,MDA-MB-231,0.024971622230658408
Hum_XLOC_038922,MDA-MB-231,0.04770782395452346
Hum_XLOC_038927,MDA-MB-231,0.06148226117225361
Hum_XLOC_038936,MDA-MB-231,0.04768338187956322
Hum_XLOC_038940,MDA-MB-231,0.07006648131796164
Hum_XLOC_038945,MDA-MB-231,0.061898380093778814
Hum_XLOC_038947,MDA-MB-231,0.05340017411541311
Hum_XLOC_038952,MDA-MB-231,0.06659568668666654
Hum_XLOC_038958,MDA-MB-231,0.02578494142375746
Hum_XLOC_038972,MDA-MB-231,0.08379236576384486
Hum_XLOC_038976,MDA-MB-231,0.044245924116988945
Hum_XLOC_038984,MDA-MB-231,0.053339630709256396
Hum_XLOC_038986,MDA-MB-231,0.060825694358900735
Hum_XLOC_038994,MDA-MB-231,0.04364797838584618
Hum_XLOC_039020,MDA-MB-231,0.061501669348104165
Hum_XLOC_039045,MDA-MB-231,0.050887391926710185
Hum_XLOC_039058,MDA-MB-231,0.0520225796948212
Hum_XLOC_039059,MDA-MB-231,0.06031895896007728
Hum_XLOC_039070,MDA-MB-231,0.022642960651265955
Hum_XLOC_039075,MDA-MB-231,0.030104694329497597
Hum_XLOC_039076,MDA-MB-231,0.04826225149035081
Hum_XLOC_039083,MDA-MB-231,0.05058714308542184
Hum_XLOC_039107,MDA-MB-231,0.019832175614444995
Hum_XLOC_039124,MDA-MB-231,0.05387439624304699
Hum_XLOC_039127,MDA-MB-231,0.06530873385007253
Hum_XLOC_039136,MDA-MB-231,0.026181098660538363
Hum_XLOC_039140,MDA-MB-231,0.03292173625554236
Hum_XLOC_039150,MDA-MB-231,0.06076759252303206
Hum_XLOC_039161,MDA-MB-231,0.04096032187146964
Hum_XLOC_039163,MDA-MB-231,0.055357409972096684
Hum_XLOC_039169,MDA-MB-231,0.07134170865854808
Hum_XLOC_039175,MDA-MB-231,0.04137124682495792
Hum_XLOC_039180,MDA-MB-231,0.06086665103412183
Hum_XLOC_039191,MDA-MB-231,0.07423561210724766
Hum_XLOC_039192,MDA-MB-231,0.04609840377724685
Hum_XLOC_039194,MDA-MB-231,0.023460667565413835
Hum_XLOC_039198,MDA-MB-231,0.06144331338829438
Hum_XLOC_039199,MDA-MB-231,0.06591747477528977
Hum_XLOC_039215,MDA-MB-231,0.038830914125960445
Hum_XLOC_039217,MDA-MB-231,0.05270477939958099
Hum_XLOC_039225,MDA-MB-231,0.05649333042614691
Hum_XLOC_039232,MDA-MB-231,0.06205114808415636
Hum_XLOC_039235,MDA-MB-231,0.01842496587936643
Hum_XLOC_039247,MDA-MB-231,0.06656530555154923
Hum_XLOC_039258,MDA-MB-231,0.05090631085857456
Hum_XLOC_039259,MDA-MB-231,0.05489747755531133
Hum_XLOC_039265,MDA-MB-231,0.024739816558310403
Hum_XLOC_039268,MDA-MB-231,0.05102132475113141
Hum_XLOC_039274,MDA-MB-231,0.057896164069132276
Hum_XLOC_039288,MDA-MB-231,0.02552201884183318
Hum_XLOC_039289,MDA-MB-231,0.06048957239045734
Hum_XLOC_039297,MDA-MB-231,0.03413987266840078
Hum_XLOC_039324,MDA-MB-231,0.05345114476899014
Hum_XLOC_039347,MDA-MB-231,0.04536260690463992
Hum_XLOC_039369,MDA-MB-231,0.07360267018643414
Hum_XLOC_039372,MDA-MB-231,0.0626015216050462
Hum_XLOC_039373,MDA-MB-231,0.07758472791383131
Hum_XLOC_039378,MDA-MB-231,0.040572663976458714
Hum_XLOC_039382,MDA-MB-231,0.06179784447097689
Hum_XLOC_039402,MDA-MB-231,0.06492808142639067
Hum_XLOC_039432,MDA-MB-231,0.06353964105625384
Hum_XLOC_039437,MDA-MB-231,0.06824206703008688
Hum_XLOC_039446,MDA-MB-231,0.03464814954428466
Hum_XLOC_039447,MDA-MB-231,0.0608171839310738
Hum_XLOC_039449,MDA-MB-231,0.06387802454407496
Hum_XLOC_039454,MDA-MB-231,0.05225858731465491
Hum_XLOC_039455,MDA-MB-231,0.060967649899349004
Hum_XLOC_039460,MDA-MB-231,0.07230593840124322
Hum_XLOC_039464,MDA-MB-231,0.030419071722808222
Hum_XLOC_039468,MDA-MB-231,0.04614754179456887
Hum_XLOC_039469,MDA-MB-231,0.06057043717207054
Hum_XLOC_039489,MDA-MB-231,0.058827019572160105
Hum_XLOC_039501,MDA-MB-231,0.05587038856631204
Hum_XLOC_039506,MDA-MB-231,0.03348778811315515
Hum_XLOC_039509,MDA-MB-231,0.051509426401349596
Hum_XLOC_039515,MDA-MB-231,0.019669222944469267
Hum_XLOC_039524,MDA-MB-231,0.06986546869031784
Hum_XLOC_039525,MDA-MB-231,0.024946893446085763
Hum_XLOC_039526,MDA-MB-231,0.07056661141747562
Hum_XLOC_039536,MDA-MB-231,0.08693003075544439
Hum_XLOC_039546,MDA-MB-231,0.06425538541426926
Hum_XLOC_039551,MDA-MB-231,0.07484146002189992
Hum_XLOC_039552,MDA-MB-231,0.0653655678851854
Hum_XLOC_039566,MDA-MB-231,0.06520432312477348
Hum_XLOC_039573,MDA-MB-231,0.05561203922070494
Hum_XLOC_039574,MDA-MB-231,0.08003673262569524
Hum_XLOC_039575,MDA-MB-231,0.059858359236562464
Hum_XLOC_039584,MDA-MB-231,0.05442314010512804
Hum_XLOC_039588,MDA-MB-231,0.05165835634132719
Hum_XLOC_039589,MDA-MB-231,0.0675383739190912
Hum_XLOC_039596,MDA-MB-231,0.06211135152844509
Hum_XLOC_039598,MDA-MB-231,0.0665638416171836
Hum_XLOC_039601,MDA-MB-231,0.04259954584744684
Hum_XLOC_039616,MDA-MB-231,0.05038666400990338
Hum_XLOC_039621,MDA-MB-231,0.02407951351449786
Hum_XLOC_039631,MDA-MB-231,0.0760457910283018
Hum_XLOC_039642,MDA-MB-231,0.05876216616023153
Hum_XLOC_039644,MDA-MB-231,0.05785255364306675
Hum_XLOC_039650,MDA-MB-231,0.08607187750359108
Hum_XLOC_039652,MDA-MB-231,0.059794607504519565
Hum_XLOC_039656,MDA-MB-231,0.07883426760017095
Hum_XLOC_039658,MDA-MB-231,0.0503154299785058
Hum_XLOC_039672,MDA-MB-231,0.0164533534835923
Hum_XLOC_039701,MDA-MB-231,0.06762486910333446
Hum_XLOC_039703,MDA-MB-231,0.06755727666956798
Hum_XLOC_039707,MDA-MB-231,0.027895757411381387
Hum_XLOC_039722,MDA-MB-231,0.04235126718603509
Hum_XLOC_039724,MDA-MB-231,0.06023416749147627
Hum_XLOC_039733,MDA-MB-231,0.03929856620147343
Hum_XLOC_039740,MDA-MB-231,0.06370023617194201
Hum_XLOC_039764,MDA-MB-231,0.04935791080202981
Hum_XLOC_039770,MDA-MB-231,0.025409060282117427
Hum_XLOC_039809,MDA-MB-231,0.04892726728877832
Hum_XLOC_039814,MDA-MB-231,0.05113676214767045
Hum_XLOC_039820,MDA-MB-231,0.06823957482371286
Hum_XLOC_039823,MDA-MB-231,0.06710459111163167
Hum_XLOC_039830,MDA-MB-231,0.06619986431730825
Hum_XLOC_039835,MDA-MB-231,0.033092416376914846
Hum_XLOC_039839,MDA-MB-231,0.02986725536257564
Hum_XLOC_039842,MDA-MB-231,0.06236162608824692
Hum_XLOC_039845,MDA-MB-231,0.06326047074906199
Hum_XLOC_039853,MDA-MB-231,0.05585864661269315
Hum_XLOC_039855,MDA-MB-231,0.05234788234104232
Hum_XLOC_039856,MDA-MB-231,0.06936385151939803
Hum_XLOC_039901,MDA-MB-231,0.061518894040148486
Hum_XLOC_039915,MDA-MB-231,0.06746656858051382
Hum_XLOC_039920,MDA-MB-231,0.06428557096459633
Hum_XLOC_039929,MDA-MB-231,0.03412482436326727
Hum_XLOC_039946,MDA-MB-231,0.028673302263058205
Hum_XLOC_039954,MDA-MB-231,0.03988341602131873
Hum_XLOC_039955,MDA-MB-231,0.06329918393335672
Hum_XLOC_039966,MDA-MB-231,0.055460480547479
Hum_XLOC_039975,MDA-MB-231,0.041863132006246744
Hum_XLOC_039977,MDA-MB-231,0.07165172151614316
Hum_XLOC_040013,MDA-MB-231,0.05611474703837599
Hum_XLOC_040052,MDA-MB-231,0.02812306766829257
Hum_XLOC_040061,MDA-MB-231,0.021820794746724898
Hum_XLOC_040070,MDA-MB-231,0.04614312847504062
Hum_XLOC_040081,MDA-MB-231,0.06166190356286206
Hum_XLOC_040086,MDA-MB-231,0.05318847674175566
Hum_XLOC_040093,MDA-MB-231,0.06310735394802101
Hum_XLOC_040109,MDA-MB-231,0.02888310720471222
Hum_XLOC_040114,MDA-MB-231,0.06798894493348354
Hum_XLOC_040159,MDA-MB-231,0.053068102540029964
Hum_XLOC_040173,MDA-MB-231,0.03602016336613907
Hum_XLOC_040184,MDA-MB-231,0.06954470937966097
Hum_XLOC_040189,MDA-MB-231,0.04678054939164088
Hum_XLOC_040199,MDA-MB-231,0.055078308105154225
Hum_XLOC_040200,MDA-MB-231,0.040505418628596676
Hum_XLOC_040204,MDA-MB-231,0.028746144637932017
Hum_XLOC_040213,MDA-MB-231,0.06646739598090609
Hum_XLOC_040238,MDA-MB-231,0.07087114315894207
Hum_XLOC_040252,MDA-MB-231,0.027782458819737697
Hum_XLOC_040276,MDA-MB-231,0.05657956767063889
Hum_XLOC_040290,MDA-MB-231,0.026552333518194714
Hum_XLOC_040291,MDA-MB-231,0.03071184186159574
Hum_XLOC_040313,MDA-MB-231,0.06230158324449124
Hum_XLOC_040322,MDA-MB-231,0.14451798671383415
Hum_XLOC_040323,MDA-MB-231,0.06808325434975881
Hum_XLOC_040331,MDA-MB-231,0.059070923516378424
Hum_XLOC_040343,MDA-MB-231,0.045726929861517315
Hum_XLOC_040345,MDA-MB-231,0.06241064313059562
Hum_XLOC_040346,MDA-MB-231,0.05526026678785665
Hum_XLOC_040349,MDA-MB-231,0.04820613364598483
Hum_XLOC_040355,MDA-MB-231,0.07194871009746064
Hum_XLOC_040356,MDA-MB-231,0.05449663786374207
Hum_XLOC_040359,MDA-MB-231,0.04973706353567347
Hum_XLOC_040367,MDA-MB-231,0.040760367082746135
Hum_XLOC_040372,MDA-MB-231,0.05039425817253513
Hum_XLOC_040403,MDA-MB-231,0.07549973811118729
Hum_XLOC_040406,MDA-MB-231,0.05201494296818089
Hum_XLOC_040408,MDA-MB-231,0.053851583868179266
Hum_XLOC_040411,MDA-MB-231,0.06642713900509975
Hum_XLOC_040419,MDA-MB-231,0.06535379743024353
Hum_XLOC_040425,MDA-MB-231,0.04921828161518762
Hum_XLOC_040453,MDA-MB-231,0.07134576493927917
Hum_XLOC_040473,MDA-MB-231,0.06842397608612624
Hum_XLOC_040475,MDA-MB-231,0.05035331747410805
Hum_XLOC_040492,MDA-MB-231,0.0828292507626264
Hum_XLOC_040508,MDA-MB-231,0.07435783108563439
Hum_XLOC_040509,MDA-MB-231,0.06534283522374591
Hum_XLOC_040523,MDA-MB-231,0.024066836383919283
Hum_XLOC_040524,MDA-MB-231,0.03496520346970896
Hum_XLOC_040532,MDA-MB-231,0.07141498197202867
Hum_XLOC_040540,MDA-MB-231,0.08505625018135857
Hum_XLOC_040556,MDA-MB-231,0.06690471267103935
Hum_XLOC_040575,MDA-MB-231,0.06644546231706044
Hum_XLOC_040582,MDA-MB-231,0.05565890518113288
Hum_XLOC_040595,MDA-MB-231,0.07650002776147338
Hum_XLOC_040596,MDA-MB-231,0.07523227362454635
Hum_XLOC_040622,MDA-MB-231,0.044284945852481175
Hum_XLOC_040634,MDA-MB-231,0.0692337935659664
Hum_XLOC_040637,MDA-MB-231,0.06890445221523718
Hum_XLOC_040640,MDA-MB-231,0.07168111443177264
Hum_XLOC_040647,MDA-MB-231,0.05769925525779902
Hum_XLOC_040648,MDA-MB-231,0.05279433624834251
Hum_XLOC_040662,MDA-MB-231,0.034238222305617357
Hum_XLOC_040663,MDA-MB-231,0.04120181479137023
Hum_XLOC_040691,MDA-MB-231,0.040926052363866774
Hum_XLOC_040709,MDA-MB-231,0.0829126602668425
Hum_XLOC_040711,MDA-MB-231,0.061416689705014835
Hum_XLOC_040732,MDA-MB-231,0.053950112465259686
Hum_XLOC_040733,MDA-MB-231,0.07113573818670993
Hum_XLOC_040737,MDA-MB-231,0.06386007614333879
Hum_XLOC_040748,MDA-MB-231,0.059621220767003824
Hum_XLOC_040770,MDA-MB-231,0.04816085028972086
Hum_XLOC_040775,MDA-MB-231,0.05842197056739368
Hum_XLOC_040798,MDA-MB-231,0.047693262962451785
Hum_XLOC_040800,MDA-MB-231,0.06362563237684751
Hum_XLOC_040802,MDA-MB-231,0.06689353989156868
Hum_XLOC_040822,MDA-MB-231,0.06136057209279895
Hum_XLOC_040835,MDA-MB-231,0.06410518019643946
Hum_XLOC_040840,MDA-MB-231,0.05398325588805749
Hum_XLOC_040843,MDA-MB-231,0.05198869859890161
Hum_XLOC_040849,MDA-MB-231,0.047659721775683256
Hum_XLOC_040858,MDA-MB-231,0.05916369498906991
Hum_XLOC_040871,MDA-MB-231,0.05752791276451887
Hum_XLOC_040873,MDA-MB-231,0.07000293526991942
Hum_XLOC_040876,MDA-MB-231,0.058978548512533834
Hum_XLOC_040895,MDA-MB-231,0.06923101981376137
Hum_XLOC_040902,MDA-MB-231,0.06060174770597627
Hum_XLOC_040919,MDA-MB-231,0.07833450246255934
Hum_XLOC_040922,MDA-MB-231,0.05535543472442297
Hum_XLOC_040961,MDA-MB-231,0.06419681469545141
Hum_XLOC_040964,MDA-MB-231,0.07707666099917182
Hum_XLOC_040966,MDA-MB-231,0.04981449790806808
Hum_XLOC_040967,MDA-MB-231,0.05629245470025797
Hum_XLOC_040972,MDA-MB-231,0.06767931297847837
Hum_XLOC_040973,MDA-MB-231,0.07970858072134676
Hum_XLOC_040974,MDA-MB-231,0.07883301190043365
Hum_XLOC_040979,MDA-MB-231,0.07610488800927413
Hum_XLOC_040984,MDA-MB-231,0.07645317545011167
Hum_XLOC_041006,MDA-MB-231,0.04436744665279433
Hum_XLOC_041009,MDA-MB-231,0.04634936545573005
Hum_XLOC_041012,MDA-MB-231,0.026755779183211897
Hum_XLOC_041019,MDA-MB-231,0.06999978849103457
Hum_XLOC_041024,MDA-MB-231,0.03145010269745995
Hum_XLOC_041044,MDA-MB-231,0.0656280052159129
Hum_XLOC_041045,MDA-MB-231,0.06189455848364764
Hum_XLOC_041046,MDA-MB-231,0.07710677557156045
Hum_XLOC_041047,MDA-MB-231,0.06328173599900298
Hum_XLOC_041065,MDA-MB-231,0.06274009012702225
Hum_XLOC_041069,MDA-MB-231,0.06163323681388914
Hum_XLOC_041079,MDA-MB-231,0.03640498060882676
Hum_XLOC_041087,MDA-MB-231,0.07891028358948232
Hum_XLOC_041089,MDA-MB-231,0.0673486143223347
Hum_XLOC_041091,MDA-MB-231,0.06049456413282767
Hum_XLOC_041097,MDA-MB-231,0.05043960074196058
Hum_XLOC_041099,MDA-MB-231,0.0496291818602958
Hum_XLOC_041107,MDA-MB-231,0.05787553857074345
Hum_XLOC_041111,MDA-MB-231,0.06895810336715319
Hum_XLOC_041114,MDA-MB-231,0.02427536296217987
Hum_XLOC_041117,MDA-MB-231,0.05977204537385779
Hum_XLOC_041127,MDA-MB-231,0.06770781597676384
Hum_XLOC_041130,MDA-MB-231,0.040157035360748196
Hum_XLOC_041152,MDA-MB-231,0.05004776134767615
Hum_XLOC_041155,MDA-MB-231,0.06388403702374305
Hum_XLOC_041156,MDA-MB-231,0.023367522695834825
Hum_XLOC_041168,MDA-MB-231,0.027307190724531784
Hum_XLOC_041179,MDA-MB-231,0.057051511718484216
Hum_XLOC_041180,MDA-MB-231,0.023821440858916847
Hum_XLOC_041201,MDA-MB-231,0.08199658430231342
Hum_XLOC_041204,MDA-MB-231,0.07547749996481652
Hum_XLOC_041218,MDA-MB-231,0.05656737400870797
Hum_XLOC_041242,MDA-MB-231,0.06022858345217358
Hum_XLOC_041243,MDA-MB-231,0.06099770504823901
Hum_XLOC_041249,MDA-MB-231,0.02168853440146113
Hum_XLOC_041253,MDA-MB-231,0.05206658294247542
Hum_XLOC_041257,MDA-MB-231,0.07433041260048145
Hum_XLOC_041278,MDA-MB-231,0.0498931442700125
Hum_XLOC_041282,MDA-MB-231,0.05127263415966768
Hum_XLOC_041285,MDA-MB-231,0.07185255932406946
Hum_XLOC_041288,MDA-MB-231,0.02347912770873007
Hum_XLOC_041303,MDA-MB-231,0.049226059266386644
Hum_XLOC_041311,MDA-MB-231,0.0569162871494745
Hum_XLOC_041327,MDA-MB-231,0.06641862831007203
Hum_XLOC_041359,MDA-MB-231,0.06707491546840808
Hum_XLOC_041399,MDA-MB-231,0.06889375231724956
Hum_XLOC_041402,MDA-MB-231,0.06851064006548
Hum_XLOC_041415,MDA-MB-231,0.040716181709109595
Hum_XLOC_041435,MDA-MB-231,0.06047699667261451
Hum_XLOC_041448,MDA-MB-231,0.06479699163067372
Hum_XLOC_041458,MDA-MB-231,0.06386953532069634
Hum_XLOC_041461,MDA-MB-231,0.0579453697347008
Hum_XLOC_041480,MDA-MB-231,0.0676420255803944
Hum_XLOC_041487,MDA-MB-231,0.05982762372027864
Hum_XLOC_041492,MDA-MB-231,0.023300079727402598
Hum_XLOC_041496,MDA-MB-231,0.033798891787944464
Hum_XLOC_041509,MDA-MB-231,0.06000746725607737
Hum_XLOC_041532,MDA-MB-231,0.05725080901755076
Hum_XLOC_041539,MDA-MB-231,0.056585044318137996
Hum_XLOC_041541,MDA-MB-231,0.043134400393928934
Hum_XLOC_041548,MDA-MB-231,0.056258959979966786
Hum_XLOC_041555,MDA-MB-231,0.035673546840989626
Hum_XLOC_041564,MDA-MB-231,0.041994740944212745
Hum_XLOC_041567,MDA-MB-231,0.05562991238798973
Hum_XLOC_041598,MDA-MB-231,0.04111159240868797
Hum_XLOC_041608,MDA-MB-231,0.028938552460165398
Hum_XLOC_041622,MDA-MB-231,0.06452466899046427
Hum_XLOC_041624,MDA-MB-231,0.0592839474999646
Hum_XLOC_041638,MDA-MB-231,0.07064466188180506
Hum_XLOC_041647,MDA-MB-231,0.0370270058615439
Hum_XLOC_041657,MDA-MB-231,0.06955943970278203
Hum_XLOC_041677,MDA-MB-231,0.041816754342576576
Hum_XLOC_041693,MDA-MB-231,0.06493977781144263
Hum_XLOC_041708,MDA-MB-231,0.041286937503686116
Hum_XLOC_041721,MDA-MB-231,0.05628336363318617
Hum_XLOC_041722,MDA-MB-231,0.062160615342960635
Hum_XLOC_041728,MDA-MB-231,0.0529845969048819
Hum_XLOC_041734,MDA-MB-231,0.05762694344829447
Hum_XLOC_041736,MDA-MB-231,0.052599784505223256
Hum_XLOC_041743,MDA-MB-231,0.05388386772879353
Hum_XLOC_041768,MDA-MB-231,0.06250071166691706
Hum_XLOC_041797,MDA-MB-231,0.052625608923140284
Hum_XLOC_041807,MDA-MB-231,0.0631584414203064
Hum_XLOC_041818,MDA-MB-231,0.061699931354492046
Hum_XLOC_041840,MDA-MB-231,0.057676765529136004
Hum_XLOC_041841,MDA-MB-231,0.057163004318762846
Hum_XLOC_041842,MDA-MB-231,0.05404094837179394
Hum_XLOC_041847,MDA-MB-231,0.06941797062662339
Hum_XLOC_041848,MDA-MB-231,0.0729311117810269
Hum_XLOC_041853,MDA-MB-231,0.06801705120405832
Hum_XLOC_041858,MDA-MB-231,0.0648692524492255
Hum_XLOC_041864,MDA-MB-231,0.058896720497546615
Hum_XLOC_041866,MDA-MB-231,0.06950424665900505
Hum_XLOC_041867,MDA-MB-231,0.06568784115218321
Hum_XLOC_041868,MDA-MB-231,0.06092368062343974
Hum_XLOC_041872,MDA-MB-231,0.06634403500039301
Hum_XLOC_041887,MDA-MB-231,0.06156666829690503
Hum_XLOC_041889,MDA-MB-231,0.045853519218478064
Hum_XLOC_041894,MDA-MB-231,0.04053707165669032
Hum_XLOC_041911,MDA-MB-231,0.03654175746342479
Hum_XLOC_041912,MDA-MB-231,0.050551492678185206
Hum_XLOC_041916,MDA-MB-231,0.04687756875828512
Hum_XLOC_041919,MDA-MB-231,0.06204032404053193
Hum_XLOC_041988,MDA-MB-231,0.03305711584530898
Hum_XLOC_041999,MDA-MB-231,0.03746402577124789
Hum_XLOC_042010,MDA-MB-231,0.06451326163107399
Hum_XLOC_042017,MDA-MB-231,0.06450265820101526
Hum_XLOC_042027,MDA-MB-231,0.0631339887080597
Hum_XLOC_042028,MDA-MB-231,0.061967538304412526
Hum_XLOC_042030,MDA-MB-231,0.046530651019975895
Hum_XLOC_042040,MDA-MB-231,0.05950075800145543
Hum_XLOC_042081,MDA-MB-231,0.0435077370289532
Hum_XLOC_042082,MDA-MB-231,0.06761208766042408
Hum_XLOC_042093,MDA-MB-231,0.04236834209590227
Hum_XLOC_042107,MDA-MB-231,0.07279363284156379
Hum_XLOC_042113,MDA-MB-231,0.03226077204333493
Hum_XLOC_042116,MDA-MB-231,0.06465140054166016
Hum_XLOC_042147,MDA-MB-231,0.08626338361710521
Hum_XLOC_042149,MDA-MB-231,0.05576039789303042
Hum_XLOC_042209,MDA-MB-231,0.02946631013874247
Hum_XLOC_042223,MDA-MB-231,0.06747679620244453
Hum_XLOC_042224,MDA-MB-231,0.05791091899064725
Hum_XLOC_042226,MDA-MB-231,0.056080665569242696
Hum_XLOC_042240,MDA-MB-231,0.06206851174886448
Hum_XLOC_042254,MDA-MB-231,0.06423432722856262
Hum_XLOC_042268,MDA-MB-231,0.06363285669420521
Hum_XLOC_042281,MDA-MB-231,0.05219524905731528
Hum_XLOC_042284,MDA-MB-231,0.07237840814717442
Hum_XLOC_042301,MDA-MB-231,0.06752972638346522
Hum_XLOC_042304,MDA-MB-231,0.06718295149706333
Hum_XLOC_042324,MDA-MB-231,0.029909496358083702
Hum_XLOC_042360,MDA-MB-231,0.07030698412299746
Hum_XLOC_042379,MDA-MB-231,0.03613524717721642
Hum_XLOC_042392,MDA-MB-231,0.06158439670558001
Hum_XLOC_042402,MDA-MB-231,0.07046518919718067
Hum_XLOC_042407,MDA-MB-231,0.09756420609531283
Hum_XLOC_042411,MDA-MB-231,0.0329115577045217
Hum_XLOC_042412,MDA-MB-231,0.06363481449995174
Hum_XLOC_042436,MDA-MB-231,0.025756478512056834
Hum_XLOC_042438,MDA-MB-231,0.06285357024937936
Hum_XLOC_042441,MDA-MB-231,0.06794785839426293
Hum_XLOC_042442,MDA-MB-231,0.06422906421956233
Hum_XLOC_042443,MDA-MB-231,0.05990945207024927
Hum_XLOC_042449,MDA-MB-231,0.049644862337415455
Hum_XLOC_042453,MDA-MB-231,0.060550626305176075
Hum_XLOC_042461,MDA-MB-231,0.04774339013347187
Hum_XLOC_042475,MDA-MB-231,0.02627023563584632
Hum_XLOC_042479,MDA-MB-231,0.06058403302315553
Hum_XLOC_042485,MDA-MB-231,0.05607784702599569
Hum_XLOC_042489,MDA-MB-231,0.07208450403939752
Hum_XLOC_042493,MDA-MB-231,0.06962017363456313
Hum_XLOC_042494,MDA-MB-231,0.05271222246078222
Hum_XLOC_042505,MDA-MB-231,0.05557232395002226
Hum_XLOC_042510,MDA-MB-231,0.02534143473104477
Hum_XLOC_042512,MDA-MB-231,0.05390243204315168
Hum_XLOC_042514,MDA-MB-231,0.029671448611180724
Hum_XLOC_042516,MDA-MB-231,0.024787271558294396
Hum_XLOC_042545,MDA-MB-231,0.07110391151262382
Hum_XLOC_042551,MDA-MB-231,0.028946580354333833
Hum_XLOC_042553,MDA-MB-231,0.053931261406183144
Hum_XLOC_042562,MDA-MB-231,0.07429180858196627
Hum_XLOC_042566,MDA-MB-231,0.06789606821361137
Hum_XLOC_042571,MDA-MB-231,0.06538766970102076
Hum_XLOC_042579,MDA-MB-231,0.050963817795054725
Hum_XLOC_042582,MDA-MB-231,0.07131486082584422
Hum_XLOC_042589,MDA-MB-231,0.0650349909483176
Hum_XLOC_042649,MDA-MB-231,0.06046562115839604
Hum_XLOC_042651,MDA-MB-231,0.07627850317147433
Hum_XLOC_042658,MDA-MB-231,0.053401461745901324
Hum_XLOC_042659,MDA-MB-231,0.061468275698897276
Hum_XLOC_042664,MDA-MB-231,0.08941138057757674
Hum_XLOC_042666,MDA-MB-231,0.06539591785742657
Hum_XLOC_042669,MDA-MB-231,0.04866493583685716
Hum_XLOC_042670,MDA-MB-231,0.04912244353218349
Hum_XLOC_042671,MDA-MB-231,0.05800982000602177
Hum_XLOC_042678,MDA-MB-231,0.04419154816666063
Hum_XLOC_042681,MDA-MB-231,0.04402305400430665
Hum_XLOC_042685,MDA-MB-231,0.06706798177127454
Hum_XLOC_042709,MDA-MB-231,0.03788544186065432
Hum_XLOC_042710,MDA-MB-231,0.058016663094233714
Hum_XLOC_042718,MDA-MB-231,0.060082341992577906
Hum_XLOC_042728,MDA-MB-231,0.06741276575703298
Hum_XLOC_042739,MDA-MB-231,0.07642217905628629
Hum_XLOC_042749,MDA-MB-231,0.08100091878311644
Hum_XLOC_042751,MDA-MB-231,0.07257659046309001
Hum_XLOC_042761,MDA-MB-231,0.07985123813873501
Hum_XLOC_042774,MDA-MB-231,0.07738464494596196
Hum_XLOC_042799,MDA-MB-231,0.05915574971919893
Hum_XLOC_042802,MDA-MB-231,0.046057662250495825
Hum_XLOC_042804,MDA-MB-231,0.02601184447892876
Hum_XLOC_042805,MDA-MB-231,0.04604152790013684
Hum_XLOC_042814,MDA-MB-231,0.04279012940811617
Hum_XLOC_042820,MDA-MB-231,0.08152793594050346
Hum_XLOC_042821,MDA-MB-231,0.06477565702297797
Hum_XLOC_042822,MDA-MB-231,0.06923230281713294
Hum_XLOC_042830,MDA-MB-231,0.06836824681442634
Hum_XLOC_042846,MDA-MB-231,0.06661660937136266
Hum_XLOC_042847,MDA-MB-231,0.05894164701846441
Hum_XLOC_042848,MDA-MB-231,0.0503356502125455
Hum_XLOC_042853,MDA-MB-231,0.054600625021149166
Hum_XLOC_042856,MDA-MB-231,0.06497306443194767
Hum_XLOC_042861,MDA-MB-231,0.06775100639254475
Hum_XLOC_042875,MDA-MB-231,0.0728729540348109
Hum_XLOC_042885,MDA-MB-231,0.08831265890414249
Hum_XLOC_042906,MDA-MB-231,0.04478348459242491
Hum_XLOC_042911,MDA-MB-231,0.02854696813183696
Hum_XLOC_042915,MDA-MB-231,0.07900168280669687
Hum_XLOC_042952,MDA-MB-231,0.06660894544896376
Hum_XLOC_042983,MDA-MB-231,0.05384469219115543
Hum_XLOC_042989,MDA-MB-231,0.028530861685499384
Hum_XLOC_042992,MDA-MB-231,0.05493649352412516
Hum_XLOC_043011,MDA-MB-231,0.05522695073573447
Hum_XLOC_043046,MDA-MB-231,0.028128086847757285
Hum_XLOC_043051,MDA-MB-231,0.05188364732526067
Hum_XLOC_043055,MDA-MB-231,0.050640982717682734
Hum_XLOC_043057,MDA-MB-231,0.052360481441804184
Hum_XLOC_043067,MDA-MB-231,0.04791552471418048
Hum_XLOC_043075,MDA-MB-231,0.04116550937689006
Hum_XLOC_043078,MDA-MB-231,0.08024742448092975
Hum_XLOC_043080,MDA-MB-231,0.04485616451393108
Hum_XLOC_043089,MDA-MB-231,0.06269768433567306
Hum_XLOC_043090,MDA-MB-231,0.048337547488258616
Hum_XLOC_043102,MDA-MB-231,0.037795466230880745
Hum_XLOC_043111,MDA-MB-231,0.06839368876361332
Hum_XLOC_043113,MDA-MB-231,0.06176953234096317
Hum_XLOC_043129,MDA-MB-231,0.05025050320923251
Hum_XLOC_043134,MDA-MB-231,0.06933479080197774
Hum_XLOC_043135,MDA-MB-231,0.03894978288653814
Hum_XLOC_043155,MDA-MB-231,0.057994099509841975
Hum_XLOC_043168,MDA-MB-231,0.03233626015052763
Hum_XLOC_043180,MDA-MB-231,0.051103274590180325
Hum_XLOC_043181,MDA-MB-231,0.06453210066033759
Hum_XLOC_043182,MDA-MB-231,0.03942960035989153
Hum_XLOC_043197,MDA-MB-231,0.06938990789045028
Hum_XLOC_043198,MDA-MB-231,0.06828728934588252
Hum_XLOC_043201,MDA-MB-231,0.04295811580967314
Hum_XLOC_043212,MDA-MB-231,0.060587071049461066
Hum_XLOC_043215,MDA-MB-231,0.04359111598961286
Hum_XLOC_043238,MDA-MB-231,0.05099016938700704
Hum_XLOC_043261,MDA-MB-231,0.05856269718468574
Hum_XLOC_043266,MDA-MB-231,0.05945851048288
Hum_XLOC_043272,MDA-MB-231,0.04348960648935663
Hum_XLOC_043274,MDA-MB-231,0.0715718910624222
Hum_XLOC_043279,MDA-MB-231,0.05692444879673329
Hum_XLOC_043283,MDA-MB-231,0.03528335801736744
Hum_XLOC_043299,MDA-MB-231,0.03574151832131298
Hum_XLOC_043300,MDA-MB-231,0.06209606259625522
Hum_XLOC_043310,MDA-MB-231,0.05658760392978027
Hum_XLOC_043319,MDA-MB-231,0.03666177135344226
Hum_XLOC_043326,MDA-MB-231,0.06019893975893846
Hum_XLOC_043328,MDA-MB-231,0.06186848982699056
Hum_XLOC_043329,MDA-MB-231,0.048034798511156857
Hum_XLOC_043336,MDA-MB-231,0.05399866712486662
Hum_XLOC_043339,MDA-MB-231,0.07667981315867317
Hum_XLOC_043359,MDA-MB-231,0.03219932620980667
Hum_XLOC_043371,MDA-MB-231,0.020262943103383012
Hum_XLOC_043393,MDA-MB-231,0.05592618052927381
Hum_XLOC_043395,MDA-MB-231,0.059463259639048596
Hum_XLOC_043397,MDA-MB-231,0.027366755387504015
Hum_XLOC_043427,MDA-MB-231,0.07264651141519352
Hum_XLOC_043428,MDA-MB-231,0.06702253220398899
Hum_XLOC_043437,MDA-MB-231,0.06290782864886084
Hum_XLOC_043441,MDA-MB-231,0.05072130594976552
Hum_XLOC_043462,MDA-MB-231,0.026400104500870665
Hum_XLOC_043463,MDA-MB-231,0.023487129012724612
Hum_XLOC_043464,MDA-MB-231,0.07286973310808278
Hum_XLOC_043465,MDA-MB-231,0.05310198965691024
Hum_XLOC_043508,MDA-MB-231,0.06848525769517567
Hum_XLOC_043510,MDA-MB-231,0.05218479146036233
Hum_XLOC_043543,MDA-MB-231,0.0688846829374999
Hum_XLOC_043544,MDA-MB-231,0.06368240295281723
Hum_XLOC_043545,MDA-MB-231,0.029270912127752558
Hum_XLOC_043548,MDA-MB-231,0.04424207525380218
Hum_XLOC_043554,MDA-MB-231,0.07811272311552779
Hum_XLOC_043555,MDA-MB-231,0.03237497298371056
Hum_XLOC_043561,MDA-MB-231,0.025730731891445386
Hum_XLOC_043575,MDA-MB-231,0.05020356752980088
Hum_XLOC_043579,MDA-MB-231,0.0597573792806429
Hum_XLOC_043590,MDA-MB-231,0.07246876330225566
Hum_XLOC_043599,MDA-MB-231,0.0658066522598684
Hum_XLOC_043601,MDA-MB-231,0.05937537451855765
Hum_XLOC_043603,MDA-MB-231,0.059284589364758805
Hum_XLOC_043608,MDA-MB-231,0.037283633524893514
Hum_XLOC_043616,MDA-MB-231,0.04135586292206464
Hum_XLOC_043621,MDA-MB-231,0.06107680021208534
Hum_XLOC_043633,MDA-MB-231,0.05698815538047061
Hum_XLOC_043642,MDA-MB-231,0.07643938620605187
Hum_XLOC_043647,MDA-MB-231,0.05632258162525365
Hum_XLOC_043654,MDA-MB-231,0.05692586851927767
Hum_XLOC_043655,MDA-MB-231,0.04201717506790495
Hum_XLOC_043659,MDA-MB-231,0.0638962942016604
Hum_XLOC_043666,MDA-MB-231,0.06378867847424358
Hum_XLOC_043672,MDA-MB-231,0.04250660806058405
Hum_XLOC_043675,MDA-MB-231,0.04989474600469006
Hum_XLOC_043689,MDA-MB-231,0.026320940335660514
Hum_XLOC_043713,MDA-MB-231,0.031642541983573434
Hum_XLOC_043719,MDA-MB-231,0.07021400723716545
Hum_XLOC_043725,MDA-MB-231,0.06590979191870737
Hum_XLOC_043742,MDA-MB-231,0.07274218191292237
Hum_XLOC_043745,MDA-MB-231,0.03866497073875433
Hum_XLOC_043746,MDA-MB-231,0.11883288299159814
Hum_XLOC_043750,MDA-MB-231,0.03236791042765207
Hum_XLOC_043758,MDA-MB-231,0.06251244186352158
Hum_XLOC_043764,MDA-MB-231,0.07091147320087723
Hum_XLOC_043780,MDA-MB-231,0.0531889380751197
Hum_XLOC_043782,MDA-MB-231,0.058989639663233374
Hum_XLOC_043803,MDA-MB-231,0.02599835424748707
Hum_XLOC_043806,MDA-MB-231,0.022403332253721403
Hum_XLOC_043814,MDA-MB-231,0.0629653676442826
Hum_XLOC_043836,MDA-MB-231,0.059548535980832595
Hum_XLOC_043846,MDA-MB-231,0.054557763123419076
Hum_XLOC_043854,MDA-MB-231,0.057093300599872804
Hum_XLOC_043856,MDA-MB-231,0.0268543019759013
Hum_XLOC_043864,MDA-MB-231,0.058572304842497765
Hum_XLOC_043886,MDA-MB-231,0.027756601238223853
Hum_XLOC_043898,MDA-MB-231,0.05491975523790953
Hum_XLOC_043906,MDA-MB-231,0.06292199290791556
Hum_XLOC_043913,MDA-MB-231,0.06878105172082877
Hum_XLOC_043918,MDA-MB-231,0.06980547177715829
Hum_XLOC_043923,MDA-MB-231,0.057957987118925025
Hum_XLOC_043928,MDA-MB-231,0.07791328167629669
Hum_XLOC_043946,MDA-MB-231,0.06004785875164195
Hum_XLOC_043966,MDA-MB-231,0.07891892398422795
Hum_XLOC_043970,MDA-MB-231,0.03276883884372522
Hum_XLOC_043980,MDA-MB-231,0.04030444750850201
Hum_XLOC_043981,MDA-MB-231,0.05903701053945722
Hum_XLOC_043989,MDA-MB-231,0.05962255622128458
Hum_XLOC_043990,MDA-MB-231,0.06238636327538742
Hum_XLOC_043996,MDA-MB-231,0.030497664185423264
Hum_XLOC_044002,MDA-MB-231,0.07703159471578541
Hum_XLOC_044003,MDA-MB-231,0.03084189214939781
Hum_XLOC_044006,MDA-MB-231,0.03214040377968427
Hum_XLOC_044011,MDA-MB-231,0.024427125085350148
Hum_XLOC_044012,MDA-MB-231,0.0684531272996902
Hum_XLOC_044023,MDA-MB-231,0.03974333270451449
Hum_XLOC_044049,MDA-MB-231,0.03476140183542537
Hum_XLOC_044052,MDA-MB-231,0.05440300536027244
Hum_XLOC_044066,MDA-MB-231,0.06186429404128482
Hum_XLOC_044076,MDA-MB-231,0.04777728644320707
Hum_XLOC_044094,MDA-MB-231,0.060698644135056504
Hum_XLOC_044110,MDA-MB-231,0.04148208316495993
Hum_XLOC_044111,MDA-MB-231,0.03209123225581383
Hum_XLOC_044120,MDA-MB-231,0.05158288561566156
Hum_XLOC_044135,MDA-MB-231,0.06711915061194965
Hum_XLOC_044138,MDA-MB-231,0.05003196003571699
Hum_XLOC_044148,MDA-MB-231,0.05217993250560095
Hum_XLOC_044151,MDA-MB-231,0.045989187539920685
Hum_XLOC_044179,MDA-MB-231,0.06805140696040468
Hum_XLOC_044193,MDA-MB-231,0.07322116296376219
Hum_XLOC_044208,MDA-MB-231,0.06935120891780547
Hum_XLOC_044210,MDA-MB-231,0.07405848030965821
Hum_XLOC_044219,MDA-MB-231,0.06708441179704207
Hum_XLOC_044230,MDA-MB-231,0.04817013949419961
Hum_XLOC_044237,MDA-MB-231,0.045401817122616345
Hum_XLOC_044240,MDA-MB-231,0.02785085873825792
Hum_XLOC_044242,MDA-MB-231,0.027362893262966606
Hum_XLOC_044243,MDA-MB-231,0.02633786645008513
Hum_XLOC_044246,MDA-MB-231,0.07119867163521891
Hum_XLOC_044247,MDA-MB-231,0.054826527956050516
Hum_XLOC_044264,MDA-MB-231,0.044270745395179445
Hum_XLOC_044269,MDA-MB-231,0.075522026858351
Hum_XLOC_044270,MDA-MB-231,0.051594811502206114
Hum_XLOC_044281,MDA-MB-231,0.052896287122718266
Hum_XLOC_044283,MDA-MB-231,0.08256109018201542
Hum_XLOC_044287,MDA-MB-231,0.05355955373227547
Hum_XLOC_044305,MDA-MB-231,0.054412484984057125
Hum_XLOC_044306,MDA-MB-231,0.07626836728322696
Hum_XLOC_044352,MDA-MB-231,0.037331614801567076
Hum_XLOC_044359,MDA-MB-231,0.07260464513047633
Hum_XLOC_044366,MDA-MB-231,0.08470607521862888
Hum_XLOC_044370,MDA-MB-231,0.07280111744620675
Hum_XLOC_044371,MDA-MB-231,0.08178158355402262
Hum_XLOC_044383,MDA-MB-231,0.05898827839273603
Hum_XLOC_044385,MDA-MB-231,0.03125014102641144
Hum_XLOC_044403,MDA-MB-231,0.07109643327905116
Hum_XLOC_044417,MDA-MB-231,0.03699007176056478
Hum_XLOC_044418,MDA-MB-231,0.027514742273788653
Hum_XLOC_044436,MDA-MB-231,0.06574772034750967
Hum_XLOC_044448,MDA-MB-231,0.05040916396404379
Hum_XLOC_044484,MDA-MB-231,0.08832486655325862
Hum_XLOC_044501,MDA-MB-231,0.0592167237221391
Hum_XLOC_044505,MDA-MB-231,0.07720632918187084
Hum_XLOC_044527,MDA-MB-231,0.059983972650684864
Hum_XLOC_044529,MDA-MB-231,0.03724265956810838
Hum_XLOC_044530,MDA-MB-231,0.08733186452949247
Hum_XLOC_044531,MDA-MB-231,0.033010598329957196
Hum_XLOC_044533,MDA-MB-231,0.05053404754919526
Hum_XLOC_044544,MDA-MB-231,0.049987283025985006
Hum_XLOC_044575,MDA-MB-231,0.06026643506743293
Hum_XLOC_044610,MDA-MB-231,0.06819104697331403
Hum_XLOC_044616,MDA-MB-231,0.07162948516923195
Hum_XLOC_044621,MDA-MB-231,0.059830295641239095
Hum_XLOC_044624,MDA-MB-231,0.060126379017577704
Hum_XLOC_044634,MDA-MB-231,0.0599053664570896
Hum_XLOC_044667,MDA-MB-231,0.234937098563012
Hum_XLOC_044671,MDA-MB-231,0.07091108616642804
Hum_XLOC_044673,MDA-MB-231,0.03697013608717491
Hum_XLOC_044676,MDA-MB-231,0.04024435054178912
Hum_XLOC_044678,MDA-MB-231,0.04398570838925213
Hum_XLOC_044685,MDA-MB-231,0.05974605519218183
Hum_XLOC_044749,MDA-MB-231,0.049775241256456715
Hum_XLOC_044750,MDA-MB-231,0.034701166366391006
Hum_XLOC_044772,MDA-MB-231,0.061995092744370074
Hum_XLOC_044776,MDA-MB-231,0.09078325900878381
Hum_XLOC_044782,MDA-MB-231,0.05972984067123761
Hum_XLOC_044794,MDA-MB-231,0.06280542431552827
Hum_XLOC_044800,MDA-MB-231,0.0726869533885329
Hum_XLOC_044824,MDA-MB-231,0.030708027357855536
Hum_XLOC_044828,MDA-MB-231,0.048143567343745225
Hum_XLOC_044854,MDA-MB-231,0.03500485773526518
Hum_XLOC_044874,MDA-MB-231,0.06722380444834206
Hum_XLOC_044877,MDA-MB-231,0.06519358392414781
Hum_XLOC_044881,MDA-MB-231,0.052282046831617274
Hum_XLOC_044926,MDA-MB-231,0.06054798805993564
Hum_XLOC_044932,MDA-MB-231,0.05180012342452932
Hum_XLOC_044938,MDA-MB-231,0.062168646610776784
Hum_XLOC_044949,MDA-MB-231,0.07525459483765225
Hum_XLOC_044952,MDA-MB-231,0.05020353591653105
Hum_XLOC_044957,MDA-MB-231,0.0654996545477399
Hum_XLOC_044972,MDA-MB-231,0.04121597427868138
Hum_XLOC_044999,MDA-MB-231,0.0511368927561401
Hum_XLOC_045018,MDA-MB-231,0.06685017440130378
Hum_XLOC_045058,MDA-MB-231,0.03243253107783438
Hum_XLOC_045062,MDA-MB-231,0.0694380837071214
Hum_XLOC_045066,MDA-MB-231,0.04063935544671264
Hum_XLOC_045068,MDA-MB-231,0.046614861554944285
Hum_XLOC_045075,MDA-MB-231,0.07147958098980714
Hum_XLOC_045076,MDA-MB-231,0.06811465210778628
Hum_XLOC_045078,MDA-MB-231,0.058435544209360694
Hum_XLOC_045079,MDA-MB-231,0.0652125022769556
Hum_XLOC_045100,MDA-MB-231,0.05829185995752365
Hum_XLOC_045105,MDA-MB-231,0.06914997338161394
Hum_XLOC_045106,MDA-MB-231,0.03997822237804971
Hum_XLOC_045107,MDA-MB-231,0.048952568276399766
Hum_XLOC_045112,MDA-MB-231,0.049128297615516466
Hum_XLOC_045120,MDA-MB-231,0.04797329149750077
Hum_XLOC_045128,MDA-MB-231,0.06042782128108264
Hum_XLOC_045133,MDA-MB-231,0.040142045648487175
Hum_XLOC_045136,MDA-MB-231,0.06987152668429758
Hum_XLOC_045143,MDA-MB-231,0.04917924364965272
Hum_XLOC_045148,MDA-MB-231,0.0462113521182746
Hum_XLOC_045167,MDA-MB-231,0.03616114642679878
Hum_XLOC_045169,MDA-MB-231,0.06676881545963041
Hum_XLOC_045170,MDA-MB-231,0.02393920534207649
Hum_XLOC_045175,MDA-MB-231,0.06622315038873888
Hum_XLOC_045186,MDA-MB-231,0.06306296420845488
Hum_XLOC_045207,MDA-MB-231,0.05429346982363918
Hum_XLOC_045211,MDA-MB-231,0.021283267992673244
Hum_XLOC_045215,MDA-MB-231,0.05027835630484446
Hum_XLOC_045217,MDA-MB-231,0.05272281341884454
Hum_XLOC_045246,MDA-MB-231,0.06838752475265172
Hum_XLOC_045256,MDA-MB-231,0.04863409562148328
Hum_XLOC_045278,MDA-MB-231,0.04007214730222515
Hum_XLOC_045298,MDA-MB-231,0.02722001776673411
Hum_XLOC_045301,MDA-MB-231,0.06557504091177604
Hum_XLOC_045303,MDA-MB-231,0.06255993668841567
Hum_XLOC_045312,MDA-MB-231,0.0520924210533049
Hum_XLOC_045315,MDA-MB-231,0.0222284611880055
Hum_XLOC_045336,MDA-MB-231,0.053779859816885545
Hum_XLOC_045337,MDA-MB-231,0.12627008492107766
Hum_XLOC_045345,MDA-MB-231,0.060379549257476434
Hum_XLOC_045371,MDA-MB-231,0.05437997531043588
Hum_XLOC_045374,MDA-MB-231,0.07879238045986009
Hum_XLOC_045375,MDA-MB-231,0.05206049693025359
Hum_XLOC_045377,MDA-MB-231,0.06749406288074207
Hum_XLOC_045378,MDA-MB-231,0.04670085358469054
Hum_XLOC_045379,MDA-MB-231,0.069995330869001
Hum_XLOC_045383,MDA-MB-231,0.07398777986660601
Hum_XLOC_045394,MDA-MB-231,0.04642087982904878
Hum_XLOC_045404,MDA-MB-231,0.062183871844345553
Hum_XLOC_045406,MDA-MB-231,0.045422495969454746
Hum_XLOC_045413,MDA-MB-231,0.041037929434448644
Hum_XLOC_045416,MDA-MB-231,0.05522546790927589
Hum_XLOC_045417,MDA-MB-231,0.06686158919644553
Hum_XLOC_045418,MDA-MB-231,0.03333611832360967
Hum_XLOC_045427,MDA-MB-231,0.06969746516578931
Hum_XLOC_045432,MDA-MB-231,0.0392489223109403
Hum_XLOC_045436,MDA-MB-231,0.06967192293851356
Hum_XLOC_045441,MDA-MB-231,0.06097091297481776
Hum_XLOC_045446,MDA-MB-231,0.07079704807090223
Hum_XLOC_045451,MDA-MB-231,0.05286699009440609
Hum_XLOC_045460,MDA-MB-231,0.06602049987600955
Hum_XLOC_045469,MDA-MB-231,0.06513548018377202
Hum_XLOC_045491,MDA-MB-231,0.0369206776516891
Hum_XLOC_045494,MDA-MB-231,0.0503745358918837
Hum_XLOC_045524,MDA-MB-231,0.02758811530310695
Hum_XLOC_045527,MDA-MB-231,0.09031709771656334
Hum_XLOC_045528,MDA-MB-231,0.026326259862008983
Hum_XLOC_045544,MDA-MB-231,0.023083078224757796
Hum_XLOC_045567,MDA-MB-231,0.040254018911580924
Hum_XLOC_045569,MDA-MB-231,0.021351486165394656
Hum_XLOC_045570,MDA-MB-231,0.06567734850015948
Hum_XLOC_045572,MDA-MB-231,0.03897584026295196
Hum_XLOC_045584,MDA-MB-231,0.05212721303275962
Hum_XLOC_045588,MDA-MB-231,0.05743174957648194
Hum_XLOC_045593,MDA-MB-231,0.054097285664161165
Hum_XLOC_045596,MDA-MB-231,0.06960824618031175
Hum_XLOC_045597,MDA-MB-231,0.04445081866388114
Hum_XLOC_045612,MDA-MB-231,0.06522950123806992
Hum_XLOC_045617,MDA-MB-231,0.24131962669965257
Hum_XLOC_045624,MDA-MB-231,0.0707786772613599
Hum_XLOC_045625,MDA-MB-231,0.0737407205474192
Hum_XLOC_045638,MDA-MB-231,0.058628001596229475
Hum_XLOC_045649,MDA-MB-231,0.07083609419515673
Hum_XLOC_045650,MDA-MB-231,0.07001818768310171
Hum_XLOC_045661,MDA-MB-231,0.07108282477696164
Hum_XLOC_045662,MDA-MB-231,0.09002782479109134
Hum_XLOC_045667,MDA-MB-231,0.05760845082274383
Hum_XLOC_045674,MDA-MB-231,0.04582493243598106
Hum_XLOC_045699,MDA-MB-231,0.06910745783161731
Hum_XLOC_045726,MDA-MB-231,0.01563649972083356
Hum_XLOC_045731,MDA-MB-231,0.06073142748646812
Hum_XLOC_045735,MDA-MB-231,0.027069712562198204
Hum_XLOC_045736,MDA-MB-231,0.0670627200707787
Hum_XLOC_045741,MDA-MB-231,0.05176060262738748
Hum_XLOC_045787,MDA-MB-231,0.05375330929924196
Hum_XLOC_045809,MDA-MB-231,0.0521504481332677
Hum_XLOC_045816,MDA-MB-231,0.06505086463652077
Hum_XLOC_045817,MDA-MB-231,0.09364190332530808
Hum_XLOC_045847,MDA-MB-231,0.07072500805292659
Hum_XLOC_045868,MDA-MB-231,0.05312045352773203
Hum_XLOC_045874,MDA-MB-231,0.04362723497735618
Hum_XLOC_045881,MDA-MB-231,0.03504383531335012
Hum_XLOC_045897,MDA-MB-231,0.0510392397450018
Hum_XLOC_045903,MDA-MB-231,0.05149223580422475
Hum_XLOC_045906,MDA-MB-231,0.05273164732648852
Hum_XLOC_045934,MDA-MB-231,0.06317552922793415
Hum_XLOC_045940,MDA-MB-231,0.023253654825951264
Hum_XLOC_045946,MDA-MB-231,0.030208802013381504
Hum_XLOC_045973,MDA-MB-231,0.04784947208847906
Hum_XLOC_045974,MDA-MB-231,0.17442129411018578
Hum_XLOC_045975,MDA-MB-231,0.04885288469428841
Hum_XLOC_045982,MDA-MB-231,0.06015620189814594
Hum_XLOC_045986,MDA-MB-231,0.047180179529001276
Hum_XLOC_045992,MDA-MB-231,0.0337025630672152
Hum_XLOC_045993,MDA-MB-231,0.028767841024736767
Hum_XLOC_045995,MDA-MB-231,0.030587228191306718
Hum_XLOC_046002,MDA-MB-231,0.06185434756560142
Hum_XLOC_046015,MDA-MB-231,0.0607382080251807
Hum_XLOC_046021,MDA-MB-231,0.028558183729182257
Hum_XLOC_046036,MDA-MB-231,0.0515246462970267
Hum_XLOC_046089,MDA-MB-231,0.04977153292680553
Hum_XLOC_046132,MDA-MB-231,0.036421138891538266
Hum_XLOC_046138,MDA-MB-231,0.06066479096996379
Hum_XLOC_046153,MDA-MB-231,0.03116160112322711
Hum_XLOC_046171,MDA-MB-231,0.06769872348991363
Hum_XLOC_046172,MDA-MB-231,0.06950901450201255
Hum_XLOC_046176,MDA-MB-231,0.06642165917115976
Hum_XLOC_046191,MDA-MB-231,0.04349212849440319
Hum_XLOC_046203,MDA-MB-231,0.06546384254977161
Hum_XLOC_046213,MDA-MB-231,0.06401156087936505
Hum_XLOC_046214,MDA-MB-231,0.05659228484595387
Hum_XLOC_046222,MDA-MB-231,0.0696812721974979
Hum_XLOC_046225,MDA-MB-231,0.05818547352700518
Hum_XLOC_046227,MDA-MB-231,0.029551213682263735
Hum_XLOC_046233,MDA-MB-231,0.027616928144650082
Hum_XLOC_046286,MDA-MB-231,0.056604504648862006
Hum_XLOC_046298,MDA-MB-231,0.04129685944195995
Hum_XLOC_046329,MDA-MB-231,0.02500176254157692
Hum_XLOC_046357,MDA-MB-231,0.07847377575228592
Hum_XLOC_046373,MDA-MB-231,0.030233428935563925
Hum_XLOC_046396,MDA-MB-231,0.07027906799361869
Hum_XLOC_046399,MDA-MB-231,0.02627318436563193
Hum_XLOC_046421,MDA-MB-231,0.04964016120264278
Hum_XLOC_046428,MDA-MB-231,0.05870148137018673
Hum_XLOC_046430,MDA-MB-231,0.040466291692815536
Hum_XLOC_046486,MDA-MB-231,0.07669751800856037
Hum_XLOC_046494,MDA-MB-231,0.06439557351469022
Hum_XLOC_046509,MDA-MB-231,0.07204224534351375
Hum_XLOC_046513,MDA-MB-231,0.035934842197319
Hum_XLOC_046518,MDA-MB-231,0.06722874100224752
Hum_XLOC_046519,MDA-MB-231,0.055253093577958275
Hum_XLOC_046535,MDA-MB-231,0.054921676638684955
Hum_XLOC_046556,MDA-MB-231,0.0545357670014772
Hum_XLOC_046570,MDA-MB-231,0.05601269648157981
Hum_XLOC_046571,MDA-MB-231,0.0586908816442955
Hum_XLOC_046592,MDA-MB-231,0.0507575497817076
Hum_XLOC_046597,MDA-MB-231,0.05636570645759271
Hum_XLOC_046631,MDA-MB-231,0.06203882537269363
Hum_XLOC_046634,MDA-MB-231,0.047964327605077836
Hum_XLOC_046685,MDA-MB-231,0.059327674689253186
Hum_XLOC_046694,MDA-MB-231,0.06415260541037258
Hum_XLOC_046706,MDA-MB-231,0.05330698147138254
Hum_XLOC_046709,MDA-MB-231,0.059803046866241535
Hum_XLOC_046740,MDA-MB-231,0.05323061844481693
Hum_XLOC_046748,MDA-MB-231,0.05361264529420372
Hum_XLOC_046772,MDA-MB-231,0.03433300453369034
Hum_XLOC_046776,MDA-MB-231,0.06293534146738593
Hum_XLOC_046777,MDA-MB-231,0.07402260993748369
Hum_XLOC_046781,MDA-MB-231,0.0565188500979218
Hum_XLOC_046804,MDA-MB-231,0.08370831729403233
Hum_XLOC_046807,MDA-MB-231,0.07216408438415947
Hum_XLOC_046817,MDA-MB-231,0.045624435038686274
Hum_XLOC_046821,MDA-MB-231,0.06714510597177538
Hum_XLOC_046823,MDA-MB-231,0.026158918692871142
Hum_XLOC_046830,MDA-MB-231,0.07381901900681877
Hum_XLOC_046838,MDA-MB-231,0.03454430381952687
Hum_XLOC_046854,MDA-MB-231,0.06549764236640186
Hum_XLOC_046863,MDA-MB-231,0.027579326331416326
Hum_XLOC_046868,MDA-MB-231,0.05634181096461995
Hum_XLOC_046870,MDA-MB-231,0.05044739351512167
Hum_XLOC_046872,MDA-MB-231,0.037067896263505276
Hum_XLOC_046934,MDA-MB-231,0.02727225548033174
Hum_XLOC_046948,MDA-MB-231,0.02462179804919102
Hum_XLOC_046951,MDA-MB-231,0.06813812671206648
Hum_XLOC_046954,MDA-MB-231,0.06529798406672498
Hum_XLOC_046957,MDA-MB-231,0.06971027141594796
Hum_XLOC_046970,MDA-MB-231,0.06023806562620333
Hum_XLOC_046971,MDA-MB-231,0.06367843881895023
Hum_XLOC_046980,MDA-MB-231,0.05084611100063081
Hum_XLOC_047002,MDA-MB-231,0.0537961303521165
Hum_XLOC_047018,MDA-MB-231,0.02494780057984435
Hum_XLOC_047020,MDA-MB-231,0.04426414543861179
Hum_XLOC_047022,MDA-MB-231,0.07322788515370893
Hum_XLOC_047038,MDA-MB-231,0.054834704660782815
Hum_XLOC_047046,MDA-MB-231,0.02964102892526046
Hum_XLOC_047071,MDA-MB-231,0.035531974943690744
Hum_XLOC_047074,MDA-MB-231,0.05499260473405128
Hum_XLOC_047076,MDA-MB-231,0.06925538103263719
Hum_XLOC_047078,MDA-MB-231,0.0735201185770522
Hum_XLOC_047080,MDA-MB-231,0.06741383780111368
Hum_XLOC_047092,MDA-MB-231,0.06548849432562523
Hum_XLOC_047104,MDA-MB-231,0.03498670243951301
Hum_XLOC_047105,MDA-MB-231,0.05573824101975266
Hum_XLOC_047119,MDA-MB-231,0.06074761627037599
Hum_XLOC_047139,MDA-MB-231,0.06063922928502178
Hum_XLOC_047156,MDA-MB-231,0.07456826978102328
Hum_XLOC_047157,MDA-MB-231,0.060326292877216886
Hum_XLOC_047182,MDA-MB-231,0.05195005761258571
Hum_XLOC_047187,MDA-MB-231,0.06157617409393908
Hum_XLOC_047188,MDA-MB-231,0.06739756349626132
Hum_XLOC_047189,MDA-MB-231,0.049044940659491776
Hum_XLOC_047194,MDA-MB-231,0.03359908325293908
Hum_XLOC_047197,MDA-MB-231,0.02129752700191969
Hum_XLOC_047223,MDA-MB-231,0.03940137904327178
Hum_XLOC_047226,MDA-MB-231,0.07497610768795729
Hum_XLOC_047230,MDA-MB-231,0.0617655806498404
Hum_XLOC_047242,MDA-MB-231,0.049621796926161324
Hum_XLOC_047245,MDA-MB-231,0.07873847972366631
Hum_XLOC_047247,MDA-MB-231,0.29831545181460895
Hum_XLOC_047313,MDA-MB-231,0.04529470911375963
Hum_XLOC_047316,MDA-MB-231,0.06057933202328449
Hum_XLOC_047324,MDA-MB-231,0.06927389431533394
Hum_XLOC_047341,MDA-MB-231,0.063595869058453
Hum_XLOC_047370,MDA-MB-231,0.03247750127352725
Hum_XLOC_047378,MDA-MB-231,0.020159672361165684
Hum_XLOC_047398,MDA-MB-231,0.06007095050833268
Hum_XLOC_047405,MDA-MB-231,0.029142589662208014
Hum_XLOC_047418,MDA-MB-231,0.04087205434255063
Hum_XLOC_047421,MDA-MB-231,0.04056631800782651
Hum_XLOC_047422,MDA-MB-231,0.07174643705378309
Hum_XLOC_047426,MDA-MB-231,0.0326296017096172
Hum_XLOC_047454,MDA-MB-231,0.05848954855596459
Hum_XLOC_047456,MDA-MB-231,0.04389040739257985
Hum_XLOC_047523,MDA-MB-231,0.06755809895358576
Hum_XLOC_047542,MDA-MB-231,0.027537279248942205
Hum_XLOC_047543,MDA-MB-231,0.07642303175423504
Hum_XLOC_047545,MDA-MB-231,0.049216847711968756
Hum_XLOC_047559,MDA-MB-231,0.058817440937201086
Hum_XLOC_047561,MDA-MB-231,0.04741898604365811
Hum_XLOC_047573,MDA-MB-231,0.03495059995913058
Hum_XLOC_047579,MDA-MB-231,0.06299118493256721
Hum_XLOC_047581,MDA-MB-231,0.04389760045229553
Hum_XLOC_047591,MDA-MB-231,0.0774836775608639
Hum_XLOC_047596,MDA-MB-231,0.023828314118678775
Hum_XLOC_047619,MDA-MB-231,0.06224669676803379
Hum_XLOC_047624,MDA-MB-231,0.07348177761186117
Hum_XLOC_047625,MDA-MB-231,0.04664215823686171
Hum_XLOC_047648,MDA-MB-231,0.06640446275031842
Hum_XLOC_047673,MDA-MB-231,0.05945863696064092
Hum_XLOC_047683,MDA-MB-231,0.03915598263129679
Hum_XLOC_047686,MDA-MB-231,0.053587020028562984
Hum_XLOC_047687,MDA-MB-231,0.05716457067317761
Hum_XLOC_047698,MDA-MB-231,0.05948499470230701
Hum_XLOC_047705,MDA-MB-231,0.05238410782205467
Hum_XLOC_047715,MDA-MB-231,0.06264049892109981
Hum_XLOC_047716,MDA-MB-231,0.029002962053211637
Hum_XLOC_047726,MDA-MB-231,0.03381799919840682
Hum_XLOC_047745,MDA-MB-231,0.06164379332097631
Hum_XLOC_047751,MDA-MB-231,0.06094099144670835
Hum_XLOC_047759,MDA-MB-231,0.029022885800657955
Hum_XLOC_047761,MDA-MB-231,0.055809296276955
Hum_XLOC_047762,MDA-MB-231,0.07375047193841477
Hum_XLOC_047763,MDA-MB-231,0.04484377467769782
Hum_XLOC_047794,MDA-MB-231,0.041825960255183245
Hum_XLOC_047796,MDA-MB-231,0.11699085965732033
Hum_XLOC_047797,MDA-MB-231,0.05161398176691704
Hum_XLOC_047798,MDA-MB-231,0.11266411684453043
Hum_XLOC_047801,MDA-MB-231,0.0850699955113023
Hum_XLOC_047817,MDA-MB-231,0.05234241302679836
Hum_XLOC_047818,MDA-MB-231,0.025034065169964224
Hum_XLOC_047821,MDA-MB-231,0.052587083078290076
Hum_XLOC_047835,MDA-MB-231,0.05641565362848916
Hum_XLOC_047841,MDA-MB-231,0.0648865654183998
Hum_XLOC_047850,MDA-MB-231,0.04645251970969989
Hum_XLOC_047858,MDA-MB-231,0.038418437959929295
Hum_XLOC_047879,MDA-MB-231,0.07028942360746299
Hum_XLOC_047883,MDA-MB-231,0.06637540131235686
Hum_XLOC_047924,MDA-MB-231,0.058444477330602713
Hum_XLOC_047929,MDA-MB-231,0.037057608601332004
Hum_XLOC_047934,MDA-MB-231,0.06565898255706146
Hum_XLOC_047958,MDA-MB-231,0.07242611366102229
Hum_XLOC_047959,MDA-MB-231,0.031375735491150504
Hum_XLOC_047974,MDA-MB-231,0.07394080200600288
Hum_XLOC_047977,MDA-MB-231,0.07803500602011226
Hum_XLOC_047997,MDA-MB-231,0.05782640082376054
Hum_XLOC_048007,MDA-MB-231,0.07884941368494415
Hum_XLOC_048009,MDA-MB-231,0.07381287758191883
Hum_XLOC_048010,MDA-MB-231,0.06879710799145673
Hum_XLOC_048056,MDA-MB-231,0.05902622042689647
Hum_XLOC_048065,MDA-MB-231,0.03440044487923564
Hum_XLOC_048089,MDA-MB-231,0.05224862472698669
Hum_XLOC_048091,MDA-MB-231,0.07151813722723116
Hum_XLOC_048117,MDA-MB-231,0.06276432494371786
Hum_XLOC_048118,MDA-MB-231,0.05603200842375859
Hum_XLOC_048121,MDA-MB-231,0.08131247404216731
Hum_XLOC_048131,MDA-MB-231,0.037873296928284284
Hum_XLOC_048142,MDA-MB-231,0.04941966545262483
Hum_XLOC_048148,MDA-MB-231,0.06334628558205306
Hum_XLOC_048150,MDA-MB-231,0.03335762137345992
Hum_XLOC_048158,MDA-MB-231,0.053043297363101795
Hum_XLOC_048161,MDA-MB-231,0.06349008074760713
Hum_XLOC_048168,MDA-MB-231,0.0697001023990181
Hum_XLOC_048172,MDA-MB-231,0.054005259507865624
Hum_XLOC_048188,MDA-MB-231,0.07054316933920461
Hum_XLOC_048193,MDA-MB-231,0.027286313398844176
Hum_XLOC_048195,MDA-MB-231,0.027069544806447195
Hum_XLOC_048203,MDA-MB-231,0.03385521778905278
Hum_XLOC_048206,MDA-MB-231,0.05332150439373847
Hum_XLOC_048219,MDA-MB-231,0.06167848165768794
Hum_XLOC_048220,MDA-MB-231,0.06529268764968825
Hum_XLOC_048224,MDA-MB-231,0.048953399084796845
Hum_XLOC_048225,MDA-MB-231,0.022669466671992343
Hum_XLOC_048228,MDA-MB-231,0.08041458827826888
Hum_XLOC_048235,MDA-MB-231,0.06157476832956604
Hum_XLOC_048238,MDA-MB-231,0.056915539399528065
Hum_XLOC_048250,MDA-MB-231,0.06470019679329447
Hum_XLOC_048253,MDA-MB-231,0.05803003805236757
Hum_XLOC_048254,MDA-MB-231,0.05600382622807975
Hum_XLOC_048258,MDA-MB-231,0.05943712170064901
Hum_XLOC_048295,MDA-MB-231,0.06871468038361395
Hum_XLOC_048303,MDA-MB-231,0.06934424174116205
Hum_XLOC_048309,MDA-MB-231,0.05436579604260549
Hum_XLOC_048333,MDA-MB-231,0.028762948286600913
Hum_XLOC_048375,MDA-MB-231,0.024513605514465568
Hum_XLOC_048385,MDA-MB-231,0.06847173758991906
Hum_XLOC_048399,MDA-MB-231,0.04032670882687042
Hum_XLOC_048400,MDA-MB-231,0.08572788111185586
Hum_XLOC_048410,MDA-MB-231,0.028390528934488065
Hum_XLOC_048419,MDA-MB-231,0.040059509504866454
Hum_XLOC_048443,MDA-MB-231,0.05743856289955401
Hum_XLOC_048448,MDA-MB-231,0.05016415794707053
Hum_XLOC_048455,MDA-MB-231,0.0547741044543273
Hum_XLOC_048473,MDA-MB-231,0.050659511164098996
Hum_XLOC_048475,MDA-MB-231,0.04154894215433739
Hum_XLOC_048480,MDA-MB-231,0.06363285710754786
Hum_XLOC_048502,MDA-MB-231,0.04510751522367504
Hum_XLOC_048505,MDA-MB-231,0.04576188652265128
Hum_XLOC_048506,MDA-MB-231,0.0676803813751514
Hum_XLOC_048520,MDA-MB-231,0.02046618089656484
Hum_XLOC_048524,MDA-MB-231,0.0666631106677031
Hum_XLOC_048534,MDA-MB-231,0.052822509575512974
Hum_XLOC_048539,MDA-MB-231,0.07365649076720446
Hum_XLOC_048541,MDA-MB-231,0.032489196424719424
Hum_XLOC_048578,MDA-MB-231,0.05873424088758524
Hum_XLOC_048580,MDA-MB-231,0.02998558994857787
Hum_XLOC_048593,MDA-MB-231,0.0455036390895889
Hum_XLOC_048626,MDA-MB-231,0.029608771309777134
Hum_XLOC_048667,MDA-MB-231,0.06583763026350312
Hum_XLOC_048668,MDA-MB-231,0.03672356511977764
Hum_XLOC_048673,MDA-MB-231,0.07054621544807363
Hum_XLOC_048687,MDA-MB-231,0.04125023328470924
Hum_XLOC_048700,MDA-MB-231,0.02275088197573609
Hum_XLOC_048706,MDA-MB-231,0.052500494201883824
Hum_XLOC_048714,MDA-MB-231,0.0614991605518259
Hum_XLOC_048716,MDA-MB-231,0.05752612353150226
Hum_XLOC_048721,MDA-MB-231,0.0610670791793577
Hum_XLOC_048722,MDA-MB-231,0.0542314546234828
Hum_XLOC_048736,MDA-MB-231,0.04820259184978735
Hum_XLOC_048737,MDA-MB-231,0.0683033668687207
Hum_XLOC_048739,MDA-MB-231,0.0557620126600719
Hum_XLOC_048744,MDA-MB-231,0.054244537096461994
Hum_XLOC_048753,MDA-MB-231,0.029713170880347764
Hum_XLOC_048754,MDA-MB-231,0.05275422977900966
Hum_XLOC_048776,MDA-MB-231,0.06873998774385708
Hum_XLOC_048781,MDA-MB-231,0.06668458393162449
Hum_XLOC_048783,MDA-MB-231,0.03987847798513473
Hum_XLOC_048784,MDA-MB-231,0.045215406539139656
Hum_XLOC_048789,MDA-MB-231,0.043481807566942365
Hum_XLOC_048798,MDA-MB-231,0.06448033766846017
Hum_XLOC_048816,MDA-MB-231,0.07333894575643786
Hum_XLOC_048817,MDA-MB-231,0.05646208600977219
Hum_XLOC_048840,MDA-MB-231,0.02219174320176146
Hum_XLOC_048842,MDA-MB-231,0.059969436989299005
Hum_XLOC_048859,MDA-MB-231,0.07088976759043594
Hum_XLOC_048868,MDA-MB-231,0.06623267387586146
Hum_XLOC_048891,MDA-MB-231,0.06536671650921506
Hum_XLOC_048903,MDA-MB-231,0.06842101148486099
Hum_XLOC_048906,MDA-MB-231,0.07981951323684833
Hum_XLOC_048909,MDA-MB-231,0.0642667141151335
Hum_XLOC_048935,MDA-MB-231,0.04766240576919078
Hum_XLOC_048941,MDA-MB-231,0.033672676807851784
Hum_XLOC_048942,MDA-MB-231,0.05003509777450889
Hum_XLOC_048945,MDA-MB-231,0.0700437975084744
Hum_XLOC_048957,MDA-MB-231,0.024530647113654467
Hum_XLOC_048965,MDA-MB-231,0.05330730470334839
Hum_XLOC_048966,MDA-MB-231,0.05061796851660175
Hum_XLOC_048978,MDA-MB-231,0.05051276623271231
Hum_XLOC_048988,MDA-MB-231,0.023717892658072393
Hum_XLOC_048999,MDA-MB-231,0.058760188877468214
Hum_XLOC_049000,MDA-MB-231,0.061251835765202156
Hum_XLOC_049006,MDA-MB-231,0.04429233777292721
Hum_XLOC_049007,MDA-MB-231,0.06265003681394268
Hum_XLOC_049009,MDA-MB-231,0.04280726916132781
Hum_XLOC_049024,MDA-MB-231,0.06503383102452147
Hum_XLOC_049028,MDA-MB-231,0.061778415628177756
Hum_XLOC_049037,MDA-MB-231,0.06147961197275366
Hum_XLOC_049040,MDA-MB-231,0.06174750274411504
Hum_XLOC_049043,MDA-MB-231,0.056509068308480445
Hum_XLOC_049062,MDA-MB-231,0.05836678541308655
Hum_XLOC_049063,MDA-MB-231,0.07559771934861839
Hum_XLOC_049064,MDA-MB-231,0.06323809904950066
Hum_XLOC_049075,MDA-MB-231,0.03286926591167662
Hum_XLOC_049084,MDA-MB-231,0.052711398911110374
Hum_XLOC_049094,MDA-MB-231,0.07844146248739278
Hum_XLOC_049099,MDA-MB-231,0.050890957442696325
Hum_XLOC_049102,MDA-MB-231,0.06445049565758672
Hum_XLOC_049106,MDA-MB-231,0.06751264984152042
Hum_XLOC_049109,MDA-MB-231,0.029329046585422975
Hum_XLOC_049120,MDA-MB-231,0.02831259630369823
Hum_XLOC_049127,MDA-MB-231,0.07573035068328218
Hum_XLOC_049129,MDA-MB-231,0.07451099403319336
Hum_XLOC_049179,MDA-MB-231,0.06751634493957755
Hum_XLOC_049180,MDA-MB-231,0.05322677078162713
Hum_XLOC_049193,MDA-MB-231,0.057307232642464616
Hum_XLOC_049195,MDA-MB-231,0.026310224916045247
Hum_XLOC_049198,MDA-MB-231,0.02713021477054943
Hum_XLOC_049207,MDA-MB-231,0.06309382196374205
Hum_XLOC_049228,MDA-MB-231,0.05025543935738485
Hum_XLOC_049229,MDA-MB-231,0.06743905595421386
Hum_XLOC_049235,MDA-MB-231,0.051124599114386486
Hum_XLOC_049252,MDA-MB-231,0.06079870383513522
Hum_XLOC_049269,MDA-MB-231,0.06798535765405289
Hum_XLOC_049270,MDA-MB-231,0.051459041508707844
Hum_XLOC_049275,MDA-MB-231,0.08996806772466742
Hum_XLOC_049290,MDA-MB-231,0.043521098880646106
Hum_XLOC_049291,MDA-MB-231,0.027213680421220635
Hum_XLOC_049293,MDA-MB-231,0.029253285784867623
Hum_XLOC_049298,MDA-MB-231,0.057900006848844936
Hum_XLOC_049317,MDA-MB-231,0.06277876402303723
Hum_XLOC_049340,MDA-MB-231,0.07123734526354386
Hum_XLOC_049345,MDA-MB-231,0.07483430658400471
Hum_XLOC_049347,MDA-MB-231,0.05588616891155464
Hum_XLOC_049360,MDA-MB-231,0.02486237712534501
Hum_XLOC_049368,MDA-MB-231,0.0772656202844129
Hum_XLOC_049374,MDA-MB-231,0.0632308501737226
Hum_XLOC_049381,MDA-MB-231,0.05824002084903858
Hum_XLOC_049398,MDA-MB-231,0.04793462467259017
Hum_XLOC_049400,MDA-MB-231,0.03425730170188679
Hum_XLOC_049404,MDA-MB-231,0.09166115136438882
Hum_XLOC_049412,MDA-MB-231,0.05898369139620556
Hum_XLOC_049413,MDA-MB-231,0.044250268387152514
Hum_XLOC_049438,MDA-MB-231,0.08841920067794395
Hum_XLOC_049439,MDA-MB-231,0.0526715921231203
Hum_XLOC_049446,MDA-MB-231,0.0709302337373283
Hum_XLOC_049450,MDA-MB-231,0.06024766586459636
Hum_XLOC_049457,MDA-MB-231,0.06422904617961298
Hum_XLOC_049478,MDA-MB-231,0.058639782364119285
Hum_XLOC_049481,MDA-MB-231,0.02867818999623692
Hum_XLOC_049503,MDA-MB-231,0.16710079610545908
Hum_XLOC_049540,MDA-MB-231,0.05141876970763634
Hum_XLOC_049546,MDA-MB-231,0.02876967917497961
Hum_XLOC_049551,MDA-MB-231,0.06608798992368792
Hum_XLOC_049554,MDA-MB-231,0.07174152018718989
Hum_XLOC_049559,MDA-MB-231,0.07495340631661744
Hum_XLOC_049562,MDA-MB-231,0.05364280201829333
Hum_XLOC_049569,MDA-MB-231,0.07114394894175727
Hum_XLOC_049571,MDA-MB-231,0.055544990830417924
Hum_XLOC_049600,MDA-MB-231,0.06896549587080608
Hum_XLOC_049636,MDA-MB-231,0.06348854284092562
Hum_XLOC_049647,MDA-MB-231,0.0595236018877222
Hum_XLOC_049682,MDA-MB-231,0.03133376263979833
Hum_XLOC_049683,MDA-MB-231,0.058533540498743084
Hum_XLOC_049684,MDA-MB-231,0.06515286775186513
Hum_XLOC_049692,MDA-MB-231,0.06195389553100375
Hum_XLOC_049696,MDA-MB-231,0.05448359152765065
Hum_XLOC_049699,MDA-MB-231,0.06747207032162877
Hum_XLOC_049700,MDA-MB-231,0.036875593426441
Hum_XLOC_049714,MDA-MB-231,0.049228768363200615
Hum_XLOC_049742,MDA-MB-231,0.025993228990843935
Hum_XLOC_049746,MDA-MB-231,0.0408757736662133
Hum_XLOC_049747,MDA-MB-231,0.04496489755586006
Hum_XLOC_049749,MDA-MB-231,0.06613298798501906
Hum_XLOC_049750,MDA-MB-231,0.07002341241714662
Hum_XLOC_049769,MDA-MB-231,0.07006102733819058
Hum_XLOC_049774,MDA-MB-231,0.03726968112669279
Hum_XLOC_049776,MDA-MB-231,0.03436780766819636
Hum_XLOC_049777,MDA-MB-231,0.0430334786328431
Hum_XLOC_049783,MDA-MB-231,0.02342175519823069
Hum_XLOC_049798,MDA-MB-231,0.043810406809846214
Hum_XLOC_049805,MDA-MB-231,0.06289448645146015
Hum_XLOC_049809,MDA-MB-231,0.030744480343255078
Hum_XLOC_049810,MDA-MB-231,0.093599443535076
Hum_XLOC_049811,MDA-MB-231,0.0696995666508401
Hum_XLOC_049813,MDA-MB-231,0.06049185796835556
Hum_XLOC_049820,MDA-MB-231,0.03188938394361329
Hum_XLOC_049832,MDA-MB-231,0.038093679776762555
Hum_XLOC_049845,MDA-MB-231,0.039092689922362076
Hum_XLOC_049856,MDA-MB-231,0.07241134929606999
Hum_XLOC_049862,MDA-MB-231,0.07516782479194964
Hum_XLOC_049882,MDA-MB-231,0.023250793349527198
Hum_XLOC_049900,MDA-MB-231,0.057986990850660045
Hum_XLOC_049919,MDA-MB-231,0.05581092826646118
Hum_XLOC_049936,MDA-MB-231,0.031605661194335805
Hum_XLOC_049940,MDA-MB-231,0.2986735057597631
Hum_XLOC_049979,MDA-MB-231,0.06488517158833315
Hum_XLOC_049983,MDA-MB-231,0.02527321651723282
Hum_XLOC_049999,MDA-MB-231,0.07039288137518573
Hum_XLOC_050007,MDA-MB-231,0.03997233966447904
Hum_XLOC_050012,MDA-MB-231,0.02697117289965864
Hum_XLOC_050013,MDA-MB-231,0.068940874222487
Hum_XLOC_050022,MDA-MB-231,0.1359599948764455
Hum_XLOC_050027,MDA-MB-231,0.05310871257542983
Hum_XLOC_050042,MDA-MB-231,0.05826859920101309
Hum_XLOC_050058,MDA-MB-231,0.06639766854142923
Hum_XLOC_050079,MDA-MB-231,0.024851249485724987
Hum_XLOC_050085,MDA-MB-231,0.06690714340764405
Hum_XLOC_050091,MDA-MB-231,0.022251937149231425
Hum_XLOC_050098,MDA-MB-231,0.04035174514531207
Hum_XLOC_050112,MDA-MB-231,0.05517734741288258
Hum_XLOC_050117,MDA-MB-231,0.07094624661656244
Hum_XLOC_050122,MDA-MB-231,0.08167343506939141
Hum_XLOC_050131,MDA-MB-231,0.023271117653420974
Hum_XLOC_050137,MDA-MB-231,0.06203553574654195
Hum_XLOC_050142,MDA-MB-231,0.035657555068046506
Hum_XLOC_050149,MDA-MB-231,0.02694906872260022
Hum_XLOC_050153,MDA-MB-231,0.031155926054093223
Hum_XLOC_050163,MDA-MB-231,0.05333853410116322
Hum_XLOC_050164,MDA-MB-231,0.03995385794673894
Hum_XLOC_050180,MDA-MB-231,0.10053018992482218
Hum_XLOC_050189,MDA-MB-231,0.05084145083278789
Hum_XLOC_050197,MDA-MB-231,0.055901545950558684
Hum_XLOC_050204,MDA-MB-231,0.05745022703094824
Hum_XLOC_050210,MDA-MB-231,0.02325959339774918
Hum_XLOC_050217,MDA-MB-231,0.062452560586989
Hum_XLOC_050232,MDA-MB-231,0.0711838406046541
Hum_XLOC_050256,MDA-MB-231,0.07928835098206735
Hum_XLOC_050277,MDA-MB-231,0.07103830871081586
Hum_XLOC_050280,MDA-MB-231,0.053196035955876395
Hum_XLOC_050284,MDA-MB-231,0.041678723864437835
Hum_XLOC_050306,MDA-MB-231,0.02439263618624047
Hum_XLOC_050309,MDA-MB-231,0.05829112479919116
Hum_XLOC_050330,MDA-MB-231,0.06095443771006694
Hum_XLOC_050334,MDA-MB-231,0.047183302695413334
Hum_XLOC_050350,MDA-MB-231,0.01459709359935449
Hum_XLOC_050377,MDA-MB-231,0.030686332704468824
Hum_XLOC_050385,MDA-MB-231,0.06578343490465668
Hum_XLOC_050404,MDA-MB-231,0.058401326309187096
Hum_XLOC_050428,MDA-MB-231,0.06647015351698315
Hum_XLOC_050440,MDA-MB-231,0.05486180577030376
Hum_XLOC_050441,MDA-MB-231,0.060063097740045215
Hum_XLOC_050446,MDA-MB-231,0.05611197078920094
Hum_XLOC_050451,MDA-MB-231,0.05224478915451071
Hum_XLOC_050458,MDA-MB-231,0.06400770147266488
Hum_XLOC_050482,MDA-MB-231,0.06919792869275547
Hum_XLOC_050487,MDA-MB-231,0.06876834929791145
Hum_XLOC_050494,MDA-MB-231,0.07595690830152871
Hum_XLOC_050496,MDA-MB-231,0.05918022777521215
Hum_XLOC_050500,MDA-MB-231,0.06657761708599666
Hum_XLOC_050518,MDA-MB-231,0.05337264982994582
Hum_XLOC_050544,MDA-MB-231,0.05347704026690737
Hum_XLOC_050546,MDA-MB-231,0.06506749809283242
Hum_XLOC_050551,MDA-MB-231,0.03161947441202505
Hum_XLOC_050552,MDA-MB-231,0.056975418428265596
Hum_XLOC_050561,MDA-MB-231,0.0695727820164318
Hum_XLOC_050572,MDA-MB-231,0.06076610433121051
Hum_XLOC_050590,MDA-MB-231,0.06448197303132126
Hum_XLOC_050608,MDA-MB-231,0.0705615695685402
Hum_XLOC_050613,MDA-MB-231,0.07145786032182974
Hum_XLOC_050618,MDA-MB-231,0.034122474157966425
Hum_XLOC_050652,MDA-MB-231,0.0677466360417678
Hum_XLOC_050653,MDA-MB-231,0.024487909974423384
Hum_XLOC_050654,MDA-MB-231,0.04060642469329531
Hum_XLOC_050677,MDA-MB-231,0.06287182391864207
Hum_XLOC_050679,MDA-MB-231,0.06868248602044884
Hum_XLOC_050687,MDA-MB-231,0.04090904551907191
Hum_XLOC_050689,MDA-MB-231,0.04666443954366019
Hum_XLOC_050712,MDA-MB-231,0.061257104366774125
Hum_XLOC_050722,MDA-MB-231,0.027644078850122808
Hum_XLOC_050760,MDA-MB-231,0.06459026189838152
Hum_XLOC_050761,MDA-MB-231,0.04377404927917522
Hum_XLOC_050778,MDA-MB-231,0.05370163990700681
Hum_XLOC_050785,MDA-MB-231,0.030856285767227515
Hum_XLOC_050797,MDA-MB-231,0.02580486571063796
Hum_XLOC_050802,MDA-MB-231,0.022605380620182407
Hum_XLOC_050815,MDA-MB-231,0.06994206961044175
Hum_XLOC_050821,MDA-MB-231,0.022816147770097734
Hum_XLOC_050829,MDA-MB-231,0.052631188336569525
Hum_XLOC_050838,MDA-MB-231,0.061211687306747906
Hum_XLOC_050840,MDA-MB-231,0.06894002317837779
Hum_XLOC_050842,MDA-MB-231,0.04425343559404752
Hum_XLOC_050846,MDA-MB-231,0.039459684242732225
Hum_XLOC_050862,MDA-MB-231,0.06879427454704416
Hum_XLOC_050868,MDA-MB-231,0.029385603191755965
Hum_XLOC_050887,MDA-MB-231,0.08467254143246424
Hum_XLOC_050889,MDA-MB-231,0.07559774782468459
Hum_XLOC_050890,MDA-MB-231,0.05127249312312413
Hum_XLOC_050910,MDA-MB-231,0.05451520410176112
Hum_XLOC_050913,MDA-MB-231,0.022892260037181363
Hum_XLOC_050938,MDA-MB-231,0.029435469405249146
Hum_XLOC_050980,MDA-MB-231,0.055766035579298844
Hum_XLOC_051014,MDA-MB-231,0.06775643886471105
Hum_XLOC_051023,MDA-MB-231,0.061487487575665176
Hum_XLOC_051025,MDA-MB-231,0.04103628732173216
Hum_XLOC_051034,MDA-MB-231,0.036561515155584076
Hum_XLOC_051039,MDA-MB-231,0.04492759740783059
Hum_XLOC_051047,MDA-MB-231,0.04927877606754304
Hum_XLOC_051057,MDA-MB-231,0.07904730008855217
Hum_XLOC_051107,MDA-MB-231,0.06781931654946513
Hum_XLOC_051114,MDA-MB-231,0.06835728803011658
Hum_XLOC_051115,MDA-MB-231,0.04712509165476604
Hum_XLOC_051117,MDA-MB-231,0.03327305561313145
Hum_XLOC_051122,MDA-MB-231,0.04276346923464589
Hum_XLOC_051139,MDA-MB-231,0.05114402458630865
Hum_XLOC_051145,MDA-MB-231,0.06850361420004562
Hum_XLOC_051152,MDA-MB-231,0.061843524094865765
Hum_XLOC_051153,MDA-MB-231,0.059323627222127064
Hum_XLOC_051156,MDA-MB-231,0.04226042600901295
Hum_XLOC_051168,MDA-MB-231,0.0499113630695458
Hum_XLOC_051175,MDA-MB-231,0.028944018186977095
Hum_XLOC_051189,MDA-MB-231,0.07099966873180844
Hum_XLOC_051196,MDA-MB-231,0.0634996833500165
Hum_XLOC_051198,MDA-MB-231,0.06568661273810697
Hum_XLOC_051242,MDA-MB-231,0.0595112920624546
Hum_XLOC_051249,MDA-MB-231,0.05323651115656555
Hum_XLOC_051253,MDA-MB-231,0.0755151469136928
Hum_XLOC_051271,MDA-MB-231,0.030363053150733666
Hum_XLOC_051287,MDA-MB-231,0.061344091538928974
Hum_XLOC_051298,MDA-MB-231,0.05701966593396811
Hum_XLOC_051304,MDA-MB-231,0.04509449640915478
Hum_XLOC_051316,MDA-MB-231,0.07127870029407274
Hum_XLOC_051317,MDA-MB-231,0.03422015326432764
Hum_XLOC_051322,MDA-MB-231,0.06543510157313592
Hum_XLOC_051337,MDA-MB-231,0.02003474417913622
Hum_XLOC_051346,MDA-MB-231,0.07623685861568125
Hum_XLOC_051359,MDA-MB-231,0.053299216883639894
Hum_XLOC_051360,MDA-MB-231,0.057511107235866235
Hum_XLOC_051362,MDA-MB-231,0.028409136599687905
Hum_XLOC_051416,MDA-MB-231,0.029192868792664722
Hum_XLOC_051422,MDA-MB-231,0.05093463865853856
Hum_XLOC_051432,MDA-MB-231,0.06677609343760252
Hum_XLOC_051435,MDA-MB-231,0.0537370303007804
Hum_XLOC_051439,MDA-MB-231,0.06401699365126254
Hum_XLOC_051455,MDA-MB-231,0.04762878377160949
Hum_XLOC_051459,MDA-MB-231,0.062137666103003725
Hum_XLOC_051464,MDA-MB-231,0.05790090987746249
Hum_XLOC_051466,MDA-MB-231,0.05681065873659464
Hum_XLOC_051487,MDA-MB-231,0.06295216768951081
Hum_XLOC_051495,MDA-MB-231,0.021500134495397817
Hum_XLOC_051503,MDA-MB-231,0.07269130462165997
Hum_XLOC_051531,MDA-MB-231,0.03343576730364872
Hum_XLOC_051537,MDA-MB-231,0.056887065169487
Hum_XLOC_051541,MDA-MB-231,0.029751361376390024
Hum_XLOC_051563,MDA-MB-231,0.05650405934624527
Hum_XLOC_051569,MDA-MB-231,0.06892949688806108
Hum_XLOC_051584,MDA-MB-231,0.07499972985358076
Hum_XLOC_051596,MDA-MB-231,0.048947060875289175
Hum_XLOC_051598,MDA-MB-231,0.033449913222248606
Hum_XLOC_051604,MDA-MB-231,0.03492097353477243
Hum_XLOC_051606,MDA-MB-231,0.04674435613605454
Hum_XLOC_051607,MDA-MB-231,0.05841120440986765
Hum_XLOC_051628,MDA-MB-231,0.0886095804551526
Hum_XLOC_051678,MDA-MB-231,0.06342344733719638
Hum_XLOC_051691,MDA-MB-231,0.05980206531291568
Hum_XLOC_051703,MDA-MB-231,0.023955731541685267
Hum_XLOC_051715,MDA-MB-231,0.07234474390788945
Hum_XLOC_051719,MDA-MB-231,0.08240584615210794
Hum_XLOC_051721,MDA-MB-231,0.0539538622036205
Hum_XLOC_051726,MDA-MB-231,0.035948697905152704
Hum_XLOC_051728,MDA-MB-231,0.06915820545239645
Hum_XLOC_051751,MDA-MB-231,0.06881365775208083
Hum_XLOC_051779,MDA-MB-231,0.04377500683645025
Hum_XLOC_051796,MDA-MB-231,0.08184383313085788
Hum_XLOC_051797,MDA-MB-231,0.04998826690536241
Hum_XLOC_051822,MDA-MB-231,0.0512435465481974
Hum_XLOC_051823,MDA-MB-231,0.021069516773700198
Hum_XLOC_051836,MDA-MB-231,0.058066942724380954
Hum_XLOC_051842,MDA-MB-231,0.045296059869331856
Hum_XLOC_051843,MDA-MB-231,0.0653563016420666
Hum_XLOC_051857,MDA-MB-231,0.06643603548209373
Hum_XLOC_051861,MDA-MB-231,0.06926981310456867
Hum_XLOC_051862,MDA-MB-231,0.033881864633334396
Hum_XLOC_051877,MDA-MB-231,0.04626533881427239
Hum_XLOC_051883,MDA-MB-231,0.067104437805157
Hum_XLOC_051913,MDA-MB-231,0.07253405901345338
Hum_XLOC_051932,MDA-MB-231,0.05252301330051222
Hum_XLOC_051954,MDA-MB-231,0.06697601479199453
Hum_XLOC_051976,MDA-MB-231,0.040152823333282024
Hum_XLOC_051987,MDA-MB-231,0.022174093738368948
Hum_XLOC_051998,MDA-MB-231,0.07204342091676777
Hum_XLOC_052001,MDA-MB-231,0.0248951761753749
Hum_XLOC_052039,MDA-MB-231,0.04268249456083794
Hum_XLOC_052047,MDA-MB-231,0.02893944582741396
Hum_XLOC_052126,MDA-MB-231,0.03705308817678207
Hum_XLOC_052145,MDA-MB-231,0.1376862093888715
Hum_XLOC_052164,MDA-MB-231,0.019674560592253372
Hum_XLOC_052202,MDA-MB-231,0.039908860288563636
Hum_XLOC_052203,MDA-MB-231,0.04664905216560224
Hum_XLOC_052207,MDA-MB-231,0.039674416205445026
Hum_XLOC_052211,MDA-MB-231,0.026639949286819772
Hum_XLOC_052212,MDA-MB-231,0.07728237512736241
Hum_XLOC_052216,MDA-MB-231,0.06274660813780823
Hum_XLOC_052218,MDA-MB-231,0.07269532128519103
Hum_XLOC_052234,MDA-MB-231,0.05012554600830473
Hum_XLOC_052245,MDA-MB-231,0.035459168661329823
Hum_XLOC_052260,MDA-MB-231,0.018791091436459913
Hum_XLOC_052265,MDA-MB-231,0.027486128560916617
Hum_XLOC_052269,MDA-MB-231,0.037283827551693016
Hum_XLOC_052271,MDA-MB-231,0.06875785936309647
Hum_XLOC_052275,MDA-MB-231,0.03953771286991177
Hum_XLOC_052285,MDA-MB-231,0.02782620928642768
Hum_XLOC_052311,MDA-MB-231,0.024291716121532744
Hum_XLOC_052313,MDA-MB-231,0.06223910129600235
Hum_XLOC_052319,MDA-MB-231,0.030353814544092594
Hum_XLOC_052329,MDA-MB-231,0.022618075740808003
Hum_XLOC_052336,MDA-MB-231,0.06062199944351358
Hum_XLOC_052349,MDA-MB-231,0.06105689159934062
Hum_XLOC_052352,MDA-MB-231,0.07830098535392645
Hum_XLOC_052354,MDA-MB-231,0.06117702916229485
Hum_XLOC_052356,MDA-MB-231,0.04063557269937578
Hum_XLOC_052366,MDA-MB-231,0.06736147144887146
Hum_XLOC_052373,MDA-MB-231,0.025535715524253357
Hum_XLOC_052381,MDA-MB-231,0.0651440363453302
Hum_XLOC_052399,MDA-MB-231,0.0504872993977647
Hum_XLOC_052411,MDA-MB-231,0.062288293761138494
Hum_XLOC_052415,MDA-MB-231,0.029333474703899735
Hum_XLOC_052422,MDA-MB-231,0.03645639128023405
Hum_XLOC_052430,MDA-MB-231,0.0460745389021874
Hum_XLOC_052446,MDA-MB-231,0.053770563494752274
Hum_XLOC_052447,MDA-MB-231,0.033904696646743386
Hum_XLOC_052449,MDA-MB-231,0.04068500389476419
Hum_XLOC_052450,MDA-MB-231,0.027854521957993584
Hum_XLOC_052469,MDA-MB-231,0.06315652918710055
Hum_XLOC_052479,MDA-MB-231,0.06920305931804112
Hum_XLOC_052489,MDA-MB-231,0.0431022947668674
Hum_XLOC_052502,MDA-MB-231,0.06487588322629588
Hum_XLOC_052515,MDA-MB-231,0.04274727480799297
Hum_XLOC_052518,MDA-MB-231,0.06717427360300146
Hum_XLOC_052522,MDA-MB-231,0.04471415436902412
Hum_XLOC_052529,MDA-MB-231,0.028587674606814432
Hum_XLOC_052565,MDA-MB-231,0.04444055872303653
Hum_XLOC_052571,MDA-MB-231,0.05552996254797084
Hum_XLOC_052576,MDA-MB-231,0.056240061994691455
Hum_XLOC_052600,MDA-MB-231,0.06948530948303432
Hum_XLOC_052610,MDA-MB-231,0.04979177119026351
Hum_XLOC_052612,MDA-MB-231,0.06807362712823203
Hum_XLOC_052614,MDA-MB-231,0.06826976454093354
Hum_XLOC_052632,MDA-MB-231,0.0598503817056171
Hum_XLOC_052651,MDA-MB-231,0.06962706680782496
Hum_XLOC_052669,MDA-MB-231,0.08398685539816111
Hum_XLOC_052672,MDA-MB-231,0.07069121426680954
Hum_XLOC_052676,MDA-MB-231,0.06695195862849702
Hum_XLOC_052677,MDA-MB-231,0.0556354531236202
Hum_XLOC_052698,MDA-MB-231,0.06299173405708917
Hum_XLOC_052703,MDA-MB-231,0.02725472898088878
Hum_XLOC_052704,MDA-MB-231,0.0645971519963294
Hum_XLOC_052727,MDA-MB-231,0.06371177626626479
Hum_XLOC_052730,MDA-MB-231,0.07323195864103667
Hum_XLOC_052742,MDA-MB-231,0.05947338848052002
Hum_XLOC_052746,MDA-MB-231,0.059678617127598144
Hum_XLOC_052748,MDA-MB-231,0.04110466267202947
Hum_XLOC_052749,MDA-MB-231,0.06497824715176928
Hum_XLOC_052753,MDA-MB-231,0.07391920581290151
Hum_XLOC_052755,MDA-MB-231,0.0746795334934627
Hum_XLOC_052779,MDA-MB-231,0.0666944684810224
Hum_XLOC_052780,MDA-MB-231,0.06080762712661292
Hum_XLOC_052784,MDA-MB-231,0.07816329109726519
Hum_XLOC_052789,MDA-MB-231,0.050404619795924754
Hum_XLOC_052802,MDA-MB-231,0.07957862743797967
Hum_XLOC_052812,MDA-MB-231,0.057768605922274
Hum_XLOC_052833,MDA-MB-231,0.0878610557534859
Hum_XLOC_052835,MDA-MB-231,0.07024901082513492
Hum_XLOC_052838,MDA-MB-231,0.06853148468309883
Hum_XLOC_052840,MDA-MB-231,0.06776557999099478
Hum_XLOC_052847,MDA-MB-231,0.04156553690404703
Hum_XLOC_052853,MDA-MB-231,0.061204800243617484
Hum_XLOC_052855,MDA-MB-231,0.061348564598611544
Hum_XLOC_052878,MDA-MB-231,0.06002346474371376
Hum_XLOC_052887,MDA-MB-231,0.05354967620404467
Hum_XLOC_052892,MDA-MB-231,0.0655744389283187
Hum_XLOC_052893,MDA-MB-231,0.14495501991693932
Hum_XLOC_052898,MDA-MB-231,0.04648775417840393
Hum_XLOC_052902,MDA-MB-231,0.06829686196504375
Hum_XLOC_052904,MDA-MB-231,0.033713009285918236
Hum_XLOC_052919,MDA-MB-231,0.05515266965942499
Hum_XLOC_052920,MDA-MB-231,0.08024721108569943
Hum_XLOC_052943,MDA-MB-231,0.05517167011986111
Hum_XLOC_052968,MDA-MB-231,0.08137463486246382
Hum_XLOC_053012,MDA-MB-231,0.02793770562118652
Hum_XLOC_053021,MDA-MB-231,0.05772534697008939
Hum_XLOC_053038,MDA-MB-231,0.06516908315504841
Hum_XLOC_053039,MDA-MB-231,0.045414559217359374
Hum_XLOC_053051,MDA-MB-231,0.0622824554087771
Hum_XLOC_053066,MDA-MB-231,0.0693742798684741
Hum_XLOC_053115,MDA-MB-231,0.04447850172286255
Hum_XLOC_053119,MDA-MB-231,0.037514152601560095
Hum_XLOC_053130,MDA-MB-231,0.030541229536877906
Hum_XLOC_053144,MDA-MB-231,0.06268573125610924
Hum_XLOC_053177,MDA-MB-231,0.044940728441716274
Hum_XLOC_053185,MDA-MB-231,0.05471460688958048
Hum_XLOC_053205,MDA-MB-231,0.027448890844926358
Hum_XLOC_053219,MDA-MB-231,0.029751104725529588
Hum_XLOC_053234,MDA-MB-231,0.04315107938332495
Hum_XLOC_053241,MDA-MB-231,0.033886156668174836
Hum_XLOC_053252,MDA-MB-231,0.06355107669028409
Hum_XLOC_053274,MDA-MB-231,0.05073991459938518
Hum_XLOC_053304,MDA-MB-231,0.06820968422371794
Hum_XLOC_053323,MDA-MB-231,0.04678939184145806
Hum_XLOC_053335,MDA-MB-231,0.060927437544179175
Hum_XLOC_053358,MDA-MB-231,0.027438303971131804
Hum_XLOC_053391,MDA-MB-231,0.07048474208411884
Hum_XLOC_053431,MDA-MB-231,0.026536291782652075
Hum_XLOC_053432,MDA-MB-231,0.6572752874897517
Hum_XLOC_053476,MDA-MB-231,0.043415376118275
Hum_XLOC_053499,MDA-MB-231,0.0281675651168127
Hum_XLOC_053526,MDA-MB-231,0.07229655665294868
Hum_XLOC_053529,MDA-MB-231,0.04267726244761064
Hum_XLOC_053533,MDA-MB-231,0.06480861662282679
Hum_XLOC_053538,MDA-MB-231,0.025190245512043734
Hum_XLOC_053544,MDA-MB-231,0.06745007091132907
Hum_XLOC_053546,MDA-MB-231,0.02461456720252458
Hum_XLOC_053548,MDA-MB-231,0.037997211457732646
Hum_XLOC_053555,MDA-MB-231,0.03609503189409139
Hum_XLOC_053566,MDA-MB-231,0.023522915049171658
Hum_XLOC_053570,MDA-MB-231,0.049641609985263194
Hum_XLOC_053575,MDA-MB-231,0.07197857525821143
Hum_XLOC_053591,MDA-MB-231,0.030511893689344136
Hum_XLOC_053593,MDA-MB-231,0.0638547415357167
Hum_XLOC_053596,MDA-MB-231,0.018872321561451296
Hum_XLOC_053612,MDA-MB-231,0.04646152291761403
Hum_XLOC_053653,MDA-MB-231,0.04726662092821929
Hum_XLOC_053684,MDA-MB-231,0.045592168898262085
Hum_XLOC_053704,MDA-MB-231,0.023309222396410888
Hum_XLOC_053731,MDA-MB-231,0.05302991607098299
Hum_XLOC_053738,MDA-MB-231,0.0575319641095701
Hum_XLOC_053739,MDA-MB-231,0.06701263427567122
Hum_XLOC_053809,MDA-MB-231,0.055816448656228465
Hum_XLOC_053831,MDA-MB-231,0.06383095435890983
Hum_XLOC_053856,MDA-MB-231,0.09985795321567378
Hum_XLOC_053859,MDA-MB-231,0.06397021505926065
Hum_XLOC_053870,MDA-MB-231,0.025693249741925155
Hum_XLOC_053884,MDA-MB-231,0.059799558725111265
Hum_XLOC_053890,MDA-MB-231,0.028772090907687484
Hum_XLOC_053892,MDA-MB-231,0.030850419096207032
Hum_XLOC_053919,MDA-MB-231,0.04406336593298884
Hum_XLOC_053937,MDA-MB-231,0.03456574698256302
Hum_XLOC_053961,MDA-MB-231,0.042321897622293075
Hum_XLOC_053977,MDA-MB-231,0.06125410954936197
Hum_XLOC_053997,MDA-MB-231,0.04900932902691637
Hum_XLOC_054002,MDA-MB-231,0.05529880802187735
Hum_XLOC_054005,MDA-MB-231,0.056436677833927126
Hum_XLOC_054028,MDA-MB-231,0.023243638899248784
Hum_XLOC_054065,MDA-MB-231,0.01676653859281588
Hum_XLOC_054068,MDA-MB-231,0.05774100504870526
Hum_XLOC_054101,MDA-MB-231,0.034136901421620035
Hum_XLOC_054114,MDA-MB-231,0.06558326554213191
Hum_XLOC_054115,MDA-MB-231,0.05144800284138954
Hum_XLOC_054117,MDA-MB-231,0.07748338396335817
Hum_XLOC_054123,MDA-MB-231,0.051062945442335944
Hum_XLOC_054124,MDA-MB-231,0.06370064468844583
Hum_XLOC_054133,MDA-MB-231,0.0643613212853773
Hum_XLOC_054148,MDA-MB-231,0.04646441241528544
Hum_XLOC_054166,MDA-MB-231,0.03055633938887847
Hum_XLOC_054169,MDA-MB-231,0.04186743382564118
Hum_XLOC_054180,MDA-MB-231,0.02586075549898336
Hum_XLOC_054190,MDA-MB-231,0.07021225832868816
Hum_XLOC_054221,MDA-MB-231,0.02027852116700085
Hum_XLOC_054223,MDA-MB-231,0.07374146018324867
Hum_XLOC_054225,MDA-MB-231,0.058548730510399036
Hum_XLOC_054239,MDA-MB-231,0.06108903207562598
Hum_XLOC_054266,MDA-MB-231,0.08217018672097366
Hum_XLOC_054305,MDA-MB-231,0.05410215999211651
Hum_XLOC_054319,MDA-MB-231,0.028157989835916494
Hum_XLOC_054333,MDA-MB-231,0.029603041660101262
Hum_XLOC_054359,MDA-MB-231,0.08331411088220644
Hum_XLOC_054375,MDA-MB-231,0.037561347231390374
Hum_XLOC_054455,MDA-MB-231,0.05109760262908591
Hum_XLOC_054456,MDA-MB-231,0.054814175993275475
Hum_XLOC_054471,MDA-MB-231,0.026171084685635428
Hum_XLOC_054478,MDA-MB-231,0.02539098145850999
Hum_XLOC_054513,MDA-MB-231,0.03743064497757371
Hum_XLOC_054530,MDA-MB-231,0.024265922618068467
Hum_XLOC_054532,MDA-MB-231,0.05056364630334732
Hum_XLOC_054548,MDA-MB-231,0.06060903481107324
Hum_XLOC_054550,MDA-MB-231,0.033264811454002514
Hum_XLOC_000006,THP1,0.09841587886781315
Hum_XLOC_000008,THP1,0.039576131378971494
Hum_XLOC_000016,THP1,0.07517726586468289
Hum_XLOC_000030,THP1,0.06481036693508467
Hum_XLOC_000033,THP1,0.06366045827583891
Hum_XLOC_000039,THP1,0.08364283909196502
Hum_XLOC_000053,THP1,0.04040267005016562
Hum_XLOC_000057,THP1,0.07393949080284472
Hum_XLOC_000060,THP1,0.07786236558292424
Hum_XLOC_000080,THP1,0.04871805410149412
Hum_XLOC_000094,THP1,0.0759219579281146
Hum_XLOC_000100,THP1,0.07695164372146364
Hum_XLOC_000105,THP1,0.029797995325278024
Hum_XLOC_000107,THP1,0.038648326695127376
Hum_XLOC_000111,THP1,0.06028451645388952
Hum_XLOC_000134,THP1,0.027174948564644592
Hum_XLOC_000143,THP1,0.08272721886474808
Hum_XLOC_000145,THP1,0.08344971316226975
Hum_XLOC_000149,THP1,0.06074336100087039
Hum_XLOC_000155,THP1,0.07795804790177532
Hum_XLOC_000169,THP1,0.08812289868238538
Hum_XLOC_000170,THP1,0.07642881827560827
Hum_XLOC_000194,THP1,0.07911038046752877
Hum_XLOC_000201,THP1,0.05746166510899283
Hum_XLOC_000231,THP1,0.07755078594896428
Hum_XLOC_000233,THP1,0.08360100779867519
Hum_XLOC_000245,THP1,0.046959185042577345
Hum_XLOC_000247,THP1,0.06180463982126244
Hum_XLOC_000248,THP1,0.06752211066402869
Hum_XLOC_000265,THP1,0.07238894655420708
Hum_XLOC_000282,THP1,0.06756192207813437
Hum_XLOC_000286,THP1,0.0881463408076017
Hum_XLOC_000292,THP1,0.023440030017265058
Hum_XLOC_000307,THP1,0.0449840330184887
Hum_XLOC_000308,THP1,0.05743553493125522
Hum_XLOC_000312,THP1,0.06624790744578843
Hum_XLOC_000314,THP1,0.04878302809803217
Hum_XLOC_000317,THP1,0.05861039003390403
Hum_XLOC_000319,THP1,0.07488673743147552
Hum_XLOC_000332,THP1,0.07544574097003626
Hum_XLOC_000338,THP1,0.10736826163063283
Hum_XLOC_000342,THP1,0.06063386370097287
Hum_XLOC_000345,THP1,0.03779617700341509
Hum_XLOC_000362,THP1,0.043963885763284014
Hum_XLOC_000377,THP1,0.061276580998874425
Hum_XLOC_000390,THP1,0.05699125097643705
Hum_XLOC_000394,THP1,0.06753076536163818
Hum_XLOC_000411,THP1,0.0772057975596798
Hum_XLOC_000415,THP1,0.0693856226974536
Hum_XLOC_000430,THP1,0.06705002911604901
Hum_XLOC_000436,THP1,0.08310561193326785
Hum_XLOC_000437,THP1,0.08233856948437845
Hum_XLOC_000456,THP1,0.09740990617905967
Hum_XLOC_000461,THP1,0.0698737764112577
Hum_XLOC_000462,THP1,0.06844087716162557
Hum_XLOC_000465,THP1,0.07364600360625614
Hum_XLOC_000472,THP1,0.0743035440569062
Hum_XLOC_000474,THP1,0.027930493822185987
Hum_XLOC_000478,THP1,0.06558787059864174
Hum_XLOC_000486,THP1,0.045511738253679636
Hum_XLOC_000490,THP1,0.051982197143150756
Hum_XLOC_000498,THP1,0.07379029455938499
Hum_XLOC_000500,THP1,0.05948617756210758
Hum_XLOC_000510,THP1,0.08277050552207493
Hum_XLOC_000535,THP1,0.06994818155788247
Hum_XLOC_000540,THP1,0.07382870341666108
Hum_XLOC_000556,THP1,0.04224541272218915
Hum_XLOC_000574,THP1,0.05615909059396411
Hum_XLOC_000575,THP1,0.06774620299904249
Hum_XLOC_000582,THP1,0.02198404563369382
Hum_XLOC_000590,THP1,0.06527958219378499
Hum_XLOC_000601,THP1,0.024789289651583106
Hum_XLOC_000604,THP1,0.06809305951483816
Hum_XLOC_000608,THP1,0.07571123522539402
Hum_XLOC_000612,THP1,0.06085291737582288
Hum_XLOC_000636,THP1,0.0819808824111375
Hum_XLOC_000638,THP1,0.07388959603221275
Hum_XLOC_000641,THP1,0.03082865007340555
Hum_XLOC_000655,THP1,0.09852414262864595
Hum_XLOC_000668,THP1,0.04933477121031523
Hum_XLOC_000680,THP1,0.031054647732207393
Hum_XLOC_000681,THP1,0.06666341330296095
Hum_XLOC_000695,THP1,0.05691499811674461
Hum_XLOC_000702,THP1,0.04857238548517108
Hum_XLOC_000726,THP1,0.07535851488877982
Hum_XLOC_000727,THP1,0.02701340779642887
Hum_XLOC_000758,THP1,0.06243810349301952
Hum_XLOC_000773,THP1,0.06456188492899538
Hum_XLOC_000774,THP1,0.076029912989341
Hum_XLOC_000797,THP1,0.022330307193754458
Hum_XLOC_000799,THP1,0.06895058022314975
Hum_XLOC_000800,THP1,0.02649503654588823
Hum_XLOC_000807,THP1,0.0644533343453445
Hum_XLOC_000818,THP1,0.07543547758960467
Hum_XLOC_000828,THP1,0.05616559727158324
Hum_XLOC_000831,THP1,0.056507436428797665
Hum_XLOC_000835,THP1,0.06969123133839535
Hum_XLOC_000840,THP1,0.06817054289288585
Hum_XLOC_000841,THP1,0.07368013599615177
Hum_XLOC_000842,THP1,0.04346238130567842
Hum_XLOC_000854,THP1,0.06661554625574018
Hum_XLOC_000855,THP1,0.048223730713546326
Hum_XLOC_000883,THP1,0.042666041166626575
Hum_XLOC_000885,THP1,0.023335447503347744
Hum_XLOC_000905,THP1,0.09197502299441099
Hum_XLOC_000917,THP1,0.05841780528837252
Hum_XLOC_000925,THP1,0.06810284338492797
Hum_XLOC_000944,THP1,0.061135548700387184
Hum_XLOC_000949,THP1,0.026163082396138564
Hum_XLOC_000953,THP1,0.04456768283389513
Hum_XLOC_000964,THP1,0.06670780606921198
Hum_XLOC_000990,THP1,0.037038463454583455
Hum_XLOC_000994,THP1,0.07184067348600745
Hum_XLOC_001020,THP1,0.05224320265396527
Hum_XLOC_001029,THP1,0.046352501638210995
Hum_XLOC_001066,THP1,0.0669256003083676
Hum_XLOC_001120,THP1,0.06199807474100847
Hum_XLOC_001121,THP1,0.07713407502991065
Hum_XLOC_001122,THP1,0.08001565189097995
Hum_XLOC_001125,THP1,0.0678646708098676
Hum_XLOC_001132,THP1,0.045364602283898436
Hum_XLOC_001138,THP1,0.03125024807318547
Hum_XLOC_001144,THP1,0.04713332828829843
Hum_XLOC_001146,THP1,0.06411328259723338
Hum_XLOC_001188,THP1,0.06846851591230885
Hum_XLOC_001191,THP1,0.0435758869739067
Hum_XLOC_001192,THP1,0.08271254276361191
Hum_XLOC_001217,THP1,0.05224314054697914
Hum_XLOC_001222,THP1,0.023396624658792428
Hum_XLOC_001228,THP1,0.0564008719468577
Hum_XLOC_001230,THP1,0.05318405657546193
Hum_XLOC_001237,THP1,0.03760550153318671
Hum_XLOC_001243,THP1,0.04475498984437667
Hum_XLOC_001275,THP1,0.04773458236056765
Hum_XLOC_001279,THP1,0.0629102999975154
Hum_XLOC_001291,THP1,0.070595476932831
Hum_XLOC_001296,THP1,0.06529646887421114
Hum_XLOC_001297,THP1,0.06205462203660395
Hum_XLOC_001309,THP1,0.03669258511044281
Hum_XLOC_001329,THP1,0.06779335845568442
Hum_XLOC_001330,THP1,0.054831194770035487
Hum_XLOC_001355,THP1,0.04942227823008537
Hum_XLOC_001366,THP1,0.05906081972060538
Hum_XLOC_001367,THP1,0.06189521188381236
Hum_XLOC_001375,THP1,0.0639225587215439
Hum_XLOC_001390,THP1,0.021388461033487488
Hum_XLOC_001405,THP1,0.031099978536780128
Hum_XLOC_001461,THP1,0.04325482227378651
Hum_XLOC_001465,THP1,0.06589496694336892
Hum_XLOC_001488,THP1,0.05120842242168438
Hum_XLOC_001490,THP1,0.06606123311336427
Hum_XLOC_001509,THP1,0.05713623453030335
Hum_XLOC_001516,THP1,0.04534362920325673
Hum_XLOC_001532,THP1,0.04657726813083782
Hum_XLOC_001539,THP1,0.07574354532405925
Hum_XLOC_001541,THP1,0.07456513812031762
Hum_XLOC_001542,THP1,0.07921155796733018
Hum_XLOC_001548,THP1,0.08176964771136983
Hum_XLOC_001559,THP1,0.06247618403418301
Hum_XLOC_001565,THP1,0.07917982613376912
Hum_XLOC_001566,THP1,0.06697677449362534
Hum_XLOC_001575,THP1,0.023120830403255334
Hum_XLOC_001580,THP1,0.028440791914264154
Hum_XLOC_001590,THP1,0.07349113037880772
Hum_XLOC_001615,THP1,0.06218981827542857
Hum_XLOC_001624,THP1,0.07159210062021823
Hum_XLOC_001639,THP1,0.06922248588768821
Hum_XLOC_001661,THP1,0.060878074273058
Hum_XLOC_001666,THP1,0.023594436933560167
Hum_XLOC_001668,THP1,0.026261462695513327
Hum_XLOC_001688,THP1,0.05597165813761026
Hum_XLOC_001689,THP1,0.07537824013326402
Hum_XLOC_001695,THP1,0.07266912321642918
Hum_XLOC_001696,THP1,0.05224550473880842
Hum_XLOC_001698,THP1,0.07740836517180817
Hum_XLOC_001707,THP1,0.07028000776007798
Hum_XLOC_001760,THP1,0.06388597084698591
Hum_XLOC_001761,THP1,0.07310145450218569
Hum_XLOC_001773,THP1,0.05243348424488926
Hum_XLOC_001775,THP1,0.06483142055313151
Hum_XLOC_001779,THP1,0.08205139868747535
Hum_XLOC_001783,THP1,0.07112327841244516
Hum_XLOC_001791,THP1,0.07645838991124243
Hum_XLOC_001805,THP1,0.0596086069511833
Hum_XLOC_001809,THP1,0.02660494125321379
Hum_XLOC_001848,THP1,0.05481668858371682
Hum_XLOC_001919,THP1,0.06934820521074775
Hum_XLOC_001941,THP1,0.050636400743799735
Hum_XLOC_001942,THP1,0.07006498161720713
Hum_XLOC_001949,THP1,0.022694568633714815
Hum_XLOC_001950,THP1,0.08685819227322474
Hum_XLOC_001953,THP1,0.046371902126419104
Hum_XLOC_001957,THP1,0.06388182910915653
Hum_XLOC_001961,THP1,0.07850576006776269
Hum_XLOC_001969,THP1,0.07941955716602532
Hum_XLOC_002024,THP1,0.056112798517955614
Hum_XLOC_002028,THP1,0.02251405132804597
Hum_XLOC_002033,THP1,0.06745933510524288
Hum_XLOC_002036,THP1,0.0589374212026222
Hum_XLOC_002037,THP1,0.0669630526326513
Hum_XLOC_002041,THP1,0.027498881665223407
Hum_XLOC_002059,THP1,0.07833437005541877
Hum_XLOC_002061,THP1,0.0296971550316277
Hum_XLOC_002068,THP1,0.02933473497784562
Hum_XLOC_002081,THP1,0.07357109849732954
Hum_XLOC_002093,THP1,0.05529558924494404
Hum_XLOC_002099,THP1,0.031349592951373954
Hum_XLOC_002144,THP1,0.07000486180786465
Hum_XLOC_002150,THP1,0.06538091479513025
Hum_XLOC_002152,THP1,0.06497728277807899
Hum_XLOC_002154,THP1,0.05754184848967908
Hum_XLOC_002169,THP1,0.08285113757119877
Hum_XLOC_002170,THP1,0.04534895546852129
Hum_XLOC_002176,THP1,0.06222749057087651
Hum_XLOC_002178,THP1,0.027794259825276897
Hum_XLOC_002186,THP1,0.0673340129266584
Hum_XLOC_002204,THP1,0.07557414301406404
Hum_XLOC_002205,THP1,0.06502655508271464
Hum_XLOC_002219,THP1,0.0661858080427317
Hum_XLOC_002244,THP1,0.06429744905317214
Hum_XLOC_002252,THP1,0.0628191300687899
Hum_XLOC_002261,THP1,0.06401039925582322
Hum_XLOC_002262,THP1,0.06656228567770582
Hum_XLOC_002265,THP1,0.06809863188677223
Hum_XLOC_002271,THP1,0.07778626056475768
Hum_XLOC_002280,THP1,0.057391863796222554
Hum_XLOC_002282,THP1,0.06777005294444806
Hum_XLOC_002283,THP1,0.08457612832160208
Hum_XLOC_002284,THP1,0.06380772838940232
Hum_XLOC_002294,THP1,0.07328746062745024
Hum_XLOC_002296,THP1,0.06185648751886151
Hum_XLOC_002299,THP1,0.053491203018522934
Hum_XLOC_002301,THP1,0.05571798626506007
Hum_XLOC_002306,THP1,0.06844792072055851
Hum_XLOC_002311,THP1,0.07458323449944258
Hum_XLOC_002313,THP1,0.06166743521210823
Hum_XLOC_002314,THP1,0.08997792525455817
Hum_XLOC_002327,THP1,0.07657384979963969
Hum_XLOC_002330,THP1,0.061685172861609926
Hum_XLOC_002338,THP1,0.059269847131432206
Hum_XLOC_002344,THP1,0.02183626533412651
Hum_XLOC_002347,THP1,0.07723998639436354
Hum_XLOC_002348,THP1,0.07560296611798722
Hum_XLOC_002362,THP1,0.02550515170966411
Hum_XLOC_002364,THP1,0.06662812239540052
Hum_XLOC_002383,THP1,0.025554294196923302
Hum_XLOC_002386,THP1,0.07098076725281567
Hum_XLOC_002390,THP1,0.07475019205618491
Hum_XLOC_002394,THP1,0.08261709539491877
Hum_XLOC_002398,THP1,0.0642108533881503
Hum_XLOC_002399,THP1,0.04374842196416817
Hum_XLOC_002408,THP1,0.028663967951273923
Hum_XLOC_002414,THP1,0.06042772819774299
Hum_XLOC_002418,THP1,0.05241909770400873
Hum_XLOC_002435,THP1,0.06490452500798238
Hum_XLOC_002440,THP1,0.056346306161272695
Hum_XLOC_002489,THP1,0.0567071666916194
Hum_XLOC_002490,THP1,0.057882366165209
Hum_XLOC_002493,THP1,0.04961137935575037
Hum_XLOC_002520,THP1,0.0801355430098552
Hum_XLOC_002524,THP1,0.028041153146402563
Hum_XLOC_002546,THP1,0.04787869254826535
Hum_XLOC_002560,THP1,0.054506014649042485
Hum_XLOC_002570,THP1,0.03366412784334595
Hum_XLOC_002577,THP1,0.05292113604729126
Hum_XLOC_002579,THP1,0.0782132376452388
Hum_XLOC_002586,THP1,0.03595221548497343
Hum_XLOC_002589,THP1,0.07729485917649304
Hum_XLOC_002629,THP1,0.0666980519466551
Hum_XLOC_002631,THP1,0.06464063507724352
Hum_XLOC_002635,THP1,0.022965237602926153
Hum_XLOC_002644,THP1,0.04979407838678907
Hum_XLOC_002646,THP1,0.05198533485960963
Hum_XLOC_002653,THP1,0.06771913275616556
Hum_XLOC_002681,THP1,0.037149696529176185
Hum_XLOC_002695,THP1,0.05978242826533553
Hum_XLOC_002702,THP1,0.02946423511270685
Hum_XLOC_002705,THP1,0.06946554990572482
Hum_XLOC_002711,THP1,0.06668952101580419
Hum_XLOC_002714,THP1,0.04460745393899987
Hum_XLOC_002717,THP1,0.062468211962654965
Hum_XLOC_002725,THP1,0.03977913460504814
Hum_XLOC_002741,THP1,0.07893978881762662
Hum_XLOC_002742,THP1,0.07315658967746491
Hum_XLOC_002744,THP1,0.026752470177872863
Hum_XLOC_002760,THP1,0.02517650987905478
Hum_XLOC_002788,THP1,0.07520381059714346
Hum_XLOC_002792,THP1,0.07092181130892422
Hum_XLOC_002796,THP1,0.0598823245681793
Hum_XLOC_002817,THP1,0.0671185015580655
Hum_XLOC_002836,THP1,0.11741039162801009
Hum_XLOC_002844,THP1,0.06592268222319851
Hum_XLOC_002845,THP1,0.07544431857289578
Hum_XLOC_002859,THP1,0.0563057567599803
Hum_XLOC_002889,THP1,0.08383609981360195
Hum_XLOC_002911,THP1,0.07426893995721448
Hum_XLOC_002935,THP1,0.0587202222872715
Hum_XLOC_002937,THP1,0.06400865030495523
Hum_XLOC_002967,THP1,0.04045880570669471
Hum_XLOC_002983,THP1,0.05613522307412
Hum_XLOC_002986,THP1,0.06355203263846737
Hum_XLOC_002990,THP1,0.052229654261704464
Hum_XLOC_003039,THP1,0.07353937642552968
Hum_XLOC_003061,THP1,0.07304764385402739
Hum_XLOC_003086,THP1,0.08944148131267074
Hum_XLOC_003099,THP1,0.04748108721606063
Hum_XLOC_003109,THP1,0.08993094135728964
Hum_XLOC_003128,THP1,0.09097360012335726
Hum_XLOC_003134,THP1,0.07768822041282893
Hum_XLOC_003137,THP1,0.04840154365425974
Hum_XLOC_003154,THP1,0.04964587863158497
Hum_XLOC_003155,THP1,0.04648781828543544
Hum_XLOC_003171,THP1,0.05372268454338336
Hum_XLOC_003209,THP1,0.048399223989635295
Hum_XLOC_003215,THP1,0.08735390863083632
Hum_XLOC_003221,THP1,0.041358248926646565
Hum_XLOC_003232,THP1,0.06615485803492331
Hum_XLOC_003268,THP1,0.06836974888574367
Hum_XLOC_003269,THP1,0.06424164407298172
Hum_XLOC_003286,THP1,0.07010551236848096
Hum_XLOC_003290,THP1,0.04032256320129686
Hum_XLOC_003294,THP1,0.05014017703842791
Hum_XLOC_003321,THP1,0.08227934736744819
Hum_XLOC_003324,THP1,0.06865348265972063
Hum_XLOC_003334,THP1,0.023340261989695264
Hum_XLOC_003337,THP1,0.05490178805239409
Hum_XLOC_003338,THP1,0.04004318313475266
Hum_XLOC_003352,THP1,0.07670541598751265
Hum_XLOC_003357,THP1,0.07801712657408383
Hum_XLOC_003361,THP1,0.07494338212986033
Hum_XLOC_003371,THP1,0.036092511006548034
Hum_XLOC_003381,THP1,0.02282460352348564
Hum_XLOC_003408,THP1,0.0318159255773624
Hum_XLOC_003436,THP1,0.042392731917186066
Hum_XLOC_003440,THP1,0.021315875749396328
Hum_XLOC_003450,THP1,0.07642440487201725
Hum_XLOC_003466,THP1,0.04676830051108112
Hum_XLOC_003488,THP1,0.05186224200776472
Hum_XLOC_003491,THP1,0.05895881284362047
Hum_XLOC_003497,THP1,0.026062390335221595
Hum_XLOC_003498,THP1,0.05707452074686674
Hum_XLOC_003502,THP1,0.07758655761162273
Hum_XLOC_003518,THP1,0.04959631750203967
Hum_XLOC_003532,THP1,0.06196396253251589
Hum_XLOC_003543,THP1,0.03675373254596766
Hum_XLOC_003554,THP1,0.11303702928045462
Hum_XLOC_003563,THP1,0.04494981049213645
Hum_XLOC_003567,THP1,0.06646520285249037
Hum_XLOC_003568,THP1,0.06838123369515843
Hum_XLOC_003570,THP1,0.053401169499594336
Hum_XLOC_003571,THP1,0.06685740191916822
Hum_XLOC_003593,THP1,0.07077125151527278
Hum_XLOC_003594,THP1,0.05176195569890223
Hum_XLOC_003598,THP1,0.05676481790512463
Hum_XLOC_003626,THP1,0.03857994247035855
Hum_XLOC_003628,THP1,0.054554820750185466
Hum_XLOC_003630,THP1,0.0691336421451255
Hum_XLOC_003641,THP1,0.06777232936939641
Hum_XLOC_003662,THP1,0.06749447497192035
Hum_XLOC_003665,THP1,0.08154848937689135
Hum_XLOC_003672,THP1,0.06884913348278267
Hum_XLOC_003673,THP1,0.05217002110369558
Hum_XLOC_003674,THP1,0.07988432470631218
Hum_XLOC_003676,THP1,0.08331091584147615
Hum_XLOC_003686,THP1,0.04142304540814552
Hum_XLOC_003697,THP1,0.02884808239620144
Hum_XLOC_003717,THP1,0.03996027465839787
Hum_XLOC_003725,THP1,0.04664863052301248
Hum_XLOC_003743,THP1,0.03439556375499479
Hum_XLOC_003754,THP1,0.07305964884997558
Hum_XLOC_003766,THP1,0.07303985085888685
Hum_XLOC_003775,THP1,0.051481448413989064
Hum_XLOC_003790,THP1,0.050938030633148605
Hum_XLOC_003799,THP1,0.0731057768654915
Hum_XLOC_003853,THP1,0.022771505886152635
Hum_XLOC_003865,THP1,0.0504088770006514
Hum_XLOC_003871,THP1,0.022605087124940425
Hum_XLOC_003891,THP1,0.04789482108930447
Hum_XLOC_003892,THP1,0.07652571391696827
Hum_XLOC_003910,THP1,0.05440244633294135
Hum_XLOC_003911,THP1,0.056929097152091185
Hum_XLOC_003952,THP1,0.07384963141294282
Hum_XLOC_003971,THP1,0.0718333312401177
Hum_XLOC_003988,THP1,0.07661798188232792
Hum_XLOC_004020,THP1,0.023869524174940152
Hum_XLOC_004035,THP1,0.07260598825783214
Hum_XLOC_004036,THP1,0.10225209466837946
Hum_XLOC_004048,THP1,0.026672311204348997
Hum_XLOC_004068,THP1,0.046092512531982065
Hum_XLOC_004069,THP1,0.03147796896810362
Hum_XLOC_004095,THP1,0.05356835824944266
Hum_XLOC_004096,THP1,0.049394002337960416
Hum_XLOC_004116,THP1,0.08724993113630276
Hum_XLOC_004123,THP1,0.020405932724309826
Hum_XLOC_004134,THP1,0.0728590398768604
Hum_XLOC_004161,THP1,0.026169248683399062
Hum_XLOC_004168,THP1,0.07556205189413229
Hum_XLOC_004169,THP1,0.026597583204879396
Hum_XLOC_004177,THP1,0.06135718641996629
Hum_XLOC_004200,THP1,0.07642439331663964
Hum_XLOC_004201,THP1,0.05691661632903912
Hum_XLOC_004219,THP1,0.05663952125099855
Hum_XLOC_004226,THP1,0.08266209907210434
Hum_XLOC_004227,THP1,0.07491450450718531
Hum_XLOC_004236,THP1,0.06678878876254123
Hum_XLOC_004254,THP1,0.6824919829010818
Hum_XLOC_004255,THP1,0.04112908371569417
Hum_XLOC_004262,THP1,0.08693898684569486
Hum_XLOC_004269,THP1,0.027357781430786383
Hum_XLOC_004277,THP1,0.035863905980929894
Hum_XLOC_004278,THP1,0.07069722992250026
Hum_XLOC_004282,THP1,0.07401084088029118
Hum_XLOC_004287,THP1,0.06891371979072904
Hum_XLOC_004293,THP1,0.03930492384566021
Hum_XLOC_004302,THP1,0.046110078881084766
Hum_XLOC_004303,THP1,0.021996165554083548
Hum_XLOC_004306,THP1,0.031777232966651026
Hum_XLOC_004309,THP1,0.08555361340700268
Hum_XLOC_004314,THP1,0.08636727142299638
Hum_XLOC_004317,THP1,0.043174961400327394
Hum_XLOC_004336,THP1,0.07047829166985348
Hum_XLOC_004343,THP1,0.0711481070861819
Hum_XLOC_004350,THP1,0.08023302827473988
Hum_XLOC_004361,THP1,0.02784161668619936
Hum_XLOC_004363,THP1,0.05632284778689378
Hum_XLOC_004401,THP1,0.06060116531816832
Hum_XLOC_004405,THP1,0.06944332553413211
Hum_XLOC_004407,THP1,0.047373945583956675
Hum_XLOC_004424,THP1,0.06004667794922762
Hum_XLOC_004437,THP1,0.06508780020936973
Hum_XLOC_004446,THP1,0.049001793899609736
Hum_XLOC_004457,THP1,0.07944788634470505
Hum_XLOC_004482,THP1,0.06255306039638044
Hum_XLOC_004502,THP1,0.024502005288393823
Hum_XLOC_004515,THP1,0.06410981146374681
Hum_XLOC_004529,THP1,0.07611079867604799
Hum_XLOC_004535,THP1,0.056607629857385426
Hum_XLOC_004553,THP1,0.061777863970087415
Hum_XLOC_004566,THP1,0.04695787400477051
Hum_XLOC_004567,THP1,0.06056354288137147
Hum_XLOC_004572,THP1,0.08125589816261206
Hum_XLOC_004578,THP1,0.05773823786312049
Hum_XLOC_004580,THP1,0.0539307540994217
Hum_XLOC_004581,THP1,0.07413089669235201
Hum_XLOC_004587,THP1,0.04490286587132428
Hum_XLOC_004600,THP1,0.04823646458174845
Hum_XLOC_004601,THP1,0.06172658145069286
Hum_XLOC_004607,THP1,0.07497004585514111
Hum_XLOC_004617,THP1,0.045301652940572465
Hum_XLOC_004619,THP1,0.07686154749382026
Hum_XLOC_004620,THP1,0.06919062979269025
Hum_XLOC_004632,THP1,0.07030128663081917
Hum_XLOC_004636,THP1,0.05437404066930044
Hum_XLOC_004652,THP1,0.06782503160754294
Hum_XLOC_004653,THP1,0.07337998089002779
Hum_XLOC_004657,THP1,0.08220791728288743
Hum_XLOC_004661,THP1,0.062497552667491386
Hum_XLOC_004683,THP1,0.04072159055829916
Hum_XLOC_004684,THP1,0.07167387187712417
Hum_XLOC_004688,THP1,0.07889723955081406
Hum_XLOC_004689,THP1,0.07314817391879319
Hum_XLOC_004705,THP1,0.036254375548235844
Hum_XLOC_004717,THP1,0.0511001359455982
Hum_XLOC_004718,THP1,0.06678505662403661
Hum_XLOC_004733,THP1,0.07138900753411617
Hum_XLOC_004741,THP1,0.021260319522875052
Hum_XLOC_004762,THP1,0.08251823987161289
Hum_XLOC_004771,THP1,0.057865407903792285
Hum_XLOC_004777,THP1,0.06513633880377516
Hum_XLOC_004788,THP1,0.07259446374539932
Hum_XLOC_004791,THP1,0.07568645003438736
Hum_XLOC_004795,THP1,0.0595661465897703
Hum_XLOC_004803,THP1,0.048415388888301915
Hum_XLOC_004805,THP1,0.062827973396926
Hum_XLOC_004813,THP1,0.06617474107884617
Hum_XLOC_004815,THP1,0.07473312548423137
Hum_XLOC_004822,THP1,0.0689072633975366
Hum_XLOC_004823,THP1,0.0739895602971544
Hum_XLOC_004827,THP1,0.04136240375384983
Hum_XLOC_004837,THP1,0.07860849097744144
Hum_XLOC_004839,THP1,0.0690564165510802
Hum_XLOC_004855,THP1,0.05503230108262938
Hum_XLOC_004874,THP1,0.02658490683489588
Hum_XLOC_004875,THP1,0.07102740557125076
Hum_XLOC_004878,THP1,0.07164568804818533
Hum_XLOC_004884,THP1,0.07390113104427952
Hum_XLOC_004911,THP1,0.03528605951178378
Hum_XLOC_004915,THP1,0.0790933849617406
Hum_XLOC_004927,THP1,0.08114838667647205
Hum_XLOC_004929,THP1,0.07033930857697124
Hum_XLOC_004936,THP1,0.0723546978345692
Hum_XLOC_004957,THP1,0.07228421616763366
Hum_XLOC_004960,THP1,0.07052350640536403
Hum_XLOC_004965,THP1,0.02284835351153169
Hum_XLOC_004979,THP1,0.04951883709404856
Hum_XLOC_004983,THP1,0.07194862856783749
Hum_XLOC_004993,THP1,0.0663955277330465
Hum_XLOC_005006,THP1,0.07394306336459532
Hum_XLOC_005009,THP1,0.018060647509997568
Hum_XLOC_005027,THP1,0.06931008305155321
Hum_XLOC_005039,THP1,0.023972351168105897
Hum_XLOC_005052,THP1,0.06895144693061622
Hum_XLOC_005064,THP1,0.04858154711972787
Hum_XLOC_005067,THP1,0.02346453492680017
Hum_XLOC_005075,THP1,0.03426975638519628
Hum_XLOC_005083,THP1,0.04933802065754616
Hum_XLOC_005116,THP1,0.06453236619617683
Hum_XLOC_005120,THP1,0.07611999717483664
Hum_XLOC_005131,THP1,0.0652376344325677
Hum_XLOC_005138,THP1,0.04553533253667783
Hum_XLOC_005173,THP1,0.06388698797881096
Hum_XLOC_005212,THP1,0.05518681014725805
Hum_XLOC_005219,THP1,0.07340268620110685
Hum_XLOC_005230,THP1,0.06588768497227081
Hum_XLOC_005272,THP1,0.08743245316672167
Hum_XLOC_005279,THP1,0.054837769290362506
Hum_XLOC_005283,THP1,0.052299401467907555
Hum_XLOC_005284,THP1,0.07355844217172203
Hum_XLOC_005296,THP1,0.030273453407746335
Hum_XLOC_005317,THP1,0.06973291593795763
Hum_XLOC_005324,THP1,0.066731463202674
Hum_XLOC_005329,THP1,0.08283568238812472
Hum_XLOC_005338,THP1,0.07337866564781156
Hum_XLOC_005352,THP1,0.02586879509510662
Hum_XLOC_005372,THP1,0.03722661449058952
Hum_XLOC_005394,THP1,0.07673419604862143
Hum_XLOC_005402,THP1,0.04646942315824783
Hum_XLOC_005409,THP1,0.05008559054549268
Hum_XLOC_005458,THP1,0.07167891537501288
Hum_XLOC_005474,THP1,0.056502173706059935
Hum_XLOC_005490,THP1,0.05988989485244597
Hum_XLOC_005499,THP1,0.0633402787044459
Hum_XLOC_005502,THP1,0.06820880019928796
Hum_XLOC_005513,THP1,0.06785510320938798
Hum_XLOC_005516,THP1,0.07057354986289877
Hum_XLOC_005526,THP1,0.07828175253605966
Hum_XLOC_005529,THP1,0.10209034148331893
Hum_XLOC_005531,THP1,0.0266371110277002
Hum_XLOC_005541,THP1,0.06482307935572193
Hum_XLOC_005571,THP1,0.05547183894207284
Hum_XLOC_005573,THP1,0.04983298741188637
Hum_XLOC_005610,THP1,0.07571617726179145
Hum_XLOC_005619,THP1,0.0391040463399705
Hum_XLOC_005624,THP1,0.11027520123569882
Hum_XLOC_005627,THP1,0.06659424835417964
Hum_XLOC_005631,THP1,0.079008292627464
Hum_XLOC_005648,THP1,0.07544955692036343
Hum_XLOC_005656,THP1,0.054926352015055836
Hum_XLOC_005658,THP1,0.05879000384467127
Hum_XLOC_005659,THP1,0.057399063484835304
Hum_XLOC_005666,THP1,0.05794890618690009
Hum_XLOC_005667,THP1,0.07141340793054089
Hum_XLOC_005668,THP1,0.06322929239704987
Hum_XLOC_005675,THP1,0.06309585144404203
Hum_XLOC_005685,THP1,0.0652338578464034
Hum_XLOC_005690,THP1,0.0683380065841514
Hum_XLOC_005695,THP1,0.061453903834864605
Hum_XLOC_005708,THP1,0.06925766337342262
Hum_XLOC_005749,THP1,0.06427658520771447
Hum_XLOC_005768,THP1,0.06323891722543878
Hum_XLOC_005793,THP1,0.06040729837017915
Hum_XLOC_005803,THP1,0.05541450073512848
Hum_XLOC_005812,THP1,0.04907823872092498
Hum_XLOC_005834,THP1,0.036988008650815835
Hum_XLOC_005846,THP1,0.03722551101511565
Hum_XLOC_005851,THP1,0.06684943725301065
Hum_XLOC_005856,THP1,0.04571108761039217
Hum_XLOC_005857,THP1,0.021930127647616586
Hum_XLOC_005870,THP1,0.040009336209576744
Hum_XLOC_005873,THP1,0.0612732385327852
Hum_XLOC_005882,THP1,0.07760351002305442
Hum_XLOC_005906,THP1,0.06746620261091514
Hum_XLOC_005913,THP1,0.023576267407895174
Hum_XLOC_005916,THP1,0.07227623858265961
Hum_XLOC_005918,THP1,0.026460854350194584
Hum_XLOC_005926,THP1,0.08750058957082071
Hum_XLOC_005940,THP1,0.06947478706254087
Hum_XLOC_005958,THP1,0.05685744260347053
Hum_XLOC_005959,THP1,0.023975040359308423
Hum_XLOC_005962,THP1,0.04106393583385754
Hum_XLOC_005981,THP1,0.06154611490163602
Hum_XLOC_005989,THP1,0.06838695369688765
Hum_XLOC_005995,THP1,0.04797249081371906
Hum_XLOC_005997,THP1,0.07374059545051888
Hum_XLOC_006029,THP1,0.076128333709755
Hum_XLOC_006040,THP1,0.0742728942896613
Hum_XLOC_006051,THP1,0.0628166171338774
Hum_XLOC_006053,THP1,0.0311960095758268
Hum_XLOC_006054,THP1,0.07110819507790518
Hum_XLOC_006070,THP1,0.06383366743506771
Hum_XLOC_006073,THP1,0.06818298277867545
Hum_XLOC_006076,THP1,0.02375108634717086
Hum_XLOC_006081,THP1,0.0318796565949723
Hum_XLOC_006082,THP1,0.035779263784502205
Hum_XLOC_006108,THP1,0.05787108744879589
Hum_XLOC_006110,THP1,0.08101614043286157
Hum_XLOC_006111,THP1,0.07317366590196518
Hum_XLOC_006119,THP1,0.04837158912612349
Hum_XLOC_006126,THP1,0.05921686884264517
Hum_XLOC_006131,THP1,0.06372435466699404
Hum_XLOC_006134,THP1,0.0568330118338345
Hum_XLOC_006136,THP1,0.06920416956824121
Hum_XLOC_006144,THP1,0.05690299425291257
Hum_XLOC_006174,THP1,0.062375309056174555
Hum_XLOC_006175,THP1,0.07641317390941763
Hum_XLOC_006177,THP1,0.06895295972854916
Hum_XLOC_006190,THP1,0.06729993850986786
Hum_XLOC_006217,THP1,0.06086845054139405
Hum_XLOC_006231,THP1,0.07475830270456688
Hum_XLOC_006258,THP1,0.03118368134189041
Hum_XLOC_006259,THP1,0.04601612987407683
Hum_XLOC_006264,THP1,0.06527550137982321
Hum_XLOC_006267,THP1,0.03311524250796952
Hum_XLOC_006269,THP1,0.07906800790238433
Hum_XLOC_006274,THP1,0.06515703821969271
Hum_XLOC_006278,THP1,0.06459252387962836
Hum_XLOC_006280,THP1,0.0686325500172186
Hum_XLOC_006306,THP1,0.07034631785186896
Hum_XLOC_006315,THP1,0.07289342612148525
Hum_XLOC_006316,THP1,0.06241028524075082
Hum_XLOC_006318,THP1,0.06662133073727157
Hum_XLOC_006320,THP1,0.04325558732889645
Hum_XLOC_006323,THP1,0.07823599087924608
Hum_XLOC_006335,THP1,0.0723800525701272
Hum_XLOC_006343,THP1,0.0496913995006793
Hum_XLOC_006346,THP1,0.04142786762233669
Hum_XLOC_006355,THP1,0.039550024039260556
Hum_XLOC_006368,THP1,0.06504234892658185
Hum_XLOC_006369,THP1,0.06159542297297223
Hum_XLOC_006370,THP1,0.062352385730137204
Hum_XLOC_006380,THP1,0.08032297471121315
Hum_XLOC_006403,THP1,0.08515193274321274
Hum_XLOC_006422,THP1,0.060212687393827694
Hum_XLOC_006427,THP1,0.07302683958497858
Hum_XLOC_006434,THP1,0.058196746611579586
Hum_XLOC_006445,THP1,0.027450484955055705
Hum_XLOC_006455,THP1,0.07844657232318752
Hum_XLOC_006475,THP1,0.04928993268944461
Hum_XLOC_006482,THP1,0.06429512748376623
Hum_XLOC_006486,THP1,0.025003788454147708
Hum_XLOC_006491,THP1,0.03752944679413749
Hum_XLOC_006497,THP1,0.01965787080660541
Hum_XLOC_006509,THP1,0.06197307790420431
Hum_XLOC_006516,THP1,0.03165546809510341
Hum_XLOC_006518,THP1,0.022874494827150205
Hum_XLOC_006536,THP1,0.061946271783285586
Hum_XLOC_006539,THP1,0.08540537619082166
Hum_XLOC_006545,THP1,0.07187908317935202
Hum_XLOC_006547,THP1,0.09425792954912461
Hum_XLOC_006559,THP1,0.06348939377034483
Hum_XLOC_006565,THP1,0.02734412726395748
Hum_XLOC_006570,THP1,0.0679818136619021
Hum_XLOC_006606,THP1,0.02040999067828501
Hum_XLOC_006609,THP1,0.05233633586558368
Hum_XLOC_006612,THP1,0.023105405999253148
Hum_XLOC_006625,THP1,0.07295307655614962
Hum_XLOC_006626,THP1,0.06936984558248566
Hum_XLOC_006631,THP1,0.0592369360572187
Hum_XLOC_006637,THP1,0.07552645751105841
Hum_XLOC_006709,THP1,0.029238230956297566
Hum_XLOC_006725,THP1,0.02294085746278384
Hum_XLOC_006730,THP1,0.06846456060159054
Hum_XLOC_006738,THP1,0.05212045141429062
Hum_XLOC_006743,THP1,0.01753919043132468
Hum_XLOC_006744,THP1,0.05118606347488232
Hum_XLOC_006756,THP1,0.023655082820974404
Hum_XLOC_006799,THP1,0.026573745044188156
Hum_XLOC_006817,THP1,0.03206862471386883
Hum_XLOC_006822,THP1,0.08255781707313042
Hum_XLOC_006823,THP1,0.02411330440713463
Hum_XLOC_006830,THP1,0.05058938732382187
Hum_XLOC_006853,THP1,0.05717960109446405
Hum_XLOC_006865,THP1,0.07275056019334188
Hum_XLOC_006879,THP1,0.05976795686515424
Hum_XLOC_006881,THP1,0.15319617021193638
Hum_XLOC_006898,THP1,0.07318083853905202
Hum_XLOC_006908,THP1,0.06014170716862233
Hum_XLOC_006922,THP1,0.026521839045182766
Hum_XLOC_006931,THP1,0.049381050941459184
Hum_XLOC_006946,THP1,0.044838038829529116
Hum_XLOC_006957,THP1,0.0724174475289249
Hum_XLOC_006963,THP1,0.06565078682567262
Hum_XLOC_006985,THP1,0.07092977805977203
Hum_XLOC_006989,THP1,0.05006364278804365
Hum_XLOC_006992,THP1,0.06702973223392805
Hum_XLOC_006998,THP1,0.06505758155352212
Hum_XLOC_007004,THP1,0.06903434329813282
Hum_XLOC_007031,THP1,0.06799220497510049
Hum_XLOC_007036,THP1,0.05435579741868053
Hum_XLOC_007039,THP1,0.05342270904532978
Hum_XLOC_007054,THP1,0.020086797090500607
Hum_XLOC_007056,THP1,0.02753474214816927
Hum_XLOC_007057,THP1,0.07451739464611659
Hum_XLOC_007065,THP1,0.06623372474483034
Hum_XLOC_007109,THP1,0.03285597661343011
Hum_XLOC_007118,THP1,0.045311998674133255
Hum_XLOC_007144,THP1,0.06933940473963893
Hum_XLOC_007162,THP1,0.06841527297784718
Hum_XLOC_007165,THP1,0.07212841837590117
Hum_XLOC_007167,THP1,0.06782717723423255
Hum_XLOC_007170,THP1,0.0676716338292708
Hum_XLOC_007171,THP1,0.06388044903875677
Hum_XLOC_007193,THP1,0.03221283107337219
Hum_XLOC_007197,THP1,0.06545242267103855
Hum_XLOC_007198,THP1,0.06094463128922967
Hum_XLOC_007199,THP1,0.06493313067576396
Hum_XLOC_007203,THP1,0.05999177177495914
Hum_XLOC_007215,THP1,0.031201434728101655
Hum_XLOC_007232,THP1,0.07271318971364293
Hum_XLOC_007249,THP1,0.07182767538973125
Hum_XLOC_007250,THP1,0.06473370328463773
Hum_XLOC_007252,THP1,0.06958043334198719
Hum_XLOC_007277,THP1,0.07865645965390598
Hum_XLOC_007284,THP1,0.06660322933190571
Hum_XLOC_007287,THP1,0.022477952206518534
Hum_XLOC_007327,THP1,0.0648024145283044
Hum_XLOC_007345,THP1,0.08495011446181414
Hum_XLOC_007347,THP1,0.07634687410095653
Hum_XLOC_007349,THP1,0.03875293344169363
Hum_XLOC_007355,THP1,0.06633520566847259
Hum_XLOC_007356,THP1,0.07495515122074137
Hum_XLOC_007362,THP1,0.022472552625059088
Hum_XLOC_007407,THP1,0.10440227796347186
Hum_XLOC_007408,THP1,0.07337916242142607
Hum_XLOC_007419,THP1,0.03309243463474132
Hum_XLOC_007442,THP1,0.07307464689044106
Hum_XLOC_007443,THP1,0.08416862260989269
Hum_XLOC_007452,THP1,0.06998359861804655
Hum_XLOC_007464,THP1,0.05909108010355731
Hum_XLOC_007468,THP1,0.10215271873904523
Hum_XLOC_007485,THP1,0.05201632396942915
Hum_XLOC_007496,THP1,0.08577618896886902
Hum_XLOC_007500,THP1,0.06885888408903096
Hum_XLOC_007512,THP1,0.07556404336018017
Hum_XLOC_007516,THP1,0.053989758908819054
Hum_XLOC_007526,THP1,0.033797925217775214
Hum_XLOC_007532,THP1,0.0691841713251241
Hum_XLOC_007544,THP1,0.0224645953056185
Hum_XLOC_007556,THP1,0.06123532540731069
Hum_XLOC_007560,THP1,0.07648113084441382
Hum_XLOC_007564,THP1,0.043951814141718774
Hum_XLOC_007572,THP1,0.07076318222896137
Hum_XLOC_007581,THP1,0.05814716447623238
Hum_XLOC_007583,THP1,0.06292505850329431
Hum_XLOC_007586,THP1,0.04451451054769329
Hum_XLOC_007588,THP1,0.041019384457141074
Hum_XLOC_007589,THP1,0.025173671165353236
Hum_XLOC_007599,THP1,0.06720111537755237
Hum_XLOC_007608,THP1,0.05671983515264094
Hum_XLOC_007610,THP1,0.03157473500694949
Hum_XLOC_007611,THP1,0.028086003279629356
Hum_XLOC_007612,THP1,0.07185102559157479
Hum_XLOC_007619,THP1,0.07998279845133614
Hum_XLOC_007625,THP1,0.06926961278109937
Hum_XLOC_007643,THP1,0.06750835319374189
Hum_XLOC_007657,THP1,0.06625462350465014
Hum_XLOC_007678,THP1,0.05535800496220088
Hum_XLOC_007682,THP1,0.07131856682410392
Hum_XLOC_007702,THP1,0.06686262629261948
Hum_XLOC_007703,THP1,0.041892000231158945
Hum_XLOC_007709,THP1,0.0580686357051372
Hum_XLOC_007722,THP1,0.07880587984456999
Hum_XLOC_007731,THP1,0.03859058025572911
Hum_XLOC_007742,THP1,0.03895897828191196
Hum_XLOC_007770,THP1,0.03180852320611187
Hum_XLOC_007778,THP1,0.02430276090306261
Hum_XLOC_007802,THP1,0.05292892058507038
Hum_XLOC_007806,THP1,0.0592985607451694
Hum_XLOC_007830,THP1,0.08367501142157106
Hum_XLOC_007843,THP1,0.06043441434851403
Hum_XLOC_007844,THP1,0.06701359767268336
Hum_XLOC_007846,THP1,0.0651637551866933
Hum_XLOC_007847,THP1,0.060788338936906695
Hum_XLOC_007848,THP1,0.06941204832687284
Hum_XLOC_007855,THP1,0.055964172805863646
Hum_XLOC_007859,THP1,0.06521864400445722
Hum_XLOC_007866,THP1,0.07638038778714139
Hum_XLOC_007880,THP1,0.04556900746016704
Hum_XLOC_007882,THP1,0.06388231528451464
Hum_XLOC_007893,THP1,0.01652743314738333
Hum_XLOC_007899,THP1,0.0680624485838536
Hum_XLOC_007915,THP1,0.05827660185536232
Hum_XLOC_007917,THP1,0.028889638487802127
Hum_XLOC_007922,THP1,0.04808857085210957
Hum_XLOC_007924,THP1,0.04884827032694934
Hum_XLOC_007992,THP1,0.06388588290610786
Hum_XLOC_007995,THP1,0.0700434381892384
Hum_XLOC_008008,THP1,0.07287523773301435
Hum_XLOC_008020,THP1,0.041328071560026575
Hum_XLOC_008036,THP1,0.05072764080116758
Hum_XLOC_008050,THP1,0.07137346986565592
Hum_XLOC_008064,THP1,0.08206099073986536
Hum_XLOC_008076,THP1,0.7591086791898324
Hum_XLOC_008081,THP1,0.5848866536771304
Hum_XLOC_008099,THP1,0.07097260164171942
Hum_XLOC_008101,THP1,0.0664859094390309
Hum_XLOC_008115,THP1,0.06129217911482701
Hum_XLOC_008158,THP1,0.07277715607971338
Hum_XLOC_008160,THP1,0.0681271245418974
Hum_XLOC_008171,THP1,0.07517607363903041
Hum_XLOC_008179,THP1,0.07556813608926342
Hum_XLOC_008183,THP1,0.05981861606062679
Hum_XLOC_008199,THP1,0.04387248013303517
Hum_XLOC_008211,THP1,0.08372992291898004
Hum_XLOC_008223,THP1,0.08280021758122089
Hum_XLOC_008225,THP1,0.05357834861352603
Hum_XLOC_008227,THP1,0.03258416060014507
Hum_XLOC_008245,THP1,0.02443266288809852
Hum_XLOC_008264,THP1,0.028444069785152966
Hum_XLOC_008276,THP1,0.06757203367455454
Hum_XLOC_008281,THP1,0.07388735090229465
Hum_XLOC_008282,THP1,0.07864279229672799
Hum_XLOC_008302,THP1,0.0715232907244572
Hum_XLOC_008304,THP1,0.0454862900716736
Hum_XLOC_008314,THP1,0.07115891762627555
Hum_XLOC_008320,THP1,0.05661347382482759
Hum_XLOC_008329,THP1,0.020038241004531335
Hum_XLOC_008330,THP1,0.07987741890848069
Hum_XLOC_008340,THP1,0.06719469894102131
Hum_XLOC_008366,THP1,0.08201409861287043
Hum_XLOC_008371,THP1,0.07268715987653485
Hum_XLOC_008374,THP1,0.07685543898282488
Hum_XLOC_008392,THP1,0.019037518692566254
Hum_XLOC_008394,THP1,0.021629963991676455
Hum_XLOC_008395,THP1,0.06911428690975174
Hum_XLOC_008422,THP1,0.07550222069599645
Hum_XLOC_008431,THP1,0.07967361685377698
Hum_XLOC_008443,THP1,0.07651214040903022
Hum_XLOC_008462,THP1,0.06038014567633955
Hum_XLOC_008469,THP1,0.062068761265645825
Hum_XLOC_008516,THP1,0.05808204944927159
Hum_XLOC_008524,THP1,0.04620854108239639
Hum_XLOC_008528,THP1,0.05841531152975517
Hum_XLOC_008531,THP1,0.06272835112066956
Hum_XLOC_008547,THP1,0.07423103681919599
Hum_XLOC_008548,THP1,0.06608480526179877
Hum_XLOC_008561,THP1,0.045356492936357906
Hum_XLOC_008566,THP1,0.044941255507507646
Hum_XLOC_008586,THP1,0.0752698625199795
Hum_XLOC_008588,THP1,0.029120283959862252
Hum_XLOC_008589,THP1,0.024831175375737286
Hum_XLOC_008600,THP1,0.06043766913354361
Hum_XLOC_008621,THP1,0.04951471446818619
Hum_XLOC_008629,THP1,0.07899682295942385
Hum_XLOC_008639,THP1,0.07584433098084037
Hum_XLOC_008664,THP1,0.11121398559089307
Hum_XLOC_008673,THP1,0.07149918118981738
Hum_XLOC_008682,THP1,0.06152132468522671
Hum_XLOC_008683,THP1,0.09739941028001362
Hum_XLOC_008710,THP1,0.06452222746721166
Hum_XLOC_008716,THP1,0.05568314937805497
Hum_XLOC_008727,THP1,0.0666047434471981
Hum_XLOC_008734,THP1,0.05614681831161129
Hum_XLOC_008738,THP1,0.07823089807786703
Hum_XLOC_008743,THP1,0.04617584470708004
Hum_XLOC_008752,THP1,0.01952296017209512
Hum_XLOC_008755,THP1,0.0590608284816054
Hum_XLOC_008775,THP1,0.0725305953959498
Hum_XLOC_008779,THP1,0.047786360975622506
Hum_XLOC_008785,THP1,0.07539573453154882
Hum_XLOC_008787,THP1,0.07730854443729296
Hum_XLOC_008798,THP1,0.08715012812571463
Hum_XLOC_008809,THP1,0.06856887887954681
Hum_XLOC_008827,THP1,0.07801000528947338
Hum_XLOC_008834,THP1,0.023519011126133096
Hum_XLOC_008842,THP1,0.05867247384422754
Hum_XLOC_008843,THP1,0.057010766107982315
Hum_XLOC_008852,THP1,0.05791517813534168
Hum_XLOC_008854,THP1,0.05237743623692745
Hum_XLOC_008855,THP1,0.049962354545835176
Hum_XLOC_008861,THP1,0.08785265327404589
Hum_XLOC_008869,THP1,0.061819651080988754
Hum_XLOC_008885,THP1,0.07310955486505442
Hum_XLOC_008918,THP1,0.04196850502283101
Hum_XLOC_008924,THP1,0.062475003424807746
Hum_XLOC_008933,THP1,0.06467835020122156
Hum_XLOC_008942,THP1,0.03741479557013675
Hum_XLOC_008956,THP1,0.03553780313762353
Hum_XLOC_008969,THP1,0.05823240968641968
Hum_XLOC_008981,THP1,0.061271722970052206
Hum_XLOC_008982,THP1,0.06437539008344326
Hum_XLOC_008997,THP1,0.0698409136528172
Hum_XLOC_008998,THP1,0.06866601654330591
Hum_XLOC_009029,THP1,0.07610040912088092
Hum_XLOC_009036,THP1,0.04903385662146763
Hum_XLOC_009056,THP1,0.06044386316229599
Hum_XLOC_009070,THP1,0.04236346539012992
Hum_XLOC_009083,THP1,0.05953859804050143
Hum_XLOC_009103,THP1,0.06276059993884539
Hum_XLOC_009104,THP1,0.05957677382743294
Hum_XLOC_009106,THP1,0.07019527883113245
Hum_XLOC_009112,THP1,0.041475599102779266
Hum_XLOC_009116,THP1,0.06948533152908126
Hum_XLOC_009117,THP1,0.05871219192210308
Hum_XLOC_009134,THP1,0.028966531234802327
Hum_XLOC_009138,THP1,0.07087559653642952
Hum_XLOC_009143,THP1,0.05359499797534749
Hum_XLOC_009152,THP1,0.030834840804507678
Hum_XLOC_009154,THP1,0.01813452443270444
Hum_XLOC_009172,THP1,0.06626748146353766
Hum_XLOC_009192,THP1,0.06870496742743917
Hum_XLOC_009198,THP1,0.06443542382077067
Hum_XLOC_009204,THP1,0.045908037693922654
Hum_XLOC_009212,THP1,0.06993880710126618
Hum_XLOC_009219,THP1,0.07071552214446557
Hum_XLOC_009221,THP1,0.0634180273622628
Hum_XLOC_009223,THP1,0.05408157229748409
Hum_XLOC_009241,THP1,0.05428167051702285
Hum_XLOC_009248,THP1,0.05054889331152317
Hum_XLOC_009255,THP1,0.07160339636439107
Hum_XLOC_009296,THP1,0.08366269287149643
Hum_XLOC_009299,THP1,0.29803562535040873
Hum_XLOC_009322,THP1,0.07795615359513863
Hum_XLOC_009336,THP1,0.06590410189394463
Hum_XLOC_009343,THP1,0.03022590934053301
Hum_XLOC_009353,THP1,0.07728804702499024
Hum_XLOC_009372,THP1,0.26562029239422114
Hum_XLOC_009393,THP1,0.026385241368684524
Hum_XLOC_009399,THP1,0.06283411597636841
Hum_XLOC_009422,THP1,0.08395766969239463
Hum_XLOC_009441,THP1,0.028659474229001836
Hum_XLOC_009451,THP1,0.06747939065377782
Hum_XLOC_009456,THP1,0.05627437959450654
Hum_XLOC_009459,THP1,0.06700197826345872
Hum_XLOC_009472,THP1,0.06326385881593215
Hum_XLOC_009473,THP1,0.07513249823160437
Hum_XLOC_009504,THP1,0.07467658932946898
Hum_XLOC_009509,THP1,0.07464882230288092
Hum_XLOC_009512,THP1,0.061983216889741885
Hum_XLOC_009523,THP1,0.061052692709329365
Hum_XLOC_009524,THP1,0.06114933446628007
Hum_XLOC_009529,THP1,0.07097057796721021
Hum_XLOC_009532,THP1,0.07011814072502442
Hum_XLOC_009533,THP1,0.06343308031553925
Hum_XLOC_009563,THP1,0.030771884924072047
Hum_XLOC_009564,THP1,0.04081900344395134
Hum_XLOC_009594,THP1,0.07996493010839262
Hum_XLOC_009600,THP1,0.027993084974140423
Hum_XLOC_009601,THP1,0.0324578598976927
Hum_XLOC_009603,THP1,0.059533015655974963
Hum_XLOC_009605,THP1,0.10052136253344764
Hum_XLOC_009607,THP1,0.0716380111366321
Hum_XLOC_009612,THP1,0.07358608367721062
Hum_XLOC_009613,THP1,0.0782318614623693
Hum_XLOC_009633,THP1,0.035777149240970245
Hum_XLOC_009642,THP1,0.07509172250586388
Hum_XLOC_009655,THP1,0.052390615391822465
Hum_XLOC_009678,THP1,0.06279716714540476
Hum_XLOC_009682,THP1,0.026007698947729134
Hum_XLOC_009697,THP1,0.024949905025970182
Hum_XLOC_009706,THP1,0.07030761898913529
Hum_XLOC_009720,THP1,0.06017205851684133
Hum_XLOC_009729,THP1,0.025528682302942515
Hum_XLOC_009732,THP1,0.06679826038160606
Hum_XLOC_009758,THP1,0.02145648753256238
Hum_XLOC_009774,THP1,0.050383203993022874
Hum_XLOC_009777,THP1,0.022379250318408064
Hum_XLOC_009791,THP1,0.056397513153707106
Hum_XLOC_009793,THP1,0.06931475356891337
Hum_XLOC_009804,THP1,0.05106623114738559
Hum_XLOC_009810,THP1,0.034913081278199296
Hum_XLOC_009811,THP1,0.06257468030295153
Hum_XLOC_009831,THP1,0.0625597068575996
Hum_XLOC_009832,THP1,0.033317458947325504
Hum_XLOC_009851,THP1,0.052371264939184856
Hum_XLOC_009855,THP1,0.02628821048111099
Hum_XLOC_009858,THP1,0.06024123152371567
Hum_XLOC_009859,THP1,0.07051683036198514
Hum_XLOC_009884,THP1,0.04646282013351306
Hum_XLOC_009887,THP1,0.07140702118842687
Hum_XLOC_009895,THP1,0.07250193893363233
Hum_XLOC_009901,THP1,0.08541433865402359
Hum_XLOC_009911,THP1,0.07615314153810569
Hum_XLOC_009922,THP1,0.024167470268317077
Hum_XLOC_009924,THP1,0.0791649084322768
Hum_XLOC_009932,THP1,0.05746838523309353
Hum_XLOC_009936,THP1,0.06816916353340476
Hum_XLOC_009947,THP1,0.05067485762113074
Hum_XLOC_009963,THP1,0.06956202816436627
Hum_XLOC_009980,THP1,0.0666214953643163
Hum_XLOC_009995,THP1,0.07749460495876252
Hum_XLOC_010016,THP1,0.07947666900796091
Hum_XLOC_010035,THP1,0.07873101176505579
Hum_XLOC_010045,THP1,0.025103090869604338
Hum_XLOC_010058,THP1,0.06926723794147067
Hum_XLOC_010067,THP1,0.023288921948129534
Hum_XLOC_010070,THP1,0.07029290160404192
Hum_XLOC_010077,THP1,0.024383851024679944
Hum_XLOC_010102,THP1,0.02760334367548854
Hum_XLOC_010114,THP1,0.0692446547398115
Hum_XLOC_010122,THP1,0.06114092575942716
Hum_XLOC_010143,THP1,0.0441435077096521
Hum_XLOC_010153,THP1,0.04798896518339413
Hum_XLOC_010179,THP1,0.06430536187114605
Hum_XLOC_010182,THP1,0.027190191908615945
Hum_XLOC_010191,THP1,0.05819578872884243
Hum_XLOC_010192,THP1,0.07718368064989702
Hum_XLOC_010213,THP1,0.047556585523492935
Hum_XLOC_010234,THP1,0.06904730679275983
Hum_XLOC_010235,THP1,0.06578733513342948
Hum_XLOC_010242,THP1,0.07760515289131453
Hum_XLOC_010243,THP1,0.07407245192372466
Hum_XLOC_010244,THP1,0.06586631518211927
Hum_XLOC_010248,THP1,0.06342797907708433
Hum_XLOC_010252,THP1,0.03819080636491203
Hum_XLOC_010267,THP1,0.05959374795749912
Hum_XLOC_010268,THP1,0.0429000403556037
Hum_XLOC_010276,THP1,0.03813166821244189
Hum_XLOC_010277,THP1,0.07539407670952131
Hum_XLOC_010280,THP1,0.0654993089089574
Hum_XLOC_010284,THP1,0.06935086668888288
Hum_XLOC_010294,THP1,0.06639299211554774
Hum_XLOC_010303,THP1,0.07616788003121802
Hum_XLOC_010304,THP1,0.03332301071199985
Hum_XLOC_010306,THP1,0.026317661590150344
Hum_XLOC_010307,THP1,0.06982853690949979
Hum_XLOC_010314,THP1,0.045180040011403313
Hum_XLOC_010319,THP1,0.07081393298665023
Hum_XLOC_010320,THP1,0.04471381986761696
Hum_XLOC_010321,THP1,0.07733791069148185
Hum_XLOC_010341,THP1,0.0687450324079654
Hum_XLOC_010367,THP1,0.07093815927824668
Hum_XLOC_010384,THP1,0.06712990139051331
Hum_XLOC_010388,THP1,0.0393551527770845
Hum_XLOC_010425,THP1,0.06256311986378664
Hum_XLOC_010430,THP1,0.035114349468132834
Hum_XLOC_010432,THP1,0.07002746885169972
Hum_XLOC_010449,THP1,0.06731490869929482
Hum_XLOC_010453,THP1,0.07404464743281164
Hum_XLOC_010464,THP1,0.07320458525132584
Hum_XLOC_010466,THP1,0.06541572480901342
Hum_XLOC_010469,THP1,0.06304996534799942
Hum_XLOC_010473,THP1,0.06559748537882991
Hum_XLOC_010496,THP1,0.04940460066946146
Hum_XLOC_010521,THP1,0.09007966274743698
Hum_XLOC_010524,THP1,0.03090361713529167
Hum_XLOC_010525,THP1,0.08313571626242301
Hum_XLOC_010528,THP1,0.040386892520672776
Hum_XLOC_010529,THP1,0.08045169748580885
Hum_XLOC_010548,THP1,0.07600934244096767
Hum_XLOC_010558,THP1,0.06404407507254667
Hum_XLOC_010569,THP1,0.072304696559409
Hum_XLOC_010572,THP1,0.06228864966219547
Hum_XLOC_010579,THP1,0.021223683292437033
Hum_XLOC_010589,THP1,0.0767580696809804
Hum_XLOC_010597,THP1,0.03925496127057901
Hum_XLOC_010651,THP1,0.07234708031804572
Hum_XLOC_010655,THP1,0.05337565725795753
Hum_XLOC_010661,THP1,0.06180639174311056
Hum_XLOC_010668,THP1,0.055943020263305866
Hum_XLOC_010677,THP1,0.07500868660361451
Hum_XLOC_010696,THP1,0.054592280037984206
Hum_XLOC_010700,THP1,0.07997023584622624
Hum_XLOC_010706,THP1,0.0831547772604643
Hum_XLOC_010707,THP1,0.09187820397845577
Hum_XLOC_010719,THP1,0.034371701638493235
Hum_XLOC_010721,THP1,0.06940632724866619
Hum_XLOC_010739,THP1,0.049048838068725724
Hum_XLOC_010758,THP1,0.08865491600618744
Hum_XLOC_010768,THP1,0.028408616392489483
Hum_XLOC_010782,THP1,0.06647241910034121
Hum_XLOC_010805,THP1,0.07140468365991333
Hum_XLOC_010813,THP1,0.02722131339630414
Hum_XLOC_010821,THP1,0.08269603086159157
Hum_XLOC_010822,THP1,0.07090624190184774
Hum_XLOC_010823,THP1,0.06168723286985521
Hum_XLOC_010838,THP1,0.06828599212903833
Hum_XLOC_010855,THP1,0.06837186610507216
Hum_XLOC_010866,THP1,0.04491496627662913
Hum_XLOC_010868,THP1,0.06671263720721898
Hum_XLOC_010875,THP1,0.07457549030821023
Hum_XLOC_010877,THP1,0.07893931012554976
Hum_XLOC_010880,THP1,0.03559925838222429
Hum_XLOC_010882,THP1,0.02718047272469739
Hum_XLOC_010887,THP1,0.06663541729402786
Hum_XLOC_010899,THP1,0.057277717933201674
Hum_XLOC_010912,THP1,0.029981643356774917
Hum_XLOC_010922,THP1,0.055103504849306206
Hum_XLOC_010933,THP1,0.0224814273722605
Hum_XLOC_010938,THP1,0.04840893784013384
Hum_XLOC_010948,THP1,0.06003147319218941
Hum_XLOC_010952,THP1,0.03482908239743943
Hum_XLOC_010955,THP1,0.07547385572379886
Hum_XLOC_010958,THP1,0.049593950947174684
Hum_XLOC_010971,THP1,0.05229404685558038
Hum_XLOC_010982,THP1,0.07804979114243951
Hum_XLOC_010985,THP1,0.07194721363789466
Hum_XLOC_010988,THP1,0.05642877521993833
Hum_XLOC_010993,THP1,0.027696221947610435
Hum_XLOC_011008,THP1,0.07885221668637758
Hum_XLOC_011010,THP1,0.02708887385593379
Hum_XLOC_011023,THP1,0.0744186712494074
Hum_XLOC_011034,THP1,0.07403276064658415
Hum_XLOC_011041,THP1,0.04585826684217117
Hum_XLOC_011043,THP1,0.04285990811041504
Hum_XLOC_011049,THP1,0.03573530085318441
Hum_XLOC_011063,THP1,0.0337770161742382
Hum_XLOC_011067,THP1,0.07356238386977867
Hum_XLOC_011073,THP1,0.023497373732190012
Hum_XLOC_011088,THP1,0.0533747437257969
Hum_XLOC_011121,THP1,0.047102643826661135
Hum_XLOC_011127,THP1,0.02995189398179684
Hum_XLOC_011130,THP1,0.06910494512753435
Hum_XLOC_011136,THP1,0.03072253105084902
Hum_XLOC_011142,THP1,0.07387565062834692
Hum_XLOC_011159,THP1,0.04897474040057792
Hum_XLOC_011172,THP1,0.06839145889777251
Hum_XLOC_011175,THP1,0.06175646331034858
Hum_XLOC_011182,THP1,0.06902253912862578
Hum_XLOC_011183,THP1,0.05796829896044765
Hum_XLOC_011218,THP1,0.04920362222786603
Hum_XLOC_011224,THP1,0.07518945697669203
Hum_XLOC_011225,THP1,0.05759880202365563
Hum_XLOC_011229,THP1,0.0792115014190179
Hum_XLOC_011233,THP1,0.07380496464302862
Hum_XLOC_011234,THP1,0.05423307107883478
Hum_XLOC_011262,THP1,0.025211801805907805
Hum_XLOC_011264,THP1,0.04626727071053282
Hum_XLOC_011281,THP1,0.0699483491176617
Hum_XLOC_011305,THP1,0.06703032839845698
Hum_XLOC_011307,THP1,0.06253403140094486
Hum_XLOC_011338,THP1,0.08707613602313027
Hum_XLOC_011343,THP1,0.08083477869277025
Hum_XLOC_011361,THP1,0.047427403452923345
Hum_XLOC_011365,THP1,0.08041702827021092
Hum_XLOC_011396,THP1,0.08007858836186152
Hum_XLOC_011397,THP1,0.06223760490146961
Hum_XLOC_011409,THP1,0.0706155109370806
Hum_XLOC_011411,THP1,0.06471911335265201
Hum_XLOC_011420,THP1,0.06413839073735077
Hum_XLOC_011422,THP1,0.050504857664748354
Hum_XLOC_011423,THP1,0.03986261849552517
Hum_XLOC_011425,THP1,0.054422941307987055
Hum_XLOC_011426,THP1,0.08184370797316437
Hum_XLOC_011427,THP1,0.02627915530387568
Hum_XLOC_011429,THP1,0.0629000876514146
Hum_XLOC_011435,THP1,0.05519437183149334
Hum_XLOC_011440,THP1,0.06973635204845952
Hum_XLOC_011443,THP1,0.05706448421836152
Hum_XLOC_011445,THP1,0.05246428119038775
Hum_XLOC_011448,THP1,0.06008954764417523
Hum_XLOC_011453,THP1,0.08663070304812676
Hum_XLOC_011484,THP1,0.06937672212616872
Hum_XLOC_011485,THP1,0.06347818012021236
Hum_XLOC_011498,THP1,0.03247515776899069
Hum_XLOC_011510,THP1,0.07458188430963823
Hum_XLOC_011524,THP1,0.031875165276560855
Hum_XLOC_011538,THP1,0.0254204420845393
Hum_XLOC_011540,THP1,0.07355224098095028
Hum_XLOC_011546,THP1,0.07151255744712164
Hum_XLOC_011553,THP1,0.024414566750557774
Hum_XLOC_011565,THP1,0.06846145673014911
Hum_XLOC_011579,THP1,0.04657524158169284
Hum_XLOC_011580,THP1,0.08108657653373957
Hum_XLOC_011582,THP1,0.06958231467127853
Hum_XLOC_011587,THP1,0.07909956379367036
Hum_XLOC_011590,THP1,0.04577950777561784
Hum_XLOC_011594,THP1,0.06521169391571918
Hum_XLOC_011611,THP1,0.0379735024860125
Hum_XLOC_011619,THP1,0.0590286346641569
Hum_XLOC_011622,THP1,0.0720407897343479
Hum_XLOC_011641,THP1,0.023063197118369044
Hum_XLOC_011649,THP1,0.05973088016358183
Hum_XLOC_011666,THP1,0.07429434781614302
Hum_XLOC_011674,THP1,0.04516960479231767
Hum_XLOC_011680,THP1,0.051676429803641295
Hum_XLOC_011704,THP1,0.047583680903757086
Hum_XLOC_011764,THP1,0.05610139065227129
Hum_XLOC_011769,THP1,0.06815861719586076
Hum_XLOC_011786,THP1,0.07485155365746061
Hum_XLOC_011793,THP1,0.03093813000860648
Hum_XLOC_011806,THP1,0.08080583321810371
Hum_XLOC_011823,THP1,0.06816089961716704
Hum_XLOC_011828,THP1,0.034535101148087
Hum_XLOC_011831,THP1,0.07671589528521228
Hum_XLOC_011850,THP1,0.07228088454247368
Hum_XLOC_011856,THP1,0.06285423977016695
Hum_XLOC_011888,THP1,0.06514336132143186
Hum_XLOC_011917,THP1,0.07464902785782744
Hum_XLOC_011919,THP1,0.07780947587642448
Hum_XLOC_011926,THP1,0.08115812616348439
Hum_XLOC_011973,THP1,0.04477820685479859
Hum_XLOC_011980,THP1,0.04953609239445089
Hum_XLOC_011988,THP1,0.06963583767524784
Hum_XLOC_012005,THP1,0.08418311547984829
Hum_XLOC_012017,THP1,0.061630192054372576
Hum_XLOC_012022,THP1,0.08039731164665342
Hum_XLOC_012024,THP1,0.07395809405312988
Hum_XLOC_012025,THP1,0.06040123561923283
Hum_XLOC_012027,THP1,0.04811472890765879
Hum_XLOC_012060,THP1,0.07892726476598746
Hum_XLOC_012071,THP1,0.0683351683784932
Hum_XLOC_012073,THP1,0.06747739370160952
Hum_XLOC_012076,THP1,0.06379268276724263
Hum_XLOC_012093,THP1,0.05494659732387844
Hum_XLOC_012112,THP1,0.08197440218944912
Hum_XLOC_012115,THP1,0.06207907835377659
Hum_XLOC_012146,THP1,0.08360050481516892
Hum_XLOC_012154,THP1,0.07109508126919199
Hum_XLOC_012159,THP1,0.06257897102496061
Hum_XLOC_012165,THP1,0.055952242627141435
Hum_XLOC_012197,THP1,0.06766471047538702
Hum_XLOC_012203,THP1,0.048017877118464856
Hum_XLOC_012233,THP1,0.05147175321452041
Hum_XLOC_012248,THP1,0.02494134212884708
Hum_XLOC_012249,THP1,0.08023083714104601
Hum_XLOC_012261,THP1,0.07508863046741128
Hum_XLOC_012262,THP1,0.08076858265666736
Hum_XLOC_012280,THP1,0.05108112224296536
Hum_XLOC_012286,THP1,0.10921760885895103
Hum_XLOC_012293,THP1,0.05804185106138304
Hum_XLOC_012326,THP1,0.02075026448255192
Hum_XLOC_012339,THP1,0.06696571027315895
Hum_XLOC_012347,THP1,0.05805783745315107
Hum_XLOC_012352,THP1,0.07545753140075823
Hum_XLOC_012409,THP1,0.06337541387831852
Hum_XLOC_012414,THP1,0.06176711063572396
Hum_XLOC_012418,THP1,0.05104706627644313
Hum_XLOC_012439,THP1,0.02568322009107663
Hum_XLOC_012452,THP1,0.06210652483585944
Hum_XLOC_012461,THP1,0.04166448796626022
Hum_XLOC_012479,THP1,0.058697253998214745
Hum_XLOC_012500,THP1,0.08625149096369975
Hum_XLOC_012508,THP1,0.06718298045976073
Hum_XLOC_012532,THP1,0.07836844499244816
Hum_XLOC_012537,THP1,0.07155705824706965
Hum_XLOC_012538,THP1,0.039634122580900655
Hum_XLOC_012559,THP1,0.07340148471004598
Hum_XLOC_012565,THP1,0.05763456242567431
Hum_XLOC_012566,THP1,0.07996266116966387
Hum_XLOC_012590,THP1,0.02851468607411938
Hum_XLOC_012603,THP1,0.08409388354036042
Hum_XLOC_012606,THP1,0.09242445331588
Hum_XLOC_012613,THP1,0.05176535931261667
Hum_XLOC_012626,THP1,0.0736044198740676
Hum_XLOC_012638,THP1,0.022660248786367326
Hum_XLOC_012643,THP1,0.06135751782078454
Hum_XLOC_012662,THP1,0.0639869810958938
Hum_XLOC_012670,THP1,0.05063126660133791
Hum_XLOC_012675,THP1,0.0760976554667018
Hum_XLOC_012676,THP1,0.06508068635084076
Hum_XLOC_012677,THP1,0.07214495179302562
Hum_XLOC_012679,THP1,0.0728059958465104
Hum_XLOC_012680,THP1,0.06453845991390653
Hum_XLOC_012694,THP1,0.05511296584965414
Hum_XLOC_012700,THP1,0.030078115436608308
Hum_XLOC_012704,THP1,0.05046983153424241
Hum_XLOC_012706,THP1,0.0731655344439328
Hum_XLOC_012707,THP1,0.051722789212776774
Hum_XLOC_012715,THP1,0.03005864531574797
Hum_XLOC_012729,THP1,0.061627442449436104
Hum_XLOC_012730,THP1,0.029462635934111636
Hum_XLOC_012767,THP1,0.04387473518403465
Hum_XLOC_012770,THP1,0.06097093278172517
Hum_XLOC_012771,THP1,0.05532465193862382
Hum_XLOC_012785,THP1,0.04590383908608833
Hum_XLOC_012786,THP1,0.05692240193892294
Hum_XLOC_012789,THP1,0.07567683161041884
Hum_XLOC_012791,THP1,0.052633203381004065
Hum_XLOC_012794,THP1,0.058839662521995226
Hum_XLOC_012800,THP1,0.07031300580987154
Hum_XLOC_012803,THP1,0.06632545242219995
Hum_XLOC_012806,THP1,0.07064759446314217
Hum_XLOC_012807,THP1,0.07314036221547657
Hum_XLOC_012821,THP1,0.08230473995273094
Hum_XLOC_012857,THP1,0.07688930400190681
Hum_XLOC_012864,THP1,0.08001008344563185
Hum_XLOC_012866,THP1,0.05046659716399132
Hum_XLOC_012874,THP1,0.030152274825994606
Hum_XLOC_012888,THP1,0.04441942116409581
Hum_XLOC_012889,THP1,0.07352194005780219
Hum_XLOC_012901,THP1,0.07189438463352579
Hum_XLOC_012916,THP1,0.06505079046591708
Hum_XLOC_012924,THP1,0.03672898851595949
Hum_XLOC_012928,THP1,0.02429032898942285
Hum_XLOC_012932,THP1,0.020708252655154316
Hum_XLOC_012936,THP1,0.04417044358813558
Hum_XLOC_012940,THP1,0.052675423750933585
Hum_XLOC_012941,THP1,0.06454175994585032
Hum_XLOC_012953,THP1,0.03169762102963771
Hum_XLOC_012993,THP1,0.06363680496794574
Hum_XLOC_013009,THP1,0.07783050103768047
Hum_XLOC_013018,THP1,0.07308136860659896
Hum_XLOC_013041,THP1,0.057140195353623524
Hum_XLOC_013042,THP1,0.07326572253685606
Hum_XLOC_013046,THP1,0.07388813809432843
Hum_XLOC_013050,THP1,0.06020305709118988
Hum_XLOC_013052,THP1,0.020865788991908496
Hum_XLOC_013054,THP1,0.07787152527778149
Hum_XLOC_013060,THP1,0.08338638577680621
Hum_XLOC_013078,THP1,0.028030931551302037
Hum_XLOC_013087,THP1,0.04206318635616193
Hum_XLOC_013099,THP1,0.06329925434055632
Hum_XLOC_013110,THP1,0.05844991851024252
Hum_XLOC_013115,THP1,0.058185743718186814
Hum_XLOC_013120,THP1,0.06534278027560345
Hum_XLOC_013123,THP1,0.07171066357713142
Hum_XLOC_013125,THP1,0.0703065354821614
Hum_XLOC_013129,THP1,0.023188313592533986
Hum_XLOC_013138,THP1,0.03189811875301925
Hum_XLOC_013139,THP1,0.04924307080462542
Hum_XLOC_013143,THP1,0.05744670452228463
Hum_XLOC_013147,THP1,0.0752745592493097
Hum_XLOC_013164,THP1,0.026265015165326866
Hum_XLOC_013166,THP1,0.057240736791951394
Hum_XLOC_013196,THP1,0.0522154759592922
Hum_XLOC_013199,THP1,0.057678186896426106
Hum_XLOC_013200,THP1,0.06828693472246188
Hum_XLOC_013221,THP1,0.04803372625281715
Hum_XLOC_013223,THP1,0.06887203654407256
Hum_XLOC_013224,THP1,0.06640878057392954
Hum_XLOC_013231,THP1,0.018964664205045598
Hum_XLOC_013235,THP1,0.06684556897297428
Hum_XLOC_013236,THP1,0.07365348706406977
Hum_XLOC_013239,THP1,0.056025230034214654
Hum_XLOC_013260,THP1,0.02283766277830531
Hum_XLOC_013269,THP1,0.052699537766803646
Hum_XLOC_013274,THP1,0.024182388970100947
Hum_XLOC_013278,THP1,0.02428953649794701
Hum_XLOC_013279,THP1,0.06362684506046234
Hum_XLOC_013290,THP1,0.06853721780277522
Hum_XLOC_013308,THP1,0.02790103188785361
Hum_XLOC_013313,THP1,0.07248585781725057
Hum_XLOC_013317,THP1,0.07127699040646245
Hum_XLOC_013320,THP1,0.022678558638622816
Hum_XLOC_013335,THP1,0.025890104402695346
Hum_XLOC_013337,THP1,0.05674975428020021
Hum_XLOC_013345,THP1,0.076736856136328
Hum_XLOC_013346,THP1,0.040110258983199296
Hum_XLOC_013348,THP1,0.07275641686610933
Hum_XLOC_013349,THP1,0.023159932797528343
Hum_XLOC_013350,THP1,0.02947107000775065
Hum_XLOC_013356,THP1,0.06831622874985555
Hum_XLOC_013359,THP1,0.038996647099819405
Hum_XLOC_013414,THP1,0.04762754328529667
Hum_XLOC_013426,THP1,0.5159333110754665
Hum_XLOC_013432,THP1,0.07184531762089126
Hum_XLOC_013441,THP1,0.07394575375712456
Hum_XLOC_013463,THP1,0.06286957148344434
Hum_XLOC_013471,THP1,0.05958292520812059
Hum_XLOC_013486,THP1,0.08384735803677915
Hum_XLOC_013496,THP1,0.05419442260990401
Hum_XLOC_013498,THP1,0.02670078819409567
Hum_XLOC_013506,THP1,0.06932427072040886
Hum_XLOC_013521,THP1,0.06661295345865953
Hum_XLOC_013522,THP1,0.06657761629738682
Hum_XLOC_013523,THP1,0.05830253328817062
Hum_XLOC_013526,THP1,0.07217777913713513
Hum_XLOC_013545,THP1,0.046934678373810074
Hum_XLOC_013555,THP1,0.0946309886355823
Hum_XLOC_013568,THP1,0.026936519119632036
Hum_XLOC_013579,THP1,0.024574532908293485
Hum_XLOC_013582,THP1,0.06259647884799871
Hum_XLOC_013599,THP1,0.07704642024225186
Hum_XLOC_013600,THP1,0.07050261521094194
Hum_XLOC_013607,THP1,0.04507020025254335
Hum_XLOC_013609,THP1,0.06469041543090293
Hum_XLOC_013613,THP1,0.048153605648111115
Hum_XLOC_013632,THP1,0.07876479170589624
Hum_XLOC_013668,THP1,0.06536971636148642
Hum_XLOC_013669,THP1,0.06024534142374613
Hum_XLOC_013670,THP1,0.02822109417190677
Hum_XLOC_013676,THP1,0.055158563270123986
Hum_XLOC_013683,THP1,0.039812592450059414
Hum_XLOC_013699,THP1,0.059228579293898256
Hum_XLOC_013712,THP1,0.07242006748330254
Hum_XLOC_013719,THP1,0.06696860433511759
Hum_XLOC_013721,THP1,0.02500296266125172
Hum_XLOC_013749,THP1,0.066906559063413
Hum_XLOC_013750,THP1,0.06931835884778943
Hum_XLOC_013759,THP1,0.035561104733590844
Hum_XLOC_013831,THP1,0.09911320832648625
Hum_XLOC_013841,THP1,0.054100428119278544
Hum_XLOC_013848,THP1,0.025327992896883596
Hum_XLOC_013859,THP1,0.07813183689975926
Hum_XLOC_013860,THP1,0.059913472698630836
Hum_XLOC_013865,THP1,0.05874818158578417
Hum_XLOC_013883,THP1,0.07311041094728513
Hum_XLOC_013901,THP1,0.06197305305078662
Hum_XLOC_013906,THP1,0.08144674002082476
Hum_XLOC_013919,THP1,0.07515209239829138
Hum_XLOC_013932,THP1,0.05810159565157344
Hum_XLOC_013933,THP1,0.07626604720094277
Hum_XLOC_013950,THP1,0.06576227641414953
Hum_XLOC_013952,THP1,0.05340268418841651
Hum_XLOC_013956,THP1,0.06053134919168623
Hum_XLOC_013965,THP1,0.04807460519310844
Hum_XLOC_013985,THP1,0.038942640807369734
Hum_XLOC_013989,THP1,0.05537773658402224
Hum_XLOC_014040,THP1,0.04265221842161834
Hum_XLOC_014055,THP1,0.07862367755902923
Hum_XLOC_014058,THP1,0.07159350196979529
Hum_XLOC_014067,THP1,0.028387823777837943
Hum_XLOC_014073,THP1,0.056032631150618135
Hum_XLOC_014080,THP1,0.06314454517191936
Hum_XLOC_014092,THP1,0.06617960594296951
Hum_XLOC_014094,THP1,0.04794834100273111
Hum_XLOC_014101,THP1,0.04132029004918088
Hum_XLOC_014105,THP1,0.06906152870960715
Hum_XLOC_014106,THP1,0.061455736743579015
Hum_XLOC_014107,THP1,0.056369968208137416
Hum_XLOC_014115,THP1,0.05996645915015261
Hum_XLOC_014121,THP1,0.04804653737866467
Hum_XLOC_014126,THP1,0.05798983748355204
Hum_XLOC_014135,THP1,0.04475568739018057
Hum_XLOC_014136,THP1,0.07313426544386681
Hum_XLOC_014155,THP1,0.0720999847192933
Hum_XLOC_014160,THP1,0.08176319509879415
Hum_XLOC_014171,THP1,0.07250268912961129
Hum_XLOC_014172,THP1,0.07268636230817502
Hum_XLOC_014186,THP1,0.07442366452931778
Hum_XLOC_014192,THP1,0.07318383504313161
Hum_XLOC_014201,THP1,0.08396452532098367
Hum_XLOC_014203,THP1,0.024438908290407454
Hum_XLOC_014204,THP1,0.06246824095407526
Hum_XLOC_014261,THP1,0.07261399548568837
Hum_XLOC_014277,THP1,0.062449254797404985
Hum_XLOC_014279,THP1,0.06382213478146917
Hum_XLOC_014280,THP1,0.06263163595677154
Hum_XLOC_014281,THP1,0.03716298942403803
Hum_XLOC_014289,THP1,0.07805653454606343
Hum_XLOC_014295,THP1,0.033761727627730165
Hum_XLOC_014298,THP1,0.06924344330173182
Hum_XLOC_014303,THP1,0.07449769437875554
Hum_XLOC_014308,THP1,0.08173924182763204
Hum_XLOC_014310,THP1,0.06815472139880355
Hum_XLOC_014314,THP1,0.07928760641199609
Hum_XLOC_014324,THP1,0.07204917942221221
Hum_XLOC_014370,THP1,0.07760732201493012
Hum_XLOC_014375,THP1,0.05950717656699146
Hum_XLOC_014394,THP1,0.06975904553656984
Hum_XLOC_014395,THP1,0.050980963053730226
Hum_XLOC_014397,THP1,0.06553004289926938
Hum_XLOC_014399,THP1,0.07832702415705185
Hum_XLOC_014405,THP1,0.07494778860429596
Hum_XLOC_014410,THP1,0.08153513293105276
Hum_XLOC_014411,THP1,0.0701962851553647
Hum_XLOC_014414,THP1,0.07292868766631286
Hum_XLOC_014415,THP1,0.08345149293621516
Hum_XLOC_014423,THP1,0.02020609473468622
Hum_XLOC_014437,THP1,0.07032672851864039
Hum_XLOC_014439,THP1,0.06831786159856448
Hum_XLOC_014450,THP1,0.05548422620275984
Hum_XLOC_014457,THP1,0.08071292224683806
Hum_XLOC_014459,THP1,0.06117900581547256
Hum_XLOC_014467,THP1,0.020137250699949014
Hum_XLOC_014506,THP1,0.048777756357701194
Hum_XLOC_014518,THP1,0.022861890026336366
Hum_XLOC_014534,THP1,0.07237663235534225
Hum_XLOC_014538,THP1,0.04947883681026924
Hum_XLOC_014539,THP1,0.05490392138060729
Hum_XLOC_014566,THP1,0.04658115053794008
Hum_XLOC_014578,THP1,0.03035229926365811
Hum_XLOC_014585,THP1,0.07940784269589084
Hum_XLOC_014591,THP1,0.061013981785844475
Hum_XLOC_014593,THP1,0.08351166814644372
Hum_XLOC_014632,THP1,0.06570151531034245
Hum_XLOC_014640,THP1,0.028884851654702996
Hum_XLOC_014658,THP1,0.048634662167058584
Hum_XLOC_014664,THP1,0.041715108145986654
Hum_XLOC_014672,THP1,0.05436661073369812
Hum_XLOC_014673,THP1,0.04812618348631029
Hum_XLOC_014689,THP1,0.07189846953307807
Hum_XLOC_014710,THP1,0.056228632907851184
Hum_XLOC_014724,THP1,0.055197284685304465
Hum_XLOC_014727,THP1,0.02466413384128715
Hum_XLOC_014730,THP1,0.029750579781124345
Hum_XLOC_014732,THP1,0.05810211129914235
Hum_XLOC_014754,THP1,0.07294588118979234
Hum_XLOC_014762,THP1,0.03403162040706679
Hum_XLOC_014785,THP1,0.025885551364365825
Hum_XLOC_014793,THP1,0.042444616000547504
Hum_XLOC_014807,THP1,0.056075095280000195
Hum_XLOC_014843,THP1,0.03752907786531458
Hum_XLOC_014855,THP1,0.06807302304722869
Hum_XLOC_014865,THP1,0.040463272880844045
Hum_XLOC_014866,THP1,0.07225339725838846
Hum_XLOC_014869,THP1,0.06983226967697491
Hum_XLOC_014892,THP1,0.0712617675154188
Hum_XLOC_014895,THP1,0.07727578835408765
Hum_XLOC_014897,THP1,0.06070393355958908
Hum_XLOC_014916,THP1,0.06520780672898357
Hum_XLOC_014921,THP1,0.06228662686919805
Hum_XLOC_014943,THP1,0.03247287976202453
Hum_XLOC_014946,THP1,0.04773235640401764
Hum_XLOC_014957,THP1,0.04294608093647802
Hum_XLOC_014966,THP1,0.06974764946321693
Hum_XLOC_014974,THP1,0.06166521061297886
Hum_XLOC_014993,THP1,0.07971555059269565
Hum_XLOC_014994,THP1,0.05935107382357497
Hum_XLOC_014995,THP1,0.0721485186666223
Hum_XLOC_014996,THP1,0.07296790618456425
Hum_XLOC_015001,THP1,0.08224951188025113
Hum_XLOC_015011,THP1,0.08173422679693756
Hum_XLOC_015012,THP1,0.04530516882116924
Hum_XLOC_015019,THP1,0.06668129830668579
Hum_XLOC_015031,THP1,0.07764352055309091
Hum_XLOC_015052,THP1,0.023198832692116644
Hum_XLOC_015070,THP1,0.0854178770180239
Hum_XLOC_015076,THP1,0.06974939225450841
Hum_XLOC_015077,THP1,0.07762967143217718
Hum_XLOC_015081,THP1,0.06533658636700393
Hum_XLOC_015093,THP1,0.0757598197815939
Hum_XLOC_015119,THP1,0.02561360922285923
Hum_XLOC_015124,THP1,0.0484547675912103
Hum_XLOC_015129,THP1,0.08392886615405896
Hum_XLOC_015137,THP1,0.06734608013588333
Hum_XLOC_015144,THP1,0.05343759655585176
Hum_XLOC_015148,THP1,0.06816797321569273
Hum_XLOC_015154,THP1,0.07446094855656295
Hum_XLOC_015162,THP1,0.023934138810655026
Hum_XLOC_015190,THP1,0.05821192247688483
Hum_XLOC_015191,THP1,0.05701328989239465
Hum_XLOC_015192,THP1,0.027576512361777758
Hum_XLOC_015200,THP1,0.059441293496115176
Hum_XLOC_015222,THP1,0.04306799013700061
Hum_XLOC_015224,THP1,0.07625803318834004
Hum_XLOC_015225,THP1,0.029346441392209495
Hum_XLOC_015242,THP1,0.06560381607568654
Hum_XLOC_015246,THP1,0.06220781681626686
Hum_XLOC_015263,THP1,0.07733977160365421
Hum_XLOC_015269,THP1,0.05729270018699384
Hum_XLOC_015275,THP1,0.08363005376746074
Hum_XLOC_015276,THP1,0.0772339345955266
Hum_XLOC_015297,THP1,0.021718047474542652
Hum_XLOC_015305,THP1,0.06415649652428576
Hum_XLOC_015311,THP1,0.06893795769758834
Hum_XLOC_015312,THP1,0.0705841397250638
Hum_XLOC_015313,THP1,0.03849512826151956
Hum_XLOC_015318,THP1,0.04122328263681306
Hum_XLOC_015341,THP1,0.024429141539096984
Hum_XLOC_015345,THP1,0.06126157539211263
Hum_XLOC_015347,THP1,0.07242789954848367
Hum_XLOC_015348,THP1,0.030710379890065014
Hum_XLOC_015358,THP1,0.022111114458826655
Hum_XLOC_015369,THP1,0.06044873893340963
Hum_XLOC_015377,THP1,0.07257472540325757
Hum_XLOC_015379,THP1,0.06000648624181775
Hum_XLOC_015384,THP1,0.05931129278062157
Hum_XLOC_015391,THP1,0.02234947585784657
Hum_XLOC_015394,THP1,0.020030805116952034
Hum_XLOC_015405,THP1,0.0554923010705328
Hum_XLOC_015406,THP1,0.04582652930214203
Hum_XLOC_015410,THP1,0.027892284601224872
Hum_XLOC_015416,THP1,0.0652053564371409
Hum_XLOC_015428,THP1,0.06728702106296376
Hum_XLOC_015449,THP1,0.05073317697048749
Hum_XLOC_015464,THP1,0.04500240147579189
Hum_XLOC_015488,THP1,0.07182117095782431
Hum_XLOC_015495,THP1,0.059619984746951335
Hum_XLOC_015496,THP1,0.059509139408866644
Hum_XLOC_015503,THP1,0.04415048443045728
Hum_XLOC_015512,THP1,0.061663950206945484
Hum_XLOC_015525,THP1,0.06573445267150506
Hum_XLOC_015532,THP1,0.08306675177683562
Hum_XLOC_015533,THP1,0.06001769292612327
Hum_XLOC_015536,THP1,0.027329079144533225
Hum_XLOC_015541,THP1,0.08328206883618047
Hum_XLOC_015545,THP1,0.05343418506917744
Hum_XLOC_015550,THP1,0.023842190571317597
Hum_XLOC_015571,THP1,0.04736794931007274
Hum_XLOC_015572,THP1,0.05809135186724887
Hum_XLOC_015573,THP1,0.08884018426873558
Hum_XLOC_015591,THP1,0.04799895722235858
Hum_XLOC_015616,THP1,0.07048302042055642
Hum_XLOC_015632,THP1,0.057744788151102275
Hum_XLOC_015670,THP1,0.056838449570142294
Hum_XLOC_015671,THP1,0.0625803140699923
Hum_XLOC_015672,THP1,0.054511199525514434
Hum_XLOC_015683,THP1,0.06509658557517367
Hum_XLOC_015693,THP1,0.07978013768335998
Hum_XLOC_015707,THP1,0.07323363765783442
Hum_XLOC_015711,THP1,0.03555400951752173
Hum_XLOC_015718,THP1,0.05866156232710264
Hum_XLOC_015731,THP1,0.028645439067609427
Hum_XLOC_015744,THP1,0.07411178042225307
Hum_XLOC_015762,THP1,0.06467354325679603
Hum_XLOC_015779,THP1,0.06552822572474244
Hum_XLOC_015784,THP1,0.06782652564037259
Hum_XLOC_015788,THP1,0.07830979179602161
Hum_XLOC_015806,THP1,0.06787405228868557
Hum_XLOC_015807,THP1,0.07604723234973007
Hum_XLOC_015812,THP1,0.050470749860303546
Hum_XLOC_015819,THP1,0.033384480182827074
Hum_XLOC_015822,THP1,0.0758776885893854
Hum_XLOC_015823,THP1,0.07944289357560295
Hum_XLOC_015827,THP1,0.07652079871450479
Hum_XLOC_015853,THP1,0.07496272237319887
Hum_XLOC_015866,THP1,0.0804752543793314
Hum_XLOC_015869,THP1,0.07075447086297078
Hum_XLOC_015880,THP1,0.06478417394012881
Hum_XLOC_015881,THP1,0.09384019435607963
Hum_XLOC_015887,THP1,0.0576433690861874
Hum_XLOC_015891,THP1,0.06377110011596326
Hum_XLOC_015898,THP1,0.060829941274383986
Hum_XLOC_015929,THP1,0.027783713361619614
Hum_XLOC_015932,THP1,0.0309487210631419
Hum_XLOC_015934,THP1,0.028635837479950514
Hum_XLOC_015953,THP1,0.07067590280343332
Hum_XLOC_015957,THP1,0.060141298196850004
Hum_XLOC_015958,THP1,0.07757969702072108
Hum_XLOC_015960,THP1,0.07088148391486486
Hum_XLOC_015964,THP1,0.07230487744709926
Hum_XLOC_015975,THP1,0.054524949304245444
Hum_XLOC_015978,THP1,0.029001261578202958
Hum_XLOC_015981,THP1,0.05547852705704602
Hum_XLOC_015999,THP1,0.0556542036754642
Hum_XLOC_016016,THP1,0.05916957550329133
Hum_XLOC_016017,THP1,0.07474657853169525
Hum_XLOC_016019,THP1,0.07838535171770403
Hum_XLOC_016028,THP1,0.03368493528014998
Hum_XLOC_016031,THP1,0.08340902280263607
Hum_XLOC_016047,THP1,0.030590852058914385
Hum_XLOC_016055,THP1,0.024191769267785126
Hum_XLOC_016089,THP1,0.07759835336647213
Hum_XLOC_016095,THP1,0.042933377528918085
Hum_XLOC_016118,THP1,0.07227583779056232
Hum_XLOC_016129,THP1,0.05522585215958191
Hum_XLOC_016135,THP1,0.059134336520774516
Hum_XLOC_016136,THP1,0.12034040060807945
Hum_XLOC_016141,THP1,0.07371693731868857
Hum_XLOC_016143,THP1,0.07671534939571273
Hum_XLOC_016147,THP1,0.056971433119733246
Hum_XLOC_016163,THP1,0.0807089578492131
Hum_XLOC_016167,THP1,0.06490853254414702
Hum_XLOC_016172,THP1,0.04132784813439929
Hum_XLOC_016180,THP1,0.10701951492519202
Hum_XLOC_016191,THP1,0.05434723978053191
Hum_XLOC_016206,THP1,0.056422131449370944
Hum_XLOC_016215,THP1,0.05509536576523725
Hum_XLOC_016223,THP1,0.06464226711340355
Hum_XLOC_016231,THP1,0.04307790585424685
Hum_XLOC_016232,THP1,0.06358525094848341
Hum_XLOC_016239,THP1,0.07010291147876857
Hum_XLOC_016244,THP1,0.07788358218806563
Hum_XLOC_016248,THP1,0.04813842590157968
Hum_XLOC_016257,THP1,0.037583169777655204
Hum_XLOC_016258,THP1,0.07334409022405294
Hum_XLOC_016261,THP1,0.03344424489992806
Hum_XLOC_016263,THP1,0.0667601068052551
Hum_XLOC_016269,THP1,0.023441487760968306
Hum_XLOC_016275,THP1,0.028886732918932366
Hum_XLOC_016283,THP1,0.07410945729976799
Hum_XLOC_016285,THP1,0.08219955336711463
Hum_XLOC_016290,THP1,0.0725621521448979
Hum_XLOC_016292,THP1,0.27391560867009235
Hum_XLOC_016301,THP1,0.06716669018889089
Hum_XLOC_016306,THP1,0.057275267016501874
Hum_XLOC_016326,THP1,0.03881128592030895
Hum_XLOC_016372,THP1,0.02203545730474332
Hum_XLOC_016373,THP1,0.03974058440867198
Hum_XLOC_016380,THP1,0.06674984908072419
Hum_XLOC_016383,THP1,0.09301646441056445
Hum_XLOC_016388,THP1,0.06592368003210863
Hum_XLOC_016397,THP1,0.06447567824423339
Hum_XLOC_016405,THP1,0.06812930629645983
Hum_XLOC_016406,THP1,0.0754985840577232
Hum_XLOC_016426,THP1,0.05717656222554898
Hum_XLOC_016430,THP1,0.05251939898289835
Hum_XLOC_016472,THP1,0.07281205594657882
Hum_XLOC_016475,THP1,0.07081851980324405
Hum_XLOC_016476,THP1,0.07558512740630832
Hum_XLOC_016480,THP1,0.0632595431186769
Hum_XLOC_016488,THP1,0.03626279614742525
Hum_XLOC_016489,THP1,0.06175511698276226
Hum_XLOC_016500,THP1,0.06736461611634885
Hum_XLOC_016505,THP1,0.043871045511589296
Hum_XLOC_016528,THP1,0.05442453961434225
Hum_XLOC_016539,THP1,0.07639044858615926
Hum_XLOC_016554,THP1,0.07510482638459652
Hum_XLOC_016563,THP1,0.08736246388117858
Hum_XLOC_016576,THP1,0.05813420278106041
Hum_XLOC_016597,THP1,0.072860735212105
Hum_XLOC_016601,THP1,0.06414540658374634
Hum_XLOC_016617,THP1,0.023384953482847866
Hum_XLOC_016623,THP1,0.048942732162111945
Hum_XLOC_016667,THP1,0.07511717063385971
Hum_XLOC_016674,THP1,0.0725934258780642
Hum_XLOC_016677,THP1,0.0687743032996167
Hum_XLOC_016678,THP1,0.06598035699648526
Hum_XLOC_016679,THP1,0.06592534840774364
Hum_XLOC_016683,THP1,0.036534663441396706
Hum_XLOC_016692,THP1,0.06383802875525287
Hum_XLOC_016703,THP1,0.08496802811689423
Hum_XLOC_016705,THP1,0.06038885066577059
Hum_XLOC_016724,THP1,0.07616883315274103
Hum_XLOC_016725,THP1,0.05281801606587619
Hum_XLOC_016726,THP1,0.025493916458440624
Hum_XLOC_016727,THP1,0.050417428761092786
Hum_XLOC_016748,THP1,0.08627006977289554
Hum_XLOC_016753,THP1,0.07097917657172016
Hum_XLOC_016755,THP1,0.04109104981488512
Hum_XLOC_016770,THP1,0.05516208261735425
Hum_XLOC_016780,THP1,0.030246700463452816
Hum_XLOC_016781,THP1,0.023962345394245813
Hum_XLOC_016797,THP1,0.07071981423344766
Hum_XLOC_016808,THP1,0.0593327576872418
Hum_XLOC_016812,THP1,0.07901424539943658
Hum_XLOC_016814,THP1,0.12515334431764205
Hum_XLOC_016815,THP1,0.07089358040068147
Hum_XLOC_016816,THP1,0.03478256278553086
Hum_XLOC_016836,THP1,0.036229635774673495
Hum_XLOC_016842,THP1,0.07157657225632819
Hum_XLOC_016843,THP1,0.07757055092922707
Hum_XLOC_016846,THP1,0.024602684413636697
Hum_XLOC_016857,THP1,0.05498914795247515
Hum_XLOC_016865,THP1,0.06968328258854581
Hum_XLOC_016874,THP1,0.03845475046255679
Hum_XLOC_016887,THP1,0.0634331789543438
Hum_XLOC_016899,THP1,0.06746099721273853
Hum_XLOC_016921,THP1,0.08052767024616712
Hum_XLOC_016928,THP1,0.026890156502126363
Hum_XLOC_016930,THP1,0.08210917080485236
Hum_XLOC_016931,THP1,0.07337934767021778
Hum_XLOC_016938,THP1,0.06309133757253593
Hum_XLOC_016940,THP1,0.06685795516728846
Hum_XLOC_016953,THP1,0.04385413138186588
Hum_XLOC_016981,THP1,0.054380641302255
Hum_XLOC_016994,THP1,0.054103000308058286
Hum_XLOC_016998,THP1,0.07433011709710546
Hum_XLOC_017006,THP1,0.04365419415724697
Hum_XLOC_017015,THP1,0.05767594852788724
Hum_XLOC_017016,THP1,0.07037559806350485
Hum_XLOC_017017,THP1,0.05086211935678267
Hum_XLOC_017019,THP1,0.06640944608726579
Hum_XLOC_017055,THP1,0.09094828650984198
Hum_XLOC_017070,THP1,0.04142667249170719
Hum_XLOC_017077,THP1,0.06862841251355173
Hum_XLOC_017081,THP1,0.08027682032360961
Hum_XLOC_017108,THP1,0.06737123872630779
Hum_XLOC_017118,THP1,0.058309898149451395
Hum_XLOC_017127,THP1,0.023160254510193313
Hum_XLOC_017140,THP1,0.022623701413297136
Hum_XLOC_017143,THP1,0.035468903639779906
Hum_XLOC_017144,THP1,0.06534304244784858
Hum_XLOC_017159,THP1,0.024493739214809233
Hum_XLOC_017161,THP1,0.07906551682626795
Hum_XLOC_017162,THP1,0.03271455346398205
Hum_XLOC_017166,THP1,0.06009981319976246
Hum_XLOC_017170,THP1,0.06486901681422472
Hum_XLOC_017190,THP1,0.0319214785246147
Hum_XLOC_017237,THP1,0.06337396254083645
Hum_XLOC_017249,THP1,0.06888136485976794
Hum_XLOC_017250,THP1,0.0793085580509016
Hum_XLOC_017255,THP1,0.02640271820812641
Hum_XLOC_017262,THP1,0.05192482667875907
Hum_XLOC_017274,THP1,0.04662728467219816
Hum_XLOC_017317,THP1,0.044075944338524534
Hum_XLOC_017327,THP1,0.06218134274261415
Hum_XLOC_017364,THP1,0.0914917156716806
Hum_XLOC_017389,THP1,0.03982198900760238
Hum_XLOC_017396,THP1,0.04476165506046874
Hum_XLOC_017397,THP1,0.053823522898860936
Hum_XLOC_017398,THP1,0.06736640336519789
Hum_XLOC_017399,THP1,0.06981378719087535
Hum_XLOC_017419,THP1,0.02145187684663509
Hum_XLOC_017421,THP1,0.07193409428136015
Hum_XLOC_017445,THP1,0.08439256448063083
Hum_XLOC_017455,THP1,0.030351399449695907
Hum_XLOC_017468,THP1,0.07192555131049108
Hum_XLOC_017471,THP1,0.02684740774031654
Hum_XLOC_017478,THP1,0.07694164731569965
Hum_XLOC_017487,THP1,0.06765061742036055
Hum_XLOC_017489,THP1,0.06406374589843102
Hum_XLOC_017499,THP1,0.06464264160415778
Hum_XLOC_017506,THP1,0.07564661301179199
Hum_XLOC_017515,THP1,0.02367277566136353
Hum_XLOC_017517,THP1,0.059542463844433256
Hum_XLOC_017521,THP1,0.04652598946619326
Hum_XLOC_017531,THP1,0.06024169136299336
Hum_XLOC_017532,THP1,0.06231300741946624
Hum_XLOC_017537,THP1,0.024027942063200854
Hum_XLOC_017546,THP1,0.06174144701593628
Hum_XLOC_017556,THP1,0.05208884041365759
Hum_XLOC_017576,THP1,0.07846530819562395
Hum_XLOC_017588,THP1,0.07652468260164565
Hum_XLOC_017591,THP1,0.05780023469576889
Hum_XLOC_017597,THP1,0.0765839687868062
Hum_XLOC_017624,THP1,0.059528927553804456
Hum_XLOC_017628,THP1,0.07553488675159191
Hum_XLOC_017643,THP1,0.024003067734693996
Hum_XLOC_017657,THP1,0.08777777157262792
Hum_XLOC_017665,THP1,0.06992220781017422
Hum_XLOC_017666,THP1,0.0574090133302919
Hum_XLOC_017679,THP1,0.03556581500155799
Hum_XLOC_017680,THP1,0.0815608718151313
Hum_XLOC_017684,THP1,0.03607754090705317
Hum_XLOC_017692,THP1,0.06900693655723261
Hum_XLOC_017693,THP1,0.08093114649800258
Hum_XLOC_017694,THP1,0.057747363293308915
Hum_XLOC_017697,THP1,0.07716955847361061
Hum_XLOC_017700,THP1,0.05707951699541386
Hum_XLOC_017703,THP1,0.06379697939413197
Hum_XLOC_017724,THP1,0.03201156719464836
Hum_XLOC_017725,THP1,0.07062936061967391
Hum_XLOC_017749,THP1,0.06021180865410636
Hum_XLOC_017764,THP1,0.039991445302566486
Hum_XLOC_017767,THP1,0.06734128922124276
Hum_XLOC_017770,THP1,0.05599384424870247
Hum_XLOC_017771,THP1,0.05928889460629433
Hum_XLOC_017772,THP1,0.06719808577053499
Hum_XLOC_017792,THP1,0.05936085511311784
Hum_XLOC_017799,THP1,0.03985697573866942
Hum_XLOC_017806,THP1,0.07800023412420451
Hum_XLOC_017813,THP1,0.06590906077807578
Hum_XLOC_017816,THP1,0.06345473946664411
Hum_XLOC_017820,THP1,0.06661125661060102
Hum_XLOC_017824,THP1,0.06732395529732361
Hum_XLOC_017825,THP1,0.05928052245709009
Hum_XLOC_017833,THP1,0.07902510792972224
Hum_XLOC_017862,THP1,0.068633208257691
Hum_XLOC_017879,THP1,0.06240519092831301
Hum_XLOC_017904,THP1,0.08332259133233005
Hum_XLOC_017919,THP1,0.11126567569107661
Hum_XLOC_017920,THP1,0.06064396066335545
Hum_XLOC_017937,THP1,0.08136669557146481
Hum_XLOC_017941,THP1,0.0705914937110176
Hum_XLOC_017948,THP1,0.03151753174453967
Hum_XLOC_017956,THP1,0.0713873465410331
Hum_XLOC_017958,THP1,0.07586480442396457
Hum_XLOC_017984,THP1,0.03728388076103492
Hum_XLOC_017990,THP1,0.07762975268405116
Hum_XLOC_018005,THP1,0.060981251881921265
Hum_XLOC_018011,THP1,0.09037255454601557
Hum_XLOC_018051,THP1,0.048125915762661085
Hum_XLOC_018070,THP1,0.042807483023999185
Hum_XLOC_018076,THP1,0.07930683636272196
Hum_XLOC_018111,THP1,0.04638512401465715
Hum_XLOC_018114,THP1,0.04784626591106643
Hum_XLOC_018140,THP1,0.034509297432647315
Hum_XLOC_018161,THP1,0.06713306631997018
Hum_XLOC_018166,THP1,0.06827574860509723
Hum_XLOC_018179,THP1,0.06414603481405129
Hum_XLOC_018205,THP1,0.06435603887987712
Hum_XLOC_018207,THP1,0.02477703775033687
Hum_XLOC_018211,THP1,0.058869432248850447
Hum_XLOC_018222,THP1,0.0799044496239933
Hum_XLOC_018223,THP1,0.04809977365189785
Hum_XLOC_018227,THP1,0.04318799332421059
Hum_XLOC_018233,THP1,0.06968178825150641
Hum_XLOC_018249,THP1,0.05469678301605756
Hum_XLOC_018284,THP1,0.05520315883151088
Hum_XLOC_018293,THP1,0.05960039225598642
Hum_XLOC_018294,THP1,0.028182203628230925
Hum_XLOC_018298,THP1,0.06753292476121316
Hum_XLOC_018304,THP1,0.031243897192905098
Hum_XLOC_018311,THP1,0.05274280095742259
Hum_XLOC_018316,THP1,0.06405132775794138
Hum_XLOC_018371,THP1,0.28259406600258163
Hum_XLOC_018378,THP1,0.023121801457347418
Hum_XLOC_018379,THP1,0.07489095733614247
Hum_XLOC_018393,THP1,0.05610212711263564
Hum_XLOC_018416,THP1,0.05158161438817559
Hum_XLOC_018417,THP1,0.028783378432589792
Hum_XLOC_018418,THP1,0.08066181270365308
Hum_XLOC_018422,THP1,0.052242493591991554
Hum_XLOC_018424,THP1,0.06973111770762401
Hum_XLOC_018441,THP1,0.05578774219919825
Hum_XLOC_018443,THP1,0.04614058357763158
Hum_XLOC_018444,THP1,0.06099749139564303
Hum_XLOC_018445,THP1,0.03532351839494983
Hum_XLOC_018453,THP1,0.06434956015493556
Hum_XLOC_018454,THP1,0.06773227851739852
Hum_XLOC_018456,THP1,0.058361919769908746
Hum_XLOC_018460,THP1,0.06164070261458625
Hum_XLOC_018465,THP1,0.027661200083846302
Hum_XLOC_018488,THP1,0.06658702258937503
Hum_XLOC_018497,THP1,0.08041049772142762
Hum_XLOC_018525,THP1,0.0269725409047661
Hum_XLOC_018530,THP1,0.07343474856017039
Hum_XLOC_018543,THP1,0.026331515527483407
Hum_XLOC_018562,THP1,0.062169428998300844
Hum_XLOC_018577,THP1,0.06054615007136017
Hum_XLOC_018583,THP1,0.06698664823307589
Hum_XLOC_018605,THP1,0.06867274856774157
Hum_XLOC_018627,THP1,0.05193240860009016
Hum_XLOC_018641,THP1,0.05964001311840639
Hum_XLOC_018642,THP1,0.0837179307703279
Hum_XLOC_018656,THP1,0.06226982530424864
Hum_XLOC_018666,THP1,0.04667468303668507
Hum_XLOC_018669,THP1,0.05652156394753981
Hum_XLOC_018673,THP1,0.07337767420012478
Hum_XLOC_018674,THP1,0.055454477286410786
Hum_XLOC_018690,THP1,0.055780666697088206
Hum_XLOC_018695,THP1,0.06553375848475407
Hum_XLOC_018696,THP1,0.02684027240334768
Hum_XLOC_018699,THP1,0.0724425982072135
Hum_XLOC_018700,THP1,0.031920245567993416
Hum_XLOC_018715,THP1,0.07700697197911595
Hum_XLOC_018734,THP1,0.049246588861961545
Hum_XLOC_018741,THP1,0.02757507196169769
Hum_XLOC_018791,THP1,0.029604530581389406
Hum_XLOC_018806,THP1,0.0606928538995433
Hum_XLOC_018835,THP1,0.07360231926530864
Hum_XLOC_018837,THP1,0.06892688584597753
Hum_XLOC_018842,THP1,0.06630635931164738
Hum_XLOC_018844,THP1,0.07392542249355796
Hum_XLOC_018845,THP1,0.051633876950230785
Hum_XLOC_018848,THP1,0.07279313311475429
Hum_XLOC_018858,THP1,0.08936257354895909
Hum_XLOC_018901,THP1,0.023192598746307656
Hum_XLOC_018920,THP1,0.08881731751770011
Hum_XLOC_018925,THP1,0.0800178919814211
Hum_XLOC_018926,THP1,0.04201146233515215
Hum_XLOC_018943,THP1,0.06095408595332474
Hum_XLOC_018952,THP1,0.03022614397076901
Hum_XLOC_018955,THP1,0.030082441975010896
Hum_XLOC_018963,THP1,0.06962087005804592
Hum_XLOC_018988,THP1,0.4257962097727847
Hum_XLOC_018996,THP1,0.05850698837203711
Hum_XLOC_019002,THP1,0.03902428865146191
Hum_XLOC_019009,THP1,0.05985932679833569
Hum_XLOC_019011,THP1,0.0892733122271075
Hum_XLOC_019018,THP1,0.07165491652729733
Hum_XLOC_019021,THP1,0.062134363892919785
Hum_XLOC_019022,THP1,0.07953964375096415
Hum_XLOC_019023,THP1,0.14285560545843537
Hum_XLOC_019024,THP1,0.03886393308439972
Hum_XLOC_019047,THP1,0.05805846952363768
Hum_XLOC_019049,THP1,0.052376293940034034
Hum_XLOC_019054,THP1,0.07893728165973085
Hum_XLOC_019068,THP1,0.05739548890121866
Hum_XLOC_019099,THP1,0.055676339311353344
Hum_XLOC_019102,THP1,0.04747787017105756
Hum_XLOC_019104,THP1,0.03452307439589356
Hum_XLOC_019116,THP1,0.02739934182305973
Hum_XLOC_019135,THP1,0.04621834719348785
Hum_XLOC_019141,THP1,0.04198391712534997
Hum_XLOC_019145,THP1,0.05723755345119631
Hum_XLOC_019152,THP1,0.06592589279334811
Hum_XLOC_019162,THP1,0.07108282384533007
Hum_XLOC_019163,THP1,0.09104225142462237
Hum_XLOC_019173,THP1,0.05823999743785313
Hum_XLOC_019187,THP1,0.0786973434918397
Hum_XLOC_019198,THP1,0.05672297734762798
Hum_XLOC_019199,THP1,0.07256388002068795
Hum_XLOC_019216,THP1,0.05154398293735818
Hum_XLOC_019237,THP1,0.03962559602587522
Hum_XLOC_019240,THP1,0.06534354996526165
Hum_XLOC_019243,THP1,0.0745172037961417
Hum_XLOC_019247,THP1,0.06308522123985474
Hum_XLOC_019267,THP1,0.07256399867166578
Hum_XLOC_019268,THP1,0.066875867268543
Hum_XLOC_019273,THP1,0.057705111835500866
Hum_XLOC_019277,THP1,0.064379555115649
Hum_XLOC_019287,THP1,0.06506745457332228
Hum_XLOC_019289,THP1,0.04796818273246342
Hum_XLOC_019290,THP1,0.07137545334706868
Hum_XLOC_019291,THP1,0.07407650893245524
Hum_XLOC_019295,THP1,0.030550902243613
Hum_XLOC_019301,THP1,0.052397126818281736
Hum_XLOC_019304,THP1,0.08526881813600962
Hum_XLOC_019310,THP1,0.03803070294762913
Hum_XLOC_019318,THP1,0.07233180168885592
Hum_XLOC_019319,THP1,0.06138471897674279
Hum_XLOC_019324,THP1,0.061264768973669836
Hum_XLOC_019332,THP1,0.07901626109080702
Hum_XLOC_019350,THP1,0.08945249900162591
Hum_XLOC_019370,THP1,0.047475940248941806
Hum_XLOC_019371,THP1,0.03780480949080253
Hum_XLOC_019412,THP1,0.05955838263455104
Hum_XLOC_019413,THP1,0.04302184816374493
Hum_XLOC_019414,THP1,0.023405834084040174
Hum_XLOC_019446,THP1,0.07380140155797656
Hum_XLOC_019472,THP1,0.07317487513539117
Hum_XLOC_019486,THP1,0.06448592158431643
Hum_XLOC_019503,THP1,0.06540592434088185
Hum_XLOC_019508,THP1,0.05867077725854823
Hum_XLOC_019522,THP1,0.0726497792822432
Hum_XLOC_019528,THP1,0.06942615670403081
Hum_XLOC_019531,THP1,0.07371734555830459
Hum_XLOC_019532,THP1,0.059463517915469485
Hum_XLOC_019533,THP1,0.11044399665555224
Hum_XLOC_019568,THP1,0.07045665250071406
Hum_XLOC_019574,THP1,0.05625253604351759
Hum_XLOC_019587,THP1,0.04832696483848584
Hum_XLOC_019592,THP1,0.07615651592515493
Hum_XLOC_019635,THP1,0.06943911853224011
Hum_XLOC_019639,THP1,0.07340784882602386
Hum_XLOC_019655,THP1,0.06465916702567573
Hum_XLOC_019657,THP1,0.0812263697828997
Hum_XLOC_019675,THP1,0.06783325840965446
Hum_XLOC_019677,THP1,0.023408528402122035
Hum_XLOC_019683,THP1,0.06709717740815493
Hum_XLOC_019688,THP1,0.07359726721302659
Hum_XLOC_019694,THP1,0.023612744887435234
Hum_XLOC_019725,THP1,0.06645756855912432
Hum_XLOC_019762,THP1,0.024511166152837098
Hum_XLOC_019770,THP1,0.026860561927736275
Hum_XLOC_019773,THP1,0.03705479845947766
Hum_XLOC_019780,THP1,0.041592764099287124
Hum_XLOC_019782,THP1,0.020948042688093534
Hum_XLOC_019786,THP1,0.0428743631341999
Hum_XLOC_019797,THP1,0.07464522749188286
Hum_XLOC_019820,THP1,0.06300065323540599
Hum_XLOC_019826,THP1,0.054613630784324615
Hum_XLOC_019827,THP1,0.022606772916013925
Hum_XLOC_019830,THP1,0.07673737098845142
Hum_XLOC_019837,THP1,0.07022097087012621
Hum_XLOC_019838,THP1,0.025537268766154052
Hum_XLOC_019850,THP1,0.07007102895734656
Hum_XLOC_019854,THP1,0.04623465226178872
Hum_XLOC_019861,THP1,0.07750137975210719
Hum_XLOC_019862,THP1,0.04631810872647859
Hum_XLOC_019864,THP1,0.07210445385725642
Hum_XLOC_019866,THP1,0.0715005473001466
Hum_XLOC_019869,THP1,0.043646265260480106
Hum_XLOC_019884,THP1,0.04533661560658475
Hum_XLOC_019886,THP1,0.02440085537742419
Hum_XLOC_019892,THP1,0.06780115731073312
Hum_XLOC_019894,THP1,0.07816863799115531
Hum_XLOC_019896,THP1,0.040080449483265654
Hum_XLOC_019909,THP1,0.0754601307864638
Hum_XLOC_019917,THP1,0.03126737547244735
Hum_XLOC_019930,THP1,0.028207934638566152
Hum_XLOC_019940,THP1,0.07363232057690443
Hum_XLOC_019941,THP1,0.07289533307229024
Hum_XLOC_019942,THP1,0.07276826346331272
Hum_XLOC_019963,THP1,0.07538055367885102
Hum_XLOC_019968,THP1,0.067724040839651
Hum_XLOC_019978,THP1,0.07430942866693954
Hum_XLOC_019988,THP1,0.07423149271647059
Hum_XLOC_019997,THP1,0.06114084144831239
Hum_XLOC_020021,THP1,0.08801604135888935
Hum_XLOC_020022,THP1,0.05714301790297837
Hum_XLOC_020023,THP1,0.06621261507094689
Hum_XLOC_020027,THP1,0.06472168375823217
Hum_XLOC_020028,THP1,0.07673488389016454
Hum_XLOC_020100,THP1,0.05695810624938316
Hum_XLOC_020101,THP1,0.0598601148404167
Hum_XLOC_020129,THP1,0.06102962621618352
Hum_XLOC_020140,THP1,0.055965989146054544
Hum_XLOC_020146,THP1,0.07942968331624614
Hum_XLOC_020156,THP1,0.0650152608127824
Hum_XLOC_020164,THP1,0.04062704343537116
Hum_XLOC_020172,THP1,0.07446335162305154
Hum_XLOC_020173,THP1,0.05781623581031752
Hum_XLOC_020194,THP1,0.07325054937539728
Hum_XLOC_020212,THP1,0.03162445476774761
Hum_XLOC_020214,THP1,0.04317581438647513
Hum_XLOC_020215,THP1,0.05057802279740381
Hum_XLOC_020255,THP1,0.04929917485750113
Hum_XLOC_020276,THP1,0.02842578890819491
Hum_XLOC_020282,THP1,0.06428149050357417
Hum_XLOC_020304,THP1,0.06770591567512016
Hum_XLOC_020335,THP1,0.02964469713137223
Hum_XLOC_020336,THP1,0.05622321551078836
Hum_XLOC_020338,THP1,0.05522548802066222
Hum_XLOC_020350,THP1,0.07595955690551749
Hum_XLOC_020352,THP1,0.053138508179568555
Hum_XLOC_020377,THP1,0.09188140462049714
Hum_XLOC_020401,THP1,0.026521915783676436
Hum_XLOC_020412,THP1,0.07777641977608706
Hum_XLOC_020422,THP1,0.07403233110462361
Hum_XLOC_020425,THP1,0.06946685322801567
Hum_XLOC_020431,THP1,0.07511944961673614
Hum_XLOC_020432,THP1,0.06289353845423125
Hum_XLOC_020438,THP1,0.06844179013009075
Hum_XLOC_020467,THP1,0.04079523498150818
Hum_XLOC_020468,THP1,0.05142717800644155
Hum_XLOC_020491,THP1,0.04816470071838103
Hum_XLOC_020495,THP1,0.07328971535041529
Hum_XLOC_020501,THP1,0.059432143565904816
Hum_XLOC_020530,THP1,0.04923928080921201
Hum_XLOC_020547,THP1,0.08315417240244155
Hum_XLOC_020584,THP1,0.2500357465042722
Hum_XLOC_020585,THP1,0.07310198448510247
Hum_XLOC_020605,THP1,0.03029102450739922
Hum_XLOC_020613,THP1,0.08858590981129244
Hum_XLOC_020616,THP1,0.07790723295654171
Hum_XLOC_020626,THP1,0.07746214127317187
Hum_XLOC_020639,THP1,0.03231800821405951
Hum_XLOC_020648,THP1,0.06597747914729883
Hum_XLOC_020651,THP1,0.06554150981589907
Hum_XLOC_020654,THP1,0.07163467424706466
Hum_XLOC_020655,THP1,0.0544691796513858
Hum_XLOC_020656,THP1,0.047704203116277114
Hum_XLOC_020684,THP1,0.058524928648636176
Hum_XLOC_020692,THP1,0.039089021450623526
Hum_XLOC_020694,THP1,0.028766336580627654
Hum_XLOC_020696,THP1,0.07374093000766418
Hum_XLOC_020709,THP1,0.06630499640174681
Hum_XLOC_020710,THP1,0.05854072663547197
Hum_XLOC_020720,THP1,0.09508296710054037
Hum_XLOC_020733,THP1,0.06387459611113763
Hum_XLOC_020751,THP1,0.04298904088355904
Hum_XLOC_020753,THP1,0.06129449361450068
Hum_XLOC_020795,THP1,0.05370643295610674
Hum_XLOC_020797,THP1,0.057461307868820415
Hum_XLOC_020806,THP1,0.08179376568026633
Hum_XLOC_020811,THP1,0.0686487004887976
Hum_XLOC_020826,THP1,0.02373721644970814
Hum_XLOC_020840,THP1,0.019234079992177557
Hum_XLOC_020852,THP1,0.06118175122650118
Hum_XLOC_020853,THP1,0.070455173452271
Hum_XLOC_020866,THP1,0.02207780906088325
Hum_XLOC_020874,THP1,0.07549608934549114
Hum_XLOC_020877,THP1,0.08817565427385224
Hum_XLOC_020889,THP1,0.023404866650404765
Hum_XLOC_020898,THP1,0.044841972485065995
Hum_XLOC_020905,THP1,0.030333901904793528
Hum_XLOC_020914,THP1,0.056559770748994834
Hum_XLOC_020915,THP1,0.05561003407069867
Hum_XLOC_020923,THP1,0.07052203931552255
Hum_XLOC_020933,THP1,0.054884795640928935
Hum_XLOC_020960,THP1,0.04940051997708011
Hum_XLOC_021004,THP1,0.08133050348561995
Hum_XLOC_021019,THP1,0.3385262800871056
Hum_XLOC_021020,THP1,0.061333980106971525
Hum_XLOC_021026,THP1,0.03567767106511428
Hum_XLOC_021027,THP1,0.04517645724956118
Hum_XLOC_021033,THP1,0.07845034903033135
Hum_XLOC_021036,THP1,0.07989144780240098
Hum_XLOC_021055,THP1,0.06834754726374605
Hum_XLOC_021064,THP1,0.05376835546586547
Hum_XLOC_021065,THP1,0.030429709690166507
Hum_XLOC_021066,THP1,0.059255638388088935
Hum_XLOC_021075,THP1,0.06823423158515805
Hum_XLOC_021082,THP1,0.04577309263844373
Hum_XLOC_021092,THP1,0.05225613532367294
Hum_XLOC_021095,THP1,0.036893317135773575
Hum_XLOC_021098,THP1,0.08248464317988352
Hum_XLOC_021099,THP1,0.05823343597306887
Hum_XLOC_021101,THP1,0.06452277332998248
Hum_XLOC_021102,THP1,0.06949486357187246
Hum_XLOC_021112,THP1,0.07949294893935618
Hum_XLOC_021121,THP1,0.04837369942536443
Hum_XLOC_021122,THP1,0.08739926335061277
Hum_XLOC_021126,THP1,0.11802901022589915
Hum_XLOC_021133,THP1,0.0760046541805959
Hum_XLOC_021135,THP1,0.051352046737084704
Hum_XLOC_021140,THP1,0.026511910526459487
Hum_XLOC_021141,THP1,0.051684237930056165
Hum_XLOC_021148,THP1,0.06489444998785823
Hum_XLOC_021166,THP1,0.07353192073478955
Hum_XLOC_021171,THP1,0.07105544005026274
Hum_XLOC_021203,THP1,0.04294229723281763
Hum_XLOC_021214,THP1,0.07857816530335787
Hum_XLOC_021236,THP1,0.05059211807903449
Hum_XLOC_021245,THP1,0.08326807222548918
Hum_XLOC_021255,THP1,0.05923956753265609
Hum_XLOC_021275,THP1,0.05093318918627581
Hum_XLOC_021277,THP1,0.061841620566663216
Hum_XLOC_021290,THP1,0.06905917676504657
Hum_XLOC_021298,THP1,0.0642609350277938
Hum_XLOC_021305,THP1,0.05694505752356286
Hum_XLOC_021309,THP1,0.0827230082447325
Hum_XLOC_021314,THP1,0.07504971703886701
Hum_XLOC_021317,THP1,0.06096330823958793
Hum_XLOC_021319,THP1,0.07437726851177709
Hum_XLOC_021341,THP1,0.049557837418498216
Hum_XLOC_021343,THP1,0.08803221802183134
Hum_XLOC_021378,THP1,0.030732259404147692
Hum_XLOC_021379,THP1,0.04573333622185219
Hum_XLOC_021388,THP1,0.06579050593667751
Hum_XLOC_021395,THP1,0.05724344471972813
Hum_XLOC_021401,THP1,0.07334466946586492
Hum_XLOC_021417,THP1,0.06841619242261007
Hum_XLOC_021453,THP1,0.07113525072961806
Hum_XLOC_021458,THP1,0.0778202815335616
Hum_XLOC_021478,THP1,0.03880054882053151
Hum_XLOC_021482,THP1,0.05928988067872002
Hum_XLOC_021483,THP1,0.061682550544847815
Hum_XLOC_021484,THP1,0.06304245522223767
Hum_XLOC_021485,THP1,0.03283455476984511
Hum_XLOC_021486,THP1,0.05767125401338551
Hum_XLOC_021496,THP1,0.07916147759392138
Hum_XLOC_021518,THP1,0.02306175457116961
Hum_XLOC_021526,THP1,0.0418820590190522
Hum_XLOC_021528,THP1,0.047631507262958325
Hum_XLOC_021530,THP1,0.053187884490882
Hum_XLOC_021534,THP1,0.07024784748572957
Hum_XLOC_021541,THP1,0.050085034581148276
Hum_XLOC_021555,THP1,0.07944477430394062
Hum_XLOC_021558,THP1,0.0635280089531013
Hum_XLOC_021559,THP1,0.080327815857229
Hum_XLOC_021574,THP1,0.0669351308018872
Hum_XLOC_021579,THP1,0.03448760348856103
Hum_XLOC_021589,THP1,0.06641913179073414
Hum_XLOC_021647,THP1,0.04864757231679164
Hum_XLOC_021683,THP1,0.06811306158214123
Hum_XLOC_021685,THP1,0.0730090572901988
Hum_XLOC_021688,THP1,0.05934458766414388
Hum_XLOC_021700,THP1,0.06521320992777511
Hum_XLOC_021702,THP1,0.07726020092676826
Hum_XLOC_021706,THP1,0.06467943774335744
Hum_XLOC_021715,THP1,0.05493086609717727
Hum_XLOC_021720,THP1,0.03205445665254531
Hum_XLOC_021740,THP1,0.06472760603604347
Hum_XLOC_021741,THP1,0.06875295948432303
Hum_XLOC_021748,THP1,0.07687090053245924
Hum_XLOC_021802,THP1,0.08029821067222045
Hum_XLOC_021803,THP1,0.07846616874736544
Hum_XLOC_021813,THP1,0.059097167292771924
Hum_XLOC_021821,THP1,0.04312610887674706
Hum_XLOC_021823,THP1,0.049256299789815605
Hum_XLOC_021824,THP1,0.0708330082382389
Hum_XLOC_021834,THP1,0.02835899888134519
Hum_XLOC_021847,THP1,0.022210758385181294
Hum_XLOC_021852,THP1,0.028285835623140358
Hum_XLOC_021867,THP1,0.06643955031194844
Hum_XLOC_021869,THP1,0.03530571046387074
Hum_XLOC_021876,THP1,0.09014510066959762
Hum_XLOC_021879,THP1,0.07928189818029047
Hum_XLOC_021881,THP1,0.04769166068681731
Hum_XLOC_021893,THP1,0.04999104009736381
Hum_XLOC_021894,THP1,0.027259811249209627
Hum_XLOC_021901,THP1,0.04383474301535046
Hum_XLOC_021905,THP1,0.07461049113500443
Hum_XLOC_021910,THP1,0.035987751090031384
Hum_XLOC_021912,THP1,0.07892085700543339
Hum_XLOC_021926,THP1,0.06561745240716763
Hum_XLOC_021930,THP1,0.06437871684901476
Hum_XLOC_021931,THP1,0.056744852537684735
Hum_XLOC_021934,THP1,0.0793082370440852
Hum_XLOC_021936,THP1,0.06364400740209926
Hum_XLOC_021953,THP1,0.049802304173214886
Hum_XLOC_021963,THP1,0.07636695931520092
Hum_XLOC_021970,THP1,0.07893351477078762
Hum_XLOC_021985,THP1,0.07864737133856624
Hum_XLOC_022014,THP1,0.03607487554879386
Hum_XLOC_022016,THP1,0.029992394262977472
Hum_XLOC_022044,THP1,0.07351661827877844
Hum_XLOC_022045,THP1,0.075511803772208
Hum_XLOC_022057,THP1,0.07707134301838224
Hum_XLOC_022059,THP1,0.02770102046880713
Hum_XLOC_022069,THP1,0.06256341580385366
Hum_XLOC_022070,THP1,0.04781265074303658
Hum_XLOC_022082,THP1,0.041690451641879345
Hum_XLOC_022083,THP1,0.07363841282298798
Hum_XLOC_022084,THP1,0.06798631663682199
Hum_XLOC_022086,THP1,0.050457796464473195
Hum_XLOC_022088,THP1,0.05735802550897977
Hum_XLOC_022089,THP1,0.06351535377284494
Hum_XLOC_022128,THP1,0.08036348585210014
Hum_XLOC_022130,THP1,0.08397248943104818
Hum_XLOC_022135,THP1,0.0664908700253883
Hum_XLOC_022136,THP1,0.07859917579332916
Hum_XLOC_022149,THP1,0.05532847082707221
Hum_XLOC_022156,THP1,0.019586002803677532
Hum_XLOC_022159,THP1,0.07062701239357963
Hum_XLOC_022164,THP1,0.051072502355519536
Hum_XLOC_022165,THP1,0.03779185430032616
Hum_XLOC_022174,THP1,0.07464556572344976
Hum_XLOC_022178,THP1,0.04816643047283398
Hum_XLOC_022180,THP1,0.08283798407462636
Hum_XLOC_022197,THP1,0.06964424808975771
Hum_XLOC_022212,THP1,0.021259808450007033
Hum_XLOC_022214,THP1,0.06502279419434823
Hum_XLOC_022236,THP1,0.0649143643734523
Hum_XLOC_022239,THP1,0.06662910973665788
Hum_XLOC_022279,THP1,0.07435715990774916
Hum_XLOC_022299,THP1,0.08629717231670819
Hum_XLOC_022312,THP1,0.036253361594372834
Hum_XLOC_022324,THP1,0.06838756795679476
Hum_XLOC_022330,THP1,0.08307045785479701
Hum_XLOC_022335,THP1,0.047286574624382294
Hum_XLOC_022344,THP1,0.08937588879541969
Hum_XLOC_022345,THP1,0.05240158822566299
Hum_XLOC_022346,THP1,0.031543749922072845
Hum_XLOC_022347,THP1,0.06281212373687398
Hum_XLOC_022351,THP1,0.07994254141950881
Hum_XLOC_022361,THP1,0.07391473490975732
Hum_XLOC_022362,THP1,0.03011458352946673
Hum_XLOC_022389,THP1,0.0342853832215303
Hum_XLOC_022392,THP1,0.03501193976559163
Hum_XLOC_022393,THP1,0.05886106022189671
Hum_XLOC_022398,THP1,0.06650014057337253
Hum_XLOC_022402,THP1,0.073357816728221
Hum_XLOC_022403,THP1,0.03768134781112793
Hum_XLOC_022405,THP1,0.053634891756939085
Hum_XLOC_022419,THP1,0.04202358206347675
Hum_XLOC_022422,THP1,0.04391461074629091
Hum_XLOC_022435,THP1,0.06864473152505098
Hum_XLOC_022436,THP1,0.07502959049653736
Hum_XLOC_022443,THP1,0.07944343549488533
Hum_XLOC_022446,THP1,0.03586868489926713
Hum_XLOC_022448,THP1,0.070587347049237
Hum_XLOC_022452,THP1,0.05558498198922037
Hum_XLOC_022454,THP1,0.07054243009364577
Hum_XLOC_022458,THP1,0.07574670264249754
Hum_XLOC_022461,THP1,0.06324766778262077
Hum_XLOC_022465,THP1,0.0446941901942561
Hum_XLOC_022468,THP1,0.06047198037044776
Hum_XLOC_022469,THP1,0.0602019514052275
Hum_XLOC_022475,THP1,0.0491541166574452
Hum_XLOC_022494,THP1,0.08521435487135409
Hum_XLOC_022495,THP1,0.04709320536672098
Hum_XLOC_022512,THP1,0.06942671667502041
Hum_XLOC_022519,THP1,0.05892111062983348
Hum_XLOC_022537,THP1,0.01922776271156327
Hum_XLOC_022573,THP1,0.0398787414617467
Hum_XLOC_022595,THP1,0.042801781860441084
Hum_XLOC_022640,THP1,0.07096370959849722
Hum_XLOC_022645,THP1,0.042204330783562546
Hum_XLOC_022657,THP1,0.07214366435877066
Hum_XLOC_022670,THP1,0.07229892148633248
Hum_XLOC_022704,THP1,0.04003957963649322
Hum_XLOC_022710,THP1,0.043773855520627
Hum_XLOC_022754,THP1,0.0624192911813524
Hum_XLOC_022759,THP1,0.06598829753258224
Hum_XLOC_022763,THP1,0.05908840456204914
Hum_XLOC_022764,THP1,0.07678857119514997
Hum_XLOC_022778,THP1,0.05676611267701613
Hum_XLOC_022786,THP1,0.023795502966180635
Hum_XLOC_022804,THP1,0.06752667959862849
Hum_XLOC_022809,THP1,0.04346229448415209
Hum_XLOC_022819,THP1,0.022315945936919396
Hum_XLOC_022823,THP1,0.07798459164046682
Hum_XLOC_022831,THP1,0.046881091887309746
Hum_XLOC_022840,THP1,0.0587968351141826
Hum_XLOC_022850,THP1,0.06410077319552052
Hum_XLOC_022860,THP1,0.010723756862090122
Hum_XLOC_022862,THP1,0.050569958113686794
Hum_XLOC_022881,THP1,0.05629946737084315
Hum_XLOC_022889,THP1,0.07514192239871051
Hum_XLOC_022892,THP1,0.06509949974514972
Hum_XLOC_022915,THP1,0.06079836409069393
Hum_XLOC_022930,THP1,0.08062969735892292
Hum_XLOC_022931,THP1,0.07736718349329796
Hum_XLOC_022943,THP1,0.08305506355751016
Hum_XLOC_022954,THP1,0.07146364596037917
Hum_XLOC_022959,THP1,0.025251469010501973
Hum_XLOC_022984,THP1,0.03792980409194682
Hum_XLOC_023008,THP1,0.05658822005931599
Hum_XLOC_023014,THP1,0.07867636440668882
Hum_XLOC_023016,THP1,0.060125434677180484
Hum_XLOC_023021,THP1,0.06895717149886661
Hum_XLOC_023023,THP1,0.0640165777737178
Hum_XLOC_023024,THP1,0.0580260069699564
Hum_XLOC_023034,THP1,0.08912989929841869
Hum_XLOC_023047,THP1,0.0603314414596276
Hum_XLOC_023058,THP1,0.07867272369462813
Hum_XLOC_023062,THP1,0.06016743995821572
Hum_XLOC_023064,THP1,0.0662386995040288
Hum_XLOC_023071,THP1,0.041994578739435795
Hum_XLOC_023072,THP1,0.08265970858606843
Hum_XLOC_023078,THP1,0.05870064804665881
Hum_XLOC_023088,THP1,0.05867531917318852
Hum_XLOC_023092,THP1,0.028750773658855033
Hum_XLOC_023101,THP1,0.07969013070260095
Hum_XLOC_023108,THP1,0.07920950785011951
Hum_XLOC_023131,THP1,0.07626561176622537
Hum_XLOC_023142,THP1,0.06923201901209497
Hum_XLOC_023145,THP1,0.07332464189476992
Hum_XLOC_023155,THP1,0.05561086122739804
Hum_XLOC_023165,THP1,0.0717613651221975
Hum_XLOC_023169,THP1,0.05209613922854051
Hum_XLOC_023186,THP1,0.029678863519966583
Hum_XLOC_023189,THP1,0.022665881911779553
Hum_XLOC_023201,THP1,0.0761207966897534
Hum_XLOC_023210,THP1,0.06635672743521517
Hum_XLOC_023211,THP1,0.0510882072723662
Hum_XLOC_023219,THP1,0.04468795135611032
Hum_XLOC_023235,THP1,0.0591310935143285
Hum_XLOC_023237,THP1,0.0675846658873457
Hum_XLOC_023240,THP1,0.07416548573155819
Hum_XLOC_023256,THP1,0.06510013246719167
Hum_XLOC_023259,THP1,0.048832083212526564
Hum_XLOC_023262,THP1,0.06370511178330604
Hum_XLOC_023267,THP1,0.07184718195202594
Hum_XLOC_023283,THP1,0.06972060099507141
Hum_XLOC_023286,THP1,0.056497508476307814
Hum_XLOC_023290,THP1,0.07536350483543779
Hum_XLOC_023293,THP1,0.06985120816552852
Hum_XLOC_023300,THP1,0.07479244256626938
Hum_XLOC_023308,THP1,0.027651671121532696
Hum_XLOC_023321,THP1,0.07824064592537947
Hum_XLOC_023332,THP1,0.06666177350034544
Hum_XLOC_023349,THP1,0.05938936394021233
Hum_XLOC_023360,THP1,0.042218636007835986
Hum_XLOC_023369,THP1,0.06560685317063858
Hum_XLOC_023380,THP1,0.05598652690093065
Hum_XLOC_023390,THP1,0.04261372472619859
Hum_XLOC_023397,THP1,0.0420112688846902
Hum_XLOC_023398,THP1,0.07073192202218616
Hum_XLOC_023400,THP1,0.04051933960759088
Hum_XLOC_023403,THP1,0.08040999494721546
Hum_XLOC_023404,THP1,0.04226762336723509
Hum_XLOC_023425,THP1,0.05775284122563034
Hum_XLOC_023426,THP1,0.037402191063500054
Hum_XLOC_023443,THP1,0.03267736975015416
Hum_XLOC_023445,THP1,0.08093902185248386
Hum_XLOC_023450,THP1,0.06088910859968126
Hum_XLOC_023453,THP1,0.07053572411468834
Hum_XLOC_023472,THP1,0.04063138295502115
Hum_XLOC_023481,THP1,0.06993210565446228
Hum_XLOC_023485,THP1,0.06277803415467988
Hum_XLOC_023488,THP1,0.0725565944917894
Hum_XLOC_023520,THP1,0.07242777340407991
Hum_XLOC_023548,THP1,0.07414461127102026
Hum_XLOC_023558,THP1,0.030729677137729748
Hum_XLOC_023567,THP1,0.06544116063689925
Hum_XLOC_023574,THP1,0.07708662917955844
Hum_XLOC_023575,THP1,0.07405761293821277
Hum_XLOC_023580,THP1,0.06887143128610043
Hum_XLOC_023587,THP1,0.06213919032790874
Hum_XLOC_023606,THP1,0.04088563065026529
Hum_XLOC_023652,THP1,0.07576402781039099
Hum_XLOC_023657,THP1,0.09085809422741627
Hum_XLOC_023658,THP1,0.0874011540498641
Hum_XLOC_023662,THP1,0.03473495981661462
Hum_XLOC_023669,THP1,0.10094820891991452
Hum_XLOC_023673,THP1,0.08265572698256421
Hum_XLOC_023689,THP1,0.06366392174276841
Hum_XLOC_023693,THP1,0.08053741066760589
Hum_XLOC_023705,THP1,0.0780033228221812
Hum_XLOC_023717,THP1,0.09298651655675685
Hum_XLOC_023720,THP1,0.05294280408965224
Hum_XLOC_023721,THP1,0.079370465714352
Hum_XLOC_023731,THP1,0.0658151257047658
Hum_XLOC_023736,THP1,0.07211982571235953
Hum_XLOC_023744,THP1,0.08765900550834542
Hum_XLOC_023746,THP1,0.07797759287292035
Hum_XLOC_023756,THP1,0.0793403069603872
Hum_XLOC_023757,THP1,0.08304091192174314
Hum_XLOC_023759,THP1,0.0676231086078552
Hum_XLOC_023760,THP1,0.074195338587805
Hum_XLOC_023764,THP1,0.0559140442478699
Hum_XLOC_023783,THP1,0.059001896782539254
Hum_XLOC_023784,THP1,0.08101565806250577
Hum_XLOC_023786,THP1,0.06962989803184083
Hum_XLOC_023791,THP1,0.06919601836665215
Hum_XLOC_023793,THP1,0.03884598804905607
Hum_XLOC_023804,THP1,0.033535811601839736
Hum_XLOC_023815,THP1,0.05927860179508533
Hum_XLOC_023820,THP1,0.031003509840846655
Hum_XLOC_023833,THP1,0.06808301333197737
Hum_XLOC_023851,THP1,0.02629438940890369
Hum_XLOC_023869,THP1,0.023833926861933585
Hum_XLOC_023878,THP1,0.04232244062898129
Hum_XLOC_023887,THP1,0.0847686514837935
Hum_XLOC_023889,THP1,0.07459324614196781
Hum_XLOC_023922,THP1,0.07655583496808491
Hum_XLOC_023923,THP1,0.05457481549382389
Hum_XLOC_023924,THP1,0.057651987817969
Hum_XLOC_023926,THP1,0.0928350667059665
Hum_XLOC_023928,THP1,0.030526553272835988
Hum_XLOC_023949,THP1,0.06521464559141747
Hum_XLOC_023950,THP1,0.07544773769045438
Hum_XLOC_023959,THP1,0.020928134091828747
Hum_XLOC_023961,THP1,0.0634483839827867
Hum_XLOC_023962,THP1,0.06651114714550213
Hum_XLOC_023972,THP1,0.06220304631537091
Hum_XLOC_023973,THP1,0.07418684117930824
Hum_XLOC_024013,THP1,0.046155177716875065
Hum_XLOC_024031,THP1,0.03668581358313017
Hum_XLOC_024047,THP1,0.0773558673929427
Hum_XLOC_024100,THP1,0.0491696858676958
Hum_XLOC_024120,THP1,0.06030538214602001
Hum_XLOC_024123,THP1,0.07119654171493625
Hum_XLOC_024127,THP1,0.02925114775250964
Hum_XLOC_024131,THP1,0.06715634367464673
Hum_XLOC_024132,THP1,0.04337558459873582
Hum_XLOC_024151,THP1,0.05438914273356863
Hum_XLOC_024155,THP1,0.06796410648823109
Hum_XLOC_024156,THP1,0.07874254562276864
Hum_XLOC_024159,THP1,0.05889279692058597
Hum_XLOC_024160,THP1,0.05440886418632912
Hum_XLOC_024169,THP1,0.05192329834605417
Hum_XLOC_024175,THP1,0.08996052928042009
Hum_XLOC_024179,THP1,0.07151805101396357
Hum_XLOC_024194,THP1,0.06326263232156654
Hum_XLOC_024197,THP1,0.07661674499617296
Hum_XLOC_024205,THP1,0.07051805213884488
Hum_XLOC_024215,THP1,0.09900264081289718
Hum_XLOC_024217,THP1,0.07596105647590216
Hum_XLOC_024233,THP1,0.08365112118326563
Hum_XLOC_024241,THP1,0.06359721283193315
Hum_XLOC_024242,THP1,0.0625979834825149
Hum_XLOC_024243,THP1,0.05737644570998572
Hum_XLOC_024245,THP1,0.04273417314365434
Hum_XLOC_024248,THP1,0.025604006301270268
Hum_XLOC_024257,THP1,0.07157515806082948
Hum_XLOC_024265,THP1,0.06801339677161163
Hum_XLOC_024266,THP1,0.07355891590556705
Hum_XLOC_024268,THP1,0.07355002497300667
Hum_XLOC_024281,THP1,0.07587604894581132
Hum_XLOC_024303,THP1,0.06781160838479042
Hum_XLOC_024325,THP1,0.07988574402712686
Hum_XLOC_024373,THP1,0.04362862103600857
Hum_XLOC_024374,THP1,0.0775424032320896
Hum_XLOC_024381,THP1,0.07607051655955398
Hum_XLOC_024383,THP1,0.02726690215962354
Hum_XLOC_024384,THP1,0.08277641045673192
Hum_XLOC_024388,THP1,0.07414805067398275
Hum_XLOC_024403,THP1,0.0917402050364022
Hum_XLOC_024409,THP1,0.06668336347060141
Hum_XLOC_024418,THP1,0.053247757283217775
Hum_XLOC_024425,THP1,0.06326414494765598
Hum_XLOC_024441,THP1,0.08767473068595809
Hum_XLOC_024458,THP1,0.05605933367317691
Hum_XLOC_024459,THP1,0.09510175254152617
Hum_XLOC_024475,THP1,0.0785838673991969
Hum_XLOC_024476,THP1,0.07682223420658074
Hum_XLOC_024494,THP1,0.06874236648392049
Hum_XLOC_024495,THP1,0.06262861157308744
Hum_XLOC_024520,THP1,0.054287639977952426
Hum_XLOC_024521,THP1,0.06217346121397864
Hum_XLOC_024523,THP1,0.03304266689937308
Hum_XLOC_024532,THP1,0.08005337954321001
Hum_XLOC_024556,THP1,0.08127533671816284
Hum_XLOC_024557,THP1,0.02467101716065738
Hum_XLOC_024559,THP1,0.07089084483905042
Hum_XLOC_024575,THP1,0.062091405277093795
Hum_XLOC_024582,THP1,0.08276366556142896
Hum_XLOC_024586,THP1,0.027425452002513444
Hum_XLOC_024596,THP1,0.06503195809085774
Hum_XLOC_024602,THP1,0.07428140965071335
Hum_XLOC_024614,THP1,0.07515388867301365
Hum_XLOC_024620,THP1,0.058103576282528296
Hum_XLOC_024637,THP1,0.061761292526592584
Hum_XLOC_024649,THP1,0.026278478426590698
Hum_XLOC_024675,THP1,0.035818727284342544
Hum_XLOC_024713,THP1,0.06329131153985973
Hum_XLOC_024739,THP1,0.05116392471308652
Hum_XLOC_024762,THP1,0.06954966928708294
Hum_XLOC_024763,THP1,0.06413010588236845
Hum_XLOC_024767,THP1,0.026070419374581127
Hum_XLOC_024777,THP1,0.05693924592271415
Hum_XLOC_024820,THP1,0.0573282515799961
Hum_XLOC_024825,THP1,0.07434233971561394
Hum_XLOC_024826,THP1,0.04435450689771082
Hum_XLOC_024829,THP1,0.09957603420340831
Hum_XLOC_024842,THP1,0.0621117494965531
Hum_XLOC_024847,THP1,0.0702059265608543
Hum_XLOC_024854,THP1,0.07831809025306047
Hum_XLOC_024863,THP1,0.04804842049603911
Hum_XLOC_024871,THP1,0.05644089329428371
Hum_XLOC_024872,THP1,0.0742757972574644
Hum_XLOC_024874,THP1,0.09166483001298123
Hum_XLOC_024876,THP1,0.03768092636022192
Hum_XLOC_024900,THP1,0.04782006866728929
Hum_XLOC_024910,THP1,0.06646390058671217
Hum_XLOC_024922,THP1,0.07948674083622737
Hum_XLOC_024931,THP1,0.06119000801367862
Hum_XLOC_024934,THP1,0.04641209877407104
Hum_XLOC_024957,THP1,0.059694606444658495
Hum_XLOC_024970,THP1,0.05126538008265334
Hum_XLOC_024979,THP1,0.03307363496572717
Hum_XLOC_025009,THP1,0.0647125640300331
Hum_XLOC_025022,THP1,0.05195239938984254
Hum_XLOC_025028,THP1,0.06924225149193441
Hum_XLOC_025048,THP1,0.05904035984433261
Hum_XLOC_025049,THP1,0.030401251248036096
Hum_XLOC_025061,THP1,0.08188755801301315
Hum_XLOC_025065,THP1,0.032863345085169374
Hum_XLOC_025071,THP1,0.07472290008265547
Hum_XLOC_025081,THP1,0.05621759359613407
Hum_XLOC_025111,THP1,0.07765131452979292
Hum_XLOC_025182,THP1,0.09178388055644693
Hum_XLOC_025208,THP1,0.06292039500813355
Hum_XLOC_025246,THP1,0.061012368685992566
Hum_XLOC_025247,THP1,0.02938467977099491
Hum_XLOC_025284,THP1,0.03942590431946341
Hum_XLOC_025303,THP1,0.07242189772421904
Hum_XLOC_025305,THP1,0.0720553699389341
Hum_XLOC_025323,THP1,0.03788428336320379
Hum_XLOC_025331,THP1,0.0692551383642667
Hum_XLOC_025332,THP1,0.07189985376049704
Hum_XLOC_025334,THP1,0.020074480972807805
Hum_XLOC_025335,THP1,0.045605089920276246
Hum_XLOC_025339,THP1,0.02113140156420212
Hum_XLOC_025353,THP1,0.024745423887034927
Hum_XLOC_025356,THP1,0.033413727565435786
Hum_XLOC_025357,THP1,0.059375047220446495
Hum_XLOC_025366,THP1,0.05880294369846445
Hum_XLOC_025377,THP1,0.07311260834691793
Hum_XLOC_025394,THP1,0.030590967664086553
Hum_XLOC_025402,THP1,0.052071864975800436
Hum_XLOC_025403,THP1,0.05252411891516938
Hum_XLOC_025407,THP1,0.03775600563352346
Hum_XLOC_025408,THP1,0.06175490697459081
Hum_XLOC_025410,THP1,0.056110247995206114
Hum_XLOC_025414,THP1,0.07294219124078602
Hum_XLOC_025416,THP1,0.04954660276742512
Hum_XLOC_025436,THP1,0.07030261902794124
Hum_XLOC_025444,THP1,0.07981324413343924
Hum_XLOC_025445,THP1,0.07131807137387737
Hum_XLOC_025447,THP1,0.06824346200155076
Hum_XLOC_025452,THP1,0.0750738743328545
Hum_XLOC_025460,THP1,0.05413728099063016
Hum_XLOC_025474,THP1,0.078480423122959
Hum_XLOC_025478,THP1,0.08118868082500633
Hum_XLOC_025481,THP1,0.07461710313356369
Hum_XLOC_025487,THP1,0.08985366815809975
Hum_XLOC_025488,THP1,0.0828989055861672
Hum_XLOC_025494,THP1,0.07255366084420863
Hum_XLOC_025498,THP1,0.07878962205184399
Hum_XLOC_025506,THP1,0.053402491254501507
Hum_XLOC_025536,THP1,0.05666520303546008
Hum_XLOC_025552,THP1,0.07177874846323169
Hum_XLOC_025589,THP1,0.06938330123527256
Hum_XLOC_025596,THP1,0.0765217114611146
Hum_XLOC_025611,THP1,0.07826496015511504
Hum_XLOC_025641,THP1,0.07671893869183613
Hum_XLOC_025651,THP1,0.053250465534406315
Hum_XLOC_025706,THP1,0.030176168042058166
Hum_XLOC_025720,THP1,0.0522921574486965
Hum_XLOC_025723,THP1,0.07836786786520886
Hum_XLOC_025724,THP1,0.06319574127575209
Hum_XLOC_025725,THP1,0.08534836059415313
Hum_XLOC_025754,THP1,0.02061445842002638
Hum_XLOC_025758,THP1,0.06427467187121846
Hum_XLOC_025766,THP1,0.050001589543880474
Hum_XLOC_025782,THP1,0.06880536506464206
Hum_XLOC_025790,THP1,0.06568950168810722
Hum_XLOC_025791,THP1,0.046565780846514214
Hum_XLOC_025807,THP1,0.07992422127935778
Hum_XLOC_025812,THP1,0.07410776818624737
Hum_XLOC_025823,THP1,0.04777648324544389
Hum_XLOC_025824,THP1,0.06656125430824558
Hum_XLOC_025853,THP1,0.07759728789666391
Hum_XLOC_025863,THP1,0.06274499083238512
Hum_XLOC_025864,THP1,0.06672273309975252
Hum_XLOC_025872,THP1,0.03964394713256035
Hum_XLOC_025914,THP1,0.05165124185929075
Hum_XLOC_025920,THP1,0.024180277468473656
Hum_XLOC_025933,THP1,0.06887424192910294
Hum_XLOC_025935,THP1,0.06432725648592053
Hum_XLOC_025945,THP1,0.07132299587317643
Hum_XLOC_025966,THP1,0.033143481396003455
Hum_XLOC_025967,THP1,0.07953913749721624
Hum_XLOC_025993,THP1,0.06555531366680185
Hum_XLOC_026011,THP1,0.06143226583251729
Hum_XLOC_026016,THP1,0.07567006148712997
Hum_XLOC_026027,THP1,0.07063551434734039
Hum_XLOC_026028,THP1,0.04076822096871016
Hum_XLOC_026041,THP1,0.06290878410669536
Hum_XLOC_026046,THP1,0.06989561261458763
Hum_XLOC_026057,THP1,0.03079075773811764
Hum_XLOC_026072,THP1,0.04059285465783466
Hum_XLOC_026080,THP1,0.05849637804168758
Hum_XLOC_026086,THP1,0.03618129624135261
Hum_XLOC_026087,THP1,0.05512854270339276
Hum_XLOC_026088,THP1,0.07849201723472266
Hum_XLOC_026091,THP1,0.07991610358593565
Hum_XLOC_026092,THP1,0.07788917245797375
Hum_XLOC_026105,THP1,0.07945032304411428
Hum_XLOC_026110,THP1,0.06318036613489575
Hum_XLOC_026117,THP1,0.07883333574109813
Hum_XLOC_026118,THP1,0.02182246488117264
Hum_XLOC_026119,THP1,0.0699048387669111
Hum_XLOC_026132,THP1,0.04950601905652257
Hum_XLOC_026135,THP1,0.07421286124423253
Hum_XLOC_026150,THP1,0.06840791623038386
Hum_XLOC_026153,THP1,0.06168823474364708
Hum_XLOC_026195,THP1,0.0419149152600686
Hum_XLOC_026198,THP1,0.07823333282287274
Hum_XLOC_026205,THP1,0.07509087713473012
Hum_XLOC_026210,THP1,0.06392132019851238
Hum_XLOC_026228,THP1,0.049824013949833657
Hum_XLOC_026232,THP1,0.024161247317481267
Hum_XLOC_026234,THP1,0.07857982890239139
Hum_XLOC_026244,THP1,0.03713940336354374
Hum_XLOC_026245,THP1,0.05150119186098403
Hum_XLOC_026250,THP1,0.06032944710296617
Hum_XLOC_026251,THP1,0.06086905095297565
Hum_XLOC_026252,THP1,0.018720002637286876
Hum_XLOC_026261,THP1,0.028157389972996067
Hum_XLOC_026269,THP1,0.06562345553267139
Hum_XLOC_026281,THP1,0.07271896765435884
Hum_XLOC_026304,THP1,0.030470473877398027
Hum_XLOC_026310,THP1,0.06259247000457246
Hum_XLOC_026311,THP1,0.08649571070370313
Hum_XLOC_026313,THP1,0.07689456551991071
Hum_XLOC_026314,THP1,0.08192449335919641
Hum_XLOC_026317,THP1,0.053437524515070854
Hum_XLOC_026320,THP1,0.07244888854694043
Hum_XLOC_026323,THP1,0.06946996696973395
Hum_XLOC_026328,THP1,0.05993774872067554
Hum_XLOC_026349,THP1,0.0815477221999912
Hum_XLOC_026350,THP1,0.05308851013748726
Hum_XLOC_026362,THP1,0.06346418391896835
Hum_XLOC_026363,THP1,0.02628675597214031
Hum_XLOC_026388,THP1,0.06260201549708538
Hum_XLOC_026389,THP1,0.07263693383942071
Hum_XLOC_026391,THP1,0.04864653153853228
Hum_XLOC_026399,THP1,0.07327882332981268
Hum_XLOC_026418,THP1,0.0724205118270281
Hum_XLOC_026427,THP1,0.07318411704274244
Hum_XLOC_026431,THP1,0.07424296943634605
Hum_XLOC_026435,THP1,0.05706669582668504
Hum_XLOC_026443,THP1,0.06304839762112271
Hum_XLOC_026460,THP1,0.0657227995803348
Hum_XLOC_026470,THP1,0.07173514981196506
Hum_XLOC_026477,THP1,0.05572363788219865
Hum_XLOC_026491,THP1,0.04592888015495628
Hum_XLOC_026494,THP1,0.06681246008112202
Hum_XLOC_026496,THP1,0.07458638660988075
Hum_XLOC_026504,THP1,0.042147496868977015
Hum_XLOC_026511,THP1,0.043484159832532905
Hum_XLOC_026529,THP1,0.04910933501374287
Hum_XLOC_026533,THP1,0.05765120736999935
Hum_XLOC_026567,THP1,0.05286218845584845
Hum_XLOC_026587,THP1,0.021676446056995265
Hum_XLOC_026590,THP1,0.06068063359423199
Hum_XLOC_026618,THP1,0.07666051657869039
Hum_XLOC_026619,THP1,0.06041925330979233
Hum_XLOC_026633,THP1,0.0638055333344314
Hum_XLOC_026640,THP1,0.07150166966473087
Hum_XLOC_026641,THP1,0.029830442036600097
Hum_XLOC_026646,THP1,0.05099880498738198
Hum_XLOC_026653,THP1,0.026037444110457376
Hum_XLOC_026655,THP1,0.048727258548753316
Hum_XLOC_026666,THP1,0.0664607211191609
Hum_XLOC_026668,THP1,0.0699261333515335
Hum_XLOC_026681,THP1,0.08579335327881422
Hum_XLOC_026689,THP1,0.06600053175070429
Hum_XLOC_026732,THP1,0.07033567895333998
Hum_XLOC_026737,THP1,0.023454676558162673
Hum_XLOC_026743,THP1,0.07667814273211443
Hum_XLOC_026761,THP1,0.060723910580465966
Hum_XLOC_026764,THP1,0.05319747727404252
Hum_XLOC_026767,THP1,0.06917075368021905
Hum_XLOC_026779,THP1,0.015728848015401697
Hum_XLOC_026781,THP1,0.05748863428742004
Hum_XLOC_026782,THP1,0.1290301380030135
Hum_XLOC_026786,THP1,0.08071402983068086
Hum_XLOC_026796,THP1,0.07766094247732494
Hum_XLOC_026797,THP1,0.058451728670203505
Hum_XLOC_026814,THP1,0.0526346407604835
Hum_XLOC_026818,THP1,0.06338705463954998
Hum_XLOC_026849,THP1,0.04885420983140839
Hum_XLOC_026853,THP1,0.057365792544547545
Hum_XLOC_026870,THP1,0.07655255215022345
Hum_XLOC_026879,THP1,0.055229152410264215
Hum_XLOC_026891,THP1,0.06499683870291173
Hum_XLOC_026900,THP1,0.08150098847629403
Hum_XLOC_026902,THP1,0.03622228046784393
Hum_XLOC_026955,THP1,0.036827948394908494
Hum_XLOC_026966,THP1,0.08191434091495374
Hum_XLOC_026987,THP1,0.031305272513831084
Hum_XLOC_026996,THP1,0.040395689424008466
Hum_XLOC_026997,THP1,0.047756495398459456
Hum_XLOC_027006,THP1,0.022828534387596137
Hum_XLOC_027017,THP1,0.03274797838863925
Hum_XLOC_027023,THP1,0.05769509092224164
Hum_XLOC_027042,THP1,0.04807140096067416
Hum_XLOC_027047,THP1,0.052745342942410435
Hum_XLOC_027048,THP1,0.0731612658545889
Hum_XLOC_027051,THP1,0.05987339996614178
Hum_XLOC_027058,THP1,0.06041674491712639
Hum_XLOC_027073,THP1,0.04234366094196197
Hum_XLOC_027110,THP1,0.046782378601199076
Hum_XLOC_027138,THP1,0.07984288302938125
Hum_XLOC_027148,THP1,0.06660668771704058
Hum_XLOC_027158,THP1,0.05346055251023815
Hum_XLOC_027170,THP1,0.07944171523709595
Hum_XLOC_027183,THP1,0.06586505462432689
Hum_XLOC_027195,THP1,0.06393333751762294
Hum_XLOC_027197,THP1,0.07771279561445622
Hum_XLOC_027199,THP1,0.07583079815318094
Hum_XLOC_027231,THP1,0.04362844932598576
Hum_XLOC_027232,THP1,0.06711289006697176
Hum_XLOC_027239,THP1,0.05786351965081929
Hum_XLOC_027240,THP1,0.06971029231154895
Hum_XLOC_027248,THP1,0.06975046434148599
Hum_XLOC_027259,THP1,0.05175401961109099
Hum_XLOC_027290,THP1,0.06115104134442891
Hum_XLOC_027291,THP1,0.07329052859985942
Hum_XLOC_027294,THP1,0.07064609707495652
Hum_XLOC_027295,THP1,0.068518396387961
Hum_XLOC_027297,THP1,0.06158255034030831
Hum_XLOC_027314,THP1,0.07126787340373672
Hum_XLOC_027315,THP1,0.07571846123745611
Hum_XLOC_027336,THP1,0.05014738924743577
Hum_XLOC_027352,THP1,0.07083390281220982
Hum_XLOC_027354,THP1,0.07883529321852337
Hum_XLOC_027358,THP1,0.07185248701139746
Hum_XLOC_027382,THP1,0.06795747641860063
Hum_XLOC_027383,THP1,0.021590630724533526
Hum_XLOC_027390,THP1,0.07112888385815204
Hum_XLOC_027391,THP1,0.06186646656705717
Hum_XLOC_027397,THP1,0.06996398029279441
Hum_XLOC_027422,THP1,0.05691287680154261
Hum_XLOC_027429,THP1,0.06428415007853881
Hum_XLOC_027449,THP1,0.10171562657350328
Hum_XLOC_027452,THP1,0.026824218987952855
Hum_XLOC_027461,THP1,0.06947138497812269
Hum_XLOC_027474,THP1,0.04200840364191519
Hum_XLOC_027489,THP1,0.05868352489251119
Hum_XLOC_027494,THP1,0.06133783513251226
Hum_XLOC_027499,THP1,0.05907646163544941
Hum_XLOC_027540,THP1,0.048161539361699604
Hum_XLOC_027544,THP1,0.08331761233514126
Hum_XLOC_027558,THP1,0.0519411680722391
Hum_XLOC_027561,THP1,0.028121845125297654
Hum_XLOC_027564,THP1,0.11792845628490305
Hum_XLOC_027565,THP1,0.08734591912869313
Hum_XLOC_027569,THP1,0.045323579166064706
Hum_XLOC_027573,THP1,0.07714514149693961
Hum_XLOC_027578,THP1,0.07224591935680479
Hum_XLOC_027588,THP1,0.06513759333811944
Hum_XLOC_027589,THP1,0.059012487119292724
Hum_XLOC_027603,THP1,0.06865431106195706
Hum_XLOC_027618,THP1,0.10530708232876602
Hum_XLOC_027632,THP1,0.06896060260144621
Hum_XLOC_027656,THP1,0.0867960340462172
Hum_XLOC_027659,THP1,0.05746246388347408
Hum_XLOC_027699,THP1,0.07292302770081256
Hum_XLOC_027703,THP1,0.02454067849900892
Hum_XLOC_027710,THP1,0.026433119143026606
Hum_XLOC_027715,THP1,0.06010840397552854
Hum_XLOC_027722,THP1,0.06773927081294034
Hum_XLOC_027723,THP1,0.07431666612598782
Hum_XLOC_027733,THP1,0.027822005856502872
Hum_XLOC_027750,THP1,0.07187702225918938
Hum_XLOC_027752,THP1,0.06758903147217141
Hum_XLOC_027761,THP1,0.079564576261174
Hum_XLOC_027777,THP1,0.04256966334145285
Hum_XLOC_027793,THP1,0.06062636987542144
Hum_XLOC_027799,THP1,0.06002108209624662
Hum_XLOC_027810,THP1,0.05596926128023171
Hum_XLOC_027839,THP1,0.06577156066416531
Hum_XLOC_027855,THP1,0.0523134369071134
Hum_XLOC_027870,THP1,0.06999825534733471
Hum_XLOC_027873,THP1,0.03255895733427557
Hum_XLOC_027890,THP1,0.02148972849104174
Hum_XLOC_027894,THP1,0.05356182999175292
Hum_XLOC_027904,THP1,0.04673348626972856
Hum_XLOC_027907,THP1,0.07685752237444474
Hum_XLOC_027908,THP1,0.07261412051120095
Hum_XLOC_027909,THP1,0.08011422541353659
Hum_XLOC_027914,THP1,0.07214666242638079
Hum_XLOC_027934,THP1,0.06292987046489606
Hum_XLOC_027944,THP1,0.06643746126851294
Hum_XLOC_027977,THP1,0.0678550037204734
Hum_XLOC_028009,THP1,0.07044938750710278
Hum_XLOC_028013,THP1,0.03070525840298419
Hum_XLOC_028029,THP1,0.06381329983790639
Hum_XLOC_028037,THP1,0.031967422001630795
Hum_XLOC_028055,THP1,0.05574189014243211
Hum_XLOC_028073,THP1,0.06030150868419769
Hum_XLOC_028080,THP1,0.06124323744137831
Hum_XLOC_028083,THP1,0.0884620807646811
Hum_XLOC_028126,THP1,0.03062842215345755
Hum_XLOC_028136,THP1,0.0450039295242355
Hum_XLOC_028139,THP1,0.06826470291610184
Hum_XLOC_028155,THP1,0.06382969822839347
Hum_XLOC_028161,THP1,0.07724123624283682
Hum_XLOC_028211,THP1,0.06268924660411011
Hum_XLOC_028227,THP1,0.054056481333871344
Hum_XLOC_028233,THP1,0.029220898675129073
Hum_XLOC_028237,THP1,0.03535219613466601
Hum_XLOC_028242,THP1,0.07374724699625185
Hum_XLOC_028244,THP1,0.06451869386165117
Hum_XLOC_028246,THP1,0.028513247736570005
Hum_XLOC_028247,THP1,0.03924656771933551
Hum_XLOC_028248,THP1,0.05500241362715505
Hum_XLOC_028249,THP1,0.07413681852752703
Hum_XLOC_028257,THP1,0.017641538404025117
Hum_XLOC_028260,THP1,0.07786510303582639
Hum_XLOC_028261,THP1,0.04654863409136287
Hum_XLOC_028268,THP1,0.047291787721611855
Hum_XLOC_028269,THP1,0.07477372163923106
Hum_XLOC_028279,THP1,0.05715213015034187
Hum_XLOC_028290,THP1,0.07292422398383992
Hum_XLOC_028294,THP1,0.026881842812447477
Hum_XLOC_028295,THP1,0.043497526301356226
Hum_XLOC_028297,THP1,0.06448303862845389
Hum_XLOC_028300,THP1,0.055584612091574545
Hum_XLOC_028310,THP1,0.06780407834857437
Hum_XLOC_028318,THP1,0.06828249693492511
Hum_XLOC_028324,THP1,0.06496290682964562
Hum_XLOC_028329,THP1,0.06338483364676835
Hum_XLOC_028330,THP1,0.07486665130938966
Hum_XLOC_028337,THP1,0.06710635776975997
Hum_XLOC_028346,THP1,0.0571993594395699
Hum_XLOC_028354,THP1,0.05646679706126154
Hum_XLOC_028360,THP1,0.08055547722035457
Hum_XLOC_028366,THP1,0.07361119265776073
Hum_XLOC_028368,THP1,0.02466326515323661
Hum_XLOC_028377,THP1,0.05112781057970361
Hum_XLOC_028390,THP1,0.05755974525077799
Hum_XLOC_028409,THP1,0.06981327471061874
Hum_XLOC_028436,THP1,0.07479409701257836
Hum_XLOC_028464,THP1,0.0697263700177182
Hum_XLOC_028467,THP1,0.054370493062599834
Hum_XLOC_028476,THP1,0.07222855262419914
Hum_XLOC_028478,THP1,0.07012931542189338
Hum_XLOC_028481,THP1,0.07817022389772983
Hum_XLOC_028488,THP1,0.046289646064370055
Hum_XLOC_028496,THP1,0.07230619275830878
Hum_XLOC_028536,THP1,0.06062162170747147
Hum_XLOC_028543,THP1,0.07608825850030908
Hum_XLOC_028545,THP1,0.06301764305729587
Hum_XLOC_028547,THP1,0.06257837399059213
Hum_XLOC_028558,THP1,0.02212214906204409
Hum_XLOC_028559,THP1,0.027031577392478374
Hum_XLOC_028606,THP1,0.07007577096337164
Hum_XLOC_028623,THP1,0.0750797653952949
Hum_XLOC_028633,THP1,0.026820911189512846
Hum_XLOC_028640,THP1,0.04418715633747088
Hum_XLOC_028657,THP1,0.06171839917763848
Hum_XLOC_028665,THP1,0.05105172293506165
Hum_XLOC_028670,THP1,0.07495135412035067
Hum_XLOC_028672,THP1,0.04973124235695332
Hum_XLOC_028678,THP1,0.06875809476771223
Hum_XLOC_028681,THP1,0.021864875093656165
Hum_XLOC_028682,THP1,0.07961664933931344
Hum_XLOC_028687,THP1,0.07699671241169134
Hum_XLOC_028694,THP1,0.0771236610293529
Hum_XLOC_028695,THP1,0.06603664498348988
Hum_XLOC_028705,THP1,0.045752525089961235
Hum_XLOC_028710,THP1,0.06833816745615488
Hum_XLOC_028712,THP1,0.0571242556521876
Hum_XLOC_028719,THP1,0.05865914156014352
Hum_XLOC_028720,THP1,0.027493119620088186
Hum_XLOC_028748,THP1,0.06771172878555475
Hum_XLOC_028751,THP1,0.06875205605851739
Hum_XLOC_028763,THP1,0.07899646933233045
Hum_XLOC_028775,THP1,0.07338359974561312
Hum_XLOC_028781,THP1,0.05203497148593411
Hum_XLOC_028782,THP1,0.04730696815678854
Hum_XLOC_028795,THP1,0.07593856952755995
Hum_XLOC_028802,THP1,0.044983566152151
Hum_XLOC_028817,THP1,0.022256980777501052
Hum_XLOC_028821,THP1,0.07780249894658266
Hum_XLOC_028834,THP1,0.04209556517051738
Hum_XLOC_028835,THP1,0.05775326979601356
Hum_XLOC_028859,THP1,0.0483688153771457
Hum_XLOC_028866,THP1,0.0564740080201815
Hum_XLOC_028873,THP1,0.07036426777759794
Hum_XLOC_028874,THP1,0.07520259745116721
Hum_XLOC_028893,THP1,0.04115246980929937
Hum_XLOC_028896,THP1,0.07006165578661586
Hum_XLOC_028904,THP1,0.031719687792867865
Hum_XLOC_028907,THP1,0.04700425237599534
Hum_XLOC_028908,THP1,0.02178330491060239
Hum_XLOC_028911,THP1,0.07606647389088657
Hum_XLOC_028944,THP1,0.030078999256687566
Hum_XLOC_028947,THP1,0.05986762654229482
Hum_XLOC_028953,THP1,0.04689572145981653
Hum_XLOC_028954,THP1,0.074836467957751
Hum_XLOC_028956,THP1,0.03946106918862914
Hum_XLOC_028968,THP1,0.057874058807874565
Hum_XLOC_028970,THP1,0.033773460461563085
Hum_XLOC_028994,THP1,0.06885113219569786
Hum_XLOC_029002,THP1,0.06904793444960484
Hum_XLOC_029009,THP1,0.056878454319551935
Hum_XLOC_029023,THP1,0.06324759795291839
Hum_XLOC_029037,THP1,0.028557018283548594
Hum_XLOC_029051,THP1,0.048875242001453954
Hum_XLOC_029067,THP1,0.07082243804260561
Hum_XLOC_029072,THP1,0.021018276372044634
Hum_XLOC_029073,THP1,0.055986057115638484
Hum_XLOC_029100,THP1,0.046481212257998554
Hum_XLOC_029130,THP1,0.05935542850255782
Hum_XLOC_029131,THP1,0.05189813734608795
Hum_XLOC_029137,THP1,0.04353420626940391
Hum_XLOC_029155,THP1,0.06624681828428837
Hum_XLOC_029193,THP1,0.08025041269132019
Hum_XLOC_029206,THP1,0.020937471647640007
Hum_XLOC_029211,THP1,0.043249403301125144
Hum_XLOC_029214,THP1,0.06995522806780291
Hum_XLOC_029215,THP1,0.07983832635685234
Hum_XLOC_029216,THP1,0.029072807471781644
Hum_XLOC_029218,THP1,0.06282881367106576
Hum_XLOC_029234,THP1,0.045080226832701194
Hum_XLOC_029239,THP1,0.07829949950505467
Hum_XLOC_029245,THP1,0.02490045200284273
Hum_XLOC_029247,THP1,0.03883524127148351
Hum_XLOC_029253,THP1,0.06909391074669527
Hum_XLOC_029254,THP1,0.055635297914964466
Hum_XLOC_029277,THP1,0.06609785469179395
Hum_XLOC_029279,THP1,0.07861798352873078
Hum_XLOC_029281,THP1,0.2582461403261578
Hum_XLOC_029283,THP1,0.07137562499125089
Hum_XLOC_029292,THP1,0.08405996116605907
Hum_XLOC_029305,THP1,0.027116624214183413
Hum_XLOC_029312,THP1,0.05013799287475165
Hum_XLOC_029316,THP1,0.07363937686526417
Hum_XLOC_029333,THP1,0.05456494678948835
Hum_XLOC_029338,THP1,0.05838042927974589
Hum_XLOC_029341,THP1,0.05370529335392234
Hum_XLOC_029344,THP1,0.028138052371810714
Hum_XLOC_029363,THP1,0.040467233122431376
Hum_XLOC_029364,THP1,0.0593482782130051
Hum_XLOC_029372,THP1,0.054910920885795696
Hum_XLOC_029382,THP1,0.06069661053342212
Hum_XLOC_029391,THP1,0.07915987590823328
Hum_XLOC_029394,THP1,0.06912747364488947
Hum_XLOC_029396,THP1,0.07376915675502704
Hum_XLOC_029419,THP1,0.054492650459688444
Hum_XLOC_029436,THP1,0.08314598254212319
Hum_XLOC_029443,THP1,0.04275011668758237
Hum_XLOC_029451,THP1,0.03642530280736271
Hum_XLOC_029466,THP1,0.0207232219039726
Hum_XLOC_029467,THP1,0.08394721787011508
Hum_XLOC_029469,THP1,0.07097472155578557
Hum_XLOC_029487,THP1,0.025045019670216058
Hum_XLOC_029498,THP1,0.022978247254542426
Hum_XLOC_029505,THP1,0.029789451296766394
Hum_XLOC_029537,THP1,0.038890437925133504
Hum_XLOC_029543,THP1,0.028569402667396045
Hum_XLOC_029548,THP1,0.052578081392698955
Hum_XLOC_029552,THP1,0.06153866512351343
Hum_XLOC_029595,THP1,0.05378393076865807
Hum_XLOC_029597,THP1,0.07098561695753623
Hum_XLOC_029609,THP1,0.061553607412068785
Hum_XLOC_029611,THP1,0.03786996927994199
Hum_XLOC_029624,THP1,0.07021063102415998
Hum_XLOC_029638,THP1,0.06735660004128285
Hum_XLOC_029639,THP1,0.06651286396257418
Hum_XLOC_029676,THP1,0.06786495771566392
Hum_XLOC_029677,THP1,0.019680630848527017
Hum_XLOC_029679,THP1,0.07065828973919974
Hum_XLOC_029682,THP1,0.05731197815627105
Hum_XLOC_029700,THP1,0.05601649858265363
Hum_XLOC_029704,THP1,0.02985830212970171
Hum_XLOC_029712,THP1,0.06761155592269723
Hum_XLOC_029713,THP1,0.05191387143665046
Hum_XLOC_029718,THP1,0.04079525418447845
Hum_XLOC_029721,THP1,0.05931179385908509
Hum_XLOC_029723,THP1,0.03421506883763302
Hum_XLOC_029734,THP1,0.08288717664730152
Hum_XLOC_029751,THP1,0.0636987206261084
Hum_XLOC_029752,THP1,0.0629348840025648
Hum_XLOC_029754,THP1,0.07402193635312303
Hum_XLOC_029756,THP1,0.08281647318929716
Hum_XLOC_029803,THP1,0.05337256144220229
Hum_XLOC_029808,THP1,0.03621521849206753
Hum_XLOC_029819,THP1,0.03682868250417236
Hum_XLOC_029823,THP1,0.073561459357387
Hum_XLOC_029824,THP1,0.04457582105301136
Hum_XLOC_029826,THP1,0.056880045490992154
Hum_XLOC_029829,THP1,0.06059827640616203
Hum_XLOC_029832,THP1,0.07190333338914756
Hum_XLOC_029836,THP1,0.07660810670996183
Hum_XLOC_029838,THP1,0.05347112436734848
Hum_XLOC_029853,THP1,0.026334526900373918
Hum_XLOC_029865,THP1,0.02162094988170495
Hum_XLOC_029871,THP1,0.07649345021755385
Hum_XLOC_029873,THP1,0.06920070629099971
Hum_XLOC_029883,THP1,0.05668472815846853
Hum_XLOC_029885,THP1,0.023924103225366467
Hum_XLOC_029886,THP1,0.06963655939432915
Hum_XLOC_029893,THP1,0.02957059532981962
Hum_XLOC_029908,THP1,0.027390986610337575
Hum_XLOC_029929,THP1,0.08648768063632611
Hum_XLOC_029940,THP1,0.06662034625866851
Hum_XLOC_029965,THP1,0.06315372717176004
Hum_XLOC_029966,THP1,0.08061251355002277
Hum_XLOC_029975,THP1,0.044708549815898675
Hum_XLOC_029976,THP1,0.036021523467289596
Hum_XLOC_029988,THP1,0.018972859470363885
Hum_XLOC_030000,THP1,0.06245690540092889
Hum_XLOC_030047,THP1,0.06922496560076619
Hum_XLOC_030050,THP1,0.07353198402438987
Hum_XLOC_030057,THP1,0.07336712345740691
Hum_XLOC_030097,THP1,0.06678356740089167
Hum_XLOC_030101,THP1,0.05154137171192887
Hum_XLOC_030105,THP1,0.07034037107508449
Hum_XLOC_030108,THP1,0.07061400023602799
Hum_XLOC_030149,THP1,0.06982788905308272
Hum_XLOC_030151,THP1,0.0606476130718743
Hum_XLOC_030168,THP1,0.021156503880613426
Hum_XLOC_030170,THP1,0.021763904278354493
Hum_XLOC_030171,THP1,0.05866552065585126
Hum_XLOC_030172,THP1,0.029264176824468496
Hum_XLOC_030179,THP1,0.049807534309065454
Hum_XLOC_030183,THP1,0.0735355113994474
Hum_XLOC_030186,THP1,0.07372351753323697
Hum_XLOC_030196,THP1,0.04940018039733586
Hum_XLOC_030200,THP1,0.02548328957722056
Hum_XLOC_030211,THP1,0.06396804953726094
Hum_XLOC_030218,THP1,0.06817938459326574
Hum_XLOC_030226,THP1,0.061260569224440786
Hum_XLOC_030235,THP1,0.08038655400409943
Hum_XLOC_030237,THP1,0.0242644800241109
Hum_XLOC_030249,THP1,0.06756662879708401
Hum_XLOC_030254,THP1,0.0756294073385787
Hum_XLOC_030255,THP1,0.07417717914954793
Hum_XLOC_030270,THP1,0.0667613927591916
Hum_XLOC_030273,THP1,0.01866667878457731
Hum_XLOC_030304,THP1,0.08565389287187337
Hum_XLOC_030305,THP1,0.06857964597786677
Hum_XLOC_030315,THP1,0.0316441023362461
Hum_XLOC_030319,THP1,0.0612197587082656
Hum_XLOC_030320,THP1,0.06614463363982503
Hum_XLOC_030323,THP1,0.06623223594881078
Hum_XLOC_030328,THP1,0.0341010305711088
Hum_XLOC_030348,THP1,0.027073132920971285
Hum_XLOC_030353,THP1,0.05833635242320588
Hum_XLOC_030384,THP1,0.06103006432240142
Hum_XLOC_030385,THP1,0.07599265257161116
Hum_XLOC_030393,THP1,0.0461578894059823
Hum_XLOC_030411,THP1,0.03989171450982664
Hum_XLOC_030412,THP1,0.0637596020682586
Hum_XLOC_030434,THP1,0.05930119216245539
Hum_XLOC_030444,THP1,0.02497177623312189
Hum_XLOC_030447,THP1,0.05642077309746231
Hum_XLOC_030451,THP1,0.0826995139341109
Hum_XLOC_030471,THP1,0.06681984214709308
Hum_XLOC_030507,THP1,0.07487253914817704
Hum_XLOC_030532,THP1,0.02769092508418388
Hum_XLOC_030533,THP1,0.06797486006310144
Hum_XLOC_030540,THP1,0.07687152483604717
Hum_XLOC_030543,THP1,0.05906873331473419
Hum_XLOC_030549,THP1,0.05550317401717263
Hum_XLOC_030554,THP1,0.037964244668625836
Hum_XLOC_030568,THP1,0.0637001603997552
Hum_XLOC_030580,THP1,0.057846455050569776
Hum_XLOC_030585,THP1,0.07371558784582936
Hum_XLOC_030619,THP1,0.04913345506924868
Hum_XLOC_030622,THP1,0.05119874718650692
Hum_XLOC_030623,THP1,0.07613971296128137
Hum_XLOC_030656,THP1,0.06987431310229084
Hum_XLOC_030712,THP1,0.0726974623171373
Hum_XLOC_030715,THP1,0.08280383244186124
Hum_XLOC_030727,THP1,0.060193804830745615
Hum_XLOC_030731,THP1,0.0629186708023396
Hum_XLOC_030747,THP1,0.053375679352431746
Hum_XLOC_030750,THP1,0.07853162957695582
Hum_XLOC_030765,THP1,0.059043934766372104
Hum_XLOC_030814,THP1,0.04329515168456423
Hum_XLOC_030819,THP1,0.06368830661832177
Hum_XLOC_030825,THP1,0.057564988019440204
Hum_XLOC_030826,THP1,0.07168059863045541
Hum_XLOC_030827,THP1,0.059080307489866465
Hum_XLOC_030838,THP1,0.06099099603432443
Hum_XLOC_030840,THP1,0.03129142740722898
Hum_XLOC_030849,THP1,0.5641018846309414
Hum_XLOC_030850,THP1,0.11813589121780221
Hum_XLOC_030855,THP1,0.06283173846123721
Hum_XLOC_030858,THP1,0.07083553002545402
Hum_XLOC_030865,THP1,0.07765574659626218
Hum_XLOC_030877,THP1,0.05705178907710309
Hum_XLOC_030885,THP1,0.03910690849306349
Hum_XLOC_030893,THP1,0.06976371759649701
Hum_XLOC_030904,THP1,0.051258341297666266
Hum_XLOC_030912,THP1,0.07068334250873598
Hum_XLOC_030930,THP1,0.06472511799670609
Hum_XLOC_030945,THP1,0.07467688440431332
Hum_XLOC_030950,THP1,0.07395285827784787
Hum_XLOC_030951,THP1,0.07371757804746351
Hum_XLOC_030953,THP1,0.05172425658270931
Hum_XLOC_030957,THP1,0.06837796507308716
Hum_XLOC_030983,THP1,0.059822158458775226
Hum_XLOC_030993,THP1,0.05544724260428116
Hum_XLOC_031001,THP1,0.08095933465283871
Hum_XLOC_031005,THP1,0.05179977617037818
Hum_XLOC_031007,THP1,0.07121270665354142
Hum_XLOC_031013,THP1,0.05315885996527771
Hum_XLOC_031024,THP1,0.07966419690785824
Hum_XLOC_031029,THP1,0.08016732336418729
Hum_XLOC_031042,THP1,0.06993542845900874
Hum_XLOC_031045,THP1,0.08123365292016396
Hum_XLOC_031047,THP1,0.07339794739984082
Hum_XLOC_031050,THP1,0.06867247003095471
Hum_XLOC_031051,THP1,0.06163836669791152
Hum_XLOC_031058,THP1,0.07610072548332492
Hum_XLOC_031070,THP1,0.05897368758247663
Hum_XLOC_031071,THP1,0.028642160438028832
Hum_XLOC_031072,THP1,0.0711341295480088
Hum_XLOC_031074,THP1,0.08042456683853963
Hum_XLOC_031086,THP1,0.06317712649764208
Hum_XLOC_031107,THP1,0.055678510304667334
Hum_XLOC_031116,THP1,0.07710058390716024
Hum_XLOC_031141,THP1,0.07023853866129406
Hum_XLOC_031143,THP1,0.031194321902327668
Hum_XLOC_031147,THP1,0.0783255857692475
Hum_XLOC_031156,THP1,0.01692816065981379
Hum_XLOC_031163,THP1,0.02746817729877042
Hum_XLOC_031164,THP1,0.06299391231443073
Hum_XLOC_031171,THP1,0.03953913252283094
Hum_XLOC_031179,THP1,0.06546665282344742
Hum_XLOC_031189,THP1,0.057267262859727774
Hum_XLOC_031207,THP1,0.024959299955359844
Hum_XLOC_031217,THP1,0.060998613786825334
Hum_XLOC_031229,THP1,0.06500345717733842
Hum_XLOC_031235,THP1,0.06320826717154218
Hum_XLOC_031244,THP1,0.06607996404839492
Hum_XLOC_031262,THP1,0.08329289021038203
Hum_XLOC_031265,THP1,0.028374091087087105
Hum_XLOC_031288,THP1,0.03638694013162458
Hum_XLOC_031291,THP1,0.07076773680947418
Hum_XLOC_031293,THP1,0.02624294871095214
Hum_XLOC_031297,THP1,0.04527214242889064
Hum_XLOC_031305,THP1,0.053367090552580966
Hum_XLOC_031311,THP1,0.09082264380366335
Hum_XLOC_031323,THP1,0.07289579605425325
Hum_XLOC_031333,THP1,0.08651819728919705
Hum_XLOC_031336,THP1,0.0419170260172993
Hum_XLOC_031346,THP1,0.023186790616526128
Hum_XLOC_031349,THP1,0.027506790425001378
Hum_XLOC_031378,THP1,0.07739124280457527
Hum_XLOC_031382,THP1,0.035385255227741136
Hum_XLOC_031386,THP1,0.025424937203715307
Hum_XLOC_031396,THP1,0.07817456467289352
Hum_XLOC_031450,THP1,0.05495291063332888
Hum_XLOC_031451,THP1,0.06594117543073687
Hum_XLOC_031458,THP1,0.07659978001343247
Hum_XLOC_031469,THP1,0.0637370789166173
Hum_XLOC_031470,THP1,0.06958232204152293
Hum_XLOC_031471,THP1,0.06996009984443351
Hum_XLOC_031500,THP1,0.08672150677805163
Hum_XLOC_031505,THP1,0.041762412877082176
Hum_XLOC_031517,THP1,0.06449130663923325
Hum_XLOC_031538,THP1,0.06698210968335375
Hum_XLOC_031542,THP1,0.05805805869905528
Hum_XLOC_031547,THP1,0.07159841536867091
Hum_XLOC_031552,THP1,0.08558576241003175
Hum_XLOC_031554,THP1,0.07204955243623114
Hum_XLOC_031557,THP1,0.024927790990178847
Hum_XLOC_031581,THP1,0.06773492227686305
Hum_XLOC_031605,THP1,0.07038775088251184
Hum_XLOC_031622,THP1,0.0765030817305482
Hum_XLOC_031633,THP1,0.07220897402994654
Hum_XLOC_031639,THP1,0.06388320933625426
Hum_XLOC_031640,THP1,0.08051718877041074
Hum_XLOC_031643,THP1,0.07277326677947786
Hum_XLOC_031664,THP1,0.06743128341888494
Hum_XLOC_031683,THP1,0.04573886432513531
Hum_XLOC_031688,THP1,0.06758950896846634
Hum_XLOC_031710,THP1,0.0611112164167166
Hum_XLOC_031714,THP1,0.057959814340210435
Hum_XLOC_031715,THP1,0.07172512533930075
Hum_XLOC_031733,THP1,0.0730654925334558
Hum_XLOC_031737,THP1,0.06755214080757503
Hum_XLOC_031738,THP1,0.06880890304138075
Hum_XLOC_031740,THP1,0.04796720431722893
Hum_XLOC_031749,THP1,0.07461566384915637
Hum_XLOC_031751,THP1,0.06904846059888356
Hum_XLOC_031757,THP1,0.07043563541192717
Hum_XLOC_031777,THP1,0.040127804878940875
Hum_XLOC_031780,THP1,0.09054876238253998
Hum_XLOC_031782,THP1,0.05035540742804353
Hum_XLOC_031789,THP1,0.06062567992815048
Hum_XLOC_031790,THP1,0.074145107219101
Hum_XLOC_031792,THP1,0.0740922907383222
Hum_XLOC_031799,THP1,0.08074328077675492
Hum_XLOC_031804,THP1,0.035141905583236654
Hum_XLOC_031812,THP1,0.06998870511081685
Hum_XLOC_031829,THP1,0.08374748115703164
Hum_XLOC_031853,THP1,0.04643875896984222
Hum_XLOC_031855,THP1,0.04356586603023084
Hum_XLOC_031859,THP1,0.04917934742900508
Hum_XLOC_031861,THP1,0.019112024373426236
Hum_XLOC_031863,THP1,0.07178720223915416
Hum_XLOC_031868,THP1,0.0754354625149574
Hum_XLOC_031869,THP1,0.08101298860556298
Hum_XLOC_031876,THP1,0.06337988148160932
Hum_XLOC_031894,THP1,0.058952491038639726
Hum_XLOC_031910,THP1,0.05492329007260236
Hum_XLOC_031920,THP1,0.06736134204198685
Hum_XLOC_031921,THP1,0.06324805836278943
Hum_XLOC_031923,THP1,0.054223951333963
Hum_XLOC_031925,THP1,0.02905739539515824
Hum_XLOC_031932,THP1,0.05712176847172282
Hum_XLOC_031933,THP1,0.051108012872097125
Hum_XLOC_031963,THP1,0.03579579217245766
Hum_XLOC_031972,THP1,0.07966811901648731
Hum_XLOC_031982,THP1,0.062302261002291574
Hum_XLOC_031992,THP1,0.05617840201602796
Hum_XLOC_032000,THP1,0.06583237432893056
Hum_XLOC_032012,THP1,0.07683899808726347
Hum_XLOC_032013,THP1,0.06259823464634694
Hum_XLOC_032043,THP1,0.06591089403924803
Hum_XLOC_032045,THP1,0.07572538789699329
Hum_XLOC_032046,THP1,0.0827336247424952
Hum_XLOC_032048,THP1,0.02965797659596278
Hum_XLOC_032064,THP1,0.07658265390098046
Hum_XLOC_032072,THP1,0.06074884774891719
Hum_XLOC_032083,THP1,0.02319500896747901
Hum_XLOC_032084,THP1,0.06538887056730087
Hum_XLOC_032092,THP1,0.017606792577919105
Hum_XLOC_032093,THP1,0.06101935788863533
Hum_XLOC_032100,THP1,0.06915057044700623
Hum_XLOC_032107,THP1,0.03703467714158687
Hum_XLOC_032110,THP1,0.0820394329165274
Hum_XLOC_032111,THP1,0.049065409518897436
Hum_XLOC_032112,THP1,0.03949529663239367
Hum_XLOC_032117,THP1,0.05823305391893922
Hum_XLOC_032119,THP1,0.08651485653098992
Hum_XLOC_032126,THP1,0.06379246735551801
Hum_XLOC_032133,THP1,0.08482799270419461
Hum_XLOC_032134,THP1,0.054320346058887296
Hum_XLOC_032136,THP1,0.07211704413697574
Hum_XLOC_032145,THP1,0.07279992986416378
Hum_XLOC_032159,THP1,0.044939317934244806
Hum_XLOC_032191,THP1,0.06460724549271882
Hum_XLOC_032192,THP1,0.024635358699281764
Hum_XLOC_032195,THP1,0.06293502291251377
Hum_XLOC_032216,THP1,0.020095587358008957
Hum_XLOC_032225,THP1,0.07139103306074761
Hum_XLOC_032228,THP1,0.0198286543422449
Hum_XLOC_032230,THP1,0.07746660869624665
Hum_XLOC_032233,THP1,0.05463919446613964
Hum_XLOC_032236,THP1,0.020948411752737175
Hum_XLOC_032237,THP1,0.02218486466093804
Hum_XLOC_032242,THP1,0.05579662171640942
Hum_XLOC_032257,THP1,0.023868629691176105
Hum_XLOC_032269,THP1,0.07126143271712075
Hum_XLOC_032277,THP1,0.07576226319076458
Hum_XLOC_032300,THP1,0.07330760955140413
Hum_XLOC_032314,THP1,0.07135420372950638
Hum_XLOC_032315,THP1,0.07313601999713605
Hum_XLOC_032319,THP1,0.06479018561326232
Hum_XLOC_032321,THP1,0.05425450277350983
Hum_XLOC_032330,THP1,0.07793057422730879
Hum_XLOC_032352,THP1,0.06989040144762729
Hum_XLOC_032353,THP1,0.056289742430079504
Hum_XLOC_032363,THP1,0.020998547549465084
Hum_XLOC_032423,THP1,0.06387805986805445
Hum_XLOC_032432,THP1,0.030742648909542043
Hum_XLOC_032433,THP1,0.07715144060070997
Hum_XLOC_032444,THP1,0.05001872184165263
Hum_XLOC_032445,THP1,0.07063039716976946
Hum_XLOC_032466,THP1,0.08183652208421358
Hum_XLOC_032468,THP1,0.0683416590392493
Hum_XLOC_032472,THP1,0.07869844035678021
Hum_XLOC_032475,THP1,0.07936544306436874
Hum_XLOC_032476,THP1,0.06664873266782068
Hum_XLOC_032478,THP1,0.05677463329977439
Hum_XLOC_032479,THP1,0.08321198295687796
Hum_XLOC_032480,THP1,0.08673756864652993
Hum_XLOC_032498,THP1,0.06355217314580953
Hum_XLOC_032503,THP1,0.054970038437139435
Hum_XLOC_032511,THP1,0.07045874236636904
Hum_XLOC_032523,THP1,0.04383144156842961
Hum_XLOC_032524,THP1,0.05277008744629148
Hum_XLOC_032526,THP1,0.08387670665717058
Hum_XLOC_032528,THP1,0.07691853912618753
Hum_XLOC_032530,THP1,0.07922903815854497
Hum_XLOC_032531,THP1,0.03205271872181298
Hum_XLOC_032533,THP1,0.05852372544669182
Hum_XLOC_032599,THP1,0.06098365563087074
Hum_XLOC_032600,THP1,0.06991782440370035
Hum_XLOC_032631,THP1,0.062160838547517014
Hum_XLOC_032639,THP1,0.06818659353196527
Hum_XLOC_032681,THP1,0.07774698721517881
Hum_XLOC_032686,THP1,0.07919910112863207
Hum_XLOC_032688,THP1,0.06550593639053011
Hum_XLOC_032689,THP1,0.03255950590011901
Hum_XLOC_032691,THP1,0.07479193356211537
Hum_XLOC_032700,THP1,0.056047191119870915
Hum_XLOC_032707,THP1,0.07074973404901337
Hum_XLOC_032710,THP1,0.06733948469818984
Hum_XLOC_032718,THP1,0.05030326320023336
Hum_XLOC_032722,THP1,0.04165782472099042
Hum_XLOC_032736,THP1,0.0494717300824334
Hum_XLOC_032737,THP1,0.04826630144927268
Hum_XLOC_032739,THP1,0.08412495283819428
Hum_XLOC_032746,THP1,0.07863545259994603
Hum_XLOC_032766,THP1,0.05731265827058897
Hum_XLOC_032769,THP1,0.04207863044674273
Hum_XLOC_032773,THP1,0.05832518555383484
Hum_XLOC_032787,THP1,0.04007897150636934
Hum_XLOC_032801,THP1,0.046852977533396685
Hum_XLOC_032804,THP1,0.06628164458123745
Hum_XLOC_032814,THP1,0.06759309745738307
Hum_XLOC_032819,THP1,0.0438873048004041
Hum_XLOC_032824,THP1,0.048512420880860614
Hum_XLOC_032827,THP1,0.041958179599010784
Hum_XLOC_032830,THP1,0.05085920021321857
Hum_XLOC_032832,THP1,0.028345695208313405
Hum_XLOC_032849,THP1,0.08478463048287099
Hum_XLOC_032877,THP1,0.08310603842425825
Hum_XLOC_032880,THP1,0.051712212414035286
Hum_XLOC_032906,THP1,0.02976392051351658
Hum_XLOC_032910,THP1,0.05152679643866294
Hum_XLOC_032922,THP1,0.040435400325456665
Hum_XLOC_032925,THP1,0.08238665252095122
Hum_XLOC_032926,THP1,0.08456159040722216
Hum_XLOC_032935,THP1,0.03454852669107748
Hum_XLOC_032940,THP1,0.0734541866647127
Hum_XLOC_032947,THP1,0.08593777876357903
Hum_XLOC_032955,THP1,0.05257455695712089
Hum_XLOC_032957,THP1,0.05274713247734816
Hum_XLOC_032968,THP1,0.06652047076050334
Hum_XLOC_032972,THP1,0.08195175250300099
Hum_XLOC_032975,THP1,0.049753680214285625
Hum_XLOC_032979,THP1,0.05777432887383556
Hum_XLOC_032981,THP1,0.08045797668508675
Hum_XLOC_032996,THP1,0.07519489022758843
Hum_XLOC_032998,THP1,0.07218010964492266
Hum_XLOC_033006,THP1,0.07428607514966488
Hum_XLOC_033022,THP1,0.06848262496719194
Hum_XLOC_033030,THP1,0.07292081094966568
Hum_XLOC_033031,THP1,0.07659485409045519
Hum_XLOC_033051,THP1,0.07833045255079084
Hum_XLOC_033053,THP1,0.06079625668437615
Hum_XLOC_033074,THP1,0.07435023467129591
Hum_XLOC_033093,THP1,0.04838893714194101
Hum_XLOC_033104,THP1,0.06720657921330403
Hum_XLOC_033105,THP1,0.07944464190124823
Hum_XLOC_033109,THP1,0.050935577586443445
Hum_XLOC_033117,THP1,0.05614541549477022
Hum_XLOC_033120,THP1,0.08459477213099936
Hum_XLOC_033152,THP1,0.08512331898033129
Hum_XLOC_033165,THP1,0.02122224149351564
Hum_XLOC_033177,THP1,0.061772841232050235
Hum_XLOC_033179,THP1,0.06678683499923958
Hum_XLOC_033224,THP1,0.07987579289925029
Hum_XLOC_033229,THP1,0.025626939151696428
Hum_XLOC_033230,THP1,0.06441306380326246
Hum_XLOC_033232,THP1,0.07846242594677996
Hum_XLOC_033247,THP1,0.06794152111414103
Hum_XLOC_033270,THP1,0.034848017831965394
Hum_XLOC_033280,THP1,0.07473520632657406
Hum_XLOC_033282,THP1,0.06887602963388484
Hum_XLOC_033288,THP1,0.03579548493093776
Hum_XLOC_033303,THP1,0.07135733741451844
Hum_XLOC_033320,THP1,0.050097318042763586
Hum_XLOC_033341,THP1,0.06604379293070989
Hum_XLOC_033356,THP1,0.06854283341646233
Hum_XLOC_033359,THP1,0.04832391127493879
Hum_XLOC_033374,THP1,0.05286873069521108
Hum_XLOC_033396,THP1,0.05815529354902716
Hum_XLOC_033397,THP1,0.07785022718353082
Hum_XLOC_033400,THP1,0.0647166942987816
Hum_XLOC_033428,THP1,0.06193344628973106
Hum_XLOC_033429,THP1,0.06708768647959093
Hum_XLOC_033447,THP1,0.04165667924517943
Hum_XLOC_033453,THP1,0.09226247148167992
Hum_XLOC_033463,THP1,0.04532804985209761
Hum_XLOC_033474,THP1,0.052922360870587624
Hum_XLOC_033476,THP1,0.03668698398301517
Hum_XLOC_033495,THP1,0.050655965141864184
Hum_XLOC_033497,THP1,0.07122821189505088
Hum_XLOC_033513,THP1,0.07374228549196696
Hum_XLOC_033522,THP1,0.07568649004041182
Hum_XLOC_033524,THP1,0.05592150605997564
Hum_XLOC_033529,THP1,0.05779246154575521
Hum_XLOC_033538,THP1,0.05573260789974463
Hum_XLOC_033550,THP1,0.055340083511650776
Hum_XLOC_033552,THP1,0.08010415349797592
Hum_XLOC_033559,THP1,0.06984452296519925
Hum_XLOC_033567,THP1,0.06305318469318488
Hum_XLOC_033585,THP1,0.07170717624668947
Hum_XLOC_033592,THP1,0.05896274454731867
Hum_XLOC_033612,THP1,0.032955587661290996
Hum_XLOC_033613,THP1,0.0534254273077952
Hum_XLOC_033628,THP1,0.0655270012674064
Hum_XLOC_033673,THP1,0.055606201392802396
Hum_XLOC_033688,THP1,0.05957478671055541
Hum_XLOC_033689,THP1,0.07531236049907429
Hum_XLOC_033707,THP1,0.06907054196238445
Hum_XLOC_033730,THP1,0.06180741499096927
Hum_XLOC_033763,THP1,0.050248027468074954
Hum_XLOC_033764,THP1,0.07483752924390218
Hum_XLOC_033770,THP1,0.06039342727783424
Hum_XLOC_033775,THP1,0.07073240177332597
Hum_XLOC_033782,THP1,0.0454605678796503
Hum_XLOC_033788,THP1,0.03691091662236098
Hum_XLOC_033794,THP1,0.08284671026659726
Hum_XLOC_033806,THP1,0.026095576087982512
Hum_XLOC_033829,THP1,0.06930834202893535
Hum_XLOC_033838,THP1,0.08115252803055838
Hum_XLOC_033845,THP1,0.04465569912245875
Hum_XLOC_033853,THP1,0.07463975563337943
Hum_XLOC_033856,THP1,0.058259931290925895
Hum_XLOC_033860,THP1,0.04123666726042251
Hum_XLOC_033869,THP1,0.03545078350505725
Hum_XLOC_033877,THP1,0.02969535175655965
Hum_XLOC_033885,THP1,0.07156382953620744
Hum_XLOC_033909,THP1,0.08076849013140686
Hum_XLOC_033924,THP1,0.045332594404485206
Hum_XLOC_033926,THP1,0.07113488880196547
Hum_XLOC_033929,THP1,0.03465255798351638
Hum_XLOC_033952,THP1,0.059063875358487714
Hum_XLOC_033960,THP1,0.045718250014853225
Hum_XLOC_033986,THP1,0.07388218570848629
Hum_XLOC_033995,THP1,0.0747949048427556
Hum_XLOC_034006,THP1,0.03481229609169387
Hum_XLOC_034010,THP1,0.0603041690864508
Hum_XLOC_034015,THP1,0.029547638137723223
Hum_XLOC_034043,THP1,0.03075677014793507
Hum_XLOC_034073,THP1,0.07353824784653891
Hum_XLOC_034085,THP1,0.026368185025168134
Hum_XLOC_034103,THP1,0.06556108902858468
Hum_XLOC_034117,THP1,0.07613931190613973
Hum_XLOC_034120,THP1,0.08058247212239354
Hum_XLOC_034135,THP1,0.07529650168940764
Hum_XLOC_034149,THP1,0.07130676899707143
Hum_XLOC_034150,THP1,0.05556199719402219
Hum_XLOC_034163,THP1,0.061354058508980305
Hum_XLOC_034165,THP1,0.06493038529726831
Hum_XLOC_034168,THP1,0.05318294469656334
Hum_XLOC_034173,THP1,0.06161590820085157
Hum_XLOC_034186,THP1,0.06569991851767533
Hum_XLOC_034202,THP1,0.0704122492358249
Hum_XLOC_034206,THP1,0.07026554822588778
Hum_XLOC_034207,THP1,0.043155791511628974
Hum_XLOC_034208,THP1,0.05959692600129326
Hum_XLOC_034211,THP1,0.04320771864500733
Hum_XLOC_034224,THP1,0.017235793488996072
Hum_XLOC_034235,THP1,0.08161870533423374
Hum_XLOC_034251,THP1,0.0581006487665604
Hum_XLOC_034264,THP1,0.0697062170993615
Hum_XLOC_034273,THP1,0.02804716242386945
Hum_XLOC_034279,THP1,0.03979534913424624
Hum_XLOC_034304,THP1,0.027884146647946265
Hum_XLOC_034305,THP1,0.05413338886260851
Hum_XLOC_034321,THP1,0.0671449949120197
Hum_XLOC_034339,THP1,0.06659844069239057
Hum_XLOC_034341,THP1,0.03926362487090812
Hum_XLOC_034374,THP1,0.06290747356041973
Hum_XLOC_034389,THP1,0.07650886177376645
Hum_XLOC_034421,THP1,0.07939021106666215
Hum_XLOC_034429,THP1,0.07961291396182062
Hum_XLOC_034436,THP1,0.03760125882653936
Hum_XLOC_034457,THP1,0.04719231105192188
Hum_XLOC_034461,THP1,0.04445285742562616
Hum_XLOC_034462,THP1,0.024146629912085705
Hum_XLOC_034484,THP1,0.07160028237752965
Hum_XLOC_034489,THP1,0.06988370488271267
Hum_XLOC_034499,THP1,0.050780721544709556
Hum_XLOC_034508,THP1,0.07071895255144704
Hum_XLOC_034513,THP1,0.066114676287056
Hum_XLOC_034515,THP1,0.0627227690827041
Hum_XLOC_034526,THP1,0.07323656446508747
Hum_XLOC_034527,THP1,0.060480033737910756
Hum_XLOC_034529,THP1,0.0727698340842574
Hum_XLOC_034544,THP1,0.06560283783934778
Hum_XLOC_034547,THP1,0.05587351089917895
Hum_XLOC_034548,THP1,0.06982014641763476
Hum_XLOC_034569,THP1,0.06309914732732555
Hum_XLOC_034570,THP1,0.06509613531340566
Hum_XLOC_034585,THP1,0.05721742810201322
Hum_XLOC_034587,THP1,0.07160169363167107
Hum_XLOC_034611,THP1,0.03508739133995855
Hum_XLOC_034621,THP1,0.0629473619416896
Hum_XLOC_034645,THP1,0.07448421978672201
Hum_XLOC_034647,THP1,0.08894521426730759
Hum_XLOC_034651,THP1,0.05826707109677317
Hum_XLOC_034657,THP1,0.058358826680132356
Hum_XLOC_034669,THP1,0.09079995269023917
Hum_XLOC_034673,THP1,0.06343275387192923
Hum_XLOC_034686,THP1,0.0744526071502073
Hum_XLOC_034689,THP1,0.05212463520584325
Hum_XLOC_034715,THP1,0.07317304990338647
Hum_XLOC_034734,THP1,0.04248140319196816
Hum_XLOC_034737,THP1,0.06963892443914141
Hum_XLOC_034750,THP1,0.08012017787550825
Hum_XLOC_034774,THP1,0.03138988004217722
Hum_XLOC_034782,THP1,0.06667542582506836
Hum_XLOC_034795,THP1,0.05347876597548408
Hum_XLOC_034801,THP1,0.028171161673512846
Hum_XLOC_034802,THP1,0.06967881924241395
Hum_XLOC_034815,THP1,0.0701007253747748
Hum_XLOC_034823,THP1,0.07625467927094398
Hum_XLOC_034829,THP1,0.07850840515795537
Hum_XLOC_034833,THP1,0.048258057869735436
Hum_XLOC_034834,THP1,0.02761783321501649
Hum_XLOC_034837,THP1,0.06408190993292823
Hum_XLOC_034858,THP1,0.056655387810396036
Hum_XLOC_034863,THP1,0.055023032557968365
Hum_XLOC_034873,THP1,0.08192446925301522
Hum_XLOC_034874,THP1,0.04406213584049125
Hum_XLOC_034898,THP1,0.07230400535865597
Hum_XLOC_034916,THP1,0.039210240622683024
Hum_XLOC_034945,THP1,0.026363716452798464
Hum_XLOC_034980,THP1,0.04564387246323827
Hum_XLOC_034997,THP1,0.06661987731978902
Hum_XLOC_035005,THP1,0.022637895493093738
Hum_XLOC_035015,THP1,0.06661380467318179
Hum_XLOC_035021,THP1,0.047419171098119633
Hum_XLOC_035024,THP1,0.05107342490027826
Hum_XLOC_035027,THP1,0.07507215107614455
Hum_XLOC_035028,THP1,0.06583023398318086
Hum_XLOC_035031,THP1,0.056879069112808954
Hum_XLOC_035037,THP1,0.0857512875303974
Hum_XLOC_035063,THP1,0.07210104399446754
Hum_XLOC_035077,THP1,0.045210544548324974
Hum_XLOC_035081,THP1,0.07501236069619766
Hum_XLOC_035084,THP1,0.06157580721563433
Hum_XLOC_035095,THP1,0.06645353951832883
Hum_XLOC_035097,THP1,0.05951553643276797
Hum_XLOC_035121,THP1,0.07456439016877514
Hum_XLOC_035131,THP1,0.07338626331232855
Hum_XLOC_035142,THP1,0.07259722314529266
Hum_XLOC_035143,THP1,0.07180470934119657
Hum_XLOC_035146,THP1,0.046555725951775914
Hum_XLOC_035148,THP1,0.052966393180958984
Hum_XLOC_035149,THP1,0.06754640675720325
Hum_XLOC_035152,THP1,0.051843266568153926
Hum_XLOC_035158,THP1,0.05158754768119472
Hum_XLOC_035160,THP1,0.04803397247300564
Hum_XLOC_035161,THP1,0.03128489174793489
Hum_XLOC_035168,THP1,0.04489071673465689
Hum_XLOC_035175,THP1,0.0258507713843503
Hum_XLOC_035177,THP1,0.07948434291306317
Hum_XLOC_035182,THP1,0.06204423858237696
Hum_XLOC_035194,THP1,0.04418490058249265
Hum_XLOC_035197,THP1,0.07976927371564949
Hum_XLOC_035199,THP1,0.050895588902483635
Hum_XLOC_035217,THP1,0.04544321233339346
Hum_XLOC_035242,THP1,0.08414447554273387
Hum_XLOC_035243,THP1,0.060378710902230105
Hum_XLOC_035244,THP1,0.07581990571634072
Hum_XLOC_035247,THP1,0.07883391458958172
Hum_XLOC_035248,THP1,0.04769835888090242
Hum_XLOC_035250,THP1,0.043674038826778595
Hum_XLOC_035255,THP1,0.023896686417255737
Hum_XLOC_035256,THP1,0.06906364928605728
Hum_XLOC_035261,THP1,0.021977378791152725
Hum_XLOC_035265,THP1,0.06787630283018516
Hum_XLOC_035275,THP1,0.4035072026909741
Hum_XLOC_035278,THP1,0.04679635072481976
Hum_XLOC_035279,THP1,0.04624140739250314
Hum_XLOC_035283,THP1,0.06170664462673865
Hum_XLOC_035301,THP1,0.07087677797588228
Hum_XLOC_035321,THP1,0.0802651117516468
Hum_XLOC_035325,THP1,0.028225205705798402
Hum_XLOC_035329,THP1,0.039519517516490035
Hum_XLOC_035333,THP1,0.0751333668362895
Hum_XLOC_035343,THP1,0.07626929356511206
Hum_XLOC_035345,THP1,0.158903921429918
Hum_XLOC_035357,THP1,0.016292153101984345
Hum_XLOC_035366,THP1,0.029280613941291306
Hum_XLOC_035388,THP1,0.06394444349823297
Hum_XLOC_035390,THP1,0.07469332450092803
Hum_XLOC_035392,THP1,0.058756772069448945
Hum_XLOC_035396,THP1,0.0544068229293293
Hum_XLOC_035429,THP1,0.05829698424425126
Hum_XLOC_035431,THP1,0.07561798059135061
Hum_XLOC_035441,THP1,0.0689789807421061
Hum_XLOC_035457,THP1,0.052365066862812615
Hum_XLOC_035486,THP1,0.07040311483411049
Hum_XLOC_035491,THP1,0.02474786523031608
Hum_XLOC_035495,THP1,0.0271027231528743
Hum_XLOC_035508,THP1,0.06510348611325317
Hum_XLOC_035513,THP1,0.031284916244376404
Hum_XLOC_035542,THP1,0.02518225375216524
Hum_XLOC_035555,THP1,0.059785105144596576
Hum_XLOC_035567,THP1,0.042156286029890785
Hum_XLOC_035577,THP1,0.02486621777591799
Hum_XLOC_035613,THP1,0.04893762283955731
Hum_XLOC_035618,THP1,0.07379333531794689
Hum_XLOC_035641,THP1,0.043616676371749596
Hum_XLOC_035645,THP1,0.05793993556941839
Hum_XLOC_035650,THP1,0.0806778120932464
Hum_XLOC_035663,THP1,0.05878843214119529
Hum_XLOC_035691,THP1,0.0785659448006739
Hum_XLOC_035697,THP1,0.025798143213160027
Hum_XLOC_035700,THP1,0.06492550693044849
Hum_XLOC_035701,THP1,0.07321786086545297
Hum_XLOC_035724,THP1,0.07682237674379538
Hum_XLOC_035745,THP1,0.05595117510731862
Hum_XLOC_035749,THP1,0.05126496708450059
Hum_XLOC_035752,THP1,0.07777397077880963
Hum_XLOC_035772,THP1,0.07147865185264407
Hum_XLOC_035774,THP1,0.022233704975146408
Hum_XLOC_035792,THP1,0.06666994249604108
Hum_XLOC_035801,THP1,0.05953806551780881
Hum_XLOC_035803,THP1,0.05978769889849206
Hum_XLOC_035831,THP1,0.06745286601054049
Hum_XLOC_035842,THP1,0.06508208699077711
Hum_XLOC_035864,THP1,0.03613270576714985
Hum_XLOC_035867,THP1,0.04458978559186358
Hum_XLOC_035887,THP1,0.07382612606445164
Hum_XLOC_035903,THP1,0.02618134704708052
Hum_XLOC_035910,THP1,0.0258270144844664
Hum_XLOC_035920,THP1,0.05214630665375452
Hum_XLOC_035925,THP1,0.031042621633137847
Hum_XLOC_035934,THP1,0.06121281552647926
Hum_XLOC_035945,THP1,0.06107609286103915
Hum_XLOC_035951,THP1,0.019043019461362092
Hum_XLOC_035957,THP1,0.04983511979320805
Hum_XLOC_035964,THP1,0.08472336618360563
Hum_XLOC_035968,THP1,0.07289607282676604
Hum_XLOC_036004,THP1,0.0711796843831202
Hum_XLOC_036006,THP1,0.06705572354343273
Hum_XLOC_036009,THP1,0.018184769754727007
Hum_XLOC_036012,THP1,0.05496960437139151
Hum_XLOC_036021,THP1,0.055089608708081536
Hum_XLOC_036034,THP1,0.06838664353014055
Hum_XLOC_036036,THP1,0.06637633250982625
Hum_XLOC_036040,THP1,0.06997860364015837
Hum_XLOC_036043,THP1,0.07082101236155207
Hum_XLOC_036057,THP1,0.052016186927014076
Hum_XLOC_036060,THP1,0.06525611757558344
Hum_XLOC_036082,THP1,0.04020359326109645
Hum_XLOC_036086,THP1,0.0738910895292172
Hum_XLOC_036093,THP1,0.06783817574769571
Hum_XLOC_036106,THP1,0.0522299525741901
Hum_XLOC_036119,THP1,0.06734163255161817
Hum_XLOC_036120,THP1,0.04200140053297317
Hum_XLOC_036133,THP1,0.062073681039032345
Hum_XLOC_036170,THP1,0.05569640576084358
Hum_XLOC_036173,THP1,0.052340731479212976
Hum_XLOC_036184,THP1,0.09820779798914823
Hum_XLOC_036189,THP1,0.02870631398734793
Hum_XLOC_036194,THP1,0.0729268871873622
Hum_XLOC_036216,THP1,0.04780064753271325
Hum_XLOC_036224,THP1,0.07901629139808611
Hum_XLOC_036226,THP1,0.062198812450144456
Hum_XLOC_036248,THP1,0.06217938040062042
Hum_XLOC_036252,THP1,0.07971195507748147
Hum_XLOC_036253,THP1,0.0690577437627119
Hum_XLOC_036254,THP1,0.08174461146112158
Hum_XLOC_036255,THP1,0.07145590536610448
Hum_XLOC_036270,THP1,0.07510891855161055
Hum_XLOC_036278,THP1,0.07255512422595911
Hum_XLOC_036279,THP1,0.056082611102346316
Hum_XLOC_036283,THP1,0.07974450888737654
Hum_XLOC_036294,THP1,0.08535662713036826
Hum_XLOC_036316,THP1,0.02227990728347158
Hum_XLOC_036335,THP1,0.024484497477738766
Hum_XLOC_036338,THP1,0.06792097083790273
Hum_XLOC_036339,THP1,0.07703586728303602
Hum_XLOC_036349,THP1,0.03828360479770649
Hum_XLOC_036356,THP1,0.05692197929570245
Hum_XLOC_036383,THP1,0.04496530686589378
Hum_XLOC_036389,THP1,0.07276769610499925
Hum_XLOC_036403,THP1,0.028416940414945545
Hum_XLOC_036408,THP1,0.07695813235170378
Hum_XLOC_036415,THP1,0.04882095172827676
Hum_XLOC_036427,THP1,0.019364311701888914
Hum_XLOC_036440,THP1,0.08902302456977443
Hum_XLOC_036441,THP1,0.07200325361389373
Hum_XLOC_036451,THP1,0.054978926860803995
Hum_XLOC_036457,THP1,0.06120055902451155
Hum_XLOC_036458,THP1,0.06819962772630822
Hum_XLOC_036459,THP1,0.06314783799538097
Hum_XLOC_036523,THP1,0.020705804880319506
Hum_XLOC_036547,THP1,0.041009928899907566
Hum_XLOC_036564,THP1,0.03423429345556132
Hum_XLOC_036573,THP1,0.055332616576476354
Hum_XLOC_036589,THP1,0.0535311273057947
Hum_XLOC_036592,THP1,0.07401576019972965
Hum_XLOC_036594,THP1,0.029191567711331273
Hum_XLOC_036596,THP1,0.06861395269460817
Hum_XLOC_036600,THP1,0.0363719478977159
Hum_XLOC_036610,THP1,0.07940015145738673
Hum_XLOC_036611,THP1,0.0785305262103052
Hum_XLOC_036615,THP1,0.0584706253766609
Hum_XLOC_036617,THP1,0.031097782678369865
Hum_XLOC_036648,THP1,0.04946566184068389
Hum_XLOC_036649,THP1,0.02755591328356103
Hum_XLOC_036652,THP1,0.037013583076843166
Hum_XLOC_036654,THP1,0.06623770673845283
Hum_XLOC_036655,THP1,0.07384653960735119
Hum_XLOC_036664,THP1,0.07276581233618999
Hum_XLOC_036669,THP1,0.03297805278746503
Hum_XLOC_036679,THP1,0.04538157063660246
Hum_XLOC_036719,THP1,0.060482946127716
Hum_XLOC_036723,THP1,0.07242256281054349
Hum_XLOC_036725,THP1,0.08490358050656958
Hum_XLOC_036727,THP1,0.07678254354187837
Hum_XLOC_036748,THP1,0.1260173467774014
Hum_XLOC_036765,THP1,0.020095649624968827
Hum_XLOC_036769,THP1,0.08698458204143997
Hum_XLOC_036794,THP1,0.027975113494100434
Hum_XLOC_036796,THP1,0.0901436443137787
Hum_XLOC_036805,THP1,0.040854926063325
Hum_XLOC_036814,THP1,0.054713219277632244
Hum_XLOC_036822,THP1,0.07341238653783475
Hum_XLOC_036823,THP1,0.07712499152923781
Hum_XLOC_036836,THP1,0.07290274527201153
Hum_XLOC_036844,THP1,0.06939730891199555
Hum_XLOC_036871,THP1,0.03600277141843184
Hum_XLOC_036875,THP1,0.023988909102722854
Hum_XLOC_036879,THP1,0.04321490842629731
Hum_XLOC_036911,THP1,0.06383759768466901
Hum_XLOC_036916,THP1,0.048786971204829804
Hum_XLOC_036942,THP1,0.06419976213996668
Hum_XLOC_036957,THP1,0.07320069551119096
Hum_XLOC_036958,THP1,0.06335500923963153
Hum_XLOC_036965,THP1,0.06266087339389288
Hum_XLOC_036968,THP1,0.0571810374128666
Hum_XLOC_036996,THP1,0.06860454202208444
Hum_XLOC_036997,THP1,0.061907849801669794
Hum_XLOC_036998,THP1,0.07204546283957763
Hum_XLOC_037021,THP1,0.0719990386463202
Hum_XLOC_037029,THP1,0.06510896329414528
Hum_XLOC_037035,THP1,0.0595459542634885
Hum_XLOC_037058,THP1,0.027849385840239094
Hum_XLOC_037078,THP1,0.05084647412408014
Hum_XLOC_037090,THP1,0.019869315278242157
Hum_XLOC_037091,THP1,0.024759641135390968
Hum_XLOC_037092,THP1,0.02845710271764114
Hum_XLOC_037101,THP1,0.05271359843587492
Hum_XLOC_037117,THP1,0.053840096064197346
Hum_XLOC_037118,THP1,0.054757420514195444
Hum_XLOC_037133,THP1,0.06710797283770634
Hum_XLOC_037142,THP1,0.06726642243244366
Hum_XLOC_037145,THP1,0.044993614418656985
Hum_XLOC_037149,THP1,0.02691976902678444
Hum_XLOC_037162,THP1,0.02398152505138164
Hum_XLOC_037173,THP1,0.06713991665917103
Hum_XLOC_037176,THP1,0.029726716467373415
Hum_XLOC_037182,THP1,0.07984587284601041
Hum_XLOC_037192,THP1,0.056683779953178956
Hum_XLOC_037196,THP1,0.044902790580369875
Hum_XLOC_037219,THP1,0.06404678624463488
Hum_XLOC_037225,THP1,0.0653309635555046
Hum_XLOC_037256,THP1,0.08055021521222161
Hum_XLOC_037283,THP1,0.022154600184332504
Hum_XLOC_037295,THP1,0.04017248561281223
Hum_XLOC_037303,THP1,0.060239406516613254
Hum_XLOC_037307,THP1,0.06057505446300751
Hum_XLOC_037308,THP1,0.02691351818285765
Hum_XLOC_037314,THP1,0.07620099781948743
Hum_XLOC_037315,THP1,0.04722895398922422
Hum_XLOC_037319,THP1,0.05823055665726071
Hum_XLOC_037359,THP1,0.06774070084716839
Hum_XLOC_037368,THP1,0.022768582298294072
Hum_XLOC_037371,THP1,0.0732969638859243
Hum_XLOC_037391,THP1,0.06450479731603234
Hum_XLOC_037392,THP1,0.04483097241517694
Hum_XLOC_037401,THP1,0.03809522846804546
Hum_XLOC_037402,THP1,0.0676635608296027
Hum_XLOC_037406,THP1,0.053461544752846646
Hum_XLOC_037438,THP1,0.05812939060510974
Hum_XLOC_037441,THP1,0.057343774629007485
Hum_XLOC_037446,THP1,0.0772123458749836
Hum_XLOC_037447,THP1,0.05661002920642909
Hum_XLOC_037465,THP1,0.06432407135529113
Hum_XLOC_037466,THP1,0.07074047963163278
Hum_XLOC_037486,THP1,0.045291795778723415
Hum_XLOC_037497,THP1,0.042132882011925714
Hum_XLOC_037501,THP1,0.07661867591263724
Hum_XLOC_037523,THP1,0.07021343714626452
Hum_XLOC_037534,THP1,0.08010180501866268
Hum_XLOC_037540,THP1,0.06937612149094172
Hum_XLOC_037541,THP1,0.04077215894636053
Hum_XLOC_037550,THP1,0.07418450911506236
Hum_XLOC_037565,THP1,0.02356226655778815
Hum_XLOC_037570,THP1,0.06653300724333536
Hum_XLOC_037595,THP1,0.05507627523920823
Hum_XLOC_037599,THP1,0.06952409096570902
Hum_XLOC_037600,THP1,0.05801918610655818
Hum_XLOC_037604,THP1,0.08563838656729954
Hum_XLOC_037627,THP1,0.05437079520280793
Hum_XLOC_037638,THP1,0.02141274336615464
Hum_XLOC_037646,THP1,0.057517271959697774
Hum_XLOC_037647,THP1,0.0829994414990729
Hum_XLOC_037660,THP1,0.05493675100837406
Hum_XLOC_037675,THP1,0.05498896286538058
Hum_XLOC_037678,THP1,0.021396920887851723
Hum_XLOC_037681,THP1,0.6103177683594266
Hum_XLOC_037689,THP1,0.07559653698278745
Hum_XLOC_037699,THP1,0.04089632846711802
Hum_XLOC_037709,THP1,0.06962332516692407
Hum_XLOC_037720,THP1,0.04799409038579137
Hum_XLOC_037726,THP1,0.05031061233283829
Hum_XLOC_037736,THP1,0.06673206972797863
Hum_XLOC_037747,THP1,0.02750335950074601
Hum_XLOC_037762,THP1,0.025781865795023576
Hum_XLOC_037768,THP1,0.05523262726807328
Hum_XLOC_037780,THP1,0.030565513266344355
Hum_XLOC_037781,THP1,0.07150354916838844
Hum_XLOC_037817,THP1,0.05467711770493891
Hum_XLOC_037819,THP1,0.06056106662214196
Hum_XLOC_037831,THP1,0.028387866819958765
Hum_XLOC_037834,THP1,0.026425168825747893
Hum_XLOC_037853,THP1,0.05149320443900082
Hum_XLOC_037856,THP1,0.0673118368771417
Hum_XLOC_037875,THP1,0.07990699208878957
Hum_XLOC_037883,THP1,0.06705983395216565
Hum_XLOC_037895,THP1,0.055207735503919934
Hum_XLOC_037900,THP1,0.04790431476719802
Hum_XLOC_037923,THP1,0.04103622685578896
Hum_XLOC_037931,THP1,0.06526979100745153
Hum_XLOC_037935,THP1,0.04634758422950283
Hum_XLOC_037940,THP1,0.06394630600019273
Hum_XLOC_037942,THP1,0.07558329686074106
Hum_XLOC_037944,THP1,0.06542497444231886
Hum_XLOC_037950,THP1,0.021397616681350443
Hum_XLOC_037951,THP1,0.05658400194872905
Hum_XLOC_037957,THP1,0.027452303609425098
Hum_XLOC_037970,THP1,0.05524667575432627
Hum_XLOC_037974,THP1,0.0771842067812655
Hum_XLOC_037981,THP1,0.025459059879903465
Hum_XLOC_037989,THP1,0.07435435133209209
Hum_XLOC_038000,THP1,0.07038598669803142
Hum_XLOC_038004,THP1,0.04599451383237555
Hum_XLOC_038012,THP1,0.07505033292041537
Hum_XLOC_038014,THP1,0.05363517246612772
Hum_XLOC_038015,THP1,0.05892360554338262
Hum_XLOC_038017,THP1,0.01986266814869267
Hum_XLOC_038019,THP1,0.070080830506361
Hum_XLOC_038029,THP1,0.08005151381203088
Hum_XLOC_038031,THP1,0.04302549583885691
Hum_XLOC_038032,THP1,0.06494855260743479
Hum_XLOC_038033,THP1,0.07394296054459294
Hum_XLOC_038037,THP1,0.0799589360842235
Hum_XLOC_038038,THP1,0.07145670925848435
Hum_XLOC_038061,THP1,0.0743019430121459
Hum_XLOC_038063,THP1,0.057350534826767476
Hum_XLOC_038066,THP1,0.042821554116297976
Hum_XLOC_038088,THP1,0.01657303694505689
Hum_XLOC_038092,THP1,0.07893963919160511
Hum_XLOC_038108,THP1,0.02461694850705566
Hum_XLOC_038110,THP1,0.043710702233859214
Hum_XLOC_038115,THP1,0.05934216125729966
Hum_XLOC_038116,THP1,0.08012744808926883
Hum_XLOC_038126,THP1,0.059023979165550404
Hum_XLOC_038144,THP1,0.04265411822234987
Hum_XLOC_038150,THP1,0.05363636786470272
Hum_XLOC_038152,THP1,0.07238171161407486
Hum_XLOC_038155,THP1,0.04302649577961263
Hum_XLOC_038158,THP1,0.06645811053493095
Hum_XLOC_038169,THP1,0.025784617719904163
Hum_XLOC_038175,THP1,0.04347737622660946
Hum_XLOC_038176,THP1,0.058515421397590195
Hum_XLOC_038188,THP1,0.048100667083024615
Hum_XLOC_038191,THP1,0.08036878693167593
Hum_XLOC_038195,THP1,0.07261918022786945
Hum_XLOC_038196,THP1,0.08611855151193926
Hum_XLOC_038197,THP1,0.06885675215042081
Hum_XLOC_038214,THP1,0.05327258654029919
Hum_XLOC_038221,THP1,0.08413248169046038
Hum_XLOC_038225,THP1,0.06487596761904514
Hum_XLOC_038228,THP1,0.0740998722339511
Hum_XLOC_038233,THP1,0.07400302231086361
Hum_XLOC_038245,THP1,0.08236559271208464
Hum_XLOC_038266,THP1,0.06828674213350223
Hum_XLOC_038270,THP1,0.07619322789988937
Hum_XLOC_038273,THP1,0.05812400876549141
Hum_XLOC_038291,THP1,0.040110595223524996
Hum_XLOC_038292,THP1,0.06565625822482397
Hum_XLOC_038293,THP1,0.03187467122450227
Hum_XLOC_038294,THP1,0.033481675015356906
Hum_XLOC_038312,THP1,0.07399788344922356
Hum_XLOC_038316,THP1,0.026295601242757448
Hum_XLOC_038342,THP1,0.06654139624317137
Hum_XLOC_038348,THP1,0.06691373012575104
Hum_XLOC_038350,THP1,0.04733646009225418
Hum_XLOC_038362,THP1,0.06404955962592511
Hum_XLOC_038385,THP1,0.06273098017724169
Hum_XLOC_038407,THP1,0.03408373286685821
Hum_XLOC_038414,THP1,0.04417944554935053
Hum_XLOC_038416,THP1,0.07772792122396599
Hum_XLOC_038429,THP1,0.07062845678610215
Hum_XLOC_038436,THP1,0.04544762729281962
Hum_XLOC_038438,THP1,0.07397419797748171
Hum_XLOC_038446,THP1,0.02519915445069057
Hum_XLOC_038449,THP1,0.07992618402934541
Hum_XLOC_038454,THP1,0.041546061223024414
Hum_XLOC_038476,THP1,0.07630167584804445
Hum_XLOC_038477,THP1,0.02188652017116471
Hum_XLOC_038480,THP1,0.03602923672476694
Hum_XLOC_038492,THP1,0.0615408098661821
Hum_XLOC_038494,THP1,0.07005435066518516
Hum_XLOC_038506,THP1,0.053612306605232744
Hum_XLOC_038529,THP1,0.06280079265436929
Hum_XLOC_038534,THP1,0.05322654819317506
Hum_XLOC_038536,THP1,0.05946367213295596
Hum_XLOC_038540,THP1,0.03901266628212913
Hum_XLOC_038580,THP1,0.024224007567114448
Hum_XLOC_038598,THP1,0.06062056551148603
Hum_XLOC_038603,THP1,0.02509320340927253
Hum_XLOC_038610,THP1,0.05557155254743434
Hum_XLOC_038628,THP1,0.04389407033681854
Hum_XLOC_038633,THP1,0.020913394003367464
Hum_XLOC_038637,THP1,0.04460937065429412
Hum_XLOC_038643,THP1,0.04300443215379459
Hum_XLOC_038713,THP1,0.0593336863892046
Hum_XLOC_038714,THP1,0.06515522204901997
Hum_XLOC_038715,THP1,0.043526195058313275
Hum_XLOC_038732,THP1,0.04389093425669112
Hum_XLOC_038755,THP1,0.07143880677972646
Hum_XLOC_038756,THP1,0.05058690836201809
Hum_XLOC_038757,THP1,0.07742767260942769
Hum_XLOC_038759,THP1,0.06336307026807014
Hum_XLOC_038762,THP1,0.06882923783684358
Hum_XLOC_038767,THP1,0.06446142289111778
Hum_XLOC_038774,THP1,0.06350123457265712
Hum_XLOC_038809,THP1,0.04090455767055972
Hum_XLOC_038810,THP1,0.05913125053671931
Hum_XLOC_038852,THP1,0.058188767624778884
Hum_XLOC_038853,THP1,0.023386969964817185
Hum_XLOC_038858,THP1,0.06815082760810032
Hum_XLOC_038862,THP1,0.0710862078740866
Hum_XLOC_038913,THP1,0.023529778444749804
Hum_XLOC_038922,THP1,0.03852737907690082
Hum_XLOC_038927,THP1,0.06534659439826673
Hum_XLOC_038936,THP1,0.046398502279325286
Hum_XLOC_038940,THP1,0.06864192604969983
Hum_XLOC_038945,THP1,0.05988427874351426
Hum_XLOC_038947,THP1,0.05842727728610486
Hum_XLOC_038952,THP1,0.07126712339583133
Hum_XLOC_038958,THP1,0.02694202066151405
Hum_XLOC_038972,THP1,0.09660080770765767
Hum_XLOC_038976,THP1,0.048143472467797696
Hum_XLOC_038984,THP1,0.05930723580507162
Hum_XLOC_038986,THP1,0.07262494386609582
Hum_XLOC_038994,THP1,0.04845163614930838
Hum_XLOC_039020,THP1,0.06899158414541147
Hum_XLOC_039045,THP1,0.04773650714070147
Hum_XLOC_039058,THP1,0.05066157496007263
Hum_XLOC_039059,THP1,0.06371292127045591
Hum_XLOC_039070,THP1,0.022353192649373122
Hum_XLOC_039075,THP1,0.03694465119069259
Hum_XLOC_039076,THP1,0.04076745266536001
Hum_XLOC_039083,THP1,0.05828627384514973
Hum_XLOC_039107,THP1,0.02146498521061104
Hum_XLOC_039124,THP1,0.058311932528708525
Hum_XLOC_039127,THP1,0.06998944308587138
Hum_XLOC_039136,THP1,0.02664298171483799
Hum_XLOC_039140,THP1,0.027205239831104663
Hum_XLOC_039150,THP1,0.07618194177985982
Hum_XLOC_039161,THP1,0.04297627419253372
Hum_XLOC_039163,THP1,0.061616284494238
Hum_XLOC_039169,THP1,0.07070356365723982
Hum_XLOC_039175,THP1,0.04121869552807778
Hum_XLOC_039180,THP1,0.06310436956019941
Hum_XLOC_039191,THP1,0.08107447751076777
Hum_XLOC_039192,THP1,0.047256681918470614
Hum_XLOC_039194,THP1,0.024733063795372115
Hum_XLOC_039198,THP1,0.06653724424120157
Hum_XLOC_039199,THP1,0.07191710979527766
Hum_XLOC_039215,THP1,0.04019131058548451
Hum_XLOC_039217,THP1,0.05694697514311926
Hum_XLOC_039225,THP1,0.06220603412015
Hum_XLOC_039232,THP1,0.06115429144980934
Hum_XLOC_039235,THP1,0.018112710591993444
Hum_XLOC_039247,THP1,0.0703456876014462
Hum_XLOC_039258,THP1,0.055575624322601935
Hum_XLOC_039259,THP1,0.06546300518976748
Hum_XLOC_039265,THP1,0.02280361955329318
Hum_XLOC_039268,THP1,0.05411946768813756
Hum_XLOC_039274,THP1,0.06289692575231347
Hum_XLOC_039288,THP1,0.028274257814901466
Hum_XLOC_039289,THP1,0.0701186067716459
Hum_XLOC_039297,THP1,0.037295004795563406
Hum_XLOC_039324,THP1,0.053954210065201395
Hum_XLOC_039347,THP1,0.04402625499502272
Hum_XLOC_039369,THP1,0.07988975398872815
Hum_XLOC_039372,THP1,0.0652214700926469
Hum_XLOC_039373,THP1,0.07206662620259086
Hum_XLOC_039378,THP1,0.04201383463998574
Hum_XLOC_039382,THP1,0.06454689496100346
Hum_XLOC_039402,THP1,0.06236207902986814
Hum_XLOC_039432,THP1,0.0742078436021684
Hum_XLOC_039437,THP1,0.06786414064930449
Hum_XLOC_039446,THP1,0.02806470183144199
Hum_XLOC_039447,THP1,0.06095940102622334
Hum_XLOC_039449,THP1,0.0687735826892744
Hum_XLOC_039454,THP1,0.060290925323529164
Hum_XLOC_039455,THP1,0.07265435388457767
Hum_XLOC_039460,THP1,0.07538635361507458
Hum_XLOC_039464,THP1,0.0262487315821623
Hum_XLOC_039468,THP1,0.05230804379680041
Hum_XLOC_039469,THP1,0.07050000303216082
Hum_XLOC_039489,THP1,0.06794596026463177
Hum_XLOC_039501,THP1,0.05629579337034248
Hum_XLOC_039506,THP1,0.03861048724819706
Hum_XLOC_039509,THP1,0.05856142774310513
Hum_XLOC_039515,THP1,0.021379194661089725
Hum_XLOC_039524,THP1,0.07088689103045118
Hum_XLOC_039525,THP1,0.020476788544573733
Hum_XLOC_039526,THP1,0.07563028612631713
Hum_XLOC_039536,THP1,0.0817816932870136
Hum_XLOC_039546,THP1,0.06494758618883331
Hum_XLOC_039551,THP1,0.08205867894086259
Hum_XLOC_039552,THP1,0.07484882611913295
Hum_XLOC_039566,THP1,0.07263396246600684
Hum_XLOC_039573,THP1,0.058485212296201766
Hum_XLOC_039574,THP1,0.08577578079191278
Hum_XLOC_039575,THP1,0.06090082689368879
Hum_XLOC_039584,THP1,0.06188978133547911
Hum_XLOC_039588,THP1,0.05460541417151016
Hum_XLOC_039589,THP1,0.07575269605204825
Hum_XLOC_039596,THP1,0.06899822278122164
Hum_XLOC_039598,THP1,0.07608988169080627
Hum_XLOC_039601,THP1,0.043663244928414696
Hum_XLOC_039616,THP1,0.05370334019248146
Hum_XLOC_039621,THP1,0.021840072317832953
Hum_XLOC_039631,THP1,0.08376761958339804
Hum_XLOC_039642,THP1,0.07532238147936907
Hum_XLOC_039644,THP1,0.06240074363203156
Hum_XLOC_039650,THP1,0.08596423821818008
Hum_XLOC_039652,THP1,0.06776599822069396
Hum_XLOC_039656,THP1,0.0795458570611779
Hum_XLOC_039658,THP1,0.05200549429898381
Hum_XLOC_039672,THP1,0.02649085878820976
Hum_XLOC_039701,THP1,0.06826877981181476
Hum_XLOC_039703,THP1,0.07982441011880365
Hum_XLOC_039707,THP1,0.02476951333277882
Hum_XLOC_039722,THP1,0.0424959647842054
Hum_XLOC_039724,THP1,0.06583005386288424
Hum_XLOC_039733,THP1,0.040694470590529934
Hum_XLOC_039740,THP1,0.07363638043556545
Hum_XLOC_039764,THP1,0.05412446952458491
Hum_XLOC_039770,THP1,0.029530939449408482
Hum_XLOC_039809,THP1,0.05127052557619072
Hum_XLOC_039814,THP1,0.05266739945647861
Hum_XLOC_039820,THP1,0.07108445210356452
Hum_XLOC_039823,THP1,0.07338197749621887
Hum_XLOC_039830,THP1,0.06419059428645743
Hum_XLOC_039835,THP1,0.02896313901480661
Hum_XLOC_039839,THP1,0.0326143317489839
Hum_XLOC_039842,THP1,0.05849305344025549
Hum_XLOC_039845,THP1,0.07395531755356484
Hum_XLOC_039853,THP1,0.06245056823912956
Hum_XLOC_039855,THP1,0.058163852261432156
Hum_XLOC_039856,THP1,0.0663545837153075
Hum_XLOC_039901,THP1,0.05621227919565783
Hum_XLOC_039915,THP1,0.06790799805924702
Hum_XLOC_039920,THP1,0.06450599246077528
Hum_XLOC_039929,THP1,0.030813085326388163
Hum_XLOC_039946,THP1,0.024973743128146247
Hum_XLOC_039954,THP1,0.041999025328592524
Hum_XLOC_039955,THP1,0.06811736842264535
Hum_XLOC_039966,THP1,0.06051492309259668
Hum_XLOC_039975,THP1,0.04290126577515612
Hum_XLOC_039977,THP1,0.07213129888831714
Hum_XLOC_040013,THP1,0.05293480169112611
Hum_XLOC_040052,THP1,0.023845726960938816
Hum_XLOC_040061,THP1,0.024374680023851715
Hum_XLOC_040070,THP1,0.052136941098326416
Hum_XLOC_040081,THP1,0.06901800764444449
Hum_XLOC_040086,THP1,0.05708776603548898
Hum_XLOC_040093,THP1,0.06766229771787814
Hum_XLOC_040109,THP1,0.025155518962492174
Hum_XLOC_040114,THP1,0.07542470724693587
Hum_XLOC_040159,THP1,0.04652590480461457
Hum_XLOC_040173,THP1,0.03851183579207958
Hum_XLOC_040184,THP1,0.09757881998105532
Hum_XLOC_040189,THP1,0.0587951896283313
Hum_XLOC_040199,THP1,0.0594588305731313
Hum_XLOC_040200,THP1,0.03169582050277684
Hum_XLOC_040204,THP1,0.03253155356984506
Hum_XLOC_040213,THP1,0.07693676988082346
Hum_XLOC_040238,THP1,0.07088008455088309
Hum_XLOC_040252,THP1,0.024514034882644486
Hum_XLOC_040276,THP1,0.06202057778714247
Hum_XLOC_040290,THP1,0.019493358984336802
Hum_XLOC_040291,THP1,0.03303441269864635
Hum_XLOC_040313,THP1,0.06178774089412001
Hum_XLOC_040322,THP1,0.19958557656441206
Hum_XLOC_040323,THP1,0.0729666930018748
Hum_XLOC_040331,THP1,0.06463585847037795
Hum_XLOC_040343,THP1,0.041619645965147396
Hum_XLOC_040345,THP1,0.06605395559247493
Hum_XLOC_040346,THP1,0.06003481352245817
Hum_XLOC_040349,THP1,0.05785688366498343
Hum_XLOC_040355,THP1,0.07201804824921737
Hum_XLOC_040356,THP1,0.0616729804514955
Hum_XLOC_040359,THP1,0.0574495789549849
Hum_XLOC_040367,THP1,0.04858621990087172
Hum_XLOC_040372,THP1,0.05640000868157109
Hum_XLOC_040403,THP1,0.07753809026352688
Hum_XLOC_040406,THP1,0.048302891332721906
Hum_XLOC_040408,THP1,0.06033823565839772
Hum_XLOC_040411,THP1,0.06823013567919237
Hum_XLOC_040419,THP1,0.07232126556351537
Hum_XLOC_040425,THP1,0.054649323236678635
Hum_XLOC_040453,THP1,0.0755961252695998
Hum_XLOC_040473,THP1,0.07174152530450827
Hum_XLOC_040475,THP1,0.04549271489921408
Hum_XLOC_040492,THP1,0.08393895751373685
Hum_XLOC_040508,THP1,0.07439665025246878
Hum_XLOC_040509,THP1,0.0752059070625254
Hum_XLOC_040523,THP1,0.020498649472243984
Hum_XLOC_040524,THP1,0.03625574445843549
Hum_XLOC_040532,THP1,0.07180072911866221
Hum_XLOC_040540,THP1,0.08860612353844517
Hum_XLOC_040556,THP1,0.07400923262893971
Hum_XLOC_040575,THP1,0.07229410041325696
Hum_XLOC_040582,THP1,0.06172799960800322
Hum_XLOC_040595,THP1,0.07473656553655779
Hum_XLOC_040596,THP1,0.07255616125739292
Hum_XLOC_040622,THP1,0.05162645956570037
Hum_XLOC_040634,THP1,0.07585999923893638
Hum_XLOC_040637,THP1,0.0686254399351902
Hum_XLOC_040640,THP1,0.0730018515305076
Hum_XLOC_040647,THP1,0.06719864794691463
Hum_XLOC_040648,THP1,0.05759360771180982
Hum_XLOC_040662,THP1,0.044755598652488716
Hum_XLOC_040663,THP1,0.031989376678083305
Hum_XLOC_040691,THP1,0.044137817898895204
Hum_XLOC_040709,THP1,0.08252741257431938
Hum_XLOC_040711,THP1,0.06166235045576302
Hum_XLOC_040732,THP1,0.06273528046195595
Hum_XLOC_040733,THP1,0.07079209670904434
Hum_XLOC_040737,THP1,0.06800369162712402
Hum_XLOC_040748,THP1,0.05590971616790811
Hum_XLOC_040770,THP1,0.04962286182223033
Hum_XLOC_040775,THP1,0.06681061219375371
Hum_XLOC_040798,THP1,0.05141381107767781
Hum_XLOC_040800,THP1,0.07249577389747625
Hum_XLOC_040802,THP1,0.07846909763397703
Hum_XLOC_040822,THP1,0.06453866422489986
Hum_XLOC_040835,THP1,0.07326831365442214
Hum_XLOC_040840,THP1,0.058765471005737355
Hum_XLOC_040843,THP1,0.05990609461554633
Hum_XLOC_040849,THP1,0.04939446402978613
Hum_XLOC_040858,THP1,0.06617507743941319
Hum_XLOC_040871,THP1,0.056483824690183655
Hum_XLOC_040873,THP1,0.08098463696130982
Hum_XLOC_040876,THP1,0.05631961776574818
Hum_XLOC_040895,THP1,0.08355523571515133
Hum_XLOC_040902,THP1,0.06292144863020463
Hum_XLOC_040919,THP1,0.08448526392540857
Hum_XLOC_040922,THP1,0.053783812906728484
Hum_XLOC_040961,THP1,0.0723833349258848
Hum_XLOC_040964,THP1,0.07422187567554296
Hum_XLOC_040966,THP1,0.045904361671399975
Hum_XLOC_040967,THP1,0.04916927043456272
Hum_XLOC_040972,THP1,0.07696366465533533
Hum_XLOC_040973,THP1,0.08071918326804058
Hum_XLOC_040974,THP1,0.08095237505182745
Hum_XLOC_040979,THP1,0.07760097052870898
Hum_XLOC_040984,THP1,0.07502961158178388
Hum_XLOC_041006,THP1,0.0479490095941189
Hum_XLOC_041009,THP1,0.056481161186451606
Hum_XLOC_041012,THP1,0.030406562244504984
Hum_XLOC_041019,THP1,0.07784891935762472
Hum_XLOC_041024,THP1,0.03186650931093174
Hum_XLOC_041044,THP1,0.08115225581960978
Hum_XLOC_041045,THP1,0.06776465790776344
Hum_XLOC_041046,THP1,0.08068042198823328
Hum_XLOC_041047,THP1,0.06692626459286428
Hum_XLOC_041065,THP1,0.0725100153637927
Hum_XLOC_041069,THP1,0.06727321966376444
Hum_XLOC_041079,THP1,0.038199672355466036
Hum_XLOC_041087,THP1,0.07385442108024695
Hum_XLOC_041089,THP1,0.07422066606699396
Hum_XLOC_041091,THP1,0.0756212998212615
Hum_XLOC_041097,THP1,0.05558012554517716
Hum_XLOC_041099,THP1,0.05542157089484742
Hum_XLOC_041107,THP1,0.05969896321477705
Hum_XLOC_041111,THP1,0.06700510501771521
Hum_XLOC_041114,THP1,0.027466545220363587
Hum_XLOC_041117,THP1,0.06700199147814176
Hum_XLOC_041127,THP1,0.06670501621032958
Hum_XLOC_041130,THP1,0.045089334697187754
Hum_XLOC_041152,THP1,0.05861107607874319
Hum_XLOC_041155,THP1,0.07490263239891917
Hum_XLOC_041156,THP1,0.023083991138924505
Hum_XLOC_041168,THP1,0.024467080645696596
Hum_XLOC_041179,THP1,0.061147209340892246
Hum_XLOC_041180,THP1,0.020469196502221742
Hum_XLOC_041201,THP1,0.08362103362523188
Hum_XLOC_041204,THP1,0.072024641927139
Hum_XLOC_041218,THP1,0.051440921510602665
Hum_XLOC_041242,THP1,0.0616697143237352
Hum_XLOC_041243,THP1,0.06028174776774042
Hum_XLOC_041249,THP1,0.018083830522200865
Hum_XLOC_041253,THP1,0.05743773615155494
Hum_XLOC_041257,THP1,0.06838640236585747
Hum_XLOC_041278,THP1,0.05397820335735012
Hum_XLOC_041282,THP1,0.05460103199277627
Hum_XLOC_041285,THP1,0.0800848673330484
Hum_XLOC_041288,THP1,0.022169977016792713
Hum_XLOC_041303,THP1,0.04755805860043587
Hum_XLOC_041311,THP1,0.06282496563185436
Hum_XLOC_041327,THP1,0.07347532623262623
Hum_XLOC_041359,THP1,0.07924869392668485
Hum_XLOC_041399,THP1,0.07596097949702808
Hum_XLOC_041402,THP1,0.0767814621957926
Hum_XLOC_041415,THP1,0.04361055879620974
Hum_XLOC_041435,THP1,0.07487519979171844
Hum_XLOC_041448,THP1,0.07154222356872966
Hum_XLOC_041458,THP1,0.06656065851271221
Hum_XLOC_041461,THP1,0.04983003841093644
Hum_XLOC_041480,THP1,0.063984598378784
Hum_XLOC_041487,THP1,0.06300808413022108
Hum_XLOC_041492,THP1,0.02422308019910326
Hum_XLOC_041496,THP1,0.031551997683036744
Hum_XLOC_041509,THP1,0.0646156366845192
Hum_XLOC_041532,THP1,0.052097138667745284
Hum_XLOC_041539,THP1,0.06181838072824711
Hum_XLOC_041541,THP1,0.0385656831026628
Hum_XLOC_041548,THP1,0.06309620712895703
Hum_XLOC_041555,THP1,0.03807647050107852
Hum_XLOC_041564,THP1,0.036223589958723774
Hum_XLOC_041567,THP1,0.05831001061283594
Hum_XLOC_041598,THP1,0.03899911130990651
Hum_XLOC_041608,THP1,0.02900874857166067
Hum_XLOC_041622,THP1,0.07184424449073218
Hum_XLOC_041624,THP1,0.06417441679495763
Hum_XLOC_041638,THP1,0.07784424129603337
Hum_XLOC_041647,THP1,0.027890662192289167
Hum_XLOC_041657,THP1,0.07453738465382811
Hum_XLOC_041677,THP1,0.04332620199858287
Hum_XLOC_041693,THP1,0.06111605354483748
Hum_XLOC_041708,THP1,0.0417564921148455
Hum_XLOC_041721,THP1,0.05487915282218017
Hum_XLOC_041722,THP1,0.06250315206384699
Hum_XLOC_041728,THP1,0.058596937471507404
Hum_XLOC_041734,THP1,0.06676500132057886
Hum_XLOC_041736,THP1,0.05921010621159403
Hum_XLOC_041743,THP1,0.06102270077694684
Hum_XLOC_041768,THP1,0.07413670446608692
Hum_XLOC_041797,THP1,0.05847513556675066
Hum_XLOC_041807,THP1,0.06612017661237238
Hum_XLOC_041818,THP1,0.07082609400033085
Hum_XLOC_041840,THP1,0.063581067085664
Hum_XLOC_041841,THP1,0.06533902783401141
Hum_XLOC_041842,THP1,0.06077314402084103
Hum_XLOC_041847,THP1,0.0673053257965362
Hum_XLOC_041848,THP1,0.07659057471398296
Hum_XLOC_041853,THP1,0.07008181394451837
Hum_XLOC_041858,THP1,0.06858874320636092
Hum_XLOC_041864,THP1,0.062301136958607284
Hum_XLOC_041866,THP1,0.07189893328354527
Hum_XLOC_041867,THP1,0.07146268972099143
Hum_XLOC_041868,THP1,0.06912191975211555
Hum_XLOC_041872,THP1,0.07429946981247036
Hum_XLOC_041887,THP1,0.05267233702166378
Hum_XLOC_041889,THP1,0.048848229090625084
Hum_XLOC_041894,THP1,0.043406166460449806
Hum_XLOC_041911,THP1,0.04004552105700147
Hum_XLOC_041912,THP1,0.056565894835014986
Hum_XLOC_041916,THP1,0.042495898261838555
Hum_XLOC_041919,THP1,0.06256867452637713
Hum_XLOC_041988,THP1,0.036510722597318926
Hum_XLOC_041999,THP1,0.04605552486445315
Hum_XLOC_042010,THP1,0.07088798291353805
Hum_XLOC_042017,THP1,0.07002752312608689
Hum_XLOC_042027,THP1,0.06975173275914559
Hum_XLOC_042028,THP1,0.07000886208871435
Hum_XLOC_042030,THP1,0.05122881230164611
Hum_XLOC_042040,THP1,0.06705281448095161
Hum_XLOC_042081,THP1,0.04442321185564507
Hum_XLOC_042082,THP1,0.07572722785514788
Hum_XLOC_042093,THP1,0.04760675578989507
Hum_XLOC_042107,THP1,0.07225664192440662
Hum_XLOC_042113,THP1,0.03556134850117893
Hum_XLOC_042116,THP1,0.07002560492654329
Hum_XLOC_042147,THP1,0.08475043800702707
Hum_XLOC_042149,THP1,0.049709892041253576
Hum_XLOC_042209,THP1,0.03140131477477994
Hum_XLOC_042223,THP1,0.07355557109463477
Hum_XLOC_042224,THP1,0.06215089569124605
Hum_XLOC_042226,THP1,0.06628476315280088
Hum_XLOC_042240,THP1,0.06793984077583964
Hum_XLOC_042254,THP1,0.07314981090172665
Hum_XLOC_042268,THP1,0.06876075509294233
Hum_XLOC_042281,THP1,0.05918351698283607
Hum_XLOC_042284,THP1,0.07265131635218045
Hum_XLOC_042301,THP1,0.0655111699768556
Hum_XLOC_042304,THP1,0.07435471634176606
Hum_XLOC_042324,THP1,0.022913458967717747
Hum_XLOC_042360,THP1,0.08021297251763247
Hum_XLOC_042379,THP1,0.03000017279271921
Hum_XLOC_042392,THP1,0.06260032152702086
Hum_XLOC_042402,THP1,0.08121165255260213
Hum_XLOC_042407,THP1,0.11337155574104063
Hum_XLOC_042411,THP1,0.03634040162611204
Hum_XLOC_042412,THP1,0.0749531964070601
Hum_XLOC_042436,THP1,0.028269772570949307
Hum_XLOC_042438,THP1,0.0594598154263059
Hum_XLOC_042441,THP1,0.06612975589672289
Hum_XLOC_042442,THP1,0.0625399056327229
Hum_XLOC_042443,THP1,0.05720701476507128
Hum_XLOC_042449,THP1,0.05159955422214514
Hum_XLOC_042453,THP1,0.06786374957855038
Hum_XLOC_042461,THP1,0.04786511278134918
Hum_XLOC_042475,THP1,0.0208345231910362
Hum_XLOC_042479,THP1,0.05969883903786207
Hum_XLOC_042485,THP1,0.060786293219414735
Hum_XLOC_042489,THP1,0.0746533376277875
Hum_XLOC_042493,THP1,0.07973263978073045
Hum_XLOC_042494,THP1,0.05605919837510766
Hum_XLOC_042505,THP1,0.05739484205859895
Hum_XLOC_042510,THP1,0.029462256762922294
Hum_XLOC_042512,THP1,0.04513329547430211
Hum_XLOC_042514,THP1,0.02598315829865276
Hum_XLOC_042516,THP1,0.026526692173996648
Hum_XLOC_042545,THP1,0.07154027925892475
Hum_XLOC_042551,THP1,0.0224932468383883
Hum_XLOC_042553,THP1,0.054917233842705825
Hum_XLOC_042562,THP1,0.0789306029671414
Hum_XLOC_042566,THP1,0.06659329098333874
Hum_XLOC_042571,THP1,0.07273577259339215
Hum_XLOC_042579,THP1,0.045833938303762825
Hum_XLOC_042582,THP1,0.06902958606581244
Hum_XLOC_042589,THP1,0.05994825179460081
Hum_XLOC_042649,THP1,0.06753861558652023
Hum_XLOC_042651,THP1,0.07150828399833353
Hum_XLOC_042658,THP1,0.046459082556907595
Hum_XLOC_042659,THP1,0.07477946438940256
Hum_XLOC_042664,THP1,0.09251545834103642
Hum_XLOC_042666,THP1,0.0679438299938259
Hum_XLOC_042669,THP1,0.044274963768304205
Hum_XLOC_042670,THP1,0.052974210086802594
Hum_XLOC_042671,THP1,0.06060817483667686
Hum_XLOC_042678,THP1,0.03629794779992577
Hum_XLOC_042681,THP1,0.04159573366392995
Hum_XLOC_042685,THP1,0.0789033390132143
Hum_XLOC_042709,THP1,0.03265525827855015
Hum_XLOC_042710,THP1,0.05918910388663852
Hum_XLOC_042718,THP1,0.07134161273659717
Hum_XLOC_042728,THP1,0.06528507242436737
Hum_XLOC_042739,THP1,0.07843639156478925
Hum_XLOC_042749,THP1,0.08219305010443012
Hum_XLOC_042751,THP1,0.07780910706546831
Hum_XLOC_042761,THP1,0.08283196554482487
Hum_XLOC_042774,THP1,0.07087188372355833
Hum_XLOC_042799,THP1,0.06622089607187506
Hum_XLOC_042802,THP1,0.04511783769561793
Hum_XLOC_042804,THP1,0.029143722200459
Hum_XLOC_042805,THP1,0.05069922394431598
Hum_XLOC_042814,THP1,0.04554840456985787
Hum_XLOC_042820,THP1,0.06553206739374712
Hum_XLOC_042821,THP1,0.06798350976306652
Hum_XLOC_042822,THP1,0.0760846262861327
Hum_XLOC_042830,THP1,0.07771789726031218
Hum_XLOC_042846,THP1,0.07231460935427536
Hum_XLOC_042847,THP1,0.06033360960295946
Hum_XLOC_042848,THP1,0.05627330735229171
Hum_XLOC_042853,THP1,0.05742762682103762
Hum_XLOC_042856,THP1,0.06211484562242768
Hum_XLOC_042861,THP1,0.06979140707182722
Hum_XLOC_042875,THP1,0.07491594982380603
Hum_XLOC_042885,THP1,0.07373938621251519
Hum_XLOC_042906,THP1,0.043783590341232484
Hum_XLOC_042911,THP1,0.031014869219066918
Hum_XLOC_042915,THP1,0.08208677421894842
Hum_XLOC_042952,THP1,0.0772229005673332
Hum_XLOC_042983,THP1,0.05291512103977423
Hum_XLOC_042989,THP1,0.031494714687074654
Hum_XLOC_042992,THP1,0.06534747522560509
Hum_XLOC_043011,THP1,0.06246657824203317
Hum_XLOC_043046,THP1,0.02687504419966242
Hum_XLOC_043051,THP1,0.05417247856049723
Hum_XLOC_043055,THP1,0.054100376368567765
Hum_XLOC_043057,THP1,0.05892343138645196
Hum_XLOC_043067,THP1,0.05540621893526573
Hum_XLOC_043075,THP1,0.028020959530083968
Hum_XLOC_043078,THP1,0.0669816805873016
Hum_XLOC_043080,THP1,0.047657591748124443
Hum_XLOC_043089,THP1,0.06609839442882398
Hum_XLOC_043090,THP1,0.0567158594472764
Hum_XLOC_043102,THP1,0.028466432411682223
Hum_XLOC_043111,THP1,0.06856071142864667
Hum_XLOC_043113,THP1,0.07041542094642078
Hum_XLOC_043129,THP1,0.05312491363032044
Hum_XLOC_043134,THP1,0.08333604792735062
Hum_XLOC_043135,THP1,0.04560373636279952
Hum_XLOC_043155,THP1,0.06478840487047992
Hum_XLOC_043168,THP1,0.02691098567649931
Hum_XLOC_043180,THP1,0.049521640401731
Hum_XLOC_043181,THP1,0.07049098997962472
Hum_XLOC_043182,THP1,0.044185950467030756
Hum_XLOC_043197,THP1,0.0668474053008753
Hum_XLOC_043198,THP1,0.07155489942946519
Hum_XLOC_043201,THP1,0.040490989095848647
Hum_XLOC_043212,THP1,0.05734540816866561
Hum_XLOC_043215,THP1,0.04595864143770705
Hum_XLOC_043238,THP1,0.05353996679781065
Hum_XLOC_043261,THP1,0.06423945325755989
Hum_XLOC_043266,THP1,0.06595445418888404
Hum_XLOC_043272,THP1,0.049687365000635225
Hum_XLOC_043274,THP1,0.0744705453470847
Hum_XLOC_043279,THP1,0.06366852246022559
Hum_XLOC_043283,THP1,0.033761025810148955
Hum_XLOC_043299,THP1,0.04504599648392074
Hum_XLOC_043300,THP1,0.0669877862115153
Hum_XLOC_043310,THP1,0.05853498658597289
Hum_XLOC_043319,THP1,0.04469723049322
Hum_XLOC_043326,THP1,0.07043567717594344
Hum_XLOC_043328,THP1,0.07257055448555114
Hum_XLOC_043329,THP1,0.05164659789317857
Hum_XLOC_043336,THP1,0.058898296122119775
Hum_XLOC_043339,THP1,0.08293470586284173
Hum_XLOC_043359,THP1,0.026818049269392158
Hum_XLOC_043371,THP1,0.024320259711278762
Hum_XLOC_043393,THP1,0.05865572491115076
Hum_XLOC_043395,THP1,0.06250623383391742
Hum_XLOC_043397,THP1,0.029527370028172607
Hum_XLOC_043427,THP1,0.07564411653537238
Hum_XLOC_043428,THP1,0.07101067199653843
Hum_XLOC_043437,THP1,0.06833227474454719
Hum_XLOC_043441,THP1,0.05518203271762344
Hum_XLOC_043462,THP1,0.019364858676419558
Hum_XLOC_043463,THP1,0.02123948706096395
Hum_XLOC_043464,THP1,0.07672872897045323
Hum_XLOC_043465,THP1,0.04911039721234219
Hum_XLOC_043508,THP1,0.07178309294915576
Hum_XLOC_043510,THP1,0.06513304802697807
Hum_XLOC_043543,THP1,0.06878846303850399
Hum_XLOC_043544,THP1,0.06779018988449809
Hum_XLOC_043545,THP1,0.02913575390799203
Hum_XLOC_043548,THP1,0.04693288035594314
Hum_XLOC_043554,THP1,0.08537694209182115
Hum_XLOC_043555,THP1,0.02939587472064845
Hum_XLOC_043561,THP1,0.02482892285470456
Hum_XLOC_043575,THP1,0.057657497474675856
Hum_XLOC_043579,THP1,0.061440589662498435
Hum_XLOC_043590,THP1,0.07671869920461638
Hum_XLOC_043599,THP1,0.07133803262511997
Hum_XLOC_043601,THP1,0.06329017547291829
Hum_XLOC_043603,THP1,0.06895750517130486
Hum_XLOC_043608,THP1,0.03198115928020285
Hum_XLOC_043616,THP1,0.047162135454687
Hum_XLOC_043621,THP1,0.06772376731674333
Hum_XLOC_043633,THP1,0.06200194040179691
Hum_XLOC_043642,THP1,0.08040449495648067
Hum_XLOC_043647,THP1,0.059462564667376316
Hum_XLOC_043654,THP1,0.060421764158136035
Hum_XLOC_043655,THP1,0.04908816735355323
Hum_XLOC_043659,THP1,0.06918534285452377
Hum_XLOC_043666,THP1,0.06566356877813477
Hum_XLOC_043672,THP1,0.040413337356374715
Hum_XLOC_043675,THP1,0.051981651753814605
Hum_XLOC_043689,THP1,0.021988057647074163
Hum_XLOC_043713,THP1,0.024592774556525483
Hum_XLOC_043719,THP1,0.07353590895297735
Hum_XLOC_043725,THP1,0.07334579268620572
Hum_XLOC_043742,THP1,0.07863538263484096
Hum_XLOC_043745,THP1,0.04005413720031542
Hum_XLOC_043746,THP1,0.08573339319727381
Hum_XLOC_043750,THP1,0.024490223501681105
Hum_XLOC_043758,THP1,0.06778699900534314
Hum_XLOC_043764,THP1,0.0708992075853643
Hum_XLOC_043780,THP1,0.06212027518864087
Hum_XLOC_043782,THP1,0.06405440202112825
Hum_XLOC_043803,THP1,0.027321673420416262
Hum_XLOC_043806,THP1,0.02658149908230477
Hum_XLOC_043814,THP1,0.06933413820702443
Hum_XLOC_043836,THP1,0.07263686073118346
Hum_XLOC_043846,THP1,0.057251627453068464
Hum_XLOC_043854,THP1,0.06339030757452213
Hum_XLOC_043856,THP1,0.021142170775858005
Hum_XLOC_043864,THP1,0.06802425447229828
Hum_XLOC_043886,THP1,0.03491937834326321
Hum_XLOC_043898,THP1,0.059963300629525214
Hum_XLOC_043906,THP1,0.07076582994504646
Hum_XLOC_043913,THP1,0.07623389921803977
Hum_XLOC_043918,THP1,0.08210206407178358
Hum_XLOC_043923,THP1,0.07152965815784594
Hum_XLOC_043928,THP1,0.08180993947582312
Hum_XLOC_043946,THP1,0.0586997655420668
Hum_XLOC_043966,THP1,0.08335772095955235
Hum_XLOC_043970,THP1,0.025059692594162426
Hum_XLOC_043980,THP1,0.045106331126533165
Hum_XLOC_043981,THP1,0.06380352555289115
Hum_XLOC_043989,THP1,0.05544059289720095
Hum_XLOC_043990,THP1,0.060455226249923874
Hum_XLOC_043996,THP1,0.026864958191293874
Hum_XLOC_044002,THP1,0.08136564917422875
Hum_XLOC_044003,THP1,0.027280517446466753
Hum_XLOC_044006,THP1,0.02332637839654052
Hum_XLOC_044011,THP1,0.029182803952157055
Hum_XLOC_044012,THP1,0.0726564018855755
Hum_XLOC_044023,THP1,0.03245547972610939
Hum_XLOC_044049,THP1,0.02529046578435884
Hum_XLOC_044052,THP1,0.055928102493486245
Hum_XLOC_044066,THP1,0.06881365607553086
Hum_XLOC_044076,THP1,0.04500801857827974
Hum_XLOC_044094,THP1,0.06698528522232314
Hum_XLOC_044110,THP1,0.04116531310975207
Hum_XLOC_044111,THP1,0.024502038240216874
Hum_XLOC_044120,THP1,0.05842289969439195
Hum_XLOC_044135,THP1,0.07586025617053319
Hum_XLOC_044138,THP1,0.053428213839227946
Hum_XLOC_044148,THP1,0.05691560172097507
Hum_XLOC_044151,THP1,0.050059380837376065
Hum_XLOC_044179,THP1,0.07707535211229415
Hum_XLOC_044193,THP1,0.07418073113186323
Hum_XLOC_044208,THP1,0.06661229717532594
Hum_XLOC_044210,THP1,0.0769446234065369
Hum_XLOC_044219,THP1,0.06803817265617053
Hum_XLOC_044230,THP1,0.04384698241309889
Hum_XLOC_044237,THP1,0.05273640825906861
Hum_XLOC_044240,THP1,0.02950943499480691
Hum_XLOC_044242,THP1,0.026858421787688446
Hum_XLOC_044243,THP1,0.027100942448862443
Hum_XLOC_044246,THP1,0.07442511762723684
Hum_XLOC_044247,THP1,0.05982979865721558
Hum_XLOC_044264,THP1,0.046633023100682056
Hum_XLOC_044269,THP1,0.07604397707487683
Hum_XLOC_044270,THP1,0.06160710433793762
Hum_XLOC_044281,THP1,0.030387890238918993
Hum_XLOC_044283,THP1,0.11085615296487077
Hum_XLOC_044287,THP1,0.04941657130824145
Hum_XLOC_044305,THP1,0.06050862272774923
Hum_XLOC_044306,THP1,0.07400570832236916
Hum_XLOC_044352,THP1,0.029603811423883082
Hum_XLOC_044359,THP1,0.0726135937688044
Hum_XLOC_044366,THP1,0.09436010696274413
Hum_XLOC_044370,THP1,0.07229104793507603
Hum_XLOC_044371,THP1,0.08962959981869977
Hum_XLOC_044383,THP1,0.06550004591221259
Hum_XLOC_044385,THP1,0.03149188679473416
Hum_XLOC_044403,THP1,0.06931374594971362
Hum_XLOC_044417,THP1,0.044238773789700515
Hum_XLOC_044418,THP1,0.021407879347591138
Hum_XLOC_044436,THP1,0.06884908706473356
Hum_XLOC_044448,THP1,0.05723543179765542
Hum_XLOC_044484,THP1,0.09438403590984847
Hum_XLOC_044501,THP1,0.05805129136642406
Hum_XLOC_044505,THP1,0.07688192439418236
Hum_XLOC_044527,THP1,0.06347266158147573
Hum_XLOC_044529,THP1,0.026729777675062405
Hum_XLOC_044530,THP1,0.0792728606373675
Hum_XLOC_044531,THP1,0.025719841650883955
Hum_XLOC_044533,THP1,0.049025807692192926
Hum_XLOC_044544,THP1,0.04523597279970511
Hum_XLOC_044575,THP1,0.07224841389018417
Hum_XLOC_044610,THP1,0.08055917654856759
Hum_XLOC_044616,THP1,0.0713444716899425
Hum_XLOC_044621,THP1,0.059005501577914565
Hum_XLOC_044624,THP1,0.0677400445867735
Hum_XLOC_044634,THP1,0.0631379602282825
Hum_XLOC_044667,THP1,0.2514930427611662
Hum_XLOC_044671,THP1,0.08053952106434255
Hum_XLOC_044673,THP1,0.03777381539616552
Hum_XLOC_044676,THP1,0.03495137618196812
Hum_XLOC_044678,THP1,0.04348344836289848
Hum_XLOC_044685,THP1,0.0609127476502456
Hum_XLOC_044749,THP1,0.05922143448569901
Hum_XLOC_044750,THP1,0.03424983128153493
Hum_XLOC_044772,THP1,0.05791395171415416
Hum_XLOC_044776,THP1,0.05883529120316704
Hum_XLOC_044782,THP1,0.06381144233844364
Hum_XLOC_044794,THP1,0.0654478924907013
Hum_XLOC_044800,THP1,0.0817008139944805
Hum_XLOC_044824,THP1,0.03158614259230272
Hum_XLOC_044828,THP1,0.05394252378102772
Hum_XLOC_044854,THP1,0.03825189441136552
Hum_XLOC_044874,THP1,0.07282834456064322
Hum_XLOC_044877,THP1,0.07247533395259823
Hum_XLOC_044881,THP1,0.05973416948614067
Hum_XLOC_044926,THP1,0.06601473856235443
Hum_XLOC_044932,THP1,0.06297417175110806
Hum_XLOC_044938,THP1,0.06941251917789643
Hum_XLOC_044949,THP1,0.07948191098545784
Hum_XLOC_044952,THP1,0.05581504427500193
Hum_XLOC_044957,THP1,0.06913524643652551
Hum_XLOC_044972,THP1,0.041307617140920155
Hum_XLOC_044999,THP1,0.04963402504978552
Hum_XLOC_045018,THP1,0.07958783500739429
Hum_XLOC_045058,THP1,0.026798683387145077
Hum_XLOC_045062,THP1,0.07297404873395497
Hum_XLOC_045066,THP1,0.04095387699402697
Hum_XLOC_045068,THP1,0.04433141356798498
Hum_XLOC_045075,THP1,0.0919184793629877
Hum_XLOC_045076,THP1,0.07700019539817118
Hum_XLOC_045078,THP1,0.05393701269700307
Hum_XLOC_045079,THP1,0.06885724947653486
Hum_XLOC_045100,THP1,0.0578656140636694
Hum_XLOC_045105,THP1,0.06993111225484486
Hum_XLOC_045106,THP1,0.039447152333056436
Hum_XLOC_045107,THP1,0.05003902985414434
Hum_XLOC_045112,THP1,0.04904462938948273
Hum_XLOC_045120,THP1,0.051870001824927445
Hum_XLOC_045128,THP1,0.06636883593959075
Hum_XLOC_045133,THP1,0.041496615942849875
Hum_XLOC_045136,THP1,0.08088937465291464
Hum_XLOC_045143,THP1,0.05404921388804802
Hum_XLOC_045148,THP1,0.04807432824725638
Hum_XLOC_045167,THP1,0.042438605592544164
Hum_XLOC_045169,THP1,0.0698252813886766
Hum_XLOC_045170,THP1,0.02457133552095754
Hum_XLOC_045175,THP1,0.07701683726574984
Hum_XLOC_045186,THP1,0.06896406925083935
Hum_XLOC_045207,THP1,0.05902444165332559
Hum_XLOC_045211,THP1,0.021714501706378685
Hum_XLOC_045215,THP1,0.055632328028736897
Hum_XLOC_045217,THP1,0.057921626345463585
Hum_XLOC_045246,THP1,0.06869488930070461
Hum_XLOC_045256,THP1,0.056553385526598506
Hum_XLOC_045278,THP1,0.04297351916509343
Hum_XLOC_045298,THP1,0.030003144281634236
Hum_XLOC_045301,THP1,0.07607240495438689
Hum_XLOC_045303,THP1,0.07301494998872599
Hum_XLOC_045312,THP1,0.059264513236923264
Hum_XLOC_045315,THP1,0.020340831275130353
Hum_XLOC_045336,THP1,0.06275328940398339
Hum_XLOC_045337,THP1,0.12112126957689284
Hum_XLOC_045345,THP1,0.06468084383970035
Hum_XLOC_045371,THP1,0.05993372337211421
Hum_XLOC_045374,THP1,0.07788198326690919
Hum_XLOC_045375,THP1,0.0502339909883755
Hum_XLOC_045377,THP1,0.07000748090285566
Hum_XLOC_045378,THP1,0.059068843069728205
Hum_XLOC_045379,THP1,0.07236375203029231
Hum_XLOC_045383,THP1,0.07662050612857885
Hum_XLOC_045394,THP1,0.04595433554555581
Hum_XLOC_045404,THP1,0.06639555915783771
Hum_XLOC_045406,THP1,0.048021148029930176
Hum_XLOC_045413,THP1,0.03692338271423695
Hum_XLOC_045416,THP1,0.0625618730353796
Hum_XLOC_045417,THP1,0.07769802548850684
Hum_XLOC_045418,THP1,0.033768666505058983
Hum_XLOC_045427,THP1,0.07459389983958571
Hum_XLOC_045432,THP1,0.03485828263721455
Hum_XLOC_045436,THP1,0.07699312148198387
Hum_XLOC_045441,THP1,0.0638695125948535
Hum_XLOC_045446,THP1,0.08238485932611103
Hum_XLOC_045451,THP1,0.056238943378828135
Hum_XLOC_045460,THP1,0.07082061172953338
Hum_XLOC_045469,THP1,0.07332510757060584
Hum_XLOC_045491,THP1,0.03460091660784483
Hum_XLOC_045494,THP1,0.048843241300478436
Hum_XLOC_045524,THP1,0.024628882166535134
Hum_XLOC_045527,THP1,0.09241502158716004
Hum_XLOC_045528,THP1,0.026864786884071158
Hum_XLOC_045544,THP1,0.0226104418970531
Hum_XLOC_045567,THP1,0.04581005321801332
Hum_XLOC_045569,THP1,0.01943165731333916
Hum_XLOC_045570,THP1,0.06553546163322334
Hum_XLOC_045572,THP1,0.04027639332391296
Hum_XLOC_045584,THP1,0.055175227766934086
Hum_XLOC_045588,THP1,0.0673561556798382
Hum_XLOC_045593,THP1,0.05671631670221226
Hum_XLOC_045596,THP1,0.0740825106466681
Hum_XLOC_045597,THP1,0.0475857773471862
Hum_XLOC_045612,THP1,0.06107587745931256
Hum_XLOC_045617,THP1,0.31196551483018015
Hum_XLOC_045624,THP1,0.07648429313367128
Hum_XLOC_045625,THP1,0.07613315391675556
Hum_XLOC_045638,THP1,0.06540868343581105
Hum_XLOC_045649,THP1,0.06925811935195395
Hum_XLOC_045650,THP1,0.08292690636740382
Hum_XLOC_045661,THP1,0.09185630130676808
Hum_XLOC_045662,THP1,0.08635995410588433
Hum_XLOC_045667,THP1,0.0617048758121289
Hum_XLOC_045674,THP1,0.047142759681665834
Hum_XLOC_045699,THP1,0.07103627645369413
Hum_XLOC_045726,THP1,0.020285539386625386
Hum_XLOC_045731,THP1,0.06630345423627898
Hum_XLOC_045735,THP1,0.029822056251704802
Hum_XLOC_045736,THP1,0.07760987582218548
Hum_XLOC_045741,THP1,0.055222684399442425
Hum_XLOC_045787,THP1,0.05941167020181483
Hum_XLOC_045809,THP1,0.0588005771593259
Hum_XLOC_045816,THP1,0.06178705109222985
Hum_XLOC_045817,THP1,0.10106373494793003
Hum_XLOC_045847,THP1,0.06983792488772939
Hum_XLOC_045868,THP1,0.06088732130980612
Hum_XLOC_045874,THP1,0.053392215077776875
Hum_XLOC_045881,THP1,0.036191373900151036
Hum_XLOC_045897,THP1,0.05726667278104806
Hum_XLOC_045903,THP1,0.05665799842394126
Hum_XLOC_045906,THP1,0.05642191510127081
Hum_XLOC_045934,THP1,0.07143236252442561
Hum_XLOC_045940,THP1,0.027213584508056395
Hum_XLOC_045946,THP1,0.027353829612263618
Hum_XLOC_045973,THP1,0.052630695956395204
Hum_XLOC_045974,THP1,0.2468941500944472
Hum_XLOC_045975,THP1,0.06147051161152662
Hum_XLOC_045982,THP1,0.06737259539149017
Hum_XLOC_045986,THP1,0.05266185402536076
Hum_XLOC_045992,THP1,0.029878135398368668
Hum_XLOC_045993,THP1,0.021681109006656134
Hum_XLOC_045995,THP1,0.02412345144180053
Hum_XLOC_046002,THP1,0.06446418961844483
Hum_XLOC_046015,THP1,0.06016915578499524
Hum_XLOC_046021,THP1,0.025865788119654842
Hum_XLOC_046036,THP1,0.060299705972234455
Hum_XLOC_046089,THP1,0.05076936172436025
Hum_XLOC_046132,THP1,0.03287394625158914
Hum_XLOC_046138,THP1,0.06178667165979673
Hum_XLOC_046153,THP1,0.02114889938810319
Hum_XLOC_046171,THP1,0.07496393482832198
Hum_XLOC_046172,THP1,0.07588122772282785
Hum_XLOC_046176,THP1,0.06262231893129527
Hum_XLOC_046191,THP1,0.04704274090005807
Hum_XLOC_046203,THP1,0.06734533884893561
Hum_XLOC_046213,THP1,0.07196204363659242
Hum_XLOC_046214,THP1,0.054725012540153335
Hum_XLOC_046222,THP1,0.07172402478577761
Hum_XLOC_046225,THP1,0.05927679438605334
Hum_XLOC_046227,THP1,0.029697808656956592
Hum_XLOC_046233,THP1,0.02609257027956283
Hum_XLOC_046286,THP1,0.062417689667900615
Hum_XLOC_046298,THP1,0.03636707284725532
Hum_XLOC_046329,THP1,0.02490630472171979
Hum_XLOC_046357,THP1,0.08184032596274864
Hum_XLOC_046373,THP1,0.03530427110712522
Hum_XLOC_046396,THP1,0.0747918388326308
Hum_XLOC_046399,THP1,0.027359139268481967
Hum_XLOC_046421,THP1,0.05422392783606957
Hum_XLOC_046428,THP1,0.07043178558933541
Hum_XLOC_046430,THP1,0.04178222507094398
Hum_XLOC_046486,THP1,0.07319480794850199
Hum_XLOC_046494,THP1,0.06917400403650355
Hum_XLOC_046509,THP1,0.07520624570205485
Hum_XLOC_046513,THP1,0.04013567058330883
Hum_XLOC_046518,THP1,0.07780308832533808
Hum_XLOC_046519,THP1,0.06270026273135264
Hum_XLOC_046535,THP1,0.06016469752964184
Hum_XLOC_046556,THP1,0.052496139609312625
Hum_XLOC_046570,THP1,0.05288188864418068
Hum_XLOC_046571,THP1,0.0633379734468963
Hum_XLOC_046592,THP1,0.05310994144699646
Hum_XLOC_046597,THP1,0.058377959137799806
Hum_XLOC_046631,THP1,0.06760049602515694
Hum_XLOC_046634,THP1,0.04597898847725856
Hum_XLOC_046685,THP1,0.06327648919534143
Hum_XLOC_046694,THP1,0.06855992674738266
Hum_XLOC_046706,THP1,0.048360564255532264
Hum_XLOC_046709,THP1,0.06512016093372014
Hum_XLOC_046740,THP1,0.048655699676684094
Hum_XLOC_046748,THP1,0.04522573269703277
Hum_XLOC_046772,THP1,0.032948106505420495
Hum_XLOC_046776,THP1,0.07303812086768771
Hum_XLOC_046777,THP1,0.08090381809856712
Hum_XLOC_046781,THP1,0.058568211587499155
Hum_XLOC_046804,THP1,0.07403545557471106
Hum_XLOC_046807,THP1,0.0827173815700549
Hum_XLOC_046817,THP1,0.04880252814773726
Hum_XLOC_046821,THP1,0.07649608867176601
Hum_XLOC_046823,THP1,0.03217457915443489
Hum_XLOC_046830,THP1,0.07944477944961065
Hum_XLOC_046838,THP1,0.03496403775371172
Hum_XLOC_046854,THP1,0.07283674491385607
Hum_XLOC_046863,THP1,0.029647584341708992
Hum_XLOC_046868,THP1,0.06035728365806449
Hum_XLOC_046870,THP1,0.045701366427325675
Hum_XLOC_046872,THP1,0.030523374584226416
Hum_XLOC_046934,THP1,0.028834976193905654
Hum_XLOC_046948,THP1,0.02106855561092915
Hum_XLOC_046951,THP1,0.06938942289388995
Hum_XLOC_046954,THP1,0.07380528170304333
Hum_XLOC_046957,THP1,0.07283472692778244
Hum_XLOC_046970,THP1,0.07291253085281646
Hum_XLOC_046971,THP1,0.07547606275980186
Hum_XLOC_046980,THP1,0.05758259797246716
Hum_XLOC_047002,THP1,0.04981391270532712
Hum_XLOC_047018,THP1,0.015912193323301065
Hum_XLOC_047020,THP1,0.04694429781039813
Hum_XLOC_047022,THP1,0.07824367330952862
Hum_XLOC_047038,THP1,0.05548290531022429
Hum_XLOC_047046,THP1,0.021016840715407187
Hum_XLOC_047071,THP1,0.04609176499028267
Hum_XLOC_047074,THP1,0.06167818702706803
Hum_XLOC_047076,THP1,0.07634368804205631
Hum_XLOC_047078,THP1,0.07545300436741424
Hum_XLOC_047080,THP1,0.0707603950264039
Hum_XLOC_047092,THP1,0.07294805869562294
Hum_XLOC_047104,THP1,0.034432332168445524
Hum_XLOC_047105,THP1,0.06018516800428317
Hum_XLOC_047119,THP1,0.07260851318256688
Hum_XLOC_047139,THP1,0.06463566312265168
Hum_XLOC_047156,THP1,0.07803314776353121
Hum_XLOC_047157,THP1,0.06096249900013302
Hum_XLOC_047182,THP1,0.061498231248671466
Hum_XLOC_047187,THP1,0.06793914543639573
Hum_XLOC_047188,THP1,0.06564623505893437
Hum_XLOC_047189,THP1,0.04999420505958246
Hum_XLOC_047194,THP1,0.033163855453250644
Hum_XLOC_047197,THP1,0.022615688838916292
Hum_XLOC_047223,THP1,0.04047189458356314
Hum_XLOC_047226,THP1,0.07886563485384028
Hum_XLOC_047230,THP1,0.07285570027805746
Hum_XLOC_047242,THP1,0.04431764878810447
Hum_XLOC_047245,THP1,0.09861960135586796
Hum_XLOC_047247,THP1,0.29208025743552896
Hum_XLOC_047313,THP1,0.04821865603224383
Hum_XLOC_047316,THP1,0.0669824968642808
Hum_XLOC_047324,THP1,0.06844432916040917
Hum_XLOC_047341,THP1,0.06771661221820015
Hum_XLOC_047370,THP1,0.03405897271421311
Hum_XLOC_047378,THP1,0.019437203617231315
Hum_XLOC_047398,THP1,0.058675212715844596
Hum_XLOC_047405,THP1,0.034447652987643955
Hum_XLOC_047418,THP1,0.04293779573388863
Hum_XLOC_047421,THP1,0.034380696966162465
Hum_XLOC_047422,THP1,0.07130083527913848
Hum_XLOC_047426,THP1,0.028452395081550074
Hum_XLOC_047454,THP1,0.06638866179627767
Hum_XLOC_047456,THP1,0.04768049238397868
Hum_XLOC_047523,THP1,0.06924556576594044
Hum_XLOC_047542,THP1,0.020967881890967675
Hum_XLOC_047543,THP1,0.06920554289046059
Hum_XLOC_047545,THP1,0.04661609544293688
Hum_XLOC_047559,THP1,0.06737049109961006
Hum_XLOC_047561,THP1,0.05130828935448664
Hum_XLOC_047573,THP1,0.04078381631210745
Hum_XLOC_047579,THP1,0.07467071472073321
Hum_XLOC_047581,THP1,0.04922903395090199
Hum_XLOC_047591,THP1,0.08380997069413337
Hum_XLOC_047596,THP1,0.027183576198305803
Hum_XLOC_047619,THP1,0.05982395199364366
Hum_XLOC_047624,THP1,0.07308641084957272
Hum_XLOC_047625,THP1,0.051255441867632694
Hum_XLOC_047648,THP1,0.07258521741999406
Hum_XLOC_047673,THP1,0.0704896432834417
Hum_XLOC_047683,THP1,0.03283637792862194
Hum_XLOC_047686,THP1,0.055595334106033206
Hum_XLOC_047687,THP1,0.0637620660456786
Hum_XLOC_047698,THP1,0.05967785109405518
Hum_XLOC_047705,THP1,0.048751559080394545
Hum_XLOC_047715,THP1,0.06792104521709053
Hum_XLOC_047716,THP1,0.024488260053602096
Hum_XLOC_047726,THP1,0.03276414826332307
Hum_XLOC_047745,THP1,0.06957548175482253
Hum_XLOC_047751,THP1,0.057353291805618566
Hum_XLOC_047759,THP1,0.031544326237811525
Hum_XLOC_047761,THP1,0.06127898132387207
Hum_XLOC_047762,THP1,0.08068985492716943
Hum_XLOC_047763,THP1,0.04569823468006791
Hum_XLOC_047794,THP1,0.041990705544815085
Hum_XLOC_047796,THP1,0.10677101587113913
Hum_XLOC_047797,THP1,0.05650957790749117
Hum_XLOC_047798,THP1,0.10675824883632953
Hum_XLOC_047801,THP1,0.0889111506119318
Hum_XLOC_047817,THP1,0.06010875084468827
Hum_XLOC_047818,THP1,0.023593110512233242
Hum_XLOC_047821,THP1,0.04718243544101333
Hum_XLOC_047835,THP1,0.055629248489904595
Hum_XLOC_047841,THP1,0.07361423438253908
Hum_XLOC_047850,THP1,0.042387513118632036
Hum_XLOC_047858,THP1,0.04023499963826979
Hum_XLOC_047879,THP1,0.07010329074150559
Hum_XLOC_047883,THP1,0.06398610938548208
Hum_XLOC_047924,THP1,0.06385192401940183
Hum_XLOC_047929,THP1,0.04143450993976993
Hum_XLOC_047934,THP1,0.07452805150670266
Hum_XLOC_047958,THP1,0.07841677126902219
Hum_XLOC_047959,THP1,0.027773452563944822
Hum_XLOC_047974,THP1,0.07804983669946243
Hum_XLOC_047977,THP1,0.08337163297228768
Hum_XLOC_047997,THP1,0.05390208602876381
Hum_XLOC_048007,THP1,0.12795277252916692
Hum_XLOC_048009,THP1,0.08411605921625176
Hum_XLOC_048010,THP1,0.07496186916208353
Hum_XLOC_048056,THP1,0.06729655146011253
Hum_XLOC_048065,THP1,0.029179321396213147
Hum_XLOC_048089,THP1,0.05433149295027863
Hum_XLOC_048091,THP1,0.07736851071341597
Hum_XLOC_048117,THP1,0.0720546261183003
Hum_XLOC_048118,THP1,0.057741118020597865
Hum_XLOC_048121,THP1,0.08600736110423952
Hum_XLOC_048131,THP1,0.039156763534314236
Hum_XLOC_048142,THP1,0.05579585985612243
Hum_XLOC_048148,THP1,0.07206902503220788
Hum_XLOC_048150,THP1,0.026487191959413993
Hum_XLOC_048158,THP1,0.050612349124144085
Hum_XLOC_048161,THP1,0.06370744453747432
Hum_XLOC_048168,THP1,0.06867173467494812
Hum_XLOC_048172,THP1,0.05822203868715506
Hum_XLOC_048188,THP1,0.079338534647139
Hum_XLOC_048193,THP1,0.028395072969949045
Hum_XLOC_048195,THP1,0.024875991397486197
Hum_XLOC_048203,THP1,0.039362199094225336
Hum_XLOC_048206,THP1,0.06216131033691239
Hum_XLOC_048219,THP1,0.06856235973484674
Hum_XLOC_048220,THP1,0.0719485323436419
Hum_XLOC_048224,THP1,0.05550275595992231
Hum_XLOC_048225,THP1,0.019793148038100308
Hum_XLOC_048228,THP1,0.07975745492198967
Hum_XLOC_048235,THP1,0.06931432505253049
Hum_XLOC_048238,THP1,0.06669144143314305
Hum_XLOC_048250,THP1,0.06891607934337397
Hum_XLOC_048253,THP1,0.06721141397494235
Hum_XLOC_048254,THP1,0.053215822175783634
Hum_XLOC_048258,THP1,0.065549655399669
Hum_XLOC_048295,THP1,0.076463502464216
Hum_XLOC_048303,THP1,0.07468399449420393
Hum_XLOC_048309,THP1,0.06283692818489911
Hum_XLOC_048333,THP1,0.024621148480067634
Hum_XLOC_048375,THP1,0.02243107906367731
Hum_XLOC_048385,THP1,0.07090535455264958
Hum_XLOC_048399,THP1,0.03420805802395017
Hum_XLOC_048400,THP1,0.08574888026159216
Hum_XLOC_048410,THP1,0.027260398793825472
Hum_XLOC_048419,THP1,0.03843105612460151
Hum_XLOC_048443,THP1,0.06087285355763321
Hum_XLOC_048448,THP1,0.0460444426921997
Hum_XLOC_048455,THP1,0.060398923735359177
Hum_XLOC_048473,THP1,0.057748476223807195
Hum_XLOC_048475,THP1,0.04248695877556297
Hum_XLOC_048480,THP1,0.07356982889843924
Hum_XLOC_048502,THP1,0.0401837582422403
Hum_XLOC_048505,THP1,0.04454586245478813
Hum_XLOC_048506,THP1,0.07012058385960258
Hum_XLOC_048520,THP1,0.021171788721450414
Hum_XLOC_048524,THP1,0.07283673275881958
Hum_XLOC_048534,THP1,0.05681078430974279
Hum_XLOC_048539,THP1,0.08138694680490864
Hum_XLOC_048541,THP1,0.023871488948053368
Hum_XLOC_048578,THP1,0.061478920873998005
Hum_XLOC_048580,THP1,0.026783418064214654
Hum_XLOC_048593,THP1,0.04795670694021851
Hum_XLOC_048626,THP1,0.02871769138004575
Hum_XLOC_048667,THP1,0.07170629933134909
Hum_XLOC_048668,THP1,0.03985003550748628
Hum_XLOC_048673,THP1,0.07726428854250775
Hum_XLOC_048687,THP1,0.03837208467768713
Hum_XLOC_048700,THP1,0.021770093843711404
Hum_XLOC_048706,THP1,0.06360260915342147
Hum_XLOC_048714,THP1,0.06694918649643164
Hum_XLOC_048716,THP1,0.058660585336301745
Hum_XLOC_048721,THP1,0.06777747512299385
Hum_XLOC_048722,THP1,0.06763356948514937
Hum_XLOC_048736,THP1,0.051081738433167795
Hum_XLOC_048737,THP1,0.082903573500735
Hum_XLOC_048739,THP1,0.0637652918389782
Hum_XLOC_048744,THP1,0.04677219495237071
Hum_XLOC_048753,THP1,0.029064911718979944
Hum_XLOC_048754,THP1,0.059136246915667365
Hum_XLOC_048776,THP1,0.07256330047259954
Hum_XLOC_048781,THP1,0.07913038402538143
Hum_XLOC_048783,THP1,0.03979868343412678
Hum_XLOC_048784,THP1,0.05184303085165186
Hum_XLOC_048789,THP1,0.03832950303232081
Hum_XLOC_048798,THP1,0.06361320405207871
Hum_XLOC_048816,THP1,0.07567072358981401
Hum_XLOC_048817,THP1,0.06251646941507127
Hum_XLOC_048840,THP1,0.024547232540458132
Hum_XLOC_048842,THP1,0.08729773953434045
Hum_XLOC_048859,THP1,0.07236186991744109
Hum_XLOC_048868,THP1,0.07250006881564283
Hum_XLOC_048891,THP1,0.07293925467607401
Hum_XLOC_048903,THP1,0.07351497099795562
Hum_XLOC_048906,THP1,0.08685224673406745
Hum_XLOC_048909,THP1,0.06397116667700779
Hum_XLOC_048935,THP1,0.04439320733739948
Hum_XLOC_048941,THP1,0.025891472732115797
Hum_XLOC_048942,THP1,0.04629359799237802
Hum_XLOC_048945,THP1,0.07102726194922201
Hum_XLOC_048957,THP1,0.023888668530905828
Hum_XLOC_048965,THP1,0.05703933383612673
Hum_XLOC_048966,THP1,0.05506326888699074
Hum_XLOC_048978,THP1,0.05989567412923265
Hum_XLOC_048988,THP1,0.02797618488036671
Hum_XLOC_048999,THP1,0.060609554771398205
Hum_XLOC_049000,THP1,0.06861328407937936
Hum_XLOC_049006,THP1,0.0459612025614883
Hum_XLOC_049007,THP1,0.07235771541072927
Hum_XLOC_049009,THP1,0.04116674911083955
Hum_XLOC_049024,THP1,0.06802268569548674
Hum_XLOC_049028,THP1,0.06891343614988263
Hum_XLOC_049037,THP1,0.061112161491835154
Hum_XLOC_049040,THP1,0.06239076663714893
Hum_XLOC_049043,THP1,0.05069267117325956
Hum_XLOC_049062,THP1,0.06521405346835031
Hum_XLOC_049063,THP1,0.07729639138959149
Hum_XLOC_049064,THP1,0.06711255761511192
Hum_XLOC_049075,THP1,0.028553364138748295
Hum_XLOC_049084,THP1,0.06120408076364655
Hum_XLOC_049094,THP1,0.08283585308542406
Hum_XLOC_049099,THP1,0.056177816622973914
Hum_XLOC_049102,THP1,0.06412324504215028
Hum_XLOC_049106,THP1,0.07233767524591266
Hum_XLOC_049109,THP1,0.0294891550048459
Hum_XLOC_049120,THP1,0.024595483265061634
Hum_XLOC_049127,THP1,0.07264042491147144
Hum_XLOC_049129,THP1,0.07469882495593116
Hum_XLOC_049179,THP1,0.07078224178372598
Hum_XLOC_049180,THP1,0.056469389514285526
Hum_XLOC_049193,THP1,0.0598154961614764
Hum_XLOC_049195,THP1,0.02676678510552913
Hum_XLOC_049198,THP1,0.026845930077330705
Hum_XLOC_049207,THP1,0.06281293687834404
Hum_XLOC_049228,THP1,0.050828115214676575
Hum_XLOC_049229,THP1,0.07394433303698025
Hum_XLOC_049235,THP1,0.04775701253281189
Hum_XLOC_049252,THP1,0.07028656291242227
Hum_XLOC_049269,THP1,0.07302968307528424
Hum_XLOC_049270,THP1,0.0538346795320618
Hum_XLOC_049275,THP1,0.10933549493547919
Hum_XLOC_049290,THP1,0.04984537868423402
Hum_XLOC_049291,THP1,0.019674807293131053
Hum_XLOC_049293,THP1,0.03539807585757371
Hum_XLOC_049298,THP1,0.063279007766124
Hum_XLOC_049317,THP1,0.07175340447090345
Hum_XLOC_049340,THP1,0.07944130050077149
Hum_XLOC_049345,THP1,0.0790050151349119
Hum_XLOC_049347,THP1,0.056925380490519484
Hum_XLOC_049360,THP1,0.030377472400118063
Hum_XLOC_049368,THP1,0.0925719276492894
Hum_XLOC_049374,THP1,0.07480628247982392
Hum_XLOC_049381,THP1,0.060157029580488124
Hum_XLOC_049398,THP1,0.05717325475110659
Hum_XLOC_049400,THP1,0.03055496519596119
Hum_XLOC_049404,THP1,0.09884746031023
Hum_XLOC_049412,THP1,0.06744285276256229
Hum_XLOC_049413,THP1,0.04728822392230428
Hum_XLOC_049438,THP1,0.08994972643046414
Hum_XLOC_049439,THP1,0.05301448405042894
Hum_XLOC_049446,THP1,0.0715809569900685
Hum_XLOC_049450,THP1,0.07020713480758357
Hum_XLOC_049457,THP1,0.061122268423963726
Hum_XLOC_049478,THP1,0.061749869306239054
Hum_XLOC_049481,THP1,0.03610002100746851
Hum_XLOC_049503,THP1,0.16568201137505345
Hum_XLOC_049540,THP1,0.056801510895259956
Hum_XLOC_049546,THP1,0.028646918770326046
Hum_XLOC_049551,THP1,0.0713299852961825
Hum_XLOC_049554,THP1,0.07822101174947894
Hum_XLOC_049559,THP1,0.07669849841339754
Hum_XLOC_049562,THP1,0.060595758188180596
Hum_XLOC_049569,THP1,0.06904501344358918
Hum_XLOC_049571,THP1,0.06625971503657176
Hum_XLOC_049600,THP1,0.07440572898736768
Hum_XLOC_049636,THP1,0.06287717291506338
Hum_XLOC_049647,THP1,0.06362912554597824
Hum_XLOC_049682,THP1,0.025700655790252706
Hum_XLOC_049683,THP1,0.06425015109642909
Hum_XLOC_049684,THP1,0.07473478143519117
Hum_XLOC_049692,THP1,0.0723145411611291
Hum_XLOC_049696,THP1,0.06050239365696555
Hum_XLOC_049699,THP1,0.07863842612171534
Hum_XLOC_049700,THP1,0.04084131602235042
Hum_XLOC_049714,THP1,0.05866916531194634
Hum_XLOC_049742,THP1,0.0276746238844537
Hum_XLOC_049746,THP1,0.04764961217726807
Hum_XLOC_049747,THP1,0.05038513492295615
Hum_XLOC_049749,THP1,0.06807328368103592
Hum_XLOC_049750,THP1,0.07625166445703202
Hum_XLOC_049769,THP1,0.07191068511039908
Hum_XLOC_049774,THP1,0.03131887384852681
Hum_XLOC_049776,THP1,0.039298806565405714
Hum_XLOC_049777,THP1,0.04735510384242698
Hum_XLOC_049783,THP1,0.024147359542422288
Hum_XLOC_049798,THP1,0.0467023562122376
Hum_XLOC_049805,THP1,0.06957920404679975
Hum_XLOC_049809,THP1,0.029195252442066263
Hum_XLOC_049810,THP1,0.06460731019439038
Hum_XLOC_049811,THP1,0.06545768088700737
Hum_XLOC_049813,THP1,0.0687779960057652
Hum_XLOC_049820,THP1,0.032038747000235575
Hum_XLOC_049832,THP1,0.030868995504956885
Hum_XLOC_049845,THP1,0.04339268395520769
Hum_XLOC_049856,THP1,0.08038244091011837
Hum_XLOC_049862,THP1,0.08098212093223768
Hum_XLOC_049882,THP1,0.022543786837470013
Hum_XLOC_049900,THP1,0.06697353554623175
Hum_XLOC_049919,THP1,0.047280166207555624
Hum_XLOC_049936,THP1,0.030675506835216023
Hum_XLOC_049940,THP1,0.3478318570239991
Hum_XLOC_049979,THP1,0.07166184996120249
Hum_XLOC_049983,THP1,0.02804687945310031
Hum_XLOC_049999,THP1,0.0773610579297773
Hum_XLOC_050007,THP1,0.0290606084535446
Hum_XLOC_050012,THP1,0.030509284209228667
Hum_XLOC_050013,THP1,0.07714105137701957
Hum_XLOC_050022,THP1,0.1491117128018274
Hum_XLOC_050027,THP1,0.04925555046886302
Hum_XLOC_050042,THP1,0.06918825132070305
Hum_XLOC_050058,THP1,0.07630987925792901
Hum_XLOC_050079,THP1,0.028763086749630008
Hum_XLOC_050085,THP1,0.07994552871284968
Hum_XLOC_050091,THP1,0.021965661742790882
Hum_XLOC_050098,THP1,0.044789215577399975
Hum_XLOC_050112,THP1,0.05300998348262108
Hum_XLOC_050117,THP1,0.06646504214077736
Hum_XLOC_050122,THP1,0.08657230926297416
Hum_XLOC_050131,THP1,0.02189770012984419
Hum_XLOC_050137,THP1,0.06608896573146955
Hum_XLOC_050142,THP1,0.032374000165963576
Hum_XLOC_050149,THP1,0.021213715965945026
Hum_XLOC_050153,THP1,0.02794713665895076
Hum_XLOC_050163,THP1,0.04713131442727012
Hum_XLOC_050164,THP1,0.03629046281798838
Hum_XLOC_050180,THP1,0.08867022414944352
Hum_XLOC_050189,THP1,0.05410612303459848
Hum_XLOC_050197,THP1,0.06069598873319769
Hum_XLOC_050204,THP1,0.06428462917936408
Hum_XLOC_050210,THP1,0.024085696356561787
Hum_XLOC_050217,THP1,0.0686519217208287
Hum_XLOC_050232,THP1,0.08099431859387655
Hum_XLOC_050256,THP1,0.0847510343102065
Hum_XLOC_050277,THP1,0.07255462452593929
Hum_XLOC_050280,THP1,0.057338210775680624
Hum_XLOC_050284,THP1,0.04234739233883354
Hum_XLOC_050306,THP1,0.03079079330518975
Hum_XLOC_050309,THP1,0.06475321713474141
Hum_XLOC_050330,THP1,0.055935465849611406
Hum_XLOC_050334,THP1,0.04943869398327606
Hum_XLOC_050350,THP1,0.020443879736445635
Hum_XLOC_050377,THP1,0.024032859161911543
Hum_XLOC_050385,THP1,0.0700630831853104
Hum_XLOC_050404,THP1,0.05812657633668766
Hum_XLOC_050428,THP1,0.0737809011507724
Hum_XLOC_050440,THP1,0.05921941061867729
Hum_XLOC_050441,THP1,0.06311221744552332
Hum_XLOC_050446,THP1,0.058109555731501686
Hum_XLOC_050451,THP1,0.05143102075984553
Hum_XLOC_050458,THP1,0.06928298888162529
Hum_XLOC_050482,THP1,0.07794699106545344
Hum_XLOC_050487,THP1,0.07726301320679016
Hum_XLOC_050494,THP1,0.07418302775017374
Hum_XLOC_050496,THP1,0.06247280495435731
Hum_XLOC_050500,THP1,0.07559126253139471
Hum_XLOC_050518,THP1,0.05640900813038861
Hum_XLOC_050544,THP1,0.05130124968918397
Hum_XLOC_050546,THP1,0.06399512349241267
Hum_XLOC_050551,THP1,0.026754682087684105
Hum_XLOC_050552,THP1,0.06251197031629502
Hum_XLOC_050561,THP1,0.07230186860244962
Hum_XLOC_050572,THP1,0.06550045217650652
Hum_XLOC_050590,THP1,0.06634823272838296
Hum_XLOC_050608,THP1,0.07749720909441543
Hum_XLOC_050613,THP1,0.0808825669849986
Hum_XLOC_050618,THP1,0.029781882756087764
Hum_XLOC_050652,THP1,0.06712871900568401
Hum_XLOC_050653,THP1,0.028794813978657095
Hum_XLOC_050654,THP1,0.04111930536301256
Hum_XLOC_050677,THP1,0.07592911283743471
Hum_XLOC_050679,THP1,0.08001829152477692
Hum_XLOC_050687,THP1,0.04525650161105223
Hum_XLOC_050689,THP1,0.051428162480241554
Hum_XLOC_050712,THP1,0.06092251798411298
Hum_XLOC_050722,THP1,0.02475817573783209
Hum_XLOC_050760,THP1,0.06899717696736254
Hum_XLOC_050761,THP1,0.043057650656714616
Hum_XLOC_050778,THP1,0.057649730752913214
Hum_XLOC_050785,THP1,0.031912447392101695
Hum_XLOC_050797,THP1,0.029148171761269832
Hum_XLOC_050802,THP1,0.021831345951510872
Hum_XLOC_050815,THP1,0.06820154742812082
Hum_XLOC_050821,THP1,0.02922886552781675
Hum_XLOC_050829,THP1,0.05654785097473799
Hum_XLOC_050838,THP1,0.06504972053309463
Hum_XLOC_050840,THP1,0.08361026620200923
Hum_XLOC_050842,THP1,0.04839769702895487
Hum_XLOC_050846,THP1,0.04540352115086634
Hum_XLOC_050862,THP1,0.07775507091183527
Hum_XLOC_050868,THP1,0.02215423883714873
Hum_XLOC_050887,THP1,0.08779031739248039
Hum_XLOC_050889,THP1,0.0782964593568679
Hum_XLOC_050890,THP1,0.05346238829157113
Hum_XLOC_050910,THP1,0.0592015281053893
Hum_XLOC_050913,THP1,0.026158725580363362
Hum_XLOC_050938,THP1,0.03813453429129096
Hum_XLOC_050980,THP1,0.03953520758423835
Hum_XLOC_051014,THP1,0.07219484201683374
Hum_XLOC_051023,THP1,0.06673069209059124
Hum_XLOC_051025,THP1,0.041522328416031706
Hum_XLOC_051034,THP1,0.03661325882001016
Hum_XLOC_051039,THP1,0.04567020307351693
Hum_XLOC_051047,THP1,0.052046302312540316
Hum_XLOC_051057,THP1,0.07934148643973456
Hum_XLOC_051107,THP1,0.06982622998647059
Hum_XLOC_051114,THP1,0.06652048257243914
Hum_XLOC_051115,THP1,0.047399238870204405
Hum_XLOC_051117,THP1,0.02346497062307505
Hum_XLOC_051122,THP1,0.04618382724040851
Hum_XLOC_051139,THP1,0.05328875456427548
Hum_XLOC_051145,THP1,0.06763802697255686
Hum_XLOC_051152,THP1,0.07096101142946126
Hum_XLOC_051153,THP1,0.06486220212365403
Hum_XLOC_051156,THP1,0.045558975197683746
Hum_XLOC_051168,THP1,0.05198456561342379
Hum_XLOC_051175,THP1,0.030457976340765414
Hum_XLOC_051189,THP1,0.06885383362050931
Hum_XLOC_051196,THP1,0.07061638721938028
Hum_XLOC_051198,THP1,0.07148952605496667
Hum_XLOC_051242,THP1,0.057880832207748166
Hum_XLOC_051249,THP1,0.048098031216071424
Hum_XLOC_051253,THP1,0.07692825356183372
Hum_XLOC_051271,THP1,0.020943931701048392
Hum_XLOC_051287,THP1,0.06764399253767674
Hum_XLOC_051298,THP1,0.06298742113018244
Hum_XLOC_051304,THP1,0.03599295924283608
Hum_XLOC_051316,THP1,0.08134123654377935
Hum_XLOC_051317,THP1,0.03625597143484788
Hum_XLOC_051322,THP1,0.07946745148635792
Hum_XLOC_051337,THP1,0.019304956557248516
Hum_XLOC_051346,THP1,0.08855510767817483
Hum_XLOC_051359,THP1,0.06554661979071796
Hum_XLOC_051360,THP1,0.06954373815925778
Hum_XLOC_051362,THP1,0.024124229246508307
Hum_XLOC_051416,THP1,0.032945672448078354
Hum_XLOC_051422,THP1,0.04661303087112479
Hum_XLOC_051432,THP1,0.07406526823508335
Hum_XLOC_051435,THP1,0.06378880296343846
Hum_XLOC_051439,THP1,0.06851575180989368
Hum_XLOC_051455,THP1,0.053455565579526194
Hum_XLOC_051459,THP1,0.07024391864300318
Hum_XLOC_051464,THP1,0.06458620998634948
Hum_XLOC_051466,THP1,0.060612372323255476
Hum_XLOC_051487,THP1,0.05818916249315802
Hum_XLOC_051495,THP1,0.02777250244467536
Hum_XLOC_051503,THP1,0.0813149804569254
Hum_XLOC_051531,THP1,0.028518707996224475
Hum_XLOC_051537,THP1,0.05385337686800442
Hum_XLOC_051541,THP1,0.026808733539804223
Hum_XLOC_051563,THP1,0.0632356642822201
Hum_XLOC_051569,THP1,0.07766007752733642
Hum_XLOC_051584,THP1,0.07679797563812761
Hum_XLOC_051596,THP1,0.05479433599281093
Hum_XLOC_051598,THP1,0.029911570500997853
Hum_XLOC_051604,THP1,0.03903439892513076
Hum_XLOC_051606,THP1,0.054528982147776045
Hum_XLOC_051607,THP1,0.057004546305643
Hum_XLOC_051628,THP1,0.08572321946659572
Hum_XLOC_051678,THP1,0.06941840847222097
Hum_XLOC_051691,THP1,0.06700735891583484
Hum_XLOC_051703,THP1,0.02763463132526689
Hum_XLOC_051715,THP1,0.05938549179149757
Hum_XLOC_051719,THP1,0.08131408298145806
Hum_XLOC_051721,THP1,0.052926344992428195
Hum_XLOC_051726,THP1,0.025681815387680336
Hum_XLOC_051728,THP1,0.07351784978830744
Hum_XLOC_051751,THP1,0.07367544925552101
Hum_XLOC_051779,THP1,0.04199445543306766
Hum_XLOC_051796,THP1,0.08774490233769049
Hum_XLOC_051797,THP1,0.052751991750684374
Hum_XLOC_051822,THP1,0.04972832970246372
Hum_XLOC_051823,THP1,0.022786661402528184
Hum_XLOC_051836,THP1,0.06467825991486736
Hum_XLOC_051842,THP1,0.04802180523124197
Hum_XLOC_051843,THP1,0.0709676562622979
Hum_XLOC_051857,THP1,0.07381387878769365
Hum_XLOC_051861,THP1,0.06786274326761581
Hum_XLOC_051862,THP1,0.027199539698817388
Hum_XLOC_051877,THP1,0.049133447865029975
Hum_XLOC_051883,THP1,0.04837373244575971
Hum_XLOC_051913,THP1,0.070101668422773
Hum_XLOC_051932,THP1,0.05891614408748401
Hum_XLOC_051954,THP1,0.06937178074096728
Hum_XLOC_051976,THP1,0.04597836568751296
Hum_XLOC_051987,THP1,0.020481607660003388
Hum_XLOC_051998,THP1,0.0756432937596114
Hum_XLOC_052001,THP1,0.02016507614374545
Hum_XLOC_052039,THP1,0.052572303094472236
Hum_XLOC_052047,THP1,0.027751905153428312
Hum_XLOC_052126,THP1,0.03759865887616008
Hum_XLOC_052145,THP1,0.15088197823633728
Hum_XLOC_052164,THP1,0.026655983199982854
Hum_XLOC_052202,THP1,0.042218026790291116
Hum_XLOC_052203,THP1,0.06408409811833218
Hum_XLOC_052207,THP1,0.04350696754713181
Hum_XLOC_052211,THP1,0.03018786539054669
Hum_XLOC_052212,THP1,0.08622928693594714
Hum_XLOC_052216,THP1,0.06400280904027542
Hum_XLOC_052218,THP1,0.07038109020726473
Hum_XLOC_052234,THP1,0.055143504295411566
Hum_XLOC_052245,THP1,0.041578661376481425
Hum_XLOC_052260,THP1,0.01818677432421048
Hum_XLOC_052265,THP1,0.030450755578486526
Hum_XLOC_052269,THP1,0.04188976429115548
Hum_XLOC_052271,THP1,0.06903776528565506
Hum_XLOC_052275,THP1,0.044554813469449506
Hum_XLOC_052285,THP1,0.022855657187210842
Hum_XLOC_052311,THP1,0.025103688004679787
Hum_XLOC_052313,THP1,0.06462862596762298
Hum_XLOC_052319,THP1,0.013788818844425408
Hum_XLOC_052329,THP1,0.03095872278657156
Hum_XLOC_052336,THP1,0.06830074642288331
Hum_XLOC_052349,THP1,0.06177059308679453
Hum_XLOC_052352,THP1,0.07971182370749348
Hum_XLOC_052354,THP1,0.06950252663509246
Hum_XLOC_052356,THP1,0.03175916050682443
Hum_XLOC_052366,THP1,0.07570654108080369
Hum_XLOC_052373,THP1,0.024651913121506122
Hum_XLOC_052381,THP1,0.07439168196382734
Hum_XLOC_052399,THP1,0.05281345318128683
Hum_XLOC_052411,THP1,0.0634117994643358
Hum_XLOC_052415,THP1,0.022836131748506384
Hum_XLOC_052422,THP1,0.03011028720780533
Hum_XLOC_052430,THP1,0.04902817202426882
Hum_XLOC_052446,THP1,0.06159121134820436
Hum_XLOC_052447,THP1,0.036550474984927285
Hum_XLOC_052449,THP1,0.030711509563246343
Hum_XLOC_052450,THP1,0.024410716271035315
Hum_XLOC_052469,THP1,0.07154978618714136
Hum_XLOC_052479,THP1,0.0770637599770902
Hum_XLOC_052489,THP1,0.04668971961932834
Hum_XLOC_052502,THP1,0.07219786949715654
Hum_XLOC_052515,THP1,0.04198289498238663
Hum_XLOC_052518,THP1,0.07595539396965521
Hum_XLOC_052522,THP1,0.041750352505354194
Hum_XLOC_052529,THP1,0.027963009844863954
Hum_XLOC_052565,THP1,0.03994424208329168
Hum_XLOC_052571,THP1,0.0547744281798638
Hum_XLOC_052576,THP1,0.0668875607259053
Hum_XLOC_052600,THP1,0.07783260024845731
Hum_XLOC_052610,THP1,0.058432271367876897
Hum_XLOC_052612,THP1,0.07712931937379411
Hum_XLOC_052614,THP1,0.07481852931215276
Hum_XLOC_052632,THP1,0.06338560263424974
Hum_XLOC_052651,THP1,0.07919968348958319
Hum_XLOC_052669,THP1,0.08185026848076349
Hum_XLOC_052672,THP1,0.0852014711377011
Hum_XLOC_052676,THP1,0.08034182009279003
Hum_XLOC_052677,THP1,0.060342734109198395
Hum_XLOC_052698,THP1,0.06850768715061112
Hum_XLOC_052703,THP1,0.026577293800712498
Hum_XLOC_052704,THP1,0.06906898096242485
Hum_XLOC_052727,THP1,0.07060995422742494
Hum_XLOC_052730,THP1,0.07172250239128944
Hum_XLOC_052742,THP1,0.06788499294780206
Hum_XLOC_052746,THP1,0.05842679178370722
Hum_XLOC_052748,THP1,0.03411571528984318
Hum_XLOC_052749,THP1,0.06835684260964114
Hum_XLOC_052753,THP1,0.07312569377508717
Hum_XLOC_052755,THP1,0.07850530323660355
Hum_XLOC_052779,THP1,0.0790169052990114
Hum_XLOC_052780,THP1,0.06989897417047365
Hum_XLOC_052784,THP1,0.0752580116306161
Hum_XLOC_052789,THP1,0.05783738023030251
Hum_XLOC_052802,THP1,0.08323926170683238
Hum_XLOC_052812,THP1,0.05317627038086221
Hum_XLOC_052833,THP1,0.08892426161816594
Hum_XLOC_052835,THP1,0.08372395996912542
Hum_XLOC_052838,THP1,0.07507967538686133
Hum_XLOC_052840,THP1,0.07510659642834033
Hum_XLOC_052847,THP1,0.04493160774933895
Hum_XLOC_052853,THP1,0.058111854007051114
Hum_XLOC_052855,THP1,0.06926121135233942
Hum_XLOC_052878,THP1,0.06653843298769152
Hum_XLOC_052887,THP1,0.060247945529560976
Hum_XLOC_052892,THP1,0.07387054362265644
Hum_XLOC_052893,THP1,0.11953664468003908
Hum_XLOC_052898,THP1,0.05322046149214633
Hum_XLOC_052902,THP1,0.07216873799106029
Hum_XLOC_052904,THP1,0.03353942130123224
Hum_XLOC_052919,THP1,0.05136513061096886
Hum_XLOC_052920,THP1,0.07985181799265563
Hum_XLOC_052943,THP1,0.07007124292696677
Hum_XLOC_052968,THP1,0.07875630313617023
Hum_XLOC_053012,THP1,0.01858107707748354
Hum_XLOC_053021,THP1,0.05491617704535762
Hum_XLOC_053038,THP1,0.0684762041148141
Hum_XLOC_053039,THP1,0.04602348903976762
Hum_XLOC_053051,THP1,0.05644944014573084
Hum_XLOC_053066,THP1,0.07316119239385177
Hum_XLOC_053115,THP1,0.04431578044976268
Hum_XLOC_053119,THP1,0.03554101643513823
Hum_XLOC_053130,THP1,0.03155027930685969
Hum_XLOC_053144,THP1,0.06386532582759813
Hum_XLOC_053177,THP1,0.0682477205789617
Hum_XLOC_053185,THP1,0.06015719154905143
Hum_XLOC_053205,THP1,0.029612434623625394
Hum_XLOC_053219,THP1,0.020900793763937938
Hum_XLOC_053234,THP1,0.04861886147976237
Hum_XLOC_053241,THP1,0.030695248203159407
Hum_XLOC_053252,THP1,0.10283964668445099
Hum_XLOC_053274,THP1,0.05262851598636376
Hum_XLOC_053304,THP1,0.07563900493873311
Hum_XLOC_053323,THP1,0.04375930330357395
Hum_XLOC_053335,THP1,0.06515447344212905
Hum_XLOC_053358,THP1,0.02981430743828151
Hum_XLOC_053391,THP1,0.06860650993885511
Hum_XLOC_053431,THP1,0.0253511114442636
Hum_XLOC_053432,THP1,0.7150624777715252
Hum_XLOC_053476,THP1,0.05427616924966101
Hum_XLOC_053499,THP1,0.03816536293490933
Hum_XLOC_053526,THP1,0.07559082107657683
Hum_XLOC_053529,THP1,0.04844346280512653
Hum_XLOC_053533,THP1,0.07166813836853421
Hum_XLOC_053538,THP1,0.026642739760997496
Hum_XLOC_053544,THP1,0.07943676624175602
Hum_XLOC_053546,THP1,0.028998182930578834
Hum_XLOC_053548,THP1,0.043790722160620334
Hum_XLOC_053555,THP1,0.03246462232710818
Hum_XLOC_053566,THP1,0.02016484626466688
Hum_XLOC_053570,THP1,0.05579365058744231
Hum_XLOC_053575,THP1,0.08237102692490961
Hum_XLOC_053591,THP1,0.028033481724418104
Hum_XLOC_053593,THP1,0.06889658523842965
Hum_XLOC_053596,THP1,0.01167112028742258
Hum_XLOC_053612,THP1,0.0444376478375405
Hum_XLOC_053653,THP1,0.039988533244467064
Hum_XLOC_053684,THP1,0.04316613506864281
Hum_XLOC_053704,THP1,0.023380434461227343
Hum_XLOC_053731,THP1,0.04799976595590263
Hum_XLOC_053738,THP1,0.0642249004978051
Hum_XLOC_053739,THP1,0.07073756551380819
Hum_XLOC_053809,THP1,0.06391959681536719
Hum_XLOC_053831,THP1,0.07377637200156795
Hum_XLOC_053856,THP1,0.1032452774100624
Hum_XLOC_053859,THP1,0.06425098521171115
Hum_XLOC_053870,THP1,0.025754349958841884
Hum_XLOC_053884,THP1,0.05963836164947052
Hum_XLOC_053890,THP1,0.0351353300522108
Hum_XLOC_053892,THP1,0.025607001556954067
Hum_XLOC_053919,THP1,0.03768482479805481
Hum_XLOC_053937,THP1,0.03528837627896809
Hum_XLOC_053961,THP1,0.04722153656944719
Hum_XLOC_053977,THP1,0.06467376983912405
Hum_XLOC_053997,THP1,0.03142875008768397
Hum_XLOC_054002,THP1,0.0610919349112931
Hum_XLOC_054005,THP1,0.05363400639685509
Hum_XLOC_054028,THP1,0.022886827324615222
Hum_XLOC_054065,THP1,0.023168738443002386
Hum_XLOC_054068,THP1,0.029739044390083565
Hum_XLOC_054101,THP1,0.03811870105706883
Hum_XLOC_054114,THP1,0.06350832511942169
Hum_XLOC_054115,THP1,0.046278159072155656
Hum_XLOC_054117,THP1,0.07259667478530768
Hum_XLOC_054123,THP1,0.04577203775595405
Hum_XLOC_054124,THP1,0.05875090164961682
Hum_XLOC_054133,THP1,0.07089781775851417
Hum_XLOC_054148,THP1,0.04977440124776629
Hum_XLOC_054166,THP1,0.03310968843808243
Hum_XLOC_054169,THP1,0.04552665188093426
Hum_XLOC_054180,THP1,0.023924250981151612
Hum_XLOC_054190,THP1,0.07281238391216305
Hum_XLOC_054221,THP1,0.019736332793348077
Hum_XLOC_054223,THP1,0.07783022089037037
Hum_XLOC_054225,THP1,0.06456553188495716
Hum_XLOC_054239,THP1,0.054979018593862894
Hum_XLOC_054266,THP1,0.07325703286067248
Hum_XLOC_054305,THP1,0.056761936327190884
Hum_XLOC_054319,THP1,0.02752416942797342
Hum_XLOC_054333,THP1,0.025943728023495545
Hum_XLOC_054359,THP1,0.08228408897379494
Hum_XLOC_054375,THP1,0.049763396055105276
Hum_XLOC_054455,THP1,0.056763152862354206
Hum_XLOC_054456,THP1,0.06178294102655284
Hum_XLOC_054471,THP1,0.021989514005204068
Hum_XLOC_054478,THP1,0.026611377635853133
Hum_XLOC_054513,THP1,0.04138928224434224
Hum_XLOC_054530,THP1,0.026146205962903145
Hum_XLOC_054532,THP1,0.05358948947060914
Hum_XLOC_054548,THP1,0.06147181218557384
Hum_XLOC_054550,THP1,0.03288327835965631
