target,cell_line,y_true,y_pred_proba
Hum_XLOC_000006,HAP1,0.0,0.019128434360027313
Hum_XLOC_000008,HAP1,0.0,0.22573764622211456
Hum_XLOC_000016,HAP1,0.0,0.12153001129627228
Hum_XLOC_000030,HAP1,0.0,0.11902192234992981
Hum_XLOC_000033,HAP1,0.0,0.11806277930736542
Hum_XLOC_000039,HAP1,0.0,0.197774276137352
Hum_XLOC_000053,HAP1,0.0,0.047434575855731964
Hum_XLOC_000057,HAP1,0.0,0.00572542380541563
Hum_XLOC_000060,HAP1,0.0,0.027900096029043198
Hum_XLOC_000080,HAP1,0.0,0.08855444937944412
Hum_XLOC_000094,HAP1,0.0,0.16690538823604584
Hum_XLOC_000100,HAP1,0.0,0.08400125801563263
Hum_XLOC_000105,HAP1,0.0,0.032823119312524796
Hum_XLOC_000107,HAP1,1.0,0.1245715469121933
Hum_XLOC_000111,HAP1,0.0,0.043984320014715195
Hum_XLOC_000134,HAP1,0.0,0.10158274322748184
Hum_XLOC_000143,HAP1,0.0,0.019897932186722755
Hum_XLOC_000145,HAP1,0.0,0.039522312581539154
Hum_XLOC_000149,HAP1,0.0,0.047822996973991394
Hum_XLOC_000155,HAP1,1.0,0.0016648599412292242
Hum_XLOC_000169,HAP1,0.0,0.01915896125137806
Hum_XLOC_000170,HAP1,0.0,0.1788480132818222
Hum_XLOC_000194,HAP1,0.0,0.0461457334458828
Hum_XLOC_000201,HAP1,0.0,0.040057260543107986
Hum_XLOC_000231,HAP1,0.0,0.22114437818527222
Hum_XLOC_000233,HAP1,0.0,0.04652903974056244
Hum_XLOC_000245,HAP1,0.0,0.08640587329864502
Hum_XLOC_000247,HAP1,0.0,0.20052573084831238
Hum_XLOC_000248,HAP1,0.0,0.14779667556285858
Hum_XLOC_000265,HAP1,0.0,0.04199036955833435
Hum_XLOC_000282,HAP1,0.0,0.14742815494537354
Hum_XLOC_000286,HAP1,0.0,0.14758524298667908
Hum_XLOC_000292,HAP1,0.0,0.04071446508169174
Hum_XLOC_000307,HAP1,1.0,0.1366194635629654
Hum_XLOC_000308,HAP1,0.0,0.11338993161916733
Hum_XLOC_000312,HAP1,0.0,0.02152418904006481
Hum_XLOC_000314,HAP1,0.0,0.0043229409493505955
Hum_XLOC_000317,HAP1,0.0,0.0522642582654953
Hum_XLOC_000319,HAP1,0.0,0.34055960178375244
Hum_XLOC_000332,HAP1,0.0,0.0074258106760680676
Hum_XLOC_000338,HAP1,0.0,0.17181076109409332
Hum_XLOC_000342,HAP1,0.0,0.1170697957277298
Hum_XLOC_000345,HAP1,0.0,0.025476789101958275
Hum_XLOC_000362,HAP1,0.0,0.0630548745393753
Hum_XLOC_000377,HAP1,0.0,0.1994214802980423
Hum_XLOC_000390,HAP1,0.0,0.032225485891103745
Hum_XLOC_000394,HAP1,0.0,0.14958441257476807
Hum_XLOC_000411,HAP1,0.0,0.06557479500770569
Hum_XLOC_000415,HAP1,0.0,0.09244741499423981
Hum_XLOC_000430,HAP1,0.0,0.007726211100816727
Hum_XLOC_000436,HAP1,0.0,0.0864846333861351
Hum_XLOC_000437,HAP1,0.0,0.0030276377219706774
Hum_XLOC_000456,HAP1,0.0,0.02169964089989662
Hum_XLOC_000461,HAP1,0.0,0.015219221822917461
Hum_XLOC_000462,HAP1,0.0,0.12025944143533707
Hum_XLOC_000465,HAP1,0.0,0.09325460344552994
Hum_XLOC_000472,HAP1,0.0,0.014283055439591408
Hum_XLOC_000474,HAP1,0.0,0.11815434694290161
Hum_XLOC_000478,HAP1,0.0,0.14252184331417084
Hum_XLOC_000486,HAP1,0.0,0.05854916572570801
Hum_XLOC_000490,HAP1,0.0,0.050089895725250244
Hum_XLOC_000498,HAP1,0.0,0.2797180116176605
Hum_XLOC_000500,HAP1,0.0,0.22931550443172455
Hum_XLOC_000510,HAP1,0.0,0.13330382108688354
Hum_XLOC_000535,HAP1,0.0,0.032014451920986176
Hum_XLOC_000540,HAP1,0.0,0.03320646286010742
Hum_XLOC_000556,HAP1,0.0,0.017626512795686722
Hum_XLOC_000574,HAP1,0.0,0.1563532054424286
Hum_XLOC_000575,HAP1,0.0,0.10691782832145691
Hum_XLOC_000582,HAP1,0.0,0.019879193976521492
Hum_XLOC_000590,HAP1,0.0,0.04120440036058426
Hum_XLOC_000601,HAP1,0.0,0.046657346189022064
Hum_XLOC_000604,HAP1,0.0,0.1827966421842575
Hum_XLOC_000608,HAP1,0.0,0.07580481469631195
Hum_XLOC_000612,HAP1,0.0,0.019848080351948738
Hum_XLOC_000636,HAP1,0.0,0.038761164993047714
Hum_XLOC_000638,HAP1,0.0,0.06454697996377945
Hum_XLOC_000641,HAP1,0.0,0.09623368829488754
Hum_XLOC_000655,HAP1,0.0,0.04163720831274986
Hum_XLOC_000668,HAP1,0.0,0.18973198533058167
Hum_XLOC_000680,HAP1,0.0,0.07235433161258698
Hum_XLOC_000681,HAP1,0.0,0.35143348574638367
Hum_XLOC_000695,HAP1,0.0,0.06620447337627411
Hum_XLOC_000702,HAP1,0.0,0.21241307258605957
Hum_XLOC_000726,HAP1,0.0,0.13424448668956757
Hum_XLOC_000727,HAP1,0.0,0.001213996671140194
Hum_XLOC_000758,HAP1,0.0,0.03383176401257515
Hum_XLOC_000773,HAP1,0.0,0.1541796177625656
Hum_XLOC_000774,HAP1,0.0,0.10122140496969223
Hum_XLOC_000797,HAP1,0.0,0.17263948917388916
Hum_XLOC_000799,HAP1,0.0,0.13494853675365448
Hum_XLOC_000800,HAP1,0.0,0.0320519395172596
Hum_XLOC_000807,HAP1,0.0,0.04879971221089363
Hum_XLOC_000818,HAP1,0.0,0.02367599867284298
Hum_XLOC_000828,HAP1,0.0,0.0415479801595211
Hum_XLOC_000831,HAP1,0.0,0.019087884575128555
Hum_XLOC_000835,HAP1,0.0,0.0755106583237648
Hum_XLOC_000840,HAP1,0.0,0.05217626318335533
Hum_XLOC_000841,HAP1,0.0,0.24078595638275146
Hum_XLOC_000842,HAP1,0.0,0.008840312249958515
Hum_XLOC_000854,HAP1,0.0,0.07245567440986633
Hum_XLOC_000855,HAP1,0.0,0.012730124406516552
Hum_XLOC_000883,HAP1,0.0,0.034273866564035416
Hum_XLOC_000885,HAP1,0.0,0.006018809974193573
Hum_XLOC_000905,HAP1,0.0,0.016712060198187828
Hum_XLOC_000917,HAP1,0.0,0.027875857427716255
Hum_XLOC_000925,HAP1,0.0,0.08922778069972992
Hum_XLOC_000944,HAP1,0.0,0.006725040264427662
Hum_XLOC_000949,HAP1,0.0,0.0025233174674212933
Hum_XLOC_000953,HAP1,0.0,0.014900993555784225
Hum_XLOC_000964,HAP1,0.0,0.03339145705103874
Hum_XLOC_000990,HAP1,0.0,0.010977237485349178
Hum_XLOC_000994,HAP1,0.0,0.019974280148744583
Hum_XLOC_001020,HAP1,0.0,0.06791302561759949
Hum_XLOC_001029,HAP1,0.0,0.19024166464805603
Hum_XLOC_001066,HAP1,1.0,0.05726252496242523
Hum_XLOC_001120,HAP1,0.0,0.009351498447358608
Hum_XLOC_001121,HAP1,0.0,0.16344602406024933
Hum_XLOC_001122,HAP1,0.0,0.1042570248246193
Hum_XLOC_001125,HAP1,0.0,0.12436318397521973
Hum_XLOC_001132,HAP1,0.0,0.07549062371253967
Hum_XLOC_001138,HAP1,0.0,0.06914809346199036
Hum_XLOC_001144,HAP1,0.0,0.07315570116043091
Hum_XLOC_001146,HAP1,0.0,0.09178996831178665
Hum_XLOC_001188,HAP1,0.0,0.020130805671215057
Hum_XLOC_001191,HAP1,0.0,0.008263508789241314
Hum_XLOC_001192,HAP1,0.0,0.0248104277998209
Hum_XLOC_001217,HAP1,0.0,0.014617283828556538
Hum_XLOC_001222,HAP1,0.0,0.18733344972133636
Hum_XLOC_001228,HAP1,0.0,0.03813619539141655
Hum_XLOC_001230,HAP1,0.0,0.049199022352695465
Hum_XLOC_001237,HAP1,0.0,0.07738544046878815
Hum_XLOC_001243,HAP1,0.0,0.4035346508026123
Hum_XLOC_001275,HAP1,0.0,0.009175720624625683
Hum_XLOC_001279,HAP1,0.0,0.04842046648263931
Hum_XLOC_001291,HAP1,0.0,0.1885671466588974
Hum_XLOC_001296,HAP1,0.0,0.04929375275969505
Hum_XLOC_001297,HAP1,0.0,0.24248158931732178
Hum_XLOC_001309,HAP1,0.0,0.006928896065801382
Hum_XLOC_001329,HAP1,0.0,0.0177496038377285
Hum_XLOC_001330,HAP1,0.0,0.0160975344479084
Hum_XLOC_001355,HAP1,0.0,0.05491708219051361
Hum_XLOC_001366,HAP1,0.0,0.10809789597988129
Hum_XLOC_001367,HAP1,0.0,0.021889111027121544
Hum_XLOC_001375,HAP1,0.0,0.21833103895187378
Hum_XLOC_001390,HAP1,0.0,0.0851171687245369
Hum_XLOC_001405,HAP1,0.0,0.04030856490135193
Hum_XLOC_001461,HAP1,0.0,0.013896666467189789
Hum_XLOC_001465,HAP1,0.0,0.09153317660093307
Hum_XLOC_001488,HAP1,0.0,0.09362588822841644
Hum_XLOC_001490,HAP1,0.0,0.060364414006471634
Hum_XLOC_001509,HAP1,0.0,0.1855737268924713
Hum_XLOC_001516,HAP1,0.0,0.12763313949108124
Hum_XLOC_001532,HAP1,0.0,0.014469916000962257
Hum_XLOC_001539,HAP1,0.0,0.055733270943164825
Hum_XLOC_001541,HAP1,0.0,0.21460919082164764
Hum_XLOC_001542,HAP1,0.0,0.1327054351568222
Hum_XLOC_001548,HAP1,1.0,0.01861981861293316
Hum_XLOC_001559,HAP1,0.0,0.039164382964372635
Hum_XLOC_001565,HAP1,0.0,0.07123548537492752
Hum_XLOC_001566,HAP1,0.0,0.15040867030620575
Hum_XLOC_001575,HAP1,0.0,0.3158590495586395
Hum_XLOC_001580,HAP1,0.0,0.0322025865316391
Hum_XLOC_001590,HAP1,0.0,0.07165446877479553
Hum_XLOC_001615,HAP1,0.0,0.03480589762330055
Hum_XLOC_001624,HAP1,0.0,0.07000674307346344
Hum_XLOC_001639,HAP1,0.0,0.06000981479883194
Hum_XLOC_001661,HAP1,0.0,0.12508368492126465
Hum_XLOC_001666,HAP1,0.0,0.0016318371053785086
Hum_XLOC_001668,HAP1,0.0,0.0542859211564064
Hum_XLOC_001688,HAP1,0.0,0.12185987830162048
Hum_XLOC_001689,HAP1,0.0,0.21992610394954681
Hum_XLOC_001695,HAP1,0.0,0.1959383189678192
Hum_XLOC_001696,HAP1,0.0,0.06795008480548859
Hum_XLOC_001698,HAP1,0.0,0.07628543674945831
Hum_XLOC_001707,HAP1,0.0,0.10768425464630127
Hum_XLOC_001760,HAP1,0.0,0.0887584313750267
Hum_XLOC_001761,HAP1,0.0,0.04151086136698723
Hum_XLOC_001773,HAP1,0.0,0.04309840872883797
Hum_XLOC_001775,HAP1,0.0,0.13569116592407227
Hum_XLOC_001779,HAP1,0.0,0.02617465704679489
Hum_XLOC_001783,HAP1,0.0,0.06352223455905914
Hum_XLOC_001791,HAP1,0.0,0.08274081349372864
Hum_XLOC_001805,HAP1,0.0,0.03651094809174538
Hum_XLOC_001809,HAP1,0.0,0.1470395028591156
Hum_XLOC_001848,HAP1,0.0,0.10320951789617538
Hum_XLOC_001919,HAP1,1.0,0.031386598944664
Hum_XLOC_001941,HAP1,0.0,0.030059678480029106
Hum_XLOC_001942,HAP1,0.0,0.14830981194972992
Hum_XLOC_001949,HAP1,0.0,0.014387182891368866
Hum_XLOC_001950,HAP1,0.0,0.005414123181253672
Hum_XLOC_001953,HAP1,0.0,0.02129060961306095
Hum_XLOC_001957,HAP1,0.0,0.1368981897830963
Hum_XLOC_001961,HAP1,0.0,0.05592413619160652
Hum_XLOC_001969,HAP1,0.0,0.07347672432661057
Hum_XLOC_002024,HAP1,0.0,0.0480768084526062
Hum_XLOC_002028,HAP1,0.0,0.029317570850253105
Hum_XLOC_002033,HAP1,0.0,0.20061862468719482
Hum_XLOC_002036,HAP1,0.0,0.03890904784202576
Hum_XLOC_002037,HAP1,0.0,0.05940570309758186
Hum_XLOC_002041,HAP1,0.0,0.2058507651090622
Hum_XLOC_002059,HAP1,0.0,0.2119506448507309
Hum_XLOC_002061,HAP1,0.0,0.102936752140522
Hum_XLOC_002068,HAP1,0.0,0.009144498966634274
Hum_XLOC_002081,HAP1,0.0,0.11661648005247116
Hum_XLOC_002093,HAP1,0.0,0.14015382528305054
Hum_XLOC_002099,HAP1,0.0,0.15067927539348602
Hum_XLOC_002144,HAP1,0.0,0.011111486703157425
Hum_XLOC_002150,HAP1,0.0,0.004637950100004673
Hum_XLOC_002152,HAP1,0.0,0.006199952214956284
Hum_XLOC_002154,HAP1,0.0,0.036000363528728485
Hum_XLOC_002169,HAP1,0.0,0.018820427358150482
Hum_XLOC_002170,HAP1,0.0,0.1528596132993698
Hum_XLOC_002176,HAP1,0.0,0.11333072930574417
Hum_XLOC_002178,HAP1,0.0,0.060606010258197784
Hum_XLOC_002186,HAP1,1.0,0.01680426113307476
Hum_XLOC_002204,HAP1,0.0,0.06721197813749313
Hum_XLOC_002205,HAP1,0.0,0.03959593176841736
Hum_XLOC_002219,HAP1,0.0,0.06065092980861664
Hum_XLOC_002244,HAP1,0.0,0.07076521962881088
Hum_XLOC_002252,HAP1,0.0,0.22684386372566223
Hum_XLOC_002261,HAP1,0.0,0.08166009187698364
Hum_XLOC_002262,HAP1,0.0,0.009855150245130062
Hum_XLOC_002265,HAP1,0.0,0.027370529249310493
Hum_XLOC_002271,HAP1,0.0,0.0768943727016449
Hum_XLOC_002280,HAP1,0.0,0.15731342136859894
Hum_XLOC_002282,HAP1,1.0,0.020079081878066063
Hum_XLOC_002283,HAP1,0.0,0.004240020643919706
Hum_XLOC_002284,HAP1,0.0,0.06524538993835449
Hum_XLOC_002294,HAP1,0.0,0.28665152192115784
Hum_XLOC_002296,HAP1,0.0,0.02163849212229252
Hum_XLOC_002299,HAP1,0.0,0.0640081912279129
Hum_XLOC_002301,HAP1,0.0,0.06357370316982269
Hum_XLOC_002306,HAP1,0.0,0.021390562877058983
Hum_XLOC_002311,HAP1,0.0,0.07326913625001907
Hum_XLOC_002313,HAP1,1.0,0.04101468250155449
Hum_XLOC_002314,HAP1,1.0,0.024834534153342247
Hum_XLOC_002327,HAP1,0.0,0.2861837148666382
Hum_XLOC_002330,HAP1,0.0,0.09377893805503845
Hum_XLOC_002338,HAP1,0.0,0.16345442831516266
Hum_XLOC_002344,HAP1,0.0,0.028165409341454506
Hum_XLOC_002347,HAP1,0.0,0.02120949514210224
Hum_XLOC_002348,HAP1,0.0,0.007107571233063936
Hum_XLOC_002362,HAP1,0.0,0.05146133154630661
Hum_XLOC_002364,HAP1,0.0,0.10903334617614746
Hum_XLOC_002383,HAP1,0.0,0.0004116932104807347
Hum_XLOC_002386,HAP1,0.0,0.07746195793151855
Hum_XLOC_002390,HAP1,0.0,0.1605435460805893
Hum_XLOC_002394,HAP1,0.0,0.005724441260099411
Hum_XLOC_002398,HAP1,0.0,0.047175657004117966
Hum_XLOC_002399,HAP1,0.0,0.025552552193403244
Hum_XLOC_002408,HAP1,0.0,0.08877555280923843
Hum_XLOC_002414,HAP1,0.0,0.1801842600107193
Hum_XLOC_002418,HAP1,0.0,0.0027119170408695936
Hum_XLOC_002435,HAP1,1.0,0.08372173458337784
Hum_XLOC_002440,HAP1,0.0,0.22378647327423096
Hum_XLOC_002489,HAP1,0.0,0.08344589918851852
Hum_XLOC_002490,HAP1,0.0,0.00097757950425148
Hum_XLOC_002493,HAP1,0.0,0.09377958625555038
Hum_XLOC_002520,HAP1,0.0,0.025386516004800797
Hum_XLOC_002524,HAP1,0.0,0.09628590941429138
Hum_XLOC_002546,HAP1,0.0,0.14078457653522491
Hum_XLOC_002560,HAP1,0.0,0.18981362879276276
Hum_XLOC_002570,HAP1,0.0,0.04837726801633835
Hum_XLOC_002577,HAP1,0.0,0.06943110376596451
Hum_XLOC_002579,HAP1,0.0,0.03144959732890129
Hum_XLOC_002586,HAP1,0.0,0.010462991893291473
Hum_XLOC_002589,HAP1,0.0,0.026737751439213753
Hum_XLOC_002629,HAP1,0.0,0.061460621654987335
Hum_XLOC_002631,HAP1,0.0,0.416061133146286
Hum_XLOC_002635,HAP1,0.0,0.026679251343011856
Hum_XLOC_002644,HAP1,0.0,0.22659672796726227
Hum_XLOC_002646,HAP1,0.0,0.06889037042856216
Hum_XLOC_002653,HAP1,0.0,0.027639498934149742
Hum_XLOC_002681,HAP1,0.0,0.20179180800914764
Hum_XLOC_002695,HAP1,0.0,0.028664184734225273
Hum_XLOC_002702,HAP1,0.0,0.03430292382836342
Hum_XLOC_002705,HAP1,0.0,0.02555685304105282
Hum_XLOC_002711,HAP1,0.0,0.14029841125011444
Hum_XLOC_002714,HAP1,0.0,0.04242676869034767
Hum_XLOC_002717,HAP1,0.0,0.327974796295166
Hum_XLOC_002725,HAP1,0.0,0.024964407086372375
Hum_XLOC_002741,HAP1,0.0,0.002368120476603508
Hum_XLOC_002742,HAP1,1.0,0.013873939402401447
Hum_XLOC_002744,HAP1,0.0,0.007344682700932026
Hum_XLOC_002760,HAP1,0.0,0.19854962825775146
Hum_XLOC_002788,HAP1,0.0,0.12227968126535416
Hum_XLOC_002792,HAP1,0.0,0.10656047612428665
Hum_XLOC_002796,HAP1,0.0,0.08634480088949203
Hum_XLOC_002817,HAP1,0.0,0.07243664562702179
Hum_XLOC_002836,HAP1,1.0,0.266299843788147
Hum_XLOC_002844,HAP1,0.0,0.08800767362117767
Hum_XLOC_002845,HAP1,0.0,0.10683615505695343
Hum_XLOC_002859,HAP1,0.0,0.19775733351707458
Hum_XLOC_002889,HAP1,0.0,0.04131823778152466
Hum_XLOC_002911,HAP1,0.0,0.0146819232031703
Hum_XLOC_002935,HAP1,0.0,0.05576202645897865
Hum_XLOC_002937,HAP1,0.0,0.19101332128047943
Hum_XLOC_002967,HAP1,0.0,0.06306770443916321
Hum_XLOC_002983,HAP1,0.0,0.10530901700258255
Hum_XLOC_002986,HAP1,0.0,0.07805313169956207
Hum_XLOC_002990,HAP1,0.0,0.015494495630264282
Hum_XLOC_003039,HAP1,0.0,0.03966320678591728
Hum_XLOC_003061,HAP1,0.0,0.20078212022781372
Hum_XLOC_003086,HAP1,0.0,0.36969685554504395
Hum_XLOC_003099,HAP1,0.0,0.02034975215792656
Hum_XLOC_003109,HAP1,0.0,0.2559804320335388
Hum_XLOC_003128,HAP1,0.0,0.24459786713123322
Hum_XLOC_003134,HAP1,0.0,0.05408391356468201
Hum_XLOC_003137,HAP1,0.0,0.25507697463035583
Hum_XLOC_003154,HAP1,0.0,0.11679248511791229
Hum_XLOC_003155,HAP1,0.0,0.0465092733502388
Hum_XLOC_003171,HAP1,0.0,0.05264761298894882
Hum_XLOC_003209,HAP1,0.0,0.05316498130559921
Hum_XLOC_003215,HAP1,0.0,0.055462609976530075
Hum_XLOC_003221,HAP1,0.0,0.015673164278268814
Hum_XLOC_003232,HAP1,0.0,0.1317565143108368
Hum_XLOC_003268,HAP1,1.0,0.12139763683080673
Hum_XLOC_003269,HAP1,0.0,0.032565489411354065
Hum_XLOC_003286,HAP1,0.0,0.05632422864437103
Hum_XLOC_003290,HAP1,0.0,0.0012957624858245254
Hum_XLOC_003294,HAP1,0.0,0.02399112470448017
Hum_XLOC_003321,HAP1,0.0,0.13688991963863373
Hum_XLOC_003324,HAP1,0.0,0.031756363809108734
Hum_XLOC_003334,HAP1,0.0,0.10495435446500778
Hum_XLOC_003337,HAP1,0.0,0.0168943889439106
Hum_XLOC_003338,HAP1,0.0,0.04799099266529083
Hum_XLOC_003352,HAP1,0.0,0.029522283002734184
Hum_XLOC_003357,HAP1,0.0,0.04587031155824661
Hum_XLOC_003361,HAP1,0.0,0.01563010737299919
Hum_XLOC_003371,HAP1,0.0,0.024159060791134834
Hum_XLOC_003381,HAP1,0.0,0.1521167755126953
Hum_XLOC_003408,HAP1,0.0,0.016865434125065804
Hum_XLOC_003436,HAP1,0.0,0.0035778640303760767
Hum_XLOC_003440,HAP1,0.0,0.1444215178489685
Hum_XLOC_003450,HAP1,0.0,0.04602263867855072
Hum_XLOC_003466,HAP1,0.0,0.10119044780731201
Hum_XLOC_003488,HAP1,0.0,0.16010889410972595
Hum_XLOC_003491,HAP1,0.0,0.031106678768992424
Hum_XLOC_003497,HAP1,0.0,0.027394449338316917
Hum_XLOC_003498,HAP1,0.0,0.030666960403323174
Hum_XLOC_003502,HAP1,0.0,0.012469314970076084
Hum_XLOC_003518,HAP1,0.0,0.14886371791362762
Hum_XLOC_003532,HAP1,0.0,0.06628333032131195
Hum_XLOC_003543,HAP1,0.0,0.0839727446436882
Hum_XLOC_003554,HAP1,1.0,0.11352741718292236
Hum_XLOC_003563,HAP1,0.0,0.3719283640384674
Hum_XLOC_003567,HAP1,0.0,0.0782315731048584
Hum_XLOC_003568,HAP1,0.0,0.014323115348815918
Hum_XLOC_003570,HAP1,0.0,0.00649825157597661
Hum_XLOC_003571,HAP1,0.0,0.04252002015709877
Hum_XLOC_003593,HAP1,0.0,0.08499761670827866
Hum_XLOC_003594,HAP1,0.0,0.09191351383924484
Hum_XLOC_003598,HAP1,0.0,0.01625971868634224
Hum_XLOC_003626,HAP1,0.0,0.11611495912075043
Hum_XLOC_003628,HAP1,0.0,0.22766529023647308
Hum_XLOC_003630,HAP1,0.0,0.00830775685608387
Hum_XLOC_003641,HAP1,0.0,0.002742085140198469
Hum_XLOC_003662,HAP1,0.0,0.280633807182312
Hum_XLOC_003665,HAP1,0.0,0.01947152242064476
Hum_XLOC_003672,HAP1,0.0,0.0896344780921936
Hum_XLOC_003673,HAP1,0.0,0.008914967998862267
Hum_XLOC_003674,HAP1,0.0,0.06654245406389236
Hum_XLOC_003676,HAP1,0.0,0.19176745414733887
Hum_XLOC_003686,HAP1,0.0,0.07814572751522064
Hum_XLOC_003697,HAP1,0.0,0.09842537343502045
Hum_XLOC_003717,HAP1,0.0,0.022800734266638756
Hum_XLOC_003725,HAP1,0.0,0.041610971093177795
Hum_XLOC_003743,HAP1,0.0,0.08084600418806076
Hum_XLOC_003754,HAP1,0.0,0.11760971695184708
Hum_XLOC_003766,HAP1,0.0,0.02829444408416748
Hum_XLOC_003775,HAP1,0.0,0.11869294941425323
Hum_XLOC_003790,HAP1,0.0,0.18139541149139404
Hum_XLOC_003799,HAP1,0.0,0.28465214371681213
Hum_XLOC_003853,HAP1,0.0,0.0228565726429224
Hum_XLOC_003865,HAP1,0.0,0.22727452218532562
Hum_XLOC_003871,HAP1,0.0,0.07342058420181274
Hum_XLOC_003891,HAP1,0.0,0.030782591551542282
Hum_XLOC_003892,HAP1,0.0,0.10172539204359055
Hum_XLOC_003910,HAP1,0.0,0.07451224327087402
Hum_XLOC_003911,HAP1,0.0,0.015361201018095016
Hum_XLOC_003952,HAP1,0.0,0.014237964525818825
Hum_XLOC_003971,HAP1,0.0,0.08764580637216568
Hum_XLOC_003988,HAP1,0.0,0.11978507041931152
Hum_XLOC_004020,HAP1,0.0,0.13365650177001953
Hum_XLOC_004035,HAP1,0.0,0.07634297013282776
Hum_XLOC_004036,HAP1,0.0,0.023190991953015327
Hum_XLOC_004048,HAP1,0.0,0.04261058568954468
Hum_XLOC_004068,HAP1,0.0,0.04592142626643181
Hum_XLOC_004069,HAP1,0.0,0.06333387643098831
Hum_XLOC_004095,HAP1,0.0,0.012004081159830093
Hum_XLOC_004096,HAP1,0.0,0.11286792904138565
Hum_XLOC_004116,HAP1,1.0,0.04484502226114273
Hum_XLOC_004123,HAP1,0.0,0.14528153836727142
Hum_XLOC_004134,HAP1,0.0,0.025902649387717247
Hum_XLOC_004161,HAP1,0.0,0.0027505909092724323
Hum_XLOC_004168,HAP1,0.0,0.0782148614525795
Hum_XLOC_004169,HAP1,0.0,0.003315706504508853
Hum_XLOC_004177,HAP1,0.0,0.10384641587734222
Hum_XLOC_004200,HAP1,0.0,0.002123014535754919
Hum_XLOC_004201,HAP1,0.0,0.056020017713308334
Hum_XLOC_004219,HAP1,0.0,0.05708037689328194
Hum_XLOC_004226,HAP1,0.0,0.0016964030219241977
Hum_XLOC_004227,HAP1,0.0,0.01769009418785572
Hum_XLOC_004236,HAP1,1.0,0.01338447816669941
Hum_XLOC_004254,HAP1,1.0,0.16269861161708832
Hum_XLOC_004255,HAP1,0.0,0.04068117216229439
Hum_XLOC_004262,HAP1,1.0,0.18797791004180908
Hum_XLOC_004269,HAP1,0.0,0.13407307863235474
Hum_XLOC_004277,HAP1,0.0,0.07039910554885864
Hum_XLOC_004278,HAP1,0.0,0.05561060085892677
Hum_XLOC_004282,HAP1,0.0,0.0847923532128334
Hum_XLOC_004287,HAP1,0.0,0.017190512269735336
Hum_XLOC_004293,HAP1,0.0,0.03432074934244156
Hum_XLOC_004302,HAP1,0.0,0.14791949093341827
Hum_XLOC_004303,HAP1,0.0,0.055741842836141586
Hum_XLOC_004306,HAP1,0.0,0.01310467254370451
Hum_XLOC_004309,HAP1,0.0,0.06646005809307098
Hum_XLOC_004314,HAP1,0.0,0.21382920444011688
Hum_XLOC_004317,HAP1,0.0,0.17251339554786682
Hum_XLOC_004336,HAP1,0.0,0.08555800467729568
Hum_XLOC_004343,HAP1,0.0,0.03792704641819
Hum_XLOC_004350,HAP1,0.0,0.040830306708812714
Hum_XLOC_004361,HAP1,0.0,0.0562279187142849
Hum_XLOC_004363,HAP1,0.0,0.004261505324393511
Hum_XLOC_004401,HAP1,0.0,0.0013759152498096228
Hum_XLOC_004405,HAP1,1.0,0.0002573281235527247
Hum_XLOC_004407,HAP1,0.0,0.037397801876068115
Hum_XLOC_004424,HAP1,0.0,0.08538283407688141
Hum_XLOC_004437,HAP1,0.0,0.021757395938038826
Hum_XLOC_004446,HAP1,0.0,0.12515124678611755
Hum_XLOC_004457,HAP1,0.0,0.028166383504867554
Hum_XLOC_004482,HAP1,0.0,0.1516939401626587
Hum_XLOC_004502,HAP1,0.0,0.14286500215530396
Hum_XLOC_004515,HAP1,0.0,0.13414111733436584
Hum_XLOC_004529,HAP1,0.0,0.17841485142707825
Hum_XLOC_004535,HAP1,0.0,0.14341184496879578
Hum_XLOC_004553,HAP1,0.0,0.08465232700109482
Hum_XLOC_004566,HAP1,0.0,0.004593680612742901
Hum_XLOC_004567,HAP1,0.0,0.08759178966283798
Hum_XLOC_004572,HAP1,0.0,0.10386032611131668
Hum_XLOC_004578,HAP1,0.0,0.03347093239426613
Hum_XLOC_004580,HAP1,0.0,0.16841411590576172
Hum_XLOC_004581,HAP1,0.0,0.017845453694462776
Hum_XLOC_004587,HAP1,0.0,0.014522075653076172
Hum_XLOC_004600,HAP1,0.0,0.07059420645236969
Hum_XLOC_004601,HAP1,0.0,0.01893881894648075
Hum_XLOC_004607,HAP1,0.0,0.016362976282835007
Hum_XLOC_004617,HAP1,0.0,0.1304241120815277
Hum_XLOC_004619,HAP1,0.0,0.009529832750558853
Hum_XLOC_004620,HAP1,0.0,0.014537491835653782
Hum_XLOC_004632,HAP1,0.0,0.05214211717247963
Hum_XLOC_004636,HAP1,0.0,0.011576113291084766
Hum_XLOC_004652,HAP1,0.0,0.06350152939558029
Hum_XLOC_004653,HAP1,0.0,0.20258310437202454
Hum_XLOC_004657,HAP1,1.0,0.05627911910414696
Hum_XLOC_004661,HAP1,0.0,0.03433751314878464
Hum_XLOC_004683,HAP1,0.0,0.012882616370916367
Hum_XLOC_004684,HAP1,0.0,0.19374290108680725
Hum_XLOC_004688,HAP1,0.0,0.09635352343320847
Hum_XLOC_004689,HAP1,0.0,0.04193578287959099
Hum_XLOC_004705,HAP1,0.0,0.0007469348493032157
Hum_XLOC_004717,HAP1,1.0,0.12907223403453827
Hum_XLOC_004718,HAP1,0.0,0.024013349786400795
Hum_XLOC_004733,HAP1,0.0,0.16384701430797577
Hum_XLOC_004741,HAP1,0.0,0.03710377216339111
Hum_XLOC_004762,HAP1,0.0,0.1309802085161209
Hum_XLOC_004771,HAP1,0.0,0.15469014644622803
Hum_XLOC_004777,HAP1,0.0,0.08693436533212662
Hum_XLOC_004788,HAP1,1.0,0.06986438482999802
Hum_XLOC_004791,HAP1,1.0,0.06662727147340775
Hum_XLOC_004795,HAP1,0.0,0.11629772931337357
Hum_XLOC_004803,HAP1,0.0,0.05227302014827728
Hum_XLOC_004805,HAP1,0.0,0.08456216007471085
Hum_XLOC_004813,HAP1,0.0,0.13496409356594086
Hum_XLOC_004815,HAP1,0.0,0.47305721044540405
Hum_XLOC_004822,HAP1,0.0,0.18965297937393188
Hum_XLOC_004823,HAP1,1.0,0.0707038938999176
Hum_XLOC_004827,HAP1,0.0,0.022523440420627594
Hum_XLOC_004837,HAP1,0.0,0.09864246100187302
Hum_XLOC_004839,HAP1,0.0,0.05277010053396225
Hum_XLOC_004855,HAP1,0.0,0.034606967121362686
Hum_XLOC_004874,HAP1,0.0,0.04070087522268295
Hum_XLOC_004875,HAP1,0.0,0.1944025456905365
Hum_XLOC_004878,HAP1,0.0,0.012611238285899162
Hum_XLOC_004884,HAP1,0.0,0.05524054542183876
Hum_XLOC_004911,HAP1,0.0,0.26601168513298035
Hum_XLOC_004915,HAP1,1.0,0.017513815313577652
Hum_XLOC_004927,HAP1,0.0,0.009247938171029091
Hum_XLOC_004929,HAP1,0.0,0.053840477019548416
Hum_XLOC_004936,HAP1,0.0,0.027629872784018517
Hum_XLOC_004957,HAP1,0.0,0.006582742556929588
Hum_XLOC_004960,HAP1,0.0,0.025054030120372772
Hum_XLOC_004965,HAP1,0.0,0.03456979617476463
Hum_XLOC_000006,HEK293FT,0.0,0.04077944904565811
Hum_XLOC_000008,HEK293FT,0.0,0.20654445886611938
Hum_XLOC_000016,HEK293FT,0.0,0.12520906329154968
Hum_XLOC_000030,HEK293FT,0.0,0.046946119517087936
Hum_XLOC_000033,HEK293FT,0.0,0.14533260464668274
Hum_XLOC_000039,HEK293FT,0.0,0.09053090959787369
Hum_XLOC_000053,HEK293FT,0.0,0.030811753123998642
Hum_XLOC_000057,HEK293FT,0.0,0.004002938512712717
Hum_XLOC_000060,HEK293FT,0.0,0.009622935205698013
Hum_XLOC_000080,HEK293FT,0.0,0.11475159972906113
Hum_XLOC_000094,HEK293FT,0.0,0.0950327068567276
Hum_XLOC_000100,HEK293FT,1.0,0.06340531259775162
Hum_XLOC_000105,HEK293FT,0.0,0.07333898544311523
Hum_XLOC_000107,HEK293FT,0.0,0.15499405562877655
Hum_XLOC_000111,HEK293FT,0.0,0.04423217102885246
Hum_XLOC_000134,HEK293FT,0.0,0.14541253447532654
Hum_XLOC_000143,HEK293FT,0.0,0.007697023451328278
Hum_XLOC_000145,HEK293FT,0.0,0.05163456127047539
Hum_XLOC_000149,HEK293FT,0.0,0.05401919409632683
Hum_XLOC_000155,HEK293FT,0.0,0.002512179082259536
Hum_XLOC_000169,HEK293FT,0.0,0.012679637409746647
Hum_XLOC_000170,HEK293FT,0.0,0.08526426553726196
Hum_XLOC_000194,HEK293FT,0.0,0.050495751202106476
Hum_XLOC_000201,HEK293FT,0.0,0.03765679895877838
Hum_XLOC_000231,HEK293FT,0.0,0.1670505553483963
Hum_XLOC_000233,HEK293FT,0.0,0.01748691499233246
Hum_XLOC_000245,HEK293FT,1.0,0.08989886939525604
Hum_XLOC_000247,HEK293FT,0.0,0.1180420070886612
Hum_XLOC_000248,HEK293FT,0.0,0.18597660958766937
Hum_XLOC_000265,HEK293FT,0.0,0.07278374582529068
Hum_XLOC_000282,HEK293FT,0.0,0.23171383142471313
Hum_XLOC_000286,HEK293FT,0.0,0.19559109210968018
Hum_XLOC_000292,HEK293FT,0.0,0.041105687618255615
Hum_XLOC_000307,HEK293FT,0.0,0.13149362802505493
Hum_XLOC_000308,HEK293FT,0.0,0.22829359769821167
Hum_XLOC_000312,HEK293FT,0.0,0.016569431871175766
Hum_XLOC_000314,HEK293FT,0.0,0.014279866591095924
Hum_XLOC_000317,HEK293FT,0.0,0.09253735095262527
Hum_XLOC_000319,HEK293FT,0.0,0.3333479166030884
Hum_XLOC_000332,HEK293FT,0.0,0.004674539901316166
Hum_XLOC_000338,HEK293FT,0.0,0.11758534610271454
Hum_XLOC_000342,HEK293FT,0.0,0.0393286757171154
Hum_XLOC_000345,HEK293FT,0.0,0.027097063139081
Hum_XLOC_000362,HEK293FT,0.0,0.03806810453534126
Hum_XLOC_000377,HEK293FT,0.0,0.2581867575645447
Hum_XLOC_000390,HEK293FT,0.0,0.02990814857184887
Hum_XLOC_000394,HEK293FT,0.0,0.04762176051735878
Hum_XLOC_000411,HEK293FT,0.0,0.0744396522641182
Hum_XLOC_000415,HEK293FT,0.0,0.030946917831897736
Hum_XLOC_000430,HEK293FT,0.0,0.006034569349139929
Hum_XLOC_000436,HEK293FT,0.0,0.06455910205841064
Hum_XLOC_000437,HEK293FT,0.0,0.004132119473069906
Hum_XLOC_000456,HEK293FT,1.0,0.00679515628144145
Hum_XLOC_000461,HEK293FT,0.0,0.022053658962249756
Hum_XLOC_000462,HEK293FT,0.0,0.06864883750677109
Hum_XLOC_000465,HEK293FT,0.0,0.10698758065700531
Hum_XLOC_000472,HEK293FT,0.0,0.025884823873639107
Hum_XLOC_000474,HEK293FT,0.0,0.18012011051177979
Hum_XLOC_000478,HEK293FT,0.0,0.18586133420467377
Hum_XLOC_000486,HEK293FT,0.0,0.10895868390798569
Hum_XLOC_000490,HEK293FT,0.0,0.06600471585988998
Hum_XLOC_000498,HEK293FT,0.0,0.3827289938926697
Hum_XLOC_000500,HEK293FT,0.0,0.19923123717308044
Hum_XLOC_000510,HEK293FT,0.0,0.11049184203147888
Hum_XLOC_000535,HEK293FT,0.0,0.013899856247007847
Hum_XLOC_000540,HEK293FT,0.0,0.03246114030480385
Hum_XLOC_000556,HEK293FT,0.0,0.010473211295902729
Hum_XLOC_000574,HEK293FT,0.0,0.21194840967655182
Hum_XLOC_000575,HEK293FT,0.0,0.176500603556633
Hum_XLOC_000582,HEK293FT,0.0,0.04039977118372917
Hum_XLOC_000590,HEK293FT,0.0,0.044277723878622055
Hum_XLOC_000601,HEK293FT,0.0,0.0720224380493164
Hum_XLOC_000604,HEK293FT,0.0,0.23610711097717285
Hum_XLOC_000608,HEK293FT,1.0,0.11523532122373581
Hum_XLOC_000612,HEK293FT,0.0,0.01722179725766182
Hum_XLOC_000636,HEK293FT,0.0,0.026537707075476646
Hum_XLOC_000638,HEK293FT,0.0,0.1386498212814331
Hum_XLOC_000641,HEK293FT,0.0,0.05329236388206482
Hum_XLOC_000655,HEK293FT,1.0,0.08127766102552414
Hum_XLOC_000668,HEK293FT,0.0,0.2890356183052063
Hum_XLOC_000680,HEK293FT,0.0,0.03956164792180061
Hum_XLOC_000681,HEK293FT,0.0,0.5016567707061768
Hum_XLOC_000695,HEK293FT,0.0,0.06874050945043564
Hum_XLOC_000702,HEK293FT,0.0,0.18649514019489288
Hum_XLOC_000726,HEK293FT,0.0,0.07230627536773682
Hum_XLOC_000727,HEK293FT,0.0,0.0013907074462622404
Hum_XLOC_000758,HEK293FT,0.0,0.053657397627830505
Hum_XLOC_000773,HEK293FT,0.0,0.24038562178611755
Hum_XLOC_000774,HEK293FT,0.0,0.07128129154443741
Hum_XLOC_000797,HEK293FT,0.0,0.37555330991744995
Hum_XLOC_000799,HEK293FT,0.0,0.11710555106401443
Hum_XLOC_000800,HEK293FT,0.0,0.05002788081765175
Hum_XLOC_000807,HEK293FT,0.0,0.07127662003040314
Hum_XLOC_000818,HEK293FT,1.0,0.032362498342990875
Hum_XLOC_000828,HEK293FT,0.0,0.04918628931045532
Hum_XLOC_000831,HEK293FT,0.0,0.02147732488811016
Hum_XLOC_000835,HEK293FT,0.0,0.09704231470823288
Hum_XLOC_000840,HEK293FT,0.0,0.10850092768669128
Hum_XLOC_000841,HEK293FT,1.0,0.26644861698150635
Hum_XLOC_000842,HEK293FT,0.0,0.02470424957573414
Hum_XLOC_000854,HEK293FT,0.0,0.10788361728191376
Hum_XLOC_000855,HEK293FT,0.0,0.027310023084282875
Hum_XLOC_000883,HEK293FT,0.0,0.047854285687208176
Hum_XLOC_000885,HEK293FT,0.0,0.01818850077688694
Hum_XLOC_000905,HEK293FT,0.0,0.02906980738043785
Hum_XLOC_000917,HEK293FT,0.0,0.0268388818949461
Hum_XLOC_000925,HEK293FT,0.0,0.10806994885206223
Hum_XLOC_000944,HEK293FT,0.0,0.05044493079185486
Hum_XLOC_000949,HEK293FT,0.0,0.005141591187566519
Hum_XLOC_000953,HEK293FT,0.0,0.03113102912902832
Hum_XLOC_000964,HEK293FT,0.0,0.028476081788539886
Hum_XLOC_000990,HEK293FT,0.0,0.01845710352063179
Hum_XLOC_000994,HEK293FT,0.0,0.04804854467511177
Hum_XLOC_001020,HEK293FT,0.0,0.037462882697582245
Hum_XLOC_001029,HEK293FT,0.0,0.38195106387138367
Hum_XLOC_001066,HEK293FT,0.0,0.07006237655878067
Hum_XLOC_001120,HEK293FT,0.0,0.009542245417833328
Hum_XLOC_001121,HEK293FT,0.0,0.19930940866470337
Hum_XLOC_001122,HEK293FT,0.0,0.055483680218458176
Hum_XLOC_001125,HEK293FT,0.0,0.08782579004764557
Hum_XLOC_001132,HEK293FT,0.0,0.06803055852651596
Hum_XLOC_001138,HEK293FT,0.0,0.09605921059846878
Hum_XLOC_001144,HEK293FT,0.0,0.13497141003608704
Hum_XLOC_001146,HEK293FT,0.0,0.11563273519277573
Hum_XLOC_001188,HEK293FT,0.0,0.021549580618739128
Hum_XLOC_001191,HEK293FT,0.0,0.019513439387083054
Hum_XLOC_001192,HEK293FT,0.0,0.048266224563121796
Hum_XLOC_001217,HEK293FT,0.0,0.02694348618388176
Hum_XLOC_001222,HEK293FT,0.0,0.3126651644706726
Hum_XLOC_001228,HEK293FT,0.0,0.033449288457632065
Hum_XLOC_001230,HEK293FT,0.0,0.10455241054296494
Hum_XLOC_001237,HEK293FT,0.0,0.12179336696863174
Hum_XLOC_001243,HEK293FT,0.0,0.43156933784484863
Hum_XLOC_001275,HEK293FT,0.0,0.006980725564062595
Hum_XLOC_001279,HEK293FT,0.0,0.20744197070598602
Hum_XLOC_001291,HEK293FT,0.0,0.23510807752609253
Hum_XLOC_001296,HEK293FT,0.0,0.05651772767305374
Hum_XLOC_001297,HEK293FT,0.0,0.36542102694511414
Hum_XLOC_001309,HEK293FT,0.0,0.005806568544358015
Hum_XLOC_001329,HEK293FT,0.0,0.025541454553604126
Hum_XLOC_001330,HEK293FT,0.0,0.018582236021757126
Hum_XLOC_001355,HEK293FT,0.0,0.09807807952165604
Hum_XLOC_001366,HEK293FT,0.0,0.14762580394744873
Hum_XLOC_001367,HEK293FT,0.0,0.03822352737188339
Hum_XLOC_001375,HEK293FT,0.0,0.19193758070468903
Hum_XLOC_001390,HEK293FT,0.0,0.08007870614528656
Hum_XLOC_001405,HEK293FT,0.0,0.044736284762620926
Hum_XLOC_001461,HEK293FT,0.0,0.020536154508590698
Hum_XLOC_001465,HEK293FT,0.0,0.11087383329868317
Hum_XLOC_001488,HEK293FT,0.0,0.05140524357557297
Hum_XLOC_001490,HEK293FT,0.0,0.02810777723789215
Hum_XLOC_001509,HEK293FT,0.0,0.12442195415496826
Hum_XLOC_001516,HEK293FT,0.0,0.10209839046001434
Hum_XLOC_001532,HEK293FT,0.0,0.07358521223068237
Hum_XLOC_001539,HEK293FT,0.0,0.14984031021595
Hum_XLOC_001541,HEK293FT,0.0,0.3397998511791229
Hum_XLOC_001542,HEK293FT,0.0,0.07656445354223251
Hum_XLOC_001548,HEK293FT,0.0,0.013125964440405369
Hum_XLOC_001559,HEK293FT,0.0,0.08286289125680923
Hum_XLOC_001565,HEK293FT,0.0,0.04669339954853058
Hum_XLOC_001566,HEK293FT,0.0,0.1800239533185959
Hum_XLOC_001575,HEK293FT,0.0,0.3788989782333374
Hum_XLOC_001580,HEK293FT,0.0,0.03641803190112114
Hum_XLOC_001590,HEK293FT,0.0,0.10876564681529999
Hum_XLOC_001615,HEK293FT,0.0,0.011661349795758724
Hum_XLOC_001624,HEK293FT,0.0,0.1412976086139679
Hum_XLOC_001639,HEK293FT,0.0,0.08019690960645676
Hum_XLOC_001661,HEK293FT,0.0,0.07671017199754715
Hum_XLOC_001666,HEK293FT,0.0,0.004000181332230568
Hum_XLOC_001668,HEK293FT,0.0,0.07280939817428589
Hum_XLOC_001688,HEK293FT,0.0,0.15073364973068237
Hum_XLOC_001689,HEK293FT,0.0,0.13749615848064423
Hum_XLOC_001695,HEK293FT,0.0,0.18835783004760742
Hum_XLOC_001696,HEK293FT,0.0,0.08430365473031998
Hum_XLOC_001698,HEK293FT,0.0,0.14864450693130493
Hum_XLOC_001707,HEK293FT,0.0,0.09541231393814087
Hum_XLOC_001760,HEK293FT,0.0,0.11877869814634323
Hum_XLOC_001761,HEK293FT,0.0,0.047752708196640015
Hum_XLOC_001773,HEK293FT,0.0,0.03740721195936203
Hum_XLOC_001775,HEK293FT,0.0,0.10623273253440857
Hum_XLOC_001779,HEK293FT,0.0,0.015554632991552353
Hum_XLOC_001783,HEK293FT,0.0,0.09977977722883224
Hum_XLOC_001791,HEK293FT,0.0,0.09522951394319534
Hum_XLOC_001805,HEK293FT,0.0,0.02981557510793209
Hum_XLOC_001809,HEK293FT,0.0,0.485009104013443
Hum_XLOC_001848,HEK293FT,0.0,0.12305130064487457
Hum_XLOC_001919,HEK293FT,0.0,0.030745964497327805
Hum_XLOC_001941,HEK293FT,0.0,0.04225671663880348
Hum_XLOC_001942,HEK293FT,0.0,0.152945876121521
Hum_XLOC_001949,HEK293FT,0.0,0.042701851576566696
Hum_XLOC_001950,HEK293FT,0.0,0.002075523603707552
Hum_XLOC_001953,HEK293FT,0.0,0.052441827952861786
Hum_XLOC_001957,HEK293FT,0.0,0.142255499958992
Hum_XLOC_001961,HEK293FT,0.0,0.04725393280386925
Hum_XLOC_001969,HEK293FT,0.0,0.09659126400947571
Hum_XLOC_002024,HEK293FT,0.0,0.0808153823018074
Hum_XLOC_002028,HEK293FT,0.0,0.033982180058956146
Hum_XLOC_002033,HEK293FT,0.0,0.29764410853385925
Hum_XLOC_002036,HEK293FT,0.0,0.03493769094347954
Hum_XLOC_002037,HEK293FT,0.0,0.07698820531368256
Hum_XLOC_002041,HEK293FT,0.0,0.26542389392852783
Hum_XLOC_002059,HEK293FT,0.0,0.19070649147033691
Hum_XLOC_002061,HEK293FT,0.0,0.08414175361394882
Hum_XLOC_002068,HEK293FT,0.0,0.01566687598824501
Hum_XLOC_002081,HEK293FT,0.0,0.07205446064472198
Hum_XLOC_002093,HEK293FT,0.0,0.2516357898712158
Hum_XLOC_002099,HEK293FT,0.0,0.22637657821178436
Hum_XLOC_002144,HEK293FT,0.0,0.00876525230705738
Hum_XLOC_002150,HEK293FT,0.0,0.0159800723195076
Hum_XLOC_002152,HEK293FT,0.0,0.013070298358798027
Hum_XLOC_002154,HEK293FT,0.0,0.08955048769712448
Hum_XLOC_002169,HEK293FT,1.0,0.0503908134996891
Hum_XLOC_002170,HEK293FT,0.0,0.12725642323493958
Hum_XLOC_002176,HEK293FT,0.0,0.1030738577246666
Hum_XLOC_002178,HEK293FT,0.0,0.07027563452720642
Hum_XLOC_002186,HEK293FT,0.0,0.014385897666215897
Hum_XLOC_002204,HEK293FT,1.0,0.10014782845973969
Hum_XLOC_002205,HEK293FT,1.0,0.07602239400148392
Hum_XLOC_002219,HEK293FT,1.0,0.05958528444170952
Hum_XLOC_002244,HEK293FT,0.0,0.10275135189294815
Hum_XLOC_002252,HEK293FT,0.0,0.20492279529571533
Hum_XLOC_002261,HEK293FT,0.0,0.16325406730175018
Hum_XLOC_002262,HEK293FT,0.0,0.018891416490077972
Hum_XLOC_002265,HEK293FT,0.0,0.029650988057255745
Hum_XLOC_002271,HEK293FT,0.0,0.16493649780750275
Hum_XLOC_002280,HEK293FT,0.0,0.17405620217323303
Hum_XLOC_002282,HEK293FT,0.0,0.03734533488750458
Hum_XLOC_002283,HEK293FT,0.0,0.008937523700296879
Hum_XLOC_002284,HEK293FT,0.0,0.025450028479099274
Hum_XLOC_002294,HEK293FT,0.0,0.29050520062446594
Hum_XLOC_002296,HEK293FT,0.0,0.015938399359583855
Hum_XLOC_002299,HEK293FT,0.0,0.09418998658657074
Hum_XLOC_002301,HEK293FT,0.0,0.017733201384544373
Hum_XLOC_002306,HEK293FT,0.0,0.007430404890328646
Hum_XLOC_002311,HEK293FT,1.0,0.10421041399240494
Hum_XLOC_002313,HEK293FT,0.0,0.07142730802297592
Hum_XLOC_002314,HEK293FT,0.0,0.049644697457551956
Hum_XLOC_002327,HEK293FT,0.0,0.11771951615810394
Hum_XLOC_002330,HEK293FT,0.0,0.08943168818950653
Hum_XLOC_002338,HEK293FT,0.0,0.2787499725818634
Hum_XLOC_002344,HEK293FT,0.0,0.018828557804226875
Hum_XLOC_002347,HEK293FT,0.0,0.06032997742295265
Hum_XLOC_002348,HEK293FT,0.0,0.01058061234652996
Hum_XLOC_002362,HEK293FT,0.0,0.0716797411441803
Hum_XLOC_002364,HEK293FT,0.0,0.1801760494709015
Hum_XLOC_002383,HEK293FT,0.0,0.0009230078430846334
Hum_XLOC_002386,HEK293FT,0.0,0.05334029346704483
Hum_XLOC_002390,HEK293FT,0.0,0.01815257966518402
Hum_XLOC_002394,HEK293FT,0.0,0.002495439723134041
Hum_XLOC_002398,HEK293FT,0.0,0.0625545009970665
Hum_XLOC_002399,HEK293FT,0.0,0.019758233800530434
Hum_XLOC_002408,HEK293FT,0.0,0.08884043991565704
Hum_XLOC_002414,HEK293FT,0.0,0.1836976408958435
Hum_XLOC_002418,HEK293FT,0.0,0.0022613045293837786
Hum_XLOC_002435,HEK293FT,0.0,0.19400270283222198
Hum_XLOC_002440,HEK293FT,1.0,0.26155441999435425
Hum_XLOC_002489,HEK293FT,0.0,0.20156751573085785
Hum_XLOC_002490,HEK293FT,0.0,0.0049064368940889835
Hum_XLOC_002493,HEK293FT,0.0,0.0957295149564743
Hum_XLOC_002520,HEK293FT,0.0,0.011366685852408409
Hum_XLOC_002524,HEK293FT,0.0,0.04998062923550606
Hum_XLOC_002546,HEK293FT,0.0,0.09393636882305145
Hum_XLOC_002560,HEK293FT,0.0,0.21069496870040894
Hum_XLOC_002570,HEK293FT,0.0,0.02020348608493805
Hum_XLOC_002577,HEK293FT,0.0,0.0768880546092987
Hum_XLOC_002579,HEK293FT,0.0,0.02097472921013832
Hum_XLOC_002586,HEK293FT,0.0,0.006682666949927807
Hum_XLOC_002589,HEK293FT,0.0,0.018483538180589676
Hum_XLOC_002629,HEK293FT,0.0,0.1507696658372879
Hum_XLOC_002631,HEK293FT,0.0,0.41730988025665283
Hum_XLOC_002635,HEK293FT,0.0,0.029038330540060997
Hum_XLOC_002644,HEK293FT,0.0,0.33752375841140747
Hum_XLOC_002646,HEK293FT,0.0,0.0776388943195343
Hum_XLOC_002653,HEK293FT,0.0,0.14916864037513733
Hum_XLOC_002681,HEK293FT,0.0,0.1998257040977478
Hum_XLOC_002695,HEK293FT,0.0,0.017795726656913757
Hum_XLOC_002702,HEK293FT,0.0,0.03898819163441658
Hum_XLOC_002705,HEK293FT,0.0,0.027276787906885147
Hum_XLOC_002711,HEK293FT,0.0,0.22535879909992218
Hum_XLOC_002714,HEK293FT,0.0,0.030984237790107727
Hum_XLOC_002717,HEK293FT,0.0,0.37496301531791687
Hum_XLOC_002725,HEK293FT,0.0,0.013184282928705215
Hum_XLOC_002741,HEK293FT,0.0,0.0012978448066860437
Hum_XLOC_002742,HEK293FT,0.0,0.009522706270217896
Hum_XLOC_002744,HEK293FT,0.0,0.003863642457872629
Hum_XLOC_002760,HEK293FT,0.0,0.22808244824409485
Hum_XLOC_002788,HEK293FT,0.0,0.14608977735042572
Hum_XLOC_002792,HEK293FT,1.0,0.10008253157138824
Hum_XLOC_002796,HEK293FT,0.0,0.06524581462144852
Hum_XLOC_002817,HEK293FT,0.0,0.01753123477101326
Hum_XLOC_002836,HEK293FT,0.0,0.36682426929473877
Hum_XLOC_002844,HEK293FT,1.0,0.16076228022575378
Hum_XLOC_002845,HEK293FT,0.0,0.058341097086668015
Hum_XLOC_002859,HEK293FT,0.0,0.3902834355831146
Hum_XLOC_002889,HEK293FT,0.0,0.08741126209497452
Hum_XLOC_002911,HEK293FT,0.0,0.016056876629590988
Hum_XLOC_002935,HEK293FT,0.0,0.045546166598796844
Hum_XLOC_002937,HEK293FT,0.0,0.14875653386116028
Hum_XLOC_002967,HEK293FT,0.0,0.09808617830276489
Hum_XLOC_002983,HEK293FT,0.0,0.09769642353057861
Hum_XLOC_002986,HEK293FT,0.0,0.058922190219163895
Hum_XLOC_002990,HEK293FT,0.0,0.013905059546232224
Hum_XLOC_003039,HEK293FT,0.0,0.021321285516023636
Hum_XLOC_003061,HEK293FT,0.0,0.143082395195961
Hum_XLOC_003086,HEK293FT,0.0,0.3696978986263275
Hum_XLOC_003099,HEK293FT,0.0,0.04636800289154053
Hum_XLOC_003109,HEK293FT,0.0,0.2677246630191803
Hum_XLOC_003128,HEK293FT,0.0,0.18777905404567719
Hum_XLOC_003134,HEK293FT,0.0,0.038097284734249115
Hum_XLOC_003137,HEK293FT,0.0,0.2775946855545044
Hum_XLOC_003154,HEK293FT,0.0,0.15620096027851105
Hum_XLOC_003155,HEK293FT,0.0,0.037256382405757904
Hum_XLOC_003171,HEK293FT,0.0,0.09270010888576508
Hum_XLOC_003209,HEK293FT,0.0,0.049353908747434616
Hum_XLOC_003215,HEK293FT,0.0,0.08992955833673477
Hum_XLOC_003221,HEK293FT,0.0,0.07364573329687119
Hum_XLOC_003232,HEK293FT,0.0,0.09596635401248932
Hum_XLOC_003268,HEK293FT,0.0,0.10534755140542984
Hum_XLOC_003269,HEK293FT,0.0,0.04558679088950157
Hum_XLOC_003286,HEK293FT,0.0,0.034496746957302094
Hum_XLOC_003290,HEK293FT,0.0,0.0038701300509274006
Hum_XLOC_003294,HEK293FT,0.0,0.08040662109851837
Hum_XLOC_003321,HEK293FT,0.0,0.27669328451156616
Hum_XLOC_003324,HEK293FT,0.0,0.0842372328042984
Hum_XLOC_003334,HEK293FT,0.0,0.19248443841934204
Hum_XLOC_003337,HEK293FT,0.0,0.02397610805928707
Hum_XLOC_003338,HEK293FT,0.0,0.09502729773521423
Hum_XLOC_003352,HEK293FT,0.0,0.012008113786578178
Hum_XLOC_003357,HEK293FT,0.0,0.026659414172172546
Hum_XLOC_003361,HEK293FT,0.0,0.03885676711797714
Hum_XLOC_003371,HEK293FT,0.0,0.06336703896522522
Hum_XLOC_003381,HEK293FT,0.0,0.24109435081481934
Hum_XLOC_003408,HEK293FT,0.0,0.03143877536058426
Hum_XLOC_003436,HEK293FT,0.0,0.010206409730017185
Hum_XLOC_003440,HEK293FT,0.0,0.3143065869808197
Hum_XLOC_003450,HEK293FT,0.0,0.03845180571079254
Hum_XLOC_003466,HEK293FT,0.0,0.09493085741996765
Hum_XLOC_003488,HEK293FT,0.0,0.2804078161716461
Hum_XLOC_003491,HEK293FT,0.0,0.048431046307086945
Hum_XLOC_003497,HEK293FT,0.0,0.009902849793434143
Hum_XLOC_003498,HEK293FT,0.0,0.05073484405875206
Hum_XLOC_003502,HEK293FT,0.0,0.018843961879611015
Hum_XLOC_003518,HEK293FT,0.0,0.31195634603500366
Hum_XLOC_003532,HEK293FT,0.0,0.072125144302845
Hum_XLOC_003543,HEK293FT,0.0,0.0736493468284607
Hum_XLOC_003554,HEK293FT,0.0,0.09556593745946884
Hum_XLOC_003563,HEK293FT,0.0,0.5318331122398376
Hum_XLOC_003567,HEK293FT,0.0,0.17306336760520935
Hum_XLOC_003568,HEK293FT,1.0,0.0372069850564003
Hum_XLOC_003570,HEK293FT,0.0,0.003724172245711088
Hum_XLOC_003571,HEK293FT,0.0,0.09525293111801147
Hum_XLOC_003593,HEK293FT,0.0,0.19341164827346802
Hum_XLOC_003594,HEK293FT,0.0,0.1612822413444519
Hum_XLOC_003598,HEK293FT,0.0,0.037041615694761276
Hum_XLOC_003626,HEK293FT,0.0,0.11539225280284882
Hum_XLOC_003628,HEK293FT,0.0,0.40783601999282837
Hum_XLOC_003630,HEK293FT,0.0,0.007621083874255419
Hum_XLOC_003641,HEK293FT,0.0,0.002776589710265398
Hum_XLOC_003662,HEK293FT,0.0,0.22420959174633026
Hum_XLOC_003665,HEK293FT,0.0,0.014485176652669907
Hum_XLOC_003672,HEK293FT,0.0,0.20012275874614716
Hum_XLOC_003673,HEK293FT,0.0,0.002604688750579953
Hum_XLOC_003674,HEK293FT,0.0,0.1681753247976303
Hum_XLOC_003676,HEK293FT,0.0,0.13999807834625244
Hum_XLOC_003686,HEK293FT,0.0,0.08970512449741364
Hum_XLOC_003697,HEK293FT,0.0,0.1373339593410492
Hum_XLOC_003717,HEK293FT,0.0,0.0246855691075325
Hum_XLOC_003725,HEK293FT,0.0,0.04282820597290993
Hum_XLOC_003743,HEK293FT,0.0,0.03421874716877937
Hum_XLOC_003754,HEK293FT,0.0,0.18063323199748993
Hum_XLOC_003766,HEK293FT,0.0,0.017471740022301674
Hum_XLOC_003775,HEK293FT,0.0,0.11012893170118332
Hum_XLOC_003790,HEK293FT,0.0,0.1488787978887558
Hum_XLOC_003799,HEK293FT,0.0,0.34778156876564026
Hum_XLOC_003853,HEK293FT,0.0,0.04762906953692436
Hum_XLOC_003865,HEK293FT,0.0,0.19975700974464417
Hum_XLOC_003871,HEK293FT,0.0,0.0804014727473259
Hum_XLOC_003891,HEK293FT,0.0,0.03593113273382187
Hum_XLOC_003892,HEK293FT,0.0,0.18239563703536987
Hum_XLOC_003910,HEK293FT,0.0,0.058632805943489075
Hum_XLOC_003911,HEK293FT,0.0,0.006571595091372728
Hum_XLOC_003952,HEK293FT,0.0,0.021014025434851646
Hum_XLOC_003971,HEK293FT,0.0,0.12844590842723846
Hum_XLOC_003988,HEK293FT,0.0,0.10964152216911316
Hum_XLOC_004020,HEK293FT,0.0,0.10743068158626556
Hum_XLOC_004035,HEK293FT,0.0,0.0901738628745079
Hum_XLOC_004036,HEK293FT,0.0,0.007065276615321636
Hum_XLOC_004048,HEK293FT,0.0,0.15445415675640106
Hum_XLOC_004068,HEK293FT,0.0,0.060882776975631714
Hum_XLOC_004069,HEK293FT,0.0,0.13434603810310364
Hum_XLOC_004095,HEK293FT,0.0,0.014765138737857342
Hum_XLOC_004096,HEK293FT,0.0,0.05542510375380516
Hum_XLOC_004116,HEK293FT,0.0,0.02905234321951866
Hum_XLOC_004123,HEK293FT,0.0,0.10810568928718567
Hum_XLOC_004134,HEK293FT,0.0,0.07239928096532822
Hum_XLOC_004161,HEK293FT,0.0,0.0047919596545398235
Hum_XLOC_004168,HEK293FT,0.0,0.06650665402412415
Hum_XLOC_004169,HEK293FT,0.0,0.006928686518222094
Hum_XLOC_004177,HEK293FT,0.0,0.15073981881141663
Hum_XLOC_004200,HEK293FT,0.0,0.00293954205699265
Hum_XLOC_004201,HEK293FT,0.0,0.039715856313705444
Hum_XLOC_004219,HEK293FT,1.0,0.12421274185180664
Hum_XLOC_004226,HEK293FT,0.0,0.0033157947473227978
Hum_XLOC_004227,HEK293FT,1.0,0.0189957432448864
Hum_XLOC_004236,HEK293FT,0.0,0.0401744619011879
Hum_XLOC_004254,HEK293FT,1.0,0.1496003121137619
Hum_XLOC_004255,HEK293FT,0.0,0.03257698938250542
Hum_XLOC_004262,HEK293FT,1.0,0.31748732924461365
Hum_XLOC_004269,HEK293FT,0.0,0.14056673645973206
Hum_XLOC_004277,HEK293FT,0.0,0.041949521750211716
Hum_XLOC_004278,HEK293FT,0.0,0.12773658335208893
Hum_XLOC_004282,HEK293FT,0.0,0.07537966221570969
Hum_XLOC_004287,HEK293FT,0.0,0.03803018853068352
Hum_XLOC_004293,HEK293FT,0.0,0.01813596859574318
Hum_XLOC_004302,HEK293FT,0.0,0.08782047778367996
Hum_XLOC_004303,HEK293FT,0.0,0.07773403078317642
Hum_XLOC_004306,HEK293FT,0.0,0.02323763445019722
Hum_XLOC_004309,HEK293FT,0.0,0.11209597438573837
Hum_XLOC_004314,HEK293FT,0.0,0.15469199419021606
Hum_XLOC_004317,HEK293FT,0.0,0.15166477859020233
Hum_XLOC_004336,HEK293FT,0.0,0.1667240858078003
Hum_XLOC_004343,HEK293FT,0.0,0.06733115017414093
Hum_XLOC_004350,HEK293FT,0.0,0.03581175208091736
Hum_XLOC_004361,HEK293FT,0.0,0.11564549803733826
Hum_XLOC_004363,HEK293FT,0.0,0.007110102567821741
Hum_XLOC_004401,HEK293FT,0.0,0.0014420244842767715
Hum_XLOC_004405,HEK293FT,0.0,0.0008431081078015268
Hum_XLOC_004407,HEK293FT,0.0,0.07330801337957382
Hum_XLOC_004424,HEK293FT,1.0,0.10988212376832962
Hum_XLOC_004437,HEK293FT,0.0,0.04136652126908302
Hum_XLOC_004446,HEK293FT,0.0,0.08941969275474548
Hum_XLOC_004457,HEK293FT,0.0,0.02669752575457096
Hum_XLOC_004482,HEK293FT,0.0,0.19290980696678162
Hum_XLOC_004502,HEK293FT,0.0,0.23647914826869965
Hum_XLOC_004515,HEK293FT,0.0,0.13905875384807587
Hum_XLOC_004529,HEK293FT,0.0,0.21932591497898102
Hum_XLOC_004535,HEK293FT,0.0,0.1410708874464035
Hum_XLOC_004553,HEK293FT,0.0,0.06315750628709793
Hum_XLOC_004566,HEK293FT,0.0,0.0022816695272922516
Hum_XLOC_004567,HEK293FT,0.0,0.16783583164215088
Hum_XLOC_004572,HEK293FT,0.0,0.06415200233459473
Hum_XLOC_004578,HEK293FT,0.0,0.023762667551636696
Hum_XLOC_004580,HEK293FT,0.0,0.1793457269668579
Hum_XLOC_004581,HEK293FT,0.0,0.023805130273103714
Hum_XLOC_004587,HEK293FT,0.0,0.019803399220108986
Hum_XLOC_004600,HEK293FT,0.0,0.06716889888048172
Hum_XLOC_004601,HEK293FT,1.0,0.04069426655769348
Hum_XLOC_004607,HEK293FT,0.0,0.009704941883683205
Hum_XLOC_004617,HEK293FT,0.0,0.20262910425662994
Hum_XLOC_004619,HEK293FT,0.0,0.01799008436501026
Hum_XLOC_004620,HEK293FT,0.0,0.012751675210893154
Hum_XLOC_004632,HEK293FT,0.0,0.04594549164175987
Hum_XLOC_004636,HEK293FT,1.0,0.014559811912477016
Hum_XLOC_004652,HEK293FT,0.0,0.05462589114904404
Hum_XLOC_004653,HEK293FT,0.0,0.35234352946281433
Hum_XLOC_004657,HEK293FT,1.0,0.04862911254167557
Hum_XLOC_004661,HEK293FT,0.0,0.06545577198266983
Hum_XLOC_004683,HEK293FT,0.0,0.008998886682093143
Hum_XLOC_004684,HEK293FT,0.0,0.1922789365053177
Hum_XLOC_004688,HEK293FT,0.0,0.1820477992296219
Hum_XLOC_004689,HEK293FT,0.0,0.043315768241882324
Hum_XLOC_004705,HEK293FT,0.0,0.0013132415479049087
Hum_XLOC_004717,HEK293FT,0.0,0.2519429922103882
Hum_XLOC_004718,HEK293FT,0.0,0.015638524666428566
Hum_XLOC_004733,HEK293FT,0.0,0.16578200459480286
Hum_XLOC_004741,HEK293FT,0.0,0.023147646337747574
Hum_XLOC_004762,HEK293FT,0.0,0.06794573366641998
Hum_XLOC_004771,HEK293FT,0.0,0.21774885058403015
Hum_XLOC_004777,HEK293FT,0.0,0.11120830476284027
Hum_XLOC_004788,HEK293FT,0.0,0.09969549626111984
Hum_XLOC_004791,HEK293FT,0.0,0.053946055471897125
Hum_XLOC_004795,HEK293FT,0.0,0.2217191606760025
Hum_XLOC_004803,HEK293FT,0.0,0.10998304933309555
Hum_XLOC_004805,HEK293FT,0.0,0.11343250423669815
Hum_XLOC_004813,HEK293FT,0.0,0.22283780574798584
Hum_XLOC_004815,HEK293FT,0.0,0.5235324501991272
Hum_XLOC_004822,HEK293FT,0.0,0.2648947238922119
Hum_XLOC_004823,HEK293FT,0.0,0.0984598845243454
Hum_XLOC_004827,HEK293FT,0.0,0.02797039784491062
Hum_XLOC_004837,HEK293FT,0.0,0.15259768068790436
Hum_XLOC_004839,HEK293FT,0.0,0.06955794245004654
Hum_XLOC_004855,HEK293FT,0.0,0.04450010508298874
Hum_XLOC_004874,HEK293FT,0.0,0.09444475919008255
Hum_XLOC_004875,HEK293FT,0.0,0.28620922565460205
Hum_XLOC_004878,HEK293FT,0.0,0.015927737578749657
Hum_XLOC_004884,HEK293FT,0.0,0.0699097290635109
Hum_XLOC_004911,HEK293FT,0.0,0.2937421202659607
Hum_XLOC_004915,HEK293FT,0.0,0.0045297471806406975
Hum_XLOC_004927,HEK293FT,0.0,0.00922626256942749
Hum_XLOC_004929,HEK293FT,0.0,0.018064849078655243
Hum_XLOC_004936,HEK293FT,0.0,0.03571848198771477
Hum_XLOC_004957,HEK293FT,0.0,0.005984690971672535
Hum_XLOC_004960,HEK293FT,0.0,0.027192438021302223
Hum_XLOC_004965,HEK293FT,0.0,0.012954560108482838
Hum_XLOC_000006,K562,0.0,0.03284379467368126
Hum_XLOC_000008,K562,0.0,0.1557236760854721
Hum_XLOC_000016,K562,0.0,0.44544747471809387
Hum_XLOC_000030,K562,0.0,0.8063916563987732
Hum_XLOC_000033,K562,0.0,0.44362974166870117
Hum_XLOC_000039,K562,0.0,0.6234374046325684
Hum_XLOC_000053,K562,0.0,0.19134265184402466
Hum_XLOC_000057,K562,1.0,0.08551245182752609
Hum_XLOC_000060,K562,1.0,0.1836804449558258
Hum_XLOC_000080,K562,0.0,0.21759550273418427
Hum_XLOC_000094,K562,0.0,0.6272704601287842
Hum_XLOC_000100,K562,1.0,0.2688719928264618
Hum_XLOC_000105,K562,0.0,0.09398014843463898
Hum_XLOC_000107,K562,0.0,0.04378540441393852
Hum_XLOC_000111,K562,1.0,0.11550618708133698
Hum_XLOC_000134,K562,0.0,0.08859337121248245
Hum_XLOC_000143,K562,1.0,0.34640631079673767
Hum_XLOC_000145,K562,0.0,0.1974097490310669
Hum_XLOC_000149,K562,0.0,0.17366914451122284
Hum_XLOC_000155,K562,1.0,0.0012968162773177028
Hum_XLOC_000169,K562,0.0,0.06130486726760864
Hum_XLOC_000170,K562,0.0,0.6438579559326172
Hum_XLOC_000194,K562,0.0,0.04515157267451286
Hum_XLOC_000201,K562,0.0,0.20744098722934723
Hum_XLOC_000231,K562,1.0,0.5618963241577148
Hum_XLOC_000233,K562,1.0,0.28695157170295715
Hum_XLOC_000245,K562,0.0,0.15383490920066833
Hum_XLOC_000247,K562,0.0,0.5953208804130554
Hum_XLOC_000248,K562,0.0,0.5360762476921082
Hum_XLOC_000265,K562,0.0,0.16265946626663208
Hum_XLOC_000282,K562,0.0,0.29123884439468384
Hum_XLOC_000286,K562,1.0,0.1783490628004074
Hum_XLOC_000292,K562,0.0,0.15567949414253235
Hum_XLOC_000307,K562,0.0,0.12514905631542206
Hum_XLOC_000308,K562,0.0,0.19788667559623718
Hum_XLOC_000312,K562,1.0,0.4913817048072815
Hum_XLOC_000314,K562,0.0,0.003258360316976905
Hum_XLOC_000317,K562,0.0,0.021105336025357246
Hum_XLOC_000319,K562,0.0,0.509123682975769
Hum_XLOC_000332,K562,0.0,0.0742306038737297
Hum_XLOC_000338,K562,0.0,0.19782976806163788
Hum_XLOC_000342,K562,0.0,0.737267255783081
Hum_XLOC_000345,K562,0.0,0.2553659677505493
Hum_XLOC_000362,K562,0.0,0.1305450052022934
Hum_XLOC_000377,K562,1.0,0.2336077094078064
Hum_XLOC_000390,K562,0.0,0.11269860714673996
Hum_XLOC_000394,K562,0.0,0.29091179370880127
Hum_XLOC_000411,K562,0.0,0.04742247983813286
Hum_XLOC_000415,K562,0.0,0.7589656114578247
Hum_XLOC_000430,K562,0.0,0.0014705382054671645
Hum_XLOC_000436,K562,0.0,0.17690014839172363
Hum_XLOC_000437,K562,1.0,0.17166681587696075
Hum_XLOC_000456,K562,1.0,0.039298832416534424
Hum_XLOC_000461,K562,0.0,0.2186531275510788
Hum_XLOC_000462,K562,0.0,0.1978166699409485
Hum_XLOC_000465,K562,0.0,0.07090149819850922
Hum_XLOC_000472,K562,0.0,0.034586720168590546
Hum_XLOC_000474,K562,0.0,0.2160661667585373
Hum_XLOC_000478,K562,0.0,0.5351065397262573
Hum_XLOC_000486,K562,0.0,0.0596371553838253
Hum_XLOC_000490,K562,0.0,0.1841430962085724
Hum_XLOC_000498,K562,0.0,0.26658979058265686
Hum_XLOC_000500,K562,1.0,0.5650071501731873
Hum_XLOC_000510,K562,0.0,0.36940908432006836
Hum_XLOC_000535,K562,0.0,0.1687588095664978
Hum_XLOC_000540,K562,0.0,0.04290562868118286
Hum_XLOC_000556,K562,0.0,0.0817602127790451
Hum_XLOC_000574,K562,0.0,0.19423231482505798
Hum_XLOC_000575,K562,0.0,0.07342816889286041
Hum_XLOC_000582,K562,0.0,0.12966766953468323
Hum_XLOC_000590,K562,0.0,0.03594431281089783
Hum_XLOC_000601,K562,0.0,0.07893635332584381
Hum_XLOC_000604,K562,0.0,0.1657828390598297
Hum_XLOC_000608,K562,1.0,0.22935593128204346
Hum_XLOC_000612,K562,0.0,0.028309956192970276
Hum_XLOC_000636,K562,1.0,0.029857253655791283
Hum_XLOC_000638,K562,0.0,0.27823010087013245
Hum_XLOC_000641,K562,0.0,0.050130296498537064
Hum_XLOC_000655,K562,0.0,0.10014338046312332
Hum_XLOC_000668,K562,0.0,0.18961390852928162
Hum_XLOC_000680,K562,0.0,0.07443022727966309
Hum_XLOC_000681,K562,0.0,0.5057262778282166
Hum_XLOC_000695,K562,0.0,0.03755788505077362
Hum_XLOC_000702,K562,0.0,0.411921888589859
Hum_XLOC_000726,K562,0.0,0.6305931806564331
Hum_XLOC_000727,K562,0.0,0.006769917905330658
Hum_XLOC_000758,K562,0.0,0.009143068455159664
Hum_XLOC_000773,K562,0.0,0.14582383632659912
Hum_XLOC_000774,K562,0.0,0.10314862430095673
Hum_XLOC_000797,K562,0.0,0.0944225862622261
Hum_XLOC_000799,K562,0.0,0.2024761140346527
Hum_XLOC_000800,K562,0.0,0.02198939025402069
Hum_XLOC_000807,K562,0.0,0.11022934317588806
Hum_XLOC_000818,K562,0.0,0.13219425082206726
Hum_XLOC_000828,K562,0.0,0.06599019467830658
Hum_XLOC_000831,K562,0.0,0.0018886098405346274
Hum_XLOC_000835,K562,0.0,0.13265927135944366
Hum_XLOC_000840,K562,0.0,0.04272662475705147
Hum_XLOC_000841,K562,0.0,0.18586470186710358
Hum_XLOC_000842,K562,0.0,0.003097888082265854
Hum_XLOC_000854,K562,1.0,0.04746438190340996
Hum_XLOC_000855,K562,0.0,0.020442470908164978
Hum_XLOC_000883,K562,0.0,0.02368520386517048
Hum_XLOC_000885,K562,0.0,0.0030538334976881742
Hum_XLOC_000905,K562,0.0,0.024289870634675026
Hum_XLOC_000917,K562,0.0,0.05249124765396118
Hum_XLOC_000925,K562,0.0,0.03608221560716629
Hum_XLOC_000944,K562,0.0,0.0035718290600925684
Hum_XLOC_000949,K562,0.0,0.004681140650063753
Hum_XLOC_000953,K562,0.0,0.0047176796942949295
Hum_XLOC_000964,K562,0.0,0.004868348129093647
Hum_XLOC_000990,K562,0.0,0.0010984584223479033
Hum_XLOC_000994,K562,0.0,0.00477574160322547
Hum_XLOC_001020,K562,0.0,0.04761341214179993
Hum_XLOC_001029,K562,0.0,0.14066220819950104
Hum_XLOC_001066,K562,0.0,0.01061278861016035
Hum_XLOC_001120,K562,0.0,0.016346098855137825
Hum_XLOC_001121,K562,0.0,0.17516794800758362
Hum_XLOC_001122,K562,0.0,0.15113307535648346
Hum_XLOC_001125,K562,0.0,0.291193425655365
Hum_XLOC_001132,K562,0.0,0.24171918630599976
Hum_XLOC_001138,K562,0.0,0.04621676355600357
Hum_XLOC_001144,K562,0.0,0.04885347932577133
Hum_XLOC_001146,K562,0.0,0.029550233855843544
Hum_XLOC_001188,K562,0.0,0.00614831643179059
Hum_XLOC_001191,K562,0.0,0.003920648247003555
Hum_XLOC_001192,K562,0.0,0.011231489479541779
Hum_XLOC_001217,K562,0.0,0.005165319424122572
Hum_XLOC_001222,K562,0.0,0.07548210024833679
Hum_XLOC_001228,K562,0.0,0.08724232017993927
Hum_XLOC_001230,K562,0.0,0.050105225294828415
Hum_XLOC_001237,K562,0.0,0.08274295181035995
Hum_XLOC_001243,K562,0.0,0.3144931197166443
Hum_XLOC_001275,K562,0.0,0.017873739823698997
Hum_XLOC_001279,K562,0.0,0.05132361128926277
Hum_XLOC_001291,K562,0.0,0.1803245097398758
Hum_XLOC_001296,K562,1.0,0.11563698202371597
Hum_XLOC_001297,K562,0.0,0.20629507303237915
Hum_XLOC_001309,K562,0.0,0.009989816695451736
Hum_XLOC_001329,K562,0.0,0.005398731213063002
Hum_XLOC_001330,K562,0.0,0.015370456501841545
Hum_XLOC_001355,K562,0.0,0.06200665980577469
Hum_XLOC_001366,K562,0.0,0.08895158767700195
Hum_XLOC_001367,K562,0.0,0.010626641102135181
Hum_XLOC_001375,K562,0.0,0.17798705399036407
Hum_XLOC_001390,K562,0.0,0.06629804521799088
Hum_XLOC_001405,K562,0.0,0.1359400749206543
Hum_XLOC_001461,K562,0.0,0.02324240654706955
Hum_XLOC_001465,K562,0.0,0.04992084205150604
Hum_XLOC_001488,K562,0.0,0.27292436361312866
Hum_XLOC_001490,K562,1.0,0.9142658114433289
Hum_XLOC_001509,K562,0.0,0.37523213028907776
Hum_XLOC_001516,K562,0.0,0.15926119685173035
Hum_XLOC_001532,K562,0.0,0.07584502547979355
Hum_XLOC_001539,K562,0.0,0.06107928976416588
Hum_XLOC_001541,K562,0.0,0.22632166743278503
Hum_XLOC_001542,K562,0.0,0.1674300581216812
Hum_XLOC_001548,K562,0.0,0.05214495584368706
Hum_XLOC_001559,K562,0.0,0.029095539823174477
Hum_XLOC_001565,K562,1.0,0.2507123351097107
Hum_XLOC_001566,K562,0.0,0.3705929219722748
Hum_XLOC_001575,K562,0.0,0.5795732736587524
Hum_XLOC_001580,K562,0.0,0.023558851331472397
Hum_XLOC_001590,K562,0.0,0.02878613956272602
Hum_XLOC_001615,K562,0.0,0.24002398550510406
Hum_XLOC_001624,K562,0.0,0.15022990107536316
Hum_XLOC_001639,K562,0.0,0.06605568528175354
Hum_XLOC_001661,K562,0.0,0.026782982051372528
Hum_XLOC_001666,K562,0.0,0.0009165268274955451
Hum_XLOC_001668,K562,0.0,0.03141595795750618
Hum_XLOC_001688,K562,0.0,0.021295642480254173
Hum_XLOC_001689,K562,0.0,0.10902799665927887
Hum_XLOC_001695,K562,0.0,0.27624398469924927
Hum_XLOC_001696,K562,0.0,0.07904130965471268
Hum_XLOC_001698,K562,0.0,0.0842687264084816
Hum_XLOC_001707,K562,0.0,0.10320167988538742
Hum_XLOC_001760,K562,0.0,0.060372643172740936
Hum_XLOC_001761,K562,0.0,0.048388246446847916
Hum_XLOC_001773,K562,0.0,0.05028308928012848
Hum_XLOC_001775,K562,0.0,0.05703017860651016
Hum_XLOC_001779,K562,0.0,0.3157612383365631
Hum_XLOC_001783,K562,1.0,0.06486070901155472
Hum_XLOC_001791,K562,0.0,0.06786152720451355
Hum_XLOC_001805,K562,0.0,0.055719319730997086
Hum_XLOC_001809,K562,0.0,0.0161309652030468
Hum_XLOC_001848,K562,0.0,0.0734955221414566
Hum_XLOC_001919,K562,0.0,0.008511235006153584
Hum_XLOC_001941,K562,0.0,0.006896247621625662
Hum_XLOC_001942,K562,0.0,0.1314355880022049
Hum_XLOC_001949,K562,0.0,0.010005009360611439
Hum_XLOC_001950,K562,1.0,0.006128233391791582
Hum_XLOC_001953,K562,0.0,0.009874413721263409
Hum_XLOC_001957,K562,0.0,0.04987512528896332
Hum_XLOC_001961,K562,0.0,0.1880049705505371
Hum_XLOC_001969,K562,0.0,0.05446213111281395
Hum_XLOC_002024,K562,0.0,0.02196873538196087
Hum_XLOC_002028,K562,0.0,0.022624090313911438
Hum_XLOC_002033,K562,1.0,0.16378578543663025
Hum_XLOC_002036,K562,0.0,0.1448313295841217
Hum_XLOC_002037,K562,0.0,0.26297727227211
Hum_XLOC_002041,K562,0.0,0.12999901175498962
Hum_XLOC_002059,K562,0.0,0.5288025736808777
Hum_XLOC_002061,K562,0.0,0.09829195588827133
Hum_XLOC_002068,K562,0.0,0.008572247810661793
Hum_XLOC_002081,K562,0.0,0.19816821813583374
Hum_XLOC_002093,K562,0.0,0.22411513328552246
Hum_XLOC_002099,K562,0.0,0.056254494935274124
Hum_XLOC_002144,K562,0.0,0.02954237163066864
Hum_XLOC_002150,K562,0.0,0.002941911807283759
Hum_XLOC_002152,K562,0.0,0.03167305141687393
Hum_XLOC_002154,K562,0.0,0.08771148324012756
Hum_XLOC_002169,K562,0.0,0.014712637290358543
Hum_XLOC_002170,K562,0.0,0.12187854945659637
Hum_XLOC_002176,K562,0.0,0.11946117877960205
Hum_XLOC_002178,K562,0.0,0.027980579063296318
Hum_XLOC_002186,K562,0.0,0.016863703727722168
Hum_XLOC_002204,K562,0.0,0.026510942727327347
Hum_XLOC_002205,K562,0.0,0.014834059402346611
Hum_XLOC_002219,K562,0.0,0.018031040206551552
Hum_XLOC_002244,K562,0.0,0.27883976697921753
Hum_XLOC_002252,K562,0.0,0.04187413677573204
Hum_XLOC_002261,K562,0.0,0.03420059010386467
Hum_XLOC_002262,K562,0.0,0.017041873186826706
Hum_XLOC_002265,K562,0.0,0.07980059832334518
Hum_XLOC_002271,K562,0.0,0.1272713541984558
Hum_XLOC_002280,K562,0.0,0.2323308140039444
Hum_XLOC_002282,K562,0.0,0.0067536430433392525
Hum_XLOC_002283,K562,0.0,0.0040069082751870155
Hum_XLOC_002284,K562,1.0,0.7375441789627075
Hum_XLOC_002294,K562,0.0,0.285569965839386
Hum_XLOC_002296,K562,0.0,0.01107542309910059
Hum_XLOC_002299,K562,0.0,0.22331205010414124
Hum_XLOC_002301,K562,0.0,0.5504528284072876
Hum_XLOC_002306,K562,0.0,0.2115192860364914
Hum_XLOC_002311,K562,0.0,0.03810764104127884
Hum_XLOC_002313,K562,0.0,0.12290094792842865
Hum_XLOC_002314,K562,1.0,0.1214030534029007
Hum_XLOC_002327,K562,0.0,0.52525395154953
Hum_XLOC_002330,K562,0.0,0.1973373144865036
Hum_XLOC_002338,K562,0.0,0.16804911196231842
Hum_XLOC_002344,K562,0.0,0.011172061786055565
Hum_XLOC_002347,K562,0.0,0.01577848754823208
Hum_XLOC_002348,K562,0.0,0.0014207412023097277
Hum_XLOC_002362,K562,0.0,0.04210535064339638
Hum_XLOC_002364,K562,0.0,0.05629659444093704
Hum_XLOC_002383,K562,0.0,0.0003529242821969092
Hum_XLOC_002386,K562,0.0,0.1463373452425003
Hum_XLOC_002390,K562,0.0,0.389831006526947
Hum_XLOC_002394,K562,0.0,0.014438968151807785
Hum_XLOC_002398,K562,0.0,0.01508614793419838
Hum_XLOC_002399,K562,0.0,0.034521330147981644
Hum_XLOC_002408,K562,0.0,0.017664534971117973
Hum_XLOC_002414,K562,0.0,0.15564143657684326
Hum_XLOC_002418,K562,0.0,0.0031286682933568954
Hum_XLOC_002435,K562,0.0,0.029496807605028152
Hum_XLOC_002440,K562,0.0,0.3694426119327545
Hum_XLOC_002489,K562,0.0,0.02798021398484707
Hum_XLOC_002490,K562,0.0,0.00040124994120560586
Hum_XLOC_002493,K562,0.0,0.10593082755804062
Hum_XLOC_002520,K562,0.0,0.7811651229858398
Hum_XLOC_002524,K562,0.0,0.9144542813301086
Hum_XLOC_002546,K562,0.0,0.4881904125213623
Hum_XLOC_002560,K562,0.0,0.3490675985813141
Hum_XLOC_002570,K562,0.0,0.8462138772010803
Hum_XLOC_002577,K562,0.0,0.35843706130981445
Hum_XLOC_002579,K562,0.0,0.19929668307304382
Hum_XLOC_002586,K562,0.0,0.012693297117948532
Hum_XLOC_002589,K562,1.0,0.09806361794471741
Hum_XLOC_002629,K562,0.0,0.1992156058549881
Hum_XLOC_002631,K562,0.0,0.5112882852554321
Hum_XLOC_002635,K562,0.0,0.011752345599234104
Hum_XLOC_002644,K562,0.0,0.39882251620292664
Hum_XLOC_002646,K562,0.0,0.1558704674243927
Hum_XLOC_002653,K562,0.0,0.033573828637599945
Hum_XLOC_002681,K562,0.0,0.2720716595649719
Hum_XLOC_002695,K562,0.0,0.06365552544593811
Hum_XLOC_002702,K562,0.0,0.09311246871948242
Hum_XLOC_002705,K562,1.0,0.10943876951932907
Hum_XLOC_002711,K562,0.0,0.28287792205810547
Hum_XLOC_002714,K562,0.0,0.08690640330314636
Hum_XLOC_002717,K562,0.0,0.2814319431781769
Hum_XLOC_002725,K562,0.0,0.5837271213531494
Hum_XLOC_002741,K562,0.0,0.008300707675516605
Hum_XLOC_002742,K562,0.0,0.02923477254807949
Hum_XLOC_002744,K562,0.0,0.012818533927202225
Hum_XLOC_002760,K562,0.0,0.5143540501594543
Hum_XLOC_002788,K562,0.0,0.2877928614616394
Hum_XLOC_002792,K562,0.0,0.201678067445755
Hum_XLOC_002796,K562,0.0,0.17294886708259583
Hum_XLOC_002817,K562,0.0,0.09109163284301758
Hum_XLOC_002836,K562,0.0,0.10818149894475937
Hum_XLOC_002844,K562,0.0,0.07546521723270416
Hum_XLOC_002845,K562,0.0,0.23967215418815613
Hum_XLOC_002859,K562,0.0,0.08121384680271149
Hum_XLOC_002889,K562,0.0,0.36073580384254456
Hum_XLOC_002911,K562,0.0,0.207500621676445
Hum_XLOC_002935,K562,0.0,0.02422986552119255
Hum_XLOC_002937,K562,0.0,0.3469274640083313
Hum_XLOC_002967,K562,0.0,0.07190690189599991
Hum_XLOC_002983,K562,0.0,0.15147873759269714
Hum_XLOC_002986,K562,0.0,0.49773111939430237
Hum_XLOC_002990,K562,0.0,0.03583303838968277
Hum_XLOC_003039,K562,0.0,0.010850787162780762
Hum_XLOC_003061,K562,1.0,0.40466439723968506
Hum_XLOC_003086,K562,0.0,0.4595162570476532
Hum_XLOC_003099,K562,0.0,0.025457870215177536
Hum_XLOC_003109,K562,0.0,0.4440123438835144
Hum_XLOC_003128,K562,0.0,0.4379415810108185
Hum_XLOC_003134,K562,1.0,0.11211644113063812
Hum_XLOC_003137,K562,0.0,0.1257873773574829
Hum_XLOC_003154,K562,0.0,0.09154751896858215
Hum_XLOC_003155,K562,0.0,0.1465023010969162
Hum_XLOC_003171,K562,0.0,0.07453322410583496
Hum_XLOC_003209,K562,0.0,0.08151513338088989
Hum_XLOC_003215,K562,0.0,0.23607882857322693
Hum_XLOC_003221,K562,0.0,0.0008665554341860116
Hum_XLOC_003232,K562,0.0,0.04551129788160324
Hum_XLOC_003268,K562,0.0,0.2131127268075943
Hum_XLOC_003269,K562,1.0,0.07205001264810562
Hum_XLOC_003286,K562,0.0,0.37802889943122864
Hum_XLOC_003290,K562,0.0,0.0008992801886051893
Hum_XLOC_003294,K562,0.0,0.011639371514320374
Hum_XLOC_003321,K562,0.0,0.3562280237674713
Hum_XLOC_003324,K562,0.0,0.027585603296756744
Hum_XLOC_003334,K562,0.0,0.020560329779982567
Hum_XLOC_003337,K562,0.0,0.004129867069423199
Hum_XLOC_003338,K562,0.0,0.02449893392622471
Hum_XLOC_003352,K562,0.0,0.4334990084171295
Hum_XLOC_003357,K562,0.0,0.07094068080186844
Hum_XLOC_003361,K562,0.0,0.06688749045133591
Hum_XLOC_003371,K562,0.0,0.01857374794781208
Hum_XLOC_003381,K562,0.0,0.0933447778224945
Hum_XLOC_003408,K562,0.0,0.006457047071307898
Hum_XLOC_003436,K562,0.0,0.001953225350007415
Hum_XLOC_003440,K562,0.0,0.1560278683900833
Hum_XLOC_003450,K562,1.0,0.14460159838199615
Hum_XLOC_003466,K562,0.0,0.04649215564131737
Hum_XLOC_003488,K562,0.0,0.05669684708118439
Hum_XLOC_003491,K562,0.0,0.016775017604231834
Hum_XLOC_003497,K562,0.0,0.04544629901647568
Hum_XLOC_003498,K562,0.0,0.007878558710217476
Hum_XLOC_003502,K562,0.0,0.003959215246140957
Hum_XLOC_003518,K562,0.0,0.06654158234596252
Hum_XLOC_003532,K562,0.0,0.10809316486120224
Hum_XLOC_003543,K562,0.0,0.35882484912872314
Hum_XLOC_003554,K562,0.0,0.05455925688147545
Hum_XLOC_003563,K562,0.0,0.3287854492664337
Hum_XLOC_003567,K562,0.0,0.051888804882764816
Hum_XLOC_003568,K562,0.0,0.037901561707258224
Hum_XLOC_003570,K562,0.0,0.003031174885109067
Hum_XLOC_003571,K562,0.0,0.013815418817102909
Hum_XLOC_003593,K562,0.0,0.06131584569811821
Hum_XLOC_003594,K562,0.0,0.3013968765735626
Hum_XLOC_003598,K562,0.0,0.0044051604345440865
Hum_XLOC_003626,K562,0.0,0.013606281019747257
Hum_XLOC_003628,K562,0.0,0.039365191012620926
Hum_XLOC_003630,K562,0.0,0.003752285847440362
Hum_XLOC_003641,K562,1.0,0.008453285321593285
Hum_XLOC_003662,K562,0.0,0.35961949825286865
Hum_XLOC_003665,K562,1.0,0.18517374992370605
Hum_XLOC_003672,K562,0.0,0.17435915768146515
Hum_XLOC_003673,K562,0.0,0.007768093142658472
Hum_XLOC_003674,K562,0.0,0.11347591131925583
Hum_XLOC_003676,K562,0.0,0.23415958881378174
Hum_XLOC_003686,K562,0.0,0.02659238688647747
Hum_XLOC_003697,K562,0.0,0.08499761670827866
Hum_XLOC_003717,K562,0.0,0.018558185547590256
Hum_XLOC_003725,K562,0.0,0.04432235658168793
Hum_XLOC_003743,K562,0.0,0.5393471717834473
Hum_XLOC_003754,K562,0.0,0.19564494490623474
Hum_XLOC_003766,K562,0.0,0.10746635496616364
Hum_XLOC_003775,K562,0.0,0.20478840172290802
Hum_XLOC_003790,K562,0.0,0.24585649371147156
Hum_XLOC_003799,K562,0.0,0.07963836938142776
Hum_XLOC_003853,K562,0.0,0.11691560596227646
Hum_XLOC_003865,K562,0.0,0.07208984345197678
Hum_XLOC_003871,K562,0.0,0.11004225164651871
Hum_XLOC_003891,K562,0.0,0.25615790486335754
Hum_XLOC_003892,K562,1.0,0.13208475708961487
Hum_XLOC_003910,K562,0.0,0.43183067440986633
Hum_XLOC_003911,K562,0.0,0.2156764566898346
Hum_XLOC_003952,K562,0.0,0.04947958141565323
Hum_XLOC_003971,K562,0.0,0.06472829729318619
Hum_XLOC_003988,K562,1.0,0.13248862326145172
Hum_XLOC_004020,K562,0.0,0.09219801425933838
Hum_XLOC_004035,K562,0.0,0.31528744101524353
Hum_XLOC_004036,K562,0.0,0.21324971318244934
Hum_XLOC_004048,K562,0.0,0.05246235057711601
Hum_XLOC_004068,K562,0.0,0.03028317540884018
Hum_XLOC_004069,K562,0.0,0.027355344966053963
Hum_XLOC_004095,K562,0.0,0.11032205075025558
Hum_XLOC_004096,K562,0.0,0.4696902632713318
Hum_XLOC_004116,K562,0.0,0.40937355160713196
Hum_XLOC_004123,K562,0.0,0.06215464696288109
Hum_XLOC_004134,K562,0.0,0.013709180057048798
Hum_XLOC_004161,K562,0.0,0.0031006401404738426
Hum_XLOC_004168,K562,0.0,0.043617621064186096
Hum_XLOC_004169,K562,0.0,0.004874684382230043
Hum_XLOC_004177,K562,0.0,0.2594517767429352
Hum_XLOC_004200,K562,0.0,0.021976809948682785
Hum_XLOC_004201,K562,0.0,0.05082220211625099
Hum_XLOC_004219,K562,0.0,0.04886016249656677
Hum_XLOC_004226,K562,0.0,0.006330079864710569
Hum_XLOC_004227,K562,0.0,0.018478525802493095
Hum_XLOC_004236,K562,0.0,0.004936757497489452
Hum_XLOC_004254,K562,1.0,0.4439207911491394
Hum_XLOC_004255,K562,0.0,0.07755191624164581
Hum_XLOC_004262,K562,0.0,0.15550823509693146
Hum_XLOC_004269,K562,0.0,0.06197372078895569
Hum_XLOC_004277,K562,0.0,0.03151029348373413
Hum_XLOC_004278,K562,0.0,0.006887608207762241
Hum_XLOC_004282,K562,0.0,0.23570486903190613
Hum_XLOC_004287,K562,0.0,0.00959316547960043
Hum_XLOC_004293,K562,0.0,0.07564692199230194
Hum_XLOC_004302,K562,0.0,0.37453919649124146
Hum_XLOC_004303,K562,0.0,0.08334866911172867
Hum_XLOC_004306,K562,0.0,0.009815557859838009
Hum_XLOC_004309,K562,0.0,0.31193917989730835
Hum_XLOC_004314,K562,0.0,0.2461099922657013
Hum_XLOC_004317,K562,0.0,0.5183826684951782
Hum_XLOC_004336,K562,0.0,0.06267999112606049
Hum_XLOC_004343,K562,0.0,0.05661313980817795
Hum_XLOC_004350,K562,0.0,0.04336768761277199
Hum_XLOC_004361,K562,0.0,0.06672387570142746
Hum_XLOC_004363,K562,0.0,0.054474979639053345
Hum_XLOC_004401,K562,0.0,0.0011308823013678193
Hum_XLOC_004405,K562,0.0,0.00017129888874478638
Hum_XLOC_004407,K562,0.0,0.03470434248447418
Hum_XLOC_004424,K562,0.0,0.13258527219295502
Hum_XLOC_004437,K562,0.0,0.012874833308160305
Hum_XLOC_004446,K562,0.0,0.15146614611148834
Hum_XLOC_004457,K562,0.0,0.06626353412866592
Hum_XLOC_004482,K562,0.0,0.19015304744243622
Hum_XLOC_004502,K562,0.0,0.1936129778623581
Hum_XLOC_004515,K562,0.0,0.047653928399086
Hum_XLOC_004529,K562,0.0,0.135416179895401
Hum_XLOC_004535,K562,0.0,0.05159498378634453
Hum_XLOC_004553,K562,0.0,0.30887237191200256
Hum_XLOC_004566,K562,0.0,0.0008527482277713716
Hum_XLOC_004567,K562,0.0,0.0873534083366394
Hum_XLOC_004572,K562,0.0,0.2059251070022583
Hum_XLOC_004578,K562,0.0,0.025497011840343475
Hum_XLOC_004580,K562,0.0,0.0638548731803894
Hum_XLOC_004581,K562,0.0,0.0794752910733223
Hum_XLOC_004587,K562,0.0,0.11437255889177322
Hum_XLOC_004600,K562,0.0,0.18515171110630035
Hum_XLOC_004601,K562,0.0,0.03350231423974037
Hum_XLOC_004607,K562,0.0,0.036427177488803864
Hum_XLOC_004617,K562,0.0,0.22566978633403778
Hum_XLOC_004619,K562,0.0,0.032507117837667465
Hum_XLOC_004620,K562,1.0,0.1486537605524063
Hum_XLOC_004632,K562,0.0,0.02719479613006115
Hum_XLOC_004636,K562,0.0,0.019300827756524086
Hum_XLOC_004652,K562,0.0,0.03253905102610588
Hum_XLOC_004653,K562,0.0,0.17190875113010406
Hum_XLOC_004657,K562,0.0,0.19632767140865326
Hum_XLOC_004661,K562,0.0,0.020145859569311142
Hum_XLOC_004683,K562,0.0,0.012952744029462337
Hum_XLOC_004684,K562,0.0,0.28206929564476013
Hum_XLOC_004688,K562,0.0,0.09498101472854614
Hum_XLOC_004689,K562,0.0,0.028224531561136246
Hum_XLOC_004705,K562,0.0,0.002704064128920436
Hum_XLOC_004717,K562,0.0,0.1947353631258011
Hum_XLOC_004718,K562,0.0,0.03737859055399895
Hum_XLOC_004733,K562,0.0,0.1073860228061676
Hum_XLOC_004741,K562,0.0,0.030198531225323677
Hum_XLOC_004762,K562,0.0,0.7062523365020752
Hum_XLOC_004771,K562,0.0,0.15089330077171326
Hum_XLOC_004777,K562,0.0,0.043312449008226395
Hum_XLOC_004788,K562,0.0,0.08572426438331604
Hum_XLOC_004791,K562,0.0,0.07939434051513672
Hum_XLOC_004795,K562,0.0,0.12076526135206223
Hum_XLOC_004803,K562,0.0,0.10657594352960587
Hum_XLOC_004805,K562,0.0,0.06717380881309509
Hum_XLOC_004813,K562,0.0,0.10118463635444641
Hum_XLOC_004815,K562,1.0,0.4613438546657562
Hum_XLOC_004822,K562,0.0,0.11332880705595016
Hum_XLOC_004823,K562,0.0,0.03363732248544693
Hum_XLOC_004827,K562,0.0,0.002447112463414669
Hum_XLOC_004837,K562,1.0,0.03914705291390419
Hum_XLOC_004839,K562,0.0,0.14660519361495972
Hum_XLOC_004855,K562,0.0,0.14792375266551971
Hum_XLOC_004874,K562,0.0,0.036947060376405716
Hum_XLOC_004875,K562,0.0,0.0417669452726841
Hum_XLOC_004878,K562,0.0,0.007986192591488361
Hum_XLOC_004884,K562,0.0,0.032396793365478516
Hum_XLOC_004911,K562,0.0,0.15418098866939545
Hum_XLOC_004915,K562,0.0,0.016711104661226273
Hum_XLOC_004927,K562,0.0,0.006380773615092039
Hum_XLOC_004929,K562,0.0,0.5655936002731323
Hum_XLOC_004936,K562,0.0,0.0730850026011467
Hum_XLOC_004957,K562,0.0,0.0037965415976941586
Hum_XLOC_004960,K562,0.0,0.015275416895747185
Hum_XLOC_004965,K562,0.0,0.007854343391954899
Hum_XLOC_000006,MDA-MB-231,0.0,0.005575608462095261
Hum_XLOC_000008,MDA-MB-231,0.0,0.17826484143733978
Hum_XLOC_000016,MDA-MB-231,0.0,0.06044316291809082
Hum_XLOC_000030,MDA-MB-231,0.0,0.04562440142035484
Hum_XLOC_000033,MDA-MB-231,0.0,0.05356093868613243
Hum_XLOC_000039,MDA-MB-231,0.0,0.045649632811546326
Hum_XLOC_000053,MDA-MB-231,0.0,0.0330868624150753
Hum_XLOC_000057,MDA-MB-231,0.0,0.00448665302246809
Hum_XLOC_000060,MDA-MB-231,0.0,0.014096373692154884
Hum_XLOC_000080,MDA-MB-231,0.0,0.050041571259498596
Hum_XLOC_000094,MDA-MB-231,0.0,0.044109415262937546
Hum_XLOC_000100,MDA-MB-231,0.0,0.0435766726732254
Hum_XLOC_000105,MDA-MB-231,0.0,0.008387351408600807
Hum_XLOC_000107,MDA-MB-231,0.0,0.032436553388834
Hum_XLOC_000111,MDA-MB-231,0.0,0.03677265718579292
Hum_XLOC_000134,MDA-MB-231,0.0,0.09202990680932999
Hum_XLOC_000143,MDA-MB-231,0.0,0.015244267880916595
Hum_XLOC_000145,MDA-MB-231,1.0,0.035115331411361694
Hum_XLOC_000149,MDA-MB-231,0.0,0.009612188674509525
Hum_XLOC_000155,MDA-MB-231,0.0,0.0011877900687977672
Hum_XLOC_000169,MDA-MB-231,0.0,0.004911673255264759
Hum_XLOC_000170,MDA-MB-231,0.0,0.17221876978874207
Hum_XLOC_000194,MDA-MB-231,0.0,0.03549324348568916
Hum_XLOC_000201,MDA-MB-231,0.0,0.031222866848111153
Hum_XLOC_000231,MDA-MB-231,0.0,0.05789981037378311
Hum_XLOC_000233,MDA-MB-231,0.0,0.01569187641143799
Hum_XLOC_000245,MDA-MB-231,0.0,0.030476758256554604
Hum_XLOC_000247,MDA-MB-231,0.0,0.08191093057394028
Hum_XLOC_000248,MDA-MB-231,0.0,0.06899328529834747
Hum_XLOC_000265,MDA-MB-231,0.0,0.022037042304873466
Hum_XLOC_000282,MDA-MB-231,0.0,0.03270164504647255
Hum_XLOC_000286,MDA-MB-231,0.0,0.058908142149448395
Hum_XLOC_000292,MDA-MB-231,0.0,0.012725410051643848
Hum_XLOC_000307,MDA-MB-231,0.0,0.04368707537651062
Hum_XLOC_000308,MDA-MB-231,0.0,0.037972986698150635
Hum_XLOC_000312,MDA-MB-231,0.0,0.011470548808574677
Hum_XLOC_000314,MDA-MB-231,0.0,0.0016648790333420038
Hum_XLOC_000317,MDA-MB-231,0.0,0.007839749567210674
Hum_XLOC_000319,MDA-MB-231,0.0,0.1492460072040558
Hum_XLOC_000332,MDA-MB-231,0.0,0.003267087507992983
Hum_XLOC_000338,MDA-MB-231,1.0,0.08343887329101562
Hum_XLOC_000342,MDA-MB-231,0.0,0.055642273277044296
Hum_XLOC_000345,MDA-MB-231,0.0,0.017676718533039093
Hum_XLOC_000362,MDA-MB-231,0.0,0.02288784645497799
Hum_XLOC_000377,MDA-MB-231,0.0,0.07540937513113022
Hum_XLOC_000390,MDA-MB-231,0.0,0.011344758793711662
Hum_XLOC_000394,MDA-MB-231,0.0,0.11035631597042084
Hum_XLOC_000411,MDA-MB-231,0.0,0.036124467849731445
Hum_XLOC_000415,MDA-MB-231,0.0,0.027900556102395058
Hum_XLOC_000430,MDA-MB-231,0.0,0.0013404308119788766
Hum_XLOC_000436,MDA-MB-231,0.0,0.04040278121829033
Hum_XLOC_000437,MDA-MB-231,0.0,0.0014870137674733996
Hum_XLOC_000456,MDA-MB-231,1.0,0.012271339073777199
Hum_XLOC_000461,MDA-MB-231,0.0,0.009697145782411098
Hum_XLOC_000462,MDA-MB-231,0.0,0.03846633434295654
Hum_XLOC_000465,MDA-MB-231,0.0,0.06565865874290466
Hum_XLOC_000472,MDA-MB-231,0.0,0.014815179631114006
Hum_XLOC_000474,MDA-MB-231,0.0,0.034293439239263535
Hum_XLOC_000478,MDA-MB-231,0.0,0.08295617997646332
Hum_XLOC_000486,MDA-MB-231,0.0,0.014222439378499985
Hum_XLOC_000490,MDA-MB-231,0.0,0.022339455783367157
Hum_XLOC_000498,MDA-MB-231,0.0,0.1308760643005371
Hum_XLOC_000500,MDA-MB-231,0.0,0.10939770191907883
Hum_XLOC_000510,MDA-MB-231,0.0,0.06630130857229233
Hum_XLOC_000535,MDA-MB-231,0.0,0.019751470535993576
Hum_XLOC_000540,MDA-MB-231,0.0,0.012956243939697742
Hum_XLOC_000556,MDA-MB-231,0.0,0.007995483465492725
Hum_XLOC_000574,MDA-MB-231,0.0,0.09620695561170578
Hum_XLOC_000575,MDA-MB-231,0.0,0.049807555973529816
Hum_XLOC_000582,MDA-MB-231,0.0,0.014881289564073086
Hum_XLOC_000590,MDA-MB-231,0.0,0.027866948395967484
Hum_XLOC_000601,MDA-MB-231,0.0,0.025404371321201324
Hum_XLOC_000604,MDA-MB-231,0.0,0.07004392892122269
Hum_XLOC_000608,MDA-MB-231,0.0,0.08745068311691284
Hum_XLOC_000612,MDA-MB-231,0.0,0.007655011489987373
Hum_XLOC_000636,MDA-MB-231,0.0,0.004998187534511089
Hum_XLOC_000638,MDA-MB-231,0.0,0.11298942565917969
Hum_XLOC_000641,MDA-MB-231,0.0,0.024893149733543396
Hum_XLOC_000655,MDA-MB-231,0.0,0.0590449720621109
Hum_XLOC_000668,MDA-MB-231,0.0,0.09488336741924286
Hum_XLOC_000680,MDA-MB-231,0.0,0.015707172453403473
Hum_XLOC_000681,MDA-MB-231,0.0,0.12872596085071564
Hum_XLOC_000695,MDA-MB-231,0.0,0.02277202345430851
Hum_XLOC_000702,MDA-MB-231,0.0,0.06729074567556381
Hum_XLOC_000726,MDA-MB-231,0.0,0.08645333349704742
Hum_XLOC_000727,MDA-MB-231,0.0,0.00028985145036131144
Hum_XLOC_000758,MDA-MB-231,0.0,0.0039092437364161015
Hum_XLOC_000773,MDA-MB-231,0.0,0.06074906513094902
Hum_XLOC_000774,MDA-MB-231,0.0,0.03934049233794212
Hum_XLOC_000797,MDA-MB-231,0.0,0.1851685792207718
Hum_XLOC_000799,MDA-MB-231,0.0,0.08723603188991547
Hum_XLOC_000800,MDA-MB-231,0.0,0.03261539340019226
Hum_XLOC_000807,MDA-MB-231,0.0,0.01677125133574009
Hum_XLOC_000818,MDA-MB-231,0.0,0.010148325003683567
Hum_XLOC_000828,MDA-MB-231,0.0,0.024061964824795723
Hum_XLOC_000831,MDA-MB-231,0.0,0.004137334413826466
Hum_XLOC_000835,MDA-MB-231,0.0,0.03407934680581093
Hum_XLOC_000840,MDA-MB-231,0.0,0.031230544671416283
Hum_XLOC_000841,MDA-MB-231,0.0,0.11415216326713562
Hum_XLOC_000842,MDA-MB-231,0.0,0.0023836439941078424
Hum_XLOC_000854,MDA-MB-231,0.0,0.03613726794719696
Hum_XLOC_000855,MDA-MB-231,0.0,0.007445482537150383
Hum_XLOC_000883,MDA-MB-231,0.0,0.013518355786800385
Hum_XLOC_000885,MDA-MB-231,0.0,0.0037259457167237997
Hum_XLOC_000905,MDA-MB-231,0.0,0.0060401661321520805
Hum_XLOC_000917,MDA-MB-231,0.0,0.01565679907798767
Hum_XLOC_000925,MDA-MB-231,0.0,0.03797883167862892
Hum_XLOC_000944,MDA-MB-231,0.0,0.007520671933889389
Hum_XLOC_000949,MDA-MB-231,0.0,0.0009574024588800967
Hum_XLOC_000953,MDA-MB-231,0.0,0.0014999797567725182
Hum_XLOC_000964,MDA-MB-231,0.0,0.007849120534956455
Hum_XLOC_000990,MDA-MB-231,0.0,0.0030967320781201124
Hum_XLOC_000994,MDA-MB-231,0.0,0.009991463273763657
Hum_XLOC_001020,MDA-MB-231,0.0,0.034477438777685165
Hum_XLOC_001029,MDA-MB-231,0.0,0.1214839443564415
Hum_XLOC_001066,MDA-MB-231,1.0,0.012600298970937729
Hum_XLOC_001120,MDA-MB-231,0.0,0.003887154860422015
Hum_XLOC_001121,MDA-MB-231,0.0,0.07958026975393295
Hum_XLOC_001122,MDA-MB-231,0.0,0.02379564568400383
Hum_XLOC_001125,MDA-MB-231,0.0,0.08449991047382355
Hum_XLOC_001132,MDA-MB-231,0.0,0.04091586545109749
Hum_XLOC_001138,MDA-MB-231,0.0,0.09831797331571579
Hum_XLOC_001144,MDA-MB-231,0.0,0.025808818638324738
Hum_XLOC_001146,MDA-MB-231,0.0,0.06896820664405823
Hum_XLOC_001188,MDA-MB-231,0.0,0.0037872707471251488
Hum_XLOC_001191,MDA-MB-231,0.0,0.0014967431779950857
Hum_XLOC_001192,MDA-MB-231,0.0,0.01866726204752922
Hum_XLOC_001217,MDA-MB-231,0.0,0.002340653445571661
Hum_XLOC_001222,MDA-MB-231,0.0,0.04104724898934364
Hum_XLOC_001228,MDA-MB-231,0.0,0.00908604171127081
Hum_XLOC_001230,MDA-MB-231,0.0,0.017848696559667587
Hum_XLOC_001237,MDA-MB-231,0.0,0.05161653459072113
Hum_XLOC_001243,MDA-MB-231,0.0,0.28702017664909363
Hum_XLOC_001275,MDA-MB-231,0.0,0.002645273460075259
Hum_XLOC_001279,MDA-MB-231,0.0,0.016572237014770508
Hum_XLOC_001291,MDA-MB-231,0.0,0.10271638631820679
Hum_XLOC_001296,MDA-MB-231,0.0,0.010796488262712955
Hum_XLOC_001297,MDA-MB-231,0.0,0.17656372487545013
Hum_XLOC_001309,MDA-MB-231,0.0,0.0017821505898609757
Hum_XLOC_001329,MDA-MB-231,0.0,0.005065159872174263
Hum_XLOC_001330,MDA-MB-231,0.0,0.004567218944430351
Hum_XLOC_001355,MDA-MB-231,0.0,0.012384344823658466
Hum_XLOC_001366,MDA-MB-231,0.0,0.10543175786733627
Hum_XLOC_001367,MDA-MB-231,0.0,0.00692981481552124
Hum_XLOC_001375,MDA-MB-231,0.0,0.08393879234790802
Hum_XLOC_001390,MDA-MB-231,0.0,0.06235743686556816
Hum_XLOC_001405,MDA-MB-231,0.0,0.020640185102820396
Hum_XLOC_001461,MDA-MB-231,0.0,0.002522350288927555
Hum_XLOC_001465,MDA-MB-231,0.0,0.05446679890155792
Hum_XLOC_001488,MDA-MB-231,0.0,0.1180349811911583
Hum_XLOC_001490,MDA-MB-231,0.0,0.04946243762969971
Hum_XLOC_001509,MDA-MB-231,0.0,0.05825771763920784
Hum_XLOC_001516,MDA-MB-231,0.0,0.08628803491592407
Hum_XLOC_001532,MDA-MB-231,0.0,0.01490751188248396
Hum_XLOC_001539,MDA-MB-231,0.0,0.01665271259844303
Hum_XLOC_001541,MDA-MB-231,0.0,0.25658944249153137
Hum_XLOC_001542,MDA-MB-231,0.0,0.031874626874923706
Hum_XLOC_001548,MDA-MB-231,0.0,0.012669160030782223
Hum_XLOC_001559,MDA-MB-231,0.0,0.021336693316698074
Hum_XLOC_001565,MDA-MB-231,0.0,0.01595265232026577
Hum_XLOC_001566,MDA-MB-231,0.0,0.07611309736967087
Hum_XLOC_001575,MDA-MB-231,0.0,0.18806509673595428
Hum_XLOC_001580,MDA-MB-231,0.0,0.010208153165876865
Hum_XLOC_001590,MDA-MB-231,0.0,0.019580978900194168
Hum_XLOC_001615,MDA-MB-231,0.0,0.024209650233387947
Hum_XLOC_001624,MDA-MB-231,0.0,0.03862829878926277
Hum_XLOC_001639,MDA-MB-231,0.0,0.024545494467020035
Hum_XLOC_001661,MDA-MB-231,0.0,0.030451245605945587
Hum_XLOC_001666,MDA-MB-231,0.0,0.000372094742488116
Hum_XLOC_001668,MDA-MB-231,0.0,0.024797549471259117
Hum_XLOC_001688,MDA-MB-231,0.0,0.036969780921936035
Hum_XLOC_001689,MDA-MB-231,0.0,0.02104138769209385
Hum_XLOC_001695,MDA-MB-231,0.0,0.05408608540892601
Hum_XLOC_001696,MDA-MB-231,0.0,0.0553569495677948
Hum_XLOC_001698,MDA-MB-231,0.0,0.03318728879094124
Hum_XLOC_001707,MDA-MB-231,0.0,0.0381995365023613
Hum_XLOC_001760,MDA-MB-231,0.0,0.03454452380537987
Hum_XLOC_001761,MDA-MB-231,1.0,0.008449161425232887
Hum_XLOC_001773,MDA-MB-231,0.0,0.025884391739964485
Hum_XLOC_001775,MDA-MB-231,0.0,0.08707362413406372
Hum_XLOC_001779,MDA-MB-231,1.0,0.019091684371232986
Hum_XLOC_001783,MDA-MB-231,0.0,0.016881674528121948
Hum_XLOC_001791,MDA-MB-231,1.0,0.11978697031736374
Hum_XLOC_001805,MDA-MB-231,0.0,0.009763809852302074
Hum_XLOC_001809,MDA-MB-231,0.0,0.10338784754276276
Hum_XLOC_001848,MDA-MB-231,0.0,0.0815233662724495
Hum_XLOC_001919,MDA-MB-231,0.0,0.012870712205767632
Hum_XLOC_001941,MDA-MB-231,0.0,0.02155590057373047
Hum_XLOC_001942,MDA-MB-231,0.0,0.10197515785694122
Hum_XLOC_001949,MDA-MB-231,0.0,0.0050055417232215405
Hum_XLOC_001950,MDA-MB-231,0.0,0.002640380524098873
Hum_XLOC_001953,MDA-MB-231,0.0,0.013016482815146446
Hum_XLOC_001957,MDA-MB-231,0.0,0.08133208006620407
Hum_XLOC_001961,MDA-MB-231,0.0,0.017086751759052277
Hum_XLOC_001969,MDA-MB-231,0.0,0.04598741605877876
Hum_XLOC_002024,MDA-MB-231,0.0,0.014157476834952831
Hum_XLOC_002028,MDA-MB-231,0.0,0.017224308103322983
Hum_XLOC_002033,MDA-MB-231,0.0,0.11996316909790039
Hum_XLOC_002036,MDA-MB-231,0.0,0.019347717985510826
Hum_XLOC_002037,MDA-MB-231,0.0,0.018276525661349297
Hum_XLOC_002041,MDA-MB-231,0.0,0.09840086847543716
Hum_XLOC_002059,MDA-MB-231,0.0,0.1562272608280182
Hum_XLOC_002061,MDA-MB-231,0.0,0.04217734560370445
Hum_XLOC_002068,MDA-MB-231,0.0,0.0014819164061918855
Hum_XLOC_002081,MDA-MB-231,0.0,0.030179563909769058
Hum_XLOC_002093,MDA-MB-231,0.0,0.07801032066345215
Hum_XLOC_002099,MDA-MB-231,0.0,0.12977369129657745
Hum_XLOC_002144,MDA-MB-231,0.0,0.0028110083658248186
Hum_XLOC_002150,MDA-MB-231,0.0,0.0013512610457837582
Hum_XLOC_002152,MDA-MB-231,0.0,0.0024150593671947718
Hum_XLOC_002154,MDA-MB-231,0.0,0.029774677008390427
Hum_XLOC_002169,MDA-MB-231,0.0,0.006851992104202509
Hum_XLOC_002170,MDA-MB-231,0.0,0.06740514934062958
Hum_XLOC_002176,MDA-MB-231,0.0,0.0659668892621994
Hum_XLOC_002178,MDA-MB-231,0.0,0.010446821339428425
Hum_XLOC_002186,MDA-MB-231,0.0,0.013522056862711906
Hum_XLOC_002204,MDA-MB-231,0.0,0.033363226801157
Hum_XLOC_002205,MDA-MB-231,0.0,0.02537219040095806
Hum_XLOC_002219,MDA-MB-231,0.0,0.015942776575684547
Hum_XLOC_002244,MDA-MB-231,0.0,0.016619397327303886
Hum_XLOC_002252,MDA-MB-231,0.0,0.13183152675628662
Hum_XLOC_002261,MDA-MB-231,0.0,0.03278157487511635
Hum_XLOC_002262,MDA-MB-231,0.0,0.0019121251534670591
Hum_XLOC_002265,MDA-MB-231,0.0,0.010001552291214466
Hum_XLOC_002271,MDA-MB-231,0.0,0.024040929973125458
Hum_XLOC_002280,MDA-MB-231,0.0,0.08103670179843903
Hum_XLOC_002282,MDA-MB-231,0.0,0.009221142157912254
Hum_XLOC_002283,MDA-MB-231,0.0,0.0012785224243998528
Hum_XLOC_002284,MDA-MB-231,0.0,0.041346654295921326
Hum_XLOC_002294,MDA-MB-231,0.0,0.13178186118602753
Hum_XLOC_002296,MDA-MB-231,0.0,0.0047027673572301865
Hum_XLOC_002299,MDA-MB-231,0.0,0.04143749177455902
Hum_XLOC_002301,MDA-MB-231,0.0,0.022496210411190987
Hum_XLOC_002306,MDA-MB-231,0.0,0.00931269209831953
Hum_XLOC_002311,MDA-MB-231,1.0,0.06374337524175644
Hum_XLOC_002313,MDA-MB-231,0.0,0.02206236869096756
Hum_XLOC_002314,MDA-MB-231,0.0,0.015556955710053444
Hum_XLOC_002327,MDA-MB-231,0.0,0.1866995394229889
Hum_XLOC_002330,MDA-MB-231,0.0,0.019821174442768097
Hum_XLOC_002338,MDA-MB-231,0.0,0.1150779202580452
Hum_XLOC_002344,MDA-MB-231,0.0,0.017269697040319443
Hum_XLOC_002347,MDA-MB-231,0.0,0.0052000354044139385
Hum_XLOC_002348,MDA-MB-231,0.0,0.0057378471828997135
Hum_XLOC_002362,MDA-MB-231,0.0,0.014331943355500698
Hum_XLOC_002364,MDA-MB-231,0.0,0.027047879993915558
Hum_XLOC_002383,MDA-MB-231,0.0,0.0002661577018443495
Hum_XLOC_002386,MDA-MB-231,0.0,0.024849221110343933
Hum_XLOC_002390,MDA-MB-231,0.0,0.11671830713748932
Hum_XLOC_002394,MDA-MB-231,0.0,0.0014764603693038225
Hum_XLOC_002398,MDA-MB-231,0.0,0.00787140242755413
Hum_XLOC_002399,MDA-MB-231,0.0,0.013323811814188957
Hum_XLOC_002408,MDA-MB-231,0.0,0.018270859494805336
Hum_XLOC_002414,MDA-MB-231,0.0,0.06542617082595825
Hum_XLOC_002418,MDA-MB-231,0.0,0.0006131167756393552
Hum_XLOC_002435,MDA-MB-231,0.0,0.02558940462768078
Hum_XLOC_002440,MDA-MB-231,0.0,0.2709026336669922
Hum_XLOC_002489,MDA-MB-231,0.0,0.07834359258413315
Hum_XLOC_002490,MDA-MB-231,0.0,0.00030976059497334063
Hum_XLOC_002493,MDA-MB-231,0.0,0.12998098134994507
Hum_XLOC_002520,MDA-MB-231,0.0,0.007130085024982691
Hum_XLOC_002524,MDA-MB-231,0.0,0.020931361243128777
Hum_XLOC_002546,MDA-MB-231,0.0,0.08907873183488846
Hum_XLOC_002560,MDA-MB-231,0.0,0.10893908143043518
Hum_XLOC_002570,MDA-MB-231,0.0,0.01148921251296997
Hum_XLOC_002577,MDA-MB-231,0.0,0.05493846535682678
Hum_XLOC_002579,MDA-MB-231,1.0,0.011187649331986904
Hum_XLOC_002586,MDA-MB-231,0.0,0.001587222097441554
Hum_XLOC_002589,MDA-MB-231,0.0,0.009015724062919617
Hum_XLOC_002629,MDA-MB-231,0.0,0.0312594510614872
Hum_XLOC_002631,MDA-MB-231,0.0,0.2791363596916199
Hum_XLOC_002635,MDA-MB-231,0.0,0.004796805791556835
Hum_XLOC_002644,MDA-MB-231,0.0,0.1230965182185173
Hum_XLOC_002646,MDA-MB-231,0.0,0.027205798774957657
Hum_XLOC_002653,MDA-MB-231,0.0,0.04081306234002113
Hum_XLOC_002681,MDA-MB-231,0.0,0.09409613907337189
Hum_XLOC_002695,MDA-MB-231,0.0,0.003892370732501149
Hum_XLOC_002702,MDA-MB-231,0.0,0.016255974769592285
Hum_XLOC_002705,MDA-MB-231,0.0,0.014346777461469173
Hum_XLOC_002711,MDA-MB-231,0.0,0.06227869912981987
Hum_XLOC_002714,MDA-MB-231,0.0,0.010013197548687458
Hum_XLOC_002717,MDA-MB-231,0.0,0.27378523349761963
Hum_XLOC_002725,MDA-MB-231,0.0,0.01114143431186676
Hum_XLOC_002741,MDA-MB-231,0.0,0.0010142395040020347
Hum_XLOC_002742,MDA-MB-231,0.0,0.00523435790091753
Hum_XLOC_002744,MDA-MB-231,0.0,0.003002758137881756
Hum_XLOC_002760,MDA-MB-231,0.0,0.17459121346473694
Hum_XLOC_002788,MDA-MB-231,0.0,0.1287689059972763
Hum_XLOC_002792,MDA-MB-231,0.0,0.04044537991285324
Hum_XLOC_002796,MDA-MB-231,0.0,0.010821525938808918
Hum_XLOC_002817,MDA-MB-231,0.0,0.012474041432142258
Hum_XLOC_002836,MDA-MB-231,1.0,0.3106415271759033
Hum_XLOC_002844,MDA-MB-231,0.0,0.07144822180271149
Hum_XLOC_002845,MDA-MB-231,0.0,0.04281799495220184
Hum_XLOC_002859,MDA-MB-231,0.0,0.15096712112426758
Hum_XLOC_002889,MDA-MB-231,1.0,0.0361504927277565
Hum_XLOC_002911,MDA-MB-231,0.0,0.008667545393109322
Hum_XLOC_002935,MDA-MB-231,0.0,0.040964189916849136
Hum_XLOC_002937,MDA-MB-231,0.0,0.07554066926240921
Hum_XLOC_002967,MDA-MB-231,0.0,0.05774184688925743
Hum_XLOC_002983,MDA-MB-231,0.0,0.025752894580364227
Hum_XLOC_002986,MDA-MB-231,0.0,0.047629643231630325
Hum_XLOC_002990,MDA-MB-231,0.0,0.003487533191218972
Hum_XLOC_003039,MDA-MB-231,0.0,0.019840558990836143
Hum_XLOC_003061,MDA-MB-231,0.0,0.09961104393005371
Hum_XLOC_003086,MDA-MB-231,1.0,0.1546849012374878
Hum_XLOC_003099,MDA-MB-231,0.0,0.00298922136425972
Hum_XLOC_003109,MDA-MB-231,0.0,0.21074676513671875
Hum_XLOC_003128,MDA-MB-231,0.0,0.2540755867958069
Hum_XLOC_003134,MDA-MB-231,0.0,0.01688077300786972
Hum_XLOC_003137,MDA-MB-231,0.0,0.13949108123779297
Hum_XLOC_003154,MDA-MB-231,0.0,0.0539935864508152
Hum_XLOC_003155,MDA-MB-231,0.0,0.02466183342039585
Hum_XLOC_003171,MDA-MB-231,0.0,0.03158039227128029
Hum_XLOC_003209,MDA-MB-231,0.0,0.010999182239174843
Hum_XLOC_003215,MDA-MB-231,0.0,0.04966834932565689
Hum_XLOC_003221,MDA-MB-231,0.0,0.013508115895092487
Hum_XLOC_003232,MDA-MB-231,0.0,0.03728250041604042
Hum_XLOC_003268,MDA-MB-231,0.0,0.041731223464012146
Hum_XLOC_003269,MDA-MB-231,0.0,0.014043943956494331
Hum_XLOC_003286,MDA-MB-231,0.0,0.030401960015296936
Hum_XLOC_003290,MDA-MB-231,0.0,0.0003438899584580213
Hum_XLOC_003294,MDA-MB-231,0.0,0.017768867313861847
Hum_XLOC_003321,MDA-MB-231,0.0,0.10259758681058884
Hum_XLOC_003324,MDA-MB-231,0.0,0.03190002590417862
Hum_XLOC_003334,MDA-MB-231,0.0,0.047762174159288406
Hum_XLOC_003337,MDA-MB-231,0.0,0.007992064580321312
Hum_XLOC_003338,MDA-MB-231,0.0,0.022030748426914215
Hum_XLOC_003352,MDA-MB-231,0.0,0.02251381240785122
Hum_XLOC_003357,MDA-MB-231,0.0,0.01329746562987566
Hum_XLOC_003361,MDA-MB-231,0.0,0.013524378649890423
Hum_XLOC_003371,MDA-MB-231,0.0,0.028587494045495987
Hum_XLOC_003381,MDA-MB-231,0.0,0.05520281940698624
Hum_XLOC_003408,MDA-MB-231,0.0,0.008109877817332745
Hum_XLOC_003436,MDA-MB-231,0.0,0.0007443736540153623
Hum_XLOC_003440,MDA-MB-231,0.0,0.05209435522556305
Hum_XLOC_003450,MDA-MB-231,0.0,0.030195536091923714
Hum_XLOC_003466,MDA-MB-231,0.0,0.04997427761554718
Hum_XLOC_003488,MDA-MB-231,0.0,0.07993341237306595
Hum_XLOC_003491,MDA-MB-231,0.0,0.008606820367276669
Hum_XLOC_003497,MDA-MB-231,0.0,0.00950333196669817
Hum_XLOC_003498,MDA-MB-231,0.0,0.014858818612992764
Hum_XLOC_003502,MDA-MB-231,0.0,0.005855712108314037
Hum_XLOC_003518,MDA-MB-231,0.0,0.25492754578590393
Hum_XLOC_003532,MDA-MB-231,0.0,0.030601555481553078
Hum_XLOC_003543,MDA-MB-231,0.0,0.04759525507688522
Hum_XLOC_003554,MDA-MB-231,0.0,0.07394557446241379
Hum_XLOC_003563,MDA-MB-231,0.0,0.27546054124832153
Hum_XLOC_003567,MDA-MB-231,0.0,0.025844400748610497
Hum_XLOC_003568,MDA-MB-231,0.0,0.0037925851065665483
Hum_XLOC_003570,MDA-MB-231,0.0,0.00041278809658251703
Hum_XLOC_003571,MDA-MB-231,0.0,0.013977551832795143
Hum_XLOC_003593,MDA-MB-231,0.0,0.031252797693014145
Hum_XLOC_003594,MDA-MB-231,0.0,0.09705029428005219
Hum_XLOC_003598,MDA-MB-231,0.0,0.003342662239447236
Hum_XLOC_003626,MDA-MB-231,0.0,0.018753807991743088
Hum_XLOC_003628,MDA-MB-231,0.0,0.05434771999716759
Hum_XLOC_003630,MDA-MB-231,0.0,0.0020795115269720554
Hum_XLOC_003641,MDA-MB-231,0.0,0.0016093709273263812
Hum_XLOC_003662,MDA-MB-231,0.0,0.2535928785800934
Hum_XLOC_003665,MDA-MB-231,0.0,0.012790699489414692
Hum_XLOC_003672,MDA-MB-231,0.0,0.06489221006631851
Hum_XLOC_003673,MDA-MB-231,0.0,0.002545337425544858
Hum_XLOC_003674,MDA-MB-231,0.0,0.036295052617788315
Hum_XLOC_003676,MDA-MB-231,0.0,0.10914745181798935
Hum_XLOC_003686,MDA-MB-231,0.0,0.009694765321910381
Hum_XLOC_003697,MDA-MB-231,0.0,0.056458644568920135
Hum_XLOC_003717,MDA-MB-231,0.0,0.005805269815027714
Hum_XLOC_003725,MDA-MB-231,0.0,0.032454345375299454
Hum_XLOC_003743,MDA-MB-231,0.0,0.023796262219548225
Hum_XLOC_003754,MDA-MB-231,0.0,0.046798501163721085
Hum_XLOC_003766,MDA-MB-231,0.0,0.021244477480649948
Hum_XLOC_003775,MDA-MB-231,0.0,0.06367956101894379
Hum_XLOC_003790,MDA-MB-231,0.0,0.06597316265106201
Hum_XLOC_003799,MDA-MB-231,1.0,0.23531697690486908
Hum_XLOC_003853,MDA-MB-231,0.0,0.015339046716690063
Hum_XLOC_003865,MDA-MB-231,0.0,0.12353239953517914
Hum_XLOC_003871,MDA-MB-231,0.0,0.03323433920741081
Hum_XLOC_003891,MDA-MB-231,0.0,0.01645400933921337
Hum_XLOC_003892,MDA-MB-231,0.0,0.13387402892112732
Hum_XLOC_003910,MDA-MB-231,0.0,0.0769093930721283
Hum_XLOC_003911,MDA-MB-231,0.0,0.0064575765281915665
Hum_XLOC_003952,MDA-MB-231,0.0,0.011608479544520378
Hum_XLOC_003971,MDA-MB-231,0.0,0.014797184616327286
Hum_XLOC_003988,MDA-MB-231,0.0,0.03478292375802994
Hum_XLOC_004020,MDA-MB-231,0.0,0.07187919318675995
Hum_XLOC_004035,MDA-MB-231,0.0,0.02937392331659794
Hum_XLOC_004036,MDA-MB-231,1.0,0.011913798749446869
Hum_XLOC_004048,MDA-MB-231,0.0,0.02595442160964012
Hum_XLOC_004068,MDA-MB-231,0.0,0.0047102924436330795
Hum_XLOC_004069,MDA-MB-231,0.0,0.016573045402765274
Hum_XLOC_004095,MDA-MB-231,0.0,0.0033237829338759184
Hum_XLOC_004096,MDA-MB-231,0.0,0.057951297610998154
Hum_XLOC_004116,MDA-MB-231,0.0,0.023423636332154274
Hum_XLOC_004123,MDA-MB-231,0.0,0.06328926980495453
Hum_XLOC_004134,MDA-MB-231,0.0,0.008290979079902172
Hum_XLOC_004161,MDA-MB-231,0.0,0.001187636749818921
Hum_XLOC_004168,MDA-MB-231,0.0,0.03267606720328331
Hum_XLOC_004169,MDA-MB-231,0.0,0.0026379027403891087
Hum_XLOC_004177,MDA-MB-231,0.0,0.012722456827759743
Hum_XLOC_004200,MDA-MB-231,0.0,0.0005094551015645266
Hum_XLOC_004201,MDA-MB-231,0.0,0.01617891527712345
Hum_XLOC_004219,MDA-MB-231,0.0,0.025419263169169426
Hum_XLOC_004226,MDA-MB-231,0.0,0.0011521807173267007
Hum_XLOC_004227,MDA-MB-231,0.0,0.008907207287847996
Hum_XLOC_004236,MDA-MB-231,0.0,0.008314893580973148
Hum_XLOC_004254,MDA-MB-231,1.0,0.12670297920703888
Hum_XLOC_004255,MDA-MB-231,0.0,0.013977820985019207
Hum_XLOC_004262,MDA-MB-231,1.0,0.0575086809694767
Hum_XLOC_004269,MDA-MB-231,0.0,0.10527584701776505
Hum_XLOC_004277,MDA-MB-231,0.0,0.04111161828041077
Hum_XLOC_004278,MDA-MB-231,0.0,0.04676612839102745
Hum_XLOC_004282,MDA-MB-231,0.0,0.03875936567783356
Hum_XLOC_004287,MDA-MB-231,0.0,0.008921344764530659
Hum_XLOC_004293,MDA-MB-231,0.0,0.010194479487836361
Hum_XLOC_004302,MDA-MB-231,0.0,0.04465067386627197
Hum_XLOC_004303,MDA-MB-231,0.0,0.03702475503087044
Hum_XLOC_004306,MDA-MB-231,0.0,0.002547170966863632
Hum_XLOC_004309,MDA-MB-231,0.0,0.03160044923424721
Hum_XLOC_004314,MDA-MB-231,0.0,0.039118655025959015
Hum_XLOC_004317,MDA-MB-231,0.0,0.1616622358560562
Hum_XLOC_004336,MDA-MB-231,0.0,0.08212779462337494
Hum_XLOC_004343,MDA-MB-231,0.0,0.021112509071826935
Hum_XLOC_004350,MDA-MB-231,0.0,0.009442205540835857
Hum_XLOC_004361,MDA-MB-231,0.0,0.02112284116446972
Hum_XLOC_004363,MDA-MB-231,0.0,0.000996301998384297
Hum_XLOC_004401,MDA-MB-231,0.0,0.00013429229147732258
Hum_XLOC_004405,MDA-MB-231,0.0,8.0258643720299e-05
Hum_XLOC_004407,MDA-MB-231,0.0,0.013433012180030346
Hum_XLOC_004424,MDA-MB-231,0.0,0.0635315552353859
Hum_XLOC_004437,MDA-MB-231,0.0,0.012125291861593723
Hum_XLOC_004446,MDA-MB-231,0.0,0.042722802609205246
Hum_XLOC_004457,MDA-MB-231,0.0,0.007880769670009613
Hum_XLOC_004482,MDA-MB-231,0.0,0.12484084814786911
Hum_XLOC_004502,MDA-MB-231,0.0,0.12087300419807434
Hum_XLOC_004515,MDA-MB-231,0.0,0.12534703314304352
Hum_XLOC_004529,MDA-MB-231,0.0,0.06022818759083748
Hum_XLOC_004535,MDA-MB-231,0.0,0.11572165042161942
Hum_XLOC_004553,MDA-MB-231,0.0,0.13007910549640656
Hum_XLOC_004566,MDA-MB-231,0.0,0.001853015273809433
Hum_XLOC_004567,MDA-MB-231,0.0,0.04926309734582901
Hum_XLOC_004572,MDA-MB-231,1.0,0.06571367383003235
Hum_XLOC_004578,MDA-MB-231,0.0,0.005817901808768511
Hum_XLOC_004580,MDA-MB-231,0.0,0.02795306406915188
Hum_XLOC_004581,MDA-MB-231,0.0,0.0036610167007893324
Hum_XLOC_004587,MDA-MB-231,0.0,0.010598963126540184
Hum_XLOC_004600,MDA-MB-231,0.0,0.09484509378671646
Hum_XLOC_004601,MDA-MB-231,0.0,0.013569806702435017
Hum_XLOC_004607,MDA-MB-231,0.0,0.005667677149176598
Hum_XLOC_004617,MDA-MB-231,0.0,0.05249461904168129
Hum_XLOC_004619,MDA-MB-231,0.0,0.0028867630753666162
Hum_XLOC_004620,MDA-MB-231,0.0,0.006271956022828817
Hum_XLOC_004632,MDA-MB-231,0.0,0.043933819979429245
Hum_XLOC_004636,MDA-MB-231,0.0,0.0054471432231366634
Hum_XLOC_004652,MDA-MB-231,0.0,0.017506161704659462
Hum_XLOC_004653,MDA-MB-231,0.0,0.10451061278581619
Hum_XLOC_004657,MDA-MB-231,1.0,0.10388251394033432
Hum_XLOC_004661,MDA-MB-231,0.0,0.020983926951885223
Hum_XLOC_004683,MDA-MB-231,0.0,0.0010504538659006357
Hum_XLOC_004684,MDA-MB-231,0.0,0.06520523875951767
Hum_XLOC_004688,MDA-MB-231,0.0,0.019516387954354286
Hum_XLOC_004689,MDA-MB-231,0.0,0.017872953787446022
Hum_XLOC_004705,MDA-MB-231,0.0,0.00016039142792578787
Hum_XLOC_004717,MDA-MB-231,0.0,0.08939812332391739
Hum_XLOC_004718,MDA-MB-231,0.0,0.01199575886130333
Hum_XLOC_004733,MDA-MB-231,0.0,0.12914937734603882
Hum_XLOC_004741,MDA-MB-231,0.0,0.012461266480386257
Hum_XLOC_004762,MDA-MB-231,0.0,0.030133472755551338
Hum_XLOC_004771,MDA-MB-231,0.0,0.04672238975763321
Hum_XLOC_004777,MDA-MB-231,0.0,0.0825376883149147
Hum_XLOC_004788,MDA-MB-231,0.0,0.028697464615106583
Hum_XLOC_004791,MDA-MB-231,0.0,0.022683192044496536
Hum_XLOC_004795,MDA-MB-231,0.0,0.05276983603835106
Hum_XLOC_004803,MDA-MB-231,0.0,0.017149152234196663
Hum_XLOC_004805,MDA-MB-231,0.0,0.022905558347702026
Hum_XLOC_004813,MDA-MB-231,0.0,0.11125702410936356
Hum_XLOC_004815,MDA-MB-231,0.0,0.28832289576530457
Hum_XLOC_004822,MDA-MB-231,0.0,0.043571777641773224
Hum_XLOC_004823,MDA-MB-231,0.0,0.019119001924991608
Hum_XLOC_004827,MDA-MB-231,0.0,0.01145435031503439
Hum_XLOC_004837,MDA-MB-231,0.0,0.031765397638082504
Hum_XLOC_004839,MDA-MB-231,0.0,0.049203112721443176
Hum_XLOC_004855,MDA-MB-231,0.0,0.026292594149708748
Hum_XLOC_004874,MDA-MB-231,0.0,0.02929791435599327
Hum_XLOC_004875,MDA-MB-231,0.0,0.2875593304634094
Hum_XLOC_004878,MDA-MB-231,0.0,0.008231965824961662
Hum_XLOC_004884,MDA-MB-231,1.0,0.007206127047538757
Hum_XLOC_004911,MDA-MB-231,0.0,0.21417072415351868
Hum_XLOC_004915,MDA-MB-231,0.0,0.0036909484770148993
Hum_XLOC_004927,MDA-MB-231,1.0,0.0022122084628790617
Hum_XLOC_004929,MDA-MB-231,0.0,0.02742738462984562
Hum_XLOC_004936,MDA-MB-231,0.0,0.0051655033603310585
Hum_XLOC_004957,MDA-MB-231,0.0,0.0019461920019239187
Hum_XLOC_004960,MDA-MB-231,0.0,0.004756520036607981
Hum_XLOC_004965,MDA-MB-231,0.0,0.037676047533750534
Hum_XLOC_000006,THP1,0.0,0.01582711562514305
Hum_XLOC_000008,THP1,0.0,0.191909521818161
Hum_XLOC_000016,THP1,0.0,0.10921455919742584
Hum_XLOC_000030,THP1,0.0,0.033337853848934174
Hum_XLOC_000033,THP1,0.0,0.0721924751996994
Hum_XLOC_000039,THP1,0.0,0.08857500553131104
Hum_XLOC_000053,THP1,0.0,0.018176842480897903
Hum_XLOC_000057,THP1,0.0,0.0021362314000725746
Hum_XLOC_000060,THP1,0.0,0.01582256332039833
Hum_XLOC_000080,THP1,0.0,0.055430442094802856
Hum_XLOC_000094,THP1,0.0,0.1147676333785057
Hum_XLOC_000100,THP1,0.0,0.037842921912670135
Hum_XLOC_000105,THP1,0.0,0.01960350200533867
Hum_XLOC_000107,THP1,0.0,0.07777121663093567
Hum_XLOC_000111,THP1,0.0,0.03831839933991432
Hum_XLOC_000134,THP1,0.0,0.09112770855426788
Hum_XLOC_000143,THP1,0.0,0.006858183071017265
Hum_XLOC_000145,THP1,0.0,0.03101448342204094
Hum_XLOC_000149,THP1,0.0,0.028063595294952393
Hum_XLOC_000155,THP1,0.0,0.0010588604491204023
Hum_XLOC_000169,THP1,0.0,0.011554385535418987
Hum_XLOC_000170,THP1,0.0,0.16740334033966064
Hum_XLOC_000194,THP1,0.0,0.03826327994465828
Hum_XLOC_000201,THP1,0.0,0.039087776094675064
Hum_XLOC_000231,THP1,0.0,0.16938979923725128
Hum_XLOC_000233,THP1,0.0,0.029208583757281303
Hum_XLOC_000245,THP1,0.0,0.06853046268224716
Hum_XLOC_000247,THP1,0.0,0.07652078568935394
Hum_XLOC_000248,THP1,0.0,0.1419389843940735
Hum_XLOC_000265,THP1,0.0,0.02009865827858448
Hum_XLOC_000282,THP1,0.0,0.06166614219546318
Hum_XLOC_000286,THP1,0.0,0.11316026747226715
Hum_XLOC_000292,THP1,0.0,0.02722500078380108
Hum_XLOC_000307,THP1,0.0,0.09395283460617065
Hum_XLOC_000308,THP1,0.0,0.10289233922958374
Hum_XLOC_000312,THP1,0.0,0.01983531005680561
Hum_XLOC_000314,THP1,0.0,0.007800941821187735
Hum_XLOC_000317,THP1,0.0,0.03042324259877205
Hum_XLOC_000319,THP1,0.0,0.23433902859687805
Hum_XLOC_000332,THP1,0.0,0.009283595718443394
Hum_XLOC_000338,THP1,1.0,0.14651544392108917
Hum_XLOC_000342,THP1,0.0,0.062007978558540344
Hum_XLOC_000345,THP1,0.0,0.014296266250312328
Hum_XLOC_000362,THP1,0.0,0.053581152111291885
Hum_XLOC_000377,THP1,0.0,0.2194530963897705
Hum_XLOC_000390,THP1,0.0,0.03655953332781792
Hum_XLOC_000394,THP1,0.0,0.1240861639380455
Hum_XLOC_000411,THP1,0.0,0.0586334764957428
Hum_XLOC_000415,THP1,0.0,0.04791300371289253
Hum_XLOC_000430,THP1,0.0,0.0030245748348534107
Hum_XLOC_000436,THP1,1.0,0.07116272300481796
Hum_XLOC_000437,THP1,0.0,0.003172955708578229
Hum_XLOC_000456,THP1,1.0,0.012416824698448181
Hum_XLOC_000461,THP1,0.0,0.01120948139578104
Hum_XLOC_000462,THP1,0.0,0.0878552496433258
Hum_XLOC_000465,THP1,0.0,0.09176956117153168
Hum_XLOC_000472,THP1,0.0,0.01567932404577732
Hum_XLOC_000474,THP1,0.0,0.08416065573692322
Hum_XLOC_000478,THP1,0.0,0.13342776894569397
Hum_XLOC_000486,THP1,0.0,0.06511051952838898
Hum_XLOC_000490,THP1,0.0,0.04989173635840416
Hum_XLOC_000498,THP1,0.0,0.218270942568779
Hum_XLOC_000500,THP1,0.0,0.14572358131408691
Hum_XLOC_000510,THP1,0.0,0.09087510406970978
Hum_XLOC_000535,THP1,0.0,0.02787872590124607
Hum_XLOC_000540,THP1,0.0,0.01626385934650898
Hum_XLOC_000556,THP1,0.0,0.009818458929657936
Hum_XLOC_000574,THP1,0.0,0.1353604793548584
Hum_XLOC_000575,THP1,0.0,0.05390797182917595
Hum_XLOC_000582,THP1,0.0,0.027019446715712547
Hum_XLOC_000590,THP1,0.0,0.03788575902581215
Hum_XLOC_000601,THP1,0.0,0.036898236721754074
Hum_XLOC_000604,THP1,0.0,0.20211204886436462
Hum_XLOC_000608,THP1,0.0,0.10608451813459396
Hum_XLOC_000612,THP1,0.0,0.009073509834706783
Hum_XLOC_000636,THP1,1.0,0.01669342815876007
Hum_XLOC_000638,THP1,0.0,0.1246795579791069
Hum_XLOC_000641,THP1,0.0,0.0282906424254179
Hum_XLOC_000655,THP1,0.0,0.06323167681694031
Hum_XLOC_000668,THP1,0.0,0.1732628345489502
Hum_XLOC_000680,THP1,0.0,0.06593061238527298
Hum_XLOC_000681,THP1,0.0,0.3075530230998993
Hum_XLOC_000695,THP1,0.0,0.04325229302048683
Hum_XLOC_000702,THP1,0.0,0.08721492439508438
Hum_XLOC_000726,THP1,0.0,0.08112435042858124
Hum_XLOC_000727,THP1,0.0,0.0010996551718562841
Hum_XLOC_000758,THP1,0.0,0.01257936842739582
Hum_XLOC_000773,THP1,0.0,0.08201851695775986
Hum_XLOC_000774,THP1,0.0,0.0823851153254509
Hum_XLOC_000797,THP1,0.0,0.16301073133945465
Hum_XLOC_000799,THP1,0.0,0.09755636751651764
Hum_XLOC_000800,THP1,0.0,0.0416073277592659
Hum_XLOC_000807,THP1,0.0,0.02706635743379593
Hum_XLOC_000818,THP1,0.0,0.018987754359841347
Hum_XLOC_000828,THP1,0.0,0.03045285865664482
Hum_XLOC_000831,THP1,0.0,0.011647185310721397
Hum_XLOC_000835,THP1,0.0,0.05776213854551315
Hum_XLOC_000840,THP1,0.0,0.05252071097493172
Hum_XLOC_000841,THP1,0.0,0.17370708286762238
Hum_XLOC_000842,THP1,0.0,0.017953308299183846
Hum_XLOC_000854,THP1,0.0,0.06552457064390182
Hum_XLOC_000855,THP1,0.0,0.02168210968375206
Hum_XLOC_000883,THP1,0.0,0.030441708862781525
Hum_XLOC_000885,THP1,0.0,0.007207570131868124
Hum_XLOC_000905,THP1,0.0,0.011713691987097263
Hum_XLOC_000917,THP1,0.0,0.01375823374837637
Hum_XLOC_000925,THP1,0.0,0.07062851637601852
Hum_XLOC_000944,THP1,0.0,0.023687347769737244
Hum_XLOC_000949,THP1,0.0,0.003465326502919197
Hum_XLOC_000953,THP1,0.0,0.008279898203909397
Hum_XLOC_000964,THP1,0.0,0.034996889531612396
Hum_XLOC_000990,THP1,0.0,0.006384892389178276
Hum_XLOC_000994,THP1,0.0,0.039121828973293304
Hum_XLOC_001020,THP1,0.0,0.03650885075330734
Hum_XLOC_001029,THP1,0.0,0.1941608190536499
Hum_XLOC_001066,THP1,0.0,0.035966694355010986
Hum_XLOC_001120,THP1,0.0,0.009356650523841381
Hum_XLOC_001121,THP1,0.0,0.14430709183216095
Hum_XLOC_001122,THP1,0.0,0.06994827836751938
Hum_XLOC_001125,THP1,0.0,0.11942766606807709
Hum_XLOC_001132,THP1,0.0,0.02765498124063015
Hum_XLOC_001138,THP1,0.0,0.08329152315855026
Hum_XLOC_001144,THP1,0.0,0.0638619214296341
Hum_XLOC_001146,THP1,0.0,0.08844934403896332
Hum_XLOC_001188,THP1,1.0,0.017054347321391106
Hum_XLOC_001191,THP1,0.0,0.003597659757360816
Hum_XLOC_001192,THP1,0.0,0.03538081422448158
Hum_XLOC_001217,THP1,0.0,0.012805079109966755
Hum_XLOC_001222,THP1,0.0,0.11345324665307999
Hum_XLOC_001228,THP1,0.0,0.011976570822298527
Hum_XLOC_001230,THP1,0.0,0.06893239170312881
Hum_XLOC_001237,THP1,0.0,0.07181443274021149
Hum_XLOC_001243,THP1,0.0,0.33629661798477173
Hum_XLOC_001275,THP1,0.0,0.007128614000976086
Hum_XLOC_001279,THP1,0.0,0.03745799884200096
Hum_XLOC_001291,THP1,0.0,0.2216711938381195
Hum_XLOC_001296,THP1,0.0,0.028721148148179054
Hum_XLOC_001297,THP1,0.0,0.2462216466665268
Hum_XLOC_001309,THP1,0.0,0.006947422865778208
Hum_XLOC_001329,THP1,0.0,0.018373744562268257
Hum_XLOC_001330,THP1,0.0,0.010784236714243889
Hum_XLOC_001355,THP1,0.0,0.03269214555621147
Hum_XLOC_001366,THP1,0.0,0.10725606232881546
Hum_XLOC_001367,THP1,0.0,0.019231218844652176
Hum_XLOC_001375,THP1,0.0,0.15455831587314606
Hum_XLOC_001390,THP1,0.0,0.0851561427116394
Hum_XLOC_001405,THP1,0.0,0.019865866750478745
Hum_XLOC_001461,THP1,0.0,0.013562033884227276
Hum_XLOC_001465,THP1,0.0,0.08756659924983978
Hum_XLOC_001488,THP1,0.0,0.10229267925024033
Hum_XLOC_001490,THP1,0.0,0.025244612246751785
Hum_XLOC_001509,THP1,1.0,0.12715370953083038
Hum_XLOC_001516,THP1,0.0,0.11604072153568268
Hum_XLOC_001532,THP1,0.0,0.011298131197690964
Hum_XLOC_001539,THP1,0.0,0.0876394733786583
Hum_XLOC_001541,THP1,0.0,0.24437662959098816
Hum_XLOC_001542,THP1,0.0,0.13307468593120575
Hum_XLOC_001548,THP1,0.0,0.008085125125944614
Hum_XLOC_001559,THP1,0.0,0.02597120776772499
Hum_XLOC_001565,THP1,0.0,0.035247545689344406
Hum_XLOC_001566,THP1,0.0,0.1269827038049698
Hum_XLOC_001575,THP1,0.0,0.3218957483768463
Hum_XLOC_001580,THP1,0.0,0.02115103043615818
Hum_XLOC_001590,THP1,0.0,0.03494042530655861
Hum_XLOC_001615,THP1,1.0,0.05460233986377716
Hum_XLOC_001624,THP1,0.0,0.041805021464824677
Hum_XLOC_001639,THP1,0.0,0.05949977785348892
Hum_XLOC_001661,THP1,0.0,0.12397213280200958
Hum_XLOC_001666,THP1,0.0,0.004141815938055515
Hum_XLOC_001668,THP1,0.0,0.03847803547978401
Hum_XLOC_001688,THP1,0.0,0.0767061710357666
Hum_XLOC_001689,THP1,0.0,0.07999461144208908
Hum_XLOC_001695,THP1,0.0,0.1628011018037796
Hum_XLOC_001696,THP1,0.0,0.044792093336582184
Hum_XLOC_001698,THP1,0.0,0.08340569585561752
Hum_XLOC_001707,THP1,0.0,0.07709196209907532
Hum_XLOC_001760,THP1,0.0,0.07981915026903152
Hum_XLOC_001761,THP1,0.0,0.02113531157374382
Hum_XLOC_001773,THP1,0.0,0.05514262616634369
Hum_XLOC_001775,THP1,0.0,0.09010438621044159
Hum_XLOC_001779,THP1,0.0,0.014116671867668629
Hum_XLOC_001783,THP1,0.0,0.052435483783483505
Hum_XLOC_001791,THP1,0.0,0.07652586698532104
Hum_XLOC_001805,THP1,0.0,0.01195855624973774
Hum_XLOC_001809,THP1,0.0,0.2001514583826065
Hum_XLOC_001848,THP1,0.0,0.06496276706457138
Hum_XLOC_001919,THP1,0.0,0.03931255266070366
Hum_XLOC_001941,THP1,0.0,0.022490108385682106
Hum_XLOC_001942,THP1,0.0,0.09320978075265884
Hum_XLOC_001949,THP1,0.0,0.01184513047337532
Hum_XLOC_001950,THP1,0.0,0.0032549083698540926
Hum_XLOC_001953,THP1,0.0,0.03876401111483574
Hum_XLOC_001957,THP1,0.0,0.1261577308177948
Hum_XLOC_001961,THP1,1.0,0.025251265615224838
Hum_XLOC_001969,THP1,0.0,0.0856017991900444
Hum_XLOC_002024,THP1,0.0,0.030628249049186707
Hum_XLOC_002028,THP1,0.0,0.011005382984876633
Hum_XLOC_002033,THP1,0.0,0.13475388288497925
Hum_XLOC_002036,THP1,0.0,0.02433178573846817
Hum_XLOC_002037,THP1,0.0,0.022768691182136536
Hum_XLOC_002041,THP1,0.0,0.18894615769386292
Hum_XLOC_002059,THP1,0.0,0.21134817600250244
Hum_XLOC_002061,THP1,0.0,0.11939117312431335
Hum_XLOC_002068,THP1,0.0,0.008061385713517666
Hum_XLOC_002081,THP1,0.0,0.038242507725954056
Hum_XLOC_002093,THP1,0.0,0.09484968334436417
Hum_XLOC_002099,THP1,0.0,0.16676394641399384
Hum_XLOC_002144,THP1,0.0,0.0031369675416499376
Hum_XLOC_002150,THP1,0.0,0.005316984374076128
Hum_XLOC_002152,THP1,0.0,0.011002191342413425
Hum_XLOC_002154,THP1,0.0,0.024694008752703667
Hum_XLOC_002169,THP1,1.0,0.01713317446410656
Hum_XLOC_002170,THP1,0.0,0.12621410191059113
Hum_XLOC_002176,THP1,0.0,0.07358796149492264
Hum_XLOC_002178,THP1,0.0,0.028655389323830605
Hum_XLOC_002186,THP1,0.0,0.01789393462240696
Hum_XLOC_002204,THP1,0.0,0.047509267926216125
Hum_XLOC_002205,THP1,0.0,0.03689408302307129
Hum_XLOC_002219,THP1,0.0,0.04800783097743988
Hum_XLOC_002244,THP1,0.0,0.05090923607349396
Hum_XLOC_002252,THP1,0.0,0.1453995704650879
Hum_XLOC_002261,THP1,0.0,0.09235554188489914
Hum_XLOC_002262,THP1,0.0,0.0068800002336502075
Hum_XLOC_002265,THP1,0.0,0.02498333342373371
Hum_XLOC_002271,THP1,0.0,0.05954756960272789
Hum_XLOC_002280,THP1,0.0,0.10368260741233826
Hum_XLOC_002282,THP1,0.0,0.03773655742406845
Hum_XLOC_002283,THP1,0.0,0.004079521168023348
Hum_XLOC_002284,THP1,0.0,0.03437541425228119
Hum_XLOC_002294,THP1,0.0,0.3079625070095062
Hum_XLOC_002296,THP1,0.0,0.01775588095188141
Hum_XLOC_002299,THP1,0.0,0.03607429191470146
Hum_XLOC_002301,THP1,0.0,0.03193874657154083
Hum_XLOC_002306,THP1,0.0,0.014993219636380672
Hum_XLOC_002311,THP1,0.0,0.07675796002149582
Hum_XLOC_002313,THP1,0.0,0.04514104872941971
Hum_XLOC_002314,THP1,0.0,0.027550743892788887
Hum_XLOC_002327,THP1,0.0,0.13102741539478302
Hum_XLOC_002330,THP1,0.0,0.06777138262987137
Hum_XLOC_002338,THP1,0.0,0.15436989068984985
Hum_XLOC_002344,THP1,0.0,0.018746333196759224
Hum_XLOC_002347,THP1,0.0,0.02997819148004055
Hum_XLOC_002348,THP1,0.0,0.015529499389231205
Hum_XLOC_002362,THP1,0.0,0.03598348796367645
Hum_XLOC_002364,THP1,0.0,0.04138796404004097
Hum_XLOC_002383,THP1,0.0,0.00045202384353615344
Hum_XLOC_002386,THP1,0.0,0.04952739179134369
Hum_XLOC_002390,THP1,0.0,0.05965573340654373
Hum_XLOC_002394,THP1,0.0,0.0036378856748342514
Hum_XLOC_002398,THP1,0.0,0.02551243081688881
Hum_XLOC_002399,THP1,0.0,0.017214946448802948
Hum_XLOC_002408,THP1,0.0,0.10282035171985626
Hum_XLOC_002414,THP1,0.0,0.11669248342514038
Hum_XLOC_002418,THP1,0.0,0.0017246281495317817
Hum_XLOC_002435,THP1,0.0,0.07526714354753494
Hum_XLOC_002440,THP1,0.0,0.221300408244133
Hum_XLOC_002489,THP1,0.0,0.11774203926324844
Hum_XLOC_002490,THP1,0.0,0.0021453083027154207
Hum_XLOC_002493,THP1,0.0,0.09027063101530075
Hum_XLOC_002520,THP1,0.0,0.010822225362062454
Hum_XLOC_002524,THP1,0.0,0.041179314255714417
Hum_XLOC_002546,THP1,0.0,0.1294233798980713
Hum_XLOC_002560,THP1,0.0,0.19619713723659515
Hum_XLOC_002570,THP1,0.0,0.023055939003825188
Hum_XLOC_002577,THP1,0.0,0.07467900216579437
Hum_XLOC_002579,THP1,0.0,0.028178485110402107
Hum_XLOC_002586,THP1,0.0,0.007708865217864513
Hum_XLOC_002589,THP1,0.0,0.01679513417184353
Hum_XLOC_002629,THP1,0.0,0.05770966038107872
Hum_XLOC_002631,THP1,0.0,0.39553722739219666
Hum_XLOC_002635,THP1,0.0,0.013597299344837666
Hum_XLOC_002644,THP1,0.0,0.1813100278377533
Hum_XLOC_002646,THP1,0.0,0.08031057566404343
Hum_XLOC_002653,THP1,0.0,0.04486130550503731
Hum_XLOC_002681,THP1,0.0,0.16725192964076996
Hum_XLOC_002695,THP1,0.0,0.010074876248836517
Hum_XLOC_002702,THP1,0.0,0.015185362659394741
Hum_XLOC_002705,THP1,0.0,0.030333593487739563
Hum_XLOC_002711,THP1,0.0,0.18014103174209595
Hum_XLOC_002714,THP1,0.0,0.016077887266874313
Hum_XLOC_002717,THP1,0.0,0.38073328137397766
Hum_XLOC_002725,THP1,0.0,0.010208302177488804
Hum_XLOC_002741,THP1,0.0,0.0007668907637707889
Hum_XLOC_002742,THP1,0.0,0.007969041354954243
Hum_XLOC_002744,THP1,0.0,0.003118150634691119
Hum_XLOC_002760,THP1,0.0,0.14574310183525085
Hum_XLOC_002788,THP1,0.0,0.08184850215911865
Hum_XLOC_002792,THP1,0.0,0.11286384612321854
Hum_XLOC_002796,THP1,0.0,0.027033070102334023
Hum_XLOC_002817,THP1,0.0,0.033128976821899414
Hum_XLOC_002836,THP1,1.0,0.4154016375541687
Hum_XLOC_002844,THP1,0.0,0.05639846995472908
Hum_XLOC_002845,THP1,0.0,0.10683019459247589
Hum_XLOC_002859,THP1,0.0,0.35168951749801636
Hum_XLOC_002889,THP1,0.0,0.04688113555312157
Hum_XLOC_002911,THP1,0.0,0.006184256635606289
Hum_XLOC_002935,THP1,1.0,0.03668755292892456
Hum_XLOC_002937,THP1,0.0,0.17482580244541168
Hum_XLOC_002967,THP1,0.0,0.04797331243753433
Hum_XLOC_002983,THP1,0.0,0.08648618310689926
Hum_XLOC_002986,THP1,0.0,0.055273279547691345
Hum_XLOC_002990,THP1,0.0,0.006285072769969702
Hum_XLOC_003039,THP1,0.0,0.02307758666574955
Hum_XLOC_003061,THP1,0.0,0.23973941802978516
Hum_XLOC_003086,THP1,1.0,0.24270617961883545
Hum_XLOC_003099,THP1,0.0,0.022535229101777077
Hum_XLOC_003109,THP1,1.0,0.2127678245306015
Hum_XLOC_003128,THP1,0.0,0.20060060918331146
Hum_XLOC_003134,THP1,0.0,0.02220812253654003
Hum_XLOC_003137,THP1,0.0,0.13770098984241486
Hum_XLOC_003154,THP1,0.0,0.09617491066455841
Hum_XLOC_003155,THP1,0.0,0.057052742689847946
Hum_XLOC_003171,THP1,0.0,0.06376322358846664
Hum_XLOC_003209,THP1,0.0,0.04146009311079979
Hum_XLOC_003215,THP1,0.0,0.06011493131518364
Hum_XLOC_003221,THP1,0.0,0.05531006678938866
Hum_XLOC_003232,THP1,0.0,0.09522943198680878
Hum_XLOC_003268,THP1,0.0,0.08767124265432358
Hum_XLOC_003269,THP1,0.0,0.035478219389915466
Hum_XLOC_003286,THP1,0.0,0.043692246079444885
Hum_XLOC_003290,THP1,0.0,0.0016999631188809872
Hum_XLOC_003294,THP1,0.0,0.03588155284523964
Hum_XLOC_003321,THP1,0.0,0.10863307863473892
Hum_XLOC_003324,THP1,0.0,0.042073141783475876
Hum_XLOC_003334,THP1,0.0,0.12258870899677277
Hum_XLOC_003337,THP1,0.0,0.023757092654705048
Hum_XLOC_003338,THP1,0.0,0.04105931892991066
Hum_XLOC_003352,THP1,0.0,0.02770010009407997
Hum_XLOC_003357,THP1,0.0,0.025942165404558182
Hum_XLOC_003361,THP1,0.0,0.026467008516192436
Hum_XLOC_003371,THP1,0.0,0.03369325026869774
Hum_XLOC_003381,THP1,0.0,0.170963317155838
Hum_XLOC_003408,THP1,0.0,0.014325047843158245
Hum_XLOC_003436,THP1,0.0,0.004536650609225035
Hum_XLOC_003440,THP1,0.0,0.13238389790058136
Hum_XLOC_003450,THP1,0.0,0.04825893044471741
Hum_XLOC_003466,THP1,0.0,0.054983578622341156
Hum_XLOC_003488,THP1,0.0,0.18296556174755096
Hum_XLOC_003491,THP1,0.0,0.030491316691040993
Hum_XLOC_003497,THP1,0.0,0.021768448874354362
Hum_XLOC_003498,THP1,0.0,0.025393743067979813
Hum_XLOC_003502,THP1,0.0,0.005719989538192749
Hum_XLOC_003518,THP1,0.0,0.22114503383636475
Hum_XLOC_003532,THP1,0.0,0.05220483988523483
Hum_XLOC_003543,THP1,0.0,0.061835747212171555
Hum_XLOC_003554,THP1,1.0,0.1161884069442749
Hum_XLOC_003563,THP1,0.0,0.28640317916870117
Hum_XLOC_003567,THP1,0.0,0.07289111614227295
Hum_XLOC_003568,THP1,0.0,0.011857242323458195
Hum_XLOC_003570,THP1,0.0,0.001892012543976307
Hum_XLOC_003571,THP1,0.0,0.05334063246846199
Hum_XLOC_003593,THP1,0.0,0.08630146086215973
Hum_XLOC_003594,THP1,0.0,0.08374232798814774
Hum_XLOC_003598,THP1,0.0,0.01574818603694439
Hum_XLOC_003626,THP1,0.0,0.055366151034832
Hum_XLOC_003628,THP1,1.0,0.2760286331176758
Hum_XLOC_003630,THP1,0.0,0.005243709310889244
Hum_XLOC_003641,THP1,0.0,0.0012500772718340158
Hum_XLOC_003662,THP1,0.0,0.314659982919693
Hum_XLOC_003665,THP1,0.0,0.014711054973304272
Hum_XLOC_003672,THP1,0.0,0.08748871833086014
Hum_XLOC_003673,THP1,0.0,0.005981591530144215
Hum_XLOC_003674,THP1,0.0,0.07252254337072372
Hum_XLOC_003676,THP1,0.0,0.2194262146949768
Hum_XLOC_003686,THP1,0.0,0.024973781779408455
Hum_XLOC_003697,THP1,0.0,0.11107482761144638
Hum_XLOC_003717,THP1,0.0,0.018157416954636574
Hum_XLOC_003725,THP1,0.0,0.031172461807727814
Hum_XLOC_003743,THP1,0.0,0.02627362310886383
Hum_XLOC_003754,THP1,0.0,0.12194820493459702
Hum_XLOC_003766,THP1,0.0,0.020094117149710655
Hum_XLOC_003775,THP1,0.0,0.09369682520627975
Hum_XLOC_003790,THP1,0.0,0.11984605342149734
Hum_XLOC_003799,THP1,0.0,0.4421066343784332
Hum_XLOC_003853,THP1,0.0,0.05452784523367882
Hum_XLOC_003865,THP1,0.0,0.1914113610982895
Hum_XLOC_003871,THP1,0.0,0.04257708042860031
Hum_XLOC_003891,THP1,0.0,0.027929598465561867
Hum_XLOC_003892,THP1,1.0,0.10556778311729431
Hum_XLOC_003910,THP1,0.0,0.050942111760377884
Hum_XLOC_003911,THP1,0.0,0.011366481892764568
Hum_XLOC_003952,THP1,0.0,0.005848560016602278
Hum_XLOC_003971,THP1,0.0,0.03725510835647583
Hum_XLOC_003988,THP1,0.0,0.10061721503734589
Hum_XLOC_004020,THP1,0.0,0.10904618352651596
Hum_XLOC_004035,THP1,0.0,0.08345187455415726
Hum_XLOC_004036,THP1,0.0,0.0036346344277262688
Hum_XLOC_004048,THP1,0.0,0.0756768137216568
Hum_XLOC_004068,THP1,0.0,0.024717839434742928
Hum_XLOC_004069,THP1,0.0,0.09081142395734787
Hum_XLOC_004095,THP1,0.0,0.003414253471419215
Hum_XLOC_004096,THP1,0.0,0.11002448201179504
Hum_XLOC_004116,THP1,0.0,0.04401601105928421
Hum_XLOC_004123,THP1,0.0,0.10320624709129333
Hum_XLOC_004134,THP1,0.0,0.02809782885015011
Hum_XLOC_004161,THP1,0.0,0.00177177251316607
Hum_XLOC_004168,THP1,0.0,0.040648944675922394
Hum_XLOC_004169,THP1,0.0,0.004280671011656523
Hum_XLOC_004177,THP1,0.0,0.10496380180120468
Hum_XLOC_004200,THP1,0.0,0.0008464164566248655
Hum_XLOC_004201,THP1,0.0,0.019625160843133926
Hum_XLOC_004219,THP1,0.0,0.07597864419221878
Hum_XLOC_004226,THP1,0.0,0.0022784241009503603
Hum_XLOC_004227,THP1,0.0,0.009079007431864738
Hum_XLOC_004236,THP1,0.0,0.028428873047232628
Hum_XLOC_004254,THP1,1.0,0.1354115605354309
Hum_XLOC_004255,THP1,0.0,0.016707148402929306
Hum_XLOC_004262,THP1,1.0,0.1382163017988205
Hum_XLOC_004269,THP1,0.0,0.0941859781742096
Hum_XLOC_004277,THP1,0.0,0.06932789087295532
Hum_XLOC_004278,THP1,0.0,0.06486199796199799
Hum_XLOC_004282,THP1,0.0,0.09990457445383072
Hum_XLOC_004287,THP1,0.0,0.015064531937241554
Hum_XLOC_004293,THP1,0.0,0.01779707707464695
Hum_XLOC_004302,THP1,0.0,0.11499989777803421
Hum_XLOC_004303,THP1,0.0,0.06168995425105095
Hum_XLOC_004306,THP1,0.0,0.005758100654929876
Hum_XLOC_004309,THP1,0.0,0.06358083337545395
Hum_XLOC_004314,THP1,0.0,0.17290398478507996
Hum_XLOC_004317,THP1,0.0,0.19349297881126404
Hum_XLOC_004336,THP1,1.0,0.10593408346176147
Hum_XLOC_004343,THP1,0.0,0.04520478472113609
Hum_XLOC_004350,THP1,0.0,0.025205986574292183
Hum_XLOC_004361,THP1,0.0,0.06795905530452728
Hum_XLOC_004363,THP1,0.0,0.004359413404017687
Hum_XLOC_004401,THP1,0.0,0.0008634419646114111
Hum_XLOC_004405,THP1,0.0,0.0005317417671903968
Hum_XLOC_004407,THP1,0.0,0.03709263354539871
Hum_XLOC_004424,THP1,0.0,0.057586703449487686
Hum_XLOC_004437,THP1,0.0,0.020818637683987617
Hum_XLOC_004446,THP1,0.0,0.0804082453250885
Hum_XLOC_004457,THP1,0.0,0.014486237429082394
Hum_XLOC_004482,THP1,0.0,0.17370307445526123
Hum_XLOC_004502,THP1,0.0,0.11126343905925751
Hum_XLOC_004515,THP1,0.0,0.19134828448295593
Hum_XLOC_004529,THP1,0.0,0.12080498039722443
Hum_XLOC_004535,THP1,0.0,0.1691920906305313
Hum_XLOC_004553,THP1,0.0,0.04812917858362198
Hum_XLOC_004566,THP1,0.0,0.0023670392110943794
Hum_XLOC_004567,THP1,0.0,0.08439520746469498
Hum_XLOC_004572,THP1,1.0,0.10748886317014694
Hum_XLOC_004578,THP1,0.0,0.02582872286438942
Hum_XLOC_004580,THP1,0.0,0.09648631513118744
Hum_XLOC_004581,THP1,0.0,0.017856137827038765
Hum_XLOC_004587,THP1,0.0,0.013469447381794453
Hum_XLOC_004600,THP1,0.0,0.08223256468772888
Hum_XLOC_004601,THP1,0.0,0.007910662330687046
Hum_XLOC_004607,THP1,0.0,0.010192506946623325
Hum_XLOC_004617,THP1,0.0,0.14961422979831696
Hum_XLOC_004619,THP1,0.0,0.006377092096954584
Hum_XLOC_004620,THP1,0.0,0.00851578637957573
Hum_XLOC_004632,THP1,0.0,0.042609330266714096
Hum_XLOC_004636,THP1,0.0,0.009266362525522709
Hum_XLOC_004652,THP1,0.0,0.06974734365940094
Hum_XLOC_004653,THP1,0.0,0.16852353513240814
Hum_XLOC_004657,THP1,0.0,0.10037557035684586
Hum_XLOC_004661,THP1,0.0,0.03471120074391365
Hum_XLOC_004683,THP1,0.0,0.0077760061249136925
Hum_XLOC_004684,THP1,0.0,0.10408901423215866
Hum_XLOC_004688,THP1,0.0,0.07526261359453201
Hum_XLOC_004689,THP1,0.0,0.03935534879565239
Hum_XLOC_004705,THP1,0.0,0.0010818244190886617
Hum_XLOC_004717,THP1,0.0,0.14198486506938934
Hum_XLOC_004718,THP1,0.0,0.011846828274428844
Hum_XLOC_004733,THP1,0.0,0.19276775419712067
Hum_XLOC_004741,THP1,0.0,0.03175077214837074
Hum_XLOC_004762,THP1,0.0,0.06340767443180084
Hum_XLOC_004771,THP1,0.0,0.1452825963497162
Hum_XLOC_004777,THP1,0.0,0.0843682512640953
Hum_XLOC_004788,THP1,0.0,0.03821532428264618
Hum_XLOC_004791,THP1,0.0,0.050427209585905075
Hum_XLOC_004795,THP1,0.0,0.10060708224773407
Hum_XLOC_004803,THP1,0.0,0.029580865055322647
Hum_XLOC_004805,THP1,0.0,0.05731378123164177
Hum_XLOC_004813,THP1,0.0,0.15036830306053162
Hum_XLOC_004815,THP1,0.0,0.33123090863227844
Hum_XLOC_004822,THP1,0.0,0.1398855745792389
Hum_XLOC_004823,THP1,0.0,0.07280652970075607
Hum_XLOC_004827,THP1,0.0,0.03531721234321594
Hum_XLOC_004837,THP1,0.0,0.07463671267032623
Hum_XLOC_004839,THP1,0.0,0.036606110632419586
Hum_XLOC_004855,THP1,0.0,0.02628789283335209
Hum_XLOC_004874,THP1,0.0,0.06325995922088623
Hum_XLOC_004875,THP1,0.0,0.20665769279003143
Hum_XLOC_004878,THP1,0.0,0.016246460378170013
Hum_XLOC_004884,THP1,0.0,0.06815139204263687
Hum_XLOC_004911,THP1,0.0,0.20094938576221466
Hum_XLOC_004915,THP1,1.0,0.004125157371163368
Hum_XLOC_004927,THP1,0.0,0.007160317152738571
Hum_XLOC_004929,THP1,0.0,0.03287990763783455
Hum_XLOC_004936,THP1,0.0,0.02358766831457615
Hum_XLOC_004957,THP1,0.0,0.0043954928405582905
Hum_XLOC_004960,THP1,0.0,0.01746130734682083
Hum_XLOC_004965,THP1,0.0,0.03216788172721863
