target,cell_line,y_true,y_pred_proba
Hum_XLOC_000006,HAP1,0.0,0.4196733832359314
Hum_XLOC_000008,HAP1,0.0,0.5062574148178101
Hum_XLOC_000016,HAP1,0.0,0.4785332679748535
Hum_XLOC_000030,HAP1,0.0,0.41297534108161926
Hum_XLOC_000033,HAP1,0.0,0.45289039611816406
Hum_XLOC_000039,HAP1,0.0,0.4923836886882782
Hum_XLOC_000053,HAP1,0.0,0.47336986660957336
Hum_XLOC_000057,HAP1,0.0,0.4776073694229126
Hum_XLOC_000060,HAP1,0.0,0.46231576800346375
Hum_XLOC_000080,HAP1,0.0,0.30245155096054077
Hum_XLOC_000094,HAP1,0.0,0.46312278509140015
Hum_XLOC_000100,HAP1,0.0,0.44273659586906433
Hum_XLOC_000105,HAP1,0.0,0.31422582268714905
Hum_XLOC_000107,HAP1,1.0,0.3344518840312958
Hum_XLOC_000111,HAP1,0.0,0.3859979808330536
Hum_XLOC_000134,HAP1,0.0,0.386121541261673
Hum_XLOC_000143,HAP1,0.0,0.4637819230556488
Hum_XLOC_000145,HAP1,0.0,0.49972864985466003
Hum_XLOC_000149,HAP1,0.0,0.4238598942756653
Hum_XLOC_000155,HAP1,1.0,0.2477208822965622
Hum_XLOC_000169,HAP1,0.0,0.41905826330184937
Hum_XLOC_000170,HAP1,0.0,0.4357098340988159
Hum_XLOC_000194,HAP1,0.0,0.42625904083251953
Hum_XLOC_000201,HAP1,0.0,0.3844374418258667
Hum_XLOC_000231,HAP1,0.0,0.4390767514705658
Hum_XLOC_000233,HAP1,0.0,0.45508691668510437
Hum_XLOC_000245,HAP1,0.0,0.4273524880409241
Hum_XLOC_000247,HAP1,0.0,0.5329033136367798
Hum_XLOC_000248,HAP1,0.0,0.3890736401081085
Hum_XLOC_000265,HAP1,0.0,0.4097079336643219
Hum_XLOC_000282,HAP1,0.0,0.4309209883213043
Hum_XLOC_000286,HAP1,0.0,0.45412489771842957
Hum_XLOC_000292,HAP1,0.0,0.3996048867702484
Hum_XLOC_000307,HAP1,1.0,0.3609235882759094
Hum_XLOC_000308,HAP1,0.0,0.35286152362823486
Hum_XLOC_000312,HAP1,0.0,0.4249279499053955
Hum_XLOC_000314,HAP1,0.0,0.2805786728858948
Hum_XLOC_000317,HAP1,0.0,0.33865681290626526
Hum_XLOC_000319,HAP1,0.0,0.32450616359710693
Hum_XLOC_000332,HAP1,0.0,0.42244112491607666
Hum_XLOC_000338,HAP1,0.0,0.41566118597984314
Hum_XLOC_000342,HAP1,0.0,0.4582294225692749
Hum_XLOC_000345,HAP1,0.0,0.42412254214286804
Hum_XLOC_000362,HAP1,0.0,0.43145477771759033
Hum_XLOC_000377,HAP1,0.0,0.45773592591285706
Hum_XLOC_000390,HAP1,0.0,0.41187289357185364
Hum_XLOC_000394,HAP1,0.0,0.5310909152030945
Hum_XLOC_000411,HAP1,0.0,0.464722216129303
Hum_XLOC_000415,HAP1,0.0,0.4336032569408417
Hum_XLOC_000430,HAP1,0.0,0.4025649428367615
Hum_XLOC_000436,HAP1,0.0,0.4966830909252167
Hum_XLOC_000437,HAP1,0.0,0.45157766342163086
Hum_XLOC_000456,HAP1,0.0,0.6391069889068604
Hum_XLOC_000461,HAP1,0.0,0.476692795753479
Hum_XLOC_000462,HAP1,0.0,0.4875805675983429
Hum_XLOC_000465,HAP1,0.0,0.38940396904945374
Hum_XLOC_000472,HAP1,0.0,0.39993759989738464
Hum_XLOC_000474,HAP1,0.0,0.3642450273036957
Hum_XLOC_000478,HAP1,0.0,0.4426843822002411
Hum_XLOC_000486,HAP1,0.0,0.3540321886539459
Hum_XLOC_000490,HAP1,0.0,0.3775421679019928
Hum_XLOC_000498,HAP1,0.0,0.4220593273639679
Hum_XLOC_000500,HAP1,0.0,0.42904505133628845
Hum_XLOC_000510,HAP1,0.0,0.4872853755950928
Hum_XLOC_000535,HAP1,0.0,0.5254343748092651
Hum_XLOC_000540,HAP1,0.0,0.38981369137763977
Hum_XLOC_000556,HAP1,0.0,0.3445388972759247
Hum_XLOC_000574,HAP1,0.0,0.4081115126609802
Hum_XLOC_000575,HAP1,0.0,0.3612333834171295
Hum_XLOC_000582,HAP1,0.0,0.29116448760032654
Hum_XLOC_000590,HAP1,0.0,0.29340624809265137
Hum_XLOC_000601,HAP1,0.0,0.4808427691459656
Hum_XLOC_000604,HAP1,0.0,0.28140074014663696
Hum_XLOC_000608,HAP1,0.0,0.47006696462631226
Hum_XLOC_000612,HAP1,0.0,0.35648584365844727
Hum_XLOC_000636,HAP1,0.0,0.45057329535484314
Hum_XLOC_000638,HAP1,0.0,0.5168523192405701
Hum_XLOC_000641,HAP1,0.0,0.31712964177131653
Hum_XLOC_000655,HAP1,0.0,0.4709370732307434
Hum_XLOC_000668,HAP1,0.0,0.4513007700443268
Hum_XLOC_000680,HAP1,0.0,0.265828400850296
Hum_XLOC_000681,HAP1,0.0,0.33331403136253357
Hum_XLOC_000695,HAP1,0.0,0.3923036754131317
Hum_XLOC_000702,HAP1,0.0,0.5266644954681396
Hum_XLOC_000726,HAP1,0.0,0.4629319906234741
Hum_XLOC_000727,HAP1,0.0,0.3894709050655365
Hum_XLOC_000758,HAP1,0.0,0.3429652452468872
Hum_XLOC_000773,HAP1,0.0,0.3857698440551758
Hum_XLOC_000774,HAP1,0.0,0.44754356145858765
Hum_XLOC_000797,HAP1,0.0,0.49627819657325745
Hum_XLOC_000799,HAP1,0.0,0.48633524775505066
Hum_XLOC_000800,HAP1,0.0,0.3875933885574341
Hum_XLOC_000807,HAP1,0.0,0.43296515941619873
Hum_XLOC_000818,HAP1,0.0,0.40145453810691833
Hum_XLOC_000828,HAP1,0.0,0.4554236829280853
Hum_XLOC_000831,HAP1,0.0,0.3566221594810486
Hum_XLOC_000835,HAP1,0.0,0.31214335560798645
Hum_XLOC_000840,HAP1,0.0,0.46330520510673523
Hum_XLOC_000841,HAP1,0.0,0.43047988414764404
Hum_XLOC_000842,HAP1,0.0,0.3233700692653656
Hum_XLOC_000854,HAP1,0.0,0.3597160577774048
Hum_XLOC_000855,HAP1,0.0,0.25028344988822937
Hum_XLOC_000883,HAP1,0.0,0.3357550799846649
Hum_XLOC_000885,HAP1,0.0,0.32009685039520264
Hum_XLOC_000905,HAP1,0.0,0.31447508931159973
Hum_XLOC_000917,HAP1,0.0,0.39891567826271057
Hum_XLOC_000925,HAP1,0.0,0.35859864950180054
Hum_XLOC_000944,HAP1,0.0,0.3209371566772461
Hum_XLOC_000949,HAP1,0.0,0.3782951533794403
Hum_XLOC_000953,HAP1,0.0,0.35067421197891235
Hum_XLOC_000964,HAP1,0.0,0.33107954263687134
Hum_XLOC_000990,HAP1,0.0,0.2545221447944641
Hum_XLOC_000994,HAP1,0.0,0.4102971851825714
Hum_XLOC_001020,HAP1,0.0,0.2705450654029846
Hum_XLOC_001029,HAP1,0.0,0.4737223982810974
Hum_XLOC_001066,HAP1,1.0,0.3711373805999756
Hum_XLOC_001120,HAP1,0.0,0.4259323477745056
Hum_XLOC_001121,HAP1,0.0,0.38054585456848145
Hum_XLOC_001122,HAP1,0.0,0.5638173818588257
Hum_XLOC_001125,HAP1,0.0,0.5737209320068359
Hum_XLOC_001132,HAP1,0.0,0.5020014643669128
Hum_XLOC_001138,HAP1,0.0,0.3791961669921875
Hum_XLOC_001144,HAP1,0.0,0.38993820548057556
Hum_XLOC_001146,HAP1,0.0,0.3674791157245636
Hum_XLOC_001188,HAP1,0.0,0.3403754234313965
Hum_XLOC_001191,HAP1,0.0,0.35072243213653564
Hum_XLOC_001192,HAP1,0.0,0.4329189360141754
Hum_XLOC_001217,HAP1,0.0,0.30624085664749146
Hum_XLOC_001222,HAP1,0.0,0.28930386900901794
Hum_XLOC_001228,HAP1,0.0,0.42841023206710815
Hum_XLOC_001230,HAP1,0.0,0.3330162465572357
Hum_XLOC_001237,HAP1,0.0,0.4151533246040344
Hum_XLOC_001243,HAP1,0.0,0.44894224405288696
Hum_XLOC_001275,HAP1,0.0,0.35369741916656494
Hum_XLOC_001279,HAP1,0.0,0.3748737871646881
Hum_XLOC_001291,HAP1,0.0,0.4908299148082733
Hum_XLOC_001296,HAP1,0.0,0.46838727593421936
Hum_XLOC_001297,HAP1,0.0,0.4946361780166626
Hum_XLOC_001309,HAP1,0.0,0.45822662115097046
Hum_XLOC_001329,HAP1,0.0,0.27604928612709045
Hum_XLOC_001330,HAP1,0.0,0.3349056541919708
Hum_XLOC_001355,HAP1,0.0,0.39115482568740845
Hum_XLOC_001366,HAP1,0.0,0.313758909702301
Hum_XLOC_001367,HAP1,0.0,0.3982212245464325
Hum_XLOC_001375,HAP1,0.0,0.3529626131057739
Hum_XLOC_001390,HAP1,0.0,0.29222723841667175
Hum_XLOC_001405,HAP1,0.0,0.46446529030799866
Hum_XLOC_001461,HAP1,0.0,0.42848554253578186
Hum_XLOC_001465,HAP1,0.0,0.3809906542301178
Hum_XLOC_001488,HAP1,0.0,0.4304383397102356
Hum_XLOC_001490,HAP1,0.0,0.3964168131351471
Hum_XLOC_001509,HAP1,0.0,0.39063704013824463
Hum_XLOC_001516,HAP1,0.0,0.40875470638275146
Hum_XLOC_001532,HAP1,0.0,0.39725807309150696
Hum_XLOC_001539,HAP1,0.0,0.302432656288147
Hum_XLOC_001541,HAP1,0.0,0.5121065974235535
Hum_XLOC_001542,HAP1,0.0,0.4424895942211151
Hum_XLOC_001548,HAP1,1.0,0.4114265441894531
Hum_XLOC_001559,HAP1,0.0,0.32812976837158203
Hum_XLOC_001565,HAP1,0.0,0.45092809200286865
Hum_XLOC_001566,HAP1,0.0,0.4977993369102478
Hum_XLOC_001575,HAP1,0.0,0.4922207295894623
Hum_XLOC_001580,HAP1,0.0,0.33504942059516907
Hum_XLOC_001590,HAP1,0.0,0.4240448474884033
Hum_XLOC_001615,HAP1,0.0,0.4706237316131592
Hum_XLOC_001624,HAP1,0.0,0.48598766326904297
Hum_XLOC_001639,HAP1,0.0,0.3833467960357666
Hum_XLOC_001661,HAP1,0.0,0.31556421518325806
Hum_XLOC_001666,HAP1,0.0,0.22880689799785614
Hum_XLOC_001668,HAP1,0.0,0.31403347849845886
Hum_XLOC_001688,HAP1,0.0,0.4011690318584442
Hum_XLOC_001689,HAP1,0.0,0.3460611402988434
Hum_XLOC_001695,HAP1,0.0,0.5094740390777588
Hum_XLOC_001696,HAP1,0.0,0.43485018610954285
Hum_XLOC_001698,HAP1,0.0,0.373844176530838
Hum_XLOC_001707,HAP1,0.0,0.43339821696281433
Hum_XLOC_001760,HAP1,0.0,0.3667490482330322
Hum_XLOC_001761,HAP1,0.0,0.4758801758289337
Hum_XLOC_001773,HAP1,0.0,0.533443808555603
Hum_XLOC_001775,HAP1,0.0,0.4318806231021881
Hum_XLOC_001779,HAP1,0.0,0.3750680983066559
Hum_XLOC_001783,HAP1,0.0,0.37241289019584656
Hum_XLOC_001791,HAP1,0.0,0.44757089018821716
Hum_XLOC_001805,HAP1,0.0,0.3996970057487488
Hum_XLOC_001809,HAP1,0.0,0.22214797139167786
Hum_XLOC_001848,HAP1,0.0,0.3543583154678345
Hum_XLOC_001919,HAP1,1.0,0.319438636302948
Hum_XLOC_001941,HAP1,0.0,0.33358874917030334
Hum_XLOC_001942,HAP1,0.0,0.3369872272014618
Hum_XLOC_001949,HAP1,0.0,0.22940818965435028
Hum_XLOC_001950,HAP1,0.0,0.4964579939842224
Hum_XLOC_001953,HAP1,0.0,0.3208228647708893
Hum_XLOC_001957,HAP1,0.0,0.3830481171607971
Hum_XLOC_001961,HAP1,0.0,0.32464879751205444
Hum_XLOC_001969,HAP1,0.0,0.36177217960357666
Hum_XLOC_002024,HAP1,0.0,0.3950425982475281
Hum_XLOC_002028,HAP1,0.0,0.2703133523464203
Hum_XLOC_002033,HAP1,0.0,0.41548478603363037
Hum_XLOC_002036,HAP1,0.0,0.4252246022224426
Hum_XLOC_002037,HAP1,0.0,0.3906867206096649
Hum_XLOC_002041,HAP1,0.0,0.29784029722213745
Hum_XLOC_002059,HAP1,0.0,0.43991246819496155
Hum_XLOC_002061,HAP1,0.0,0.3194083273410797
Hum_XLOC_002068,HAP1,0.0,0.2457212209701538
Hum_XLOC_002081,HAP1,0.0,0.47484275698661804
Hum_XLOC_002093,HAP1,0.0,0.5033106803894043
Hum_XLOC_002099,HAP1,0.0,0.36208367347717285
Hum_XLOC_002144,HAP1,0.0,0.4503841698169708
Hum_XLOC_002150,HAP1,0.0,0.3166874051094055
Hum_XLOC_002152,HAP1,0.0,0.3893637955188751
Hum_XLOC_002154,HAP1,0.0,0.36543771624565125
Hum_XLOC_002169,HAP1,0.0,0.3852849006652832
Hum_XLOC_002170,HAP1,0.0,0.3483632802963257
Hum_XLOC_002176,HAP1,0.0,0.44060713052749634
Hum_XLOC_002178,HAP1,0.0,0.3138614296913147
Hum_XLOC_002186,HAP1,1.0,0.3886331021785736
Hum_XLOC_002204,HAP1,0.0,0.4154244065284729
Hum_XLOC_002205,HAP1,0.0,0.3599265515804291
Hum_XLOC_002219,HAP1,0.0,0.4111711382865906
Hum_XLOC_002244,HAP1,0.0,0.33838072419166565
Hum_XLOC_002252,HAP1,0.0,0.4051634669303894
Hum_XLOC_002261,HAP1,0.0,0.34334826469421387
Hum_XLOC_002262,HAP1,0.0,0.23263871669769287
Hum_XLOC_002265,HAP1,0.0,0.4307413101196289
Hum_XLOC_002271,HAP1,0.0,0.437383770942688
Hum_XLOC_002280,HAP1,0.0,0.4211016595363617
Hum_XLOC_002282,HAP1,1.0,0.3215565085411072
Hum_XLOC_002283,HAP1,0.0,0.31095919013023376
Hum_XLOC_002284,HAP1,0.0,0.4337769150733948
Hum_XLOC_002294,HAP1,0.0,0.4653029441833496
Hum_XLOC_002296,HAP1,0.0,0.3852353096008301
Hum_XLOC_002299,HAP1,0.0,0.44300681352615356
Hum_XLOC_002301,HAP1,0.0,0.5028367042541504
Hum_XLOC_002306,HAP1,0.0,0.4127067029476166
Hum_XLOC_002311,HAP1,0.0,0.4695224463939667
Hum_XLOC_002313,HAP1,1.0,0.44316235184669495
Hum_XLOC_002314,HAP1,1.0,0.5363043546676636
Hum_XLOC_002327,HAP1,0.0,0.49279287457466125
Hum_XLOC_002330,HAP1,0.0,0.3538260757923126
Hum_XLOC_002338,HAP1,0.0,0.4683767557144165
Hum_XLOC_002344,HAP1,0.0,0.46297168731689453
Hum_XLOC_002347,HAP1,0.0,0.23626817762851715
Hum_XLOC_002348,HAP1,0.0,0.3314177989959717
Hum_XLOC_002362,HAP1,0.0,0.328213095664978
Hum_XLOC_002364,HAP1,0.0,0.28845182061195374
Hum_XLOC_002383,HAP1,0.0,0.29621127247810364
Hum_XLOC_002386,HAP1,0.0,0.3886438310146332
Hum_XLOC_002390,HAP1,0.0,0.5068939924240112
Hum_XLOC_002394,HAP1,0.0,0.40003666281700134
Hum_XLOC_002398,HAP1,0.0,0.32271331548690796
Hum_XLOC_002399,HAP1,0.0,0.30966612696647644
Hum_XLOC_002408,HAP1,0.0,0.30169206857681274
Hum_XLOC_002414,HAP1,0.0,0.4121948182582855
Hum_XLOC_002418,HAP1,0.0,0.3975490927696228
Hum_XLOC_002435,HAP1,1.0,0.2629338204860687
Hum_XLOC_002440,HAP1,0.0,0.4847710430622101
Hum_XLOC_002489,HAP1,0.0,0.3990626335144043
Hum_XLOC_002490,HAP1,0.0,0.24776817858219147
Hum_XLOC_002493,HAP1,0.0,0.36416009068489075
Hum_XLOC_002520,HAP1,0.0,0.47038716077804565
Hum_XLOC_002524,HAP1,0.0,0.39505279064178467
Hum_XLOC_002546,HAP1,0.0,0.448628693819046
Hum_XLOC_002560,HAP1,0.0,0.42445802688598633
Hum_XLOC_002570,HAP1,0.0,0.4111956059932709
Hum_XLOC_002577,HAP1,0.0,0.5406716465950012
Hum_XLOC_002579,HAP1,0.0,0.31450238823890686
Hum_XLOC_002586,HAP1,0.0,0.22879326343536377
Hum_XLOC_002589,HAP1,0.0,0.409820556640625
Hum_XLOC_002629,HAP1,0.0,0.40681013464927673
Hum_XLOC_002631,HAP1,0.0,0.369627982378006
Hum_XLOC_002635,HAP1,0.0,0.3687443435192108
Hum_XLOC_002644,HAP1,0.0,0.41702333092689514
Hum_XLOC_002646,HAP1,0.0,0.362779825925827
Hum_XLOC_002653,HAP1,0.0,0.35014814138412476
Hum_XLOC_002681,HAP1,0.0,0.40781596302986145
Hum_XLOC_002695,HAP1,0.0,0.39199286699295044
Hum_XLOC_002702,HAP1,0.0,0.253689169883728
Hum_XLOC_002705,HAP1,0.0,0.3693663477897644
Hum_XLOC_002711,HAP1,0.0,0.4617633819580078
Hum_XLOC_002714,HAP1,0.0,0.43222662806510925
Hum_XLOC_002717,HAP1,0.0,0.4699549376964569
Hum_XLOC_002725,HAP1,0.0,0.47563397884368896
Hum_XLOC_002741,HAP1,0.0,0.43956243991851807
Hum_XLOC_002742,HAP1,1.0,0.3760441839694977
Hum_XLOC_002744,HAP1,0.0,0.3088964819908142
Hum_XLOC_002760,HAP1,0.0,0.5116066932678223
Hum_XLOC_002788,HAP1,0.0,0.405830442905426
Hum_XLOC_002792,HAP1,0.0,0.47790107131004333
Hum_XLOC_002796,HAP1,0.0,0.4751274585723877
Hum_XLOC_002817,HAP1,0.0,0.34991660714149475
Hum_XLOC_002836,HAP1,1.0,0.5483033657073975
Hum_XLOC_002844,HAP1,0.0,0.42727208137512207
Hum_XLOC_002845,HAP1,0.0,0.4942287504673004
Hum_XLOC_002859,HAP1,0.0,0.4048610031604767
Hum_XLOC_002889,HAP1,0.0,0.3868381977081299
Hum_XLOC_002911,HAP1,0.0,0.3713265359401703
Hum_XLOC_002935,HAP1,0.0,0.5114558339118958
Hum_XLOC_002937,HAP1,0.0,0.43150290846824646
Hum_XLOC_002967,HAP1,0.0,0.24950569868087769
Hum_XLOC_002983,HAP1,0.0,0.4119640588760376
Hum_XLOC_002986,HAP1,0.0,0.50080806016922
Hum_XLOC_002990,HAP1,0.0,0.5087468028068542
Hum_XLOC_003039,HAP1,0.0,0.4144042432308197
Hum_XLOC_003061,HAP1,0.0,0.5288899540901184
Hum_XLOC_003086,HAP1,0.0,0.44236060976982117
Hum_XLOC_003099,HAP1,0.0,0.3057255744934082
Hum_XLOC_003109,HAP1,0.0,0.4090021550655365
Hum_XLOC_003128,HAP1,0.0,0.5216250419616699
Hum_XLOC_003134,HAP1,0.0,0.4622970223426819
Hum_XLOC_003137,HAP1,0.0,0.37727707624435425
Hum_XLOC_003154,HAP1,0.0,0.43680548667907715
Hum_XLOC_003155,HAP1,0.0,0.48340466618537903
Hum_XLOC_003171,HAP1,0.0,0.32233667373657227
Hum_XLOC_003209,HAP1,0.0,0.3434641659259796
Hum_XLOC_003215,HAP1,0.0,0.5068475604057312
Hum_XLOC_003221,HAP1,0.0,0.28131914138793945
Hum_XLOC_003232,HAP1,0.0,0.42732366919517517
Hum_XLOC_003268,HAP1,1.0,0.38105496764183044
Hum_XLOC_003269,HAP1,0.0,0.4626684784889221
Hum_XLOC_003286,HAP1,0.0,0.5294068455696106
Hum_XLOC_003290,HAP1,0.0,0.2975445091724396
Hum_XLOC_003294,HAP1,0.0,0.3517533838748932
Hum_XLOC_003321,HAP1,0.0,0.5026474595069885
Hum_XLOC_003324,HAP1,0.0,0.3766322433948517
Hum_XLOC_003334,HAP1,0.0,0.3748894929885864
Hum_XLOC_003337,HAP1,0.0,0.3190402388572693
Hum_XLOC_003338,HAP1,0.0,0.3590836226940155
Hum_XLOC_003352,HAP1,0.0,0.3976973593235016
Hum_XLOC_003357,HAP1,0.0,0.36536678671836853
Hum_XLOC_003361,HAP1,0.0,0.42307835817337036
Hum_XLOC_003371,HAP1,0.0,0.2451825737953186
Hum_XLOC_003381,HAP1,0.0,0.20516648888587952
Hum_XLOC_003408,HAP1,0.0,0.2824385464191437
Hum_XLOC_003436,HAP1,0.0,0.2727380394935608
Hum_XLOC_003440,HAP1,0.0,0.3047918975353241
Hum_XLOC_003450,HAP1,0.0,0.41257765889167786
Hum_XLOC_003466,HAP1,0.0,0.43206173181533813
Hum_XLOC_003488,HAP1,0.0,0.3368566036224365
Hum_XLOC_003491,HAP1,0.0,0.2656098008155823
Hum_XLOC_003497,HAP1,0.0,0.3250854015350342
Hum_XLOC_003498,HAP1,0.0,0.4219602346420288
Hum_XLOC_003502,HAP1,0.0,0.48185986280441284
Hum_XLOC_003518,HAP1,0.0,0.4158134460449219
Hum_XLOC_003532,HAP1,0.0,0.3893759548664093
Hum_XLOC_003543,HAP1,0.0,0.23486046493053436
Hum_XLOC_003554,HAP1,1.0,0.3976900279521942
Hum_XLOC_003563,HAP1,0.0,0.39033347368240356
Hum_XLOC_003567,HAP1,0.0,0.4086196720600128
Hum_XLOC_003568,HAP1,0.0,0.3869610130786896
Hum_XLOC_003570,HAP1,0.0,0.27975553274154663
Hum_XLOC_003571,HAP1,0.0,0.3833979070186615
Hum_XLOC_003593,HAP1,0.0,0.36254119873046875
Hum_XLOC_003594,HAP1,0.0,0.44409799575805664
Hum_XLOC_003598,HAP1,0.0,0.2345760613679886
Hum_XLOC_003626,HAP1,0.0,0.2883084714412689
Hum_XLOC_003628,HAP1,0.0,0.31499749422073364
Hum_XLOC_003630,HAP1,0.0,0.4104575514793396
Hum_XLOC_003641,HAP1,0.0,0.523777425289154
Hum_XLOC_003662,HAP1,0.0,0.43783771991729736
Hum_XLOC_003665,HAP1,0.0,0.45943471789360046
Hum_XLOC_003672,HAP1,0.0,0.4599551260471344
Hum_XLOC_003673,HAP1,0.0,0.3140316605567932
Hum_XLOC_003674,HAP1,0.0,0.495717316865921
Hum_XLOC_003676,HAP1,0.0,0.44636061787605286
Hum_XLOC_003686,HAP1,0.0,0.3897308111190796
Hum_XLOC_003697,HAP1,0.0,0.28405532240867615
Hum_XLOC_003717,HAP1,0.0,0.3770610988140106
Hum_XLOC_003725,HAP1,0.0,0.41827288269996643
Hum_XLOC_003743,HAP1,0.0,0.3567213714122772
Hum_XLOC_003754,HAP1,0.0,0.4291419982910156
Hum_XLOC_003766,HAP1,0.0,0.46146994829177856
Hum_XLOC_003775,HAP1,0.0,0.47621288895606995
Hum_XLOC_003790,HAP1,0.0,0.347003698348999
Hum_XLOC_003799,HAP1,0.0,0.29680901765823364
Hum_XLOC_003853,HAP1,0.0,0.2967195212841034
Hum_XLOC_003865,HAP1,0.0,0.451553612947464
Hum_XLOC_003871,HAP1,0.0,0.46058931946754456
Hum_XLOC_003891,HAP1,0.0,0.49222680926322937
Hum_XLOC_003892,HAP1,0.0,0.3720347285270691
Hum_XLOC_003910,HAP1,0.0,0.5030141472816467
Hum_XLOC_003911,HAP1,0.0,0.47273752093315125
Hum_XLOC_003952,HAP1,0.0,0.4402067959308624
Hum_XLOC_003971,HAP1,0.0,0.3874977231025696
Hum_XLOC_003988,HAP1,0.0,0.3197053372859955
Hum_XLOC_004020,HAP1,0.0,0.405438631772995
Hum_XLOC_004035,HAP1,0.0,0.5146742463111877
Hum_XLOC_004036,HAP1,0.0,0.4329313635826111
Hum_XLOC_004048,HAP1,0.0,0.3586445152759552
Hum_XLOC_004068,HAP1,0.0,0.3421737849712372
Hum_XLOC_004069,HAP1,0.0,0.27107879519462585
Hum_XLOC_004095,HAP1,0.0,0.46817687153816223
Hum_XLOC_004096,HAP1,0.0,0.4964296221733093
Hum_XLOC_004116,HAP1,1.0,0.5354514122009277
Hum_XLOC_004123,HAP1,0.0,0.29083186388015747
Hum_XLOC_004134,HAP1,0.0,0.2950373888015747
Hum_XLOC_004161,HAP1,0.0,0.3824179172515869
Hum_XLOC_004168,HAP1,0.0,0.39344075322151184
Hum_XLOC_004169,HAP1,0.0,0.3991658687591553
Hum_XLOC_004177,HAP1,0.0,0.388548344373703
Hum_XLOC_004200,HAP1,0.0,0.3408903479576111
Hum_XLOC_004201,HAP1,0.0,0.3785325884819031
Hum_XLOC_004219,HAP1,0.0,0.3707074224948883
Hum_XLOC_004226,HAP1,0.0,0.31426021456718445
Hum_XLOC_004227,HAP1,0.0,0.3436880111694336
Hum_XLOC_004236,HAP1,1.0,0.30990591645240784
Hum_XLOC_004254,HAP1,1.0,0.5446894764900208
Hum_XLOC_004255,HAP1,0.0,0.5094938278198242
Hum_XLOC_004262,HAP1,1.0,0.45414718985557556
Hum_XLOC_004269,HAP1,0.0,0.392492413520813
Hum_XLOC_004277,HAP1,0.0,0.4284191131591797
Hum_XLOC_004278,HAP1,0.0,0.3648950755596161
Hum_XLOC_004282,HAP1,0.0,0.40280741453170776
Hum_XLOC_004287,HAP1,0.0,0.43956226110458374
Hum_XLOC_004293,HAP1,0.0,0.4027242660522461
Hum_XLOC_004302,HAP1,0.0,0.5396915674209595
Hum_XLOC_004303,HAP1,0.0,0.27854058146476746
Hum_XLOC_004306,HAP1,0.0,0.298880934715271
Hum_XLOC_004309,HAP1,0.0,0.4295710623264313
Hum_XLOC_004314,HAP1,0.0,0.45485028624534607
Hum_XLOC_004317,HAP1,0.0,0.36166030168533325
Hum_XLOC_004336,HAP1,0.0,0.4232936203479767
Hum_XLOC_004343,HAP1,0.0,0.44326451420783997
Hum_XLOC_004350,HAP1,0.0,0.38538655638694763
Hum_XLOC_004361,HAP1,0.0,0.3529340624809265
Hum_XLOC_004363,HAP1,0.0,0.37087076902389526
Hum_XLOC_004401,HAP1,0.0,0.3028620481491089
Hum_XLOC_004405,HAP1,1.0,0.2906971573829651
Hum_XLOC_004407,HAP1,0.0,0.2994805872440338
Hum_XLOC_004424,HAP1,0.0,0.46392184495925903
Hum_XLOC_004437,HAP1,0.0,0.3255496919155121
Hum_XLOC_004446,HAP1,0.0,0.48991215229034424
Hum_XLOC_004457,HAP1,0.0,0.4408966898918152
Hum_XLOC_004482,HAP1,0.0,0.47655895352363586
Hum_XLOC_004502,HAP1,0.0,0.3664194941520691
Hum_XLOC_004515,HAP1,0.0,0.382020503282547
Hum_XLOC_004529,HAP1,0.0,0.4104323387145996
Hum_XLOC_004535,HAP1,0.0,0.3596881330013275
Hum_XLOC_004553,HAP1,0.0,0.5242545008659363
Hum_XLOC_004566,HAP1,0.0,0.2856071889400482
Hum_XLOC_004567,HAP1,0.0,0.3732956051826477
Hum_XLOC_004572,HAP1,0.0,0.49666938185691833
Hum_XLOC_004578,HAP1,0.0,0.41440916061401367
Hum_XLOC_004580,HAP1,0.0,0.42728161811828613
Hum_XLOC_004581,HAP1,0.0,0.4067830741405487
Hum_XLOC_004587,HAP1,0.0,0.5219811201095581
Hum_XLOC_004600,HAP1,0.0,0.5682288408279419
Hum_XLOC_004601,HAP1,0.0,0.37084484100341797
Hum_XLOC_004607,HAP1,0.0,0.43629512190818787
Hum_XLOC_004617,HAP1,0.0,0.32964062690734863
Hum_XLOC_004619,HAP1,0.0,0.3596780598163605
Hum_XLOC_004620,HAP1,0.0,0.48672494292259216
Hum_XLOC_004632,HAP1,0.0,0.45104649662971497
Hum_XLOC_004636,HAP1,0.0,0.4627099633216858
Hum_XLOC_004652,HAP1,0.0,0.3308505415916443
Hum_XLOC_004653,HAP1,0.0,0.3997981548309326
Hum_XLOC_004657,HAP1,1.0,0.4294802248477936
Hum_XLOC_004661,HAP1,0.0,0.43496888875961304
Hum_XLOC_004683,HAP1,0.0,0.284446656703949
Hum_XLOC_004684,HAP1,0.0,0.4566223919391632
Hum_XLOC_004688,HAP1,0.0,0.33639267086982727
Hum_XLOC_004689,HAP1,0.0,0.38154837489128113
Hum_XLOC_004705,HAP1,0.0,0.39886048436164856
Hum_XLOC_004717,HAP1,1.0,0.5187537670135498
Hum_XLOC_004718,HAP1,0.0,0.36098071932792664
Hum_XLOC_004733,HAP1,0.0,0.5597378611564636
Hum_XLOC_004741,HAP1,0.0,0.21138028800487518
Hum_XLOC_004762,HAP1,0.0,0.48462438583374023
Hum_XLOC_004771,HAP1,0.0,0.34306108951568604
Hum_XLOC_004777,HAP1,0.0,0.3382916748523712
Hum_XLOC_004788,HAP1,1.0,0.4352392554283142
Hum_XLOC_004791,HAP1,1.0,0.3012409210205078
Hum_XLOC_004795,HAP1,0.0,0.34873518347740173
Hum_XLOC_004803,HAP1,0.0,0.4459032714366913
Hum_XLOC_004805,HAP1,0.0,0.32537782192230225
Hum_XLOC_004813,HAP1,0.0,0.39337146282196045
Hum_XLOC_004815,HAP1,0.0,0.37671971321105957
Hum_XLOC_004822,HAP1,0.0,0.37432941794395447
Hum_XLOC_004823,HAP1,1.0,0.3437840938568115
Hum_XLOC_004827,HAP1,0.0,0.2670696973800659
Hum_XLOC_004837,HAP1,0.0,0.4241705536842346
Hum_XLOC_004839,HAP1,0.0,0.44601038098335266
Hum_XLOC_004855,HAP1,0.0,0.3465869724750519
Hum_XLOC_004874,HAP1,0.0,0.2997109591960907
Hum_XLOC_004875,HAP1,0.0,0.3983358144760132
Hum_XLOC_004878,HAP1,0.0,0.4303321838378906
Hum_XLOC_004884,HAP1,0.0,0.41255825757980347
Hum_XLOC_004911,HAP1,0.0,0.4978291988372803
Hum_XLOC_004915,HAP1,1.0,0.4560103714466095
Hum_XLOC_004927,HAP1,0.0,0.3884262144565582
Hum_XLOC_004929,HAP1,0.0,0.4314876198768616
Hum_XLOC_004936,HAP1,0.0,0.33353304862976074
Hum_XLOC_004957,HAP1,0.0,0.2659662365913391
Hum_XLOC_004960,HAP1,0.0,0.3605509400367737
Hum_XLOC_004965,HAP1,0.0,0.3289777934551239
Hum_XLOC_000006,HEK293FT,0.0,0.43784859776496887
Hum_XLOC_000008,HEK293FT,0.0,0.5240491032600403
Hum_XLOC_000016,HEK293FT,0.0,0.4945542812347412
Hum_XLOC_000030,HEK293FT,0.0,0.42646512389183044
Hum_XLOC_000033,HEK293FT,0.0,0.47518500685691833
Hum_XLOC_000039,HEK293FT,0.0,0.5045953989028931
Hum_XLOC_000053,HEK293FT,0.0,0.48422643542289734
Hum_XLOC_000057,HEK293FT,0.0,0.4908546507358551
Hum_XLOC_000060,HEK293FT,0.0,0.4742733836174011
Hum_XLOC_000080,HEK293FT,0.0,0.32165518403053284
Hum_XLOC_000094,HEK293FT,0.0,0.477219820022583
Hum_XLOC_000100,HEK293FT,1.0,0.46097639203071594
Hum_XLOC_000105,HEK293FT,0.0,0.33398666977882385
Hum_XLOC_000107,HEK293FT,0.0,0.34022101759910583
Hum_XLOC_000111,HEK293FT,0.0,0.3972603976726532
Hum_XLOC_000134,HEK293FT,0.0,0.39661088585853577
Hum_XLOC_000143,HEK293FT,0.0,0.4622519016265869
Hum_XLOC_000145,HEK293FT,0.0,0.505875825881958
Hum_XLOC_000149,HEK293FT,0.0,0.43674853444099426
Hum_XLOC_000155,HEK293FT,0.0,0.253682017326355
Hum_XLOC_000169,HEK293FT,0.0,0.43047669529914856
Hum_XLOC_000170,HEK293FT,0.0,0.4461826980113983
Hum_XLOC_000194,HEK293FT,0.0,0.43554168939590454
Hum_XLOC_000201,HEK293FT,0.0,0.41021251678466797
Hum_XLOC_000231,HEK293FT,0.0,0.45024025440216064
Hum_XLOC_000233,HEK293FT,0.0,0.46765685081481934
Hum_XLOC_000245,HEK293FT,1.0,0.43895062804222107
Hum_XLOC_000247,HEK293FT,0.0,0.5437728762626648
Hum_XLOC_000248,HEK293FT,0.0,0.403920978307724
Hum_XLOC_000265,HEK293FT,0.0,0.4248843789100647
Hum_XLOC_000282,HEK293FT,0.0,0.450167179107666
Hum_XLOC_000286,HEK293FT,0.0,0.4622836709022522
Hum_XLOC_000292,HEK293FT,0.0,0.4212161898612976
Hum_XLOC_000307,HEK293FT,0.0,0.3769133985042572
Hum_XLOC_000308,HEK293FT,0.0,0.3746887445449829
Hum_XLOC_000312,HEK293FT,0.0,0.43902459740638733
Hum_XLOC_000314,HEK293FT,0.0,0.29090169072151184
Hum_XLOC_000317,HEK293FT,0.0,0.35265955328941345
Hum_XLOC_000319,HEK293FT,0.0,0.3330705463886261
Hum_XLOC_000332,HEK293FT,0.0,0.4366105794906616
Hum_XLOC_000338,HEK293FT,0.0,0.4202578067779541
Hum_XLOC_000342,HEK293FT,0.0,0.47209441661834717
Hum_XLOC_000345,HEK293FT,0.0,0.440717488527298
Hum_XLOC_000362,HEK293FT,0.0,0.44271138310432434
Hum_XLOC_000377,HEK293FT,0.0,0.47515639662742615
Hum_XLOC_000390,HEK293FT,0.0,0.4246513247489929
Hum_XLOC_000394,HEK293FT,0.0,0.5400784611701965
Hum_XLOC_000411,HEK293FT,0.0,0.47675666213035583
Hum_XLOC_000415,HEK293FT,0.0,0.4502449035644531
Hum_XLOC_000430,HEK293FT,0.0,0.41349151730537415
Hum_XLOC_000436,HEK293FT,0.0,0.5075418949127197
Hum_XLOC_000437,HEK293FT,0.0,0.4717850387096405
Hum_XLOC_000456,HEK293FT,1.0,0.6480597853660583
Hum_XLOC_000461,HEK293FT,0.0,0.49369657039642334
Hum_XLOC_000462,HEK293FT,0.0,0.49275118112564087
Hum_XLOC_000465,HEK293FT,0.0,0.4003593623638153
Hum_XLOC_000472,HEK293FT,0.0,0.4095068573951721
Hum_XLOC_000474,HEK293FT,0.0,0.37593841552734375
Hum_XLOC_000478,HEK293FT,0.0,0.45768898725509644
Hum_XLOC_000486,HEK293FT,0.0,0.371586412191391
Hum_XLOC_000490,HEK293FT,0.0,0.3970109522342682
Hum_XLOC_000498,HEK293FT,0.0,0.42705824971199036
Hum_XLOC_000500,HEK293FT,0.0,0.4305807650089264
Hum_XLOC_000510,HEK293FT,0.0,0.498624712228775
Hum_XLOC_000535,HEK293FT,0.0,0.5421728491783142
Hum_XLOC_000540,HEK293FT,0.0,0.41359955072402954
Hum_XLOC_000556,HEK293FT,0.0,0.3529822826385498
Hum_XLOC_000574,HEK293FT,0.0,0.42808717489242554
Hum_XLOC_000575,HEK293FT,0.0,0.37703120708465576
Hum_XLOC_000582,HEK293FT,0.0,0.31341755390167236
Hum_XLOC_000590,HEK293FT,0.0,0.31194227933883667
Hum_XLOC_000601,HEK293FT,0.0,0.4871727526187897
Hum_XLOC_000604,HEK293FT,0.0,0.29142406582832336
Hum_XLOC_000608,HEK293FT,1.0,0.4839687943458557
Hum_XLOC_000612,HEK293FT,0.0,0.3736765384674072
Hum_XLOC_000636,HEK293FT,0.0,0.45856010913848877
Hum_XLOC_000638,HEK293FT,0.0,0.530414879322052
Hum_XLOC_000641,HEK293FT,0.0,0.3319532573223114
Hum_XLOC_000655,HEK293FT,1.0,0.47790634632110596
Hum_XLOC_000668,HEK293FT,0.0,0.4616391658782959
Hum_XLOC_000680,HEK293FT,0.0,0.2806614935398102
Hum_XLOC_000681,HEK293FT,0.0,0.3458651602268219
Hum_XLOC_000695,HEK293FT,0.0,0.4157281816005707
Hum_XLOC_000702,HEK293FT,0.0,0.5363821387290955
Hum_XLOC_000726,HEK293FT,0.0,0.48737218976020813
Hum_XLOC_000727,HEK293FT,0.0,0.3999283015727997
Hum_XLOC_000758,HEK293FT,0.0,0.351969450712204
Hum_XLOC_000773,HEK293FT,0.0,0.4015592038631439
Hum_XLOC_000774,HEK293FT,0.0,0.4568336606025696
Hum_XLOC_000797,HEK293FT,0.0,0.5035200715065002
Hum_XLOC_000799,HEK293FT,0.0,0.49762144684791565
Hum_XLOC_000800,HEK293FT,0.0,0.40408089756965637
Hum_XLOC_000807,HEK293FT,0.0,0.4372793436050415
Hum_XLOC_000818,HEK293FT,1.0,0.4165704846382141
Hum_XLOC_000828,HEK293FT,0.0,0.4617097079753876
Hum_XLOC_000831,HEK293FT,0.0,0.36204588413238525
Hum_XLOC_000835,HEK293FT,0.0,0.3267515003681183
Hum_XLOC_000840,HEK293FT,0.0,0.4884409010410309
Hum_XLOC_000841,HEK293FT,1.0,0.444856196641922
Hum_XLOC_000842,HEK293FT,0.0,0.3354060649871826
Hum_XLOC_000854,HEK293FT,0.0,0.3689977824687958
Hum_XLOC_000855,HEK293FT,0.0,0.2621648609638214
Hum_XLOC_000883,HEK293FT,0.0,0.35175055265426636
Hum_XLOC_000885,HEK293FT,0.0,0.33223170042037964
Hum_XLOC_000905,HEK293FT,0.0,0.32351070642471313
Hum_XLOC_000917,HEK293FT,0.0,0.41377055644989014
Hum_XLOC_000925,HEK293FT,0.0,0.36895886063575745
Hum_XLOC_000944,HEK293FT,0.0,0.3323870301246643
Hum_XLOC_000949,HEK293FT,0.0,0.38924166560173035
Hum_XLOC_000953,HEK293FT,0.0,0.35611221194267273
Hum_XLOC_000964,HEK293FT,0.0,0.34896066784858704
Hum_XLOC_000990,HEK293FT,0.0,0.2515815198421478
Hum_XLOC_000994,HEK293FT,0.0,0.4253573417663574
Hum_XLOC_001020,HEK293FT,0.0,0.28945961594581604
Hum_XLOC_001029,HEK293FT,0.0,0.47687092423439026
Hum_XLOC_001066,HEK293FT,0.0,0.37862902879714966
Hum_XLOC_001120,HEK293FT,0.0,0.43721845746040344
Hum_XLOC_001121,HEK293FT,0.0,0.38850170373916626
Hum_XLOC_001122,HEK293FT,0.0,0.5746260285377502
Hum_XLOC_001125,HEK293FT,0.0,0.5827134847640991
Hum_XLOC_001132,HEK293FT,0.0,0.5028438568115234
Hum_XLOC_001138,HEK293FT,0.0,0.3864642381668091
Hum_XLOC_001144,HEK293FT,0.0,0.4034261703491211
Hum_XLOC_001146,HEK293FT,0.0,0.3724602460861206
Hum_XLOC_001188,HEK293FT,0.0,0.34685376286506653
Hum_XLOC_001191,HEK293FT,0.0,0.3610871136188507
Hum_XLOC_001192,HEK293FT,0.0,0.4333564341068268
Hum_XLOC_001217,HEK293FT,0.0,0.32810887694358826
Hum_XLOC_001222,HEK293FT,0.0,0.2968033254146576
Hum_XLOC_001228,HEK293FT,0.0,0.4331098794937134
Hum_XLOC_001230,HEK293FT,0.0,0.34016451239585876
Hum_XLOC_001237,HEK293FT,0.0,0.4324296712875366
Hum_XLOC_001243,HEK293FT,0.0,0.4625283181667328
Hum_XLOC_001275,HEK293FT,0.0,0.370037317276001
Hum_XLOC_001279,HEK293FT,0.0,0.3776838779449463
Hum_XLOC_001291,HEK293FT,0.0,0.5010872483253479
Hum_XLOC_001296,HEK293FT,0.0,0.49044060707092285
Hum_XLOC_001297,HEK293FT,0.0,0.5056796073913574
Hum_XLOC_001309,HEK293FT,0.0,0.46333152055740356
Hum_XLOC_001329,HEK293FT,0.0,0.2858402729034424
Hum_XLOC_001330,HEK293FT,0.0,0.3469199538230896
Hum_XLOC_001355,HEK293FT,0.0,0.4060332477092743
Hum_XLOC_001366,HEK293FT,0.0,0.32487642765045166
Hum_XLOC_001367,HEK293FT,0.0,0.42186838388442993
Hum_XLOC_001375,HEK293FT,0.0,0.37032219767570496
Hum_XLOC_001390,HEK293FT,0.0,0.2963670492172241
Hum_XLOC_001405,HEK293FT,0.0,0.47373297810554504
Hum_XLOC_001461,HEK293FT,0.0,0.44104161858558655
Hum_XLOC_001465,HEK293FT,0.0,0.39514681696891785
Hum_XLOC_001488,HEK293FT,0.0,0.4436061382293701
Hum_XLOC_001490,HEK293FT,0.0,0.408337265253067
Hum_XLOC_001509,HEK293FT,0.0,0.3993180990219116
Hum_XLOC_001516,HEK293FT,0.0,0.41609594225883484
Hum_XLOC_001532,HEK293FT,0.0,0.41175007820129395
Hum_XLOC_001539,HEK293FT,0.0,0.3110226094722748
Hum_XLOC_001541,HEK293FT,0.0,0.5153271555900574
Hum_XLOC_001542,HEK293FT,0.0,0.45232081413269043
Hum_XLOC_001548,HEK293FT,0.0,0.4145495891571045
Hum_XLOC_001559,HEK293FT,0.0,0.3427881896495819
Hum_XLOC_001565,HEK293FT,0.0,0.46049290895462036
Hum_XLOC_001566,HEK293FT,0.0,0.5060015916824341
Hum_XLOC_001575,HEK293FT,0.0,0.5050585865974426
Hum_XLOC_001580,HEK293FT,0.0,0.3563566207885742
Hum_XLOC_001590,HEK293FT,0.0,0.4502166509628296
Hum_XLOC_001615,HEK293FT,0.0,0.4779137670993805
Hum_XLOC_001624,HEK293FT,0.0,0.4971150755882263
Hum_XLOC_001639,HEK293FT,0.0,0.40259793400764465
Hum_XLOC_001661,HEK293FT,0.0,0.3258890211582184
Hum_XLOC_001666,HEK293FT,0.0,0.240722194314003
Hum_XLOC_001668,HEK293FT,0.0,0.32989540696144104
Hum_XLOC_001688,HEK293FT,0.0,0.40675532817840576
Hum_XLOC_001689,HEK293FT,0.0,0.3513455390930176
Hum_XLOC_001695,HEK293FT,0.0,0.5160819292068481
Hum_XLOC_001696,HEK293FT,0.0,0.44512394070625305
Hum_XLOC_001698,HEK293FT,0.0,0.386845201253891
Hum_XLOC_001707,HEK293FT,0.0,0.4445856809616089
Hum_XLOC_001760,HEK293FT,0.0,0.38051897287368774
Hum_XLOC_001761,HEK293FT,0.0,0.49783238768577576
Hum_XLOC_001773,HEK293FT,0.0,0.5485824346542358
Hum_XLOC_001775,HEK293FT,0.0,0.44237983226776123
Hum_XLOC_001779,HEK293FT,0.0,0.38604316115379333
Hum_XLOC_001783,HEK293FT,0.0,0.3867982029914856
Hum_XLOC_001791,HEK293FT,0.0,0.4556341767311096
Hum_XLOC_001805,HEK293FT,0.0,0.4134211540222168
Hum_XLOC_001809,HEK293FT,0.0,0.23880510032176971
Hum_XLOC_001848,HEK293FT,0.0,0.3651823401451111
Hum_XLOC_001919,HEK293FT,0.0,0.33224111795425415
Hum_XLOC_001941,HEK293FT,0.0,0.34073296189308167
Hum_XLOC_001942,HEK293FT,0.0,0.3469304144382477
Hum_XLOC_001949,HEK293FT,0.0,0.24096249043941498
Hum_XLOC_001950,HEK293FT,0.0,0.5066445469856262
Hum_XLOC_001953,HEK293FT,0.0,0.32480719685554504
Hum_XLOC_001957,HEK293FT,0.0,0.39030104875564575
Hum_XLOC_001961,HEK293FT,0.0,0.337737113237381
Hum_XLOC_001969,HEK293FT,0.0,0.3692500591278076
Hum_XLOC_002024,HEK293FT,0.0,0.4092416763305664
Hum_XLOC_002028,HEK293FT,0.0,0.2801121771335602
Hum_XLOC_002033,HEK293FT,0.0,0.42707735300064087
Hum_XLOC_002036,HEK293FT,0.0,0.438800185918808
Hum_XLOC_002037,HEK293FT,0.0,0.39884278178215027
Hum_XLOC_002041,HEK293FT,0.0,0.3127845525741577
Hum_XLOC_002059,HEK293FT,0.0,0.44715824723243713
Hum_XLOC_002061,HEK293FT,0.0,0.32656434178352356
Hum_XLOC_002068,HEK293FT,0.0,0.2641356885433197
Hum_XLOC_002081,HEK293FT,0.0,0.4863235056400299
Hum_XLOC_002093,HEK293FT,0.0,0.5153855681419373
Hum_XLOC_002099,HEK293FT,0.0,0.3781343102455139
Hum_XLOC_002144,HEK293FT,0.0,0.457495778799057
Hum_XLOC_002150,HEK293FT,0.0,0.33193784952163696
Hum_XLOC_002152,HEK293FT,0.0,0.4038994610309601
Hum_XLOC_002154,HEK293FT,0.0,0.37883612513542175
Hum_XLOC_002169,HEK293FT,1.0,0.40211203694343567
Hum_XLOC_002170,HEK293FT,0.0,0.3621351718902588
Hum_XLOC_002176,HEK293FT,0.0,0.45059481263160706
Hum_XLOC_002178,HEK293FT,0.0,0.321607381105423
Hum_XLOC_002186,HEK293FT,0.0,0.4029357433319092
Hum_XLOC_002204,HEK293FT,1.0,0.4285808503627777
Hum_XLOC_002205,HEK293FT,1.0,0.36551445722579956
Hum_XLOC_002219,HEK293FT,1.0,0.435563325881958
Hum_XLOC_002244,HEK293FT,0.0,0.3605697751045227
Hum_XLOC_002252,HEK293FT,0.0,0.41711166501045227
Hum_XLOC_002261,HEK293FT,0.0,0.35814762115478516
Hum_XLOC_002262,HEK293FT,0.0,0.25070813298225403
Hum_XLOC_002265,HEK293FT,0.0,0.45259249210357666
Hum_XLOC_002271,HEK293FT,0.0,0.45107901096343994
Hum_XLOC_002280,HEK293FT,0.0,0.43827372789382935
Hum_XLOC_002282,HEK293FT,0.0,0.33089426159858704
Hum_XLOC_002283,HEK293FT,0.0,0.320678174495697
Hum_XLOC_002284,HEK293FT,0.0,0.44095513224601746
Hum_XLOC_002294,HEK293FT,0.0,0.47194695472717285
Hum_XLOC_002296,HEK293FT,0.0,0.3965304493904114
Hum_XLOC_002299,HEK293FT,0.0,0.4519630968570709
Hum_XLOC_002301,HEK293FT,0.0,0.5223515629768372
Hum_XLOC_002306,HEK293FT,0.0,0.41693222522735596
Hum_XLOC_002311,HEK293FT,1.0,0.4790779650211334
Hum_XLOC_002313,HEK293FT,0.0,0.45363089442253113
Hum_XLOC_002314,HEK293FT,0.0,0.5443564653396606
Hum_XLOC_002327,HEK293FT,0.0,0.503643274307251
Hum_XLOC_002330,HEK293FT,0.0,0.3690638840198517
Hum_XLOC_002338,HEK293FT,0.0,0.4744148850440979
Hum_XLOC_002344,HEK293FT,0.0,0.47067949175834656
Hum_XLOC_002347,HEK293FT,0.0,0.2515193819999695
Hum_XLOC_002348,HEK293FT,0.0,0.3371566832065582
Hum_XLOC_002362,HEK293FT,0.0,0.34387052059173584
Hum_XLOC_002364,HEK293FT,0.0,0.30277788639068604
Hum_XLOC_002383,HEK293FT,0.0,0.3084416091442108
Hum_XLOC_002386,HEK293FT,0.0,0.39803841710090637
Hum_XLOC_002390,HEK293FT,0.0,0.5185455679893494
Hum_XLOC_002394,HEK293FT,0.0,0.4077760875225067
Hum_XLOC_002398,HEK293FT,0.0,0.3319118618965149
Hum_XLOC_002399,HEK293FT,0.0,0.3230403661727905
Hum_XLOC_002408,HEK293FT,0.0,0.3166186809539795
Hum_XLOC_002414,HEK293FT,0.0,0.4193172752857208
Hum_XLOC_002418,HEK293FT,0.0,0.40774768590927124
Hum_XLOC_002435,HEK293FT,0.0,0.27390968799591064
Hum_XLOC_002440,HEK293FT,1.0,0.49106234312057495
Hum_XLOC_002489,HEK293FT,0.0,0.4071270525455475
Hum_XLOC_002490,HEK293FT,0.0,0.25706747174263
Hum_XLOC_002493,HEK293FT,0.0,0.3702014684677124
Hum_XLOC_002520,HEK293FT,0.0,0.48606956005096436
Hum_XLOC_002524,HEK293FT,0.0,0.41628769040107727
Hum_XLOC_002546,HEK293FT,0.0,0.461041122674942
Hum_XLOC_002560,HEK293FT,0.0,0.43966519832611084
Hum_XLOC_002570,HEK293FT,0.0,0.425001323223114
Hum_XLOC_002577,HEK293FT,0.0,0.5490000247955322
Hum_XLOC_002579,HEK293FT,0.0,0.333608478307724
Hum_XLOC_002586,HEK293FT,0.0,0.2384456843137741
Hum_XLOC_002589,HEK293FT,0.0,0.43409597873687744
Hum_XLOC_002629,HEK293FT,0.0,0.42293182015419006
Hum_XLOC_002631,HEK293FT,0.0,0.3826412856578827
Hum_XLOC_002635,HEK293FT,0.0,0.38374173641204834
Hum_XLOC_002644,HEK293FT,0.0,0.42674368619918823
Hum_XLOC_002646,HEK293FT,0.0,0.3808325231075287
Hum_XLOC_002653,HEK293FT,0.0,0.3633543848991394
Hum_XLOC_002681,HEK293FT,0.0,0.4197826683521271
Hum_XLOC_002695,HEK293FT,0.0,0.40171894431114197
Hum_XLOC_002702,HEK293FT,0.0,0.2729913890361786
Hum_XLOC_002705,HEK293FT,0.0,0.3843443691730499
Hum_XLOC_002711,HEK293FT,0.0,0.4751136898994446
Hum_XLOC_002714,HEK293FT,0.0,0.446219265460968
Hum_XLOC_002717,HEK293FT,0.0,0.48090067505836487
Hum_XLOC_002725,HEK293FT,0.0,0.4846149981021881
Hum_XLOC_002741,HEK293FT,0.0,0.44522571563720703
Hum_XLOC_002742,HEK293FT,0.0,0.38703906536102295
Hum_XLOC_002744,HEK293FT,0.0,0.3157581686973572
Hum_XLOC_002760,HEK293FT,0.0,0.5176558494567871
Hum_XLOC_002788,HEK293FT,0.0,0.4174690544605255
Hum_XLOC_002792,HEK293FT,1.0,0.48792219161987305
Hum_XLOC_002796,HEK293FT,0.0,0.4892975986003876
Hum_XLOC_002817,HEK293FT,0.0,0.37363526225090027
Hum_XLOC_002836,HEK293FT,0.0,0.5552194118499756
Hum_XLOC_002844,HEK293FT,1.0,0.4368292987346649
Hum_XLOC_002845,HEK293FT,0.0,0.5167316794395447
Hum_XLOC_002859,HEK293FT,0.0,0.4182351231575012
Hum_XLOC_002889,HEK293FT,0.0,0.3936299979686737
Hum_XLOC_002911,HEK293FT,0.0,0.38093993067741394
Hum_XLOC_002935,HEK293FT,0.0,0.5184668302536011
Hum_XLOC_002937,HEK293FT,0.0,0.44677412509918213
Hum_XLOC_002967,HEK293FT,0.0,0.2621573805809021
Hum_XLOC_002983,HEK293FT,0.0,0.4274624288082123
Hum_XLOC_002986,HEK293FT,0.0,0.5108792185783386
Hum_XLOC_002990,HEK293FT,0.0,0.522982656955719
Hum_XLOC_003039,HEK293FT,0.0,0.42084425687789917
Hum_XLOC_003061,HEK293FT,0.0,0.5399031043052673
Hum_XLOC_003086,HEK293FT,0.0,0.45667150616645813
Hum_XLOC_003099,HEK293FT,0.0,0.3230598270893097
Hum_XLOC_003109,HEK293FT,0.0,0.4102934002876282
Hum_XLOC_003128,HEK293FT,0.0,0.5273000001907349
Hum_XLOC_003134,HEK293FT,0.0,0.4722863733768463
Hum_XLOC_003137,HEK293FT,0.0,0.3946181535720825
Hum_XLOC_003154,HEK293FT,0.0,0.4481215178966522
Hum_XLOC_003155,HEK293FT,0.0,0.49446752667427063
Hum_XLOC_003171,HEK293FT,0.0,0.3446448743343353
Hum_XLOC_003209,HEK293FT,0.0,0.3618514835834503
Hum_XLOC_003215,HEK293FT,0.0,0.5144709348678589
Hum_XLOC_003221,HEK293FT,0.0,0.28965020179748535
Hum_XLOC_003232,HEK293FT,0.0,0.4455132782459259
Hum_XLOC_003268,HEK293FT,0.0,0.3945419192314148
Hum_XLOC_003269,HEK293FT,0.0,0.47993943095207214
Hum_XLOC_003286,HEK293FT,0.0,0.5409013628959656
Hum_XLOC_003290,HEK293FT,0.0,0.3150235116481781
Hum_XLOC_003294,HEK293FT,0.0,0.3638758361339569
Hum_XLOC_003321,HEK293FT,0.0,0.512234628200531
Hum_XLOC_003324,HEK293FT,0.0,0.3872033953666687
Hum_XLOC_003334,HEK293FT,0.0,0.38542526960372925
Hum_XLOC_003337,HEK293FT,0.0,0.33199816942214966
Hum_XLOC_003338,HEK293FT,0.0,0.36174577474594116
Hum_XLOC_003352,HEK293FT,0.0,0.4074020981788635
Hum_XLOC_003357,HEK293FT,0.0,0.3857002556324005
Hum_XLOC_003361,HEK293FT,0.0,0.4457137882709503
Hum_XLOC_003371,HEK293FT,0.0,0.2594867944717407
Hum_XLOC_003381,HEK293FT,0.0,0.21403557062149048
Hum_XLOC_003408,HEK293FT,0.0,0.2924712002277374
Hum_XLOC_003436,HEK293FT,0.0,0.28545042872428894
Hum_XLOC_003440,HEK293FT,0.0,0.311747670173645
Hum_XLOC_003450,HEK293FT,0.0,0.4208225607872009
Hum_XLOC_003466,HEK293FT,0.0,0.45268529653549194
Hum_XLOC_003488,HEK293FT,0.0,0.3500169813632965
Hum_XLOC_003491,HEK293FT,0.0,0.2729720175266266
Hum_XLOC_003497,HEK293FT,0.0,0.3484756052494049
Hum_XLOC_003498,HEK293FT,0.0,0.4339490830898285
Hum_XLOC_003502,HEK293FT,0.0,0.496017187833786
Hum_XLOC_003518,HEK293FT,0.0,0.4293886423110962
Hum_XLOC_003532,HEK293FT,0.0,0.403934121131897
Hum_XLOC_003543,HEK293FT,0.0,0.2460508644580841
Hum_XLOC_003554,HEK293FT,0.0,0.40925997495651245
Hum_XLOC_003563,HEK293FT,0.0,0.39571723341941833
Hum_XLOC_003567,HEK293FT,0.0,0.4216754734516144
Hum_XLOC_003568,HEK293FT,1.0,0.396161824464798
Hum_XLOC_003570,HEK293FT,0.0,0.2816210091114044
Hum_XLOC_003571,HEK293FT,0.0,0.3902773857116699
Hum_XLOC_003593,HEK293FT,0.0,0.3815552294254303
Hum_XLOC_003594,HEK293FT,0.0,0.45796629786491394
Hum_XLOC_003598,HEK293FT,0.0,0.24921450018882751
Hum_XLOC_003626,HEK293FT,0.0,0.2885722517967224
Hum_XLOC_003628,HEK293FT,0.0,0.3202294111251831
Hum_XLOC_003630,HEK293FT,0.0,0.4148605465888977
Hum_XLOC_003641,HEK293FT,0.0,0.5290095806121826
Hum_XLOC_003662,HEK293FT,0.0,0.45047497749328613
Hum_XLOC_003665,HEK293FT,0.0,0.47120752930641174
Hum_XLOC_003672,HEK293FT,0.0,0.4689968526363373
Hum_XLOC_003673,HEK293FT,0.0,0.3279782235622406
Hum_XLOC_003674,HEK293FT,0.0,0.5091907382011414
Hum_XLOC_003676,HEK293FT,0.0,0.46173572540283203
Hum_XLOC_003686,HEK293FT,0.0,0.4029395282268524
Hum_XLOC_003697,HEK293FT,0.0,0.3007601499557495
Hum_XLOC_003717,HEK293FT,0.0,0.3866761326789856
Hum_XLOC_003725,HEK293FT,0.0,0.44086796045303345
Hum_XLOC_003743,HEK293FT,0.0,0.37930357456207275
Hum_XLOC_003754,HEK293FT,0.0,0.4523947834968567
Hum_XLOC_003766,HEK293FT,0.0,0.4757114350795746
Hum_XLOC_003775,HEK293FT,0.0,0.4814130663871765
Hum_XLOC_003790,HEK293FT,0.0,0.35870230197906494
Hum_XLOC_003799,HEK293FT,0.0,0.3117867112159729
Hum_XLOC_003853,HEK293FT,0.0,0.31639033555984497
Hum_XLOC_003865,HEK293FT,0.0,0.4596027135848999
Hum_XLOC_003871,HEK293FT,0.0,0.4739210903644562
Hum_XLOC_003891,HEK293FT,0.0,0.49800315499305725
Hum_XLOC_003892,HEK293FT,0.0,0.3733469843864441
Hum_XLOC_003910,HEK293FT,0.0,0.521701455116272
Hum_XLOC_003911,HEK293FT,0.0,0.48897233605384827
Hum_XLOC_003952,HEK293FT,0.0,0.4519624710083008
Hum_XLOC_003971,HEK293FT,0.0,0.3990965187549591
Hum_XLOC_003988,HEK293FT,0.0,0.3336116671562195
Hum_XLOC_004020,HEK293FT,0.0,0.41095098853111267
Hum_XLOC_004035,HEK293FT,0.0,0.5216683149337769
Hum_XLOC_004036,HEK293FT,0.0,0.4503430128097534
Hum_XLOC_004048,HEK293FT,0.0,0.37340056896209717
Hum_XLOC_004068,HEK293FT,0.0,0.3555563986301422
Hum_XLOC_004069,HEK293FT,0.0,0.27833372354507446
Hum_XLOC_004095,HEK293FT,0.0,0.4905376732349396
Hum_XLOC_004096,HEK293FT,0.0,0.508756160736084
Hum_XLOC_004116,HEK293FT,0.0,0.5371276140213013
Hum_XLOC_004123,HEK293FT,0.0,0.30858156085014343
Hum_XLOC_004134,HEK293FT,0.0,0.31131139397621155
Hum_XLOC_004161,HEK293FT,0.0,0.3904187083244324
Hum_XLOC_004168,HEK293FT,0.0,0.41206660866737366
Hum_XLOC_004169,HEK293FT,0.0,0.4082610309123993
Hum_XLOC_004177,HEK293FT,0.0,0.40645262598991394
Hum_XLOC_004200,HEK293FT,0.0,0.3592051863670349
Hum_XLOC_004201,HEK293FT,0.0,0.3928305208683014
Hum_XLOC_004219,HEK293FT,1.0,0.37494122982025146
Hum_XLOC_004226,HEK293FT,0.0,0.3275982439517975
Hum_XLOC_004227,HEK293FT,1.0,0.3479713499546051
Hum_XLOC_004236,HEK293FT,0.0,0.3197479546070099
Hum_XLOC_004254,HEK293FT,1.0,0.553059458732605
Hum_XLOC_004255,HEK293FT,0.0,0.5162633657455444
Hum_XLOC_004262,HEK293FT,1.0,0.4676033556461334
Hum_XLOC_004269,HEK293FT,0.0,0.4028605818748474
Hum_XLOC_004277,HEK293FT,0.0,0.43269410729408264
Hum_XLOC_004278,HEK293FT,0.0,0.3774573802947998
Hum_XLOC_004282,HEK293FT,0.0,0.41964709758758545
Hum_XLOC_004287,HEK293FT,0.0,0.4483637511730194
Hum_XLOC_004293,HEK293FT,0.0,0.4216230809688568
Hum_XLOC_004302,HEK293FT,0.0,0.5496089458465576
Hum_XLOC_004303,HEK293FT,0.0,0.29283854365348816
Hum_XLOC_004306,HEK293FT,0.0,0.3166561722755432
Hum_XLOC_004309,HEK293FT,0.0,0.43807852268218994
Hum_XLOC_004314,HEK293FT,0.0,0.45892855525016785
Hum_XLOC_004317,HEK293FT,0.0,0.37582653760910034
Hum_XLOC_004336,HEK293FT,0.0,0.4336461126804352
Hum_XLOC_004343,HEK293FT,0.0,0.4552537202835083
Hum_XLOC_004350,HEK293FT,0.0,0.4010136127471924
Hum_XLOC_004361,HEK293FT,0.0,0.3743038475513458
Hum_XLOC_004363,HEK293FT,0.0,0.38687217235565186
Hum_XLOC_004401,HEK293FT,0.0,0.313153475522995
Hum_XLOC_004405,HEK293FT,0.0,0.3065163493156433
Hum_XLOC_004407,HEK293FT,0.0,0.31947728991508484
Hum_XLOC_004424,HEK293FT,1.0,0.4643060564994812
Hum_XLOC_004437,HEK293FT,0.0,0.34198474884033203
Hum_XLOC_004446,HEK293FT,0.0,0.5018557906150818
Hum_XLOC_004457,HEK293FT,0.0,0.45349979400634766
Hum_XLOC_004482,HEK293FT,0.0,0.48790401220321655
Hum_XLOC_004502,HEK293FT,0.0,0.38386183977127075
Hum_XLOC_004515,HEK293FT,0.0,0.3913162052631378
Hum_XLOC_004529,HEK293FT,0.0,0.4269789755344391
Hum_XLOC_004535,HEK293FT,0.0,0.3711094558238983
Hum_XLOC_004553,HEK293FT,0.0,0.5357619524002075
Hum_XLOC_004566,HEK293FT,0.0,0.29824960231781006
Hum_XLOC_004567,HEK293FT,0.0,0.3901180326938629
Hum_XLOC_004572,HEK293FT,0.0,0.5029641389846802
Hum_XLOC_004578,HEK293FT,0.0,0.43204107880592346
Hum_XLOC_004580,HEK293FT,0.0,0.44284704327583313
Hum_XLOC_004581,HEK293FT,0.0,0.4241270124912262
Hum_XLOC_004587,HEK293FT,0.0,0.5359463095664978
Hum_XLOC_004600,HEK293FT,0.0,0.5711972713470459
Hum_XLOC_004601,HEK293FT,1.0,0.38912224769592285
Hum_XLOC_004607,HEK293FT,0.0,0.460103303194046
Hum_XLOC_004617,HEK293FT,0.0,0.34640172123908997
Hum_XLOC_004619,HEK293FT,0.0,0.3766038417816162
Hum_XLOC_004620,HEK293FT,0.0,0.49541327357292175
Hum_XLOC_004632,HEK293FT,0.0,0.46240371465682983
Hum_XLOC_004636,HEK293FT,1.0,0.4798862338066101
Hum_XLOC_004652,HEK293FT,0.0,0.3463557958602905
Hum_XLOC_004653,HEK293FT,0.0,0.4078466296195984
Hum_XLOC_004657,HEK293FT,1.0,0.4370575547218323
Hum_XLOC_004661,HEK293FT,0.0,0.44002506136894226
Hum_XLOC_004683,HEK293FT,0.0,0.2992880344390869
Hum_XLOC_004684,HEK293FT,0.0,0.4679504930973053
Hum_XLOC_004688,HEK293FT,0.0,0.34764403104782104
Hum_XLOC_004689,HEK293FT,0.0,0.3977810740470886
Hum_XLOC_004705,HEK293FT,0.0,0.4090229868888855
Hum_XLOC_004717,HEK293FT,0.0,0.5284654498100281
Hum_XLOC_004718,HEK293FT,0.0,0.3906017243862152
Hum_XLOC_004733,HEK293FT,0.0,0.565214991569519
Hum_XLOC_004741,HEK293FT,0.0,0.22417184710502625
Hum_XLOC_004762,HEK293FT,0.0,0.4953342378139496
Hum_XLOC_004771,HEK293FT,0.0,0.34596264362335205
Hum_XLOC_004777,HEK293FT,0.0,0.3547411561012268
Hum_XLOC_004788,HEK293FT,0.0,0.4436650574207306
Hum_XLOC_004791,HEK293FT,0.0,0.3090718686580658
Hum_XLOC_004795,HEK293FT,0.0,0.3692527115345001
Hum_XLOC_004803,HEK293FT,0.0,0.4648909270763397
Hum_XLOC_004805,HEK293FT,0.0,0.33715954422950745
Hum_XLOC_004813,HEK293FT,0.0,0.40513771772384644
Hum_XLOC_004815,HEK293FT,0.0,0.3833787739276886
Hum_XLOC_004822,HEK293FT,0.0,0.3894718289375305
Hum_XLOC_004823,HEK293FT,0.0,0.35535961389541626
Hum_XLOC_004827,HEK293FT,0.0,0.27369412779808044
Hum_XLOC_004837,HEK293FT,0.0,0.43016156554222107
Hum_XLOC_004839,HEK293FT,0.0,0.4600387513637543
Hum_XLOC_004855,HEK293FT,0.0,0.36356040835380554
Hum_XLOC_004874,HEK293FT,0.0,0.31345483660697937
Hum_XLOC_004875,HEK293FT,0.0,0.40456506609916687
Hum_XLOC_004878,HEK293FT,0.0,0.44282272458076477
Hum_XLOC_004884,HEK293FT,0.0,0.4193305969238281
Hum_XLOC_004911,HEK293FT,0.0,0.5046027898788452
Hum_XLOC_004915,HEK293FT,0.0,0.458769828081131
Hum_XLOC_004927,HEK293FT,0.0,0.4020489752292633
Hum_XLOC_004929,HEK293FT,0.0,0.4412652552127838
Hum_XLOC_004936,HEK293FT,0.0,0.34766343235969543
Hum_XLOC_004957,HEK293FT,0.0,0.27747607231140137
Hum_XLOC_004960,HEK293FT,0.0,0.36469119787216187
Hum_XLOC_004965,HEK293FT,0.0,0.340576171875
Hum_XLOC_000006,K562,0.0,0.5268385410308838
Hum_XLOC_000008,K562,0.0,0.5019540190696716
Hum_XLOC_000016,K562,0.0,0.678260087966919
Hum_XLOC_000030,K562,0.0,0.7003585696220398
Hum_XLOC_000033,K562,0.0,0.6432302594184875
Hum_XLOC_000039,K562,0.0,0.734215259552002
Hum_XLOC_000053,K562,0.0,0.7177194356918335
Hum_XLOC_000057,K562,1.0,0.6932021975517273
Hum_XLOC_000060,K562,1.0,0.7414970993995667
Hum_XLOC_000080,K562,0.0,0.3774678409099579
Hum_XLOC_000094,K562,0.0,0.5871774554252625
Hum_XLOC_000100,K562,1.0,0.6293287873268127
Hum_XLOC_000105,K562,0.0,0.3375913202762604
Hum_XLOC_000107,K562,0.0,0.29522526264190674
Hum_XLOC_000111,K562,1.0,0.5142722725868225
Hum_XLOC_000134,K562,0.0,0.4220588207244873
Hum_XLOC_000143,K562,1.0,0.67452472448349
Hum_XLOC_000145,K562,0.0,0.5976594686508179
Hum_XLOC_000149,K562,0.0,0.5548986196517944
Hum_XLOC_000155,K562,1.0,0.26292476058006287
Hum_XLOC_000169,K562,0.0,0.588336169719696
Hum_XLOC_000170,K562,0.0,0.6286200881004333
Hum_XLOC_000194,K562,0.0,0.4377833306789398
Hum_XLOC_000201,K562,0.0,0.5287603139877319
Hum_XLOC_000231,K562,1.0,0.6642676591873169
Hum_XLOC_000233,K562,1.0,0.6346055269241333
Hum_XLOC_000245,K562,0.0,0.609268844127655
Hum_XLOC_000247,K562,0.0,0.7643658518791199
Hum_XLOC_000248,K562,0.0,0.4498526155948639
Hum_XLOC_000265,K562,0.0,0.5485487580299377
Hum_XLOC_000282,K562,0.0,0.574760913848877
Hum_XLOC_000286,K562,1.0,0.5392848253250122
Hum_XLOC_000292,K562,0.0,0.53938227891922
Hum_XLOC_000307,K562,0.0,0.36476877331733704
Hum_XLOC_000308,K562,0.0,0.4513013958930969
Hum_XLOC_000312,K562,1.0,0.6949462294578552
Hum_XLOC_000314,K562,0.0,0.27488017082214355
Hum_XLOC_000317,K562,0.0,0.32722267508506775
Hum_XLOC_000319,K562,0.0,0.3208630681037903
Hum_XLOC_000332,K562,0.0,0.5784391760826111
Hum_XLOC_000338,K562,0.0,0.4855779707431793
Hum_XLOC_000342,K562,0.0,0.6935557723045349
Hum_XLOC_000345,K562,0.0,0.6432588696479797
Hum_XLOC_000362,K562,0.0,0.5377690196037292
Hum_XLOC_000377,K562,1.0,0.5411859154701233
Hum_XLOC_000390,K562,0.0,0.5509087443351746
Hum_XLOC_000394,K562,0.0,0.6535245180130005
Hum_XLOC_000411,K562,0.0,0.47269296646118164
Hum_XLOC_000415,K562,0.0,0.7068527936935425
Hum_XLOC_000430,K562,0.0,0.4558737576007843
Hum_XLOC_000436,K562,0.0,0.6990843415260315
Hum_XLOC_000437,K562,1.0,0.6818309426307678
Hum_XLOC_000456,K562,1.0,0.6500969529151917
Hum_XLOC_000461,K562,0.0,0.6267619132995605
Hum_XLOC_000462,K562,0.0,0.6160539388656616
Hum_XLOC_000465,K562,0.0,0.37228548526763916
Hum_XLOC_000472,K562,0.0,0.4906882345676422
Hum_XLOC_000474,K562,0.0,0.4180930554866791
Hum_XLOC_000478,K562,0.0,0.6161928772926331
Hum_XLOC_000486,K562,0.0,0.3846978545188904
Hum_XLOC_000490,K562,0.0,0.48677554726600647
Hum_XLOC_000498,K562,0.0,0.4622030258178711
Hum_XLOC_000500,K562,1.0,0.5879837870597839
Hum_XLOC_000510,K562,0.0,0.6513292789459229
Hum_XLOC_000535,K562,0.0,0.7159965634346008
Hum_XLOC_000540,K562,0.0,0.43511924147605896
Hum_XLOC_000556,K562,0.0,0.4610197842121124
Hum_XLOC_000574,K562,0.0,0.52318274974823
Hum_XLOC_000575,K562,0.0,0.38164234161376953
Hum_XLOC_000582,K562,0.0,0.3218303322792053
Hum_XLOC_000590,K562,0.0,0.3019304573535919
Hum_XLOC_000601,K562,0.0,0.6058703660964966
Hum_XLOC_000604,K562,0.0,0.28120094537734985
Hum_XLOC_000608,K562,1.0,0.5943416953086853
Hum_XLOC_000612,K562,0.0,0.42762401700019836
Hum_XLOC_000636,K562,1.0,0.5022441744804382
Hum_XLOC_000638,K562,0.0,0.7057414054870605
Hum_XLOC_000641,K562,0.0,0.323039710521698
Hum_XLOC_000655,K562,0.0,0.5892813801765442
Hum_XLOC_000668,K562,0.0,0.5364407300949097
Hum_XLOC_000680,K562,0.0,0.27984797954559326
Hum_XLOC_000681,K562,0.0,0.37103110551834106
Hum_XLOC_000695,K562,0.0,0.4659103751182556
Hum_XLOC_000702,K562,0.0,0.6295265555381775
Hum_XLOC_000726,K562,0.0,0.6542457342147827
Hum_XLOC_000727,K562,0.0,0.45922571420669556
Hum_XLOC_000758,K562,0.0,0.3142995238304138
Hum_XLOC_000773,K562,0.0,0.4270515739917755
Hum_XLOC_000774,K562,0.0,0.4869164228439331
Hum_XLOC_000797,K562,0.0,0.4479796886444092
Hum_XLOC_000799,K562,0.0,0.6031414866447449
Hum_XLOC_000800,K562,0.0,0.3510545790195465
Hum_XLOC_000807,K562,0.0,0.5359195470809937
Hum_XLOC_000818,K562,0.0,0.4645715653896332
Hum_XLOC_000828,K562,0.0,0.47724151611328125
Hum_XLOC_000831,K562,0.0,0.3012753427028656
Hum_XLOC_000835,K562,0.0,0.34057995676994324
Hum_XLOC_000840,K562,0.0,0.49686479568481445
Hum_XLOC_000841,K562,0.0,0.47318968176841736
Hum_XLOC_000842,K562,0.0,0.29636234045028687
Hum_XLOC_000854,K562,1.0,0.3720334768295288
Hum_XLOC_000855,K562,0.0,0.2591293752193451
Hum_XLOC_000883,K562,0.0,0.36389973759651184
Hum_XLOC_000885,K562,0.0,0.29186317324638367
Hum_XLOC_000905,K562,0.0,0.2971866726875305
Hum_XLOC_000917,K562,0.0,0.38219764828681946
Hum_XLOC_000925,K562,0.0,0.36240154504776
Hum_XLOC_000944,K562,0.0,0.2879086136817932
Hum_XLOC_000949,K562,0.0,0.4168144762516022
Hum_XLOC_000953,K562,0.0,0.315382182598114
Hum_XLOC_000964,K562,0.0,0.31747379899024963
Hum_XLOC_000990,K562,0.0,0.2056064009666443
Hum_XLOC_000994,K562,0.0,0.361268013715744
Hum_XLOC_001020,K562,0.0,0.3100397288799286
Hum_XLOC_001029,K562,0.0,0.4302775263786316
Hum_XLOC_001066,K562,0.0,0.3747308552265167
Hum_XLOC_001120,K562,0.0,0.4951004087924957
Hum_XLOC_001121,K562,0.0,0.4027385711669922
Hum_XLOC_001122,K562,0.0,0.6468839645385742
Hum_XLOC_001125,K562,0.0,0.6733355522155762
Hum_XLOC_001132,K562,0.0,0.6251646280288696
Hum_XLOC_001138,K562,0.0,0.3519394099712372
Hum_XLOC_001144,K562,0.0,0.4066411554813385
Hum_XLOC_001146,K562,0.0,0.31446483731269836
Hum_XLOC_001188,K562,0.0,0.30609920620918274
Hum_XLOC_001191,K562,0.0,0.34354013204574585
Hum_XLOC_001192,K562,0.0,0.35100334882736206
Hum_XLOC_001217,K562,0.0,0.3096080422401428
Hum_XLOC_001222,K562,0.0,0.29920631647109985
Hum_XLOC_001228,K562,0.0,0.5696031451225281
Hum_XLOC_001230,K562,0.0,0.3607393503189087
Hum_XLOC_001237,K562,0.0,0.428638756275177
Hum_XLOC_001243,K562,0.0,0.47482264041900635
Hum_XLOC_001275,K562,0.0,0.36745792627334595
Hum_XLOC_001279,K562,0.0,0.35055381059646606
Hum_XLOC_001291,K562,0.0,0.49608394503593445
Hum_XLOC_001296,K562,1.0,0.5837967991828918
Hum_XLOC_001297,K562,0.0,0.4886949956417084
Hum_XLOC_001309,K562,0.0,0.457320898771286
Hum_XLOC_001329,K562,0.0,0.250020831823349
Hum_XLOC_001330,K562,0.0,0.3393278121948242
Hum_XLOC_001355,K562,0.0,0.4482308328151703
Hum_XLOC_001366,K562,0.0,0.35624459385871887
Hum_XLOC_001367,K562,0.0,0.39234524965286255
Hum_XLOC_001375,K562,0.0,0.39601975679397583
Hum_XLOC_001390,K562,0.0,0.2818814814090729
Hum_XLOC_001405,K562,0.0,0.5587944984436035
Hum_XLOC_001461,K562,0.0,0.43255043029785156
Hum_XLOC_001465,K562,0.0,0.3514403700828552
Hum_XLOC_001488,K562,0.0,0.4937919080257416
Hum_XLOC_001490,K562,1.0,0.6486048102378845
Hum_XLOC_001509,K562,0.0,0.4862074553966522
Hum_XLOC_001516,K562,0.0,0.3984191417694092
Hum_XLOC_001532,K562,0.0,0.5152183771133423
Hum_XLOC_001539,K562,0.0,0.307577520608902
Hum_XLOC_001541,K562,0.0,0.5084437131881714
Hum_XLOC_001542,K562,0.0,0.4989607632160187
Hum_XLOC_001548,K562,0.0,0.39167067408561707
Hum_XLOC_001559,K562,0.0,0.3047029376029968
Hum_XLOC_001565,K562,1.0,0.6109024286270142
Hum_XLOC_001566,K562,0.0,0.6000268459320068
Hum_XLOC_001575,K562,0.0,0.5919278860092163
Hum_XLOC_001580,K562,0.0,0.34031444787979126
Hum_XLOC_001590,K562,0.0,0.47551751136779785
Hum_XLOC_001615,K562,0.0,0.7059779167175293
Hum_XLOC_001624,K562,0.0,0.5575858950614929
Hum_XLOC_001639,K562,0.0,0.44610586762428284
Hum_XLOC_001661,K562,0.0,0.3076838254928589
Hum_XLOC_001666,K562,0.0,0.20806321501731873
Hum_XLOC_001668,K562,0.0,0.36142560839653015
Hum_XLOC_001688,K562,0.0,0.3599253296852112
Hum_XLOC_001689,K562,0.0,0.3215164244174957
Hum_XLOC_001695,K562,0.0,0.610654354095459
Hum_XLOC_001696,K562,0.0,0.5313338041305542
Hum_XLOC_001698,K562,0.0,0.3918425440788269
Hum_XLOC_001707,K562,0.0,0.47368258237838745
Hum_XLOC_001760,K562,0.0,0.3812476098537445
Hum_XLOC_001761,K562,0.0,0.5367106795310974
Hum_XLOC_001773,K562,0.0,0.5810587406158447
Hum_XLOC_001775,K562,0.0,0.4380166828632355
Hum_XLOC_001779,K562,0.0,0.5907462239265442
Hum_XLOC_001783,K562,1.0,0.41498008370399475
Hum_XLOC_001791,K562,0.0,0.4385063946247101
Hum_XLOC_001805,K562,0.0,0.4669284224510193
Hum_XLOC_001809,K562,0.0,0.20920388400554657
Hum_XLOC_001848,K562,0.0,0.3517436683177948
Hum_XLOC_001919,K562,0.0,0.3030823767185211
Hum_XLOC_001941,K562,0.0,0.3326627016067505
Hum_XLOC_001942,K562,0.0,0.3254226744174957
Hum_XLOC_001949,K562,0.0,0.22538866102695465
Hum_XLOC_001950,K562,1.0,0.5812036991119385
Hum_XLOC_001953,K562,0.0,0.27784639596939087
Hum_XLOC_001957,K562,0.0,0.3083745539188385
Hum_XLOC_001961,K562,0.0,0.38479146361351013
Hum_XLOC_001969,K562,0.0,0.32857200503349304
Hum_XLOC_002024,K562,0.0,0.39045432209968567
Hum_XLOC_002028,K562,0.0,0.2631067931652069
Hum_XLOC_002033,K562,1.0,0.4367418885231018
Hum_XLOC_002036,K562,0.0,0.5892442464828491
Hum_XLOC_002037,K562,0.0,0.5575164556503296
Hum_XLOC_002041,K562,0.0,0.3115803003311157
Hum_XLOC_002059,K562,0.0,0.5180335640907288
Hum_XLOC_002061,K562,0.0,0.37850069999694824
Hum_XLOC_002068,K562,0.0,0.24750424921512604
Hum_XLOC_002081,K562,0.0,0.6002981662750244
Hum_XLOC_002093,K562,0.0,0.5577557682991028
Hum_XLOC_002099,K562,0.0,0.33740317821502686
Hum_XLOC_002144,K562,0.0,0.6363670825958252
Hum_XLOC_002150,K562,0.0,0.3084163963794708
Hum_XLOC_002152,K562,0.0,0.44764426350593567
Hum_XLOC_002154,K562,0.0,0.38478583097457886
Hum_XLOC_002169,K562,0.0,0.41135919094085693
Hum_XLOC_002170,K562,0.0,0.3548995852470398
Hum_XLOC_002176,K562,0.0,0.4922707676887512
Hum_XLOC_002178,K562,0.0,0.29007601737976074
Hum_XLOC_002186,K562,0.0,0.4294580817222595
Hum_XLOC_002204,K562,0.0,0.41884300112724304
Hum_XLOC_002205,K562,0.0,0.3527381122112274
Hum_XLOC_002219,K562,0.0,0.39889276027679443
Hum_XLOC_002244,K562,0.0,0.3529287278652191
Hum_XLOC_002252,K562,0.0,0.33684438467025757
Hum_XLOC_002261,K562,0.0,0.30684295296669006
Hum_XLOC_002262,K562,0.0,0.23830844461917877
Hum_XLOC_002265,K562,0.0,0.4820108413696289
Hum_XLOC_002271,K562,0.0,0.4801795482635498
Hum_XLOC_002280,K562,0.0,0.5283550024032593
Hum_XLOC_002282,K562,0.0,0.29592186212539673
Hum_XLOC_002283,K562,0.0,0.36338043212890625
Hum_XLOC_002284,K562,1.0,0.6896412372589111
Hum_XLOC_002294,K562,0.0,0.5191875696182251
Hum_XLOC_002296,K562,0.0,0.3843526244163513
Hum_XLOC_002299,K562,0.0,0.49390098452568054
Hum_XLOC_002301,K562,0.0,0.7415523529052734
Hum_XLOC_002306,K562,0.0,0.5847792625427246
Hum_XLOC_002311,K562,0.0,0.46257323026657104
Hum_XLOC_002313,K562,0.0,0.6541972756385803
Hum_XLOC_002314,K562,1.0,0.6790842413902283
Hum_XLOC_002327,K562,0.0,0.6330687403678894
Hum_XLOC_002330,K562,0.0,0.4600967764854431
Hum_XLOC_002338,K562,0.0,0.49103406071662903
Hum_XLOC_002344,K562,0.0,0.4271928369998932
Hum_XLOC_002347,K562,0.0,0.25118887424468994
Hum_XLOC_002348,K562,0.0,0.2972415089607239
Hum_XLOC_002362,K562,0.0,0.32292672991752625
Hum_XLOC_002364,K562,0.0,0.3260379433631897
Hum_XLOC_002383,K562,0.0,0.28447866439819336
Hum_XLOC_002386,K562,0.0,0.4742756485939026
Hum_XLOC_002390,K562,0.0,0.6970659494400024
Hum_XLOC_002394,K562,0.0,0.44686368107795715
Hum_XLOC_002398,K562,0.0,0.2860344648361206
Hum_XLOC_002399,K562,0.0,0.39031100273132324
Hum_XLOC_002408,K562,0.0,0.2712804973125458
Hum_XLOC_002414,K562,0.0,0.40644973516464233
Hum_XLOC_002418,K562,0.0,0.46688297390937805
Hum_XLOC_002435,K562,0.0,0.2601985037326813
Hum_XLOC_002440,K562,0.0,0.5576001405715942
Hum_XLOC_002489,K562,0.0,0.3250264823436737
Hum_XLOC_002490,K562,0.0,0.22477056086063385
Hum_XLOC_002493,K562,0.0,0.4063511788845062
Hum_XLOC_002520,K562,0.0,0.726065456867218
Hum_XLOC_002524,K562,0.0,0.5745810270309448
Hum_XLOC_002546,K562,0.0,0.6739274263381958
Hum_XLOC_002560,K562,0.0,0.5244890451431274
Hum_XLOC_002570,K562,0.0,0.6691175699234009
Hum_XLOC_002577,K562,0.0,0.6958639621734619
Hum_XLOC_002579,K562,0.0,0.39054661989212036
Hum_XLOC_002586,K562,0.0,0.26471269130706787
Hum_XLOC_002589,K562,1.0,0.5909356474876404
Hum_XLOC_002629,K562,0.0,0.5330129265785217
Hum_XLOC_002631,K562,0.0,0.3831773102283478
Hum_XLOC_002635,K562,0.0,0.4009818732738495
Hum_XLOC_002644,K562,0.0,0.47901487350463867
Hum_XLOC_002646,K562,0.0,0.46536505222320557
Hum_XLOC_002653,K562,0.0,0.3622789978981018
Hum_XLOC_002681,K562,0.0,0.5568362474441528
Hum_XLOC_002695,K562,0.0,0.4590228796005249
Hum_XLOC_002702,K562,0.0,0.29995355010032654
Hum_XLOC_002705,K562,1.0,0.4803730845451355
Hum_XLOC_002711,K562,0.0,0.55584716796875
Hum_XLOC_002714,K562,0.0,0.5662017464637756
Hum_XLOC_002717,K562,0.0,0.4963585138320923
Hum_XLOC_002725,K562,0.0,0.6866334676742554
Hum_XLOC_002741,K562,0.0,0.5853224396705627
Hum_XLOC_002742,K562,0.0,0.41675451397895813
Hum_XLOC_002744,K562,0.0,0.3206765651702881
Hum_XLOC_002760,K562,0.0,0.6149238348007202
Hum_XLOC_002788,K562,0.0,0.5573272705078125
Hum_XLOC_002792,K562,0.0,0.6102491617202759
Hum_XLOC_002796,K562,0.0,0.6109185218811035
Hum_XLOC_002817,K562,0.0,0.4517228901386261
Hum_XLOC_002836,K562,0.0,0.46054449677467346
Hum_XLOC_002844,K562,0.0,0.44456589221954346
Hum_XLOC_002845,K562,0.0,0.6528465151786804
Hum_XLOC_002859,K562,0.0,0.3809184432029724
Hum_XLOC_002889,K562,0.0,0.5770109295845032
Hum_XLOC_002911,K562,0.0,0.52413010597229
Hum_XLOC_002935,K562,0.0,0.500409722328186
Hum_XLOC_002937,K562,0.0,0.46973666548728943
Hum_XLOC_002967,K562,0.0,0.2393196076154709
Hum_XLOC_002983,K562,0.0,0.491140216588974
Hum_XLOC_002986,K562,0.0,0.6604746580123901
Hum_XLOC_002990,K562,0.0,0.6627752184867859
Hum_XLOC_003039,K562,0.0,0.41054460406303406
Hum_XLOC_003061,K562,1.0,0.677112340927124
Hum_XLOC_003086,K562,0.0,0.5938190817832947
Hum_XLOC_003099,K562,0.0,0.32112765312194824
Hum_XLOC_003109,K562,0.0,0.45106232166290283
Hum_XLOC_003128,K562,0.0,0.6154502034187317
Hum_XLOC_003134,K562,1.0,0.6257205009460449
Hum_XLOC_003137,K562,0.0,0.36030393838882446
Hum_XLOC_003154,K562,0.0,0.48520633578300476
Hum_XLOC_003155,K562,0.0,0.6586891412734985
Hum_XLOC_003171,K562,0.0,0.38559162616729736
Hum_XLOC_003209,K562,0.0,0.43576234579086304
Hum_XLOC_003215,K562,0.0,0.588973343372345
Hum_XLOC_003221,K562,0.0,0.24007584154605865
Hum_XLOC_003232,K562,0.0,0.4536048173904419
Hum_XLOC_003268,K562,0.0,0.5593400001525879
Hum_XLOC_003269,K562,1.0,0.5598586201667786
Hum_XLOC_003286,K562,0.0,0.670189619064331
Hum_XLOC_003290,K562,0.0,0.3130172789096832
Hum_XLOC_003294,K562,0.0,0.35766029357910156
Hum_XLOC_003321,K562,0.0,0.590338945388794
Hum_XLOC_003324,K562,0.0,0.3400131165981293
Hum_XLOC_003334,K562,0.0,0.3231247365474701
Hum_XLOC_003337,K562,0.0,0.27193090319633484
Hum_XLOC_003338,K562,0.0,0.3763558566570282
Hum_XLOC_003352,K562,0.0,0.4896422028541565
Hum_XLOC_003357,K562,0.0,0.45430710911750793
Hum_XLOC_003361,K562,0.0,0.5572871565818787
Hum_XLOC_003371,K562,0.0,0.2503558099269867
Hum_XLOC_003381,K562,0.0,0.19502496719360352
Hum_XLOC_003408,K562,0.0,0.2450961470603943
Hum_XLOC_003436,K562,0.0,0.30146628618240356
Hum_XLOC_003440,K562,0.0,0.2759241759777069
Hum_XLOC_003450,K562,1.0,0.5575377941131592
Hum_XLOC_003466,K562,0.0,0.5395910739898682
Hum_XLOC_003488,K562,0.0,0.28822532296180725
Hum_XLOC_003491,K562,0.0,0.2468540519475937
Hum_XLOC_003497,K562,0.0,0.339743047952652
Hum_XLOC_003498,K562,0.0,0.38165780901908875
Hum_XLOC_003502,K562,0.0,0.5412888526916504
Hum_XLOC_003518,K562,0.0,0.37012580037117004
Hum_XLOC_003532,K562,0.0,0.4808903932571411
Hum_XLOC_003543,K562,0.0,0.2614860534667969
Hum_XLOC_003554,K562,0.0,0.3660706877708435
Hum_XLOC_003563,K562,0.0,0.40542906522750854
Hum_XLOC_003567,K562,0.0,0.45512712001800537
Hum_XLOC_003568,K562,0.0,0.4484633803367615
Hum_XLOC_003570,K562,0.0,0.27653560042381287
Hum_XLOC_003571,K562,0.0,0.3567463755607605
Hum_XLOC_003593,K562,0.0,0.39609360694885254
Hum_XLOC_003594,K562,0.0,0.6115450263023376
Hum_XLOC_003598,K562,0.0,0.21745896339416504
Hum_XLOC_003626,K562,0.0,0.2748068571090698
Hum_XLOC_003628,K562,0.0,0.2650003731250763
Hum_XLOC_003630,K562,0.0,0.4153338372707367
Hum_XLOC_003641,K562,1.0,0.5807577967643738
Hum_XLOC_003662,K562,0.0,0.5560007095336914
Hum_XLOC_003665,K562,1.0,0.6409618854522705
Hum_XLOC_003672,K562,0.0,0.5700795650482178
Hum_XLOC_003673,K562,0.0,0.32203561067581177
Hum_XLOC_003674,K562,0.0,0.6628772020339966
Hum_XLOC_003676,K562,0.0,0.5071598291397095
Hum_XLOC_003686,K562,0.0,0.3891160190105438
Hum_XLOC_003697,K562,0.0,0.28410184383392334
Hum_XLOC_003717,K562,0.0,0.4043416678905487
Hum_XLOC_003725,K562,0.0,0.5170255303382874
Hum_XLOC_003743,K562,0.0,0.4693697392940521
Hum_XLOC_003754,K562,0.0,0.53285813331604
Hum_XLOC_003766,K562,0.0,0.6189131736755371
Hum_XLOC_003775,K562,0.0,0.6077771186828613
Hum_XLOC_003790,K562,0.0,0.35576334595680237
Hum_XLOC_003799,K562,0.0,0.2721780240535736
Hum_XLOC_003853,K562,0.0,0.3293973505496979
Hum_XLOC_003865,K562,0.0,0.45400968194007874
Hum_XLOC_003871,K562,0.0,0.5396419167518616
Hum_XLOC_003891,K562,0.0,0.6482246518135071
Hum_XLOC_003892,K562,1.0,0.3948766887187958
Hum_XLOC_003910,K562,0.0,0.6883066892623901
Hum_XLOC_003911,K562,0.0,0.6925390362739563
Hum_XLOC_003952,K562,0.0,0.47680220007896423
Hum_XLOC_003971,K562,0.0,0.3753977119922638
Hum_XLOC_003988,K562,1.0,0.31852006912231445
Hum_XLOC_004020,K562,0.0,0.4163075387477875
Hum_XLOC_004035,K562,0.0,0.6071419715881348
Hum_XLOC_004036,K562,0.0,0.6707964539527893
Hum_XLOC_004048,K562,0.0,0.3682580590248108
Hum_XLOC_004068,K562,0.0,0.3547302186489105
Hum_XLOC_004069,K562,0.0,0.25266703963279724
Hum_XLOC_004095,K562,0.0,0.6952922344207764
Hum_XLOC_004096,K562,0.0,0.6762987971305847
Hum_XLOC_004116,K562,0.0,0.7163758873939514
Hum_XLOC_004123,K562,0.0,0.2971886098384857
Hum_XLOC_004134,K562,0.0,0.2949604392051697
Hum_XLOC_004161,K562,0.0,0.3780363202095032
Hum_XLOC_004168,K562,0.0,0.37683355808258057
Hum_XLOC_004169,K562,0.0,0.46430912613868713
Hum_XLOC_004177,K562,0.0,0.4204885959625244
Hum_XLOC_004200,K562,0.0,0.4517301321029663
Hum_XLOC_004201,K562,0.0,0.44919851422309875
Hum_XLOC_004219,K562,0.0,0.30981817841529846
Hum_XLOC_004226,K562,0.0,0.34883153438568115
Hum_XLOC_004227,K562,0.0,0.33769068121910095
Hum_XLOC_004236,K562,0.0,0.2927069067955017
Hum_XLOC_004254,K562,1.0,0.5764257907867432
Hum_XLOC_004255,K562,0.0,0.6435698866844177
Hum_XLOC_004262,K562,0.0,0.4470600485801697
Hum_XLOC_004269,K562,0.0,0.3651863634586334
Hum_XLOC_004277,K562,0.0,0.3676723539829254
Hum_XLOC_004278,K562,0.0,0.3144235610961914
Hum_XLOC_004282,K562,0.0,0.5599886775016785
Hum_XLOC_004287,K562,0.0,0.4486180245876312
Hum_XLOC_004293,K562,0.0,0.5454675555229187
Hum_XLOC_004302,K562,0.0,0.6779859662055969
Hum_XLOC_004303,K562,0.0,0.29987624287605286
Hum_XLOC_004306,K562,0.0,0.2788723409175873
Hum_XLOC_004309,K562,0.0,0.5874642133712769
Hum_XLOC_004314,K562,0.0,0.5484904646873474
Hum_XLOC_004317,K562,0.0,0.4782375395298004
Hum_XLOC_004336,K562,0.0,0.3724028170108795
Hum_XLOC_004343,K562,0.0,0.5144485235214233
Hum_XLOC_004350,K562,0.0,0.441036194562912
Hum_XLOC_004361,K562,0.0,0.3687799274921417
Hum_XLOC_004363,K562,0.0,0.4145568609237671
Hum_XLOC_004401,K562,0.0,0.3150763213634491
Hum_XLOC_004405,K562,0.0,0.2909451127052307
Hum_XLOC_004407,K562,0.0,0.3139297664165497
Hum_XLOC_004424,K562,0.0,0.4686164855957031
Hum_XLOC_004437,K562,0.0,0.3326297402381897
Hum_XLOC_004446,K562,0.0,0.6280741095542908
Hum_XLOC_004457,K562,0.0,0.6120218634605408
Hum_XLOC_004482,K562,0.0,0.5023420453071594
Hum_XLOC_004502,K562,0.0,0.3831672966480255
Hum_XLOC_004515,K562,0.0,0.34141579270362854
Hum_XLOC_004529,K562,0.0,0.4212263524532318
Hum_XLOC_004535,K562,0.0,0.3122326731681824
Hum_XLOC_004553,K562,0.0,0.6707553863525391
Hum_XLOC_004566,K562,0.0,0.29481229186058044
Hum_XLOC_004567,K562,0.0,0.36261463165283203
Hum_XLOC_004572,K562,0.0,0.5883007049560547
Hum_XLOC_004578,K562,0.0,0.4010457396507263
Hum_XLOC_004580,K562,0.0,0.4380388557910919
Hum_XLOC_004581,K562,0.0,0.4699136018753052
Hum_XLOC_004587,K562,0.0,0.6791660189628601
Hum_XLOC_004600,K562,0.0,0.6911615133285522
Hum_XLOC_004601,K562,0.0,0.4016631245613098
Hum_XLOC_004607,K562,0.0,0.5303366184234619
Hum_XLOC_004617,K562,0.0,0.3851177990436554
Hum_XLOC_004619,K562,0.0,0.4752679169178009
Hum_XLOC_004620,K562,1.0,0.7146925926208496
Hum_XLOC_004632,K562,0.0,0.44595301151275635
Hum_XLOC_004636,K562,0.0,0.6003069877624512
Hum_XLOC_004652,K562,0.0,0.3459482192993164
Hum_XLOC_004653,K562,0.0,0.3685202896595001
Hum_XLOC_004657,K562,0.0,0.5255455374717712
Hum_XLOC_004661,K562,0.0,0.37338683009147644
Hum_XLOC_004683,K562,0.0,0.27878472208976746
Hum_XLOC_004684,K562,0.0,0.5222634673118591
Hum_XLOC_004688,K562,0.0,0.3413802981376648
Hum_XLOC_004689,K562,0.0,0.38941776752471924
Hum_XLOC_004705,K562,0.0,0.48995164036750793
Hum_XLOC_004717,K562,0.0,0.5697678923606873
Hum_XLOC_004718,K562,0.0,0.49455493688583374
Hum_XLOC_004733,K562,0.0,0.5352920889854431
Hum_XLOC_004741,K562,0.0,0.1974906623363495
Hum_XLOC_004762,K562,0.0,0.7375911474227905
Hum_XLOC_004771,K562,0.0,0.3564014434814453
Hum_XLOC_004777,K562,0.0,0.33024540543556213
Hum_XLOC_004788,K562,0.0,0.4586094915866852
Hum_XLOC_004791,K562,0.0,0.33832281827926636
Hum_XLOC_004795,K562,0.0,0.3588728606700897
Hum_XLOC_004803,K562,0.0,0.49954062700271606
Hum_XLOC_004805,K562,0.0,0.3012130856513977
Hum_XLOC_004813,K562,0.0,0.39244648814201355
Hum_XLOC_004815,K562,1.0,0.3438226878643036
Hum_XLOC_004822,K562,0.0,0.38900819420814514
Hum_XLOC_004823,K562,0.0,0.3137013912200928
Hum_XLOC_004827,K562,0.0,0.2452453076839447
Hum_XLOC_004837,K562,1.0,0.46405869722366333
Hum_XLOC_004839,K562,0.0,0.5815564393997192
Hum_XLOC_004855,K562,0.0,0.4448768198490143
Hum_XLOC_004874,K562,0.0,0.2832752466201782
Hum_XLOC_004875,K562,0.0,0.330402135848999
Hum_XLOC_004878,K562,0.0,0.3722594678401947
Hum_XLOC_004884,K562,0.0,0.3653732240200043
Hum_XLOC_004911,K562,0.0,0.4641910493373871
Hum_XLOC_004915,K562,0.0,0.5410877466201782
Hum_XLOC_004927,K562,0.0,0.4960479736328125
Hum_XLOC_004929,K562,0.0,0.6393147110939026
Hum_XLOC_004936,K562,0.0,0.38951313495635986
Hum_XLOC_004957,K562,0.0,0.2879723608493805
Hum_XLOC_004960,K562,0.0,0.33572718501091003
Hum_XLOC_004965,K562,0.0,0.2888306975364685
Hum_XLOC_000006,MDA-MB-231,0.0,0.3614710569381714
Hum_XLOC_000008,MDA-MB-231,0.0,0.46604228019714355
Hum_XLOC_000016,MDA-MB-231,0.0,0.4195210039615631
Hum_XLOC_000030,MDA-MB-231,0.0,0.3289474546909332
Hum_XLOC_000033,MDA-MB-231,0.0,0.36686211824417114
Hum_XLOC_000039,MDA-MB-231,0.0,0.4255070686340332
Hum_XLOC_000053,MDA-MB-231,0.0,0.37600600719451904
Hum_XLOC_000057,MDA-MB-231,0.0,0.37904319167137146
Hum_XLOC_000060,MDA-MB-231,0.0,0.389125794172287
Hum_XLOC_000080,MDA-MB-231,0.0,0.2404879480600357
Hum_XLOC_000094,MDA-MB-231,0.0,0.39929306507110596
Hum_XLOC_000100,MDA-MB-231,0.0,0.37240761518478394
Hum_XLOC_000105,MDA-MB-231,0.0,0.2421487420797348
Hum_XLOC_000107,MDA-MB-231,0.0,0.28611624240875244
Hum_XLOC_000111,MDA-MB-231,0.0,0.30212515592575073
Hum_XLOC_000134,MDA-MB-231,0.0,0.34283676743507385
Hum_XLOC_000143,MDA-MB-231,0.0,0.3942604959011078
Hum_XLOC_000145,MDA-MB-231,1.0,0.4623277485370636
Hum_XLOC_000149,MDA-MB-231,0.0,0.3943520486354828
Hum_XLOC_000155,MDA-MB-231,0.0,0.20697803795337677
Hum_XLOC_000169,MDA-MB-231,0.0,0.33644676208496094
Hum_XLOC_000170,MDA-MB-231,0.0,0.37437283992767334
Hum_XLOC_000194,MDA-MB-231,0.0,0.37607821822166443
Hum_XLOC_000201,MDA-MB-231,0.0,0.32000836730003357
Hum_XLOC_000231,MDA-MB-231,0.0,0.34204092621803284
Hum_XLOC_000233,MDA-MB-231,0.0,0.4159071743488312
Hum_XLOC_000245,MDA-MB-231,0.0,0.3461882472038269
Hum_XLOC_000247,MDA-MB-231,0.0,0.46054601669311523
Hum_XLOC_000248,MDA-MB-231,0.0,0.30058902502059937
Hum_XLOC_000265,MDA-MB-231,0.0,0.361518532037735
Hum_XLOC_000282,MDA-MB-231,0.0,0.33742135763168335
Hum_XLOC_000286,MDA-MB-231,0.0,0.39922043681144714
Hum_XLOC_000292,MDA-MB-231,0.0,0.32921162247657776
Hum_XLOC_000307,MDA-MB-231,0.0,0.29612818360328674
Hum_XLOC_000308,MDA-MB-231,0.0,0.29578208923339844
Hum_XLOC_000312,MDA-MB-231,0.0,0.35631513595581055
Hum_XLOC_000314,MDA-MB-231,0.0,0.23517148196697235
Hum_XLOC_000317,MDA-MB-231,0.0,0.29406440258026123
Hum_XLOC_000319,MDA-MB-231,0.0,0.27384939789772034
Hum_XLOC_000332,MDA-MB-231,0.0,0.3453156352043152
Hum_XLOC_000338,MDA-MB-231,1.0,0.35156163573265076
Hum_XLOC_000342,MDA-MB-231,0.0,0.3668994903564453
Hum_XLOC_000345,MDA-MB-231,0.0,0.32795244455337524
Hum_XLOC_000362,MDA-MB-231,0.0,0.36334800720214844
Hum_XLOC_000377,MDA-MB-231,0.0,0.36682671308517456
Hum_XLOC_000390,MDA-MB-231,0.0,0.3222689926624298
Hum_XLOC_000394,MDA-MB-231,0.0,0.47818782925605774
Hum_XLOC_000411,MDA-MB-231,0.0,0.40300172567367554
Hum_XLOC_000415,MDA-MB-231,0.0,0.3414967954158783
Hum_XLOC_000430,MDA-MB-231,0.0,0.3199898898601532
Hum_XLOC_000436,MDA-MB-231,0.0,0.40222251415252686
Hum_XLOC_000437,MDA-MB-231,0.0,0.3716120421886444
Hum_XLOC_000456,MDA-MB-231,1.0,0.6013320684432983
Hum_XLOC_000461,MDA-MB-231,0.0,0.40114137530326843
Hum_XLOC_000462,MDA-MB-231,0.0,0.4015484154224396
Hum_XLOC_000465,MDA-MB-231,0.0,0.31181493401527405
Hum_XLOC_000472,MDA-MB-231,0.0,0.3324503004550934
Hum_XLOC_000474,MDA-MB-231,0.0,0.2955794036388397
Hum_XLOC_000478,MDA-MB-231,0.0,0.37252259254455566
Hum_XLOC_000486,MDA-MB-231,0.0,0.2671762704849243
Hum_XLOC_000490,MDA-MB-231,0.0,0.28667882084846497
Hum_XLOC_000498,MDA-MB-231,0.0,0.3477887809276581
Hum_XLOC_000500,MDA-MB-231,0.0,0.36470454931259155
Hum_XLOC_000510,MDA-MB-231,0.0,0.41884392499923706
Hum_XLOC_000535,MDA-MB-231,0.0,0.45527422428131104
Hum_XLOC_000540,MDA-MB-231,0.0,0.3024859130382538
Hum_XLOC_000556,MDA-MB-231,0.0,0.29140162467956543
Hum_XLOC_000574,MDA-MB-231,0.0,0.3554636240005493
Hum_XLOC_000575,MDA-MB-231,0.0,0.29820218682289124
Hum_XLOC_000582,MDA-MB-231,0.0,0.2468843311071396
Hum_XLOC_000590,MDA-MB-231,0.0,0.22410953044891357
Hum_XLOC_000601,MDA-MB-231,0.0,0.4316379725933075
Hum_XLOC_000604,MDA-MB-231,0.0,0.21398702263832092
Hum_XLOC_000608,MDA-MB-231,0.0,0.40775346755981445
Hum_XLOC_000612,MDA-MB-231,0.0,0.2681576609611511
Hum_XLOC_000636,MDA-MB-231,0.0,0.39344602823257446
Hum_XLOC_000638,MDA-MB-231,0.0,0.45482340455055237
Hum_XLOC_000641,MDA-MB-231,0.0,0.2398609220981598
Hum_XLOC_000655,MDA-MB-231,0.0,0.3915858268737793
Hum_XLOC_000668,MDA-MB-231,0.0,0.3627740740776062
Hum_XLOC_000680,MDA-MB-231,0.0,0.20919710397720337
Hum_XLOC_000681,MDA-MB-231,0.0,0.28110724687576294
Hum_XLOC_000695,MDA-MB-231,0.0,0.3275088369846344
Hum_XLOC_000702,MDA-MB-231,0.0,0.4744085669517517
Hum_XLOC_000726,MDA-MB-231,0.0,0.3695164918899536
Hum_XLOC_000727,MDA-MB-231,0.0,0.32202646136283875
Hum_XLOC_000758,MDA-MB-231,0.0,0.27963709831237793
Hum_XLOC_000773,MDA-MB-231,0.0,0.30633941292762756
Hum_XLOC_000774,MDA-MB-231,0.0,0.37425723671913147
Hum_XLOC_000797,MDA-MB-231,0.0,0.4549119770526886
Hum_XLOC_000799,MDA-MB-231,0.0,0.41569092869758606
Hum_XLOC_000800,MDA-MB-231,0.0,0.3205045163631439
Hum_XLOC_000807,MDA-MB-231,0.0,0.360508531332016
Hum_XLOC_000818,MDA-MB-231,0.0,0.32945120334625244
Hum_XLOC_000828,MDA-MB-231,0.0,0.38372963666915894
Hum_XLOC_000831,MDA-MB-231,0.0,0.31691646575927734
Hum_XLOC_000835,MDA-MB-231,0.0,0.26259708404541016
Hum_XLOC_000840,MDA-MB-231,0.0,0.401793509721756
Hum_XLOC_000841,MDA-MB-231,0.0,0.3476838767528534
Hum_XLOC_000842,MDA-MB-231,0.0,0.2648265063762665
Hum_XLOC_000854,MDA-MB-231,0.0,0.33252114057540894
Hum_XLOC_000855,MDA-MB-231,0.0,0.1952642947435379
Hum_XLOC_000883,MDA-MB-231,0.0,0.2745804488658905
Hum_XLOC_000885,MDA-MB-231,0.0,0.25199660658836365
Hum_XLOC_000905,MDA-MB-231,0.0,0.26845428347587585
Hum_XLOC_000917,MDA-MB-231,0.0,0.33671125769615173
Hum_XLOC_000925,MDA-MB-231,0.0,0.3012702465057373
Hum_XLOC_000944,MDA-MB-231,0.0,0.2514326870441437
Hum_XLOC_000949,MDA-MB-231,0.0,0.2945561110973358
Hum_XLOC_000953,MDA-MB-231,0.0,0.3529846668243408
Hum_XLOC_000964,MDA-MB-231,0.0,0.2806731164455414
Hum_XLOC_000990,MDA-MB-231,0.0,0.24177244305610657
Hum_XLOC_000994,MDA-MB-231,0.0,0.35876503586769104
Hum_XLOC_001020,MDA-MB-231,0.0,0.21176894009113312
Hum_XLOC_001029,MDA-MB-231,0.0,0.4613306522369385
Hum_XLOC_001066,MDA-MB-231,1.0,0.29190683364868164
Hum_XLOC_001120,MDA-MB-231,0.0,0.3491852879524231
Hum_XLOC_001121,MDA-MB-231,0.0,0.3124390244483948
Hum_XLOC_001122,MDA-MB-231,0.0,0.5113441348075867
Hum_XLOC_001125,MDA-MB-231,0.0,0.509752094745636
Hum_XLOC_001132,MDA-MB-231,0.0,0.4503522217273712
Hum_XLOC_001138,MDA-MB-231,0.0,0.33230331540107727
Hum_XLOC_001144,MDA-MB-231,0.0,0.3205520510673523
Hum_XLOC_001146,MDA-MB-231,0.0,0.3246845602989197
Hum_XLOC_001188,MDA-MB-231,0.0,0.30919644236564636
Hum_XLOC_001191,MDA-MB-231,0.0,0.26808828115463257
Hum_XLOC_001192,MDA-MB-231,0.0,0.41002291440963745
Hum_XLOC_001217,MDA-MB-231,0.0,0.2551083266735077
Hum_XLOC_001222,MDA-MB-231,0.0,0.2538374066352844
Hum_XLOC_001228,MDA-MB-231,0.0,0.35985541343688965
Hum_XLOC_001230,MDA-MB-231,0.0,0.2918931543827057
Hum_XLOC_001237,MDA-MB-231,0.0,0.34170153737068176
Hum_XLOC_001243,MDA-MB-231,0.0,0.3933974802494049
Hum_XLOC_001275,MDA-MB-231,0.0,0.2948080003261566
Hum_XLOC_001279,MDA-MB-231,0.0,0.34266898036003113
Hum_XLOC_001291,MDA-MB-231,0.0,0.4593149721622467
Hum_XLOC_001296,MDA-MB-231,0.0,0.3716183304786682
Hum_XLOC_001297,MDA-MB-231,0.0,0.4675290882587433
Hum_XLOC_001309,MDA-MB-231,0.0,0.3990159332752228
Hum_XLOC_001329,MDA-MB-231,0.0,0.225286602973938
Hum_XLOC_001330,MDA-MB-231,0.0,0.27202221751213074
Hum_XLOC_001355,MDA-MB-231,0.0,0.30405354499816895
Hum_XLOC_001366,MDA-MB-231,0.0,0.2689579427242279
Hum_XLOC_001367,MDA-MB-231,0.0,0.3119792640209198
Hum_XLOC_001375,MDA-MB-231,0.0,0.27977779507637024
Hum_XLOC_001390,MDA-MB-231,0.0,0.2422705739736557
Hum_XLOC_001405,MDA-MB-231,0.0,0.4307272434234619
Hum_XLOC_001461,MDA-MB-231,0.0,0.3565303683280945
Hum_XLOC_001465,MDA-MB-231,0.0,0.3386525511741638
Hum_XLOC_001488,MDA-MB-231,0.0,0.3974291980266571
Hum_XLOC_001490,MDA-MB-231,0.0,0.3416142165660858
Hum_XLOC_001509,MDA-MB-231,0.0,0.299328476190567
Hum_XLOC_001516,MDA-MB-231,0.0,0.33454689383506775
Hum_XLOC_001532,MDA-MB-231,0.0,0.3560221493244171
Hum_XLOC_001539,MDA-MB-231,0.0,0.2449914664030075
Hum_XLOC_001541,MDA-MB-231,0.0,0.488261342048645
Hum_XLOC_001542,MDA-MB-231,0.0,0.3846419155597687
Hum_XLOC_001548,MDA-MB-231,0.0,0.38489478826522827
Hum_XLOC_001559,MDA-MB-231,0.0,0.2901928126811981
Hum_XLOC_001565,MDA-MB-231,0.0,0.37449610233306885
Hum_XLOC_001566,MDA-MB-231,0.0,0.4424428343772888
Hum_XLOC_001575,MDA-MB-231,0.0,0.42350608110427856
Hum_XLOC_001580,MDA-MB-231,0.0,0.26750627160072327
Hum_XLOC_001590,MDA-MB-231,0.0,0.3426295816898346
Hum_XLOC_001615,MDA-MB-231,0.0,0.4166407883167267
Hum_XLOC_001624,MDA-MB-231,0.0,0.44850048422813416
Hum_XLOC_001639,MDA-MB-231,0.0,0.3059096336364746
Hum_XLOC_001661,MDA-MB-231,0.0,0.26314815878868103
Hum_XLOC_001666,MDA-MB-231,0.0,0.17505061626434326
Hum_XLOC_001668,MDA-MB-231,0.0,0.26314011216163635
Hum_XLOC_001688,MDA-MB-231,0.0,0.35538652539253235
Hum_XLOC_001689,MDA-MB-231,0.0,0.27242451906204224
Hum_XLOC_001695,MDA-MB-231,0.0,0.44212886691093445
Hum_XLOC_001696,MDA-MB-231,0.0,0.3726033866405487
Hum_XLOC_001698,MDA-MB-231,0.0,0.31408560276031494
Hum_XLOC_001707,MDA-MB-231,0.0,0.3818555176258087
Hum_XLOC_001760,MDA-MB-231,0.0,0.2909272015094757
Hum_XLOC_001761,MDA-MB-231,1.0,0.3993406891822815
Hum_XLOC_001773,MDA-MB-231,0.0,0.5013477802276611
Hum_XLOC_001775,MDA-MB-231,0.0,0.38812515139579773
Hum_XLOC_001779,MDA-MB-231,1.0,0.32289090752601624
Hum_XLOC_001783,MDA-MB-231,0.0,0.2731727063655853
Hum_XLOC_001791,MDA-MB-231,1.0,0.39463382959365845
Hum_XLOC_001805,MDA-MB-231,0.0,0.3192603588104248
Hum_XLOC_001809,MDA-MB-231,0.0,0.20185932517051697
Hum_XLOC_001848,MDA-MB-231,0.0,0.30442219972610474
Hum_XLOC_001919,MDA-MB-231,0.0,0.2553589642047882
Hum_XLOC_001941,MDA-MB-231,0.0,0.27539461851119995
Hum_XLOC_001942,MDA-MB-231,0.0,0.3012283444404602
Hum_XLOC_001949,MDA-MB-231,0.0,0.1898321658372879
Hum_XLOC_001950,MDA-MB-231,0.0,0.4271738529205322
Hum_XLOC_001953,MDA-MB-231,0.0,0.3099772036075592
Hum_XLOC_001957,MDA-MB-231,0.0,0.35074976086616516
Hum_XLOC_001961,MDA-MB-231,0.0,0.26022812724113464
Hum_XLOC_001969,MDA-MB-231,0.0,0.298836886882782
Hum_XLOC_002024,MDA-MB-231,0.0,0.3380207419395447
Hum_XLOC_002028,MDA-MB-231,0.0,0.20798984169960022
Hum_XLOC_002033,MDA-MB-231,0.0,0.3467949330806732
Hum_XLOC_002036,MDA-MB-231,0.0,0.3587702214717865
Hum_XLOC_002037,MDA-MB-231,0.0,0.32725462317466736
Hum_XLOC_002041,MDA-MB-231,0.0,0.22925370931625366
Hum_XLOC_002059,MDA-MB-231,0.0,0.43055176734924316
Hum_XLOC_002061,MDA-MB-231,0.0,0.2641686797142029
Hum_XLOC_002068,MDA-MB-231,0.0,0.1949366182088852
Hum_XLOC_002081,MDA-MB-231,0.0,0.3982691764831543
Hum_XLOC_002093,MDA-MB-231,0.0,0.4377119541168213
Hum_XLOC_002099,MDA-MB-231,0.0,0.3179568648338318
Hum_XLOC_002144,MDA-MB-231,0.0,0.38561633229255676
Hum_XLOC_002150,MDA-MB-231,0.0,0.2641265392303467
Hum_XLOC_002152,MDA-MB-231,0.0,0.31027939915657043
Hum_XLOC_002154,MDA-MB-231,0.0,0.30779483914375305
Hum_XLOC_002169,MDA-MB-231,0.0,0.3519071638584137
Hum_XLOC_002170,MDA-MB-231,0.0,0.29437896609306335
Hum_XLOC_002176,MDA-MB-231,0.0,0.4039243459701538
Hum_XLOC_002178,MDA-MB-231,0.0,0.2464858591556549
Hum_XLOC_002186,MDA-MB-231,0.0,0.32242512702941895
Hum_XLOC_002204,MDA-MB-231,0.0,0.35225963592529297
Hum_XLOC_002205,MDA-MB-231,0.0,0.3098889887332916
Hum_XLOC_002219,MDA-MB-231,0.0,0.34334906935691833
Hum_XLOC_002244,MDA-MB-231,0.0,0.260405033826828
Hum_XLOC_002252,MDA-MB-231,0.0,0.39076241850852966
Hum_XLOC_002261,MDA-MB-231,0.0,0.3100312054157257
Hum_XLOC_002262,MDA-MB-231,0.0,0.16952846944332123
Hum_XLOC_002265,MDA-MB-231,0.0,0.33478716015815735
Hum_XLOC_002271,MDA-MB-231,0.0,0.3576754629611969
Hum_XLOC_002280,MDA-MB-231,0.0,0.34667330980300903
Hum_XLOC_002282,MDA-MB-231,0.0,0.25624793767929077
Hum_XLOC_002283,MDA-MB-231,0.0,0.26720190048217773
Hum_XLOC_002284,MDA-MB-231,0.0,0.37674084305763245
Hum_XLOC_002294,MDA-MB-231,0.0,0.4379626512527466
Hum_XLOC_002296,MDA-MB-231,0.0,0.3101283311843872
Hum_XLOC_002299,MDA-MB-231,0.0,0.3874446749687195
Hum_XLOC_002301,MDA-MB-231,0.0,0.40330809354782104
Hum_XLOC_002306,MDA-MB-231,0.0,0.3332929313182831
Hum_XLOC_002311,MDA-MB-231,1.0,0.43590155243873596
Hum_XLOC_002313,MDA-MB-231,0.0,0.36370837688446045
Hum_XLOC_002314,MDA-MB-231,0.0,0.47225844860076904
Hum_XLOC_002327,MDA-MB-231,0.0,0.4244762659072876
Hum_XLOC_002330,MDA-MB-231,0.0,0.28453025221824646
Hum_XLOC_002338,MDA-MB-231,0.0,0.42089664936065674
Hum_XLOC_002344,MDA-MB-231,0.0,0.4333590865135193
Hum_XLOC_002347,MDA-MB-231,0.0,0.18143680691719055
Hum_XLOC_002348,MDA-MB-231,0.0,0.26830658316612244
Hum_XLOC_002362,MDA-MB-231,0.0,0.26372745633125305
Hum_XLOC_002364,MDA-MB-231,0.0,0.23431828618049622
Hum_XLOC_002383,MDA-MB-231,0.0,0.22924259305000305
Hum_XLOC_002386,MDA-MB-231,0.0,0.3107988238334656
Hum_XLOC_002390,MDA-MB-231,0.0,0.41655802726745605
Hum_XLOC_002394,MDA-MB-231,0.0,0.3111843466758728
Hum_XLOC_002398,MDA-MB-231,0.0,0.28981325030326843
Hum_XLOC_002399,MDA-MB-231,0.0,0.2631135880947113
Hum_XLOC_002408,MDA-MB-231,0.0,0.244979590177536
Hum_XLOC_002414,MDA-MB-231,0.0,0.3786015212535858
Hum_XLOC_002418,MDA-MB-231,0.0,0.32696032524108887
Hum_XLOC_002435,MDA-MB-231,0.0,0.236772820353508
Hum_XLOC_002440,MDA-MB-231,0.0,0.4551096260547638
Hum_XLOC_002489,MDA-MB-231,0.0,0.36183470487594604
Hum_XLOC_002490,MDA-MB-231,0.0,0.20936597883701324
Hum_XLOC_002493,MDA-MB-231,0.0,0.31255677342414856
Hum_XLOC_002520,MDA-MB-231,0.0,0.39771348237991333
Hum_XLOC_002524,MDA-MB-231,0.0,0.3153823912143707
Hum_XLOC_002546,MDA-MB-231,0.0,0.3634190857410431
Hum_XLOC_002560,MDA-MB-231,0.0,0.36205002665519714
Hum_XLOC_002570,MDA-MB-231,0.0,0.33966344594955444
Hum_XLOC_002577,MDA-MB-231,0.0,0.5004580020904541
Hum_XLOC_002579,MDA-MB-231,1.0,0.29085788130760193
Hum_XLOC_002586,MDA-MB-231,0.0,0.17056800425052643
Hum_XLOC_002589,MDA-MB-231,0.0,0.3378921151161194
Hum_XLOC_002629,MDA-MB-231,0.0,0.327142596244812
Hum_XLOC_002631,MDA-MB-231,0.0,0.32370853424072266
Hum_XLOC_002635,MDA-MB-231,0.0,0.29388585686683655
Hum_XLOC_002644,MDA-MB-231,0.0,0.3583447337150574
Hum_XLOC_002646,MDA-MB-231,0.0,0.2899995446205139
Hum_XLOC_002653,MDA-MB-231,0.0,0.29113292694091797
Hum_XLOC_002681,MDA-MB-231,0.0,0.31306570768356323
Hum_XLOC_002695,MDA-MB-231,0.0,0.30924761295318604
Hum_XLOC_002702,MDA-MB-231,0.0,0.2083507925271988
Hum_XLOC_002705,MDA-MB-231,0.0,0.3113788962364197
Hum_XLOC_002711,MDA-MB-231,0.0,0.38922014832496643
Hum_XLOC_002714,MDA-MB-231,0.0,0.34387168288230896
Hum_XLOC_002717,MDA-MB-231,0.0,0.425314724445343
Hum_XLOC_002725,MDA-MB-231,0.0,0.39476263523101807
Hum_XLOC_002741,MDA-MB-231,0.0,0.3926335573196411
Hum_XLOC_002742,MDA-MB-231,0.0,0.2972029745578766
Hum_XLOC_002744,MDA-MB-231,0.0,0.2584712505340576
Hum_XLOC_002760,MDA-MB-231,0.0,0.48733043670654297
Hum_XLOC_002788,MDA-MB-231,0.0,0.3363897502422333
Hum_XLOC_002792,MDA-MB-231,0.0,0.41351237893104553
Hum_XLOC_002796,MDA-MB-231,0.0,0.41935253143310547
Hum_XLOC_002817,MDA-MB-231,0.0,0.2743052840232849
Hum_XLOC_002836,MDA-MB-231,1.0,0.5298656225204468
Hum_XLOC_002844,MDA-MB-231,0.0,0.40136685967445374
Hum_XLOC_002845,MDA-MB-231,0.0,0.3953295946121216
Hum_XLOC_002859,MDA-MB-231,0.0,0.3697626292705536
Hum_XLOC_002889,MDA-MB-231,1.0,0.31157124042510986
Hum_XLOC_002911,MDA-MB-231,0.0,0.2992461025714874
Hum_XLOC_002935,MDA-MB-231,0.0,0.4555715322494507
Hum_XLOC_002937,MDA-MB-231,0.0,0.3683144748210907
Hum_XLOC_002967,MDA-MB-231,0.0,0.19949810206890106
Hum_XLOC_002983,MDA-MB-231,0.0,0.33582958579063416
Hum_XLOC_002986,MDA-MB-231,0.0,0.44612064957618713
Hum_XLOC_002990,MDA-MB-231,0.0,0.4212783873081207
Hum_XLOC_003039,MDA-MB-231,0.0,0.32554948329925537
Hum_XLOC_003061,MDA-MB-231,0.0,0.4830382168292999
Hum_XLOC_003086,MDA-MB-231,1.0,0.3611016571521759
Hum_XLOC_003099,MDA-MB-231,0.0,0.22837668657302856
Hum_XLOC_003109,MDA-MB-231,0.0,0.36236435174942017
Hum_XLOC_003128,MDA-MB-231,0.0,0.4983856976032257
Hum_XLOC_003134,MDA-MB-231,0.0,0.37659958004951477
Hum_XLOC_003137,MDA-MB-231,0.0,0.2924211621284485
Hum_XLOC_003154,MDA-MB-231,0.0,0.35253822803497314
Hum_XLOC_003155,MDA-MB-231,0.0,0.42505693435668945
Hum_XLOC_003171,MDA-MB-231,0.0,0.2357247918844223
Hum_XLOC_003209,MDA-MB-231,0.0,0.2586664855480194
Hum_XLOC_003215,MDA-MB-231,0.0,0.45474115014076233
Hum_XLOC_003221,MDA-MB-231,0.0,0.2546088695526123
Hum_XLOC_003232,MDA-MB-231,0.0,0.3375488817691803
Hum_XLOC_003268,MDA-MB-231,0.0,0.32268646359443665
Hum_XLOC_003269,MDA-MB-231,0.0,0.38492685556411743
Hum_XLOC_003286,MDA-MB-231,0.0,0.4248087704181671
Hum_XLOC_003290,MDA-MB-231,0.0,0.23379620909690857
Hum_XLOC_003294,MDA-MB-231,0.0,0.2896883487701416
Hum_XLOC_003321,MDA-MB-231,0.0,0.4310527443885803
Hum_XLOC_003324,MDA-MB-231,0.0,0.32557693123817444
Hum_XLOC_003334,MDA-MB-231,0.0,0.30921462178230286
Hum_XLOC_003337,MDA-MB-231,0.0,0.28933438658714294
Hum_XLOC_003338,MDA-MB-231,0.0,0.28018659353256226
Hum_XLOC_003352,MDA-MB-231,0.0,0.37651142477989197
Hum_XLOC_003357,MDA-MB-231,0.0,0.3031112849712372
Hum_XLOC_003361,MDA-MB-231,0.0,0.3829556405544281
Hum_XLOC_003371,MDA-MB-231,0.0,0.19162389636039734
Hum_XLOC_003381,MDA-MB-231,0.0,0.18872010707855225
Hum_XLOC_003408,MDA-MB-231,0.0,0.2557453513145447
Hum_XLOC_003436,MDA-MB-231,0.0,0.21028704941272736
Hum_XLOC_003440,MDA-MB-231,0.0,0.23228241503238678
Hum_XLOC_003450,MDA-MB-231,0.0,0.36705851554870605
Hum_XLOC_003466,MDA-MB-231,0.0,0.34972625970840454
Hum_XLOC_003488,MDA-MB-231,0.0,0.30281078815460205
Hum_XLOC_003491,MDA-MB-231,0.0,0.23926521837711334
Hum_XLOC_003497,MDA-MB-231,0.0,0.2532065808773041
Hum_XLOC_003498,MDA-MB-231,0.0,0.37245476245880127
Hum_XLOC_003502,MDA-MB-231,0.0,0.398600310087204
Hum_XLOC_003518,MDA-MB-231,0.0,0.39077433943748474
Hum_XLOC_003532,MDA-MB-231,0.0,0.33773988485336304
Hum_XLOC_003543,MDA-MB-231,0.0,0.18346990644931793
Hum_XLOC_003554,MDA-MB-231,0.0,0.34191685914993286
Hum_XLOC_003563,MDA-MB-231,0.0,0.34332168102264404
Hum_XLOC_003567,MDA-MB-231,0.0,0.35004210472106934
Hum_XLOC_003568,MDA-MB-231,0.0,0.324786514043808
Hum_XLOC_003570,MDA-MB-231,0.0,0.22766751050949097
Hum_XLOC_003571,MDA-MB-231,0.0,0.3063241243362427
Hum_XLOC_003593,MDA-MB-231,0.0,0.298711359500885
Hum_XLOC_003594,MDA-MB-231,0.0,0.37380316853523254
Hum_XLOC_003598,MDA-MB-231,0.0,0.1867561638355255
Hum_XLOC_003626,MDA-MB-231,0.0,0.24577921628952026
Hum_XLOC_003628,MDA-MB-231,0.0,0.27100488543510437
Hum_XLOC_003630,MDA-MB-231,0.0,0.3594653308391571
Hum_XLOC_003641,MDA-MB-231,0.0,0.46064525842666626
Hum_XLOC_003662,MDA-MB-231,0.0,0.3990025520324707
Hum_XLOC_003665,MDA-MB-231,0.0,0.3717309236526489
Hum_XLOC_003672,MDA-MB-231,0.0,0.38354796171188354
Hum_XLOC_003673,MDA-MB-231,0.0,0.25466179847717285
Hum_XLOC_003674,MDA-MB-231,0.0,0.4336254894733429
Hum_XLOC_003676,MDA-MB-231,0.0,0.38081711530685425
Hum_XLOC_003686,MDA-MB-231,0.0,0.3117237687110901
Hum_XLOC_003697,MDA-MB-231,0.0,0.22720611095428467
Hum_XLOC_003717,MDA-MB-231,0.0,0.3160971701145172
Hum_XLOC_003725,MDA-MB-231,0.0,0.36166635155677795
Hum_XLOC_003743,MDA-MB-231,0.0,0.2840777635574341
Hum_XLOC_003754,MDA-MB-231,0.0,0.3456597328186035
Hum_XLOC_003766,MDA-MB-231,0.0,0.40697118639945984
Hum_XLOC_003775,MDA-MB-231,0.0,0.4517728090286255
Hum_XLOC_003790,MDA-MB-231,0.0,0.2830546498298645
Hum_XLOC_003799,MDA-MB-231,1.0,0.2585534155368805
Hum_XLOC_003853,MDA-MB-231,0.0,0.23694993555545807
Hum_XLOC_003865,MDA-MB-231,0.0,0.4236021637916565
Hum_XLOC_003871,MDA-MB-231,0.0,0.4185999035835266
Hum_XLOC_003891,MDA-MB-231,0.0,0.4342575669288635
Hum_XLOC_003892,MDA-MB-231,0.0,0.34701046347618103
Hum_XLOC_003910,MDA-MB-231,0.0,0.4089222848415375
Hum_XLOC_003911,MDA-MB-231,0.0,0.36400851607322693
Hum_XLOC_003952,MDA-MB-231,0.0,0.36891257762908936
Hum_XLOC_003971,MDA-MB-231,0.0,0.3150348663330078
Hum_XLOC_003988,MDA-MB-231,0.0,0.28959619998931885
Hum_XLOC_004020,MDA-MB-231,0.0,0.33480480313301086
Hum_XLOC_004035,MDA-MB-231,0.0,0.4946316182613373
Hum_XLOC_004036,MDA-MB-231,1.0,0.35808026790618896
Hum_XLOC_004048,MDA-MB-231,0.0,0.28431928157806396
Hum_XLOC_004068,MDA-MB-231,0.0,0.2693169116973877
Hum_XLOC_004069,MDA-MB-231,0.0,0.24214066565036774
Hum_XLOC_004095,MDA-MB-231,0.0,0.40519100427627563
Hum_XLOC_004096,MDA-MB-231,0.0,0.41454261541366577
Hum_XLOC_004116,MDA-MB-231,0.0,0.4538939297199249
Hum_XLOC_004123,MDA-MB-231,0.0,0.23060213029384613
Hum_XLOC_004134,MDA-MB-231,0.0,0.237348735332489
Hum_XLOC_004161,MDA-MB-231,0.0,0.3096001148223877
Hum_XLOC_004168,MDA-MB-231,0.0,0.34791016578674316
Hum_XLOC_004169,MDA-MB-231,0.0,0.3011099100112915
Hum_XLOC_004177,MDA-MB-231,0.0,0.29805442690849304
Hum_XLOC_004200,MDA-MB-231,0.0,0.2920309007167816
Hum_XLOC_004201,MDA-MB-231,0.0,0.30187854170799255
Hum_XLOC_004219,MDA-MB-231,0.0,0.3445681035518646
Hum_XLOC_004226,MDA-MB-231,0.0,0.2443232387304306
Hum_XLOC_004227,MDA-MB-231,0.0,0.2758603096008301
Hum_XLOC_004236,MDA-MB-231,0.0,0.2626454532146454
Hum_XLOC_004254,MDA-MB-231,1.0,0.5262478590011597
Hum_XLOC_004255,MDA-MB-231,0.0,0.42538735270500183
Hum_XLOC_004262,MDA-MB-231,1.0,0.39290621876716614
Hum_XLOC_004269,MDA-MB-231,0.0,0.3717089891433716
Hum_XLOC_004277,MDA-MB-231,0.0,0.4057904779911041
Hum_XLOC_004278,MDA-MB-231,0.0,0.33069053292274475
Hum_XLOC_004282,MDA-MB-231,0.0,0.352613627910614
Hum_XLOC_004287,MDA-MB-231,0.0,0.4202566146850586
Hum_XLOC_004293,MDA-MB-231,0.0,0.3289206027984619
Hum_XLOC_004302,MDA-MB-231,0.0,0.4785700738430023
Hum_XLOC_004303,MDA-MB-231,0.0,0.23201344907283783
Hum_XLOC_004306,MDA-MB-231,0.0,0.240386962890625
Hum_XLOC_004309,MDA-MB-231,0.0,0.35171929001808167
Hum_XLOC_004314,MDA-MB-231,0.0,0.3656349778175354
Hum_XLOC_004317,MDA-MB-231,0.0,0.3245750963687897
Hum_XLOC_004336,MDA-MB-231,0.0,0.3801998496055603
Hum_XLOC_004343,MDA-MB-231,0.0,0.41553542017936707
Hum_XLOC_004350,MDA-MB-231,0.0,0.33067452907562256
Hum_XLOC_004361,MDA-MB-231,0.0,0.2918936610221863
Hum_XLOC_004363,MDA-MB-231,0.0,0.30418819189071655
Hum_XLOC_004401,MDA-MB-231,0.0,0.2557388246059418
Hum_XLOC_004405,MDA-MB-231,0.0,0.22110554575920105
Hum_XLOC_004407,MDA-MB-231,0.0,0.21408295631408691
Hum_XLOC_004424,MDA-MB-231,0.0,0.42099761962890625
Hum_XLOC_004437,MDA-MB-231,0.0,0.24661670625209808
Hum_XLOC_004446,MDA-MB-231,0.0,0.3989655673503876
Hum_XLOC_004457,MDA-MB-231,0.0,0.35189297795295715
Hum_XLOC_004482,MDA-MB-231,0.0,0.42005881667137146
Hum_XLOC_004502,MDA-MB-231,0.0,0.3094787895679474
Hum_XLOC_004515,MDA-MB-231,0.0,0.3467481732368469
Hum_XLOC_004529,MDA-MB-231,0.0,0.3379989564418793
Hum_XLOC_004535,MDA-MB-231,0.0,0.32484930753707886
Hum_XLOC_004553,MDA-MB-231,0.0,0.48459160327911377
Hum_XLOC_004566,MDA-MB-231,0.0,0.23217956721782684
Hum_XLOC_004567,MDA-MB-231,0.0,0.3379412889480591
Hum_XLOC_004572,MDA-MB-231,1.0,0.4392440915107727
Hum_XLOC_004578,MDA-MB-231,0.0,0.3359581530094147
Hum_XLOC_004580,MDA-MB-231,0.0,0.35830530524253845
Hum_XLOC_004581,MDA-MB-231,0.0,0.3356543183326721
Hum_XLOC_004587,MDA-MB-231,0.0,0.47410011291503906
Hum_XLOC_004600,MDA-MB-231,0.0,0.5280218124389648
Hum_XLOC_004601,MDA-MB-231,0.0,0.31557103991508484
Hum_XLOC_004607,MDA-MB-231,0.0,0.3668360114097595
Hum_XLOC_004617,MDA-MB-231,0.0,0.2717893719673157
Hum_XLOC_004619,MDA-MB-231,0.0,0.2937392294406891
Hum_XLOC_004620,MDA-MB-231,0.0,0.41573888063430786
Hum_XLOC_004632,MDA-MB-231,0.0,0.4375501275062561
Hum_XLOC_004636,MDA-MB-231,0.0,0.42222920060157776
Hum_XLOC_004652,MDA-MB-231,0.0,0.2661362290382385
Hum_XLOC_004653,MDA-MB-231,0.0,0.3740415871143341
Hum_XLOC_004657,MDA-MB-231,1.0,0.4039286673069
Hum_XLOC_004661,MDA-MB-231,0.0,0.4123542308807373
Hum_XLOC_004683,MDA-MB-231,0.0,0.22467643022537231
Hum_XLOC_004684,MDA-MB-231,0.0,0.4088836908340454
Hum_XLOC_004688,MDA-MB-231,0.0,0.28659531474113464
Hum_XLOC_004689,MDA-MB-231,0.0,0.3129996061325073
Hum_XLOC_004705,MDA-MB-231,0.0,0.33006158471107483
Hum_XLOC_004717,MDA-MB-231,0.0,0.446841835975647
Hum_XLOC_004718,MDA-MB-231,0.0,0.2730168402194977
Hum_XLOC_004733,MDA-MB-231,0.0,0.5314082503318787
Hum_XLOC_004741,MDA-MB-231,0.0,0.1588175743818283
Hum_XLOC_004762,MDA-MB-231,0.0,0.39553314447402954
Hum_XLOC_004771,MDA-MB-231,0.0,0.29250776767730713
Hum_XLOC_004777,MDA-MB-231,0.0,0.30747291445732117
Hum_XLOC_004788,MDA-MB-231,0.0,0.3689981997013092
Hum_XLOC_004791,MDA-MB-231,0.0,0.2512024939060211
Hum_XLOC_004795,MDA-MB-231,0.0,0.2769762873649597
Hum_XLOC_004803,MDA-MB-231,0.0,0.37848061323165894
Hum_XLOC_004805,MDA-MB-231,0.0,0.25942370295524597
Hum_XLOC_004813,MDA-MB-231,0.0,0.3329608142375946
Hum_XLOC_004815,MDA-MB-231,0.0,0.32736697793006897
Hum_XLOC_004822,MDA-MB-231,0.0,0.297428160905838
Hum_XLOC_004823,MDA-MB-231,0.0,0.27151912450790405
Hum_XLOC_004827,MDA-MB-231,0.0,0.2248253971338272
Hum_XLOC_004837,MDA-MB-231,0.0,0.34971877932548523
Hum_XLOC_004839,MDA-MB-231,0.0,0.39782431721687317
Hum_XLOC_004855,MDA-MB-231,0.0,0.2922845184803009
Hum_XLOC_004874,MDA-MB-231,0.0,0.25581830739974976
Hum_XLOC_004875,MDA-MB-231,0.0,0.3712071180343628
Hum_XLOC_004878,MDA-MB-231,0.0,0.4081264138221741
Hum_XLOC_004884,MDA-MB-231,1.0,0.36148375272750854
Hum_XLOC_004911,MDA-MB-231,0.0,0.4685535430908203
Hum_XLOC_004915,MDA-MB-231,0.0,0.3881917893886566
Hum_XLOC_004927,MDA-MB-231,1.0,0.3142852783203125
Hum_XLOC_004929,MDA-MB-231,0.0,0.3386520743370056
Hum_XLOC_004936,MDA-MB-231,0.0,0.2559817433357239
Hum_XLOC_004957,MDA-MB-231,0.0,0.2116781622171402
Hum_XLOC_004960,MDA-MB-231,0.0,0.3166850209236145
Hum_XLOC_004965,MDA-MB-231,0.0,0.2935034930706024
Hum_XLOC_000006,THP1,0.0,0.4341283440589905
Hum_XLOC_000008,THP1,0.0,0.5168393850326538
Hum_XLOC_000016,THP1,0.0,0.4795921742916107
Hum_XLOC_000030,THP1,0.0,0.4085415303707123
Hum_XLOC_000033,THP1,0.0,0.45313170552253723
Hum_XLOC_000039,THP1,0.0,0.4902030825614929
Hum_XLOC_000053,THP1,0.0,0.47145360708236694
Hum_XLOC_000057,THP1,0.0,0.4704399108886719
Hum_XLOC_000060,THP1,0.0,0.45982301235198975
Hum_XLOC_000080,THP1,0.0,0.31105923652648926
Hum_XLOC_000094,THP1,0.0,0.46654510498046875
Hum_XLOC_000100,THP1,0.0,0.4468846619129181
Hum_XLOC_000105,THP1,0.0,0.32879769802093506
Hum_XLOC_000107,THP1,0.0,0.3319852352142334
Hum_XLOC_000111,THP1,0.0,0.38991740345954895
Hum_XLOC_000134,THP1,0.0,0.3950478136539459
Hum_XLOC_000143,THP1,0.0,0.45416828989982605
Hum_XLOC_000145,THP1,0.0,0.493660569190979
Hum_XLOC_000149,THP1,0.0,0.4286985993385315
Hum_XLOC_000155,THP1,0.0,0.25372597575187683
Hum_XLOC_000169,THP1,0.0,0.4288027286529541
Hum_XLOC_000170,THP1,0.0,0.43483322858810425
Hum_XLOC_000194,THP1,0.0,0.42873498797416687
Hum_XLOC_000201,THP1,0.0,0.40150219202041626
Hum_XLOC_000231,THP1,0.0,0.43406668305397034
Hum_XLOC_000233,THP1,0.0,0.4562457203865051
Hum_XLOC_000245,THP1,0.0,0.4291566014289856
Hum_XLOC_000247,THP1,0.0,0.5320912599563599
Hum_XLOC_000248,THP1,0.0,0.39736947417259216
Hum_XLOC_000265,THP1,0.0,0.42113205790519714
Hum_XLOC_000282,THP1,0.0,0.433289498090744
Hum_XLOC_000286,THP1,0.0,0.46041274070739746
Hum_XLOC_000292,THP1,0.0,0.41336241364479065
Hum_XLOC_000307,THP1,0.0,0.37478986382484436
Hum_XLOC_000308,THP1,0.0,0.36677801609039307
Hum_XLOC_000312,THP1,0.0,0.4283160865306854
Hum_XLOC_000314,THP1,0.0,0.2901726961135864
Hum_XLOC_000317,THP1,0.0,0.34852534532546997
Hum_XLOC_000319,THP1,0.0,0.32666948437690735
Hum_XLOC_000332,THP1,0.0,0.43592914938926697
Hum_XLOC_000338,THP1,1.0,0.4157463014125824
Hum_XLOC_000342,THP1,0.0,0.44978639483451843
Hum_XLOC_000345,THP1,0.0,0.4236913323402405
Hum_XLOC_000362,THP1,0.0,0.435317724943161
Hum_XLOC_000377,THP1,0.0,0.4683990776538849
Hum_XLOC_000390,THP1,0.0,0.40617430210113525
Hum_XLOC_000394,THP1,0.0,0.5325672030448914
Hum_XLOC_000411,THP1,0.0,0.47236764430999756
Hum_XLOC_000415,THP1,0.0,0.4366723597049713
Hum_XLOC_000430,THP1,0.0,0.40575337409973145
Hum_XLOC_000436,THP1,1.0,0.4988276958465576
Hum_XLOC_000437,THP1,0.0,0.4666064977645874
Hum_XLOC_000456,THP1,1.0,0.6451071500778198
Hum_XLOC_000461,THP1,0.0,0.49318748712539673
Hum_XLOC_000462,THP1,0.0,0.49382638931274414
Hum_XLOC_000465,THP1,0.0,0.3939432203769684
Hum_XLOC_000472,THP1,0.0,0.4032731354236603
Hum_XLOC_000474,THP1,0.0,0.36723682284355164
Hum_XLOC_000478,THP1,0.0,0.44435831904411316
Hum_XLOC_000486,THP1,0.0,0.37113267183303833
Hum_XLOC_000490,THP1,0.0,0.3918929398059845
Hum_XLOC_000498,THP1,0.0,0.41779232025146484
Hum_XLOC_000500,THP1,0.0,0.4233233630657196
Hum_XLOC_000510,THP1,0.0,0.48808565735816956
Hum_XLOC_000535,THP1,0.0,0.5285760164260864
Hum_XLOC_000540,THP1,0.0,0.40189129114151
Hum_XLOC_000556,THP1,0.0,0.3479054570198059
Hum_XLOC_000574,THP1,0.0,0.4210096001625061
Hum_XLOC_000575,THP1,0.0,0.3710724413394928
Hum_XLOC_000582,THP1,0.0,0.30507999658584595
Hum_XLOC_000590,THP1,0.0,0.30375099182128906
Hum_XLOC_000601,THP1,0.0,0.47657135128974915
Hum_XLOC_000604,THP1,0.0,0.28681209683418274
Hum_XLOC_000608,THP1,0.0,0.4810507297515869
Hum_XLOC_000612,THP1,0.0,0.3649369180202484
Hum_XLOC_000636,THP1,1.0,0.4565390944480896
Hum_XLOC_000638,THP1,0.0,0.5161268711090088
Hum_XLOC_000641,THP1,0.0,0.3233499526977539
Hum_XLOC_000655,THP1,0.0,0.4715619385242462
Hum_XLOC_000668,THP1,0.0,0.45565199851989746
Hum_XLOC_000680,THP1,0.0,0.27606141567230225
Hum_XLOC_000681,THP1,0.0,0.3414813280105591
Hum_XLOC_000695,THP1,0.0,0.4120486378669739
Hum_XLOC_000702,THP1,0.0,0.5241824388504028
Hum_XLOC_000726,THP1,0.0,0.47926461696624756
Hum_XLOC_000727,THP1,0.0,0.3937370777130127
Hum_XLOC_000758,THP1,0.0,0.3514944911003113
Hum_XLOC_000773,THP1,0.0,0.39072659611701965
Hum_XLOC_000774,THP1,0.0,0.45603951811790466
Hum_XLOC_000797,THP1,0.0,0.5012957453727722
Hum_XLOC_000799,THP1,0.0,0.4846270978450775
Hum_XLOC_000800,THP1,0.0,0.4037795662879944
Hum_XLOC_000807,THP1,0.0,0.4318561553955078
Hum_XLOC_000818,THP1,0.0,0.4074293375015259
Hum_XLOC_000828,THP1,0.0,0.4551646411418915
Hum_XLOC_000831,THP1,0.0,0.35720622539520264
Hum_XLOC_000835,THP1,0.0,0.31739580631256104
Hum_XLOC_000840,THP1,0.0,0.4807623028755188
Hum_XLOC_000841,THP1,0.0,0.435944139957428
Hum_XLOC_000842,THP1,0.0,0.3316015303134918
Hum_XLOC_000854,THP1,0.0,0.36105838418006897
Hum_XLOC_000855,THP1,0.0,0.25620245933532715
Hum_XLOC_000883,THP1,0.0,0.34654927253723145
Hum_XLOC_000885,THP1,0.0,0.3279207646846771
Hum_XLOC_000905,THP1,0.0,0.314720094203949
Hum_XLOC_000917,THP1,0.0,0.41215911507606506
Hum_XLOC_000925,THP1,0.0,0.3660893440246582
Hum_XLOC_000944,THP1,0.0,0.328781396150589
Hum_XLOC_000949,THP1,0.0,0.38255563378334045
Hum_XLOC_000953,THP1,0.0,0.35223743319511414
Hum_XLOC_000964,THP1,0.0,0.34190791845321655
Hum_XLOC_000990,THP1,0.0,0.2507985532283783
Hum_XLOC_000994,THP1,0.0,0.4136541187763214
Hum_XLOC_001020,THP1,0.0,0.28139713406562805
Hum_XLOC_001029,THP1,0.0,0.4714744985103607
Hum_XLOC_001066,THP1,0.0,0.37030526995658875
Hum_XLOC_001120,THP1,0.0,0.4346964955329895
Hum_XLOC_001121,THP1,0.0,0.3816905915737152
Hum_XLOC_001122,THP1,0.0,0.5710290670394897
Hum_XLOC_001125,THP1,0.0,0.5707898736000061
Hum_XLOC_001132,THP1,0.0,0.49932315945625305
Hum_XLOC_001138,THP1,0.0,0.38727867603302
Hum_XLOC_001144,THP1,0.0,0.39519476890563965
Hum_XLOC_001146,THP1,0.0,0.372313916683197
Hum_XLOC_001188,THP1,1.0,0.3431258201599121
Hum_XLOC_001191,THP1,0.0,0.35403183102607727
Hum_XLOC_001192,THP1,0.0,0.4308573305606842
Hum_XLOC_001217,THP1,0.0,0.3188461661338806
Hum_XLOC_001222,THP1,0.0,0.29531916975975037
Hum_XLOC_001228,THP1,0.0,0.42181482911109924
Hum_XLOC_001230,THP1,0.0,0.33395445346832275
Hum_XLOC_001237,THP1,0.0,0.42484501004219055
Hum_XLOC_001243,THP1,0.0,0.4545764923095703
Hum_XLOC_001275,THP1,0.0,0.3665342330932617
Hum_XLOC_001279,THP1,0.0,0.374822735786438
Hum_XLOC_001291,THP1,0.0,0.4967159330844879
Hum_XLOC_001296,THP1,0.0,0.4843800365924835
Hum_XLOC_001297,THP1,0.0,0.5015455484390259
Hum_XLOC_001309,THP1,0.0,0.4556886851787567
Hum_XLOC_001329,THP1,0.0,0.2821013927459717
Hum_XLOC_001330,THP1,0.0,0.3463265895843506
Hum_XLOC_001355,THP1,0.0,0.39924392104148865
Hum_XLOC_001366,THP1,0.0,0.32399803400039673
Hum_XLOC_001367,THP1,0.0,0.4119558036327362
Hum_XLOC_001375,THP1,0.0,0.36402449011802673
Hum_XLOC_001390,THP1,0.0,0.28643736243247986
Hum_XLOC_001405,THP1,0.0,0.4749583601951599
Hum_XLOC_001461,THP1,0.0,0.43404150009155273
Hum_XLOC_001465,THP1,0.0,0.3930796682834625
Hum_XLOC_001488,THP1,0.0,0.4348800480365753
Hum_XLOC_001490,THP1,0.0,0.39524969458580017
Hum_XLOC_001509,THP1,1.0,0.39068347215652466
Hum_XLOC_001516,THP1,0.0,0.41528865694999695
Hum_XLOC_001532,THP1,0.0,0.4053385555744171
Hum_XLOC_001539,THP1,0.0,0.3045676052570343
Hum_XLOC_001541,THP1,0.0,0.5132983922958374
Hum_XLOC_001542,THP1,0.0,0.4474807381629944
Hum_XLOC_001548,THP1,0.0,0.4103328585624695
Hum_XLOC_001559,THP1,0.0,0.3395874798297882
Hum_XLOC_001565,THP1,0.0,0.44443511962890625
Hum_XLOC_001566,THP1,0.0,0.4975372850894928
Hum_XLOC_001575,THP1,0.0,0.5070456266403198
Hum_XLOC_001580,THP1,0.0,0.34312963485717773
Hum_XLOC_001590,THP1,0.0,0.44067785143852234
Hum_XLOC_001615,THP1,1.0,0.4677879214286804
Hum_XLOC_001624,THP1,0.0,0.4976823925971985
Hum_XLOC_001639,THP1,0.0,0.39632803201675415
Hum_XLOC_001661,THP1,0.0,0.31450051069259644
Hum_XLOC_001666,THP1,0.0,0.23864254355430603
Hum_XLOC_001668,THP1,0.0,0.3270314633846283
Hum_XLOC_001688,THP1,0.0,0.4024747908115387
Hum_XLOC_001689,THP1,0.0,0.3524288237094879
Hum_XLOC_001695,THP1,0.0,0.5147365927696228
Hum_XLOC_001696,THP1,0.0,0.4413549602031708
Hum_XLOC_001698,THP1,0.0,0.3830764591693878
Hum_XLOC_001707,THP1,0.0,0.44339069724082947
Hum_XLOC_001760,THP1,0.0,0.372211754322052
Hum_XLOC_001761,THP1,0.0,0.4886205196380615
Hum_XLOC_001773,THP1,0.0,0.5422722101211548
Hum_XLOC_001775,THP1,0.0,0.43601328134536743
Hum_XLOC_001779,THP1,0.0,0.3761742115020752
Hum_XLOC_001783,THP1,0.0,0.38069283962249756
Hum_XLOC_001791,THP1,0.0,0.4464847445487976
Hum_XLOC_001805,THP1,0.0,0.3999277651309967
Hum_XLOC_001809,THP1,0.0,0.23824168741703033
Hum_XLOC_001848,THP1,0.0,0.3547229766845703
Hum_XLOC_001919,THP1,0.0,0.33018019795417786
Hum_XLOC_001941,THP1,0.0,0.3346877992153168
Hum_XLOC_001942,THP1,0.0,0.3412558436393738
Hum_XLOC_001949,THP1,0.0,0.2396101951599121
Hum_XLOC_001950,THP1,0.0,0.506072461605072
Hum_XLOC_001953,THP1,0.0,0.32120785117149353
Hum_XLOC_001957,THP1,0.0,0.388311505317688
Hum_XLOC_001961,THP1,1.0,0.33841583132743835
Hum_XLOC_001969,THP1,0.0,0.36469796299934387
Hum_XLOC_002024,THP1,0.0,0.4043382406234741
Hum_XLOC_002028,THP1,0.0,0.27406150102615356
Hum_XLOC_002033,THP1,0.0,0.41904956102371216
Hum_XLOC_002036,THP1,0.0,0.4227425754070282
Hum_XLOC_002037,THP1,0.0,0.3955603837966919
Hum_XLOC_002041,THP1,0.0,0.3073641359806061
Hum_XLOC_002059,THP1,0.0,0.4466959238052368
Hum_XLOC_002061,THP1,0.0,0.33062413334846497
Hum_XLOC_002068,THP1,0.0,0.2633308172225952
Hum_XLOC_002081,THP1,0.0,0.48077014088630676
Hum_XLOC_002093,THP1,0.0,0.512996256351471
Hum_XLOC_002099,THP1,0.0,0.3707829415798187
Hum_XLOC_002144,THP1,0.0,0.4488391876220703
Hum_XLOC_002150,THP1,0.0,0.32780247926712036
Hum_XLOC_002152,THP1,0.0,0.3975331485271454
Hum_XLOC_002154,THP1,0.0,0.370042622089386
Hum_XLOC_002169,THP1,1.0,0.4029209613800049
Hum_XLOC_002170,THP1,0.0,0.35610541701316833
Hum_XLOC_002176,THP1,0.0,0.44462209939956665
Hum_XLOC_002178,THP1,0.0,0.32036226987838745
Hum_XLOC_002186,THP1,0.0,0.40313318371772766
Hum_XLOC_002204,THP1,0.0,0.42304152250289917
Hum_XLOC_002205,THP1,0.0,0.3579019010066986
Hum_XLOC_002219,THP1,0.0,0.4253194034099579
Hum_XLOC_002244,THP1,0.0,0.35519006848335266
Hum_XLOC_002252,THP1,0.0,0.41015514731407166
Hum_XLOC_002261,THP1,0.0,0.35264885425567627
Hum_XLOC_002262,THP1,0.0,0.2449650913476944
Hum_XLOC_002265,THP1,0.0,0.4440161883831024
Hum_XLOC_002271,THP1,0.0,0.4411209225654602
Hum_XLOC_002280,THP1,0.0,0.4297291934490204
Hum_XLOC_002282,THP1,0.0,0.3294559419155121
Hum_XLOC_002283,THP1,0.0,0.3225264549255371
Hum_XLOC_002284,THP1,0.0,0.4332728981971741
Hum_XLOC_002294,THP1,0.0,0.46919530630111694
Hum_XLOC_002296,THP1,0.0,0.3860587179660797
Hum_XLOC_002299,THP1,0.0,0.4459034204483032
Hum_XLOC_002301,THP1,0.0,0.5105728507041931
Hum_XLOC_002306,THP1,0.0,0.3955833613872528
Hum_XLOC_002311,THP1,0.0,0.47368672490119934
Hum_XLOC_002313,THP1,0.0,0.43618032336235046
Hum_XLOC_002314,THP1,0.0,0.5338721871376038
Hum_XLOC_002327,THP1,0.0,0.49061694741249084
Hum_XLOC_002330,THP1,0.0,0.35571277141571045
Hum_XLOC_002338,THP1,0.0,0.4707043766975403
Hum_XLOC_002344,THP1,0.0,0.4625537693500519
Hum_XLOC_002347,THP1,0.0,0.24736656248569489
Hum_XLOC_002348,THP1,0.0,0.33410024642944336
Hum_XLOC_002362,THP1,0.0,0.341909259557724
Hum_XLOC_002364,THP1,0.0,0.29743003845214844
Hum_XLOC_002383,THP1,0.0,0.30085915327072144
Hum_XLOC_002386,THP1,0.0,0.3863522708415985
Hum_XLOC_002390,THP1,0.0,0.5097326040267944
Hum_XLOC_002394,THP1,0.0,0.394843190908432
Hum_XLOC_002398,THP1,0.0,0.3245823383331299
Hum_XLOC_002399,THP1,0.0,0.3109036684036255
Hum_XLOC_002408,THP1,0.0,0.312571257352829
Hum_XLOC_002414,THP1,0.0,0.41895154118537903
Hum_XLOC_002418,THP1,0.0,0.4016798138618469
Hum_XLOC_002435,THP1,0.0,0.2732240557670593
Hum_XLOC_002440,THP1,0.0,0.48840096592903137
Hum_XLOC_002489,THP1,0.0,0.4050123691558838
Hum_XLOC_002490,THP1,0.0,0.2555895745754242
Hum_XLOC_002493,THP1,0.0,0.363604336977005
Hum_XLOC_002520,THP1,0.0,0.4696561396121979
Hum_XLOC_002524,THP1,0.0,0.39792245626449585
Hum_XLOC_002546,THP1,0.0,0.45540305972099304
Hum_XLOC_002560,THP1,0.0,0.42697975039482117
Hum_XLOC_002570,THP1,0.0,0.41031914949417114
Hum_XLOC_002577,THP1,0.0,0.5496070384979248
Hum_XLOC_002579,THP1,0.0,0.3243696391582489
Hum_XLOC_002586,THP1,0.0,0.24277234077453613
Hum_XLOC_002589,THP1,0.0,0.4247787892818451
Hum_XLOC_002629,THP1,0.0,0.4099743366241455
Hum_XLOC_002631,THP1,0.0,0.37191933393478394
Hum_XLOC_002635,THP1,0.0,0.3770739734172821
Hum_XLOC_002644,THP1,0.0,0.41707906126976013
Hum_XLOC_002646,THP1,0.0,0.37028512358665466
Hum_XLOC_002653,THP1,0.0,0.36080434918403625
Hum_XLOC_002681,THP1,0.0,0.40844371914863586
Hum_XLOC_002695,THP1,0.0,0.39737287163734436
Hum_XLOC_002702,THP1,0.0,0.261589378118515
Hum_XLOC_002705,THP1,0.0,0.3777698576450348
Hum_XLOC_002711,THP1,0.0,0.4720414876937866
Hum_XLOC_002714,THP1,0.0,0.44484639167785645
Hum_XLOC_002717,THP1,0.0,0.4781719148159027
Hum_XLOC_002725,THP1,0.0,0.47945424914360046
Hum_XLOC_002741,THP1,0.0,0.44504138827323914
Hum_XLOC_002742,THP1,0.0,0.38284316658973694
Hum_XLOC_002744,THP1,0.0,0.3170592784881592
Hum_XLOC_002760,THP1,0.0,0.5133476257324219
Hum_XLOC_002788,THP1,0.0,0.40585756301879883
Hum_XLOC_002792,THP1,0.0,0.4874691069126129
Hum_XLOC_002796,THP1,0.0,0.47553765773773193
Hum_XLOC_002817,THP1,0.0,0.3589708209037781
Hum_XLOC_002836,THP1,1.0,0.5546547174453735
Hum_XLOC_002844,THP1,0.0,0.4332205057144165
Hum_XLOC_002845,THP1,0.0,0.5006934404373169
Hum_XLOC_002859,THP1,0.0,0.41676560044288635
Hum_XLOC_002889,THP1,0.0,0.37751156091690063
Hum_XLOC_002911,THP1,0.0,0.36532965302467346
Hum_XLOC_002935,THP1,1.0,0.5158789157867432
Hum_XLOC_002937,THP1,0.0,0.4361960291862488
Hum_XLOC_002967,THP1,0.0,0.25623127818107605
Hum_XLOC_002983,THP1,0.0,0.4231869578361511
Hum_XLOC_002986,THP1,0.0,0.5008161067962646
Hum_XLOC_002990,THP1,0.0,0.518217146396637
Hum_XLOC_003039,THP1,0.0,0.41745641827583313
Hum_XLOC_003061,THP1,0.0,0.5310808420181274
Hum_XLOC_003086,THP1,1.0,0.4447392523288727
Hum_XLOC_003099,THP1,0.0,0.3159119188785553
Hum_XLOC_003109,THP1,1.0,0.4134165048599243
Hum_XLOC_003128,THP1,0.0,0.5228395462036133
Hum_XLOC_003134,THP1,0.0,0.4557221531867981
Hum_XLOC_003137,THP1,0.0,0.39121517539024353
Hum_XLOC_003154,THP1,0.0,0.4459027945995331
Hum_XLOC_003155,THP1,0.0,0.48776698112487793
Hum_XLOC_003171,THP1,0.0,0.3347141146659851
Hum_XLOC_003209,THP1,0.0,0.356035977602005
Hum_XLOC_003215,THP1,0.0,0.5112607479095459
Hum_XLOC_003221,THP1,0.0,0.2864993214607239
Hum_XLOC_003232,THP1,0.0,0.4400497078895569
Hum_XLOC_003268,THP1,0.0,0.39000120759010315
Hum_XLOC_003269,THP1,0.0,0.46532729268074036
Hum_XLOC_003286,THP1,0.0,0.5352169275283813
Hum_XLOC_003290,THP1,0.0,0.3035232126712799
Hum_XLOC_003294,THP1,0.0,0.36000025272369385
Hum_XLOC_003321,THP1,0.0,0.5168676972389221
Hum_XLOC_003324,THP1,0.0,0.38431310653686523
Hum_XLOC_003334,THP1,0.0,0.3812318742275238
Hum_XLOC_003337,THP1,0.0,0.32617634534835815
Hum_XLOC_003338,THP1,0.0,0.36086609959602356
Hum_XLOC_003352,THP1,0.0,0.410186767578125
Hum_XLOC_003357,THP1,0.0,0.3785933554172516
Hum_XLOC_003361,THP1,0.0,0.4371243715286255
Hum_XLOC_003371,THP1,0.0,0.2565523386001587
Hum_XLOC_003381,THP1,0.0,0.209877148270607
Hum_XLOC_003408,THP1,0.0,0.2903212904930115
Hum_XLOC_003436,THP1,0.0,0.28067800402641296
Hum_XLOC_003440,THP1,0.0,0.30636337399482727
Hum_XLOC_003450,THP1,0.0,0.41574037075042725
Hum_XLOC_003466,THP1,0.0,0.44220632314682007
Hum_XLOC_003488,THP1,0.0,0.34578272700309753
Hum_XLOC_003491,THP1,0.0,0.266488254070282
Hum_XLOC_003497,THP1,0.0,0.3349717855453491
Hum_XLOC_003498,THP1,0.0,0.42568448185920715
Hum_XLOC_003502,THP1,0.0,0.4941924810409546
Hum_XLOC_003518,THP1,0.0,0.42327213287353516
Hum_XLOC_003532,THP1,0.0,0.40003663301467896
Hum_XLOC_003543,THP1,0.0,0.2425629198551178
Hum_XLOC_003554,THP1,1.0,0.40447744727134705
Hum_XLOC_003563,THP1,0.0,0.3924967348575592
Hum_XLOC_003567,THP1,0.0,0.4221463203430176
Hum_XLOC_003568,THP1,0.0,0.3894188404083252
Hum_XLOC_003570,THP1,0.0,0.2777073383331299
Hum_XLOC_003571,THP1,0.0,0.38620299100875854
Hum_XLOC_003593,THP1,0.0,0.3724447786808014
Hum_XLOC_003594,THP1,0.0,0.4580482542514801
Hum_XLOC_003598,THP1,0.0,0.24784718453884125
Hum_XLOC_003626,THP1,0.0,0.28880539536476135
Hum_XLOC_003628,THP1,1.0,0.3172179162502289
Hum_XLOC_003630,THP1,0.0,0.4103100299835205
Hum_XLOC_003641,THP1,0.0,0.5173979997634888
Hum_XLOC_003662,THP1,0.0,0.4401688277721405
Hum_XLOC_003665,THP1,0.0,0.45225054025650024
Hum_XLOC_003672,THP1,0.0,0.4632100462913513
Hum_XLOC_003673,THP1,0.0,0.32133612036705017
Hum_XLOC_003674,THP1,0.0,0.501408040523529
Hum_XLOC_003676,THP1,0.0,0.4566078186035156
Hum_XLOC_003686,THP1,0.0,0.39897069334983826
Hum_XLOC_003697,THP1,0.0,0.28769171237945557
Hum_XLOC_003717,THP1,0.0,0.37678903341293335
Hum_XLOC_003725,THP1,0.0,0.43613478541374207
Hum_XLOC_003743,THP1,0.0,0.35776805877685547
Hum_XLOC_003754,THP1,0.0,0.4413078725337982
Hum_XLOC_003766,THP1,0.0,0.46676573157310486
Hum_XLOC_003775,THP1,0.0,0.4661402702331543
Hum_XLOC_003790,THP1,0.0,0.3560055196285248
Hum_XLOC_003799,THP1,0.0,0.3043484687805176
Hum_XLOC_003853,THP1,0.0,0.31221720576286316
Hum_XLOC_003865,THP1,0.0,0.44593313336372375
Hum_XLOC_003871,THP1,0.0,0.47060123085975647
Hum_XLOC_003891,THP1,0.0,0.5023565292358398
Hum_XLOC_003892,THP1,1.0,0.3774057626724243
Hum_XLOC_003910,THP1,0.0,0.5181282162666321
Hum_XLOC_003911,THP1,0.0,0.4733694791793823
Hum_XLOC_003952,THP1,0.0,0.45215123891830444
Hum_XLOC_003971,THP1,0.0,0.3885194659233093
Hum_XLOC_003988,THP1,0.0,0.3272893726825714
Hum_XLOC_004020,THP1,0.0,0.4027988314628601
Hum_XLOC_004035,THP1,0.0,0.5270493626594543
Hum_XLOC_004036,THP1,0.0,0.43101048469543457
Hum_XLOC_004048,THP1,0.0,0.3658671975135803
Hum_XLOC_004068,THP1,0.0,0.34926533699035645
Hum_XLOC_004069,THP1,0.0,0.27623456716537476
Hum_XLOC_004095,THP1,0.0,0.4858478307723999
Hum_XLOC_004096,THP1,0.0,0.507557213306427
Hum_XLOC_004116,THP1,0.0,0.536940336227417
Hum_XLOC_004123,THP1,0.0,0.29877036809921265
Hum_XLOC_004134,THP1,0.0,0.30703866481781006
Hum_XLOC_004161,THP1,0.0,0.38249289989471436
Hum_XLOC_004168,THP1,0.0,0.4013696610927582
Hum_XLOC_004169,THP1,0.0,0.4046120047569275
Hum_XLOC_004177,THP1,0.0,0.4002591371536255
Hum_XLOC_004200,THP1,0.0,0.3422173261642456
Hum_XLOC_004201,THP1,0.0,0.3936135172843933
Hum_XLOC_004219,THP1,0.0,0.37128978967666626
Hum_XLOC_004226,THP1,0.0,0.32047927379608154
Hum_XLOC_004227,THP1,0.0,0.3402927815914154
Hum_XLOC_004236,THP1,0.0,0.31512823700904846
Hum_XLOC_004254,THP1,1.0,0.5502052903175354
Hum_XLOC_004255,THP1,0.0,0.5121340155601501
Hum_XLOC_004262,THP1,1.0,0.4611312448978424
Hum_XLOC_004269,THP1,0.0,0.40093979239463806
Hum_XLOC_004277,THP1,0.0,0.42981040477752686
Hum_XLOC_004278,THP1,0.0,0.3731949031352997
Hum_XLOC_004282,THP1,0.0,0.3974786400794983
Hum_XLOC_004287,THP1,0.0,0.44710302352905273
Hum_XLOC_004293,THP1,0.0,0.4068698287010193
Hum_XLOC_004302,THP1,0.0,0.5357242226600647
Hum_XLOC_004303,THP1,0.0,0.2926923334598541
Hum_XLOC_004306,THP1,0.0,0.30776339769363403
Hum_XLOC_004309,THP1,0.0,0.4275127947330475
Hum_XLOC_004314,THP1,0.0,0.45080575346946716
Hum_XLOC_004317,THP1,0.0,0.37199145555496216
Hum_XLOC_004336,THP1,1.0,0.42567625641822815
Hum_XLOC_004343,THP1,0.0,0.4468763768672943
Hum_XLOC_004350,THP1,0.0,0.3972501754760742
Hum_XLOC_004361,THP1,0.0,0.36817535758018494
Hum_XLOC_004363,THP1,0.0,0.370340496301651
Hum_XLOC_004401,THP1,0.0,0.3039122223854065
Hum_XLOC_004405,THP1,0.0,0.3001563549041748
Hum_XLOC_004407,THP1,0.0,0.3184995949268341
Hum_XLOC_004424,THP1,0.0,0.45804014801979065
Hum_XLOC_004437,THP1,0.0,0.3378939926624298
Hum_XLOC_004446,THP1,0.0,0.5007967948913574
Hum_XLOC_004457,THP1,0.0,0.44081541895866394
Hum_XLOC_004482,THP1,0.0,0.48419642448425293
Hum_XLOC_004502,THP1,0.0,0.3814530074596405
Hum_XLOC_004515,THP1,0.0,0.3864181637763977
Hum_XLOC_004529,THP1,0.0,0.4168153703212738
Hum_XLOC_004535,THP1,0.0,0.36748620867729187
Hum_XLOC_004553,THP1,0.0,0.5318151116371155
Hum_XLOC_004566,THP1,0.0,0.29200899600982666
Hum_XLOC_004567,THP1,0.0,0.3821547329425812
Hum_XLOC_004572,THP1,1.0,0.4931008517742157
Hum_XLOC_004578,THP1,0.0,0.41961175203323364
Hum_XLOC_004580,THP1,0.0,0.4344545006752014
Hum_XLOC_004581,THP1,0.0,0.41557997465133667
Hum_XLOC_004587,THP1,0.0,0.5331439971923828
Hum_XLOC_004600,THP1,0.0,0.566956102848053
Hum_XLOC_004601,THP1,0.0,0.3798564374446869
Hum_XLOC_004607,THP1,0.0,0.45329007506370544
Hum_XLOC_004617,THP1,0.0,0.3353048264980316
Hum_XLOC_004619,THP1,0.0,0.3664844334125519
Hum_XLOC_004620,THP1,0.0,0.48852109909057617
Hum_XLOC_004632,THP1,0.0,0.45884254574775696
Hum_XLOC_004636,THP1,0.0,0.474008709192276
Hum_XLOC_004652,THP1,0.0,0.3359050452709198
Hum_XLOC_004653,THP1,0.0,0.4021398425102234
Hum_XLOC_004657,THP1,0.0,0.4275749623775482
Hum_XLOC_004661,THP1,0.0,0.4368143379688263
Hum_XLOC_004683,THP1,0.0,0.2931009829044342
Hum_XLOC_004684,THP1,0.0,0.45981189608573914
Hum_XLOC_004688,THP1,0.0,0.3426162898540497
Hum_XLOC_004689,THP1,0.0,0.39230403304100037
Hum_XLOC_004705,THP1,0.0,0.406467080116272
Hum_XLOC_004717,THP1,0.0,0.5246810913085938
Hum_XLOC_004718,THP1,0.0,0.3801259696483612
Hum_XLOC_004733,THP1,0.0,0.5594944953918457
Hum_XLOC_004741,THP1,0.0,0.21791736781597137
Hum_XLOC_004762,THP1,0.0,0.473548948764801
Hum_XLOC_004771,THP1,0.0,0.34248286485671997
Hum_XLOC_004777,THP1,0.0,0.350207656621933
Hum_XLOC_004788,THP1,0.0,0.43849965929985046
Hum_XLOC_004791,THP1,0.0,0.30394041538238525
Hum_XLOC_004795,THP1,0.0,0.36083948612213135
Hum_XLOC_004803,THP1,0.0,0.4565665125846863
Hum_XLOC_004805,THP1,0.0,0.33206725120544434
Hum_XLOC_004813,THP1,0.0,0.39980462193489075
Hum_XLOC_004815,THP1,0.0,0.37570640444755554
Hum_XLOC_004822,THP1,0.0,0.3824117183685303
Hum_XLOC_004823,THP1,0.0,0.3486548066139221
Hum_XLOC_004827,THP1,0.0,0.27423930168151855
Hum_XLOC_004837,THP1,0.0,0.4186960458755493
Hum_XLOC_004839,THP1,0.0,0.4572267234325409
Hum_XLOC_004855,THP1,0.0,0.35522204637527466
Hum_XLOC_004874,THP1,0.0,0.31162604689598083
Hum_XLOC_004875,THP1,0.0,0.39631736278533936
Hum_XLOC_004878,THP1,0.0,0.4382162392139435
Hum_XLOC_004884,THP1,0.0,0.4147089719772339
Hum_XLOC_004911,THP1,0.0,0.4979526400566101
Hum_XLOC_004915,THP1,1.0,0.460210919380188
Hum_XLOC_004927,THP1,0.0,0.4006367027759552
Hum_XLOC_004929,THP1,0.0,0.4162532091140747
Hum_XLOC_004936,THP1,0.0,0.3396441638469696
Hum_XLOC_004957,THP1,0.0,0.27096912264823914
Hum_XLOC_004960,THP1,0.0,0.3633244037628174
Hum_XLOC_004965,THP1,0.0,0.33625298738479614
